date,Green_Algae,Cyanobacteria,Diatoms,Cryptophyta,pH,Turbidity,WT,precipitation,DIN,DIP,TN,TP,NPR,Algae_Sum,log_Green_Algae,log_Cyanobacteria,log_Diatoms,log_Cryptophyta,log_Algae_Sum,log_Turbidity,log_DIP,log_TP,log_precipitation,log_NPR
2020-09-28,3.191853729,2.996582187,1.251955105,0.192404055,7.351993483,74.24243881,25.94884866,0.1,1.858,0.022,2.062,0.027,84.4545454545455,7.632795076,1.4331430535187486,1.3854395426166364,0.8117987744659383,0.17597148352045855,2.155568331684498,4.320715417650206,0.02176149178151269,0.026641930946421175,0.09531017980432487,4.44798460246568
2020-09-29,3.083041274,2.927096307,1.280601014,0.132679218,7.357042723,74.24243881,26.007958,0.1,1.851,0.039,1.952,0.046,47.4615384615385,7.423417813,1.4068421210299167,1.3679002996139749,0.824439010860859,0.12458581574448382,2.1310156619258636,4.320715417650206,0.038258712117090345,0.044973365642731154,0.09531017980432487,3.8807704619240426
2020-09-30,3.234811594,2.813152174,1.222637681,0.226318841,7.399246377,65.65111594,25.44127536,10.5,1.831,0.033,1.992,0.039,55.4848484848485,7.49692029,1.443338839274971,1.3384561893368756,0.7986946351935924,0.20401686977121714,2.1397037790194178,4.199471789770372,0.032467190137501496,0.038258712117090345,2.4423470353692043,4.033972433779057
2020-10-01,3.67076756,2.475213613,1.445756698,0.317212165,7.407875453,57.33435844,26.04386676,10.3888888888889,1.76,0.029,1.835,0.036,60.6896551724138,7.908950036,1.5413234179182638,1.245655948494375,0.8943545629798838,0.2755175069769697,2.1870563934614715,4.066191258358139,0.028587456851912555,0.03536714383729131,2.4326382212422444,4.122116253522245
2020-10-02,3.342983345,2.086212889,1.167986966,0.150347574,7.411314989,47.00995076,25.93287473,10.2777777777778,1.848,0.032,1.969,0.034,57.75,6.747530774,1.4685615186385852,1.1269447369796015,0.7737990715667077,0.14006413497124598,2.0473741827919163,3.8714082969226604,0.03149866705937099,0.03343477608623739,2.4228342211456244,4.073291153024268
2020-10-03,6.374833333,2.096050725,1.33673913,0.975623188,7.62667971,43.58056014,26.50378986,10.1666666666667,1.83,0.03,2.033,0.038,61.0,10.783246376,1.99807330305527,1.1301273396371914,0.8487564233098134,0.6808838868092163,2.466678723958416,3.7972978927060628,0.0295588022415444,0.037295784743696894,2.412933150162914,4.127134385045092
2020-10-04,8.112635771,2.169913106,1.181542361,1.442280956,7.701812455,44.03330992,26.78707458,10.0555555555556,1.795,0.03,2.106,0.037,59.8333333333333,12.906372194,2.20966199664765,1.1537041761570244,0.780032131683162,0.8929324206676371,2.632347166312178,3.8074024363867314,0.0295588022415444,0.03633192924739028,2.4029330668283317,4.108137884354436
2020-10-05,8.920622287,2.309167873,1.213089725,3.21260492,7.656107815,43.10355789,26.42971056,9.94444444444444,1.664,0.024,1.875,0.035,69.3333333333333,15.655484805,2.294615649873658,1.1966967598980296,0.7943896047567215,1.4380812021932363,2.812739579898067,3.7865404569763013,0.023716526617316044,0.0344014267173324,2.3928319708418235,4.253245844807957
2020-10-06,9.889775687,2.059645441,1.391729378,2.961729378,7.697096237,42.38011433,26.59562952,9.83333333333333,1.606,0.013,1.722,0.03,123.538461538462,16.302879884000003,2.3878243386611007,1.118299040296715,0.8720166934003674,1.3766806415517865,2.8508729549328296,3.77000114094159,0.012916225266546327,0.0295588022415444,2.382627800667582,4.824614596216102
2020-10-07,8.426751085,1.91841534,1.031063676,3.327785818,7.672941389,42.09704559,26.23698263,9.72222222222222,1.655,0.028,1.794,0.038,59.1071428571429,14.704015919,2.243551507588905,1.0710407771888855,0.708559634150111,1.4650560527965273,2.7539164706644255,3.7634544469643707,0.027615167032973367,0.037295784743696894,2.3723184310087206,4.096128684015603
2020-10-08,5.952836469,2.334052098,1.501490593,1.201447178,7.634350217,43.87165051,26.2432055,9.61111111111111,1.658,0.027,1.862,0.053,61.4074074074074,10.989826338,1.9391497013523025,1.2041884104812584,0.916886791395378,0.78911495228512,2.4840584850312775,3.803806203577024,0.026641930946421175,0.05164323315183845,2.361901670150465,4.133683976782133
2020-10-09,7.055629522,2.118994211,1.659703329,2.140513748,7.754741679,35.42506223,26.19232996,9.5,1.628,0.013,1.89,0.058,125.230769230769,12.97484081,2.086371166523634,1.1375105815803401,0.9782145861224967,1.144386400549588,2.6372586279208283,3.5952570605218135,0.012916225266546327,0.05638033343610764,2.3513752571634776,4.838111733628552
2020-10-10,6.500238784,2.170101302,2.278813314,2.29133864,7.751918234,38.29227135,26.05518813,9.38888888888889,1.638,0.022,1.78,0.036,74.4545454545455,13.24049204,2.0149348579021176,1.1537635438454692,1.1874815624204327,1.191294363482433,2.6560894587576622,3.671027841774728,0.02176149178151269,0.03536714383729131,2.340736858958422,4.3235304279922735
2020-10-11,10.1267777,1.847813179,2.625916003,5.460782042,7.897879797,34.68736857,26.24550326,9.27777777777778,1.772,0.031,1.814,0.039,57.1612903225806,20.061288924000003,2.409354608545148,1.046551394136899,1.288106946868534,1.865750369600572,3.047436707302171,3.5747968046073457,0.03052920503482287,0.038258712117090345,2.3299840671821603,4.06322001871817
2020-10-12,7.910955829,2.024547429,3.520260681,4.425416365,7.854103548,28.58590297,26.38921072,9.16666666666667,1.741,0.023,1.955,0.044,75.695652173913,17.881180304,2.1872815117111037,1.1067614700421413,1.5085696649687392,1.6910946457902016,2.9381656748649996,3.3872979968729675,0.022739486969489426,0.04305948946044697,2.3191143949452564,4.339845020637586
2020-10-13,4.818573497,2.196951484,3.238175235,1.607422158,7.81843302,20.03160174,26.15174511,9.05555555555556,1.666,0.023,2.088,0.043,72.4347826086957,11.861122374,1.7610551280923006,1.1621976944855459,1.4441328075047308,0.9583620543311658,2.554208991361922,3.0460261513411044,0.022739486969489426,0.042101176018635396,2.3081252733696616,4.296397700878651
2020-10-14,4.650311369,2.502150615,3.557516293,0.784475018,7.84339609,24.13004924,26.45732078,8.94444444444444,1.718,0.025,1.875,0.041,68.72,11.494453295000001,1.7317106531973958,1.2533772412198128,1.5167778025505771,0.5791242644104659,2.5252848094281255,3.2240643109646436,0.0246926125903715,0.04018178963283184,2.29701404794459,4.24448722065182
2020-10-15,8.703830558,3.12249819,4.457675597,4.289348298,7.898809558,29.91436278,26.1188559,8.83333333333333,1.749,0.026,1.914,0.039,67.2692307692308,20.573352643,2.272520710442312,1.4164593363975484,1.6970229842793623,1.665695043196004,3.0714588791528015,3.431220890797455,0.025667746748577788,0.038258712117090345,2.2857779746776643,4.223459163888035
2020-10-16,11.5841113,1.967084718,3.761325127,4.399927589,8.059872093,25.89763123,26.1848505,8.72222222222222,1.683,0.016,1.848,0.036,105.1875,21.712448734000002,2.53243501028139,1.0875798943220074,1.5605260175257827,1.6863855440358768,3.122913176548581,3.2920382243661157,0.01587334915629015,0.03536714383729131,2.274414216027349,4.665206399432151
2020-10-17,7.195539464,1.683540912,3.064974656,4.510506879,7.783194062,30.82934033,26.08561188,8.61111111111111,1.672,0.019,1.799,0.033,88.0,16.454561911000003,2.1035900384611677,0.987137158279664,1.4024075082939915,1.7066566114927508,2.859601042046675,3.4603885162913044,0.018821754240587758,0.032467190137501496,2.2629198366016143,4.48863636973214
2020-10-18,3.303736423,2.149427951,1.676994931,1.075199131,7.558518465,32.39226358,26.064895,8.5,1.674,0.022,1.823,0.035,76.0909090909091,8.205358436000001,1.4594835809749438,1.1472208334886032,0.9846948709988806,0.7300571158251359,2.219785753199062,3.5083242438111184,0.02176149178151269,0.0344014267173324,2.2512917986064953,4.344985362993532
2020-10-19,4.809486252,2.160180897,2.095130246,2.52459479,7.532486975,36.99913169,25.86449349,8.38888888888889,1.653,0.015,1.829,0.035,110.2,11.589392185,1.7594921421692644,1.1506292718464135,1.1298299879651619,1.259765476465118,2.532854569289584,3.6375633092021564,0.014888612493750654,0.0344014267173324,2.239526957026909,4.711330381816482
2020-10-20,7.047409551,2.180108538,2.582583213,3.625470333,7.658769175,36.92921418,25.91570912,8.27777777777778,1.685,0.025,1.788,0.035,67.4,15.435571634999999,2.085350244736549,1.1569153276561617,1.276084108084766,1.5315780594155644,2.799447988075054,3.6357216378484405,0.0246926125903715,0.0344014267173324,2.2276220545205905,4.225372824628505
2020-10-21,5.684442836,2.672749638,2.441787265,1.905832127,7.645372648,34.00102967,25.6489725,8.16666666666667,1.629,0.015,1.813,0.032,108.6,12.704811866,1.899782861680336,1.300940601704648,1.2359908902430425,1.0667197957575174,2.617747002261768,3.555377480199536,0.014888612493750654,0.03149866705937099,2.215573716004416,4.696837374513915
2020-10-22,5.709088278,2.216085384,2.833560058,2.40024602,7.692712735,34.63850072,25.55505065,8.05555555555556,1.72,0.02,1.887,0.03,86.0,13.15897974,1.9034630666399577,1.1681649007155253,1.3437938905172822,1.2238477878278717,2.650349033409798,3.573426534377686,0.019802627296179712,0.0295588022415444,2.2033784429105983,4.465908118654584
2020-10-23,3.719855177,1.710412744,2.014134685,1.488544533,7.633267198,32.52780811,25.20605358,7.94444444444444,1.627,0.017,1.754,0.035,95.7058823529412,8.932947139000001,1.5517781162877529,0.9971009273535645,1.1033127856690654,0.9116980146757382,2.295857225463295,3.5123751873303246,0.016857117066422903,0.0344014267173324,2.1910326070882977,4.57167423155991
2020-10-24,3.581997106,1.59406657,2.228154848,1.177662808,7.633541245,29.39913242,24.93535456,7.83333333333333,1.638,0.02,1.857,0.029,81.9,8.581881332,1.5221349524291838,0.9532267486335811,1.1719107195173892,0.7782521952617946,2.259873953913359,3.4144140691891467,0.019802627296179712,0.028587456851912555,2.1785324443240666,4.417635062141249
2020-10-25,3.20841534,1.49077424,1.585188133,0.905166425,7.610120839,28.82764544,24.86968886,7.72222222222222,1.544,0.01,1.751,0.03,154.4,7.1895441380000005,1.4370861730361233,0.912593601903904,0.9497982840355539,0.6445693669675335,2.102858235509997,3.3954356627931443,0.009950330853168083,0.0295588022415444,2.165874047452143,5.046002437933547
2020-10-26,4.331716148,1.585930485,1.8335916,1.392483707,7.751530775,27.58832368,24.64132513,7.61111111111111,1.639,0.018,1.667,0.025,91.0555555555556,9.14372194,1.67367316534051,0.9500853987045215,1.0415450236151607,0.8723320342904359,2.3168549860415717,3.3529983715267413,0.017839918128331,0.0246926125903715,2.153053359023082,4.522392259530399
2020-10-27,4.88025,2.397991379,1.516793103,1.442568966,7.683626724,27.29366379,24.26185345,7.5,1.641,0.016,1.784,0.025,102.5625,10.237603448,1.771599278013516,1.2231844861658863,0.9229855129335061,0.8930503403601283,2.4192656053615966,3.3426378852348213,0.01587334915629015,0.0246926125903715,2.1400661634962708,4.640175295186782
2020-10-28,8.170506512,2.785,1.632843705,2.931903039,7.890882779,31.16637192,24.48526773,7.38888888888889,1.69,0.014,1.822,0.024,120.714285714286,15.520253255999998,2.2159925205117457,1.3310458868894122,0.9680645187067197,1.3691235425200363,2.8045870982416683,3.470921556526041,0.013902905168991422,0.023716526617316044,2.1269080789187598,4.801676377774005
2020-10-29,11.72567216,1.919887251,2.244111015,4.774588031,7.938998265,28.54175195,24.5320902,7.27777777777778,1.732,0.013,1.998,0.025,133.230769230769,20.664258457000003,2.543621383045483,1.0715450028634692,1.1768413573075702,1.7534669172399027,3.075663826911654,3.3858045830629484,0.012916225266546327,0.0246926125903715,2.1135745480492947,4.899560477174989
2020-10-30,12.17853005,0.916589428,2.37543105,6.413555395,7.85515134,27.56994569,24.53,7.16666666666667,1.847,0.018,1.948,0.024,102.611111111111,21.884105923,2.578588994022996,0.650547266894363,1.216523034687696,2.00331013462716,3.1304426050881062,3.352355315295828,0.017839918128331,0.023716526617316044,2.100060828882572,4.64064457418175
2020-10-31,6.110086831,1.392735166,2.506751085,2.063502171,7.62737699,34.38131114,24.43922576,7.05555555555556,1.86,0.01,2.134,0.033,186.0,12.073075252999999,1.9615144562581581,0.8724371325134871,1.2546899920208894,1.119558761849879,2.570554790931242,3.5661837468352564,0.009950330853168083,0.032467190137501496,2.08636198452441,5.231108616854587
2020-11-01,7.47802439,1.324463415,3.038081301,2.981504065,7.714068293,36.99719106,24.35060163,6.94444444444444,1.735,0.011,2.184,0.03,157.727272727273,14.822073171,2.1374774497840567,0.8434892231560712,1.3957696536651765,1.3816596536868369,2.761406001225093,3.6375122375205224,0.010939940038334362,0.0295588022415444,2.072472872363742,5.067187463601178
2020-11-02,7.033280232,1.420731354,2.848247647,2.489826213,7.7913874,35.25383925,24.49464881,6.83333333333333,1.797,0.017,1.974,0.028,105.705882352941,13.792085446000002,2.0835929416821712,0.8840697069083213,1.3476178880610983,1.249851939272483,2.694092270568951,3.5905452860374067,0.016857117066422903,0.027615167032973367,2.058388132482003,4.6700762866188645
2020-11-03,4.451303403,1.677842143,2.227132513,1.405097755,7.564732078,36.58603765,24.10317161,6.72222222222222,1.776,0.017,1.982,0.026,104.470588235294,9.761375814,1.6958547365955539,0.9850112996764898,1.171593976063109,0.8775905493013216,2.3759634103144123,3.626632642336669,0.016857117066422903,0.025667746748577788,2.0441021752345265,4.658432129548916
2020-11-04,4.246542427,1.990452022,2.085130849,1.05853291,7.61431483,36.69869072,24.00569389,6.61111111111111,1.71,0.016,1.969,0.029,106.875,9.380658208,1.6575692743076142,1.0954245539027854,1.1265940710445879,0.7219935494694695,2.3399442869026763,3.629625364938436,0.01587334915629015,0.028587456851912555,2.02960916793196,4.680973149403592
2020-11-05,3.139094859,2.022165098,2.070818248,0.432679218,7.604931209,36.64564446,23.96916003,6.5,1.573,0.007,1.782,0.022,224.714285714286,7.664757423,1.420477130841737,1.1059734943900397,1.121944056379377,0.35954627033281883,2.159263927738194,3.6282172625605176,0.006975613736425242,0.02176149178151269,2.0149030205422647,5.4192699769657
2020-11-06,4.847110789,2.008797972,1.713692976,2.083229544,7.678103548,37.0841593,23.84999276,6.38888888888889,1.662,0.018,1.893,0.024,92.3333333333333,10.652831281,1.7659476570215475,1.101540654150896,0.9983104290001827,1.1259776008842608,2.455549178897106,3.6397984292736405,0.017839918128331,0.023716526617316044,1.9999773703255892,4.536177314501139
2020-11-07,8.749319334,1.885076032,2.172809558,4.693758146,7.858123823,31.45335699,24.12717596,6.27777777777778,1.645,0.014,1.907,0.026,117.5,17.50096307,2.277197470675356,1.0595512538588963,1.1546174912599463,1.7393705127166559,2.917822788567155,3.4798038889550216,0.013902905168991422,0.025667746748577788,1.984825565304987,4.774912960575186
2020-11-08,3.445326087,1.912710145,1.274478261,1.045130435,7.81488913,22.06272174,23.80652174,6.16666666666667,1.605,0.011,1.821,0.034,145.909090909091,7.677644928,1.4918532266800744,1.0690839690786313,0.8217506902772564,0.7154615698568425,2.160750170198892,3.138217536497072,0.010939940038334362,0.03343477608623739,1.9694406464655079,4.989813966282671
2020-11-09,2.821537346,1.707788252,1.023132705,0.932480058,7.827713561,25.68653445,23.71422045,6.05555555555556,1.77,0.012,2.009,0.038,147.5,6.484938361,1.3406527882554313,0.9961321584920189,0.7046471541557473,0.6588041821506462,2.012892782834344,3.2841591104748518,0.011928570865273802,0.037295784743696894,1.9538153285624271,5.000584958242754
2020-11-10,2.715239826,1.646867733,0.781046512,0.779636628,7.710768169,23.12257049,23.5658939,5.94444444444444,1.762,0.014,1.911,0.036,125.857142857143,5.922790699,1.312443232209888,0.9733769533527423,0.577201119631873,0.5764092018912329,1.9348189685362855,3.1831479370762326,0.013902905168991422,0.03536714383729131,1.9379419794061359,4.8430615939368575
2020-11-11,2.874847605,1.681306241,0.893730044,0.908185776,7.693760522,23.28110377,23.23907837,5.83333333333333,1.837,0.016,1.969,0.027,114.8125,6.358069666,1.3545063342900188,0.9863040791385396,0.6385484523982368,0.6461529351625585,1.9957976246997342,3.1896984252074443,0.01587334915629015,0.026641930946421175,1.9218125974762523,4.751972504045579
2020-11-12,2.845277372,1.922481752,1.348591241,0.916890511,7.692153285,23.36894599,23.1940073,5.72222222222222,1.881,0.013,2.022,0.029,144.692307692308,7.033240876,1.3468457387172692,1.0724331703753882,0.8538156764860433,0.6507043476697473,2.08358804255065,3.1933096163940378,0.012916225266546327,0.028587456851912555,1.905418787700576,4.981496916284489
2020-11-13,3.227264706,1.696779412,1.014419118,1.421198529,7.717566912,23.18234632,22.83769853,5.61111111111111,1.917,0.014,2.213,0.026,136.928571428571,7.359661765,1.4415551422877635,0.9920582506754078,0.7003308749301057,0.8842626774852353,2.1234179675460765,3.1856228760455845,0.013902905168991422,0.025667746748577788,1.8887517352153644,4.926735952813253
2020-11-14,4.012610947,2.249992604,0.767662722,2.044637574,7.761514793,21.45412944,22.7083284,5.5,1.932,0.014,2.408,0.029,138.0,9.074903847,1.6119569264525706,1.178652720646749,0.5696581779173558,1.1133818707611103,2.310047564065121,3.1114745366944176,0.013902905168991422,0.028587456851912555,1.8718021769015913,4.9344739331306915
2020-11-15,3.706659226,2.068154762,1.522068452,1.218921131,7.785780506,20.45488095,23.21797619,0.5,1.895,0.014,2.31,0.034,135.357142857143,8.515803571,1.5489783625175497,1.1210763261701755,0.9250793791252244,0.7970211007320535,2.2529539502562463,3.065952169604975,0.013902905168991422,0.03343477608623739,0.4054651081081644,4.91527749411049
2020-11-16,7.032859281,1.762934132,1.752896707,2.869199102,7.867831587,17.1469244,23.39012725,0.925,1.863,0.012,2.662,0.031,155.25,13.417889222,2.0835405394234017,1.0162932063520156,1.012653705296746,1.3530475352369071,2.668469742640344,2.8985010918063616,0.011928570865273802,0.03052920503482287,0.6549259677397475,5.051457288616511
2020-11-17,7.830725624,1.631632653,2.700559335,2.939387755,7.902006803,16.10444898,23.34397581,1.35,1.782,0.015,2.379,0.027,118.8,15.102305367,2.1782371883629565,0.9676044341934623,1.3084839798465222,1.3710253191032544,2.778962452236531,2.839338603938164,0.014888612493750654,0.026641930946421175,0.8544153281560676,4.785823685681349
2020-11-18,7.771878327,1.497688213,3.551749049,2.135505703,7.937324715,14.79650722,23.43631939,1.775,1.734,0.005,2.633,0.039,346.8,14.956821291999999,2.1715509598484086,0.9153655892616677,1.5155115654712843,1.142790469847953,2.7698864050173286,2.7597888535697934,0.004987541511039074,0.038258712117090345,1.0206507471983979,5.851627601920183
2020-11-19,8.549044187,1.211048202,3.555029691,5.508125478,8.280578424,14.73800153,23.88091813,2.2,1.739,0.008,2.152,0.023,217.375,18.823247558,2.256441064352898,0.7934667026326959,1.5162320490221812,1.873051469748674,2.9868553680526335,2.756078267329714,0.007968169649176874,0.022739486969489426,1.1631508098056809,5.386213768454221
2020-11-20,9.326210046,1.620083714,3.558310333,2.416004566,8.102796043,13.60795814,24.38605784,0.2,1.636,0.003,2.086,0.027,545.333333333333,16.920608659,2.334685327718711,0.9632062691709511,1.51695201385024,1.2284716125764839,2.885951372315957,2.6815664582953853,0.002995508979798479,0.026641930946421175,0.18232155679395465,6.30322929007572
2020-11-21,7.345015314,1.108683002,3.561590976,3.168629403,7.840689893,17.13650077,23.86212098,0.216666666666667,1.766,0.007,2.05,0.03,252.285714285714,15.183918695000001,2.1216643922229594,0.7460635829447471,1.5176714609210693,1.4275873014477585,2.784018076063898,2.8979265247560946,0.006975613736425242,0.0295588022415444,0.19611487892629073,5.534518157018893
2020-11-22,8.402370256,1.069372579,3.564871618,2.865089078,8.003328428,15.95036483,24.4555151,0.233333333333333,1.678,0.005,2.014,0.031,335.6,15.901703530999999,2.240961812383873,0.7272454594002357,1.5183903905408453,1.3519847291217941,2.827414417499871,2.830289357488629,0.004987541511039074,0.03052920503482287,0.2097205309820688,5.8188952817567055
2020-11-23,5.080507534,1.27815226,3.56815226,1.239579699,7.779121332,17.39370024,23.9356701,0.25,1.683,0.003,2.073,0.035,561.0,11.166391753,1.8050881684809914,0.8233647021240897,1.5191088036721199,0.8062882138864169,2.498677376021215,2.912008227729252,0.002995508979798479,0.0344014267173324,0.22314355131420976,6.331501849893691
2020-11-24,4.59779562,1.594992701,2.877583942,1.531437956,7.643583942,20.63210146,23.99648175,0.266666666666667,1.756,0.006,2.424,0.027,292.666666666667,10.601810218999999,1.722372880959108,0.9535837038971333,1.3552122643190803,0.9287875033382261,2.4511611392993284,3.074178390123223,0.005982071677547464,0.026641930946421175,0.23638877806423064,5.682445337268071
2020-11-25,4.178378171,1.621544965,2.570983859,1.414657955,7.580061491,27.36539662,23.97013836,0.283333333333333,1.853,0.009,1.98,0.023,205.888888888889,9.785564950000001,1.6444919128455622,0.9637638252770175,1.2728411485796933,0.8815576435331863,2.378208661408449,3.3451699734059623,0.008959741371471902,0.022739486969489426,0.2494608596315829,5.3321818805007934
2020-11-26,8.567597685,0.615716353,2.994319826,4.491555716,7.604147612,21.89764978,24.74856006,0.3,1.87,0.009,2.403,0.022,207.777777777778,16.66918958,2.2583821483518274,0.47977842055907677,1.3848733084025848,1.703211588056581,2.871822421103241,3.131034275599083,0.008959741371471902,0.02176149178151269,0.262364264467491,5.341270422077247
2020-11-27,5.639927641,1.153191027,2.300050651,1.921041968,7.519975398,19.08949204,24.4257453,0.316666666666667,1.756,0.007,2.696,0.023,250.857142857143,11.014211286999998,1.8931010659892058,0.7669509404100819,1.193937817142522,1.0719403909846903,2.4860902230054704,3.0001968942861863,0.006975613736425242,0.022739486969489426,0.2751032902449211,5.528862033342557
2020-11-28,4.297192475,1.334507959,1.990260492,1.376780029,7.428378437,22.78731259,23.79589001,0.333333333333333,1.779,0.007,2.169,0.059,254.142857142857,8.998740955,1.667176958507857,0.8478011447183954,1.095360504678009,0.8657466426570454,2.302459180567409,3.1691523540836126,0.006975613736425242,0.05732506661926941,0.2876820724517806,5.541823612381131
2020-11-29,4.177416787,1.275571635,2.121931983,1.654992764,7.42665123,19.99059045,23.82748191,0.35,1.842,0.011,2.741,0.015,167.454545454545,9.229913169,1.644306242115954,0.8222312889722317,1.1384520355010135,0.9764419292664593,2.325316092048725,3.044074263498833,0.010939940038334362,0.014888612493750654,0.3001045924503381,5.126665953486986
2020-11-30,2.180868307,1.45394356,1.225086831,0.131295224,7.383910999,25.12900651,23.38844428,0.366666666666667,1.905,0.014,2.296,0.032,136.071428571429,4.991193922,1.1571542120357552,0.8976963468392303,0.7997959400252808,0.12336319224951377,1.79029071146459,3.2630460577610996,0.013902905168991422,0.03149866705937099,0.31237468504215266,4.920502166392445
2020-12-01,2.136212889,1.41615496,0.797581463,0.283099203,7.381851557,28.36620854,23.10566256,0.383333333333333,1.831,0.012,2.427,0.024,152.583333333333,4.633048515,1.1430159857070028,0.8821774170885939,0.5864421297530354,0.24927840376674493,1.7286507725152895,3.3798446439253245,0.011928570865273802,0.023716526617316044,0.324496045574497,5.0342433078818205
2020-12-02,2.365832127,1.379435601,0.55146165,0.816577424,7.432525326,28.49492981,23.15259768,0.4,1.831,0.016,2.399,0.022,114.4375,5.113306802,1.213675221381711,0.8668633171236947,0.43919748658597835,0.5969541943967303,1.8104678382380328,3.38421837772683,0.01587334915629015,0.02176149178151269,0.33647223662121295,4.748729257959459
2020-12-03,1.892829233,1.592908828,0.691418234,0.392981187,7.522555716,32.46225326,22.58429088,0.416666666666667,1.823,0.015,2.405,0.024,121.533333333333,4.570137482000001,1.0622349965988422,0.9527803451207856,0.5255673687264647,0.331446189322407,1.717419736219861,3.510418035192091,0.014888612493750654,0.023716526617316044,0.34830669426821603,4.80838310181342
2020-12-04,2.139044863,1.684464544,0.459211288,0.769797395,7.554620839,34.45540666,21.98831404,0.433333333333333,1.819,0.019,2.91,0.032,95.7368421052632,5.05251809,1.143918569888937,0.9874812831195827,0.37789607605362324,0.5708650739322987,1.8004743986731937,3.568275756440571,0.018821754240587758,0.03149866705937099,0.36000273403140687,4.571994323749192
2020-12-05,1.609298119,1.630578871,0.687727931,0.277192475,7.62727424,32.16366208,21.91120116,0.45,1.78,0.019,2.676,0.028,93.6842105263158,4.204797396,0.9590812652457839,0.9672039250123775,0.5233832048656089,0.24466429004658263,1.6495807764294164,3.501454760840102,0.018821754240587758,0.027615167032973367,0.37156355643248307,4.550547254784092
2020-12-06,1.767243126,1.537850941,0.720694645,0.293060781,7.658860347,30.87781042,21.51045586,0.466666666666667,1.841,0.02,3.466,0.032,92.05,4.318849493000001,1.0178515632259444,0.9313176366770047,0.5427280726665938,0.2570121064188436,1.6712570192515472,3.4619101696310564,0.019802627296179712,0.03149866705937099,0.382992252256106,4.5331369830882595
2020-12-07,2.00929761,1.441542361,0.662961622,0.450094135,7.635577118,29.17407748,21.46013758,0.483333333333333,1.882,0.02,2.87,0.03,94.1,4.563895727999999,1.1017066993704645,0.8926299547684061,0.5086001223738439,0.37162847501488144,1.7162985334111127,3.406983194188166,0.019802627296179712,0.0295588022415444,0.39429180751003895,4.554928969551344
2020-12-08,2.068790731,1.301701665,0.324337437,0.70262853,7.63128168,26.20984287,20.97679218,0.5,1.942,0.019,3.346,0.028,102.210526315789,4.397458363,1.1212835853035676,0.8336487037256222,0.2809122868255468,0.5321732510524361,1.6859281692501606,3.303578778063303,0.018821754240587758,0.027615167032973367,0.4054651081081644,4.636770847029902
2020-12-09,2.934750181,1.176010138,0.891803041,1.296415641,7.645682839,25.17251702,20.9156336,0.48,1.982,0.019,3.5,0.027,104.315789473684,6.298979001000001,1.3698473934499535,0.7774929879901961,0.6375303642594322,0.8313494903837773,1.987734475495909,3.26470989151205,0.018821754240587758,0.026641930946421175,0.3920420877760237,4.656963355417291
2020-12-10,2.271020999,1.28589428,1.041354091,0.88493845,7.653109341,23.90359957,20.78482259,0.46,2.041,0.008,3.44,0.033,255.125,5.4832078200000005,1.1851021682849525,0.8267573175840462,0.7136133577562279,0.6338951678469751,1.869215421825917,3.215012354066898,0.007968169649176874,0.032467190137501496,0.3784364357202451,5.545665606559064
2020-12-11,1.762324403,1.247892831,0.50121651,0.418291093,7.692307748,22.01486387,21.04411296,0.44,2.119,0.017,3.38,0.027,124.647058823529,3.9297248369999997,1.0160725002986744,0.8099932578523443,0.40627578608662457,0.34945269124511996,1.5952831725009966,3.136140262413563,0.016857117066422903,0.026641930946421175,0.3646431135879093,4.833476856023866
2020-12-12,3.739905865,1.17006517,0.451259957,1.248566256,7.742155684,19.89680739,20.66753077,0.42,1.947,0.018,3.32,0.027,108.166666666667,6.609797248,1.5560172758051372,0.7747571993594735,0.3724321149883399,0.8102927935501035,2.0294365286802973,3.039596390842979,0.017839918128331,0.026641930946421175,0.3506568716131694,4.6928757664072
2020-12-13,7.407639392,0.756285301,1.500079652,4.703902969,7.806842143,22.41294859,20.59447502,0.4,2.211,0.007,3.341,0.027,315.857142857143,14.367907314,2.1291407439774543,0.5632009541114353,0.9163225921666105,1.7411506719224246,2.7322813943444766,3.1532892278642803,0.006975613736425242,0.026641930946421175,0.33647223662121295,5.758451018854999
2020-12-14,1.986881331,1.4720767,0.681099855,0.675383502,7.732488423,24.84825977,20.08513025,1.5,2.317,0.015,3.362,0.03,154.466666666667,4.815441388,1.0942298099546515,0.9050585666221918,0.5194482548038236,0.5160420954884196,1.7605166881630703,3.2522432783788466,0.014888612493750654,0.0295588022415444,0.9162907318741551,5.046431346368175
2020-12-15,1.363842258,1.618950796,1.105094067,0.160520984,7.737105644,26.70891823,19.82871201,0.85,2.407,0.019,3.383,0.025,126.684210526316,4.248408104999999,0.8602883705831756,0.962773778025685,0.7443601535468185,0.14886902843014652,1.6579248125283927,3.321754319137747,0.018821754240587758,0.0246926125903715,0.6151856390902334,4.849560110337556
2020-12-16,1.342626628,1.722836469,1.016526773,0.203740955,7.699191027,30.52322721,19.57200434,0.2,2.261,0.018,3.404,0.025,125.611111111111,4.285730825,0.851272790446373,1.0016741564346776,0.7013766122081861,0.18543417008327628,1.6650108926380698,3.45072464585264,0.017839918128331,0.0246926125903715,0.18232155679395465,4.841120271349519
2020-12-17,1.253265749,1.701527878,0.827472846,0.330861694,7.661972484,32.03381028,19.27870384,0.233333333333333,1.007,0.008,3.425,0.028,125.875,4.113128167,0.8123806078896254,0.9938174937008944,0.6029340539814756,0.28582662266896325,1.6318113826720169,3.497531590908707,0.007968169649176874,0.027615167032973367,0.2097205309820688,4.8432023497960515
2020-12-18,1.275050271,1.560641918,0.797556071,0.362931168,7.642146172,29.22756845,19.15645785,0.266666666666667,2.116,0.015,3.446,0.026,141.066666666667,3.9961794280000005,0.8220021493016326,0.9402579762778901,0.5864280040069352,0.3096376510723713,1.6086735059498924,3.408754370557953,0.014888612493750654,0.025667746748577788,0.23638877806423064,4.956296430996409
2020-12-19,1.621620839,1.410767004,0.928494935,0.687981187,7.657682344,26.52371129,18.89842981,0.3,2.34,0.017,3.467,0.026,137.647058823529,4.648863965,0.9637927673333406,0.8799449557900978,0.6567398722691263,0.5235332509694777,1.731454456799848,3.3150478618941426,0.016857117066422903,0.025667746748577788,0.262364264467491,4.931931558879912
2020-12-20,2.156505065,1.231287988,0.917749638,1.028900145,7.719936324,24.67597106,18.73939219,0.333333333333333,1.921,0.017,3.488,0.022,113.0,5.334442836,1.1494654234496322,0.8025789918350548,0.6511524350943776,0.7074938457341619,1.846001859786874,3.2455555763262915,0.016857117066422903,0.02176149178151269,0.2876820724517806,4.736198448394496
2020-12-21,1.992787835,1.028131789,1.070282404,1.52769008,7.715608255,24.87850905,18.49421434,0.366666666666667,2.459,0.016,3.29333333333333,0.03,153.6875,5.618892108,1.096205339288125,0.7071150683315256,0.7276850250250937,0.9273058738325286,1.8899280006564492,3.253412857849525,0.01587334915629015,0.0295588022415444,0.31237468504215266,5.041406952763009
2020-12-22,1.969217958,0.949080377,1.129608979,1.427219406,7.736581463,21.63910355,18.56222303,0.4,2.622,0.014,3.09866666666667,0.024,187.285714285714,5.47512672,1.0882986043367278,0.6673576597982134,0.7559383849345699,0.8867463248009998,1.8679681780504693,3.1196786567029893,0.013902905168991422,0.023716526617316044,0.33647223662121295,5.237960566007137
2020-12-23,2.37984058,0.510978261,1.572550725,3.313014493,7.774585507,18.57417609,18.04141304,15.3,2.121,0.013,2.904,0.028,163.153846153846,7.776384059,1.2178285427021185,0.4127572960262857,0.9448979067046505,1.4616370779661116,2.1720644844356194,2.9742111510804614,0.012916225266546327,0.027615167032973367,2.791165107812717,5.100804074400161
2020-12-24,3.101448226,0.79685735,1.080340333,2.467154236,7.819968139,15.31740333,18.08643736,14.3266666666667,2.152,0.014,3.08233333333333,0.035,153.714285714286,7.445800145000001,1.4113401371943555,0.5860392223466404,0.7325315019632823,1.2433341525896364,2.133669293551227,2.7922322271953,0.013902905168991422,0.0344014267173324,2.729594230666928,5.041580097945679
2020-12-25,2.824605358,0.900456191,1.126444605,1.220231716,7.864326575,14.60001593,17.96393917,13.3533333333333,2.622,0.014,3.26066666666667,0.028,187.285714285714,6.07173787,1.3414552875765717,0.6420939578791921,0.7544513855250814,0.7976115670139088,1.95610625875472,2.747271935408816,0.013902905168991422,0.027615167032973367,2.663982203268105,5.237960566007137
2020-12-26,2.71262853,1.076683563,1.312809558,1.075973932,7.93543664,17.0521651,18.08214337,12.38,2.199,0.018,3.439,0.026,122.166666666667,6.178095583,1.3117401244049502,0.7307721803742362,0.8384630443645211,0.7304304083847273,1.9710341087415215,2.8932656277239515,0.017839918128331,0.025667746748577788,2.5937610547000824,4.81353845172015
2020-12-27,3.482353367,0.950419986,1.27288197,1.204395366,7.962842143,15.33881101,18.22246923,11.4066666666667,2.085,0.013,3.26666666666667,0.022,160.384615384615,6.910050689,1.50014821363638,0.6680447268211627,0.8210486165533907,0.7904532608654159,2.0681341899764765,2.7935433211784364,0.012916225266546327,0.02176149178151269,2.5182339625459975,5.0837904314947036
2020-12-28,8.607523534,0.510745836,3.363193338,5.744069515,8.142388849,18.18497683,18.24711079,10.4333333333333,2.161,0.01,3.09433333333333,0.022,216.1,18.225532223000002,2.2625464929984886,0.41260346000883513,1.473204206247002,1.908663528327332,2.956239198909686,2.954127515983826,0.009950330853168083,0.02176149178151269,2.436533065503782,5.380358076884246
2020-12-29,8.266004893,0.218306802,3.156860779,5.131000025,8.457099855,20.60425687,19.07288712,9.46,1.958,0.011,2.922,0.027,178.0,16.772172499,2.22635231505389,0.19746202755232936,1.4247601689711598,1.813357872858189,2.8776338912498294,3.0728903725877514,0.010939940038334362,0.026641930946421175,2.347558458636777,5.187385805840755
2020-12-30,7.924486252,1.212785818,2.95052822,4.517930535,7.984290883,23.53023806,17.9734877,8.48666666666667,1.375,0.017,2.679,0.064,80.8823529411765,16.605730825000002,2.1887987632077808,0.7942522728333428,1.3738492965547067,1.7080028869155648,2.8682244640998467,3.1999065630745087,0.016857117066422903,0.06203539091945264,2.249887303993597,4.405283496838149
2020-12-31,6.428473227,0.927829233,3.188480463,5.842373372,7.991777858,22.89834732,17.3776411,7.51333333333333,1.19,0.017,3.472,0.031,70.0,16.387156295,2.0053203499964285,0.6563946201701785,1.4323380101625054,1.923134655659886,2.855731789692574,3.173809306755713,0.016857117066422903,0.03052920503482287,2.141633561936283,4.2626798770413155
2021-01-01,2.989450072,1.250817656,1.971649783,2.644992764,7.924092619,20.46793126,17.2091534,6.54,2.307,0.011,2.413,0.043,209.727272727273,8.856910275,1.383653394836402,0.8112935528682391,1.089117281082901,1.2933543802734657,2.288172759973718,3.0665602523344235,0.010939940038334362,0.042101176018635396,2.020222182019865,5.350564751101328
2021-01-02,1.305365677,1.294402607,1.440340333,1.277458364,7.885090514,21.93170891,16.86955105,5.56666666666667,2.264,0.009,2.506,0.043,251.555555555556,5.317566981,0.8352393089851115,0.8304725076672885,0.8921375103162817,0.8230600685359114,1.8433341626775088,3.1325206213496637,0.008959741371471902,0.042101176018635396,1.8820063470758337,5.5316312465163255
2021-01-03,1.291736614,1.232452967,1.157033285,1.086396527,7.885824891,21.32895297,16.93832851,4.59333333333333,2.265,0.016,2.453,0.047,141.5625,4.7676193929999995,0.8293098768914513,0.8031009661333821,0.7687337984423414,0.7354384281590874,1.7522594118484747,3.1058841758140985,0.01587334915629015,0.045928931888399804,1.72157541237095,4.959780500044607
2021-01-04,1.148711079,1.05583635,0.980984794,1.067125272,7.86777987,20.72096959,17.12434468,3.62,2.28,0.016,2.366,0.05,142.5,4.252657495,0.764868164229175,0.7206827481214629,0.683594091765702,0.7261588845719361,1.6587341380566418,3.0782781344929533,0.01587334915629015,0.048790164169432,1.5303947050936475,4.966335035199676
2021-01-05,1.210796524,1.114018827,0.848703838,0.949051412,7.851252715,21.44678928,16.75488776,2.64666666666667,2.285,0.015,2.449,0.045,152.333333333333,4.122570601,0.7933528686942077,0.7485907932740464,0.6144847654275508,0.667342798833234,1.633656383564002,3.1111475874793624,0.014888612493750654,0.04401688541677433,1.2938135083257263,5.032614200815029
2021-01-06,1.997863867,1.039637944,0.728110065,1.833504707,7.871960898,19.6081202,16.80688631,1.67333333333333,2.277,0.018,2.395,0.042,126.5,5.599116583000001,1.0978999907108085,0.7127723136735921,0.5470283633765701,1.0415143578225572,1.8869357890129212,3.0256851825912685,0.017839918128331,0.04114194333117518,0.9833261332103121,4.848116364598481
2021-01-07,3.274605358,1.000760319,0.283294714,3.056553222,7.930663287,17.68969153,16.31564808,0.7,2.308,0.02,2.387,0.041,115.4,7.615213613,1.452691784209403,0.6935272678176311,0.24943076619176718,1.4003336529444068,2.1535296651455025,2.9279721167833834,0.019802627296179712,0.04018178963283184,0.5306282510621704,4.757032535297338
2021-01-08,1.283965918,1.133749032,0.318923315,1.306769946,7.901298993,22.30482959,15.71617351,0.5,2.26,0.015,2.333,0.045,150.666666666667,4.043408211,0.8259133696158788,0.7578805414650162,0.2768157333035846,0.835848254236587,1.6180820858824834,3.148660617633199,0.014888612493750654,0.04401688541677433,0.4054651081081644,5.021685130282843
2021-01-09,1.370629522,1.160180897,0.189341534,0.993589001,7.92579233,19.48730535,15.5540521,0.3,2.204,0.012,2.296,0.062,183.666666666667,3.713740954,0.8631555409730484,0.7701919668004656,0.17339982120525382,0.6899365324408817,1.550481850522028,3.0198054431096217,0.011928570865273802,0.06015392281974709,0.262364264467491,5.218552398079176
2021-01-10,0.951881331,1.256881331,0.382807525,0.823306802,7.932874819,20.0125275,15.32795224,0.1,2.168,0.01,2.279,0.049,216.8,3.4148769889999997,0.6687936925978163,0.8139839182519646,0.32411587090762706,0.6006517766544288,1.4849799716066137,3.0451188074786724,0.009950330853168083,0.04783732941416013,0.09531017980432487,5.38357721049886
2021-01-11,1.213164374,1.198595221,0.200984794,1.050238957,7.958551774,20.6489399,15.0617958,0.1,2.153,0.013,2.324,0.046,165.615384615385,3.662983346,0.7944233348582193,0.7878186205043011,0.183141881901957,0.71795635074746,1.5396554462993255,3.0749564878916886,0.012916225266546327,0.044973365642731154,0.09531017980432487,5.115688070099401
2021-01-12,2.045383502,1.157098408,0.081541245,2.013755427,8.030894356,20.06200434,14.86908828,0.1,2.162,0.011,2.336,0.037,196.545454545455,5.297778581999999,1.1136268380590626,0.7687639889903539,0.07838710253075715,1.1031869512582007,1.840196965185617,3.0474706750166884,0.010939940038334362,0.03633192924739028,0.09531017980432487,5.2859687074580615
2021-01-13,2.094507959,1.109551375,0.307069465,2.547916064,8.014366136,20.45030246,14.5383068,0.1,2.183,0.011,2.31,0.037,198.454545454545,6.0590448630000004,1.1296289141765212,0.7464753063980486,0.2677875816612796,1.266360406895793,1.9543097538259204,3.065738745973913,0.010939940038334362,0.03633192924739028,0.09531017980432487,5.295586368036803
2021-01-14,2.091706609,1.023267974,0.608496732,2.834052288,7.970767611,17.77385984,14.59403776,0.1,2.261,0.007,2.461,0.04,323.0,6.557523603,1.1287232390950348,0.7047140130808914,0.47530003598832116,1.3439222825064605,2.022543570789325,2.9324654682429565,0.006975613736425242,0.039220713153281295,0.09531017980432487,5.780743515792329
2021-01-15,1.725655322,0.789239681,0.892896452,2.627494569,7.967373642,15.39278566,14.72346126,0.1,2.222,0.008,2.541,0.035,277.75,6.0352860239999995,1.0027088843409064,0.5817907703990367,0.6381081702556244,1.2885422086007225,1.950938347024871,2.796841339265812,0.007968169649176874,0.0344014267173324,0.09531017980432487,5.630315322774329
2021-01-16,2.036256336,0.516002896,0.628189718,3.050470673,7.965933382,13.81472918,14.64430847,0.1,2.421,0.004,2.666,0.035,605.25,6.230919623,1.1106252881167529,0.4160771975085928,0.48746879518877745,1.3988330899214987,1.9783662235177044,2.695621900736947,0.003992021269537453,0.0344014267173324,0.09531017980432487,6.407292442251693
2021-01-17,3.533248915,0.664450072,0.10378437,3.027735166,8.058406657,13.43980174,14.5145152,0.1,2.368,0.007,2.681,0.03,338.285714285714,7.329218523,1.5114388822093343,0.5094947817885268,0.09874461174906309,1.393204224432639,2.1197696370119647,2.6699884034535266,0.006975613736425242,0.0295588022415444,0.09531017980432487,5.826842567413427
2021-01-18,3.613755427,0.726092619,0.09695369,2.791367583,8.048120839,13.58266932,14.31327062,0.1,2.421,0.004,2.652,0.04,605.25,7.228169319000001,1.529042151627974,0.5458602522875813,0.09253696526983075,1.3327267938489848,2.1075635499698393,2.679833790756028,0.003992021269537453,0.039220713153281295,0.09531017980432487,6.407292442251693
2021-01-19,3.19418958,0.80248191,0.437257598,2.357083936,8.035939219,13.04930318,14.3981259,0.1,2.492,0.004,2.706,0.032,623.0,6.791013024,1.4337001341285998,0.5891645540655791,0.36273685199189587,1.2110727209620564,2.0529708930197663,2.6425727988203085,0.003992021269537453,0.03149866705937099,0.09531017980432487,6.436150368369428
2021-01-20,4.403502171,0.533777135,1.042843705,3.575072359,8.064021708,12.8895492,14.87026773,0.1,2.366,0.002,2.619,0.045,1183.0,9.55519537,1.6870472935376288,0.42773340881802413,0.7143428102168853,1.5206225147772736,2.3566181908400186,2.6311367012359774,0.001998002662673056,0.04401688541677433,0.09531017980432487,7.076653815443951
2021-01-21,5.758683068,0.470940666,2.229479016,4.109334298,8.221587554,13.0056042,15.74257598,0.1,2.473,0.006,2.613,0.037,412.166666666667,12.568437048,1.9108280586504316,0.38590210497982047,1.1723208288690332,1.631069121365179,2.6077462902052906,2.6394575495165884,0.005982071677547464,0.03633192924739028,0.09531017980432487,6.023851062807136
2021-01-22,6.359370022,0.734033309,2.292990587,3.702215786,8.221970311,13.4347118,16.07965967,0.1,2.407,0.003,2.49,0.032,802.333333333333,13.088609704,1.9959743342403813,0.5504500875164136,1.1917961449024406,1.548033841451073,2.645366648508422,2.6696358475536206,0.002995508979798479,0.03149866705937099,0.09531017980432487,6.688769737816591
2021-01-23,8.876309696,0.574616498,2.466787265,4.783393632,8.422126628,11.71400289,17.03899421,1.5390350877193,2.4,0.004,2.452,0.032,600.0,16.701107090999997,2.2901389294359817,0.45401174929494836,1.2432283048548987,1.754990643952826,2.8736271851378934,2.54270397582267,0.003992021269537453,0.03149866705937099,0.9317841221305189,6.398594934535208
2021-01-24,5.431910275,0.991722142,2.470730825,2.212814761,8.241262663,12.63740521,16.25270622,2.9780701754386,2.364,0.002,2.413,0.044,1182.0,11.107178003000001,1.8612715819970278,0.6889996624854062,1.2443651841750225,1.167147425499425,2.4937985001036878,2.6128164004475902,0.001998002662673056,0.04305948946044697,1.3807968211606967,7.075808863978387
2021-01-25,6.235948987,0.907269317,2.413953488,3.627906977,8.358345836,14.28236909,16.26728432,4.41710526315789,2.29,0.002,2.626,0.033,1145.0,13.185078769,1.9790615176187565,0.6456725421319571,1.227871000377861,1.5321047090862063,2.6521906212238955,2.7266998168771845,0.001998002662673056,0.032467190137501496,1.6895615884895272,7.044032897274685
2021-01-26,6.583017366,1.368465991,2.562322721,3.795535456,8.413972504,16.21522648,16.855,5.85614035087719,1.976,0.005,2.69,0.1,395.2,14.309341534,2.0259111898388187,0.8622424844016535,1.2704127818302575,1.5676853717567012,2.7284631998616007,2.84579425267258,0.004987541511039074,0.09531017980432487,1.9251446523340772,5.981919134264451
2021-01-27,7.649797395,1.199609262,2.67341534,5.924356006,8.33648987,15.03103184,16.79717077,7.29517543859649,2.06,0.006,2.366,0.029,343.333333333333,17.447178002999998,2.1575358981261235,0.7882797364082511,1.3011218396713464,1.9350450522255846,2.914911405020978,2.774526333857395,0.005982071677547464,0.028587456851912555,2.1156740733399677,5.841610180451528
2021-01-28,5.225947902,1.140911722,2.784507959,3.600969609,8.231070188,16.49427569,17.03464544,8.73421052631579,2.198,0.004,2.726,0.049,549.5,12.752337191999999,1.8287257041720064,0.7612317766229614,1.330915880816796,1.5262670658483215,2.6212087872680248,2.861873723990901,0.003992021269537453,0.04783732941416013,2.2756465391120226,6.310826956162734
2021-01-29,7.187257598,1.161403763,1.448306802,4.706468886,8.307429088,17.98718162,16.94941389,10.1732456140351,2.209,0.004,2.779,0.031,552.25,14.503437049,2.1025789941719486,0.7707579008866156,0.8953966844116094,1.741600423617787,2.7410617444401653,2.9437640999077077,0.003992021269537453,0.03052920503482287,2.4135221361424404,6.315809978931159
2021-01-30,7.827322721,0.924790159,1.140600579,5.101642547,8.256522431,20.02015702,16.93167873,11.6122807017544,2.116,0.005,2.479,0.045,423.2,14.994356006,2.177851766035909,0.6548169534862214,0.7610864340530124,1.8085580049326058,2.7722359103839973,3.045481835449449,0.004987541511039074,0.04401688541677433,2.534670998155277,6.050205042130582
2021-01-31,6.193700217,0.816314265,1.636075308,3.963236785,8.195134685,15.83337364,17.13075308,13.0513157894737,2.039,0.004,2.566,0.055,509.75,12.609326574999999,1.9732056731513388,0.5968093186211838,0.9692911852761795,1.6020581055216179,2.610755335277545,2.823363442065783,0.003992021269537453,0.05354076692802982,2.6427160418911697,6.235880233697731
2021-02-01,5.721614772,0.682476466,2.024330196,3.482664736,8.218452571,11.92082042,17.65299059,14.490350877193,2.012,0.004,2.111,0.021,503.0,11.91108617,1.9053284191215916,0.520266794920346,1.1066896441552379,1.5002176767420978,2.558086335324132,2.558839996338416,0.003992021269537453,0.020782539182528502,2.7402173060245842,6.222576268071369
2021-02-02,5.145597393,0.747856626,1.94076756,3.220369298,8.157356988,14.59997683,17.17565532,15.9293859649123,1.667,0.004,2.488,0.037,416.75,11.054590877,1.8157359544034775,0.5583902521302465,1.0786706221064193,1.439922635593431,2.4894455730232155,2.747269428997978,0.003992021269537453,0.03633192924739028,2.8290509264331005,6.0348831674755035
2021-02-03,4.142367849,0.911180304,1.950492397,2.51647357,8.180336713,14.77440188,17.53177408,17.3684210526316,2.112,0.004,2.237,0.035,528.0,9.520514120000001,1.6375136444024327,0.647721011409177,1.0819720706603853,1.257458660741672,2.3533270768378625,2.758388492019077,0.003992021269537453,0.0344014267173324,2.910632943035988,6.270988431858299
2021-02-04,4.68429399,0.800731354,1.640601014,3.382534395,8.16156698,14.2942614,17.59313541,18.8074561403509,2.017,0.003,2.167,0.027,672.333333333333,10.508160753,1.7377069312759046,0.5881928901592435,0.9710065480665255,1.4776271860425807,2.443056414396049,2.7274776861459085,0.002995508979798479,0.026641930946421175,2.9860584395597636,6.51224050172714
2021-02-05,4.797273414,0.701268882,1.878074018,3.301714502,8.264442598,12.97932251,18.30099698,20.2464912280702,1.839,0.003,2.302,0.026,613.0,10.678330815999999,1.7573877059857574,0.5313743738198158,1.0571213266890114,1.459013664626613,2.4577350575984913,2.637579274257983,0.002995508979798479,0.025667746748577788,3.056191763057787,6.419994928147142
2021-02-06,4.542454743,0.691078928,1.893272991,2.926951484,8.301863143,10.91590804,18.73611875,21.6855263157895,1.878,0.003,2.13,0.027,626.0,10.053758146,1.7124374970261873,0.525366744167219,1.0623883841415058,1.3678634210504952,2.402770473852012,2.4778743174664397,0.002995508979798479,0.026641930946421175,3.1217271138954756,6.440946540632921
2021-02-07,4.410506879,0.67711803,1.69422882,2.313120927,8.336800869,10.46567994,19.10153512,23.1245614035088,1.732,0.004,1.917,0.026,433.0,9.094974656,1.6883427814454477,0.5170768619982709,0.9911120112780459,1.1978906234062254,2.3120377412118724,2.4393582202643933,0.003992021269537453,0.025667746748577788,3.18323046689435,6.073044534100405
2021-02-08,4.606647357,0.899884142,2.249355539,1.984996379,8.30613903,10.61010862,19.04364953,24.5635964912281,1.816,0.003,2.022,0.029,605.333333333333,9.740883417000001,1.7239529218160647,0.6417929064184306,1.1784566809861483,1.093598533778503,2.374057340539688,2.4518761513938565,0.002995508979798479,0.028587456851912555,3.2411693274054474,6.407429889850012
2021-02-09,5.280210756,0.631366279,1.777049419,3.42502907,8.175800872,11.41073692,18.34092297,26.0026315789474,1.929,0.004,1.984,0.025,482.25,11.113655523999999,1.837403539789599,0.4894178716940089,1.0213890039891491,1.4872768479298393,2.4943333719649066,2.5185619785977638,0.003992021269537453,0.0246926125903715,3.295934327141779,6.18053411808844
2021-02-10,7.288978261,0.744326087,0.685956522,5.069282609,8.191396377,15.59843188,18.39034058,25.8684210526316,1.945,0.004,2.227,0.026,486.25,13.788543479,2.1149267119735455,0.5563682844996881,0.5223330715840482,1.8032404117606584,2.693852791751519,2.8093082258401516,0.003992021269537453,0.025667746748577788,3.2909516584382805,6.18877733838767
2021-02-11,4.658870384,0.862541636,0.900550326,3.250572049,8.070556119,17.30306662,18.62378711,25.7342105263158,1.854,0.005,2.123,0.045,370.8,9.672534395,1.7332242934980064,0.6219420259210393,0.6421434894964616,1.447053573643296,2.3676735624135854,2.907068620671664,0.004987541511039074,0.04401688541677433,3.285944038371114,5.918356075287344
2021-02-12,3.413034033,0.976632875,1.81,2.885155684,7.916333092,15.21706807,19.26388849,24.0452631578947,1.672,0.005,1.996,0.034,334.4,9.084822592000002,1.4845624422449832,0.6813948289171522,1.0331844833456545,1.3571630561183785,2.3110315799772776,2.7860642721755515,0.004987541511039074,0.03343477608623739,3.220684714156841,5.815323849389109
2021-02-13,8.177639392,0.558624185,2.20213458766667,6.569688631,8.046742216,11.7862824,19.19007241,22.3563157894737,1.899,0.005,2.047,0.033,379.8,17.50808679566667,2.2167700247235227,0.44380349943769243,1.163817646066787,2.024151934635119,2.9182077606634667,2.54837290875791,0.004987541511039074,0.032467190137501496,3.15086743103008,5.942274302917211
2021-02-14,5.142937771,0.376150507,2.59426917533333,5.033589001,8.008827062,10.53163893,19.62646165,20.6673684210526,1.902,0.006,2.214,0.041,317.0,13.146946454333328,1.8153030920637383,0.3192901136167957,1.2793406813089991,1.7973420245621927,2.649498802521117,2.4450944690188963,0.005982071677547464,0.04018178963283184,3.0758073693669923,5.762051382780177
2021-02-15,4.15394356,0.64751809,2.986403763,3.631237337,7.968806802,10.11615774,19.25495658,18.9784210526316,1.716,0.005,1.909,0.036,343.2,11.41910275,1.6397621614523248,0.4992699676073836,1.3828895119440745,1.5328240758075098,2.5192358315446817,2.4083997021358186,0.004987541511039074,0.03536714383729131,2.9946527437028427,5.841222883777439
2021-02-16,4.581316932,0.537727931,2.70211288,4.159153401,7.96345152,11.91121274,19.13861071,17.2894736842105,1.742,0.005,2.169,0.101,348.4,11.980311144000002,1.719424757866398,0.43030595751579404,1.3089037053125936,1.6407724964589432,2.563433682021001,2.558096138479183,0.004987541511039074,0.09621885774054292,2.906325685838405,5.8562173976999565
2021-02-17,4.981736614,0.714826339,2.056642547,3.492720695,7.984877713,10.74631404,18.88954414,15.6005263157895,1.99,0.006,2.159,0.038,331.666666666667,11.245926195,1.7887109294824837,0.5393118154324484,1.1173171067294363,1.5024584636776546,2.5051933261716854,2.4635394926530267,0.005982071677547464,0.037295784743696894,2.809434400630332,5.807140987643355
2021-02-18,3.353219971,0.590311143,1.868856729,2.167648336,8.006133864,12.36988278,18.64463821,13.9115789473684,2.022,0.004,2.678,0.043,505.5,7.980036179,1.4709157944888989,0.4639296845092378,1.053913598143381,1.1529894627401578,2.195003911147863,2.5930046236857396,0.003992021269537453,0.042101176018635396,2.70213802171898,6.227524323688738
2021-02-19,4.244818841,0.703188406,1.754333333,2.719130435,8.085565942,13.2804087,18.60681884,12.2226315789474,2.03,0.004,2.593,0.031,507.5,9.421471015,1.6572407018809332,0.5325020273874911,1.0131754289299162,1.3134898869280651,2.3438681986262297,2.6588885769500603,0.003992021269537453,0.03052920503482287,2.581929875048391,6.2314652154886145
2021-02-20,4.031723389,0.692925416,0.900072411,2.367038378,8.104138306,13.93455395,18.7833454,10.5336842105263,2.089,0.004,1.907,0.019,522.25,7.9917595939999995,1.6157625474977049,0.5264580478391715,0.6418919964988187,1.2140335383913758,2.1963085572512298,2.7036775851356984,0.003992021269537453,0.018821754240587758,2.4452718158108055,6.2600593613261095
2021-02-21,4.08748191,0.635274964,0.762916064,2.763328509,8.180714906,11.36687771,18.91748915,8.84473684210526,1.811,0.005,2.402,0.035,362.2,8.249001447,1.6267829949884358,0.4918109639099111,0.5669692925262552,1.325303807561727,2.2245155940214567,2.515021746298318,0.004987541511039074,0.0344014267173324,2.2869369816277145,5.894953646727139
2021-02-22,3.963446778,0.740680666,0.653823316,2.450818248,8.148495293,11.69933671,19.31763215,7.15578947368421,2.011,0.005,2.114,0.036,402.2,7.808769008,1.6021004143146198,0.554276224088934,0.5030897686465037,1.238611376255453,2.175747703511173,2.541549764541584,0.004987541511039074,0.03536714383729131,2.0987280399322996,5.999432716757159
2021-02-23,4.563367125,0.875916003,0.273577118,2.348008689,8.192075308,12.15134613,19.60107169,5.46684210526315,1.978,0.004,1.727,0.032,494.5,8.060868935,1.7162035229835924,0.6290970750613684,0.24182956955211157,1.2083657479046257,2.203965024396317,2.5765241206849794,0.003992021269537453,0.03149866705937099,1.8666879067130382,6.205567353770043
2021-02-24,4.220354815,0.83096307,0.297335264,1.872853005,8.087602462,12.02670818,19.623874,3.7778947368421,1.93,0.004,1.953,0.038,482.5,7.221506154,1.6525653718067628,0.6048420961825804,0.26031236383542544,1.0553056144000152,2.106753422697072,2.5670017252977098,0.003992021269537453,0.037295784743696894,1.564000017861878,6.181051314893349
2021-02-25,5.144927536,0.856224638,0.122311594,3.086036232,8.128673188,11.29248333,19.83931884,2.08894736842105,2.038,0.004,1.548,0.027,509.5,9.2095,1.8156269505969624,0.6185446604452296,0.11539048155786163,1.407575363708049,2.3233186593809525,2.5089879641915878,0.003992021269537453,0.026641930946421175,1.127830375403802,6.23539063760472
2021-02-26,5.123647571,1.075134155,0.111385062,3.569427121,8.143558376,11.09905004,20.05163887,0.4,1.937,0.004,2.084,0.029,484.25,9.879593909,1.8121579273151425,0.7300258046047939,0.10560704106794015,1.519387840593194,2.3868889161907774,2.493126940429786,0.003992021269537453,0.028587456851912555,0.33647223662121295,6.184664222049119
2021-02-27,4.096351056,1.229009468,0.233415878,3.274945375,7.982281865,13.63786307,19.67834669,0.4,1.708,0.004,2.138,0.042,427.0,8.833721777,1.628524804437187,0.8015573020393943,0.20978745685059128,1.4527713245293092,2.285817476643214,2.68361153271528,0.003992021269537453,0.04114194333117518,0.33647223662121295,6.059123195581797
2021-02-28,3.418410448,1.222992537,0.377977612,2.994977612,7.967729104,13.10681119,19.98720149,0.4,1.897,0.005,1.843,0.034,379.4,8.014358209,1.4857800042589342,0.7988542778014355,0.32061692572508954,1.3850379751975292,2.1988186626623683,2.6466577438672614,0.004987541511039074,0.03343477608623739,0.33647223662121295,5.941223330671235
2021-03-01,2.606644195,1.253146067,0.260254682,1.938636704,7.849741573,16.72631086,20.18332584,0.4,1.995,0.005,1.999,0.027,399.0,6.058681648,1.2827777541393184,0.8123274915722913,0.2313138291095878,1.0779457676832098,1.9542582986571582,2.8750500251138065,0.004987541511039074,0.026641930946421175,0.33647223662121295,5.991464547107982
2021-03-02,2.46920484,1.363249784,0.507476232,2.070414866,7.836388073,24.16311409,19.72232498,0.4,2.021,0.006,1.957,0.038,336.833333333333,6.410345722000001,1.2439254149615153,0.8600376989237968,0.4104368829940817,1.121812687974012,2.0028770943599827,3.2253791956358233,0.005982071677547464,0.037295784743696894,0.33647223662121295,5.8225526772239435
2021-03-03,3.398907381,0.8552822,0.580340087,3.98512301,7.875568741,26.16621491,19.4740521,1.3,1.836,0.008,2.22,0.074,229.5,8.819652678,1.4813561875870782,0.6180368138689517,0.45764006881371644,1.6064580791374379,2.2843857529017786,3.301974102360688,0.007968169649176874,0.07138999608667293,0.832909122935104,5.440250862436703
2021-03-04,2.206143271,1.112597685,0.44866136,2.525622287,7.888089725,25.76974747,19.29610709,3.7,1.837,0.009,2.213,0.051,204.111111111111,6.293024603,1.1650687415856207,0.7479183206002087,0.37063993002090073,1.2600569560028552,1.9869183575052498,3.2872724241668854,0.008959741371471902,0.04974209189481407,1.547562508716013,5.323551837726577
2021-03-05,0.937308249,0.812807525,0.291259045,0.966931983,7.878401592,24.8716903,19.43534732,14.3,2.048,0.009,2.098,0.034,227.555555555556,3.008306802,0.6612995090896193,0.594876762320059,0.25561774626744854,0.6764749597546552,1.38836890825815,3.2531493322930984,0.008959741371471902,0.03343477608623739,2.72785282839839,5.43177931231674
2021-03-06,0.171309696,0.835289436,0.097894356,0.529261939,7.85552822,25.83861867,19.23032562,5.9,1.988,0.013,1.554,0.022,152.923076923077,1.633755427,0.15812252104115931,0.6072021998585312,0.09339412352213726,0.42478522620504316,0.9684107466941768,3.289841845428871,0.012916225266546327,0.02176149178151269,1.9315214116032138,5.036452977122197
2021-03-07,0.211635311,0.710781476,0.106360347,0.599500724,7.869032562,36.37098046,19.20539797,4.96666666666667,2.007,0.016,2.254,0.037,125.4375,1.6282778580000001,0.19197094385322994,0.5369502696290414,0.10107566106599636,0.46969153304878364,0.9663288248659316,3.6208944797066054,0.01587334915629015,0.03633192924739028,1.7861884241786001,4.839748114927964
2021-03-08,0.513244026,0.857465605,0.427574222,0.469341057,7.861119479,27.52711296,19.46394642,4.03333333333333,2.042,0.016,2.206,0.046,127.625,2.26762491,0.4142557079873849,0.6192129806146509,0.3559766555921633,0.3848140397476353,1.184063393788629,3.350854966975,0.01587334915629015,0.044973365642731154,1.6160824551527682,4.856901194154213
2021-03-09,0.741693198,0.7776411,0.413719247,0.531881331,7.876044139,25.93868886,19.89276411,3.1,1.931,0.015,1.936,0.042,128.733333333333,2.464934876,0.5548577423681748,0.5752872606980471,0.34622399542645205,0.42649660813543705,1.2426938376600472,3.2935635009040105,0.014888612493750654,0.04114194333117518,1.410986973710262,4.865481061643738
2021-03-10,1.151816208,0.899710564,0.978342981,0.670513748,7.927682344,27.07731476,19.70967438,2.16666666666667,1.852,0.012,2.027,0.045,154.333333333333,3.7003835009999997,0.7663122334478449,0.6417015398314382,0.6822596160454892,0.513131212652105,1.5476441013446904,3.334961946379814,0.011928570865273802,0.04401688541677433,1.1526795099383866,5.045573345457534
2021-03-11,3.043060781,0.753350217,1.090767004,1.780354559,8.024367583,25.71937988,20.21603473,1.23333333333333,1.908,0.015,2.146,0.058,127.2,6.667532561,1.397002024184017,0.5615283675028264,0.7375309862130645,1.0225784587787454,2.0369948636226196,3.285389140315301,0.014888612493750654,0.05638033343610764,0.8034952377288093,4.853591544486569
2021-03-12,5.624232996,0.388364689,1.660253256,2.591924747,8.129992041,23.06258611,20.62134588,0.3,1.793,0.009,1.839,0.029,199.222222222222,10.264775688,1.890734590981258,0.32812657180970206,0.9784213272840728,1.2786882000534576,2.421680661391237,3.1806581906390026,0.008959741371471902,0.028587456851912555,0.262364264467491,5.299427860832063
2021-03-13,9.781874096,0.395238784,2.779015919,6.490050651,8.235540521,25.6697547,20.40759768,0.5375,1.845,0.01,1.936,0.032,184.5,19.44617945,2.3778663997214533,0.33306557195135394,1.3294636368485562,2.0135755599895737,3.01779604107416,3.2835301405513246,0.009950330853168083,0.03149866705937099,0.43015772069853586,5.22305488204749
2021-03-14,6.138523878,1.150629522,1.716657019,3.753871201,8.157636758,24.70112301,20.40430535,0.775,1.816,0.004,2.067,0.06,454.0,12.759681619999999,1.9655060152019692,0.7657606002119773,0.9994020872900122,1.5589592758069983,2.621742694156113,3.2465346878336523,0.003992021269537453,0.05826890812397577,0.5738004229273792,6.12029741895095
2021-03-15,5.632489146,1.059710564,2.158769899,3.178509407,8.236670043,25.59798191,21.07125904,1.0125,1.883,0.004,2.238,0.047,470.75,12.029479016,1.8919801705414228,0.7225654700174095,1.1501826793442709,1.4299545817431665,2.567214406914525,3.280835344864415,0.003992021269537453,0.045928931888399804,0.6993777303105814,6.156449184248659
2021-03-16,4.686577424,1.09605644,1.523183792,2.43931259,8.217849493,23.58717728,21.75457308,1.25,1.855,0.005,2.258,0.047,371.0,9.745130246,1.7381085599545798,0.7400576935771737,0.9255215136169123,1.2352716229285623,2.374452651565913,3.2022250582604572,0.004987541511039074,0.045928931888399804,0.8109302162163288,5.918893854273146
2021-03-17,4.328321274,1.274507959,0.766439942,1.405716353,8.183035456,22.1212301,22.06154848,1.4875,2.163,0.006,2.32,0.025,360.5,7.774985528,1.67303623059434,0.8217637472523995,0.5689661889373809,0.8778477190815386,2.1719051201198005,3.1407512474061408,0.005982071677547464,0.0246926125903715,0.9112781900506108,5.890262041598819
2021-03-18,3.738777135,1.393552822,0.917597685,1.217633864,8.030766281,26.71847467,21.79319826,1.725,2.066,0.008,2.121,0.017,258.25,7.267561506,1.5557791140256294,0.8727787985436148,0.6510731968990944,0.7964408004596237,2.1123396053381245,3.322099146472922,0.007968169649176874,0.016857117066422903,1.0024684281152074,5.557792847109637
2021-03-19,2.802677279,1.332590449,0.90931259,0.586251809,7.982994935,25.6286809,22.30712012,1.9625,2.122,0.01,2.195,0.021,212.2,5.630832127000001,1.3357053657608058,0.8469794306938497,0.6467432767552416,0.461373880471342,1.8917303056735644,3.281988864239229,0.009950330853168083,0.020782539182528502,1.0860335064612496,5.362230692291689
2021-03-20,3.185759768,1.319869754,0.827872648,0.235166425,8.003107091,23.9988466,22.71429812,2.2,2.236,0.02,2.545,0.035,111.8,5.568668594999999,1.4316882329837584,0.8415110435850394,0.6031528032090112,0.2112057180860404,1.8823111627975415,3.2188296878039027,0.019802627296179712,0.0344014267173324,1.1631508098056809,4.725616339063959
2021-03-21,2.456903039,1.376150507,0.665745297,0.02431259,7.986299566,28.90505499,21.85555716,6.2,2.193,0.012,2.404,0.046,182.75,4.523111433,1.2403731128168975,0.8654817441911775,0.5102726491036798,0.02402174370571628,1.7089413668878843,3.398027529317769,0.011928570865273802,0.044973365642731154,1.9740810260220096,5.213576138092946
2021-03-22,0.901845152,1.12515919,0.79447178,0.202308249,7.983151954,30.92656151,21.31960926,0.1,2.221,0.018,2.395,0.025,123.388888888889,3.023784371,0.6428245475597488,0.7538467125117224,0.5847107056529511,0.18424324999157496,1.3922228456260848,3.4634383125470474,0.017839918128331,0.0246926125903715,0.09531017980432487,4.823412858702591
2021-03-23,0.679029689,0.909464156,0.568320058,0.416676322,7.977065894,31.71716872,21.08997104,4.7,2.217,0.02,2.5,0.04,110.85,2.5734902249999996,0.5182160604882058,0.6468226561011216,0.4500050197212934,0.3483135097744019,1.273542772260695,3.487899977428214,0.019802627296179712,0.039220713153281295,1.7404661748405046,4.717158687936139
2021-03-24,1.005638051,1.161384377,0.487470998,0.26929621,7.984532869,34.73633565,21.28776489,4.29090909090909,2.293,0.023,2.568,0.034,99.695652173913,2.923789636,0.6959622400593167,0.7707489316753694,0.39707736110471886,0.23846258150979768,1.3670579306840125,3.576167976495075,0.022739486969489426,0.03343477608623739,1.6659900819390214,4.612102622763736
2021-03-25,0.835783745,1.045936139,0.600595065,0.329390421,7.997460813,36.04486212,21.19713353,3.88181818181818,2.19,0.024,2.333,0.034,91.25,2.81170537,0.6074714993132767,0.7158554544323403,0.4703754757272627,0.2847205070931412,1.3380766926685077,3.612129667901915,0.023716526617316044,0.03343477608623739,1.5855177287164481,4.524502282920636
2021-03-26,1.068972504,0.897568741,0.716780029,0.32711288,8.00696165,30.90696382,21.43968162,3.47272727272727,2.188,0.026,2.382,0.033,84.1538461538462,3.010434154,0.7270521091632581,0.6405734567724358,0.5404504601379135,0.2830058157865867,1.3888995032883633,3.462824287533877,0.025667746748577788,0.032467190137501496,1.4979983506998913,4.444459575247101
2021-03-27,1.759073135,0.682874728,0.942360608,0.458320058,7.996504707,26.19295873,22.13614772,3.06363636363636,2.122,0.027,2.34,0.038,78.5925925925926,3.842628529,1.0148948026765021,0.5205034786890828,0.6639040416115009,0.3772851280143204,1.5774576578156543,3.302958069568684,0.026641930946421175,0.037295784743696894,1.4020782288211517,4.376921030638181
2021-03-28,4.083432295,0.730354815,1.33653874,0.745597393,8.025206372,22.95164301,23.33154236,2.65454545454545,2.145,0.03,2.322,0.035,71.5,6.8959232429999995,1.625986682064667,0.5483264828562288,0.8486706633761234,0.5570968426262598,2.0663465810859574,3.1760369231740833,0.0295588022415444,0.0344014267173324,1.2959717228266034,4.283586561860629
2021-03-29,7.14019551,0.412251991,3.352954381,2.555952209,8.189225923,22.58162129,22.86907314,2.24545454545455,2.147,0.025,2.24,0.036,85.88,13.461354091,2.0968141981535293,0.34518558702928615,1.4708547826163256,1.268622878022539,2.671479856260547,3.160467649743026,0.0246926125903715,0.03536714383729131,1.1772554159872242,4.464527856185625
2021-03-30,10.2095945,0.111810282,3.11361815133333,3.88262853,8.211385228,22.5354294,23.82233164,1.83636363636364,2.147,0.02,2.432,0.029,107.35,17.31765146333333,2.4167700633700395,0.1059895715606679,1.4143029700375793,1.5856837080509862,2.9078651557953763,3.1585069198534375,0.019802627296179712,0.028587456851912555,1.0425228220170675,4.685366727982368
2021-03-31,10.64969432,0.529308588,2.87428192166667,3.337780204,8.35841048,20.04482897,23.83196507,1.42727272727273,2.113,0.011,2.311,0.014,192.090909090909,17.39106503366667,2.4552799410408612,0.424815729997316,1.3543603350955575,1.4673627435322862,2.911864950678645,3.04665487531852,0.010939940038334362,0.013902905168991422,0.8867682926078344,5.263161109563458
2021-04-01,9.618863143,1.298797972,2.634945692,1.224156408,8.209072411,20.11489718,24.34932657,1.01818181818182,1.902,0.004,2.126,0.018,475.5,14.776763215000003,2.362631961401941,0.8323863654516519,1.2905941705712618,0.7993777012536142,2.7585381749228493,3.0499788188500156,0.003992021269537453,0.017839918128331,0.7021970160798642,6.166467723094256
2021-04-02,9.679637944,1.494764663,1.4991021,0.254902245,8.140431571,23.40049167,25.19686459,0.609090909090909,1.979,0.007,2.014,0.013,282.714285714286,12.928406952,2.368338932582886,0.9141944013078521,0.9159315073607547,0.22705767711969546,2.6339304203044076,3.1946032825059754,0.006975613736425242,0.012916225266546327,0.47566936678141286,5.647967695549806
2021-04-03,8.492020275,1.587588704,1.496871832,0.236596669,8.173527154,22.52536133,25.03826213,0.2,1.978,0.007,2.209,0.042,282.571428571429,11.81307748,2.250451474580507,0.9507264397430125,0.9150386811857151,0.2123629844624944,2.5504663274926886,3.1580790447583773,0.006975613736425242,0.04114194333117518,0.18232155679395465,5.647464044065979
2021-04-04,5.522469225,1.662476466,1.293548154,0.053678494,8.097844316,27.93813831,24.24467777,0.6,2.048,0.014,2.145,0.022,146.285714285714,8.532172339,1.8752530197347483,0.9792566919354458,0.8301000306925389,0.05228736943119194,2.254672639119214,3.3651603898321154,0.013902905168991422,0.02176149178151269,0.4700036292457356,4.992374334961645
2021-04-05,3.887597685,1.512163531,0.901837916,0.013581766,8.078940666,31.61622069,24.02867583,0.725,1.881,0.015,2.196,0.029,125.4,6.3151808979999995,1.58670091181252,0.9211443464074265,0.6428207428263519,0.013490360518072805,1.9899517638997373,3.4848097318050737,0.014888612493750654,0.028587456851912555,0.545227050483323,4.839451481712757
2021-04-06,3.722561505,1.435463097,0.857192475,0.054305355,8.081790159,30.70454631,23.7904848,0.85,1.875,0.016,2.193,0.029,117.1875,6.069522431999999,1.5523513441308463,0.8901369220248453,0.6190659253570148,0.052882118787336674,1.955792929112126,3.4564600873192832,0.01587334915629015,0.028587456851912555,0.6151856390902334,4.772272346418676
2021-04-07,4.131759594,1.417813179,1.020275163,0.032896452,8.067906589,32.28706155,23.57556843,0.975,1.952,0.018,2.045,0.026,108.444444444444,6.602744388,1.6354486011510856,0.8828634865939611,0.7032337214430368,0.03236694503568483,2.028509285794252,3.505168779442339,0.017839918128331,0.025667746748577788,0.6805683983530851,4.695417063835865
2021-04-08,3.724182344,1.467981187,1.091266281,0.054522431,8.07486903,30.46624674,23.2306657,1.1,2.13,0.026,2.932,0.031,81.9230769230769,6.337952243,1.5526944970821306,0.903400483242613,0.7377697585844671,0.05308799240319837,1.9930598177352972,3.4489154392671795,0.025667746748577788,0.03052920503482287,0.7419373447293773,4.417913394007406
2021-04-09,2.926490593,1.354515195,1.261244573,0.111700434,8.078835745,27.36465268,22.90606368,1.34285714285714,2.028,0.023,2.193,0.027,88.1739130434783,5.653950795,1.367746048057606,0.8563348442801382,0.8159153577244878,0.10589076565044772,1.8952107827688232,3.3451437460358395,0.022739486969489426,0.026641930946421175,0.8513711857748383,4.490588542143231
2021-04-10,3.011758321,1.244088278,1.278191027,0.360376266,8.107775687,24.19622359,22.77960203,1.58571428571429,1.975,0.021,2.267,0.039,94.0476190476191,5.894413892,1.3892296292523445,0.8082993264588617,0.8233817188401531,0.30776132765940223,1.9307115028460766,3.226694125747932,0.020782539182528502,0.038258712117090345,0.9500017892164685,4.554378019147987
2021-04-11,3.75589725,1.075636758,1.268422576,0.930904486,8.134803907,22.38885962,23.0566932,1.82857142857143,2.047,0.023,2.196,0.038,89.0,7.03086107,1.5593853743058408,0.7302679779325881,0.8190846894975605,0.6579885387325991,2.083291753841152,3.1522598243840085,0.022739486969489426,0.037295784743696894,1.0397717886451767,4.499809670330265
2021-04-12,7.548631427,0.719478639,0.758254888,4.435365677,8.427380883,19.36836423,23.98491673,2.07142857142857,1.925,0.019,1.986,0.019,101.315789473684,13.461730631,2.1457712031190326,0.5420211280156954,0.5643217762390949,1.6929268001865738,2.6715058935939533,3.013982924117848,0.018821754240587758,0.018821754240587758,1.1221427860783033,4.6280640058539415
2021-04-13,8.276589428,0.779029689,1.145445329,4.529674149,8.59741202,18.14949385,24.69069515,2.31428571428571,1.8,0.01,1.971,0.022,180.0,14.730738594999998,2.2274939607121382,0.5760680971335401,0.7633471434188821,1.710128889566678,2.755616670513311,2.9522762844679553,0.009950330853168083,0.02176149178151269,1.1982421296169496,5.198497031265826
2021-04-14,7.517936278,0.86301231,2.001165822,4.790101376,8.320229544,20.67005938,23.30976828,2.55714285714286,1.809,0.022,2.048,0.051,82.2272727272727,15.172215785999999,2.1421740906089872,0.622194699219736,1.0990008205131694,1.7561498002399167,2.783294694875258,3.0759315557383298,0.02176149178151269,0.04974209189481407,1.2689576544153494,4.421575091316194
2021-04-15,7.986215989,0.567226647,1.125785663,4.097689469,8.375120927,19.81654019,23.01431571,2.8,1.929,0.017,2.258,0.035,113.470588235294,13.776917768,2.1956918465264756,0.4493075904388167,0.7541414578100968,1.6287873917801368,2.6930663530416967,3.035747872144427,0.016857117066422903,0.0344014267173324,1.33500106673234,4.740317918689733
2021-04-16,8.4544957,1.040922596,0.577630962,3.405277561,8.270872557,17.0894097,23.62063331,0.5,1.666,0.013,1.788,0.025,128.153846153846,13.478326819000001,2.2464903638291553,0.7134019585617631,0.455924330687845,1.482803267845747,2.672652829106986,2.8953266675867875,0.012916225266546327,0.0246926125903715,0.4054651081081644,4.8610042996160026
2021-04-17,10.41162201,0.692251991,0.771136857,6.085865315,8.339958726,18.07622737,23.56188993,0.4,1.799,0.016,1.895,0.023,112.4375,17.960876173000003,2.4346323106505823,0.5260601809459972,0.5716216324948495,1.9581019990653508,2.942377707415268,2.9484429195303887,0.01587334915629015,0.022739486969489426,0.33647223662121295,4.73125202445917
2021-04-18,8.386393917,1.28493845,2.797393193,0.710086894,8.337127444,19.12750253,23.71116582,0.471428571428571,1.709,0.015,1.839,0.023,113.933333333333,13.178812454,2.239261185061781,0.8263390874407033,1.3343148294833052,0.5365441844281981,2.6517487696420594,3.002087164890662,0.014888612493750654,0.022739486969489426,0.3862337461802765,4.744352250121425
2021-04-19,7.374503983,1.246632875,2.790970311,0.645351195,8.251407676,19.98128458,23.24478639,0.542857142857143,1.693,0.007,2.041,0.017,241.857142857143,12.057458364,2.125191850046759,0.809432595341805,1.3326220050606408,0.4979538538322914,2.569359492657715,3.0436308298830683,0.006975613736425242,0.016857117066422903,0.43363598507486084,5.4924733809889945
2021-04-20,7.474395366,1.318081101,2.25711803,0.843287473,8.26117958,20.83472918,23.55676322,0.614285714285714,1.703,0.005,2.115,0.014,340.6,11.892881970000001,2.1370493074766257,0.8407397317947269,1.1808427645076103,0.6115506475331376,2.5566753738067924,3.083501783837936,0.004987541511039074,0.013902905168991422,0.4788925766629814,5.833640461914415
2021-04-21,7.563511948,1.107190442,1.574141926,1.774199855,8.30185735,20.4745105,23.87123823,0.685714285714286,1.736,0.006,1.957,0.038,289.333333333333,12.019044171,2.1475103803132285,0.7453555161195993,0.9455162459600127,1.020362365079731,2.5664132217200124,3.0668666736640837,0.005982071677547464,0.037295784743696894,0.522189382416306,5.671029688184392
2021-04-22,9.427139754,0.687856626,1.262411296,3.597624909,8.387564808,20.21008472,24.84787111,0.757142857142857,1.714,0.01,1.946,0.04,171.4,14.975032585000001,2.3444119988057723,0.5234594553626054,0.8164311896355162,1.5255398460234106,2.771027040011127,3.0544767629109053,0.009950330853168083,0.039220713153281295,0.5636891133230584,5.149817358229593
2021-04-23,9.938812455,0.561107893,2.932635771,2.935923244,8.644658943,18.59609196,25.14863867,0.828571428571429,1.77,0.012,2.051,0.028,147.5,16.368479363000002,2.3923172403705166,0.4453957570179231,1.3693098807198527,1.3701454779835995,2.8546570325520864,2.975330156559765,0.011928570865273802,0.027615167032973367,0.6035350218702584,5.000584958242754
2021-04-24,9.186256336,0.802534395,2.04352643,3.833692976,8.808049964,15.91741274,25.24284576,0.9,1.713,0.008,2.15,0.039,214.125,15.866010137,2.3210393936670703,0.5891936718257019,1.1130168529949636,1.5756107668178057,2.8253003621839303,2.8283434311384275,0.007968169649176874,0.038258712117090345,0.6418538861723948,5.371219254531703
2021-04-25,13.21192614,0.787284576,3.533888487,4.463345402,8.437085445,13.37297104,24.84683563,6.6,1.691,0.003,2.014,0.044,563.666666666667,21.996444605,2.6540814811286704,0.5806974714002009,1.511579956943885,1.698061313115085,3.135339621588756,2.665349431678037,0.002995508979798479,0.04305948946044697,2.028148247292285,6.33623558654389
2021-04-26,11.54299566,1.628082489,3.741628075,1.04183068,8.36698987,10.09819537,25.29986252,7.0,1.71,0.006,1.94,0.043,285.0,17.954536904,2.5291623950327513,0.9662544886381266,1.556380552471094,0.7138467975973779,2.94204331733247,2.4067825158215657,0.005982071677547464,0.042101176018635396,2.0794415416798357,5.655991810819852
2021-04-27,8.482054993,1.949037627,3.725629522,0.214088278,8.247251809,11.95997902,25.01001447,7.4,1.639,0.005,1.786,0.031,327.8,14.370810420000002,2.2494010641889046,1.0814788889921614,1.553000784240401,0.1939934066327891,2.732470283551486,2.561866072095658,0.004987541511039074,0.03052920503482287,2.128231705849268,5.7954496631820245
2021-04-28,4.98897974,1.612120116,2.361150507,0.014493488,8.115285094,15.8392547,24.90000724,19.6,1.786,0.01,2.001,0.04,178.6,8.976743851,1.789921070408011,0.9601621965743089,1.2122833281628487,0.014389461337551887,2.3002567696517033,2.823712750115064,0.009950330853168083,0.039220713153281295,3.0252910757955354,5.190732155868099
2021-04-29,3.145130246,1.46431259,1.38329233,0.039790159,7.955102026,19.15817004,24.81281476,0.6,1.679,0.003,1.901,0.04,559.666666666667,6.032525324999999,1.4219342105302546,0.9019129004495411,0.8684828636940085,0.03901892260262983,1.9505458625129661,3.0036096672577597,0.002995508979798479,0.039220713153281295,0.4700036292457356,6.329126551864785
2021-04-30,3.34686686,1.555593343,0.93366136,0.286439942,7.995900145,17.30899493,25.43335022,5.975,1.698,0.006,1.965,0.039,283.0,6.122561505000001,1.4694553235182841,0.938284424874917,0.6594152834576302,0.2518786684008395,1.9632674226632776,2.907392465317436,0.005982071677547464,0.038258712117090345,1.9423323277074294,5.648974238161206
2021-05-01,8.648813314,1.565658466,0.558393632,2.282416787,8.210593343,13.5441013,26.53871925,11.35,1.756,0.015,2.052,0.023,117.066666666667,13.055282199,2.2668349351466524,0.9422151575687117,0.44365556765548514,1.1885799763784355,2.642998282349745,2.677185502482374,0.014888612493750654,0.022739486969489426,2.513656063073986,4.771249436680626
2021-05-02,10.77605644,1.238154848,1.066164978,2.690998553,8.182839363,10.72429378,25.93903039,16.725,1.77,0.022,1.962,0.03,80.4545454545455,15.771374819,2.466068354773948,0.8056517978447172,0.7256942213331141,1.3058970320131058,2.819673553333547,2.461663080535382,0.02176149178151269,0.0295588022415444,2.874976072418191,4.400045140176561
2021-05-03,10.4483468,1.023681117,2.765547392,2.769448935,8.23559809,9.606595885,25.51589273,22.1,1.787,0.025,2.052,0.03,71.48,17.007024244,2.437845335296359,0.704918188123446,1.3258932403252417,1.3269288196883515,2.8907619175517643,2.361476060900597,0.0246926125903715,0.0295588022415444,3.139832617527748,4.283310661734724
2021-05-04,5.103333333,1.714479879,2.101404708,0.42055429,8.221425968,9.481292331,25.85014427,2.6,1.583,0.004,1.888,0.032,395.75,9.33977221,1.8088350699636948,0.9986003619210874,1.1318551404708774,0.35104714051877467,2.335997838856962,2.349591985317064,0.003992021269537453,0.03149866705937099,1.2809338454620642,5.983306359406519
2021-05-05,5.319553707,1.334780635,1.705537065,1.04096823,8.248708018,11.08697504,25.92402421,3.75,1.766,0.023,1.953,0.027,76.7826086956522,9.400839637,1.8436485896843275,0.8479179402408055,0.9953004378774444,0.7134243178074888,2.3418865372154096,2.4921284298466446,0.022739486969489426,0.026641930946421175,1.55814461804655,4.35391786757957
2021-05-06,6.643535127,1.224387145,1.12490284,2.742219731,8.224845291,19.60512182,25.83349028,4.9,1.68,0.01,2.251,0.021,168.0,11.735044843,2.0338602091179148,0.7994814372280776,0.7537260789781404,1.319678946331034,2.544357629665896,3.0255396769305474,0.009950330853168083,0.020782539182528502,1.7749523509116738,5.1298987149230735
2021-05-07,6.720640432,1.35974537,1.056712963,2.488796296,8.152927469,17.0385787,26.54580247,6.05,1.723,0.016,2.162,0.028,107.6875,11.625895061000001,2.0438973181088538,0.8585537191487385,0.7211090593686036,1.2495567758627557,2.535749868569219,2.892512725499653,0.01587334915629015,0.027615167032973367,1.9530276168241774,4.688476792114502
2021-05-08,10.3746258,1.067882166,0.963041401,4.274800955,8.210423567,12.85324761,26.75089968,7.2,1.83,0.025,2.432,0.037,73.2,16.680350322000002,2.431385067592609,0.7265249753322562,0.6744950057494532,1.662940945000909,2.872453871605951,2.628519689622694,0.0246926125903715,0.03633192924739028,2.1041341542702074,4.3067641501733345
2021-05-09,12.88002894,1.026447178,1.780969609,6.806172214,8.370437771,12.58212446,26.84835022,12.6,1.785,0.017,2.175,0.037,105.0,22.493617941,2.630451040090894,0.7062841011161145,1.0227996471086926,2.0549147302624404,3.156728807287684,2.608754550248495,0.016857117066422903,0.03633192924739028,2.6100697927420065,4.663439094112067
2021-05-10,9.980101302,0.767814761,0.965441389,4.811888567,8.323633864,13.13168741,27.04804631,16.9,1.772,0.016,2.029,0.037,110.75,16.525246019,2.3960846620861838,0.5697441855363125,0.6757168455419992,1.7599055726061332,2.8636424709961568,2.6484196099485553,0.01587334915629015,0.03633192924739028,2.884800712846709,4.716264233493678
2021-05-11,10.45217438,0.690694645,1.235817656,6.592655572,8.686676556,13.29438278,28.03734443,21.2,1.694,0.022,2.034,0.035,77.0,18.971342253000003,2.438179614154518,0.5251394770286251,0.8046070027725453,2.0271814079484574,2.994298358639205,2.659866647507375,0.02176149178151269,0.0344014267173324,3.100092288878234,4.356708826689592
2021-05-12,10.92424747,1.008740955,3.711635311,6.220940666,8.56895369,13.28641679,28.12939942,25.5,1.692,0.022,2.112,0.034,76.9090909090909,21.865564402,2.478573929542095,0.6975081352591987,1.5500350475561138,1.976985230567816,3.129632040907711,2.6593092110237126,0.02176149178151269,0.03343477608623739,3.2771447329921766,4.355542645799409
2021-05-13,11.39632055,1.294891462,3.394952967,5.8229233,8.750437771,12.63127207,28.69360347,0.1,1.55,0.009,1.978,0.044,172.222222222222,21.909088279000002,2.517399698739272,0.8306855491479603,1.4804568296009257,1.9202880163806835,3.1315336999074908,2.6123665700403107,0.008959741371471902,0.04305948946044697,0.09531017980432487,5.154575291721556
2021-05-14,11.86839363,2.071085384,3.078270622,1.578183792,8.424908104,12.50367077,29.06458755,0.555555555555556,1.577,0.006,1.813,0.031,262.833333333333,18.595933428,2.5547741987441706,1.1220310443935737,1.4056730314021317,0.9470851944505946,2.9753220665466347,2.6029615573727503,0.005982071677547464,0.03052920503482287,0.4418327522790395,5.575317590652956
2021-05-15,10.3936903,2.247416787,2.789963821,1.021034732,8.41515919,13.04795224,29.37147612,1.01111111111111,1.809,0.019,2.096,0.04,95.2105263157895,16.45210564,2.433059719716353,1.177859845523778,1.3323564731384823,0.7036096238255211,2.859460308417464,2.642476637114772,0.018821754240587758,0.039220713153281295,0.69868736093556,4.566538772847655
2021-05-16,7.787894356,1.992091172,2.251910275,0.437995658,8.472217077,12.93571346,29.74948625,1.46666666666667,1.763,0.012,1.994,0.039,146.916666666667,12.469891461,2.1733751330572977,1.0959725315731048,1.1792426005915264,0.3632502398228082,2.6004569325575884,2.6344548587621395,0.011928570865273802,0.038258712117090345,0.9028677115420157,4.996649052121518
2021-05-17,7.709942113,1.648900145,1.862930535,0.631671491,8.455266281,13.57013821,29.90559334,1.92222222222222,1.807,0.021,2.091,0.036,86.047619047619,11.853444284000002,2.164465144803291,0.9741445142227065,1.0518457628107987,0.48960494400049354,2.5536118130909213,2.6789741060921153,0.020782539182528502,0.03536714383729131,1.0723443618474986,4.4664553142906716
2021-05-18,7.95459479,1.794536903,2.183371925,0.967460203,8.53606657,14.0753437,30.06843705,2.37777777777778,1.829,0.021,2.016,0.046,87.0952380952381,12.899963820999998,2.1921667849076423,1.0276664052228168,1.157940988787695,0.6767434739129811,2.631886237327503,2.713060541689998,0.020782539182528502,0.044973365642731154,1.2172180310759573,4.478418480348948
2021-05-19,6.148660391,2.073439537,2.115097755,0.525887038,8.199367125,17.47628675,29.48325851,2.83333333333333,1.825,0.021,2.11,0.039,86.9047619047619,10.863084721,1.9669249812501342,1.1227973048109225,1.1362605337694829,0.42257590522058325,2.4734314542702567,2.916488112582151,0.020782539182528502,0.038258712117090345,1.3437347467010938,4.476253977339375
2021-05-20,6.47459479,2.147988423,1.725434153,1.445188133,8.179396527,19.21553763,29.48351664,3.28888888888889,1.893,0.031,2.219,0.038,61.0645161290323,11.793205499,2.0115099091117536,1.1467636529753322,1.0026277376266082,0.8941220659789128,2.5489142095999267,3.006451498336406,0.03052920503482287,0.037295784743696894,1.456027699134566,4.1281744267405065
2021-05-21,6.24963097,2.020904486,1.553552822,1.10841534,8.159390014,16.45255716,29.9261288,3.74444444444444,1.926,0.032,2.233,0.037,60.1875,10.932503618000002,1.9809505668814442,1.1055562852214995,0.937485653008701,0.745936641631715,2.4792660731033997,2.8594861800325324,0.03149866705937099,0.03633192924739028,1.5569743428983585,4.113942920290729
2021-05-22,9.313533671,2.253519189,1.960905141,1.099435192,8.240046343,15.23314917,30.61512672,4.2,1.947,0.031,2.348,0.035,62.8064516129032,14.627393193,2.3334569814012673,1.179737237891556,1.085495012469846,0.7416683523636984,2.749025348246003,2.787055396592222,0.03052920503482287,0.0344014267173324,1.6486586255873816,4.155854307697511
2021-05-23,8.771643736,2.272353367,2.031506155,0.384373642,8.104181028,15.20816872,30.47850833,2.9,2.201,0.027,2.535,0.044,81.5185185185185,13.4598769,2.279484695096842,1.1855094101586063,1.1090595768755998,0.325247793302801,2.6713777035546857,2.7855153571263824,0.026641930946421175,0.04305948946044697,1.3609765531356006,4.413022735042845
2021-05-24,12.23581766,2.632329957,2.072858177,1.804732272,8.245825615,16.47179522,30.82335022,1.6,2.132,0.031,2.345,0.04,68.7741935483871,18.745738065999998,2.582926613899198,1.2898743038043206,1.1226081307654123,1.031308087717016,2.982937673933646,2.8605878790267765,0.03052920503482287,0.039220713153281295,0.9555114450274363,4.245264221467913
2021-05-25,7.288306802,2.306570188,2.200593343,0.653031838,8.144913893,18.36548408,30.22277135,0.1,2.06,0.036,2.463,0.039,57.2222222222222,12.448502171,2.1148457024478224,1.1959114551868852,1.1633362123050752,0.5026110793914536,2.598867737095627,2.963492310330499,0.03536714383729131,0.038258712117090345,0.09531017980432487,4.064267106984822
2021-05-26,7.123219971,1.942163531,1.935021708,0.574160637,8.136945007,16.31444935,30.65795948,0.2,2.041,0.034,2.426,0.038,60.0294117647059,11.574565847,2.094726623721857,1.079145205610665,1.076714849504837,0.45372220133163405,2.531676190300335,2.851541375442832,0.03343477608623739,0.037295784743696894,0.18232155679395465,4.111355908048638
2021-05-27,13.12875543,2.231968162,1.083849493,2.358885673,8.418051375,16.28587844,31.29712735,7.8,2.137,0.034,2.498,0.038,62.8529411764706,18.803458757999998,2.648212112845476,1.1730912897439922,0.7342169010335925,1.2116092740282913,2.9858566071923605,2.849889893025262,0.03343477608623739,0.037295784743696894,2.174751721484161,4.156582645262131
2021-05-28,12.95147251,4.157943208,1.380053722,3.748687644,8.76795472,16.93598388,32.00852648,15.4,2.086,0.034,2.353,0.038,61.3529411764706,22.238157084,2.635585058969105,1.6405378969293631,0.867123059697541,1.5578682943990028,3.145795629527822,2.886808967578285,0.03343477608623739,0.037295784743696894,2.797281334830153,4.132810843049897
2021-05-29,12.77418958,4.349261939,3.183798842,0.983487699,8.441345152,17.4228741,30.89643994,16.1,2.118,0.033,2.439,0.04,64.1818181818182,21.290738060000002,2.6227965206403923,1.676958596064101,1.4312196476909718,0.6848567592892917,3.1041712585588837,2.913593050143028,0.032467190137501496,0.039220713153281295,2.8390784635086144,4.17718056780125
2021-05-30,4.561085384,2.618393632,2.726816208,0.11463097,8.071892185,22.76943271,29.86959479,16.8,1.974,0.018,2.303,0.032,109.666666666667,10.020926194000001,1.715793302160563,1.286030179286072,1.3155543056240662,0.10852338152001846,2.3997958468355156,3.1684004152900864,0.017839918128331,0.03149866705937099,2.8791984572980396,4.706522680248382
2021-05-31,2.984026068,2.615481535,1.433403331,0.02750181,8.085283128,25.37019501,28.23417813,17.5,1.929,0.018,2.156,0.028,107.166666666667,7.060412744,1.382292882873636,1.2852250514423973,0.8892908252368812,0.0271304289438787,2.086964764140407,3.2722343954838506,0.017839918128331,0.027615167032973367,2.917770732084279,4.683673247476038
2021-06-01,3.477842143,5.352635771,1.66583635,0.01,8.038701665,27.97095731,26.96889935,13.75,2.167,0.034,2.551,0.041,63.7352941176471,10.506314263999998,1.4991412658803533,1.8488698088291227,0.9805178357764122,0.009950330853168083,2.4428959511221655,3.366293856109297,0.03343477608623739,0.04018178963283184,2.691243082785829,4.170306556910301
2021-06-02,3.030108617,4.717726285,1.443895728,0.01,7.981805938,30.57171961,26.58310644,10.0,2.053,0.027,2.476,0.042,76.037037037037,9.20173063,1.393793327704571,1.7435712237442191,0.8935933759147422,0.009950330853168083,2.3225573755058084,3.4522617708362398,0.026641930946421175,0.04114194333117518,2.3978952727983707,4.344286306691034
2021-06-03,2.947487328,2.962997828,1.011259957,0.01,7.93962853,33.17248191,26.9796307,11.4,2.528,0.028,2.696,0.038,90.2857142857143,6.931745113,1.373079257009512,1.3770007661385035,0.6987613699647808,0.009950330853168083,2.070873076127121,3.5314206976714972,0.027615167032973367,0.037295784743696894,2.517696472610991,4.513994305322222
2021-06-04,3.871049964,3.021397538,1.420637219,0.011448226,7.979272266,35.77324422,27.21068067,12.8,2.805,0.031,2.963,0.038,90.4838709677419,8.324532947,1.5833095122138021,1.391629488484624,0.8840308191440075,0.011383190947382488,2.2326488781629275,3.6047705215000048,0.03052920503482287,0.037295784743696894,2.624668592163159,4.516162683166871
2021-06-05,3.581513396,2.923359884,1.228291093,0.01,7.9536937,38.37400652,27.00388125,4.0,2.774,0.026,2.89,0.036,106.692307692308,7.743164373,1.5220293793520658,1.3669483999558585,0.8012349656851867,0.009950330853168083,2.1682721805481613,3.673105865589389,0.025667746748577788,0.03536714383729131,1.6094379124341003,4.679278158141816
2021-06-06,3.501520637,2.568884866,1.726929761,0.22102824,7.894482259,40.97476882,27.04002896,4.1,2.772,0.019,2.802,0.038,145.894736842105,8.018363504,1.5044152590277287,1.2722531845312455,1.00317634665605,0.19969332344423463,2.1992628879024196,3.7370686953844117,0.018821754240587758,0.037295784743696894,1.62924053973028,4.98971625436988
2021-06-07,4.047988423,2.928039074,1.700513748,1.252416787,7.874144718,43.57553112,26.74773517,5.8,2.766,0.033,2.871,0.035,83.8181818181818,9.928958031999999,1.618989831852764,1.368140337998751,0.993442031946941,0.8120037673096406,2.3914159666286037,3.7971850788773214,0.032467190137501496,0.0344014267173324,1.916922612182061,4.440509928048973
2021-06-08,5.42105644,2.714985528,2.647655572,2.965564399,7.883871201,46.17629342,26.93375543,18.4,2.84,0.024,2.999,0.037,118.333333333333,13.749261939,1.8595826586813944,1.3123747826035883,1.294084652184479,1.3776481902278068,2.6911930434999864,3.853891508366838,0.023716526617316044,0.03633192924739028,2.9652730660692823,4.781920697732588
2021-06-09,3.706534009,2.315607815,2.045397974,0.598762663,7.822294501,48.77705572,26.83922576,0.9,2.888,0.027,3.155,0.036,106.962962962963,8.666302461,1.548951757943123,1.198640959771906,1.1136315901586273,0.4692299944424877,2.2686458641603133,3.907554149348558,0.026641930946421175,0.03536714383729131,0.6418538861723948,4.6817882327802645
2021-06-10,5.004493488,2.285788712,1.838328509,0.909182344,7.919751085,40.04733936,27.38000724,1.1,2.734,0.026,3.128,0.04,105.153846153846,10.037793053,1.7925081035980694,1.1896067180955563,1.043215325738697,0.6466750582543391,2.4013251162457925,3.714726019181558,0.025667746748577788,0.039220713153281295,0.7419373447293773,4.664889420689712
2021-06-11,6.557850941,2.474486252,1.992199711,1.100542692,7.96860275,35.69748336,27.89850217,1.66666666666667,2.678,0.027,3.052,0.036,99.1851851851852,12.125079595999999,2.0225868827164093,1.2454466269360962,1.0960088062135374,0.742195736105355,2.5745248729164416,3.6027081794122657,0.026641930946421175,0.03536714383729131,0.9808292530117275,4.607020325276253
2021-06-12,10.47475018,3.004083997,2.013425054,2.717328023,8.162823316,27.54421941,28.72382332,2.23333333333333,2.781,0.025,2.801,0.037,111.24,18.209587254,2.440148984903521,1.3873148395046617,1.1030773235470768,1.3130051368160394,2.9554094905527615,3.351454443097316,0.0246926125903715,0.03633192924739028,1.1735135968412265,4.720639435794205
2021-06-13,11.39622737,4.336705286,1.629080377,6.692700941,8.52286097,20.88828168,29.09868211,2.8,2.651,0.028,2.999,0.043,94.6785714285714,24.054713974000002,2.5173921819644494,1.6746084749164531,0.96663411850215,2.0402719495498527,3.2210619924215607,3.08595141050938,0.027615167032973367,0.042101176018635396,1.33500106673234,4.5609943593694044
2021-06-14,12.31770456,3.687096307,3.170043447,3.827284576,8.286925416,20.05389356,29.40347574,3.2,2.636,0.025,2.985,0.035,105.44,23.00212889,2.589094319931335,1.5448132664145546,1.4279264547012773,1.5742841099851166,3.1781425301640005,3.047085510244966,0.0246926125903715,0.0344014267173324,1.4350845252893227,4.667581446109488
2021-06-15,12.76595804,1.172498158,3.30249151983333,5.550228096,8.693786293,16.97281061,30.18782609,6.48163265306122,2.398,0.031,2.921,0.034,77.3548387096774,22.791175813833327,2.622198735882031,0.7758777302859344,1.4591942781157534,1.8794998728576193,3.169314747802767,2.888860094241502,0.03052920503482287,0.03343477608623739,2.0124510372949773,4.361247724517026
2021-06-16,13.21421152,0.896545981,3.43493959266667,7.273171615,8.61447719,16.83795583,30.7655105,9.76326530612245,2.212,0.027,2.367,0.035,81.9259259259259,24.818868708666667,2.6542422753971184,0.6400343270414119,1.4895139950750205,2.1130179439793544,3.2511055699220766,2.8813285370664907,0.026641930946421175,0.0344014267173324,2.37613897580856,4.417947750594426
2021-06-17,13.662465,1.68961622,3.567387666,3.974916727,8.760372918,14.15688414,31.75823316,13.0448979591837,2.164,0.019,2.255,0.039,113.894736842105,22.894385612999997,2.685290826934972,0.9893985142905558,1.5189414147694436,1.604408632179012,3.173643519751457,2.71845482742743,0.018821754240587758,0.038258712117090345,2.6422591952527554,4.744016377383502
2021-06-18,14.11071848,3.352888563,3.69983573833333,1.480505865,8.66738783,18.10482405,31.99110704,16.3265306122449,1.99,0.019,2.204,0.034,104.736842105263,22.64394864633333,2.7154043251210935,1.4708396621965285,1.5475275588144912,0.908462517198824,3.163107211006344,2.9499408712254676,0.018821754240587758,0.03343477608623739,2.852238888200721,4.660953385648493
2021-06-19,12.69496017,3.243685735,3.83228381116667,0.716705286,8.842859522,17.98261984,32.48895728,19.6081632653061,2.118,0.029,2.628,0.057,73.0344827586207,20.48763500216667,2.6170278943500964,1.4454321687639615,1.5753191946623286,0.5404069224535173,3.0674776535125776,2.943523815268519,0.028587456851912555,0.055434706888100586,3.0256872723141877,4.304530967892307
2021-06-20,13.06872464,3.638746377,3.964731884,1.003405797,8.801305797,15.67951812,32.55293478,22.8897959183673,1.929,0.016,2.53,0.056,120.5625,21.675608697999998,2.643954223094648,1.5344441523629933,1.602359294830559,0.6948486307722529,3.121289840095139,2.814181506825036,0.01587334915629015,0.05448818528406973,3.173451418746492,4.800428533812766
2021-06-21,6.75934877,2.835984081,2.980781476,0.369905933,8.488646889,13.44834009,32.21141823,26.1714285714286,1.863,0.019,2.489,0.069,98.0526315789474,12.946020260000001,2.0488984092817777,1.3444260071168561,1.381478150775829,0.3147420754388919,2.635194181544071,2.6705795352957113,0.018821754240587758,0.06672363204290818,3.3021660010559777,4.595651340978884
2021-06-22,4.531796875,1.943177083,1.928723958,0.634296875,8.144580729,15.43850347,30.95539931,23.6,1.821,0.016,2.496,0.052,113.8125,9.037994791000001,1.7105126949432778,1.0794896383551722,1.0745668189522777,0.4912126659814119,2.306377372304534,2.7996263556792167,0.01587334915629015,0.050693114315518116,3.202746442938317,4.7433003629753445
2021-06-23,4.704232996,2.249761216,1.742879884,0.8823589,7.979740232,26.03100507,30.07568741,12.05,2.033,0.038,2.394,0.044,53.5,9.579232996,1.741208530103832,1.1785815216424465,1.0090084209857186,0.6325257243635,2.3588929281500426,3.296984543096882,0.037295784743696894,0.04305948946044697,2.5687881337687024,3.9982007016691985
2021-06-24,4.310383502,2.303357453,1.620354559,0.431613603,8.05368958,29.51929884,29.49064399,0.5,1.91,0.032,2.32,0.043,59.6875,8.665709117,1.6696640552447912,1.194939361261661,0.9633096364796117,0.35880220182044403,2.2685844795498404,3.4183592323646748,0.03149866705937099,0.042101176018635396,0.4054651081081644,4.105737746051544
2021-06-25,4.245991317,1.983871201,1.684797395,1.424652677,8.107403039,27.28146527,29.22596237,1.3,2.325,0.037,2.445,0.051,62.8378378378378,9.339312589999999,1.6574642262774715,1.093221518206203,0.9876052670131636,0.8856882881522451,2.3359533862127058,3.3422066526281364,0.03633192924739028,0.04974209189481407,0.832909122935104,4.156346084113083
2021-06-26,3.8047178,2.20463097,1.39922576,0.844319826,8.150585384,27.94995731,29.1847974,3.8,2.057,0.036,2.783,0.083,57.1388888888889,8.252894356,1.5695983102084794,1.1645969417776099,0.8751460853073261,0.6121105515268461,2.224936405931641,3.365568729406518,0.03536714383729131,0.07973496801885356,1.5686159179138452,4.0628347839898895
2021-06-27,9.500918958,4.03406657,0.444978292,5.68369754,8.608043415,25.1874233,29.97444284,9.11666666666667,1.92,0.035,2.778,0.069,54.8571428571428,19.66366136,2.3514627731433664,1.6162281207019682,0.36809429861418125,1.8996713583627751,3.0283766677382338,3.2652792687997856,0.0344014267173324,0.06672363204290818,2.314184228837398,4.0227974109300515
2021-06-28,14.25927589,5.868066618,0.680014482,5.182036903,8.791021723,24.20205938,29.88635047,14.4333333333333,2.211,0.037,2.338,0.111,59.7567567567568,25.989393893,2.725187573223244,1.9268826427552221,0.5188024136161088,1.8216478131194773,3.2954439700530442,3.2269257126069353,0.03633192924739028,0.10526051065749295,2.7365296724240764,4.106878298369358
2021-06-29,13.72623734,5.305086334,1.009790159,4.680376266,8.555907381,18.84773806,29.7805644,19.75,2.077,0.036,2.341,0.056,57.6944444444444,24.721490099,2.6896307558884924,1.8413566622652449,0.6980303181136183,1.7370174745531066,3.2473268331111336,2.9880900490029387,0.03536714383729131,0.05448818528406973,3.0325462466767075,4.072345079159946
2021-06-30,10.05462285,4.742106049,1.787453323,2.233973114,8.230150859,16.61694847,29.98994025,17.9,1.997,0.051,2.429,0.054,39.156862745098,18.818155336,2.40284869794274,1.7478260505286707,1.0251283915339287,1.173711447576758,2.986598453732945,2.8688614199251155,0.04974209189481407,0.05259245011917058,2.9391619220655967,3.692793353435072
2021-07-01,10.23335022,3.207648336,1.667120116,2.745260492,8.094580318,17.5315369,29.89128799,1.7,2.031,0.038,2.291,0.0545,53.4473684210526,17.853379164,2.4188870519531713,1.436903901601008,0.980999282055969,1.3204911718265562,2.9366921638224865,2.91947397803431,0.037295784743696894,0.053066720936692235,0.9932517730102833,3.9972345180191566
2021-07-02,11.37768116,3.484753623,2.035043478,3.114731884,8.244502899,17.32571522,30.55868116,1.45,2.031,0.042,2.602,0.055,48.3571428571429,20.012210145,2.5158949443814365,1.5006835604455575,1.1102257499442723,1.414573676234736,3.0451037042315,2.908305276751866,0.04114194333117518,0.05354076692802982,0.8960880245566356,3.8990824941524123
2021-07-03,13.92808973,4.039001447,2.123075253,4.596078148,8.49689508,16.16323661,30.96692475,1.2,2.049,0.034,2.469,0.063,60.2647058823529,24.686244578,2.703244654939013,1.6172079368585708,1.1388181743923127,1.7220660216807075,3.245955618186223,2.842769689910864,0.03343477608623739,0.06109509935981088,0.7884573603642702,4.11520391664481
2021-07-04,9.610976845,3.948704776,2.632373372,1.191939219,8.256375543,14.96980318,30.8697178,0.95,1.826,0.02,2.495,0.072,91.3,17.383994211999998,2.3618890167196254,1.5991258809271367,1.2898862561162139,0.7847866401429313,2.91148040626736,2.770699637792804,0.019802627296179712,0.06952606264861023,0.6678293725756554,4.525044141508807
2021-07-05,13.8032055,4.778422576,3.487510854,2.188617945,8.737348046,13.66044139,31.4801809,0.7,1.853,0.025,2.651,0.057,74.12,24.257756875000002,2.6948437451561476,1.754130734710733,1.501298172530135,1.159587576837049,3.229133311514495,2.685152804463645,0.0246926125903715,0.055434706888100586,0.5306282510621704,4.319086834900007
2021-07-06,12.07648081,4.28121651,3.787233888,0.894887762,8.629115858,14.90550905,31.44707458,0.45,1.922,0.034,2.626,0.093,56.5294117647059,21.03981897,2.5708152586050375,1.6641564708014656,1.5659527682099164,0.6391596082842708,3.0928507705486217,2.766665530347535,0.03343477608623739,0.08892620919440151,0.37156355643248307,4.052296325978602
2021-07-07,9.815503259,3.756183925,3.395380159,1.172483707,8.465971035,16.05989935,31.51370022,0.2,1.955,0.033,2.607,0.05,59.2424242424242,18.13955105,2.3809805917481732,1.5594456502843175,1.4805540254623824,0.7758710784745119,2.951756929636857,2.836730642280596,0.032467190137501496,0.048790164169432,0.18232155679395465,4.098376825750038
2021-07-08,10.95268841,3.548427536,2.585884058,2.04123913,8.452552174,14.13558913,32.11398551,0.53,1.586,0.022,2.302,0.048,72.0909090909091,19.128239134,2.4809562246233328,1.5147815767471153,1.2770050428141877,1.112265040920963,3.0021237611112075,2.7170488667243826,0.02176149178151269,0.046883585898850416,0.4252677354043441,4.291703996380596
2021-07-09,5.504181159,2.163811594,1.502586957,0.092347826,8.193336232,14.32292681,32.37757246,0.86,1.713,0.037,2.433,0.055,46.2972972972973,9.262927536,1.8724452253323933,1.151777501356195,0.917324979655487,0.08832934858337947,2.3285381339351523,2.7293501911048303,0.03633192924739028,0.05354076692802982,0.6205764877251099,3.856453154273335
2021-07-10,6.883577118,1.927060101,1.425582911,0.112773353,8.231006517,14.48876828,32.12149891,1.19,1.765,0.032,2.354,0.049,55.15625,10.348993483,2.06478174985089,1.0739985408095,0.886071871173947,0.1068554154381598,2.4291290600832216,2.740115134159313,0.03149866705937099,0.04783732941416013,0.7839015438284094,4.028137983983832
2021-07-11,6.383120927,1.910434468,1.750847212,0.111115134,8.295709631,14.7946546,32.06461984,1.52,1.682,0.027,2.403,0.038,62.2962962962963,10.155517741,1.9991964390570736,1.068302371757222,1.0119089413233866,0.10536413625127194,2.411934240164668,2.7596715663353018,0.026641930946421175,0.037295784743696894,0.9242589015233319,4.1478268171112616
2021-07-12,8.041389291,2.232496382,1.850571635,0.194450072,8.508206223,13.93128148,32.32077424,1.85,1.623,0.03,2.339,0.041,54.1,12.318907379999999,2.2018128452288623,1.1732547124057084,1.0475195478525576,0.17768588866821408,2.589184633219191,2.703458440419605,0.0295588022415444,0.04018178963283184,1.0473189942805592,4.009149716158869
2021-07-13,7.155549928,2.087727931,1.98105644,0.147894356,8.519332127,14.45917583,32.18513025,2.18,1.882,0.018,2.38,0.041,104.555555555556,11.372228654999999,2.0986986682567643,1.1274355230349205,1.0922777477605805,0.1379292692726268,2.515454336304157,2.738202731906432,0.017839918128331,0.04018178963283184,1.1568811967920856,4.659237407258371
2021-07-14,7.182688187,1.298066618,1.243222303,2.008819696,8.857868211,15.02987328,32.66242578,2.51,1.46,0.014,2.115,0.04,104.285714285714,11.732796804,2.102020725845506,0.8320681685625106,0.807913360301575,1.1015478742839118,2.5441810902451634,2.774454061412424,0.013902905168991422,0.039220713153281295,1.2556160374777743,4.65667774313402
2021-07-15,7.209826446,1.393248915,1.095861071,3.328379161,8.922968162,14.63866715,32.59450796,2.84,1.726,0.024,2.263,0.035,71.9166666666667,13.027315593,2.1053317838986323,0.8726518214858189,0.7399644813421387,1.4651931442226653,2.641006542450716,2.7497465108974493,0.023716526617316044,0.0344014267173324,1.3454723665996355,4.289317236569614
2021-07-16,7.236964705,1.250065123,1.810151954,2.978270622,8.550811143,16.12656802,32.46720695,3.17,1.407,0.009,1.852,0.079,156.333333333333,13.275452404000001,2.108631915016096,0.8109591593530276,1.0332385580401755,1.3808472077810152,2.6585414470889286,2.8406309431683128,0.008959741371471902,0.07603468627599762,1.4279160358107101,5.058366696917443
2021-07-17,7.264102964,0.434073806,1.346222865,3.991751085,8.623068741,15.55916787,32.54948625,3.5,1.556,0.004,2.143,0.035,389.0,13.03615072,2.1119211910814437,0.36051920947221155,0.8528067435879847,1.6077867670434882,2.641636195765339,2.806939898298435,0.003992021269537453,0.0344014267173324,1.5040773967762742,5.966146739123692
2021-07-18,7.291241223,1.279616498,1.037178003,2.440730825,8.463329957,16.42479161,32.65373372,0.6,1.525,0.004,2.293,0.034,381.25,12.048766549,2.11519968327121,0.8240072261871213,0.7115655183065577,1.2356838979490938,2.5686936119836514,2.8578939973211295,0.003992021269537453,0.03343477608623739,0.4700036292457356,5.946074844809171
2021-07-19,7.318379482,1.82224475,1.215937726,1.850919623,8.39164084,16.75889935,32.51031137,10.9583333333333,1.552,0.008,2.199,0.033,194.0,12.207481581,2.118467462064161,1.037532578939878,0.7956756665046096,1.0476416169691045,2.580783455468952,2.876886762107549,0.007968169649176874,0.032467190137501496,2.4814283854116725,5.272999558563747
2021-07-20,7.345517741,2.085923244,1.629015206,0.306198407,8.2032042,17.80381101,31.92149891,21.3166666666667,1.46,0.003,1.971,0.037,486.666666666667,11.366654598,2.1217245972503838,1.1268508813050113,0.9666093296792865,0.26712093891746286,2.515003705041839,2.9340595625902117,0.002995508979798479,0.03633192924739028,3.105333783469073,6.189632112352015
2021-07-21,4.65615496,1.895090514,1.285155684,0.518327299,8.119939175,18.025874,32.07700941,17.1111111111111,1.644,0.022,2.212,0.066,74.7272727272727,8.354728457,1.7327443256729995,1.0630163761665963,0.8264341550667933,0.4176092677219736,2.235881932794888,2.9457998422457803,0.02176149178151269,0.0639133257436528,2.8965256234705423,4.3271383693684715
2021-07-22,5.656748733,2.133917451,1.183425054,0.296364953,8.135614048,15.53546198,32.23176684,12.9055555555556,1.629,0.027,2.298,0.039,60.3333333333333,9.270456191,1.8956311871262834,1.1422838037656153,0.7808947695623268,0.25956415782541226,2.329271442720248,2.8055072855656804,0.026641930946421175,0.038258712117090345,2.632288440541567,4.116323468940875
2021-07-23,11.97556843,2.149319334,1.139094859,2.208667632,8.374678494,15.30237944,32.19863867,8.7,1.652,0.025,1.931,0.045,66.08,17.472650254999998,2.5630682377262497,1.1471863450434898,0.7603827764755323,1.1658557830646223,2.9162912736305326,2.791311075073088,0.0246926125903715,0.04401688541677433,2.272125885509337,4.205885936955008
2021-07-24,13.56090514,4.662005793,3.539594497,2.187364229,8.540273715,15.38988487,32.69335988,1.0,1.658,0.022,2.004,0.041,75.3636363636364,23.949869658999997,2.6783402070450926,1.7337782098258852,1.512837690222771,1.15919431475383,3.2168685980957057,2.796664368325942,0.02176149178151269,0.04018178963283184,0.6931471805599453,4.3355066190389895
2021-07-25,13.08849385,3.959029689,2.844503983,2.135213613,8.520245474,14.91311948,32.81855902,0.2,1.707,0.019,2.098,0.045,89.8421052631579,22.027241135,2.6453584252359503,1.601210094381594,1.3466445915150527,1.1426973098816102,3.1366779122580613,2.767143893526385,0.018821754240587758,0.04401688541677433,0.18232155679395465,4.509122892476933
2021-07-26,11.47232272,4.267351664,2.44959479,1.272829233,8.629808249,17.91907525,33.26165702,3.75,1.815,0.014,2.121,0.057,129.642857142857,19.462098407,2.523512006981966,1.6615277056921909,1.2382567719713087,0.8210254135835374,3.018574316701366,2.940170685579326,0.013902905168991422,0.055434706888100586,1.55814461804655,4.872467318775606
2021-07-27,9.36695369,4.232916064,1.6523589,0.763632417,8.688634588,21.86701085,33.44504342,7.3,1.572,0.012,2.247,0.045,131.0,16.015861071,2.338623217272061,1.654968687513678,0.9754493949921285,0.5673755554849029,2.8341459132548263,3.1296952976997243,0.011928570865273802,0.04401688541677433,2.1162555148025524,4.882801922586371
2021-07-28,6.65524602,2.870390738,1.189254703,0.089688857,8.306571635,15.36576845,33.14418234,10.85,1.507,0.008,1.917,0.039,188.375,10.804580318000001,2.035391167064805,1.3533554678364508,0.7835611676421671,0.08589220319821356,2.4684876186984015,2.7951918637709587,0.007968169649176874,0.038258712117090345,2.47232786758114,5.243729176263634
2021-07-29,7.954934877,2.199305355,1.434240232,0.356497829,8.385478292,13.6988741,33.05351664,14.4,1.579,0.015,1.882,0.033,105.266666666667,11.944978293,2.1922047632360924,1.1629337096786536,0.8896346881337489,0.3049062526732539,2.5607079363384413,2.687770899014651,0.014888612493750654,0.032467190137501496,2.7343675094195836,4.665951658247954
2021-07-30,7.106900797,2.089927589,2.093664012,0.286212889,8.172260681,17.44407893,32.56251991,3.6,1.331,0.006,1.958,0.031,221.833333333333,11.576705287,2.092715649221684,1.1281476566544917,1.1293561528475902,0.2517021556604856,2.5318463160958675,2.9147433937757707,0.005982071677547464,0.03052920503482287,1.5260563034950492,5.406424107873887
2021-07-31,8.990672938,2.168545586,1.754638205,0.898596237,8.175924023,16.80646165,32.55326339,25.7,1.589,0.014,1.879,0.041,113.5,13.812452965999999,2.3016519515529623,1.1532726769274262,1.0132861109322493,0.6411147904768699,2.6954682435991693,2.8795614054693264,0.013902905168991422,0.04018178963283184,3.2846635654062037,4.740574822994295
2021-08-01,10.38531114,3.34605644,1.878646889,1.346917511,8.170273517,18.72780174,32.41866136,23.9,1.765,0.042,2.63,0.0445,42.0238095238095,16.95693198,2.432324028083864,1.469268868404307,1.0573203535347266,0.8531027696811418,2.887976223114735,2.982028896695902,0.04114194333117518,0.04353830201448342,3.214867803470662,3.7617536723088594
2021-08-02,10.71952933,5.682831282,1.664750181,1.730036206,8.231679942,20.66681608,32.25236785,22.1,2.393,0.046,3.029,0.048,52.0217391304348,19.797146999000002,2.461256623786136,1.8995417423625782,0.9801103125109271,1.0043148713799877,3.0348158137898826,3.07578187720375,0.044973365642731154,0.046883585898850416,3.139832617527748,3.9707020017268255
2021-08-03,7.109225199,4.773251267,1.984699493,0.321006517,8.115613324,24.87992831,31.94743664,18.775,1.631,0.012,2.492,0.037,135.916666666667,14.188182476000001,2.0930023270652693,1.7532353996422856,1.093499069414954,0.2783939589118193,2.7205176567825027,3.2534676995361274,0.011928570865273802,0.03633192924739028,2.9844185136537176,4.9193724682492705
2021-08-04,4.959377263,4.057834902,1.580014482,0.148030413,8.136367125,49.61805648,31.00586531,15.45,1.611,0.007,2.014,0.032,230.142857142857,10.74525706,1.7849659895443828,1.6209385067502373,0.9477950120960668,0.13804778970674234,2.463449504631688,3.9243083600693485,0.006975613736425242,0.03149866705937099,2.800325477211381,5.443035948563123
2021-08-05,3.035626358,5.506198407,1.704916727,0.01,8.103333092,50.32016437,29.35476466,12.125,1.727,0.015,1.952,0.038,115.133333333333,10.256741492000002,1.3951615209015578,1.872755323589855,0.9950711269816983,0.009950330853168083,2.4209671929089325,3.9380837425872013,0.014888612493750654,0.037295784743696894,2.5745188084776873,4.754738956310235
2021-08-06,2.060181028,5.327410299,1.950412744,0.01,7.937775525,51.02227226,27.50464881,8.8,1.545,0.007,1.992,0.035,220.714285714286,9.348004071,1.1184740736915608,1.8448910369636813,1.0819450737851257,0.009950330853168083,2.3367936577330597,3.951671939574037,0.006975613736425242,0.0344014267173324,2.2823823856765264,5.401389551687852
2021-08-07,2.893451777,5.14862219,1.605141407,0.01,7.986113851,51.72438016,28.26306019,5.1,1.925,0.028,2.968,0.054,68.75,9.657215374,1.3592961104438839,1.8162280225726868,0.9574869566495324,0.009950330853168083,2.3662371626620824,3.9650779702028,0.027615167032973367,0.05259245011917058,1.8082887711792655,4.244917420701475
2021-08-08,3.341995646,3.282068215,1.236364296,0.01,8.049389695,52.42648805,28.95887518,1.4,1.796,0.023,2.508,0.052,78.0869565217391,7.870428156999999,1.468334068691894,1.4544361206804877,0.8048514650992528,0.009950330853168083,2.1827230653932705,3.9783066538823664,0.022739486969489426,0.050693114315518116,0.8754687373538999,4.370547962588972
2021-08-09,3.526292542,2.727574222,1.451868211,0.231998552,8.042301231,53.12859594,29.46374366,0.9,1.701,0.034,2.587,0.06,50.0294117647059,7.937733527,1.5099031810041101,1.3157576794638806,0.8968502690764956,0.20863768978596203,2.190282036573877,3.9913626218062994,0.03343477608623739,0.05826890812397577,0.6418538861723948,3.9324021677647987
2021-08-10,2.902438495,2.468589001,1.1323589,0.034522431,7.994374819,46.90355572,29.32217077,0.4,1.976,0.034,2.273,0.039,58.1176470588235,6.537908827,1.36160161287326,1.2437478833093125,0.7572288317233218,0.03393990090700684,2.0199447996537288,3.869189733812113,0.03343477608623739,0.038258712117090345,0.33647223662121295,4.079529476436959
2021-08-11,3.434081042,2.874327062,1.336982634,0.045955137,8.002439942,42.6714848,29.26777858,0.4,1.551,0.026,2.798,0.041,59.6538461538462,7.691345875,1.4893203884289845,1.3543719863050652,0.8488606246348027,0.04493047466556497,2.162327803579797,3.7766953673774473,0.025667746748577788,0.04018178963283184,0.33647223662121295,4.105183048941557
2021-08-12,4.609232996,2.977561505,1.782583213,0.330817656,8.022539797,32.61859117,29.57731548,0.1,1.414,0.007,2.528,0.039,202.0,9.700195370000001,1.7244139893318418,1.380668944340923,1.023379709560464,0.2857935322818706,2.370262000179674,3.515079222581332,0.006975613736425242,0.038258712117090345,0.09531017980432487,5.313205979041787
2021-08-13,4.019277311,2.919,1.543739496,0.281848739,7.996106723,30.92719664,29.37537815,0.15,1.692,0.004,1.922,0.035,423.0,8.763865546000002,1.61328596138793,1.3658365192174944,0.933635240863633,0.24830336323777935,2.2786883820549098,3.4634582058162433,0.003992021269537453,0.0344014267173324,0.1397619423751587,6.049733455231958
2021-08-14,7.171198957,2.564022589,1.247289314,3.381259774,8.014158123,29.66117029,29.23324935,0.2,1.485,0.023,2.006,0.079,64.5652173913044,14.363770634,2.1006156492678034,1.2708898476917319,0.8097247405891241,1.4773363026684603,2.732012181577638,3.4229970426434604,0.022739486969489426,0.07603468627599762,0.18232155679395465,4.183045332638753
2021-08-15,10.60349065,2.654149599,1.780124666,4.730632235,8.324130009,26.29027783,29.66234194,2.2,1.432,0.027,2.327,0.037,53.037037037037,19.76839715,2.4513059709489955,1.2958633982781207,1.0224957705819808,1.7458258623362273,3.033432463509096,3.306530515320678,0.026641930946421175,0.03633192924739028,1.1631508098056809,3.989669682518456
2021-08-16,8.529734513,2.979626352,2.076941986,1.210825959,8.272259587,20.28079154,30.18381514,0.5,1.643,0.025,1.945,0.039,65.72,14.797128809999998,2.2544168592507865,1.381187933482176,1.1239362420835164,0.7933661828114186,2.7598282026336043,3.0578048602102452,0.0246926125903715,0.038258712117090345,0.4054651081081644,4.200504758050491
2021-08-17,6.949179811,3.387139853,2.343238696,0.84212408,8.277171399,9.274466877,30.43293375,7.1,1.894,0.025,2.153,0.047,75.76,13.52168244,2.0730687549163394,1.478677500636519,1.2069400066239475,0.6109192971279448,2.6756428732075954,2.32966187358608,0.0246926125903715,0.045928931888399804,2.0918640616783932,4.340683671139499
2021-08-18,8.951539379,2.833603819,0.898472554,3.867828162,8.209169451,17.72697494,30.13406921,4.5,1.491,0.022,2.019,0.052,67.7727272727273,16.551443914,2.2977272506612043,1.3438053056900114,0.6410496439088978,1.5826478749952542,2.8651362208295246,2.9299649946026483,0.02176149178151269,0.050693114315518116,1.7047480922384253,4.230807260430041
2021-08-19,11.54215178,1.40024976,0.075965418,6.140806916,8.150486071,26.56249664,30.62894332,13.6,1.557,0.026,2.382,0.044,59.8846153846154,19.159173873999997,2.5290951137857633,0.8755727986060067,0.07321832181790647,1.9658257834113328,3.003659463891305,3.3164560313022955,0.025667746748577788,0.04305948946044697,2.681021528714291,4.1089805218595306
2021-08-20,10.70040741,2.185851852,0.402493827,4.165592593,8.377201235,19.57303457,30.60511111,6.95,1.589,0.017,2.386,0.048,93.4705882352941,17.454345682,2.459623662564982,1.158719710720586,0.33825195697900307,1.6420198284201561,2.9152998810715243,3.023981216848432,0.016857117066422903,0.046883585898850416,2.0731719286662407,4.548288550450491
2021-08-21,7.835217391,3.81028133,0.834936061,1.957314578,8.324780051,19.79120205,29.90859335,0.3,1.691,0.013,2.245,0.043,130.076923076923,14.43774936,2.178745711128255,1.570755570972769,0.607009636757773,1.0842816193850937,2.7368157671322337,3.0345299188613057,0.012916225266546327,0.042101176018635396,0.262364264467491,4.875784349927724
2021-08-22,12.84954509,4.623088587,0.251675978,6.720542698,8.604981644,19.02941899,30.86873105,13.6,1.692,0.02,2.29,0.034,84.6,24.444852352999998,2.628252386606558,1.7268810835875303,0.224483435668121,2.043884659234313,3.236513457430131,2.9972021422675,0.019802627296179712,0.03343477608623739,2.681021528714291,4.449685283147696
2021-08-23,13.11863738,3.847639613,0.275316456,6.412620998,8.459098287,22.56362547,31.02382725,7.15,1.176,0.01,1.739,0.071,117.6,23.654214447,2.6474957245755366,1.5784919087513876,0.24319434859798425,2.003184087698205,3.2049478573554713,3.1597042293725437,0.009950330853168083,0.06859279146561172,2.0980179272527715,4.775756486563625
2021-08-24,10.9338484,3.691333819,0.637303207,4.911873178,8.278065598,25.42311953,30.67392857,0.7,1.725,0.003,2.564,0.037,575.0,20.174358604000002,2.4793787658182653,1.5457169384004712,0.4930505023739058,1.7769627317919952,3.0527909498314254,3.2742393666886502,0.002995508979798479,0.03633192924739028,0.5306282510621704,6.3561076606958915
2021-08-25,12.09067343,5.273685735,0.675879797,5.530123099,8.611497466,24.9654656,31.1873063,0.853846153846154,1.236,0.004,2.464,0.037,309.0,23.570362061,2.5719000247405943,1.8363640184597458,0.5163382793208128,1.8764257944123406,3.2015409223219513,3.2567674089668204,0.003992021269537453,0.03633192924739028,0.6172624830350727,5.736572297479192
2021-08-26,10.43034033,5.886748733,0.888435916,4.958081101,8.533937002,29.21331644,31.43632875,1.00769230769231,1.962,0.017,2.545,0.05,115.411764705882,22.16360608,2.436271252516554,1.9295990916513146,0.6357489287847077,1.784748466316607,3.142582343520447,3.408282768916445,0.016857117066422903,0.048790164169432,0.6969859568671122,4.757133601546347
2021-08-27,9.773434783,6.328652174,1.148521739,3.637652174,8.414441304,28.92565942,31.22784058,1.16153846153846,1.754,0.036,2.613,0.06,48.7222222222222,20.88826087,2.377083361679309,1.991791620955451,0.7647800424037392,1.5342082411957314,3.0859504597718943,3.3987162869573098,0.03536714383729131,0.05826890812397577,0.7708202188781627,3.90645196037869
2021-08-28,8.390405503,5.913598354,1.565561188,2.094525706,8.353740043,28.77393483,31.37548154,1.31538461538462,2.055,0.021,2.378,0.077,97.8571428571429,17.964090751,2.2396884768457856,1.9334902481140408,0.9421772414370427,1.12963464915906,2.9425472304639837,3.3936333406300077,0.020782539182528502,0.07417939817425151,0.8395758142932953,4.593675806562357
2021-08-29,7.821752353,5.498544533,1.431173063,1.168928313,8.438902969,25.05715062,31.91935554,1.46923076923077,1.638,0.024,2.659,0.047,68.25,15.920398261999999,2.1772205297630043,1.871578233828213,0.8883738828453441,0.7742331805839354,2.8285198918443264,3.26029222650154,0.023716526617316044,0.045928931888399804,0.9039066726744337,4.237723145067448
2021-08-30,6.51871832,4.998421434,1.492440261,0.895104996,8.541155684,25.02308762,31.86937002,1.62307692307692,1.806,0.033,3.002,0.082,54.7272727272727,13.904685011,2.017395687265641,1.791496340279336,0.9132622550641236,0.6392742438596446,2.7016755937970327,3.258984129380318,0.032467190137501496,0.07881118042428978,0.9643480268279332,4.02046966313784
2021-08-31,5.804493488,3.173958032,1.661136035,0.988632417,8.440507959,25.90994573,31.9067945,1.77692307692308,1.792,0.014,1.872,0.035,128.0,11.628219972,1.9175832010040363,1.428864753980599,0.9787531124476169,0.6874471748490526,2.535933989929522,3.292495948014373,0.013902905168991422,0.0344014267173324,1.0213435078772997,4.859812404361672
2021-09-01,5.074392185,2.486787265,1.564457308,0.479855282,8.388879161,26.5783437,32.01851664,1.93076923076923,1.608,0.007,1.984,0.061,229.714285714286,9.60549204,1.8040819323692399,1.2489807578026235,0.9417468804089497,0.39194430056257756,2.3613719839228944,3.3170308161745816,0.006975613736425242,0.05921185963184609,1.0752649246711183,5.441180086601445
2021-09-02,4.311917511,2.255376266,1.504218524,0.169725036,8.340592619,28.74458177,32.1728437,2.08461538461538,1.837,0.013,2.216,0.072,141.307692307692,8.241237337000001,1.6699528832508488,1.1803078652931576,0.9179767193981011,0.15676870922421335,2.2236757876190607,3.392646990026647,0.012916225266546327,0.06952606264861023,1.1264269768509851,4.957991560610831
2021-09-03,3.348791606,2.089725036,1.336577424,0.162496382,8.292238061,32.62895658,32.01199711,2.23846153846154,1.837,0.022,2.163,0.069,83.5,6.937590447999999,1.4698980147851868,1.1280821018369753,0.8486872193523257,0.1505697462164667,2.0716097591775093,3.515387498806381,0.02176149178151269,0.06672363204290818,1.1750983832267994,4.436751534363128
2021-09-04,4.70146165,2.170173661,1.396722142,0.401049204,8.203186686,32.52504342,32.3573589,2.39230769230769,1.829,0.018,2.039,0.07,101.611111111111,8.669406657,1.7407225717925578,1.153786369038517,0.8741020296676146,0.3372213873662779,2.2689669484306365,3.512292724319775,0.017839918128331,0.06765864847381481,1.221510424991263,4.630946222303074
2021-09-05,5.067409551,2.752026049,1.492807525,0.501092619,8.232942113,33.36384081,32.36564399,2.54615384615385,1.792,0.013,2.056,0.062,137.846153846154,9.813335744,1.8029317513793652,1.322295973817106,0.913409595383574,0.40619325561108255,2.3807801635137262,3.5370048723008733,0.012916225266546327,0.06015392281974709,1.2658635925410673,4.933366513305446
2021-09-06,3.518863965,2.441801737,1.356671491,0.214088278,8.138641823,32.18066425,31.89728654,2.7,1.917,0.03,2.121,0.045,63.9,7.531425471,1.5082606270771697,1.235995095026331,0.8572502383387007,0.1939934066327891,2.143756460203018,3.5019673041520236,0.0295588022415444,0.04401688541677433,1.308332819650179,4.1728476237100445
2021-09-07,3.197132513,2.392556119,1.29685735,0.097299059,8.103454743,28.41664446,32.23278783,9.6,1.824,0.017,2.095,0.046,107.294117647059,6.9838450409999995,1.4344015571196476,1.221583654668182,0.8315418190357982,0.09285175945478454,2.0774201301284267,3.3815606522441617,0.016857117066422903,0.044973365642731154,2.3608540011180215,4.684850837176864
2021-09-08,3.537489146,2.269609262,1.142301013,0.188835022,8.174952243,19.74794863,32.17515919,16.5,1.668,0.009,1.915,0.066,185.333333333333,7.138234443,1.5123738075219926,1.1846704860263357,0.7618804910972011,0.17297385450704472,2.096573257594133,3.032447380584797,0.008959741371471902,0.0639133257436528,2.8622008809294686,5.227537184486987
2021-09-09,6.446367583,3.962011577,1.780065123,0.883632417,8.365124457,12.24017656,31.85705499,14.5125,1.742,0.004,2.343,0.047,435.5,13.072076699999998,2.0077263407375456,1.6018112183986892,1.0224743529677405,0.633202049368709,2.6441924579604823,2.5832558857673793,0.003992021269537453,0.045928931888399804,2.7416461505307255,6.0787883752796565
2021-09-10,6.8429233,3.368863965,1.676432706,0.949160637,8.007842258,21.73438495,31.71113603,12.525,1.833,0.007,2.205,0.075,261.857142857143,12.837380608,2.0596116347615707,1.4745030130688948,0.9844848279983248,0.6673988373445596,2.6273736698493844,3.1238785339090556,0.006975613736425242,0.07232066157962612,2.6045398247325453,5.571610701547718
2021-09-11,8.631599132,3.444725036,1.036606368,2.889175109,8.159285818,20.77536469,32.04021708,10.5375,1.898,0.016,2.142,0.081,118.625,16.002105645,2.2650492693449156,1.4917180078849066,0.711284877530467,1.35819708090203,2.8333371978566055,3.0807792707039443,0.01587334915629015,0.07788653865707124,2.4456025998289705,4.784361849773118
2021-09-12,8.28287777,4.387452967,1.192387844,3.972308249,8.53366136,19.17443922,32.14254703,8.55,2.207,0.033,2.441,0.072,66.8787878787879,17.83502683,2.228171603251501,1.6840727253685575,0.7849912895658049,1.6038841687098366,2.9357182656187,3.0044164179828377,0.032467190137501496,0.06952606264861023,2.256541154492639,4.217723583382606
2021-09-13,7.934156408,3.782302679,1.386683563,1.383533671,8.519390297,23.73607169,32.04840695,6.5625,1.913,0.004,2.324,0.056,478.25,14.486676321000001,2.189881729828393,1.5649221625161198,0.869904771748659,0.8685841222673886,2.7399800620704293,3.2082625706058567,0.003992021269537453,0.05448818528406973,2.0232018233569597,6.172222381925754
2021-09-14,7.505727734,3.640347574,1.492107169,0.894207096,8.565931933,34.91043881,32.30465605,4.575,2.275,0.018,2.417,0.043,126.388888888889,13.532389573000001,2.140739787619411,1.5347892716223406,0.9131286052172023,0.6388003319753737,2.6763799219407245,3.581028027879288,0.017839918128331,0.042101176018635396,1.7182923173461826,4.847244524961741
2021-09-15,4.846799421,3.407422158,1.561658219,0.118262129,8.561616944,21.71490369,32.20187545,2.5875,1.816,0.013,2.548,0.084,139.692307692308,9.934141926999999,1.7658944040044673,1.4832899738747092,0.9406547905941752,0.1117758096838027,2.3918901807251283,3.123021259272816,0.012916225266546327,0.08065790301745447,1.2774555810857395,4.9465752909293315
2021-09-16,4.390108617,2.904713975,1.301310644,0.034952933,8.394561188,24.76667994,32.14666184,0.6,1.914,0.019,2.375,0.069,100.736842105263,8.631086169,1.68456553629486,1.3621845347703734,0.8334788058523638,0.034355950320977914,2.2649960095846997,3.249082182060968,0.018821754240587758,0.06672363204290818,0.4700036292457356,4.622389500041889
2021-09-17,3.135546705,2.246401159,1.037509051,0.021180304,8.365882694,27.07742578,31.59632151,0.84,2.0,0.033,2.528,0.074,60.6060606060606,6.440637218999999,1.4196195337627526,1.1775470471001923,0.7117280083316031,0.020959119085992794,2.006956492892498,3.3349659004538217,0.032467190137501496,0.07138999608667293,0.6097655716208943,4.120760252161866
2021-09-18,2.535409124,1.852505431,0.889891383,0.014590876,8.265573497,21.52158436,31.73884866,1.08,1.93,0.007,2.385,0.054,275.714285714286,5.292396814,1.2628290278709686,1.04819770669619,0.6365193581079575,0.014485453403532621,1.839342049640994,3.1144741542603884,0.006975613736425242,0.05259245011917058,0.7323678937132266,5.622985514351684
2021-09-19,2.878146271,1.960325851,1.055930485,0.027762491,8.175010138,11.97147067,32.03110789,1.32,1.917,0.029,2.281,0.054,66.1034482758621,5.922165098,1.355357274262836,1.0852993470743797,0.7207285362236554,0.027384100455879412,1.9347285961277925,2.5627523820312494,0.028587456851912555,0.05259245011917058,0.8415671856782186,4.206235432759477
2021-09-20,2.874098479,1.878457639,0.92435916,0.014923968,8.09804055,6.467776249,32.08375091,1.56,1.712,0.003,2.06,0.081,570.666666666667,5.691839246,1.3543129851573206,1.057254608680122,0.6545930084188406,0.014813701313594024,1.900888761018954,2.010597263929074,0.002995508979798479,0.07788653865707124,0.9400072584914712,6.348556070931931
2021-09-21,2.339876901,1.602208545,0.706589428,0.01333092,8.11184866,12.51352933,32.21453295,1.8,1.803,0.008,2.095,0.052,225.375,4.662005794,1.2059339503213864,0.9563605248417425,0.5344968923279264,0.013242845168237306,1.733778210002501,2.6036913561972823,0.007968169649176874,0.050693114315518116,1.0296194171811581,5.422192916203578
2021-09-22,3.642056481,1.633497466,0.85294714,0.028993483,8.161982621,28.99004996,32.0006155,2.95,1.82,0.006,2.16,0.065,303.333333333333,6.15749457,1.5351574751629713,0.9683127977232628,0.6167774201828907,0.02858112349852358,1.9681599993450671,3.4008656586481596,0.005982071677547464,0.06297479916138844,1.3737155789130306,5.718123591926857
2021-09-23,3.489108696,1.633572464,0.87134058,0.031630435,8.202684783,26.70733116,31.92351449,4.1,1.837,0.005,2.113,0.059,367.4,6.025652175,1.501654173362737,0.9683412757958921,0.626655061725786,0.031140497304086467,1.9495680472097194,3.3216970409921527,0.004987541511039074,0.05732506661926941,1.62924053973028,5.909169304381152
2021-09-24,3.031520637,1.72634323,0.758305576,0.016531499,8.205942795,21.64810282,31.84325851,5.25,1.806,0.006,2.136,0.071,301.0,5.532700941999999,1.3941436340681983,1.0029612351062596,0.5643506044082803,0.01639634130905744,1.8768204782916262,3.1200760877145175,0.005982071677547464,0.06859279146561172,1.8325814637483102,5.71042701737487
2021-09-25,2.738667632,1.749920348,0.645076032,0.025249819,8.223175235,18.05996741,31.66453295,6.4,1.734,0.005,2.105,0.07,346.8,5.1589138310000004,1.3187292998266589,1.0115719468953683,0.4977866032100114,0.024936308747709243,1.817900435861784,2.9475901883610054,0.004987541511039074,0.06765864847381481,2.0014800002101243,5.851627601920183
2021-09-26,2.844902245,1.902614048,0.563251267,0.020209993,8.242442433,14.58424113,31.69599566,7.55,1.993,0.006,2.282,0.072,332.166666666667,5.330977553,1.3467481787072357,1.0656117268412149,0.44676779795590615,0.020008481596925268,1.8454546559862837,2.7462602197014196,0.005982071677547464,0.06952606264861023,2.145931282948669,5.808642865272346
2021-09-27,2.898797972,1.997624909,0.506183925,0.016162201,8.247355539,11.9150029,31.66308472,8.7,1.647,0.027,1.902,0.063,61.0,5.418769007000001,1.3606682933207335,1.0978202781105337,0.4095792500747164,0.01603298306766261,1.859226355858799,2.558389651092881,0.026641930946421175,0.06109509935981088,2.272125885509337,4.127134385045092
2021-09-28,2.808110065,2.005235337,0.447255612,0.012722665,8.257625634,9.790522085,31.74973208,9.85,1.64,0.004,2.121,0.069,410.0,5.273323679,1.3371330201353668,1.1003558800621311,0.3696690816685432,0.012642411869950168,1.836306306540012,2.378668164105039,0.003992021269537453,0.06672363204290818,2.3841650799864684,6.018593214496234
2021-09-29,3.147798697,1.903120927,0.466241854,0.014996379,8.279092686,7.716428675,31.96162925,11.0,1.716,0.006,2.344,0.061,286.0,5.532157857,1.422577759054651,1.0657863400481455,0.3827025653008912,0.014885044999702429,1.8767373415339057,2.1652095984108133,0.005982071677547464,0.05921185963184609,2.4849066497880004,5.659482215759621
2021-09-30,3.816567705,2.12147719,0.476553222,0.027639392,8.278913106,5.637320782,31.49464156,12.15,1.875,0.017,2.155,0.076,110.294117647059,6.442237509,1.572061580004526,1.1383063481086921,0.38971046760705635,0.027264319500957344,2.007171544088643,1.892708385374903,0.016857117066422903,0.07325046173959267,2.5764217586237734,4.712176405555609
2021-10-01,2.884149167,1.64404055,0.481115134,0.021585807,8.260932657,4.268247647,31.32895728,13.3,1.752,0.018,2.161,0.045,97.3333333333333,5.030890658000001,1.3569039552013895,0.9723082584830304,0.39279527297974154,0.021356132726607545,1.7968947043094738,1.6616977924572076,0.017839918128331,0.04401688541677433,2.6602595372658615,4.58836306767171
2021-10-02,2.328582474,1.430489691,0.547963918,0.01,8.25631701,3.801541237,30.78804124,11.25,1.747,0.033,1.98,0.064,52.9393939393939,4.317036083,1.2025465298799345,0.8880927559802861,0.4369404661103517,0.009950330853168083,1.670916020844858,1.5689369574168155,0.032467190137501496,0.06203539091945264,2.505525936990736,3.98786108181965
2021-10-03,2.724695777,1.546448504,0.575370099,0.043142872,8.266730694,5.909775394,30.7184161,9.2,1.653,0.006,2.162,0.061,275.5,4.889657251999999,1.3149851778922705,0.9346996448721944,0.45449022816536344,0.042238148420804957,1.7731978044592678,1.9329371327650444,0.005982071677547464,0.05921185963184609,2.322387720290225,5.6222108209623896
2021-10-04,2.962589731,1.662407317,0.606984506,0.061710039,8.275058562,7.745221621,30.64879097,7.15,1.693,0.007,2.134,0.077,241.857142857143,5.293691593,1.3768977839943224,0.9792307199132115,0.4743594451407559,0.05988085258277789,1.8395477972827867,2.1685074507452162,0.006975613736425242,0.07417939817425151,2.0980179272527715,5.4924733809889945
2021-10-05,3.200483685,1.77836613,0.638598914,0.080277207,8.28338643,9.580667848,30.57916583,5.1,1.657,0.006,2.102,0.106,276.166666666667,5.697725936,1.4351996817538006,1.021863031904088,0.4938415559644642,0.07721768134935954,1.901768056246135,2.3590285480674305,0.005982071677547464,0.10074990310014306,1.8082887711792655,5.624619009964874
2021-10-06,3.438377639,1.894324943,0.670213321,0.098844374,8.291714298,11.41611407,30.5095407,3.05,1.905,0.004,2.299,0.072,476.25,6.1017602769999995,1.4902889130488999,1.0627519035233222,0.5129513553967203,0.09425905847890083,1.960342679656642,2.5189951507375774,0.003992021269537453,0.06952606264861023,1.3987168811184478,6.168040462605857
2021-10-07,3.676271593,2.010283756,0.701827729,0.117411542,8.300042166,13.2515603,30.43991556,1.0,1.643,0.016,2.255,0.073,102.6875,6.5057946200000005,1.5425011242584379,1.1020343454138894,0.5317028082246558,0.11101488732552259,2.015675338228168,2.6568663954573903,0.01587334915629015,0.07045846364856141,0.6931471805599453,4.641381567950663
2021-10-08,3.914165547,2.126242569,0.733442136,0.135978709,8.308370034,15.08700653,30.37029042,1.55,1.278,0.005,1.885,0.041,255.6,6.909828961,1.5921219623797196,1.1398318262376543,0.5501091057185005,0.1274945780458599,2.068106158410507,2.7780118983259103,0.004987541511039074,0.04018178963283184,0.9360933591703349,5.547518452181536
2021-10-09,4.152059501,2.242201382,0.765056543,0.154545877,8.316697902,16.92245276,30.30066529,2.1,1.71,0.006,2.034,0.035,285.0,7.313863303000001,1.639396537842505,1.1762525379790232,0.5681827255661792,0.1437070865716199,2.117924398910337,2.886054270948419,0.005982071677547464,0.0344014267173324,1.1314021114911006,5.655991810819852
2021-10-10,4.389953455,2.358160195,0.796670951,0.173113044,8.32502577,18.75789898,30.23104015,2.65,1.717,0.013,2.116,0.091,132.076923076923,7.717897645,1.6845367494476275,1.2113932629969308,0.5859354808510662,0.1596609367243895,2.1653781130957532,2.983553359743537,0.012916225266546327,0.08709470685093376,1.2947271675944,4.890927330030287
2021-10-11,4.62784741,2.474119008,0.828285358,0.191680212,8.333353638,20.59334521,30.16141502,3.2,1.705,0.02,2.181,0.052,85.25,8.121931988,1.7277270262335576,1.2453409239967002,0.6033785647877371,0.17536425412654738,2.2106816224406223,3.0723851750903592,0.019802627296179712,0.050693114315518116,1.4350845252893227,4.457250055911469
2021-10-12,4.941828794,2.590077821,0.894066148,0.083307393,8.338595331,22.85321595,30.09178988,3.75,1.536,0.006,1.866,0.077,256.0,8.509280156,1.782016963767694,1.2781738794240156,0.6387259191804211,0.08001876246377525,2.252268180317017,3.1719190489150235,0.005982071677547464,0.07417939817425151,1.55814461804655,5.54907608489522
2021-10-13,4.673613324,2.376393917,0.681875453,0.20564084,8.362109341,20.32412672,30.01178856,4.3,1.418,0.01,1.777,0.095,141.8,7.937523533999999,1.73582618531575,1.2168082515027745,0.5199095118412489,0.1870112430052341,2.1902585411914846,3.059839141542745,0.009950330853168083,0.09075436326846414,1.667706820558076,4.9614450499054845
2021-10-14,4.54422882,2.295351195,0.685677046,0.452107169,8.41619189,24.26805286,29.6523244,4.9,1.654,0.006,2.064,0.065,275.666666666667,7.977364229999999,1.7127575344846502,1.1925127464932892,0.522167290816356,0.37301572153017853,2.194706323639776,3.229540865008304,0.005982071677547464,0.06297479916138844,1.7749523509116738,5.622813412122535
2021-10-15,8.768624185,4.095698769,0.398667632,1.963345402,8.618119479,25.32427951,29.73562636,5.5,1.633,0.007,2.149,0.085,233.285714285714,15.226335988,2.2791756357700974,1.6283968052589863,0.33552009204682776,1.0863188335153269,2.7866356005254085,3.2704916886046647,0.006975613736425242,0.08157998699242289,1.8718021769015913,5.456541371762929
2021-10-16,8.054786387,5.291115134,0.690152064,2.402041999,8.71577987,24.06237509,29.40637219,6.1,1.805,0.021,2.206,0.046,85.9523809523809,16.438095584,2.2032935004441927,1.8391383418033522,0.5248185035853667,1.2243758392825341,2.8586572143531424,3.2213677211142184,0.020782539182528502,0.044973365642731154,1.9600947840472698,4.46536062343149
2021-10-17,3.853565217,3.2535,1.005094203,0.182398551,8.520142029,25.14221812,28.59889855,6.7,1.5,0.02,2.062,0.043,75.0,8.294557971,1.5797135311871089,1.4477421734338018,0.6956910436947173,0.1675450457374364,2.229429064475096,3.2635515599900926,0.019802627296179712,0.042101176018635396,2.0412203288596382,4.330733340286331
2021-10-18,3.665622287,3.107648336,0.835795948,0.143060781,8.45770767,22.24841172,28.51299566,7.3,1.579,0.016,1.92,0.059,98.6875,7.7521273520000005,1.5402212202583099,1.4128506837282155,0.6074781465883031,0.13370956012675053,2.1692967967620578,3.1462368165816383,0.01587334915629015,0.05732506661926941,2.1162555148025524,4.602040292979163
2021-10-19,3.690036179,2.634833575,0.797850941,0.137192475,8.406221418,20.31507236,28.10108538,7.9,1.248,0.011,1.79,0.078,113.454545454545,7.25991317,1.5454402965009293,1.2905633258933449,0.5865920299431793,0.1285624836430219,2.111414075371097,3.059414445003811,0.010939940038334362,0.07510747248680541,2.186051276738094,4.740177761245973
2021-10-20,3.535709117,2.204153401,0.791570188,0.109536903,8.365673661,20.39453184,27.68544139,8.5,1.816,0.01,2.249,0.044,181.6,6.640969609000001,1.5119814367236828,1.1644479060250434,0.5830924353375916,0.10394272376572526,2.0335245072985355,3.063135367881299,0.009950330853168083,0.04305948946044697,2.2512917986064953,5.207297968160868
2021-10-21,3.652612156,2.015166425,0.662771346,0.336541245,8.39052822,19.92070478,27.19198263,9.1,1.819,0.01,2.289,0.043,181.9,6.667091172,1.537428815853059,1.1036550276607149,0.5084856958687466,0.29008511657707853,2.0369372959890333,3.0407393279217936,0.009950330853168083,0.042101176018635396,2.312535423847214,5.20893955539682
2021-10-22,3.10382055,1.83195369,0.892735166,0.096787265,8.450005065,21.44695586,26.61552098,0.3,1.923,0.023,2.177,0.041,83.6086956521739,5.925296671,1.4119183812789469,1.0409668232966414,0.6380229606967595,0.09238523814823058,1.9351808917333881,3.1111550085577098,0.022739486969489426,0.04018178963283184,0.262364264467491,4.438037046816801
2021-10-23,2.754797395,1.716150507,0.891389291,0.128017366,8.53170767,24.36310854,25.99618669,0.8,1.83,0.027,2.08,0.045,67.7777777777778,5.490354559000001,1.323034327701829,0.9992156231095518,0.637311633639712,0.12046154834743027,1.870317160810805,3.2332956985555628,0.026641930946421175,0.04401688541677433,0.5877866649021191,4.230880695348377
2021-10-24,2.674392185,1.712503618,1.078668596,0.152308249,8.603088278,24.89787554,25.66654848,0.683333333333333,1.758,0.008,2.26,0.079,219.75,5.617872648,1.3013877271493273,0.9978720526905732,0.731727590686066,0.1417671037382344,1.889773966038352,3.254160939858593,0.007968169649176874,0.07603468627599762,0.5207759546191585,5.39703083948407
2021-10-25,2.664250543,1.512078204,1.084112962,0.374402607,8.652517017,20.80890731,25.50786387,0.566666666666667,1.821,0.029,2.276,0.054,62.7931034482759,5.634844316000001,1.2986238241138408,0.9211103802869616,0.7343433268367017,0.31801916907376154,1.892335203454628,3.0823184785458153,0.028587456851912555,0.05259245011917058,0.4489502200479034,4.1556450880858975
2021-10-26,3.269544139,1.612170767,1.301027496,0.501150507,8.686674385,19.80498698,25.5673589,0.45,1.797,0.026,2.435,0.046,69.1153846153846,6.683892909,1.4515070625249904,0.9601815871485077,0.8333557605689691,0.40623181877707387,2.0391263079273587,3.0351927166236057,0.025667746748577788,0.044973365642731154,0.37156355643248307,4.25014223665718
2021-10-27,6.492619392,1.344073806,1.973328509,2.227185239,8.697663712,17.99565412,25.52700434,0.333333333333333,1.809,0.013,2.306,0.051,139.153846153846,12.037206946000001,2.0139184549499243,0.8518903584204198,1.0896820353888597,1.1716103142732894,2.567807342298615,2.944210222477308,0.012916225266546327,0.04974209189481407,0.2876820724517806,4.9427407203583655
2021-10-28,8.997243126,1.139920405,2.46026049166667,5.092771346,8.708653039,18.94272431,24.90872648,0.216666666666667,1.874,0.007,2.127,0.046,267.714285714286,17.69019536866667,2.3023093675852886,0.7607686344168153,1.2413438728446025,1.8071030432357493,2.9279990745250197,2.9928643805774238,0.006975613736425242,0.044973365642731154,0.19611487892629073,5.593648680245718
2021-10-29,9.554479016,1.698125904,2.94719247433333,4.425043415,8.719642366,17.81981404,24.80877713,0.1,1.836,0.013,2.354,0.043,141.230769230769,18.62484080933333,2.3565503211053014,0.9925574223750354,1.3730045602075671,1.6910259021594782,2.976796152009246,2.934910253130733,0.012916225266546327,0.042101176018635396,0.09531017980432487,4.957450873925587
2021-10-30,6.158111433,2.334160637,3.434124457,1.653755427,8.730631693,18.24304052,24.56429088,0.1,1.93,0.022,2.357,0.038,87.7272727272727,13.580151954,1.9682461798393127,1.2042209646316202,1.4893301795868472,0.9759757790638547,2.6796611486112507,2.9571494639369793,0.02176149178151269,0.037295784743696894,0.09531017980432487,4.485567313614721
2021-10-31,5.56947178,1.934848046,2.537547033,1.152677279,8.721336758,16.33341679,25.07894356,0.166666666666667,1.745,0.006,2.244,0.04,290.833333333333,11.194544138,1.8824334304820198,1.0766556788563122,1.2634335584286742,0.7667123135102661,2.500988649911384,2.852636244709419,0.005982071677547464,0.039220713153281295,0.15415067982725858,5.676182863057796
2021-11-01,4.88024602,1.793567294,2.788762663,0.999602026,8.712041823,15.50229233,24.62874096,0.233333333333333,1.836515012,0.010977714,2.254625,0.04025,167.2948495,10.462178003,1.771598601171316,1.027319379120386,1.33203949164757,0.6929481737594055,2.4390527458466837,2.8034993003476916,0.010917896274106305,0.03946106888091361,0.2097205309820688,5.125717497638756
2021-11-02,6.240745297,1.2920767,2.412279305,2.287547033,8.702746889,16.5772026,24.44308249,0.3,1.846254249,0.01172287,2.26525,0.0405,157.491659380339,12.232648335,1.9797241426740904,0.8294582625159642,1.2273804858922477,1.190141704017514,2.582687134587043,2.866602755590913,0.01165468948967585,0.03970136685155207,0.262364264467491,5.065701969726676
2021-11-03,7.868002894,1.375701881,2.988835022,3.354399421,8.693451954,16.18839653,24.32057164,2.6,1.855993485,0.012468026,2.275875,0.04075,148.860251414298,15.586939218,2.1824496180959154,0.8652929226686632,1.3834992138328475,1.4711866951688934,2.8086155915811872,2.844234535811868,0.01239094024066259,0.039941607092947765,1.2809338454620642,5.009703202595895
2021-11-04,5.393350217,1.350918958,2.222850941,1.81475398,8.684157019,16.62030101,24.74073082,2.025,1.865732721,0.013213182,2.2865,0.041,141.202378125118,10.781874096000001,1.8552584216074703,0.8548062976749706,1.170266353237587,1.0348748616800303,2.4665622569110117,2.8690517037900363,0.013126649325258836,0.04018178963283184,1.1069110914828049,4.95725124103463
2021-11-05,2.808335745,1.281808973,1.512554269,0.285296671,8.542473951,17.52489219,24.82955861,1.45,1.875471958,0.013958338,2.297125,0.04125,134.362125204304,5.8879956579999995,1.337192281372352,0.8249685375941722,0.9212998727539161,0.2509895640737988,1.92978013675357,2.919115351462112,0.013861817539896487,0.0404219144989154,0.8960880245566356,4.90795359612107
2021-11-06,4.111917511,1.062279305,1.30829233,0.82642547,8.555249638,15.4351686,25.39371201,0.875,1.885211194,0.014703495,2.30775,0.0415,128.215175643614,7.308914615999999,1.6315745805991886,0.7238118298650378,0.8365080000706301,0.602360761602703,2.117328988543873,2.799423465658027,0.014596446664761765,0.040661981718889635,0.6286086594223741,4.861479042992691
2021-11-07,5.813852281,0.914011586,1.38795076,1.651774077,8.518357712,17.29085083,25.04621289,0.3,1.894950431,0.015448651,2.318375,0.04175,122.661223365069,9.767588704000001,1.9189576402541542,0.6492013463039775,0.8704355755522712,0.9752288790265953,2.37654057603618,2.906400980183572,0.015330535521038918,0.04090199132042579,0.262364264467491,4.817545757054712
2021-11-08,5.631931983,1.5847178,2.011172214,0.86633864,8.514381331,20.28418741,24.22040521,0.5,1.904689667,0.016193807,2.329,0.042,117.618399861132,10.094160637,1.891896161899823,0.9496163337225723,1.1023294428158712,0.6239785650594909,2.406418901156842,3.0579644219011457,0.016064085886143362,0.04114194333117518,0.4054651081081644,4.775911616698385
2021-11-09,4.463617945,1.251396527,1.544507959,0.982329957,8.500435601,20.56352967,24.03778582,0.7,1.914428904,0.016938963,2.339625,0.04225,113.019250588126,8.241852388,1.6981111976056615,0.8115507023416586,0.9339372949648295,0.6842728988431931,2.223742340452962,3.0710034464630436,0.01679709854951687,0.04138183777876922,0.5306282510621704,4.736367298946561
2021-11-10,5.127320782,1.065916003,1.280637219,1.396176684,8.532858798,19.1791593,23.71561912,0.9,1.92416814,0.017684119,2.35025,0.0425,108.807690108848,8.870050688,1.8127575878487805,0.7255737130461535,0.8244548859360694,0.873874418769844,2.2895049889945134,3.0046503539981937,0.017529574298866472,0.04162167469081947,0.6418538861723948,4.698730564044127
2021-11-11,3.358509407,1.252033285,1.221353111,0.558082489,8.56375398,20.17557308,23.34396527,1.1,1.933907377,0.018429275,2.360875,0.04275,104.936704075445,6.389978292,1.4721301197785102,0.8118334903635999,0.7981165196682004,0.4434558914898715,2.000124797472711,3.05284830416245,0.01826151392016952,0.04186145409491757,0.7419373447293773,4.662841784394404
2021-11-12,2.678732802,1.201361332,0.999688631,0.280854453,8.560482983,21.08239102,23.04673425,0.9,1.943646613,0.019174431,2.3715,0.043,101.366586210563,5.160637218,1.3025683455970916,0.7890759562670938,0.6929914839398555,0.24752739663111636,1.8181802166759364,3.0947805044953447,0.01899291819767879,0.042101176018635396,0.6418538861723948,4.628560352818375
2021-11-13,2.906041968,1.278386397,1.166808973,0.228125904,8.48107363283333,20.75194573,22.73200434,0.816666666666667,1.95338585,0.019919587,2.382125,0.04325,98.0635717999575,5.5793632419999994,1.3625245768924132,0.8234674717998595,0.7732555659228089,0.20548935215664305,1.8839379689220168,3.0797032123840635,0.019723787913927482,0.042340840489524925,0.5970033200070433,4.595761783444818
2021-11-14,2.362691751,1.327141823,0.901693198,0.060130246,8.40166428266667,23.8401165,22.47157019,0.733333333333333,1.963125086,0.020664743,2.39275,0.0435,94.9987660625637,4.651657018,1.2127417696217213,0.8446408291754847,0.642744646169991,0.058391774160540824,1.7319487796830275,3.212459947070383,0.02045412384973426,0.04258044753511839,0.5500463369192717,4.564335337870268
2021-11-15,2.322512672,1.343091962,0.82410572,0.064438812,8.322254933,26.45547357,22.05567705,0.65,1.972864323,0.021409899,2.403375,0.04375,92.1472970517049,4.554149165999999,1.2007213255934754,0.8514714084353076,0.6010898504988091,0.062447723192049026,1.7145452459240262,3.3125655495349062,0.021183926784208263,0.042819997182928185,0.5007752879124893,4.534182079468297
2021-11-16,2.54096307,1.42096307,0.934981897,0.125496017,8.24284558233333,29.2099428,22.03021723,0.566666666666667,1.982603559,0.022155055,2.414,0.044,89.4876387804047,5.022404054,1.2643987438181097,0.8841654238123161,0.660097970882426,0.11822384248677542,1.7954865241222022,3.408171101984011,0.021913197494754073,0.04305948946044697,0.4489502200479034,4.505213253315055
2021-11-17,2.275168287,1.288795812,0.941720269,0.121623037,8.16343623216667,24.68865595,21.89231862,0.483333333333333,1.992342796,0.022900211,2.424625,0.04425,87.0010671954071,4.627307405,1.1863692531105452,0.8280258329722922,0.6635743167545376,0.11477677649524644,1.7276310693126105,3.24604949173058,0.022641936757076715,0.04329892439514766,0.39429180751003895,4.477348941625207
2021-11-18,1.998625192,1.320353303,0.921006144,0.134116743,8.084026882,25.61897619,21.79441628,0.4,2.002082032,0.023645367,2.43525,0.0445,84.6712183405739,4.374101382,1.0981539142972938,0.841719459859779,0.6528490821155059,0.12585414797856284,1.6815913752926133,3.2816243520470385,0.023370145345186572,0.04353830201448342,0.33647223662121295,4.450516927195875
2021-11-19,1.679529327,1.382512672,0.836386676,0.038276611,7.593149574,28.58437147,22.15084721,0.366666666666667,2.011821269,0.024390523,2.445875,0.04475,82.4837281676986,3.936705286,0.9856411548452888,0.8681556753148667,0.6077998778667176,0.037562233828728274,1.5966981625384598,3.3872462310153697,0.02409782403140434,0.043777622345887716,0.31237468504215266,4.4246517406236165
2021-11-20,1.891643736,1.276459088,0.938573497,0.037277335,7.102272266,23.85078349,22.05952933,0.333333333333333,2.021560505,0.02513568,2.4565,0.045,80.4259325787088,4.143953656,1.0618251072198266,0.822621204183814,0.6619523917768937,0.03659933322175089,1.6378219775634741,3.2128892808182523,0.02482497456184657,0.04401688541677433,0.2876820724517806,4.399693804320029
2021-11-21,2.764214337,1.109058653,1.226147719,0.143113686,7.138860246,19.73304345,22.5765677,0.3,2.031299742,0.025880836,2.467125,0.04525,78.4866355167198,5.242534395000001,1.3255391640445027,0.7462417119207349,0.8002726113883244,0.13375584268372342,1.8313862529683864,3.031728729468028,0.025551595753799488,0.04425609125453734,0.262364264467491,4.375588900820842
2021-11-22,3.023096961,1.129356006,1.090014472,0.310984081,7.130250362,21.12961071,21.90303907,4.6,2.041038978,0.026625992,2.47775,0.0455,76.6558848962322,5.55345152,1.3920519943426346,0.7558195894050512,0.7371709903546599,0.2707780620686337,1.8799918604762855,3.0969165628553648,0.026277689350734334,0.04449523988655121,1.7227665977411035,4.352287334182497
2021-11-23,1.761396527,1.280036179,0.85947178,0.028777135,7.085242402,24.33099132,21.24487699,4.72857142857143,2.050778215,0.027371148,2.488375,0.04575,74.9248155393409,3.929681621,1.0157365398037521,0.8241913108229105,0.6202924581452156,0.028370849332001142,1.5952744060503619,3.2320285994499143,0.027003256118262004,0.044734331340170755,1.7454661852572104,4.3297435814173815
2021-11-24,1.867836469,1.155412446,0.819782923,0.119811867,7.123154124,20.88675615,21.27290883,4.85714285714286,2.04,0.028,2.499,0.046,72.8571428571429,3.962843705,1.053557901934592,0.7679820954981531,0.5987172208981818,0.11316069530461567,1.6019789040683148,3.0858817118831197,0.027615167032973367,0.044973365642731154,1.767661917648995,4.3021327254531165
2021-11-25,1.735119479,1.184815351,0.898276611,0.089210717,7.122611151,20.89152426,21.29411296,4.98571428571429,2.112,0.029,2.451,0.051,72.8275862068966,3.9074221579999997,1.0061751201117304,0.7815313174251017,0.6409464277143805,0.0854533211006811,1.5907487851985624,3.0860995418195265,0.028587456851912555,0.04974209189481407,1.7893756778727794,4.301732458603209
2021-11-26,1.788777135,1.293429812,0.934384949,0.02642547,7.102874096,22.75674457,21.27706223,5.11428571428571,2.081,0.031,2.309,0.041,67.1290322580645,4.043017366,1.0256031968831125,0.8300484315783058,0.6597894201409253,0.02608234889838904,1.6180045866738266,3.1678664720601613,0.03052920503482287,0.04018178963283184,1.8106279535324372,4.221403440341006
2021-11-27,1.819435601,1.257141823,1.194602026,0.080904486,7.110645441,25.61922576,21.08146889,5.24285714285714,2.104,0.029,2.353,0.046,72.551724137931,4.352083936,1.0365367234296798,0.8140993328129459,0.7860007207492017,0.07779817767657402,1.6774860058120666,3.2816337276454193,0.028587456851912555,0.044973365642731154,1.8314379530462308,4.297988888484876
2021-11-28,2.192568741,1.230607815,1.164384949,0.079240232,7.101104197,22.07670188,21.13861071,5.37142857142857,2.077,0.034,2.485,0.045,61.0882352941176,4.666801737,1.1608258407209375,0.8022741111138101,0.7721362328720411,0.07625730468281834,1.7346248910452113,3.138823531948726,0.03343477608623739,0.04401688541677433,1.851823709970705,4.128556523232159
2021-11-29,2.850615496,1.033613324,1.408406951,0.138703838,7.095620565,19.45479073,21.34605358,5.5,2.082,0.019,2.475,0.046,109.578947368421,5.431339609,1.3482330046129007,0.7098141733592048,0.878965512752471,0.12989063133897305,1.8611828538753603,3.0182171205785995,0.018821754240587758,0.044973365642731154,1.8718021769015913,4.705729721678559
2021-11-30,3.793678494,0.861629254,1.819456915,0.705648081,7.155735699,22.97760463,21.08141202,5.62857142857143,2.083,0.028,2.514,0.05,74.3928571428572,7.180412744,1.5672980695163101,0.6214520473216666,1.0365442830701375,0.5339451446717928,2.10174260704342,3.177120254284726,0.027615167032973367,0.048790164169432,1.8913893101768964,4.322712537673118
2021-12-01,3.288884866,1.570470673,2.095662563,0.461129616,7.189160029,41.31373063,20.60884142,5.75714285714286,2.164,0.024,2.391,0.042,90.1666666666667,7.416147718,1.4560267611548512,0.9440890233839541,1.1300019585084298,0.3792098461503203,2.130152207885045,3.7451116345627,0.023716526617316044,0.04114194333117518,1.9106001464425744,4.512689333193927
2021-12-02,3.206010138,1.591498914,1.912353367,0.569761043,7.176902969,42.83233092,20.27054308,5.88571428571429,2.205,0.024,2.447,0.037,91.875,7.279623461999999,1.4365144876437468,0.9522364395852173,1.068961471529991,0.4509234058655024,2.113797491759257,3.7803716939429686,0.023716526617316044,0.03633192924739028,1.929448872001242,4.531254503037923
2021-12-03,3.197284576,1.362990587,1.834931209,0.446133237,7.180444605,31.55552498,20.12143374,6.01428571428571,2.075,0.017,2.42,0.032,122.058823529412,6.841339609,1.4344377866751734,0.8599280147012802,1.0420176719823198,0.3688932612621819,2.059409688260856,3.4829470924995194,0.016857117066422903,0.03149866705937099,1.947948885745161,4.8126624811286
2021-12-04,2.910007236,1.349775687,1.454153401,0.114030391,7.16891534,24.98057453,19.70463821,6.14285714285714,1.75,0.007,2.284,0.041,250.0,5.8279667150000005,1.3635392246349483,0.8543198712597775,0.8977818549299609,0.10798442210245275,1.921026930139996,3.257349125316642,0.006975613736425242,0.04018178963283184,1.9661128563728323,5.5254529391317835
2021-12-05,3.063668596,1.173270622,1.614261939,0.137547033,7.164658466,22.00691389,19.59912446,6.27142857142857,2.16,0.02,2.321,0.048,108.0,5.98874819,1.4020861606912611,0.7762332319461656,0.9609818163791232,0.12887421868048388,1.9443014543710258,3.1357947746698893,0.019802627296179712,0.046883585898850416,1.9839527745011636,4.6913478822291435
2021-12-06,3.041321714,1.140406681,1.623326071,0.133565723,7.162988381,20.97661511,19.69788671,6.4,2.167,0.016,2.509,0.039,135.4375,5.938620189000001,1.3965717953995924,0.7609958488293225,0.9644430053965062,0.12536817164007077,1.9371029347225728,3.089978938481345,0.01587334915629015,0.038258712117090345,2.0014800002101243,4.915866634310163
2021-12-07,2.817959479,1.158386397,1.421164978,0.139457308,7.138939942,19.92367945,19.50516643,6.52857142857143,2.13,0.019,2.448,0.042,112.105263157895,5.536968162,1.3397161120989909,0.7693609040978991,0.8842488202025459,0.13055210344668247,1.8774734741888712,3.040881505662475,0.018821754240587758,0.04114194333117518,2.0187053064920035,4.728318917476073
2021-12-08,2.931793612,1.128018018,1.463677314,0.18,7.13039312,21.00686159,19.21007371,6.65714285714286,2.157,0.023,2.437,0.041,93.7826086956522,5.703488943999999,1.3690957115888946,0.7551910385488153,0.9016550768679612,0.16551443847757338,1.9026281287704332,3.0913542951851443,0.022739486969489426,0.04018178963283184,2.0356389190214434,4.551585939853985
2021-12-09,2.873555901,0.975481366,1.494526398,0.225729814,7.105500776,21.20015295,19.25663043,6.78571428571428,2.198,0.009,2.605,0.05,244.222222222222,5.569293479,1.3541729226366466,0.6808120982760998,0.9140988907444202,0.20353643312887823,1.8824062892710314,3.10009917849414,0.008959741371471902,0.048790164169432,2.0522905526138846,5.502164828920516
2021-12-10,3.036454414,1.047937771,1.544450072,0.167496382,7.079110709,24.50046961,19.47753256,6.91428571428571,2.267,0.012,2.407,0.042,188.916666666667,5.796338639000001,1.3953666863418681,0.7168333214617139,0.9339145449245856,0.15486161162677745,1.9163840317324683,3.2386968680732378,0.011928570865273802,0.04114194333117518,2.068669444697924,5.246585379457685
2021-12-11,3.930643994,0.802134588,1.523096961,0.536041968,7.195908104,20.32013169,19.76692475,7.04285714285714,2.211,0.008,2.34,0.039,276.375,6.791917511,1.5954696071097656,0.5889718445214335,0.925487099756781,0.42920895726888303,2.0530869799135614,3.0596517761078355,0.007968169649176874,0.038258712117090345,2.0847843860903312,5.625370381252758
2021-12-12,3.436191166,0.894127444,1.68275887,0.3344895,7.134884866,21.53908762,19.61113686,7.17142857142857,2.268,0.021,2.648,0.044,108.0,6.34756698,1.4897961627886263,0.638758280778907,0.9868456941284589,0.288548821716089,1.9943692352952438,3.115251029531494,0.020782539182528502,0.04305948946044697,2.100643749330439,4.6913478822291435
2021-12-13,3.863863965,0.692756874,1.711628075,0.888813314,7.156397974,20.46328654,19.33757598,7.3,2.233,0.019,2.511,0.046,117.526315789474,7.157062228,1.5818331765507223,0.5263584862231054,0.997549220186807,0.6359487556842717,2.098884083074437,3.0663438727274084,0.018821754240587758,0.044973365642731154,2.1162555148025524,4.775135010093143
2021-12-14,4.217301013,0.432214182,1.915853835,1.10975398,7.198054269,20.00166715,19.56341534,7.42857142857143,2.182,0.02,2.36,0.059,109.1,7.67512301,1.6519802208614818,0.35922162578996475,1.0701626877186357,0.7465713435336002,2.1604595055594795,3.044601822667593,0.019802627296179712,0.05732506661926941,2.1316272948504063,4.701389043728634
2021-12-15,4.429000724,0.36057929,2.088153512,1.157719044,7.217068067,19.24125996,19.82609703,7.55714285714286,2.134,0.012,2.367,0.04,177.833333333333,8.03545257,1.6917550882811978,0.30791055758704955,1.1275733433621407,0.7690516655890441,2.2011560135478545,3.007723093469895,0.011928570865273802,0.039220713153281295,2.146766356066091,5.186454273402641
2021-12-16,4.655626358,0.408638668,2.30404055,0.922201303,7.265005069,18.31472049,20.23005069,7.68571428571429,2.197,0.021,2.489,0.044,104.619047619048,8.290506879,1.7326508652381616,0.3426237543225457,1.1951461285858402,0.6534710412759255,2.2289931131241745,2.960867524877114,0.020782539182528502,0.04305948946044697,2.1616796399168083,4.659838730186893
2021-12-17,4.838225923,0.972751629,1.80705286,0.239456915,7.286463432,16.73325561,20.23083273,7.81428571428571,2.235,0.017,2.529,0.045,131.470588235294,7.857487327,1.764426970381332,0.6794293341695218,1.032135128695132,0.21467331190510142,2.181263126991578,2.8754417247751474,0.016857117066422903,0.04401688541677433,2.1763737818560283,4.886360645203364
2021-12-18,4.135249819,0.982606807,1.667900072,0.172997828,7.255626358,18.18290876,19.20316437,7.94285714285714,2.158,0.014,2.395,0.039,154.142857142857,6.958754526,1.6361284924405644,0.6844125479810879,0.9812916730790848,0.15956271800722,2.074272521031204,2.9540197138482536,0.013902905168991422,0.038258712117090345,2.190855129050739,5.044346351438566
2021-12-19,3.696017379,0.94903693,2.234047791,0.199398986,7.214482983,21.33049747,19.06113686,8.07142857142857,2.234,0.018,2.389,0.044,124.111111111111,7.078501086,1.5467147833281467,0.6673353685244623,1.1737345387204325,0.1818205863292036,2.089206346165636,3.1059533437051225,0.017839918128331,0.04305948946044697,2.2051297568433323,4.829202231363415
2021-12-20,3.043965268,1.178531114,2.113400868,0.05081042,7.182026049,23.03279016,18.64612156,8.2,2.301,0.019,2.569,0.038,121.105263157895,6.386707670000001,1.3972257125951317,0.7786508487777065,1.1357156554144596,0.04956169503436447,1.9996821241883465,3.1794191545352137,0.018821754240587758,0.037295784743696894,2.2192034840549946,4.804883485493917
2021-12-21,2.704768452,1.24788712,1.831837916,0.012547033,7.15121563,25.47046165,18.49552098,25.5,1.647,0.008,1.871,0.049,205.875,5.7970405210000004,1.3096207607087187,0.8099907172475718,1.0409259411427523,0.012468971265359367,1.9164872999474372,3.276029456585604,0.007968169649176874,0.04783732941416013,3.2771447329921766,5.332114746131327
2021-12-22,4.2579233,1.344565847,1.67431259,1.124761216,7.217534732,31.24419971,18.58547757,22.7,2.226,0.021,2.349,0.064,106.0,8.401562953,1.6597361389057441,0.8521002448856727,0.9836923716231222,0.7536594271213413,2.240875947050113,3.4733381731126314,0.020782539182528502,0.06203539091945264,3.1654750481410856,4.672828834461906
2021-12-23,3.295137482,0.596613603,2.638516643,3.32357453,7.257996382,24.62841534,18.36500724,19.9,2.249,0.015,2.334,0.04,149.933333333333,9.853842258,1.457483564702729,0.46788488817322405,1.291576082932237,1.4640824976183295,2.384519142460243,3.2437017101383496,0.014888612493750654,0.039220713153281295,3.039749158970765,5.016838238220862
2021-12-24,2.390962373,0.46170767,2.248515568,5.378704776,7.17113097,20.04030753,18.31976122,17.1,2.249,0.033,2.346,0.04,68.1515151515152,10.479890387000001,1.2211137669451062,0.37960538921411335,1.1781981436926725,1.852965063580592,2.4405968426751046,3.046440004207557,0.032467190137501496,0.039220713153281295,2.89591193827178,4.236299968955541
2021-12-25,2.186144928,0.851644928,1.858514493,1.902615942,7.148145652,17.68044855,18.05127536,14.3,2.286,0.03,2.409,0.046,76.2,6.798920290999999,1.1588116994677011,0.6160743943005632,1.0503020818507185,1.0656123793562755,2.0539852998832586,2.9274774448250396,0.0295588022415444,0.044973365642731154,2.72785282839839,4.3463994570307305
2021-12-26,1.753053546,0.975354559,1.891041968,1.551852388,7.220228654,20.6384479,17.69007959,11.5,2.309,0.038,2.49,0.048,60.7631578947368,6.171302461,1.0127106760258064,0.6807479057849659,1.0616169797050434,0.9368195221168583,1.9700872923682282,3.074471727746127,0.037295784743696894,0.046883585898850416,2.5257286443082556,4.123307036124637
2021-12-27,1.98728789,0.959477883,1.425801305,1.496142132,7.306612038,19.97097679,17.42274112,8.7,2.349,0.039,2.45,0.05,60.2307692307692,5.8687092100000005,1.0943659155738894,0.6726780515308235,0.8861619048593548,0.9147463927961946,1.9269762006626256,3.043139424181883,0.038258712117090345,0.048790164169432,2.272125885509337,4.114649828382846
2021-12-28,2.231734694,0.763294461,1.448658892,2.043469388,7.373201166,16.47296064,17.56856414,5.9,2.223,0.045,2.346,0.06,49.4,6.487157435,1.1730190500370308,0.5671839121575958,0.8955404836630676,1.112998110744531,2.0131892108089553,2.860654579736039,0.04401688541677433,0.05826890812397577,1.9315214116032138,3.919991175077323
2021-12-29,2.064336735,0.856348397,1.266180758,1.315794461,7.319742711,15.18988047,17.55046647,3.1,2.275,0.047,2.631,0.06,48.4042553191489,5.502660351,1.119831146296651,0.618611330648821,0.818095929062515,0.839752808363138,1.8722113779366578,2.78438638470985,0.045928931888399804,0.05826890812397577,1.410986973710262,3.9000365605477776
2021-12-30,1.96015919,0.646447178,1.619544139,1.763364689,7.321740955,17.4428466,17.21940666,0.3,2.256,0.043,2.465,0.052,52.4651162790698,5.989515196,1.08524304729526,0.4986197409349077,0.9630003098864197,1.016449027459349,1.944411197045003,2.9146765771472363,0.042101176018635396,0.050693114315518116,0.262364264467491,3.9790294090696197
2021-12-31,2.126949025,0.901514243,1.249175412,0.99547976,7.30660045,17.89463943,17.23201649,0.416666666666667,2.264,0.044,2.65,0.051,51.4545454545455,5.273118440000001,1.140057776775835,0.6426505387604383,0.810563665489263,0.6908845026338648,1.836273589854585,2.9388782537932285,0.04305948946044697,0.04974209189481407,0.34830669426821603,3.95994699370973
2022-01-01,2.253176556,0.776013025,1.11369754,0.903342981,7.301989146,16.09389001,17.29952967,0.533333333333333,2.265,0.037,2.503,0.052,61.2162162162162,5.046230102,1.1796319208416295,0.5743709784394818,0.7484388024720492,0.6436118038135826,1.799434954184166,2.8387210903016906,0.03633192924739028,0.050693114315518116,0.4274440148269394,4.130615676637603
2022-01-02,2.123936324,0.836201158,0.998314038,0.46024602,7.292686686,16.11018596,17.18143271,0.65,2.234,0.04,2.408,0.053,55.85,4.41869754,1.1390938489271971,0.6076988493775196,0.6923038440516569,0.37860492837387566,1.6898554803003132,2.839673956342995,0.039220713153281295,0.05164323315183845,0.5007752879124893,4.040416220196545
2022-01-03,2.541679942,0.804127444,1.192165098,0.491832006,7.325774801,15.90427516,17.24775525,0.766666666666667,2.262,0.042,2.489,0.063,53.8571428571429,5.02980449,1.2646011744647576,0.5900770643779909,0.7848896846801354,0.40000489892736035,1.796714587327889,2.8275665579853433,0.04114194333117518,0.06109509935981088,0.5690945318899667,4.004732403532414
2022-01-04,3.383374366,0.676509776,1.709181752,0.802143374,7.355776249,15.20340333,17.41701665,0.883333333333333,2.243,0.042,2.42,0.054,53.4047619047619,6.571209268,1.4778188309764881,0.5167141181030886,0.9966466527682323,0.5889767198390936,2.0243527994735526,2.7852213022729497,0.04114194333117518,0.05259245011917058,0.6330432564902397,3.9964516850449368
2022-01-05,6.922288197,0.459507603,3.60884866,2.411107893,7.490157857,14.70859522,17.64272266,1.0,2.202,0.042,2.539,0.054,52.4285714285714,13.401752353000001,2.0696800778614164,0.37809912061672357,1.5279780774431366,1.2270371338362915,2.6673498903587394,2.7542080287913304,0.04114194333117518,0.05259245011917058,0.6931471805599453,3.9783456483592183
2022-01-06,5.645868936,0.19878349,3.105083273,1.929898625,7.455745475,15.01476394,17.84904417,2.04375,2.271,0.039,2.437,0.052,58.2307692307692,10.879634324000001,1.8939954490036701,0.181307284260096,1.412226028447725,1.0749678234543083,2.4748255326526793,2.7735110430211734,0.038258712117090345,0.050693114315518116,1.1130903078487628,4.081441157386192
2022-01-07,4.369449674,0.671202028,2.601317886,1.448689356,7.421333092,14.9690601,17.7955105,3.0875,2.277,0.044,2.373,0.057,51.75,9.090658944000001,1.6807254217049332,0.5135431447587646,1.2812998579157777,0.8955529246815362,2.3116101388733696,2.7706531063935103,0.04305948946044697,0.055434706888100586,1.4079335362233718,3.965563772356176
2022-01-08,6.313482983,0.955923244,3.084098479,2.254236061,7.48757567,13.278021,17.66997104,4.13125,2.362,0.014,2.534,0.018,168.714285714286,12.607740767000001,1.9897196285493817,0.6708623295338717,1.4071010133809423,1.1799575510334492,2.6106388048680147,2.658721361873416,0.013902905168991422,0.017839918128331,1.6353492942186012,5.134116350867279
2022-01-09,4.849971035,0.932744388,2.19243302,1.92602462,7.452363505,13.02509703,17.73880521,5.175,1.956,0.02,2.372,0.026,97.8,9.901173063,1.7664367099494562,0.6589409555795142,1.1607833282815991,1.0736447167798948,2.3888704039031476,2.6408483697448997,0.019802627296179712,0.025667746748577788,1.820508882514041,4.593097604753822
2022-01-10,6.530383502,1.022438495,1.87878437,3.81418958,7.522540521,12.55511577,17.76942113,6.21875,2.431,0.015,3.136,0.017,162.066666666667,13.245795947000001,2.018945970395398,0.7043039591049155,1.0573681112912126,1.5715677195576345,2.6564618419241675,2.606764023674024,0.014888612493750654,0.016857117066422903,1.976681807722067,5.09415911514491
2022-01-11,7.12934877,2.148104197,2.399457308,3.324826339,7.425439942,13.70149566,17.51444284,7.2625,2.409,0.017,3.044,0.018,141.705882352941,15.001736614,2.0954808182603544,1.1468004294355911,1.2236158035881213,1.464371986745326,2.772697254724918,2.6879492341871916,0.016857117066422903,0.017839918128331,2.1117272051778047,4.960785745447778
2022-01-12,3.073111433,1.665224313,1.272018813,1.801895803,7.351382779,12.84633285,17.59125904,8.30625,2.477,0.013,2.235,0.014,190.538461538462,7.8122503619999994,1.4044071872412036,0.980288224056952,0.8206687811943412,1.0302962605709833,2.176142840020838,2.6280204214006626,0.012916225266546327,0.013902905168991422,2.2306862174501823,5.255088631997219
2022-01-13,2.084052098,1.291041968,1.056230101,0.665615051,7.243854559,15.72262952,17.61589725,9.35,2.437,0.016,2.701,0.022,152.3125,5.096939217999999,1.1262443485545068,0.8290067219417235,0.7208742581594914,0.5101944552210248,1.8077868777108232,2.8167628632338326,0.01587334915629015,0.02176149178151269,2.336986519711378,5.032478322018708
2022-01-14,1.30352643,1.257465605,0.968942795,0.167219406,7.208144823,18.12790152,17.21994931,10.39375,2.345,0.023,2.911,0.03,101.95652173913,3.6971542360000003,0.8344411791721608,0.8142427703125376,0.6774967464162575,0.15462434420200308,1.5469568436358143,2.951148081669328,0.022739486969489426,0.0295588022415444,2.4330649594448364,4.634306780074742
2022-01-15,2.152814761,1.032083936,0.771396527,0.407091172,7.200205499,16.1161136,17.55422576,11.4375,2.469,0.018,2.578,0.025,137.166666666667,4.363386396000001,1.1482956287577808,0.7090618359497355,0.571768233795285,0.3415245748957251,1.6795955658857493,2.8400203355972797,0.017839918128331,0.0246926125903715,2.520716102484711,4.928460685907242
2022-01-16,2.215477569,0.967489146,0.750079595,0.41276411,7.181304631,14.67218958,17.46371925,12.48125,2.55,0.019,2.67,0.021,134.210526315789,4.34581042,1.167975890670455,0.6767581846487153,0.5596612697582518,0.34554814709075166,1.6763131550602506,2.7518877773021018,0.018821754240587758,0.020782539182528502,2.6012998311553295,4.906833017943439
2022-01-17,1.850905141,0.946169442,0.888298335,0.121252715,7.185033309,16.64332295,17.32943519,13.525,2.661,0.024,3.468,0.031,110.875,3.8066256329999995,1.0476365371918053,0.6658630519157178,0.6356760716595211,0.1144465557926195,1.5699953063283987,2.870357408688483,0.023716526617316044,0.03052920503482287,2.675871302737975,4.717382176595019
2022-01-18,3.012519913,0.9226937,0.828182476,0.508088342,7.164308472,18.7197777,17.52915279,14.56875,2.638,0.018,2.772,0.025,146.555555555556,5.271484431,1.389419451185253,0.6537271715485637,0.60332229080711,0.4108428500980093,1.8360130779793116,2.9816220762914782,0.017839918128331,0.0246926125903715,2.7452657000283534,4.9942047527001625
2022-01-19,2.92666908,0.861107893,0.779608979,0.294829833,7.153299059,16.98486459,17.695105,15.6125,2.506,0.02,3.117,0.025,125.3,4.862215784999999,1.3677915041561608,0.6211719517990327,0.5763936654528674,0.2583792834285557,1.7685276524266205,2.889530548067256,0.019802627296179712,0.0246926125903715,2.8101554240393636,4.838660029356445
2022-01-20,3.084822592,0.825452571,0.817038378,0.283642288,7.13405286,17.12364446,17.63030413,16.65625,2.599,0.025,2.793,0.03,103.96,5.010955829,1.4072782982379273,0.601827940401067,0.5972079108200347,0.24970157455352546,1.793583775668688,2.8972174095301524,0.0246926125903715,0.0295588022415444,2.8710898283467143,4.653579325195778
2022-01-21,3.732527154,0.818225923,0.777385952,0.735141202,7.102698045,18.46899928,17.29049964,17.7,2.558,0.026,2.679,0.032,98.3846153846154,6.063280231,1.554459341855614,0.5978612581114084,0.5751437186114717,0.5510887945253292,1.9549095655564661,2.9688234200149037,0.025667746748577788,0.03149866705937099,2.928523523860541,4.598997326881011
2022-01-22,4.343323678,1.102787835,1.076502534,0.855546705,7.1201021,19.60307965,17.24694424,21.9,2.751,0.03,3.157,0.037,91.7,7.378160752,1.6758478709648197,0.7432640048028039,0.7306850044105849,0.6181793723146356,2.125628409736327,3.0254405621947025,0.0295588022415444,0.03633192924739028,3.131136910560194,4.529368472571809
2022-01-23,6.251980218,0.764518465,1.401535119,6.083895728,7.236597393,20.53233599,17.69280956,0.1,2.989,0.03,3.362,0.035,99.6333333333333,14.50192953,1.9812745650896564,0.5678778287993169,0.8761081657926219,1.9578240004446672,2.7409645019839375,3.0695558047939455,0.0295588022415444,0.0344014267173324,0.09531017980432487,4.611483548044683
2022-01-24,8.160636758,1.706512301,2.558878437,2.50670767,7.191673661,18.80239291,17.52230101,0.493904358571429,3.051,0.028,3.117,0.038,108.964285714286,14.932735166,2.214915691335481,0.9956608322288643,1.2694454494400729,1.2546776115388714,2.7683758082417413,2.9858027844386323,0.027615167032973367,0.037295784743696894,0.40139306764098615,4.700155637749299
2022-01-25,8.23946680183333,0.645390738,3.008567294,3.279475252,7.365863965,20.10489291,17.95985528,0.887808717142857,2.999,0.02,3.377,0.021,149.95,15.17290008583333,2.223484178559277,0.4979778867104733,1.3884338941858254,1.453830397404241,2.78333700728101,3.0495049050685443,0.019802627296179712,0.020782539182528502,0.635416747517951,5.016948656152848
2022-01-26,8.31829684566667,0.760893761,2.786374368,4.052242833,7.207568297,17.69175379,18.40931703,1.28171307571429,2.844,0.011,3.019,0.014,258.545454545455,15.91780780766667,2.231979870116909,0.5658214989037544,1.3314089300961789,1.6198322700393326,2.8283667835895296,2.9280824528062115,0.010939940038334362,0.013902905168991422,0.8249265098424926,5.558931849291742
2022-01-27,8.39712689,0.579461358,1.463559719,7.716159251,7.232964871,12.02333021,18.72854801,1.67561743428571,2.89,0.014,3.454,0.017,206.428571428571,18.156307218,2.2404039925554766,0.4570838762567168,0.9016073442343434,2.16517868802606,2.952632020042301,2.5667423805728875,0.013902905168991422,0.016857117066422903,0.9841801702693327,5.334787046329426
2022-01-28,8.47595693333333,0.781670886,2.802506329,6.604,7.145420253,11.45206582,18.31762025,2.06952179285714,2.61,0.011,2.944,0.015,237.272727272727,18.664134148333332,2.24875774147124,0.5775516240006691,1.3356604095812208,2.0286744246261827,2.9787963748271244,2.521886538463239,0.010939940038334362,0.014888612493750654,1.121521781667065,5.473415930525035
2022-01-29,8.55478697716667,0.838718593,1.111030151,6.265276382,7.128977387,10.5074799,18.18298995,2.46342615142857,2.976,0.022,3.415,0.026,135.272727272727,16.769812103166668,2.257042283060319,0.6090689121622098,0.7471760515685434,1.9831063392442614,2.877501068287734,2.442997250020791,0.02176149178151269,0.025667746748577788,1.242258316303898,4.914658225304225
2022-01-30,8.633617021,1.128164894,1.342579787,4.679468085,7.032944149,11.33035638,18.00819149,2.85733051,2.92,0.013,3.44,0.015,224.615384615385,15.783829786999998,2.2652587545633898,0.7552600562593297,0.8512527951693873,1.7368575813408629,2.820415910217865,2.512064220245984,0.012916225266546327,0.014888612493750654,1.3499753665063476,5.418831711515916
2022-01-31,5.246442049,1.23115903,1.469595687,2.07819407,6.969544474,12.19269811,17.59708895,2.928335788,2.799,0.012,3.242,0.015,233.25,10.025390836,1.8320120294913929,0.8025211948463103,0.9040544477676176,1.124343084111338,2.4002008706818985,2.5796635030505772,0.011928570865273802,0.014888612493750654,1.3682158725819025,5.456388921118531
2022-02-01,3.992029412,1.423823529,1.419205882,1.118382353,6.958523529,12.97455588,17.45920588,2.999341067,2.812,0.016,3.219,0.02,175.75,7.953441176,1.6078425228766928,0.8853462639892485,0.8834393383823961,0.750652756382199,2.1920379473283806,2.6372382389297404,0.01587334915629015,0.019802627296179712,1.3861296142998785,5.174736304776682
2022-02-02,4.695027548,1.32953168,0.755867769,2.016790634,6.994440771,16.03933471,17.49301653,3.070346346,2.774,0.016,3.144,0.018,173.375,8.797217630999999,1.7395934341130825,0.8456672516671103,0.5629631899857579,1.1041935623430303,2.2820984301608926,2.8355244777986024,0.01587334915629015,0.017839918128331,1.4037280931312313,5.16120815257563
2022-02-03,2.749369565,1.784644928,1.296876812,1.033681159,7.059338406,22.75543623,17.21849275,3.141351624,3.13,0.025,3.186,0.026,125.2,6.864572464,1.3215877098492406,1.0241203708166706,0.8315502923167125,0.7098475296850326,2.0623681757193064,3.167811398183176,0.0246926125903715,0.025667746748577788,1.4210222137815303,4.837867950107113
2022-02-04,2.88272,1.540858182,2.18072,1.822138182,7.147769455,27.97356727,16.57896,3.212356903,3.073,0.028,3.276,0.038,109.75,8.426436364,1.356535938955615,0.9325018908954013,1.157107586258396,1.037494818213401,2.2435181210858666,3.3663839408936895,0.027615167032973367,0.037295784743696894,1.4380223254872564,4.707275408925245
2022-02-05,2.763606083,1.326900797,1.774446054,2.174829833,7.185237509,27.1551441,16.40046343,3.283362182,3.056,0.027,3.063,0.03,113.185185185185,8.039782767,1.3253775624208222,0.8445372521264994,1.0204511070914577,1.1552540350028313,2.2016351439162403,3.3377300767897373,0.026641930946421175,0.0295588022415444,1.4547382577477146,4.73782156188182
2022-02-06,2.11128655,1.641374269,1.644912281,0.749853801,7.198936404,26.64021491,16.13540936,8.291681091,3.065,0.032,3.415,0.043,95.78125,6.147426900999999,1.1350363223204964,0.971299338155117,0.9726379006771466,0.5595322421598573,1.9667524179497193,3.3192717741948568,0.03149866705937099,0.042101176018635396,2.229119493505587,4.5724532771734765
2022-02-07,2.4319631,1.383166052,1.418088561,1.624228782,7.2499631,24.49870258,15.98256827,13.3,3.198,0.027,3.306,0.033,118.444444444444,6.8574464950000005,1.2331324298196635,0.8684298776024877,0.8829773772456341,0.9647870555433621,2.0614616802486476,3.238627571654303,0.026641930946421175,0.032467190137501496,2.6602595372658615,4.78285136322554
2022-02-08,2.256634256,1.171869858,2.016634256,2.812572924,7.254866866,25.59459162,16.06431563,8.3,3.165,0.046,3.467,0.062,68.804347826087,8.257711294,1.1806942252387993,0.775588482228649,1.104141725118606,1.338304269357157,2.225456857633742,3.280707872558429,0.044973365642731154,0.06015392281974709,2.2300144001592104,4.2456962976004196
2022-02-09,2.600996198,1.027231939,1.566980989,2.15460076,7.234069962,21.62817719,16.22276806,3.3,2.92,0.051,3.0,0.057,57.2549019607843,7.349809886,1.2812105288483524,0.7066712856895123,0.9427304959402704,1.1488619459892322,2.1222387704598535,3.1191959080141536,0.04974209189481407,0.055434706888100586,1.4586150226995167,4.064828242738281
2022-02-10,2.574085366,0.810434451,1.698658537,2.765442073,7.06936814,19.97541921,16.14086128,0.3,3.293,0.083,3.098,0.095,39.6746987951807,7.848620426999999,1.273709301734584,0.593566844652376,0.992754811397166,1.3258652708265466,2.1802615629138695,3.0433512383275656,0.07973496801885356,0.09075436326846414,0.262364264467491,3.7056062479192495
2022-02-11,2.708967643,1.028335901,1.348436055,1.641694915,7.072414484,18.91130817,16.42494607,3.16666666666667,3.193,0.079,3.339,0.101,40.4177215189873,6.7274345140000005,1.3107535745545984,0.707215703670333,0.8537495980963398,0.9714207244134552,2.0447769205786503,2.99128782008644,0.07603468627599762,0.09621885774054292,1.4271163556401465,3.723708845255615
2022-02-12,3.126954157,0.666138306,1.485291375,3.254739705,7.181157731,18.36947242,16.54224553,6.03333333333333,2.835,0.062,2.685,0.079,45.7258064516129,8.533123543,1.4175396426399347,0.5105085571056692,0.9103899061960621,1.448033586241094,2.2547724229365413,2.963698240083594,0.06015392281974709,0.07603468627599762,1.9506607518139105,3.844296612724259
2022-02-13,4.323607692,0.379953846,1.173261538,4.472684615,7.27634,16.93318077,16.57583077,8.9,2.939,0.073,2.953,0.087,40.2602739726027,10.349507691000001,1.672151211116139,0.322050053682283,0.7762290520622187,1.699769284884698,2.429174367744388,2.8866526712143714,0.07045846364856141,0.08342160813907239,2.2925347571405443,3.719900147771392
2022-02-14,3.448380879,0.627409406,0.822374711,3.269367772,7.266714726,18.75154742,16.51785659,0.1,2.883,0.072,3.239,0.096,40.0416666666667,8.167532768000001,1.4925401825538873,0.48698942903513154,0.6001404368585713,1.451465753514694,2.2156681953229227,2.9832318386576473,0.06952606264861023,0.0916671885258238,0.09531017980432487,3.714587810824144
2022-02-15,3.529514264,0.636491904,0.941673092,3.068149576,7.23022899,18.48025443,16.64639167,0.633333333333333,2.847,0.068,3.737,0.071,41.8676470588235,8.175828836,1.5106147072557052,0.4925548678035674,0.6635500199627287,1.4031882464385732,2.2165727262093258,2.9694013592173896,0.0657877405380031,0.06859279146561172,0.490622916448471,3.7581173936084853
2022-02-16,4.197483395,0.358206642,0.825763838,3.512915129,7.236331365,20.40157786,16.80969742,1.16666666666667,2.791,0.067,3.169,0.087,41.6567164179104,8.894369004,1.6481745459397328,0.3061651839815765,0.6019984408403106,1.5069433147739473,2.291965807844837,3.063464651085453,0.06485097231961633,0.08342160813907239,0.7731898882334833,3.7531847390988458
2022-02-17,4.890455861,0.083589001,2.23447178,6.362626628,7.197630246,19.64902098,16.73424023,1.7,2.8,0.08,3.268,0.107,35.0,13.57114327,1.7733333904241162,0.0802786807527762,1.173865631776874,1.996416747879039,2.6790430845274726,3.0276679081136524,0.07696104113612832,0.10165365372649983,0.9932517730102833,3.58351893845611
2022-02-18,6.093342981,0.01,2.357199711,5.741982634,7.278706946,19.50654848,16.90926918,20.5,2.778,0.079,3.367,0.097,35.1645569620253,14.202525326,1.9591567359077924,0.009950330853168083,1.2111072071428906,1.9083540410150186,2.7214615539209523,3.0207442731836722,0.07603468627599762,0.0925791812930932,3.068052935133617,3.588079549763751
2022-02-19,4.131526773,0.317539797,2.479927641,5.12133864,7.27881259,21.04213025,16.70063676,24.4,2.527,0.065,2.516,0.071,38.8769230769231,12.050332851,1.635403231472853,0.2757662074287876,1.2470115007541174,1.8117808046320167,2.5688136392671894,3.0929556334252872,0.06297479916138844,0.06859279146561172,3.2347491740244907,3.685797787576529
2022-02-20,2.946324168,1.462206946,1.858422576,1.344768452,7.213651954,25.41450289,16.14399421,16.7,2.837,0.077,3.717,0.085,36.8441558441558,7.611722142,1.3727845552652387,0.9010580802817401,1.050269925820698,0.8521866558716283,2.1531243149314583,3.273913211207698,0.07417939817425151,0.08157998699242289,2.8735646395797834,3.633476564901465
2022-02-21,2.280876177,1.799087618,1.306241854,0.347639392,7.181822592,29.20357857,15.29642288,4.2,2.856,0.0705,3.086,0.083,40.5106382978723,5.733845041,1.1881105138580983,1.0292935133659928,0.8356192966595408,0.29835446334891985,1.9071463090396041,3.407960413056128,0.06812582904760042,0.07973496801885356,1.6486586255873816,3.7259497389130516
2022-02-22,1.969732078,1.877530775,1.170818248,0.112954381,7.159385952,34.99172991,14.92946416,2.6,2.444,0.064,2.455,0.081,38.1875,5.131035482,1.0884717393178835,1.0569325566044936,0.7751041692893419,0.10701808403201683,1.8133636560741941,3.583289187343122,0.06203539091945264,0.07788653865707124,1.2809338454620642,3.6683578183931393
2022-02-23,1.848160377,2.04807783,1.25946934,0.010837264,7.182509434,41.79973821,14.42857311,1.0,2.469,0.063,2.505,0.078,39.1904761904762,5.166544811,1.0466733041131362,1.1145111722752958,0.8151299804033774,0.01077896170120601,1.8191386828425522,3.7565319859802595,0.06109509935981088,0.07510747248680541,0.6931471805599453,3.6936300568725344
2022-02-24,1.970211024,1.920509684,1.204362919,0.293193173,7.141688588,37.67461324,14.69343589,1.2,3.164,0.0705,3.254,0.092,44.8794326241135,5.3882768,1.0886330021423969,1.0717581503632996,0.7904385415281772,0.2571144877027162,1.8544645606600811,3.6551833961505618,0.06812582904760042,0.0880108773227133,0.7884573603642702,3.826016925665818
2022-02-25,2.045675738,1.792941538,1.163410386,0.349826408,7.108237987,34.65197167,14.95829868,1.4,3.099,0.078,3.101,0.09,39.7307692307692,5.35185407,1.113722793783251,1.0270953551292192,0.7716858589790839,0.2999759975156972,1.8487467498144325,3.573804451642328,0.07510747248680541,0.08617769624105233,0.8754687373538999,3.7069838075799235
2022-02-26,2.121140452,1.665373391,1.122457853,0.406459643,7.074787386,31.6293301,15.22316146,1.6,2.778,0.062,2.959,0.077,44.8064516129032,5.315431339,1.1381984645189427,0.9803441569966773,0.7525747817623913,0.34107565532602047,1.8429960573495023,3.4852115802075376,0.06015392281974709,0.07417939817425151,0.9555114450274363,3.8244249461101596
2022-02-27,2.196605166,1.537805245,1.08150532,0.463092878,7.041336786,28.60668853,15.48802425,1.8,2.656,0.067,2.756,0.092,39.6417910447761,5.279008609,1.162089361043208,0.9312996307292704,0.7330913434987741,0.3805526046435665,1.8372121032092297,3.3880002996553804,0.06485097231961633,0.0880108773227133,1.0296194171811581,3.704796873282793
2022-02-28,2.144616457,1.410237099,1.01944212,0.230808926,6.999214784,25.74530962,15.75288703,2.0,2.691,0.072,2.647,0.095,37.375,4.805104602,1.145691929456359,0.879725123991239,0.7028212950510643,0.20767161663314782,1.7587376342812215,3.28635911665952,0.06952606264861023,0.09075436326846414,1.0986122886681098,3.647406205907361
2022-03-01,2.891803714,1.15357206,1.077948718,0.660848806,7.029969938,20.83536516,16.48885057,2.2,2.663,0.07,2.774,0.098,38.0428571428571,5.784173298,1.3588727298556622,0.7671278867585561,0.7313812138354607,0.5073288006000309,1.9145924432694634,3.083530910406571,0.06765864847381481,0.0934903430873389,1.1631508098056809,3.664659943878708
2022-03-02,3.374723214,0.758160714,1.316526786,1.4105,7.018859821,20.17842321,16.36526786,2.4,1.853,0.006,2.551,0.042,308.833333333333,6.859910714,1.475843252436811,0.5642682137421198,0.840068988941752,0.87983419486354,2.0617752468346104,3.0529828902820113,0.005982071677547464,0.04114194333117518,1.2237754316221157,5.736034518493388
2022-03-03,4.975467053,0.449029689,2.205488776,2.683613324,7.050826937,23.20717017,17.23375815,2.6,1.9,0.008,2.81,0.051,237.5,10.313598842,1.7876622626287346,0.37089415243161,1.1648645829572166,1.3038941519722262,2.426005439513146,3.1866488772945436,0.007968169649176874,0.04974209189481407,1.2809338454620642,5.474369310328396
2022-03-04,5.885738061,0.285086831,2.734030391,3.074573082,7.056683068,21.93560275,17.59244573,2.8,1.933,0.003,2.861,0.051,644.333333333333,11.979428365,1.9294523248376039,0.25082628882689273,1.3174881840794463,1.4047659760512,2.563365670629744,3.132690408497348,0.002995508979798479,0.04974209189481407,1.33500106673234,6.469766979168412
2022-03-05,7.770224313,0.068125904,4.015180897,4.616685962,6.997573806,20.3325246,17.65761939,3.0,1.966,0.019,2.783,0.047,103.473684210526,16.470217075999997,2.171362383366006,0.06590562123025072,1.61246949194979,1.72574180349528,2.8604975497127283,3.060232884597984,0.018821754240587758,0.045928931888399804,1.3862943611198906,4.648935213954847
2022-03-06,7.406917511,0.12093343,3.214224507,4.445513748,6.937706946,19.53167728,17.93595514,3.2,1.791,0.003,2.285,0.058,597.0,15.187589196,2.1290548801625935,0.11416175784855041,1.438465590422278,1.6947921041838006,2.7842448496221817,3.021968926670769,0.002995508979798479,0.05638033343610764,1.4350845252893227,6.393590753950631
2022-03-07,8.62426087,0.055224638,2.413268116,5.240731884,6.930306522,21.89297609,17.79397826,3.06363636363636,1.973,0.003,2.76,0.049,657.666666666667,16.333485508,2.264287084497863,0.05375367127650851,1.2276702241200927,1.8310974646060714,2.852640209182472,3.130830142551001,0.002995508979798479,0.04783732941416013,1.4020782288211517,6.490217589639704
2022-03-08,5.739246923,0.503548154,1.141180304,3.042671977,6.984476466,23.50804924,17.84661115,2.92727272727273,1.938,0.002,2.795,0.046,969.0,10.426647357999999,1.9079481861890941,0.4078277508683821,0.7613572209145466,1.396905853802943,2.4359481152700764,3.1990016040012623,0.001998002662673056,0.044973365642731154,1.3679452224516948,6.877296071497429
2022-03-09,4.569587256,0.663352643,0.93422882,2.612056481,6.968541636,22.12855902,18.17386676,2.79090909090909,2.054,0.006,2.51,0.056,342.333333333333,8.779225199999999,1.7173209499368265,0.5088352300459695,0.6597087044068627,1.284277272475671,2.2802602580045406,3.1410681751241176,0.005982071677547464,0.05448818528406973,1.332605856006385,5.838701792555571
2022-03-10,4.666429608,0.402859216,0.796850508,3.102685051,6.895708273,21.45192598,18.437627,2.65454545454545,1.6235,0.003,1.992,0.046,541.166666666667,8.968824383000001,1.7345592206306921,0.33851245111037664,0.5860354145802497,1.411641649850869,2.2994626615748355,3.111376400263544,0.002995508979798479,0.044973365642731154,1.2959717228266034,6.295573457245297
2022-03-11,6.601841914,0.014387237,1.963582306,5.934227701,7.006714286,19.41611022,19.20402466,2.51818181818182,1.193,0.004,1.889,0.044,298.25,14.514039158,2.02839057503381,0.01428472279990608,1.0863987751011865,1.9364696850565182,2.7417453661082947,3.016324305854703,0.003992021269537453,0.04305948946044697,1.257944327237366,5.701279344438083
2022-03-12,7.057891304,0.015565217,3.872362319,5.96084058,7.08707971,19.55082246,19.47346377,2.38181818181818,1.979,0.005,2.495,0.046,395.8,16.90665942,2.086651897474899,0.015445321541917025,1.5835788952532999,1.940300240042364,2.885172678295855,3.0229009625257977,0.004987541511039074,0.044973365642731154,1.2184134884807298,5.983432375410718
2022-03-13,9.441288921,0.01,3.78867598357143,8.298182476,7.311583635,19.44689211,20.28228096,2.24545454545455,1.807,0.005,2.196,0.045,361.4,21.53814738057143,2.345768034699851,0.009950330853168083,1.566253960598248,2.229818948371582,3.115209312712408,3.017830895878306,0.004987541511039074,0.04401688541677433,1.1772554159872242,5.892748574168825
2022-03-14,10.15475083,0.010050688,3.70498964814286,8.111037693,7.381149271,18.17671542,21.39051412,2.10909090909091,1.659,0.004,2.138,0.043,414.75,21.98082885914286,2.4118654905664405,0.010000515732499823,1.548623572852746,2.2094866118102012,3.1346603404882893,2.9536968045296037,0.003992021269537453,0.042101176018635396,1.134330371270189,6.030084118073037
2022-03-15,10.86821274,0.01024602,3.62130331271429,7.923892909,7.450714906,18.42660058,21.36575977,1.97272727272727,1.462,0.003,2.13,0.039,487.333333333333,22.42365498171429,2.4738636277819026,0.010193885349779474,1.5306767676293804,2.188732276162109,3.1537464084061777,2.9666432907999853,0.002995508979798479,0.038258712117090345,1.0894798051048362,6.190998232783057
2022-03-16,10.48494272,0.036085384,3.53761697728571,7.692779302,7.578546085,17.61695297,21.98002894,1.83636363636364,1.817,0.002,2.483,0.036,908.5,21.75142438328571,2.4410368487537877,0.03544955742961491,1.5124019793767305,2.162492715761302,3.1246277536913363,2.9240726156008248,0.001998002662673056,0.03536714383729131,1.0425228220170675,6.8128949979581765
2022-03-17,10.1016727,0.217378711,3.45393064185714,7.461665695,7.706377263,17.0005315,22.05170891,1.7,1.874,0.004,2.481,0.039,468.5,21.23464774785714,2.407095790658828,0.19669994965683485,1.4937869966118054,2.135546044899648,3.1016517816000277,2.8904012852380063,0.003992021269537453,0.038258712117090345,0.9932517730102833,6.1516682986483175
2022-03-18,10.14157682,0.42973913,3.37024430642857,7.230552087,7.713465443,16.73093696,22.6048913,3.63333333333333,1.923,0.003,2.34,0.046,641.0,21.17211234342857,2.4106837702634487,0.3574920010566381,1.4748189129060811,2.1078530946990885,3.0988352984502137,2.875310964713503,0.002995508979798479,0.044973365642731154,1.5332765514685358,6.464588303689961
2022-03-19,10.18148094,0.763688406,3.286557971,6.99943848,7.720553623,18.09642464,22.45534783,5.56666666666667,2.005,0.003,2.248,0.039,668.333333333333,21.231165797000003,2.4142589222818316,0.567407301392244,1.4554840731324747,2.0793713492164025,3.1014951691111663,2.949501125907009,0.002995508979798479,0.038258712117090345,1.8820063470758337,6.50628219214351
2022-03-20,10.22138506,1.116540972,3.89337926,6.768324873,7.482336476,17.59154242,22.60858593,7.5,1.936,0.003,2.302,0.045,645.333333333333,21.999630165,2.417821338108564,0.7497831391661456,1.5878831200327987,2.050054552076405,3.1354781360172597,2.9227067687056993,0.002995508979798479,0.04401688541677433,2.1400661634962708,6.471315366574542
2022-03-21,6.879927589,1.910188269,3.640477915,2.956574946,7.204066618,17.29219986,22.12101376,11.35,1.738,0.003,2.206,0.061,579.333333333333,15.387168719,2.0643187146143687,1.0682177763414833,1.5348173598565529,1.3753787383873881,2.7964986334163755,2.906474731824027,0.002995508979798479,0.05921185963184609,2.513656063073986,6.363602651100079
2022-03-22,6.111057971,2.143398551,2.820115942,3.041391304,7.172526087,18.22354928,21.89404348,15.2,1.689,0.003,2.433,0.036,563.0,14.115963767999999,1.9616510331674057,1.1453045556941526,1.3402807734667928,1.396589014865345,2.715751388553965,2.9561360524664293,0.002995508979798479,0.03536714383729131,2.785011242238338,6.335054251498059
2022-03-23,3.983350217,2.126244573,1.948719247,1.271266281,7.096457308,25.104822,21.20973227,11.3,2.039,0.004,2.352,0.034,509.75,9.329580318000001,1.6061023991896022,1.1398324672625633,1.0813709225204633,0.8203375090019464,2.335011654813489,3.2621200482221457,0.003992021269537453,0.03343477608623739,2.509599262378372,6.235880233697731
2022-03-24,2.683164374,1.919862419,1.214800869,0.480716872,7.076647357,31.55737944,20.34969587,14.0,1.894,0.003,2.308,0.035,631.333333333333,6.298544534,1.303772266931314,1.071536498389338,0.7951624983270821,0.3925263434782752,1.98767494937162,3.483004053865842,0.002995508979798479,0.0344014267173324,2.70805020110221,6.449416681266904
2022-03-25,2.110209993,1.875351195,0.802643012,0.245981173,7.074903693,33.51176828,19.86701665,10.9,1.381,0.001,2.453,0.034,1381.0,5.034185373,1.134690245776596,1.0561748215716344,0.5892539279450385,0.21992331029925902,1.797440861676975,3.5413003754378902,0.0009995003330835331,0.03343477608623739,2.4765384001174837,7.231287004327616
2022-03-26,2.360890659,1.871303403,0.929493121,0.173345402,7.003394642,35.82927154,20.14764663,13.55,1.951,0.003,2.419,0.044,650.333333333333,5.3350325849999995,1.2122060159317234,1.0547660740645768,0.6572573368168567,0.15985898668445214,1.8460949574062826,3.606292951276844,0.002995508979798479,0.04305948946044697,2.6775909936175015,6.479021543934618
2022-03-27,2.612607117,4.259302832,1.177305737,0.014066812,7.16635512,42.76208148,19.83812636,16.2,2.045,0.04,2.453,0.036,51.125,8.063282498,1.2844297047636515,1.6599984765203581,0.7780882119874676,0.013968792544721692,2.2042313610602084,3.7787677227960366,0.039220713153281295,0.03536714383729131,2.8449093838194073,3.9536446801189653
2022-03-28,3.060130246,4.017375729,1.279008683,0.01,7.213806802,49.69489142,19.33146165,9.4,1.857,0.007,2.553,0.048,265.285714285714,8.366514658,1.4012150533946461,1.6129070338679343,0.8237405602606771,0.009950330853168083,2.23714105885663,3.9258251445736665,0.006975613736425242,0.046883585898850416,2.341805806147327,5.584569846190222
2022-03-29,3.054775687,3.775448625,0.858835022,0.01,7.073204052,56.62770135,18.97732996,10.3,2.233,0.06,2.373,0.044,37.2166666666667,7.699059334,1.399895368404747,1.5634879223989795,0.6199499592390563,0.009950330853168083,2.1632148972861405,4.054003378309176,0.05826890812397577,0.04305948946044697,2.424802725718295,3.6432717206358047
2022-03-30,2.569266366,2.644808126,0.717629797,0.011354402,6.982478555,63.56051129,19.92519187,6.3,2.1,0.049,2.153,0.054,42.8571428571429,5.943058691,1.2723600749536992,1.2933037237458527,0.5409453154757407,0.011290424605507549,1.9377424109976862,4.167602943539999,0.04783732941416013,0.05259245011917058,1.9878743481543455,3.7809375985318847
2022-03-31,2.721904417,2.35795076,0.761672701,0.011491673,6.954842867,53.32685301,19.97153512,2.3,2.726,0.017,3.123,0.049,160.352941176471,5.853019551000001,1.3142354773422158,1.2113308950576664,0.5662637560030024,0.011426145263551898,1.924689365510751,3.9950186352708488,0.016857117066422903,0.04783732941416013,1.1939224684724346,5.083594146881389
2022-04-01,3.100464441,2.39009434,0.973439768,0.013287373,6.933981132,49.62274311,20.11891147,0.1,1.534,0.005,3.204,0.042,306.8,6.477285922000001,1.4111002455874437,1.2208577499136966,0.6797780952597711,0.013199870129319405,2.0118698814899307,3.9244009438897516,0.004987541511039074,0.04114194333117518,0.09531017980432487,5.729450221404779
2022-04-02,2.259410909,2.480130909,0.608152727,0.01,7.008544,57.95307055,19.30526545,0.891666666666667,2.308,0.005,3.00766666666667,0.058,461.6,5.357694545,1.1815464762891692,1.247069910607597,0.47508614572412156,0.009950330853168083,1.8496658187110606,4.076741712989052,0.004987541511039074,0.05638033343610764,0.6374582746993569,6.136862749797339
2022-04-03,1.953816075,2.149905865,0.533439537,0.010456191,7.077081825,45.94709776,18.91053584,1.68333333333333,2.502,0.01,2.81133333333333,0.052,250.2,4.647617668,1.0830979191375896,1.1473725682640181,0.4275132756892203,0.010401903136481313,1.731233804556867,3.8490213881951565,0.009950330853168083,0.050693114315518116,0.987059802762361,5.526249434594043
2022-04-04,1.91858798,1.874069515,0.595901521,0.058059377,7.0875105,36.85025272,19.20033309,2.475,1.489,0.007,2.615,0.053,212.714285714286,4.4466183930000005,1.07109993083009,1.0557289749078127,0.4674387934897843,0.05643645378949751,1.6949949377501747,3.633637656743598,0.006975613736425242,0.05164323315183845,1.2455944790167555,5.3646400094791105
2022-04-05,2.321459568,1.721447376,0.657133238,0.597816855,7.045009986,34.45126213,19.62212449,3.26666666666667,1.653,0.006,2.453,0.049,275.5,5.297857037,1.2004043152355817,1.001163862309797,0.5050891443849861,0.4686382318898751,1.8402094226752386,3.568158855447323,0.005982071677547464,0.04783732941416013,1.4508328822574625,5.6222108209623896
2022-04-06,2.560116026,1.568825236,0.715634518,0.505518492,7.000603336,31.04599275,20.04391588,4.05833333333333,1.815,0.005,2.813,0.062,363.0,5.350094272,1.2697931359058792,0.9434486877872659,0.5397829935327919,0.4091373518266874,1.8484696587786518,3.4671721443483787,0.004987541511039074,0.06015392281974709,1.6210370482774517,5.8971538676367405
2022-04-07,3.27195369,1.289971056,0.746201158,1.61581042,7.024561505,30.4782453,20.51921852,4.85,1.813,0.006,2.49,0.051,302.166666666667,6.923936324,1.4520712612433315,0.8285391781849616,0.5574426615486282,0.9615739615499569,2.069888092963532,3.449296681843185,0.005982071677547464,0.04974209189481407,1.766441661243765,5.714282709290068
2022-04-08,4.419464156,1.008826937,0.955083273,3.517356988,7.112562636,32.55183345,20.91708182,5.64166666666667,1.879,0.005,2.396,0.048,375.8,9.900731354,1.689996946357525,0.6975509382695396,0.6704327874151031,1.5079270856505471,2.388829883681463,3.5130915102106677,0.004987541511039074,0.046883585898850416,1.8933629360081696,5.931714542702208
2022-04-09,4.504269175,1.009008683,1.392243126,3.552727931,7.128494211,31.46165485,21.16047757,6.43333333333333,1.307,0.004,2.05,0.05,326.75,10.458248915,1.705524004776785,0.6976414078742289,0.8722314722276058,1.5157265985821202,2.4387098998733046,3.4800595419945877,0.003992021269537453,0.048790164169432,2.005974389797963,5.792251122643809
2022-04-10,4.891469949,0.680123099,1.185966691,3.648052136,7.055261405,24.79418972,21.81036206,7.225,1.007,0.004,2.079,0.045,251.75,10.405611875,1.7735055334198977,0.5188670639451024,0.782058152218311,1.5364482363541714,2.4341055040122943,3.2501492619140335,0.003992021269537453,0.04401688541677433,2.1071782966514356,5.532400857900581
2022-04-11,6.268174045,0.44218453,1.463889984,4.860251941,7.149134829,23.79941877,22.34271694,8.01666666666667,1.545,0.026,2.19,0.048,59.4230769230769,13.0345005,1.9835050970000954,0.3661589987753998,0.901741395323812,1.7681925960094438,2.641518619583086,3.2108202162027446,0.025667746748577788,0.046883585898850416,2.199074716624381,4.101371100234139
2022-04-12,7.343788151,0.204245961,1.572064632,5.792827648,7.2064614,22.18597217,22.87507181,8.80833333333333,1.4325,0.003,1.691,0.044,477.5,14.912926392,2.121517327994564,0.18585361256782498,0.944708935142069,1.9158672978867015,2.7671317595653657,3.1435474479542087,0.002995508979798479,0.04305948946044697,2.28323236447823,6.170656210893009
2022-04-13,9.499956553,0.162903693,2.535177408,7.025032585,7.409970311,21.31675525,23.15645185,9.6,1.32,0.009,2.357,0.044,146.666666666667,19.223070239000002,2.351371119345393,0.15092006099330393,1.2627634842278679,2.082565729443973,3.006824043756937,3.1053377528413284,0.008959741371471902,0.04305948946044697,2.3608540011180215,4.994957481377028
2022-04-14,10.74078871,0.136758321,3.772026049,7.466273517,7.560890738,22.89835528,23.74883502,8.075,1.393,0.008,2.197,0.051,174.125,22.115846597,2.4630689935743844,0.12818063368739485,1.5627709629382898,2.1360904492782433,3.140518382207521,3.1738096398330833,0.007968169649176874,0.04974209189481407,2.205523380150914,5.165500004657171
2022-04-15,8.073317757,0.010389408,2.910514019,6.053785047,7.248453271,24.19361838,23.235919,6.55,1.524,0.003,2.211,0.049,508.0,17.048006231000002,2.2053379918380864,0.010335809022158715,1.3636688280166627,1.9535643588516907,2.8930352205615995,3.226590723558107,0.002995508979798479,0.04783732941416013,2.0215475632609334,6.2324480165505225
2022-04-16,7.630757747,0.471202066,2.015219326,5.756081602,7.232271961,25.66087325,22.97694203,5.025,1.356,0.01,2.548,0.046,135.6,15.873260741,2.1553323050646767,0.38607979860280117,1.1036725724753207,1.910443077321396,2.8257301642468047,3.283197069277893,0.009950330853168083,0.044973365642731154,1.7959174793767188,4.91705694713669
2022-04-17,6.932840224,0.932014723,1.161905169,5.326952688,7.185976898,27.11088363,22.71796507,3.5,1.844,0.002,2.841,0.047,922.0,14.353712804,2.07101113343886,0.6585633563617037,0.7709898556278263,1.8448187123432054,2.7313573212678905,3.33615681914512,0.001998002662673056,0.045928931888399804,1.5040773967762742,6.827629234502852
2022-04-18,6.557728175,1.392827381,0.072797619,6.195287698,7.144989087,28.4600754,22.4589881,8.5,0.916,0.002,1.936,0.042,458.0,14.218640873,2.0225706390780993,0.8724756713473674,0.07026983355706715,1.973426325363408,2.7225210496945262,3.383035970433789,0.001998002662673056,0.04114194333117518,2.2512917986064953,6.129050210060545
2022-04-19,3.750043478,2.250927536,0.861956522,1.519471014,7.052804348,30.76437101,22.25747826,3.2,2.259,0.009,2.626,0.042,251.0,8.38239855,1.5581537712678168,1.17894035131635,0.6216278284211391,0.9240489644087129,2.2388354392853946,3.458345253168756,0.008959741371471902,0.04114194333117518,1.4350845252893227,5.529429087511423
2022-04-20,3.49929761,2.058609703,0.608218682,1.949659667,7.037800869,34.05924258,22.18291818,0.6,1.226,0.024,2.004,0.045,51.0833333333333,8.115785662,1.503921297926816,1.1179604672932961,0.4751271577787771,1.0816897965777863,2.2100075988209293,3.5570392757229348,0.023716526617316044,0.04401688541677433,0.4700036292457356,3.9528449999484008
2022-04-21,4.348203184,1.626080364,0.63115997,2.645458681,6.988644428,30.79788324,22.2425398,5.93333333333333,2.244,0.011,2.893,0.051,204.0,9.250902198999999,1.6767606510385678,0.9654923786111175,0.4892913997612003,1.2934821959524123,2.32736572112557,3.4593997227907236,0.010939940038334362,0.04974209189481407,1.9363406980391622,5.3230099791384085
2022-04-22,5.875434783,1.051876812,0.945123188,4.094268116,7.012511594,27.98459783,22.8369058,11.2666666666667,2.007,0.005,2.28,0.045,401.4,11.966702899000001,1.9279548827166333,0.7187548923680606,0.6653253107974346,1.6281160088588518,2.562384756219739,3.3667645795876218,0.004987541511039074,0.04401688541677433,2.506885556506778,5.9974466187855295
2022-04-23,8.554278463,0.911950689,3.999550399,5.36349177,7.242039159,25.12587165,23.24374909,16.6,1.985,0.005,2.37,0.046,397.0,18.829271321,2.256989060764505,0.6481240240246682,1.6093479881910369,1.8505772471357003,2.9871591955630485,3.262926074321691,0.004987541511039074,0.044973365642731154,2.8678989020441064,5.986452005284438
2022-04-24,10.74771904,1.18961622,1.921622013,6.632715424,7.532890659,22.9379008,24.26440261,20.8,1.267,0.004,2.012,0.046,316.75,20.491672697,2.4636590974902965,0.783726286462602,1.0721389459602262,2.032443669794591,3.067665543688635,3.1754630104038255,0.003992021269537453,0.044973365642731154,3.0819099697950434,5.761264910069563
2022-04-25,10.31305515,1.976973875,2.370805515,5.463642961,7.495214078,23.47761466,24.68731495,21.94,1.206,0.001,1.932,0.045,1206.0,20.124477501,2.4259573818551026,1.0909073063821002,1.215151741024845,1.8661930846994739,3.050432439256882,3.197759012537028,0.0009995003330835331,0.04401688541677433,3.1328821117012247,7.095893221097532
2022-04-26,10.0314848423333,1.417190442,2.990446299,5.049073521,7.60426937,23.72310862,25.26153512,23.08,1.792,0.004,2.428,0.05,448.0,19.4881951043333,2.4007534427303816,0.8826058913356086,1.3839030790325015,1.7999051232912855,3.01984887171079,3.2077383779194606,0.003992021269537453,0.048790164169432,3.1813816204406202,6.1070228877422545
2022-04-27,9.74991453466667,2.583359942,3.610087083,4.634504081,7.413143763,19.76874819,26.42018142,24.22,2.275,0.002,2.461,0.05,1137.5,20.57786564066667,2.3748978042785027,1.2763008915524106,1.5282467468518348,1.7289091366978742,3.071668050428266,3.033449365970598,0.001998002662673056,0.048790164169432,3.2276373305367736,7.037466885503794
2022-04-28,9.468344227,2.152193174,2.184415396,4.219934641,7.222018155,22.7026841,25.7883878,25.36,1.114,0.004,2.264,0.063,278.5,18.024887438,2.3483558678681655,1.148098456285225,1.1582687230403446,1.6524848809349344,2.9457479871993666,3.165588294892987,0.003992021269537453,0.06109509935981088,3.2718477096343066,5.633002292595154
2022-04-29,6.390781208,2.162614703,1.915857858,3.262069878,7.229206629,25.39491685,25.59992579,26.5,2.351,0.006,2.763,0.065,391.833333333333,13.731323647,2.000233440875073,1.1513991231192282,1.070164067416471,1.4497549291309446,2.6899760870618907,3.273171448052773,0.005982071677547464,0.06297479916138844,3.3141860046725258,5.973385433708075
2022-04-30,2.738304348,2.173036232,1.514413043,0.381876812,7.15352029,27.81225725,25.41146377,0.7,0.984,0.001,2.043,0.052,984.0,6.807630435,1.318632125729643,1.1546889313823814,0.9220393938087975,0.32344258389058644,2.0551015164076247,3.3608008955586857,0.0009995003330835331,0.050693114315518116,0.5306282510621704,6.892641641172089
2022-05-01,1.910094203,2.181594203,1.066942029,0.387282609,7.167037681,32.45762174,25.04022464,17.1,1.172,0.003,2.074,0.058,390.666666666667,5.545913044,1.0681854528243824,1.1573823928704583,0.7260702343460069,0.32734687616494323,1.8788408921532997,3.510279615327816,0.002995508979798479,0.05638033343610764,2.89591193827178,5.97041113791015
2022-05-02,1.438797101,2.087869565,0.911144928,0.089449275,7.151855797,38.46413986,24.25318116,10.8,1.641,0.018,2.075,0.062,91.1666666666667,4.527260869,0.8915049263514572,1.1274813919569533,0.6477025012103562,0.08567231626452439,1.7096923707602651,3.675392407914616,0.017839918128331,0.06015392281974709,2.468099531471619,4.52359853229428
2022-05-03,1.695681159,1.913065217,0.70834058,0.259811594,7.155549275,35.98857971,24.55087681,8.92,1.851,0.003,2.48,0.047,617.0,4.57689855,0.9916509215903918,1.0692058659862105,0.5355224782985847,0.23096218121144665,1.718632806458387,3.610609208513521,0.002995508979798479,0.045928931888399804,2.2945529212967815,6.42648845745769
2022-05-04,2.932246377,1.611731884,0.754731884,1.349768116,7.238162319,32.99484203,24.30965942,7.04,1.956,0.006,2.111,0.021,326.0,6.648478260999999,1.3692108597827322,0.9600135583660614,0.5623160725973266,0.8543166492449108,2.034506707920492,3.526208808107794,0.005982071677547464,0.020782539182528502,2.0844290831908747,5.7899601708972535
2022-05-05,4.024557971,1.836971014,1.01723913,2.010942029,7.351404348,27.46513986,24.71204348,5.16,1.538,0.017,2.073,0.043,90.4705882352941,8.889710144,1.6143374841057574,1.042736938643747,0.7017298092079801,1.102252996242185,2.2914948372172668,3.3486801757933984,0.016857117066422903,0.042101176018635396,1.8180767775454285,4.516017480557118
2022-05-06,7.546461204,2.03693256,2.438114576,4.493952139,7.65037926,23.33117476,24.95881798,3.28,1.664,0.027,2.073,0.071,61.6296296296296,16.515460479,2.145517303001788,1.1108479796925872,1.2349232327578774,1.7036478761316785,2.863083946854816,3.1917584400522996,0.026641930946421175,0.06859279146561172,1.4539530095937052,4.137238482894251
2022-05-07,8.486855072,1.939246377,3.905673913,4.460166667,7.565064493,20.57698623,25.00047101,1.4,1.25,0.006,2.092,0.055,208.333333333333,18.791942029,2.249907163810444,1.078153214137583,1.5903924766480608,1.6974793143825078,2.9852748866341208,3.0716272943775014,0.005982071677547464,0.05354076692802982,0.8754687373538999,5.343927877800088
2022-05-08,8.025366534,1.323569877,3.22419052566667,3.548910494,7.828014482,19.20060898,25.20781318,17.3,1.854,0.005,2.266,0.061,370.8,16.12203743066667,2.200039116579847,0.843104743116935,1.4408276508949451,1.5148877524215512,2.8403663724332335,3.005712751477484,0.004987541511039074,0.05921185963184609,2.9069010598473755,5.918356075287344
2022-05-09,7.563877996,2.890058097,2.54270713833333,2.637654321,7.366469136,22.36132898,24.97958606,2.5,1.459,0.004,2.512,0.056,364.75,15.63429755233333,2.1475531244792987,1.358424092480269,1.2648911632327007,1.2913390566148775,2.8114666814873774,3.1510820476089028,0.003992021269537453,0.05448818528406973,1.252762968495368,5.901950039900234
2022-05-10,3.786574946,2.289304852,1.861223751,1.004366401,7.082223027,28.53512744,24.82301955,11.8,2.219,0.012,2.803,0.058,184.916666666667,8.94146995,1.5658151130692164,1.1906762512667428,1.0512494182801293,0.695328001340707,2.296714892028737,3.3855803156305395,0.011928570865273802,0.05638033343610764,2.5494451709255714,5.225298544644534
2022-05-11,2.631311594,2.080231884,1.457384058,0.483137681,7.05171087,31.77042899,24.66871739,9.9,2.057,0.006,2.38,0.066,342.833333333333,6.652065216999999,1.2895939036773258,1.1250048811645452,0.8990973930859433,0.3941598983609717,2.0349755744115248,3.4895265535618702,0.005982071677547464,0.0639133257436528,2.388762789235098,5.840157043843195
2022-05-12,2.673943121,2.030061491,1.231122214,0.555987702,7.042432744,32.9932475,24.42913144,13.45,1.949,0.005,2.751,0.057,389.8,6.491114528000001,1.301265505181532,1.108582913374762,0.8025046938693492,0.44211052212599455,2.01371758859537,3.5261619019508093,0.004987541511039074,0.055434706888100586,2.670694414558441,5.968195920168628
2022-05-13,3.679355072,2.770304348,1.328007246,0.073652174,7.065015217,61.67582391,24.16656522,17.0,1.957,0.054,2.168,0.082,36.2407407407407,7.85131884,1.5431602953053511,1.3271557271139829,0.8450126424073028,0.07106608329739356,2.180566469386169,4.137975789709847,0.05259245011917058,0.07881118042428978,2.8903717578961645,3.6174033432083763
2022-05-14,3.552369565,3.278557971,1.076594203,0.01,7.160501449,61.41422243,23.5255942,12.3,2.485,0.06,2.425,0.097,41.4166666666667,7.917521739,1.51564788091867,1.4536160301589613,0.7307291493009257,0.009950330853168083,2.188018076038799,4.133793172962446,0.05826890812397577,0.0925791812930932,2.5877640352277083,3.747541366762523
2022-05-15,2.839710355,3.915648081,0.788124547,0.01,7.199039102,61.15262096,22.59567705,16.2,1.911,0.066,1.851,0.08,28.9545454545455,7.553482982999999,1.3453969353693551,1.5924236026889558,0.5811673314842118,0.009950330853168083,2.146338566430239,4.129592988588041,0.0639133257436528,0.07696104113612832,2.8449093838194073,3.399681081144193
2022-05-16,2.658856729,4.275108538,0.680832127,0.01,7.177747467,60.89101948,21.9584081,1.2,1.926,0.072,1.912,0.077,26.75,7.624797394,1.2971507294901943,1.6629992550746193,0.5192889844783087,0.009950330853168083,2.1546414720907916,4.125375088066724,0.06952606264861023,0.07417939817425151,0.7884573603642702,3.3232358401924436
2022-05-17,2.543902969,2.815141202,0.703215062,0.01,7.135091238,60.62941801,22.28674149,1.86,1.94,0.053,1.858,0.067,36.6037735849057,6.072259233,1.2652286534176855,1.3389776763712715,0.5325176779117176,0.009950330853168083,1.9561799809135183,4.1211393216389585,0.05164323315183845,0.06485097231961633,1.0508216248317612,3.627104406660674
2022-05-18,1.955873822,2.077483684,0.65182016,0.013930384,7.115191443,60.36781653,22.58425671,2.52,1.748,0.051,1.627,0.058,34.2745098039216,4.6991080499999995,1.083794316789252,1.1241122773564873,0.5018778071874181,0.013834247979793405,1.740309680139707,4.116885536983643,0.04974209189481407,0.05638033343610764,1.2584609896100056,3.5631606012262083
2022-05-19,2.235267728,1.974978292,0.744580318,0.032872648,7.085999276,56.51134805,23.11035456,3.18,2.059,0.069,1.942,0.078,29.8405797101449,4.987698986,1.174111684342988,1.0902367421642487,0.556514021284192,0.03234389889756508,1.7897071957547481,4.051982285722201,0.06672363204290818,0.07510747248680541,1.430311246536665,3.4288313458642747
2022-05-20,3.833729182,1.73615496,1.004366401,0.580601014,7.05895076,46.84283925,23.56284576,3.84,2.011,0.061,1.931,0.078,32.9672131147541,7.154851557,1.5756182571289576,1.006553635583366,0.695328001340707,0.45780516331706556,2.0986130332095745,3.8679214567525393,0.05921185963184609,0.07510747248680541,1.5769147207285403,3.5253957392060626
2022-05-21,6.60129079,1.439818709,0.675054387,5.506287165,7.176889775,46.2070892,23.61765047,4.5,1.947,0.064,2.077,0.079,30.421875,14.222451051,2.028318073660445,0.8919237369545954,0.5158456346006418,1.8727689655646353,2.722771380926363,3.854544076228637,0.06203539091945264,0.07603468627599762,1.7047480922384253,3.4475043064129802
2022-05-22,4.10623913,2.053594203,1.13542029,1.781311594,7.132768116,43.1496,23.54144928,10.4666666666667,1.699,0.046,1.863,0.073,36.9347826086957,9.076565216999999,1.6304631508601402,1.1163193240320952,0.7586634844496203,1.0229226128444942,2.310212452292226,3.7875838669862767,0.044973365642731154,0.07045846364856141,2.439444275711246,3.6358684381474338
2022-05-23,3.879500724,1.937373372,1.173567294,1.525072359,7.091526049,39.26039797,23.60040521,16.4333333333333,1.935,0.072,1.838,0.074,26.875,8.515513749,1.5850429039752258,1.077515771136871,0.7763697320900373,0.9262697193464212,2.252923492879581,3.6953683051603052,0.06952606264861023,0.07138999608667293,2.8583840824027655,3.3277302297802827
2022-05-24,3.748667632,1.752787835,1.149254164,2.571998552,7.053766112,37.71918465,23.08497466,22.4,1.972,0.053,2.026,0.077,37.2075471698113,9.222708183,1.5578640801731645,1.0126141563544904,0.7651208814905699,1.2731252576390306,2.3246115382241523,3.6563352045936868,0.05164323315183845,0.07417939817425151,3.152736022363656,3.6430330659885173
2022-05-25,2.514456522,1.987724638,1.212028986,0.094826087,7.050519565,42.6753413,22.98885507,1.4,1.72,0.043,1.86,0.074,40.0,5.8090362330000005,1.2568848965230146,1.0945121070667878,0.7939101875525322,0.09059552599695836,1.9182505878260752,3.776783670528797,0.042101176018635396,0.07138999608667293,0.8754687373538999,3.713572066704308
2022-05-26,2.628730964,1.774677302,0.949412618,0.384314721,7.085137056,45.07117694,23.31358956,21.2,1.797,0.064,1.884,0.076,28.078125,5.737135605,1.2888829904593742,1.0205344528689069,0.6675281056608738,0.3252052309105894,1.9076348501713776,3.8301875253981565,0.06203539091945264,0.07325046173959267,3.100092288878234,3.369986173282579
2022-05-27,2.336657019,2.441193922,1.02130246,0.016613603,7.169368307,79.52081259,23.04199711,4.6,1.751,0.057,2.158,0.093,30.719298245614,5.8157670040000005,1.204969413246248,1.2358184815191628,0.7037420858086142,0.016477106818576528,1.9192386052572932,4.3885156924991096,0.055434706888100586,0.08892620919440151,1.7227665977411035,3.4569252731175704
2022-05-28,1.892744388,3.118337471,0.785242578,0.01,7.192290369,79.1116427340741,22.92866763,5.2,1.873,0.037,1.773,0.059,50.6216216216216,5.806324437,1.062205666749958,1.4154495554664148,0.579554304037516,0.009950330853168083,1.9178522442049863,4.383421195996984,0.03633192924739028,0.05732506661926941,1.824549292051046,3.9439406083964506
2022-05-29,1.733886875,3.795481019,0.269854967,0.01,6.969295141,78.7024728781482,23.26386512,0.1,1.707,0.029,1.371,0.044,58.8620689655172,5.809222860999999,1.0057243603425563,1.5676740200923303,0.23890269473667491,0.009950330853168083,1.9182779963220837,4.3783006126441695,0.028587456851912555,0.04305948946044697,0.09531017980432487,4.09204306523382
2022-05-30,2.055707034,4.472624568,0.676345178,0.01,6.952526468,78.2933030222222,23.86070341,8.5,1.792,0.012,1.713,0.048,149.333333333333,7.21467678,1.1170110008711547,1.6997583126957907,0.5166159343150094,0.009950330853168083,2.1059224056147667,4.373153673904642,0.011928570865273802,0.046883585898850416,2.2512917986064953,5.012855050834567
2022-05-31,2.796268116,5.149768116,0.941456522,0.01,6.937563043,77.8841331662963,24.15771739,5.75,1.796,0.021,2.098,0.039,85.5238095238095,8.897492753999998,1.3340185094441435,1.8164143763921388,0.6634384759135968,0.009950330853168083,2.292281467893814,4.367980107074488,0.020782539182528502,0.038258712117090345,1.9095425048844386,4.460419630672748
2022-06-01,2.467055351,4.18200738,0.949653137,0.041579336,6.882175646,77.4749633103704,24.6802583,3.0,1.573,0.032,1.802,0.046,49.15625,7.640295204,1.2433056316749551,1.64519250629946,0.6676514782918671,0.04073815356570052,2.156436749361911,4.362779635195196,0.03149866705937099,0.044973365642731154,1.3862943611198906,3.9151431327643897
2022-06-02,2.507498187,3.297585207,0.613052937,0.01,6.800562727,77.0657934544444,25.09248006,26.9,1.349,0.019,1.753,0.063,71.0,6.428136331,1.2549030161019719,1.4580532851870969,0.47812861757540287,0.009950330853168083,2.0052749969838533,4.357551976964688,0.018821754240587758,0.06109509935981088,3.32862668882732,4.276666119016055
2022-06-03,3.322037708,4.217621465,1.090456853,0.01,6.85497752,76.6566235985185,25.52529369,14.3,1.877,0.047,1.873,0.061,39.936170212766,8.640116026,1.4637269827111417,1.652041640004897,0.7373826320415702,0.009950330853168083,2.2659331444421396,4.352296846646026,0.045928931888399804,0.05921185963184609,2.72785282839839,3.7120140295155943
2022-06-04,2.913028986,6.272963768,1.353702899,0.01,6.80317029,76.2474537425926,25.66595652,9.0,1.624,0.034,1.971,0.044,47.7647058823529,10.549695653,1.3643117508164793,1.984163879446809,0.8559897897427986,0.009950330853168083,2.4466590862310147,4.347013953973684,0.03343477608623739,0.04305948946044697,2.302585092994046,3.887006811079078
2022-06-05,3.216640116,4.386335988,1.029978277,0.01,6.681751629,75.8382838866667,25.99206372,3.7,1.244,0.037,1.802,0.063,33.6216216216216,8.642954381,1.4390386298848055,1.68386537417416,0.7080250920112184,0.009950330853168083,2.2662275327278834,4.341703004057344,0.03633192924739028,0.06109509935981088,1.547562508716013,3.544478389252509
2022-06-06,3.033601449,3.54523913,0.594304348,0.01,6.874118841,75.4291140307407,25.73326087,9.2,1.652,0.039,1.632,0.05,42.3589743589744,7.183144926999999,1.3946596366839012,1.5140803401067677,0.46643749564316966,0.009950330853168083,2.102076542130193,4.336363697283128,0.038258712117090345,0.048790164169432,2.322387720290225,3.769513702768935
2022-06-07,2.016884058,3.871439675,0.49434058,0.01,7.134968841,75.0199441748148,24.50205072,14.7,1.537,0.04,1.7,0.042,38.425,6.392664313,1.1042245298726956,1.5833895145570733,0.40168502592461874,0.009950330853168083,2.0004881994842902,4.330995729212172,0.039220713153281295,0.04114194333117518,2.7536607123542622,3.674400132849102
2022-06-08,0.714608696,4.19764022,0.040673913,0.01,7.236157971,74.6107743188889,23.54792029,20.2,1.77,0.046,1.895,0.038,38.4782608695652,4.962922829,0.5391848889865055,1.6482047187411,0.03986849656552596,0.009950330853168083,1.785560768417111,4.3255987904764615,0.044973365642731154,0.037295784743696894,3.054001181677967,3.675750162672143
2022-06-09,1.432956522,4.523840764,0.070326087,0.01,7.160272464,74.201604462963,22.67797101,18.5,1.542,0.022,1.543,0.034,70.0909090909091,6.037123373,0.8891071935225187,1.7090734089186732,0.0679633562512919,0.009950330853168083,1.951199474875633,4.320172566671843,0.02176149178151269,0.03343477608623739,2.970414465569701,4.263959467746941
2022-06-10,1.249377713,4.850041309,0.16366136,0.01,7.029329233,73.792434607037,22.56785094,16.8,1.352,0.01,1.64,0.042,135.2,6.273080381999999,0.8106536059632398,1.7664487225863552,0.1515713791464822,0.009950330853168083,1.9841799132218751,4.314716738248121,0.009950330853168083,0.04114194333117518,2.8791984572980396,4.9141243937154115
2022-06-11,1.777856626,5.176241854,0.183178856,0.01,6.993796524,73.3832647511111,22.85162201,9.35,1.209,0.015,1.205,0.047,80.6,7.147277335999999,1.0216796324891246,1.820709972253658,0.1682047620722236,0.009950330853168083,2.0976838022367703,4.309230980396138,0.014888612493750654,0.045928931888399804,2.336986519711378,4.401829261970061
2022-06-12,1.945499276,5.119848765,0.620188133,0.01,7.026206946,72.9740948951852,22.91569465,1.9,1.441,0.021,1.714,0.045,68.6190476190476,7.695536174,1.0802783361808987,1.8115373846175908,0.48254227398303573,0.009950330853168083,2.1628098105399087,4.3037149629317355,0.020782539182528502,0.04401688541677433,1.0647107369924282,4.243038202586301
2022-06-13,1.383482983,5.063455677,0.324916727,0.01,6.980250543,72.5649250392593,22.71207096,3.7,1.647,0.025,1.664,0.048,65.88,6.781855387,0.8685628561365227,1.8022798812834244,0.2813496099160259,0.009950330853168083,2.0517947913776164,4.298168350176501,0.0246926125903715,0.046883585898850416,1.547562508716013,4.202899968776446
2022-06-14,0.176690722,5.007062588,0.087536082,0.01,6.936279381,72.1557551833333,22.68820619,12.0,1.306,0.03,1.558,0.049,43.5333333333333,5.281289392,0.16270602569418996,1.7929358749913713,0.08391466228087094,0.009950330853168083,1.8375752766028683,4.292590800835189,0.0295588022415444,0.04783732941416013,2.5649493574615367,3.796237972434435
2022-06-15,0.169487825,4.9506695,0.01,0.01,7.036549118,71.7465853274074,22.52261125,20.3,1.823,0.03,2.007,0.05,60.7666666666667,5.140157325,0.1565658965560993,1.783503734235928,0.009950330853168083,0.009950330853168083,1.8148503647949579,4.286981967869712,0.0295588022415444,0.048790164169432,3.0587070727153796,4.123363844623205
2022-06-16,1.611121563,4.894276411,0.070499276,0.01,7.050638205,71.3374154714815,22.18967438,14.7,1.773,0.028,2.091,0.041,63.3214285714286,6.5858972499999995,0.9597798466569463,1.7739817802297848,0.06812515272789485,0.009950330853168083,2.0262908984873946,4.281341498369557,0.027615167032973367,0.04018178963283184,2.7536607123542622,4.163892835000753
2022-06-17,1.491541245,2.37316932,0.312250362,0.014797395,6.97839725,70.9282456155556,22.21881331,1.5,1.454,0.024,1.57,0.047,60.5833333333333,4.191758322000001,0.9129014928868691,1.2158527534558328,0.27174349701230305,0.014688981731417493,1.6470724301673887,4.275669033418544,0.023716526617316044,0.045928931888399804,0.9162907318741551,4.120391271160201
2022-06-18,1.351072464,1.219231884,0.29257971,0.07315942,6.908694928,70.5190757596296,22.62094203,0.8,1.485,0.037,1.4,0.04,40.1351351351351,2.936043478,0.8548715917115937,0.7971611378148027,0.25663999667874204,0.07060702670385692,1.370176025368835,4.269964207957788,0.03633192924739028,0.039220713153281295,0.5877866649021191,3.716862625777406
2022-06-19,1.411435823,0.979818709,0.312095722,0.068491661,6.932565627,70.1099059037037,23.09761421,0.1,1.523,0.033,1.582,0.043,46.1515151515151,2.771841915,0.8802223472762226,0.6830052794033584,0.2716256467019939,0.06624799134792103,1.3275634537657037,4.264226650644709,0.032467190137501496,0.042101176018635396,0.09531017980432487,3.8533661432718556
2022-06-20,1.298580739,0.789181752,0.180695148,0.142918175,6.912101376,69.7007360477778,23.74850833,0.1,1.545,0.031,1.428,0.051,49.8387096774194,2.411375814,0.8322918624690535,0.5817583935529387,0.16610337349587195,0.13358479432362652,1.2271156744416323,4.258455983707992,0.03052920503482287,0.04974209189481407,0.09531017980432487,3.9286580659326793
2022-06-21,1.315047067,0.833193338,0.205792904,0.209326575,6.926716148,69.2915661918518,23.99745112,0.1,1.426,0.031,1.41,0.044,46.0,2.563359884,0.8394300186490136,0.6060594395637499,0.18713736216615234,0.1900636550906643,1.2707038874168568,4.252651822798331,0.03052920503482287,0.04305948946044697,0.09531017980432487,3.8501476017100584
2022-06-22,1.187798697,1.549464156,0.412165098,0.232389573,6.971338885,68.8823963359259,24.18906589,0.1,1.541,0.038,1.658,0.047,40.5526315789474,3.3818175239999997,0.7828958771279121,0.935883202186942,0.3451240571650421,0.20895502697754698,1.4774635981336914,4.246813776834818,0.037295784743696894,0.045928931888399804,0.09531017980432487,3.726960854529257
2022-06-23,0.204688857,4.754341534,0.124797395,0.01723589,6.874015195,68.47322648,25.13468162,0.1,1.449,0.021,1.567,0.04,69.0,5.101063676,0.18622132364218114,1.749954619294175,0.11760292610429848,0.017089037073553748,1.8084631290927953,4.240941447846817,0.020782539182528502,0.039220713153281295,0.09531017980432487,4.248495242049359
2022-06-24,0.932128302,3.662430189,0.161343396,0.040120755,7.075599245,52.49030113,25.80299623,0.1,1.531,0.032,1.488,0.049,47.84375,4.7960226420000005,0.6586221424880442,1.5395368119892068,0.14957743503776522,0.03933681698989308,1.7571719309380383,3.979500350177714,0.03149866705937099,0.04783732941416013,0.09531017980432487,3.88862642762175
2022-06-25,2.667632151,1.918450398,0.502780594,0.283917451,7.029007241,37.22840985,26.42541636,0.1,1.917,0.029,1.925,0.046,66.1034482758621,5.372780594,1.2995462633783288,1.071052789800302,0.4073171214056604,0.24991591270260438,1.8520358883113068,3.6435789525455826,0.028587456851912555,0.044973365642731154,0.09531017980432487,4.206235432759477
2022-06-26,2.35974656,2.89128168,0.675032585,0.03595945,7.223930485,68.11918755,26.37905865,2.3,1.472,0.026,1.543,0.049,56.6153846153846,5.962020275,1.2118655425588065,1.3587385840832966,0.5158326188191517,0.03532800214462433,1.9404697016228694,4.235832370231117,0.025667746748577788,0.04783732941416013,1.1939224684724346,4.053789626055682
2022-06-27,2.402541636,2.743482983,0.656118755,0.060818248,7.212739319,62.26260391,26.91972484,0.1,1.38,0.031,1.675,0.048,44.5161290322581,5.862961622,1.2245226923532577,1.3200164569323112,0.5044767653484102,0.059040542413120255,1.9261390718957085,4.147294379060089,0.03052920503482287,0.046883585898850416,0.09531017980432487,3.8180667473676686
2022-06-28,2.67183068,2.390007236,0.639334298,0.270520984,7.235648336,51.53632344,27.48153401,1.7,1.363,0.024,1.594,0.041,56.7916666666667,5.971693198,1.3006903605839828,1.2208320559033552,0.49429024357630763,0.23942703997384132,1.941858121812882,3.961504805409997,0.023716526617316044,0.04018178963283184,0.9932517730102833,4.056844589966887
2022-06-29,2.638461538,2.70201016,0.779317852,0.012525399,7.199595065,58.383582,27.29984035,9.5,1.311,0.022,1.464,0.051,59.5909090909091,6.132314949,1.2915609379095008,1.3088759586099925,0.5762300616394292,0.012447605116021727,1.9646358590090451,4.084017790857426,0.02176149178151269,0.04974209189481407,2.3513752571634776,4.104144866820393
2022-06-30,3.7917958,2.206828385,0.706350471,0.613997104,7.296380159,47.64567343,28.39244026,17.3,1.561,0.03,1.645,0.049,52.0333333333333,7.318971760000001,1.5669052472173888,1.1652824066505412,0.5343568623200963,0.4787137755462712,2.1185386606572103,3.8845628720976273,0.0295588022415444,0.04783732941416013,2.9069010598473755,3.970920646675631
2022-07-01,3.645901521,2.028428675,0.643287473,0.59884866,7.283097755,38.30886821,27.87697321,20.55,1.405,0.034,1.464,0.045,41.3235294117647,6.9164663289999995,1.5359854376104385,1.108043895898528,0.49669879210053264,0.46928378271838117,2.0689449356818166,3.67145014761761,0.03343477608623739,0.04401688541677433,3.070375816549757,3.745343182271206
2022-07-02,3.127016655,2.504561912,0.841274439,0.026125996,7.257065894,41.63683852,27.35899348,23.8,1.348,0.019,1.38,0.039,70.9473684210526,6.4989790020000004,1.4175547863813955,1.25406552323107,0.6104579617548178,0.025790542327800425,2.0147668782086514,3.752718633581617,0.018821754240587758,0.038258712117090345,3.2108436531709366,4.275934857557509
2022-07-03,2.88739508,2.684399421,0.657735166,0.010289436,7.17388712,40.84630029,26.97342981,21.7,1.302,0.035,1.608,0.046,37.2,6.239819103,1.357739288073617,1.3041075329828702,0.505452312953542,0.010236860096773158,1.9795962203119948,3.7340033889654882,0.0344014267173324,0.044973365642731154,3.122364924487357,3.6428355156125294
2022-07-04,3.307219406,3.274656046,0.673902969,0.01,7.143037654,50.46441636,26.81965243,10.1,1.465,0.04,1.32,0.048,36.625,7.265778421,1.460292546497265,1.4527036420758561,0.515158006826997,0.009950330853168083,2.112123909657181,3.940890624391533,0.039220713153281295,0.046883585898850416,2.4069451083182885,3.6276687230690396
2022-07-05,2.865286025,3.150941347,0.499312093,0.01,7.1444084,50.17114627,26.55552498,5.6,1.536,0.035,1.62,0.061,43.8857142857143,6.525539465,1.3520356831822165,1.423335139122845,0.4050063982502155,0.009950330853168083,2.0183024977663524,3.9351758237777443,0.0344014267173324,0.05921185963184609,1.8870696490323797,3.8041195767662077
2022-07-06,2.923316583,3.409226131,0.480180905,0.01,7.161439196,53.27097286,26.28592965,2.6,1.551,0.033,1.49,0.048,47.0,6.8227236190000005,1.3669373631811979,1.4836991935613844,0.39216431341427416,0.009950330853168083,2.057032782793409,3.993989514209093,0.032467190137501496,0.046883585898850416,1.2809338454620642,3.871201010907891
2022-07-07,2.189384384,2.602117117,0.36509009,0.01,7.263316817,41.13718468,26.1565015,9.2,1.641,0.025,1.736,0.044,65.64,5.1665915909999995,1.1598279151010238,1.2815217606616058,0.3112204264590189,0.009950330853168083,1.8191462689096278,3.740930597411445,0.0246926125903715,0.04305948946044697,2.322387720290225,4.1993049978585875
2022-07-08,1.91535284,2.053184165,0.421015491,0.022340792,7.313130809,32.31765921,26.96881239,8.97692307692308,1.474,0.038,1.501,0.032,38.7894736842105,4.411893288,1.0699908553590038,1.1161850345668791,0.35137175053337544,0.02209489216611623,1.6885989924496965,3.5060875630301482,0.037295784743696894,0.03149866705937099,2.300274733860862,3.683602397013092
2022-07-09,2.091919386,1.7956238,0.438330134,0.105393474,7.258775432,29.5802572,27.6884453,8.75384615384615,1.484,0.021,1.509,0.058,70.6666666666667,4.431266794,1.1287920585871114,1.028055265962764,0.3634828115310882,0.10020135665434776,1.6921724021326534,3.420354611191511,0.020782539182528502,0.05638033343610764,2.2776616845415885,4.272025739459553
2022-07-10,3.298503937,2.056850394,0.68257874,0.247933071,7.256811024,25.87512205,28.17889764,8.53076923076923,1.091,0.031,1.483,0.052,35.1935483870968,6.285866142000001,1.4582670405328377,1.1173851028822366,0.5203275808473342,0.2214886395027391,1.9859363264714076,3.2912010278328636,0.03052920503482287,0.050693114315518116,2.25452543117356,3.588880881597496
2022-07-11,4.821115702,2.372128099,0.812334711,0.512252066,7.394179752,22.63958058,28.7375,8.30769230769231,1.729,0.054,1.623,0.042,32.0185185185185,8.517830578,1.7614919447455564,1.2155440284453278,0.5946159096572389,0.4135999741801808,2.2531669423723915,3.162922450417732,0.05259245011917058,0.04114194333117518,2.2308411881352046,3.4970685712988656
2022-07-12,5.138985507,2.601217391,0.959652174,0.317826087,7.427837681,21.91056812,29.18118841,8.08461538461538,1.58,0.05,1.522,0.053,31.6,9.017681159,1.8146595016346234,1.281271952464116,0.6727669952492407,0.2759834751735545,2.3043516476172026,3.1315982940627864,0.048790164169432,0.05164323315183845,2.2065823657417796,3.484312288372662
2022-07-13,5.002173913,2.828347826,1.175826087,0.123,7.446373913,19.94279565,29.75917391,7.86153846153846,1.529,0.044,1.495,0.04,34.75,9.129347825999998,1.79212172243977,1.3424333330992213,0.7774084025459863,0.11600367575630613,2.3154369357339846,3.0417947041719176,0.04305948946044697,0.039220713153281295,2.181720390800254,3.5765502691400166
2022-07-14,9.229062104,3.818833967,1.00112801,1.781292776,7.474731305,24.60825475,30.47267427,7.63846153846154,1.451,0.076,1.438,0.07,19.0921052631579,15.830316857,2.3252328948221646,1.5725319832360538,0.6937110265689036,1.0229158469489716,2.8231818349417117,3.2429147506811855,0.07325046173959267,0.06765864847381481,2.1562245042828607,3.0003269649323014
2022-07-15,8.125591059,6.297978261,0.636442029,4.148449275,7.540821152,21.54233696,30.99918116,7.41538461538461,1.431,0.041,1.622,0.049,34.9024390243902,19.208460623999997,2.211082670959878,1.987597359248515,0.4925243905614202,1.6386955576819437,3.006101359489287,3.115395183805051,0.04018178963283184,0.04783732941416013,2.1300615325263434,3.5808052325845123
2022-07-16,7.022120014,5.486403763,2.531497829,0.735253256,7.606910999,26.69691245,30.76293054,7.19230769230769,1.387,0.022,1.551,0.037,63.0454545454545,15.775274862,2.0822027278442796,1.8697082574122774,1.2617220951137131,0.5511533716224835,2.8199060679396046,3.3213209430818136,0.02176149178151269,0.03633192924739028,2.103195627687943,4.159593058540364
2022-07-17,5.918648968,6.516273517,2.49100309,0.927510854,7.784346599,24.37605065,31.19844428,6.96923076923077,1.562,0.032,1.428,0.037,48.8125,15.853436429,1.9342205147304308,2.0170704721876347,1.2501891132557068,0.6562294575678975,2.824554578378839,3.2338058414308994,0.03149866705937099,0.03633192924739028,2.075587972363846,3.9082659565504336
2022-07-18,4.815177923,4.57671024,2.450508351,0.225090777,7.419990559,21.15960784,30.89819172,6.74615384615385,1.409,0.029,1.524,0.052,48.5862068965517,12.067487291,1.7604713827510368,1.7185990398087647,1.238521568304543,0.2030149449246181,2.5701272590389417,3.098271164971591,0.028587456851912555,0.050693114315518116,2.0471964422629805,3.9037127082945173
2022-07-19,1.938774474,3.261058738,1.162791878,0.020543872,7.233233503,10.63446555,30.71904278,6.52307692307692,1.365,0.017,1.493,0.037,80.2941176470588,6.383168962,1.0779926488680895,1.4495176594497514,0.7713999232014801,0.020335693034526994,1.9992029450921522,2.45397186101938,0.016857117066422903,0.03633192924739028,2.0179752195792346,4.398073660271399
2022-07-20,1.542307692,3.200718433,1.016349782,0.043882438,7.30846807,4.930704644,30.73051524,6.3,1.251,0.033,1.576,0.099,37.9090909090909,5.803258345,0.9330722087151299,1.4352555661371933,0.7012888381354121,0.04294687584007776,1.9174016657999042,1.7801430329317178,0.032467190137501496,0.09440067542148432,1.9878743481543455,3.661227922783426
2022-07-21,0.751414068,3.373393764,0.619427121,0.011791153,7.70793546,3.131385787,31.34924583,6.07692307692308,1.424,0.017,1.499,0.03,83.7647058823529,4.756026106,0.5604235005049252,1.4755393127401706,0.4820724576904631,0.011722179014581327,1.750247324456115,1.4186128923379218,0.016857117066422903,0.0295588022415444,1.956839219587504,4.439879251943306
2022-07-22,0.299373634,3.364486526,0.480633649,0.0100437,7.579093955,4.768075747,31.53329934,5.85384615384615,1.42,0.031,1.588,0.044,45.8064516129032,4.154537509,0.26188232835493647,1.47350054800784,0.3924701373659411,0.009993597243896974,1.639877396470303,1.7523385321779736,0.03052920503482287,0.04305948946044697,1.9248099770152263,3.846021048399041
2022-07-23,1.402352082,3.882125639,0.687173119,0.012169467,7.661676406,7.659575603,32.34449963,5.63076923076923,1.442,0.025,1.397,0.037,57.68,5.983820306999999,0.8764482916006157,1.5855807067891539,0.5230544177416142,0.012096014355711502,1.9435960889680395,2.158665714791496,0.0246926125903715,0.03633192924739028,1.8917208202081106,4.072098953274781
2022-07-24,4.171111111,4.914276316,1.160241228,0.407814327,7.711906433,5.237479532,33.11179825,5.40769230769231,1.54,0.024,1.591,0.018,64.1666666666667,10.653442982000001,1.6430875805164393,1.777369142692567,0.7702198950899977,0.34203837901182493,2.455601671285485,1.8305761796293674,0.023716526617316044,0.017839918128331,1.8574991917112607,4.176948090757311
2022-07-25,0.520419986,3.617407676,0.666886314,0.016661839,7.460887038,2.572939899,32.29302679,5.18461538461538,1.081,0.025,1.717,0.035,43.24,4.821375815000001,0.41898660327149967,1.5298334385221204,0.5109574034826624,0.016524553415346123,1.7615366281365066,1.2733887580209868,0.0246926125903715,0.0344014267173324,1.8220648187233832,3.7896293572140793
2022-07-26,0.080984081,2.425361795,0.343632417,0.022054993,7.152387844,2.798527496,32.21626628,4.96153846153846,0.622,0.022,2.031,0.082,28.2727272727273,2.872033286,0.07787181236917652,1.2312070997119977,0.29537670543726313,0.02181529953150141,1.3537797659682893,1.3346134905817746,0.02176149178151269,0.07881118042428978,1.7853285788977642,3.3766562727460387
2022-07-27,0.346028986,3.090210145,0.357224638,0.020608696,7.54797971,7.57905,32.7059058,4.73846153846154,0.684,0.024,1.654,0.03,28.5,3.8140724649999997,0.29715876590893936,1.4085963489303925,0.3054419073145937,0.020399210089585066,1.5715433922180881,2.1493231847589476,0.023716526617316044,0.0295588022415444,1.7471911497481787,3.3843902633457743
2022-07-28,0.643040685,3.287023555,0.438950749,0.010642398,7.402340471,6.538882227,31.78573876,4.51538461538462,0.55,0.023,1.798,0.098,23.9130434782609,4.379657387,0.49654860137787876,1.4555926821190563,0.36391420146822734,0.010586166290728519,1.6826246894321082,2.020073925274408,0.022739486969489426,0.0934903430873389,1.7075413901440388,3.215391500785591
2022-07-29,0.753749021,3.320978059,0.434873836,0.070214463,7.415616484,7.008730335,31.74931239,4.29230769230769,0.546,0.009,1.374,0.015,60.6666666666667,4.579815379000001,0.5617557942020186,1.4634817791771264,0.36107692618270515,0.06785906110014313,1.7191556896451425,2.080532238528716,0.008959741371471902,0.014888612493750654,1.666254387477761,4.121743536410215
2022-07-30,0.889336676,3.354932563,0.440305679,0.103735272,7.416012327,7.37997692,31.71288601,4.06923076923077,0.64,0.04,1.275,0.018,16.0,4.78831019,0.6362258023895284,1.4713091252247565,0.36485536814365055,0.09870012924564708,1.7558403992475475,2.125845160313588,0.039220713153281295,0.017839918128331,1.623189084046925,2.833213344056216
2022-07-31,1.024924331,3.388887068,0.445737522,0.137256082,7.41640817,7.751223505,31.67645963,3.84615384615385,0.708,0.022,1.304,0.009,32.1818181818182,4.996805003,0.7055323324529161,1.4790756796846947,0.36861958720448873,0.1286184154422449,1.791226827899845,2.1691935197371968,0.02176149178151269,0.008959741371471902,1.5781853689299967,3.5020020807841217
2022-08-01,1.160511986,3.422841572,0.451169364,0.170776891,7.416804012,8.12247009,31.64003326,3.62307692307692,0.342,0.01,1.866,0.015,34.2,5.205299813,0.7703452241643253,1.4867823791173802,0.37236968935104775,0.1576675378546719,1.8254037354586745,2.210740610616596,0.009950330853168083,0.014888612493750654,1.5310604840796245,3.5610460826040513
2022-08-02,1.296099641,3.456796076,0.456601207,0.2042977,7.417199855,8.493716676,31.60360688,3.4,0.489,0.014,1.713,0.029,34.9285714285714,5.4137946239999994,0.831211875163753,1.4944301392717385,0.37610578144337753,0.18589657545933966,1.8584510808019679,2.2506301772570363,0.013902905168991422,0.028587456851912555,1.4816045409242156,3.58153284048448
2022-08-03,1.431687295,3.49075058,0.46203305,0.237818509,7.417595698,8.864963261,31.56718051,1.3,0.782,0.016,1.036,0.026,48.875,5.622289434,0.8885853764783336,1.5020198548211725,0.3798279670912264,0.21335056335399946,1.8904411461131096,2.2889894152912627,0.01587334915629015,0.025667746748577788,0.832909122935104,3.9095198752100275
2022-08-04,1.56727495,3.524705084,0.467464892,0.271339318,7.417991541,9.236209846,31.53075413,12.1333333333333,1.075,0.035,1.525,0.026,30.7142857142857,5.830784243999999,0.9428450056194971,1.5095524002212897,0.3835363487542113,0.24007092589285015,1.921439490417055,2.3259314188689593,0.0344014267173324,0.025667746748577788,2.5751535276357758,3.456767232816966
2022-08-05,1.702862605,3.558659588,0.472896735,0.304860127,7.418387384,9.607456431,31.49432776,8.98888888888889,1.03,0.038,1.49,0.047,27.1052631578947,6.039279055,0.9943114354437553,1.517028630314525,0.38723102979557994,0.2660958526547365,1.9515057579657729,2.3615571907090516,0.037295784743696894,0.045928931888399804,2.3014733641413554,3.335956859793753
2022-08-06,1.83845026,3.592614093,0.478328578,0.338380937,7.418783226,9.978703016,31.45790138,5.84444444444445,1.066,0.027,1.529,0.027,39.4814814814815,6.247773868,1.0432582201353162,1.524449381130072,0.390912110402803,0.2914606274629222,1.9806943690265992,2.3959573067000126,0.026641930946421175,0.026641930946421175,1.9234372932032555,3.70084462217221
2022-08-07,1.974037915,3.626568597,0.483760421,0.371901746,7.419179069,10.3499496,31.42147501,2.7,1.01,0.027,1.72,0.041,37.4074074074074,6.456268679,1.0899205967798318,1.5318154695720645,0.3945796903374642,0.31619791303668593,2.0090551120076405,2.4292133033889183,0.026641930946421175,0.04018178963283184,1.308332819650179,3.648250342225198
2022-08-08,2.10962557,3.660523101,0.489192263,0.405422555,7.419574912,10.72119619,31.38504863,2.69166666666667,1.142,0.037,1.567,0.036,30.8648648648649,6.664763488999999,1.1345023234446308,1.5391276952710857,0.3982338675959987,0.34033800845890566,2.0366336558790334,2.461398842933866,0.03633192924739028,0.03536714383729131,1.3060780272630905,3.4615039878931477
2022-08-09,2.245213225,3.694477605,0.494624106,0.438943364,7.419970755,11.09244277,31.34862226,2.68333333333333,1.028,0.035,1.385,0.037,29.3714285714286,6.8732583,1.1771810567800685,1.546386840228997,0.4018747411140811,0.363909069243267,2.0634719919964235,2.4925806930182532,0.0344014267173324,0.03633192924739028,1.3038181392956512,3.413502316852535
2022-08-10,2.380800879,3.728432109,0.500055949,0.472464173,7.420366597,11.46368936,31.31219588,2.675,1.076,0.038,1.459,0.036,28.3157894736842,7.08175311,1.2181126278772552,1.5535936695401764,0.40550240674589494,0.3869373055175568,2.0896088180580277,2.5228195658396326,0.037295784743696894,0.03536714383729131,1.3015531326648,3.378126260760843
2022-08-11,2.516388534,3.762386614,0.505487791,0.505984982,7.42076244,11.83493594,31.27576951,2.66666666666667,1.06,0.024,2.131,0.035,44.1666666666667,7.290247921,1.2574344782683782,1.560748932085413,0.40911695930862835,0.4094471572164262,2.11507987473139,2.5521708232705236,0.023716526617316044,0.0344014267173324,1.2992829841302618,3.8103593516516465
2022-08-12,2.651976189,3.796341118,0.510919634,0.539505792,7.421158283,12.20618253,31.23934313,2.65833333333333,1.103,0.041,1.491,0.058,26.9024390243902,7.498742733,1.2952684427224197,1.5678533601572355,0.4127184945829249,0.4314614506358149,2.139918238791245,2.5806850934245507,0.04018178963283184,0.05638033343610764,1.2970076702931246,3.328714105235434
2022-08-13,2.787563844,3.830295622,0.516351477,0.573026601,7.421554126,12.57742911,31.20291676,2.65,0.368,0.041,2.044,0.048,8.97560975609756,7.707237544,1.3317230271950684,1.574907671174531,0.41630710533509163,0.4530015349312443,2.164154581431379,2.608408789775321,0.04018178963283184,0.046883585898850416,1.2947271675944,2.3001430893384938
2022-08-14,2.923151499,3.864250126,0.52178332,0.60654741,7.421949969,12.9486757,31.16649038,2.64166666666667,1.046,0.023,1.595,0.038,45.4782608695652,7.915732354999999,1.3668952846311293,1.581912567272622,0.41988288399578744,0.47408741049842407,2.1878173965670014,2.6353845718614153,0.022739486969489426,0.037295784743696894,1.292441452313545,3.838984695095895
2022-08-15,3.058739154,3.89820463,0.527215162,0.640068219,7.422345811,13.31992228,31.13006401,2.63333333333333,1.147,0.026,1.588,0.03,44.1153846153846,8.124227165,1.4008723721800391,1.5888687359341358,0.4234459213528794,0.4947378379221974,2.21093320163522,2.6616517341434696,0.025667746748577788,0.0295588022415444,1.2901505005669875,3.8092233106319933
2022-08-16,3.194326808,3.932159134,0.532647005,0.673589028,7.422741654,13.69116887,31.09363763,2.625,1.024,0.026,1.629,0.031,39.3846153846154,8.332721975,1.4337328521906898,1.5957768503939018,0.42699630918694165,0.5149704389396343,2.2335267166831287,2.6872465561149554,0.025667746748577788,0.03052920503482287,1.2878542883066382,3.6984489051300873
2022-08-17,3.329914463,3.966113639,0.538078848,0.707109838,7.423137497,14.06241545,31.05721126,2.61666666666667,0.944,0.016,1.5,0.032,59.0,8.541216788,1.4655477873158114,1.6026375702313225,0.43053413634934007,0.53480178737783,2.2556210232388567,2.712202597957111,0.01587334915629015,0.03149866705937099,1.2855527913183598,4.0943445622221
2022-08-18,3.465502118,4.000068143,0.54351069,0.740630647,7.42353334,14.43366204,31.02078488,2.60833333333333,0.996,0.02,0.94,0.032,49.8,8.749711598,1.4963816644446808,1.6094515409412318,0.43405949075403977,0.5542474883652331,2.27723770487996,2.73655097068539,0.019802627296179712,0.03149866705937099,1.283245985220443,3.927896354584436
2022-08-19,3.601089773,4.034022647,0.548942533,0.774151456,7.423929182,14.80490862,30.98435851,2.6,0.859,0.022,1.51,0.02,39.0454545454545,8.958206409,1.5262931826108892,1.6162193955111093,0.4375724613275511,0.5733222556658871,2.298396975962591,2.7603205639362196,0.02176149178151269,0.019802627296179712,1.2809338454620642,3.6900151725778625
2022-08-20,3.736677428,4.067977151,0.554374376,0.807672265,7.424325025,15.17615521,30.94793213,2.52,1.001,0.022,1.357,0.015,45.5,9.16670122,1.5553359253595012,1.62294175396412,0.4410731341279243,0.5920399761803019,2.3191177936280054,2.7835382573112124,0.02176149178151269,0.014888612493750654,1.2584609896100056,3.8394523125933104
2022-08-21,3.872265083,4.101931655,0.559806218,0.841193074,7.424720868,15.54740179,30.91150576,2.44,1.18,0.024,1.173,0.027,49.1666666666667,9.37519603,1.5835589384102124,1.6296192239027303,0.4445615943148288,0.6104137712767072,2.339417960396095,2.8062290979578246,0.023716526617316044,0.026641930946421175,1.235471471385307,3.9153507955208213
2022-08-22,4.007852738,4.13588616,0.565238061,0.874713883,7.425116711,15.91864838,30.87507938,2.36,0.847,0.025,1.308,0.014,33.88,9.583690842000001,1.611007228014014,1.6362524010329762,0.4480379280786555,0.6284560520451272,2.3593142164465046,2.828416468008539,0.0246926125903715,0.013902905168991422,1.2119409739751128,3.551913599040779
2022-08-23,4.143440392,4.169840664,0.570669904,0.908234693,7.425512554,16.28989496,30.83865301,2.28,0.894,0.023,0.928,0.016,38.8695652173913,9.792185653,1.6377221925259746,1.6428418687030522,0.451502218799595,0.646178570178616,2.3788223215929216,2.8501222244887754,0.022739486969489426,0.01587334915629015,1.1878434223960523,3.685613256327315
2022-08-24,4.279028047,4.203795168,0.576101747,0.941755502,7.425908396,16.66114155,30.80222663,2.2,0.995,0.049,1.054,0.014,20.3061224489796,10.000680463999998,1.663741998765422,1.649388199383685,0.4549545496309501,0.6635924618400634,2.3979571312487336,2.8713668335170626,0.04783732941416013,0.013902905168991422,1.1631508098056809,3.058994470331958
2022-08-25,4.414615702,4.237749672,0.581533589,0.975276311,7.426304239,17.03238813,30.76580026,3.9,1.079,0.015,1.358,0.013,71.9333333333333,10.209175273999998,1.6891019087747825,1.6558919541836734,0.45839500223546764,0.6807082928711883,2.4167326638156235,2.89216948157775,0.014888612493750654,0.012916225266546327,1.589235205116581,4.289545781879716
2022-08-26,4.550203357,4.271704176,0.586965432,1.00879712,7.426700082,17.40363472,30.72937388,10.95,0.989,0.023,1.22,0.014,43.0,10.417670085000001,1.7138345679879827,1.662353683334502,0.4618236593284653,0.6975360951684543,2.4351621628349016,2.9125481842370897,0.022739486969489426,0.013902905168991422,2.4807312783775197,3.784189633918261
2022-08-27,4.685791012,4.30565868,0.592397275,1.042317929,7.427095925,17.7748813,30.69294751,18.0,0.899,0.014,1.295,0.013,64.2142857142857,10.626164895999999,1.737970257716892,1.6687739264696853,0.46524060088910696,0.7140854025302337,2.4532581525606503,2.932519875393196,0.013902905168991422,0.012916225266546327,2.9444389791664403,4.177678550979709
2022-08-28,4.821378667,4.339613185,0.597829117,1.075838738,7.427491767,18.14612789,30.65652113,6.8,0.952,0.016,1.331,0.012,59.5,10.834659707,1.7615371180549366,1.6751532130824804,0.46864590608163936,0.7303652830957063,2.4710324894473725,2.9521004962260764,0.01587334915629015,0.011928570865273802,2.0541237336955462,4.102643365036796
2022-08-29,4.956966321,4.373567689,0.60326096,1.109359548,7.42788761,18.51737447,30.62009476,1.7,0.913,0.013,0.862,0.011,70.2307692307692,11.043154518000001,1.7845613449458277,1.6814920620374483,0.47203965513761226,0.7463843696593342,2.488496408719988,2.971305067327734,0.012916225266546327,0.010939940038334362,0.9932517730102833,4.265924877184642
2022-08-30,5.092553976,4.407522193,0.608692803,1.142880357,7.428283453,18.88862106,30.58366838,6.06666666666667,0.532,0.014,0.444,0.012,38.0,11.251649329,1.807067365895296,1.6877909829513105,0.4754219256053982,0.762150885254884,2.5056605670297465,2.9901477621568815,0.013902905168991422,0.011928570865273802,1.9553888930098575,3.6635616461296463
2022-08-31,5.228141631,4.441476697,0.614124646,1.176401166,7.428679296,19.25986764,30.54724201,10.4333333333333,0.434,0.009,0.8,0.009,48.2222222222222,11.460144139999999,1.8290779947215285,1.6940504756859287,0.47879279487078485,0.777672671376595,2.522535081510694,3.0086419657291077,0.008959741371471902,0.008959741371471902,2.436533065503782,3.8963451927089157
2022-09-01,5.363729286,4.475431201,0.619556488,1.209921975,7.429075139,19.63111423,30.51081563,14.8,1.229,0.024,1.156,0.024,51.2083333333333,11.668638950000002,1.8506145712300932,1.7002710307748183,0.48215233892216136,0.7929572094765459,2.5391295655162125,3.0268003358040136,0.023716526617316044,0.023716526617316044,2.760009940032921,3.955242124548122
2022-09-02,5.499316941,4.509385706,0.624988331,1.243442784,7.429470981,20.00236081,30.47438926,12.08,1.132,0.017,1.54,0.048,66.5882352941176,11.877133762,1.8716970853796708,1.7064531298353351,0.4855006348328409,0.808011643100002,2.55545316190563,3.0446348509286314,0.016857117066422903,0.046883585898850416,2.5710843460290524,4.213433933792539
2022-09-03,5.634904596,4.54334021,0.630420174,1.276963593,7.429866824,20.3736074,30.43796288,9.36,1.271,0.03,1.824,0.027,42.3666666666667,12.085628573,1.8923442887810196,1.7125972450651215,0.4888377570604083,0.8228427979331356,2.571514572505066,3.06215686182322,0.0295588022415444,0.026641930946421175,2.337952236831337,3.7696910968503508
2022-09-04,5.770492251,4.577294714,0.635852016,1.310484403,7.430262667,20.74485398,30.40153651,6.64,1.509,0.037,2.266,0.025,40.7837837837838,12.294123384,1.9125737949160486,1.7187038405512685,0.4921637793215499,0.8374572008184917,2.5873220867557998,3.079377130920134,0.03633192924739028,0.0246926125903715,2.033397603178429,3.732508316503143
2022-09-05,5.906079905,4.611249218,0.641283859,1.344005212,7.43065851,21.11610057,30.36511013,3.92,1.847,0.044,1.8355,0.028,41.9772727272727,12.502618194,1.9324021692744526,1.724773371751108,0.49547877642968935,0.8518610952617821,2.602883606936692,3.0963058758518547,0.04305948946044697,0.027615167032973367,1.5933085305042167,3.7606714347401957
2022-09-06,6.04166756,4.645203722,0.646715702,1.377526021,7.431054353,21.48734715,30.32868376,1.2,1.2,0.02,1.405,0.001,60.0,12.711113004999998,1.9518450114390251,1.7308062858786908,0.49878282063085955,0.8660604600673159,2.6182066722630974,3.112952802144046,0.019802627296179712,0.0009995003330835331,0.7884573603642702,4.110873864173311
2022-09-07,6.177255215,4.679158226,0.652147545,1.41104683,7.431450195,21.85859374,30.29225738,7.28125,1.195,0.022,1.244,0.001,54.3181818181818,12.919607816000001,1.9709170279383026,1.7368030221025197,0.5020759840646171,0.8800610224861369,2.6332984803714443,3.1293271402889897,0.02176149178151269,0.0009995003330835331,2.1139939231864955,4.013101639629211
2022-09-08,6.31284287,4.713112731,0.657579387,1.444567639,7.431846038,22.22984032,30.25583101,13.3625,1.219,0.028,1.455,0.001,43.5357142857143,13.128102627,1.9896320996638854,1.742764011912427,0.5053583375568643,0.8938682725248986,2.648165907920725,3.145437672888697,0.027615167032973367,0.0009995003330835331,2.664620643174874,3.7962914355048327
2022-09-09,6.448430525,4.747067235,0.66301123,1.478088449,7.432241881,22.60108691,30.21940463,19.44375,1.335,0.026,1.266,0.028,51.3461538461538,13.336597439,2.008003342412658,1.7486896786045514,0.5086299530442739,0.9074874762745461,2.6628155294016245,3.1612927664795167,0.025667746748577788,0.027615167032973367,3.017677212304557,3.957878464629983
2022-09-10,6.230826087,4.781021739,0.646369565,1.551384058,7.408272464,23.19536014,30.18297826,18.049375,1.025,0.03,1.554,0.01,34.1666666666667,13.209601449,1.978353287873298,1.754580438515341,0.4985726001396118,0.9366359797682838,2.6539178944954114,3.186160885028076,0.0295588022415444,0.009950330853168083,2.9470342926355526,3.5600986642480126
2022-09-11,8.68992029,6.121731884,0.799289855,1.644543478,7.620294928,21.2905442,30.54223188,16.655,1.172,0.016,1.569,0.024,73.25,17.255485507,2.271086199862649,1.9631509379801442,0.587392062056656,0.9724984523038539,2.904465610590694,3.104162561635414,0.01587334915629015,0.023716526617316044,2.8710190293803497,4.307437777682809
2022-09-12,7.807916064,6.153777135,0.91565123,1.056164978,7.465955861,22.579178,30.3458466,15.260625,1.312,0.01,2.394,0.024,131.2,15.933509406999999,2.1756508698563533,1.96764048784948,0.6500576327077495,0.720842586591583,2.829294463913448,3.1603640344507085,0.009950330853168083,0.023716526617316044,2.7887465412653265,4.884315927417586
2022-09-13,8.35215942,5.515485507,0.917905797,1.33457971,7.450850725,22.26321667,30.47568116,13.86625,0.976,0.023,1.523,0.024,42.4347826086956,16.120130434,2.235607270645519,1.874181729212352,0.6512338600308625,0.8478318792023427,2.8402549894929843,3.1468734294465275,0.022739486969489426,0.023716526617316044,2.699093543059318,3.7712605627194025
2022-09-14,9.356362319,4.423289855,1.258253623,2.154297101,7.376538406,25.73663116,30.42994203,12.471875,1.921,0.034,1.906,0.036,56.5,17.192202898,2.3376010476619866,1.690702615628427,0.8145917813861725,1.1487656822655439,2.900993090090224,3.2860345786958782,0.03343477608623739,0.03536714383729131,2.6006041789533625,4.051784947803305
2022-09-15,7.107813179,3.889283128,1.246596669,1.509818972,7.482698769,24.8937777,30.66327299,11.0775,1.473,0.022,1.513,0.023,66.9545454545455,13.753511948,2.0928281867604053,1.5870456931490085,0.8094164795392865,0.9202106278335616,2.6914811526144495,3.254002696599218,0.02176149178151269,0.022739486969489426,2.4913442174464246,4.218839032466471
2022-09-16,4.403178856,3.7135916,0.893367125,0.623352643,7.553729906,21.38672629,30.7157567,9.683125,1.722,0.028,1.642,0.029,61.5,9.633490224,1.686987457404909,1.5504501652071931,0.6383567916169494,0.48449354342751155,2.3640084756219917,3.108468206878958,0.027615167032973367,0.028587456851912555,2.3686653937283957,4.135166556742356
2022-09-17,3.750817656,2.934703329,0.69211288,0.526251809,7.429256874,19.32452026,30.64959479,8.28875,1.237,0.011,1.415,0.012,112.454545454545,7.903885674,1.5583167413377494,1.3698354861428093,0.5259779729067456,0.42281493170006024,2.1864877740435524,3.0118280517112743,0.010939940038334362,0.011928570865273802,2.228803990489542,4.731402276130998
2022-09-18,6.314173913,4.431347826,1.453,0.581681159,7.635918841,15.11299493,30.94541304,6.894375,1.563,0.011,1.631,0.013,142.090909090909,12.780202898,1.9898140975412957,1.692187321560956,0.8973117652763523,0.4584883060493806,2.6232329895700026,2.7796260849386174,0.010939940038334362,0.012916225266546327,2.066150480546103,4.963480156178977
2022-09-19,3.51634323,4.227646633,1.509768284,0.261049964,7.457846488,10.87707458,30.62785663,5.5,1.29,0.019,1.259,0.019,67.8947368421053,9.514808110999999,1.507702646499415,1.653961202238105,0.9201904317507298,0.23194467871963922,2.3527845599153934,2.474610036135864,0.018821754240587758,0.018821754240587758,1.8718021769015913,4.23257978674346
2022-09-20,1.580050725,2.553804348,0.795702899,0.011123188,7.312044203,7.79675,30.43781884,4.25,1.531,0.007,1.482,0.008,218.714285714286,4.94068116,0.9478090595929672,1.2680186770071817,0.5853965324766188,0.01106178029107805,1.7818238002007352,2.174382335087587,0.006975613736425242,0.007968169649176874,1.6582280766035324,5.392328001010277
2022-09-21,1.669630702,2.390876177,0.50666908,0.051745112,7.272976828,5.476050688,30.36261405,3.0,1.525,0.021,1.58,0.023,72.6190476190476,4.618921071,0.9819401489882366,1.2210883472895455,0.4099013069446588,0.050450795985418816,1.7261396652259224,1.8681108628384944,0.020782539182528502,0.022739486969489426,1.3862943611198906,4.298903791423944
2022-09-22,1.495940666,2.16602026,0.578726483,0.030354559,7.284240955,3.62795152,30.43898698,1.75,1.6585,0.028,1.512,0.03,59.2321428571429,4.271041968,0.9146656785900161,1.1524753606802909,0.4566184986096226,0.029902975046124238,1.6622280598979084,1.5321143339092338,0.027615167032973367,0.0295588022415444,1.0116009116784799,4.098206144326502
2022-09-23,1.615672938,2.174580318,0.645636758,0.042973951,7.286093343,2.639994211,29.9926411,0.5,1.792,0.027,1.718,0.059,66.3703703703704,4.4788639649999995,0.9615214020785321,1.155175440300585,0.4981273962486083,0.042076200634845136,1.700897773812202,1.2919820912627693,0.026641930946421175,0.05732506661926941,0.4054651081081644,4.210205312513794
2022-09-24,2.082389573,2.670275163,1.1064084,0.137255612,7.361248371,2.12597538,30.08819696,0.52,1.951,0.026,1.633,0.056,75.0384615384615,5.996328748,1.1257051315703908,1.3002666355501749,0.744984317038574,0.12861800216672625,1.9453855469042356,1.1397463560885515,0.025667746748577788,0.05448818528406973,0.41871033485818504,4.331239285149135
2022-09-25,1.583924692,2.340144823,0.594967415,0.066249095,7.270571325,1.891116582,29.93622737,0.54,0.543,0.022,1.663,0.041,24.6818181818182,4.585286025,0.9493094415328136,1.2060141662282244,0.4668533065610389,0.0641469710543412,1.7201356442805447,1.0616427880599544,0.02176149178151269,0.04018178963283184,0.43178241642553783,3.2457832777881257
2022-09-26,1.980927536,2.38334058,0.492985507,0.193304348,7.253807246,1.767873913,29.83402899,0.56,1.876,0.031,1.687,0.061,60.5161290322581,5.050557971,1.092234505779207,1.218863558689314,0.4007778112092004,0.17672622206403246,1.800150494401708,1.0180794850560648,0.03052920503482287,0.05921185963184609,0.44468582126144574,4.119299401115273
2022-09-27,2.309174511,2.510181028,0.728913831,0.110724113,7.20983273,1.663161477,29.59958726,0.58,1.735,0.013,1.646,0.05,133.461538461538,5.658993483,1.1966987658383739,1.2556676110766085,0.547493367980914,0.10501215668788551,1.8959683444525295,0.9795139422446518,0.012916225266546327,0.048790164169432,0.4574248470388754,4.901278198753941
2022-09-28,5.552722665,4.207429399,0.448950036,1.474837075,7.293524258,1.684727734,29.72409124,0.6,1.691,0.024,1.667,0.05,70.4583333333333,11.683939174999999,1.8798806373244392,1.6500863364998755,0.37083918103251223,0.9061745655710488,2.540336561253061,0.9875793202121597,0.023716526617316044,0.048790164169432,0.4700036292457356,4.269114529252094
2022-09-29,6.669162234,4.753896277,0.870332447,1.409335106,7.294847074,1.842648936,29.58242021,0.62,1.815,0.031,1.965,0.044,58.5483870967742,13.702726064,2.0372073830771584,1.7498772387242676,0.6261161942100408,0.8793508198114633,2.6880329231222206,1.0447363414000919,0.03052920503482287,0.04305948946044697,0.4824261492442927,4.086789210577651
2022-09-30,7.104832215,6.195181208,1.748026846,0.436738255,7.566418792,15.18870872,30.36605369,0.64,1.917,0.025,1.7135,0.028,76.68,15.484778524,2.092460453554485,1.9734115252897346,1.010883143599138,0.36237544367245744,2.8024374414319273,2.7843140066334837,0.0246926125903715,0.027615167032973367,0.49469624183610705,4.35259782398307
2022-10-01,2.603410572,3.06519189,0.618428675,0.01,7.394784214,19.96321941,30.31181752,0.66,1.76,0.012,1.462,0.054,146.666666666667,6.297031136999999,1.281880778090924,1.4024609472976874,0.4814557248310931,0.009950330853168083,1.9874675718704458,3.0427694454632497,0.011928570865273802,0.05259245011917058,0.5068176023684519,4.994957481377028
2022-10-02,3.366630435,3.70907971,0.473681159,0.014891304,7.462613043,20.86721957,30.66003623,0.68,1.744,0.015,1.432,0.065,116.266666666667,7.564282608,1.4739916441763288,1.549492498278911,0.38776346032804815,0.014781517104071709,2.1476003697158923,3.0849886921756826,0.014888612493750654,0.06297479916138844,0.5187937934151675,4.764450543635351
2022-10-03,4.350832127,4.398921852,0.844638205,0.071164978,7.509760492,24.50490883,30.36756151,0.7,1.579,0.011,1.65,0.069,143.545454545455,9.665557162000002,1.6772520865701819,1.686199276599072,0.6122831634124329,0.06874682068560223,2.367019592659071,3.238870936775284,0.010939940038334362,0.06672363204290818,0.5306282510621704,4.973594022415909
2022-10-04,4.807315485,5.091801737,0.743777135,0.192865412,7.634928365,30.10192041,30.67434877,0.72,1.787,0.022,0.671,0.063,81.2272727272727,10.835759769000001,1.7591184133109414,1.8069438896904522,0.5560535277567856,0.17635832199899198,2.471125437694606,3.4372695667964503,0.02176149178151269,0.06109509935981088,0.5423242908253617,4.409487032036979
2022-10-05,3.984971014,4.849297101,0.539101449,0.01,7.446822464,47.0439971,30.30011594,0.74,1.695,0.018,1.112,0.057,94.1666666666667,9.383369564,1.6064275887529649,1.7663215003495205,0.43119877146262253,0.009950330853168083,2.3402054458690564,3.8721171973309065,0.017839918128331,0.055434706888100586,0.5538851132264376,4.555629740427956
2022-10-06,3.191021739,4.021963768,0.451681159,0.01,7.33152029,53.72473116,30.09260145,0.76,1.406,0.005,1.007,0.051,281.2,7.674666665999999,1.4329445559970073,1.6138210460538518,0.37272230482418206,0.009950330853168083,2.1604069004260884,4.002315730834046,0.004987541511039074,0.04974209189481407,0.5653138090500605,5.642616039418714
2022-10-07,2.393550725,2.723746377,0.394615942,0.01,7.26085942,45.1624393733333,29.91012319,0.78,1.701,0.011,1.431,0.045,154.636363636364,5.521913044,1.2218767847440815,1.3147302521009407,0.3326190669741999,0.009950330853168083,1.8751677445582213,3.8321664668462905,0.010939940038334362,0.04401688541677433,0.5766133643039938,5.047522283903319
2022-10-08,1.82,2.32,0.33,0.01,7.194,36.6001475866667,29.59,0.8,0.774,0.016,1.483,0.039,48.375,4.4799999999999995,1.0367368849500223,1.199964782928397,0.2851789422336624,0.009950330853168083,1.701105100959924,3.6270079755654514,0.01587334915629015,0.038258712117090345,0.5877866649021191,3.899444223221286
2022-10-09,3.167789855,3.221927536,0.462963768,0.018630435,7.22113913,28.0378558,29.7540942,0.82,1.667,0.012,1.535,0.033,138.916666666667,6.871311594,1.4273858845139753,1.4402917858491813,0.3804643561810767,0.018459014268015366,2.0632247059767956,3.368600351142423,0.011928570865273802,0.032467190137501496,0.598836501088704,4.9410470072895425
2022-10-10,3.305126904,3.22240029,0.605395214,0.013161711,7.218944888,28.98694561,29.11361856,0.84,1.7,0.014,1.671,0.051,121.428571428571,7.146084119,1.4598066157262866,1.4404037554482387,0.4733699655224068,0.01307584826155747,2.097537335590778,3.400762140625182,0.013902905168991422,0.04974209189481407,0.6097655716208943,4.807527769542463
2022-10-11,2.363055757,2.428363505,0.759847936,0.024279508,7.167213613,31.86880521,28.69671253,0.86,2.191,0.0205,1.512,0.037,106.878048780488,5.575546706,1.212850012162769,1.232083035078688,0.5652274053173655,0.02398944640257314,1.8833577238086459,3.492524038065078,0.020292703267762432,0.03633192924739028,0.6205764877251099,4.68100141116402
2022-10-12,2.34273913,2.248666667,0.664413043,0.150630435,7.15944058,46.59612029,28.04066667,0.88,1.726,0.027,1.643,0.049,63.9259259259259,5.406449275,1.2067905696937242,1.178244655855811,0.5094725345535266,0.14030999651387566,1.8573051821963529,3.862751251402933,0.026641930946421175,0.04783732941416013,0.6312717768418579,4.173247018916905
2022-10-13,1.94734058,2.23415942,0.686057971,0.012413043,7.166113043,50.57349275,27.99771014,0.9,1.791,0.019,1.758,0.0535,94.2631578947368,4.879971014,1.0809032654526658,1.1737690549306805,0.5223932427370734,0.012336632853571783,1.7715518323065482,3.9430078340998325,0.018821754240587758,0.05211795426210667,0.6418538861723948,4.556643145093431
2022-10-14,2.417849385,2.445430847,0.801129616,0.010152064,7.236120203,45.49399583,27.76325851,0.92,1.788,0.031,1.536,0.058,57.6774193548387,5.674561911999999,1.2290115184796657,1.2370489610869357,0.5884140325103449,0.01010087793622886,1.8983035709714455,3.839323182320872,0.03052920503482287,0.05638033343610764,0.6523251860396903,4.072054974032976
2022-10-15,2.287498187,2.189485134,0.985221175,0.010290065,7.223662799,40.41449891,27.75697607,0.94,1.674,0.023,1.561,0.053,72.7826086956522,5.472494561,1.1901268460208412,1.1598595037703716,0.6857303311058565,0.010237482690439665,1.867561592318753,3.723631034737625,0.022739486969489426,0.05164323315183845,0.6626879730752367,4.301123049305077
2022-10-16,2.877364229,2.433678494,1.300079652,0.018537292,7.217099203,44.45452426,27.39319334,0.96,1.675,0.023,1.639,0.062,72.8260869565217,6.629659667,1.3551556003684737,1.2336321337474638,0.832943753639802,0.018367570643781174,2.0320432397143957,3.8167123593437124,0.022739486969489426,0.06015392281974709,0.6729444732424258,4.3017121509421425
2022-10-17,1.903280232,2.19634323,0.606140478,0.028262129,7.154973932,39.66046995,27.02001448,0.98,1.151,0.024,1.605,0.057,47.9583333333333,4.7340260690000004,1.0658412122471819,1.162007415754768,0.473834082433973,0.027870123828338176,1.746417913840798,3.7052563661757087,0.023716526617316044,0.055434706888100586,0.6830968447064438,3.8909695962303132
2022-10-18,1.367161477,1.778740043,0.564996379,0.010137581,7.091610427,30.4495706,26.52962346,1.0,1.72,0.027,1.575,0.055,63.7037037037037,3.72103548,0.8616915483148048,1.0219976030239923,0.4478835102514207,0.010086540388109369,1.5520281568928254,3.448385329635117,0.026641930946421175,0.05354076692802982,0.6931471805599453,4.169818444129727
2022-10-19,1.228146271,1.623070239,0.436886314,0.055054308,7.115897176,27.93185228,26.27124547,6.45,1.726,0.026,1.569,0.0485,66.3846153846154,3.343157132,0.8011699711668206,0.9643454786428696,0.36247849053649683,0.05359224238039718,1.4686015334185631,3.364943143208757,0.025667746748577788,0.04736057135983759,2.0082140323914683,4.210416733474855
2022-10-20,1.435745297,1.579081042,0.298806078,0.189175109,7.159013748,27.52772938,25.9334081,11.9,0.973,0.017,1.606,0.042,57.2352941176471,3.502807526,0.8902527864993208,0.9474331502131677,0.26144544093994654,0.17325988104485057,1.5047010969015744,3.3508765749568905,0.016857117066422903,0.04114194333117518,2.5572273113676265,4.06449159907242
2022-10-21,1.814644928,1.766572464,0.211847826,0.304442029,7.219863768,21.36449565,25.61161594,17.35,1.781,0.035,1.785,0.048,50.8857142857143,4.097507247,1.0348361179342784,1.0176091763981305,0.1921463236586845,0.2657753853584391,1.6287516451427555,3.1074746857698172,0.0344014267173324,0.046883585898850416,2.9096295745005794,3.949043497671825
2022-10-22,5.217572674,2.692943314,0.352667151,3.163117733,7.495332849,17.92403416,25.58236192,22.8,1.782,0.026,1.751,0.042,68.5384615384615,11.426300872,1.8273795852479398,1.3064237861723331,0.3020783107936059,1.426264248620054,2.519815264449931,2.94043276288247,0.025667746748577788,0.04114194333117518,3.169685580677429,4.241880002930639
2022-10-23,1.634731815,2.471285819,0.555393093,0.263108009,7.331962528,10.80621455,25.40395298,20.3,1.687,0.022,1.851,0.044,76.6818181818182,4.9245187360000005,0.9687813988249799,1.2445250783468875,0.44172830661049456,0.23357535752664102,1.7790994577306243,2.4686260496162715,0.02176149178151269,0.04305948946044697,3.0587070727153796,4.3526212297572755
2022-10-24,1.34484081,2.182829233,0.495520984,0.217293777,7.398917511,9.819818379,25.37509407,17.8,1.997,0.005,2.046,0.046,399.4,4.240484804,0.8522175147325539,1.1577704971592198,0.4024746304170423,0.1966301792869366,1.656414013900582,2.381379487602778,0.004987541511039074,0.044973365642731154,2.9338568698359038,5.992464047441065
2022-10-25,0.864616498,1.916157742,0.534377713,0.059153401,7.370182344,8.680152677,25.08413169,15.3,1.9305,0.008,1.767,0.046,241.3125,3.374305354,0.6230554008516099,1.0702669080193887,0.4281249001458247,0.05746991070865007,1.4757477309747267,2.270077673581458,0.007968169649176874,0.044973365642731154,2.791165107812717,5.490228215431148
2022-10-26,0.716130435,1.66707971,0.357536232,0.059789855,7.374518841,6.438327536,25.07114493,12.8,1.864,0.021,2.128,0.055,88.7619047619048,2.8005362320000002,0.5400720092493364,0.9809841322673151,0.30567146270918605,0.058070638469846864,1.3351421704609514,2.0066460300267566,0.020782539182528502,0.05354076692802982,2.624668592163159,4.497160662158689
2022-10-27,0.811743849,1.620202605,0.346562952,0.047026049,7.343071635,5.219139653,25.08040521,10.3,1.81,0.022,1.91,0.039,82.2727272727273,2.8255354550000003,0.5942898339414656,0.9632516449358551,0.29755538449749264,0.04595381123506675,1.3416984457163548,1.8276315777306942,0.02176149178151269,0.038258712117090345,2.424802725718295,4.42212109187576
2022-10-28,0.985231548,1.552973951,0.304602026,0.107351664,7.345734443,4.643497106,24.99779305,7.8,1.8,0.023,1.83,0.037,78.2608695652174,2.950159189,0.6857355562027024,0.937258934917046,0.2658980333450792,0.10197127626918231,1.3737558791136246,1.7305039276110734,0.022739486969489426,0.03633192924739028,2.174751721484161,4.372744558749513
2022-10-29,0.718986242,1.503772629,0.42416365,0.066451846,7.514868936,5.128944243,25.18227371,5.3,1.852,0.026,1.926,0.045,71.2307692307692,2.713374367,0.5417347228782827,0.9177986459999836,0.35358472913947936,0.06433710648000078,1.31194099612904,1.8130225072195976,0.025667746748577788,0.04401688541677433,1.840549633397487,4.279866121746726
2022-10-30,0.74040521,1.609073806,0.531960926,0.057503618,7.529365412,8.642906657,24.9502026,2.8,1.7285,0.008,1.904,0.036,216.0625,2.9389435600000002,0.5541179654246051,0.958995294754082,0.42654856577120376,0.05591105320903917,1.3709125553763408,2.266222583609988,0.007968169649176874,0.03536714383729131,1.33500106673234,5.380185330504292
2022-10-31,0.395918958,1.501367583,0.473806078,0.066642547,7.483796671,7.963835745,24.65842258,0.3,1.605,0.017,1.824,0.041,94.4117647058823,2.437735166,0.3335529496464436,0.9168376155060374,0.3878482233753698,0.0645159086944118,1.2348128725799732,2.1931982319198373,0.016857117066422903,0.04018178963283184,0.262364264467491,4.5582018906191415
2022-11-01,0.459156682,1.30198546,0.333565806,0.097642845,7.39453946,6.173050684,24.45094081,0.6,1.698,0.024,2.093,0.046,70.75,2.192350793,0.37785865376790206,0.8337719940330014,0.28785641175380167,0.09316501239526989,1.1607575711056592,1.9703310430610597,0.023716526617316044,0.044973365642731154,0.4700036292457356,4.273187854639731
2022-11-02,0.446635243,1.102603336,0.19973169,0.116990573,7.295989123,4.130139231,24.24345903,0.3,1.664,0.026,1.984,0.072,64.0,1.865960842,0.36924033777971876,0.7431762607653928,0.1820979401269446,0.11063808048117275,1.0529036663677702,1.6351327993601892,0.025667746748577788,0.06952606264861023,0.262364264467491,4.174387269895637
2022-11-03,0.571173063,1.192910934,0.107262853,0.173070239,7.330414917,5.457156408,24.0323244,0.6,1.69966666666667,0.005,1.796,0.054,339.933333333333,2.044417089,0.451822514250123,0.7852298548398997,0.1018910717917296,0.15962444767401143,1.113309450652473,1.865189036364741,0.004987541511039074,0.05259245011917058,0.4700036292457356,5.831686954748921
2022-11-04,0.518797101,1.219297101,0.127731884,0.085826087,7.310571739,12.27761957,23.81930435,0.466666666666667,1.73533333333333,0.01,1.984,0.056,173.533333333333,1.951652173,0.4179186406299435,0.797190524577951,0.12020843333340628,0.08234106780384531,1.0823650722214864,2.5860798787342336,0.009950330853168083,0.05448818528406973,0.382992252256106,5.162115745367633
2022-11-05,0.516874096,1.210817656,0.143972504,0.069023155,7.319705499,25.31178075,23.62755427,0.333333333333333,1.771,0.025,1.794,0.038,70.84,1.9406874109999999,0.4166517015364581,0.7933624271944024,0.1345068577037268,0.06674529223863314,1.0786433672858349,3.27001677615213,0.0246926125903715,0.037295784743696894,0.2876820724517806,4.274441423993944
2022-11-06,0.992850941,1.193176556,0.372706223,0.055853835,7.327971056,22.85824023,23.68642547,0.2,1.841,0.025,1.927,0.036,73.64,2.6145875550000004,0.6895662471642082,0.7853509750870131,0.3167841366665269,0.05434976187823455,1.2849777564322316,3.1721296599682525,0.0246926125903715,0.03536714383729131,0.18232155679395465,4.312676556539088
2022-11-07,0.970215883,1.127386276,0.249498843,0.152413261,7.340644564,20.94678874,23.16577487,0.8,2.186,0.024,2.27,0.053,91.0833333333333,2.499514263,0.6781431220250569,0.7548941257475891,0.22274254532205315,0.14185823145116375,1.2526241768642552,3.08862082995741,0.023716526617316044,0.05164323315183845,0.5877866649021191,4.522693964163852
2022-11-08,3.682744388,1.522085445,0.170528602,2.764576394,7.502449674,16.03507676,23.35979725,0.725,2.0685,0.02,2.012,0.044,103.425,8.139934829,1.5438843457520595,0.9250861168260746,0.1574554433615158,1.3256353433681725,2.212653255134292,2.8352745571198015,0.019802627296179712,0.04305948946044697,0.545227050483323,4.648469110383239
2022-11-09,3.204293418,1.83384663,0.439558228,1.218395598,7.483519743,14.78890789,23.73427996,0.65,1.951,0.036,1.947,0.047,54.1944444444444,6.696093874,1.4361062455363336,1.0416350219494424,0.3643362804083123,0.7967842310044442,2.040712911054086,2.7593076612143874,0.03536714383729131,0.045928931888399804,0.5007752879124893,4.010862304095706
2022-11-10,2.694500724,2.145607815,0.582163531,0.56341534,7.454471056,13.11583719,24.10876266,0.575,2.78,0.019,2.157,0.05,146.315789473684,5.98568741,1.306845423213524,1.1460071353903099,0.4587932337882562,0.44687274870427396,1.9438634001788486,2.647297372025909,0.018821754240587758,0.048790164169432,0.4542552722775964,4.992578510349012
2022-11-11,5.053272991,3.645496017,1.103707458,0.706625634,7.629623461,12.22590949,24.38278783,0.5,2.73133333333333,0.035,2.128,0.053,78.0380952380952,10.5091021,1.8005991160082158,1.5358981517099917,0.7437012443338602,0.5345181075161544,2.443138209265103,2.582177745890177,0.0344014267173324,0.05164323315183845,0.4054651081081644,4.3699299544409245
2022-11-12,8.71157971,3.777835833,1.336200534,0.945507246,7.870711006,11.75687101,24.90205797,0.425,2.68266666666667,0.043,2.233,0.057,62.3875968992248,14.771123323,2.273318958051249,1.5639876893765423,0.8485259063157531,0.6655227379279537,2.758180630080453,2.5460700291935963,0.042101176018635396,0.055434706888100586,0.35417181372061385,4.149268209800305
2022-11-13,7.713144928,3.91017565,1.56869361,0.273572464,8.111798551,12.35724493,24.63941304,0.35,2.634,0.013,2.185,0.054,202.615384615385,13.465586652,2.1648327966469094,1.5913097150973108,0.9433974467100167,0.24182591527123784,2.671772494259692,2.5920589290283114,0.012916225266546327,0.05259245011917058,0.3001045924503381,5.316232844765566
2022-11-14,5.191693198,4.042515466,1.801186686,0.197322721,8.074519537,11.53797974,24.66743126,0.275,2.58533333333333,0.045,2.184,0.053,57.4518518518518,11.232718071,1.8232085869332622,1.6179050579709262,1.0300431438249145,0.1800879984252145,2.5041141712039274,2.52876241696277,0.04401688541677433,0.05164323315183845,0.24294617861038947,4.068203370082605
2022-11-15,1.467062229,4.174855282,1.041360347,0.215390738,7.956054269,11.90829016,24.60063676,0.2,2.53666666666667,0.008,2.092,0.037,317.083333333333,6.898668596,0.9030280617933337,1.6438113739294917,0.7136164223839871,0.19506562015363246,2.066694213117938,2.557869753019804,0.007968169649176874,0.03633192924739028,0.18232155679395465,5.762313402957228
2022-11-16,0.268711079,2.436263577,0.666444605,0.098609703,7.691449674,13.36438812,24.30649529,2.01428571428571,2.488,0.009,2.136,0.038,276.444444444444,3.4700289640000004,0.23800148668717605,1.2343847115990072,0.5106923778891531,0.09404547403738889,1.497394888246543,2.664752096327393,0.008959741371471902,0.037295784743696894,1.103362891426706,5.625620712943552
2022-11-17,0.329659667,1.881303403,0.564598117,0.085829109,7.62168139,13.63433526,24.777958,3.82857142857143,2.369,0.012,2.098,0.034,197.416666666667,2.861390296,0.28492302001468056,1.0582427622548312,0.44762899676562634,0.08234385093443214,1.3510272989382635,2.683370497861846,0.011928570865273802,0.03343477608623739,1.5745506534336602,5.290369196698864
2022-11-18,0.43816932,1.706512301,0.526968162,0.053198263,7.451357453,16.59600145,24.62240955,5.64285714285714,1.48,0.005,2.219,0.037,296.0,2.7248480460000004,0.36337099923788996,0.9956608322288643,0.42328417598638646,0.05183149937925734,1.315026057979331,2.867671685891562,0.004987541511039074,0.03633192924739028,1.8935421635379968,5.6937321388027
2022-11-19,1.021942029,1.796311594,0.566152174,0.246021739,7.405912319,16.68986884,24.95924638,7.45714285714286,1.855,0.019,2.173,0.038,97.6315789473684,3.6304275360000005,0.7040584500586982,1.0283012609376725,0.4486217665384864,0.2199558672435613,1.5326492042238005,2.872992093785813,0.018821754240587758,0.037295784743696894,2.135011392834647,4.591391483631927
2022-11-20,1.066794501,1.756287988,0.504826339,0.222344428,7.381325615,15.39073444,24.94073806,9.27142857142857,2.957,0.012,2.324,0.036,246.416666666667,3.550253256,0.7259988567925553,1.0138848426123723,0.4086775021742029,0.20077067700928425,1.5151828920732027,2.7967162020019414,0.011928570865273802,0.03536714383729131,2.3293661156716876,5.511073824975761
2022-11-21,0.979666908,1.716068067,0.483490224,0.149464156,7.340103548,15.75417524,24.78658219,11.0857142857143,2.229,0.019,2.353,0.039,117.315789473684,3.328689355,0.6829286022716509,0.9991852708698974,0.3943975709056581,0.13929588248176905,1.4652648068182794,2.818647495268656,0.018821754240587758,0.038258712117090345,2.4920241175568654,4.77335723184714
2022-11-22,1.070557567,1.857921796,0.56211441,0.135148443,7.337264301,18.31630558,24.55614048,12.9,2.27725,0.022,2.386,0.04,103.511363636364,3.625742216,0.7278179270461002,1.0500947159422542,0.4460402945738171,0.12676342916566116,1.5316368372241247,2.9609495879317183,0.02176149178151269,0.039220713153281295,2.631888840136646,4.649295808424495
2022-11-23,1.264164244,2.309513081,0.652543605,0.324963663,7.346892442,18.29423692,24.48023256,5.6,2.3255,0.01,2.279,0.041,232.55,4.551184593,0.8172057036460031,1.1968010731298389,0.5023156796875476,0.2813850349111932,1.714011345163409,2.9598064461380886,0.009950330853168083,0.04018178963283184,1.8870696490323797,5.453396186948117
2022-11-24,0.998140376,2.242626628,0.647952243,0.042554269,7.349082489,19.87424096,24.04778582,9.6,2.37375,0.026,2.241,0.044,91.2980769230769,3.931273516,0.6922169360166243,1.1763836890288133,0.4995334523052516,0.04167372993064617,1.5955972743712725,3.0385159088782303,0.025667746748577788,0.04305948946044697,2.3608540011180215,4.525023306222164
2022-11-25,0.815995655,1.681781318,0.405879797,0.138660391,7.366557567,27.01713686,23.50829833,13.6,2.422,0.022,2.289,0.054,110.090909090909,3.042317161,0.5966338875550938,0.9864812446224204,0.34066329684612345,0.129852475826164,1.3968180822563965,3.3328163536750757,0.02176149178151269,0.05259245011917058,2.681021528714291,4.7103488669331695
2022-11-26,1.394558611,2.334811867,0.571939219,0.011700434,7.345589001,51.09119537,22.60699711,7.6,1.685,0.023,2.211,0.056,73.2608695652174,4.3130101309999995,0.8731989178448748,1.2044162660822346,0.452310028501244,0.011632513210538839,1.6701585542992863,3.9529959396604295,0.022739486969489426,0.05448818528406973,2.151762203259462,4.307584158419366
2022-11-27,1.687601449,2.538623188,0.596876812,0.051456522,7.270502174,51.76363188,22.55648551,1.6,2.126,0.036,2.387,0.075,59.0555555555556,4.874557970999999,0.9886491412064421,1.2637377215493133,0.46804972912553106,0.05017636675605165,1.7706308182209052,3.9658221632357797,0.03536714383729131,0.07232066157962612,0.9555114450274363,4.0952700597430445
2022-11-28,1.396505065,2.067698987,0.650636758,0.072800289,7.269476122,34.51806874,22.55012301,1.13333333333333,2.1042,0.072,2.588,0.082,29.225,4.1876410989999995,0.874011453114168,1.1209277649366514,0.5011611274062513,0.07027232237381148,1.6462790849941376,3.570041545587251,0.06952606264861023,0.07881118042428978,0.7576857016975149,3.4086693965008563
2022-11-29,1.086611151,1.609312093,0.352976104,0.013866763,7.271277335,27.04051702,23.34178132,0.666666666666667,2.0824,0.056,2.991,0.098,37.1857142857143,3.062766111,0.7355412911379028,0.9590866206946228,0.30230668753970646,0.013771499099694625,1.4018640497567003,3.333650500655458,0.05448818528406973,0.0934903430873389,0.5108256237659908,3.6424614740895604
2022-11-30,1.080419682,1.480383502,0.266432706,0.138350217,7.279365412,27.65135962,22.15413169,0.2,2.0606,0.056,3.115,0.108,36.7964285714286,2.965586107,0.7325696435526667,0.9084131861249085,0.2362040552145416,0.12958003616266067,1.3776536643390302,3.3552008982302013,0.05448818528406973,0.10255658832509207,0.18232155679395465,3.6322146159244757
2022-12-01,1.00829233,1.526570188,0.486968162,0.025166425,7.283676556,27.74996889,21.93052822,0.7,2.0388,0.081,3.002,0.099,25.1703703703704,3.046997105,0.6972847739026771,0.9268627260882712,0.3967392563543833,0.024854965264121447,1.397975150548773,3.3586366851558176,0.07788653865707124,0.09440067542148432,0.5306282510621704,3.2646278689207167
2022-12-02,1.199354605,1.502182741,0.372451051,0.154140682,7.266713561,27.15437128,21.73185642,1.025,2.017,0.084,2.867,0.084,24.0119047619048,3.228129079,0.7881639559617715,0.917163447347201,0.3165982296489933,0.14335606880129428,1.4417595971067796,3.3377026277877406,0.08065790301745447,0.08065790301745447,0.7055697005585024,3.219351902001688
2022-12-03,1.038479363,1.303388849,0.226640116,0.160716872,7.246568429,22.34378349,21.95229544,1.35,2.5015,0.076,2.815,0.083,32.9144736842105,2.7292252,0.7122041196056178,0.8343814511364975,0.2042788187132655,0.14903780734262087,1.3162004908990672,3.1503307169773094,0.07325046173959267,0.07973496801885356,0.8544153281560676,3.523841875604783
2022-12-04,0.951303403,1.218689356,0.246828385,0.149753802,7.234861694,21.07642143,21.54527154,1.675,2.986,0.068,2.71,0.086,43.9117647058824,2.5665749460000002,0.6684975610828567,0.7969166413610068,0.22060303493357822,0.13954783423825604,1.2716057363943205,3.0945101353569933,0.0657877405380031,0.08250122151174369,0.9839493803479699,3.804699780602472
2022-12-05,1.419673677,1.256693256,0.49799855,0.707179115,7.290569253,20.83801233,21.18500363,2.0,2.602,0.08,2.69,0.088,32.525,3.8815445979999996,0.8836326868614205,0.8139005807568225,0.4041299171372829,0.5348423680087977,1.5854616857680457,3.083652136203859,0.07696104113612832,0.08434114843375087,1.0986122886681098,3.512291429167742
2022-12-06,1.506243655,1.283959391,0.215083394,0.890942712,7.272174039,21.68354677,20.96968093,3.025,2.995,0.082,2.808,0.094,36.5243902439024,3.896229152,0.9187850803987146,0.8259105118633725,0.1948127114741352,0.637075494135448,1.5884653480363242,3.1216398497899465,0.07881118042428978,0.08984070399978947,1.3925249108705269,3.6249911280577876
2022-12-07,1.667385952,1.283381608,0.307711803,1.046451846,7.214291093,20.26774294,20.90870384,4.05,2.584,0.057,2.881,0.085,45.3333333333333,4.304931209,0.9810989486405906,0.8256575055723123,0.26827889466002414,0.7161074867443402,1.6686368047811175,3.0571915088660195,0.055434706888100586,0.08157998699242289,1.6193882432872684,3.8358616444625815
2022-12-08,1.772543478,1.264826087,0.468862319,0.920311594,7.224321014,18.93867971,20.68821014,5.075,2.65633333333333,0.062,2.883,0.087,42.8440860215054,4.426543478,1.0197651219949895,0.8174979732055917,0.38448816849709694,0.652487461413996,1.691302371034371,2.9926615492020874,0.06015392281974709,0.08342160813907239,1.8041819892266122,3.7806398413419133
2022-12-09,2.750797872,1.166527356,0.340402736,1.654772036,7.314044833,19.33581231,20.80464286,6.1,2.72866666666667,0.062,3.108,0.081,44.010752688172,5.9125,1.3219685832175392,0.7731255889355569,0.29297011806067186,0.9763587888606444,1.933331366848453,3.012383484959188,0.06015392281974709,0.07788653865707124,1.9600947840472698,3.806901409852688
2022-12-10,2.24121651,1.178327299,0.231506155,1.344221579,7.339927589,20.59516582,20.53813179,7.125,2.801,0.062,3.236,0.094,45.1774193548387,4.995271543,1.1759487253838825,0.7785572882435654,0.2082379365359211,0.8519533975371623,1.7909710823661211,3.0724694850124963,0.06015392281974709,0.08984070399978947,2.094945728215801,3.832490920053023
2022-12-11,0.406046343,1.16243302,0.24852281,0.25589428,7.406073135,20.67451846,20.35623461,8.15,2.996,0.074,3.224,0.093,40.4864864864865,2.072896453,0.34078175372720976,0.7712339859338067,0.22196110049470655,0.22784789252882517,1.1226205868435686,3.076137306041502,0.07138999608667293,0.08892620919440151,2.21375387928743,3.7253677473770734
2022-12-12,0.160492041,1.077561505,0.100224313,0.23369754,7.361904486,23.68750072,19.9863314,9.175,3.115,0.07,3.333,0.091,44.5,1.571975399,0.1488440884580828,0.7311948526040636,0.09551407992437334,0.2100157900915106,0.9446742413996132,3.206297071825897,0.06765864847381481,0.08709470685093376,2.3199337313286588,3.817712325956905
2022-12-13,0.268609703,1.052273715,0.09724113,0.186908038,7.367013758,24.09777697,19.56154236,10.2,2.917,0.071,3.394,0.102,41.0845070422535,1.605032586,0.23792157877740513,0.7189483077891696,0.09279896570755328,0.17135163832127148,0.9574451841482063,3.222779275283185,0.06859279146561172,0.09712671073072274,2.4159137783010487,3.739679669211392
2022-12-14,0.317570703,1.063038434,0.180761421,0.081174764,7.341728789,27.04448586,18.93674402,5.9,2.77,0.062,3.28,0.093,44.6774193548387,1.642545322,0.2757896645096208,0.7241798640658423,0.16615950241298813,0.07804819441523693,0.971742589797768,3.3337920301126327,0.06015392281974709,0.08892620919440151,1.9315214116032138,3.8216040697685187
2022-12-15,0.412427536,0.964311594,0.136405797,0.124557971,7.347392754,27.96033116,18.45436957,6.5,2.898,0.069,3.212,0.093,42.0,1.637702898,0.3453098807755664,0.6751418500977485,0.12787047218164643,0.11739004377852355,0.9699084239950251,3.3659270025350083,0.06672363204290818,0.08892620919440151,2.0149030205422647,3.7612001156935624
2022-12-16,0.28096307,0.942925416,0.168892107,0.065814627,7.40676756,25.18692035,18.18595945,3.7,1.709,0.062,3.101,0.088,27.5645161290323,1.4585952199999999,0.24761219345921978,0.6641947836575123,0.15605638310643669,0.06373941474959223,0.8995901380533298,3.265260062831177,0.06015392281974709,0.08434114843375087,1.547562508716013,3.3521652527377435
2022-12-17,0.463852281,0.959949312,0.07955105,0.138240406,7.426806662,25.44988631,17.48895728,3.475,3.16,0.08,3.146,0.091,39.5,1.641593049,0.3810715094919917,0.6729186116835288,0.07654526026679657,0.12948356646892148,0.9713821628204825,3.275251859996394,0.07696104113612832,0.08709470685093376,1.4985063517268187,3.7013019741124933
2022-12-18,0.483070239,1.066545981,0.044279508,0.185206372,7.412965967,25.87902028,16.87646633,3.25,2.575,0.09,3.042,0.104,28.6111111111111,1.7791020999999998,0.39411442481236647,0.7258786053874838,0.043327181597058326,0.169916913010617,1.0221278899199482,3.2913460670740404,0.08617769624105233,0.09893994785490356,1.4469189829363254,3.3881496662696793
2022-12-19,0.529014493,1.262978261,0.059782609,0.126637681,7.482565942,26.09017391,16.33071014,3.025,3.273,0.079,3.068,0.089,41.4303797468354,1.978413044,0.42462340564627954,0.8166817603304034,0.058063801241940674,0.11923769357279783,1.0913906230994148,3.2991710757884682,0.07603468627599762,0.08525984395082342,1.3925249108705269,3.7478646091349512
2022-12-20,0.412708182,0.976755974,0.025749457,0.160492397,7.529539464,23.27183852,16.37421434,2.8,2.608,0.0615,2.966,0.087,42.4065040650407,1.5757060100000002,0.3455085586650108,0.6814571040966206,0.02542352297126373,0.14884439522446533,0.9461236751763816,3.1893167696506244,0.05968300216117373,0.08342160813907239,1.33500106673234,3.77060929312777
2022-12-21,0.390718954,0.928627451,0.041604938,0.174357298,7.543123457,21.81305156,16.2971024,2.575,2.712,0.044,2.859,0.071,61.6363636363636,1.5353086410000003,0.3298208465171963,0.6568085846338327,0.04076273324434041,0.1607210175222251,0.930315381505756,3.127332809023031,0.04305948946044697,0.06859279146561172,1.273965176145971,4.137345998215287
2022-12-22,0.438442029,0.971028986,0.036862319,0.231268116,7.555849275,22.47948116,16.20756522,2.35,1.747,0.085,2.88,0.074,20.5529411764706,1.67760145,0.3635606035797569,0.6785557343029346,0.03619915186970142,0.20804462689845715,0.9849214124445613,3.156126897611833,0.08157998699242289,0.07138999608667293,1.208960345836975,3.0705122887437595
2022-12-23,0.270152174,1.02657971,0.031797101,0.150992754,7.606315942,21.91204565,16.03894928,2.125,2.1875,0.056,2.829,0.08,39.0625,1.4795217390000002,0.23913671533965591,0.7063495001394665,0.031302040171431865,0.14062483432462108,0.9080656944020636,3.1316627831819766,0.05448818528406973,0.07696104113612832,1.1394342831883648,3.6904407346808887
2022-12-24,0.263222303,1.063062998,0.050296886,0.162020275,7.637403331,22.1137357,15.76144823,1.9,2.628,0.047,2.638,0.078,55.9148936170213,1.5386024619999998,0.23366583975656566,0.7241917707047871,0.0490728727750166,0.15016010664238666,0.9316137177973577,3.14042705985951,0.045928931888399804,0.07510747248680541,1.0647107369924282,4.041557057620048
2022-12-25,0.297212165,1.081310644,0.027907314,0.218392469,7.692656046,22.35277118,15.66824765,1.675,2.366,0.043,2.624,0.068,55.0232558139535,1.624822592,0.2602174732978955,0.7329978125803643,0.027525001489583704,0.1975323415225881,0.9650133097596856,3.1507156571586354,0.042101176018635396,0.0657877405380031,0.9839493803479699,4.025766886921309
2022-12-26,0.250781476,1.094377713,0.039001447,0.234167873,7.675693198,21.04422721,15.53645441,1.45,2.294,0.031,2.716,0.074,74.0,1.6183285090000001,0.2237685367701061,0.7392564748831139,0.03826010480139486,0.2103969559388999,0.9625361405170899,3.0930507630809174,0.03052920503482287,0.07138999608667293,0.8960880245566356,4.31748811353631
2022-12-27,0.218560058,1.088480463,0.016070912,0.211063676,7.670494935,19.92763531,15.47768452,1.225,2.445,0.06,2.571,0.095,40.75,1.534175109,0.1976698813379168,0.7364367503506494,0.01594314199630378,0.19149904452634253,0.9298681832998672,3.0410705491864105,0.05826890812397577,0.09075436326846414,0.7997569156182036,3.7316994512968646
2022-12-28,0.159666425,1.131298042,0.03591008,0.192146483,7.710692531,20.39014793,15.54556925,1.0,2.446,0.043,2.591,0.066,56.8837209302326,1.51902103,0.14813239910845713,0.7567312034965094,0.035280344703560125,0.17575544951581315,0.9238703458866364,3.062930438918927,0.042101176018635396,0.0639133257436528,0.6931471805599453,4.05843618667403
2022-12-29,0.244905933,1.120130246,0.040795948,0.34102026,7.702359624,20.42425398,15.73787988,0.775,2.282,0.036,2.488,0.072,63.3888888888889,1.7468523870000001,0.21905997123889276,0.7514775235892115,0.03998575504947172,0.29343071231367734,1.0104556695935833,3.064523643807599,0.03536714383729131,0.06952606264861023,0.5738004229273792,4.164941085443587
2022-12-30,0.203768116,1.098695652,0.082369565,0.350818841,7.705230435,20.12788188,15.94615217,0.55,2.118,0.027,2.605,0.08,78.4444444444444,1.735652174,0.18545673365350607,0.7413160336603846,0.07915267940816743,0.3007109574627993,1.0063698622927137,3.0505935842938565,0.026641930946421175,0.07696104113612832,0.4382549309311553,4.3750579653577875
2022-12-31,0.288268116,1.121804348,0.041826087,0.498094203,7.782850725,19.02040797,16.37800725,0.325,2.225,0.026,2.704,0.087,85.5769230769231,1.949992754,0.2532987706151919,0.752266834244441,0.04097502633029036,0.4041937689655928,1.0818027140775255,2.9967521518013216,0.025667746748577788,0.08342160813907239,0.28141245943818555,4.461033302885251
2023-01-01,0.095354559,1.176222865,0.023299566,0.181092619,7.57115919,18.55927931,16.10763386,0.1,2.377,0.03,2.697,0.041,79.2333333333333,1.4759696089999998,0.09107810903066503,0.7775907433263752,0.0230322749924333,0.16643995835697262,0.9066320805143874,2.97344981883585,0.0295588022415444,0.04018178963283184,0.09531017980432487,4.384939056120916
2023-01-02,0.071312545,1.340884699,0.034923858,0.312929659,7.952039159,17.7352132,16.33174039,0.1,2.279,0.023,2.8,0.089,99.0869565217391,1.760050761,0.06888457428968833,0.8505289344124275,0.03432785686137846,0.2722610211513925,1.0152490712266007,2.9304048119513846,0.022739486969489426,0.08525984395082342,0.09531017980432487,4.606039373352678
2023-01-03,0.036156635,1.596751269,0.011443075,0.076294416,7.812129804,15.5605765,16.38683829,0.15,2.255,0.017,2.586,0.062,132.647058823529,1.7206453950000002,0.03551832449386203,0.9542611518134472,0.011378098236768264,0.07352404513008767,1.000869129735564,2.8070249611530946,0.016857117066422903,0.06015392281974709,0.1397619423751587,4.895202435784823
2023-01-04,3.252288197,1.186944243,1.251469949,3.205677046,7.636910934,17.05567705,16.47860246,0.2,2.223,0.025,2.706,0.095,88.92,8.896379435,1.4474572373455448,0.782505246627979,0.8115833135684839,1.4364352902145299,2.29216897661464,2.8934601533340105,0.0246926125903715,0.09075436326846414,0.18232155679395465,4.498920386145381
2023-01-05,6.237045619,0.552702899,2.252318841,4.054281335,7.977397826,19.34315,16.8292971,0.25,2.277,0.028,2.404,0.057,81.3214285714286,13.096348694,1.9792130594429542,0.4399972180735088,1.1793682314674536,1.6202356732259788,2.6459158059764025,3.0127442458863554,0.027615167032973367,0.055434706888100586,0.22314355131420976,4.410631445255545
2023-01-06,9.221803041,0.554771904,1.735264301,4.902885625,7.897650978,18.71973425,17.01220854,0.3,2.188,0.031,2.796,0.072,70.5806451612903,16.414724871,2.324522992013321,0.4413288493412762,1.006228067768004,1.7754413203296915,2.857316105300978,2.9816198729173564,0.03052920503482287,0.06952606264861023,0.262364264467491,4.2708247184474475
2023-01-07,9.225963417,0.259318841,2.16257971,5.751489914,7.93614281766667,17.17723623,17.6815,0.35,2.221,0.024,2.668,0.09,92.5416666666667,17.399351882,2.3249299192017703,0.2305709724042819,1.1513880584790874,1.9097632085275975,2.9123154401902194,2.900170054640478,0.023716526617316044,0.08617769624105233,0.3001045924503381,4.53840696982841
2023-01-08,9.230123793,0.81773913,2.177143363,6.600094203,7.97463465733333,17.11108478,17.44069565,0.4,2.308,0.025,2.643,0.074,92.32,18.825100489,2.325336680867836,0.5975934926099182,1.1559824795446816,2.0281606423470455,2.986948836310083,2.8965241696044552,0.0246926125903715,0.07138999608667293,0.33647223662121295,4.536034447153229
2023-01-09,9.234284168,0.161452096,2.191707016,6.476336023,8.013126497,19.22704117,17.2225524,8.3,2.358,0.022,2.669,0.08,107.181818181818,18.063779303,2.325743277048409,0.14967102915782762,1.1605558884074623,2.0117428354799713,2.9477901630928387,3.007020380967117,0.02176149178151269,0.07696104113612832,2.2300144001592104,4.683813313307203
2023-01-10,9.238444544,0.992041999,2.206270668,6.352577842,7.841747285,17.04609558,17.23609703,2.2,2.19,0.012,2.651,0.081,182.5,18.789335053,2.3261497080733884,0.6891602427754869,1.1651084760760104,1.9950509785371984,2.985143158898385,2.892929350022873,0.011928570865273802,0.07788653865707124,1.1631508098056809,5.212214667494625
2023-01-11,9.24260492,1.275151954,2.220834321,7.39121563,7.641043415,19.37799132,17.28172214,0.1,2.213,0.017,2.589,0.061,130.176470588235,20.129806825,2.3265559739792967,0.8220468431393958,1.1696404318948015,2.127185400329172,3.0506846893713147,3.0144554616024495,0.016857117066422903,0.05921185963184609,0.09531017980432487,4.876543520397946
2023-01-12,8.008986975,1.325108538,2.235397974,6.524710564,7.556775687,19.74384949,17.39734443,0.2,2.295,0.02,2.781,0.079,114.75,18.094204051,2.198222631891812,0.8437667209604545,1.1741519417155726,2.0181923466393954,2.949384836174233,3.032249792618063,0.019802627296179712,0.07603468627599762,0.18232155679395465,4.751432692966343
2023-01-13,9.353082489,1.018914616,2.397865412,6.205654848,7.539722142,17.45275615,17.47103473,6.2,2.232,0.02,2.736,0.089,111.6,18.975517365,2.337284300394464,0.7025600481937485,1.2231474144606138,1.9748661133158703,2.9945073919427054,2.915213744153583,0.019802627296179712,0.08525984395082342,1.9740810260220096,4.72384171570559
2023-01-14,6.951903039,1.27382055,1.806136035,5.886599132,7.482446454,16.7247055,18.19903763,0.7,2.066,0.019,2.964,0.082,108.736842105263,15.918458756,2.073411275995226,0.8214614784062185,1.0318084605479154,1.9295773683925292,2.8284052599582026,2.8749594573295267,0.018821754240587758,0.07881118042428978,0.5306282510621704,4.69808515506646
2023-01-15,3.908298335,1.346133237,1.301288921,3.070391021,7.305845764,19.4695286,17.22118755,12.6,2.185,0.027,3.304,0.102,80.9259259259259,9.626111514,1.590927310453627,0.8527685418837395,0.8334693664042027,1.4037390687954707,2.3633143224212665,3.0189373705853635,0.026641930946421175,0.09712671073072274,2.6100697927420065,4.405815496637896
2023-01-16,3.898363505,1.447610427,1.066531499,3.23301231,7.361183201,20.62604272,17.14700217,10.1,2.238,0.016,2.52,0.062,139.875,9.645517740999999,1.5889011707618885,0.8951122126886926,0.7258715975343429,1.4429138696375583,2.3651389341753837,3.0738982699213757,0.01587334915629015,0.06015392281974709,2.4069451083182885,4.94787297235994
2023-01-17,3.662597685,1.267959479,1.32065123,3.50906657,7.391293777,20.16660275,17.4110275,7.6,2.138,0.02,3.104,0.082,106.9,9.760274964,1.5395727359568947,0.8188805193037831,0.8418478488748256,1.5060901631356851,2.3758611086822263,3.0524245975409374,0.019802627296179712,0.07881118042428978,2.151762203259462,4.681204872264089
2023-01-18,2.691978261,1.446724638,0.775869565,1.820268116,7.348266667,20.61586667,17.29072464,5.1,2.263,0.029,2.642,0.081,78.0344827586207,6.73484058,1.3061624284867592,0.8947502476830657,0.5742901987422689,1.0368319570262738,2.04573487359932,3.0734276130826097,0.028587456851912555,0.07788653865707124,1.8082887711792655,4.369884247848156
2023-01-19,2.510695652,1.413043478,0.526275362,1.488137681,7.329923913,20.51031014,17.0802971,2.6,2.209,0.028,2.418,0.076,78.8928571428571,5.938152173000001,1.2558142092934343,0.8808888047151311,0.4228303635037305,0.9115345113683492,1.9370354815730983,3.0685323615857363,0.027615167032973367,0.07325046173959267,1.2809338454620642,4.380686451314925
2023-01-20,2.915264301,1.179007965,0.70038378,1.890601014,7.350714699,19.75921579,17.05147719,0.1,2.236,0.033,2.585,0.092,67.7575757575758,6.68525706,1.3648828369980521,0.7788697113022913,0.5308539785249861,1.061464443824766,2.039303826008233,3.0329902825360233,0.032467190137501496,0.0880108773227133,0.09531017980432487,4.230586923313362
2023-01-21,3.660470333,1.253740955,0.822691751,2.477937771,7.383392909,21.39744718,16.67434153,2.6,2.207,0.03,2.491,0.094,73.5666666666667,8.21484081,1.5391163728728083,0.8125914822161886,0.6003143925348832,1.246439523592611,2.2208153158776165,3.1089469871878985,0.0295588022415444,0.08984070399978947,1.2809338454620642,4.311693579827975
2023-01-22,7.301519537,0.745723589,1.444963821,5.564913169,7.510387844,17.41126773,16.79277135,4.9,2.184,0.034,3.236,0.109,64.2352941176471,15.057120116,2.1164385747930377,0.5571691338883383,0.8940303256803424,1.8817392813154246,2.7761523721399293,2.912962853819319,0.03343477608623739,0.10345870836822998,1.7749523509116738,4.178000643294151
2023-01-23,6.237468675,0.630290065,1.856990573,6.253168963,7.721058013,12.67841697,17.0017839,0.1,2.222,0.037,2.418,0.064,60.0540540540541,14.977918276,1.9792715147377609,0.48875795297446833,1.0497688236282114,1.981438471711757,2.771207661263943,2.615819186931243,0.03633192924739028,0.06203539091945264,0.09531017980432487,4.11175960382378
2023-01-24,5.173417813,1.596821144,0.720651702,2.72858798,7.546065894,16.95344605,16.59535119,1.45833333333333,2.244,0.037,2.533,0.074,60.6486486486487,10.219478639,1.8202526250675213,0.9542880600740615,0.5427031155738329,1.3160296043439415,2.417651431902621,2.8877820770097826,0.03633192924739028,0.07138999608667293,0.8994836135577724,4.121451309640165
2023-01-25,4.785597393,1.591484432,0.352027516,3.242056481,7.595929037,18.08795148,16.08259232,2.81666666666667,2.312,0.039,2.512,0.076,59.2820512820513,9.971165822,1.7553716211740706,0.9522308512979188,0.30160532948467766,1.4450481707638934,2.395270542295918,2.949057323441181,0.038258712117090345,0.07325046173959267,1.3393774413321398,4.099034402410424
2023-01-26,4.94440693,1.452831282,0.391304267,3.356394212,7.632125069,16.06057436,16.10373642,4.175,2.252,0.049,2.527,0.069,45.9591836734694,10.144936691,1.7824507657047066,0.8972429826418228,0.33024162877682517,1.4716446995985502,2.410985286337176,2.8367702085542548,0.04783732941416013,0.06672363204290818,1.6438393391514328,3.8492787919247395
2023-01-27,5.020905141,1.314178132,0.381672701,3.560738595,7.675292542,14.01702896,16.12488052,5.53333333333333,2.213,0.037,2.456,0.072,59.8108108108108,10.277494569000002,1.7952376036662927,0.83905460592967,0.3232948673402507,1.5174845829978707,2.422809108721934,2.709184821177339,0.03633192924739028,0.06952606264861023,1.8769172775683614,4.107767582554241
2023-01-28,4.137871108,1.439594497,0.172577842,2.948196959,7.643488052,15.85564374,15.73842143,6.89166666666667,2.236,0.044,2.401,0.075,50.8181818181818,8.698240406,1.6366388123473412,0.8918318357399648,0.15920460890005286,1.3732590086247278,2.2719444676108065,2.824685540777818,0.04305948946044697,0.07232066157962612,2.065807350404033,3.947741088030225
2023-01-29,3.529051471,1.472727941,0.623867647,2.329044118,7.705896324,14.49371324,15.62027206,8.25,2.219,0.031,2.603,0.086,71.5806451612903,7.954691176999999,1.510512529269931,0.9053219707608975,0.48481074026562193,1.2026852111334896,2.1921775488208635,2.7404343442289645,0.03052920503482287,0.08250122151174369,2.224623551524334,4.28469829071332
2023-01-30,3.217953556,1.3791582,0.45021045,1.913185776,7.706642235,12.4020566,15.61063135,9.60833333333333,2.182,0.024,2.707,0.108,90.9166666666667,6.960507982,1.4393500710903198,0.8667467276386851,0.371708683832027,1.0692472507463802,2.074492814654255,2.595408172792322,0.023716526617316044,0.10255658832509207,2.36163985577536,4.520882369465503
2023-01-31,5.313096616,1.178774204,0.367562906,4.070151758,7.847494408,10.5714789,15.89475188,10.9666666666667,2.304,0.041,2.642,0.077,56.1951219512195,10.929585484,1.8426263035611083,0.7787624269125909,0.31303025498725945,1.6233707496995007,2.479021489823028,2.4485433549903832,0.04018178963283184,0.07417939817425151,2.4821250068261262,4.046468614176072
2023-02-01,7.044762611,0.978390208,0.263538576,5.226646884,7.982606083,8.427372404,16.1788724,12.325,2.274,0.04,2.587,0.083,56.85,13.513338279,2.0850212723644876,0.6822834877587165,0.2339161784445518,1.8288379670397454,2.675068107905344,2.2436174156116873,0.039220713153281295,0.07973496801885356,2.589641970051908,4.0578534536396855
2023-02-02,9.122444934,1.351211454,0.235256975,7.453281938,8.029564611,9.046701175,15.79478708,13.6833333333333,2.407,0.044,1.97,0.063,54.7045454545455,18.162195301,2.3147552289488984,0.8549307076656553,0.211279025358017,2.134554760992843,2.9529393432756885,2.3072443393285877,0.04305948946044697,0.06109509935981088,2.6867130637140764,4.0200617496098525
2023-02-03,6.014926036,1.565776627,0.72841716,4.521752959,8.004875381,11.40536317,15.84255917,15.0416666666667,2.624,0.051,2.678,0.079,51.4509803921569,12.830872782,1.9480401698067509,0.9422612113520605,0.5472060532837041,1.7086953749121323,2.6269032515668655,2.518128892813575,0.04974209189481407,0.07603468627599762,2.7751895039398407,3.959879026605782
2023-02-04,5.96101906666667,1.615985075,0.775298507,4.61418774433333,7.980186152,11.47991418,15.97447761,16.4,2.246,0.029,2.837,0.078,77.448275862069,12.966490393,1.9403258812528357,0.9616407283034477,0.573968581745639,1.7252969195489019,2.636660917154084,2.5241204863150735,0.028587456851912555,0.07510747248680541,2.856470206220483,4.362439501398577
2023-02-05,5.90711209733333,2.490424564,1.615337377,4.70662252966667,7.955496922,10.79277635,16.14481425,8.5,2.015,0.027,2.795,0.083,74.6296296296296,14.719496568,1.9325516195007402,1.250023380391314,0.9613931052562154,1.741627347728194,2.7549017615518645,2.4674871702879613,0.026641930946421175,0.07973496801885356,2.2512917986064953,4.325848132720282
2023-02-06,5.853205128,2.262368024,2.327631976,4.799057315,7.930807692,10.78924133,16.31959276,0.6,2.508,0.029,3.073,0.084,86.4827586206897,15.242262442999998,1.9247164447399854,1.1824533194167979,1.2022609327094707,1.7576953724460818,2.787616638022989,2.4671873638783106,0.028587456851912555,0.08065790301745447,0.4700036292457356,4.471441729612808
2023-02-07,8.160050872,2.182405523,2.74462936,6.802565407,7.942739099,12.31782849,16.54053779,0.75,2.637,0.035,3.016,0.081,75.3428571428571,19.889651162,2.2148517323824075,1.1576373645987192,1.3203226427790093,2.054452577953679,3.039253876625793,2.589103625545739,0.0344014267173324,0.07788653865707124,0.5596157879354227,4.335234473167122
2023-02-08,7.278799726,1.552046444,2.484912917,5.86083801,7.933004354,13.96151742,16.94880987,0.9,2.827,0.045,3.155,0.09,62.8222222222222,17.176597097,2.1136979972613417,0.9368955643765037,1.248443055951933,1.9258295931691323,2.9001348928464346,2.705481399220654,0.04401688541677433,0.08617769624105233,0.6418538861723948,4.156101440397794
2023-02-09,6.39754858,1.86538864,1.649940209,4.919110613,7.701512706,14.23334828,17.12593423,0.1,2.59,0.048,3.244,0.09,53.9583333333333,14.831988041999999,2.0011486723541387,1.0527039919268038,0.9745370771020812,1.7781862033190723,2.7620324529942692,2.7234869904131873,0.046883585898850416,0.08617769624105233,0.09531017980432487,4.006575322369368
2023-02-10,1.423787716,2.28353497,1.132555871,4.068956435,7.04,8.341742009,18.04842545,6.9479,2.815,0.072,3.136,0.13,39.0972222222222,8.908834992,0.8853314884644836,1.188920576812978,0.7573211998060227,1.6231349650559632,2.2934267826018506,2.2344927454493835,0.06952606264861023,0.12221763272424921,2.0729077428288387,3.691307060646879
2023-02-11,1.146933361,2.762040769,1.442352212,5.074217132,6.851666667,9.174240061,17.98048075,0.1503,2.847,0.069,3.2,0.137,41.2608695652174,10.425543474000001,0.7640404802221221,1.3249615678748763,0.8929615962464593,1.8040531137620324,2.4358515044891695,2.319859041659848,0.06672363204290818,0.128393214768399,0.14002277791982756,3.7438615885312894
2023-02-12,0.779818323,2.2324487,1.211660992,3.987792584,6.805,8.950905745,18.14831805,3.9189,2.837,0.078,3.139,0.126,36.3717948717949,8.211720599,0.5765112933645956,1.173239961468339,0.793743813325279,1.606993443953995,2.2204766513855754,2.2976635766757956,0.07510747248680541,0.11867152971749864,1.5930849282713282,3.620916272095002
2023-02-13,0.906402997,1.825577209,0.899785204,3.090660512,6.836666667,8.767873608,18.97649525,7.6875,2.614,0.064,3.138,0.132,40.84375,6.722425922,0.6452182188741769,1.0387126654974659,0.6417408292553866,1.4087064513924252,2.0441285532751126,2.2790987973307497,0.06203539091945264,0.1239859797809912,2.1618852108909103,3.733942442891446
2023-02-14,0.184295589,2.463930462,1.363812827,4.780431236,6.845,9.191090802,18.12749119,7.47485,2.554,0.056,2.973,0.118,45.6071428571429,8.792470114,0.16914815817534312,1.2424039160183242,0.8602759200132963,1.7544782882057233,2.281613734625697,2.3215138878255064,0.05448818528406973,0.11154137473290741,2.1371029539948387,3.841753809581591
2023-02-15,0.090191367,1.991679933,1.074805591,3.154463077,6.896666667,8.998123112,18.3279274,7.2622,2.598,0.065,2.879,0.116,39.9692307692308,6.311139968,0.08635324688618196,1.0958350801253702,0.7298674582090405,1.4241831966119887,1.9893992079781442,2.3023973865782987,0.06297479916138844,0.1097508639591192,2.1116908958953324,3.712821315918296
2023-02-16,0.0692123,1.759303977,1.00815021,2.537603891,6.94,9.011990169,18.38658614,7.04955,2.531,0.06,2.964,0.127,42.1833333333333,5.374270378,0.0669222091446278,1.0149784656793923,0.6972140048085625,1.263449631018676,1.8522696339847267,2.3037833916473516,0.05826890812397577,0.11955923505763925,2.085616189246856,3.7654546183400086
2023-02-17,0.097169058,1.75662041,1.032598566,2.618730817,6.991666667,8.665481246,18.64574946,6.8369,2.497,0.049,2.833,0.107,50.9591836734694,5.505118851000001,0.09273327880870454,1.014005440299257,0.7093150562209358,1.286123361323391,1.872589382512396,2.268560904074587,0.04783732941416013,0.10165365372649983,2.0588433480046304,3.9504584810067254
2023-02-18,0.535818264,1.847810499,1.114823935,3.359213517,7.035,8.612113914,19.27981522,6.62425,2.478,0.061,2.812,0.122,40.6229508196721,6.857666215,0.4290633100170549,1.0465504530634884,0.748971563170228,1.4722916550802558,2.061489643140683,2.2630241690316293,0.05921185963184609,0.11511280710050457,2.0313339570000113,3.7286517175313665
2023-02-19,0.739846792,1.57709095,1.056126148,2.93720368,7.115,8.20515104,19.27793807,6.4116,2.513,0.049,2.751,0.094,51.2857142857143,6.310267570000001,0.5537970587750456,0.9466612240237747,0.7208237017418427,1.3704707454468703,1.989279876374977,2.219763223024079,0.04783732941416013,0.08984070399978947,2.0030463404261223,3.9567231843460533
2023-02-20,0.948552416,1.517542185,0.934815621,2.839663392,7.065,8.87735713,19.27965608,6.19895,2.553,0.052,2.841,0.101,49.0961538461538,6.2405736140000005,0.6670867461276503,0.9232831021732667,0.6600120356368072,1.3453847044240859,1.9797004317122557,2.2902449790125194,0.050693114315518116,0.09621885774054292,1.9739351820539617,3.913944235606039
2023-02-21,0.888006264,1.222260231,0.624719808,2.021353771,6.96,9.090938122,19.2070323,5.9863,2.499,0.055,2.752,0.073,45.4363636363636,4.756340074,0.6355213855144153,0.7985248000215007,0.4853353750685018,1.1057049994874968,1.7503018689337955,2.3116378054647804,0.05354076692802982,0.07045846364856141,1.9439510884915296,3.838082851360013
2023-02-22,0.772999541,1.114390316,0.542127404,1.546093131,7.22,8.66623736,18.79255191,5.77365,2.518,0.061,2.766,0.088,41.2786885245902,3.975610392,0.5726727682087887,0.7487665042747526,0.43316289429617477,0.9345600788063484,1.604548054943822,2.268639129297682,0.05921185963184609,0.08434114843375087,1.9130400849178362,3.7442831417080344
2023-02-23,0.869735473,1.516693754,0.683963591,3.04728429,7.143333333,9.516534268,19.46242256,5.561,2.417,0.052,2.828,0.095,46.4807692307692,6.117677108,0.6257969625715578,0.922946037713709,0.5211502950400894,1.3980461105231317,1.9625814233167371,2.3529487108262357,0.050693114315518116,0.09075436326846414,1.8811430303627406,3.8603247707637514
2023-02-24,0.934516428,1.449132811,0.46345692,2.540875824,7.208333333,8.428376244,19.52665397,5.34835,2.479,0.052,2.874,0.096,47.6730769230769,5.3879819829999995,0.6598573872391988,0.8957340072060098,0.38080139043366407,1.2643741044549979,1.854418409904205,2.243723891362896,0.050693114315518116,0.0916671885258238,1.8481949366199986,3.885126041963696
2023-02-25,0.543715456,1.479991818,0.568884164,1.669699253,7.026666667,8.191707389,19.17887508,5.1357,2.391,0.046,2.808,0.09,51.9782608695652,4.2622906910000005,0.43419214446362675,0.9082552609779001,0.45036464310961083,0.9819658267420303,1.6605664245357958,2.2183017068152235,0.044973365642731154,0.08617769624105233,1.8141241710835327,3.969881657136111
2023-02-26,0.35603832,1.522155818,0.58474814,1.850624732,7.01,9.761956136,19.06043189,4.92305,2.473,0.046,3.056,0.0945,53.7608695652174,4.31356701,0.3045674487059299,0.9251140191393604,0.46042549249474857,1.0475381744693528,1.6702633630242634,2.376017335236584,0.044973365642731154,0.09029763798078058,1.7788515189272711,4.0029758798635156
2023-02-27,0.28489448,1.712296061,0.598353074,2.427303277,7.08,9.957036643,19.08082002,4.7104,2.393,0.04,2.799,0.099,59.825,5.0228468920000005,0.25067659824390226,0.9977955311552602,0.46897377037308624,1.2317737353293954,1.7955600531839353,2.3939818656724787,0.039220713153281295,0.09440067542148432,1.7422890737537589,4.1080008886695865
2023-02-28,0.926900775,2.136640424,0.780646056,4.057618526,7.21,9.715064939,19.66071992,4.49775,2.408,0.043,2.945,0.12,56.0,7.901805781,0.6559128961500641,1.1431522984754763,0.5769762512615453,1.6208957254747218,2.1862541528989072,2.3716506894764704,0.042101176018635396,0.11332868530700317,1.7043389176288202,4.04305126783455
2023-03-01,1.054328124,1.785821879,0.690817802,3.177406366,7.155,8.778299599,19.80852471,4.2851,2.443,0.049,2.848,0.104,49.8571428571429,6.708374170999999,0.7199488475307512,1.0245429389992993,0.5252123183988608,1.429690567352315,2.042307292575805,2.2801656037975073,0.04783732941416013,0.09893994785490356,1.6648915406190672,3.929020581796718
2023-03-02,0.826462576,1.375552585,0.483399116,1.927638367,7.108333333,7.671676777,19.48726199,4.07245,2.4,0.04,2.71,0.075,60.0,4.613052644000001,0.602381077582571,0.8652300777921711,0.3943361543918702,1.0741960799330061,1.7250947148578228,2.1600621719777635,0.039220713153281295,0.07232066157962612,1.623823935596802,4.110873864173311
2023-03-03,0.414062253,1.298491698,0.661525804,1.434982444,6.978333333,7.948384276,19.41041821,3.8598,2.287,0.034,2.674,0.079,67.2647058823529,3.8090621990000004,0.3464665926721602,0.8322531243368048,0.5077363392366028,0.8899395466522991,1.5705020960858702,2.1914729881684263,0.03343477608623739,0.07603468627599762,1.5809972848022502,4.223392881658275
2023-03-04,0.432847362,1.288884583,0.69483432,1.46936319,6.995,7.738874313,19.72260433,3.64715,2.391,0.034,2.653,0.073,70.3235294117647,3.8859294550000003,0.3596636267735977,0.8280646172439543,0.5275849897422471,0.9039602995853946,1.586359534540568,2.167781384232792,0.03343477608623739,0.07045846364856141,1.5362541284714952,4.267226278755422
2023-03-05,0.346570236,1.221751441,0.677585084,1.396486714,6.943333333,8.607437537,19.66713497,3.4345,2.313,0.035,2.734,0.077,66.0857142857143,3.642393475,0.29756079381035727,0.7982958222240621,0.517355309292798,0.8740037956839672,1.5352300683702684,2.262537541952511,0.0344014267173324,0.07417939817425151,1.4894148698343699,4.205971119458574
2023-03-06,0.242296904,1.191563963,0.636782935,1.364283266,6.9,9.694656943,19.65216744,3.22185,2.274,0.034,2.599,0.073,66.8823529411765,3.4349270680000004,0.2169620080827346,0.7846154273091149,0.4927326903299861,0.8604749172385215,1.489511170981458,2.3697442656290737,0.03343477608623739,0.07045846364856141,1.440273420609294,4.217776103011829
2023-03-07,0.287621349,1.397974808,0.528992222,2.018635964,6.95,10.93478129,19.80749526,3.0092,2.198,0.034,2.534,0.072,64.6470588235294,4.233224343,0.25279660076483185,0.8746245511289559,0.424608839949029,1.1048050618045973,1.6550275972909407,2.4794569345286264,0.03343477608623739,0.06952606264861023,1.388591720168574,4.18429279888504
2023-03-08,0.238734609,1.300169288,0.278209531,2.042898935,6.928333333,11.67089434,20.0088588,2.79655,2.192,0.029,2.509,0.075,75.5862068965517,3.860012363,0.2140903819632801,0.8329827237047618,0.24546029478580922,1.112810658072791,1.5810409817363273,2.5393075790557784,0.028587456851912555,0.07232066157962612,1.3340927596094503,4.338416993907953
2023-03-09,0.205066978,1.232797106,0.237902182,1.924074486,6.976666667,11.77549231,20.32644082,2.5839,2.112,0.028,2.434,0.072,75.4285714285714,3.5998407520000004,0.18653514880040786,0.8032551071087162,0.21341815821664775,1.0729780155712831,1.5260216837653586,2.547528672333539,0.027615167032973367,0.06952606264861023,1.2764515929377076,4.336356597840693
2023-03-10,0.123472511,1.157705206,0.246004753,1.810732198,7.005,12.46339736,20.56807839,2.37125,2.059,0.02,2.515,0.071,102.95,3.337914668,0.11642434505419816,0.7690452523146134,0.21994223496472737,1.0334450180868051,1.4673937413951652,2.599974696528486,0.019802627296179712,0.06859279146561172,1.2152835954718026,4.643910014304022
2023-03-11,0.081517471,1.07269233,0.227466074,1.786600441,7.006666667,12.59714964,20.879357,2.1586,2.045,0.02,2.455,0.061,102.25,3.168276316,0.07836512069565937,0.7288484046865878,0.20495194201538833,1.0248223729547163,1.427502596879394,2.6098601854818217,0.019802627296179712,0.05921185963184609,1.150128891453817,4.637153231841142
2023-03-12,0.147534554,1.019182404,0.148353979,1.963688475,7.028333333,12.42921833,21.34751115,1.94595,2.038,0.028,2.419,0.067,72.7857142857143,3.278759412,0.13761577491749408,0.7026926789844731,0.13832959444576473,1.086434599008659,1.4536631105676971,2.5974328055650227,0.027615167032973367,0.06485097231961633,1.0804313457307613,4.301165139504381
2023-03-13,0.082374969,0.889438964,0.200249152,1.664913651,7.148333333,12.15970036,20.99538871,1.7333,1.922,0.003,2.459,0.07,640.666666666667,2.836976736,0.07915767214510719,0.6362799405600735,0.182529161909188,0.9801716559671765,1.344684748176328,2.577159156640993,0.002995508979798479,0.06765864847381481,1.0055096704057853,6.464068958053775
2023-03-14,0.036238345,0.907460998,0.215591957,1.628083861,7.03,13.06582092,20.89471502,1.52065,2.011,0.01,2.571,0.056,201.1,2.787375161,0.03559718011822987,0.6457730373095101,0.19523116555292583,0.966255010691619,1.3316732095001895,2.64374780639571,0.009950330853168083,0.05448818528406973,0.9245168047713666,5.308762624409575
2023-03-15,0.118685186,0.879259955,0.12942211,1.609855601,6.981666667,14.55797987,21.31740727,1.308,2.011,0.024,2.465,0.065,83.7916666666667,2.737222852,0.11215405462699563,0.6308780583874714,0.12170609483140153,0.9592948945167455,1.3183427826562752,2.744573681915639,0.023716526617316044,0.06297479916138844,0.8363813486458531,4.44019726752875
2023-03-16,0.172079794,0.838301638,0.068613624,1.576870694,6.973333333,15.76045672,21.37341237,1.09535,2.084,0.018,2.588,0.062,115.777777777778,2.65586575,0.158779772454984,0.6088421225469274,0.06636212985198861,0.9465757534613809,1.2963329324581723,2.819022345279305,0.017839918128331,0.06015392281974709,0.7397206038595325,4.760272793540734
2023-03-17,0.24798097,1.044405372,0.046203959,2.139193515,6.93,19.9239281,21.82204187,0.8827,2.233,0.036,2.635,0.066,62.0277777777778,3.477783816,0.22152702143354203,0.715106975574354,0.04516833611850025,1.1439659245738272,1.499128240101861,3.040893389257001,0.03536714383729131,0.0639133257436528,0.6327069167485291,4.143575546323732
2023-03-18,0.235714717,1.091082939,0.069115834,2.303810549,6.916666667,20.0261929,21.10810816,0.67005,2.213,0.026,2.627,0.073,85.1153846153846,3.6997240390000004,0.21164952090575476,0.7376820844135774,0.0668319835159868,1.195076514123696,1.5475037918858308,3.0457689414671147,0.025667746748577788,0.07045846364856141,0.5128535661002278,4.455688078577273
2023-03-19,0.161837931,0.965896149,0.065941436,1.928778714,6.88,20.2355246,21.01110214,0.4574,2.2205,0.031,2.588,0.077,71.6290322580645,3.1224542299999998,0.15000317451984713,0.6759481968302733,0.06385838614819693,1.0745855149744794,1.4164486729036285,3.055675467957376,0.03052920503482287,0.07417939817425151,0.3766540262540447,4.28536473525648
2023-03-20,0.407826744,0.922345162,0.089891814,1.582402747,6.871666667,20.72083161,21.22483031,0.24475,2.228,0.017,2.751,0.074,131.058823529412,3.002466467,0.34204719902807484,0.6535458792321718,0.08607843810411726,0.9487202628320842,1.3869107878398954,3.0782717820860004,0.016857117066422903,0.07138999608667293,0.21893470654015504,4.883247456120141
2023-03-21,0.10164064,0.925049463,0.085748609,1.582071406,6.874,19.80040112,22.33440311,0.0321,2.348,0.035,2.7,0.083,67.0857142857143,2.694510118,0.09680055954557709,0.65495166247457,0.08226971128990586,0.9485919473480142,1.3068479659083991,3.034972271136711,0.0344014267173324,0.07973496801885356,0.03159556158975056,4.220767415609329
2023-03-22,0.506047541,0.808150065,0.288847613,1.365833929,6.886666667,17.70190685,23.43294612,1.66642,2.184,0.034,2.661,0.087,64.2352941176471,2.968879148,0.40948869660853526,0.5923042590787267,0.2537484958667559,0.8611305724756431,1.378483724357757,2.928625489250129,0.03343477608623739,0.08342160813907239,0.9807367487333374,4.178000643294151
2023-03-23,2.692480144,0.271965754,0.222118696,2.088486321,6.863333333,16.0232839,23.32024076,3.30074,2.257,0.048,2.695,0.085,47.0208333333333,5.275050915,1.3062983580223453,0.24056354159952628,0.2005859886018991,1.127681107133162,1.8365815989291527,2.834582048129776,0.046883585898850416,0.08157998699242289,1.4587871009164668,3.871634944522857
2023-03-24,1.949776572,0.713404798,0.218925226352941,3.786340983,6.845,16.86853099,22.35703067,4.93506,2.272,0.051,2.546,0.078,44.5490196078431,6.668447579352941,1.0817294291783535,0.5384825008240305,0.1979695084642975,1.5657662328739277,2.037114193244287,2.883041120420158,0.04974209189481407,0.07510747248680541,1.7808771375303283,3.8187891000460827
2023-03-25,1.331683178,2.88185707,0.215731756705882,2.190622802,6.86,51.20987374,21.06741684,6.56938,2.6395,0.043,2.507,0.052,61.3837209302326,6.619894806705882,0.8465904007680792,1.356313665418815,0.19534616439511868,1.1602161334774141,2.030762564709025,3.9552716291088683,0.042101176018635396,0.050693114315518116,2.0241111618494787,4.133304358811292
2023-03-26,2.578497843,3.246796806,0.212538287058824,2.182911806,6.81,52.88550936,19.71396631,8.2037,3.007,0.038,2.53,0.046,79.1315789473684,8.220744742058823,1.2749431154298112,1.4461650060613025,0.19271592028669077,1.1577964400932783,2.2214558089331784,3.986861598727511,0.037295784743696894,0.044973365642731154,2.2196055771177865,4.383670020417611
2023-03-27,2.063013499,3.611736542,0.209344817411765,2.615887658,6.851666667,54.56114498,19.02375861,10.2462,3.09,0.053,2.5,0.065,58.3018867924528,8.499982516411766,1.1193992349581323,1.5286044763172129,0.19007873974567166,1.2853373740163354,2.2512899582270927,4.017484125665162,0.05164323315183845,0.06297479916138844,2.4200302938128884,4.082641123245446
2023-03-28,1.738022303,2.672773552,0.206151347764706,2.74047596,6.671666667,56.23678059,19.01067071,3.4296,3.11485714285714,0.041,3.314,0.0925,75.9721254355401,7.3574231627647055,1.007235872559889,1.3009471128814238,0.18743458609003247,1.3192128653614006,2.123150145463656,4.047196709046396,0.04018178963283184,0.08846864798760816,1.4883092865266205,4.343443348982564
2023-03-29,1.372830019,1.93726876,0.202957878117647,2.534658361,6.623333333,57.91241621,18.75585067,9.9991,3.13971428571429,0.014,3.251,0.12,224.265306122449,6.047715018117647,0.8640833436195481,1.0774801563716956,0.18478342234599263,1.2626166499822384,1.9527034533835876,4.076051869970034,0.013902905168991422,0.11332868530700317,2.397813451269262,5.41727884588882
2023-03-30,1.172588174,1.776002315,0.199764408470588,2.305273407,6.59,52.25901853,18.64009192,3.3302,3.16457142857143,0.06,3.384,0.13,52.7428571428571,5.4536283044705876,0.7759191637549773,1.021011876577928,0.1821252112449188,1.195519195146854,1.8646425004731115,3.9751671523151266,0.05826890812397577,0.12221763272424921,1.4656137303241454,3.9842107678116156
2023-03-31,0.968346151,1.542342543,0.196570938823529,2.110540312,6.573333333,45.07430552,18.48497041,2.3018,3.18942857142857,0.07,3.472,0.108,45.5632653061224,4.817799944823529,0.6771936728990481,0.9330859170326697,0.17945991522018143,1.1347964448632384,1.7609221739238083,3.8302554306262304,0.06765864847381481,0.10255658832509207,1.194467774311631,3.8408119321093492
2023-04-01,0.713959739,1.26780387,0.193377469176471,1.78147168,6.551666667,34.04723527,18.91891675,0.72,3.21428571428571,0.06,2.923,0.082,53.5714285714286,3.9566127581764707,0.5388063304014558,0.8188119050538377,0.17678749640396976,1.0229801689246645,1.600722595788483,3.556696730768869,0.05826890812397577,0.07881118042428978,0.5423242908253617,3.9995104595512623
2023-04-02,0.683174022,1.108105958,0.190183999529412,1.639979648,6.463333333,28.03476009,19.47085543,0.36535,3.23914285714286,0.077,3.076,0.087,42.0667903525046,3.6214436275294117,0.5206813097444343,0.7457898941217702,0.17410791662406058,0.9707712080376005,1.5307071297751884,3.368493736003584,0.07417939817425151,0.08342160813907239,0.31141080602584176,3.762752174638449
2023-04-03,0.759859951,1.026878793,0.186990529882353,1.708476868,6.508333333,25.1852402,19.81655737,0.0107,3.264,0.063,3.286,0.109,51.8095238095238,3.682206141882353,0.5652342325884832,0.7064970694313792,0.17142113740055168,0.9963864355587627,1.543769396694609,3.2651959008801357,0.06109509935981088,0.10345870836822998,0.010643160098479827,3.966691549626944
2023-04-04,0.677360232,1.007332756,0.183797060235294,1.605439238,6.49,21.58841684,19.97778991,6.1263,3.281,0.085,2.343,0.076,38.6,3.473929286235294,0.5172212671674231,0.6968068537793021,0.16872711994254283,0.9576012744273832,1.498267057452483,3.117437245686713,0.08157998699242289,0.07325046173959267,1.963792165651968,3.6788291182604347
2023-04-05,1.834647974,1.588365657,0.180603590588235,1.188205436,6.538333333,25.5057016728571,19.60563651,12.2419,2.919,0.065,2.394,0.067,44.9076923076923,4.791822657588234,1.041917758041234,0.9510266560709191,0.1660258251447763,0.7830817722910834,1.7564470361043405,3.2773598673154343,0.06297479916138844,0.06485097231961633,2.5833860447447936,3.8266326914280144
2023-04-06,4.089307685,2.169398557,0.177410120941176,0.228615697,6.44,29.4229865057143,19.3950137,18.3575,2.684,0.079,2.586,0.101,33.9746835443038,6.664732059941176,1.6271418065768144,1.1535418402352449,0.16331721358423082,0.20588808599685637,2.0366295554102707,3.4151984577424783,0.07603468627599762,0.09621885774054292,2.9630799412787416,3.5546244724563953
2023-04-07,2.239713614,2.750431458,0.174216651294118,1.807831515,6.555,33.3402713385714,19.56278312,15.3445833333333,2.318,0.064,2.416,0.108,36.21875,6.972193238294118,1.1754849351568055,1.3218708888306137,0.16060124551667052,1.0324124825827592,2.075959641682227,3.536318756969021,0.06203539091945264,0.10255658832509207,2.793896547855732,3.6168126665555738
2023-04-08,1.720671773,3.331464358,0.171023181647059,2.489018075,6.57,37.2575561714286,19.78207088,12.3316666666667,2.024,0.021,2.2,0.09,96.3809523809524,7.71217738764706,1.0008788251821576,1.465905673755967,0.15787788087314206,1.2496203427587158,2.1647217467235387,3.644341087728166,0.020782539182528502,0.08617769624105233,2.590142157632678,4.578630630753479
2023-04-09,1.42198521,2.772976667,0.167829712,2.47899406,6.553333333,41.1748410042857,20.20340352,9.31875,2.836,0.044,2.334,0.068,64.4545454545455,6.841785649,0.8845875385887214,1.3278642567594996,0.15514707925643312,1.2467431887811673,2.059466569780678,3.741823858520615,0.04305948946044697,0.0657877405380031,2.333962628686301,4.181355939211731
2023-04-10,1.2250155,2.417534004,0.164636242352941,2.419788092,6.476666667,45.0921258371429,20.55138406,6.30583333333334,2.459,0.05,2.402,0.052,49.18,6.226973838352942,0.7997638818860738,1.2289192395298907,0.15240879993747333,1.229578587751318,1.9778203923071522,3.8306421292778445,0.048790164169432,0.050693114315518116,1.9886731158124948,3.9156165409382764
2023-04-11,0.864857845,1.774234809,0.161442772705882,2.129563924,6.451666667,49.00941067,21.10595955,3.29291666666667,2.674,0.065,2.263,0.057,41.1384615384615,4.930099350705882,0.6231848276705877,1.0203749646693874,0.14966300185169024,1.1408936734401824,1.7800409667825912,3.912211201118226,0.06297479916138844,0.055434706888100586,1.4569663776090318,3.74096089936744
2023-04-12,0.565952503,1.409032098,0.158249303058824,1.82075445,6.49,36.75127502,21.02857259,0.28,2.363,0.057,2.368,0.068,41.4561403508772,3.953988354058824,0.44849426696815803,0.8792250477448812,0.1469096435953151,1.0370043846297854,1.6001929802486645,3.6310192504888974,0.055434706888100586,0.0657877405380031,0.2468600779315258,3.748471551316182
2023-04-13,0.505674502,1.243142144,0.155055833411765,1.847250729,6.515,29.40873701,21.71458229,0.34145,2.486,0.041,2.176,0.125,60.6341463414634,3.751123208411765,0.4092409718872086,0.807877625799416,0.14414868342163364,1.046353872208817,1.5583810550219177,3.4147299687649717,0.04018178963283184,0.11778303565638346,0.29375111847816276,4.121216040683886
2023-04-14,0.666474764,1.120988961,0.151862363764706,2.009257762,6.456666667,24.22578557,22.47374202,0.4029,2.423,0.017,2.21,0.059,142.529411764706,3.948583850764706,0.5107104755366878,0.7518824709485392,0.14138007923719306,1.1016934576546247,1.5991014448942271,3.2278667082720984,0.016857117066422903,0.05732506661926941,0.33854152274258953,4.966539974231032
2023-04-15,1.046616289,1.105455208,0.148668894117647,2.939331912,6.448333333,23.39879925,23.24199913,0.0668,2.36,0.052,2.195,0.042,45.3846153846154,5.240072303117646,0.7161878386928857,0.744531694586858,0.13860378859794795,1.3710111434497572,1.8309917693522915,3.1945339200226783,0.050693114315518116,0.04114194333117518,0.06466351332572215,3.836967839265649
2023-04-16,1.209732789,1.020653243,0.145475424470588,3.13368862,6.44,20.88773631,23.67351506,4.23286666666667,2.46,0.09,2.271,0.054,27.3333333333333,5.509550076470588,0.7928715982647125,0.7034208467583687,0.13581976870535714,1.4191701367004503,1.8732703411547578,3.0859264941270745,0.08617769624105233,0.05259245011917058,1.6549592477355741,3.3440389678222058
2023-04-17,2.690134556,0.772153007,0.142281954823529,5.147189824,6.48,19.21917956,24.48091352,8.39893333333333,2.129,0.06,2.342,0.044,35.4833333333333,8.75175934182353,1.3056629224282528,0.5721951955206587,0.13302797640242478,1.8159950382029115,2.277447714046692,3.0066316371014548,0.05826890812397577,0.04305948946044697,2.240596207659858,3.596855535300761
2023-04-18,2.477803031,1.056284496,0.139088485176471,5.275001135,6.483333333,28.28748516,24.21683467,12.565,2.134,0.064,2.581,0.127,33.34375,8.948177147176471,1.2464007814934293,0.7209007115610393,0.13022836816968716,1.8365736658943252,2.2973893330982986,3.3771602971329746,0.06203539091945264,0.11955923505763925,2.607492946110895,3.5364200516038946
2023-04-19,2.095809902,1.579993177,0.135895015529412,3.351903622,6.406666667,47.60777925,23.77361534,7.39485,1.965,0.055,2.392,0.063,35.7272727272727,7.163601716529412,1.1300495526795615,0.9477867543563857,0.12742090012113877,1.4706133636282752,2.0996854584230884,3.883783584969541,0.05354076692802982,0.06109509935981088,2.127618422591434,3.603519605162779
2023-04-20,1.629492823,1.316413373,0.132701545882353,2.54301672,6.415,41.02992726,23.50839448,2.2247,2.112,0.054,2.038,0.045,39.1111111111111,5.621624461882353,0.9667909846272982,0.8400200295353576,0.12460552800010964,1.2649785450367494,1.8903407268377455,3.7383819183469575,0.05259245011917058,0.04401688541677433,1.1708399226649904,3.6916533809966614
2023-04-21,1.393289303,1.217082594,0.129508076235294,2.462032658,6.398333333,38.93577453,23.33121271,0.1096,2.067,0.042,2.1095,0.0475,49.2142857142857,5.201912631235294,0.872668697147586,0.7961921847891247,0.12178220717507583,1.2418558899850878,1.8248577333870444,3.6872725269477717,0.04114194333117518,0.046406372814155744,0.10399959001848477,3.916299562195406
2023-04-22,0.98847033,1.251427779,0.126314606588235,2.268330266,6.345,36.84345832,23.27417462,2.1844,2.101,0.053,2.181,0.05,39.6415094339623,4.634542981588234,0.6873656647597233,0.8115645834073527,0.11895089263541503,1.1842792324789946,1.7289160406690827,3.6334581332422426,0.05164323315183845,0.048790164169432,1.1582638882322862,3.704789944164213
2023-04-23,0.985064369,1.173787055,0.123121136941176,2.419218222,6.36,32.02193552,23.21908859,4.2592,2.065,0.052,2.2525,0.0525,39.7115384615385,4.701190782941175,0.6856513413211955,0.7764708331195579,0.1161115389871009,1.2294119348853447,1.7406750623099234,3.497172053370099,0.050693114315518116,0.05116828657439943,1.659978923927818,3.706511552553439
2023-04-24,1.067637477,1.14487259,0.119927667294118,2.542476631,6.393333333,30.37182637,23.03816687,5.856,2.82,0.088,2.324,0.055,32.0454545454545,4.874914365294118,0.7264066400218679,0.7630801520144149,0.11326410044833717,1.2648260958072348,1.77069148380384,3.4459102407819997,0.08434114843375087,0.05354076692802982,1.9251241812954787,3.497884024175202
2023-04-25,1.324407793,1.062711068,0.116734197647059,3.099699703,6.428333333,24.43613183,23.06123762,5.761,1.917,0.043,2.376,0.065,44.5813953488372,5.603552761647059,0.8434652939063614,0.7240211699907277,0.11040853084512471,1.4109137278571187,1.887607801421655,3.2361706762034936,0.042101176018635396,0.06297479916138844,1.9111708081085408,3.8194996365310003
2023-04-26,0.641633184,1.457625262,0.113540728,2.067673491,6.39,25.0335353,22.61630777,0.0668,1.918,0.041,2.145,0.05,46.780487804878,4.280472665,0.4956915902149559,0.8991955430525007,0.10754478360677433,1.1209194537868095,1.6640156135978676,3.259385526149998,0.04018178963283184,0.048790164169432,0.06466351332572215,3.8666173512402318
2023-04-27,0.278145482,1.745687828,0.192527357,1.418415965,6.431666667,26.62559248,23.23442559,0.1336,1.945,0.033,2.27,0.06,58.9393939393939,3.634776632,0.2454101851573048,1.0100316184362443,0.1760748843977244,0.8831127659333692,1.533588006270806,3.318742606847747,0.032467190137501496,0.05826890812397577,0.12539840939433364,4.093333950716176
2023-04-28,1.314505781,1.854837925,0.208980429,3.160199464,6.468333333,21.14523087,23.71880308,0.2004,1.934,0.038,2.144,0.037,50.8947368421053,6.538523599,0.8391961792177604,1.0490150726699428,0.18977738374315434,1.4255630212006227,2.0200263536955565,3.0976221626990066,0.037295784743696894,0.03633192924739028,0.18265483458407497,3.949217375436196
2023-04-29,3.252658339,2.636152829,0.315451543,8.067171995,6.583333333,17.83266217,24.63208579,20.6983,1.895,0.046,2.268,0.052,41.195652173913,14.271434706,1.4475442789274446,1.2909262076101229,0.27417998539597627,2.204660417823366,2.7259840706781313,2.9355927118581224,0.044973365642731154,0.050693114315518116,3.0772339164637716,3.742317186679914
2023-04-30,3.149905732,3.161291092,0.725397856,5.920182144,6.696666667,16.69072432,24.18969253,17.2782,1.886,0.048,2.352,0.055,39.2916666666667,12.956776823999999,1.4230856188038905,1.4258253847757336,0.5454576650491602,1.9344420906704598,2.635965184142876,2.8730404525002244,0.046883585898850416,0.05354076692802982,2.9057090929063505,3.6961446651053493
2023-05-01,1.638094025,1.908388197,0.177391952,3.773192292,6.626,18.7858913,24.2532052,13.8581,1.912,0.035,2.339,0.085,54.6285714285714,7.497066466,0.9700566961921643,1.0675990435404468,0.1633017821886285,1.563015324662483,2.1397209822810304,2.9849691231024567,0.0344014267173324,0.08157998699242289,2.6985451710879054,4.0186969438827855
2023-05-02,4.192205481,1.585000311,0.06145502,5.453591956,6.601666667,17.34455943,24.73457992,10.438,1.913,0.016,2.309,0.061,119.5625,11.292252768,1.6471585550824517,0.949725628269863,0.05964062726431253,1.864636868203753,2.5089692076754235,2.909333041710739,0.01587334915629015,0.05921185963184609,2.4369411454931247,4.7921682906659475
2023-05-03,5.529418805,0.755799463,0.001129032,3.549763248,6.686666667,15.8069952,25.15516413,7.0179,2.103,0.051,2.383,0.067,41.2352941176471,9.836110547999999,1.87631793549878,0.5629242876664344,0.0011283951226963172,1.5150751982024808,2.382884126090337,2.821795180699101,0.04974209189481407,0.06485097231961633,2.081676542204401,3.743256224992009
2023-05-04,6.263256831,0.83305642,0.013037328,4.6637456,6.698,15.27463706,25.81973848,3.5978,2.023,0.045,2.245,0.058,44.9555555555556,11.773096179,1.9828283275574106,0.605984748525713,0.01295307355111478,1.734085440128461,2.54734109789998,2.7896078873851446,0.04401688541677433,0.05638033343610764,1.5255779282222766,3.8276747458580007
2023-05-05,6.838082442,0.641653535,0.001333333,7.120598345,6.968333333,14.02354283,26.61291683,0.1777,2.026,0.0485,2.362,0.071,41.7731958762887,14.601667655,2.0589942179665734,0.4957039869391789,0.0013324449008891388,2.0944038392666555,2.7473778095035293,2.709618492689827,0.04736057135983759,0.06859279146561172,0.16356338386536573,3.7559116418294862
2023-05-06,7.412908053,0.427003582,0.002599238,4.605544528,6.82,12.74448502,26.9625639,3.81155,2.029,0.052,2.334,0.079,39.0192307692308,12.448055401000001,2.1297671993516962,0.3555768486527262,0.0025958658230393976,1.7237562022067558,2.598834515743873,2.620637654200145,0.050693114315518116,0.07603468627599762,1.571019277530043,3.689360107812208
2023-05-07,4.079103718,1.16298038842857,0.0024023196923076,1.046639232,6.585,16.5220895,25.22687976,7.4454,1.931,0.034,2.083,0.046,56.7941176470588,6.291125658120878,1.6251348125596088,0.7714870800914312,0.0023994387354193784,0.7161990488408388,1.986657945365241,2.863462342095526,0.03343477608623739,0.044973365642731154,2.1336219144429767,4.0568869996872
2023-05-08,2.259337649,1.89895719485714,0.0022054013846153,0.851293666,6.463333333,20.29969398,23.78805288,3.3301,1.846,0.039,2.189,0.078,47.3333333333333,5.011793911241756,1.1815239995823743,1.0643510843448711,0.00220297305661823,0.6158846736275697,1.7937231917359306,3.058692705476021,0.038258712117090345,0.07510747248680541,1.465590636435942,3.878121453752464
2023-05-09,1.958187963,2.63493400128571,0.002008483076923,1.209245625,6.534,24.07729846,23.57373293,0.0167,1.728,0.029,2.721,0.11,59.5862068965517,5.804376072362634,1.084576906218391,1.2905909543655518,0.0020064687714691884,0.792651111103956,1.917565945252286,3.2219629930569362,0.028587456851912555,0.10436001532424277,0.016562088298978293,4.104067258200622
2023-05-10,2.447928764,3.37091080771429,0.0018115647692307,0.483724692,6.588333333,27.85490294,23.65422465,1.6946,2.11,0.054,2.607,0.092,39.0740740740741,6.30437582848352,1.2377736924952165,1.4749714102083962,0.0018099258647966457,0.3945556100144693,1.988473597128195,3.362279924442145,0.05259245011917058,0.0880108773227133,0.9912497703396104,3.6907295934020983
2023-05-11,2.705977226,4.10688761414286,0.0016146464615384,0.274422581,6.583333333,31.63250742,23.62084733,0.0809,2.502,0.033,2.671,0.139,75.8181818181818,7.088902067604398,1.3099469826742918,1.6305901411854298,0.0016133443214160442,0.24249319838327704,2.0904930071019012,3.4853089516614606,0.032467190137501496,0.1301506844650451,0.07779402744002019,4.341441354558803
2023-05-12,2.359812144,4.84286442057143,0.0014177281538461,0.546940063,6.488333333,35.4101119,23.51551492,0.3181,2.398,0.024,2.062,0.072,99.9166666666667,7.751034355725276,1.2118850628883078,1.7652211595672394,0.0014167241261338701,0.4362788268196749,2.169171905465914,3.5948465355141215,0.023716526617316044,0.06952606264861023,0.276191305736283,4.614295093765092
2023-05-13,1.775120726,5.578841227,0.0012208098461538,1.348833198,6.491666667,39.18771638,23.80711281,0.346875,2.396,0.032,2.04,0.026,74.875,8.704015960846153,1.0206942511169534,1.8838586245097144,0.001220065263747645,0.8539186933640605,2.2725398164101978,3.6935613862446184,0.03149866705937099,0.025667746748577788,0.2977870943099755,4.329087249379662
2023-05-14,1.288213489,3.493237277,0.0010238915384615,1.972228014,6.523333333,42.96532086,23.96705113,0.37565,2.149,0.029,2.301,0.04,74.1034482758621,6.754702671538461,0.8277713772939894,1.5025734390652936,0.00102336771904592,1.0893118446394114,2.048299455666348,3.783401160882351,0.028587456851912555,0.039220713153281295,0.3189263466909258,4.318866473506432
2023-05-15,1.01232576,2.382990728,0.0008269732307692,1.826585829,6.545,46.74292534,24.78155252,0.404425,1.901,0.021,2.268,0.068,90.5238095238095,5.222729290230769,0.699291147680426,1.2187601490321787,0.0008266314768082683,1.0390695624956328,1.828208603151352,3.865830895531052,0.020782539182528502,0.0657877405380031,0.3396279663499411,4.5165991518068145
2023-05-16,1.021728115,1.676040633,0.0006300549230769,1.800283758,6.541666667,50.52052982,25.09959207,0.4332,1.901,0.022,1.692,0.032,86.4090909090909,4.4986825609230765,0.7039526481546942,0.984338326380897,0.0006298565218052778,1.0297207541892472,1.7045085291678617,3.9419803655165127,0.02176149178151269,0.03149866705937099,0.35990970644866166,4.470599292230464
2023-05-17,0.86134851,1.504895727,0.0004331366153846,1.656245077,6.578333333,45.01046611,25.21426275,2.3948,1.979,0.044,2.247,0.055,44.9772727272727,4.0229224506153844,0.6213012304120159,0.9182471077223405,0.0004330428387985448,0.9769135003241665,1.6140119257905519,3.8288688947398404,0.04305948946044697,0.05354076692802982,1.2222448491133848,3.828147203249484
2023-05-18,1.161106265,1.390504207,0.0002362183076923,2.061668492,6.58,38.79572902,25.53689076,3.3211,1.753,0.032,2.112,0.049,54.78125,4.613515182307692,0.7706202503092692,0.871504308965342,0.00023619041254066604,1.1189600261882409,1.72517711551938,3.6837595954768725,0.03149866705937099,0.04783732941416013,1.4635099994730263,4.021437791414013
2023-05-19,0.966014303,1.344617185,3.93e-05,1.678253746,6.585,37.30558549,25.72528282,1.9873,1.966,0.045,2.193,0.048,43.6888888888889,3.9889245339999997,0.6760082968765372,0.8521221412371914,3.929922777523222e-05,0.98516499483406,1.6072203622862418,3.6455957208017162,0.04401688541677433,0.046883585898850416,1.0943699694099775,3.7997249000023325
2023-05-20,0.791292096,1.338553179,0.014928973,1.507710678,6.603333333,31.0844905,25.70033699,22.5303,2.045,0.045,1.976,0.046,45.4444444444444,3.652484926,0.5829372007912903,0.8495324385709524,0.014818632705320899,0.9193702564671153,1.5374014695505138,3.4683727513818337,0.04401688541677433,0.044973365642731154,3.1582889523392526,3.838256855188536
2023-05-21,1.00631407,1.248934464,0.000670833,1.470658607,6.628333333,35.23274397,26.00343142,12.93295,1.622,0.02,1.805,0.022,81.1,3.7265779739999996,0.6962992425887634,0.8104565324903489,0.000670608092121186,0.9044847576072113,1.5532014679438817,3.589963239549396,0.019802627296179712,0.02176149178151269,2.6342565385224175,4.407938016458383
2023-05-22,0.559015024,1.277573593,0.000559716,1.392045292,6.46,37.51022852,26.26137597,3.3356,1.841,0.044,2.041,0.048,41.8409090909091,3.2291936249999997,0.44405422697596514,0.8231106626924892,0.0005595594174247961,0.8721487706917332,1.4420113424978165,3.6509238818523166,0.04305948946044697,0.046883585898850416,1.4668600089594577,3.7574934659638504
2023-05-23,0.469976003,1.740078841,0.000448599,1.647950484,6.623333333,44.85540557,25.7268717,0.0274,1.8,0.028,2.31,0.052,64.2857142857143,3.8584539270000002,0.3852460761676031,1.007986694073604,0.00044849840955065844,0.9737859385041556,1.5807202652843988,3.8254930885907017,0.027615167032973367,0.050693114315518116,0.02703133905103043,4.178773241838892
2023-05-24,0.31273835,2.172388773,0.000337482,1.961098112,6.533333333,47.09556883,25.53672193,0.0924166666666667,1.879,0.042,2.078,0.054,44.7380952380952,4.446562717,0.2721152989963578,1.1544848602597264,0.00033742506575899886,1.0855601833222837,1.6949847155755062,3.873190048751604,0.04114194333117518,0.05259245011917058,0.0883923674276719,3.8229315444851877
2023-05-25,0.290934514,2.054790917,0.000226365,1.739762369,6.476666667,41.73820487,26.19047038,0.157433333333333,1.865,0.027,2.114,0.054,69.0740740740741,4.085714165,0.2553663855585833,1.1167111506742606,0.0002263393833091294,1.0078711899966704,1.626435465066716,3.7550932478390635,0.026641930946421175,0.05259245011917058,0.1462049099272049,4.249552883607495
2023-05-26,0.250675789,2.016927216,0.000115248,1.740999535,6.502,36.25141936,26.75235689,0.22245,1.843,0.035,2.186,0.046,52.6571428571429,4.008717788,0.22368403642581347,1.1042388352588075,0.00011524135945944912,1.00832264767452,1.611179951802042,3.617690047723805,0.0344014267173324,0.044973365642731154,0.20085704173496957,3.9826145982787953
2023-05-27,0.421335401,2.183619235,0.058466073,2.164608271,6.55,30.17193741,27.4147742,0.287466666666667,1.814,0.043,2.057,0.061,42.1860465116279,4.82802898,0.3515968529317114,1.158018673833554,0.056820759118786535,1.1520292788997855,1.7626788608669235,3.439518248087601,0.042101176018635396,0.05921185963184609,0.2526764632529659,3.7655174456591434
2023-05-28,1.388739185,2.119013645,0.192388073,2.431894218,6.7,25.19215819,28.16322702,0.352483333333333,1.808,0.029,2.008,0.043,62.3448275862069,6.1320351209999995,0.8707656890895692,1.137516812415712,0.17595808025581958,1.233112358889628,1.964596624413895,3.265460060240962,0.028587456851912555,0.042101176018635396,0.30194240880366896,4.1485932552286515
2023-05-29,2.546313461,2.284541677,0.20135932,2.874541094,6.626666667,24.60106726,28.99080131,0.4175,2.029,0.041,2.161,0.048,49.4878048780488,7.906755552,1.2659086022222583,1.1892271222636446,0.18345368236455656,1.3544272284373988,2.1868100395912577,3.2426340404602696,0.04018178963283184,0.046883585898850416,0.3488947566197701,3.921731819555107
2023-05-30,2.253390818,2.854673238,0.169889922,2.993979377,6.566666667,29.20427591,29.41948669,0.24085,1.876,0.03,2.317,0.05,62.5333333333333,8.271933355,1.1796977810680014,1.3492862402579717,0.15690966062282635,1.3847880714850498,2.2269919182419895,3.407983500782253,0.0295588022415444,0.048790164169432,0.2157966286511563,4.151564702551991
2023-05-31,3.10685413,3.682034243,0.459175626,4.768518794,6.598333333,23.08910403,30.2207808,0.0642,1.875,0.03,2.132,0.043,62.5,12.016582793000001,1.4126573169343624,1.5437326827967794,0.3778716365251764,1.7524153394192516,2.5662241440372866,3.181759623324076,0.0295588022415444,0.042101176018635396,0.06222334318013186,4.151039905898646
2023-06-01,2.786972255,4.243283947,0.648458064,5.522235445,6.53,19.27990819,30.45906752,0.3103,1.983,0.032,2.187,0.05,61.96875,13.200949711,1.3315668225130997,1.6569480094766,0.499840344322241,1.8752171768381953,2.653308843427115,3.0096306515924196,0.03149866705937099,0.048790164169432,0.27025611862840254,4.142638571581057
2023-06-02,2.403499671,3.122882393,0.417246768,3.484210516,6.565,17.95968238,30.98191127,12.2932,1.759,0.021,2.101,0.041,83.7619047619047,9.427839348,1.2248042172406668,1.4165525286999316,0.3487160937469292,1.50056245236836,2.3444790901221277,2.942314744576853,0.020782539182528502,0.04018178963283184,2.5872526262849553,4.4398462055627075
2023-06-03,1.053982082,3.912525232,0.549175726,5.064355297,6.426666667,18.35578548,30.39413038,24.2761,1.924,0.033,2.201,0.046,58.3030303030303,10.580038337,0.7197803880019099,1.5917881134671763,0.4377229998034553,1.8024282378176049,2.4492827827611308,2.9629913660012956,0.032467190137501496,0.044973365642731154,3.2298592852255856,4.082660405929596
2023-06-04,0.934680049,3.099068241,0.281577265,4.144577746,6.423333333,19.99068554,30.43565343,17.3642,1.786,0.027,2.082,0.042,66.1481481481482,8.459903301,0.6599419634560284,1.4107596895905001,0.24809155763029056,1.6379432951697255,2.2470621611299366,3.044078793613641,0.026641930946421175,0.04114194333117518,2.9104031172011187,4.206901344750523
2023-06-05,0.487969685,2.257390729,0.16293787,2.587215429,6.523333333,19.35765904,30.37996313,10.4523,1.7,0.027,2.181,0.043,62.962962962963,5.495513712999999,0.3974125632194971,1.1809264850183188,0.15094944992550482,1.2773762550126806,1.8711117406052977,3.0134572066828023,0.026641930946421175,0.042101176018635396,2.4381905831903414,4.15830421214235
2023-06-06,0.899894161,3.529044609,0.266439525,3.634351174,6.651666667,17.37277445,30.38136835,3.5404,1.821,0.035,2.042,0.047,52.0285714285714,8.329729469,0.6417981798839861,1.5105110141612506,0.23620943961563107,1.533496205184619,2.23320601861893,2.9108699193961316,0.0344014267173324,0.045928931888399804,1.5130151138990473,3.9708308518567317
2023-06-07,1.31080216,4.59449162,0.451713481,3.701114112,6.593333333,15.64870942,30.78704422,6.5437,1.75,0.024,1.906,0.062,72.9166666666667,10.058121372999999,0.8375947196657517,1.721782474364794,0.37274456979605747,1.5477995257316437,2.4031651238909544,2.8123327011099057,0.023716526617316044,0.06015392281974709,2.0207127778384253,4.302938332521579
2023-06-08,1.019688039,3.974096988,0.338584556,2.980280339,6.563333333,19.06376986,30.56319485,1.0996,1.378,0.011,1.705,0.079,125.272727272727,8.312649921999999,0.7029430633480112,1.6042438441858826,0.29161275419068544,1.3813522537504552,2.2313736825828014,2.99891569408967,0.010939940038334362,0.07603468627599762,0.7417468503960076,4.838444069955971
2023-06-09,0.464475861,2.817864902,0.10163538,2.769579209,6.532,22.04277113,30.48578474,3.91395,1.318,0.01,1.717,0.068,131.8,6.153555352,0.3814974043911883,1.3396913401830102,0.09679578483741318,1.326963379580562,1.9676094851450667,3.1373521033348473,0.009950330853168083,0.0657877405380031,1.5920780990370467,4.888844237042334
2023-06-10,0.498618538,2.15751395,0.003997936,1.907635109,6.505,33.81950557,29.24372545,6.7283,1.45,0.019,1.702,0.069,76.3157894736842,4.567765533,0.4045437090837609,1.149784993285006,0.00398996549053191,1.0673400734625822,1.7169938124112833,3.5501777346412955,0.018821754240587758,0.06672363204290818,2.044888916032521,4.347898197007437
2023-06-11,0.612841218,2.202398982,0.002015318,1.98236588,6.556666667,44.75253841,29.0782056,5.24253333333333,1.557,0.024,2.009,0.075,64.875,4.799621398,0.477997355363978,1.1639002108095913,0.0020132899709712636,1.0927169049930487,1.7577926392148928,3.823247274553914,0.023716526617316044,0.07232066157962612,1.8313860828985569,4.187759006861526
2023-06-12,0.679717228,2.613506165,3.27e-05,2.399869088,6.483333333,56.21069567,29.0929846,3.75676666666667,1.678,0.029,1.869,0.091,57.8620689655172,5.693125181,0.5186254625816611,1.2846785378415604,3.2699465366654974e-05,1.223736927351424,1.9010809072156765,4.04674086814358,0.028587456851912555,0.08709470685093376,1.5595681657250913,4.075196892807966
2023-06-13,0.708352853,3.017885609,0.000474138,3.188551544,6.486666667,51.8746502,29.45667213,2.271,1.808,0.053,2.287,0.14,34.1132075471698,6.915264144,0.5355296624374256,1.39075579635084,0.00047402563209567055,1.432354980612169,2.068793065359825,3.9679240217417218,0.05164323315183845,0.13102826240640408,1.1850957485562468,3.5585773430901284
2023-06-14,0.35401047,3.25184423,0.020209262,4.228957223,6.46,47.53860472,29.07795779,3.1292,1.942,0.06,2.141,0.098,32.3666666666667,7.855021185,0.30307090710420426,1.4473528252837113,0.020007765077515633,1.6542118744496397,2.1809846636655883,3.8823594549326947,0.05826890812397577,0.0934903430873389,1.418083683609298,3.5075573976530663
2023-06-15,0.412860229,2.669786754,0.046250691,3.290084796,6.53,36.9208171,28.97573755,2.8307,2.056,0.046,2.403,0.138,44.695652173913,6.4189824699999996,0.34561618090452545,1.300133555201196,0.04521300327533231,1.4563064987119474,2.004041914352461,3.635500225150447,0.044973365642731154,0.1292723357041392,1.3430475541166083,3.8220031549478004
2023-06-16,0.280489832,1.953478105,1.02e-05,1.8680872,6.468333333,34.17734029,28.48456742,7.3803,1.982,0.031,2.411,0.127,63.9354838709677,4.102065337,0.24724268597773147,1.0829834944991443,1.0199947980353735e-05,1.053645326738208,1.6296454257920707,3.560402133551994,0.03052920503482287,0.11955923505763925,2.125883713375877,4.173394221154645
2023-06-17,0.230426923,2.036473046,0.040557692,2.042923091,6.52,29.15341571,28.42334718,8.1105,2.108,0.03,2.564,0.117,70.2666666666667,4.3503807519999995,0.2073612010317965,1.1106966596488794,0.03975681173444653,1.1128185965237996,1.6771677269736813,3.4062982073035686,0.0295588022415444,0.11064652008706366,2.209427594507796,4.2664287099228355
2023-06-18,0.514352048,2.074110923,0.180699202,2.162217453,6.575,25.26029072,28.65192357,5.2655,1.914,0.024,2.272,0.073,79.75,4.931379626,0.41498765638630364,1.1230157287204254,0.16610680706045214,1.1512735071374205,1.7802568378896602,3.268057939643529,0.023716526617316044,0.07045846364856141,1.8350583936232028,4.391357962102766
2023-06-19,0.57253954,1.752027415,0.08742084,1.545733432,6.646,25.94804943,28.88214212,8.07042,1.856,0.015,2.259,0.103,123.733333333333,3.957721227,0.45269185395042233,1.0123378818674085,0.08380869052672521,0.9344187939467218,1.6009462051261967,3.293910917370147,0.014888612493750654,0.09803374027136541,2.2050185695598934,4.826178125171877
2023-06-20,1.418957111,1.909527103,0.156402371,1.869964489,6.525,24.52319348,29.7038756,10.87534,1.895,0.028,2.284,0.099,67.6785714285714,5.354851074000001,0.8833365014169697,1.0679905604174795,0.14531378148655805,1.0542996565242497,1.8492184699057719,3.2395875870113238,0.027615167032973367,0.09440067542148432,2.4744639810897766,4.229437235413576
2023-06-21,3.038283459,2.622421231,0.278926539,3.347552299,6.428,21.68385817,30.51445079,13.68026,2.11,0.036,2.248,0.109,58.6111111111111,9.287183528,1.3958197152971235,1.2871426506008568,0.24602108466883696,1.4696129968461706,2.330898802759652,3.1216535777076184,0.03536714383729131,0.10345870836822998,2.6865037342011906,4.087841984734534
2023-06-22,3.106598658,2.975472777,0.469390653,4.093665637,6.601666667,20.95870936,30.49832354,16.48518,1.821,0.026,2.273,0.107,70.0384615384615,10.645127724999998,1.4125951087481883,1.3801436786438412,0.3848477930840395,1.6279977358085336,2.4548878715028604,3.0891638426008727,0.025667746748577788,0.10165365372649983,2.8613536650005265,4.263221442177757
2023-06-23,1.937465287,3.779762222,0.716194166,5.212350616,6.633333333,19.86870828,30.02045601,19.2901,1.714,0.019,2.143,0.1,90.2105263157895,11.645772291,1.0775470622089645,1.564390800914609,0.5401091450144029,1.8265393454193586,2.5373229530691166,3.038250825546404,0.018821754240587758,0.09531017980432487,3.010133082361803,4.513170310549166
2023-06-24,1.19247853,3.803275636,0.551896778,6.072758304,6.735,19.0938603,30.15298216,1.4647,1.918,0.038,2.409,0.14,50.4736842105263,11.620409248,0.7850326527419101,1.5692981093350218,0.4394779105285855,1.9562505458313633,2.535315285113423,3.000414310691878,0.037295784743696894,0.13102826240640408,0.9020700962341831,3.9410706908683766
2023-06-25,1.012881798,3.918067699,0.384636456,5.69332213,6.703333333,18.39218572,30.35289679,0.1944,1.833,0.036,2.047,0.109,50.9166666666667,11.008908083000001,0.6995674256092159,1.5929157092543602,0.32543761854105424,1.901110332349237,2.4856487146397614,2.964870186986258,0.03536714383729131,0.10345870836822998,0.1776439672428436,3.9496398689994536
2023-06-26,1.287911633,4.741914715,0.504574012,5.938072255,6.921666667,16.38649141,30.57451155,7.3114,1.805,0.028,2.079,0.089,64.4642857142857,12.472472615000001,0.8276394508311457,1.7477927287498356,0.408509809630067,1.9370239628778774,2.6006485381643283,2.855693548953166,0.027615167032973367,0.08525984395082342,2.1176280663984084,4.1815047376645005
2023-06-27,1.146497188,5.532880975,0.677458216,6.255650864,6.925,16.18520831,30.65455191,0.6908,1.687,0.031,1.933,0.088,54.4193548387097,13.612487243,0.7638372986420208,1.8768480366508566,0.5172796810586942,1.9817805947863836,2.681876453778131,2.844049031846021,0.03052920503482287,0.08434114843375087,0.5252017897104978,4.014928898059055
2023-06-28,4.169040593,3.505528654,0.322304512,6.574000019,7.125,14.16227253,30.99714641,0.0749,1.589,0.025,2.028,0.093,63.56,14.570873778,1.642687099346154,1.5053052324552196,0.2793760568110734,2.024721331988185,2.745402103603325,2.7188102720141893,0.0246926125903715,0.08892620919440151,0.07222763399688076,4.1675950239616935
2023-06-29,5.148357363,3.454876175,0.307680822045455,7.692168363,7.01,14.26663284,30.62464289,0.58415,1.556,0.03,2.028,0.097,51.8666666666667,16.603082723045453,1.8161849506949301,1.4939992659237007,0.26825520341439646,2.1624224320869394,2.868074041424801,2.725669586729051,0.0295588022415444,0.0925791812930932,0.4600479858784561,3.9677730205326385
2023-06-30,4.417229122,2.793780649,0.293057132090909,9.324560039,6.803333333,15.29061044,30.80600029,1.0934,1.736,0.04,2.106,0.091,43.4,16.82862694209091,1.6895844526245467,1.3333630546068764,0.25700928449871957,2.334525526704345,2.88080542061424,2.7905888952083484,0.039220713153281295,0.08709470685093376,0.7387895384386464,3.7932394694381792
2023-07-01,3.075326261,1.599593714,0.278433442136364,6.118696279,6.794,16.70696091,30.78113071,0.5344,1.635,0.019,2.004,0.089,86.0526315789474,11.072049696136364,1.4049508075369508,0.9553551689708156,0.24563545505596754,1.96272460177575,2.4908928381019027,2.8739578340201293,0.018821754240587758,0.08525984395082342,0.42813942514703673,4.466512896417196
2023-07-02,2.367997338,1.596519057,0.263809752181818,5.874046491,6.7,16.76393558,30.38776609,3.2941,1.446,0.006,1.837,0.09,241.0,10.102372638181818,1.2143183059997205,0.9541717237707773,0.234130771882136,1.9277529417157981,2.4071588366643093,2.877170310987793,0.005982071677547464,0.08617769624105233,1.4572419874946896,5.488937726156687
2023-07-03,3.117582409,1.773729634,0.249186062227273,6.46570124,6.69,16.38680033,30.67761934,2.3297,1.651,0.032,2.098,0.098,51.59375,11.606199345227273,1.4152661971984577,1.0201928528312216,0.22249218900565138,2.010319363618864,2.5341887044854223,2.8557113166124553,0.03149866705937099,0.0934903430873389,1.2028822098439065,3.9625972913910794
2023-07-04,5.006934137,2.776571013,0.234562372272727,9.02986617,6.625,16.87356279,30.74478259,1.097,1.685,0.031,2.015,0.088,54.3548387096774,17.04793369227273,1.7929144914330193,1.3288164585135467,0.21071655284653315,2.3055672589137393,2.893031201343514,2.883322681990905,0.03052920503482287,0.08434114843375087,0.7405077519197829,4.013764075562761
2023-07-05,6.813221672,3.230481573,0.219938682318182,9.03920601,6.621666667,20.8428238,31.05998211,0.978457142857143,1.603,0.021,1.929,0.101,76.3333333333333,19.30284793731818,2.055817384812303,1.442315833623021,0.19880059708713643,2.306498028467061,3.0107611686864004,3.083872437390638,0.020782539182528502,0.09621885774054292,0.6823173201769092,4.3481250829982
2023-07-06,7.100879608,1.984965998,0.205314992363636,9.048545849,6.64,19.03022835,31.54756116,0.859914285714286,1.767,0.045,1.842,0.084,39.2666666666667,18.339706447363636,2.091972649362784,1.093588355824914,0.18674093723357793,2.3074279323944484,2.9621603113868735,2.997242550012144,0.04401688541677433,0.08065790301745447,0.6205304037139496,3.695523996832606
2023-07-07,7.844752247,1.982653892,0.190691302409091,8.390148462,6.646666667,15.34958758,31.97997813,0.741371428571429,1.695,0.033,1.856,0.088,51.3636363636364,18.408245903409092,2.179824316705032,1.0928134719823406,0.1745340648452154,2.2396611037448118,2.965698022330058,2.794202672560288,0.032467190137501496,0.08434114843375087,0.5546729801176948,3.9582123878975213
2023-07-08,7.171332428,2.250069084,0.176067612454545,8.070245845,7.145,13.62128621,32.28100151,0.622828571428572,1.587,0.019,2.117,0.096,83.5263157894737,17.667714969454547,2.1006319834570255,1.178676252731112,0.1621763414075392,2.2049993690518757,2.9267955595680997,2.6824784265121573,0.018821754240587758,0.0916671885258238,0.4841706584489085,4.437062915340267
2023-07-09,7.926710278,2.391307261,0.161443923,9.251421596,6.736666667,11.72413196,33.20416446,0.504285714285714,1.653,0.015,2.117,0.089,110.2,19.730883058,2.1890479370945584,1.2212154697728936,0.14966399225222946,2.3274163882602132,3.0316245236108457,2.54350034478565,0.014888612493750654,0.08525984395082342,0.40831817709057067,4.711330381816482
2023-07-10,7.493963544,2.655939114,0.146820232545455,7.703793363,6.778333333,11.21675451,33.28115965,0.385742857142857,1.941,0.037,2.189,0.097,52.4594594594595,18.000516253545456,2.139355739911066,1.2963529997333163,0.1369930974817164,2.163758949367623,2.9444661500365434,2.502808330088904,0.03633192924739028,0.0925791812930932,0.32623635479816526,3.978923599538434
2023-07-11,5.545969778,1.96923716,0.132196542590909,5.67776125,6.571666667,11.20765626,32.83752837,0.2672,1.858,0.034,2.003,0.082,54.6470588235294,13.32516473059091,1.8788495592030698,1.0883050713385385,0.12415958890697082,1.8987827891602822,2.662017762052374,2.5020633171994224,0.03343477608623739,0.07881118042428978,0.23680974207802435,4.019029224995662
2023-07-12,4.02200821,1.229837373,0.117572852636364,4.203484133,6.733333333,10.99583188,32.98448012,0.480125,1.756,0.02,2.019,0.08,87.8,9.572902568636364,1.613829895540907,0.8019286559069018,0.11115923789640911,1.6493284267973833,2.3582943665974,2.484559246116999,0.019802627296179712,0.07696104113612832,0.39212654366898386,4.486386649998124
2023-07-13,3.721652576,1.092996579,0.102949162681818,3.705446573,6.541666667,10.72685244,33.4570084,0.69305,1.732,0.025,1.794,0.056,69.28,8.623044890681818,1.552158860352946,0.7385968089665881,0.09798764916550404,1.5487206830922209,2.2641607312996626,2.461881292471477,0.0246926125903715,0.05448818528406973,0.526531636087608,4.252487263318897
2023-07-14,2.79445063,0.599214367,0.0883254727272727,2.892471151,6.698333333,10.93117021,33.86553636,0.905975,1.573,0.016,2.356,0.067,98.3125,6.374461620727272,1.3335396388403051,0.469512488030632,0.08464025142526374,1.35904421326631,1.9980228989818587,2.479154320989203,0.01587334915629015,0.06485097231961633,0.6449936886716969,4.598271444296935
2023-07-15,2.003434559,0.601461712,0.0737017827727273,2.535077411,6.468333333,11.46541449,33.94022168,1.1189,1.655,0.018,1.877,0.064,91.9444444444445,5.213675464772727,1.0997564868236667,0.47091678219464733,0.07111228785773599,1.2627351975528989,1.8267525831462288,2.5229579687291337,0.017839918128331,0.06203539091945264,0.7508970861008493,4.53200194309066
2023-07-16,1.496720377,0.609785957,0.0590780928181818,2.198953961,6.57,12.10212472,33.98064218,8.771,1.61,0.012,1.723,0.061,134.166666666667,4.3645383878181825,0.9149780214467105,0.4761012241955409,0.05739880593840214,1.1628238691789181,1.679810330967687,2.572774409421758,0.011928570865273802,0.05921185963184609,2.2794188149622063,4.90650858488736
2023-07-17,1.399057181,0.706796309,0.0444544028636364,2.357100068,6.556666667,14.42463138,33.3206236,2.6831,1.569,0.012,1.782,0.058,130.75,4.507407960863636,0.8750758189215618,0.5346181098030045,0.04349464655095743,1.211077526311445,1.7060940879548363,2.7359656719370182,0.011928570865273802,0.05638033343610764,1.303754788872767,4.880906187421472
2023-07-18,1.027520659,0.865926186,0.029830712909091,2.263531647,6.471666667,14.63447491,32.45248742,2.331,1.588,0.019,1.653,0.056,83.5789473684211,4.186809204909091,0.706813696351327,0.623757544300832,0.029394432334610584,1.1828099363036626,1.646118711370799,2.749478406079771,0.018821754240587758,0.05448818528406973,1.2032725592115425,4.437685386571073
2023-07-19,1.018629172,0.924188397,0.0152070229545455,2.243792562,6.501666667,13.53244288,32.13843063,2.3641,1.575,0.017,2.007,0.08,92.6470588235294,4.201817153954545,0.7024186533183177,0.6545042668883889,0.015092555198038787,1.1767431890791198,1.64900801722658,2.676383590085042,0.016857117066422903,0.07696104113612832,1.21316046818493,4.539533022348112
2023-07-20,1.734701975,1.099057352,0.000583333,2.896343978,6.648333333,13.6761216,32.37172206,1.9539,1.659,0.02,1.911,0.071,82.95,5.730686638,1.0060224628433636,0.7414883639525912,0.0005831629274416319,1.36003867192402,1.9066771649010292,2.686221792095123,0.019802627296179712,0.06859279146561172,1.0831263311326618,4.43022138352355
2023-07-21,3.542868772,2.975110308,0.0006266631481481,6.292993546,6.558333333,17.110992,32.11439037,13.4038,1.651,0.03,2.048,0.086,55.0333333333333,12.811599289148148,1.5135587006017552,1.3800524981615105,0.0006264668767905472,1.9869140990435255,2.6255087673162896,2.8965190467618,0.0295588022415444,0.08250122151174369,2.6674920606582955,4.02594675174646
2023-07-22,8.218170711,4.622813003,0.0006699932962962,6.73810198,6.388333333,15.75382738,32.55232463,9.7722,1.547,0.014,2.047,0.056,110.5,19.5797556872963,2.221176613436882,1.726832073021708,0.0006697689509886345,2.046156435307528,3.024307858969855,2.818626732467366,0.013902905168991422,0.05448818528406973,2.3769687414312832,4.7140245909001735
2023-07-23,8.601586588,2.831335779,0.0007133234444444,7.183210414,6.756666667,16.17900106,32.72550525,6.1406,1.643,0.03,2.004,0.061,54.7666666666667,18.616846104444445,2.261928354401611,1.3432135097502798,0.0007130691501983821,2.102084544767144,2.9763886922067626,2.843687769347549,0.0295588022415444,0.05921185963184609,1.965796806434312,4.0211763193246695
2023-07-24,9.032260866,4.548409197,0.0007566535925925,7.685931271,6.458333333,14.30749344,33.389768,2.509,1.556,0.022,1.909,0.081,70.7272727272727,21.267357987592593,2.305805986941637,1.7135112555006065,0.0007563674745819586,2.1617046214633193,3.1031218387395043,2.7283424758217834,0.02176149178151269,0.07788653865707124,1.255331096601078,4.272871048047503
2023-07-25,8.793951831,5.784872867,0.0007999837407407,8.012200519,6.472,11.61971735,33.38005028,0.0274,1.479,0.012,1.889,0.067,123.25,22.59182520074074,2.281765035052797,1.9146955557494583,0.00079966392430191,2.198579272544392,3.1609002622256392,2.5352604598733444,0.011928570865273802,0.06485097231961633,0.02703133905103043,4.822295664976738
2023-07-26,6.349499465,3.723468343,0.0008433138888888,9.503149876,6.498333333,12.391396,32.56152982,5.9242,1.825,0.027,2.15,0.075,67.5925925925926,19.57696099788889,1.994632210905835,1.5525433481827875,0.000842958499520362,2.351675200366494,3.0241720517608845,2.594612411176848,0.026641930946421175,0.07232066157962612,1.9350225219343486,4.228184549201796
2023-07-27,4.783891424,1.662063818,0.000886644037037,6.242460919,6.57,15.34050846,32.11230186,11.821,1.811,0.031,2.182,0.103,58.4193548387097,12.689302805037038,1.7550767128960392,0.9791016933895372,0.0008862512003998193,1.9799610545819148,2.616614710687012,2.7936472064507774,0.03052920503482287,0.09803374027136541,2.5510844515705635,4.084620012330106
2023-07-28,2.371832987,0.855623301,0.0009299741851851,3.793458425,6.65875,19.45724316,30.9118418,17.7178,1.824,0.041,2.051,0.093,44.4878048780488,7.021844687185185,1.2154565095535592,0.6182206509409917,0.0009295420271023647,1.5672521602940057,2.082168406300949,3.0183370085318377,0.04018178963283184,0.08892620919440151,2.9294749427757476,3.8174442653736085
2023-07-29,1.869704616,0.891163709,0.0009733043333333,3.7060483,6.588333333,20.544353,30.34326993,13.5534,1.737,0.027,1.976,0.064,64.3333333333333,6.467889929333333,1.0542091032204186,0.6371923586419698,0.000972830979790461,1.548848553745914,2.0106124865956736,3.070113740447474,0.026641930946421175,0.06203539091945264,2.6778246432952346,4.179502370562407
2023-07-30,2.143000377,1.188646196,0.0010166344814814,4.798677867,6.463333333,22.5045644,30.03307577,4.1998,1.687,0.003,2.045,0.078,562.333333333333,8.131341074481481,1.1451778777645165,0.7832831773367869,0.0010161180586261494,1.7576299376014022,2.2117125704007656,3.1571946320771844,0.002995508979798479,0.07510747248680541,1.648620163309256,6.3338715192490085
2023-07-31,2.687552036,2.471676156,0.0010599646296296,5.312769146,6.645,24.97952954,30.28853745,3.0543,2.061,0.049,2.055,0.096,42.0612244897959,10.47305730262963,1.3049628330239997,1.2446375194064285,0.0010594032637718498,1.8425744306826466,2.4400014433682595,3.2573089025334574,0.04783732941416013,0.0916671885258238,1.39977804627855,3.762622928359485
2023-08-01,2.844196552,1.694014592,0.0011032947777777,4.807978266,6.666666667,22.97781786,30.69057349,0.4838,1.544,0.026,2.379,0.119,59.3846153846154,9.347292704777779,1.3465646219548484,0.9910324944545722,0.0011026865953895615,1.7592325354356035,2.3367249110772175,3.1771291471268253,0.025667746748577788,0.11243542932978817,0.3946063647732885,4.100734360320872
2023-08-02,3.312160286,1.948175295,0.0011466249259259,5.103686051,6.636666667,22.02880947,31.02438012,0.0963,1.579,0.021,2.156,0.142,75.1904761904762,10.365168256925926,1.4614390049937536,1.081186434906629,0.0011459680536416623,1.8088928593370057,2.430553262027818,3.136746017750391,0.020782539182528502,0.13278111123381847,0.09194087369835728,4.33323647050445
2023-08-03,4.929137833,1.761748883,0.001189955074074,7.267846376,6.685,19.72759469,31.5356538,0.61595,1.627,0.037,2.38,0.099,43.972972972973,13.959923047074074,1.7798788117142517,1.0158641323164679,0.00118924763869011,2.112374061095377,2.7053748286209403,3.031465889324904,0.03633192924739028,0.09440067542148432,0.4799230190261742,3.80606170873693
2023-08-04,5.591186753,1.080196287,0.0012332852222222,6.62495402,6.66,18.32385407,31.80739467,1.1356,1.504,0.027,2.703,0.089,55.7037037037037,13.297570345222221,1.8857334162162769,0.7324622580107762,0.0012325253506972392,2.0314262923113593,2.6600896169016983,2.9613402949145256,0.026641930946421175,0.08525984395082342,0.7587476376438941,4.037839529653355
2023-08-05,8.544590853,1.292281087,0.0012766153703703,9.552635181,6.341666667,17.77595596,31.95806948,3.61940625,1.987,0.038,2.568,0.087,52.2894736842105,19.390783736370373,2.2559745911987372,0.8295474296401861,0.0012758011898249659,2.356375608921771,3.0150830211390076,2.932577112998464,0.037295784743696894,0.08342160813907239,1.5302661795185724,3.975738819814253
2023-08-06,8.77864032166667,1.721506629,0.0013199455185185,9.51128918333333,6.391666667,16.51630571,32.65721681,6.1032125,1.823,0.022,2.352,0.087,82.8636363636364,20.012756079518518,2.280200447967207,1.0011856346782382,0.0013190751562355831,2.352449839910034,3.045129685669088,2.8631322019725056,0.02176149178151269,0.08342160813907239,1.960547146504676,4.429192103116312
2023-08-07,9.01268979033333,3.328869019,0.0013632756666666,9.46994318566667,6.356666667,17.06721411,33.16508768,8.58701875,1.995,0.046,2.603,0.11,43.3695652173913,21.812865270666663,2.3038532675539862,1.4653063113608455,0.0013623472500909643,2.3485085984748544,3.1273246430793615,2.894098920609929,0.044973365642731154,0.10436001532424277,2.2604099698663904,3.79255376632075
2023-08-08,9.246739259,3.021873527,0.0014066058148148,9.428597188,6.318333333,12.98003117,32.36480989,11.070825,1.91,0.033,2.314,0.083,57.8787878787879,21.698616579814814,2.3269595339000038,1.3917478455552013,0.0014056174715533609,2.3445517621722187,3.1223039790097262,2.6376299664169127,0.032467190137501496,0.07973496801885356,2.4907913840577733,4.0754808879109605
2023-08-09,6.315091639,1.651121932,0.0014499359629629,7.984899467,6.298333333,14.5620291,32.65146889,0.0167,1.593,0.017,2.144,0.085,93.7058823529412,15.952562973962962,1.9899395619397566,0.9749829209681378,0.0014488858207846035,2.195545331191289,2.830419030299116,2.7448339151325865,0.016857117066422903,0.08157998699242289,0.016562088298978293,4.550776113922293
2023-08-10,5.003809523,1.442921034,0.0014932661111111,6.058530868,6.286666667,14.28745629,32.03369419,9.9587,1.781,0.032,2.266,0.062,55.65625,12.506754691111112,1.792394188251311,0.8931944683802898,0.001492152297946902,1.9542369374996584,2.6031899078020286,2.7270326418105113,0.03149866705937099,0.06015392281974709,2.3941336613460886,4.037002307955125
2023-08-11,3.334619311,0.776546674,0.0015365962592592,5.654986991,6.325,18.86263804,30.95398018,3.6109,1.613,0.025,2.067,0.08,64.52,9.76768957225926,1.4666337888446015,0.5746714091425403,0.0015354169032020452,1.8953664970743154,2.3765499437590356,2.9888404816184204,0.0246926125903715,0.07696104113612832,1.5284230657198234,4.182355439544814
2023-08-12,2.55256554,0.931423403,0.0015799264074074,5.143376728,6.343333333,24.30679583,30.3796717,1.3956,1.746,0.038,2.219,0.078,45.9473684210526,8.628945597407407,1.2676700297985302,0.6582572455943858,0.0015786796367122003,1.8153745466891626,2.264773728372772,3.231072969545722,0.037295784743696894,0.07510747248680541,0.8736337214081703,3.8490271534135685
2023-08-13,3.06473855,1.571540648,0.0016232565555555,6.115930258,6.366666667,20.50695233,30.75303823,0.4042,1.537,0.029,2.137,0.085,53.0,10.753832712555557,1.4023494235881513,0.9445051932243717,0.0016219404986391143,1.9623359690248137,2.46417937570493,3.0683762470487332,0.028587456851912555,0.08157998699242289,0.3394677456010114,3.9889840465642745
2023-08-14,5.879216141,4.173333088,0.0016665867037037,8.257987359,6.338333333,16.49348329,31.54850987,0.0167,1.928,0.05,2.455,0.103,38.56,18.312203174703704,1.9285047124602095,1.6435171786642815,0.0016651994891449125,2.2254866771944504,2.9607371849452204,2.8618284281489705,0.048790164169432,0.09803374027136541,0.016562088298978293,3.6778185067545115
2023-08-15,6.031284983,1.91163043,0.0017099168518518,7.412443081,6.303333333,16.06515522,31.75943724,8.5792,1.642,0.031,2.445,0.092,52.9677419354839,15.357068410851852,1.9503694747523166,1.0687132095056064,0.0017084566083912997,2.129711928944985,2.7946601226269903,2.8370386781274415,0.03052920503482287,0.0880108773227133,2.2595940811889506,3.988386496501678
2023-08-16,4.687024232,3.617167596,0.001753247,6.184389321,6.298333333,15.73869357,31.89715512,8.44665,1.685,0.035,2.59,0.059,48.1428571428571,14.490334396000002,1.738187129261602,1.5297814426277814,0.0017517118565403595,1.9719105223210547,2.7402162420589002,2.8177230196024805,0.0344014267173324,0.05732506661926941,2.2456601813021133,3.8947315083180842
2023-08-17,1.242747519,2.350162232,0.00091807,2.551249165,6.375,20.63718252,31.30629108,8.3141,2.025,0.043,2.583,0.088,47.093023255814,6.145076986,0.8077016852254546,1.20900877212709,0.0009176488314926194,1.2672994190577571,1.9664235861313406,3.0744132477199284,0.042101176018635396,0.08434114843375087,2.2315293810282095,3.8731371199347584
2023-08-18,0.899885303,2.914924835,0.000884875,3.174258399,6.326666667,59.56262918,30.8406976,4.0018,1.885,0.029,2.443,0.103,65.0,6.989953412,0.6417935175081384,1.3647961300247422,0.0008844837289175079,1.4289367135428868,2.0781849289726986,4.103678022651806,0.028587456851912555,0.09803374027136541,1.6097978476496482,4.189654742026425
2023-08-19,0.664473931,3.015918811,0.00085168,3.745961515,6.325,56.08852757,30.39767253,8.3384,1.838,0.023,2.375,0.093,79.9130434782609,7.427205937,0.5095091161500076,1.3902661658006121,0.0008513175263818871,1.5572940490468552,2.1314652742512012,4.044603178261536,0.022739486969489426,0.08892620919440151,2.2341349313563166,4.393375040713101
2023-08-20,0.513287982,2.285934081,0.000818485,2.791884353,6.398333333,52.61442595,29.53466365,0.5775,1.744,0.029,2.512,0.085,60.1379310344828,5.5919249010000005,0.41428475509469254,1.1896509588539093,0.0008181502238127917,1.332863086301131,1.8858454000968878,3.9818181727230617,0.028587456851912555,0.08157998699242289,0.4558413154332312,4.113132476087735
2023-08-21,0.455160065,2.103504829,0.00078529,2.552786779,6.4,47.70193645,29.81191114,3.5994,2.092,0.052,2.943,0.087,40.2307692307692,5.112236962999999,0.3751159048820438,1.1325320628555378,0.0007849818211372489,1.2677323036985815,1.8102928212370228,3.885718792131699,0.050693114315518116,0.08342160813907239,1.5259258602050847,3.7191848036092643
2023-08-22,0.300311637,2.010066193,0.000752095,2.500654763,6.356666667,40.13615673,29.92660758,6.6213,2.285,0.044,2.881,0.093,51.9318181818182,4.811784688,0.2626039565082893,1.1019620695488856,0.0007518123182822789,1.2529500261418527,1.759887698910319,3.716887460561005,0.04305948946044697,0.08892620919440151,2.0309469588219438,3.96900463596608
2023-08-23,0.280551591,2.030844933,0.0007189,2.593154184,6.338333333,39.19999438,29.81722245,3.34405,1.877,0.029,2.338,0.094,64.7241379310345,4.905269607999999,0.24729091557640745,1.10884143642381,0.0007186417151748941,1.2790304195402036,1.7758451061853735,3.6938668558239707,0.028587456851912555,0.08984070399978947,1.4688070926943069,4.1854662542276735
2023-08-24,0.297918927,1.980301391,0.000685705,2.403851759,6.353333333,42.31010549,29.40406629,0.0668,2.14,0.047,3.303,0.086,45.531914893617,4.6827577819999995,0.26076215639282835,1.0920244333226816,0.0006854700117421003,1.2249076607029104,1.737436639903935,3.768385990919713,0.045928931888399804,0.08250122151174369,0.06466351332572215,3.840138418966709
2023-08-25,0.240340882,1.859092323,0.00065251,2.129620173,6.343333333,34.89234472,29.8638764,5.4171,1.881,0.019,2.537,0.08,99.0,4.229705888,0.21538624667624368,1.0505042048789583,0.0006522972079108959,1.1409116467092635,1.6543550409314993,3.5805240337583513,0.018821754240587758,0.07696104113612832,1.8589663022530014,4.605170185988092
2023-08-26,0.449341256,2.18641584,0.000619315,2.64749998,6.3,47.33931632,29.74155729,4.691,2.014,0.041,2.773,0.11,49.1219512195122,5.283876391,0.3711091469972556,1.1588967240002324,0.0006191233036082713,1.294041995931596,1.8379870497670638,3.8782452320226533,0.04018178963283184,0.10436001532424277,1.7388859796209868,3.914459060226027
2023-08-27,0.412533166,2.121803526,0.00058612,2.587635733,6.341666667,45.55558548,29.78551109,2.5901,1.61,0.009,2.64,0.081,178.888888888889,5.122558545,0.3453846641167821,1.1384108880181218,0.0005859482987612107,1.277493415352593,1.811980072068782,3.840646985354208,0.008959741371471902,0.07788653865707124,1.2781800572654434,5.192339376341416
2023-08-28,0.523805659,2.288074383,0.000552925,2.64501792,6.396666667,48.0576786,29.72552901,4.1419,2.207,0.041,2.853,0.075,53.8292682926829,5.457450887,0.4212109287918372,1.1903020995049571,0.0005527721932966905,1.2933612817722675,1.8652346403840232,3.8929967201405096,0.04018178963283184,0.07232066157962612,1.6374226609688636,4.004224144309274
2023-08-29,1.458633933,4.906969307,0.00051973,3.403212124,6.216666667,49.9052983183333,29.29971346,2.13475,2.159,0.044,2.638,0.09,49.0681818181818,9.769335093999999,0.8996058839129578,1.7761328922730004,0.0005195949871416798,1.4823343027650768,2.376702752400846,3.9299670108373084,0.04305948946044697,0.08617769624105233,1.14254942608851,3.9133857128840814
2023-08-30,0.768709286,2.747102978,0.000486535,2.887132195,6.383333333,51.7529180366667,29.04018508,0.1276,1.793,0.023,2.35,0.092,77.9565217391304,6.403430994,0.5702500636285796,1.3209830022201345,0.00048641668022314033,1.3576716608106847,2.001943540596515,3.9656190890568275,0.022739486969489426,0.0880108773227133,0.12009148025782043,4.368897343232089
2023-08-31,1.470212234,4.825143266,0.00045334,2.845821583,6.318333333,53.60053776,28.14900227,5.5405,1.81,0.022,2.45,0.079,82.2727272727273,9.141630423,0.9043040716449268,1.762183594170771,0.0004532372724680269,1.346987255814915,2.3166487764603936,4.000043731786606,0.02176149178151269,0.07603468627599762,1.8780136151461446,4.42212109187576
2023-09-01,0.991871761,3.146182326,0.000420145,2.960374544,6.413333333,55.4481574733333,27.76673419,3.763,1.804,0.028,2.153,0.107,64.4285714285714,7.098848775999999,0.6890747800820858,1.4221879894094152,0.000420056763803287,1.3763386026119928,2.091721925157723,4.033322650086594,0.027615167032973367,0.10165365372649983,1.5608777218187233,4.180959035058871
2023-09-02,0.915624764,2.997251863,0.00038695,2.979477328,6.411666667,57.2957771916667,27.65583517,0.167,1.784,0.011,2.31,0.067,162.181818181818,6.892740905,0.6500438169450418,1.3856070907537075,0.00038687515415586045,1.3811504860493975,2.0659434642657803,4.065529658343158,0.010939940038334362,0.06485097231961633,0.15443635330441893,5.0948650281240075
2023-09-03,0.705730581,2.551027902,0.000353755,2.836924521,6.35,59.14339691,28.30469904,1.83715,1.795,0.026,2.569,0.112,69.0384615384615,6.094036759,0.5339935122135935,1.267237111435009,0.00035369244345268024,1.3446711397135,1.9592545380408526,4.096731659337389,0.025667746748577788,0.10616019582839065,1.0428000271819076,4.249044541706126
2023-09-04,0.674299892,2.498559866,0.00032056,2.721808322,6.321666667,59.55783407,27.58534838,3.5073,1.693,0.016,2.823,0.095,105.8125,5.894988639999999,0.5153951029757893,1.2523514169625096,0.0003205086316206719,1.3142096582373215,1.9307948636732044,4.10359884346319,0.01587334915629015,0.09075436326846414,1.505698304617314,4.67107496087581
2023-09-05,1.384252512,5.21666235,0.000287365,2.112845055,6.395,58.98981317,26.90801039,2.96106666666667,2.328,0.035,2.766,0.058,66.5142857142857,8.714047282,0.8688856630571203,1.8272331630515006,0.0002873237185867537,1.1355371166903714,2.2735730113195722,4.09417476730776,0.0344014267173324,0.05638033343610764,1.376513349264786,4.212339215697494
2023-09-06,4.943537904,5.127560397,0.00025417,0.047495156,6.152,58.42179226,25.84614171,2.41483333333333,1.739,0.021,2.623,0.079,82.8095238095238,10.118847627,1.782304562805268,1.8127966930830999,0.00025413770427783655,0.04640174845978801,2.4086416527869403,4.084661032151105,0.020782539182528502,0.07603468627599762,1.228128687537006,4.428546650308775
2023-09-07,3.897788157,5.038458444,0.000220975,0.266010184,6.08,57.85377136,25.5578172,1.8686,2.026,0.041,2.51,0.095,49.4146341463415,9.20247776,1.5887837066758856,1.7981487548680959,0.0002209505886208243,0.23587036792343702,2.32263060843757,4.075055915935049,0.04018178963283184,0.09075436326846414,1.0538241058779756,3.920281492977461
2023-09-08,1.514565682,4.949356491,0.00018778,2.553662509,6.198333333,57.28575045,25.33421894,1.457625,1.991,0.03,2.746,0.09,66.3666666666667,9.017772462,0.9221000975852077,1.7832830609354962,0.0001877623715426133,1.26797876433425,2.304360761760733,4.065357645814342,0.0295588022415444,0.08617769624105233,0.8991954364455178,4.210150335741466
2023-09-09,0.640692459,2.599923354,0.000154585,2.609372402,6.276666667,56.71772955,25.53655894,1.04665,2.087,0.019,2.553,0.076,109.842105263158,5.8501428,0.4951183838192019,1.2809125546798616,0.00015457305297009272,1.2835339073696548,1.9242694987721727,4.05556439754642,0.018821754240587758,0.07325046173959267,0.7162043101353088,4.7081067135274814
2023-09-10,0.336388953,2.179123546,0.00012139,2.316723199,6.371666667,42.13595619,26.28572521,0.635675,1.921,0.005,2.388,0.074,384.2,4.832357088,0.2899711652286455,1.1566055443380296,0.00012138263283014447,1.1989773072817518,1.7634212219128662,3.764356899664326,0.004987541511039074,0.07138999608667293,0.49205556318926247,5.953762679923971
2023-09-11,0.100947754,1.935280126,8.8195e-05,1.991134162,6.37,32.49012664,26.91389994,0.2247,2.003,0.018,2.401,0.057,111.277777777778,4.027450237,0.09617140339026153,1.0768028919965096,8.819111104964314e-05,1.0956526338742087,1.6149129444555637,3.511250668226255,0.017839918128331,0.055434706888100586,0.20269591604510462,4.7209759595074585
2023-09-12,0.098164322,1.826910119,5.5e-05,1.745846822,6.373333333,26.70109336,27.41744178,1.0914,1.889,0.006,2.43,0.06,314.833333333333,3.670976263,0.09363998762774103,1.0391842844317014,5.499848755545605e-05,1.0100895235611966,1.5413680997258554,3.321471883894459,0.005982071677547464,0.05826890812397577,0.7378336981823513,5.7552146482884705
2023-09-13,0.295266791,1.900957739,0.006004399,1.835114843,6.328333333,22.23974858,27.95114945,2.4078,2.163,0.032,2.646,0.054,67.59375,4.037343772,0.2587166901492908,1.0650409372978928,0.005986444431406444,1.0420824453539572,1.6168789137894068,3.145864113508668,0.03149866705937099,0.05259245011917058,1.2260669217990017,4.228201422709545
2023-09-14,0.70730944,2.144253413,0.058510368,2.109501257,6.325,21.83441389,28.08075661,3.7242,2.082,0.028,2.413,0.074,74.3571428571428,5.019574477999999,0.534918704477914,1.145576473418022,0.05686260653772667,1.1344623458067806,1.7950165721048392,3.1282687791299764,0.027615167032973367,0.07138999608667293,1.5526982344414704,4.322238716294907
2023-09-15,1.220800979,2.383583472,0.082691584,2.530428472,6.32,20.34465341,28.42996341,0.4684,1.832,0.018,2.444,0.059,101.777777777778,6.217504507000001,0.7978679321623837,1.2189353466976434,0.07945014814481101,1.2614192437492002,1.9765092570092093,3.0608012825517426,0.017839918128331,0.05732506661926941,0.3841733726405422,4.632569160176208
2023-09-16,0.828730171,2.215428024,0.08045972,2.272309891,6.345,20.35749803,27.99407445,0.1109,1.983,0.019,2.427,0.066,104.368421052632,5.396927806,0.6036218303679165,1.167960482265127,0.07738661723244038,1.1854961242191204,1.8558178448016915,3.061402873804372,0.018821754240587758,0.0639133257436528,0.10517049760553965,4.657462980708729
2023-09-17,0.708351454,1.989685499,0.063173609,1.750000202,6.343333333,20.27220304,28.60633456,2.24726,1.788,0.008,2.35,0.064,223.5,4.511210764,0.5355288435196183,1.0951681975894043,0.06125840587405878,1.0116009851330225,1.7067843384086012,3.0574011988368737,0.007968169649176874,0.06203539091945264,1.1778115638293467,5.413875707182309
2023-09-18,1.347224646,2.03343961,0.05194521,2.507501171,6.431666667,18.103089,28.98150013,4.38362,1.927,0.02,2.226,0.068,96.35,5.940110637,0.8532336285218696,1.1096971605046753,0.0506410312101673,1.254903866850446,1.9373177163224777,2.949850049724753,0.019802627296179712,0.0657877405380031,1.6833610103567775,4.578312731818208
2023-09-19,1.960647616,2.167040568,0.032293294,3.096033218,6.461666667,16.9733257,29.36872161,6.51998,1.882,0.028,2.345,0.056,67.2142857142857,7.256014695999999,1.0854080335942942,1.1527975770734502,0.03178282629471416,1.4100189975676032,2.110941988776382,2.8888887532325875,0.027615167032973367,0.05448818528406973,2.0175634783837437,4.2226540108654715
2023-09-20,3.155109365,2.404295048,0.02717336,4.101161696,6.615,14.55684982,29.99880084,8.65634,1.804,0.017,2.265,0.056,106.117647058824,9.687739469,1.424338749260651,1.2250378838056704,0.026810719037813402,1.6294682973209627,2.369097240467998,2.7445010445262166,0.016857117066422903,0.05448818528406973,2.267614694442934,4.673927735671397
2023-09-21,4.033830054,2.428346346,0.007404551,4.683216763,6.588333333,13.42750353,30.36021249,10.7927,1.815,0.031,2.905,0.04,58.5483870967742,11.152797714,1.6161811365087693,1.2320780300543037,0.007377271889191028,1.7375174039419736,2.497559407806499,2.6691363522745886,0.03052920503482287,0.039220713153281295,2.467480695964622,4.086789210577651
2023-09-22,3.115149947,2.177628847,0.00320238,3.79677425,6.725,12.88354001,30.49991803,5.4772,1.779,0.019,2.488,0.032,93.6315789473684,9.092755424,1.4146752725902962,1.1561352730626555,0.0031972633019985014,1.5679436607496249,2.3118178817229507,2.6307039665086065,0.018821754240587758,0.03149866705937099,1.8682883182171786,4.549991235865125
2023-09-23,3.041310711,2.207912238,0.021175214,4.192446639,6.565,13.08685683,30.65113221,0.7622,1.849,0.023,2.513,0.046,80.3913043478261,9.462844802,1.3965690727717597,1.165620332398132,0.020954134645277015,1.647205000162606,2.34783039125822,2.645242222955422,0.022739486969489426,0.044973365642731154,0.5665630284504923,4.399268441108387
2023-09-24,3.025896958,2.065652671,0.0143431466666667,4.028917504,6.533333333,14.48780292,30.44053792,0.7546125,1.8,0.03,3.251,0.054,60.0,9.134810279666667,1.392747732751962,1.1202604899489996,0.01424125686308647,1.6152047529988072,2.3159760604062747,2.7400528057631792,0.0295588022415444,0.05259245011917058,0.5622480348176261,4.110873864173311
2023-09-25,2.150364003,1.819749761,0.0075110793333333,2.756177869,6.696666667,14.67962754,30.73701014,0.747025,1.849,0.021,2.849,0.056,88.047619047619,6.733802712333333,1.1475180026693392,1.0366481437785984,0.007483011635142508,1.3234019161885495,2.0456006837225984,2.7523622608136047,0.020782539182528502,0.05448818528406973,0.5579143412956652,4.489171272125208
2023-09-26,2.468142307,2.788784135,0.000679012,4.13251486,6.525,13.47121634,30.62057269,0.7394375,1.7,0.022,2.344,0.046,77.2727272727273,9.390120314,1.2436190923901365,1.3320451589170894,0.0006787815756532923,1.6355957651819673,2.340855384832349,2.6721615965439067,0.02176149178151269,0.044973365642731154,0.5535617850994629,4.360199231629361
2023-09-27,2.499137943,2.862572036,0.000435606,3.435256157,6.545,14.45271643,30.73883994,0.73185,1.652,0.034,2.606,0.042,48.5882352941176,8.797401742,1.2525166361580489,1.3513332921470402,0.0004355111512498388,1.4895853721544896,2.2821172221564403,2.7377848086010785,0.03343477608623739,0.04114194333117518,0.5491902013089754,3.9037536139456384
2023-09-28,2.280621521,2.847004473,0.000373001,3.49941741,6.398333333,17.76033732,30.59381755,0.7242625,1.574,0.025,1.932,0.024,62.96,8.627416405,1.1880328925552042,1.3472947864936828,0.0003729314524206731,1.5039479239505849,2.2646149037297336,2.93174492422666,0.0246926125903715,0.023716526617316044,0.5447994228317665,4.158257887965753
2023-09-29,1.923394032,2.777349725,0.000310396,3.437976168,6.471666667,16.33478862,30.73477169,0.716675,1.464,0.016,2.326,0.06,91.5,8.139030321,1.0727452810123959,1.3290226327718604,0.00031034783712770953,1.4901984545095035,2.2125542880436155,2.852715385235125,0.01587334915629015,0.05826890812397577,0.5403892803646847,4.52720864451838
2023-09-30,1.736388546,3.359702851,0.00024779,3.708720439,6.53,15.21892226,30.93510145,0.7090875,1.659,0.025,2.548,0.042,66.36,8.805059626,1.0066390021043943,1.4724039015980246,0.0002477593051284335,1.549416202117495,2.282898540812889,2.7861786013502217,0.0246926125903715,0.04114194333117518,0.5359596023546925,4.210051369934071
2023-10-01,2.080605544,3.263262611,0.000185185,3.52990127,6.583333333,14.17617417,31.1321403,0.7015,1.829,0.019,1.787,0.018,96.2631578947368,8.87395461,1.1251261828560197,1.4500347382784051,0.00018516785537447318,1.510700144555448,2.289900442904898,2.7197267092405517,0.018821754240587758,0.017839918128331,0.5315102149588233,4.577420273035188
2023-10-02,1.37553091,2.185665021,0.000617284,2.405972552,6.641666667,14.87739693,30.91231773,0.3638,1.605,0.009,2.513,0.036,178.333333333333,5.9677857670000005,0.8652209535576578,1.1586610650310973,0.0006170935585985952,1.2255305234881189,1.9412974938134921,2.7648965210977927,0.008959741371471902,0.03536714383729131,0.31027492110441546,5.189246271493673
2023-10-03,1.372167578,3.23488583,9.26e-05,2.666372347,6.645,15.48099445,31.23563612,2.34992,1.541,0.003,2.477,0.032,513.666666666667,7.273518355,0.8638041270379748,1.44335636906294,9.259571288465588e-05,1.2992027119085323,2.1130598544763393,2.8022078655005758,0.002995508979798479,0.03149866705937099,1.2089364649548142,6.243519441916613
2023-10-04,1.598612823,3.101499685,7.35e-05,2.80946352,6.64,15.66813698,31.1729599,4.33604,1.542,0.007,1.551,0.013,220.285714285714,7.509649528000001,0.9549777730344825,1.4113526836594943,7.349729900734782e-05,1.337488370825226,2.141200758188451,2.813498931668987,0.006975613736425242,0.012916225266546327,1.6744838048370998,5.399454691361554
2023-10-05,1.194401393,2.354695165,0.003875008,2.406531218,6.608333333,17.42177206,30.35144898,6.32216,1.639,0.032,2.296,0.041,51.21875,5.959502784,0.7859092954387217,1.2103609063850522,0.003867519495608849,1.2256945354344204,1.940108032713976,2.9135332292401186,0.03149866705937099,0.04018178963283184,1.9909053664123124,3.9554416257956673
2023-10-06,0.435286736,1.883347118,0.003290514,2.039384371,6.541666667,20.49722495,29.44158924,8.30828,1.75,0.028,2.689,0.044,62.5,4.361308739,0.36136464527889545,1.0589518130734987,0.003285112105570373,1.111654985370831,1.6792081130025038,3.0679238547100742,0.027615167032973367,0.04305948946044697,2.230904326637795,4.151039905898646
2023-10-07,0.038954293,1.680666047,0.033629071,1.818401232,6.521666667,19.8066471,28.49026911,10.2944,1.906,0.029,2.493,0.041,65.7241379310345,3.571650643,0.03821471981161823,0.9860652886455433,0.033075979618165004,1.0361697851722436,1.5198743307207827,3.035272507770365,0.028587456851912555,0.04018178963283184,2.424307027659071,4.200566775477409
2023-10-08,0.005254523,1.651026187,0.004810294,1.867096041,6.483333333,19.7972894,28.07992891,3.4859,1.882,0.029,2.524,0.041,64.8965517241379,3.528187045,0.005240766163388291,0.974946805417285,0.004798761504160083,1.053299685119373,1.510321648572443,3.0348226609075417,0.028587456851912555,0.04018178963283184,1.5009391442757707,4.188086114253799
2023-10-09,0.000220588,1.656870042,0.094384584,2.166506396,6.513333333,18.91830516,27.5691604,0.4175,1.82,0.042,2.327,0.042,43.3333333333333,3.91798161,0.00022056367404440483,0.9771487540270827,0.09019218152962677,1.152628896868092,1.5928982044620807,2.991639166207428,0.04114194333117518,0.04114194333117518,0.3488947566197701,3.7917368395536433
2023-10-10,0.073962072,2.034947938,0.072216748,2.489256397,6.535,17.41097648,27.53993728,0.7515,1.879,0.026,2.328,0.041,72.2692307692308,4.670383155000001,0.07135468075173444,1.1101942704928331,0.06972823250941412,1.2496886467502109,1.7352566912942593,2.912947034577105,0.025667746748577788,0.04018178963283184,0.5604725636554043,4.29414074953932
2023-10-11,0.004450321,1.903615735,0.268607366,2.208690254,6.633333333,15.24950259,27.26371201,0.6012,1.792,0.031,2.88,0.047,57.8064516129032,4.385363676,0.004440447603848673,1.065956765548732,0.23791973660155938,1.1658628333181384,1.6836848433326086,2.7880622984611017,0.03052920503482287,0.045928931888399804,0.47075334813628145,4.074251570193517
2023-10-12,0.214259075,1.596396106,0.20792258,1.611743175,6.536,16.2749475,26.82879824,0.516842857142857,1.571,0.017,2.35,0.04,92.4117647058823,3.630320936,0.19413407596501675,0.954124370407141,0.1889020080548361,0.9600178815416763,1.5326261823265257,2.8492573305753095,0.016857117066422903,0.039220713153281295,0.41663110709233125,4.5370172977508645
2023-10-13,0.424067829,2.241957364,0.324627026,3.160045418,6.436666667,13.4830353,28.13357634,0.432485714285714,1.649,0.026,2.331,0.043,63.4230769230769,6.150697637,0.3535174445801009,1.1761772720857366,0.2811309300011715,1.425525992002035,1.9672099235545082,2.672977985156079,0.025667746748577788,0.042101176018635396,0.35941119698161333,4.165471906237684
2023-10-14,1.204007104,3.478502031,0.76462212,5.415601913,6.445,11.63590376,27.94501446,0.348128571428571,1.7685,0.031,2.4945,0.0545,57.0483870967742,10.862733168,0.7902771145159635,1.499288622433066,0.5679365711460914,1.858732822660479,2.4734018196332825,2.5365422665765514,0.03052920503482287,0.053066720936692235,0.29871738733983944,4.061276923033939
2023-10-15,1.53857704,3.978689669,1.135788548,5.559093133,6.648333333,11.31559032,28.00990161,0.263771428571429,1.888,0.036,2.658,0.066,52.4444444444444,12.21214839,0.931603703575883,1.605166737740071,0.7588359218156587,1.880852351478971,2.581136738921723,2.5108659654622247,0.03536714383729131,0.0639133257436528,0.2341004475462185,3.978642692769541
2023-10-16,0.919317984,2.291187121,0.807285961,2.151964394,6.621666667,12.20325455,27.72888108,0.179414285714286,1.718,0.009,2.828,0.04,190.888888888889,6.16975546,0.651969906268639,1.1912483267465268,0.5918262508881577,1.1480258756120318,1.9698715480326956,2.58046335602037,0.008959741371471902,0.039220713153281295,0.16501794720743734,5.25691650081046
2023-10-17,0.496783646,2.23614365,0.668687576,2.248773318,6.591666667,14.07869082,27.48687012,0.095057142857143,1.77,0.016,2.647,0.075,110.625,5.650388189999999,0.4033185699426397,1.174382389434717,0.5120374348262899,1.1782774844776238,1.8946752274001317,2.713282543161246,0.01587334915629015,0.07232066157962612,0.09080654716452581,4.715145039196663
2023-10-18,0.277202341,3.123836267,0.829077591,4.140084217,6.545,14.38543169,27.17292349,0.0107,1.75,0.005,2.693,0.041,350.0,8.370200416,0.24467201477256334,1.4167838628932226,0.603811791144234,1.6370694639631973,2.237534485135781,2.733421067528876,0.004987541511039074,0.04018178963283184,0.010643160098479827,5.860786223465865
2023-10-19,0.060109424,3.517309637,0.831132994,3.579691147,6.606666667,14.05333354,27.13651121,0.8118,1.809,0.026,2.537,0.049,69.5769230769231,7.9882432020000005,0.05837213298478576,1.5079166035814315,0.6049348976804945,1.521631560699403,2.195917412479482,2.7115994643423154,0.025667746748577788,0.04783732941416013,0.5943208262530504,4.256703222467189
2023-10-20,0.00032197,3.716637413,0.90089708,4.094904833,6.695,12.63155243,27.31036855,0.1336,1.724,0.02,2.547,0.046,86.2,8.712761296,0.00032191817878250316,1.5510961332110906,0.6423259221143188,1.628240987991901,2.273440618394948,2.61238713724163,0.019802627296179712,0.044973365642731154,0.12539840939433364,4.468204330914934
2023-10-21,0.001237582,2.92342885,0.526255547,2.643748005,6.568333333,15.13320747,26.83095387,7.2714,1.744,0.017,2.969,0.061,102.588235294118,6.094669983999999,0.001236816826641423,1.3669659781021142,0.42281738083420733,1.293012823603651,1.9593437956471855,2.780879723577764,0.016857117066422903,0.05921185963184609,2.112803781286237,4.640423764439993
2023-10-22,0.003277212,3.030991481,0.489704316,3.634131487,6.545,14.79986148,26.54694145,0.161,1.851,0.017,2.739,0.063,108.882352941176,7.158104496,0.0032718536445397934,1.3940123707614236,0.39857765462684297,1.5334488000141986,2.099011849835151,2.7600011729058824,0.016857117066422903,0.06109509935981088,0.14928170271575444,4.699410274732568
2023-10-23,0.005316842,2.85106096,0.394282238,2.713250257,6.52,15.6348938,26.83848414,1.35435,1.745,0.012,2.943,0.059,145.416666666667,5.963910297,0.005302757496901546,1.3483486843621193,0.33237975812887477,1.3119075731391097,1.9407411408637636,2.811502525320215,0.011928570865273802,0.05732506661926941,0.8562646808784578,4.986456438399099
2023-10-24,0.007356473,3.7681229,0.491913695,4.406839548,6.695,14.31894157,27.022509,2.5477,1.603,0.011,2.977,0.062,145.727272727273,8.674232616,0.00732954612972237,1.5619527054375644,0.40005965493420975,1.6876647350936456,2.2694659195944404,2.7290900738056467,0.010939940038334362,0.06015392281974709,1.2662995061936924,4.988575576031526
2023-10-25,0.009396103,5.941194176,1.258997235,6.335378404,6.758333333,13.16562164,27.39933652,3.74105,1.694,0.015,2.285,0.055,112.933333333333,13.544965917999999,0.00935223420724012,1.9374738311858564,0.8149210134921999,1.9927089990850102,2.6772449487336942,2.6508180179531378,0.014888612493750654,0.05354076692802982,1.5562586301626187,4.7356134820133775
2023-10-26,0.011435733,4.444956158,1.105689082,5.06949611,6.806666667,12.37744967,27.37835126,4.9344,1.65,0.015,2.229,0.054,110.0,10.631577083,0.01137083927496492,1.6946897045618743,0.7446427684347886,1.8032755884460505,2.4537235620662314,2.5935704289088224,0.014888612493750654,0.05259245011917058,1.7807659277531893,4.709530201312334
2023-10-27,0.000147059,4.763433872,1.071349556,4.706806386,6.628333333,14.00778236,26.56025283,3.357,1.636,0.027,2.198,0.057,60.5925925925926,10.541736873,0.00014704818788525902,1.7515334554093482,0.7282003542643516,1.7416595652738072,2.445969758680098,2.7085688905595724,0.026641930946421175,0.055434706888100586,1.471783747135305,4.120541613188599
2023-10-28,0.000149441,2.86904714,0.525769455,2.439739311,6.596666667,15.63136792,26.34088408,1.7796,1.741,0.012,2.0,0.065,145.083333333333,5.834705347,0.00014942983480610412,1.3530082596710316,0.4224988434671861,1.2353956868276834,1.9220133598099516,2.8112905459855435,0.011928570865273802,0.06297479916138844,1.0223070324580354,4.984177235133232
2023-10-29,0.000151822,2.799003424,0.43992316,2.586666465,6.613333333,16.22880711,26.65295825,1.61933636363636,1.78,0.023,1.79,0.066,77.3913043478261,5.8257448709999995,0.00015181047620652015,1.3347387754948954,0.36458975105304336,1.2772232098387613,1.9207014737238974,2.8465828148291146,0.022739486969489426,0.0639133257436528,0.9629209893660741,4.361713007274168
2023-10-30,0.00369616,2.659836909,0.526656611,2.378380575,6.635,14.82868788,26.76304684,1.45907272727273,1.851,0.016,1.758,0.045,115.6875,5.568570255,0.0036893459859231995,1.297418586037918,0.42308012275506895,1.2173964748578654,1.8822961916150693,2.7618239822705184,0.01587334915629015,0.04401688541677433,0.8997843387514455,4.759499421301942
2023-10-31,5.8e-05,3.064640954,0.616185469,3.304237656,6.69,15.35278611,26.45256585,1.29880909090909,2.114,0.03,1.608,0.057,70.4666666666667,6.985122079,5.7998318065034505e-05,1.4023254128995235,0.48006872393407485,1.4596000388071737,2.0775800700911216,2.7943982871074478,0.0295588022415444,0.055434706888100586,0.8323912022760859,4.269231140528538
2023-11-01,0.005072759,3.545394567,0.812515131,3.678899362,6.7,15.52543747,26.51306329,1.13854545454545,1.966,0.012,1.408,0.043,163.833333333333,8.041881819,0.00505993590542704,1.5141145372827174,0.5947154558497783,1.5430629032107945,2.2018673185591715,2.804900858609731,0.011928570865273802,0.042101176018635396,0.7601259037993369,5.104934862394655
2023-11-02,0.009415448,3.082671062,0.671812708,2.937244107,6.673333333,15.9897604,26.36457849,0.978281818181818,1.957,0.024,1.9255,0.038,81.5416666666667,6.701143325,0.009371398947991688,1.4067514462706254,0.5139084916417541,1.3704810133414818,2.0413688016032485,2.8326108331712168,0.023716526617316044,0.037295784743696894,0.6822286993822769,4.413303216350606
2023-11-03,0.233548711,3.453603056,0.576543373,4.01538217,6.908333333,14.28168649,26.804289,0.818018181818182,1.787,0.013,2.443,0.066,137.461538461538,8.27907731,0.2098951462764717,1.4937134440733815,0.45523471183511766,1.6125096238942644,2.2277621140531134,2.7266551500299903,0.012916225266546327,0.0639133257436528,0.5977469967053776,4.930592586422716
2023-11-04,0.190175024,2.454944412,0.22319984,2.969120777,6.695,14.99623793,26.80232235,0.657754545454545,1.67,0.01,1.69,0.061,167.0,5.837440053,0.1741003752999802,1.2398063679440365,0.2014702448282596,1.378544603421087,1.9224134003239255,2.7723535652175357,0.009950330853168083,0.05921185963184609,0.5054640032051981,5.123963979403259
2023-11-05,0.294662062,3.414102821,0.424136261,4.621286656,6.69,14.13714575,26.9495378,0.497490909090909,1.912,0.037,1.465,0.073,51.6756756756757,8.7541878,0.25824970511200745,1.4848046018541294,0.35356549731638726,1.726560580051054,2.2776967107420445,2.7171517064583903,0.03633192924739028,0.07045846364856141,0.40379098026510657,3.9641537868633367
2023-11-06,0.526628167,3.76308405,0.256792207,5.682647023,6.668333333,14.36394463,27.36240078,0.337227272727273,1.749,0.018,2.333,0.076,97.1666666666667,10.229151447,0.423061491017731,1.5608953681043451,0.22856260727168604,1.899514169986071,2.4185132046309854,2.732023506597966,0.017839918128331,0.07325046173959267,0.2905982707546214,4.586666714423532
2023-11-07,0.149378701,2.824121437,0.252023893,4.430414276,6.75,13.95826948,26.71846908,0.176963636363636,1.86,0.024,2.187,0.068,77.5,7.6559383069999996,0.13922153638213974,1.3413287512225835,0.2247613563616268,1.6920154249582626,2.158245594883718,2.705264289384704,0.023716526617316044,0.0657877405380031,0.16293793261279874,4.363098624788363
2023-11-08,0.051346282,1.625052945,0.000430981,2.549181328,6.666666667,16.06010359,26.52483766,0.0167,1.827,0.029,2.254,0.064,63.0,4.226011536,0.05007151622047952,0.9651010653639944,0.0004308881543643315,1.2667169650613415,1.6536483745204007,2.836742614143574,0.028587456851912555,0.06203539091945264,0.016562088298978293,4.1588830833596715
2023-11-09,0.002252579,1.960060471,0.109844371,2.577175039,6.641666667,16.53598908,26.74691937,0.6778,1.752,0.017,2.336,0.056,103.058823529412,4.64933246,0.002250045747445462,1.0852096975191838,0.10421979918811348,1.2745733936616752,1.731537389505679,2.864255288046433,0.016857117066422903,0.05448818528406973,0.5174834114300572,4.6449563501035716
2023-11-10,0.003749557,2.455748308,0.512434718,2.1634166,6.865,15.65407791,26.73081398,1.3389,1.911,0.047,2.265,0.065,40.6595744680851,5.135349183000001,0.0037425449337805707,1.2400390207434584,0.41372074833847594,1.151652646051976,1.814066993087607,2.812655105958083,0.045928931888399804,0.06297479916138844,0.8496807333747113,3.729531221380397
2023-11-11,0.000267857,1.768299663,0.33647199,1.50535255,6.73,17.62783032,25.86653275,0.4757,1.795,0.027,2.111,0.051,66.4814814814815,3.61039206,0.0002678211327185008,1.018233291650094,0.29003329865181826,0.9184294631570454,1.5283128989455346,2.924656716210275,0.026641930946421175,0.04974209189481407,0.38913245348726677,4.2118532118155745
2023-11-12,0.000300595,1.835733144,0.667064693,1.060072468,6.735,17.11433212,25.83697038,0.0668,1.835,0.029,2.19,0.062,63.2758620689655,3.5631709,0.00030054983037460317,1.0423005083328511,0.5110644110540369,0.7227411608235126,1.5180177546736644,2.8967034547741837,0.028587456851912555,0.06015392281974709,0.06466351332572215,4.163184165259062
2023-11-13,0.000333333,1.535575777,0.158678067,1.293934056,6.716666667,20.77421759,25.275721,0.09352,1.848,0.042,2.125,0.0615,44.0,2.988521233,0.0003332774568981119,0.9304207422192831,0.1472797578696004,0.8302682719993145,1.3834205439100984,3.0807265905201073,0.04114194333117518,0.05968300216117373,0.0894018508622605,3.8066624897703196
2023-11-14,0.014367227,1.456822772,0.105816178,1.947394665,6.73,23.37839176,24.85348722,0.12024,1.762,0.017,2.06,0.061,103.647058823529,3.524400842,0.014264996410778441,0.8988689590692819,0.10058368494670732,1.0809216157254953,1.5094851577770962,3.193697156331774,0.016857117066422903,0.05921185963184609,0.11354294806538456,4.650593343609615
2023-11-15,0.039736348,1.394267206,0.052954289,1.973897213,6.715,21.99358932,24.79810477,0.14696,1.793,0.031,2.165,0.058,57.8387096774194,3.460855056,0.03896716947533776,0.8730772157778148,0.051599821953175744,1.0898732855711522,1.4953404642486237,3.135215451860666,0.03052920503482287,0.05638033343610764,0.1371149639558754,4.074799966149131
2023-11-16,0.085795495,1.469607618,9.24e-05,1.82474567,6.716666667,22.05848819,24.17396979,0.17368,1.998,0.04,2.171,0.077,49.95,3.380241183,0.082312893466055,0.9040592789111292,9.239573138294478e-05,1.038418332227028,1.4771037874842268,3.138033952847887,0.039220713153281295,0.07417939817425151,0.16014411184925154,3.9308447596687337
2023-11-17,0.023645507,1.587912539,0.009337859,1.657274949,6.75,19.87658788,23.42355554,0.2004,1.977,0.04,2.219,0.081,49.425,3.278170854,0.023370282111292235,0.9508515812453396,0.009294530714741825,0.9773011424174896,1.4535255476841322,3.038628333951824,0.039220713153281295,0.07788653865707124,0.18265483458407497,3.920487083840275
2023-11-18,0.012744067,1.860829167,0.199776024,1.547440935,6.825,18.4338198,23.02263334,1.0589,1.803,0.017,2.163,0.07,106.058823529412,3.620790193,0.012663544776911976,1.0511115013449732,0.18213489270663116,0.9350893003699987,1.5305657279142986,2.9670148369650784,0.016857117066422903,0.06765864847381481,0.7221718596005616,4.6733784360146275
2023-11-19,0.01397039,1.74721982,0.123435464,1.097158254,6.806666667,18.09164476,22.55754987,1.9174,1.944,0.038,2.498,0.054,51.1578947368421,2.981783928,0.01387370355919661,1.0105894257535695,0.11639136907083297,0.7405832159297182,1.38172994198995,2.9492507922242615,0.037295784743696894,0.05259245011917058,1.0706928086699756,3.9542755551635476
2023-11-20,0.045104533,2.048945963,0.307177091,1.262478333,6.855,18.2637421,22.34481395,2.7759,2.017,0.015,2.555,0.062,134.466666666667,3.66370592,0.04411691199289693,1.1147959449891118,0.26786991972523444,0.8164608199715029,1.5398103938870145,2.958224681370682,0.014888612493750654,0.06015392281974709,1.3286387648817246,4.908725607596165
2023-11-21,0.146029399,2.014867703,0.136984661,0.948271106,6.84,20.44135969,21.991141,12.6658,2.198,0.031,2.566,0.069,70.9032258064516,3.2461528690000003,0.13630327154116187,1.103555949614421,0.1283797239122263,0.6669423669947999,1.446013365694675,3.0653217525686065,0.03052920503482287,0.06672363204290818,2.614896361391259,4.275321128900722
2023-11-22,0.187742857,2.293424218,0.294909392,1.876732777,6.871666667,25.44409567,21.88188505,8.46613333333334,2.225,0.037,2.679,0.052,60.1351351351351,4.652809244,0.1720547471749979,1.1919278192695932,0.258440725136089,1.0566551977390526,1.7321526329171892,3.2750329072987006,0.03633192924739028,0.050693114315518116,2.247720516883836,4.113086744031841
2023-11-23,0.126786904666667,3.542967037,1.000052913,6.392528479,7.116666667,15.10161703,22.4286966,4.26646666666667,2.115,0.024,2.409,0.061,88.125,11.062335333666667,0.11937013525097451,1.5135803309728229,0.6931736367099782,2.000469825155066,2.4900878154769357,2.778919703592958,0.023716526617316044,0.05921185963184609,1.6613596759602112,4.49003987873446
2023-11-24,0.0658309523333333,2.294738183,0.565080731,4.265432971,6.928333333,14.38060774,21.83825924,0.0668,1.949,0.015,2.38966666666667,0.0593333333333333,129.933333333333,7.191082837333333,0.06375473186749578,1.1923267059203604,0.4479374079651549,1.6611633779122708,2.1030461036960166,2.733107478251289,0.014888612493750654,0.05763977944641451,0.06466351332572215,4.874688287812199
2023-11-25,0.004875,1.837976472,0.28637102,2.732159427,6.901666667,15.38649499,21.4884658,0.0648,2.002,0.016,2.37033333333333,0.0576666666666667,125.125,4.861381918999999,0.004863155665987849,1.0430912883581722,0.25182509120373137,1.316987000990141,1.7683853981421491,2.7964575193678467,0.01587334915629015,0.056065223932948854,0.06278698809876482,4.837273478673773
2023-11-26,0.013003417,1.510859039,0.133177704,1.702900058,6.886666667,15.55446677,21.9119815,0.0628,2.007,0.022,2.351,0.056,91.2272727272727,3.359940218,0.012919598409919466,0.9206249412042254,0.1250258135247516,0.9943252921379299,1.47245834579905,2.8066559608761197,0.02176149178151269,0.05448818528406973,0.060906934903521386,4.524255886467499
2023-11-27,0.000998537,1.448519088,0.150241033,1.983285772,6.876666667,16.22873127,21.91381052,0.0608,1.943,0.015,2.482,0.068,129.533333333333,3.58304443,0.0009980387935539464,0.8954833879231908,0.13997151432646662,1.093025301145205,1.5223635000032336,2.8465784128895932,0.014888612493750654,0.0657877405380031,0.05902334044946101,4.871628621988243
2023-11-28,0.396564185333333,1.775402835,0.118733009,3.5213139,6.908333333,15.62091013,21.87851441,0.1383,2.097,0.035,2.546,0.056,59.9142857142857,5.812013929333332,0.33401506691748667,1.0207959024286335,0.11219680300556352,1.5088026374439045,1.9186878076212126,2.8106615490591333,0.0344014267173324,0.05448818528406973,0.1295359213490339,4.109467723796321
2023-11-29,0.792129833666667,1.188942445,0.313295001,2.774178209,6.865,17.26025379,21.16698323,3.3029,2.05,0.013,2.532,0.058,157.692307692308,5.0685454886666665,0.583404763751149,0.7834185253672882,0.2725392471599448,1.3281826660222993,1.803118953402819,2.9047267737558884,0.012916225266546327,0.05638033343610764,1.45928921398614,5.066967155609717
2023-11-30,1.187695482,4.199767399,1.212106154,6.872361757,7.063333333,16.75151798,21.86023199,6.4675,2.127,0.023,2.498,0.052,92.4782608695652,13.471930791999998,0.7828486984569796,1.6486138936253838,0.7939450725628521,2.063358113597513,2.672210965881449,2.876471032264798,0.022739486969489426,0.050693114315518116,2.010560271108128,4.537728905192559
2023-12-01,0.541754702,2.747722336,0.718118982,3.97854352,6.93,18.70694172,21.46123299,9.6321,2.059,0.016,2.464,0.068,128.6875,7.98613954,0.43292118466590745,1.3211482783874795,0.5412300772757277,1.6051373823966266,2.195683339127445,2.9809709452492643,0.01587334915629015,0.0657877405380031,2.3638777269348084,4.865127710425018
2023-12-02,0.283173728,2.14292258,0.426670307,3.016852317,6.945,18.92556838,21.57838292,12.7967,2.094,0.027,2.288,0.057,77.5555555555556,5.869618932,0.24933648410506026,1.1451531249953413,0.35534327255785436,1.390498590200443,1.927108636282437,2.9920037502418175,0.026641930946421175,0.055434706888100586,2.624429433132135,4.363806088560354
2023-12-03,0.269987616,2.168314626,0.368237969,3.564030517,6.916666667,19.23940259,21.25743723,9.5692,1.959,0.023,2.282,0.049,85.1739130434783,6.370570728,0.23900714924185446,1.1531997827835205,0.3135237580194936,1.5182061184367213,1.9974951425516847,3.0076313276793023,0.022739486969489426,0.04783732941416013,2.3579441111143233,4.456367498960784
2023-12-04,0.041641077,1.871998226,0.287268859,2.95453681,6.846666667,17.88780034,20.86480851,0.5344,2.054,0.022,2.329,0.05,93.3636363636364,5.155444972,0.040797428138504045,1.0550080334977647,0.2525228104485638,1.374863479316867,1.817337051418104,2.938516228994601,0.02176149178151269,0.048790164169432,0.42813942514703673,4.547155790927464
2023-12-05,0.007523843,2.775823473,0.402968978,5.510017951,6.885,17.95588319,20.97567714,0.3447,1.94,0.016,2.398,0.048,121.25,8.696334245,0.007495680067362126,1.328618497455282,0.33859068968556144,1.873342213666753,2.2717479011956683,2.942114341921342,0.01587334915629015,0.046883585898850416,0.2961709398476872,4.8060681283549815
2023-12-06,0.001494651,2.899318657,0.481805394,6.003167426,6.833333333,17.42762929,20.78889352,2.9181,2.04,0.027,2.475,0.049,75.5555555555556,9.385786128,0.0014935351209555377,1.3608018345398625,0.3932612051611581,1.9463625361414147,2.3404381528742655,2.913851130201043,0.026641930946421175,0.04783732941416013,1.3656068424227727,4.33801669367744
2023-12-07,0.051200719,2.048236925,0.479820878,3.810038113,6.818333333,17.41383317,20.96691398,0.0668,2.092,0.02,2.863,0.11,104.6,6.389296635,0.04993305272818819,1.1145633661026915,0.39192105207312017,1.5707050077869011,2.000032552487236,2.91310218487023,0.019802627296179712,0.10436001532424277,0.06466351332572215,4.659658371272161
2023-12-08,0.031184349,1.585168955,0.225743066,2.51020156,6.776666667,19.05999395,20.66064787,0.0612333333333333,2.152,0.025,2.574,0.051,86.08,4.35229793,0.03070799506451199,0.9497908655924275,0.20354724458847728,1.2556734603304753,1.6775259883169338,2.9987274809385296,0.0246926125903715,0.04974209189481407,0.05943175376941202,4.466827236366346
2023-12-09,0.320013947,2.067314725,0.605339843,3.971622439,6.793333333,16.73052747,20.72115959,0.0556666666666667,2.093,0.013,2.426,0.05,161.0,6.964290954,0.2776423024515516,1.120802496430812,0.47333547435510553,1.603746233315352,2.0749679191860437,2.875287869784594,0.012916225266546327,0.048790164169432,0.05417247888839308,5.087596335232384
2023-12-10,0.191220823,1.704003385,0.516560824,3.30533233,6.831666667,16.08360348,21.08547044,0.0501,2.069,0.017,2.34,0.046,121.705882352941,5.717117362,0.17497868292661609,0.9947334100290466,0.41644515548594074,1.4598543311836059,1.9046590985155916,2.838119142688791,0.016857117066422903,0.044973365642731154,0.048885397729810626,4.8097902915045
2023-12-11,0.954554894,2.254325471,1.055081499,4.866557352,6.771666667,14.06566642,21.73567659,0.0445333333333333,1.948,0.014,2.443,0.048,139.142857142857,9.130519216,0.6701624918119566,1.1799850256142967,0.7203155060425839,1.7692679800205784,2.3155525722284276,2.712418407913194,0.013902905168991422,0.046883585898850416,0.043570214701374774,4.942662310510049
2023-12-12,2.016681246,2.851469648,1.691506832,6.099258938,6.85,14.56631929,21.55070951,0.0389666666666667,1.949,0.005,2.389,0.056,389.8,12.658916664,1.1041573019602233,1.3484548022138183,0.9901011973771617,1.9599904036702502,2.6143925438234326,2.7451095603401905,0.004987541511039074,0.05448818528406973,0.03822662947219437,5.968195920168628
2023-12-13,1.832406584,2.63184394,1.357441389,5.332079939,6.98,15.0343427,21.28019027,0.0334,2.143,0.019,2.551,0.047,112.789473684211,11.153771851999998,1.0411267333232137,1.2897404917542192,0.8575768737105908,1.8456287665442561,2.497639562103705,2.7747328407240235,0.018821754240587758,0.045928931888399804,0.03285433687094718,4.734350019032718
2023-12-14,1.390164731,2.930670942,0.809113588,6.781068257,6.928333333,16.20194869,21.60159789,0.0278333333333333,2.122,0.025,1.817,0.044,84.88,11.911017518,0.871362288672796,1.3688101344648467,0.5928369949339022,2.0516936368620926,2.5580810180191724,2.8450226733321404,0.0246926125903715,0.04305948946044697,0.02745302678130073,4.45295097301058
2023-12-15,2.149530631,4.081217952,0.470075027,6.163148882,6.876666667,16.35180797,22.09483506,0.0222666666666667,2.156,0.024,2.437,0.054,89.8333333333333,12.863972492,1.147253435703294,1.6255509871846228,0.3853134382637211,1.9689496722829878,2.6292935682797727,2.8536967067275136,0.023716526617316044,0.05259245011917058,0.02202238403449265,4.5090263254351886
2023-12-16,1.227963284,2.122142038,0.332582362,5.545229507,6.803333333,17.56624606,21.2067141,0.0167,2.084,0.02,2.572,0.062,104.2,9.227917191,0.8010878425755712,1.1385193168943386,0.2871186852790272,1.878736464751649,2.325120961091902,2.921345204148562,0.019802627296179712,0.06015392281974709,0.016562088298978293,4.65586330030361
2023-12-17,0.51860764,1.338471749,0.000608891,3.143166549,6.761666667,20.75064526,20.6096405,0.29715,2.128,0.033,2.659,0.064,64.4848484848485,5.000854829,0.41779388873389994,0.849497617289791,0.0006087057010891369,1.421460362383811,1.7919019305799546,3.0796434242210693,0.032467190137501496,0.06203539091945264,0.26016955015065685,4.181818795040406
2023-12-18,0.219570233,1.412148162,0.014664718,3.397640538,6.796666667,20.70513764,20.62076006,0.5776,2.144,0.036,2.463,0.062,59.5555555555556,5.044023651,0.1984985286514197,0.8805177040098853,0.01455823083014258,1.4810681557317589,1.7990699575398321,3.077548990127442,0.03536714383729131,0.06015392281974709,0.4559047048662339,4.103561217327026
2023-12-19,0.280151904,1.828846871,0.17325237,4.930595445,6.871666667,19.70510211,20.3076404,0.85805,2.146,0.029,2.336,0.057,74.0,7.21284659,0.24697874589020508,1.0398691625405483,0.15977969572018139,1.7801246202789422,2.1056995856599445,3.0303801486443893,0.028587456851912555,0.055434706888100586,0.6195275506861816,4.31748811353631
2023-12-20,0.203703,1.445009262,0.022111498,3.681636688,6.838333333,19.38781666,19.52940341,1.1385,2.207,0.044,2.388,0.053,50.1590909090909,5.352460448,0.18540263871580723,0.8940489110587196,0.02187058367813347,1.543647768450009,1.8488422099826458,3.014937499892728,0.04305948946044697,0.05164323315183845,0.7601046486848263,3.934940206988471
2023-12-21,0.061779264,1.319161842,0.010281642,3.025050889,6.865,20.58715932,19.04388604,0.977385714285714,2.122,0.03,2.348,0.05,70.7333333333333,4.416273637,0.059946051875212965,0.8412058454026837,0.010229145446113351,1.3925375540204155,1.6894080581520048,3.0720986619933193,0.0295588022415444,0.048790164169432,0.6817756259608744,4.272955539619519
2023-12-22,0.047017781,1.623792645,0.197149522,3.599394467,6.906666667,20.7806463,18.55266212,0.816271428571429,2.124,0.032,2.353,0.046,66.375,5.467354415,0.04594591455221648,0.9646208454746454,0.17994333272628363,1.5259246572213632,1.8667671245811626,3.0810217910774056,0.03149866705937099,0.044973365642731154,0.5967857340826833,4.210274029229161
2023-12-23,0.032256299,1.57484196,0.188887045,3.511006228,6.906666667,20.86938002,17.97368797,0.655157142857143,2.058,0.031,2.317,0.047,66.3870967741935,5.306991532,0.03174698796936767,0.9457881574749105,0.17301761319585898,1.5065202390504442,1.8416587850454456,3.085087485864356,0.03052920503482287,0.045928931888399804,0.5038959546883792,4.2104535570714186
2023-12-24,0.017494816,1.513606221,0.179019448,3.36125187,6.95,20.1187151,17.99541115,0.494042857142857,2.084,0.031,2.364,0.043,67.2258064516129,5.071372354999999,0.01734354348133942,0.9217184634525033,0.164683116754217,1.4727591422949087,1.8035846676557208,3.0501596189191686,0.03052920503482287,0.042101176018635396,0.40148577247244954,4.222822886995232
2023-12-25,0.002733333,1.745020644,0.240548415,4.143041055,7.021666667,21.12540165,17.35734547,0.332928571428571,2.1075,0.0295,2.459,0.047,71.4406779661017,6.131343447,0.0027296042384414867,1.0097885955160926,0.2155535520056149,1.6376445494558427,1.9644996384161886,3.096726344401534,0.029073247485707086,0.045928931888399804,0.28737845493607567,4.282767991973373
2023-12-26,0.001969862,3.017766959,0.741037898,8.369390552,7.116666667,20.09882657,16.92378931,0.171814285714286,2.131,0.028,2.513,0.047,76.1071428571428,12.130165271000001,0.0019679243660142495,1.3907262654573609,0.5544814284985878,2.23744805165899,2.5749122755165215,3.0492174261393634,0.027615167032973367,0.045928931888399804,0.15855321931066957,4.345195920339603
2023-12-27,1.632065063,3.659146022,1.154385237,7.794154575,7.345,15.37202942,17.08584733,0.0107,2.168,0.028,2.539,0.064,77.4285714285714,14.239750897,0.9677687331423395,1.5388321742623787,0.7675054100038421,2.174087247929588,2.7239072047837065,2.7955743555989794,0.027615167032973367,0.06203539091945264,0.010643160098479827,4.362188292454217
2023-12-28,2.688999523,2.284694856,0.3860073,7.218918598,7.31,10.59729908,17.25611028,0.0122,2.163,0.025,2.524,0.056,86.52,12.578620277,1.305355289311196,1.189273757515476,0.3264271677091081,2.1064386429927273,2.6084965173371466,2.450772233070325,0.0246926125903715,0.05448818528406973,0.012126179797840567,4.471867338673671
2023-12-29,2.209003213,1.67348315,0.177132781,4.318470889,7.483333333,9.707138295,17.28539692,0.0137,2.197,0.027,2.302,0.044,81.3703703703704,8.378090033,1.1659603633737128,0.9833821727871992,0.16308163499933437,1.6711858351588313,2.2383761210691673,2.3709106494091468,0.026641930946421175,0.04305948946044697,0.013607003406216902,4.411225789366144
