date,Green_Algae,Bluegreen_Algae,Diatoms,Cryptophyta,Algae_Total,DO,pH,Turbidity,Conductivity,WTemperature,windspeed,ATemperature,max_TEM,min_TEM,humidity,precipitation,NOX,NH4,DIN,DIP,TN,TP,NPR
2020/9/28,3.191853729,2.996582187,1.251955105,0.192404055,7.623931933,6.796174511,7.351993483,74.24243881,118.4333273,25.94884866,1.2,23.2,25.4,21.8,97,0.1,1.789,0.068,1.858,0.022,2.062,0.027,84.4545454545455
2020/9/29,3.083041274,2.927096307,1.280601014,0.132679218,7.415068791,6.939797248,7.357042723,74.24243881,124.2089689,26.007958,1.5,25.4,29.6,22.7,87.8,0.1,1.785,0.067,1.851,0.039,1.952,0.046,47.4615384615385
2020/9/30,3.234811594,2.813152174,1.222637681,0.226318841,7.489231884,6.967365942,7.399246377,65.65111594,128.3275333,25.44127536,1.3,23.4,25.9,21.9,98.5,10.5,1.739,0.092,1.831,0.033,1.992,0.039,55.4848484848485
2020/10/1,3.67076756,2.475213613,1.445756698,0.317212165,7.904337437,7.177539464,7.407875453,57.33435844,137.860761,26.04386676,1.8,25,29.7,21.4,76.3,10.3888888888889,1.708,0.051,1.76,0.029,1.835,0.036,60.6896551724138
2020/10/2,3.342983345,2.086212889,1.167986966,0.150347574,6.742396814,7.300926865,7.411314989,47.00995076,141.7921912,25.93287473,1,26.2,30.9,23,74.5,10.2777777777778,1.788,0.06,1.848,0.032,1.969,0.034,57.75
2020/10/3,6.374833333,2.096050725,1.33673913,0.975623188,10.78163043,7.659823188,7.62667971,43.58056014,141.2616304,26.50378986,1.7,26.5,33,22.4,84.5,10.1666666666667,1.751,0.079,1.83,0.03,2.033,0.038,61
2020/10/4,8.112635771,2.169913106,1.181542361,1.442280956,12.90523534,7.771795076,7.701812455,44.03330992,146.4732889,26.78707458,2.1,27.9,33.9,23.5,80.8,10.0555555555556,1.716,0.079,1.795,0.03,2.106,0.037,59.8333333333333
2020/10/5,8.920622287,2.309167873,1.213089725,3.21260492,15.65427641,7.724676556,7.656107815,43.10355789,152.0978698,26.42971056,1.7,26.5,28.4,25.7,78,9.94444444444444,1.642,0.021,1.664,0.024,1.875,0.035,69.3333333333333
2020/10/6,9.889775687,2.059645441,1.391729378,2.961729378,16.30229378,7.796972504,7.697096237,42.38011433,155.9172496,26.59562952,2,24.9,27.5,22.9,64.3,9.83333333333333,1.555,0.051,1.606,0.013,1.722,0.03,123.538461538462
2020/10/7,8.426751085,1.91841534,1.031063676,3.327785818,14.70364689,7.54101013,7.672941389,42.09704559,151.49072,26.23698263,1.8,24.5,28,20.8,62.3,9.72222222222222,1.597,0.059,1.655,0.028,1.794,0.038,59.1071428571429
2020/10/8,5.952836469,2.334052098,1.501490593,1.201447178,10.98897974,7.224054269,7.634350217,43.87165051,148.6109363,26.2432055,1.4,25.5,29.6,21.5,58.5,9.61111111111111,1.6,0.057,1.658,0.027,1.862,0.053,61.4074074074074
2020/10/9,7.055629522,2.118994211,1.659703329,2.140513748,12.97431983,7.655609262,7.754741679,35.42506223,149.8336614,26.19232996,1.8,24.7,30.1,20.3,60.8,9.5,1.593,0.035,1.628,0.013,1.89,0.058,125.230769230769
2020/10/10,6.500238784,2.170101302,2.278813314,2.29133864,13.24068017,7.65331259,7.751918234,38.29227135,154.0286107,26.05518813,1.6,24.5,29.7,20,62.8,9.38888888888889,1.598,0.04,1.638,0.022,1.78,0.036,74.4545454545455
2020/10/11,10.1267777,1.847813179,2.625916003,5.460782042,20.06029689,8.257879073,7.897879797,34.68736857,160.5903012,26.24550326,1.4,24.6,30.6,18.9,75.5,9.27777777777778,1.683,0.089,1.772,0.031,1.814,0.039,57.1612903225806
2020/10/12,7.910955829,2.024547429,3.520260681,4.425416365,17.88018827,8.343996379,7.854103548,28.58590297,162.5507335,26.38921072,1.5,25.3,30.4,21.5,82,9.16666666666667,1.665,0.077,1.741,0.023,1.955,0.044,75.695652173913
2020/10/13,4.818573497,2.196951484,3.238175235,1.607422158,11.86083273,7.93115134,7.81843302,20.03160174,166.5277951,26.15174511,1.7,26.3,28.6,24.3,65.3,9.05555555555556,1.619,0.048,1.666,0.023,2.088,0.043,72.4347826086957
2020/10/14,4.650311369,2.502150615,3.557516293,0.784475018,11.49464156,7.922757422,7.84339609,24.13004924,168.7388479,26.45732078,1.7,26.2,30.6,23.3,65.3,8.94444444444444,1.658,0.06,1.718,0.025,1.875,0.041,68.72
2020/10/15,8.703830558,3.12249819,4.457675597,4.289348298,20.5738378,8.167085445,7.898809558,29.91436278,165.4467922,26.1188559,1.6,24.5,27.2,22,64.8,8.83333333333333,1.678,0.071,1.749,0.026,1.914,0.039,67.2692307692308
2020/10/16,11.5841113,1.967084718,3.761325127,4.399927589,29.20559801,8.418650332,8.059872093,25.89763123,162.8518347,26.1848505,1.6,25.1,27.7,23.4,66,8.72222222222222,1.641,0.042,1.683,0.016,1.848,0.036,105.1875
2020/10/17,7.195539464,1.683540912,3.064974656,4.510506879,16.45325851,7.675966691,7.783194062,30.82934033,160.9114337,26.08561188,1.8,24.8,27.1,23.2,64.5,8.61111111111111,1.634,0.038,1.672,0.019,1.799,0.033,88
2020/10/18,3.303736423,2.149427951,1.676994931,1.075199131,8.205401883,7.058961622,7.558518465,32.39226358,159.4916206,26.064895,2,25.1,29,21.6,56.8,8.5,1.62,0.054,1.674,0.022,1.823,0.035,76.0909090909091
2020/10/19,4.809486252,2.160180897,2.095130246,2.52459479,11.589233,7.191072359,7.532486975,36.99913169,156.8650738,25.86449349,1.7,24.3,27.5,21,60.5,8.38888888888889,1.586,0.068,1.653,0.015,1.829,0.035,110.2
2020/10/20,7.047409551,2.180108538,2.582583213,3.625470333,15.43407381,7.631019537,7.658769175,36.92921418,154.2326411,25.91570912,2.1,24.6,28.4,20.6,61.3,8.27777777777778,1.62,0.066,1.685,0.025,1.788,0.035,67.4
2020/10/21,5.684442836,2.672749638,2.441787265,1.905832127,12.70489146,7.425448625,7.645372648,34.00102967,153.0031946,25.6489725,1.9,24.9,29.9,21.9,62.5,8.16666666666667,1.593,0.036,1.629,0.015,1.813,0.032,108.6
2020/10/22,5.709088278,2.216085384,2.833560058,2.40024602,13.15922576,7.34341534,7.692712735,34.63850072,160.5425745,25.55505065,2.5,24.2,26.1,23.1,63.3,8.05555555555556,1.622,0.097,1.72,0.02,1.887,0.03,86
2020/10/23,3.719855177,1.710412744,2.014134685,1.488544533,8.932092686,6.954149891,7.633267198,32.52780811,166.0350471,25.20605358,1.5,22,25.5,18.4,50.5,7.94444444444444,1.577,0.05,1.627,0.017,1.754,0.035,95.7058823529412
2020/10/24,3.581997106,1.59406657,2.228154848,1.177662808,8.581591896,6.507660637,7.633541245,29.39913242,168.3684088,24.93535456,2.2,22.1,26.4,18.3,49.5,7.83333333333333,1.557,0.082,1.638,0.02,1.857,0.029,81.9
2020/10/25,3.20841534,1.49077424,1.585188133,0.905166425,7.188632417,6.473087554,7.610120839,28.82764544,168.2406744,24.86968886,1.6,23.3,29,18.5,51.8,7.72222222222222,1.507,0.037,1.544,0.01,1.751,0.03,154.4
2020/10/26,4.331716148,1.585930485,1.8335916,1.392483707,9.143852281,6.808150615,7.751530775,27.58832368,168.8367292,24.64132513,1.3,23.4,29.9,18,66.3,7.61111111111111,1.564,0.075,1.639,0.018,1.667,0.025,91.0555555555556
2020/10/27,4.88025,2.397991379,1.516793103,1.442568966,10.23743103,6.63465431,7.683626724,27.29366379,174.6945216,24.26185345,2.3,24.4,30.6,19.4,66.5,7.5,1.573,0.067,1.641,0.016,1.784,0.025,102.5625
2020/10/28,8.170506512,2.785,1.632843705,2.931903039,15.51982634,7.18208466,7.890882779,31.16637192,184.5802974,24.48526773,1.1,24.8,30.1,20.4,65.8,7.38888888888889,1.611,0.079,1.69,0.014,1.822,0.024,120.714285714286
2020/10/29,11.72567216,1.919887251,2.244111015,4.774588031,20.66452732,7.625529055,7.938998265,28.54175195,187.1212576,24.5320902,2.1,23.3,26.1,21.6,69,7.27777777777778,1.666,0.066,1.732,0.013,1.998,0.025,133.230769230769
2020/10/30,12.17853005,0.916589428,2.37543105,6.413555395,24.25009413,7.660881245,7.85515134,27.56994569,190.9545091,24.53,1.5,22.4,24.8,21.1,68.3,7.16666666666667,1.78,0.067,1.847,0.018,1.948,0.024,102.611111111111
2020/10/31,6.110086831,1.392735166,2.506751085,2.063502171,12.07289436,6.791289436,7.62737699,34.38131114,195.3809378,24.43922576,1.3,21.3,27.5,17.2,59.8,7.05555555555556,1.797,0.063,1.86,0.01,2.134,0.033,186
2020/11/1,7.47802439,1.324463415,3.038081301,2.981504065,14.82021951,6.852642276,7.714068293,36.99719106,194.243565,24.35060163,1,22.7,29.3,17.3,65.3,6.94444444444444,1.633,0.101,1.735,0.011,2.184,0.03,157.727272727273
2020/11/2,7.033280232,1.420731354,2.848247647,2.489826213,13.78952209,6.969698045,7.7913874,35.25383925,192.6364584,24.49464881,1.8,23.9,30,18.9,72,6.83333333333333,1.745,0.052,1.797,0.017,1.974,0.028,105.705882352941
2020/11/3,4.451303403,1.677842143,2.227132513,1.405097755,9.761173063,6.440629978,7.564732078,36.58603765,191.8677531,24.10317161,1.8,23.5,26.6,21.7,54,6.72222222222222,1.737,0.039,1.776,0.017,1.982,0.026,104.470588235294
2020/11/4,4.246542427,1.990452022,2.085130849,1.05853291,9.37924663,6.634337827,7.61431483,36.69869072,191.283383,24.00569389,1.1,20.8,25.3,16.4,54.5,6.61111111111111,1.663,0.047,1.71,0.016,1.969,0.029,106.875
2020/11/5,3.139094859,2.022165098,2.070818248,0.432679218,7.662787835,6.54601593,7.604931209,36.64564446,192.1526684,23.96916003,1.5,21.3,27.2,16.5,59,6.5,1.57,0.003,1.573,0.007,1.782,0.022,224.714285714286
2020/11/6,4.847110789,2.008797972,1.713692976,2.083229544,10.6529399,6.760700941,7.678103548,37.0841593,192.7860492,23.84999276,1.8,23.9,30,18.4,64.5,6.38888888888889,1.597,0.065,1.662,0.018,1.893,0.024,92.3333333333333
2020/11/7,8.749319334,1.885076032,2.172809558,4.693758146,17.50112962,7.204290369,7.858123823,31.45335699,196.6328914,24.12717596,1.2,25.1,27.6,23.7,68,6.27777777777778,1.574,0.071,1.645,0.014,1.907,0.026,117.5
2020/11/8,3.445326087,1.912710145,1.274478261,1.045130435,7.677586957,7.015602174,7.81488913,22.06272174,197.739821,23.80652174,2.2,23.2,27.3,20.9,70.8,6.16666666666667,1.52,0.084,1.605,0.011,1.821,0.034,145.909090909091
2020/11/9,2.821537346,1.707788252,1.023132705,0.932480058,6.483517041,7.005102248,7.827713561,25.68653445,198.3241494,23.71422045,2.6,22.1,26.4,19.8,48.3,6.05555555555556,1.617,0.153,1.77,0.012,2.009,0.038,147.5
2020/11/10,2.715239826,1.646867733,0.781046512,0.779636628,5.921969477,7.027808866,7.710768169,23.12257049,199.326359,23.5658939,2.2,21,25.9,18,47.5,5.94444444444444,1.645,0.117,1.762,0.014,1.911,0.036,125.857142857143
2020/11/11,2.874847605,1.681306241,0.893730044,0.908185776,6.35775762,7.056407112,7.693760522,23.28110377,199.5138091,23.23907837,2.2,20.4,26,14.7,48.5,5.83333333333333,1.683,0.154,1.837,0.016,1.969,0.027,114.8125
2020/11/12,2.845277372,1.922481752,1.348591241,0.916890511,7.032715328,7.041336496,7.692153285,23.36894599,198.7296453,23.1940073,1.9,21,27.8,15.5,51,5.72222222222222,1.703,0.178,1.881,0.013,2.022,0.029,144.692307692308
2020/11/13,3.227264706,1.696779412,1.014419118,1.421198529,7.359529412,7.043956618,7.717566912,23.18234632,195.9643779,22.83769853,1.2,21.7,27.3,16.7,49.8,5.61111111111111,1.739,0.178,1.917,0.014,2.213,0.026,136.928571428571
2020/11/14,4.012610947,2.249992604,0.767662722,2.044637574,9.074400888,7.140538462,7.761514793,21.45412944,195.7467078,22.7083284,1.4,21.3,23.9,19.1,75.5,5.5,1.742,0.19,1.932,0.014,2.408,0.029,138
2020/11/15,3.706659226,2.068154762,1.522068452,1.218921131,8.515833333,7.19484747,7.785780506,20.45488095,199.7356897,23.21797619,1.7,21.7,26.9,17.6,83.3,0.5,1.726,0.17,1.895,0.014,2.31,0.034,135.357142857143
2020/11/16,7.032859281,1.762934132,1.752896707,2.869199102,13.41807635,7.563120509,7.867831587,17.1469244,206.5616617,23.39012725,1.7,23.9,29.8,20.1,77.8,0.925,1.718,0.145,1.863,0.012,2.662,0.031,155.25
2020/11/17,7.830725624,1.631632653,2.700559335,2.939387755,15.10199546,7.641222222,7.902006803,16.10444898,210.4265351,23.34397581,1.7,23.5,28.6,19.6,85,1.35,1.665,0.116,1.782,0.015,2.379,0.027,118.8
2020/11/18,7.771878327,1.497688213,3.551749049,2.135505703,14.95660076,7.692031939,7.937324715,14.79650722,214.7638608,23.43631939,1.2,23.7,28.9,19.4,84.3,1.775,1.673,0.061,1.734,0.005,2.633,0.039,346.8
2020/11/19,8.549044187,1.211048202,3.555029691,5.508125478,26.78711553,8.104201989,8.280578424,14.73800153,213.8212586,23.88091813,1.1,25.2,29.6,22.9,93,2.2,1.655,0.084,1.739,0.008,2.152,0.023,217.375
2020/11/20,9.326210046,1.620083714,3.558310333,2.416004566,19.84976408,7.856936834,8.102796043,13.60795814,213.3004125,24.38605784,1.2,25.6,31.6,23.4,87,0.2,1.607,0.029,1.636,0.003,2.086,0.027,545.333333333333
2020/11/21,7.345015314,1.108683002,3.561590976,3.168629403,16.27276417,7.378601072,7.840689893,17.13650077,210.3665995,23.86212098,1.4,24.1,28,22.2,81,0.216666666666667,1.626,0.141,1.766,0.007,2.05,0.03,252.285714285714
2020/11/22,8.402370256,1.069372579,3.564871618,2.865089078,17.12934934,7.561550736,8.003328428,15.95036483,209.6770302,24.4555151,1.6,24.5,30.9,21.5,87.5,0.233333333333333,1.57,0.108,1.678,0.005,2.014,0.031,335.6
2020/11/23,5.080507534,1.27815226,3.56815226,1.239579699,11.16620936,7.059659794,7.779121332,17.39370024,210.8535028,23.9356701,2.1,22.9,26.3,20.8,73.3,0.25,1.619,0.064,1.683,0.003,2.073,0.035,561
2020/11/24,4.59779562,1.594992701,2.877583942,1.531437956,10.6020219,6.56510438,7.643583942,20.63210146,214.1105898,23.99648175,1.6,22.7,27.5,19.1,71.8,0.266666666666667,1.628,0.128,1.756,0.006,2.424,0.027,292.666666666667
2020/11/25,4.178378171,1.621544965,2.570983859,1.414657955,9.785380477,6.990755573,7.580061491,27.36539662,200.0219808,23.97013836,1.6,23.1,28.1,18.8,72,0.283333333333333,1.704,0.148,1.853,0.009,1.98,0.023,205.888888888889
2020/11/26,8.567597685,0.615716353,2.994319826,4.491555716,16.6668741,8.276348046,7.604147612,21.89764978,196.4815174,24.74856006,1.2,23.4,29.9,18.6,78.8,0.3,1.721,0.148,1.87,0.009,2.403,0.022,207.777777777778
2020/11/27,5.639927641,1.153191027,2.300050651,1.921041968,11.0136686,7.617020984,7.519975398,19.08949204,198.9744465,24.4257453,1.6,23.5,29.2,19.8,78.3,0.316666666666667,1.664,0.092,1.756,0.007,2.696,0.023,250.857142857143
2020/11/28,4.297192475,1.334507959,1.990260492,1.376780029,8.998791606,6.758083936,7.428378437,22.78731259,197.749945,23.79589001,2.2,20.1,22,17.6,67.8,0.333333333333333,1.685,0.094,1.779,0.007,2.169,0.059,254.142857142857
2020/11/29,4.177416787,1.275571635,2.121931983,1.654992764,9.22975398,6.665530391,7.42665123,19.99059045,198.6500521,23.82748191,1.4,19.7,23.2,17.5,68.3,0.35,1.697,0.145,1.842,0.011,2.741,0.015,167.454545454545
2020/11/30,2.180868307,1.45394356,1.225086831,0.131295224,4.986859624,5.980246744,7.383910999,25.12900651,197.9126042,23.38844428,1.7,19,21.4,17.8,61.8,0.366666666666667,1.632,0.273,1.905,0.014,2.296,0.032,136.071428571429
2020/12/1,2.136212889,1.41615496,0.797581463,0.283099203,4.628262129,5.630073135,7.381851557,28.36620854,198.0887509,23.10566256,1.9,19,21.5,16.1,60,0.383333333333333,1.729,0.102,1.831,0.012,2.427,0.024,152.583333333333
2020/12/2,2.365832127,1.379435601,0.55146165,0.816577424,5.110730825,5.631924747,7.432525326,28.49492981,198.578843,23.15259768,1.4,18.8,24.1,13.5,64.3,0.4,1.748,0.083,1.831,0.016,2.399,0.022,114.4375
2020/12/3,1.892829233,1.592908828,0.691418234,0.392981187,4.568921852,5.859836469,7.522555716,32.46225326,199.0241505,22.58429088,2.6,17.5,22.7,13,52,0.416666666666667,1.743,0.08,1.823,0.015,2.405,0.024,121.533333333333
2020/12/4,2.139044863,1.684464544,0.459211288,0.769797395,5.052315485,6.031746744,7.554620839,34.45540666,223.6583777,21.98831404,2,15.4,19.7,11.4,60.3,0.433333333333333,1.741,0.078,1.819,0.019,2.91,0.032,95.7368421052632
2020/12/5,1.609298119,1.630578871,0.687727931,0.277192475,4.203683068,6.305363965,7.62727424,32.16366208,207.0209935,21.91120116,1.3,17.1,23.5,11.5,65.6,0.45,1.709,0.071,1.78,0.019,2.676,0.028,93.6842105263158
2020/12/6,1.767243126,1.537850941,0.720694645,0.293060781,4.315296671,6.533870478,7.658860347,30.87781042,209.664479,21.51045586,1.1,18.5,24.8,12.4,76,0.466666666666667,1.793,0.049,1.841,0.02,3.466,0.032,92.05
2020/12/7,2.00929761,1.441542361,0.662961622,0.450094135,4.560695148,6.447020999,7.635577118,29.17407748,215.7190753,21.46013758,1.4,20.4,25,14.8,66.6,0.483333333333333,1.815,0.067,1.882,0.02,2.87,0.03,94.1
2020/12/8,2.068790731,1.301701665,0.324337437,0.70262853,4.395626358,6.364964518,7.63128168,26.20984287,216.1871093,20.97679218,1.2,17.4,20.6,16,92.5,0.5,1.86,0.082,1.942,0.019,3.346,0.028,102.210526315789
2020/12/9,2.934750181,1.176010138,0.891803041,1.296415641,6.296010138,6.590706734,7.645682839,25.17251702,220.2185018,20.9156336,0.9,19.4,22,16.4,77,0.48,1.941,0.041,1.982,0.019,3.5,0.027,104.315789473684
2020/12/10,2.271020999,1.28589428,1.041354091,0.88493845,5.483070239,6.416548878,7.653109341,23.90359957,219.894092,20.78482259,1.1,20,23.5,17.8,83.5,0.46,1.889,0.152,2.041,0.008,3.44,0.033,255.125
2020/12/11,1.762324403,1.247892831,0.50121651,0.418291093,3.929522085,6.146572773,7.692307748,22.01486387,217.5926698,21.04411296,1.6,20.5,25.9,17.8,83.6,0.44,1.943,0.176,2.119,0.017,3.38,0.027,124.647058823529
2020/12/12,3.739905865,1.17006517,0.451259957,1.248566256,6.609732078,6.435928313,7.742155684,19.89680739,215.7019594,20.66753077,2.1,19.1,23.1,17.4,82.2,0.42,1.617,0.33,1.947,0.018,3.32,0.027,108.166666666667
2020/12/13,7.407639392,0.756285301,1.500079652,4.703902969,14.36445329,6.837172339,7.806842143,22.41294859,216.1589993,20.59447502,1.6,18.9,21.9,16.2,78.9,0.4,1.894,0.317,2.211,0.007,3.341,0.027,315.857142857143
2020/12/14,1.986881331,1.4720767,0.681099855,0.675383502,4.815318379,6.37392547,7.732488423,24.84825977,216.5961975,20.08513025,1.9,13.5,16.2,12.3,97.5,1.5,1.926,0.391,2.317,0.015,3.362,0.03,154.466666666667
2020/12/15,1.363842258,1.618950796,1.105094067,0.160520984,4.246266281,6.562341534,7.737105644,26.70891823,217.1735072,19.82871201,1.2,14,14.9,12.3,82.4,0.85,1.988,0.387,2.407,0.019,3.383,0.025,126.684210526316
2020/12/16,1.342626628,1.722836469,1.016526773,0.203740955,4.283285094,6.63334877,7.699191027,30.52322721,219.3930984,19.57200434,1.4,13,14.2,12,84.3,0.2,1.878,0.383,2.261,0.018,3.404,0.025,125.611111111111
2020/12/17,1.253265749,1.701527878,0.827472846,0.330861694,4.113359884,6.493133237,7.661972484,32.03381028,221.2619385,19.27870384,1.5,13.6,15.2,12.5,73,0.233333333333333,1.841,0.315,1.007,0.008,3.425,0.028,125.875
2020/12/18,1.275050271,1.560641918,0.797556071,0.362931168,3.996148492,6.411969838,7.642146172,29.22756845,223.2387316,19.15645785,1.5,16.7,20.4,13.4,69.3,0.266666666666667,1.804,0.312,2.116,0.015,3.446,0.026,141.066666666667
2020/12/19,1.621620839,1.410767004,0.928494935,0.687981187,4.648668596,6.376570912,7.657682344,26.52371129,223.3072865,18.89842981,1.8,14.8,18.4,11.5,66.3,0.3,1.877,0.1825,2.34,0.017,3.467,0.026,137.647058823529
2020/12/20,2.156505065,1.231287988,0.917749638,1.028900145,5.334037627,6.558344428,7.719936324,24.67597106,223.9378329,18.73939219,1.9,15.3,20.3,12.4,60,0.333333333333333,1.868,0.053,1.921,0.017,3.488,0.022,113
2020/12/21,1.992787835,1.028131789,1.070282404,1.52769008,5.617675597,6.512660391,7.715608255,24.87850905,225.1757169,18.49421434,1.6,15.7,20.9,10.9,65.2,0.366666666666667,1.861,0.0866666666666667,2.459,0.016,3.29333333333333,0.03,153.6875
2020/12/22,1.969217958,0.949080377,1.129608979,1.427219406,5.474525706,6.495101376,7.736581463,21.63910355,224.8718197,18.56222303,1.4,17.8,21.7,11,65.2,0.4,1.946,0.120333333333333,2.622,0.014,3.09866666666667,0.024,187.285714285714
2020/12/23,2.37984058,0.510978261,1.572550725,3.313014493,7.774202899,6.634273913,7.774585507,18.57417609,220.9236558,18.04141304,0.9,16.4,17.1,14.8,95.8,15.3,1.967,0.154,2.121,0.013,2.904,0.028,163.153846153846
2020/12/24,3.101448226,0.79685735,1.080340333,2.467154236,7.445604634,6.839545981,7.819968139,15.31740333,245.7103657,18.08643736,1.6,17.6,20.3,15.4,78.6,14.3266666666667,2.013,0.14,2.152,0.014,3.08233333333333,0.035,153.714285714286
2020/12/25,2.824605358,0.900456191,1.126444605,1.220231716,6.07192614,6.965081825,7.864326575,14.60001593,247.8944432,17.96393917,1.3,16.6,20,14.7,66.8,13.3533333333333,2.032,0.1445,2.622,0.014,3.26066666666667,0.028,187.285714285714
2020/12/26,2.71262853,1.076683563,1.312809558,1.075973932,6.178262129,7.395458364,7.93543664,17.0521651,246.0447046,18.08214337,1.5,17.3,22.8,13.9,75.3,12.38,2.05,0.149,2.199,0.018,3.439,0.026,122.166666666667
2020/12/27,3.482353367,0.950419986,1.27288197,1.204395366,6.909992759,7.555372194,7.962842143,15.33881101,246.997643,18.22246923,1.5,19,25.7,14.1,71.9,11.4066666666667,2.041,0.044,2.085,0.013,3.26666666666667,0.022,160.384615384615
2020/12/28,8.607523534,0.510745836,3.363193338,5.744069515,18.22307024,8.253687907,8.142388849,18.18497683,250.2817176,18.24711079,1.1,18.6,23.6,14.5,75.6,10.4333333333333,2.011,0.15,2.161,0.01,3.09433333333333,0.022,216.1
2020/12/29,8.266004893,0.218306802,3.156860779,5.131000025,17.41435712,9.232063676,8.457099855,20.60425687,238.0211592,19.07288712,2.4,19.5,25.6,13.9,67.1,9.46,1.958,0.09,1.958,0.011,2.922,0.027,178
2020/12/30,7.924486252,1.212785818,2.95052822,4.517930535,16.60564399,8.105456585,7.984290883,23.53023806,247.6541621,17.9734877,2.25,10.2,14.5,4.4,48.5,8.48666666666667,1.345,0.03,1.375,0.017,2.679,0.064,80.8823529411765
2020/12/31,6.428473227,0.927829233,3.188480463,5.842373372,16.38497829,8.138927641,7.991777858,22.89834732,225.5875514,17.3776411,2.1,7.8,13.6,6.45,47,7.51333333333333,1.112,0.077,1.19,0.017,3.472,0.031,70
2021/1/1,2.989450072,1.250817656,1.971649783,2.644992764,8.856801737,7.858121563,7.924092619,20.46793126,220.9844146,17.2091534,1.3,9,9.5,8.5,59.5,6.54,2.119,0.188,2.307,0.011,2.413,0.043,209.727272727273
2021/1/2,1.305365677,1.294402607,1.440340333,1.277458364,5.316886314,7.683842143,7.885090514,21.93170891,220.0683577,16.86955105,1.2,10.7,11.2,10.2,62,5.56666666666667,2.098,0.166,2.264,0.009,2.506,0.043,251.555555555556
2021/1/3,1.291736614,1.232452967,1.157033285,1.086396527,4.767452967,7.62667945,7.885824891,21.32895297,219.7807967,16.93832851,1.3,13.2,13.7,12.6,72.4,4.59333333333333,2.08,0.185,2.265,0.016,2.453,0.047,141.5625
2021/1/4,1.148711079,1.05583635,0.980984794,1.067125272,4.2508979,7.45939971,7.86777987,20.72096959,245.530302,17.12434468,1.2,15.5,16,15,72.3,3.62,2.084,0.196,2.28,0.016,2.366,0.05,142.5
2021/1/5,1.210796524,1.114018827,0.848703838,0.949051412,4.121839247,7.336472846,7.851252715,21.44678928,250.7024185,16.75488776,1.3,14.9,15.3,14.5,77.5,2.64666666666667,2.104,0.181,2.285,0.015,2.449,0.045,152.333333333333
2021/1/6,1.997863867,1.039637944,0.728110065,1.833504707,5.598254888,7.420753077,7.871960898,19.6081202,252.4108059,16.80688631,1.5,15.3,15.6,15,65.8,1.67333333333333,2.098,0.178,2.277,0.018,2.395,0.042,126.5
2021/1/7,3.274605358,1.000760319,0.283294714,3.056553222,7.610079652,7.657645185,7.930663287,17.68969153,251.5214026,16.31564808,2.3,10.3,10.6,10.2,75.7,0.7,2.147,0.161,2.308,0.02,2.387,0.041,115.4
2021/1/8,1.283965918,1.133749032,0.318923315,1.306769946,4.041463981,8.153587142,7.901298993,22.30482959,228.3226607,15.71617351,2.6,7.1,7.6,6.8,57.1,0.5,2.128,0.132,2.26,0.015,2.333,0.045,150.666666666667
2021/1/9,1.370629522,1.160180897,0.189341534,0.993589001,3.711693198,8.719768452,7.92579233,19.48730535,224.0623813,15.5540521,1.9,7.9,8.4,7.4,47.5,0.3,2.105,0.1,2.204,0.012,2.296,0.062,183.666666666667
2021/1/10,0.951881331,1.256881331,0.382807525,0.823306802,3.415151954,8.825072359,7.932874819,20.0125275,223.6469276,15.32795224,1.5,11.2,11.5,10.7,57.5,0.1,2.077,0.092,2.168,0.01,2.279,0.049,216.8
2021/1/11,1.213164374,1.198595221,0.200984794,1.050238957,3.661918899,8.873487328,7.958551774,20.6489399,229.2622802,15.0617958,2.1,9.7,10.1,9.6,43,0.1,2.044,0.109,2.153,0.013,2.324,0.046,165.615384615385
2021/1/12,2.045383502,1.157098408,0.081541245,2.013755427,5.292713459,9.152280029,8.030894356,20.06200434,229.9093386,14.86908828,1.8,8.8,9.6,8.3,47.3,0.1,2.052,0.11,2.162,0.011,2.336,0.037,196.545454545455
2021/1/13,2.094507959,1.109551375,0.307069465,2.547916064,6.056801737,9.120599855,8.014366136,20.45030246,233.5546628,14.5383068,1.2,9.9,10.6,9.2,53.8,0.1,2.069,0.114,2.183,0.011,2.31,0.037,198.454545454545
2021/1/14,2.091706609,1.023267974,0.608496732,2.834052288,6.556492375,8.867106028,7.970767611,17.77385984,238.4539608,14.59403776,1.3,12.5,13.1,11.8,63.1,0.1,2.14,0.121,2.261,0.007,2.461,0.04,323
2021/1/15,1.725655322,0.789239681,0.892896452,2.627494569,6.034779146,8.763076032,7.967373642,15.39278566,240.966349,14.72346126,1.1,14.5,15.1,13.8,65,0.1,2.11,0.112,2.222,0.008,2.541,0.035,277.75
2021/1/16,2.036256336,0.516002896,0.628189718,3.050470673,6.226879073,8.690640116,7.965933382,13.81472918,241.0646611,14.64430847,1.7,15.8,16.5,15.3,55.5,0.1,2.268,0.152,2.421,0.004,2.666,0.035,605.25
2021/1/17,3.533248915,0.664450072,0.10378437,3.027735166,7.319008683,8.998683792,8.058406657,13.43980174,243.200042,14.5145152,2.1,12.2,12.8,11.8,52.5,0.1,2.228,0.141,2.368,0.007,2.681,0.03,338.285714285714
2021/1/18,3.613755427,0.726092619,0.09695369,2.791367583,7.221620839,8.925306802,8.048120839,13.58266932,242.2045724,14.31327062,1.5,11.4,11.9,10.8,61.2,0.1,2.261,0.159,2.421,0.004,2.652,0.04,605.25
2021/1/19,3.19418958,0.80248191,0.437257598,2.357083936,6.790180897,8.877087554,8.035939219,13.04930318,240.9256758,14.3981259,1.6,14.4,14.8,13.7,61.2,0.1,2.327,0.165,2.492,0.004,2.706,0.032,623
2021/1/20,4.403502171,0.533777135,1.042843705,3.575072359,9.552908828,9.174186686,8.064021708,12.8895492,263.9599211,14.87026773,1.3,17.3,17.9,16.8,69,0.1,2.214,0.152,2.366,0.002,2.619,0.045,1183
2021/1/21,5.758683068,0.470940666,2.229479016,4.109334298,12.56553546,9.847060781,8.221587554,13.0056042,252.0804747,15.74257598,1.3,20,20.7,19.4,69,0.1,2.287,0.186,2.473,0.006,2.613,0.037,412.166666666667
2021/1/22,6.359370022,0.734033309,2.292990587,3.702215786,13.08782766,9.862735699,8.221970311,13.4347118,247.107719,16.07965967,1.5,21.3,21.8,20.6,73.5,0.1,2.323,0.084,2.407,0.003,2.49,0.032,802.333333333333
2021/1/23,8.876309696,0.574616498,2.466787265,4.783393632,16.69819826,10.13199783,8.422126628,11.71400289,236.1696172,17.03899421,1.8,19.6,20.1,19.2,76.1,1.5390350877193,2.302,0.098,2.4,0.004,2.452,0.032,600
2021/1/24,5.431910275,0.991722142,2.470730825,2.212814761,11.10741679,9.706230101,8.241262663,12.63740521,237.6264711,16.25270622,2.2,16.3,16.8,16,71.6,2.9780701754386,2.29,0.075,2.364,0.002,2.413,0.044,1182
2021/1/25,6.235948987,0.907269317,2.413953488,3.627906977,13.18467367,10.1199895,8.358345836,14.28236909,236.6849812,16.26728432,1.6,16.5,17,16,72.3,4.41710526315789,2.19,0.1,2.29,0.002,2.626,0.033,1145
2021/1/26,6.583017366,1.368465991,2.562322721,3.795535456,14.30910275,10.30166425,8.413972504,16.21522648,244.3665818,16.855,1.6,18.3,18.7,17.7,68.9,5.85614035087719,1.849,0.127,1.976,0.005,2.69,0.1,395.2
2021/1/27,7.649797395,1.199609262,2.67341534,5.924356006,18.98062952,10.06987337,8.33648987,15.03103184,235.0830796,16.79717077,1.5,16.4,16.7,16.3,71.6,7.29517543859649,1.941,0.119,2.06,0.006,2.366,0.029,343.333333333333
2021/1/28,5.225947902,1.140911722,2.784507959,3.600969609,12.75143994,9.733789436,8.231070188,16.49427569,236.422445,17.03464544,2.1,15.6,16.2,15.2,64.9,8.73421052631579,2.136,0.062,2.198,0.004,2.726,0.049,549.5
2021/1/29,7.187257598,1.161403763,1.448306802,4.706468886,14.50222865,9.893357453,8.307429088,17.98718162,236.6413242,16.94941389,1.6,13.1,13.7,12.6,58.8,10.1732456140351,2.068,0.141,2.209,0.004,2.779,0.031,552.25
2021/1/30,7.827322721,0.924790159,1.140600579,5.101642547,14.99267728,9.732984805,8.256522431,20.02015702,240.133987,16.93167873,1.6,14.4,14.9,13.8,66.7,11.6122807017544,2.004,0.112,2.116,0.005,2.479,0.045,423.2
2021/1/31,6.193700217,0.816314265,1.636075308,3.963236785,12.60813179,9.544091962,8.195134685,15.83337364,239.9620413,17.13075308,1.4,16.3,16.9,15.7,66,13.0513157894737,1.964,0.075,2.039,0.004,2.566,0.055,509.75
2021/2/1,5.721614772,0.682476466,2.024330196,3.482664736,11.90849385,9.570228096,8.218452571,11.92082042,241.8458769,17.65299059,1.1,18.3,18.9,17.6,67,14.490350877193,1.95,0.063,2.012,0.004,2.111,0.021,503
2021/2/2,5.145597393,0.747856626,1.94076756,3.220369298,11.05314989,9.24880811,8.157356988,14.59997683,241.3525257,17.17565532,2.4,17.5,17.9,17,61.5,15.9293859649123,1.596,0.071,1.667,0.004,2.488,0.037,416.75
2021/2/3,4.142367849,0.911180304,1.950492397,2.51647357,9.519847936,9.138953657,8.180336713,14.77440188,241.3274091,17.53177408,1.7,17,17.5,16.5,60.1,17.3684210526316,2.041,0.071,2.112,0.004,2.237,0.035,528
2021/2/4,4.68429399,0.800731354,1.640601014,3.382534395,10.50772629,9.064729906,8.16156698,14.2942614,243.3270536,17.59313541,1.7,18,18.5,17.4,66.9,18.8074561403509,1.97,0.047,2.017,0.003,2.167,0.027,672.333333333333
2021/2/5,4.797273414,0.701268882,1.878074018,3.301714502,10.67649547,9.223740937,8.264442598,12.97932251,246.1779162,18.30099698,1.6,18.8,19.4,18.3,69.3,20.2464912280702,1.784,0.055,1.839,0.003,2.302,0.026,613
2021/2/6,4.542454743,0.691078928,1.893272991,2.926951484,10.05244026,9.244620565,8.301863143,10.91590804,247.8244765,18.73611875,1.5,20.1,20.7,19.4,68.8,21.6855263157895,1.83,0.047,1.878,0.003,2.13,0.027,626
2021/2/7,4.410506879,0.67711803,1.69422882,2.313120927,9.093685735,9.152171615,8.336800869,10.46567994,246.6883164,19.10153512,1.4,19.9,20.3,19.4,74.7,23.1245614035088,1.679,0.053,1.732,0.004,1.917,0.026,433
2021/2/8,4.606647357,0.899884142,2.249355539,1.984996379,9.737719044,8.95294714,8.30613903,10.61010862,251.3774106,19.04364953,2.2,19.3,19.7,18.9,59,24.5635964912281,1.763,0.054,1.816,0.003,2.022,0.029,605.333333333333
2021/2/9,5.280210756,0.631366279,1.777049419,3.42502907,11.10975291,8.447335756,8.175800872,11.41073692,253.786476,18.34092297,1.7,17.4,17.7,17.2,59.8,26.0026315789474,1.892,0.037,1.929,0.004,1.984,0.025,482.25
2021/2/10,7.288978261,0.744326087,0.685956522,5.069282609,13.78489855,8.54161087,8.191396377,15.59843188,261.9634732,18.39034058,1.6,15,15.2,14.8,89.6,25.8684210526316,1.894,0.051,1.945,0.004,2.227,0.026,486.25
2021/2/11,4.658870384,0.862541636,0.900550326,3.250572049,9.670086894,8.335789283,8.070556119,17.30306662,268.8351057,18.62378711,1.7,17.6,17.9,17.2,72.4,25.7342105263158,1.818,0.036,1.854,0.005,2.123,0.045,370.8
2021/2/12,3.413034033,0.976632875,1.81,2.885155684,9.082671977,8.135275163,7.916333092,15.21706807,276.7479978,19.26388849,1.3,19.2,19.6,18.8,68.1,24.0452631578947,1.63,0.041,1.672,0.005,1.996,0.034,334.4
2021/2/13,8.177639392,0.558624185,2.20213458766667,6.569688631,21.48588704,8.778160029,8.046742216,11.7862824,276.592244,19.19007241,1.1,17.9,18.3,17.6,76.2,22.3563157894737,1.841,0.058,1.899,0.005,2.047,0.033,379.8
2021/2/14,5.142937771,0.376150507,2.59426917533333,5.033589001,14.73060058,8.512437771,8.008827062,10.53163893,276.9244761,19.62646165,1.4,18.6,19.3,18,72.4,20.6673684210526,1.834,0.068,1.902,0.006,2.214,0.041,317
2021/2/15,4.15394356,0.64751809,2.986403763,3.631237337,11.41644718,8.154003618,7.968806802,10.11615774,273.3208603,19.25495658,2,18,18.6,17.4,61.8,18.9784210526316,1.65,0.066,1.716,0.005,1.909,0.036,343.2
2021/2/16,4.581316932,0.537727931,2.70211288,4.159153401,11.97787265,7.886688857,7.96345152,11.91121274,261.5126686,19.13861071,1.6,18.2,18.6,17.7,68.1,17.2894736842105,1.664,0.078,1.742,0.005,2.169,0.101,348.4
2021/2/17,4.981736614,0.714826339,2.056642547,3.492720695,11.24308973,8.037789436,7.984877713,10.74631404,255.3093835,18.88954414,2.4,15.5,16.1,15.3,64.8,15.6005263157895,1.894,0.096,1.99,0.006,2.159,0.038,331.666666666667
2021/2/18,3.353219971,0.590311143,1.868856729,2.167648336,7.978357453,7.594371201,8.006133864,12.36988278,254.1432366,18.64463821,1.9,13.8,14.4,13.3,55.3,13.9115789473684,1.823,0.199,2.022,0.004,2.678,0.043,505.5
2021/2/19,4.244818841,0.703188406,1.754333333,2.719130435,9.42084058,7.788218116,8.085565942,13.2804087,257.4930007,18.60681884,1.8,13.9,14.4,13.4,62.9,12.2226315789474,1.827,0.203,2.03,0.004,2.593,0.031,507.5
2021/2/20,4.031723389,0.692925416,0.900072411,2.367038378,7.990282404,7.776859522,8.104138306,13.93455395,260.9079645,18.7833454,1.5,15.9,16.6,15.3,62,10.5336842105263,1.956,0.133,2.089,0.004,1.907,0.019,522.25
2021/2/21,4.08748191,0.635274964,0.762916064,2.763328509,8.246157742,8.04133864,8.180714906,11.36687771,264.5079993,18.91748915,1.6,17.8,18.4,17.2,56.7,8.84473684210526,1.763,0.049,1.811,0.005,2.402,0.035,362.2
2021/2/22,3.963446778,0.740680666,0.653823316,2.450818248,7.806002896,7.933295438,8.148495293,11.69933671,273.2556198,19.31763215,1.4,20.1,20.6,19.5,62.4,7.15578947368421,1.967,0.044,2.011,0.005,2.114,0.036,402.2
2021/2/23,4.563367125,0.875916003,0.273577118,2.348008689,8.055727734,7.981270094,8.192075308,12.15134613,278.0129203,19.60107169,1.8,19.5,20.1,19,66.6,5.46684210526315,1.94,0.038,1.978,0.004,1.727,0.032,494.5
2021/2/24,4.220354815,0.83096307,0.297335264,1.872853005,7.215850833,7.682062274,8.087602462,12.02670818,282.3378436,19.623874,1.6,19.5,20,19,74,3.7778947368421,1.881,0.049,1.93,0.004,1.953,0.038,482.5
2021/2/25,5.144927536,0.856224638,0.122311594,3.086036232,9.202181159,8.016492029,8.128673188,11.29248333,285.4668326,19.83931884,1.1,20.4,20.7,19.9,76.2,2.08894736842105,1.992,0.047,2.038,0.004,1.548,0.027,509.5
2021/2/26,5.123647571,1.075134155,0.111385062,3.569427121,9.871892676,8.043251632,8.143558376,11.09905004,285.7388499,20.05163887,2.3,19.2,19.7,18.8,81.6,0.4,1.857,0.08,1.937,0.004,2.084,0.029,484.25
2021/2/27,4.096351056,1.229009468,0.233415878,3.274945375,8.827705754,7.500630007,7.982281865,13.63786307,281.5104392,19.67834669,1.7,17.8,18,17.5,76.3,0.4,1.647,0.061,1.708,0.004,2.138,0.042,427
2021/2/28,3.418410448,1.222992537,0.377977612,2.994977612,8.009723881,7.51613209,7.967729104,13.10681119,277.7516903,19.98720149,1.5,18,18.3,17.7,73.8,0.4,1.802,0.096,1.897,0.005,1.843,0.034,379.4
2021/3/1,2.606644195,1.253146067,0.260254682,1.938636704,6.054636704,7.250569288,7.849741573,16.72631086,273.973033,20.18332584,1.4,21.5,21.9,20.9,71.3,0.4,1.898,0.096,1.995,0.005,1.999,0.027,399
2021/3/2,2.46920484,1.363249784,0.507476232,2.070414866,6.405721694,7.021349179,7.836388073,24.16311409,274.7210951,19.72232498,2.2,15,15.3,14.9,72.8,0.4,1.921,0.1,2.021,0.006,1.957,0.038,336.833333333333
2021/3/3,3.398907381,0.8552822,0.580340087,3.98512301,8.814218524,7.07572576,7.875568741,26.16621491,277.1815456,19.4740521,1.2,16,16.2,15.8,66,1.3,1.714,0.122,1.836,0.008,2.22,0.074,229.5
2021/3/4,2.206143271,1.112597685,0.44866136,2.525622287,6.285759768,6.917227931,7.888089725,25.76974747,278.1092938,19.29610709,0.9,15.7,15.7,15.5,93.4,3.7,1.733,0.104,1.837,0.009,2.213,0.051,204.111111111111
2021/3/5,0.937308249,0.812807525,0.291259045,0.966931983,3.000267728,6.71863097,7.878401592,24.8716903,280.4253075,19.43534732,1,17.3,17.4,17.1,95.3,14.3,1.925,0.123,2.048,0.009,2.098,0.034,227.555555555556
2021/3/6,0.171309696,0.835289436,0.097894356,0.529261939,1.618154848,6.334247467,7.85552822,25.83861867,282.563026,19.23032562,1.4,17,17.2,16.9,93.6,5.9,1.864,0.124,1.988,0.013,1.554,0.022,152.923076923077
2021/3/7,0.211635311,0.710781476,0.106360347,0.599500724,1.612286541,6.290052822,7.869032562,36.37098046,285.1171476,19.20539797,1.5,17,17.2,16.9,83.1,4.96666666666667,1.825,0.182,2.007,0.016,2.254,0.037,125.4375
2021/3/8,0.513244026,0.857465605,0.427574222,0.469341057,2.256835626,6.193390297,7.861119479,27.52711296,282.615407,19.46394642,1.4,17.5,17.8,17.2,73.3,4.03333333333333,1.842,0.2,2.042,0.016,2.206,0.046,127.625
2021/3/9,0.741693198,0.7776411,0.413719247,0.531881331,2.454797395,6.224789436,7.876044139,25.93868886,280.9213755,19.89276411,1.7,19.1,19.4,18.7,70,3.1,1.755,0.176,1.931,0.015,1.936,0.042,128.733333333333
2021/3/10,1.151816208,0.899710564,0.978342981,0.670513748,3.694790159,6.367581042,7.927682344,27.07731476,276.0581527,19.70967438,1.7,19.2,19.6,18.9,65.1,2.16666666666667,1.693,0.16,1.852,0.012,2.027,0.045,154.333333333333
2021/3/11,3.043060781,0.753350217,1.090767004,1.780354559,6.66431259,6.86828437,8.024367583,25.71937988,265.7873343,20.21603473,1.6,20.1,20.7,19.6,71.8,1.23333333333333,1.756,0.152,1.908,0.015,2.146,0.058,127.2
2021/3/12,5.624232996,0.388364689,1.660253256,2.591924747,10.26037627,7.245813314,8.129992041,23.06258611,262.8901664,20.62134588,2.4,20.8,21.4,20.3,73.1,0.3,1.706,0.087,1.793,0.009,1.839,0.029,199.222222222222
2021/3/13,9.781874096,0.395238784,2.779015919,6.490050651,19.44224313,7.494799566,8.235540521,25.6697547,258.1297026,20.40759768,1.5,19,19.2,18.7,68,0.5375,1.771,0.075,1.845,0.01,1.936,0.032,184.5
2021/3/14,6.138523878,1.150629522,1.716657019,3.753871201,12.75926918,7.160583936,8.157636758,24.70112301,253.9547822,20.40430535,2,19.4,19.8,19,69.1,0.775,1.76,0.056,1.816,0.004,2.067,0.06,454
2021/3/15,5.632489146,1.059710564,2.158769899,3.178509407,12.02817656,7.574761939,8.236670043,25.59798191,250.8597815,21.07125904,2.1,21.3,21.9,20.8,66.8,1.0125,1.796,0.087,1.883,0.004,2.238,0.047,470.75
2021/3/16,4.686577424,1.09605644,1.523183792,2.43931259,9.744862518,7.55768741,8.217849493,23.58717728,252.2299023,21.75457308,1.9,23.4,24,22.8,67.8,1.25,1.785,0.069,1.855,0.005,2.258,0.047,371
2021/3/17,4.328321274,1.274507959,0.766439942,1.405716353,7.773856729,7.185177279,8.183035456,22.1212301,254.2626773,22.06154848,2.3,21.7,22.1,21.3,74.7,1.4875,2.029,0.134,2.163,0.006,2.32,0.025,360.5
2021/3/18,3.738777135,1.393552822,0.917597685,1.217633864,7.262995658,6.647729378,8.030766281,26.71847467,259.6584588,21.79319826,2.5,21.3,21.7,20.9,76.2,1.725,1.974,0.092,2.066,0.008,2.121,0.017,258.25
2021/3/19,2.802677279,1.332590449,0.90931259,0.586251809,5.629500724,6.395462373,7.982994935,25.6286809,264.1398415,22.30712012,1.6,22,22.5,21.7,77.7,1.9625,2.015,0.106,2.122,0.01,2.195,0.021,212.2
2021/3/20,3.185759768,1.319869754,0.827872648,0.235166425,5.564732272,6.425524602,8.003107091,23.9988466,265.2695955,22.71429812,2.4,22.9,23.5,22.4,75.3,2.2,2.111,0.125,2.236,0.02,2.545,0.035,111.8
2021/3/21,2.456903039,1.376150507,0.665745297,0.02431259,4.513473227,6.031855282,7.986299566,28.90505499,265.2165297,21.85555716,2.3,14.6,14.9,14.5,83,6.2,2.113,0.08,2.193,0.012,2.404,0.046,182.75
2021/3/22,0.901845152,1.12515919,0.79447178,0.202308249,3.012525326,6.026277858,7.983151954,30.92656151,262.7084342,21.31960926,1.9,14.4,14.7,14.1,64.4,0.1,2.192,0.029,2.221,0.018,2.395,0.025,123.388888888889
2021/3/23,0.679029689,0.909464156,0.568320058,0.416676322,2.563316437,5.927009413,7.977065894,31.71716872,261.1499732,21.08997104,1.6,13.8,14.1,13.6,78.1,4.7,2.146,0.071,2.217,0.02,2.5,0.04,110.85
2021/3/24,1.005638051,1.161384377,0.487470998,0.26929621,2.918190255,5.892093581,7.984532869,34.73633565,258.8270348,21.28776489,2,17.8,18.4,17.3,71.5,4.29090909090909,2.222,0.071,2.293,0.023,2.568,0.034,99.695652173913
2021/3/25,0.835783745,1.045936139,0.600595065,0.329390421,2.803708273,5.929034833,7.997460813,36.04486212,258.1689398,21.19713353,2.2,18.4,18.9,17.9,68.7,3.88181818181818,2.091,0.099,2.19,0.024,2.333,0.034,91.25
2021/3/26,1.068972504,0.897568741,0.716780029,0.32711288,3.005260492,5.989095514,8.00696165,30.90696382,260.4497699,21.43968162,2.1,19.5,20,19,72.5,3.47272727272727,2.162,0.026,2.188,0.026,2.382,0.033,84.1538461538462
2021/3/27,1.759073135,0.682874728,0.942360608,0.458320058,3.838175235,6.060992035,7.996504707,26.19295873,264.9970427,22.13614772,1.6,23,23.5,22.4,71,3.06363636363636,2.088,0.034,2.122,0.027,2.34,0.038,78.5925925925926
2021/3/28,4.083432295,0.730354815,1.33653874,0.745597393,6.895394642,6.310335264,8.025206372,22.95164301,269.4920398,23.33154236,2.3,25.8,26.3,25.1,66.4,2.65454545454545,2.02,0.125,2.145,0.03,2.322,0.035,71.5
2021/3/29,7.14019551,0.412251991,3.352954381,2.555952209,13.45698769,6.790633599,8.189225923,22.58162129,268.5881897,22.86907314,1.8,23,23.3,22.7,77.1,2.24545454545455,2.056,0.091,2.147,0.025,2.24,0.036,85.88
2021/3/30,10.2095945,0.111810282,3.11361815133333,3.88262853,18.83889935,7.235370022,8.211385228,22.5354294,274.964202,23.82233164,2.6,25.8,26.4,25.4,74.4,1.83636363636364,2.096,0.05,2.147,0.02,2.432,0.029,107.35
2021/3/31,10.64969432,0.529308588,2.87428192166667,3.337780204,18.75377001,7.430775109,8.35841048,20.04482897,274.8341907,23.83196507,2,24.3,24.7,23.9,78.9,1.42727272727273,2.014,0.1,2.113,0.011,2.311,0.014,192.090909090909
2021/4/1,9.618863143,1.298797972,2.634945692,1.224156408,14.77624909,7.079882694,8.209072411,20.11489718,278.113399,24.34932657,1.9,25.7,26.1,25.4,81.2,1.01818181818182,1.9,0.002,1.902,0.004,2.126,0.018,475.5
2021/4/2,9.679637944,1.494764663,1.4991021,0.254902245,12.92559015,6.76128168,8.140431571,23.40049167,276.7230261,25.19686459,2.3,26.6,27.1,26.2,73.6,0.609090909090909,1.868,0.111,1.979,0.007,2.014,0.013,282.714285714286
2021/4/3,8.492020275,1.587588704,1.496871832,0.236596669,11.81076032,6.692679218,8.173527154,22.52536133,274.201349,25.03826213,2.4,24.1,24.5,23.8,82.3,0.2,1.895,0.083,1.978,0.007,2.209,0.042,282.571428571429
2021/4/4,5.522469225,1.662476466,1.293548154,0.053678494,8.525351195,6.337741492,8.097844316,27.93813831,269.6532172,24.24467777,2,19.8,20.2,19.7,82.3,0.6,1.998,0.05,2.048,0.014,2.145,0.022,146.285714285714
2021/4/5,3.887597685,1.512163531,0.901837916,0.013581766,6.305557164,6.220404486,8.078940666,31.61622069,268.6443683,24.02867583,1.6,19.6,19.8,19.3,63.7,0.725,1.83,0.051,1.881,0.015,2.196,0.029,125.4
2021/4/6,3.722561505,1.435463097,0.857192475,0.054305355,6.060984081,6.126540521,8.081790159,30.70454631,270.7173893,23.7904848,2,21,21.4,20.7,54.2,0.85,1.804,0.07,1.875,0.016,2.193,0.029,117.1875
2021/4/7,4.131759594,1.417813179,1.020275163,0.032896452,6.593685735,5.952524982,8.067906589,32.28706155,275.6687038,23.57556843,2.1,21,21.4,20.6,48,0.975,1.828,0.124,1.952,0.018,2.045,0.026,108.444444444444
2021/4/8,3.724182344,1.467981187,1.091266281,0.054522431,6.330875543,5.848526773,8.07486903,30.46624674,279.313191,23.2306657,1.9,18.6,19,18.3,66.8,1.1,1.873,0.257,2.13,0.026,2.932,0.031,81.9230769230769
2021/4/9,2.926490593,1.354515195,1.261244573,0.111700434,5.647872648,5.835049928,8.078835745,27.36465268,278.7414689,22.90606368,2,18.3,18.7,18.1,55.8,1.34285714285714,1.918,0.11,2.028,0.023,2.193,0.027,88.1739130434783
2021/4/10,3.011758321,1.244088278,1.278191027,0.360376266,5.891085384,6.008146165,8.107775687,24.19622359,277.2478068,22.77960203,2.1,20.1,20.6,19.5,52.1,1.58571428571429,1.908,0.067,1.975,0.021,2.267,0.039,94.0476190476191
2021/4/11,3.75589725,1.075636758,1.268422576,0.930904486,7.028552822,6.179505789,8.134803907,22.38885962,275.35278,23.0566932,2.1,22.4,22.9,21.8,67.8,1.82857142857143,1.988,0.059,2.047,0.023,2.196,0.038,89
2021/4/12,7.548631427,0.719478639,0.758254888,4.435365677,13.45708182,7.205902245,8.427380883,19.36836423,275.3526372,23.98491673,2.1,25.3,25.8,24.7,68.7,2.07142857142857,1.857,0.068,1.925,0.019,1.986,0.019,101.315789473684
2021/4/13,8.276589428,0.779029689,1.145445329,4.529674149,14.72849385,7.69319189,8.59741202,18.14949385,272.8710406,24.69069515,3.4,24.6,25.2,24.1,66.4,2.31428571428571,1.737,0.064,1.8,0.01,1.971,0.022,180
2021/4/14,7.517936278,0.86301231,2.001165822,4.790101376,15.17146271,7.011939899,8.320229544,20.67005938,268.1092013,23.30976828,2.1,19.8,20.1,19.6,67.3,2.55714285714286,1.742,0.068,1.809,0.022,2.048,0.051,82.2272727272727
2021/4/15,7.986215989,0.567226647,1.125785663,4.097689469,27.90191166,7.276521361,8.375120927,19.81654019,268.1093041,23.01431571,1.2,19.2,19.5,18.9,78,2.8,1.794,0.136,1.929,0.017,2.258,0.035,113.470588235294
2021/4/16,8.4544957,1.040922596,0.577630962,3.405277561,13.47560594,7.620199375,8.270872557,17.0894097,271.0144722,23.62063331,1.8,21.6,22.1,21.2,76.3,0.5,1.593,0.073,1.666,0.013,1.788,0.025,128.153846153846
2021/4/17,10.41162201,0.692251991,0.771136857,6.085865315,17.95368573,8.149494569,8.339958726,18.07622737,271.4433823,23.56188993,1.6,21.7,22.2,21.3,70.7,0.4,1.722,0.077,1.799,0.016,1.895,0.023,112.4375
2021/4/18,8.386393917,1.28493845,2.797393193,0.710086894,13.17687183,7.973626358,8.337127444,19.12750253,273.874845,23.71116582,2.2,22,22.5,21.6,48,0.471428571428571,1.651,0.058,1.709,0.015,1.839,0.023,113.933333333333
2021/4/19,7.374503983,1.246632875,2.790970311,0.645351195,12.05515568,7.460559739,8.251407676,19.98128458,272.9422614,23.24478639,1.7,21.2,21.6,20.8,51.8,0.542857142857143,1.644,0.049,1.693,0.007,2.041,0.017,241.857142857143
2021/4/20,7.474395366,1.318081101,2.25711803,0.843287473,11.88976104,7.439380883,8.26117958,20.83472918,276.5502028,23.55676322,2,23.3,23.8,22.8,56.6,0.614285714285714,1.661,0.043,1.703,0.005,2.115,0.014,340.6
2021/4/21,7.563511948,1.107190442,1.574141926,1.774199855,12.0184866,7.594802317,8.30185735,20.4745105,278.7512534,23.87123823,2.3,24.7,25.2,24.2,59.8,0.685714285714286,1.67,0.066,1.736,0.006,1.957,0.038,289.333333333333
2021/4/22,9.427139754,0.687856626,1.262411296,3.597624909,14.97362056,7.922501086,8.387564808,20.21008472,281.3328943,24.84787111,2.2,26.2,26.7,25.5,67.3,0.757142857142857,1.648,0.066,1.714,0.01,1.946,0.04,171.4
2021/4/23,9.938812455,0.561107893,2.932635771,2.935923244,16.36704562,8.586585083,8.644658943,18.59609196,281.2042737,25.14863867,2.6,25.6,26.1,25.1,68.2,0.828571428571429,1.688,0.082,1.77,0.012,2.051,0.028,147.5
2021/4/24,9.186256336,0.802534395,2.04352643,3.833692976,15.86440261,8.776443157,8.808049964,15.91741274,279.2391303,25.24284576,2.5,25.2,25.7,24.8,62.6,0.9,1.652,0.061,1.713,0.008,2.15,0.039,214.125
2021/4/25,13.21192614,0.787284576,3.533888487,4.463345402,21.99416365,8.168585807,8.437085445,13.37297104,276.3130434,24.84683563,1.5,21.4,21.6,21.2,77.4,6.6,1.645,0.046,1.691,0.003,2.014,0.044,563.666666666667
2021/4/26,11.54299566,1.628082489,3.741628075,1.04183068,17.9539508,8.024910275,8.36698987,10.09819537,274.438979,25.29986252,2,23.8,24.1,23.4,61.3,7,1.636,0.074,1.71,0.006,1.94,0.043,285
2021/4/27,8.482054993,1.949037627,3.725629522,0.214088278,14.36507236,7.567237337,8.247251809,11.95997902,273.6280948,25.01001447,1.5,20.9,21.1,20.6,89.8,7.4,1.561,0.078,1.639,0.005,1.786,0.031,327.8
2021/4/28,4.98897974,1.612120116,2.361150507,0.014493488,8.966772793,7.032457308,8.115285094,15.8392547,273.8444081,24.90000724,1.3,21.2,21.3,21.1,95.9,19.6,1.679,0.107,1.786,0.01,2.001,0.04,178.6
2021/4/29,3.145130246,1.46431259,1.38329233,0.039790159,6.025311143,6.593311867,7.955102026,19.15817004,276.0068075,24.81281476,1.9,21.6,22,21.4,85.7,0.6,1.629,0.051,1.679,0.003,1.901,0.04,559.666666666667
2021/4/30,3.34686686,1.555593343,0.93366136,0.286439942,6.120998553,6.701011577,7.995900145,17.30899493,272.6335868,25.43335022,1.8,25.4,26,24.8,64.4,5.975,1.638,0.06,1.698,0.006,1.965,0.039,283
2021/5/1,8.648813314,1.565658466,0.558393632,2.282416787,13.05287988,7.622777858,8.210593343,13.5441013,273.0436194,26.53871925,1.8,26.7,27.4,26.1,57,11.35,1.634,0.121,1.756,0.015,2.052,0.023,117.066666666667
2021/5/2,10.77605644,1.238154848,1.066164978,2.690998553,15.77103473,7.554523878,8.182839363,10.72429378,274.7541556,25.93903039,2.7,24.2,24.6,23.8,70.8,16.725,1.61,0.16,1.77,0.022,1.962,0.03,80.4545454545455
2021/5/3,10.4483468,1.023681117,2.765547392,2.769448935,17.00618663,7.002637766,8.23559809,9.606595885,276.1611146,25.51589273,1.3,21.7,21.9,21.5,93.6,22.1,1.621,0.167,1.787,0.025,2.052,0.03,71.48
2021/5/4,5.103333333,1.714479879,2.101404708,0.42055429,9.338982536,6.697307517,8.221425968,9.481292331,278.1221109,25.85014427,1.5,25.2,25.4,24.9,88.8,2.6,1.566,0.017,1.583,0.004,1.888,0.032,395.75
2021/5/5,5.319553707,1.334780635,1.705537065,1.04096823,9.400885023,6.585453101,8.248708018,11.08697504,282.1315295,25.92402421,1.9,23.1,23.6,22.8,68.3,3.75,1.661,0.104,1.766,0.023,1.953,0.027,76.7826086956522
2021/5/6,6.643535127,1.224387145,1.12490284,2.742219731,11.73365471,6.470197309,8.224845291,19.60512182,287.9938946,25.83349028,1.5,23.8,24.2,23.3,63.8,4.9,1.581,0.099,1.68,0.01,2.251,0.021,168
2021/5/7,6.720640432,1.35974537,1.056712963,2.488796296,11.62478395,6.683324074,8.152927469,17.0385787,294.3670332,26.54580247,1.8,27.6,28.1,27.1,66.7,6.05,1.551,0.173,1.723,0.016,2.162,0.028,107.6875
2021/5/8,10.3746258,1.067882166,0.963041401,4.274800955,16.67600318,6.879285032,8.210423567,12.85324761,295.3612826,26.75089968,1.8,26.6,27.1,26.2,80,7.2,1.687,0.143,1.83,0.025,2.432,0.037,73.2
2021/5/9,12.88002894,1.026447178,1.780969609,6.806172214,22.49001447,7.019132417,8.370437771,12.58212446,297.1546585,26.84835022,1.9,24.8,25.3,24.4,86.4,12.6,1.713,0.073,1.785,0.017,2.175,0.037,105
2021/5/10,9.980101302,0.767814761,0.965441389,4.811888567,16.52032562,6.380260492,8.323633864,13.13168741,290.1670246,27.04804631,1.7,26.9,27.3,26.5,77,16.9,1.677,0.095,1.772,0.016,2.029,0.037,110.75
2021/5/11,10.45217438,0.690694645,1.235817656,6.592655572,25.29261939,7.082090449,8.686676556,13.29438278,281.1200897,28.03734443,2.3,28.9,29.4,28.3,72.8,21.2,1.599,0.095,1.694,0.022,2.034,0.035,77
2021/5/12,10.92424747,1.008740955,3.711635311,6.220940666,26.97001447,7.342935601,8.56895369,13.28641679,269.51539,28.12939942,2.4,28.1,28.6,27.5,78.8,25.5,1.606,0.086,1.692,0.022,2.112,0.034,76.9090909090909
2021/5/13,11.39632055,1.294891462,3.394952967,5.8229233,29.38000724,7.537694645,8.750437771,12.63127207,255.859903,28.69360347,1.8,29.2,29.6,28.8,74.3,0.1,1.306,0.244,1.55,0.009,1.978,0.044,172.222222222222
2021/5/14,11.86839363,2.071085384,3.078270622,1.578183792,18.59640376,6.841386397,8.424908104,12.50367077,251.5050666,29.06458755,2.4,29.6,30,29.1,73,0.555555555555556,1.474,0.104,1.577,0.006,1.813,0.031,262.833333333333
2021/5/15,10.3936903,2.247416787,2.789963821,1.021034732,16.45191751,6.70943343,8.41515919,13.04795224,253.5116158,29.37147612,2.8,29.4,29.9,29,71.5,1.01111111111111,1.671,0.137,1.809,0.019,2.096,0.04,95.2105263157895
2021/5/16,7.787894356,1.992091172,2.251910275,0.437995658,12.46817656,6.641125904,8.472217077,12.93571346,260.4817967,29.74948625,2.7,30.1,30.5,29.6,72,1.46666666666667,1.659,0.104,1.763,0.012,1.994,0.039,146.916666666667
2021/5/17,7.709942113,1.648900145,1.862930535,0.631671491,11.85104197,6.469572359,8.455266281,13.57013821,261.8157344,29.90559334,1.9,30,30.4,29.7,67.5,1.92222222222222,1.704,0.104,1.807,0.021,2.091,0.036,86.047619047619
2021/5/18,7.95459479,1.794536903,2.183371925,0.967460203,12.90041245,6.649285818,8.53606657,14.0753437,256.222254,30.06843705,2.1,25.8,26.3,25.4,88.1,2.37777777777778,1.746,0.083,1.829,0.021,2.016,0.046,87.0952380952381
2021/5/19,6.148660391,2.073439537,2.115097755,0.525887038,10.86202752,5.60484504,8.199367125,17.47628675,238.6494388,29.48325851,2.1,28.8,29.2,28.3,73.8,2.83333333333333,1.751,0.074,1.825,0.021,2.11,0.039,86.9047619047619
2021/5/20,6.47459479,2.147988423,1.725434153,1.445188133,11.79195369,5.664633864,8.179396527,19.21553763,227.5206925,29.48351664,2.1,28.9,29.3,28.6,79.3,3.28888888888889,1.822,0.071,1.893,0.031,2.219,0.038,61.0645161290323
2021/5/21,6.24963097,2.020904486,1.553552822,1.10841534,10.93223589,5.561160637,8.159390014,16.45255716,232.5255246,29.9261288,2,31.1,31.6,30.6,70.7,3.74444444444444,1.884,0.043,1.926,0.032,2.233,0.037,60.1875
2021/5/22,9.313533671,2.253519189,1.960905141,1.099435192,14.62744388,5.877463432,8.240046343,15.23314917,234.1153193,30.61512672,2.3,29.9,30.4,29.5,77.3,4.2,1.921,0.026,1.947,0.031,2.348,0.035,62.8064516129032
2021/5/23,8.771643736,2.272353367,2.031506155,0.384373642,13.45615496,5.540172339,8.104181028,15.20816872,233.3996727,30.47850833,2.5,29.9,30.3,29.6,76.5,2.9,2.196,0.005,2.201,0.027,2.535,0.044,81.5185185185185
2021/5/24,12.23581766,2.632329957,2.072858177,1.804732272,18.74377713,5.99436903,8.245825615,16.47179522,232.4257236,30.82335022,2,28.1,28.8,27.7,78.2,1.6,2.098,0.034,2.132,0.031,2.345,0.04,68.7741935483871
2021/5/25,7.288306802,2.306570188,2.200593343,0.653031838,12.44767728,5.440452967,8.144913893,18.36548408,230.6787511,30.22277135,1.7,26.3,26.5,26.1,78.5,0.1,1.93,0.13,2.06,0.036,2.463,0.039,57.2222222222222
2021/5/26,7.123219971,1.942163531,1.935021708,0.574160637,11.57366136,5.319136758,8.136945007,16.31444935,232.7540948,30.65795948,1.4,28.1,28.6,27.7,78.8,0.2,1.917,0.124,2.041,0.034,2.426,0.038,60.0294117647059
2021/5/27,13.12875543,2.231968162,1.083849493,2.358885673,18.79989146,6.071547757,8.418051375,16.28587844,233.0576527,31.29712735,1.5,30.9,31.3,30.5,70,7.8,1.958,0.18,2.137,0.034,2.498,0.038,62.8529411764706
2021/5/28,12.95147251,4.157943208,1.380053722,3.748687644,30.00017652,7.101962394,8.76795472,16.93598388,229.1408833,32.00852648,2.4,30.8,31.4,30.3,67.9,15.4,1.975,0.111,2.086,0.034,2.353,0.038,61.3529411764706
2021/5/29,12.77418958,4.349261939,3.183798842,0.983487699,21.28761939,6.139880608,8.441345152,17.4228741,222.2945854,30.89643994,1.6,26.2,26.6,26,89.8,16.1,1.979,0.139,2.118,0.033,2.439,0.04,64.1818181818182
2021/5/30,4.561085384,2.618393632,2.726816208,0.11463097,10.0176411,5.214311143,8.071892185,22.76943271,215.3344913,29.86959479,1.5,24.5,24.7,24.3,95.6,16.8,1.957,0.017,1.974,0.018,2.303,0.032,109.666666666667
2021/5/31,2.984026068,2.615481535,1.433403331,0.02750181,7.051535119,5.304112238,8.085283128,25.37019501,203.6039862,28.23417813,1,23.4,23.5,23.2,97.9,17.5,1.861,0.069,1.929,0.018,2.156,0.028,107.166666666667
2021/6/1,3.477842143,5.352635771,1.66583635,0.01,10.49589428,5.560797248,8.038701665,27.97095731,181.4928096,26.96889935,0.9,25.5,25.7,25.3,93,13.75,2.14,0.028,2.167,0.034,2.551,0.041,63.7352941176471
2021/6/2,3.030108617,4.717726285,1.443895728,0.01,9.191506155,5.700404055,7.981805938,30.57171961,203.4564004,26.58310644,1.3,25.8,26.1,25.5,94.8,10,1.963,0.089,2.053,0.027,2.476,0.042,76.037037037037
2021/6/3,2.947487328,2.962997828,1.011259957,0.01,6.921904417,5.83266546,7.93962853,33.17248191,186.9039558,26.9796307,1.6,29.2,29.7,28.8,78.9,11.4,2.099,0.236,2.528,0.028,2.696,0.038,90.2857142857143
2021/6/4,3.871049964,3.021397538,1.420637219,0.011448226,8.314532947,5.70969008,7.979272266,35.77324422,180.9057118,27.21068067,1.9,27.9,28.5,27.4,82.6,12.8,2.422,0.383,2.805,0.031,2.963,0.038,90.4838709677419
2021/6/5,3.581513396,2.923359884,1.228291093,0.01,7.733178856,5.639686459,7.9536937,38.37400652,181.6461195,27.00388125,1.3,24.8,25,24.6,92.2,4,2.482,0.292,2.774,0.026,2.89,0.036,106.692307692308
2021/6/6,3.501520637,2.568884866,1.726929761,0.22102824,8.009724837,5.412113686,7.894482259,40.97476882,178.8716068,27.04002896,1.4,23.5,23.7,23.3,93.6,4.1,2.476,0.296,2.772,0.019,2.802,0.038,145.894736842105
2021/6/7,4.047988423,2.928039074,1.700513748,1.252416787,9.921859624,5.264939219,7.874144718,43.57553112,168.8762192,26.74773517,1.1,23,23.2,22.7,95.7,5.8,2.486,0.28,2.766,0.033,2.871,0.035,83.8181818181818
2021/6/8,5.42105644,2.714985528,2.647655572,2.965564399,13.74384949,5.707744573,7.883871201,46.17629342,165.6280572,26.93375543,1.1,25.3,25.6,24.9,94.7,18.4,2.548,0.292,2.84,0.024,2.999,0.037,118.333333333333
2021/6/9,3.706534009,2.315607815,2.045397974,0.598762663,8.661577424,5.4930767,7.822294501,48.77705572,169.1801346,26.83922576,1.5,26.9,27.2,26.6,87.3,0.9,2.677,0.211,2.888,0.027,3.155,0.036,106.962962962963
2021/6/10,5.004493488,2.285788712,1.838328509,0.909182344,10.03361795,5.910382055,7.919751085,40.04733936,171.3099276,27.38000724,1.6,28.3,28.8,27.8,78.6,1.1,2.635,0.099,2.734,0.026,3.128,0.04,105.153846153846
2021/6/11,6.557850941,2.474486252,1.992199711,1.100542692,12.12203329,5.986240232,7.96860275,35.69748336,175.4787453,27.89850217,1.9,29.6,30,29.2,71.8,1.66666666666667,2.512,0.166,2.678,0.027,3.052,0.036,99.1851851851852
2021/6/12,10.47475018,3.004083997,2.013425054,2.717328023,18.20921072,6.626325127,8.162823316,27.54421941,174.0505844,28.72382332,1.9,29.4,29.8,29,75.1,2.23333333333333,2.581,0.2,2.781,0.025,2.801,0.037,111.24
2021/6/13,11.39622737,4.336705286,1.629080377,6.692700941,30.5816365,7.225125996,8.52286097,20.88828168,170.8925851,29.09868211,1.6,28.8,29.2,28.4,83.1,2.8,2.555,0.095,2.651,0.028,2.999,0.043,94.6785714285714
2021/6/14,12.31770456,3.687096307,3.170043447,3.827284576,23.00211441,6.763837075,8.286925416,20.05389356,170.2467371,29.40347574,1.4,29.4,29.9,29,81.4,3.2,2.546,0.089,2.636,0.025,2.985,0.035,105.44
2021/6/15,12.76595804,1.172498158,3.30249151983333,5.550228096,31.96731761,7.009096536,8.693786293,16.97281061,174.6310346,30.18782609,2.1,30.7,31.1,30.3,73.3,6.48163265306122,2.288,0.11,2.398,0.031,2.921,0.034,77.3548387096774
2021/6/16,13.21421152,0.896545981,3.43493959266667,7.273171615,31.23793832,7.283805214,8.61447719,16.83795583,180.4683172,30.7655105,2,31.9,32.3,31.5,66.4,9.76326530612245,2.065,0.147,2.212,0.027,2.367,0.035,81.9259259259259
2021/6/17,13.662465,1.68961622,3.567387666,3.974916727,30.50855902,7.323084721,8.760372918,14.15688414,182.8636032,31.75823316,2.3,32.1,32.5,31.6,65.6,13.0448979591837,2.009,0.155,2.164,0.019,2.255,0.039,113.894736842105
2021/6/18,14.11071848,3.352888563,3.69983573833333,1.480505865,25.64664223,7.260438416,8.66738783,18.10482405,182.2212507,31.99110704,2.3,32.3,32.7,31.9,66.9,16.3265306122449,1.904,0.087,1.99,0.019,2.204,0.034,104.736842105263
2021/6/19,12.69496017,3.243685735,3.83228381116667,0.716705286,22.62076032,7.318708907,8.842859522,17.98261984,181.7186162,32.48895728,2.3,33.1,33.5,32.6,63.8,19.6081632653061,1.929,0.189,2.118,0.029,2.628,0.057,73.0344827586207
2021/6/20,13.06872464,3.638746377,3.964731884,1.003405797,21.67378261,7.245958696,8.801305797,15.67951812,164.6488964,32.55293478,2,32.5,32.9,32.2,68.5,22.8897959183673,1.866,0.062,1.929,0.016,2.53,0.056,120.5625
2021/6/21,6.75934877,2.835984081,2.980781476,0.369905933,12.94307525,6.822700434,8.488646889,13.44834009,184.3057315,32.21141823,2.4,28.3,28.9,27.9,82.3,26.1714285714286,1.795,0.068,1.863,0.019,2.489,0.069,98.0526315789474
2021/6/22,4.531796875,1.943177083,1.928723958,0.634296875,9.034965278,6.002881076,8.144580729,15.43850347,189.0062448,30.95539931,1.6,25,25.2,24.8,96.6,23.6,1.743,0.078,1.821,0.016,2.496,0.052,113.8125
2021/6/23,4.704232996,2.249761216,1.742879884,0.8823589,9.579153401,5.115618669,7.979740232,26.03100507,175.4854291,30.07568741,1.5,25.3,25.5,25.1,90.7,12.05,1.899,0.134,2.033,0.038,2.394,0.044,53.5
2021/6/24,4.310383502,2.303357453,1.620354559,0.431613603,8.664826339,4.951982634,8.05368958,29.51929884,168.2501027,29.49064399,1.1,25.3,25.5,25.1,91.6,0.5,1.778,0.132,1.91,0.032,2.32,0.043,59.6875
2021/6/25,4.245991317,1.983871201,1.684797395,1.424652677,9.338314038,5.171550651,8.107403039,27.28146527,185.1301838,29.22596237,1.3,26.1,26.4,25.8,90.4,1.3,2.307,0.018,2.325,0.037,2.445,0.051,62.8378378378378
2021/6/26,3.8047178,2.20463097,1.39922576,0.844319826,8.251410999,5.203293777,8.150585384,27.94995731,190.6403292,29.1847974,1.5,27.3,27.6,27,91.5,3.8,2.048,0.009,2.057,0.036,2.783,0.083,57.1388888888889
2021/6/27,9.500918958,4.03406657,0.444978292,5.68369754,19.65841534,6.433855282,8.608043415,25.1874233,182.2809096,29.97444284,2.2,29.3,29.8,28.9,77.7,9.11666666666667,1.908,0.012,1.92,0.035,2.778,0.069,54.8571428571428
2021/6/28,14.25927589,5.868066618,0.680014482,5.182036903,30.73459812,6.854107169,8.791021723,24.20205938,190.5740427,29.88635047,1.3,28.6,28.9,28.3,80.3,14.4333333333333,2.068,0.143,2.211,0.037,2.338,0.111,59.7567567567568
2021/6/29,13.72623734,5.305086334,1.009790159,4.680376266,26.27138205,6.595621563,8.555907381,18.84773806,182.3154986,29.7805644,1.3,26.5,26.9,26.1,92.1,19.75,1.945,0.132,2.077,0.036,2.341,0.056,57.6944444444444
2021/6/30,10.05462285,4.742106049,1.787453323,2.233973114,18.81708738,5.855188947,8.230150859,16.61694847,189.6541546,29.98994025,1.8,29,29.5,28.3,83,17.9,1.908,0.089,1.997,0.051,2.429,0.054,39.156862745098
2021/7/1,10.23335022,3.207648336,1.667120116,2.745260492,17.8531042,5.71652026,8.094580318,17.5315369,195.5945847,29.89128799,1.9,29.6,30,29.2,80.8,1.7,1.933,0.098,2.031,0.038,2.291,0.0545,53.4473684210526
2021/7/2,11.37768116,3.484753623,2.035043478,3.114731884,20.01183333,6.150137681,8.244502899,17.32571522,195.4577341,30.55868116,2.2,30.5,30.9,30.1,75.3,1.45,1.903,0.128,2.031,0.042,2.602,0.055,48.3571428571429
2021/7/3,13.92808973,4.039001447,2.123075253,4.596078148,24.68549928,6.384133864,8.49689508,16.16323661,185.9533973,30.96692475,2,30.9,31.4,30.5,71.6,1.2,1.925,0.124,2.049,0.034,2.469,0.063,60.2647058823529
2021/7/4,9.610976845,3.948704776,2.632373372,1.191939219,17.38403039,6.049352388,8.256375543,14.96980318,177.6659841,30.8697178,2.1,30.3,30.7,29.8,69.3,0.95,1.767,0.06,1.826,0.02,2.495,0.072,91.3
2021/7/5,13.8032055,4.778422576,3.487510854,2.188617945,24.25771346,6.944401592,8.737348046,13.66044139,169.6507533,31.4801809,1.9,31.7,32.1,31.2,66.9,0.7,1.72,0.133,1.853,0.025,2.651,0.057,74.12
2021/7/6,12.07648081,4.28121651,3.787233888,0.894887762,21.03905141,6.553530051,8.629115858,14.90550905,165.6771412,31.44707458,2.1,29.2,29.7,28.7,80.9,0.45,1.831,0.091,1.922,0.034,2.626,0.093,56.5294117647059
2021/7/7,9.815503259,3.756183925,3.395380159,1.172483707,18.13720492,6.463729906,8.465971035,16.05989935,167.5190109,31.51370022,2.2,29.7,30.1,29.3,75.9,0.2,1.711,0.244,1.955,0.033,2.607,0.05,59.2424242424242
2021/7/8,10.95268841,3.548427536,2.585884058,2.04123913,19.12818841,6.786774638,8.452552174,14.13558913,174.9640014,32.11398551,2.2,30.7,31.2,30.3,68.3,0.53,1.504,0.082,1.586,0.022,2.302,0.048,72.0909090909091
2021/7/9,5.504181159,2.163811594,1.502586957,0.092347826,9.257550725,6.046669565,8.193336232,14.32292681,180.2054688,32.37757246,2.3,30.8,31.3,30.4,64.1,0.86,1.587,0.127,1.713,0.037,2.433,0.055,46.2972972972973
2021/7/10,6.883577118,1.927060101,1.425582911,0.112773353,10.34543085,6.118406951,8.231006517,14.48876828,184.2471658,32.12149891,2.2,30.4,30.9,29.9,69.1,1.19,1.636,0.129,1.765,0.032,2.354,0.049,55.15625
2021/7/11,6.383120927,1.910434468,1.750847212,0.111115134,10.15242578,6.083314989,8.295709631,14.7946546,191.5948907,32.06461984,2.1,30.2,30.6,29.8,71.8,1.52,1.614,0.069,1.682,0.027,2.403,0.038,62.2962962962963
2021/7/12,8.041389291,2.232496382,1.850571635,0.194450072,12.31613603,6.193002894,8.508206223,13.93128148,197.4919081,32.32077424,2.3,30.4,30.8,29.9,72.6,1.85,1.559,0.064,1.623,0.03,2.339,0.041,54.1
2021/7/13,7.155549928,2.087727931,1.98105644,0.147894356,11.36910275,6.012078148,8.519332127,14.45917583,201.3328068,32.18513025,2.5,30.8,31.3,30.4,72,2.18,1.766,0.116,1.882,0.018,2.38,0.041,104.555555555556
2021/7/14,7.182688187,1.298066618,1.243222303,2.008819696,22.57560463,6.305525706,8.857868211,15.02987328,202.6128624,32.66242578,2.3,31.1,31.6,30.8,70,2.51,1.353,0.107,1.46,0.014,2.115,0.04,104.285714285714
2021/7/15,7.209826446,1.393248915,1.095861071,3.328379161,26.25574009,6.70171563,8.922968162,14.63866715,203.6497945,32.59450796,2.4,29.9,30.5,29.5,71.8,2.84,1.543,0.182,1.726,0.024,2.263,0.035,71.9166666666667
2021/7/16,7.236964705,1.250065123,1.810151954,2.978270622,29.93587554,6.498894356,8.550811143,16.12656802,204.3316093,32.46720695,2.3,29.8,30.2,29.3,73.1,3.17,1.363,0.044,1.407,0.009,1.852,0.079,156.333333333333
2021/7/17,7.264102964,0.434073806,1.346222865,3.991751085,29.14519899,6.753607091,8.623068741,15.55916787,203.1725029,32.54948625,1.7,28.4,28.9,28,79.4,3.5,1.486,0.07,1.556,0.004,2.143,0.035,389
2021/7/18,7.291241223,1.279616498,1.037178003,2.440730825,28.35452243,6.123664255,8.463329957,16.42479161,205.7711245,32.65373372,2.1,28.8,29.2,28.3,78.2,0.6,1.469,0.057,1.525,0.004,2.293,0.034,381.25
2021/7/19,7.318379482,1.82224475,1.215937726,1.850919623,23.28674149,5.942661115,8.39164084,16.75889935,201.4070275,32.51031137,1.8,29.6,29.9,29.2,71.9,10.9583333333333,1.425,0.128,1.552,0.008,2.199,0.033,194
2021/7/20,7.345517741,2.085923244,1.629015206,0.306198407,11.36172339,5.408766112,8.2032042,17.80381101,198.0154156,31.92149891,1.7,26.8,27.2,26.5,87.5,21.3166666666667,1.409,0.051,1.46,0.003,1.971,0.037,486.666666666667
2021/7/21,4.65615496,1.895090514,1.285155684,0.518327299,8.350644461,5.18485735,8.119939175,18.025874,202.6185083,32.07700941,1.6,29.3,29.7,28.8,74.3,17.1111111111111,1.467,0.177,1.644,0.022,2.212,0.066,74.7272727272727
2021/7/22,5.656748733,2.133917451,1.183425054,0.296364953,9.266821144,5.174769008,8.135614048,15.53546198,203.8628552,32.23176684,1.9,30.9,31.4,30.5,66.9,12.9055555555556,1.458,0.171,1.629,0.027,2.298,0.039,60.3333333333333
2021/7/23,11.97556843,2.149319334,1.139094859,2.208667632,17.47052136,5.838780594,8.374678494,15.30237944,202.2955786,32.19863867,2.3,29.6,30.3,29.1,77.8,8.7,1.483,0.169,1.652,0.025,1.931,0.045,66.08
2021/7/24,13.56090514,4.662005793,3.539594497,2.187364229,23.94981173,6.659268646,8.540273715,15.38988487,200.5229681,32.69335988,2.1,30.6,31.1,30.1,71.3,1,1.527,0.131,1.658,0.022,2.004,0.041,75.3636363636364
2021/7/25,13.08849385,3.959029689,2.844503983,2.135213613,22.02715424,6.672608255,8.520245474,14.91311948,197.467672,32.81855902,2,31.2,31.7,30.6,69,0.2,1.574,0.133,1.707,0.019,2.098,0.045,89.8421052631579
2021/7/26,11.47232272,4.267351664,2.44959479,1.272829233,19.46160637,6.812098408,8.629808249,17.91907525,190.1817779,33.26165702,2,32,32.4,31.5,64.3,3.75,1.718,0.097,1.815,0.014,2.121,0.057,129.642857142857
2021/7/27,9.36695369,4.232916064,1.6523589,0.763632417,16.01509407,6.650296671,8.688634588,21.86701085,185.7086491,33.44504342,2.2,31.4,32,30.9,70,7.3,1.463,0.109,1.572,0.012,2.247,0.045,131
2021/7/28,6.65524602,2.870390738,1.189254703,0.089688857,10.79672214,5.872478292,8.306571635,15.36576845,186.642063,33.14418234,2.1,31.6,32.1,31.1,71.3,10.85,1.432,0.075,1.507,0.008,1.917,0.039,188.375
2021/7/29,7.954934877,2.199305355,1.434240232,0.356497829,11.94212012,6.081083213,8.385478292,13.6988741,190.4206201,33.05351664,2.2,28.5,29,28,86,14.4,1.487,0.092,1.579,0.015,1.882,0.033,105.266666666667
2021/7/30,7.106900797,2.089927589,2.093664012,0.286212889,11.57283852,5.29273063,8.172260681,17.44407893,200.5991202,32.56251991,1.6,28.4,28.8,28,85.8,3.6,1.278,0.053,1.331,0.006,1.958,0.031,221.833333333333
2021/7/31,8.990672938,2.168545586,1.754638205,0.898596237,13.80916064,5.525025326,8.175924023,16.80646165,201.5083792,32.55326339,2.1,28.2,28.6,27.7,87.4,25.7,1.553,0.036,1.589,0.014,1.879,0.041,113.5
2021/8/1,10.38531114,3.34605644,1.878646889,1.346917511,16.95293777,5.323494935,8.170273517,18.72780174,220.3587525,32.41866136,1.9,28.7,29.1,28.2,83.6,23.9,1.685,0.08,1.765,0.042,2.63,0.0445,42.0238095238095
2021/8/2,10.71952933,5.682831282,1.664750181,1.730036206,19.79322954,5.13747357,8.231679942,20.66681608,211.1649696,32.25236785,1.8,27.5,28.1,27.1,89.3,22.1,2.256,0.138,2.393,0.046,3.029,0.048,52.0217391304348
2021/8/3,7.109225199,4.773251267,1.984699493,0.321006517,14.18129616,4.77807386,8.115613324,24.87992831,194.8344533,31.94743664,2,29.1,29.6,28.7,79,18.775,1.537,0.093,1.631,0.012,2.492,0.037,135.916666666667
2021/8/4,4.959377263,4.057834902,1.580014482,0.148030413,10.73699493,4.867466329,8.136367125,49.61805648,188.3121738,31.00586531,2.9,28,28.5,27.5,86.9,15.45,1.526,0.086,1.611,0.007,2.014,0.032,230.142857142857
2021/8/5,3.035626358,5.506198407,1.704916727,0.01,10.24670529,5.267159305,8.103333092,50.32016437,166.8467545,29.35476466,3.3,25.9,26.2,25.7,97.3,12.125,1.631,0.096,1.727,0.015,1.952,0.038,115.133333333333
2021/8/6,2.060181028,5.327410299,1.950412744,0.01,13.44576394,5.188280232,7.937775525,51.02227226,156.5830471,27.50464881,1.6,26.8,27,26.6,95.6,8.8,1.496,0.049,1.545,0.007,1.992,0.035,220.714285714286
2021/8/7,2.893451777,5.14862219,1.605141407,0.01,9.647280638,5.469780276,7.986113851,51.72438016,150.0932284,28.26306019,1.6,29.9,30.3,29.3,79.8,5.1,1.685,0.24,1.925,0.028,2.968,0.054,68.75
2021/8/8,3.341995646,3.282068215,1.236364296,0.01,7.860558781,5.564950653,8.049389695,52.42648805,158.1005051,28.95887518,1.8,29.4,29.9,29,82.1,1.4,1.71,0.086,1.796,0.023,2.508,0.052,78.0869565217391
2021/8/9,3.526292542,2.727574222,1.451868211,0.231998552,7.930094135,5.412263577,8.042301231,53.12859594,163.2250992,29.46374366,2.2,29.8,30.1,29.4,81.1,0.9,1.587,0.115,1.701,0.034,2.587,0.06,50.0294117647059
2021/8/10,2.902438495,2.468589001,1.1323589,0.034522431,6.529775687,5.239523155,7.994374819,46.90355572,161.2798944,29.32217077,1.6,27.6,27.9,27.4,88.5,0.4,1.865,0.111,1.976,0.034,2.273,0.039,58.1176470588235
2021/8/11,3.434081042,2.874327062,1.336982634,0.045955137,7.683125904,5.2963589,8.002439942,42.6714848,150.8608734,29.26777858,1.5,27.9,28.3,27.6,87,0.4,1.483,0.068,1.551,0.026,2.798,0.041,59.6538461538462
2021/8/12,4.609232996,2.977561505,1.782583213,0.330817656,9.694167873,5.376133864,8.022539797,32.61859117,154.1452366,29.57731548,1.6,29.4,29.8,29.1,78.9,0.1,1.305,0.11,1.414,0.007,2.528,0.039,202
2021/8/13,4.019277311,2.919,1.543739496,0.281848739,8.755436975,5.757617647,7.996106723,30.92719664,137.6052773,29.37537815,2.5,29.1,29.5,28.7,80,0.15,1.639,0.053,1.692,0.004,1.922,0.035,423
2021/8/14,7.171198957,2.564022589,1.247289314,3.381259774,14.35650738,6.140099913,8.014158123,29.66117029,133.7722242,29.23324935,1.7,28.9,29.3,28.5,80.6,0.2,1.302,0.183,1.485,0.023,2.006,0.079,64.5652173913044
2021/8/15,10.60349065,2.654149599,1.780124666,4.730632235,19.76539626,6.590671416,8.324130009,26.29027783,134.9465227,29.66234194,1.6,28.4,28.9,28,82.9,2.2,1.25,0.182,1.432,0.027,2.327,0.037,53.037037037037
2021/8/16,8.529734513,2.979626352,2.076941986,1.210825959,14.7926647,5.89600295,8.272259587,20.28079154,138.9765762,30.18381514,1.9,30.3,30.7,29.9,75.8,0.5,1.5,0.143,1.643,0.025,1.945,0.039,65.72
2021/8/17,6.949179811,3.387139853,2.343238696,0.84212408,13.51549947,5.762944269,8.277171399,9.274466877,146.3298517,30.43293375,2.3,29.1,29.7,28.8,80.3,7.1,1.774,0.12,1.894,0.025,2.153,0.047,75.76
2021/8/18,8.951539379,2.833603819,0.898472554,3.867828162,16.5447852,6.267813842,8.209169451,17.72697494,154.0786611,30.13406921,1.5,26.6,27,26.3,90.4,4.5,1.366,0.126,1.491,0.022,2.019,0.052,67.7727272727273
2021/8/19,11.54215178,1.40024976,0.075965418,6.140806916,19.1492123,6.245907781,8.150486071,26.56249664,159.3408184,30.62894332,1.9,27.8,28.3,27.3,83,13.6,1.493,0.063,1.557,0.026,2.382,0.044,59.8846153846154
2021/8/20,10.70040741,2.185851852,0.402493827,4.165592593,17.44749383,5.601995062,8.377201235,19.57303457,165.7975506,30.60511111,1.9,29.6,30,29.2,75.9,6.95,1.492,0.096,1.589,0.017,2.386,0.048,93.4705882352941
2021/8/21,7.835217391,3.81028133,0.834936061,1.957314578,14.43493606,5.49402046,8.324780051,19.79120205,169.2794271,29.90859335,1.5,29,29.4,28.7,79.9,0.3,1.596,0.096,1.691,0.013,2.245,0.043,130.076923076923
2021/8/22,12.84954509,4.623088587,0.251675978,6.720542698,24.4366241,6.22867917,8.604981644,19.02941899,176.0946808,30.86873105,1.9,28,28.5,27.5,84,13.6,1.502,0.19,1.692,0.02,2.29,0.034,84.6
2021/8/23,13.11863738,3.847639613,0.275316456,6.412620998,23.64866716,6.259300074,8.459098287,22.56362547,179.2389501,31.02382725,2,29.6,30.1,29.2,76.2,7.15,1.138,0.038,1.176,0.01,1.739,0.071,117.6
2021/8/24,10.9338484,3.691333819,0.637303207,4.911873178,20.17042274,5.911551749,8.278065598,25.42311953,182.4073192,30.67392857,2,29.5,30,29,79.6,0.7,1.652,0.074,1.725,0.003,2.564,0.037,575
2021/8/25,12.09067343,5.273685735,0.675879797,5.530123099,23.56687183,6.441062274,8.611497466,24.9654656,164.5922165,31.1873063,1.9,29.9,30.3,29.6,78.6,0.853846153846154,1.189,0.047,1.236,0.004,2.464,0.037,309
2021/8/26,10.43034033,5.886748733,0.888435916,4.958081101,22.16101376,6.912674149,8.533937002,29.21331644,183.1754946,31.43632875,2.2,30,30.5,29.6,76.6,1.00769230769231,1.883,0.08,1.962,0.017,2.545,0.05,115.411764705882
2021/8/27,9.773434783,6.328652174,1.148521739,3.637652174,20.88792754,6.759031159,8.414441304,28.92565942,170.171508,31.22784058,1.9,29.6,30,29.2,80,1.16153846153846,1.644,0.11,1.754,0.036,2.613,0.06,48.7222222222222
2021/8/28,8.390405503,5.913598354,1.565561188,2.094525706,18.4588559,6.579396814,8.353740043,28.77393483,171.3077574,31.37548154,2,29.6,30,29.3,81,1.31538461538462,2,0.055,2.055,0.021,2.378,0.077,97.8571428571429
2021/8/29,7.821752353,5.498544533,1.431173063,1.168928313,15.91853729,6.589493121,8.438902969,25.05715062,171.6294164,31.91935554,2,30.1,30.6,29.7,79,1.46923076923077,1.486,0.151,1.638,0.024,2.659,0.047,68.25
2021/8/30,6.51871832,4.998421434,1.492440261,0.895104996,13.90198407,6.437323678,8.541155684,25.02308762,171.0840101,31.86937002,1.8,29.4,29.9,29,81.7,1.62307692307692,1.716,0.089,1.806,0.033,3.002,0.082,54.7272727272727
2021/8/31,5.804493488,3.173958032,1.661136035,0.988632417,11.62563676,6.284815485,8.440507959,25.90994573,173.2712685,31.9067945,1.9,30.4,30.9,30,74.5,1.77692307692308,1.754,0.037,1.792,0.014,1.872,0.035,128
2021/9/1,5.074392185,2.486787265,1.564457308,0.479855282,9.601657019,6.099843705,8.388879161,26.5783437,172.1121758,32.01851664,2.1,30.1,30.5,29.8,80.8,1.93076923076923,1.589,0.019,1.608,0.007,1.984,0.061,229.714285714286
2021/9/2,4.311917511,2.255376266,1.504218524,0.169725036,8.237445731,6.079685962,8.340592619,28.74458177,175.5509783,32.1728437,2.2,29.8,30.3,29.4,74.1,2.08461538461538,1.656,0.181,1.837,0.013,2.216,0.072,141.307692307692
2021/9/3,3.348791606,2.089725036,1.336577424,0.162496382,6.932366136,5.970870478,8.292238061,32.62895658,176.1707359,32.01199711,2.1,29.2,29.7,28.7,77.7,2.23846153846154,1.644,0.193,1.837,0.022,2.163,0.069,83.5
2021/9/4,4.70146165,2.170173661,1.396722142,0.401049204,8.666396527,6.04030246,8.203186686,32.52504342,177.6918148,32.3573589,2.2,30,30.5,29.6,77.5,2.39230769230769,1.657,0.172,1.829,0.018,2.039,0.07,101.611111111111
2021/9/5,5.067409551,2.752026049,1.492807525,0.501092619,9.811367583,6.236033285,8.232942113,33.36384081,177.0852091,32.36564399,2,30.5,31.1,30.1,76.2,2.54615384615385,1.641,0.151,1.792,0.013,2.056,0.062,137.846153846154
2021/9/6,3.518863965,2.441801737,1.356671491,0.214088278,7.525600579,5.768743126,8.138641823,32.18066425,186.8208849,31.89728654,1.6,28.6,28.9,28.2,83.6,2.7,1.647,0.27,1.917,0.03,2.121,0.045,63.9
2021/9/7,3.197132513,2.392556119,1.29685735,0.097299059,6.978479363,5.658577842,8.103454743,28.41664446,178.8758943,32.23278783,2.2,29.5,30.1,29,74.2,9.6,1.593,0.231,1.824,0.017,2.095,0.046,107.294117647059
2021/9/8,3.537489146,2.269609262,1.142301013,0.188835022,7.13313314,5.529107091,8.174952243,19.74794863,177.7321389,32.17515919,2,27.8,28.3,27.3,81.1,16.5,1.493,0.176,1.668,0.009,1.915,0.066,185.333333333333
2021/9/9,6.446367583,3.962011577,1.780065123,0.883632417,13.07113603,6.186656295,8.365124457,12.24017656,186.3434407,31.85705499,1.8,29.3,29.6,28.8,75.3,14.5125,1.628,0.115,1.742,0.004,2.343,0.047,435.5
2021/9/10,6.8429233,3.368863965,1.676432706,0.949160637,12.83503618,6.237911722,8.007842258,21.73438495,190.8926823,31.71113603,1.7,30.1,30.4,29.6,74.3,12.525,1.647,0.186,1.833,0.007,2.205,0.075,261.857142857143
2021/9/11,8.631599132,3.444725036,1.036606368,2.889175109,15.99772793,6.434015195,8.159285818,20.77536469,182.0455912,32.04021708,2,32.1,32.6,31.6,61.1,10.5375,1.715,0.183,1.898,0.016,2.142,0.081,118.625
2021/9/12,8.28287777,4.387452967,1.192387844,3.972308249,22.35442836,6.649270622,8.53366136,19.17443922,171.3491881,32.14254703,2.3,30.6,31.1,30.3,70.5,8.55,1.76,0.189,2.207,0.033,2.441,0.072,66.8787878787879
2021/9/13,7.934156408,3.782302679,1.386683563,1.383533671,14.48294714,6.067027516,8.519390297,23.73607169,175.5788001,32.04840695,1.4,29.9,30.4,29.4,74.1,6.5625,1.718,0.195,1.913,0.004,2.324,0.056,478.25
2021/9/14,7.505727734,3.640347574,1.492107169,0.894207096,13.53246198,6.421678494,8.565931933,34.91043881,174.6218443,32.30465605,1.8,31.2,31.6,30.7,69.1,4.575,1.782,0.1105,2.275,0.018,2.417,0.043,126.388888888889
2021/9/15,4.846799421,3.407422158,1.561658219,0.118262129,9.928037654,6.465165822,8.561616944,21.71490369,181.4218284,32.20187545,2.2,30.7,31.2,30.3,68.8,2.5875,1.79,0.026,1.816,0.013,2.548,0.084,139.692307692308
2021/9/16,4.390108617,2.904713975,1.301310644,0.034952933,8.622722665,5.920403331,8.394561188,24.76667994,188.7454692,32.14666184,2.1,29.9,30.3,29.6,72.9,0.6,1.797,0.117,1.914,0.019,2.375,0.069,100.736842105263
2021/9/17,3.135546705,2.246401159,1.037509051,0.021180304,6.432056481,5.976091238,8.365882694,27.07742578,184.1490261,31.59632151,1.7,29,29.4,28.7,77.9,0.84,1.862,0.139,2,0.033,2.528,0.074,60.6060606060606
2021/9/18,2.535409124,1.852505431,0.889891383,0.014590876,5.282889211,5.930742216,8.265573497,21.52158436,195.8375445,31.73884866,2,29.6,29.9,29.2,74.1,1.08,1.782,0.148,1.93,0.007,2.385,0.054,275.714285714286
2021/9/19,2.878146271,1.960325851,1.055930485,0.027762491,5.913265749,5.845096307,8.175010138,11.97147067,210.2436169,32.03110789,1.8,29.4,29.8,29,75.5,1.32,1.759,0.159,1.917,0.029,2.281,0.054,66.1034482758621
2021/9/20,2.874098479,1.878457639,0.92435916,0.014923968,5.682700941,5.536914555,8.09804055,6.467776249,216.1590869,32.08375091,2,30.6,31,30.1,71.5,1.56,1.688,0.024,1.712,0.003,2.06,0.081,570.666666666667
2021/9/21,2.339876901,1.602208545,0.706589428,0.01333092,4.652107169,5.583385228,8.11184866,12.51352933,216.3128668,32.21453295,2.3,28.6,29.3,28.1,76,1.8,1.774,0.03,1.803,0.008,2.095,0.052,225.375
2021/9/22,3.642056481,1.633497466,0.85294714,0.028993483,6.149138306,5.56271832,8.161982621,28.99004996,211.8478248,32.0006155,2,29.1,29.5,28.6,72.8,2.95,1.666,0.154,1.82,0.006,2.16,0.065,303.333333333333
2021/9/23,3.489108696,1.633572464,0.87134058,0.031630435,6.017014493,5.435877536,8.202684783,26.70733116,203.2368399,31.92351449,2,29.2,29.7,28.8,73.5,4.1,1.694,0.144,1.837,0.005,2.113,0.059,367.4
2021/9/24,3.031520637,1.72634323,0.758305576,0.016531499,5.523642288,5.252934106,8.205942795,21.64810282,196.6050869,31.84325851,1.7,29.5,30,29.1,68.3,5.25,1.679,0.127,1.806,0.006,2.136,0.071,301
2021/9/25,2.738667632,1.749920348,0.645076032,0.025249819,5.149732078,5.111054308,8.223175235,18.05996741,195.3459196,31.66453295,2.2,28.9,29.4,28.5,65.9,6.4,1.668,0.066,1.734,0.005,2.105,0.07,346.8
2021/9/26,2.844902245,1.902614048,0.563251267,0.020209993,5.322143374,5.065433744,8.242442433,14.58424113,195.4335626,31.69599566,2,28.1,28.7,27.7,66,7.55,1.724,0.269,1.993,0.006,2.282,0.072,332.166666666667
2021/9/27,2.898797972,1.997624909,0.506183925,0.016162201,5.409094859,4.968530775,8.247355539,11.9150029,197.5796372,31.66308472,2,28.1,28.7,27.7,68.9,8.7,1.437,0.211,1.647,0.027,1.902,0.063,61
2021/9/28,2.808110065,2.005235337,0.447255612,0.012722665,5.263664012,4.861711079,8.257625634,9.790522085,205.1639891,31.74973208,2,28.9,29.4,28.5,70.6,9.85,1.607,0.033,1.64,0.004,2.121,0.069,410
2021/9/29,3.147798697,1.903120927,0.466241854,0.014996379,5.523215062,4.907554671,8.279092686,7.716428675,215.4243838,31.96162925,1.9,29.5,30,29.1,70.5,11,1.668,0.048,1.716,0.006,2.344,0.061,286
2021/9/30,3.816567705,2.12147719,0.476553222,0.027639392,6.433540912,4.86108979,8.278913106,5.637320782,218.0712085,31.49464156,1.8,28.3,28.8,27.8,77.7,12.15,1.651,0.224,1.875,0.017,2.155,0.076,110.294117647059
2021/10/1,2.884149167,1.64404055,0.481115134,0.021585807,5.021940623,4.868504707,8.260932657,4.268247647,217.4870326,31.32895728,1.7,28.6,29,28.2,80.1,13.3,1.599,0.153,1.752,0.018,2.161,0.045,97.3333333333333
2021/10/2,2.328582474,1.430489691,0.547963918,0.01,4.30742268,5.064018041,8.25631701,3.801541237,213.6485876,30.78804124,2.3,28.1,28.5,27.8,78.3,11.25,1.427,0.32,1.747,0.033,1.98,0.064,52.9393939393939
2021/10/3,2.724695777,1.546448504,0.575370099,0.043142872,4.988796682,5.014644836,8.266730694,5.909775394,213.8488008,30.7184161,1.9,28.6,29.1,28.1,67.6,9.2,1.621,0.032,1.653,0.006,2.162,0.061,275.5
2021/10/4,2.962589731,1.662407317,0.606984506,0.061710039,5.362150987,4.965271631,8.275058562,7.745221621,214.049014,30.64879097,1.5,29.6,30,29.1,61.8,7.15,1.63,0.063,1.693,0.007,2.134,0.077,241.857142857143
2021/10/5,3.200483685,1.77836613,0.638598914,0.080277207,5.735505292,4.915898426,8.28338643,9.580667848,214.2492273,30.57916583,2,29.2,29.6,28.8,56,5.1,1.644,0.013,1.657,0.006,2.102,0.106,276.166666666667
2021/10/6,3.438377639,1.894324943,0.670213321,0.098844374,6.108859596,4.866525221,8.291714298,11.41611407,214.4494405,30.5095407,1.6,29.7,30.1,29.3,60.7,3.05,1.744,0.161,1.905,0.004,2.299,0.072,476.25
2021/10/7,3.676271593,2.010283756,0.701827729,0.117411542,6.482213901,4.817152017,8.300042166,13.2515603,214.6496537,30.43991556,1.4,28.5,29,28.1,75.8,1,1.612,0.031,1.643,0.016,2.255,0.073,102.6875
2021/10/8,3.914165547,2.126242569,0.733442136,0.135978709,6.855568205,4.767778812,8.308370034,15.08700653,214.8498669,30.37029042,2.1,29.1,29.5,28.7,74.3,1.55,1.268,0.01,1.278,0.005,1.885,0.041,255.6
2021/10/9,4.152059501,2.242201382,0.765056543,0.154545877,7.22892251,4.718405607,8.316697902,16.92245276,215.0500801,30.30066529,2.5,29.7,30.1,29.3,60.3,2.1,1.618,0.092,1.71,0.006,2.034,0.035,285
2021/10/10,4.389953455,2.358160195,0.796670951,0.173113044,7.602276814,4.669032402,8.32502577,18.75789898,215.2502934,30.23104015,3.1,30.2,30.6,29.7,55.5,2.65,1.605,0.113,1.717,0.013,2.116,0.091,132.076923076923
2021/10/11,4.62784741,2.474119008,0.828285358,0.191680212,7.975631119,4.619659197,8.333353638,20.59334521,215.4505066,30.16141502,2.7666666666666666,30.9,31.1,30.6,50.3,3.2,1.633,0.072,1.705,0.02,2.181,0.052,85.25
2021/10/12,4.941828794,2.590077821,0.894066148,0.083307393,8.500642023,4.570285992,8.338595331,22.85321595,215.6507198,30.09178988,2.4333333333333336,30.8,31.1,30.7,57.7,3.75,1.51,0.026,1.536,0.006,1.866,0.077,256
2021/10/13,4.673613324,2.376393917,0.681875453,0.20564084,7.930890659,4.676350471,8.362109341,20.32412672,215.0699573,30.01178856,2.1,28.4,28.8,28.2,78.5,4.3,1.283,0.136,1.418,0.01,1.777,0.095,141.8
2021/10/14,4.54422882,2.295351195,0.685677046,0.452107169,7.971093411,4.855710355,8.41619189,24.26805286,224.7625445,29.6523244,1.8,27.8,28.1,27.6,81.6,4.9,1.628,0.026,1.654,0.006,2.064,0.065,275.666666666667
2021/10/15,8.768624185,4.095698769,0.398667632,1.963345402,15.22167994,5.606795076,8.618119479,25.32427951,245.9808537,29.73562636,1.8,28.6,29,28.3,64.5,5.5,1.547,0.086,1.633,0.007,2.149,0.085,233.285714285714
2021/10/16,8.054786387,5.291115134,0.690152064,2.402041999,16.43280232,5.931935554,8.71577987,24.06237509,262.6326293,29.40637219,2.9,28,28.5,27.8,58.4,6.1,1.703,0.102,1.805,0.021,2.206,0.046,85.9523809523809
2021/10/17,3.853565217,3.2535,1.005094203,0.182398551,8.288217391,5.369642029,8.520142029,25.14221812,264.8921435,28.59889855,3,23.1,23.5,22.9,55.3,6.7,1.347,0.154,1.5,0.02,2.062,0.043,75
2021/10/18,3.665622287,3.107648336,0.835795948,0.143060781,7.746403763,5.287758321,8.45770767,22.24841172,269.4372156,28.51299566,2,23.1,23.6,22.8,64.7,7.3,1.422,0.157,1.579,0.016,1.92,0.059,98.6875
2021/10/19,3.690036179,2.634833575,0.797850941,0.137192475,7.254457308,5.20784877,8.406221418,20.31507236,270.2240622,28.10108538,2,24.7,25.1,24.3,66.4,7.9,1.136,0.113,1.248,0.011,1.79,0.078,113.454545454545
2021/10/20,3.535709117,2.204153401,0.791570188,0.109536903,6.635441389,5.081108538,8.365673661,20.39453184,268.569487,27.68544139,2.3,24.6,24.9,24.3,72.5,8.5,1.782,0.034,1.816,0.01,2.249,0.044,181.6
2021/10/21,3.652612156,2.015166425,0.662771346,0.336541245,6.666367583,5.084452243,8.39052822,19.92070478,266.7094667,27.19198263,1.8,18.5,18.9,18.4,93,9.1,1.784,0.035,1.819,0.01,2.289,0.043,181.9
2021/10/22,3.10382055,1.83195369,0.892735166,0.096787265,5.920824891,5.338552098,8.450005065,21.44695586,263.308419,26.61552098,1.6,18.4,18.6,18.2,78.3,0.3,1.783,0.141,1.923,0.023,2.177,0.041,83.6086956521739
2021/10/23,2.754797395,1.716150507,0.891389291,0.128017366,5.485086831,5.522104197,8.53170767,24.36310854,263.2580362,25.99618669,1.6,18.5,18.8,18.4,80.6,0.8,1.75,0.08,1.83,0.027,2.08,0.045,67.7777777777778
2021/10/24,2.674392185,1.712503618,1.078668596,0.152308249,5.612467438,5.636121563,8.603088278,24.89787554,270.2545347,25.66654848,1.3,21.1,21.3,20.8,71,0.683333333333333,1.752,0.006,1.758,0.008,2.26,0.079,219.75
2021/10/25,2.664250543,1.512078204,1.084112962,0.374402607,5.629949312,5.716110789,8.652517017,20.80890731,278.5961528,25.50786387,1.5,22.8,23.1,22.6,66.2,0.566666666666667,1.772,0.049,1.821,0.029,2.276,0.054,62.7931034482759
2021/10/26,3.269544139,1.612170767,1.301027496,0.501150507,6.680709117,5.787559334,8.686674385,19.80498698,285.8330051,25.5673589,1.8,24.4,24.8,24,67.4,0.45,1.781,0.016,1.797,0.026,2.435,0.046,69.1153846153846
2021/10/27,6.492619392,1.344073806,1.973328509,2.227185239,12.03727207,6.245204776,8.697663712,17.99565412,283.3863205,25.52700434,2,24.9,25.3,24.6,64.4,0.333333333333333,1.75,0.06,1.809,0.013,2.306,0.051,139.153846153846
2021/10/28,8.997243126,1.139920405,2.46026049166667,5.092771346,19.98774964,6.543631693,8.708653039,18.94272431,285.1545007,24.90872648,1.4,23.3,23.6,23.1,68.3,0.216666666666667,1.782,0.092,1.874,0.007,2.127,0.046,267.714285714286
2021/10/29,9.554479016,1.698125904,2.94719247433333,4.425043415,22.56503618,6.841468162,8.719642366,17.81981404,286.1746223,24.80877713,1.5,23.1,23.4,22.9,67,0.1,1.807,0.029,1.836,0.013,2.354,0.043,141.230769230769
2021/10/30,6.158111433,2.334160637,3.434124457,1.653755427,13.5788712,6.446159913,8.730631693,18.24304052,284.3690687,24.56429088,1.1,22.3,22.5,22.1,76.3,0.1,1.808,0.122,1.93,0.022,2.357,0.038,87.7272727272727
2021/10/31,5.56947178,1.934848046,2.537547033,1.152677279,11.19263386,6.585811143,8.721336758,16.33341679,279.2050355,25.07894356,1.5,23.6,24,23.3,64,0.166666666666667,1.713,0.032,1.745,0.006,2.244,0.04,290.833333333333
2021/11/1,4.88024602,1.793567294,2.788762663,0.999602026,10.46229378,6.580611433,8.712041823,15.50229233,273.1006237,24.62874096,1.8,22.9,23.2,22.6,67.2,0.233333333333333,1.778208806,0.056219749,1.836515012,0.010977714,2.254625,0.04025,167.2948495
2021/11/2,6.240745297,1.2920767,2.412279305,2.287547033,12.22955861,6.788573082,8.702746889,16.5772026,261.9336498,24.44308249,1.8,21.5,21.7,21.3,70.9,0.3,1.785538122,0.058407537,1.846254249,0.01172287,2.26525,0.0405,157.491659380339
2021/11/3,7.868002894,1.375701881,2.988835022,3.354399421,15.58698263,6.98771563,8.693451954,16.18839653,253.2064363,24.32057164,1.2,21.4,21.5,21.2,84.6,2.6,1.792867438,0.060595325,1.855993485,0.012468026,2.275875,0.04075,148.860251414298
2021/11/4,5.393350217,1.350918958,2.222850941,1.81475398,10.78176556,6.46898987,8.684157019,16.62030101,254.0163408,24.74073082,1.2,22.7,23,22.4,79.5,2.025,1.800196753,0.062783114,1.865732721,0.013213182,2.2865,0.041,141.202378125118
2021/11/5,2.808335745,1.281808973,1.512554269,0.285296671,5.887821997,5.706625904,8.542473951,17.52489219,259.5978777,24.82955861,1.8,24.8,25.2,24.3,77.6,1.45,1.807526069,0.064970902,1.875471958,0.013958338,2.297125,0.04125,134.362125204304
2021/11/6,4.111917511,1.062279305,1.30829233,0.82642547,7.307749638,5.974694645,8.555249638,15.4351686,252.774398,25.39371201,1.8,26.5,26.9,26,70.5,0.875,1.814855385,0.06715869,1.885211194,0.014703495,2.30775,0.0415,128.215175643614
2021/11/7,5.813852281,0.914011586,1.38795076,1.651774077,9.766386676,6.011674149,8.518357712,17.29085083,250.0267458,25.04621289,2,24.3,24.7,24,71.8,0.3,1.822184701,0.069346478,1.894950431,0.015448651,2.318375,0.04175,122.661223365069
2021/11/8,5.631931983,1.5847178,2.011172214,0.86633864,10.09397974,6.093712012,8.514381331,20.28418741,247.6841505,24.22040521,2.5,17.1,17.5,16.9,55.7,0.5,1.829514016,0.071534266,1.904689667,0.016193807,2.329,0.042,117.618399861132
2021/11/9,4.463617945,1.251396527,1.544507959,0.982329957,8.241874096,6.037597685,8.500435601,20.56352967,244.9650427,24.03778582,1.5,18,18.4,17.6,48.5,0.7,1.836843332,0.073722054,1.914428904,0.016938963,2.339625,0.04225,113.019250588126
2021/11/10,5.127320782,1.065916003,1.280637219,1.396176684,8.868899348,6.236337437,8.532858798,19.1791593,238.9559537,23.71561912,1.3,17.4,18.1,16.9,51.6,0.9,1.844172648,0.075909843,1.92416814,0.017684119,2.35025,0.0425,108.807690108848
2021/11/11,3.358509407,1.252033285,1.221353111,0.558082489,6.389884226,6.293388567,8.56375398,20.17557308,234.7623365,23.34396527,1.9,18.8,19.2,18.1,55.5,1.1,1.851501963,0.078097631,1.933907377,0.018429275,2.360875,0.04275,104.936704075445
2021/11/12,2.678732802,1.201361332,0.999688631,0.280854453,5.15878349,6.278103548,8.560482983,21.08239102,233.4459377,23.04673425,1.7,19,19.4,18.5,68.7,0.9,1.858831279,0.080285419,1.943646613,0.019174431,2.3715,0.043,101.366586210563
2021/11/13,2.906041968,1.278386397,1.166808973,0.228125904,5.575021708,6.521459479,8.48107363283333,20.75194573,233.3062865,22.73200434,1.7,18.4,18.9,18,66.8,0.816666666666667,1.866160595,0.082473207,1.95338585,0.019919587,2.382125,0.04325,98.0635717999575
2021/11/14,2.362691751,1.327141823,0.901693198,0.060130246,4.646070912,6.366598408,8.40166428266667,23.8401165,238.4705145,22.47157019,1.4,17.9,18.5,17.5,55,0.733333333333333,1.873489911,0.084660995,1.963125086,0.020664743,2.39275,0.0435,94.9987660625637
2021/11/15,2.322512672,1.343091962,0.82410572,0.064438812,4.548884866,6.329354815,8.322254933,26.45547357,244.011819,22.05567705,1.2,18.2,18.6,17.8,69.5,0.65,1.880819226,0.086848783,1.972864323,0.021409899,2.403375,0.04375,92.1472970517049
2021/11/16,2.54096307,1.42096307,0.934981897,0.125496017,5.017574222,6.371926865,8.24284558233333,29.2099428,245.8211289,22.03021723,1.2,20.5,20.8,20.1,72.3,0.566666666666667,1.888148542,0.089036572,1.982603559,0.022155055,2.414,0.044,89.4876387804047
2021/11/17,2.275168287,1.288795812,0.941720269,0.121623037,4.624801795,6.309587135,8.16343623216667,24.68865595,246.4725999,21.89231862,1.2,20,20.2,19.9,77.9,0.483333333333333,1.895477858,0.09122436,1.992342796,0.022900211,2.424625,0.04425,87.0010671954071
2021/11/18,1.998625192,1.320353303,0.921006144,0.134116743,4.372211982,6.350052227,8.084026882,25.61897619,248.8761621,21.79441628,1,20,20.2,19.7,78.4,0.4,1.902807173,0.093412148,2.002082032,0.023645367,2.43525,0.0445,84.6712183405739
2021/11/19,1.679529327,1.382512672,0.836386676,0.038276611,3.929254164,6.363956553,7.593149574,28.58437147,252.1819232,22.15084721,1.7,21.4,21.9,20.9,72.3,0.366666666666667,1.910136489,0.095599936,2.011821269,0.024390523,2.445875,0.04475,82.4837281676986
2021/11/20,1.891643736,1.276459088,0.938573497,0.037277335,4.136806662,6.455668356,7.102272266,23.85078349,254.3911173,22.05952933,1.5,21.6,22,21.2,72.4,0.333333333333333,1.917465805,0.097787724,2.021560505,0.02513568,2.4565,0.045,80.4259325787088
2021/11/21,2.764214337,1.109058653,1.226147719,0.143113686,5.238689356,6.560235337,7.138860246,19.73304345,256.2952614,22.5765677,1.6,22.7,23.2,22.3,75.3,0.3,1.924795121,0.099975513,2.031299742,0.025880836,2.467125,0.04525,78.4866355167198
2021/11/22,3.023096961,1.129356006,1.090014472,0.310984081,5.550390738,6.587043415,7.130250362,21.12961071,257.6872706,21.90303907,1.9,16,16.3,15.9,83.3,4.6,1.932124436,0.102163301,2.041038978,0.026625992,2.47775,0.0455,76.6558848962322
2021/11/23,1.761396527,1.280036179,0.85947178,0.028777135,3.922257598,6.608361071,7.085242402,24.33099132,263.7259812,21.24487699,1.4,14.8,15.2,14.6,75.1,4.72857142857143,1.939453752,0.104351089,2.050778215,0.027371148,2.488375,0.04575,74.9248155393409
2021/11/24,1.867836469,1.155412446,0.819782923,0.119811867,3.957879884,6.856593343,7.123154124,20.88675615,265.1397735,21.27290883,1.5,15.7,16.2,15.2,63.9,4.85714285714286,1.956,0.084,2.04,0.028,2.499,0.046,72.8571428571429
2021/11/25,1.735119479,1.184815351,0.898276611,0.089210717,3.90301231,6.840808834,7.122611151,20.89152426,266.3444605,21.29411296,1.3,18,18.5,17.5,66.5,4.98571428571429,1.947,0.166,2.112,0.029,2.451,0.051,72.8275862068966
2021/11/26,1.788777135,1.293429812,0.934384949,0.02642547,4.036208394,6.740500724,7.102874096,22.75674457,267.458212,21.27706223,1.5,19,19.5,18.5,62.4,5.11428571428571,1.94,0.142,2.081,0.031,2.309,0.041,67.1290322580645
2021/11/27,1.819435601,1.257141823,1.194602026,0.080904486,4.346208394,6.803221418,7.110645441,25.61922576,268.2526881,21.08146889,1.7,19.5,19.9,19,61,5.24285714285714,1.949,0.156,2.104,0.029,2.353,0.046,72.551724137931
2021/11/28,2.192568741,1.230607815,1.164384949,0.079240232,4.662402315,6.80084877,7.101104197,22.07670188,269.7923596,21.13861071,1.6,20.2,20.7,19.8,70.2,5.37142857142857,1.985,0.092,2.077,0.034,2.485,0.045,61.0882352941176
2021/11/29,2.850615496,1.033613324,1.408406951,0.138703838,5.426915279,6.832238957,7.095620565,19.45479073,271.2813425,21.34605358,1.5,21.7,22.2,21.1,70.5,5.5,2.041,0.041,2.082,0.019,2.475,0.046,109.578947368421
2021/11/30,3.793678494,0.861629254,1.819456915,0.705648081,7.178211441,7.131225923,7.155735699,22.97760463,272.6188936,21.08141202,1.8,18.5,19,18.1,49.2,5.62857142857143,2.043,0.04,2.083,0.028,2.514,0.05,74.3928571428572
2021/12/1,3.288884866,1.570470673,2.095662563,0.461129616,7.412505431,7.236546705,7.189160029,41.31373063,271.8299776,20.60884142,2.1,14.1,14.7,13.7,51.9,5.75714285714286,2.01,0.154,2.164,0.024,2.391,0.042,90.1666666666667
2021/12/2,3.206010138,1.591498914,1.912353367,0.569761043,7.275206372,7.271095583,7.176902969,42.83233092,273.6711079,20.27054308,1.4,13.8,14.4,13.2,56.6,5.88571428571429,2.009,0.197,2.205,0.024,2.447,0.037,91.875
2021/12/3,3.197284576,1.362990587,1.834931209,0.446133237,6.839196235,7.36422013,7.180444605,31.55552498,277.3893613,20.12143374,1.2,14.4,15.1,13.7,49.9,6.01428571428571,2.033,0.042,2.075,0.017,2.42,0.032,122.058823529412
2021/12/4,2.910007236,1.349775687,1.454153401,0.114030391,5.822865412,7.346032562,7.16891534,24.98057453,278.0064667,19.70463821,1.7,14.9,15.5,14.3,51.2,6.14285714285714,1.686,0.064,1.75,0.007,2.284,0.041,250
2021/12/5,3.063668596,1.173270622,1.614261939,0.137547033,5.983531114,7.444041968,7.164658466,22.00691389,282.7751071,19.59912446,1.3,16.5,17.1,15.9,66.4,6.27142857142857,2.08,0.08,2.16,0.02,2.321,0.048,108
2021/12/6,3.041321714,1.140406681,1.623326071,0.133565723,5.933696442,7.458143065,7.162988381,20.97661511,287.3539034,19.69788671,1.3,17.7,18.2,17.1,65.9,6.4,2.065,0.102,2.167,0.016,2.509,0.039,135.4375
2021/12/7,2.817959479,1.158386397,1.421164978,0.139457308,5.534746744,7.39331259,7.138939942,19.92367945,292.2250217,19.50516643,1.8,16.7,17.3,16.1,56.1,6.52857142857143,2.062,0.068,2.13,0.019,2.448,0.042,112.105263157895
2021/12/8,2.931793612,1.128018018,1.463677314,0.18,5.7,7.444817363,7.13039312,21.00686159,299.8608567,19.21007371,1.5,17.4,17.9,16.8,60.8,6.65714285714286,2.086,0.072,2.157,0.023,2.437,0.041,93.7826086956522
2021/12/9,2.873555901,0.975481366,1.494526398,0.225729814,5.568524845,7.354795807,7.105500776,21.20015295,303.1343533,19.25663043,1.4,18.3,18.8,17.7,69,6.78571428571428,2.1,0.099,2.198,0.009,2.605,0.05,244.222222222222
2021/12/10,3.036454414,1.047937771,1.544450072,0.167496382,5.794153401,7.148737337,7.079110709,24.50046961,303.870979,19.47753256,1.2,19.9,20.3,19.4,67.2,6.91428571428571,2.077,0.19,2.267,0.012,2.407,0.042,188.916666666667
2021/12/11,3.930643994,0.802134588,1.523096961,0.536041968,6.791222865,7.308660637,7.195908104,20.32013169,291.5524313,19.76692475,1.4,18.7,19.2,18.3,73.3,7.04285714285714,2.115,0.096,2.211,0.008,2.34,0.039,276.375
2021/12/12,3.436191166,0.894127444,1.68275887,0.3344895,6.345655322,7.183178856,7.134884866,21.53908762,301.671887,19.61113686,2.1,19.1,19.6,18.6,65.4,7.17142857142857,2.123,0.145,2.268,0.021,2.648,0.044,108
2021/12/13,3.863863965,0.692756874,1.711628075,0.888813314,7.155730825,7.264945007,7.156397974,20.46328654,299.8104645,19.33757598,1.8,18.2,18.6,17.9,63.3,7.3,2.077,0.157,2.233,0.019,2.511,0.046,117.526315789474
2021/12/14,4.217301013,0.432214182,1.915853835,1.10975398,7.67475398,7.372032562,7.198054269,20.00166715,294.0596411,19.56341534,1.7,19.4,19.9,19,68.6,7.42857142857143,2.068,0.114,2.182,0.02,2.36,0.059,109.1
2021/12/15,4.429000724,0.36057929,2.088153512,1.157719044,8.034728458,7.364753077,7.217068067,19.24125996,292.11784,19.82609703,1.3,20.7,21.2,20.4,75.8,7.55714285714286,2.032,0.102,2.134,0.012,2.367,0.04,177.833333333333
2021/12/16,4.655626358,0.408638668,2.30404055,0.922201303,8.288761767,7.449553946,7.265005069,18.31472049,288.114391,20.23005069,1.5,22.9,23.4,22.4,72.8,7.68571428571429,2.089,0.108,2.197,0.021,2.489,0.044,104.619047619048
2021/12/17,4.838225923,0.972751629,1.80705286,0.239456915,7.853446778,7.401199855,7.286463432,16.73325561,288.8953056,20.23083273,1.85,18.3,18.8,18,65.9,7.81428571428571,2.09,0.146,2.235,0.017,2.529,0.045,131.470588235294
2021/12/18,4.135249819,0.982606807,1.667900072,0.172997828,6.956531499,7.411038378,7.255626358,18.18290876,283.2466126,19.20316437,2.2,13.9,14.4,13.6,59.3,7.94285714285714,2.129,0.029,2.158,0.014,2.395,0.039,154.142857142857
2021/12/19,3.696017379,0.94903693,2.234047791,0.199398986,7.077726285,7.343364953,7.214482983,21.33049747,280.2484613,19.06113686,1.4,14.7,15.1,14.2,52.8,8.07142857142857,2.013,0.221,2.234,0.018,2.389,0.044,124.111111111111
2021/12/20,3.043965268,1.178531114,2.113400868,0.05081042,6.382033285,7.261587554,7.182026049,23.03279016,276.7941816,18.64612156,1.6,12.4,12.6,12.3,89.2,8.2,2.011,0.29,2.301,0.019,2.569,0.038,121.105263157895
2021/12/21,2.704768452,1.24788712,1.831837916,0.012547033,5.787829233,7.111880608,7.15121563,25.47046165,275.71661,18.49552098,0.8,14.6,14.7,14.5,97.8,25.5,1.377,0.27,1.647,0.008,1.871,0.049,205.875
2021/12/22,4.2579233,1.344565847,1.67431259,1.124761216,8.398162084,7.469685239,7.217534732,31.24419971,258.2628054,18.58547757,1.4,16.9,17.1,16.6,84.3,22.7,1.968,0.258,2.226,0.021,2.349,0.064,106
2021/12/23,3.295137482,0.596613603,2.638516643,3.32357453,9.850043415,7.839685962,7.257996382,24.62841534,266.0776795,18.36500724,1.1,16.7,16.9,16.5,82,19.9,1.971,0.278,2.249,0.015,2.334,0.04,149.933333333333
2021/12/24,2.390962373,0.46170767,2.248515568,5.378704776,13.00424747,7.928251085,7.17113097,20.04030753,274.8159139,18.31976122,1.1,17.3,17.6,17.1,85.5,17.1,2.001,0.248,2.249,0.033,2.346,0.04,68.1515151515152
2021/12/25,2.186144928,0.851644928,1.858514493,1.902615942,6.797043478,7.990091304,7.148145652,17.68044855,273.9195978,18.05127536,2.2,15.7,16,15.4,66.4,14.3,2.052,0.234,2.286,0.03,2.409,0.046,76.2
2021/12/26,1.753053546,0.975354559,1.891041968,1.551852388,6.169703329,8.121671491,7.220228654,20.6384479,266.1990463,17.69007959,1.8,13.4,13.6,13.2,64.8,11.5,2.026,0.283,2.309,0.038,2.49,0.048,60.7631578947368
2021/12/27,1.98728789,0.959477883,1.425801305,1.496142132,5.867432922,8.274924583,7.306612038,19.97097679,260.6989913,17.42274112,1.2,12.3,12.5,12,66.2,8.7,2.01,0.34,2.349,0.039,2.45,0.05,60.2307692307692
2021/12/28,2.231734694,0.763294461,1.448658892,2.043469388,6.485838192,8.418051749,7.373201166,16.47296064,263.4843586,17.56856414,1.2,14.5,14.9,14,72.5,5.9,1.973,0.25,2.223,0.045,2.346,0.06,49.4
2021/12/29,2.064336735,0.856348397,1.266180758,1.315794461,5.502725948,8.087659621,7.319742711,15.18988047,264.0839162,17.55046647,1.6,17.1,17.5,16.7,74.5,3.1,1.975,0.3,2.275,0.047,2.631,0.06,48.4042553191489
2021/12/30,1.96015919,0.646447178,1.619544139,1.763364689,5.987575977,7.781345876,7.321740955,17.4428466,267.0452446,17.21940666,1.9,14.5,14.7,14.3,74.7,0.3,1.975,0.281,2.256,0.043,2.465,0.052,52.4651162790698
2021/12/31,2.126949025,0.901514243,1.249175412,0.99547976,5.273223388,7.752038231,7.30660045,17.89463943,269.0347009,17.23201649,1.9,15.3,15.6,14.9,60.5,0.416666666666667,1.984,0.28,2.264,0.044,2.65,0.051,51.4545454545455
2022/1/1,2.253176556,0.776013025,1.11369754,0.903342981,5.046613603,7.741536903,7.301989146,16.09389001,268.7938813,17.29952967,1.4,15.3,19.7,11.9,72.8,0.533333333333333,2.01,0.255,2.265,0.037,2.503,0.052,61.2162162162162
2022/1/2,2.123936324,0.836201158,0.998314038,0.46024602,4.418921852,7.725892909,7.292686686,16.11018596,267.6128075,17.18143271,1.9,16,21.1,11.3,68.9,0.65,1.993,0.241,2.234,0.04,2.408,0.053,55.85
2022/1/3,2.541679942,0.804127444,1.192165098,0.491832006,5.029985518,7.8163874,7.325774801,15.90427516,265.1158993,17.24775525,1.5,15.3,21.2,10.9,73.1,0.766666666666667,2.007,0.256,2.262,0.042,2.489,0.063,53.8571428571429
2022/1/4,3.383374366,0.676509776,1.709181752,0.802143374,6.571419261,7.986299059,7.355776249,15.20340333,263.0289022,17.41701665,1.7,17.8,22.7,11,71.5,0.883333333333333,2.034,0.209,2.243,0.042,2.42,0.054,53.4047619047619
2022/1/5,6.922288197,0.459507603,3.60884866,2.411107893,13.3977118,8.402562636,7.490157857,14.70859522,263.6418125,17.64272266,1,17,20.6,14.6,90.8,1,2.027,0.175,2.202,0.042,2.539,0.054,52.4285714285714
2022/1/6,5.645868936,0.19878349,3.105083273,1.929898625,11.24321868,9.565823316,7.455745475,15.01476394,267.5082701,17.84904417,1.6,15.4,20.2,10.9,75.3,2.04375,2.089,0.182,2.271,0.039,2.437,0.052,58.2307692307692
2022/1/7,4.369449674,0.671202028,2.601317886,1.448689356,9.088725561,8.167082549,7.421333092,14.9690601,265.8753425,17.7955105,1.3,15.2,21.5,10.7,71,3.0875,2.063,0.214,2.277,0.044,2.373,0.057,51.75
2022/1/8,6.313482983,0.955923244,3.084098479,2.254236061,12.60692976,8.707398262,7.48757567,13.278021,272.6109066,17.66997104,1.7,15.3,20.9,10.7,68.1,4.13125,2.24,0.123,2.362,0.014,2.534,0.018,168.714285714286
2022/1/9,4.849971035,0.932744388,2.19243302,1.92602462,9.901006517,8.588724113,7.452363505,13.02509703,276.169601,17.73880521,1.6,16.5,20.6,11.1,69.2,5.175,1.847,0.109,1.956,0.02,2.372,0.026,97.8
2022/1/10,6.530383502,1.022438495,1.87878437,3.81418958,13.24494935,8.765366136,7.522540521,12.55511577,280.7947482,17.76942113,1.4,16.7,19.4,14.2,72.8,6.21875,2.33,0.101,2.431,0.015,3.136,0.017,162.066666666667
2022/1/11,7.12934877,2.148104197,2.399457308,3.324826339,15.00141823,8.708449349,7.425439942,13.70149566,288.7158379,17.51444284,2.4,13.2,15.2,11.3,63.9,7.2625,2.332,0.076,2.409,0.017,3.044,0.018,141.705882352941
2022/1/12,3.073111433,1.665224313,1.272018813,1.801895803,7.81248191,8.301644718,7.351382779,12.84633285,287.6349472,17.59125904,1.8,13.2,16.9,11.4,61.2,8.30625,2.346,0.131,2.477,0.013,2.235,0.014,190.538461538462
2022/1/13,2.084052098,1.291041968,1.056230101,0.665615051,5.096780029,7.82882055,7.243854559,15.72262952,286.9840962,17.61589725,1.7,14,20.9,9.9,62,9.35,2.304,0.132,2.437,0.016,2.701,0.022,152.3125
2022/1/14,1.30352643,1.257465605,0.968942795,0.167219406,3.693801593,7.688543085,7.208144823,18.12790152,288.1957487,17.21994931,1.8,13.3,16.7,9.9,61.6,10.39375,2.245,0.1,2.345,0.023,2.911,0.03,101.95652173913
2022/1/15,2.152814761,1.032083936,0.771396527,0.407091172,4.363285094,7.705714182,7.200205499,16.1161136,295.6975087,17.55422576,1,15.4,19.4,12.2,67.8,11.4375,2.332,0.138,2.469,0.018,2.578,0.025,137.166666666667
2022/1/16,2.215477569,0.967489146,0.750079595,0.41276411,4.34565123,7.57716136,7.181304631,14.67218958,296.8076773,17.46371925,1.9,16.8,21.1,13.4,72.4,12.48125,2.431,0.119,2.55,0.019,2.67,0.021,134.210526315789
2022/1/17,1.850905141,0.946169442,0.888298335,0.121252715,3.805821868,7.480230992,7.185033309,16.64332295,295.9333657,17.32943519,1.3,16.1,18.1,14.4,71.7,13.525,2.489,0.173,2.661,0.024,3.468,0.031,110.875
2022/1/18,3.012519913,0.9226937,0.828182476,0.508088342,5.269225199,7.508107893,7.164308472,18.7197777,300.6631767,17.52915279,1.4,15.9,18.2,13.1,69.9,14.56875,2.508,0.13,2.638,0.018,2.772,0.025,146.555555555556
2022/1/19,2.92666908,0.861107893,0.779608979,0.294829833,4.862056481,7.412936278,7.153299059,16.98486459,301.2161789,17.695105,2.1,15.9,21.9,10.5,69.2,15.6125,2.353,0.153,2.506,0.02,3.117,0.025,125.3
2022/1/20,3.084822592,0.825452571,0.817038378,0.283642288,5.010934106,7.356331644,7.13405286,17.12364446,298.6399319,17.63030413,1.5,17,22.4,10.4,61.1,16.65625,2.377,0.222,2.599,0.025,2.793,0.03,103.96
2022/1/21,3.732527154,0.818225923,0.777385952,0.735141202,6.063178856,7.283468501,7.102698045,18.46899928,288.2519261,17.29049964,1.3,15,17.7,13.6,85.9,17.7,2.354,0.203,2.558,0.026,2.679,0.032,98.3846153846154
2022/1/22,4.343323678,1.102787835,1.076502534,0.855546705,7.378196959,7.493958001,7.1201021,19.60307965,271.2714395,17.24694424,1.1,15.2,16.1,13.8,97,21.9,2.51,0.241,2.751,0.03,3.157,0.037,91.7
2022/1/23,6.251980218,0.764518465,1.401535119,6.083895728,19.37753802,8.078531499,7.236597393,20.53233599,261.3663302,17.69280956,0.9,18.2,22.1,15,86.9,0.1,2.77,0.219,2.989,0.03,3.362,0.035,99.6333333333333
2022/1/24,8.160636758,1.706512301,2.558878437,2.50670767,14.93243126,8.059969609,7.191673661,18.80239291,257.7719074,17.52230101,1.7,16.1,17.7,14.9,86.9,0.493904358571429,2.781,0.27,3.051,0.028,3.117,0.038,108.964285714286
2022/1/25,8.23946680183333,0.645390738,3.008567294,3.279475252,17.40896015,8.653845876,7.365863965,20.10489291,256.1998857,17.95985528,1,17,19.6,14.3,78.2,0.887808717142857,2.74,0.26,2.999,0.02,3.377,0.021,149.95
2022/1/26,8.31829684566667,0.760893761,2.786374368,4.052242833,19.88548904,8.451942664,7.207568297,17.69175379,258.5766922,18.40931703,1.3,18.1,23.1,14.7,78.2,1.28171307571429,2.683,0.161,2.844,0.011,3.019,0.014,258.545454545455
2022/1/27,8.39712689,0.579461358,1.463559719,7.716159251,24.19381733,8.230761124,7.232964871,12.02333021,265.4494707,18.72854801,1.7,18.9,24.1,16.3,78,1.67561743428571,2.799,0.091,2.89,0.014,3.454,0.017,206.428571428571
2022/1/28,8.47595693333333,0.781670886,2.802506329,6.604,22.2636962,8.106539241,7.145420253,11.45206582,271.2900937,18.31762025,1.5,17.2,20.3,15.4,75.3,2.06952179285714,2.557,0.053,2.61,0.011,2.944,0.015,237.272727272727
2022/1/29,8.55478697716667,0.838718593,1.111030151,6.265276382,19.61525126,8.084987437,7.128977387,10.5074799,271.0772211,18.18298995,0.6,15.6,15.6,15.3,84,2.46342615142857,2.745,0.232,2.976,0.022,3.415,0.026,135.272727272727
2022/1/30,8.633617021,1.128164894,1.342579787,4.679468085,15.78130319,7.676598404,7.032944149,11.33035638,273.1744415,18.00819149,1.414845307,15.3,16.52582593,14.825,81.02728661,2.85733051,2.792,0.128,2.92,0.013,3.44,0.015,224.615384615385
2022/1/31,5.246442049,1.23115903,1.469595687,2.07819407,10.02576819,7.32784097,6.969544474,12.19269811,272.7795364,17.59708895,1.420746134,15,16.40111998,14.35,80.10436503,2.928335788,2.673,0.125,2.799,0.012,3.242,0.015,233.25
2022/2/1,3.992029412,1.423823529,1.419205882,1.118382353,7.953176471,7.161320588,6.958523529,12.97455588,271.4331176,17.45920588,1.42664696,14.7,16.27641402,13.875,79.18144345,2.999341067,2.665,0.146,2.812,0.016,3.219,0.02,175.75
2022/2/2,4.695027548,1.32953168,0.755867769,2.016790634,8.796749311,7.271443526,6.994440771,16.03933471,273.0668678,17.49301653,1.432547787,14.4,16.15170807,13.4,78.25852186,3.070346346,2.557,0.217,2.774,0.016,3.144,0.018,173.375
2022/2/3,2.749369565,1.784644928,1.296876812,1.033681159,6.864152174,7.70102029,7.059338406,22.75543623,272.4288616,17.21849275,1.438448613,14.1,16.02700211,12.925,77.33560028,3.141351624,2.687,0.443,3.13,0.025,3.186,0.026,125.2
2022/2/4,2.88272,1.540858182,2.18072,1.822138182,8.426610909,8.180083636,7.147769455,27.97356727,288.7236,16.57896,1.44434944,13.8,15.90229616,12.45,76.4126787,3.212356903,2.649,0.424,3.073,0.028,3.276,0.038,109.75
2022/2/5,2.763606083,1.326900797,1.774446054,2.174829833,8.039623461,8.432877625,7.185237509,27.1551441,292.2708168,16.40046343,1.450250266,13.5,15.77759021,11.975,75.48975712,3.283362182,2.641,0.416,3.056,0.027,3.063,0.03,113.185185185185
2022/2/6,2.11128655,1.641374269,1.644912281,0.749853801,6.147733918,8.37632383,7.198936404,26.64021491,281.9995848,16.13540936,1.4,13.2,15.9,11.5,69.6,8.291681091,2.788,0.277,3.065,0.032,3.415,0.043,95.78125
2022/2/7,2.4319631,1.383166052,1.418088561,1.624228782,6.857343173,8.422786716,7.2499631,24.49870258,274.8505756,15.98256827,1.2,12.7,13.6,11.6,94.8,13.3,2.894,0.304,3.198,0.027,3.306,0.033,118.444444444444
2022/2/8,2.256634256,1.171869858,2.016634256,2.812572924,8.255976066,8.342479432,7.254866866,25.59459162,271.4666485,16.06431563,1.9,14.5,18,12.6,75.5,8.3,2.736,0.429,3.165,0.046,3.467,0.062,68.804347826087
2022/2/9,2.600996198,1.027231939,1.566980989,2.15460076,7.34921673,8.329111787,7.234069962,21.62817719,283.4350624,16.22276806,1.1,14.9,18.9,12.8,81,3.3,2.534,0.386,2.92,0.051,3,0.057,57.2549019607843
2022/2/10,2.574085366,0.810434451,1.698658537,2.765442073,7.84691311,8.256797256,7.06936814,19.97541921,282.223625,16.14086128,1.3,14.7,17.5,13.1,86.3,0.3,2.889,0.404,3.293,0.083,3.098,0.095,39.6746987951807
2022/2/11,2.708967643,1.028335901,1.348436055,1.641694915,6.727288136,8.217176425,7.072414484,18.91130817,270.2804129,16.42494607,1.4,16.4,20.7,13.8,81.8,3.16666666666667,2.896,0.297,3.193,0.079,3.339,0.101,40.4177215189873
2022/2/12,3.126954157,0.666138306,1.485291375,3.254739705,8.531499611,8.133529138,7.181157731,18.36947242,251.6051119,16.54224553,1.2,16.4,19.3,14.3,80.7,6.03333333333333,2.514,0.321,2.835,0.062,2.685,0.079,45.7258064516129
2022/2/13,4.323607692,0.379953846,1.173261538,4.472684615,10.34537692,8.243209231,7.27634,16.93318077,237.1684892,16.57583077,1.6,15.3,17.2,12.6,91.5,8.9,2.622,0.317,2.939,0.073,2.953,0.087,40.2602739726027
2022/2/14,3.448380879,0.627409406,0.822374711,3.269367772,8.165558982,8.262873554,7.266714726,18.75154742,243.2688034,16.51785659,2.1,13.7,18.5,9.8,81.5,0.1,2.55,0.333,2.883,0.072,3.239,0.096,40.0416666666667
2022/2/15,3.529514264,0.636491904,0.941673092,3.068149576,8.174070933,8.385636083,7.23022899,18.48025443,241.403182,16.64639167,2.1,14.7,21.1,10,66.5,0.633333333333333,2.647,0.2,2.847,0.068,3.737,0.071,41.8676470588235
2022/2/16,4.197483395,0.358206642,0.825763838,3.512915129,8.891623616,8.464085609,7.236331365,20.40157786,239.7776103,16.80969742,1.9,15.8,20.9,11.3,68.5,1.16666666666667,2.644,0.147,2.791,0.067,3.169,0.087,41.6567164179104
2022/2/17,4.890455861,0.083589001,2.23447178,6.362626628,13.56363965,8.466229378,7.197630246,19.64902098,247.254665,16.73424023,1.4,14.3,16.8,12,82.9,1.7,2.601,0.199,2.8,0.08,3.268,0.107,35
2022/2/18,6.093342981,0.01,2.357199711,5.741982634,24.65513025,8.71905644,7.278706946,19.50654848,253.2900593,16.90926918,1.4,14,16.3,11.9,87.7,20.5,2.694,0.084,2.778,0.079,3.367,0.097,35.1645569620253
2022/2/19,4.131526773,0.317539797,2.479927641,5.12133864,12.04431259,8.317685239,7.27881259,21.04213025,224.8928958,16.70063676,1.5,12.2,14.7,8.8,94.1,24.4,2.436,0.091,2.527,0.065,2.516,0.071,38.8769230769231
2022/2/20,2.946324168,1.462206946,1.858422576,1.344768452,7.611772793,8.204607091,7.213651954,25.41450289,208.7995347,16.14399421,2,7.4,9.2,6,88.7,16.7,2.767,0.071,2.837,0.077,3.717,0.085,36.8441558441558
2022/2/21,2.280876177,1.799087618,1.306241854,0.347639392,5.732954381,8.465642288,7.181822592,29.20357857,189.4847082,15.29642288,1.3,9.6,11.5,6.6,91.2,4.2,2.835,0.02,2.856,0.0705,3.086,0.083,40.5106382978723
2022/2/22,1.969732078,1.877530775,1.170818248,0.112954381,5.127907314,8.753054308,7.159385952,34.99172991,170.2036379,14.92946416,1.2,10.9,12.1,9,96.1,2.6,2.101,0.342,2.444,0.064,2.455,0.081,38.1875
2022/2/23,1.848160377,2.04807783,1.25946934,0.010837264,5.156485849,9.192963443,7.182509434,41.79973821,153.7079021,14.42857311,1,11.6,13.6,9.6,80.1,1,2.122,0.347,2.469,0.063,2.505,0.078,39.1904761904762
2022/2/24,1.970211024,1.920509684,1.204362919,0.293193173,5.183794819,9.068211201,7.141688588,37.67461324,154.1607144,14.69343589,1.4,13.2,18.3,8.6,64.5,1.2,2.759,0.405,3.164,0.0705,3.254,0.092,44.8794326241135
2022/2/25,2.045675738,1.792941538,1.163410386,0.349826408,5.163539679,8.943458959,7.108237987,34.65197167,154.6135267,14.95829868,1.7,14,19.6,8.7,72.9,1.4,2.798,0.301,3.099,0.078,3.101,0.09,39.7307692307692
2022/2/26,2.121140452,1.665373391,1.122457853,0.406459643,5.143284538,8.818706716,7.074787386,31.6293301,155.0663391,15.22316146,1.4,16.8,23.7,9.7,73.5,1.6,2.453,0.326,2.778,0.062,2.959,0.077,44.8064516129032
2022/2/27,2.196605166,1.537805245,1.08150532,0.463092878,5.123029397,8.693954474,7.041336786,28.60668853,155.5191514,15.48802425,1.8,17,22.3,12.7,75.3,1.8,2.286,0.369,2.656,0.067,2.756,0.092,39.6417910447761
2022/2/28,2.144616457,1.410237099,1.01944212,0.230808926,4.800264993,8.569202232,6.999214784,25.74530962,155.9719637,15.75288703,1.2,19.1,26,12.8,73,2,2.321,0.37,2.691,0.072,2.647,0.095,37.375
2022/3/1,2.891803714,1.15357206,1.077948718,0.660848806,5.783916888,8.491250221,7.029969938,20.83536516,152.6755323,16.48885057,1.9,22.4,29.4,15.2,72.3,2.2,2.345,0.318,2.663,0.07,2.774,0.098,38.0428571428571
2022/3/2,3.374723214,0.758160714,1.316526786,1.4105,6.859446429,8.409284821,7.018859821,20.17842321,148.9936518,16.36526786,1.4,18.2,20.2,16.8,80.8,2.4,1.833,0.02,1.853,0.006,2.551,0.042,308.833333333333
2022/3/3,4.975467053,0.449029689,2.205488776,2.683613324,10.31006517,8.421046343,7.050826937,23.20717017,144.288307,17.23375815,1.6,19.2,24.2,15.5,75.2,2.6,1.882,0.018,1.9,0.008,2.81,0.051,237.5
2022/3/4,5.885738061,0.285086831,2.734030391,3.074573082,11.97486252,8.492980463,7.056683068,21.93560275,143.7881027,17.59244573,1.6,21.5,28.6,15.8,74.9,2.8,1.8995,0.003,1.933,0.003,2.861,0.051,644.333333333333
2022/3/5,7.770224313,0.068125904,4.015180897,4.616685962,16.46214906,8.41312301,6.997573806,20.3325246,146.1039768,17.65761939,1.2,18.9,20.4,17.7,83,3,1.917,0.049,1.966,0.019,2.783,0.047,103.473684210526
2022/3/6,7.406917511,0.12093343,3.214224507,4.445513748,16.28680897,8.322578148,6.937706946,19.53167728,148.1979732,17.93595514,2,18.1,22.4,14.2,69.3,3.2,1.778,0.014,1.791,0.003,2.285,0.058,597
2022/3/7,8.62426087,0.055224638,2.413268116,5.240731884,16.32567391,8.224444928,6.930306522,21.89297609,150.5246616,17.79397826,2.7,15.2,21.5,9.6,73.9,3.06363636363636,1.97,0.003,1.973,0.003,2.76,0.049,657.666666666667
2022/3/8,5.739246923,0.503548154,1.141180304,3.042671977,10.42517017,7.992212165,6.984476466,23.50804924,156.0358668,17.84661115,1.9,15.1,22.2,8.8,52.5,2.92727272727273,1.93,0.008,1.938,0.002,2.795,0.046,969
2022/3/9,4.569587256,0.663352643,0.93422882,2.612056481,8.777349747,7.844186821,6.968541636,22.12855902,160.6363505,18.17386676,1.7,16.9,24.4,9.1,62.7,2.79090909090909,2.048,0.006,2.054,0.006,2.51,0.056,342.333333333333
2022/3/10,4.666429608,0.402859216,0.796850508,3.102685051,8.965181422,7.829164731,6.895708273,21.45192598,162.5171502,18.437627,2.1,19.2,27.3,12.4,66.3,2.65454545454545,1.602,0.013,1.6235,0.003,1.992,0.046,541.166666666667
2022/3/11,6.601841914,0.014387237,1.963582306,5.934227701,14.5042132,8.176656998,7.006714286,19.41611022,163.3537585,19.20402466,1.9,20.5,28.3,14.1,67.1,2.51818181818182,1.156,0.038,1.193,0.004,1.889,0.044,298.25
2022/3/12,7.057891304,0.015565217,3.872362319,5.96084058,16.8972029,8.288221014,7.08707971,19.55082246,160.5686283,19.47346377,1.8,21,28.6,15.1,68.4,2.38181818181818,1.965,0.013,1.979,0.005,2.495,0.046,395.8
2022/3/13,9.441288921,0.01,3.78867598357143,8.298182476,24.20948588,8.440805938,7.311583635,19.44689211,158.846803,20.28228096,1.6,23.1,30.1,16.7,69.3,2.24545454545455,1.793,0.014,1.807,0.005,2.196,0.045,361.4
2022/3/14,10.15475083,0.010050688,3.70498964814286,8.111037693,24.61486595,8.79404055,7.381149271,18.17671542,159.965987,21.39051412,1.9,24.4,31.6,18.7,69.7,2.10909090909091,1.631,0.028,1.659,0.004,2.138,0.043,414.75
2022/3/15,10.86821274,0.01024602,3.62130331271429,7.923892909,25.02024602,8.429309696,7.450714906,18.42660058,169.5969993,21.36575977,2.1,22.2,27.7,18.4,74.5,1.97272727272727,1.445,0.018,1.462,0.003,2.13,0.039,487.333333333333
2022/3/16,10.48494272,0.036085384,3.53761697728571,7.692779302,25.20846479,8.653052098,7.578546085,17.61695297,176.297602,21.98002894,2.2,22.6,29.3,18.6,74.5,1.83636363636364,1.789,0.028,1.817,0.002,2.483,0.036,908.5
2022/3/17,10.1016727,0.217378711,3.45393064185714,7.461665695,25.39668356,8.448418537,7.706377263,17.0005315,187.0637031,22.05170891,1.6,23.2,29,19.3,82.2,1.7,1.859,0.015,1.874,0.004,2.481,0.039,468.5
2022/3/18,10.14157682,0.42973913,3.37024430642857,7.230552087,27.89597826,8.539477536,7.713465443,16.73093696,191.0001341,22.6048913,2.5,22.1,29.9,18.2,71.5,3.63333333333333,1.901,0.022,1.923,0.003,2.34,0.046,641
2022/3/19,10.18148094,0.763688406,3.286557971,6.99943848,27.18626087,8.212066667,7.720553623,18.09642464,192.1303507,22.45534783,2.5,21.2,28.2,18.2,70,5.56666666666667,1.9,0.105,2.005,0.003,2.248,0.039,668.333333333333
2022/3/20,10.22138506,1.116540972,3.89337926,6.768324873,21.99612038,7.979524293,7.482336476,17.59154242,192.4343292,22.60858593,1.8,21.4,26.9,18.2,77,7.5,1.87,0.066,1.936,0.003,2.302,0.045,645.333333333333
2022/3/21,6.879927589,1.910188269,3.640477915,2.956574946,15.38737871,7.46566546,7.204066618,17.29219986,190.8159747,22.12101376,1.1,19.6,20.9,18.2,91.3,11.35,1.733,0.006,1.738,0.003,2.206,0.061,579.333333333333
2022/3/22,6.111057971,2.143398551,2.820115942,3.041391304,14.11589855,7.319456522,7.172526087,18.22354928,190.8699123,21.89404348,2.6,15.7,20.9,14.3,93.8,15.2,1.596,0.093,1.689,0.003,2.433,0.036,563
2022/3/23,3.983350217,2.126244573,1.948719247,1.271266281,9.329652677,7.157652677,7.096457308,25.104822,194.2313546,21.20973227,1.7,14.5,15.8,12.7,92.1,11.3,1.946,0.092,2.039,0.004,2.352,0.034,509.75
2022/3/24,2.683164374,1.919862419,1.214800869,0.480716872,6.298052136,7.171868211,7.076647357,31.55737944,185.5002324,20.34969587,1.5,15.1,16.8,12.7,92.4,14,1.858,0.036,1.894,0.003,2.308,0.035,631.333333333333
2022/3/25,2.110209993,1.875351195,0.802643012,0.245981173,5.033099203,7.302542361,7.074903693,33.51176828,174.2632925,19.86701665,1,17.5,18.8,14.9,98.3,10.9,1.347,0.034,1.381,0.001,2.453,0.034,1381
2022/3/26,2.360890659,1.871303403,0.929493121,0.173345402,5.331766836,7.218338161,7.003394642,35.82927154,183.6283179,20.14764663,1.9,21.7,28.7,16,91.5,13.55,1.921,0.03,1.951,0.003,2.419,0.044,650.333333333333
2022/3/27,2.612607117,4.259302832,1.177305737,0.014066812,8.053870733,7.575121278,7.16635512,42.76208148,176.9857371,19.83812636,1.5,16.1,19.2,12.5,86.8,16.2,1.792,0.253,2.045,0.04,2.453,0.036,51.125
2022/3/28,3.060130246,4.017375729,1.279008683,0.01,9.394435601,7.718110709,7.213806802,49.69489142,193.4907467,19.33146165,1.4,14,15.1,12.7,94.1,9.4,1.856,0.001,1.857,0.007,2.553,0.048,265.285714285714
2022/3/29,3.054775687,3.775448625,0.858835022,0.01,7.688994211,7.827528944,7.073204052,56.62770135,162.9270246,18.97732996,1.5,19.2,23.1,14.5,83.5,10.3,1.95,0.283,2.233,0.06,2.373,0.044,37.2166666666667
2022/3/30,2.569266366,2.644808126,0.717629797,0.011354402,5.932844244,7.585309255,6.982478555,63.56051129,154.7190926,19.92519187,1.3,22.3,29.6,17.8,81.1,6.3,1.905,0.195,2.1,0.049,2.153,0.054,42.8571428571429
2022/3/31,2.721904417,2.35795076,0.761672701,0.011491673,5.843338161,7.5083874,6.954842867,53.32685301,152.7510109,19.97153512,2.5,20.9,26.9,15.2,77.3,2.3,2.531,0.195,2.726,0.017,3.123,0.049,160.352941176471
2022/4/1,3.100464441,2.39009434,0.973439768,0.013287373,6.467343977,7.456632075,6.933981132,49.62274311,150.80182,20.11891147,2.4,17.1,20.4,14.4,63.3,0.1,1.5,0.034,1.534,0.005,3.204,0.042,306.8
2022/4/2,2.259410909,2.480130909,0.608152727,0.01,5.347527273,7.628968,7.008544,57.95307055,133.3158225,19.30526545,2,15.1,17.5,13.3,66.4,0.891666666666667,2.277,0.031,2.308,0.005,3.00766666666667,0.058,461.6
2022/4/3,1.953816075,2.149905865,0.533439537,0.010456191,4.637624909,7.842553946,7.077081825,45.94709776,137.2620594,18.91053584,1.9,16.6,24,10.1,48.2,1.68333333333333,2.489,0.014,2.502,0.01,2.81133333333333,0.052,250.2
2022/4/4,1.91858798,1.874069515,0.595901521,0.058059377,4.438320058,7.804343954,7.0875105,36.85025272,138.8299153,19.20033309,2.1,17.2,24,10.7,53.4,2.475,1.464,0.025,1.489,0.007,2.615,0.053,212.714285714286
2022/4/5,2.321459568,1.721447376,0.657133238,0.597816855,5.174581882,7.676314109,7.045009986,34.45126213,143.0106894,19.62212449,1.9,19.1,26.7,12.2,65.3,3.26666666666667,1.649,0.005,1.653,0.006,2.453,0.049,275.5
2022/4/6,2.560116026,1.568825236,0.715634518,0.505518492,5.349506889,7.548284264,7.000603336,31.04599275,147.1914634,20.04391588,2,21.4,26.7,15.7,68.7,4.05833333333333,1.797,0.018,1.815,0.005,2.813,0.062,363
2022/4/7,3.27195369,1.289971056,0.746201158,1.61581042,6.922713459,7.477333575,7.024561505,30.4782453,145.0018813,20.51921852,2.1,21.3,28.1,14.6,61.1,4.85,1.804,0.009,1.813,0.006,2.49,0.051,302.166666666667
2022/4/8,4.419464156,1.008826937,0.955083273,3.517356988,9.899435192,7.537803041,7.112562636,32.55183345,142.8791731,20.91708182,1.8,21.7,29.6,14.1,45.8,5.64166666666667,1.855,0.024,1.879,0.005,2.396,0.048,375.8
2022/4/9,4.504269175,1.009008683,1.392243126,3.552727931,10.45732272,7.467002894,7.128494211,31.46165485,143.5650999,21.16047757,2,21.7,28.8,15.2,65.3,6.43333333333333,1.285,0.022,1.307,0.004,2.05,0.05,326.75
2022/4/10,4.891469949,0.680123099,1.185966691,3.648052136,10.40572773,7.41505286,7.055261405,24.79418972,154.7343201,21.81036206,1.6,23.5,30.7,17.6,65.2,7.225,0.991,0.016,1.007,0.004,2.079,0.045,251.75
2022/4/11,6.268174045,0.44218453,1.463889984,4.860251941,13.1322996,7.552637741,7.149134829,23.79941877,158.3812808,22.34271694,1.8,25.1,31.4,19.3,66.9,8.01666666666667,1.51,0.035,1.545,0.026,2.19,0.048,59.4230769230769
2022/4/12,7.343788151,0.204245961,1.572064632,5.792827648,14.90807899,7.690222621,7.2064614,22.18597217,162.0282415,22.87507181,2.1,25.6,32.3,20.2,67,8.80833333333333,1.379,0.002,1.4325,0.003,1.691,0.044,477.5
2022/4/13,9.499956553,0.162903693,2.535177408,7.025032585,19.21578566,8.039254164,7.409970311,21.31675525,163.2435735,23.15645185,1.4,23.9,28.5,21.1,84.3,9.6,1.248,0.071,1.32,0.009,2.357,0.044,146.666666666667
2022/4/14,10.74078871,0.136758321,3.772026049,7.466273517,22.10929088,8.0475767,7.560890738,22.89835528,164.529123,23.74883502,2.6,24.2,30.1,20.6,64.9,8.075,1.39,0.003,1.393,0.008,2.197,0.051,174.125
2022/4/15,8.073317757,0.010389408,2.910514019,6.053785047,17.03838006,7.712535826,7.248453271,24.19361838,164.8819424,23.235919,2.9,21.8,27.5,19,59.8,6.55,1.522,0.002,1.524,0.003,2.211,0.049,508
2022/4/16,7.630757747,0.471202066,2.015219326,5.756081602,16.15914571,7.568008011,7.232271961,25.66087325,169.977197,22.97694203,2.2,19.2,23.9,15.7,49.8,5.025,1.308,0.048,1.356,0.01,2.548,0.046,135.6
2022/4/17,6.932840224,0.932014723,1.161905169,5.326952688,14.75704935,7.423480196,7.185976898,27.11088363,175.0724517,22.71796507,1.4,19.1,22.3,15.7,61.2,3.5,1.842,0.003,1.844,0.002,2.841,0.047,922
2022/4/18,6.557728175,1.392827381,0.072797619,6.195287698,14.20777778,7.278952381,7.144989087,28.4600754,180.1677063,22.4589881,1.3,17.6,19.6,15.8,87.7,8.5,0.908,0.007,0.916,0.002,1.936,0.042,458
2022/4/19,3.750043478,2.250927536,0.861956522,1.519471014,8.382333333,6.84827971,7.052804348,30.76437101,189.9202601,22.25747826,1.1,17.1,18.2,16,92.3,3.2,2.258,0.001,2.259,0.009,2.626,0.042,251
2022/4/20,3.49929761,2.058609703,0.608218682,1.949659667,8.114236061,6.714157133,7.037800869,34.05924258,187.717475,22.18291818,1.4,18.5,21.8,17.1,79.2,0.6,1.136,0.09,1.226,0.024,2.004,0.045,51.0833333333333
2022/4/21,4.348203184,1.626080364,0.63115997,2.645458681,9.249476876,6.838764215,6.988644428,30.79788324,168.6160099,22.2425398,1.4,22.6,27.5,17.6,77.6,5.93333333333333,2.175,0.068,2.244,0.011,2.893,0.051,204
2022/4/22,5.875434783,1.051876812,0.945123188,4.094268116,11.96426087,7.088280435,7.012511594,27.98459783,158.2689275,22.8369058,1.9,25.6,30.9,20.6,77,11.2666666666667,1.885,0.122,2.007,0.005,2.28,0.045,401.4
2022/4/23,8.554278463,0.911950689,3.999550399,5.36349177,21.58751269,7.506558376,7.242039159,25.12587165,155.0466142,23.24374909,1.7,25.2,30.8,22.2,84.1,16.6,1.978,0.007,1.985,0.005,2.37,0.046,397
2022/4/24,10.74771904,1.18961622,1.921622013,6.632715424,20.48989138,7.739582187,7.532890659,22.9379008,159.1870985,24.26440261,1.9,26.2,32.6,22.8,81.6,20.8,1.266,0.0125,1.267,0.004,2.012,0.046,316.75
2022/4/25,10.31305515,1.976973875,2.370805515,5.463642961,20.12359216,7.577602322,7.495214078,23.47761466,165.1741524,24.68731495,1.9,27.2,32.4,23.4,75.9,21.94,1.189,0.018,1.206,0.001,1.932,0.045,1206
2022/4/26,10.0314848423333,1.417190442,2.990446299,5.049073521,19.4239779266667,7.640558291,7.60426937,23.72310862,167.5639044,25.26153512,2,28,32.5,24.4,73.5,23.08,1.725,0.067,1.792,0.004,2.428,0.05,448
2022/4/27,9.74991453466667,2.583359942,3.610087083,4.634504081,18.7243636933333,7.839204644,7.413143763,19.76874819,173.6434492,26.42018142,3,26.7,32.6,21.7,75.9,24.22,2.254,0.02,2.275,0.002,2.461,0.05,1137.5
2022/4/28,9.468344227,2.152193174,2.184415396,4.219934641,18.02474946,6.858570806,7.222018155,22.7026841,186.6322549,25.7883878,1.7,25,29.6,21.9,80.3,25.36,1.098,0.016,1.114,0.004,2.264,0.063,278.5
2022/4/29,6.390781208,2.162614703,1.915857858,3.262069878,13.4709134,6.591345548,7.229206629,25.39491685,192.989621,25.59992579,2.6,25.1,33.7,18.7,76.6,26.5,2.325,0.026,2.351,0.006,2.763,0.065,391.833333333333
2022/4/30,2.738304348,2.173036232,1.514413043,0.381876812,6.805710145,6.32412029,7.15352029,27.81225725,199.346987,25.41146377,2,21.1,24.1,18.5,76.6,0.7,0.977,0.008,0.984,0.001,2.043,0.052,984
2022/5/1,1.910094203,2.181594203,1.066942029,0.387282609,5.543985507,6.22389058,7.167037681,32.45762174,203.3063246,25.04022464,2.16,17.14,20.2,14.7,91.71,17.1,1.136,0.037,1.172,0.003,2.074,0.058,390.666666666667
2022/5/2,1.438797101,2.087869565,0.911144928,0.089449275,4.521478261,6.018815217,7.151855797,38.46413986,209.441329,24.25318116,1.24,16.15,17.8,14.8,91.92,10.8,1.614,0.027,1.641,0.018,2.075,0.062,91.1666666666667
2022/5/3,1.695681159,1.913065217,0.70834058,0.259811594,4.574224638,5.976564493,7.155549275,35.98857971,203.9893333,24.55087681,1.63,21.55,27.4,15.4,54.5,8.92,1.821,0.03,1.851,0.003,2.48,0.047,617
2022/5/4,2.932246377,1.611731884,0.754731884,1.349768116,6.646905797,6.26474058,7.238162319,32.99484203,203.8732978,24.30965942,1.73,23.16,28.8,17.8,64.42,7.04,1.933,0.024,1.956,0.006,2.111,0.021,326
2022/5/5,4.024557971,1.836971014,1.01723913,2.010942029,8.890021739,6.639601449,7.351404348,27.46513986,200.9025587,24.71204348,2.25,23.57,28.9,19.4,68.25,5.16,1.469,0.069,1.538,0.017,2.073,0.043,90.4705882352941
2022/5/6,7.546461204,2.03693256,2.438114576,4.493952139,16.51515591,7.160803481,7.65037926,23.33117476,202.4870899,24.95881798,1.82,24.31,30.1,20.3,72.04,3.28,1.564,0.1,1.664,0.027,2.073,0.071,61.6296296296296
2022/5/7,8.486855072,1.939246377,3.905673913,4.460166667,18.79202174,7.305298551,7.565064493,20.57698623,197.9339232,25.00047101,1.52,24.36,28.8,21.2,78.29,1.4,1.241,0.009,1.25,0.006,2.092,0.055,208.333333333333
2022/5/8,8.025366534,1.323569877,3.22419052566667,3.548910494,17.99448582,7.821514844,7.828014482,19.20060898,197.4327741,25.20781318,1.2,21.55,24.2,19.9,89.75,17.3,1.842,0.013,1.854,0.005,2.266,0.061,370.8
2022/5/9,7.563877996,2.890058097,2.54270713833333,2.637654321,17.19694989,6.920117647,7.366469136,22.36132898,198.7538206,24.97958606,1.56,22.2,24.4,19.9,88.96,2.5,1.441,0.018,1.459,0.004,2.512,0.056,364.75
2022/5/10,3.786574946,2.289304852,1.861223751,1.004366401,8.938667632,5.895940623,7.082223027,28.53512744,187.9997929,24.82301955,1.09,22.16,25.4,21.3,94.21,11.8,2.215,0.004,2.219,0.012,2.803,0.058,184.916666666667
2022/5/11,2.631311594,2.080231884,1.457384058,0.483137681,6.650246377,5.839869565,7.05171087,31.77042899,197.8338268,24.66871739,1.64,23.86,27.4,21.8,89.92,9.9,2.036,0.021,2.057,0.006,2.38,0.066,342.833333333333
2022/5/12,2.673943121,2.030061491,1.231122214,0.555987702,6.491106841,5.978920061,7.042432744,32.9932475,205.3186203,24.42913144,1.3,22.31,23.1,21.5,98.33,13.45,1.921,0.027,1.949,0.005,2.751,0.057,389.8
2022/5/13,3.679355072,2.770304348,1.328007246,0.073652174,7.845166667,5.965389855,7.065015217,61.67582391,215.8161638,24.16656522,1.5,23.43,26,20.4,95.33,17,1.673,0.284,1.957,0.054,2.168,0.082,36.2407407407407
2022/5/14,3.552369565,3.278557971,1.076594203,0.01,7.90723913,6.380194203,7.160501449,61.41422243,214.3513601,23.5255942,1.77,19.56,21.3,17.7,96.5,12.3,2.151,0.334,2.485,0.06,2.425,0.097,41.4166666666667
2022/5/15,2.839710355,3.915648081,0.788124547,0.01,7.543316437,6.976993483,7.199039102,61.15262096,166.9143179,22.59567705,1.56,17.4,19.2,16,95.25,16.2,1.772,0.139,1.911,0.066,1.851,0.08,28.9545454545455
2022/5/16,2.658856729,4.275108538,0.680832127,0.01,7.615094067,7.154052098,7.177747467,60.89101948,150.8010803,21.9584081,1.06,17.39,19.7,13.9,87.71,1.2,1.742,0.184,1.926,0.072,1.912,0.077,26.75
2022/5/17,2.543902969,2.815141202,0.703215062,0.01,6.062585083,7.157716872,7.135091238,60.62941801,160.9887893,22.28674149,1.73,20.05,26.6,14.4,60.83,1.86,1.761,0.179,1.94,0.053,1.858,0.067,36.6037735849057
2022/5/18,1.955873822,2.077483684,0.65182016,0.013930384,4.689499637,7.00326541,7.115191443,60.36781653,158.9163749,22.58425671,1.81,22.11,29.3,15.7,56.75,2.52,1.6,0.149,1.748,0.051,1.627,0.058,34.2745098039216
2022/5/19,2.235267728,1.974978292,0.744580318,0.032872648,4.978444284,6.854460203,7.085999276,56.51134805,164.2725304,23.11035456,1.99,25.67,30.7,19.1,67.88,3.18,1.813,0.246,2.059,0.069,1.942,0.078,29.8405797101449
2022/5/20,3.833729182,1.73615496,1.004366401,0.580601014,7.151556843,6.79693845,7.05895076,46.84283925,167.1898132,23.56284576,2.04,25.4,31.4,22.4,71.46,3.84,1.857,0.154,2.011,0.061,1.931,0.078,32.9672131147541
2022/5/21,6.60129079,1.439818709,0.675054387,5.506287165,14.21761421,6.854019579,7.176889775,46.2070892,162.7236657,23.61765047,1.47,22.05,24.3,20.4,86.83,4.5,1.781,0.166,1.947,0.064,2.077,0.079,30.421875
2022/5/22,4.10623913,2.053594203,1.13542029,1.781311594,9.075688406,6.544688406,7.132768116,43.1496,155.2696645,23.54144928,1.16,22.36,23.8,20.9,83.58,10.4666666666667,1.625,0.074,1.699,0.046,1.863,0.073,36.9347826086957
2022/5/23,3.879500724,1.937373372,1.173567294,1.525072359,8.514037627,6.635630246,7.091526049,39.26039797,151.2233372,23.60040521,1.65,23.78,27.3,21.6,82.58,16.4333333333333,1.801,0.134,1.935,0.072,1.838,0.074,26.875
2022/5/24,3.748667632,1.752787835,1.149254164,2.571998552,9.218616944,6.481901521,7.053766112,37.71918465,150.2671774,23.08497466,1.25,22.25,23.4,21.7,95.88,22.4,1.822,0.15,1.972,0.053,2.026,0.077,37.2075471698113
2022/5/25,2.514456522,1.987724638,1.212028986,0.094826087,5.803884058,6.568421014,7.050519565,42.6753413,149.5353942,22.98885507,1.61,24.09,27.6,22.1,92.92,1.4,1.648,0.072,1.72,0.043,1.86,0.074,40
2022/5/26,2.628730964,1.774677302,0.949412618,0.384314721,5.734053662,6.714573604,7.085137056,45.07117694,159.4383829,23.31358956,2.33,23.65,27.8,20.8,91.42,21.2,1.65,0.147,1.797,0.064,1.884,0.076,28.078125
2022/5/27,2.336657019,2.441193922,1.02130246,0.016613603,5.806099855,7.028960926,7.169368307,79.52081259,158.4118553,23.04199711,1.43,22.12,23.6,21.1,95.5,4.6,1.642,0.109,1.751,0.057,2.158,0.093,30.719298245614
2022/5/28,1.892744388,3.118337471,0.785242578,0.01,9.004518465,7.309837075,7.192290369,79.1116427340741,151.9924222,22.92866763,1.38,25.55,28.2,21.7,91.67,5.2,1.706,0.167,1.873,0.037,1.773,0.059,50.6216216216216
2022/5/29,1.733886875,3.795481019,0.269854967,0.01,10.74851342,7.056727339,6.969295141,78.7024728781482,122.1669891,23.26386512,1.85,27.87,32.2,25.3,85.67,0.1,1.568,0.139,1.707,0.029,1.371,0.044,58.8620689655172
2022/5/30,2.055707034,4.472624568,0.676345178,0.01,9.170145033,6.926481508,6.952526468,78.2933030222222,121.1982183,23.86070341,2.03,28.15,33.1,25.8,83.96,8.5,1.636,0.156,1.792,0.012,1.713,0.048,149.333333333333
2022/5/31,2.796268116,5.149768116,0.941456522,0.01,8.887536232,6.873004348,6.937563043,77.8841331662963,113.7490413,24.15771739,1.78,26.72,31.2,24.9,90.79,5.75,1.748,0.048,1.796,0.021,2.098,0.039,85.5238095238095
2022/6/1,2.467055351,4.18200738,0.949653137,0.041579336,7.630081181,6.675082657,6.882175646,77.4749633103704,105.9790952,24.6802583,1.57,27.45,33.1,25.5,88.79,3,1.53,0.043,1.573,0.032,1.802,0.046,49.15625
2022/6/2,2.507498187,3.297585207,0.613052937,0.01,6.418121827,6.540186367,6.800562727,77.0657934544444,106.5385482,25.09248006,2.06,27.32,33.1,24.1,86.13,26.9,1.284,0.065,1.349,0.019,1.753,0.063,71
2022/6/3,3.322037708,4.217621465,1.090456853,0.01,8.63004351,6.351375635,6.85497752,76.6566235985185,120.6032444,25.52529369,1.63,26.6,32.3,24.5,89.5,14.3,1.775,0.102,1.877,0.047,1.873,0.061,39.936170212766
2022/6/4,2.913028986,6.272963768,1.353702899,0.01,10.53934783,6.16755942,6.80317029,76.2474537425926,131.7959717,25.66595652,1.48,27.8,31.5,25.1,87.58,9,1.584,0.04,1.624,0.034,1.971,0.044,47.7647058823529
2022/6/5,3.216640116,4.386335988,1.029978277,0.01,8.632954381,6.104097755,6.681751629,75.8382838866667,128.3184562,25.99206372,1.91,29.22,33.1,25,79.96,3.7,1.126,0.118,1.244,0.037,1.802,0.063,33.6216216216216
2022/6/6,3.033601449,3.54523913,0.594304348,0.01,7.173173913,6.428924638,6.874118841,75.4291140307407,121.1340899,25.73326087,1.39,25.58,29.4,23.2,92.58,9.2,1.587,0.064,1.652,0.039,1.632,0.05,42.3589743589744
2022/6/7,2.016884058,3.871439675,0.49434058,0.01,10.79504348,6.993491304,7.134968841,75.0199441748148,123.6145188,24.50205072,1.68,23.54,24.8,22,96.33,14.7,1.467,0.07,1.537,0.04,1.7,0.042,38.425
2022/6/8,0.714608696,4.19764022,0.040673913,0.01,13.56888406,6.864986957,7.236157971,74.6107743188889,134.648871,23.54792029,1.21,22.3,23.6,21.3,96.54,20.2,1.671,0.098,1.77,0.046,1.895,0.038,38.4782608695652
2022/6/9,1.432956522,4.523840764,0.070326087,0.01,11.96411594,7.456294928,7.160272464,74.201604462963,99.74038986,22.67797101,0.84,23.11,24.3,21.5,98.38,18.5,1.402,0.14,1.542,0.022,1.543,0.034,70.0909090909091
2022/6/10,1.249377713,4.850041309,0.16366136,0.01,9.230629522,7.52577424,7.029329233,73.792434607037,99.75852894,22.56785094,1.27,25.8,28.4,24.1,92.67,16.8,1.284,0.068,1.352,0.01,1.64,0.042,135.2
2022/6/11,1.777856626,5.176241854,0.183178856,0.01,7.136017379,7.488044171,6.993796524,73.3832647511111,101.2542448,22.85162201,1.93,24.48,29.9,21.5,93.38,9.35,1.143,0.066,1.209,0.015,1.205,0.047,80.6
2022/6/12,1.945499276,5.119848765,0.620188133,0.01,9.906150507,7.441791606,7.026206946,72.9740948951852,103.974466,22.91569465,0.99,23.42,24.2,22,97.13,1.9,1.373,0.069,1.441,0.021,1.714,0.045,68.6190476190476
2022/6/13,1.383482983,5.063455677,0.324916727,0.01,9.604170891,7.408969587,6.980250543,72.5649250392593,98.5421593,22.71207096,1.31,25.83,28.3,24.1,96.5,3.7,1.625,0.022,1.647,0.025,1.664,0.048,65.88
2022/6/14,0.176690722,5.007062588,0.087536082,0.01,9.946896907,5.954998969,6.936279381,72.1557551833333,118.4876887,22.68820619,1.28,25.05,27.5,24,97.08,12,1.272,0.034,1.306,0.03,1.558,0.049,43.5333333333333
2022/6/15,0.169487825,4.9506695,0.01,0.01,9.970453401,7.44936356,7.036549118,71.7465853274074,88.58585978,22.52261125,1.48,24.15,28.7,20.9,92.25,20.3,1.782,0.041,1.823,0.03,2.007,0.05,60.7666666666667
2022/6/16,1.611121563,4.894276411,0.070499276,0.01,6.572004342,7.661283647,7.050638205,71.3374154714815,75.2539631,22.18967438,0.94,23.48,24.3,21.6,98.71,14.7,1.734,0.039,1.773,0.028,2.091,0.041,63.3214285714286
2022/6/17,1.491541245,2.37316932,0.312250362,0.014797395,4.181700434,7.689476845,6.97839725,70.9282456155556,84.53329016,22.21881331,1.29,26.65,29,23.8,91.58,1.5,1.343,0.111,1.454,0.024,1.57,0.047,60.5833333333333
2022/6/18,1.351072464,1.219231884,0.29257971,0.07315942,2.928826087,7.521315217,6.908694928,70.5190757596296,85.56053913,22.62094203,1.81,28.32,31.6,25.5,82.92,0.8,1.298,0.187,1.485,0.037,1.4,0.04,40.1351351351351
2022/6/19,1.411435823,0.979818709,0.312095722,0.068491661,2.764655547,7.476965192,6.932565627,70.1099059037037,86.99388252,23.09761421,1.88,28.34,32.8,25.6,83.79,0.1,1.326,0.197,1.523,0.033,1.582,0.043,46.1515151515151
2022/6/20,1.298580739,0.789181752,0.180695148,0.142918175,2.404062274,7.416888487,6.912101376,69.7007360477778,96.13200797,23.74850833,1.89,29,32.9,25.4,78.38,0.1,1.341,0.205,1.545,0.031,1.428,0.051,49.8387096774194
2022/6/21,1.315047067,0.833193338,0.205792904,0.209326575,2.557581463,7.333468501,6.926716148,69.2915661918518,107.6151818,23.99745112,1.75,29.16,32.6,26.2,79.83,0.1,1.27,0.155,1.426,0.031,1.41,0.044,46
2022/6/22,1.187798697,1.549464156,0.412165098,0.232389573,3.372331644,7.292409124,6.971338885,68.8823963359259,120.5177111,24.18906589,2.08,29.6,34,26.5,79.83,0.1,1.433,0.109,1.541,0.038,1.658,0.047,40.5526315789474
2022/6/23,0.204688857,4.754341534,0.124797395,0.01723589,5.074334298,7.115209117,6.874015195,68.47322648,128.4222482,25.13468162,2.43,30.48,36.4,26.1,71.67,0.1,1.371,0.078,1.449,0.021,1.567,0.04,69
2022/6/24,0.932128302,3.662430189,0.161343396,0.040120755,4.777230189,7.044162264,7.075599245,52.49030113,130.6624151,25.80299623,2.4,30.25,35.7,26.6,71.33,0.1,1.32,0.211,1.531,0.032,1.488,0.049,47.84375
2022/6/25,2.667632151,1.918450398,0.502780594,0.283917451,5.365018103,7.045546705,7.029007241,37.22840985,135.2474765,26.42541636,1.76,27.82,34.5,24.5,81.54,0.1,1.753,0.164,1.917,0.029,1.925,0.046,66.1034482758621
2022/6/26,2.35974656,2.89128168,0.675032585,0.03595945,5.952346126,6.9656126,7.223930485,68.11918755,138.7928726,26.37905865,1.94,28.64,32.7,25.7,79.58,2.3,1.35,0.123,1.472,0.026,1.543,0.049,56.6153846153846
2022/6/27,2.402541636,2.743482983,0.656118755,0.060818248,5.853830558,6.897141926,7.212739319,62.26260391,134.0528052,26.91972484,2.49,29.85,35.1,26.2,73.29,0.1,1.236,0.145,1.38,0.031,1.675,0.048,44.5161290322581
2022/6/28,2.67183068,2.390007236,0.639334298,0.270520984,5.961823444,6.868214182,7.235648336,51.53632344,134.1202142,27.48153401,2.45,30.16,34.9,26.4,72.21,1.7,1.236,0.128,1.363,0.024,1.594,0.041,56.7916666666667
2022/6/29,2.638461538,2.70201016,0.779317852,0.012525399,6.122351234,6.788053701,7.199595065,58.383582,139.5498687,27.29984035,2.71,29.27,32.9,26,75.71,9.5,1.2,0.111,1.311,0.022,1.464,0.051,59.5909090909091
2022/6/30,3.7917958,2.206828385,0.706350471,0.613997104,7.3108979,6.778170891,7.296380159,47.64567343,148.7279638,28.39244026,2.33,29.23,35.4,24.8,76.75,17.3,1.405,0.156,1.561,0.03,1.645,0.049,52.0333333333333
2022/7/1,3.645901521,2.028428675,0.643287473,0.59884866,6.909225199,6.904091962,7.283097755,38.30886821,143.3758899,27.87697321,2.55,28.17,33.8,24.9,82.92,20.55,1.302,0.104,1.405,0.034,1.464,0.045,41.3235294117647
2022/7/2,3.127016655,2.504561912,0.841274439,0.026125996,6.489225199,6.714429399,7.257065894,41.63683852,142.3691398,27.35899348,2.34,27.48,31.1,25.5,87.71,23.8,1.281,0.068,1.348,0.019,1.38,0.039,70.9473684210526
2022/7/3,2.88739508,2.684399421,0.657735166,0.010289436,6.229811867,6.52444356,7.17388712,40.84630029,137.914602,26.97342981,2.3,27.26,31,25.6,91.71,21.7,1.171,0.131,1.302,0.035,1.608,0.046,37.2
2022/7/4,3.307219406,3.274656046,0.673902969,0.01,7.255800145,6.449100652,7.143037654,50.46441636,134.9147835,26.81965243,2.23,27.9,31.3,25.8,88.08,10.1,1.288,0.177,1.465,0.04,1.32,0.048,36.625
2022/7/5,2.865286025,3.150941347,0.499312093,0.01,6.515010862,6.706891383,7.1444084,50.17114627,127.0929146,26.55552498,1.64,26.82,29.8,25.5,93,5.6,1.336,0.2,1.536,0.035,1.62,0.061,43.8857142857143
2022/7/6,2.923316583,3.409226131,0.480180905,0.01,6.813005025,6.773904523,7.161439196,53.27097286,128.1809136,26.28592965,1.97,26.75,28.6,25.4,90.54,2.6,1.351,0.201,1.551,0.033,1.49,0.048,47
2022/7/7,2.189384384,2.602117117,0.36509009,0.01,5.156516517,7.03196997,7.263316817,41.13718468,149.3508183,26.1565015,1.38,27.87,32.1,25.3,87.25,9.2,1.455,0.186,1.641,0.025,1.736,0.044,65.64
2022/7/8,1.91535284,2.053184165,0.421015491,0.022340792,4.40253012,7.019320138,7.313130809,32.31765921,152.6646248,26.96881239,1.76,29.92,34.3,26.1,76.08,8.97692307692308,1.342,0.133,1.474,0.038,1.501,0.032,38.7894736842105
2022/7/9,2.091919386,1.7956238,0.438330134,0.105393474,4.424683301,6.977923225,7.258775432,29.5802572,142.9679251,27.6884453,2.06,30.38,34.8,26.8,75.92,8.75384615384615,1.353,0.131,1.484,0.021,1.509,0.058,70.6666666666667
2022/7/10,3.298503937,2.056850394,0.68257874,0.247933071,6.280629921,7.046572835,7.256811024,25.87512205,132.4080748,28.17889764,2.12,30.94,36.3,27.7,74.88,8.53076923076923,1.039,0.052,1.091,0.031,1.483,0.052,35.1935483870968
2022/7/11,4.821115702,2.372128099,0.812334711,0.512252066,8.515247934,7.126169421,7.394179752,22.63958058,129.0801074,28.7375,2.25,30.67,36,27.7,77.08,8.30769230769231,1.608,0.121,1.729,0.054,1.623,0.042,32.0185185185185
2022/7/12,5.138985507,2.601217391,0.959652174,0.317826087,9.013768116,7.115634783,7.427837681,21.91056812,144.8077913,29.18118841,2.14,30.54,35.8,26.8,74.33,8.08461538461538,1.498,0.082,1.58,0.05,1.522,0.053,31.6
2022/7/13,5.002173913,2.828347826,1.175826087,0.123,9.124130435,7.014052174,7.446373913,19.94279565,148.2432391,29.75917391,1.58,31.41,36.2,27.3,69.58,7.86153846153846,1.45,0.079,1.529,0.044,1.495,0.04,34.75
2022/7/14,9.229062104,3.818833967,1.00112801,1.781292776,15.82735108,7.015880862,7.474731305,24.60825475,143.3874106,30.47267427,2.23,30.39,36.2,26.8,74.96,7.63846153846154,1.319,0.132,1.451,0.076,1.438,0.07,19.0921052631579
2022/7/15,8.125591059,6.297978261,0.636442029,4.148449275,17.21507569,7.371324638,7.540821152,21.54233696,139.4982812,30.99918116,2.45,30.08,36.6,27,77.17,7.41538461538461,1.312,0.119,1.431,0.041,1.622,0.049,34.9024390243902
2022/7/16,7.022120014,5.486403763,2.531497829,0.735253256,18.60280029,7.006515919,7.606910999,26.69691245,138.1931049,30.76293054,2.45,32.23,37,28.1,65.71,7.19230769230769,1.339,0.048,1.387,0.022,1.551,0.037,63.0454545454545
2022/7/17,5.918648968,6.516273517,2.49100309,0.927510854,22.00673661,7.143100579,7.784346599,24.37605065,144.8702077,31.19844428,2.39,32.34,37.1,28.6,68.54,6.96923076923077,1.39,0.172,1.562,0.032,1.428,0.037,48.8125
2022/7/18,4.815177923,4.57671024,2.450508351,0.225090777,12.06124183,6.518361656,7.419990559,21.15960784,149.8288134,30.89819172,2.51,30.86,34.8,27.8,73.17,6.74615384615385,1.29,0.119,1.409,0.029,1.524,0.052,48.5862068965517
2022/7/19,1.938774474,3.261058738,1.162791878,0.020543872,6.373807107,6.179900653,7.233233503,10.63446555,148.4145859,30.71904278,2.15,30.3,34.4,27.3,75.75,6.52307692307692,1.273,0.091,1.365,0.017,1.493,0.037,80.2941176470588
2022/7/20,1.542307692,3.200718433,1.016349782,0.043882438,5.794542816,6.413445573,7.30846807,4.930704644,153.2854623,30.73051524,1.96,30.62,34.7,27.3,76.83,6.3,1.164,0.087,1.251,0.033,1.576,0.099,37.9090909090909
2022/7/21,0.751414068,3.373393764,0.619427121,0.011791153,4.746381436,6.833138506,7.70793546,3.131385787,158.7575794,31.34924583,2.28,32.06,37.5,27.7,68.67,6.07692307692308,1.326,0.099,1.424,0.017,1.499,0.03,83.7647058823529
2022/7/22,0.299373634,3.364486526,0.480633649,0.0100437,4.140881282,6.573403496,7.579093955,4.768075747,159.5387815,31.53329934,2.61,32.53,38.5,27.9,67.88,5.85384615384615,1.322,0.098,1.42,0.031,1.588,0.044,45.8064516129032
2022/7/23,1.402352082,3.882125639,0.687173119,0.012169467,5.973192111,6.595298758,7.661676406,7.659575603,164.8867151,32.34449963,2.01,33,39.5,28.3,68.21,5.63076923076923,1.312,0.13,1.442,0.025,1.397,0.037,57.68
2022/7/24,4.171111111,4.914276316,1.160241228,0.407814327,10.64543129,6.544273392,7.711906433,5.237479532,174.7750066,33.11179825,2.18,33.13,40,28.8,63.5,5.40769230769231,1.41,0.13,1.54,0.024,1.591,0.018,64.1666666666667
2022/7/25,0.520419986,3.617407676,0.666886314,0.016661839,4.80929761,6.486874004,7.460887038,2.572939899,172.5572969,32.29302679,2.17,31.72,37,28,72.46,5.18461538461538,0.9065,0.103,1.081,0.025,1.717,0.035,43.24
2022/7/26,0.080984081,2.425361795,0.343632417,0.022054993,2.857691751,6.094794501,7.152387844,2.798527496,179.6931548,32.21626628,2.22,31.42,36.8,28.1,71.33,4.96153846153846,0.403,0.219,0.622,0.022,2.031,0.082,28.2727272727273
2022/7/27,0.346028986,3.090210145,0.357224638,0.020608696,3.803442029,6.305144928,7.54797971,7.57905,175.0649514,32.7059058,1.8,29.57,36.4,26,76.29,4.73846153846154,0.49,0.194,0.684,0.024,1.654,0.03,28.5
2022/7/28,0.643040685,3.287023555,0.438950749,0.010642398,4.369743041,5.944558887,7.402340471,6.538882227,172.6333448,31.78573876,2.03,30.98,35.7,26.9,72.13,4.51538461538462,0.363,0.188,0.55,0.023,1.798,0.098,23.9130434782609
2022/7/29,0.753749021,3.320978059,0.434873836,0.070214463,4.51375087,5.951887835,7.415616484,7.008730335,173.3714106,31.74931239,2.14,29.03,35.5,24.9,72.79,4.29230769230769,0.388,0.158,0.546,0.009,1.374,0.015,60.6666666666667
2022/7/30,0.889336676,3.354932563,0.440305679,0.103735272,4.733219833,5.959216783,7.416012327,7.37997692,174.1094765,31.71288601,2.1,31.28,38.2,25.6,65.58,4.06923076923077,0.436,0.204,0.64,0.04,1.275,0.018,16
2022/7/31,1.024924331,3.388887068,0.445737522,0.137256082,4.952688796,5.966545732,7.41640817,7.751223505,174.8475423,31.67645963,1.63,29.79,38.5,26.1,71.38,3.84615384615385,0.637,0.072,0.708,0.022,1.304,0.009,32.1818181818182
2022/8/1,1.160511986,3.422841572,0.451169364,0.170776891,5.172157758,5.97387468,7.416804012,8.12247009,175.5856081,31.64003326,2.45,29.65,37.9,26.2,72.88,3.62307692307692,0.231,0.111,0.342,0.01,1.866,0.015,34.2
2022/8/2,1.296099641,3.456796076,0.456601207,0.2042977,5.391626721,5.981203628,7.417199855,8.493716676,176.3236739,31.60360688,2.25,28.05,34.9,25.7,81.04,3.4,0.4,0.089,0.489,0.014,1.713,0.029,34.9285714285714
2022/8/3,1.431687295,3.49075058,0.46203305,0.237818509,5.611095684,5.988532576,7.417595698,8.864963261,177.0617398,31.56718051,1.98,27.67,31,25.8,80.88,1.3,0.656,0.066,0.782,0.016,1.036,0.026,48.875
2022/8/4,1.56727495,3.524705084,0.467464892,0.271339318,5.830564647,5.995861525,7.417991541,9.236209846,177.7998056,31.53075413,2.45,26.13,30,24.6,91.38,12.1333333333333,0.912,0.163,1.075,0.035,1.525,0.026,30.7142857142857
2022/8/5,1.702862605,3.558659588,0.472896735,0.304860127,6.050033609,6.003190473,7.418387384,9.607456431,178.5378714,31.49432776,1.88,28.77,32.6,25.2,80.5,8.98888888888889,0.908,0.121,1.03,0.038,1.49,0.047,27.1052631578947
2022/8/6,1.83845026,3.592614093,0.478328578,0.338380937,6.269502572,6.010519421,7.418783226,9.978703016,179.2759373,31.45790138,1.77,30.64,35.5,25.8,72.25,5.84444444444445,0.963,0.104,1.066,0.027,1.529,0.027,39.4814814814815
2022/8/7,1.974037915,3.626568597,0.483760421,0.371901746,6.488971535,6.017848369,7.419179069,10.3499496,180.0140031,31.42147501,2.01,26.4,31.4,24,87.58,2.7,0.872,0.139,1.01,0.027,1.72,0.041,37.4074074074074
2022/8/8,2.10962557,3.660523101,0.489192263,0.405422555,6.708440498,6.025177318,7.419574912,10.72119619,180.7520689,31.38504863,1.91,29.12,35.5,25.4,72.92,2.69166666666667,1.017,0.125,1.142,0.037,1.567,0.036,30.8648648648649
2022/8/9,2.245213225,3.694477605,0.494624106,0.438943364,6.92790946,6.032506266,7.419970755,11.09244277,181.4901348,31.34862226,2.1,30.06,34.6,26.2,71.63,2.68333333333333,0.868,0.16,1.028,0.035,1.385,0.037,29.3714285714286
2022/8/10,2.380800879,3.728432109,0.500055949,0.472464173,7.147378423,6.039835214,7.420366597,11.46368936,182.2282006,31.31219588,2.06,29,32.7,25.6,78.29,2.675,0.931,0.145,1.076,0.038,1.459,0.036,28.3157894736842
2022/8/11,2.516388534,3.762386614,0.505487791,0.505984982,7.366847386,6.047164162,7.42076244,11.83493594,182.9662664,31.27576951,1.9,30.25,34.6,26.4,71.88,2.66666666666667,1.03,0.03,1.06,0.024,2.131,0.035,44.1666666666667
2022/8/12,2.651976189,3.796341118,0.510919634,0.539505792,7.586316348,6.05449311,7.421158283,12.20618253,183.7043322,31.23934313,1.72,30.92,35.8,27,71.17,2.65833333333333,0.906,0.197,1.103,0.041,1.491,0.058,26.9024390243902
2022/8/13,2.787563844,3.830295622,0.516351477,0.573026601,7.805785311,6.061822059,7.421554126,12.57742911,184.4423981,31.20291676,2.11,31.09,35.9,27,71.38,2.65,0.272,0.096,0.368,0.041,2.044,0.048,8.97560975609756
2022/8/14,2.923151499,3.864250126,0.52178332,0.60654741,8.025254274,6.069151007,7.421949969,12.9486757,185.1804639,31.16649038,2.43,31.14,36.8,26.9,69.25,2.64166666666667,0.978,0.067,1.046,0.023,1.595,0.038,45.4782608695652
2022/8/15,3.058739154,3.89820463,0.527215162,0.640068219,8.244723237,6.076479955,7.422345811,13.31992228,185.9185297,31.13006401,2.27,31.27,36.8,27.5,69.04,2.63333333333333,0.94,0.207,1.147,0.026,1.588,0.03,44.1153846153846
2022/8/16,3.194326808,3.932159134,0.532647005,0.673589028,8.464192199,6.083808903,7.422741654,13.69116887,186.6565956,31.09363763,2.17,30.04,33.3,26.3,71.54,2.625,0.86,0.164,1.024,0.026,1.629,0.031,39.3846153846154
2022/8/17,3.329914463,3.966113639,0.538078848,0.707109838,8.683661162,6.091137852,7.423137497,14.06241545,187.3946614,31.05721126,2.07,30.59,35.2,26.7,70,2.61666666666667,0.859,0.085,0.944,0.016,1.5,0.032,59
2022/8/18,3.465502118,4.000068143,0.54351069,0.740630647,8.903130125,6.0984668,7.42353334,14.43366204,188.1327272,31.02078488,2.02,30.61,35.7,27.3,70.42,2.60833333333333,0.891,0.106,0.996,0.02,0.94,0.032,49.8
2022/8/19,3.601089773,4.034022647,0.548942533,0.774151456,9.122599087,6.105795748,7.423929182,14.80490862,188.870793,30.98435851,2.85,28.87,32.2,26.2,79.46,2.6,0.778,0.08,0.859,0.022,1.51,0.02,39.0454545454545
2022/8/20,3.736677428,4.067977151,0.554374376,0.807672265,9.34206805,6.113124696,7.424325025,15.17615521,189.6088589,30.94793213,1.86,29.43,33.5,25.8,75.13,2.52,0.881,0.121,1.001,0.022,1.357,0.015,45.5
2022/8/21,3.872265083,4.101931655,0.559806218,0.841193074,9.561537013,6.120453644,7.424720868,15.54740179,190.3469247,30.91150576,2.28,31.67,37.5,26.4,63.25,2.44,1.076,0.103,1.18,0.024,1.173,0.027,49.1666666666667
2022/8/22,4.007852738,4.13588616,0.565238061,0.874713883,9.781005976,6.127782593,7.425116711,15.91864838,191.0849905,30.87507938,1.85,32.94,40.1,27.8,61.42,2.36,0.703,0.144,0.847,0.025,1.308,0.014,33.88
2022/8/23,4.143440392,4.169840664,0.570669904,0.908234693,10.00047494,6.135111541,7.425512554,16.28989496,191.8230564,30.83865301,2.17,31.35,38.3,25.9,67.29,2.28,0.813,0.082,0.894,0.023,0.928,0.016,38.8695652173913
2022/8/24,4.279028047,4.203795168,0.576101747,0.941755502,10.2199439,6.142440489,7.425908396,16.66114155,192.5611222,30.80222663,2.51,30.14,36.6,26.5,73.79,2.2,0.88,0.115,0.995,0.049,1.054,0.014,20.3061224489796
2022/8/25,4.414615702,4.237749672,0.581533589,0.975276311,10.43941286,6.149769437,7.426304239,17.03238813,193.299188,30.76580026,2.1,29.18,33.3,26.4,78.29,3.9,0.947,0.132,1.079,0.015,1.358,0.013,71.9333333333333
2022/8/26,4.550203357,4.271704176,0.586965432,1.00879712,10.65888183,6.157098386,7.426700082,17.40363472,194.0372539,30.72937388,2.08,31.14,35.6,26.7,67.79,10.95,0.9,0.089,0.989,0.023,1.22,0.014,43
2022/8/27,4.685791012,4.30565868,0.592397275,1.042317929,10.87835079,6.164427334,7.427095925,17.7748813,194.7753197,30.69294751,2.5,30.01,38.6,23.7,70.92,18,0.813,0.086,0.899,0.014,1.295,0.013,64.2142857142857
2022/8/28,4.821378667,4.339613185,0.597829117,1.075838738,11.09781975,6.171756282,7.427491767,18.14612789,195.5133855,30.65652113,1.51,27.1,33,25,88.17,6.8,0.797,0.156,0.952,0.016,1.331,0.012,59.5
2022/8/29,4.956966321,4.373567689,0.60326096,1.109359548,11.31728871,6.17908523,7.42788761,18.51737447,196.2514513,30.62009476,2.13,29.34,34.2,25.9,80.54,1.7,0.845,0.067,0.913,0.013,0.862,0.011,70.2307692307692
2022/8/30,5.092553976,4.407522193,0.608692803,1.142880357,11.53675768,6.186414179,7.428283453,18.88862106,196.9895172,30.58366838,1.96,30.45,35.9,26.9,74,6.06666666666667,0.428,0.103,0.532,0.014,0.444,0.012,38
2022/8/31,5.228141631,4.441476697,0.614124646,1.176401166,11.75622664,6.193743127,7.428679296,19.25986764,197.727583,30.54724201,2.38,30.17,35.3,26.2,72.58,10.4333333333333,0.406,0.027,0.434,0.009,0.8,0.009,48.2222222222222
2022/9/1,5.363729286,4.475431201,0.619556488,1.209921975,11.9756956,6.201072075,7.429075139,19.63111423,198.4656488,30.51081563,1.5,27.39,32.7,25.4,86.88,14.8,1.12,0.109,1.229,0.024,1.156,0.024,51.2083333333333
2022/9/2,5.499316941,4.509385706,0.624988331,1.243442784,12.19516457,6.208401023,7.429470981,20.00236081,199.2037147,30.47438926,2.44,30.55,34.6,26.1,54.17,12.08,1.07,0.063,1.132,0.017,1.54,0.048,66.5882352941176
2022/9/3,5.634904596,4.54334021,0.630420174,1.276963593,12.41463353,6.215729971,7.429866824,20.3736074,199.9417805,30.43796288,3.33,30.89,35,27.2,56.79,9.36,1.099,0.172,1.271,0.03,1.824,0.027,42.3666666666667
2022/9/4,5.770492251,4.577294714,0.635852016,1.310484403,12.63410249,6.22305892,7.430262667,20.74485398,200.6798463,30.40153651,3.06,30.45,35.2,26.6,56.58,6.64,1.416,0.093,1.509,0.037,2.266,0.025,40.7837837837838
2022/9/5,5.906079905,4.611249218,0.641283859,1.344005212,12.85357145,6.230387868,7.43065851,21.11610057,201.4179122,30.36511013,2.13,30.93,35.8,27.4,60.42,3.92,1.734,0.113,1.847,0.044,1.8355,0.028,41.9772727272727
2022/9/6,6.04166756,4.645203722,0.646715702,1.377526021,13.07304042,6.237716816,7.431054353,21.48734715,202.155978,30.32868376,2.22,27.33,33.6,24.8,78.42,1.2,1.074,0.125,1.2,0.02,1.405,0.001,60
2022/9/7,6.177255215,4.679158226,0.652147545,1.41104683,13.29250938,6.245045764,7.431450195,21.85859374,202.8940438,30.29225738,1.79,25.53,29.8,22.1,82.54,7.28125,1.093,0.102,1.195,0.022,1.244,0.001,54.3181818181818
2022/9/8,6.31284287,4.713112731,0.657579387,1.444567639,13.51197834,6.252374713,7.431846038,22.22984032,203.6321096,30.25583101,1.56,27.12,33.9,22.3,66.46,13.3625,1.109,0.11,1.219,0.028,1.455,0.001,43.5357142857143
2022/9/9,6.448430525,4.747067235,0.66301123,1.478088449,13.7314473,6.259703661,7.432241881,22.60108691,204.3701755,30.21940463,1.97,28.28,33.2,23,67.42,19.44375,1.23,0.105,1.335,0.026,1.266,0.028,51.3461538461538
2022/9/10,6.230826087,4.781021739,0.646369565,1.551384058,13.20647826,6.267032609,7.408272464,23.19536014,205.1082413,30.18297826,1.92,28.23,32.6,25,71.54,18.049375,0.906,0.119,1.025,0.03,1.554,0.01,34.1666666666667
2022/9/11,8.68992029,6.121731884,0.799289855,1.644543478,17.25176812,6.700949275,7.620294928,21.2905442,202.4723217,30.54223188,1.76,28.25,33.6,24.2,71.5,16.655,1.133,0.039,1.172,0.016,1.569,0.024,73.25
2022/9/12,7.807916064,6.153777135,0.91565123,1.056164978,15.93025326,6.623617221,7.465955861,22.579178,201.4709443,30.3458466,2.2,29.03,35.6,23.6,63.29,15.260625,1.202,0.109,1.312,0.01,2.394,0.024,131.2
2022/9/13,8.35215942,5.515485507,0.917905797,1.33457971,16.11892029,6.797535507,7.450850725,22.26321667,200.2588109,30.47568116,2.1,29.41,35.5,24.3,54.38,13.86625,0.861,0.115,0.976,0.023,1.523,0.024,42.4347826086956
2022/9/14,9.356362319,4.423289855,1.258253623,2.154297101,17.19191304,6.718738406,7.376538406,25.73663116,198.9633341,30.42994203,2.38,30.18,35.7,25.2,52.83,12.471875,1.845,0.076,1.921,0.034,1.906,0.036,56.5
2022/9/15,7.107813179,3.889283128,1.246596669,1.509818972,13.75241854,6.820067343,7.482698769,24.8937777,199.5960615,30.66327299,2.15,29.65,36,24.9,59.79,11.0775,1.39,0.084,1.473,0.022,1.513,0.023,66.9545454545455
2022/9/16,4.403178856,3.7135916,0.893367125,0.623352643,9.630789283,6.934776249,7.553729906,21.38672629,202.0903548,30.7157567,2.01,28.8,35.3,25.1,70.25,9.683125,1.575,0.147,1.722,0.028,1.642,0.029,61.5
2022/9/17,3.750817656,2.934703329,0.69211288,0.526251809,7.902930535,6.703198263,7.429256874,19.32452026,205.3660384,30.64959479,2.2,29.27,34.8,25.6,71.71,8.28875,1.123,0.114,1.237,0.011,1.415,0.012,112.454545454545
2022/9/18,6.314173913,4.431347826,1.453,0.581681159,12.77737681,6.971712319,7.635918841,15.11299493,207.1359384,30.94541304,2.32,29.65,36.4,25.7,71.63,6.894375,1.474,0.09,1.563,0.011,1.631,0.013,142.090909090909
2022/9/19,3.51634323,4.227646633,1.509768284,0.261049964,9.509290369,6.731785663,7.457846488,10.87707458,212.1960659,30.62785663,1.97,28.36,34.3,23.2,72.13,5.5,1.156,0.134,1.29,0.019,1.259,0.019,67.8947368421053
2022/9/20,1.580050725,2.553804348,0.795702899,0.011123188,4.931086957,6.131624638,7.312044203,7.79675,215.8282543,30.43781884,2.16,27.16,32.9,23.1,66.71,4.25,1.367,0.164,1.531,0.007,1.482,0.008,218.714285714286
2022/9/21,1.669630702,2.390876177,0.50666908,0.051745112,4.611607531,5.77624475,7.272976828,5.476050688,217.6939059,30.36261405,2,26.93,31.8,22.6,63.29,3,1.422,0.103,1.525,0.021,1.58,0.023,72.6190476190476
2022/9/22,1.495940666,2.16602026,0.578726483,0.030354559,4.263842258,5.594572359,7.284240955,3.62795152,220.8058726,30.43898698,2.13,27.58,32.1,23.4,69.54,1.75,1.584,0.14,1.6585,0.028,1.512,0.03,59.2321428571429
2022/9/23,1.615672938,2.174580318,0.645636758,0.042973951,4.471439942,5.534764834,7.286093343,2.639994211,226.0540094,29.9926411,1.88,26.62,30.4,24.6,73.17,0.5,1.746,0.045,1.792,0.027,1.718,0.059,66.3703703703704
2022/9/24,2.082389573,2.670275163,1.1064084,0.137255612,5.989753802,5.98411441,7.361248371,2.12597538,239.8896242,30.08819696,1.98,27.53,32.7,22.6,51.54,0.52,1.832,0.119,1.951,0.026,1.633,0.056,75.0384615384615
2022/9/25,1.583924692,2.340144823,0.594967415,0.066249095,4.579000724,5.692583635,7.270571325,1.891116582,236.6582969,29.93622737,1.87,27.31,33.1,23.2,64.58,0.54,0.513,0.029,0.543,0.022,1.663,0.041,24.6818181818182
2022/9/26,1.980927536,2.38334058,0.492985507,0.193304348,5.046630435,5.545414493,7.253807246,1.767873913,233.8200478,29.83402899,1.72,28.83,32.6,23.8,66.38,0.56,1.746,0.131,1.876,0.031,1.687,0.061,60.5161290322581
2022/9/27,2.309174511,2.510181028,0.728913831,0.110724113,5.652614048,5.321518465,7.20983273,1.663161477,230.922656,29.59958726,1.59,28,33.6,23.8,69.42,0.58,1.702,0.033,1.735,0.013,1.646,0.05,133.461538461538
2022/9/28,5.552722665,4.207429399,0.448950036,1.474837075,11.68008689,5.709002896,7.293524258,1.684727734,229.0092172,29.72409124,1.93,28.54,34.1,24.8,72,0.6,1.644,0.047,1.691,0.024,1.667,0.05,70.4583333333333
2022/9/29,6.669162234,4.753896277,0.870332447,1.409335106,13.70296543,5.711073138,7.294847074,1.842648936,229.0215479,29.58242021,1.84,28.72,33.7,25.1,71.83,0.62,1.683,0.132,1.815,0.031,1.965,0.044,58.5483870967742
2022/9/30,7.104832215,6.195181208,1.748026846,0.436738255,15.48020134,6.578642953,7.566418792,15.18870872,228.8346362,30.36605369,2.13,28.49,34.3,24.3,71.42,0.64,1.87,0.048,1.917,0.025,1.7135,0.028,76.68
2022/10/1,2.603410572,3.06519189,0.618428675,0.01,6.287125272,5.794700941,7.394784214,19.96321941,237.1778697,30.31181752,2.08,28.87,34.9,24.8,73.38,0.66,1.697,0.063,1.76,0.012,1.462,0.054,146.666666666667
2022/10/2,3.366630435,3.70907971,0.473681159,0.014891304,7.554449275,5.921060145,7.462613043,20.86721957,242.8059406,30.66003623,2.14,29.47,35.5,25.5,72.83,0.68,1.691,0.052,1.744,0.015,1.432,0.065,116.266666666667
2022/10/3,4.350832127,4.398921852,0.844638205,0.071164978,9.657083936,5.977308249,7.509760492,24.50490883,248.7241194,30.36756151,1.96,29.26,34.3,26.5,75.75,0.7,1.558,0.021,1.579,0.011,1.65,0.069,143.545454545455
2022/10/4,4.807315485,5.091801737,0.743777135,0.192865412,10.82855282,6.14081042,7.634928365,30.10192041,254.5425868,30.67434877,2.35,29.4,34.8,25.9,73.63,0.72,1.691,0.096,1.787,0.022,0.671,0.063,81.2272727272727
2022/10/5,3.984971014,4.849297101,0.539101449,0.01,9.373543478,5.582157971,7.446822464,47.0439971,265.1371333,30.30011594,2.37,27.82,31.1,25.6,67.67,0.74,1.66,0.035,1.695,0.018,1.112,0.057,94.1666666666667
2022/10/6,3.191021739,4.021963768,0.451681159,0.01,7.664572464,5.205094203,7.33152029,53.72473116,268.916971,30.09260145,1.85,26.89,31,24.4,70.33,0.76,1.366,0.04,1.406,0.005,1.007,0.051,281.2
2022/10/7,2.393550725,2.723746377,0.394615942,0.01,5.511565217,4.8115,7.26085942,45.1624393733333,268.4115072,29.91012319,2.77,27.25,32.1,23.5,68.71,0.78,1.683,0.018,1.701,0.011,1.431,0.045,154.636363636364
2022/10/8,1.82,2.32,0.33,0.01,4.47,4.462,7.194,36.6001475866667,267.211,29.59,1.81,26,30.2,21.9,65.96,0.8,0.698,0.076,0.774,0.016,1.483,0.039,48.375
2022/10/9,3.167789855,3.221927536,0.462963768,0.018630435,6.861869565,4.936588406,7.22113913,28.0378558,260.389571,29.7540942,3.1,26.26,31.9,21.8,56.92,0.82,1.637,0.03,1.667,0.012,1.535,0.033,138.916666666667
2022/10/10,3.305126904,3.22240029,0.605395214,0.013161711,7.136381436,5.172906454,7.218944888,28.98694561,256.1557368,29.11361856,2.51,22.79,26.8,18.1,55.17,0.84,1.658,0.042,1.7,0.014,1.671,0.051,121.428571428571
2022/10/11,2.363055757,2.428363505,0.759847936,0.024279508,5.566227371,5.212981173,7.167213613,31.86880521,248.2846684,28.69671253,2.59,22.07,27.1,17.5,36.79,0.86,1.692,0.083,2.191,0.0205,1.512,0.037,106.878048780488
2022/10/12,2.34273913,2.248666667,0.664413043,0.150630435,5.403362319,5.497148551,7.15944058,46.59612029,242.7255326,28.04066667,1.86,23.85,27.6,18.3,52.79,0.88,1.602,0.124,1.726,0.027,1.643,0.049,63.9259259259259
2022/10/13,1.94734058,2.23415942,0.686057971,0.012413043,4.870253623,5.766480435,7.166113043,50.57349275,237.0080399,27.99771014,1.9,25.13,31,19.9,56.42,0.9,1.708,0.083,1.791,0.019,1.758,0.0535,94.2631578947368
2022/10/14,2.417849385,2.445430847,0.801129616,0.010152064,5.664583635,6.037364229,7.236120203,45.49399583,233.4323505,27.76325851,1.87,25.63,31.2,20.5,62.21,0.92,1.698,0.09,1.788,0.031,1.536,0.058,57.6774193548387
2022/10/15,2.287498187,2.189485134,0.985221175,0.010290065,5.46248731,5.889540972,7.223662799,40.41449891,232.7116904,27.75697607,2.91,28.28,32.4,22.6,54.17,0.94,1.611,0.063,1.674,0.023,1.561,0.053,72.7826086956522
2022/10/16,2.877364229,2.433678494,1.300079652,0.018537292,6.621078928,5.988607531,7.217099203,44.45452426,230.6910145,27.39319334,2.6566666666666667,28.68,31.7,26.7,56.63,0.96,1.598,0.077,1.675,0.023,1.639,0.062,72.8260869565217
2022/10/17,1.903280232,2.19634323,0.606140478,0.028262129,4.726712527,5.816916727,7.154973932,39.66046995,224.9846959,27.02001448,2.4033333333333333,24.75,27.4,21.2,55.83,0.98,1.07,0.081,1.151,0.024,1.605,0.057,47.9583333333333
2022/10/18,1.367161477,1.778740043,0.564996379,0.010137581,3.711115134,5.626562636,7.091610427,30.4495706,218.1041796,26.52962346,2.15,20.66,23.1,19.4,47.25,1,1.59,0.13,1.72,0.027,1.575,0.055,63.7037037037037
2022/10/19,1.228146271,1.623070239,0.436886314,0.055054308,3.33968139,5.784637219,7.115897176,27.93185228,215.9401108,26.27124547,2.33,21.99,26.8,18,48.71,6.45,1.576,0.15,1.726,0.026,1.569,0.0485,66.3846153846154
2022/10/20,1.435745297,1.579081042,0.298806078,0.189175109,3.498408104,6.003133864,7.159013748,27.52772938,214.8786382,25.9334081,2.02,23.05,29.1,18.1,54.5,11.9,0.904,0.07,0.973,0.017,1.606,0.042,57.2352941176471
2022/10/21,1.814644928,1.766572464,0.211847826,0.304442029,4.093507246,6.39312971,7.219863768,21.36449565,216.8519667,25.61161594,1.85,24.74,30.5,18.7,59.21,17.35,1.712,0.069,1.781,0.035,1.785,0.048,50.8857142857143
2022/10/22,5.217572674,2.692943314,0.352667151,3.163117733,11.42231831,7.323507267,7.495332849,17.92403416,226.3662602,25.58236192,1.73,25.15,29.5,21.7,74.96,22.8,1.668,0.115,1.782,0.026,1.751,0.042,68.5384615384615
2022/10/23,1.634731815,2.471285819,0.555393093,0.263108009,4.921469508,6.968257164,7.331962528,10.80621455,235.6313049,25.40395298,1.72,23.46,27.8,19,72.13,20.3,1.598,0.09,1.687,0.022,1.851,0.044,76.6818181818182
2022/10/24,1.34484081,2.182829233,0.495520984,0.217293777,4.237908828,7.148781476,7.398917511,9.819818379,247.3364486,25.37509407,1.96,21.94,28,16.8,53.88,17.8,1.768,0.23,1.997,0.005,2.046,0.046,399.4
2022/10/25,0.864616498,1.916157742,0.534377713,0.059153401,3.366780029,7.006583213,7.370182344,8.680152677,249.4543958,25.08413169,2.22,21.51,27.1,16.7,55.17,15.3,1.738,0.12,1.9305,0.008,1.767,0.046,241.3125
2022/10/26,0.716130435,1.66707971,0.357536232,0.059789855,2.792847826,6.838942754,7.374518841,6.438327536,250.5374964,25.07114493,1.35,22.4,27.5,16.9,63.5,12.8,1.708,0.157,1.864,0.021,2.128,0.055,88.7619047619048
2022/10/27,0.811743849,1.620202605,0.346562952,0.047026049,2.817214182,6.664475398,7.343071635,5.219139653,250.9725564,25.08040521,1.51,24.19,30,18.4,64.96,10.3,1.651,0.159,1.81,0.022,1.91,0.039,82.2727272727273
2022/10/28,0.985231548,1.552973951,0.304602026,0.107351664,2.943458755,6.663311143,7.345734443,4.643497106,250.2366245,24.99779305,2.49,25.19,28.7,20.3,59.08,7.8,1.698,0.102,1.8,0.023,1.83,0.037,78.2608695652174
2022/10/29,0.718986242,1.503772629,0.42416365,0.066451846,2.706364953,7.172475018,7.514868936,5.128944243,250.8289442,25.18227371,2.4250000000000003,24.67,28.2,21.5,54.83,5.3,1.728,0.124,1.852,0.026,1.926,0.045,71.2307692307692
2022/10/30,0.74040521,1.609073806,0.531960926,0.057503618,2.932778582,7.036746744,7.529365412,8.642906657,252.8653763,24.9502026,2.3600000000000003,25.25,27.8,21.7,52.33,2.8,1.611,0.061,1.7285,0.008,1.904,0.036,216.0625
2022/10/31,0.395918958,1.501367583,0.473806078,0.066642547,2.432250362,6.717229378,7.483796671,7.963835745,258.1015926,24.65842258,2.295,23.44,25.7,21.1,61.21,0.3,1.494,0.111,1.605,0.017,1.824,0.041,94.4117647058823
2022/11/1,0.459156682,1.30198546,0.333565806,0.097642845,2.211648783,6.504522956,7.39453946,6.173050684,257.5018036,24.45094081,2.23,21.37,24.9,19.2,68.67,0.6,1.554,0.144,1.698,0.024,2.093,0.046,70.75
2022/11/2,0.446635243,1.102603336,0.19973169,0.116990573,1.856526468,6.291816534,7.295989123,4.130139231,256.9020145,24.24345903,2.15,21.03,23,18.9,74.67,0.3,1.515,0.149,1.664,0.026,1.984,0.072,64
2022/11/3,0.571173063,1.192910934,0.107262853,0.173070239,2.037183201,6.479937002,7.330414917,5.457156408,274.6619146,24.0323244,1.21,21.15,22.2,18.9,91.46,0.6,1.565,0.103,1.69966666666667,0.005,1.796,0.054,339.933333333333
2022/11/4,0.518797101,1.219297101,0.127731884,0.085826087,1.946637681,6.482625362,7.310571739,12.27761957,284.9024949,23.81930435,1.3,20.93,22.6,19.4,74.75,0.466666666666667,1.615,0.107,1.73533333333333,0.01,1.984,0.056,173.533333333333
2022/11/5,0.516874096,1.210817656,0.143972504,0.069023155,1.932083936,6.472282923,7.319705499,25.31178075,284.9185145,23.62755427,2.04,20.38,23.7,17,65.63,0.333333333333333,1.665,0.106,1.771,0.025,1.794,0.038,70.84
2022/11/6,0.992850941,1.193176556,0.372706223,0.055853835,2.606497829,6.568068017,7.327971056,22.85824023,280.5043929,23.68642547,1.45,21.47,25.7,17.6,64.88,0.2,1.717,0.124,1.841,0.025,1.927,0.036,73.64
2022/11/7,0.970215883,1.127386276,0.249498843,0.152413261,2.491303007,6.497277564,7.340644564,20.94678874,276.3598874,23.16577487,1.28,20.76,23.2,18.2,84.71,0.8,2.043,0.143,2.186,0.024,2.27,0.053,91.0833333333333
2022/11/8,3.682744388,1.522085445,0.170528602,2.764576394,8.132396814,7.20366908,7.502449674,16.03507676,277.8014193,23.35979725,1.27,21.8,25,18.6,77.17,0.725,1.9385,0.281,2.0685,0.02,2.012,0.044,103.425
2022/11/9,3.204293418,1.83384663,0.439558228,1.218395598,7.132121247,7.094892066,7.483519743,14.78890789,277.6504506,23.73427996,1.39,24.31,30.2,18.8,72.54,0.65,1.834,0.117,1.951,0.036,1.947,0.047,54.1944444444444
2022/11/10,2.694500724,2.145607815,0.582163531,0.56341534,5.984015919,6.986115051,7.454471056,13.11583719,277.4994819,24.10876266,1.87,24.87,31.2,20.4,76.21,0.575,2.722,0.058,2.78,0.019,2.157,0.05,146.315789473684
2022/11/11,5.053272991,3.645496017,1.103707458,0.706625634,10.508979,7.519385952,7.629623461,12.22590949,280.1061564,24.38278783,1.73,24.83,30.7,20.5,76.17,0.5,2.67316666666667,0.084,2.73133333333333,0.035,2.128,0.053,78.0380952380952
2022/11/12,8.71157971,3.777835833,1.336200534,0.945507246,19.49026812,8.344271739,7.870711006,11.75687101,279.646013,24.90205797,1.58,24.97,31.9,20.7,76.08,0.425,2.62433333333333,0.178,2.68266666666667,0.043,2.233,0.057,62.3875968992248
2022/11/13,7.713144928,3.91017565,1.56869361,0.273572464,18.81394928,8.334602174,8.111798551,12.35724493,281.6013906,24.63941304,1.85,24.74,31.6,20.8,76.42,0.35,2.5755,0.031,2.634,0.013,2.185,0.054,202.615384615385
2022/11/14,5.191693198,4.042515466,1.801186686,0.197322721,13.50440666,8.184977569,8.074519537,11.53797974,282.7381302,24.66743126,1.56,23.69,27.7,21.6,72.79,0.275,2.52666666666667,0.087,2.58533333333333,0.045,2.184,0.053,57.4518518518518
2022/11/15,1.467062229,4.174855282,1.041360347,0.215390738,6.894363242,7.923644718,7.956054269,11.90829016,286.8301867,24.60063676,2.08,23.43,27,20.6,74.83,0.2,2.47783333333333,0.104,2.53666666666667,0.008,2.092,0.037,317.083333333333
2022/11/16,0.268711079,2.436263577,0.666444605,0.098609703,3.466517017,7.324314265,7.691449674,13.36438812,289.6274062,24.30649529,1.48,21.98,23.5,20.5,78.88,2.01428571428571,2.429,0.059,2.488,0.009,2.136,0.038,276.444444444444
2022/11/17,0.329659667,1.881303403,0.564598117,0.085829109,2.856734251,7.221697321,7.62168139,13.63433526,291.6365206,24.777958,1.52,24.33,30,20.9,75.92,3.82857142857143,2.303,0.065,2.369,0.012,2.098,0.034,197.416666666667
2022/11/18,0.43816932,1.706512301,0.526968162,0.053198263,2.718444284,6.875059334,7.451357453,16.59600145,294.7468343,24.62240955,1.71,23.43,28.4,19.4,76.96,5.64285714285714,1.433,0.047,1.48,0.005,2.219,0.037,296
2022/11/19,1.021942029,1.796311594,0.566152174,0.246021739,3.629413043,6.86752029,7.405912319,16.68986884,305.1489536,24.95924638,1.65,23.93,30.2,19.8,72.67,7.45714285714286,1.815,0.04,1.855,0.019,2.173,0.038,97.6315789473684
2022/11/20,1.066794501,1.756287988,0.504826339,0.222344428,3.548856729,6.731772793,7.381325615,15.39073444,308.082759,24.94073806,1.59,23.63,29.2,20,77.04,9.27142857142857,2.895,0.062,2.957,0.012,2.324,0.036,246.416666666667
2022/11/21,0.979666908,1.716068067,0.483490224,0.149464156,3.327089066,6.541867487,7.340103548,15.75417524,309.8934721,24.78658219,1.38,24.38,29.5,20.2,68.46,11.0857142857143,2.151,0.078,2.229,0.019,2.353,0.039,117.315789473684
2022/11/22,1.070557567,1.857921796,0.56211441,0.135148443,3.62288197,6.441160753,7.337264301,18.31630558,302.91537,24.55614048,1.12,21.75,23,20.8,93.42,12.9,2.19575,0.031,2.27725,0.022,2.386,0.04,103.511363636364
2022/11/23,1.264164244,2.309513081,0.652543605,0.324963663,4.548350291,6.525746366,7.346892442,18.29423692,290.1436911,24.48023256,1.83,20.63,22.8,18.1,89.33,5.6,2.2405,0.071,2.3255,0.01,2.279,0.041,232.55
2022/11/24,0.998140376,2.242626628,0.647952243,0.042554269,3.926331404,6.513700434,7.349082489,19.87424096,267.3028104,24.04778582,1.32,18.92,19.6,18.3,97,9.6,2.28525,0.048,2.37375,0.026,2.241,0.044,91.2980769230769
2022/11/25,0.815995655,1.681781318,0.405879797,0.138660391,3.04070239,6.713224475,7.366557567,27.01713686,276.0968812,23.50829833,1.18,19.6,20.3,18.9,97.71,13.6,2.33,0.092,2.422,0.022,2.289,0.054,110.090909090909
2022/11/26,1.394558611,2.334811867,0.571939219,0.011700434,4.303400868,7.30734877,7.345589001,51.09119537,258.0252142,22.60699711,1.2,21.38,25.3,18.5,80.83,7.6,1.612,0.073,1.685,0.023,2.211,0.056,73.2608695652174
2022/11/27,1.687601449,2.538623188,0.596876812,0.051456522,4.867449275,7.442814493,7.270502174,51.76363188,209.6803862,22.55648551,1.15,21.4,24,18.7,81.5,1.6,1.901,0.225,2.126,0.036,2.387,0.075,59.0555555555556
2022/11/28,1.396505065,2.067698987,0.650636758,0.072800289,4.180340087,7.400416064,7.269476122,34.51806874,206.9967388,22.55012301,0.9,22.01,24,20.1,93.38,1.13333333333333,1.8832,0.3,2.1042,0.072,2.588,0.082,29.225
2022/11/29,1.086611151,1.609312093,0.352976104,0.013866763,3.05365677,7.259580739,7.271277335,27.04051702,213.5674888,23.34178132,1.78,24.93,30.8,20.6,80.5,0.666666666666667,1.8654,0.142,2.0824,0.056,2.991,0.098,37.1857142857143
2022/11/30,1.080419682,1.480383502,0.266432706,0.138350217,2.957489146,7.279681621,7.279365412,27.65135962,211.6458907,22.15413169,2.43,17.24,20.6,16,71.92,0.2,1.8476,0.259,2.0606,0.056,3.115,0.108,36.7964285714286
2022/12/1,1.00829233,1.526570188,0.486968162,0.025166425,3.038024602,7.228490593,7.283676556,27.74996889,201.3047467,21.93052822,1.92,16.27,19.2,13.7,76.96,0.7,1.8298,0.376,2.0388,0.081,3.002,0.099,25.1703703703704
2022/12/2,1.199354605,1.502182741,0.372451051,0.154140682,3.225757796,7.086317621,7.266713561,27.15437128,225.1579579,21.73185642,1.37,16.2,18.5,13.9,79.92,1.025,1.812,0.205,2.017,0.084,2.867,0.084,24.0119047619048
2022/12/3,1.038479363,1.303388849,0.226640116,0.160716872,2.724337437,6.952534395,7.246568429,22.34378349,231.7622578,21.95229544,1.44,19.86,25.1,15,80.17,1.35,2.292,0.16,2.5015,0.076,2.815,0.083,32.9144736842105
2022/12/4,0.951303403,1.218689356,0.246828385,0.149753802,2.559949312,6.980933382,7.234861694,21.07642143,234.996118,21.54527154,1.73,19.59,23.2,17.2,84,1.675,2.772,0.214,2.986,0.068,2.71,0.086,43.9117647058824
2022/12/5,1.419673677,1.256693256,0.49799855,0.707179115,3.87853517,7.276419144,7.290569253,20.83801233,211.7117796,21.18500363,1.72,15.9,19.5,13.9,86.83,2,2.517,0.085,2.602,0.08,2.69,0.088,32.525
2022/12/6,1.506243655,1.283959391,0.215083394,0.890942712,3.894626541,7.486686004,7.272174039,21.68354677,213.2275344,20.96968093,1.39,16.78,19,14.6,70.38,3.025,2.956,0.039,2.995,0.082,2.808,0.094,36.5243902439024
2022/12/7,1.667385952,1.283381608,0.307711803,1.046451846,4.302085445,7.670125272,7.214291093,20.26774294,219.8438704,20.90870384,1.45,17.53,22.1,14.3,75.54,4.05,2.434,0.15,2.584,0.057,2.881,0.085,45.3333333333333
2022/12/8,1.772543478,1.264826087,0.468862319,0.920311594,4.424623188,7.645676812,7.224321014,18.93867971,217.4450732,20.68821014,1.07,17.92,23,13.9,77,5.075,2.54366666666667,0.013,2.65633333333333,0.062,2.883,0.087,42.8440860215054
2022/12/9,2.750797872,1.166527356,0.340402736,1.654772036,5.908480243,7.66949848,7.314044833,19.33581231,205.8731185,20.80464286,1.43,19.45,25.6,14.1,68.5,6.1,2.65333333333333,0.178,2.72866666666667,0.062,3.108,0.081,44.010752688172
2022/12/10,2.24121651,1.178327299,0.231506155,1.344221579,4.990014482,7.663936278,7.339927589,20.59516582,222.6393244,20.53813179,1.43,19.39,23.1,15.4,62.79,7.125,2.763,0.038,2.801,0.062,3.236,0.094,45.1774193548387
2022/12/11,0.406046343,1.16243302,0.24852281,0.25589428,2.066806662,7.862960174,7.406073135,20.67451846,219.9525829,20.35623461,1.85,17.34,20.3,15.4,66.96,8.15,2.855,0.141,2.996,0.074,3.224,0.093,40.4864864864865
2022/12/12,0.160492041,1.077561505,0.100224313,0.23369754,1.564305355,7.790817656,7.361904486,23.68750072,217.9518784,19.9863314,2.35,16.6,19.8,14.1,61,9.175,2.945,0.17,3.115,0.07,3.333,0.091,44.5
2022/12/13,0.268609703,1.052273715,0.09724113,0.186908038,1.599630702,8.001397538,7.367013758,24.09777697,218.2009066,19.56154236,1.6,13.65,16.6,11.3,84.25,10.2,2.858,0.059,2.917,0.071,3.394,0.102,41.0845070422535
2022/12/14,0.317570703,1.063038434,0.180761421,0.081174764,1.638187092,7.990907179,7.341728789,27.04448586,218.0337389,18.93674402,1.44,11.74,13.1,11.2,91.63,5.9,2.634,0.136,2.77,0.062,3.28,0.093,44.6774193548387
2022/12/15,0.412427536,0.964311594,0.136405797,0.124557971,1.63442029,8.016513768,7.347392754,27.96033116,220.0071036,18.45436957,1.25,13.63,14.6,11.3,95.04,6.5,2.762,0.136,2.898,0.069,3.212,0.093,42
2022/12/16,0.28096307,0.942925416,0.168892107,0.065814627,1.452230268,8.256768284,7.40676756,25.18692035,219.2684424,18.18595945,1.59,16.22,18.5,13.5,92.17,3.7,1.643,0.066,1.709,0.062,3.101,0.088,27.5645161290323
2022/12/17,0.463852281,0.959949312,0.07955105,0.138240406,1.635025344,8.584705286,7.426806662,25.44988631,214.6572056,17.48895728,1.65,10.8,14.4,5.2,52,3.475,3.11,0.049,3.16,0.08,3.146,0.091,39.5
2022/12/18,0.483070239,1.066545981,0.044279508,0.185206372,1.771187545,9.01734685,7.412965967,25.87902028,230.3744924,16.87646633,1.71,8.61,14.8,3.4,55.58,3.25,2.476,0.098,2.575,0.09,3.042,0.104,28.6111111111111
2022/12/19,0.529014493,1.262978261,0.059782609,0.126637681,1.970101449,9.267294928,7.482565942,26.09017391,235.2609899,16.33071014,1.59,10.82,17,3.5,63.04,3.025,3.123,0.15,3.273,0.079,3.068,0.089,41.4303797468354
2022/12/20,0.412708182,0.976755974,0.025749457,0.160492397,1.566574946,9.183982621,7.529539464,23.27183852,235.6232679,16.37421434,1.3,15.03,20.9,8.2,73.96,2.8,2.432,0.176,2.608,0.0615,2.966,0.087,42.4065040650407
2022/12/21,0.390718954,0.928627451,0.041604938,0.174357298,1.528641975,9.120473493,7.543123457,21.81305156,229.3943653,16.2971024,2.33,14.26,21,6.4,53.13,2.575,2.562,0.15,2.712,0.044,2.859,0.071,61.6363636363636
2022/12/22,0.438442029,0.971028986,0.036862319,0.231268116,1.669586957,9.301831159,7.555849275,22.47948116,242.1814594,16.20756522,1.53,13.17,21,6.4,52.08,2.35,2.544,0.386,1.747,0.085,2.88,0.074,20.5529411764706
2022/12/23,0.270152174,1.02657971,0.031797101,0.150992754,1.470869565,9.598276087,7.606315942,21.91204565,243.5384746,16.03894928,1.82,12.38,19.4,6.6,61.5,2.125,2.526,0.189,2.1875,0.056,2.829,0.08,39.0625
2022/12/24,0.263222303,1.063062998,0.050296886,0.162020275,1.529304852,9.819569877,7.637403331,22.1137357,251.6544721,15.76144823,1.58,11.03,17.8,5.2,64.83,1.9,2.508,0.119,2.628,0.047,2.638,0.078,55.9148936170213
2022/12/25,0.297212165,1.081310644,0.027907314,0.218392469,1.615633599,10.05500145,7.692656046,22.35277118,255.2502534,15.66824765,1.42,10.49,17.5,4.9,63.13,1.675,2.285,0.081,2.366,0.043,2.624,0.068,55.0232558139535
2022/12/26,0.250781476,1.094377713,0.039001447,0.234167873,1.609927641,10.06291679,7.675693198,21.04422721,251.6623452,15.53645441,1.43,11.76,17.6,5.1,71.08,1.45,2.225,0.069,2.294,0.031,2.716,0.074,74
2022/12/27,0.218560058,1.088480463,0.016070912,0.211063676,1.521968162,10.13542981,7.670494935,19.92763531,234.5677424,15.47768452,1.41,13.48,19.3,8.5,72,1.225,2.322,0.123,2.445,0.06,2.571,0.095,40.75
2022/12/28,0.159666425,1.131298042,0.03591008,0.192146483,1.505250181,10.26052502,7.710692531,20.39014793,220.1668289,15.54556925,1.28,15.36,21.2,9.5,71.38,1,2.275,0.171,2.446,0.043,2.591,0.066,56.8837209302326
2022/12/29,0.244905933,1.120130246,0.040795948,0.34102026,1.735101302,10.19157164,7.702359624,20.42425398,207.5612685,15.73787988,1.39,15.55,20,12.1,71.38,0.775,2.203,0.079,2.282,0.036,2.488,0.072,63.3888888888889
2022/12/30,0.203768116,1.098695652,0.082369565,0.350818841,1.727333333,10.2072,7.705230435,20.12788188,203.5468471,15.94615217,1.92,15.3,20.2,10.6,67.75,0.55,2.056,0.062,2.118,0.027,2.605,0.08,78.4444444444444
2022/12/31,0.288268116,1.121804348,0.041826087,0.498094203,1.938086957,10.31961522,7.782850725,19.02040797,214.7859051,16.37800725,1.8,15.55,21.2,10.5,67.75,0.325,2.166,0.059,2.225,0.026,2.704,0.087,85.5769230769231
2023/1/1,0.095354559,1.176222865,0.023299566,0.181092619,1.457387844,9.877049928,7.57115919,18.55927931,216.339487,16.10763386,1.38,16.74,21,11.7,74.42,0.1,2.25,0.127,2.377,0.03,2.697,0.041,79.2333333333333
2023/1/2,0.071312545,1.340884699,0.034923858,0.312929659,1.742385787,10.3958876,7.952039159,17.7352132,217.3813858,16.33174039,1.02,17.48,20.4,14.7,75.25,0.1,2.216,0.063,2.279,0.023,2.8,0.089,99.0869565217391
2023/1/3,0.036156635,1.596751269,0.011443075,0.076294416,1.694467005,10.32006381,7.812129804,15.5605765,219.0933611,16.38683829,1.37,15.95,18.8,13.4,78.08,0.15,2.166,0.089,2.255,0.017,2.586,0.062,132.647058823529
2023/1/4,3.252288197,1.186944243,1.251469949,3.205677046,8.892519913,9.79824475,7.636910934,17.05567705,226.6752339,16.47860246,1.49,16.33,20,13,68.63,0.2,2.107,0.115,2.223,0.025,2.706,0.095,88.92
2023/1/5,6.237045619,0.552702899,2.252318841,4.054281335,25.15472464,10.43715507,7.977397826,19.34315,239.0618507,16.8292971,1.41,16.86,23.1,12.5,76.29,0.25,2.19,0.087,2.277,0.028,2.404,0.057,81.3214285714286
2023/1/6,9.221803041,0.554771904,1.735264301,4.902885625,21.14119479,10.22503331,7.897650978,18.71973425,242.0039442,17.01220854,1.64,17.58,24.4,12.3,68,0.3,2.105,0.083,2.188,0.031,2.796,0.072,70.5806451612903
2023/1/7,9.225963417,0.259318841,2.16257971,5.751489914,22.34485827,11.0236971,7.93614281766667,17.17723623,235.4300913,17.6815,1.48,15.82,22.6,10.8,59.21,0.35,2.162,0.059,2.221,0.024,2.668,0.09,92.5416666666667
2023/1/8,9.230123793,0.81773913,2.177143363,6.600094203,23.54852174,10.61234493,7.97463465733333,17.11108478,235.6456594,17.44069565,1.4,16.16,22,11.2,65.67,0.4,2.243,0.064,2.308,0.025,2.643,0.074,92.32
2023/1/9,9.234284168,0.161452096,2.191707016,6.476336023,23.4479580533333,10.47247231,8.013126497,19.22704117,221.2770846,17.2225524,1.29,16.18,18.6,14.2,90.25,8.3,2.29,0.068,2.358,0.022,2.669,0.08,107.181818181818
2023/1/10,9.238444544,0.992041999,2.206270668,6.352577842,23.3473943666667,10.09930992,7.841747285,17.04609558,215.3844946,17.23609703,1.34,16.21,17.5,15.4,97.21,2.2,2.118,0.072,2.19,0.012,2.651,0.081,182.5
2023/1/11,9.24260492,1.275151954,2.220834321,7.39121563,23.24683068,9.695089725,7.641043415,19.37799132,210.5956172,17.28172214,0.95,16.83,17.9,15.5,93.67,0.1,2.139,0.074,2.213,0.017,2.589,0.061,130.176470588235
2023/1/12,8.008986975,1.325108538,2.235397974,6.524710564,18.09413169,9.390570188,7.556775687,19.74384949,204.6093994,17.39734443,1.02,18.01,19.1,16,93.54,0.2,2.156,0.139,2.295,0.02,2.781,0.079,114.75
2023/1/13,9.353082489,1.018914616,2.397865412,6.205654848,23.28733719,9.258839363,7.539722142,17.45275615,200.4767207,17.47103473,0.72,18.36,18.8,17.5,98.17,6.2,2.138,0.094,2.232,0.02,2.736,0.089,111.6
2023/1/14,6.951903039,1.27382055,1.806136035,5.886599132,15.91869754,9.06284877,7.482446454,16.7247055,203.3799711,18.19903763,1.69,21.09,27.7,15.4,87.08,0.7,1.932,0.134,2.066,0.019,2.964,0.082,108.736842105263
2023/1/15,3.908298335,1.346133237,1.301288921,3.070391021,9.625843592,8.276678494,7.305845764,19.4695286,200.5702846,17.22118755,2.35,12.53,15.3,10.1,92.88,12.6,2.01,0.175,2.185,0.027,3.304,0.102,80.9259259259259
2023/1/16,3.898363505,1.447610427,1.066531499,3.23301231,9.645445329,8.536907314,7.361183201,20.62604272,198.8408378,17.14700217,1.6,11.32,13.8,10,76.29,10.1,2.1,0.138,2.238,0.016,2.52,0.062,139.875
2023/1/17,3.662597685,1.267959479,1.32065123,3.50906657,9.75959479,8.663196816,7.391293777,20.16660275,198.8203401,17.4110275,1.43,13.44,16.9,10.2,70.58,7.6,1.954,0.184,2.138,0.02,3.104,0.082,106.9
2023/1/18,2.691978261,1.446724638,0.775869565,1.820268116,6.735246377,8.55169058,7.348266667,20.61586667,190.7036304,17.29072464,1.72,13.41,18.1,10.3,68.38,5.1,2.061,0.202,2.263,0.029,2.642,0.081,78.0344827586207
2023/1/19,2.510695652,1.413043478,0.526275362,1.488137681,5.937688406,8.592557971,7.329923913,20.51031014,188.1434565,17.0802971,1.54,14.21,19.5,10.3,73.58,2.6,2.041,0.168,2.209,0.028,2.418,0.076,78.8928571428571
2023/1/20,2.915264301,1.179007965,0.70038378,1.890601014,6.685039826,8.710871832,7.350714699,19.75921579,181.8146597,17.05147719,1.71,14.58,18.9,11.3,59.21,0.1,2.043,0.193,2.236,0.033,2.585,0.092,67.7575757575758
2023/1/21,3.660470333,1.253740955,0.822691751,2.477937771,8.214934877,8.841245297,7.383392909,21.39744718,187.8142149,16.67434153,1.39,12.32,13.3,10.3,93.42,2.6,2.06,0.147,2.207,0.03,2.491,0.094,73.5666666666667
2023/1/22,7.301519537,0.745723589,1.444963821,5.564913169,15.0531259,9.232505789,7.510387844,17.41126773,204.1330933,16.79277135,1,14.89,17.2,13.2,95.83,4.9,2.081,0.103,2.184,0.034,3.236,0.109,64.2352941176471
2023/1/23,6.237468675,0.630290065,1.856990573,6.253168963,21.67324873,9.5614438,7.721058013,12.67841697,209.6245308,17.0017839,1.93,15.83,18.9,13,83.58,0.1,2.068,0.154,2.222,0.037,2.418,0.064,60.0540540540541
2023/1/24,5.173417813,1.596821144,0.720651702,2.72858798,10.21939175,9.274339609,7.546065894,16.95344605,217.1548639,16.59535119,1.8399999999999999,11.55,16.4,6.9,52.88,1.45833333333333,2.102,0.142,2.244,0.037,2.533,0.074,60.6486486486487
2023/1/25,4.785597393,1.591484432,0.352027516,3.242056481,9.968826937,9.487249095,7.595929037,18.08795148,240.1052324,16.08259232,1.75,9.58,11.1,6.8,58.08,2.81666666666667,2.139,0.174,2.312,0.039,2.512,0.076,59.2820512820513
2023/1/26,4.94440693,1.452831282,0.391304267,3.356394212,10.18412783,9.540576756,7.632125069,16.06057436,237.0013302,16.10373642,1.31,14.19,18.1,8.9,67.63,4.175,2.105,0.147,2.252,0.049,2.527,0.069,45.9591836734694
2023/1/27,5.020905141,1.314178132,0.381672701,3.560738595,10.27540188,9.593904417,7.675292542,14.01702896,233.897428,16.12488052,2.42,11.52,17.1,5.5,59.67,5.53333333333333,2.08,0.134,2.213,0.037,2.456,0.072,59.8108108108108
2023/1/28,4.137871108,1.439594497,0.172577842,2.948196959,8.695553946,9.630992759,7.643488052,15.85564374,260.1259551,15.73842143,2.27,8.55,15.5,3.3,56.08,6.89166666666667,2.102,0.134,2.236,0.044,2.401,0.075,50.8181818181818
2023/1/29,3.529051471,1.472727941,0.623867647,2.329044118,7.953816176,9.995526471,7.705896324,14.49371324,245.4596824,15.62027206,1.66,9.9,17.6,3.3,59.67,8.25,2.143,0.075,2.219,0.031,2.603,0.086,71.5806451612903
2023/1/30,3.217953556,1.3791582,0.45021045,1.913185776,6.959092888,10.04960522,7.706642235,12.4020566,237.3521633,15.61063135,1.57,11.08,18.7,4.2,61.42,9.60833333333333,2.139,0.043,2.182,0.024,2.707,0.108,90.9166666666667
2023/1/31,5.313096616,1.178774204,0.367562906,4.070151758,10.81917091,10.08052368,7.847494408,10.5714789,240.0554993,15.89475188,1.31,16.11,22.9,5.6,60.33,10.9666666666667,2.183,0.122,2.304,0.041,2.642,0.077,56.1951219512195
2023/2/1,7.044762611,0.978390208,0.263538576,5.226646884,13.5089911,10.11144214,7.982606083,8.427372404,242.7588353,16.1788724,1.12,16.85,20.8,13.7,81.54,12.325,2.183,0.091,2.274,0.04,2.587,0.083,56.85
2023/2/2,9.122444934,1.351211454,0.235256975,7.453281938,18.15748164,10.33400734,8.029564611,9.046701175,253.1791358,15.79478708,1.89,15.4,21.6,11.2,66.54,13.6833333333333,2.285,0.122,2.407,0.044,1.97,0.063,54.7045454545455
2023/2/3,6.014926036,1.565776627,0.72841716,4.521752959,12.83017751,10.38981435,8.004875381,11.40536317,231.2386908,15.84255917,1.63,15.7,21.2,11.4,69.79,15.0416666666667,2.467,0.157,2.624,0.051,2.678,0.079,51.4509803921569
2023/2/4,5.96101906666667,1.615985075,0.775298507,4.61418774433333,13.63406756,10.6662791,7.980186152,11.47991418,251.015353,15.97447761,1.01,14.46,15.5,13.3,89.21,16.4,2.18,0.066,2.246,0.029,2.837,0.078,77.448275862069
2023/2/5,5.90711209733333,2.490424564,1.615337377,4.70662252966667,14.43795761,10.54668461,7.955496922,10.79277635,254.9499265,16.14481425,1.15,14.9,15.7,13.6,97.29,8.5,1.929,0.086,2.015,0.027,2.795,0.083,74.6296296296296
2023/2/6,5.853205128,2.262368024,2.327631976,4.799057315,15.24184766,10.0563371,7.930807692,10.78924133,258.5466554,16.31959276,1.02,17.65,22,14.7,88.96,0.6,2.428,0.08,2.508,0.029,3.073,0.084,86.4827586206897
2023/2/7,8.160050872,2.182405523,2.74462936,6.802565407,19.8899782,9.92355814,7.942739099,12.31782849,233.2448125,16.54053779,1.55,16.62,19.6,15.1,87.5,0.75,2.518,0.119,2.637,0.035,3.016,0.081,75.3428571428571
2023/2/8,7.278799726,1.552046444,2.484912917,5.86083801,17.36090091,9.736750363,7.933004354,13.96151742,225.6011923,16.94880987,1.29,16.29,18.7,14.3,85.33,0.9,2.724,0.103,2.827,0.045,3.155,0.09,62.8222222222222
2023/2/9,6.39754858,1.86538864,1.649940209,4.919110613,14.83182362,9.312174888,7.701512706,14.23334828,218.7244297,17.12593423,1.04,17.77,21.2,14.3,87.71,0.1,2.474,0.117,2.59,0.048,3.244,0.09,53.9583333333333
2023/2/10,1.423787716,2.28353497,1.132555871,4.068956435,9.826929946,9.054943422,7.04,8.341742009,176.6666667,18.04842545,1.51661,16.34104,18.3463,14.8836,90.46838,6.9479,2.609,0.206,2.815,0.072,3.136,0.13,39.0972222222222
2023/2/11,1.146933361,2.762040769,1.442352212,5.074217132,12.12866793,8.32742896,6.851666667,9.174240061,170,17.98048075,1.05741,17.44936,20.7506,14.7273,82.90517,0.1503,2.625,0.222,2.847,0.069,3.2,0.137,41.2608695652174
2023/2/12,0.779818323,2.2324487,1.211660992,3.987792584,9.144531243,7.707517632,6.805,8.950905745,163.3333333,18.14831805,1.53371,19.21479,25.1879,15.4308,79.90446,3.9189,2.594,0.243,2.837,0.078,3.139,0.126,36.3717948717949
2023/2/13,0.906402997,1.825577209,0.899785204,3.090660512,7.223683372,8.19357367,6.836666667,8.767873608,156.6666667,18.97649525,2.04469,18.26583,26.9276,10.8069,74.17464,7.6875,2.483,0.13,2.614,0.064,3.138,0.132,40.84375
2023/2/14,0.184295589,2.463930462,1.363812827,4.780431236,9.988490155,7.735652657,6.845,9.191090802,145,18.12749119,2.45774,11.45646,14.5569,9.1066,66.53826,7.47485,2.472,0.083,2.554,0.056,2.973,0.118,45.6071428571429
2023/2/15,0.090191367,1.991679933,1.074805591,3.154463077,6.933713482,7.825415124,6.896666667,8.998123112,145,18.3279274,2.06404,9.07269,13.0244,5.1562,65.97991,7.2622,2.446,0.152,2.598,0.065,2.879,0.116,39.9692307692308
2023/2/16,0.0692123,1.759303977,1.00815021,2.537603891,5.790147416,7.989998149,6.94,9.011990169,148.3333333,18.38658614,1.26503,10.82058,19.3611,4.3131,63.45575,7.04955,2.439,0.092,2.531,0.06,2.964,0.127,42.1833333333333
2023/2/17,0.097169058,1.75662041,1.032598566,2.618730817,5.948237983,8.37402958,6.991666667,8.665481246,151.6666667,18.64574946,0.91466,12.81027,21.9225,4.7314,64.50837,6.8369,2.419,0.077,2.497,0.049,2.833,0.107,50.9591836734694
2023/2/18,0.535818264,1.847810499,1.114823935,3.359213517,7.474325473,9.31885092,7.035,8.612113914,145,19.27981522,0.91007,17.11084,25.6764,8.4762,67.48955,6.62425,2.398,0.08,2.478,0.061,2.812,0.122,40.6229508196721
2023/2/19,0.739846792,1.57709095,1.056126148,2.93720368,6.798454518,8.897408887,7.115,8.20515104,143.3333333,19.27793807,1.89803,18.87592,24.6449,12.783,59.31084,6.4116,2.433,0.081,2.513,0.049,2.751,0.094,51.2857142857143
2023/2/20,0.948552416,1.517542185,0.934815621,2.839663392,6.67253485,8.523589195,7.065,8.87735713,141.6666667,19.27965608,1.85008,14.34377,19.931,7.6592,54.91909,6.19895,2.42,0.133,2.553,0.052,2.841,0.101,49.0961538461538
2023/2/21,0.888006264,1.222260231,0.624719808,2.021353771,4.915937665,8.168299152,6.96,9.090938122,140,19.2070323,1.56883,11.16891,18.8499,4.7168,49.11275,5.9863,2.404,0.095,2.499,0.055,2.752,0.073,45.4363636363636
2023/2/22,0.772999541,1.114390316,0.542127404,1.546093131,4.029715022,7.936633094,7.22,8.66623736,139.717428571429,18.79255191,1.30871,11.67715,20.1374,4.0921,57.98584,5.77365,2.39,0.128,2.518,0.061,2.766,0.088,41.2786885245902
2023/2/23,0.869735473,1.516693754,0.683963591,3.04728429,6.484091817,8.175882241,7.143333333,9.516534268,139.434857142857,19.46242256,1.15457,14.76474,23.6575,5.8986,65.70791,5.561,2.304,0.113,2.417,0.052,2.828,0.095,46.4807692307692
2023/2/24,0.934516428,1.449132811,0.46345692,2.540875824,5.616052204,8.287887143,7.208333333,8.428376244,139.152285714286,19.52665397,2.06638,15.84844,22.7468,9.4033,56.1843,5.34835,2.374,0.105,2.479,0.052,2.874,0.096,47.6730769230769
2023/2/25,0.543715456,1.479991818,0.568884164,1.669699253,4.429028203,7.964342108,7.026666667,8.191707389,138.869714285714,19.17887508,1.90447,10.86924,15.3911,5.5265,65.20846,5.1357,2.32,0.071,2.391,0.046,2.808,0.09,51.9782608695652
2023/2/26,0.35603832,1.522155818,0.58474814,1.850624732,4.542744045,7.995760606,7.01,9.761956136,138.587142857143,19.06043189,1.6666,10.47755,18.4063,4.054,53.68621,4.92305,2.376,0.097,2.473,0.046,3.056,0.0945,53.7608695652174
2023/2/27,0.28489448,1.712296061,0.598353074,2.427303277,5.391094872,8.264825742,7.08,9.957036643,138.304571428571,19.08082002,1.26414,12.06947,19.9276,3.0893,56.45421,4.7104,2.316,0.078,2.393,0.04,2.799,0.099,59.825
2023/2/28,0.926900775,2.136640424,0.780646056,4.057618526,8.675268611,9.059291046,7.21,9.715064939,138.022,19.66071992,0.92329,14.35613,22.4115,8.0769,64.30271,4.49775,2.31,0.098,2.408,0.043,2.945,0.12,56
2023/3/1,1.054328124,1.785821879,0.690817802,3.177406366,7.202167814,8.650376397,7.155,8.778299599,137.739428571429,19.80852471,1.53666,16.86005,24.8701,8.472,59.82484,4.2851,2.342,0.101,2.443,0.049,2.848,0.104,49.8571428571429
2023/3/2,0.826462576,1.375552585,0.483399116,1.927638367,4.767296887,8.017600121,7.108333333,7.671676777,137.456857142857,19.48726199,1.65015,13.61702,18.1227,7.8113,68.20425,4.07245,2.33,0.07,2.4,0.04,2.71,0.075,60
2023/3/3,0.414062253,1.298491698,0.661525804,1.434982444,3.883865669,7.692591844,6.978333333,7.948384276,137.174285714286,19.41041821,1.33564,15.68367,20.6692,7.3416,54.34791,3.8598,2.255,0.033,2.287,0.034,2.674,0.079,67.2647058823529
2023/3/4,0.432847362,1.288884583,0.69483432,1.46936319,3.932004853,7.536914556,6.995,7.738874313,136.891714285714,19.72260433,1.26809,14.88835,22.5498,7.9162,57.78966,3.64715,2.321,0.069,2.391,0.034,2.653,0.073,70.3235294117647
2023/3/5,0.346570236,1.221751441,0.677585084,1.396486714,3.648397304,7.385448466,6.943333333,8.607437537,136.609142857143,19.66713497,1.37634,14.35423,22.5592,7.041,49.78205,3.4345,2.251,0.062,2.313,0.035,2.734,0.077,66.0857142857143
2023/3/6,0.242296904,1.191563963,0.636782935,1.364283266,3.425755625,7.282315363,6.9,9.694656943,136.326571428571,19.65216744,1.41898,14.45845,23.5406,6.0202,45.97091,3.22185,2.208,0.067,2.274,0.034,2.599,0.073,66.8823529411765
2023/3/7,0.287621349,1.397974808,0.528992222,2.018635964,4.383776263,7.674752852,6.95,10.93478129,136.044,19.80749526,1.37248,14.91213,23.6656,7.1467,49.3573,3.0092,2.148,0.051,2.198,0.034,2.534,0.072,64.6470588235294
2023/3/8,0.238734609,1.300169288,0.278209531,2.042898935,4.023346721,7.443646568,6.928333333,11.67089434,135.761428571429,20.0088588,0.87594,16.3053,23.3783,7.947,53.80891,2.79655,2.138,0.054,2.192,0.029,2.509,0.075,75.5862068965517
2023/3/9,0.205066978,1.232797106,0.237902182,1.924074486,3.739834506,7.691963724,6.976666667,11.77549231,135.478857142857,20.32644082,1.3395,17.74086,25.8948,11.0261,59.09241,2.5839,2.05,0.061,2.112,0.028,2.434,0.072,75.4285714285714
2023/3/10,0.123472511,1.157705206,0.246004753,1.810732198,3.426001337,7.528309132,7.005,12.46339736,135.196285714286,20.56807839,1.94151,18.06873,26.5015,10.2892,52.32546,2.37125,1.998,0.061,2.059,0.02,2.515,0.071,102.95
2023/3/11,0.081517471,1.07269233,0.227466074,1.786600441,3.209944123,7.632044957,7.006666667,12.59714964,134.913714285714,20.879357,1.40275,18.56003,25.923,9.7407,51.21971,2.1586,1.992,0.053,2.045,0.02,2.455,0.061,102.25
2023/3/12,0.147534554,1.019182404,0.148353979,1.963688475,3.323613568,7.887569574,7.028333333,12.42921833,134.631142857143,21.34751115,1.9754,17.5559,21.875,14.0178,62.74825,1.94595,1.938,0.1,2.038,0.028,2.419,0.067,72.7857142857143
2023/3/13,0.082374969,0.889438964,0.200249152,1.664913651,2.768849175,7.227020685,7.148333333,12.15970036,134.348571428571,20.99538871,1.47963,14.80791,19.8334,9.0247,61.896,1.7333,1.908,0.014,1.922,0.003,2.459,0.07,640.666666666667
2023/3/14,0.036238345,0.907460998,0.215591957,1.628083861,2.749706335,6.859053328,7.03,13.06582092,134.066,20.89471502,1.70317,15.63791,23.24,9.515,53.96934,1.52065,1.912,0.099,2.011,0.01,2.571,0.056,201.1
2023/3/15,0.118685186,0.879259955,0.12942211,1.609855601,2.734551931,6.556250988,6.981666667,14.55797987,133.783428571429,21.31740727,1.13902,16.54109,24.1572,10.2887,64.31325,1.308,1.892,0.119,2.011,0.024,2.465,0.065,83.7916666666667
2023/3/16,0.172079794,0.838301638,0.068613624,1.576870694,2.638630767,6.091600322,6.973333333,15.76045672,133.500857142857,21.37341237,1.9966,18.76667,26.4788,11.0843,58.51559,1.09535,2.021,0.063,2.084,0.018,2.588,0.062,115.777777777778
2023/3/17,0.24798097,1.044405372,0.046203959,2.139193515,3.504304113,6.366939022,6.93,19.9239281,133.218285714286,21.82204187,1.11363,19.36806,25.202,12.6168,64.66725,0.8827,2.097,0.137,2.233,0.036,2.635,0.066,62.0277777777778
2023/3/18,0.235714717,1.091082939,0.069115834,2.303810549,3.858846179,6.816019735,6.916666667,20.0261929,132.935714285714,21.10810816,2.61771,18.44772,23.9388,14.476,69.46121,0.67005,2.129,0.084,2.213,0.026,2.627,0.073,85.1153846153846
2023/3/19,0.161837931,0.965896149,0.065941436,1.928778714,3.211113019,6.520269168,6.88,20.2355246,132.653142857143,21.01110214,2.6522,17.95845,21.7239,15.1936,67.00409,0.4574,2.1515,0.104,2.2205,0.031,2.588,0.077,71.6290322580645
2023/3/20,0.407826744,0.922345162,0.089891814,1.582402747,3.075998526,6.480106535,6.871666667,20.72083161,132.370571428571,21.22483031,1.33871,18.80119,22.2839,16.0949,71.99471,0.24475,2.174,0.054,2.228,0.017,2.751,0.074,131.058823529412
2023/3/21,0.10164064,0.925049463,0.085748609,1.582071406,2.712694462,6.45789132,6.874,19.80040112,132.088,22.33440311,1.02183,21.69414,26.8099,16.4237,70.029,0.0321,2.241,0.107,2.348,0.035,2.7,0.083,67.0857142857143
2023/3/22,0.506047541,0.808150065,0.288847613,1.365833929,2.92022045,6.488921048,6.886666667,17.70190685,225,23.43294612,1.79455,23.47578,28.3766,19.2228,69.62666,1.66642,2.163,0.022,2.184,0.034,2.661,0.087,64.2352941176471
2023/3/23,2.692480144,0.271965754,0.222118696,2.088486321,4.120018827,6.783968732,6.863333333,16.0232839,223.3333333,23.32024076,2.01236,18.39032,22.8705,17.3855,89.54512,3.30074,2.151,0.106,2.257,0.048,2.695,0.085,47.0208333333333
2023/3/24,1.949776572,0.713404798,0.218925226352941,3.786340983,5.563132535,6.701789643,6.845,16.86853099,233.3333333,22.35703067,1.54783,17.2358,18.0282,16.491,92.3825,4.93506,2.143,0.13,2.272,0.051,2.546,0.078,44.5490196078431
2023/3/25,1.331683178,2.88185707,0.215731756705882,2.190622802,6.07334803,7.199630159,6.86,51.20987374,240,21.06741684,1.36295,16.53063,17.272,15.7546,92.73196,6.56938,2.515,0.137,2.6395,0.043,2.507,0.052,61.3837209302326
2023/3/26,2.578497843,3.246796806,0.212538287058824,2.182911806,9.685789506,8.244267664,6.81,52.88550936,221.6666667,19.71396631,1.21797,14.22143,15.4608,12.8707,92.4095,8.2037,2.887,0.12,3.007,0.038,2.53,0.046,79.1315789473684
2023/3/27,2.063013499,3.611736542,0.209344817411765,2.615887658,7.270686468,8.110396547,6.851666667,54.56114498,136.6666667,19.02375861,1.13197,12.20044,13.2775,11.3922,89.24734,10.2462,2.884,0.206,3.09,0.053,2.5,0.065,58.3018867924528
2023/3/28,1.738022303,2.672773552,0.206151347764706,2.74047596,5.940604775,7.843404256,6.671666667,56.23678059,106.6666667,19.01067071,1.17748,13.91326,16.2358,11.5258,85.12221,3.4296,2.883,0.256,3.11485714285714,0.041,3.314,0.0925,75.9721254355401
2023/3/29,1.372830019,1.93726876,0.202957878117647,2.534658361,4.67587321,7.804389659,6.623333333,57.91241621,93.33333333,18.75585067,0.94586,14.54275,15.7019,13.2835,91.66146,9.9991,2.92975,0.306,3.13971428571429,0.014,3.251,0.12,224.265306122449
2023/3/30,1.172588174,1.776002315,0.199764408470588,2.305273407,4.224177619,7.677019007,6.59,52.25901853,90,18.64009192,0.85892,16.09951,17.4959,14.6858,90.67091,3.3302,2.9765,0.326333333333333,3.16457142857143,0.06,3.384,0.13,52.7428571428571
2023/3/31,0.968346151,1.542342543,0.196570938823529,2.110540312,3.721778668,7.661166313,6.573333333,45.07430552,90,18.48497041,1.14592,16.82931,18.9188,15.233,86.25321,2.3018,3.02325,0.346666666666667,3.18942857142857,0.07,3.472,0.108,45.5632653061224
2023/4/1,0.713959739,1.26780387,0.193377469176471,1.78147168,3.098118008,7.655189128,6.551666667,34.04723527,91.66666667,18.91891675,1.16578,18.16804,20.9617,15.3486,81.77725,0.72,3.07,0.367,3.21428571428571,0.06,2.923,0.082,53.5714285714286
2023/4/2,0.683174022,1.108105958,0.190183999529412,1.639979648,2.87002145,7.212329713,6.463333333,28.03476009,108.3333333,19.47085543,1.53392,19.79694,22.8932,16.652,74.45155,0.36535,3.0075,0.3425,3.23914285714286,0.077,3.076,0.087,42.0667903525046
2023/4/3,0.759859951,1.026878793,0.186990529882353,1.708476868,2.954763507,7.061724311,6.508333333,25.1852402,110,19.81655737,2.55311,19.74986,23.3981,16.6974,62.554,0.0107,2.945,0.318,3.264,0.063,3.286,0.109,51.8095238095238
2023/4/4,0.677360232,1.007332756,0.183797060235294,1.605439238,2.864173055,6.988721179,6.49,21.58841684,100,19.97778991,2.05485,18.31213,20.3931,17.0575,86.15471,6.1263,2.847,0.3215,3.281,0.085,2.343,0.076,38.6
2023/4/5,1.834647974,1.588365657,0.180603590588235,1.188205436,8.495128853,7.73933601,6.538333333,25.5057016728571,81.66666667,19.60563651,0.83269,19.20432,21.3419,17.3067,90.87434,12.2419,2.594,0.325,2.919,0.065,2.394,0.067,44.9076923076923
2023/4/6,4.089307685,2.169398557,0.177410120941176,0.228615697,18.83105878,8.858344967,6.44,29.4229865057143,68.33333333,19.3950137,1.74896,18.08921,22.62,13.7605,87.36,18.3575,2.396,0.288,2.684,0.079,2.586,0.101,33.9746835443038
2023/4/7,2.239713614,2.750431458,0.174216651294118,1.807831515,9.027899015,8.223855182,6.555,33.3402713385714,80,19.56278312,1.89769,14.97291,19.907,11.7497,72.96384,15.3445833333333,2.205,0.113,2.318,0.064,2.416,0.108,36.21875
2023/4/8,1.720671773,3.331464358,0.171023181647059,2.489018075,6.567047374,7.878141953,6.57,37.2575561714286,75,19.78207088,1.08616,15.07661,18.3823,11.6513,70.51325,12.3316666666667,1.706,0.317,2.024,0.021,2.2,0.09,96.3809523809524
2023/4/9,1.42198521,2.772976667,0.167829712,2.47899406,5.659043148,8.00055762,6.553333333,41.1748410042857,65,20.20340352,1.59381,17.30031,24.6256,11.5905,52.418,9.31875,2.443,0.394,2.836,0.044,2.334,0.068,64.4545454545455
2023/4/10,1.2250155,2.417534004,0.164636242352941,2.419788092,5.061371243,8.070659715,6.476666667,45.0921258371429,70,20.55138406,1.37788,20.20615,25.3763,12.4425,54.6415,6.30583333333334,2.116,0.344,2.459,0.05,2.402,0.052,49.18
2023/4/11,0.864857845,1.774234809,0.161442772705882,2.129563924,3.937562552,8.104172864,6.451666667,49.00941067,138.3333333,21.10595955,1.07503,21.40708,26.0224,17.6642,70.09559,3.29291666666667,2.264,0.1855,2.674,0.065,2.263,0.057,41.1384615384615
2023/4/12,0.565952503,1.409032098,0.158249303058824,1.82075445,3.173206298,8.040443848,6.49,36.75127502,220,21.02857259,1.09273,19.96924,22.5783,18.2354,84.0573,0.28,2.336,0.027,2.363,0.057,2.368,0.068,41.4561403508772
2023/4/13,0.505674502,1.243142144,0.155055833411765,1.847250729,3.113994347,7.786827016,6.515,29.40873701,173.3333333,21.71458229,1.40838,22.57258,26.3666,18.3797,68.25325,0.34145,2.453,0.033,2.486,0.041,2.176,0.125,60.6341463414634
2023/4/14,0.666474764,1.120988961,0.151862363764706,2.009257762,3.356366442,7.749253695,6.456666667,24.22578557,113.3333333,22.47374202,1.62413,23.04467,28.4935,18.9436,70.453,0.4029,2.3805,0.077,2.423,0.017,2.21,0.059,142.529411764706
2023/4/15,1.046616289,1.105455208,0.148668894117647,2.939331912,4.480957503,7.497246052,6.448333333,23.39879925,116.6666667,23.24199913,1.59295,21.94797,29.1905,14.917,63.916,0.0668,2.308,0.052,2.36,0.052,2.195,0.042,45.3846153846154
2023/4/16,1.209732789,1.020653243,0.145475424470588,3.13368862,4.710335652,7.188123673,6.44,20.88773631,111.6666667,23.67351506,1.41413,23.03116,31.605,15.5404,59.74812,4.23286666666667,2.088,0.371,2.46,0.09,2.271,0.054,27.3333333333333
2023/4/17,2.690134556,0.772153007,0.142281954823529,5.147189824,7.355448669,7.529081717,6.48,19.21917956,110,24.48091352,2.05905,24.38783,31.0278,16.7089,57.50384,8.39893333333333,1.897,0.232,2.129,0.06,2.342,0.044,35.4833333333333
2023/4/18,2.477803031,1.056284496,0.139088485176471,5.275001135,7.553236214,6.948026484,6.483333333,28.28748516,113.3333333,24.21683467,1.96685,23.51853,27.8216,20.563,76.22971,12.565,1.882,0.252,2.134,0.064,2.581,0.127,33.34375
2023/4/19,2.095809902,1.579993177,0.135895015529412,3.351903622,5.850741725,5.723940067,6.406666667,47.60777925,136.6666667,23.77361534,1.09958,19.42622,21.2109,18.0449,91.25805,7.39485,1.744,0.221,1.965,0.055,2.392,0.063,35.7272727272727
2023/4/20,1.629492823,1.316413373,0.132701545882353,2.54301672,4.377720636,5.967579235,6.415,41.02992726,136,23.50839448,1.29133,21.71537,27.2731,18.3844,79.27175,2.2247,1.879,0.232,2.112,0.054,2.038,0.045,39.1111111111111
2023/4/21,1.393289303,1.217082594,0.129508076235294,2.462032658,3.961333306,5.838028587,6.398333333,38.93577453,123.3333333,23.33121271,2.39032,20.65887,24.6791,18.4345,77.7785,0.1096,1.904,0.163,2.067,0.042,2.1095,0.0475,49.2142857142857
2023/4/22,0.98847033,1.251427779,0.126314606588235,2.268330266,3.587746874,6.091989209,6.345,36.84345832,123.3333333,23.27417462,2.2145,21.27463,25.6114,18.4572,65.7815,2.1844,1.905,0.196,2.101,0.053,2.181,0.05,39.6415094339623
2023/4/23,0.985064369,1.173787055,0.123121136941176,2.419218222,3.736415762,6.351955908,6.36,32.02193552,116.6666667,23.21908859,1.02592,20.60127,23.5779,18.0316,76.05912,4.2592,1.894,0.171,2.065,0.052,2.2525,0.0525,39.7115384615385
2023/4/24,1.067637477,1.14487259,0.119927667294118,2.542476631,3.93135479,6.369503556,6.393333333,30.37182637,118.3333333,23.03816687,1.65943,21.33658,25.9843,17.1564,78.95259,5.856,2.372,0.1325,2.82,0.088,2.324,0.055,32.0454545454545
2023/4/25,1.324407793,1.062711068,0.116734197647059,3.099699703,4.660122478,6.511645026,6.428333333,24.43613183,120,23.06123762,1.45048,16.2709,19.6309,13.8855,86.66271,5.761,1.823,0.094,1.917,0.043,2.376,0.065,44.5813953488372
2023/4/26,0.641633184,1.457625262,0.113540728,2.067673491,4.209270237,6.536158695,6.39,25.0335353,130,22.61630777,1.19384,17.0091,20.1032,13.5956,75.44491,0.0668,1.813,0.105,1.918,0.041,2.145,0.05,46.780487804878
2023/4/27,0.278145482,1.745687828,0.192527357,1.418415965,3.993877365,6.744605115,6.431666667,26.62559248,165,23.23442559,1.96768,19.91581,25.1133,15.4929,67.24421,0.1336,1.773,0.172,1.945,0.033,2.27,0.06,58.9393939393939
2023/4/28,1.314505781,1.854837925,0.208980429,3.160199464,6.972618533,7.170521956,6.468333333,21.14523087,186.6666667,23.71880308,1.24861,21.39874,26.6912,15.978,75.57334,0.2004,1.834,0.099,1.934,0.038,2.144,0.037,50.8947368421053
2023/4/29,3.252658339,2.636152829,0.315451543,8.067171995,15.21000396,8.514280519,6.583333333,17.83266217,175,24.63208579,1.46412,20.37589,25.9736,16.7903,79.28784,20.6983,1.753,0.141,1.895,0.046,2.268,0.052,41.195652173913
2023/4/30,3.149905732,3.161291092,0.725397856,5.920182144,18.20001778,8.052848013,6.696666667,16.69072432,190,24.18969253,1.16805,17.9258,20.2773,16.169,83.99396,17.2782,1.758,0.128,1.886,0.048,2.352,0.055,39.2916666666667
2023/5/1,1.638094025,1.908388197,0.177391952,3.773192292,7.874764278,7.09652604,6.626,18.7858913,166.6666667,24.2532052,1.84557,20.36126,26.8903,13.8435,58.64646,13.8581,1.816,0.096,1.912,0.035,2.339,0.085,54.6285714285714
2023/5/2,4.192205481,1.585000311,0.06145502,5.453591956,11.00926786,8.208966207,6.601666667,17.34455943,150,24.73457992,1.4355,21.58443,28.2253,14.8429,55.24409,10.438,1.659,0.254,1.913,0.016,2.309,0.061,119.5625
2023/5/3,5.529418805,0.755799463,0.001129032,3.549763248,8.696322138,8.345574181,6.686666667,15.8069952,151.6666667,25.15516413,1.93329,23.55091,28.0836,17.4732,67.68412,7.0179,1.98,0.123,2.103,0.051,2.383,0.067,41.2352941176471
2023/5/4,6.263256831,0.83305642,0.013037328,4.6637456,10.45453511,8.905796793,6.698,15.27463706,152.5,25.81973848,1.94319,26.01717,29.9008,22.0227,64.26825,3.5978,1.914,0.109,2.023,0.045,2.245,0.058,44.9555555555556
2023/5/5,6.838082442,0.641653535,0.001333333,7.120598345,13.44552199,9.203722888,6.968333333,14.02354283,128.3333333,26.61291683,1.25313,24.95056,29.5845,21.6086,71.69909,0.1777,1.9145,0.1115,2.026,0.0485,2.362,0.071,41.7731958762887
2023/5/6,7.412908053,0.427003582,0.002599238,4.605544528,9.896836179,9.102603375,6.82,12.74448502,133.3333333,26.9625639,1.38706,23.02596,28.5757,20.0325,82.70596,3.81155,1.915,0.114,2.029,0.052,2.334,0.079,39.0192307692308
2023/5/7,4.079103718,1.16298038842857,0.00240231969230769,1.046639232,15.55479114,6.77563502,6.585,16.5220895,128.3333333,25.22687976,1.78317,23.20054,28.7944,18.9535,76.7373,7.4454,1.759,0.172,1.931,0.034,2.083,0.046,56.7941176470588
2023/5/8,2.259337649,1.89895719485714,0.00220540138461538,0.851293666,11.33099443,7.254736821,6.463333333,20.29969398,140,23.78805288,1.27134,19.24392,21.5679,17.4839,85.25891,3.3301,1.648,0.198,1.846,0.039,2.189,0.078,47.3333333333333
2023/5/9,1.958187963,2.63493400128571,0.00200848307692308,1.209245625,9.742570473,7.155858062,6.534,24.07729846,123.3333333,23.57373293,1.70549,20.23755,23.5954,17.2587,72.3183,0.0167,1.599,0.129,1.728,0.029,2.721,0.11,59.5862068965517
2023/5/10,2.447928764,3.37091080771429,0.00181156476923077,0.483724692,12.74283293,7.150855564,6.588333333,27.85490294,116.6666667,23.65422465,1.57327,21.43797,27.0307,16.7167,66.37471,1.6946,1.958,0.152,2.11,0.054,2.607,0.092,39.0740740740741
2023/5/11,2.705977226,4.10688761414286,0.00161464646153846,0.274422581,14.17661063,7.046647348,6.583333333,31.63250742,100,23.62084733,0.95805,19.63515,21.9303,17.2057,77.138,0.0809,2.384,0.118,2.502,0.033,2.671,0.139,75.8181818181818
2023/5/12,2.359812144,4.84286442057143,0.00141772815384615,0.546940063,12.14272644,6.833822362,6.488333333,35.4101119,105,23.51551492,1.31585,19.17476,21.9598,17.3662,83.0743,0.3181,2.298,0.1,2.398,0.024,2.062,0.072,99.9166666666667
2023/5/13,1.775120726,5.578841227,0.00122080984615385,1.348833198,8.846924092,7.136573216,6.491666667,39.18771638,91.66666667,23.80711281,1.16845,20.24807,24.4338,17.1478,72.14821,0.346875,2.313,0.083,2.396,0.032,2.04,0.026,74.875
2023/5/14,1.288213489,3.493237277,0.00102389153846154,1.972228014,6.462735209,7.443647881,6.523333333,42.96532086,103.3333333,23.96705113,1.1106,20.78177,24.8273,17.4865,71.46175,0.37565,2.057,0.092,2.149,0.029,2.301,0.04,74.1034482758621
2023/5/15,1.01232576,2.382990728,0.000826973230769231,1.826585829,4.932656016,7.238251148,6.545,46.74292534,113.3333333,24.78155252,1.65706,23.68613,29.1412,18.0303,58.89562,0.404425,1.844,0.057,1.901,0.021,2.268,0.068,90.5238095238095
2023/5/16,1.021728115,1.676040633,0.000630054923076923,1.800283758,4.201176874,7.180531983,6.541666667,50.52052982,123.3333333,25.09959207,1.26601,23.84681,28.0695,19.8801,67.50205,0.4332,1.855,0.046,1.901,0.022,1.692,0.032,86.4090909090909
2023/5/17,0.86134851,1.504895727,0.000433136615384615,1.656245077,3.801439857,7.129658999,6.578333333,45.01046611,130,25.21426275,1.51623,24.45507,28.0408,21.5337,77.3745,2.3948,1.929,0.05,1.979,0.044,2.247,0.055,44.9772727272727
2023/5/18,1.161106265,1.390504207,0.000236218307692308,2.061668492,4.427095026,7.476418557,6.58,38.79572902,115,25.53689076,1.41791,24.02127,30.0576,19.3076,76.79046,3.3211,1.692,0.061,1.753,0.032,2.112,0.049,54.78125
2023/5/19,0.966014303,1.344617185,3.93e-05,1.678253746,3.88177348,7.173805058,6.585,37.30558549,113.3333333,25.72528282,1.84587,25.15862,30.0644,20.4701,71.51321,1.9873,1.817,0.149,1.966,0.045,2.193,0.048,43.6888888888889
2023/5/20,0.791292096,1.338553179,0.014928973,1.507710678,3.80109375,7.204918827,6.603333333,31.0844905,116.6666667,25.70033699,1.95179,24.15497,28.8213,21.1762,77.66846,22.5303,1.909,0.135,2.045,0.045,1.976,0.046,45.4444444444444
2023/5/21,1.00631407,1.248934464,0.000670833,1.470658607,3.540993843,6.953988493,6.628333333,35.23274397,126.6666667,26.00343142,1.26986,24.96637,29.6002,21.1509,79.66596,12.93295,1.588,0.035,1.622,0.02,1.805,0.022,81.1
2023/5/22,0.559015024,1.277573593,0.000559716,1.392045292,3.033440628,7.120412313,6.46,37.51022852,116.6666667,26.26137597,1.27552,23.8745,27.8216,20.7433,80.68921,3.3356,1.697,0.144,1.841,0.044,2.041,0.048,41.8409090909091
2023/5/23,0.469976003,1.740078841,0.000448599,1.647950484,3.691736876,7.901048382,6.623333333,44.85540557,110,25.7268717,2.121,20.75361,23.008,19.18,78.5118,0.0274,1.679,0.121,1.8,0.028,2.31,0.052,64.2857142857143
2023/5/24,0.31273835,2.172388773,0.000337482,1.961098112,4.493871041,8.318605909,6.533333333,47.09556883,135,25.53672193,1.30479,21.81468,25.2307,19.4519,71.43271,0.0924166666666667,1.718,0.161,1.879,0.042,2.078,0.054,44.7380952380952
2023/5/25,0.290934514,2.054790917,0.000226365,1.739762369,4.240841806,7.969671047,6.476666667,41.73820487,126.6666667,26.19047038,1.27478,25.3334,31.2214,21.2511,69.33225,0.157433333333333,1.756,0.11,1.865,0.027,2.114,0.054,69.0740740740741
2023/5/26,0.250675789,2.016927216,0.000115248,1.740999535,4.342696941,8.290657633,6.502,36.25141936,120,26.75235689,1.60602,26.16042,31.8795,22.197,70.11059,0.22245,1.703,0.14,1.843,0.035,2.186,0.046,52.6571428571429
2023/5/27,0.421335401,2.183619235,0.058466073,2.164608271,5.469854953,8.542345413,6.55,30.17193741,120,27.4147742,1.94785,26.17371,31.8936,22.0801,68.2398,0.287466666666667,1.684,0.13,1.814,0.043,2.057,0.061,42.1860465116279
2023/5/28,1.388739185,2.119013645,0.192388073,2.431894218,6.730554616,8.70871969,6.7,25.19215819,140,28.16322702,1.07668,25.96282,32.4455,20.7895,69.52096,0.352483333333333,1.721,0.087,1.808,0.029,2.008,0.043,62.3448275862069
2023/5/29,2.546313461,2.284541677,0.20135932,2.874541094,8.440171922,9.10988362,6.626666667,24.60106726,136.6666667,28.99080131,1.29256,27.31514,35.3764,21.8411,66.98516,0.4175,1.897,0.132,2.029,0.041,2.161,0.048,49.4878048780488
2023/5/30,2.253390818,2.854673238,0.169889922,2.993979377,9.189809969,9.429779713,6.566666667,29.20427591,118.3333333,29.41948669,1.54835,28.1831,35.4458,21.8364,55.98205,0.24085,1.8,0.076,1.876,0.03,2.317,0.05,62.5333333333333
2023/5/31,3.10685413,3.682034243,0.459175626,4.768518794,13.41520758,10.29522535,6.598333333,23.08910403,116.6666667,30.2207808,1.48941,28.07095,34.5406,23.0563,59.1105,0.0642,1.794,0.082,1.875,0.03,2.132,0.043,62.5
2023/6/1,2.786972255,4.243283947,0.648458064,5.522235445,14.88722453,10.26594668,6.53,19.27990819,113.3333333,30.45906752,1.67929,26.46034,33.1268,21.7949,69.75205,0.3103,1.856,0.127,1.983,0.032,2.187,0.05,61.96875
2023/6/2,2.403499671,3.122882393,0.417246768,3.484210516,10.38649615,9.815623634,6.565,17.95968238,115,30.98191127,1.66552,27.65407,32.9854,22.9668,67.05241,12.2932,1.693,0.066,1.759,0.021,2.101,0.041,83.7619047619047
2023/6/3,1.053982082,3.912525232,0.549175726,5.064355297,12.05316486,8.961382849,6.426666667,18.35578548,116.6666667,30.39413038,1.47479,25.77528,33.3554,22.2907,78.6618,24.2761,1.756,0.168,1.924,0.033,2.201,0.046,58.3030303030303
2023/6/4,0.934680049,3.099068241,0.281577265,4.144577746,9.489271099,8.184280628,6.423333333,19.99068554,106.6666667,30.43565343,1.47583,26.11941,30.4245,23.1171,71.29696,17.3642,1.689,0.097,1.786,0.027,2.082,0.042,66.1481481481482
2023/6/5,0.487969685,2.257390729,0.16293787,2.587215429,6.100374836,7.836719995,6.523333333,19.35765904,110,30.37996313,1.46222,26.93242,31.8088,22.0668,68.34896,10.4523,1.595,0.106,1.7,0.027,2.181,0.043,62.962962962963
2023/6/6,0.899894161,3.529044609,0.266439525,3.634351174,9.470499462,8.938673781,6.651666667,17.37277445,106.6666667,30.38136835,1.47893,25.69342,31.1035,22.5733,76.0435,3.5404,1.717,0.104,1.821,0.035,2.042,0.047,52.0285714285714
2023/6/7,1.31080216,4.59449162,0.451713481,3.701114112,11.59300038,9.544089329,6.593333333,15.64870942,113.3333333,30.78704422,1.31218,25.08389,30.2463,22.3768,80.19541,6.5437,1.667,0.084,1.75,0.024,1.906,0.062,72.9166666666667
2023/6/8,1.019688039,3.974096988,0.338584556,2.980280339,9.589248479,8.536076555,6.563333333,19.06376986,116.6666667,30.56319485,1.34143,26.03572,31.8928,22.4697,74.2415,1.0996,1.251,0.127,1.378,0.011,1.705,0.079,125.272727272727
2023/6/9,0.464475861,2.817864902,0.10163538,2.769579209,6.984246491,7.670328026,6.532,22.04277113,116.6666667,30.48578474,1.25694,23.6651,28.6543,21.356,82.93141,3.91395,1.286,0.032,1.318,0.01,1.717,0.068,131.8
2023/6/10,0.498618538,2.15751395,0.003997936,1.907635109,4.905689229,6.637062116,6.505,33.81950557,120,29.24372545,1.23402,22.47768,25.4332,20.2911,84.22571,6.7283,1.335,0.115,1.45,0.019,1.702,0.069,76.3157894736842
2023/6/11,0.612841218,2.202398982,0.002015318,1.98236588,4.885433602,6.927587367,6.556666667,44.75253841,123.3333333,29.0782056,1.22685,26.14164,31.593,21.2023,67.04384,5.24253333333333,1.435,0.122,1.557,0.024,2.009,0.075,64.875
2023/6/12,0.679717228,2.613506165,3.27e-05,2.399869088,5.720007486,6.785073608,6.483333333,56.21069567,116.6666667,29.0929846,1.70463,27.24559,33.7442,22.7904,64.01371,3.75676666666667,1.489,0.189,1.678,0.029,1.869,0.091,57.8620689655172
2023/6/13,0.708352853,3.017885609,0.000474138,3.188551544,6.978969179,7.260334451,6.486666667,51.8746502,116.6666667,29.45667213,1.19165,24.60966,29.1785,21.4387,77.6565,2.271,1.606,0.202,1.808,0.053,2.287,0.14,34.1132075471698
2023/6/14,0.35401047,3.25184423,0.020209262,4.228957223,8.600401031,7.241875458,6.46,47.53860472,116.6666667,29.07795779,1.04732,22.26431,24.1786,21.225,86.19996,3.1292,1.714,0.228,1.942,0.06,2.141,0.098,32.3666666666667
2023/6/15,0.412860229,2.669786754,0.046250691,3.290084796,7.079077668,6.640221928,6.53,36.9208171,120,28.97573755,1.04475,21.9678,24.0309,20.6572,85.96625,2.8307,1.999,0.057,2.056,0.046,2.403,0.138,44.695652173913
2023/6/16,0.280489832,1.953478105,1.02e-05,1.8680872,4.37967337,6.023443555,6.468333333,34.17734029,120,28.48456742,0.96841,22.72842,24.6616,21.1222,84.92396,7.3803,1.851,0.131,1.982,0.031,2.411,0.127,63.9354838709677
2023/6/17,0.230426923,2.036473046,0.040557692,2.042923091,4.822446524,6.605542747,6.52,29.15341571,121.6666667,28.42334718,1.06412,23.69664,27.1228,22.1443,86.34212,8.1105,2.057,0.052,2.108,0.03,2.564,0.117,70.2666666666667
2023/6/18,0.514352048,2.074110923,0.180699202,2.162217453,5.522884115,7.175749346,6.575,25.26029072,125,28.65192357,1.20118,24.63041,29.9668,22.161,82.1435,5.2655,1.898,0.016,1.914,0.024,2.272,0.073,79.75
2023/6/19,0.57253954,1.752027415,0.08742084,1.545733432,4.372008831,7.586973482,6.646,25.94804943,125,28.88214212,1.47415,26.85782,32.2957,22.8465,72.63812,8.07042,1.809,0.047,1.856,0.015,2.259,0.103,123.733333333333
2023/6/20,1.418957111,1.909527103,0.156402371,1.869964489,5.817884606,8.4846015,6.525,24.52319348,125,29.7038756,1.36406,27.43314,32.5402,22.7758,67.19471,10.87534,1.783,0.112,1.895,0.028,2.284,0.099,67.6785714285714
2023/6/21,3.038283459,2.622421231,0.278926539,3.347552299,10.02843492,9.487271949,6.428,21.68385817,115,30.51445079,2.13341,27.02806,33.5837,22.3656,68.91484,13.68026,1.892,0.218,2.11,0.036,2.248,0.109,58.6111111111111
2023/6/22,3.106598658,2.975472777,0.469390653,4.093665637,11.52715196,9.760514782,6.601666667,20.95870936,116.6666667,30.49832354,1.51885,27.68863,33.5182,23.5688,66.09762,16.48518,1.742,0.079,1.821,0.026,2.273,0.107,70.0384615384615
2023/6/23,1.937465287,3.779762222,0.716194166,5.212350616,12.97978164,9.44992847,6.633333333,19.86870828,106.6666667,30.02045601,1.43448,24.76883,30.0691,21.7341,79.63721,19.2901,1.662,0.052,1.714,0.019,2.143,0.1,90.2105263157895
2023/6/24,1.19247853,3.803275636,0.551896778,6.072758304,12.84367345,9.204266972,6.735,19.0938603,103.3333333,30.15298216,1.47701,24.49698,28.8111,21.9593,81.65037,1.4647,1.848,0.07,1.918,0.038,2.409,0.14,50.4736842105263
2023/6/25,1.012881798,3.918067699,0.384636456,5.69332213,12.26314484,9.453497296,6.703333333,18.39218572,110,30.35289679,1.82094,26.20541,31.7553,22.3361,69.56605,0.1944,1.747,0.086,1.833,0.036,2.047,0.109,50.9166666666667
2023/6/26,1.287911633,4.741914715,0.504574012,5.938072255,14.10864961,9.6050722,6.921666667,16.38649141,116.6666667,30.57451155,1.46278,24.98281,31.3461,22.3982,78.37021,7.3114,1.623,0.182,1.805,0.028,2.079,0.089,64.4642857142857
2023/6/27,1.146497188,5.532880975,0.677458216,6.255650864,15.61668715,9.492007798,6.925,16.18520831,130,30.65455191,1.221,24.78926,29.6432,21.404,76.84246,0.6908,1.569,0.118,1.687,0.031,1.933,0.088,54.4193548387097
2023/6/28,4.169040593,3.505528654,0.322304512,6.574000019,13.81277084,8.613825218,7.125,14.16227253,133.3333333,30.99714641,1.24246,26.92252,32.4627,22.4757,68.42759,0.0749,1.494,0.095,1.589,0.025,2.028,0.093,63.56
2023/6/29,5.148357363,3.454876175,0.307680822045455,7.692168363,14.69365597,7.875970575,7.01,14.26663284,113.3333333,30.62464289,2.01243,27.02017,31.8641,24.0176,69.53025,0.58415,1.436,0.12,1.556,0.03,2.028,0.097,51.8666666666667
2023/6/30,4.417229122,2.793780649,0.293057132090909,9.324560039,14.82136059,7.299190621,6.803333333,15.29061044,110,30.80600029,1.2527,25.3781,28.254,23.4117,80.58166,1.0934,1.598,0.138,1.736,0.04,2.106,0.091,43.4
2023/7/1,3.075326261,1.599593714,0.278433442136364,6.118696279,9.164158461,6.655633883,6.794,16.70696091,108.3333333,30.78113071,1.31786,27.14543,31.498,24.218,72.06841,0.5344,1.505,0.13,1.635,0.019,2.004,0.089,86.0526315789474
2023/7/2,2.367997338,1.596519057,0.263809752181818,5.874046491,8.463530341,6.380769779,6.7,16.76393558,106.6666667,30.38776609,1.70595,25.56843,29.3189,23.0957,78.82075,3.2941,1.402,0.044,1.446,0.006,1.837,0.09,241
2023/7/3,3.117582409,1.773729634,0.249186062227273,6.46570124,9.801427336,6.704978884,6.69,16.38680033,96.66666667,30.67761934,1.50819,26.17583,31.0784,22.8212,76.02096,2.3297,1.406,0.246,1.651,0.032,2.098,0.098,51.59375
2023/7/4,5.006934137,2.776571013,0.234562372272727,9.02986617,14.94479067,7.225028025,6.625,16.87356279,108.3333333,30.74478259,1.56056,26.24019,30.854,22.3074,73.4443,1.097,1.56,0.125,1.685,0.031,2.015,0.088,54.3548387096774
2023/7/5,6.813221672,3.230481573,0.219938682318182,9.03920601,18.80450523,7.645388522,6.621666667,20.8428238,161.6666667,31.05998211,1.42094,26.4745,31.8273,22.542,70.331,0.978457142857143,1.539,0.064,1.603,0.021,1.929,0.101,76.3333333333333
2023/7/6,7.100879608,1.984965998,0.205314992363636,9.048545849,15.63222936,7.598318161,6.64,19.03022835,163.3333333,31.54756116,2.14634,27.81968,33.6792,22.476,62.44275,0.859914285714286,1.585,0.182,1.767,0.045,1.842,0.084,39.2666666666667
2023/7/7,7.844752247,1.982653892,0.190691302409091,8.390148462,15.89763359,8.011898325,6.646666667,15.34958758,161.6666667,31.97997813,1.94316,27.82038,32.9564,22.3463,62.02246,0.741371428571429,1.588,0.107,1.695,0.033,1.856,0.088,51.3636363636364
2023/7/8,7.171332428,2.250069084,0.176067612454545,8.070245845,15.20398507,7.966821111,7.145,13.62128621,163.3333333,32.28100151,2.10529,27.79613,33.8376,21.5752,62.05555,0.622828571428572,1.504,0.082,1.587,0.019,2.117,0.096,83.5263157894737
2023/7/9,7.926710278,2.391307261,0.161443923,9.251421596,16.57498729,8.668747641,6.736666667,11.72413196,153.3333333,33.20416446,1.71247,28.45824,34.7428,22.5438,62.99421,0.504285714285714,1.618,0.035,1.653,0.015,2.117,0.089,110.2
2023/7/10,7.493963544,2.655939114,0.146820232545455,7.703793363,15.21128584,8.268060286,6.778333333,11.21675451,166.6666667,33.28115965,1.44286,29.12252,35.5966,23.6729,62.45775,0.385742857142857,1.812,0.129,1.941,0.037,2.189,0.097,52.4594594594595
2023/7/11,5.545969778,1.96923716,0.132196542590909,5.67776125,11.10993509,7.390749623,6.571666667,11.20765626,160,32.83752837,1.69753,28.0966,33.9326,23.8548,65.92191,0.2672,1.777,0.08,1.858,0.034,2.003,0.082,54.6470588235294
2023/7/12,4.02200821,1.229837373,0.117572852636364,4.203484133,7.510000878,6.789134059,6.733333333,10.99583188,151.6666667,32.98448012,1.77511,28.5334,34.3454,23.0469,62.29534,0.480125,1.646,0.11,1.756,0.02,2.019,0.08,87.8
2023/7/13,3.721652576,1.092996579,0.102949162681818,3.705446573,6.580394994,7.183860053,6.541666667,10.72685244,153.3333333,33.4570084,1.40837,28.74891,34.6841,23.3796,62.37966,0.69305,1.514,0.217,1.732,0.025,1.794,0.056,69.28
2023/7/14,2.79445063,0.599214367,0.0883254727272727,2.892471151,4.513045337,6.701486826,6.698333333,10.93117021,146.6666667,33.86553636,1.21571,29.58659,36.0783,24.4312,60.45521,0.905975,1.386,0.187,1.573,0.016,2.356,0.067,98.3125
2023/7/15,2.003434559,0.601461712,0.0737017827727273,2.535077411,3.672043678,5.717557322,6.468333333,11.46541449,146.6666667,33.94022168,1.6455,29.09495,36.035,23.7491,64.77796,1.1189,1.516,0.14,1.655,0.018,1.877,0.064,91.9444444444445
2023/7/16,1.496720377,0.609785957,0.0590780928181818,2.198953961,3.129951566,5.080517495,6.57,12.10212472,146.6666667,33.98064218,1.79549,26.15388,32.44,22.4376,75.92771,8.771,1.501,0.109,1.61,0.012,1.723,0.061,134.166666666667
2023/7/17,1.399057181,0.706796309,0.0444544028636364,2.357100068,3.369052838,4.678860055,6.556666667,14.42463138,150,33.3206236,1.60699,26.10614,30.7971,23.079,76.74221,2.6831,1.358,0.211,1.569,0.012,1.782,0.058,130.75
2023/7/18,1.027520659,0.865926186,0.029830712909091,2.263531647,3.340274213,4.425188576,6.471666667,14.63447491,150,32.45248742,1.62517,25.18766,29.1169,22.8405,81.22491,2.331,1.391,0.197,1.588,0.019,1.653,0.056,83.5789473684211
2023/7/19,1.018629172,0.924188397,0.0152070229545455,2.243792562,3.524875678,4.779392088,6.501666667,13.53244288,155,32.13843063,1.71328,26.26366,31.4466,23.5359,76.4823,2.3641,1.367,0.208,1.575,0.017,2.007,0.08,92.6470588235294
2023/7/20,1.734701975,1.099057352,0.000583333,2.896343978,4.87995903,5.111291425,6.648333333,13.6761216,155,32.37172206,1.26937,27.09855,33.0887,23.8039,74.34034,1.9539,1.477,0.182,1.659,0.02,1.911,0.071,82.95
2023/7/21,3.542868772,2.975110308,0.000626663148148148,6.292993546,12.11052764,5.523765224,6.558333333,17.110992,168.3333333,32.11439037,1.16561,25.78573,32.863,22.5725,79.85871,13.4038,1.458,0.193,1.651,0.03,2.048,0.086,55.0333333333333
2023/7/22,8.218170711,4.622813003,0.000669993296296296,6.73810198,23.18890498,6.997351691,6.388333333,15.75382738,175,32.55232463,1.6758,26.59965,30.9203,22.775,74.7555,9.7722,1.481,0.066,1.547,0.014,2.047,0.056,110.5
2023/7/23,8.601586588,2.831335779,0.000713323444444444,7.183210414,16.37242968,6.415338138,6.756666667,16.17900106,180,32.72550525,1.20001,27.86106,32.8643,23.4866,68.10605,6.1406,1.511,0.132,1.643,0.03,2.004,0.061,54.7666666666667
2023/7/24,9.032260866,4.548409197,0.000756653592592593,7.685931271,19.56276026,7.186627684,6.458333333,14.30749344,171.6666667,33.389768,1.43511,27.43047,33.9151,23.3128,69.58891,2.509,1.462,0.094,1.556,0.022,1.909,0.081,70.7272727272727
2023/7/25,8.793951831,5.784872867,0.000799983740740741,8.012200519,21.19726885,7.795889449,6.472,11.61971735,170,33.38005028,1.54603,27.59237,34.8297,22.1023,66.1435,0.0274,1.418,0.062,1.479,0.012,1.889,0.067,123.25
2023/7/26,6.349499465,3.723468343,0.000843313888888889,9.503149876,22.0779979,7.084506365,6.498333333,12.391396,161.6666667,32.56152982,2.116,28.69793,32.267,24.5656,57.40887,5.9242,1.761,0.063,1.825,0.027,2.15,0.075,67.5925925925926
2023/7/27,4.783891424,1.662063818,0.000886644037037037,6.242460919,10.45045646,5.880814617,6.57,15.34050846,184.2857143,32.11230186,2.44618,27.85303,31.0719,25.0105,62.65105,11.821,1.76,0.051,1.811,0.031,2.182,0.103,58.4193548387097
2023/7/28,2.371832987,0.855623301,0.000929974185185185,3.793458425,5.012237227,5.804310815,6.65875,19.45724316,168.5714286,30.9118418,1.95437,23.90748,25.6146,22.9227,84.91516,17.7178,1.762,0.063,1.824,0.041,2.051,0.093,44.4878048780488
2023/7/29,1.869704616,0.891163709,0.000973304333333333,3.7060483,4.618848704,5.843933331,6.588333333,20.544353,185,30.34326993,1.6171,24.84795,29.363,23.234,84.66341,13.5534,1.697,0.04,1.737,0.027,1.976,0.064,64.3333333333333
2023/7/30,2.143000377,1.188646196,0.00101663448148148,4.798677867,6.09726011,5.55644371,6.463333333,22.5045644,180,30.03307577,0.85438,24.81016,28.3148,22.6654,81.40946,4.1998,1.631,0.056,1.687,0.003,2.045,0.078,562.333333333333
2023/7/31,2.687552036,2.471676156,0.00105996462962963,5.312769146,8.54257208,5.435312982,6.645,24.97952954,180,30.28853745,1.5945,25.39957,31.2522,22.6046,76.85334,3.0543,1.989,0.072,2.061,0.049,2.055,0.096,42.0612244897959
2023/8/1,2.844196552,1.694014592,0.00110329477777778,4.807978266,7.188185602,5.802605929,6.666666667,22.97781786,200,30.69057349,1.35557,25.07939,30.2275,22.4055,78.69462,0.4838,1.485,0.059,1.544,0.026,2.379,0.119,59.3846153846154
2023/8/2,3.312160286,1.948175295,0.00114662492592593,5.103686051,8.085069304,5.864337542,6.636666667,22.02880947,204,31.02438012,1.42044,27.3636,33.6213,22.8645,70.99487,0.0963,1.543,0.036,1.579,0.021,2.156,0.142,75.1904761904762
2023/8/3,4.929137833,1.761748883,0.00118995507407407,7.267846376,10.69550262,6.3726041,6.685,19.72759469,192.5,31.5356538,1.40162,28.97163,35.6976,23.4725,64.25509,0.61595,1.586,0.042,1.627,0.037,2.38,0.099,43.972972972973
2023/8/4,5.591186753,1.080196287,0.00123328522222222,6.62495402,9.64056658,6.69791365,6.66,18.32385407,210,31.80739467,1.38598,28.61505,35.2274,23.7212,67.57837,1.1356,1.465,0.039,1.504,0.027,2.703,0.089,55.7037037037037
2023/8/5,8.544590853,1.292281087,0.00127661537037037,9.552635181,14.2038809,7.443807416,6.341666667,17.77595596,185,31.95806948,1.38867,28.7847,35.2352,24.1066,69.01975,3.61940625,1.947,0.04,1.987,0.038,2.568,0.087,52.2894736842105
2023/8/6,8.77864032166667,1.721506629,0.00131994551851852,9.51128918333333,20.91825797,8.366494294,6.391666667,16.51630571,168.3333333,32.65721681,1.76833,28.20059,34.5458,23.7546,69.95134,6.1032125,1.76,0.063,1.823,0.022,2.352,0.087,82.8636363636364
2023/8/7,9.01268979033333,3.328869019,0.00136327566666667,9.46994318566667,21.00877651,9.021989928,6.356666667,17.06721411,150,33.16508768,1.57893,27.82843,34.8605,24.2449,71.22096,8.58701875,1.865,0.13,1.995,0.046,2.603,0.11,43.3695652173913
2023/8/8,9.246739259,3.021873527,0.00140660581481482,9.428597188,16.98726209,8.499303003,6.318333333,12.98003117,135,32.36480989,1.78204,24.58323,34.3365,22.3742,82.90141,11.070825,1.755,0.155,1.91,0.033,2.314,0.083,57.8787878787879
2023/8/9,6.315091639,1.651121932,0.00144993596296296,7.984899467,11.86914447,6.779779681,6.298333333,14.5620291,128.3333333,32.65146889,1.54752,26.61433,33.859,22.9094,73.58796,0.0167,1.273,0.32,1.593,0.017,2.144,0.085,93.7058823529412
2023/8/10,5.003809523,1.442921034,0.00149326611111111,6.058530868,9.324010121,6.50495805,6.286666667,14.28745629,130,32.03369419,1.27921,23.9887,30.114,22.0381,85.07787,9.9587,1.538,0.244,1.781,0.032,2.266,0.062,55.65625
2023/8/11,3.334619311,0.776546674,0.00153659625925926,5.654986991,7.0065353,5.68908688,6.325,18.86263804,110,30.95398018,1.19772,24.77524,29.9493,22.4029,82.20687,3.6109,1.552,0.061,1.613,0.025,2.067,0.08,64.52
2023/8/12,2.55256554,0.931423403,0.00157992640740741,5.143376728,6.206353721,4.997493395,6.343333333,24.30679583,106.6666667,30.3796717,1.49209,25.2719,28.3375,22.8906,78.6925,1.3956,1.601,0.144,1.746,0.038,2.219,0.078,45.9473684210526
2023/8/13,3.06473855,1.571540648,0.00162325655555556,6.115930258,8.220952388,5.653382773,6.366666667,20.50695233,126.6666667,30.75303823,1.86337,26.17521,30.842,23.061,75.93625,0.4042,1.495,0.043,1.537,0.029,2.137,0.085,53
2023/8/14,5.879216141,4.173333088,0.0016665867037037,8.257987359,15.26647476,6.737583136,6.338333333,16.49348329,140,31.54850987,1.1636,27.23538,32.5175,23.6009,73.30196,0.0167,1.757,0.171,1.928,0.05,2.455,0.103,38.56
2023/8/15,6.031284983,1.91163043,0.00170991685185185,7.412443081,11.68506402,6.790954244,6.303333333,16.06515522,155,31.75943724,1.14843,25.69281,31.606,22.936,81.16934,8.5792,1.601,0.041,1.642,0.031,2.445,0.092,52.9677419354839
2023/8/16,4.687024232,3.617167596,0.001753247,6.184389321,13.95191025,6.839204947,6.298333333,15.73869357,150,31.89715512,1.37188,25.64722,31.8897,21.5632,77.9605,8.44665,1.659,0.026,1.685,0.035,2.59,0.059,48.1428571428571
2023/8/17,1.242747519,2.350162232,0.00091807,2.551249165,6.620851424,5.151784583,6.375,20.63718252,171.6666667,31.30629108,1.40499,24.95032,31.0124,20.897,78.97971,8.3141,1.898,0.127,2.025,0.043,2.583,0.088,47.093023255814
2023/8/18,0.899885303,2.914924835,0.000884875,3.174258399,6.516315381,4.78359886,6.326666667,59.56262918,141.6666667,30.8406976,1.36945,25.4956,32.0006,21.5024,75.99496,4.0018,1.832,0.054,1.885,0.029,2.443,0.103,65
2023/8/19,0.664473931,3.015918811,0.00085168,3.745961515,6.966168562,4.850234271,6.325,56.08852757,136.6666667,30.39767253,1.12774,24.22873,30.496,21.6814,81.01555,8.3384,1.726,0.113,1.838,0.023,2.375,0.093,79.9130434782609
2023/8/20,0.513287982,2.285934081,0.000818485,2.791884353,5.02000264,5.231797351,6.398333333,52.61442595,145,29.53466365,1.2867,23.94386,27.8297,22.0381,82.52912,0.5775,1.686,0.058,1.744,0.029,2.512,0.085,60.1379310344828
2023/8/21,0.455160065,2.103504829,0.00078529,2.552786779,4.619732787,5.025484945,6.4,47.70193645,148.3333333,29.81191114,1.4808,26.89542,32.3745,22.614,70.3545,3.5994,2.015,0.078,2.092,0.052,2.943,0.087,40.2307692307692
2023/8/22,0.300311637,2.010066193,0.000752095,2.500654763,4.583343095,4.992533795,6.356666667,40.13615673,135,29.92660758,1.58128,25.68891,30.9336,22.7356,77.86205,6.6213,2.144,0.142,2.285,0.044,2.881,0.093,51.9318181818182
2023/8/23,0.280551591,2.030844933,0.0007189,2.593154184,4.744775111,5.143491324,6.338333333,39.19999438,145,29.81722245,1.9468,23.84724,30.4759,21.845,84.62491,3.34405,1.824,0.053,1.877,0.029,2.338,0.094,64.7241379310345
2023/8/24,0.297918927,1.980301391,0.000685705,2.403851759,4.391614173,5.090081423,6.353333333,42.31010549,146.6666667,29.40406629,0.92833,25.50383,30.0986,21.994,78.49134,0.0668,2.056,0.084,2.14,0.047,3.303,0.086,45.531914893617
2023/8/25,0.240340882,1.859092323,0.00065251,2.129620173,4.163698184,5.456540603,6.343333333,34.89234472,125,29.8638764,1.26171,24.96263,31.5927,22.6662,81.59216,5.4171,1.88,0.001,1.881,0.019,2.537,0.08,99
2023/8/26,0.449341256,2.18641584,0.000619315,2.64749998,4.918815224,5.624547752,6.3,47.33931632,113.3333333,29.74155729,1.34239,24.07984,29.1292,22.3888,84.50105,4.691,1.97,0.043,2.014,0.041,2.773,0.11,49.1219512195122
2023/8/27,0.412533166,2.121803526,0.00058612,2.587635733,4.784537976,5.689768828,6.341666667,45.55558548,125,29.78551109,1.43933,24.8318,30.6711,21.9974,81.02212,2.5901,1.604,0.006,1.61,0.009,2.64,0.081,178.888888888889
2023/8/28,0.523805659,2.288074383,0.000552925,2.64501792,5.132199198,5.533128284,6.396666667,48.0576786,118.3333333,29.72552901,1.49379,25.59137,31.2616,22.4971,78.69912,4.1419,2.172,0.035,2.207,0.041,2.853,0.075,53.8292682926829
2023/8/29,1.458633933,4.906969307,0.00051973,3.403212124,9.224100324,5.045659726,6.216666667,49.9052983183333,100,29.29971346,1.44061,25.56221,31.5254,22.8324,80.49946,2.13475,2.153,0.006,2.159,0.044,2.638,0.09,49.0681818181818
2023/8/30,0.768709286,2.747102978,0.000486535,2.887132195,5.744900571,5.999746187,6.383333333,51.7529180366667,106.6666667,29.04018508,1.378,26.09374,28.797,23.2747,73.96125,0.1276,1.667,0.126,1.793,0.023,2.35,0.092,77.9565217391304
2023/8/31,1.470212234,4.825143266,0.00045334,2.845821583,8.62365212,6.456820799,6.318333333,53.60053776,75,28.14900227,1.29411,23.74178,26.0287,22.1545,85.72721,5.5405,1.689,0.121,1.81,0.022,2.45,0.079,82.2727272727273
2023/9/1,0.991871761,3.146182326,0.000420145,2.960374544,6.427477078,6.403246735,6.413333333,55.4481574733333,98.33333333,27.76673419,0.99815,23.15189,24.2749,22.1618,88.9865,3.763,1.727,0.077,1.804,0.028,2.153,0.107,64.4285714285714
2023/9/2,0.915624764,2.997251863,0.00038695,2.979477328,6.222905923,5.834419908,6.411666667,57.2957771916667,126.6666667,27.65583517,1.16666,25.16338,29.6936,22.7724,79.93046,0.167,1.782,0.002,1.784,0.011,2.31,0.067,162.181818181818
2023/9/3,0.705730581,2.551027902,0.000353755,2.836924521,5.518023196,5.618557549,6.35,59.14339691,126.6666667,28.30469904,2.62481,27.46786,30.2108,23.0156,62.72991,1.83715,1.746,0.049,1.795,0.026,2.569,0.112,69.0384615384615
2023/9/4,0.674299892,2.498559866,0.00032056,2.721808322,5.274507898,5.707132783,6.321666667,59.55783407,116.6666667,27.58534838,2.22579,23.86467,26.4488,21.2947,73.1455,3.5073,1.561,0.132,1.693,0.016,2.823,0.095,105.8125
2023/9/5,1.384252512,5.21666235,0.000287365,2.112845055,8.659429111,5.816719298,6.395,58.98981317,105,26.90801039,1.05659,22.55764,24.2047,21.1971,90.31146,2.96106666666667,2.325,0.003,2.328,0.035,2.766,0.058,66.5142857142857
2023/9/6,4.943537904,5.127560397,0.00025417,0.047495156,14.63380002,5.933644454,6.152,58.42179226,64,25.84614171,1.06236,22.69155,23.7384,21.7949,90.69116,2.41483333333333,1.708,0.031,1.739,0.021,2.623,0.079,82.8095238095238
2023/9/7,3.897788157,5.038458444,0.000220975,0.266010184,20.60817092,6.887951361,6.08,57.85377136,46.66666667,25.5578172,0.98259,23.17557,25.2362,21.2845,86.46309,1.8686,2.011,0.015,2.026,0.041,2.51,0.095,49.4146341463415
2023/9/8,1.514565682,4.949356491,0.00018778,2.553662509,8.608830266,7.414559572,6.198333333,57.28575045,55,25.33421894,0.92868,23.68026,27.2465,21.1094,78.45816,1.457625,1.981,0.01,1.991,0.03,2.746,0.09,66.3666666666667
2023/9/9,0.640692459,2.599923354,0.000154585,2.609372402,5.326159347,7.19387741,6.276666667,56.71772955,53.33333333,25.53655894,1.20702,25.51452,30.5341,20.909,67.58046,1.04665,1.946,0.14,2.087,0.019,2.553,0.076,109.842105263158
2023/9/10,0.336388953,2.179123546,0.00012139,2.316723199,4.596327883,6.903542125,6.371666667,42.13595619,90,26.28572521,1.14278,25.4532,31.2441,21.2091,67.05471,0.635675,1.893,0.028,1.921,0.005,2.388,0.074,384.2
2023/9/11,0.100947754,1.935280126,8.8195e-05,1.991134162,4.052142215,6.739991551,6.37,32.49012664,76.66666667,26.91389994,1.12407,25.04519,30.0542,21.8685,76.04971,0.2247,1.936,0.067,2.003,0.018,2.401,0.057,111.277777777778
2023/9/12,0.098164322,1.826910119,5.5e-05,1.745846822,3.86119137,6.637779024,6.373333333,26.70109336,96.66666667,27.41744178,1.29853,24.86565,29.4864,21.839,77.92666,1.0914,1.887,0.002,1.889,0.006,2.43,0.06,314.833333333333
2023/9/13,0.295266791,1.900957739,0.006004399,1.835114843,4.423724648,6.248015151,6.328333333,22.23974858,90,27.95114945,0.73184,24.60802,28.272,21.6373,76.86425,2.4078,1.995,0.168,2.163,0.032,2.646,0.054,67.59375
2023/9/14,0.70730944,2.144253413,0.058510368,2.109501257,5.562617453,6.79729955,6.325,21.83441389,106.6666667,28.08075661,1.3212,25.76925,29.7604,22.3849,74.03575,3.7242,1.961,0.121,2.082,0.028,2.413,0.074,74.3571428571428
2023/9/15,1.220800979,2.383583472,0.082691584,2.530428472,6.827174336,7.027176347,6.32,20.34465341,106.6666667,28.42996341,1.40754,24.93538,29.3074,22.2111,76.96675,0.4684,1.781,0.052,1.832,0.018,2.444,0.059,101.777777777778
2023/9/16,0.828730171,2.215428024,0.08045972,2.272309891,5.989307411,6.667782216,6.345,20.35749803,141.6666667,27.99407445,0.80016,24.14794,28.3701,21.5016,80.3938,0.1109,1.807,0.176,1.983,0.019,2.427,0.066,104.368421052632
2023/9/17,0.708351454,1.989685499,0.063173609,1.750000202,4.999378205,6.677561492,6.343333333,20.27220304,130,28.60633456,1.17195,25.92271,32.5235,21.3894,71.10646,2.24726,1.764,0.024,1.788,0.008,2.35,0.064,223.5
2023/9/18,1.347224646,2.03343961,0.05194521,2.507501171,6.337068979,7.240596988,6.431666667,18.103089,135,28.98150013,1.50485,25.69705,33.1062,21.487,73.7735,4.38362,1.836,0.091,1.927,0.02,2.226,0.068,96.35
2023/9/19,1.960647616,2.167040568,0.032293294,3.096033218,7.617475269,7.617990109,6.461666667,16.9733257,146.6666667,29.36872161,1.33073,26.19545,33.0099,22.2479,72.56762,6.51998,1.815,0.066,1.882,0.028,2.345,0.056,67.2142857142857
2023/9/20,3.155109365,2.404295048,0.02717336,4.101161696,9.976721662,7.839791739,6.615,14.55684982,153.3333333,29.99880084,1.18651,27.13158,33.3687,22.429,69.55409,8.65634,1.731,0.074,1.804,0.017,2.265,0.056,106.117647058824
2023/9/21,4.033830054,2.428346346,0.007404551,4.683216763,11.11488563,8.098303852,6.588333333,13.42750353,163.3333333,30.36021249,1.13725,26.22597,32.8716,22.5686,75.89871,10.7927,1.676,0.139,1.815,0.031,2.905,0.04,58.5483870967742
2023/9/22,3.115149947,2.177628847,0.00320238,3.79677425,8.947612143,7.638836971,6.725,12.88354001,163.3333333,30.49991803,1.57655,25.90394,32.8917,21.8771,74.93284,5.4772,1.711,0.069,1.779,0.019,2.488,0.032,93.6315789473684
2023/9/23,3.041310711,2.207912238,0.021175214,4.192446639,9.116855764,7.320127678,6.565,13.08685683,153.3333333,30.65113221,1.37173,25.93862,32.1574,21.7615,72.60991,0.7622,1.71,0.139,1.849,0.023,2.513,0.046,80.3913043478261
2023/9/24,3.025896958,2.065652671,0.0143431466666667,4.028917504,8.480534689,7.244083101,6.533333333,14.48780292,146.6666667,30.44053792,1.02019,25.52914,30.1928,22.0809,75.58221,0.7546125,1.684,0.116,1.8,0.03,3.251,0.054,60
2023/9/25,2.150364003,1.819749761,0.00751107933333333,2.756177869,6.233555006,6.783601997,6.696666667,14.67962754,143.3333333,30.73701014,1.49943,26.76402,32.6699,22.0642,69.57234,0.747025,1.65,0.199,1.849,0.021,2.849,0.056,88.047619047619
2023/9/26,2.468142307,2.788784135,0.000679012,4.13251486,9.300514127,7.593947378,6.525,13.47121634,153.3333333,30.62057269,1.33531,26.15503,32.6404,21.5778,71.27337,0.7394375,1.63,0.069,1.7,0.022,2.344,0.046,77.2727272727273
2023/9/27,2.499137943,2.862572036,0.000435606,3.435256157,8.732867187,7.496998374,6.545,14.45271643,160,30.73883994,1.52751,25.96807,32.404,21.0948,70.5165,0.73185,1.554,0.098,1.652,0.034,2.606,0.042,48.5882352941176
2023/9/28,2.280621521,2.847004473,0.000373001,3.49941741,8.52908686,7.08914493,6.398333333,17.76033732,153.3333333,30.59381755,1.12975,25.99447,31.6063,21.4703,70.60525,0.7242625,1.486,0.088,1.574,0.025,1.932,0.024,62.96
2023/9/29,1.923394032,2.777349725,0.000310396,3.437976168,8.065563287,6.860660265,6.471666667,16.33478862,170,30.73477169,1.25245,25.84576,32.2456,21.2331,71.18325,0.716675,1.38,0.084,1.464,0.016,2.326,0.06,91.5
2023/9/30,1.736388546,3.359702851,0.00024779,3.708720439,9.080311216,7.045695379,6.53,15.21892226,173.3333333,30.93510145,1.29102,26.62736,33.1623,21.7495,68.55246,0.7090875,1.547,0.112,1.659,0.025,2.548,0.042,66.36
2023/10/1,2.080605544,3.263262611,0.000185185,3.52990127,9.014560885,7.226492948,6.583333333,14.17617417,173.3333333,31.1321403,1.57507,26.95625,32.7902,22.1263,66.06771,0.7015,1.577,0.252,1.829,0.019,1.787,0.018,96.2631578947368
2023/10/2,1.37553091,2.185665021,0.000617284,2.405972552,5.919324127,5.972974742,6.641666667,14.87739693,186.6666667,30.91231773,1.39865,26.26874,31.951,21.3907,65.9938,0.3638,1.505,0.1,1.605,0.009,2.513,0.036,178.333333333333
2023/10/3,1.372167578,3.23488583,9.26e-05,2.666372347,7.775249087,6.732784682,6.645,15.48099445,185,31.23563612,1.65312,25.7776,31.8876,20.724,66.4935,2.34992,1.478,0.063,1.541,0.003,2.477,0.032,513.666666666667
2023/10/4,1.598612823,3.101499685,7.35e-05,2.80946352,8.007902187,6.576912705,6.64,15.66813698,181.6666667,31.1729599,2.18803,26.20824,29.9308,21.2104,62.88634,4.33604,1.489,0.053,1.542,0.007,1.551,0.013,220.285714285714
2023/10/5,1.194401393,2.354695165,0.003875008,2.406531218,6.354559363,5.676284225,6.608333333,17.42177206,166.6666667,30.35144898,2.79407,23.51756,25.7119,21.5016,56.898,6.32216,1.593,0.046,1.639,0.032,2.296,0.041,51.21875
2023/10/6,0.435286736,1.883347118,0.003290514,2.039384371,4.635374289,5.034061966,6.541666667,20.49722495,173.3333333,29.44158924,1.68508,20.53529,22.4363,19.3979,73.96687,8.30828,1.604,0.145,1.75,0.028,2.689,0.044,62.5
2023/10/7,0.038954293,1.680666047,0.033629071,1.818401232,3.787514064,4.922755424,6.521666667,19.8066471,171.6666667,28.49026911,1.30613,19.52271,20.7201,18.7933,87.57009,10.2944,1.734,0.172,1.906,0.029,2.493,0.041,65.7241379310345
2023/10/8,0.005254523,1.651026187,0.004810294,1.867096041,3.635498954,4.685962661,6.483333333,19.7972894,165,28.07992891,0.8255,20.50685,22.0475,18.8528,87.61846,3.4859,1.732,0.15,1.882,0.029,2.524,0.041,64.8965517241379
2023/10/9,0.000220588,1.656870042,0.094384584,2.166506396,3.909287916,5.03111701,6.513333333,18.91830516,146.6666667,27.5691604,1.16984,21.60111,23.9949,19.9691,82.326,0.4175,1.707,0.113,1.82,0.042,2.327,0.042,43.3333333333333
2023/10/10,0.073962072,2.034947938,0.072216748,2.489256397,4.938477612,5.410073645,6.535,17.41097648,170,27.53993728,1.25235,20.42722,23.1192,18.5989,85.18012,0.7515,1.638,0.241,1.879,0.026,2.328,0.041,72.2692307692308
2023/10/11,0.004450321,1.903615735,0.268607366,2.208690254,4.485058204,5.45498218,6.633333333,15.24950259,190,27.26371201,1.2565,19.79501,21.7691,18.488,82.2098,0.6012,1.671,0.121,1.792,0.031,2.88,0.047,57.8064516129032
2023/10/12,0.214259075,1.596396106,0.20792258,1.611743175,3.406782719,4.826560554,6.536,16.2749475,188,26.82879824,1.14074,20.91608,23.7945,18.6216,75.55455,0.516842857142857,1.514,0.057,1.571,0.017,2.35,0.04,92.4117647058823
2023/10/13,0.424067829,2.241957364,0.324627026,3.160045418,6.680782216,7.179120151,6.436666667,13.4830353,196.6666667,28.13357634,1.243,21.41559,24.7143,19.0117,72.82771,0.432485714285714,1.573,0.076,1.649,0.026,2.331,0.043,63.4230769230769
2023/10/14,1.204007104,3.478502031,0.76462212,5.415601913,12.08559843,8.328698583,6.445,11.63590376,206.6666667,27.94501446,1.07373,20.81658,23.909300000000002,17.117,74.09184,0.348128571428571,1.647,0.1215,1.7685,0.031,2.4945,0.0545,57.0483870967742
2023/10/15,1.53857704,3.978689669,1.135788548,5.559093133,13.66844308,8.183878806,6.648333333,11.31559032,226.6666667,28.00990161,1.25733,20.34324,27.2658,14.7307,70.78716,0.263771428571429,1.721,0.167,1.888,0.036,2.658,0.066,52.4444444444444
2023/10/16,0.919317984,2.291187121,0.807285961,2.151964394,6.692247141,6.459275586,6.621666667,12.20325455,230,27.72888108,1.10033,19.44573,27.5129,13.9283,68.02596,0.179414285714286,1.609,0.108,1.718,0.009,2.828,0.04,190.888888888889
2023/10/17,0.496783646,2.23614365,0.668687576,2.248773318,6.175211133,5.865708835,6.591666667,14.07869082,231.6666667,27.48687012,1.12365,18.64482,25.178,13.8114,68.686,0.095057142857143,1.745,0.025,1.77,0.016,2.647,0.075,110.625
2023/10/18,0.277202341,3.123836267,0.829077591,4.140084217,9.265154347,6.200558,6.545,14.38543169,226.6666667,27.17292349,0.86615,21.88075,27.2658,14.6626,68.25896,0.0107,1.707,0.043,1.75,0.005,2.693,0.041,350
2023/10/19,0.060109424,3.517309637,0.831132994,3.579691147,8.228356275,6.003604474,6.606666667,14.05333354,230,27.13651121,0.90036,22.0145,26.2369,19.4887,79.67646,0.8118,1.77,0.04,1.809,0.026,2.537,0.049,69.5769230769231
2023/10/20,0.00032197,3.716637413,0.90089708,4.094904833,8.894919135,6.783486725,6.695,12.63155243,230,27.31036855,1.49401,21.7781,25.5068,18.2067,70.76484,0.1336,1.684,0.04,1.724,0.02,2.547,0.046,86.2
2023/10/21,0.001237582,2.92342885,0.526255547,2.643748005,6.174799206,5.775283789,6.568333333,15.13320747,210,26.83095387,1.14686,17.94166,20.9599,16.6687,81.4095,7.2714,1.724,0.02,1.744,0.017,2.969,0.061,102.588235294118
2023/10/22,0.003277212,3.030991481,0.489704316,3.634131487,7.058117505,5.73561177,6.545,14.79986148,200,26.54694145,1.16675,19.2359,22.3935,16.6293,78.9188,0.161,1.738,0.113,1.851,0.017,2.739,0.063,108.882352941176
2023/10/23,0.005316842,2.85106096,0.394282238,2.713250257,5.751725785,5.57260599,6.52,15.6348938,193.3333333,26.83848414,0.90785,20.749,25.0063,17.4244,76.30216,1.35435,1.623,0.122,1.745,0.012,2.943,0.059,145.416666666667
2023/10/24,0.007356473,3.7681229,0.491913695,4.406839548,8.439734322,6.731847319,6.695,14.31894157,193.3333333,27.022509,1.18486,22.52291,29.6996,17.2908,71.31521,2.5477,1.557,0.045,1.603,0.011,2.977,0.062,145.727272727273
2023/10/25,0.009396103,5.941194176,1.258997235,6.335378404,13.56386098,7.728815504,6.758333333,13.16562164,193.3333333,27.39933652,0.90986,22.48369,29.2573,17.4625,74.03521,3.74105,1.635,0.059,1.694,0.015,2.285,0.055,112.933333333333
2023/10/26,0.011435733,4.444956158,1.105689082,5.06949611,10.78322501,7.604898995,6.806666667,12.37744967,196.6666667,27.37835126,1.1445,22.66176,28.8959,19.0237,80.095,4.9344,1.633,0.017,1.65,0.015,2.229,0.054,110
2023/10/27,0.000147059,4.763433872,1.071349556,4.706806386,10.65572013,5.974974608,6.628333333,14.00778236,206.6666667,26.56025283,1.50182,19.34352,21.3059,16.6802,88.84041,3.357,1.533,0.103,1.636,0.027,2.198,0.057,60.5925925925926
2023/10/28,0.000149441,2.86904714,0.525769455,2.439739311,5.826195213,5.088248587,6.596666667,15.63136792,233.3333333,26.34088408,1.08998,18.2306,20.1241,16.4289,85.15509,1.7796,1.584,0.157,1.741,0.012,2,0.065,145.083333333333
2023/10/29,0.000151822,2.799003424,0.43992316,2.586666465,5.945513279,5.474929616,6.613333333,16.22880711,246.6666667,26.65295825,1.14768,19.82056,24.4565,17.1183,77.304,1.61933636363636,1.628,0.153,1.78,0.023,1.79,0.066,77.3913043478261
2023/10/30,0.00369616,2.659836909,0.526656611,2.378380575,5.575884849,5.629494,6.635,14.82868788,255,26.76304684,1.35472,19.64007,26.6017,14.4687,72.38216,1.45907272727273,1.769,0.082,1.851,0.016,1.758,0.045,115.6875
2023/10/31,5.8e-05,3.064640954,0.616185469,3.304237656,7.140676951,5.840672876,6.69,15.35278611,251.6666667,26.45256585,1.10426,18.7118,26.6377,12.9983,69.43325,1.29880909090909,1.944,0.17,2.114,0.03,1.608,0.057,70.4666666666667
2023/11/1,0.005072759,3.545394567,0.812515131,3.678899362,8.346152694,6.870614613,6.7,15.52543747,253.3333333,26.51306329,1.10593,18.45658,26.2904,13.2989,72.12787,1.13854545454545,1.88,0.087,1.966,0.012,1.408,0.043,163.833333333333
2023/11/2,0.009415448,3.082671062,0.671812708,2.937244107,6.865887089,7.112951672,6.673333333,15.9897604,230,26.36457849,1.07185,18.64693,26.4882,14.1874,74.321,0.978281818181818,1.845,0.112,1.957,0.024,1.9255,0.038,81.5416666666667
2023/11/3,0.233548711,3.453603056,0.576543373,4.01538217,8.618939428,7.805393122,6.908333333,14.28168649,240,26.804289,0.95247,19.56013,26.6205,14.9496,75.21791,0.818018181818182,1.701,0.086,1.787,0.013,2.443,0.066,137.461538461538
2023/11/4,0.190175024,2.454944412,0.22319984,2.969120777,6.307306376,6.820498971,6.695,14.99623793,263.3333333,26.80232235,0.98582,21.40041,28.1817,16.7809,74.1505,0.657754545454545,1.585,0.086,1.67,0.01,1.69,0.061,167
2023/11/5,0.294662062,3.414102821,0.424136261,4.621286656,9.498390177,8.013577493,6.69,14.13714575,261.6666667,26.9495378,1.01609,21.66877,28.6287,17.0896,75.65387,0.497490909090909,1.745,0.167,1.912,0.037,1.465,0.073,51.6756756756757
2023/11/6,0.526628167,3.76308405,0.256792207,5.682647023,11.25223672,7.818381745,6.668333333,14.36394463,261.6666667,27.36240078,1.47222,20.85596,28.1363,15.4342,60.02066,0.337227272727273,1.611,0.138,1.749,0.018,2.333,0.076,97.1666666666667
2023/11/7,0.149378701,2.824121437,0.252023893,4.430414276,8.133329416,6.384115196,6.75,13.95826948,270,26.71846908,1.48533,20.96548,26.2403,15.7322,65.21134,0.176963636363636,1.763,0.097,1.86,0.024,2.187,0.068,77.5
2023/11/8,0.051346282,1.625052945,0.000430981,2.549181328,4.241410707,5.101649293,6.666666667,16.06010359,270,26.52483766,1.1852,19.81446,24.0322,16.7483,72.01891,0.0167,1.7,0.127,1.827,0.029,2.254,0.064,63
2023/11/9,0.002252579,1.960060471,0.109844371,2.577175039,4.716116581,5.88722265,6.641666667,16.53598908,276.6666667,26.74691937,1.06994,21.84193,27.1429,16.932,73.4645,0.6778,1.708,0.045,1.752,0.017,2.336,0.056,103.058823529412
2023/11/10,0.003749557,2.455748308,0.512434718,2.1634166,5.190204472,6.246634647,6.865,15.65407791,281.6666667,26.73081398,1.26742,20.52324,24.7125,18.6182,81.77016,1.3389,1.827,0.084,1.911,0.047,2.265,0.065,40.6595744680851
2023/11/11,0.000267857,1.768299663,0.33647199,1.50535255,3.447074659,4.265286192,6.73,17.62783032,285,25.86653275,1.31278,18.57934,19.9516,16.4944,79.91496,0.4757,1.716,0.079,1.795,0.027,2.111,0.051,66.4814814814815
2023/11/12,0.000300595,1.835733144,0.667064693,1.060072468,3.06038963,4.561858357,6.735,17.11433212,298.3333333,25.83697038,1.64132,17.98077,20.0158,16.5638,71.70891,0.0668,1.741,0.094,1.835,0.029,2.19,0.062,63.2758620689655
2023/11/13,0.000333333,1.535575777,0.158678067,1.293934056,2.751174549,4.124379085,6.716666667,20.77421759,308.3333333,25.275721,1.66368,15.2353,16.6541,13.7245,72.09125,0.09352,1.731,0.117,1.848,0.042,2.125,0.0615,44
2023/11/14,0.014367227,1.456822772,0.105816178,1.947394665,3.182442881,4.290071077,6.73,23.37839176,313.3333333,24.85348722,1.23958,15.08242,23.4631,9.6191,74.38746,0.12024,1.727,0.035,1.762,0.017,2.06,0.061,103.647058823529
2023/11/15,0.039736348,1.394267206,0.052954289,1.973897213,3.161884855,4.496629226,6.715,21.99358932,316.6666667,24.79810477,1.16219,14.46011,23.6395,9.5463,72.314,0.14696,1.723,0.07,1.793,0.031,2.165,0.058,57.8387096774194
2023/11/16,0.085795495,1.469607618,9.24e-05,1.82474567,3.28252833,4.710444139,6.716666667,22.05848819,303.3333333,24.17396979,0.84869000000000006,16.18808,21.702,9.9813,68.336,0.17368,1.824,0.174,1.998,0.04,2.171,0.077,49.95
2023/11/17,0.023645507,1.587912539,0.009337859,1.657274949,3.373146414,4.995031369,6.75,19.87658788,303.3333333,23.42355554,1.33193,18.41203,22.3901,13.7339,65.38159,0.2004,1.814,0.163,1.977,0.04,2.219,0.081,49.425
2023/11/18,0.012744067,1.860829167,0.199776024,1.547440935,3.732418868,5.159674084,6.825,18.4338198,313.3333333,23.02263334,1.45524,14.05663,15.8718,12.4344,76.3465,1.0589,1.738,0.065,1.803,0.017,2.163,0.07,106.058823529412
2023/11/19,0.01397039,1.74721982,0.123435464,1.097158254,3.361698689,5.30181663,6.806666667,18.09164476,311.6666667,22.55754987,1.1475,14.2837,17.3516,12.3188,72.51221,1.9174,1.901,0.043,1.944,0.038,2.498,0.054,51.1578947368421
2023/11/20,0.045104533,2.048945963,0.307177091,1.262478333,3.95562252,5.97415761,6.855,18.2637421,303.3333333,22.34481395,1.03777,15.4899,18.1532,12.8887,77.85696,2.7759,1.925,0.092,2.017,0.015,2.555,0.062,134.466666666667
2023/11/21,0.146029399,2.014867703,0.136984661,0.948271106,3.949529866,5.855951576,6.84,20.44135969,303.3333333,21.991141,0.89133,14.69139,16.1643,13.7532,88.99575,12.6658,1.999,0.199,2.198,0.031,2.566,0.069,70.9032258064516
2023/11/22,0.187742857,2.293424218,0.294909392,1.876732777,4.74594003,6.393104895,6.871666667,25.44409567,270,21.88188505,1.07091,15.12116,18.1678,13.0077,79.28975,8.46613333333334,2.065,0.16,2.225,0.037,2.679,0.052,60.1351351351351
2023/11/23,0.126786904666667,3.542967037,1.000052913,6.392528479,8.682339593,8.670666283,7.116666667,15.10161703,263.3333333,22.4286966,1.48288,13.71504,19.8326,7.8118,73.37896,4.26646666666667,1.937,0.178,2.115,0.024,2.409,0.061,88.125
2023/11/24,0.0658309523333333,2.294738183,0.565080731,4.265432971,6.016957091,7.859561172,6.928333333,14.38060774,250,21.83825924,1.1558,11.31917,20.7454,5.7355,71.45875,0.0668,1.883,0.066,1.949,0.015,2.38966666666667,0.0593333333333333,129.933333333333
2023/11/25,0.004875,1.837976472,0.28637102,2.732159427,4.791923772,7.072189729,6.901666667,15.38649499,263.3333333,21.4884658,0.95813,12.88217,19.8431,6.2391,71.81775,0.0648,1.917,0.084,2.002,0.016,2.37033333333333,0.0576666666666667,125.125
2023/11/26,0.013003417,1.510859039,0.133177704,1.702900058,3.777160276,7.224478536,6.886666667,15.55446677,266.6666667,21.9119815,1.04411,16.851680000000002,23.7624,11.071,74.61012,0.0628,1.91,0.098,2.007,0.022,2.351,0.056,91.2272727272727
2023/11/27,0.000998537,1.448519088,0.150241033,1.983285772,3.609500992,7.445520877,6.876666667,16.22873127,266.6666667,21.91381052,1.09069,20.46765,26.2236,13.6551,71.56534,0.0608,1.881,0.062,1.943,0.015,2.482,0.068,129.533333333333
2023/11/28,0.396564185333333,1.775402835,0.118733009,3.5213139,4.794747069,7.628386111,6.908333333,15.62091013,260,21.87851441,1.07206,20.46268,27.116,16.0941,78.37887,0.1383,1.946,0.151,2.097,0.035,2.546,0.056,59.9142857142857
2023/11/29,0.792129833666667,1.188942445,0.313295001,2.774178209,3.292317388,6.090116635,6.865,17.26025379,270,21.16698323,1.51382,18.6904,22.8264,16.0667,73.54812,3.3029,1.996,0.053,2.05,0.013,2.532,0.058,157.692307692308
2023/11/30,1.187695482,4.199767399,1.212106154,6.872361757,15.5317105,9.21235313,7.063333333,16.75151798,285,21.86023199,1.25852,18.97159,22.8911,16.3621,71.40721,6.4675,1.979,0.148,2.127,0.023,2.498,0.052,92.4782608695652
2023/12/1,0.541754702,2.747722336,0.718118982,3.97854352,9.048580389,8.100985321,6.93,18.70694172,275,21.46123299,1.06869,19.16535,23.8634,15.7395,77.4325,9.6321,1.976,0.084,2.059,0.016,2.464,0.068,128.6875
2023/12/2,0.283173728,2.14292258,0.426670307,3.016852317,6.533401694,7.814529829,6.945,18.92556838,288.3333333,21.57838292,1.52088,18.68865,25.0251,11.949,78.0535,12.7967,1.934,0.16,2.094,0.027,2.288,0.057,77.5555555555556
2023/12/3,0.269987616,2.168314626,0.368237969,3.564030517,7.017598372,7.651637152,6.916666667,19.23940259,293.3333333,21.25743723,2.21613,7.74906,9.5442,6.624,78.55141,9.5692,1.85,0.108,1.959,0.023,2.282,0.049,85.1739130434783
2023/12/4,0.041641077,1.871998226,0.287268859,2.95453681,5.562838947,7.120475735,6.846666667,17.88780034,290,20.86480851,1.11223,8.49744,10.1535,6.8967,77.2285,0.5344,1.9,0.154,2.054,0.022,2.329,0.05,93.3636363636364
2023/12/5,0.007523843,2.775823473,0.402968978,5.510017951,9.417700371,7.400590736,6.885,17.95588319,303.3333333,20.97567714,1.19189,12.43766,16.199,8.1453,76.3815,0.3447,1.886,0.054,1.94,0.016,2.398,0.048,121.25
2023/12/6,0.001494651,2.899318657,0.481805394,6.003167426,10.03181052,7.27874696,6.833333333,17.42762929,290,20.78889352,2.04706,10.34072,14.5793,7.3142,78.23959,2.9181,1.876,0.164,2.04,0.027,2.475,0.049,75.5555555555556
2023/12/7,0.051200719,2.048236925,0.479820878,3.810038113,6.939498624,7.537275801,6.818333333,17.41383317,295,20.96691398,1.797,7.36286,8.5709,6.7122,73.74691,0.0668,2.01,0.082,2.092,0.02,2.863,0.11,104.6
2023/12/8,0.031184349,1.585168955,0.225743066,2.51020156,4.578864322,6.944950229,6.776666667,19.05999395,303.3333333,20.66064787,1.91194,5.22077,8.7217,1.2228,69.95696,0.0612333333333333,2.004,0.149,2.152,0.025,2.574,0.051,86.08
2023/12/9,0.320013947,2.067314725,0.605339843,3.971622439,7.505964358,8.15824986,6.793333333,16.73052747,300,20.72115959,1.72824,5.26504,11.3841,0.3262,55.74166,0.0556666666666667,2.041,0.052,2.093,0.013,2.426,0.05,161
2023/12/10,0.191220823,1.704003385,0.516560824,3.30533233,6.07354955,7.692866713,6.831666667,16.08360348,293.3333333,21.08547044,1.5143,6.96138,9.5784,3.1548,65.0455,0.0501,1.997,0.072,2.069,0.017,2.34,0.046,121.705882352941
2023/12/11,0.954554894,2.254325471,1.055081499,4.866557352,9.7949281,8.491642981,6.771666667,14.06566642,283.3333333,21.73567659,1.59204,8.82825,16.378,2.2984,59.7473,0.0445333333333333,1.889,0.059,1.948,0.014,2.443,0.048,139.142857142857
2023/12/12,2.016681246,2.851469648,1.691506832,6.099258938,13.82965398,9.228779564,6.85,14.56631929,286.6666667,21.55070951,1.23469,7.58859,16.7501,0.8066,60.00837,0.0389666666666667,1.899,0.05,1.949,0.005,2.389,0.056,389.8
2023/12/13,1.832406584,2.63184394,1.357441389,5.332079939,12.24963901,8.747709197,6.98,15.0343427,311.6666667,21.28019027,1.0512,10.03598,17.5225,1.6489,65.30666,0.0334,1.984,0.159,2.143,0.019,2.551,0.047,112.789473684211
2023/12/14,1.390164731,2.930670942,0.809113588,6.781068257,12.86790118,8.857666784,6.928333333,16.20194869,300,21.60159789,1.03427,12.32314,20.5142,5.0641,69.05109,0.0278333333333333,2.003,0.119,2.122,0.025,1.817,0.044,84.88
2023/12/15,2.149530631,4.081217952,0.470075027,6.163148882,18.71433125,9.395257297,6.876666667,16.35180797,293.3333333,22.09483506,1.00476,13.28059,22.7836,7.8387,70.49166,0.0222666666666667,2.031,0.125,2.156,0.024,2.437,0.054,89.8333333333333
2023/12/16,1.227963284,2.122142038,0.332582362,5.545229507,9.891631461,8.313551229,6.803333333,17.56624606,283.3333333,21.2067141,1.14854,13.22742,22.6119,7.3964,74.87125,0.0167,1.995,0.089,2.084,0.02,2.572,0.062,104.2
2023/12/17,0.51860764,1.338471749,0.000608891,3.143166549,5.068091618,7.088720299,6.761666667,20.75064526,298.3333333,20.6096405,0.9068,13.95547,18.0371,10.0755,79.40016,0.29715,1.98,0.148,2.128,0.033,2.659,0.064,64.4848484848485
2023/12/18,0.219570233,1.412148162,0.014664718,3.397640538,5.190379129,7.345323396,6.796666667,20.70513764,291.6666667,20.62076006,0.99787,15.91803,23.6622,11.1777,75.69225,0.5776,1.986,0.158,2.144,0.036,2.463,0.062,59.5555555555556
2023/12/19,0.280151904,1.828846871,0.17325237,4.930595445,7.628881958,7.864200162,6.871666667,19.70510211,278.3333333,20.3076404,1.07358,12.93255,17.0745,9.2136,79.43134,0.85805,2.04,0.106,2.146,0.029,2.336,0.057,74
2023/12/20,0.203703,1.445009262,0.022111498,3.681636688,5.576182759,7.518122597,6.838333333,19.38781666,260,19.52940341,1.4506,13.74254,18.768,9.4508,76.81084,1.1385,2.055,0.153,2.207,0.044,2.388,0.053,50.1590909090909
2023/12/21,0.061779264,1.319161842,0.010281642,3.025050889,4.480841879,7.301977107,6.865,20.58715932,255,19.04388604,1.92913,9.36432,14.6738,3.124,69.29337,0.977385714285714,1.955,0.167,2.122,0.03,2.348,0.05,70.7333333333333
2023/12/22,0.047017781,1.623792645,0.197149522,3.599394467,5.445130144,7.501805273,6.906666667,20.7806463,235,18.55266212,1.2269,8.73442,17.385,3.6276,72.84212,0.816271428571429,1.953,0.171,2.124,0.032,2.353,0.046,66.375
2023/12/23,0.032256299,1.57484196,0.188887045,3.511006228,5.236866427,7.568667341,6.906666667,20.86938002,240,17.97368797,1.03127,11.43081,19.7131,5.0996,72.19934,0.655157142857143,1.934,0.124,2.058,0.031,2.317,0.047,66.3870967741935
2023/12/24,0.017494816,1.513606221,0.179019448,3.36125187,4.943385294,7.842641259,6.95,20.1187151,271.6666667,17.99541115,0.89128,13.97039,21.6806,6.993,72.33546,0.494042857142857,1.918,0.166,2.084,0.031,2.364,0.043,67.2258064516129
2023/12/25,0.002733333,1.745020644,0.240548415,4.143041055,5.998968529,8.150714111,7.021666667,21.12540165,276.6666667,17.35734547,1.70517,14.0764,19.1826,10.2485,70.21966,0.332928571428571,1.9605,0.1475,2.1075,0.0295,2.459,0.047,71.4406779661017
2023/12/26,0.001969862,3.017766959,0.741037898,8.369390552,12.21274438,9.18655479,7.116666667,20.09882657,286.6666667,16.92378931,1.29563,13.92334,18.9835,9.4221,69.00621,0.171814285714286,2.003,0.129,2.131,0.028,2.513,0.047,76.1071428571428
2023/12/27,1.632065063,3.659146022,1.154385237,7.794154575,18.57161608,10.48863387,7.345,15.37202942,306.6666667,17.08584733,1.05546,13.36772,16.0247,11.4624,80.68575,0.0107,2.049,0.119,2.168,0.028,2.539,0.064,77.4285714285714
2023/12/28,2.688999523,2.284694856,0.3860073,7.218918598,13.44922229,10.72758234,7.31,10.59729908,293.3333333,17.25611028,1.51142,11.69427,18.417,4.4128,65.81121,0.0122,2.085,0.078,2.163,0.025,2.524,0.056,86.52
2023/12/29,2.209003213,1.67348315,0.177132781,4.318470889,8.774424474,10.53761327,7.483333333,9.707138295,301.6666667,17.28539692,1.24835,10.7599,19.162,3.5744,65.021,0.0137,2.086,0.111,2.197,0.027,2.302,0.044,81.3703703703704
2023/12/30,2.167857058,1.601700011,0.121214558,3.583658094,7.872769567,10.5571008,7.126666667,9.308783504,288.3333333,17.42363834,1.02585,12.28539,21.9092,6.0069,61.04105,0.0152,2.041,0.098,2.139,0.018,2.465,0.045,118.833333333333
2023/12/31,2.887476415,2.125603562,0.387493555,4.36881986,10.61305803,11.31657215,7.431666667,9.830202566,286.6666667,18.2372325,0.97751999999999994,12.39039,22.5378,5.3415,62.3613,0.0167,1.959,0.108,2.067,0.018,2.349,0.056,114.833333333333
2024/1/1,1.952409318,1.65338201,0.576081846,2.7345669,7.54652874,9.449664517,7.27,11.49362893,280,17.37165941,0.84619,12.76416,22.6166,5.3188,64.69896,0.642788888888889,1.878,0.108,1.987,0.02,2.298,0.047,99.35
2024/1/2,1.778524254,1.847751012,0.890263606,2.723666788,8.032323461,9.824000232,7.313333333,12.23877269,278.3333333,17.46136806,1.50376,14.63576,23.5599,6.7177,65.055,1.26887777777778,1.978,0.046,2.024,0.005,2.43,0.06,404.8
2024/1/3,1.756904807,1.493828841,0.51549589,2.69269888,6.944092147,9.619304494,7.223333333,14.24280143,286.6666667,17.60100879,1.06603,13.75221,20.784,8.7982,69.87871,1.89496666666667,1.45,0.092,1.542,0.011,2.354,0.048,140.181818181818
2024/1/4,2.742067092,2.052605737,0.459930224,4.530367628,10.62876245,10.55440072,7.373333333,13.22682456,283.3333333,17.82816615,1.04797,14.85353,23.0936,8.8016,68.72241,2.52105555555556,1.862,0.118,1.98,0.016,2.345,0.042,123.75
2024/1/5,4.060959528,1.900819404,0.015242139,5.606793632,12.01179808,10.90147417,7.475,13.17630966,278.3333333,18.0223205,1.19013,16.09615,25.4859,9.1442,66.27859,3.14714444444444,1.954,0.099,2.053,0.023,2.669,0.041,89.2608695652174
2024/1/6,3.86727944,1.143570577,0.002606137,4.140266649,8.88549067,10.173042,7.523333333,12.77914701,208.3333333,18.13574886,1.38151,17.8158,25.5595,9.7668,61.4618,3.77323333333333,1.916,0.11,2.026,0.016,2.318,0.049,126.625
2024/1/7,3.422297075,1.075567555,0.000244565,3.741069833,7.747762159,9.500121607,7.290666667,13.1179131,238.3333333,18.13725527,1.85201,16.64184,23.425,12.2726,60.4833,4.39932222222222,1.925,0.079,2.004,0.025,2.166,0.035,80.16
2024/1/8,2.105500419,0.867430675,0.014734213,2.332055894,5.062738763,8.794834759,7.058,14.29031583,268.3333333,18.15038426,1.76356,12.69391,15.9258,10.3333,66.76016,5.02541111111111,1.886,0.1,1.985,0.019,2.362,0.04,104.473684210526
2024/1/9,1.730883532,0.927594158,0.002645575,2.281494154,4.827928667,8.614841431,7.018,14.60614749,280,18.2259278,2.69665,6.42291,9.9043,3.1313,82.788,5.6515,1.927,0.09,2.017,0.016,2.43,0.048,126.0625
2024/1/10,2.076100839,1.251595859,0.001543485,3.615847922,6.962097118,9.255201566,7.101666667,13.91105904,266.6666667,18.52286335,2.179545,2.80418,5.9826,-0.823,63.76421,2.85915,1.263,0.064,1.327,0.005,2.359,0.035,265.4
2024/1/11,1.785481713,1.100473093,0.033220371,3.03361224,5.954743283,8.471614963,6.985,15.09949983,270,18.17866956,1.66244,5.15511,8.1398,-1.3107,58.93309,0.0668,1.954,0.01,1.964,0.001,2.393,0.035,1964
2024/1/12,1.656727232,0.962299532,0.002083806,2.442856099,5.066952779,8.17218556,7.01,16.83583294,256,18.218592,1.61744,8.06638,11.5665,4.4441,58.68134,0.0107,1.954,0.065,2.019,0.012,2.588,0.038,168.25
2024/1/13,1.108592545,0.993205683,0.001704524,2.086949468,4.25415614,7.848906382,6.94,17.72446409,270,18.32578809,0.97898,10.63679,14.494,6.7323,62.90237,0.2612,2.067,0.068,2.136,0.007,2.393,0.043,305.142857142857
2024/1/14,0.768129875,1.008745066,0.000991151,1.931719362,3.6994375,7.506645815,6.871666667,18.36776554,270,18.2617574,1.30307,9.86219,12.8459,7.4645,74.73066,0.8204,1.833,0.133,1.967,0.015,2.514,0.041,131.133333333333
2024/1/15,0.756476585,1.073678183,0.000277778,2.244057853,4.103498381,7.453357924,6.898333333,18.89184959,258.3333333,18.18219812,1.11626,10.82488,13.3957,7.4812,76.14305,0.5266,2.124,0.12,2.244,0.011,2.408,0.041,204
2024/1/16,0.799657058,1.134668902,0.001657318,2.561793066,4.549006151,7.305680387,6.818333333,19.60282496,275,18.29230124,1.10331,10.95924,11.972,9.6238,87.66296,4.1579,2.183,0.13,2.313,0.013,2.412,0.041,177.923076923077
2024/1/17,0.815876682,1.078850117,0.000967548,2.351721567,4.231457434,7.228281764,6.761666667,18.43299113,265,18.37122634,0.88814,15.24731,20.3146,11.0274,83.46596,0.1383,2.165,0.1,2.265,0.011,2.759,0.058,205.909090909091
2024/1/18,0.811046122,1.042041429,0.000277778,2.116141035,3.989986192,7.423248862,6.776666667,16.66438613,261.6666667,18.89710855,1.27303,18.82729,23.7363,14.2991,76.52466,0.0167,2.194,0.121,2.315,0.011,2.605,0.06,210.454545454545
2024/1/19,0.807200945,1.075259327,0.002976376,2.067992907,4.112891513,7.428321693,6.795,15.36761814,255,18.59976767,0.89188,19.66509,23.8506,16.2238,78.00221,0.0167,2.221,0.125,2.346,0.009,2.483,0.055,260.666666666667
2024/1/20,0.931338178,1.155235991,0.010280585,2.295398722,4.614484591,7.830806059,6.721666667,15.34006274,276.6666667,18.92681704,2.23942,18.50617,22.805,15.8684,76.50571,0.0167,2.236,0.096,2.332,0.007,2.877,0.06,333.142857142857
2024/1/21,1.11391081,1.570657963,0.137627721,3.402951871,6.770872583,7.89953579,6.75,15.3789479,293.3333333,18.58598474,1.69857,19.08411,25.1446,14.7453,71.50562,5.8174,2.195,0.155,2.349,0.02,2.358,0.044,117.45
2024/1/22,1.222364678,1.287612671,0.09545997,2.787296336,5.452988427,7.509366353,6.775,15.97153325,291.6666667,18.1885302,1.65988,14.83903,18.7497,12.5547,84.748,11.6181,2.128,0.117,2.245,0.008,2.339,0.05,280.625
2024/1/23,0.645186993,1.131786814,0.053292219,2.017436909,3.858880941,6.797639905,6.816666667,17.90984295,296.6666667,17.56184304,1.3169,16.18805,22.4475,11.7471,68.79366,6.5706,2.442,0.105,2.547,0.014,2.688,0.046,181.928571428571
2024/1/24,0.32099489,1.108301811,0.011124468,1.756981208,3.364633211,6.893279288,6.873333333,17.68765106,313.3333333,17.24185958,2.74293,16.05516,20.9307,11.3092,71.45646,1.5231,2.265,0.28,2.545,0.015,2.673,0.056,169.666666666667
2024/1/25,0.26721587,1.124164566,0.054736855,1.792345351,3.466405588,6.760172004,6.881666667,16.60098328,323.3333333,17.09623726,1.29823,10.16615,11.6166,8.3843,90.17346,3.00305,2.141,0.114,2.255,0.016,2.691,0.059,140.9375
2024/1/26,0.160453339,1.308490535,0.237609023,1.233931348,3.012829146,6.227480389,6.858333333,17.24792707,340,16.94439717,1.38659,8.49915,9.9377,7.3181,87.67909,4.483,2.402,0.189,2.591,0.021,2.899,0.059,123.380952380952
2024/1/27,5.95e-05,1.545985487,0.428106828,0.983709684,3.068038419,6.053690836,6.818333333,15.95335206,338.3333333,16.77870723,1.71267,8.20273,11.7682,4.9305,76.38359,0.1336,2.365,0.211,2.575,0.019,2.99,0.056,135.526315789474
2024/1/28,8.01e-06,1.609126271,0.474166792,1.14494858,3.370530541,5.807498418,6.8,16.64826053,345,16.3379135,1.2564,9.03237,18.4324,3.2054,68.62191,0.07515,2.364,0.18,2.544,0.025,2.61,0.066,101.76
2024/1/29,1.63e-05,1.471043658,0.298263306,0.914017678,2.828361093,5.668004184,6.791666667,17.85972899,336.6666667,16.03976328,1.20459,10.08314,20.9176,3.3142,61.85587,0.0167,2.395,0.224,2.619,0.025,2.643,0.059,104.76
2024/1/30,8.68e-05,1.648230443,0.45146053,1.157083739,3.426972422,6.075245375,6.811666667,16.41978299,328.3333333,16.41408986,1.34685,11.56291,20.8743,3.0238,57.243,0.08898,1.992,0.122,2.114,0.019,3.191,0.063,111.263157894737
2024/1/31,0.012285394,1.801928221,0.614485498,1.307327892,3.982187852,6.232749848,6.775,14.21527213,325,16.60548766,1.06872,13.66767,22.4843,4.8136,65.45671,0.16126,2.524,0.177,2.701,0.017,2.703,0.052,158.882352941176
2024/2/1,0.200154688,2.055398632,0.816913649,1.825115013,5.247808142,7.118605188,6.756666667,13.02068045,338.3333333,17.28068002,1.22398,16.57952,24.987,8.4561,70.06721,0.23354,2.546,0.264,2.81,0.023,2.912,0.071,122.173913043478
2024/2/2,0.382287344,2.053070508,1.03824965,1.684618402,5.757986768,7.231872262,6.821666667,12.24021315,336.6666667,17.0365498,1.07227,17.82992,24.7104,11.3288,70.22091,0.30582,2.527,0.243,2.77,0.024,3.335,0.082,115.416666666667
2024/2/3,1.293093065,2.138109812,1.223669134,1.193880031,6.772127617,7.582660386,6.84,13.30619726,345,17.32531729,1.08604,13.92665,15.0767,12.8493,81.85912,0.3781,2.531,0.139,2.67,0.014,3.261,0.067,190.714285714286
2024/2/4,1.765237604,2.153785154,1.259350443,1.182785594,7.452941085,7.553433826,6.913333333,12.70542489,325,17.1924585,1.11101,16.39848,21.0353,12.9529,71.67062,0.0668,2.543,0.227,2.77,0.027,2.877,0.076,102.592592592593
2024/2/5,1.244095901,2.325700019,1.5961842,1.559631698,7.643820702,7.534138347,6.89,11.71479215,340,17.69834867,1.85431,19.55261,25.9128,14.6412,68.69262,0.1035625,2.546,0.185,2.731,0.025,2.825,0.069,109.24
2024/2/6,0.480033186,1.993169204,1.277649773,1.257463361,5.630976542,7.080323733,6.913333333,11.68107195,328.3333333,17.81952657,1.48771,19.77258,26.3024,15.018,73.70434,0.140325,2.673,0.121,2.793,0.011,2.864,0.068,253.909090909091
2024/2/7,0.312918603,1.878784311,1.106636893,1.177543026,4.985093467,6.720684126,6.871666667,11.83209387,335,17.2966683,1.79773,21.54845,26.5683,15.197,67.56841,0.1770875,2.253,0.132,2.385,0.02,2.569,0.075,119.25
2024/2/8,0.029684302,1.958513596,0.846775538,1.47182057,4.676773617,6.399276034,6.883333333,14.40880552,321.6666667,17.14130728,1.96894,23.04856,29.4209,17.2005,64.4098,0.21385,2.279,0.191,2.469,0.017,2.473,0.065,145.235294117647
2024/2/9,7.21e-05,1.975202635,0.84868199,1.394096173,4.267265871,6.801449434,6.93,13.74320351,323.3333333,17.10393037,2.32089,20.09873,27.682,13.7219,65.5038,0.2506125,2.658,0.273,2.931,0.019,2.978,0.063,154.263157894737
2024/2/10,0.000217014,1.83439099,0.778222633,1.09069188,3.64309442,7.210580028,6.978333333,13.15655064,333.3333333,17.28856284,1.74581,13.25933,15.7304,11.0929,72.44459,0.287375,2.77,0.218,2.988,0.015,3.073,0.077,199.2
2024/2/11,0.001314103,1.746317708,0.755924124,0.982911663,3.39546462,7.080069063,6.97,12.92823443,331.6666667,17.30089031,1.64966,13.23748,18.1289,9.4158,67.01059,0.3241375,2.719,0.287,3.006,0.031,3.337,0.078,96.9677419354839
2024/2/12,0.050063942,1.675162822,0.757937179,0.87566687,3.302892046,7.188638406,6.948333333,12.49361165,316.6666667,17.40307735,1.52692,9.52972,11.4368,8.3971,79.00359,0.3609,2.647,0.144,2.792,0.025,2.816,0.069,111.68
2024/2/13,0.098813781,2.097584245,1.029707604,1.714997542,5.343432742,7.755730462,6.91,12.33809656,321.6666667,17.5976518,1.33438,10.56957,13.5687,8.4245,79.52746,0.6333,2.451,0.117,2.568,0.033,2.616,0.056,77.8181818181818
2024/2/14,0.489157985,2.5386207,1.238283773,2.644743637,7.702233602,8.880509341,6.943333333,12.35004964,298.3333333,18.12447563,1.14501,11.1169,12.8639,8.4245,74.87616,3.63413333333333,2.556,0.199,2.754,0.04,2.784,0.078,68.85
2024/2/15,1.392411515,2.719117334,1.458702603,2.539645589,9.267611764,10.00168658,6.915,11.97874245,290,18.84796903,1.10871,16.19917,21.3393,10.4335,67.2613,6.63496666666667,2.385,0.101,2.486,0.028,2.586,0.089,88.7857142857143
2024/2/16,0.889395974,3.172002756,1.944663213,3.692853807,11.48124354,7.995842878,6.928333333,12.33259685,270,17.84732873,1.52921,10.8076,17.4998,6.9186,83.38525,9.6358,2.38,0.223,2.604,0.049,2.766,0.078,53.1428571428571
2024/2/17,1.913779827,2.292115008,1.532679892,1.941838892,8.599116566,8.639459673,7.038333333,11.1367485,268.3333333,18.47352872,1.76403,6.4206,7.4658,5.8036,83.51175,3.7639,2.299,0.102,2.401,0.021,2.467,0.078,114.333333333333
2024/2/18,2.35075782,2.891404723,1.810066257,2.518873674,10.92798897,9.177178268,7.086666667,11.94184763,256.6666667,18.91908228,1.18269,16.194,20.1011,11.4076,74.7005,0.1503,2.268,0.275,2.544,0.043,2.676,0.07,59.1627906976744
2024/2/19,3.310092837,2.191184591,1.793109659,1.081189881,9.22956609,8.991610316,6.943333333,11.52401803,248.3333333,19.14281448,1.30664,19.79402,24.1201,15.1036,78.64112,2.0789,2.244,0.234,2.478,0.043,2.672,0.072,57.6279069767442
2024/2/20,4.029288385,1.841087719,2.011193932,0.223548488,8.450979739,9.899705687,7.246666667,11.36692513,255,20.36242023,1.75042,16.52211,23.9343,11.6748,72.77175,1.6035,2.105,0.091,2.195,0.021,2.519,0.084,104.52380952381
2024/2/21,3.137945651,1.735957035,2.303243311,0.173246764,7.389644792,9.336521692,7.5,11.46634531,248.3333333,21.14154767,1.41917,13.39164,16.8571,9.9351,74.37571,0.0167,2.237,0.153,2.391,0.03,2.865,0.076,79.7
2024/2/22,3.252214196,1.96115716,2.566481963,0.219262719,8.397836335,8.946357204,7.466666667,12.01926973,231.6666667,20.77980858,1.63885,14.15398,20.4821,9.6212,58.14391,3.54625,2.281,0.126,2.406,0.035,2.876,0.094,68.7428571428571
2024/2/23,1.612881054,1.734124933,1.74985084,0.53175646,5.93587127,7.758178157,7.038333333,12.37015066,215,19.91685744,1.10632,9.70683,10.7983,8.5375,84.69362,7.0758,2.514,0.095,2.609,0.033,2.791,0.088,79.0606060606061
2024/2/24,1.445876464,1.874423866,1.32229587,1.300436232,6.291924627,8.085693539,7.056666667,13.14267062,203.3333333,20.26395738,0.9771,11.29799,14.4577,9.0599,82.07105,4.9253,2.437,0.087,2.524,0.025,2.822,0.107,100.96
2024/2/25,1.061258862,1.693792786,0.711334777,1.525055771,5.27729496,7.607392035,7.026666667,14.72695109,220,19.92578769,0.89921,11.89691,14.1574,9.4808,88.45491,18.4946,2.45,0.152,2.602,0.026,2.813,0.103,100.076923076923
2024/2/26,0.575166675,1.491623586,0.301403738,1.303539641,3.955652439,7.114990909,6.946666667,16.19525846,226.6666667,19.6076964,1.37038,13.64888,23.5025,6.3516,65.10262,9.5932,2.353,0.156,2.508,0.038,2.683,0.097,66
2024/2/27,0.395009615,1.428201923,0.227096154,1.205586538,3.548846154,6.914480769,6.89,17.365625,226.6666667,19.30791346,1.12132,12.27447,16.509,6.9609,73.15959,0.6918,2.183,0.061,2.244,0.014,2.733,0.109,160.285714285714
2024/2/28,0.149539807,1.433365176,0.065086728,1.319318662,3.285374851,6.560400219,6.831666667,18.57759657,233.3333333,19.27880595,0.85247,12.15766,13.4771,10.8951,87.41125,10.8302,2.146,0.088,2.234,0.017,2.313,0.067,131.411764705882
2024/2/29,0.39577833,1.569030185,0.20588358,1.118744942,3.648696059,6.802543845,6.838333333,17.52523236,226.6666667,19.39292679,0.75733,14.80502,16.39,12.0589,85.75437,12.0758,2.219,0.066,2.285,0.022,2.319,0.083,103.863636363636
2024/3/1,0.550634571,1.727783799,0.39384118,1.149756588,4.219176287,6.517856096,6.816666667,16.11284065,235,18.6559029,0.65538,16.56001,17.9807,14.5141,90.3938,7.0072,2.189,0.095,2.284,0.025,2.78,0.076,91.36
2024/3/2,0.214741907,1.807443623,0.58176018,1.005932407,4.068282361,6.558578903,6.86,14.35579392,240,18.32475888,1.32973,21.12673,27.7107,16.2859,75.571,4.9102,2.127,0.091,2.217,0.029,2.263,0.061,76.448275862069
2024/3/3,0.141508597,1.590233377,0.506197707,0.609489035,3.135535745,6.861732619,6.911666667,14.246078,250,18.5679398,1.640325,17.30548,21.577,14.5522,74.77225,2.8132,2.209,0.048,2.257,0.017,2.605,0.062,132.764705882353
2024/3/4,0.200544088,1.467480354,0.529147172,0.42943655,2.859500608,6.726461363,6.856666667,13.00374728,243.3333333,18.41045809,1.95092,14.79946,20.7621,8.8235,61.63546,2.117925,2.191,0.084,2.275,0.026,2.415,0.084,87.5
2024/3/5,0.11314616,1.28644421,0.503663747,0.131015932,2.109785375,6.746541856,6.908333333,12.05929535,250,19.36714678,1.44845,15.72814,23.5466,8.5289,55.06666,1.42265,2.268,0.084,2.352,0.031,2.951,0.077,75.8709677419355
2024/3/6,0.484468681,1.456155424,0.604159753,0.588374641,3.363651912,6.886207643,6.946666667,11.89042896,256.6666667,19.34225209,1.25855,15.27168,19.7987,9.9411,51.12391,0.727375,2.355,0.115,2.469,0.041,2.502,0.087,60.2195121951219
2024/3/7,0.550210723,1.567370968,0.712152306,0.648101134,3.852767416,6.930817971,6.873333333,11.72939295,276.6666667,18.29663662,0.74011,14.85158,16.8169,12.8266,74.32325,0.0321,2.431,0.082,2.513,0.024,2.558,0.071,104.708333333333
2024/3/8,0.981124203,1.484001822,0.596823878,0.644906421,3.981089203,7.596792642,6.963333333,12.55590243,273.3333333,18.77119096,1.74421,20.85053,26.3812,13.569,71.30455,0.133783333333333,2.481,0.129,2.61,0.045,2.682,0.08,58
2024/3/9,0.704045904,1.531922077,0.483916138,0.889906389,3.922235386,7.153326463,6.893333333,14.32893555,270,18.05832756,1.51803,23.4959,28.3307,18.3249,66.04594,0.235466666666667,2.533,0.068,2.601,0.043,2.616,0.072,60.4883720930233
2024/3/10,0.453206439,1.54697822,0.405264988,0.999007943,3.7198078,6.982750358,6.895,14.4828029,255,17.88234114,2.20754,23.34659,30.5531,17.707,65.04109,0.33715,2.509,0.051,2.561,0.026,2.57,0.062,98.5
2024/3/11,0.342027929,1.78641076,0.587968692,1.333289946,4.543466949,6.976937574,6.876666667,13.60364023,250,17.79965511,2.20396,22.93052,30.1672,17.7618,60.19621,0.438833333333333,2.465,0.106,2.571,0.04,2.664,0.071,64.275
2024/3/12,0.322082017,1.701209396,0.549250286,1.304136013,4.275433738,6.710718837,6.818333333,13.68079175,268.3333333,18.55552598,2.08659,20.21394,23.783,17.7558,68.524,0.540516666666667,2.41,0.075,2.485,0.031,2.489,0.071,80.1612903225806
2024/3/13,0.477001993,2.007027732,0.805056256,1.944445032,5.831137901,7.521333437,6.876666667,12.85935996,265,18.32721447,1.50687,20.10684,25.8747,15.2377,73.00391,0.6422,2.397,0.057,2.454,0.038,2.536,0.067,64.5789473684211
2024/3/14,0.654010567,2.290968167,0.956994735,2.660802299,7.389608126,7.721381432,6.831666667,12.25157467,260,18.40345955,1.67154,22.71646,29.608,15.1516,62.50121,3.0507,2.513,0.112,2.624,0.028,2.66,0.081,93.7142857142857
2024/3/15,0.597950607,2.381714633,0.98007101,2.642637994,7.460973558,7.57750495,6.83,11.61846213,255,18.47494942,1.21425,22.3561,28.0653,17.7691,72.69016,21.2228,2.328,0.269,2.597,0.03,2.661,0.096,86.5666666666667
2024/3/16,0.510735805,2.001306777,0.761387821,1.828146805,5.670402333,7.164379353,6.821666667,11.53561184,253.3333333,18.64856785,1.24629,20.06635,25.5929,18.2067,86.71905,15.6066,2.299,0.269,2.568,0.034,2.647,0.08,75.5294117647059
2024/3/17,0.320640578,1.597534967,0.644058367,1.07322378,3.940265271,6.624428715,6.823333333,13.03350368,230,19.45628833,1.75827,19.75369,22.0394,18.4452,83.65955,2.9109,2.18,0.224,2.404,0.031,2.729,0.054,77.5483870967742
2024/3/18,0.302647373,2.063521283,0.897835712,1.764449194,5.608124486,6.985571904,6.853333333,12.20735517,240,19.14481648,2.22464,22.2271,25.8074,18.8635,74.552,4.65965,2.184,0.198,2.382,0.03,2.811,0.046,79.4
2024/3/19,0.317793069,1.776355962,0.642531835,1.459776762,4.585297563,6.993243722,6.875,12.41136364,255,19.39326499,1.51253,23.74995,29.8483,18.804,71.04121,6.4084,2.247,0.203,2.45,0.037,2.666,0.076,66.2162162162162
2024/3/20,0.350464409,1.820784308,0.74986133,1.669350911,4.980144993,7.409493208,6.931666667,11.49608497,275,19.53451157,1.54597,19.72363,22.1464,18.3536,88.13509,8.15715,2.116,0.171,2.287,0.036,2.698,0.067,63.5277777777778
2024/3/21,1.189516075,1.726015751,0.651835049,1.867807546,5.845378228,7.932728923,6.865,11.13807277,273.3333333,19.66738145,1.12229,18.47235,21.9251,15.4441,87.6865,9.9059,2.236,0.18,2.416,0.036,2.446,0.062,67.1111111111111
2024/3/22,2.158725229,2.030727217,0.905349618,2.63989888,8.456621807,8.056783595,6.916666667,11.0260344,260,19.53320578,1.18606,17.17305,18.0997,15.8042,90.40859,13.56345,2.133,0.115,2.247,0.034,2.266,0.06,66.0882352941176
2024/3/23,2.961247794,1.870921925,0.507413892,2.688672067,8.543053759,8.683993875,6.955,10.31926036,236.6666667,20.1623494,0.87426,18.5247,20.1687,17.278,90.29509,17.221,2.008,0.055,2.063,0.018,2.218,0.058,114.611111111111
2024/3/24,3.182789464,1.073711637,0.143535891,1.427794773,5.853370861,8.753190349,7.093333333,10.37401882,236.6666667,21.57351546,1.48642,18.43134,21.9606,16.0735,86.27134,5.5674,2.049,0.185,2.234,0.037,2.563,0.075,60.3783783783784
2024/3/25,5.137431447,1.009142255,0.650817884,1.224091174,8.017591062,9.494174908,7.321666667,10.56690695,250,22.16575451,0.80979,16.58243,18.8512,14.6952,85.02859,2.0471,1.994,0.095,2.089,0.015,2.551,0.066,139.266666666667
2024/3/26,4.901282895,0.930953301,0.866545439,0.721033982,7.292937966,8.916151521,7.158333333,13.31090757,270,22.44002127,1.90064,20.28037,25.4533,14.8622,61.83321,0.0107,2.229,0.105,2.334,0.024,2.985,0.081,97.25
2024/3/27,5.455594307,1.17196877,1.56785791,0.371615823,8.55641841,8.301717505,7.118333333,11.4620181,283.3333333,21.66867257,1.29485,22.52633,27.9356,17.8158,69.64505,4.32105,2.218,0.144,2.363,0.034,2.667,0.055,69.5
2024/3/28,6.202512494,0.69008503,1.164408257,0.127777872,7.735474498,8.789729578,7.045,11.17925135,271.6666667,22.44206017,1.35617,22.61872,29.2072,19.0177,78.21421,8.6314,2.245,0.139,2.384,0.025,2.591,0.058,95.36
2024/3/29,7.211487066,0.837918399,0.194704934,1.448788235,9.372655469,9.142568731,7.256666667,11.43433434,275,23.27918793,1.45888,22.52641,27.0349,19.3945,77.7413,0.0107,2.137,0.073,2.21,0.007,3.058,0.094,315.714285714286
2024/3/30,5.529854796,0.943719101,0.273277732,1.070987095,7.698831996,8.747693078,7.138333333,11.55354372,263.3333333,23.51411946,1.32418,22.96587,27.3198,19.3645,75.41575,0.68155,2.123,0.106,2.23,0.007,2.672,0.051,318.571428571429
2024/3/31,6.847723109,1.741019491,0.410240531,2.790996248,12.04577033,8.903826261,6.768333333,11.66400329,260,24.19925903,1.20773,25.14784,31.2047,19.7293,71.818,1.3524,2.176,0.078,2.254,0.006,2.652,0.043,375.666666666667
2024/4/1,5.04661954,1.43293585,0.176024441,2.552533838,9.291370809,6.747727327,6.806666667,12.98501118,241.6666667,23.80132931,1.95834,25.2938,30.8629,20.8383,71.71775,2.02325,2.194,0.17,2.364,0.011,2.729,0.05,214.909090909091
2024/4/2,1.512942103,1.130193323,0.049361906,1.419310633,4.237584755,5.222957695,6.723333333,12.07272969,220,23.44943909,1.67286,23.44865,28.5063,19.5122,70.52837,2.6941,2.202,0.122,2.324,0.032,2.573,0.062,72.625
2024/4/3,1.229074793,0.963328583,0.005734062,1.118516234,3.278644866,4.910980862,6.721666667,12.46138863,216.6666667,24.05438524,1.61737,21.49929,28.9152,18.0958,80.09946,3.36495,2.21,0.248,2.457,0.037,2.565,0.06,66.4054054054054
2024/4/4,1.244942279,1.092728276,0.020346461,1.12948709,3.596787585,4.844553042,6.645,13.6509763,223.3333333,23.88020915,1.40097,19.56229,22.8564,18.2114,84.92505,4.0358,2.229,0.23,2.46,0.041,2.765,0.071,60
2024/4/5,1.260301915,1.115558816,0.010303819,1.450102761,3.294153676,5.517961427,6.713333333,32.12265307,243.3333333,22.79629417,1.3582,19.60192,23.8459,17.9207,87.54221,23.7879,2.311,0.288,2.598,0.048,2.771,0.075,54.125
2024/4/6,1.499886248,1.889978384,0.009572482,2.086894671,4.157676915,6.267277418,6.765,38.38599746,300,22.29597747,1.13742,21.07917,25.4113,18.1592,83.82125,8.1888,2.304,0.16,2.464,0.043,2.716,0.112,57.3023255813954
2024/4/7,2.280100991,4.093897948,0.008841146,1.696559708,6.906763049,6.083351845,6.793333333,44.64934185,246.6666667,21.4172641,1.16015,21.8109,25.756,19.1881,82.65021,9.5658,2.204,0.29,2.494,0.012,2.66,0.08,207.833333333333
2024/4/8,2.751450105,3.287739284,0.008109809,1.165896563,8.892288919,6.881921834,6.628333333,50.91268623,173.3333333,20.81792058,1.18995,21.91005,27.4255,19.4647,84.9688,21.0513,2.342,0.277,2.619,0.029,2.675,0.06,90.3103448275862
2024/4/9,1.704724143,2.481580619,0.007378472,2.104707477,4.85715441,6.901968122,6.605,57.17603062,166.6666667,20.42772173,1.95805,20.45952,26.0861,16.783,80.68812,22.5949,2.587,0.118,2.705,0.024,3.248,0.131,112.708333333333
2024/4/10,1.309459635,1.60500652,0.006647135,1.947406416,3.570492399,6.812752119,6.593333333,63.43937501,166.6666667,20.94039201,1.04043,17.97605,18.4632,17.3983,91.13009,12.79995,2.697,0.017,2.714,0.026,2.99,0.095,104.384615384615
2024/4/11,1.077618101,1.230445543,0.005915799,1.750102186,2.942555501,6.673206616,6.585,51.41633652,170,21.93699191,1.36304,21.91061,27.5933,18.3129,79.81471,3.005,2.344,0.238,2.582,0.051,2.807,0.073,50.6274509803922
2024/4/12,0.965231885,0.974459047,0.005184462,1.466768346,2.496487353,6.300057091,6.585,41.2052938,156.6666667,22.59458173,1.44391,21.43117,27.5424,19.1787,83.67471,18.7097,2.054,0.138,2.192,0.036,2.441,0.083,60.8888888888889
2024/4/13,1.045716653,0.963596162,0.004453125,1.395354526,2.631294702,6.149388807,6.52,38.76982513,160,23.00921176,1.68736,22.65674,27.9813,18.7839,76.15134,3.3842,2.091,0.146,2.237,0.045,2.283,0.075,49.7111111111111
2024/4/14,0.978061723,0.882094278,0.003721788,1.244988511,2.341438566,6.132398306,6.51,36.17920177,153.3333333,23.22735608,1.31768,24.1632,30.5398,19.6878,77.07205,10.1839,2.104,0.104,2.208,0.046,2.355,0.061,48
2024/4/15,1.139462189,0.783743964,0.002990452,0.997619723,2.464147267,6.197472066,6.515,28.76176318,155,24.05473014,1.1959,19.44457,22.2093,18.0389,90.20109,9.0056,2.017,0.109,2.125,0.036,2.169,0.068,59.0277777777778
2024/4/16,1.495170774,0.821562908,0.002259115,1.077218756,3.01932855,6.351062432,6.493333333,28.11939373,155,24.66722475,0.9474,19.48872,21.5256,18.0817,87.454,7.8273,1.945,0.114,2.059,0.035,2.26,0.07,58.8285714285714
2024/4/17,1.471100797,0.905298722,0.001527778,1.276810844,3.402954811,6.550778548,6.466666667,26.94974043,128.3333333,24.81695708,1.10271,19.99698,21.9765,18.1412,83.48296,0.2526,2.072,0.117,2.189,0.038,2.21,0.077,57.6052631578947
2024/4/18,1.505858215,1.003071261,0.00146115627272727,1.602373412,3.895431479,6.360540579,6.32,27.46898602,150,25.05494174,1.98994,22.20756,26.2171,19.1847,72.05171,0.0668,2.028,0.084,2.112,0.033,2.232,0.082,64
2024/4/19,1.010543828,0.818896847,0.00139453454545455,1.444665292,2.722501344,5.775339926,6.5,29.94924964,160,24.42684347,1.8068,20.98692,24.0056,19.2288,80.68975,15.984,2.058,0.149,2.207,0.048,2.248,0.071,45.9791666666667
2024/4/20,0.767091099,0.675089663,0.00132791281818182,1.224443948,2.121669627,5.59191747,6.545,26.9490133,160,24.32177713,1.47939,23.33438,29.3087,19.1106,73.76646,0.0441,2.05,0.078,2.127,0.032,2.451,0.084,66.46875
2024/4/21,0.79423991,0.777967039,0.00126129109090909,1.384297312,2.272615693,5.693004014,6.555,32.63202918,170,24.50786249,1.35083,24.2427,31.5823,19.1641,65.4705,0.09695,2.064,0.199,2.263,0.051,2.309,0.082,44.3725490196078
2024/4/22,0.927653473,0.867377959,0.00119466936363636,1.649399504,2.533572768,5.397383204,6.545,39.36101457,166.6666667,24.71833203,0.98271,22.18521,26.3541,19.1967,78.85221,0.1498,2.083,0.351,2.434,0.056,2.548,0.089,43.4642857142857
2024/4/23,1.108189254,1.128574493,0.00112804763636364,1.930069921,3.027595997,5.346938554,6.476666667,51.18193714,170,24.42148045,2.39943,23.9143,29.5253,19.126,60.18021,0.0856,2.026,0.115,2.141,0.044,2.396,0.097,48.6590909090909
2024/4/24,1.345583,1.415908491,0.00106142590909091,2.026697248,3.561843674,5.445573347,6.561666667,59.36897268,160,23.91335006,1.40303,20.57257,24.737,16.4777,67.54025,0.0214,2.103,0.216,2.319,0.067,2.45,0.098,34.6119402985075
2024/4/25,1.615950076,1.928715568,0.000994804181818182,2.1252783,4.339951849,5.759805205,6.543333333,59.5135206283333,173.3333333,22.89554639,0.81151,20.86548,24.5695,17.099,71.422,0.323133333333333,2.025,0.087,2.112,0.039,2.472,0.101,54.1538461538462
2024/4/26,2.359696217,4.454573617,0.000928182454545454,1.652114712,7.308938895,6.890991568,6.61,59.6580685766667,166.6666667,22.50108411,1.3455,24.1982,29.2552,17.5794,68.34671,0.624866666666667,1.926,0.163,2.089,0.05,2.587,0.128,41.78
2024/4/27,2.067948693,3.60556344,0.000861560727272727,1.911344645,6.268921042,7.016283653,6.538333333,59.80261653,146.6666667,22.44291994,0.99584,23.05514,26.0519,20.6992,81.6085,0.9266,2.249,0.262,2.511,0.073,2.632,0.142,34.3972602739726
2024/4/28,1.494364057,2.047733404,0.000794939,2.108887799,4.262017299,7.002801212,6.6,59.9471644733333,138.3333333,22.74631373,1.23363,18.32285,21.0288,14.2292,86.38275,5.8774,2.244,0.217,2.462,0.061,2.767,0.143,40.3606557377049
2024/4/29,1.298387276,2.479907816,0.000728317272727273,2.250959525,4.881584129,6.769533954,6.483333333,60.0917124216667,128.3333333,23.35010087,1.44862,20.66462,28.6814,13.5896,56.69387,0.0668,2.011,0.137,2.148,0.046,2.467,0.115,46.695652173913
2024/4/30,0.891328382,2.495283764,0.000661695545454545,2.098898644,4.672966162,7.036558575,6.323333333,60.23626037,150,23.4100628,1.44511,22.09815,30.7718,14.5496,55.89021,3.22598,2.233,0.106,2.339,0.042,2.502,0.101,55.6904761904762
2024/5/1,1.019382687,2.754180609,0.000595073818181818,2.113350803,5.066532324,7.265909528,6.456666667,65.30875901,160,23.06620066,1.90135,22.23118,29.6589,16.151,53.27605,6.38516,1.982,0.23,2.212,0.043,2.439,0.105,51.4418604651163
2024/5/2,1.179342432,3.032096524,0.000528452090909091,2.255656143,5.535730363,7.490061568,6.443333333,58.84797529,153.3333333,22.6582302,1.24509,23.17505,29.8452,17.0442,58.87625,9.54434,1.863,0.135,1.998,0.051,2.256,0.119,39.1764705882353
2024/5/3,0.711164716,2.249328155,0.000461830363636364,1.819338263,4.163878819,7.666113271,6.441666667,52.38719157,143.3333333,22.87706563,1.15754,23.71393,30.4096,19.2763,63.19634,12.70352,1.905,0.115,2.02,0.033,2.303,0.106,61.2121212121212
2024/5/4,0.550575668,2.044728388,0.000395208636363636,1.793039168,3.865966026,7.538422271,6.433333333,47.29781628,153.3333333,23.06215709,1.10351,20.19665,25.6537,17.5118,80.35287,15.8627,1.705,0.076,1.781,0.034,2.29,0.097,52.3823529411765
2024/5/5,0.53593995,1.997898777,0.000328586909090909,1.754390933,3.7976725,7.377517546,6.4,46.15299274,128.3333333,23.10531734,0.63394,19.39541,20.0565,17.9695,90.72975,14.5321,1.968,0.107,2.075,0.051,2.235,0.109,40.6862745098039
2024/5/6,0.453213994,1.881263503,0.000261965181818182,1.633320385,3.660672568,6.912716504,6.385,40.21730185,123.3333333,24.32239676,0.92492,21.09542,23.8579,19.6497,89.13071,13.2015,1.74,0.086,1.826,0.04,2.276,0.092,45.65
2024/5/7,0.316746758,1.749187843,0.000195343454545455,1.450976968,3.313559642,7.109427328,6.355,35.98535773,116.6666667,24.12260285,0.73059,20.79166,22.68,19.9109,90.262,11.8709,1.896,0.114,2.01,0.061,2.214,0.094,32.9508196721311
2024/5/8,0.226002082,1.717738502,0.000128721727272727,1.38781674,3.257549268,6.994883671,6.345,32.74712997,126.6666667,24.71942634,0.84305,20.98116,22.0248,20.0766,90.73746,10.5403,1.859,0.126,1.985,0.061,2.224,0.088,32.5409836065574
2024/5/9,0.086921065,1.638877079,6.21e-05,1.180639646,3.054986114,6.880668106,6.425,26.9221409,130,24.86207057,1.01243,22.38343,25.9217,20.1408,85.57216,2.6436,1.583,0.08,1.662,0.026,2.278,0.08,63.9230769230769
2024/5/10,0.055382908,1.572925401,0.057263931,1.006617158,2.959921056,6.668383258,6.421666667,22.13125551,140,25.30287748,1.34173,22.18718,24.802,20.1575,86.42996,11.3418,1.786,0.134,1.921,0.048,2.045,0.073,40.0208333333333
2024/5/11,0.114030903,1.578445311,0.060519125,1.074211089,3.159079699,6.5391232,6.44,20.76720217,143.3333333,25.69545041,1.32535,23.68003,28.7772,20.873,82.88896,2.092,1.63,0.077,1.708,0.028,2.171,0.073,61
2024/5/12,0.130827975,1.569784927,0.113954987,1.10663027,3.273015432,6.3171484,6.405,18.88963434,153.3333333,25.79435647,0.93522,22.24808,24.4565,20.5463,89.37866,1.25475,1.83,0.184,2.015,0.048,2.303,0.067,41.9791666666667
2024/5/13,0.036918049,1.559795448,0.049691378,1.115431767,3.039750723,6.396845438,6.43,20.42260543,146.6666667,24.93351123,2.18153,24.33601,29.8674,19.4929,67.90246,0.4175,1.774,0.111,1.885,0.036,2.228,0.078,52.3611111111111
2024/5/14,0.081748142,1.599033123,0.066797335,1.171091287,3.203810269,6.725851759,6.463333333,19.9498203,136.6666667,25.08299259,1.82456,23.54794,29.9355,18.5702,55.46575,0.0167,1.568,0.063,1.631,0.018,2.103,0.073,90.6111111111111
2024/5/15,0.189500026,1.649020207,0.20426833,1.271812556,3.671079671,6.784877898,6.485,17.82312698,153.3333333,25.20111534,1.10496,22.57208,25.0867,19.8175,77.25825,1.8378,1.742,0.15,1.892,0.048,2.001,0.074,39.4166666666667
2024/5/16,0.569745192,1.931542411,0.297535481,2.003134495,5.293270906,7.380391548,6.533333333,17.81992249,161.6666667,25.31956123,1.35084,25.1761,29.6534,22.0488,80.48959,3.3911,1.666,0.164,1.83,0.038,1.898,0.067,48.1578947368421
2024/5/17,1.142553242,2.637773642,0.669597549,3.153996073,8.429825278,7.952573091,6.586666667,16.80918788,146.6666667,25.53849711,1.51403,24.74651,29.4389,21.3727,83.49759,18.7887,1.555,0.078,1.634,0.022,2.107,0.078,74.2727272727273
2024/5/18,2.004221508,3.139055519,1.265965587,3.731602192,11.12373807,8.377587557,6.506666667,15.59602412,131.6666667,26.01857156,1.88545,21.21199,25.345,19.0211,87.35441,9.6216,1.657,0.23,1.887,0.043,2.165,0.074,43.8837209302326
2024/5/19,2.197548219,2.993287331,1.267671992,3.025058156,10.3007779,8.422532594,6.481666667,13.8886102,136.6666667,26.18635728,0.99652,19.2829,22.5785,16.5359,84.03825,2.6911,1.454,0.097,1.551,0.023,2.298,0.067,67.4347826086957
2024/5/20,0.997535374,2.139827045,0.391385151,2.524249256,6.517540275,6.908536298,6.49,16.01483851,128.3333333,25.50839645,1.2691,17.1695,19.9143,15.4287,83.66196,9.3156,1.556,0.185,1.741,0.03,2.038,0.083,58.0333333333333
2024/5/21,0.686881837,1.555804824,0.024182499,1.338245714,3.724310767,6.24520477,6.506666667,24.25823112,161.6666667,24.82988154,0.77502,18.39135,20.2488,15.8556,87.69691,4.1861,1.736,0.105,1.841,0.049,2.052,0.064,37.5714285714286
2024/5/22,1.104705905,2.126061549,0.0231686464090909,1.881903849,4.557941694,6.80363505,6.466666667,48.09747662,146.6666667,24.16137831,1.07592,21.84845,25.4374,18.6649,82.696,2.1752,1.596,0.171,1.767,0.051,1.975,0.064,34.6470588235294
2024/5/23,2.866289131,2.59731494666667,0.0221547938181818,0.881598185,11.8868007,7.399326883,6.493333333,51.71006486,136.6666667,23.09846716,0.95179,23.28783,27.014,20.1541,79.33575,0.1738,1.44,0.054,1.494,0.014,2.02,0.063,106.714285714286
2024/5/24,2.541439146,3.06856834433333,0.0211409412272727,1.410723419,10.25774091,7.626128339,6.381666667,55.3226531,123.3333333,22.60377897,1.08059,24.90571,28.5773,22.221800000000002,78.58546,6.6312,1.629,0.316,1.944,0.051,2.297,0.085,38.1176470588235
2024/5/25,1.709394653,3.539821742,0.0201270886363636,2.205280388,6.33644514,7.521045675,6.29,58.93524135,100,22.83945155,1.19843,23.86325,28.3252,21.7876,84.71159,17.9683,1.672,0.35,2.022,0.065,2.389,0.07,31.1076923076923
2024/5/26,1.588261373,2.964367761,0.0191132360454545,2.293143172,5.617903898,7.506037957,6.312,62.54782959,96,23.18892176,0.92813,24.25101,28.1843,22.2419,85.67066,8.3966,1.735,0.15,1.885,0.027,2.087,0.106,69.8148148148148
2024/5/27,1.179000013,2.546687154,0.0180993834545455,2.036677137,4.797408629,7.294675441,6.251666667,66.16041783,83.33333333,23.53113048,1.13265,25.52919,29.3935,22.7116,79.72246,1.5547,1.937,0.037,1.974,0.009,2.331,0.083,219.333333333333
2024/5/28,0.836444,2.170725311,0.0170855308636364,1.826034137,4.046778424,7.665077124,6.378333333,55.11008392,80,23.8839053,1.18114,25.62093,30.6121,22.7891,80.99855,9.3496,2.098,0.156,2.254,0.03,2.38,0.093,75.1333333333333
2024/5/29,1.023274776,2.769908773,0.0160716782727273,2.134595757,5.042316165,7.585352078,6.435,66.84604165,115,24.28283221,1.08391,25.06792,29.7343,23.0229,85.37841,10.3395,1.187,0.08,1.267,0.009,2.178,0.087,140.777777777778
2024/5/30,1.59239472,4.081274608,0.0150578256818182,2.323445599,6.978888131,7.296430449,6.356666667,69.41838323,111.6666667,24.32829771,0.99381,25.81565,30.902,22.9989,81.80037,4.7019,2.177,0.048,2.225,0.041,2.435,0.09,54.2682926829268
2024/5/31,1.21251416,2.316777812,0.0140439730909091,2.500347609,4.699495095,7.196202266,6.311666667,71.99072481,110,24.63436412,0.94558,24.35093,26.2891,22.4984,88.56771,14.2119,1.783,0.15,1.933,0.025,2.368,0.108,77.32
2024/6/1,0.81439612,1.112444728,0.013030121,1.874862817,2.792883445,7.183178871,6.35,43.33844695,93.33333333,24.87376846,0.97572,23.00885,24.4531,22.1383,91.5393,9.9805,1.489,0.023,1.512,0.028,2.145,0.095,54
2024/6/2,1.396500585,1.561627566,0.0120162679090909,2.456517866,3.970940493,6.853844559,6.38,62.76764243,100,24.51880261,1.04735,24.83592,29.9167,22.602,85.17771,5.7491,1.59,0.096,1.686,0.05,2.178,0.098,33.72
2024/6/3,1.09961588,1.311682578,0.0110024153181818,2.255230305,3.341759381,7.574674415,6.393333333,54.07759843,105,24.13315224,0.93086,24.39506,28.9267,22.6795,86.05112,21.3155,1.549,0.074,1.623,0.042,2.058,0.093,38.6428571428571
2024/6/4,0.744637349,1.040180688,0.00998856272727273,1.702458131,2.595210958,7.662811908,6.45,39.0595266,100,23.62068996,1.25221,25.16007,30.5456,22.2954,82.2305,3.3823,1.61,0.178,1.788,0.059,1.96,0.093,30.3050847457627
2024/6/5,0.616638325,0.998066056,0.00897471013636364,1.442490083,2.377207857,7.549595573,6.488333333,33.73578823,140,23.14360298,1.35059,27.88079,33.1529,23.1205,70.29575,0.0167,1.392,0.055,1.447,0.036,2.11,0.099,40.1944444444444
2024/6/6,0.683949701,1.004917959,0.00796085754545454,1.487553252,2.44892627,7.491427547,6.478333333,34.71720036,121.6666667,22.97518903,1.53351,28.03678,33.2831,23.484,70.02737,0.0167,1.541,0.081,1.622,0.041,2.22,0.104,39.5609756097561
2024/6/7,0.585422913,1.027301463,0.00694700495454545,1.349434957,2.365066173,7.491338636,6.468333333,31.40589888,111.6666667,23.20323818,1.4675,27.48823,32.7393,23.0944,71.28175,0.0835,1.52,0.133,1.653,0.04,1.884,0.083,41.325
2024/6/8,0.457662465,0.967778414,0.00593315236363636,1.209565835,2.15503809,7.530984436,6.435,28.61086286,93.33333333,23.72044261,1.19774,26.87913,32.0854,22.7925,77.44566,5.1937,1.481,0.14,1.621,0.035,1.762,0.088,46.3142857142857
2024/6/9,0.459121497,0.956574599,0.00491929977272727,1.169166613,2.132717247,7.533395884,6.438333333,27.76433669,86.66666667,24.22355338,1.25829,25.69649,29.9034,22.9407,81.34246,7.3368,1.507,0.136,1.643,0.035,1.77,0.073,46.9428571428571
2024/6/10,0.525192421,0.963733365,0.00390544718181818,1.26588299,2.221843482,7.34815756,6.45,29.60725591,93.33333333,24.64617777,1.24778,25.29189,32.5449,21.9961,80.49746,4.4024,1.047,0.051,1.098,0.014,1.921,0.081,78.4285714285714
2024/6/11,0.799277523,1.081776699,0.00289159459090909,1.720390462,2.755321208,6.887724268,6.453333333,39.32968247,105,25.18557508,1.25338,25.17002,32.6096,22.0214,78.84471,2.338,1.532,0.097,1.629,0.041,1.738,0.078,39.7317073170732
2024/6/12,0.786922429,1.096947759,0.001877742,1.762909728,2.81903724,6.678242579,6.55,39.35658108,116.6666667,25.99060833,1.18557,25.9951,29.9342,22.346800000000002,77.52784,0.7928,1.499,0.155,1.654,0.042,1.942,0.096,39.3809523809524
2024/6/13,0.116035303,1.338630365,0.078846767,1.528870475,2.614729887,6.42912715,6.593333333,34.09585818,126.6666667,26.1426965,1.48876,26.73469,32.1475,22.7985,74.78046,0.1837,1.47,0.1,1.57,0.043,1.96,0.095,36.5116279069767
2024/6/14,0.122854629,1.340935885,0.022056598,1.741896236,2.705971675,6.271415263,6.418333333,38.71837524,96.66666667,26.08844796,1.67021,25.57635,29.8729,22.4063,80.21284,2.4625,1.255,0.073,1.328,0.031,1.971,0.09,42.8387096774194
2024/6/15,0.061600271,1.304143526,0.091476058,1.495215124,2.412217339,6.478143367,6.43,32.38099553,113.3333333,26.232247,1.11561,26.02243,30.4699,23.3008,78.87346,0.8278,1.538,0.221,1.759,0.057,2.132,0.098,30.859649122807
2024/6/16,0.000345912,1.298348374,0.082711457,1.469731568,2.347763924,6.837247842,6.495,32.1796921,101.6666667,25.8918226,1.77707,26.94116,31.8315,23.6643,74.36371,2.6397,1.116,0.085,1.201,0.014,2.144,0.114,85.7857142857143
2024/6/17,3.771197182,2.251103999,0.114875797275862,2.196841244,6.87509415933333,6.03960943,6.401666667,39.08496647,120,24.90828914,1.84666,26.83256,30.9349,22.7403,74.50691,4.1915,1.098,0.048,1.146,0.02,1.964,0.083,57.3
2024/6/18,4.560119586,3.203859623,0.147040137551724,0.002745098,11.4024243946667,5.855817477,6.515,45.99024083,100,25.15785673,2.07419,28.24172,33.9292,22.5973,65.9618,3.76736,1.856,0.027,1.883,0.008,2.03,0.094,235.375
2024/6/19,1.466713911,4.156615248,0.179204477827586,0.947610255,15.92975463,6.957664745,6.506,52.8955152,88,25.1351628,1.32856,28.27197,34.2152,23.2627,65.77446,3.34322,1.796,0.099,1.895,0.019,2.105,0.081,99.7368421052632
2024/6/20,0.317681314,5.109370872,0.211368818103448,2.76488018,7.915499879,7.059993151,6.418333333,59.80078956,93.33333333,25.66089371,1.27941,28.40176,34.2833,22.3768,66.28421,2.91908,1.196,0.023,1.219,0.006,2.101,0.081,203.166666666667
2024/6/21,0.001294208,2.62956305,0.24353315837931,3.074445053,4.893503404,6.793927835,6.473333333,66.70606393,96.66666667,26.47261106,1.58736,28.15637,33.477,23.3282,67.10584,2.49494,1.795,0.013,1.808,0.029,2.045,0.078,62.3448275862069
2024/6/22,0.000653431,2.079829405,0.275697498655172,2.915779154,4.064773374,6.591327688,6.506666667,73.61133829,96.66666667,27.15309111,1.49826,27.36116,33.5832,22.0689,69.1215,2.0708,1.134,0.004,1.138,0.005,1.876,0.074,227.6
2024/6/23,0.000661222754385965,1.548776036,0.307861838931034,2.519238993,3.179247653,6.389496061,6.536666667,55.96634558,105,27.77203948,1.79672,28.01333,33.9026,23.2828,66.31087,1.04375,1.532,0.065,1.597,0.028,1.862,0.069,57.0357142857143
2024/6/24,0.00066901450877193,1.449978913,0.340026179206897,2.370239813,2.953010691,6.477982178,6.576666667,51.74128465,98.33333333,27.77947431,1.78338,28.310669999999998,33.9005,23.1907,64.51046,0.0167,1.47,0.081,1.551,0.023,1.935,0.07,67.4347826086957
2024/6/25,0.000676806263157895,1.356105449,0.372190519482759,2.175226183,2.789296665,6.472496647,6.588333333,45.88775306,106.6666667,27.96650996,1.65628,28.56044,34.2379,23.7084,64.71766,0.111333333333333,1.389,0.058,1.447,0.016,1.763,0.07,90.4375
2024/6/26,0.00068459801754386,1.320999571,0.404354859758621,2.123246281,2.734443816,6.539966844,6.593333333,44.34263126,130,27.73593224,1.579,28.28264,34.5852,23.0036,66.04546,0.205966666666667,1.284,0.059,1.343,0.022,1.884,0.075,61.0454545454545
2024/6/27,0.000692389771929825,1.36043029035417,0.436519200034483,2.12857655747917,2.79778622347917,6.5465288749375,6.606666667,43.951867623125,135,27.8102539091667,1.4176,27.64751,33.3058,23.1226,67.57675,0.3006,1.458,0.073,1.531,0.024,1.715,0.074,63.7916666666667
2024/6/28,0.000700181526315789,1.39986100970833,0.468683540310345,2.13390683395833,2.86112863095833,6.553090906,6.573333333,43.56110399,136.6666667,27.8845755783333,1.36886,28.56935,34.5818,23.2546,63.88296,0.24382,1.549,0.062,1.611,0.02,2.017,0.081,80.55
2024/6/29,0.000707973280701754,1.4392917290625,0.500847880586207,2.1392371104375,2.9244710384375,6.5596529368125,6.458333333,43.170340349375,125,27.95889725,1.66784,28.46593,34.6434,22.4911,61.97825,0.18704,1.236,0.057,1.293,0.017,2.004,0.076,76.0588235294118
2024/6/30,0.000715765035087719,1.47872244841667,0.533012220862069,2.14456738691667,2.98781344591667,6.566214968,6.463333333,42.77957671,133.3333333,28.0332189166667,1.3492,29.07562,35.5413,23.8493,61.42087,0.13026,1.366,0.065,1.431,0.007,2.229,0.0805,204.428571428571
2024/7/1,0.000723556789473684,1.51815316777083,0.565176561137931,2.14989766339583,3.05115585339583,6.5727769986875,6.481666667,42.388813075625,138.3333333,28.1075405858333,1.83528,27.90822,35.1209,21.982,64.7665,0.07348,1.67,0.005,1.675,0.038,1.87,0.085,44.0789473684211
2024/7/2,0.000731348543859649,1.557583887,0.597340901413793,2.15522794,3.114498261,6.57933903,6.543333333,41.99804944,133.3333333,28.18186226,1.51959,27.87426,33.7001,22.4316,66.5933,0.0167,1.204,0.024,1.228,0.022,2.019,0.082,55.8181818181818
2024/7/3,0.000739140298245614,1.59701460647917,0.629505241689655,2.16055821635417,3.17784066835417,6.5859010605625,6.545,41.607285801875,138.3333333,28.2561839241667,1.56317,26.62031,34.1009,22.346800000000002,73.37996,1.3629,1.542,0.035,1.577,0.033,1.969,0.075,47.7878787878788
2024/7/4,0.000746932052631579,1.63644532583333,0.661669581965517,2.16588849283333,3.24118307583333,6.592463092,6.545,41.21652217,140,28.3305055933333,1.44951,27.81696,34.4289,22.2539,65.95421,0.9728,1.38,0.059,1.439,0.018,2.156,0.081,79.9444444444445
2024/7/5,0.000754723807017544,1.6758760451875,0.693833922241379,2.1712187693125,3.3045254833125,6.5990251224375,6.658333333,40.825758528125,146.6666667,28.40482726,2.00773,29.03994,34.9714,23.1351,63.417,0.5827,1.53,0.109,1.639,0.037,1.889,0.077,44.2972972972973
2024/7/6,0.000762515561403509,1.71530676454167,0.725998262517241,2.17654904579167,3.36786789079167,6.605587153,6.823333333,40.43499489,150,28.4791489316667,1.35719,28.31238,36.4418,23.0323,66.75896,0.1926,1.28,0.041,1.321,0.018,1.978,0.07,73.3888888888889
2024/7/7,0.000770307315789474,1.75473748389583,0.758162602793103,2.18187932227083,3.43121029827083,6.6121491843125,6.796666667,40.044231254375,140,28.5534706008333,1.74912,29.65577,36.5313,24.4479,61.54621,0.419433333333333,1.605,0.082,1.687,0.041,2.123,0.071,41.1463414634146
2024/7/8,0.000778099070175439,1.794168203,0.790326943068965,2.187209599,3.494552706,6.618711215,6.726666667,39.65346762,140,28.62779227,1.29109,29.59771,36.53,24.1473,62.2108,0.646266666666667,1.475,0.056,1.531,0.034,1.844,0.068,45.0294117647059
2024/7/9,0.000785890824561403,1.83359892260417,0.822491283344828,2.19253987522917,3.55789511322917,6.6252732461875,6.741666667,39.262703980625,150,28.7021139391667,1.9521,28.49394,36.1454,23.8334,65.51859,0.8731,1.705,0.068,1.772,0.035,1.887,0.076,50.6285714285714
2024/7/10,0.000793682578947368,1.87302964195833,0.85465562362069,2.19787015170833,3.62123752070833,6.631835277,6.796666667,38.87194034,143.3333333,28.7764356083333,2.40872,25.84916,30.0712,23.0109,77.11046,11.3979,1.361,0.047,1.408,0.022,1.908,0.084,64
2024/7/11,0.000801474333333333,1.9124603613125,0.886819963896552,2.2032004281875,3.6845799281875,6.6383973080625,7.123333333,38.481176706875,140,28.85075728,1.06173,24.10554,25.6631,22.9848,88.683,21.9227,1.624,0.066,1.69,0.018,1.837,0.08,93.8888888888889
2024/7/12,0.000809266087719298,1.95189108066667,0.918984304172414,2.20853070466667,3.74792233566667,6.644959339,6.85,38.09041307,135,28.9250789466667,1.88307,25.27954,27.8824,23.5119,83.26237,15.8826,1.451,0.09,1.541,0.021,1.837,0.071,73.3809523809524
2024/7/13,0.000817057842105263,1.99132180002083,0.951148644448276,2.21386098114583,3.81126474314583,6.6515213699375,6.786666667,37.699649433125,143.3333333,28.9994006158333,1.72935,24.28448,26.9801,22.3455,82.29621,9.1639,1.356,0.114,1.469,0.014,1.909,0.074,104.928571428571
2024/7/14,0.000824849596491228,2.030752519,0.983312984724138,2.219191258,3.874607151,6.658083401,6.853333333,37.3088858,156.6666667,29.07372229,1.5359,25.68734,33.0373,22.2899,77.36616,4.3269,1.339,0.266,1.605,0.028,1.722,0.071,57.3214285714286
2024/7/15,0.000832641350877193,2.07018323872917,1.015477325,2.22452153410417,3.93794955810417,6.6646454318125,7.158333333,36.918122159375,155,29.1480439541667,1.55127,27.10409,32.5162,22.7215,70.02384,0.5817,1.102,0.16,1.262,0.009,1.792,0.073,140.222222222222
2024/7/16,0.000840433105263158,2.10961395808333,1.04764166527586,2.22985181058333,4.00129196558333,6.671207463,7.253333333,36.52735852,160,29.2223656233333,1.26343,25.37403,30.5234,23.0803,81.42841,5.6642,1.339,0.27,1.609,0.029,1.916,0.082,55.4827586206897
2024/7/17,0.000848224859649123,2.1490446774375,1.07980600555172,2.2351820870625,4.0646343730625,6.6777694936875,7.193333333,36.136594885625,160,29.29668729,1.67632,28.05959,33.3833,23.6536,69.81516,0.0214,1.112,0.155,1.266,0.009,1.614,0.075,140.666666666667
2024/7/18,0.000856016614035088,2.18847539679167,1.11197034582759,2.24051236354167,4.12797678054167,6.684331525,7.16,35.74583125,155,29.3710089616667,1.57782,27.95192,33.8911,22.4303,66.79525,0.226066666666667,1.385,0.102,1.487,0.013,1.741,0.056,114.384615384615
2024/7/19,0.000863808368421053,2.22790611614583,1.14413468610345,2.24584264002083,4.19131918802083,6.6908935555625,7.201666667,35.355067611875,141.6666667,29.4453306308333,1.18523,29.36597,36.2153,24.2415,64.41696,0.430733333333333,1.267,0.202,1.468,0.021,2.103,0.072,69.9047619047619
2024/7/20,0.000871600122807018,2.267336836,1.17629902637931,2.251172917,4.254661596,6.697455587,7.243333333,34.96430398,145,29.5196523,1.44674,27.00424,37.0605,21.3393,70.66321,0.6354,1.3,0.102,1.402,0.014,1.563,0.057,100.142857142857
2024/7/21,0.000879391877192982,2.30676755485417,1.20846336665517,2.25650319297917,4.31800400297917,6.7040176174375,7.313333333,34.573540338125,135,29.5939739691667,1.46819,28.15343,36.3578,22.0843,65.13671,0.2672,1.288,0.243,1.531,0.023,1.584,0.037,66.5652173913043
2024/7/22,0.000887183631578947,2.34619827420833,1.24062770693103,2.26183346945833,4.38134641045833,6.710579648,7.401666667,34.1827767,151.6666667,29.6682956383333,1.4631,28.03826,35.4591,22.6145,66.78884,3.4835,1.255,0.087,1.342,0.012,1.57,0.03,111.833333333333
2024/7/23,0.000894975385964912,2.3856289935625,1.2727920472069,2.2671637459375,4.4446888179375,6.7171416793125,7.23,33.792013064375,166.6666667,29.74261731,1.42665,25.67451,34.6974,21.7281,75.67384,6.8382,1.347,0.22,1.567,0.03,1.663,0.038,52.2333333333333
2024/7/24,0.000902767140350877,2.42505971291667,1.30495638748276,2.27249402241667,4.50803122541667,6.72370371,7.308333333,33.40124943,160,29.8169389766667,1.32184,25.26215,33.7361,21.9812,77.35841,4.3968,1.256,0.159,1.415,0.01,1.653,0.023,141.5
2024/7/25,0.000910558894736842,2.46449043227083,1.33712072775862,2.27782429889583,4.57137363289583,6.7302657411875,7.095,33.010485790625,156.6666667,29.8912606458333,1.38206,26.74695,33.7528,22.5558,73.99425,0.2171,1.262,0.184,1.447,0.01,1.489,0.026,144.7
2024/7/26,0.000918350649122807,2.503921152,1.36928506803448,2.283154575,4.63471604,6.736827772,6.913333333,32.61972215,161.6666667,29.96558232,1.22651,25.98563,32.6887,22.4024,76.30125,0.499266666666667,1.285,0.157,1.442,0.003,1.452,0.023,480.666666666667
2024/7/27,0.000926142403508772,2.54335187097917,1.40144940831034,2.28848485185417,4.69805844785417,6.7433898030625,6.79,32.228958516875,125,30.0399039841667,1.46,25.08497,32.6503,22.6414,79.08255,0.781433333333333,1.361,0.075,1.436,0.005,1.708,0.028,287.2
2024/7/28,0.000933934157894737,2.58278259033333,1.43361374858621,2.29381512833333,4.76140085533333,6.749951834,6.618333333,31.83819488,125,30.1142256533333,1.08274,24.31831,29.7333,22.1456,83.13296,1.0636,1.319,0.194,1.513,0.022,1.515,0.032,68.7727272727273
2024/7/29,0.000941725912280702,2.6222133096875,1.46577808886207,2.2991454048125,4.8247432628125,6.7565138649375,6.59,31.447431243125,120,30.18854732,1.07342,24.63685,28.7365,22.5819,84.21825,3.9963,1.162,0.064,1.226,0.008,1.598,0.047,153.25
2024/7/30,0.000949517666666667,2.66164402904167,1.49794242913793,2.30447568129167,4.88808567029167,6.763075896,6.61,31.05666761,116.6666667,30.2628689916667,1.58417,25.4801,32.9517,22.924,80.799,5.8147,1.607,0.021,1.627,0.037,1.684,0.052,43.972972972973
2024/7/31,0.000957309421052632,2.70107474839583,1.53010676941379,2.30980595777083,4.95142807777083,6.7696379268125,6.618333333,30.665903969375,123.3333333,30.3371906608333,1.48802,25.90795,32.3197,22.8786,78.63171,10.9975,1.828,0.099,1.928,0.029,2.134,0.059,66.4827586206897
2024/8/1,0.000965101175438596,2.740505468,1.56227110968966,2.315136234,5.014770485,6.776199958,6.643333333,30.27514033,125,30.41151233,1.45026,24.75881,28.0857,23.079,84.91846,11.7739,1.391,0.077,1.468,0.014,2.284,0.082,104.857142857143
2024/8/2,0.000972892929824561,2.77993618710417,1.59443544996552,2.32046651072917,5.07811289272917,6.7827619886875,6.626666667,29.884376695625,115,30.4858339991667,1.33573,25.46655,31.4072,22.602,81.52387,16.6872,2.026,0.089,2.115,0.067,2.162,0.07,31.5671641791045
2024/8/3,0.000980684684210526,2.81936690645833,1.62659979024138,2.32579678720833,5.14145530020833,6.78932402,6.58,29.49361306,126.6666667,30.5601556683333,1.02482,24.32533,27.7634,22.9347,86.91271,9.0027,1.861,0.133,1.994,0.036,2.16,0.062,55.3888888888889
2024/8/4,0.000988476438596491,2.8587976258125,1.65876413051724,2.3311270636875,5.2047977076875,6.7958860505625,6.625,29.102849421875,121.6666667,30.63447734,1.01624,24.67662,29.3643,23.079,86.2493,7.4156,1.573,0.068,1.64,0.026,2.081,0.071,63.0769230769231
2024/8/5,0.000996268192982456,2.89822834516667,1.6909284707931,2.33645734016667,5.26814011516667,6.802448082,6.645,28.71208579,115,30.7087990066667,1.03323,23.98892,27.6739,22.5806,87.64016,7.85965,1.885,0.185,2.069,0.058,2.131,0.079,35.6724137931034
2024/8/6,0.00100405994736842,2.93765906452083,1.72309281106897,2.34178761664583,5.33148252264583,6.8090101124375,6.726666667,28.321322148125,105,30.7831206758333,1.18732,24.10637,27.9852,22.4603,86.65596,8.3037,1.571,0.086,1.656,0.019,1.876,0.064,87.1578947368421
2024/8/7,0.00101185170175439,2.977089784,1.75525715134483,2.347117893,5.39482493,6.815572143,6.686666667,27.93055851,110,30.85744235,0.77722,23.44806,25.6352,22.2132,88.21009,12.322,1.477,0.082,1.558,0.027,1.918,0.067,57.7037037037037
2024/8/8,0.00101964345614035,3.01652050322917,1.78742149162069,2.35244816960417,5.45816733760417,6.8221341743125,6.731666667,27.539794874375,100,30.9317640141667,1.4921,25.55908,33.2737,21.4935,77.67037,14.8046,1.845,0.064,1.909,0.025,2.237,0.077,76.36
2024/8/9,0.00102743521052632,3.05595122258333,1.81958583189655,2.35777844608333,5.52150974508333,6.828696205,6.731666667,27.14903124,135,31.0060856833333,1.39659,25.65109,33.1923,22.2124,78.22025,1.8683,1.795,0.064,1.859,0.035,2.07,0.085,53.1142857142857
2024/8/10,0.00103522696491228,3.0953819419375,1.85175017217241,2.3631087225625,5.5848521525625,6.8352582361875,6.72,26.758267600625,156.6666667,31.08040735,1.48032,26.80466,33.3593,22.936,73.71675,1.2491,1.362,0.077,1.438,0.028,2.162,0.075,51.3571428571429
2024/8/11,0.00104301871929825,3.13481266129167,1.88391451244828,2.36843899904167,5.64819456004167,6.841820267,6.708333333,26.36750396,171.6666667,31.1547290216667,1.41766,27.69644,34.0714,23.1865,70.67896,0.6299,1.381,0.075,1.456,0.055,1.846,0.066,26.4727272727273
2024/8/12,0.00105081047368421,3.17424338064583,1.91607885272414,2.37376927552083,5.71153696752083,6.8483822980625,6.641666667,25.976740326875,145,31.2290506908333,1.30184,27.825,34.306,23.6382,73.13396,0.0107,1.335,0.104,1.439,0.053,1.915,0.066,27.1509433962264
2024/8/13,0.00105860222807018,3.2136741,1.948243193,2.379099552,5.774879375,6.854944329,6.663333333,25.58597669,121.6666667,31.30337236,1.16576,24.5213,30.448,22.6769,85.15309,2.9272,1.371,0.075,1.445,0.031,1.546,0.048,46.6129032258065
2024/8/14,0.00106639398245614,2.512020592,1.688799559,1.828122082,4.236089193,6.786939128,6.718333333,20.38780856,113.3333333,30.66973315,1.16744,25.0772,29.9569,23.0195,82.988,9.6754,1.682,0.096,1.778,0.043,1.896,0.065,41.3488372093023
2024/8/15,0.00107418573684211,2.13012849,1.095290131,1.839868255,3.563613203,6.674162236,6.748333333,24.2086754,145,30.33275086,1.08198,26.93303,33.3019,22.8465,73.5493,7.73413333333333,1.576,0.085,1.661,0.029,2.006,0.094,57.2758620689655
2024/8/16,0.00108197749122807,1.716245651,0.120105149,1.875412233,2.912601982,6.915252153,6.793333333,32.79259917,150,29.57824651,1.33512,27.59333,34.813,23.1244,71.59871,5.79286666666667,1.76,0.096,1.857,0.042,1.95,0.092,44.2142857142857
2024/8/17,0.00108976924561403,1.970985134,0.109641044545455,2.282998801,3.459465988,7.142016993,6.83,49.1017836,160,29.0588145,1.45556,25.99844,34.1077,22.4629,78.26055,3.8516,1.489,0.076,1.565,0.025,2.12,0.092,62.6
2024/8/18,0.001097561,2.175513417,0.0991769400909091,2.620504168,3.883659339,7.515686851,6.825,63.10027982,135,28.25207282,1.42759,26.94117,33.7656,22.847,75.36437,1.0914,1.644,0.104,1.747,0.034,2.396,0.095,51.3823529411765
2024/8/19,0.145815501333333,1.987708943,0.0887128356363636,2.436184946,3.532469797,7.801929922,6.81,58.55550111,130,27.73231264,1.48777,26.89217,33.65,21.7743,74.41105,0.0107,1.86,0.022,1.882,0.047,2.242,0.082,40.0425531914894
2024/8/20,0.290533441666667,2.142509112,0.0782487311818182,2.53509204,3.856675148,7.885375597,6.756666667,64.1854309,106.6666667,27.1790839,1.15169,25.06997,29.3484,21.4463,76.09275,4.98126666666667,1.802,0.026,1.828,0.048,2.056,0.082,38.0833333333333
2024/8/21,0.435251382,5.825709928,0.0677846267272727,2.25564437,8.653649668,8.051767563,6.733333333,63.75125735,106.6666667,26.70764697,1.25558,26.03144,31.1773,22.0778,73.74021,9.95183333333333,1.793,0.055,1.848,0.047,1.914,0.086,39.3191489361702
2024/8/22,0.892418403,5.12539426,0.0573205222727273,2.189033866,10.52256938,8.154333775,6.695,63.31708379,96.66666667,26.52483521,1.00811,26.03857,32.0872,22.7797,78.5783,14.9224,1.526,0.115,1.641,0.046,1.949,0.083,35.6739130434783
2024/8/23,0.669039656,4.425078592,0.0468564178181818,3.221495033,7.498030045,8.491539131,6.813333333,62.88291024,90,27.0892542,0.98512,24.69063,27.8631,22.9574,85.45466,3.6179,1.331,0.038,1.368,0.003,1.783,0.085,456
2024/8/24,0.489821187,2.536459082,0.0363923133636364,3.674960019,5.39450975,8.158636979,6.795,62.44873668,93.33333333,27.28243094,1.37455,25.3409,31.8975,22.2907,80.42675,0.5845,1.497,0.01,1.507,0.006,1.66,0.086,251.166666666667
2024/8/25,0.453102991,1.712058277,0.0259282089090909,3.71923899,4.454401661,8.004323349,6.673333333,62.01456313,100,27.81068286,1.21431,24.68909,31.5322,21.7221,80.30396,7.911,1.523,0.049,1.572,0.009,1.734,0.078,174.666666666667
2024/8/26,0.240593883,1.076132721,0.0154641044545455,3.299042998,3.41622117,7.986878074,6.683333333,61.58038957,96.66666667,28.42747237,1.10524,26.1626,32.8322,21.654,70.67512,0.0167,1.563,0.028,1.591,0.01,1.668,0.062,159.1
2024/8/27,0.054611169,0.947790442,0.005,2.653012024,2.886100564,7.510624852,6.726666667,50.07385886,103.3333333,29.0124379,1.05567,26.98118,33.7562,22.1678,71.47984,0.0762,1.549,0.134,1.683,0.045,1.855,0.06,37.4
2024/8/28,0.399019572,0.827417484,0.01,1.671456756,7.070623414,7.640008071,6.733333333,36.88781821,111.6666667,28.06389598,1.18792,26.22545,33.3413,22.626,76.45616,3.9347,1.519,0.048,1.566,0.017,1.647,0.048,92.1176470588235
2024/8/29,3.010181353,0.48264898,0.01,1.742402261,5.117619838,7.164803757,6.671666667,35.02123064,95,28.61961303,1.10166,26.79339,33.2925,21.8257,69.46275,1.9757,1.388,0.078,1.467,0.022,1.66,0.059,66.6818181818182
2024/8/30,5.621343134,0.137880475,0.01,1.813347766,3.164616262,6.689599443,6.696666667,33.15464307,101.6666667,29.17533007,1.03853,23.95191,27.1283,21.7101,81.48766,0.0167,1.511,0.06,1.571,0.05,1.601,0.06,31.42
2024/8/31,7.172125353,0.418316502,0.049422434,1.90492467,3.349039077,6.753020088,6.718333333,33.6213967,101.6666667,29.66946732,1.18012,23.32365,27.0516,22.2051,87.49671,11.79817,1.787,0.023,1.81,0.031,1.989,0.057,58.3870967741936
2024/9/1,5.159971438,0.600312343,0.030651954,1.789846791,3.264372175,6.674774364,6.736666667,31.22583769,111.6666667,29.6770725,1.2237,26.3807,31.7086,22.9026,78.52259,9.705376,1.679,0.06,1.739,0.03,1.778,0.056,57.9666666666667
2024/9/2,3.797190325,0.77553947,0.100040843,1.558873784,2.981296806,6.288116525,6.68,26.91421202,100,29.67160401,1.64283,26.55796,33.0266,20.354,69.22675,7.612582,1.119,0.017,1.137,0.006,1.755,0.055,189.5
2024/9/3,2.974826232,1.036047199,0.224048729,1.590551122,3.223287704,6.29211323,6.718333333,26.77302719,105,29.94438685,1.56356,26.23587,32.7774,21.4857,65.98121,5.519788,1.715,0.035,1.75,0.036,2.122,0.051,48.6111111111111
2024/9/4,1.786687304,1.391863779,0.309580038,1.616111582,3.317647481,6.414770598,6.726666667,25.98243369,106.6666667,29.58132086,1.35586,26.51868,31.6927,22.6568,72.20341,3.426994,1.106,0.017,1.122,0.009,1.323,0.028,124.666666666667
2024/9/5,1.700611268,1.442649992,0.421661488,1.478612837,3.205676554,6.255608051,6.73,24.12685817,110,29.75783494,1.59415,25.84029,30.6844,23.0884,79.22259,1.3342,1.796,0.041,1.837,0.022,1.866,0.026,83.5
2024/9/6,2.177391557,1.385736543,0.34083659,1.552720614,3.273520363,6.045631709,6.74,25.02148874,103.3333333,29.67442769,1.58977,26.8785,33.2385,23.4806,75.28121,6.5607,1.38,0.032,1.412,0.002,1.693,0.055,706
2024/9/7,1.334207313,1.584837884,0.505178633,1.472350165,3.267994743,5.812136613,6.751666667,22.68467475,113.3333333,29.39512013,1.61466,22.76481,25.3513,20.1669,86.655,23.4889,1.419,0.044,1.463,0.022,1.716,0.059,66.5
2024/9/8,4.709280642,1.038901287,0.06603994,2.086207941,4.062162743,5.423868879,6.681666667,33.12720837,120,29.6567713,0.8715,21.80728,23.0558,20.3446,90.41646,17.6825,1.473,0.035,1.509,0.018,1.7,0.05,83.8333333333333
2024/9/9,4.120532211,1.107654033,0.194306733,2.041921296,3.993288646,5.593325997,6.651666667,31.76879575,113.3333333,29.47857474,1.09669,23.13882,26.996,21.5324,88.65234,11.8761,1.43,0.032,1.461,0.017,1.91,0.064,85.9411764705882
2024/9/10,3.51071975,1.51287088,0.30027354,2.090546375,4.383078194,5.625762241,6.686666667,32.25371249,133.3333333,29.99861904,0.91899,24.56309,28.6185,21.9298,82.16946,0.1618,1.454,0.045,1.499,0.027,1.695,0.055,55.5185185185185
2024/9/11,0.45597897,2.706341219,0.991305359,2.310429849,5.385869311,5.707321445,6.731666667,25.47882184,140,30.61564211,0.92755,25.45058,30.3804,22.2612,77.13059,0.8729,1.475,0.119,1.594,0.026,1.647,0.045,61.3076923076923
2024/9/12,0.225691188,3.381911959,1.683565325,3.094108325,7.305560656,6.290671296,6.683333333,27.76156172,135,30.9251033,1.06446,25.31205,29.9193,22.0835,76.06155,0.0167,1.553,0.029,1.583,0.022,1.673,0.037,71.9545454545455
2024/9/13,0.012009769,4.142161449,3.483804143,3.528573956,10.39897203,7.17975871,6.735,20.97610099,145,31.07008737,1.28408,24.4419,30.2541,19.7374,76.33334,0.0334,1.526,0.131,1.657,0.031,1.735,0.038,53.4516129032258
2024/9/14,0.010423611,3.312997921,2.182177456,2.602287351,6.995249686,6.188633121,6.72,21.9359357,131.6666667,30.05235126,1.3667,24.80637,30.4232,20.2084,70.50205,0.0278333333333333,1.494,0.033,1.527,0.013,1.621,0.036,117.461538461538
2024/9/15,0.022003766,3.069733169,1.931388457,2.244944013,6.002125039,6.16283604,6.685,21.27605285,118.3333333,29.85715235,2.18857,27.35946,30.7371,21.5225,59.42137,0.0222666666666667,1.49,0.047,1.536,0.024,1.655,0.03,64
2024/9/16,0.01,3.229552888,2.253710923,2.502205979,6.570961943,6.492919138,6.698333333,19.23564344,131.6666667,30.18836919,2.40752,24.33288,27.5111,21.8283,68.61237,0.0167,1.562,0.132,1.694,0.031,1.766,0.046,54.6451612903226
2024/9/17,1.437210805,3.359482698,2.038354284,2.570276405,7.337031897,6.486051985,6.705,29.54753704,123.3333333,30.1019539,2.31299,20.21584,22.3768,18.3476,62.67841,0.062625,1.491,0.048,1.538,0.025,1.559,0.032,61.52
2024/9/18,0.01,4.033889281,2.731290568,2.713775659,8.44897744,7.102950212,6.745,18.63483659,131.6666667,30.14043621,2.21846,19.39613,21.7662,17.5066,68.05241,0.10855,1.484,0.063,1.548,0.012,1.582,0.052,129
2024/9/19,0.01,5.413530603,3.74291545,3.511474066,11.60007655,7.535446524,6.876666667,17.93307043,143.3333333,30.32281305,1.31273,18.78229,20.9278,17.2274,81.02109,0.154475,1.4,0.052,1.452,0.015,1.507,0.037,96.8
2024/9/20,0.01,5.807697152,3.815068856,3.980603892,12.40275816,7.537617467,6.873333333,17.90156446,161.6666667,30.22210699,1.58414,22.30002,25.6652,18.3557,75.91421,0.2004,1.483,0.021,1.504,0.011,1.568,0.022,136.727272727273
2024/9/21,0.01,4.299454724,3.335181301,3.052373548,8.99017777,6.882173258,6.903333333,18.18602844,160,30.25551738,1.39557,23.63055,28.2574,20.4307,76.40075,0.57315,1.463,0.096,1.559,0.022,1.648,0.025,70.8636363636364
2024/9/22,0.01,3.353526444,2.220852558,2.472716219,6.659328115,6.30674541,6.855,21.99803594,151.6666667,29.6103719,1.67322,23.7516,29.0822,19.8068,71.528,0.9459,1.463,0.035,1.498,0.018,1.569,0.023,83.2222222222222
2024/9/23,0.648585923,2.221437618,1.001805438,1.99420798,4.482142655,5.985857148,6.806666667,28.13246846,145,28.74336609,1.16585,20.82187,22.667,19.5623,82.18846,0.3173,1.537,0.04,1.578,0.005,1.629,0.044,315.6
2024/9/24,0.887877224,0.647039742,0.016862319,2.920892072,5.815605605,6.50537193,6.756666667,58.34623277,143.3333333,27.60977763,1.14578,20.37601,23.526,18.6764,83.3678,1.3634,1.534,0.018,1.552,0.011,1.649,0.032,141.090909090909
2024/9/25,1.127168524,0.029993056,0.013597222,2.902423886,7.470396108,7.582976185,6.72,52.6511478566667,90,27.06809612,0.92986,19.92391,23.3175,17.2094,80.33621,1.2767,1.585,0.076,1.661,0.016,1.678,0.046,103.8125
2024/9/26,1.366459825,0.052090395,0.012097222,3.128801083,5.676722418,7.661188991,6.685,46.9560629433333,105,27.53165815,1.2314,20.7006,27.5351,15.4963,68.06625,1.19,1.566,0.03,1.595,0.012,1.781,0.038,132.916666666667
2024/9/27,1.605751125,0.671029583,0.110367271,2.221468456,4.284768558,7.415708608,6.723333333,41.26097803,113.3333333,27.86218719,1.62131,21.31647,27.8584,16.0401,70.47405,1.1033,1.583,0.032,1.615,0.014,1.658,0.047,115.357142857143
2024/9/28,1.845042426,0.765758318,0.017431811,2.752331411,5.110273854,6.79046002,6.653333333,52.68033459,130,28.00134208,1.16083,23.60073,29.5407,17.2433,69.22125,1.0166,1.474,0.078,1.873,0.021,1.986,0.049,89.1904761904762
2024/9/29,2.084333726,2.013715042,0.485313089,2.316282682,4.81226589,6.789442287,6.678333333,37.09589827,130,28.17964854,1.11905,24.79983,30.9683,20.122,70.0768,0.9299,1.688,0.124,1.812,0.027,1.971,0.053,67.1111111111111
2024/9/30,0.22924435,2.485593887,0.657896186,2.136306458,4.620501726,6.664156073,6.671666667,34.26973843,138.3333333,28.45404787,1.35204,24.25641,31.2029,20.2577,74.12271,0.8432,1.742,0.083,1.825,0.019,1.96,0.048,96.0526315789474
2024/10/1,0.248874333,2.300385436,0.903070425,1.769467593,4.015577409,6.64559067,6.726666667,29.23510279,136.6666667,28.18166404,1.15314,23.76956,29.8533,19.2844,71.98971,1.1501,1.72,0.09,1.811,0.031,1.871,0.054,58.4193548387097
2024/10/2,0.967010122,1.942241447,0.621444484,1.697204135,3.69359169,6.615920551,6.795,29.22041576,125,27.66929261,1.34529,23.78772,29.5159,19.299,71.49366,1.457,1.717,0.063,1.78,0.023,1.784,0.055,77.3913043478261
2024/10/3,0.937261966,1.933109895,0.616875785,1.696492389,3.652272677,6.687130964,6.8,29.1887068,115,26.88707729,1.23374,24.70829,31.134,19.8822,71.57546,1.7639,1.56,0.067,1.627,0.023,1.726,0.05,70.7391304347826
2024/10/4,1.605181419,1.682575173,0.459149404,1.606373234,3.494768479,6.578206058,6.79,28.75140631,125,26.19287873,1.54632,25.62238,31.9625,20.1982,71.49075,2.0708,1.67,0.081,1.751,0.024,1.878,0.053,72.9583333333333
2024/10/5,0.552638732,2.198085413,0.856052927,1.756625589,3.988488504,6.731755375,6.788333333,28.01877982,130,26.05080461,1.32853,22.35965,25.9011,18.0731,75.69271,1.899625,1.642,0.13,1.772,0.027,1.883,0.048,65.6296296296296
2024/10/6,0.012295198,2.93673309,1.796621469,2.25382682,5.530915254,7.501072348,6.805,23.61225636,118.3333333,26.45300275,0.96837,23.36679,29.089,18.4739,70.35296,1.72845,1.629,0.15,1.779,0.026,1.8,0.047,68.4230769230769
2024/10/7,0.01,3.891131748,2.655126138,3.699211315,8.421385593,7.78856815,6.833333333,21.4706403,145,27.04745276,2.14822,23.94791,28.6621,19.1547,61.562,1.557275,1.709,0.07,1.779,0.017,1.985,0.045,104.647058823529
2024/10/8,0.01,3.438124058,2.204155367,3.230045433,7.26377409,7.652285272,6.89,24.59538108,160,26.75841094,2.15279,20.83337,24.6509,15.5861,59.31146,1.3861,1.709,0.069,1.778,0.035,1.911,0.042,50.8
2024/10/9,0.01,2.67369264,1.423868762,2.18551126,5.253920315,6.72603127,6.776,28.4617959,146.6666667,26.62956583,1.70708,20.55631,24.7746,15.0603,46.21887,1.214925,1.71,0.115,1.825,0.026,1.856,0.047,70.1923076923077
2024/10/10,0.140536605,2.426225439,1.346805673,1.738122528,4.147457313,6.705536802,6.748333333,25.22673403,156.6666667,26.10820135,2.13294,20.50184,22.5198,18.953,62.90887,1.04375,1.714,0.09,1.803,0.022,1.948,0.046,81.9545454545455
2024/10/11,0.238339532,2.60297183,1.432520402,2.169593063,4.857197583,7.213679928,6.803333333,23.97327511,163.3333333,26.09554065,1.5119,22.97363,27.1257,19.0699,71.2665,0.872575,1.662,0.23,1.892,0.005,1.905,0.045,378.4
2024/10/12,0.01,3.554418746,2.350572191,3.615094358,7.579008553,7.408464846,6.851666667,21.62635389,170,26.06308839,1.42016,22.39588,25.392,19.6711,78.60491,0.7014,1.596,0.12,1.717,0.008,1.724,0.046,214.625
2024/10/13,0.01,4.760641753,3.651098635,4.451906034,10.94581097,8.002217396,6.85,19.83323156,173.3333333,26.60829473,1.65003,20.32548,23.6985,18.142,77.04055,0.5344,1.576,0.157,1.733,0.021,1.805,0.039,82.5238095238095
2024/10/14,0.01,6.227771736,3.48408355390909,6.824822583,15.75163041,8.889740819,6.896666667,18.19448258,180,27.10443252,1.70134,20.32607,24.6723,16.5607,70.04162,0.803047058823529,1.581,0.159,1.74,0.022,1.742,0.042,79.0909090909091
2024/10/15,0.01,6.295305242,3.31706847281818,7.65370951,17.84389481,9.1979836,6.933333333,18.11961605,170,27.453162,2.41191,22.68636,26.7781,16.6583,48.19416,1.07169411764706,1.633,0.102,1.735,0.023,1.835,0.042,75.4347826086957
2024/10/16,0.01,6.362838748,3.15005339172727,6.336689148,16.6390807,9.357721045,6.911666667,17.788838,156.6666667,27.70976004,2.33864,22.05378,22.894,20.6264,62.15087,1.34034117647059,1.528,0.124,1.652,0.026,1.848,0.036,63.5384615384615
2024/10/17,0.01,4.702178084,2.98303831063636,4.187597772,11.55565729,8.531007062,6.938333333,18.31165643,150,27.66249835,2.26537,20.59476,23.6343,17.731,68.0088,1.60898823529412,1.493,0.061,1.555,0.008,1.649,0.028,194.375
2024/10/18,0.01,5.582466376,2.81602322954545,5.22260299,13.97853115,9.195396304,6.876666667,18.05605516,150,28.12257706,1.28046,20.31258,25.2396,16.8785,73.19521,1.87763529411765,1.487,0.111,1.598,0.017,1.66,0.031,94
2024/10/19,0.01,5.554226577,2.64900814845455,5.548097065,15.98759946,9.208214611,7.125,17.40306725,140,28.33359149,1.2746,22.7784,28.2519,17.1684,67.64471,2.14628235294118,1.367,0.144,1.511,0.024,1.526,0.03,62.9583333333333
2024/10/20,0.01,5.140068895,2.48199306736364,3.498333019,11.50330968,8.496863858,6.918333333,17.54206909,138.3333333,28.02064944,1.37597,22.69866,28.4116,17.9823,63.623,2.41492941176471,1.338,0.149,1.487,0.026,1.594,0.031,57.1923076923077
2024/10/21,0.01,4.056762006,2.31497798627273,1.441316894,7.461456803,7.913511456,6.901666667,18.22206215,136.6666667,27.905957,1.87025,20.59267,23.133,18.1947,65.62566,2.68357647058824,1.341,0.103,1.443,0.005,1.526,0.037,288.6
2024/10/22,0.01,5.039682125,2.14796290518182,1.48615984,8.680701899,8.024069523,6.863333333,18.02288673,128.3333333,28.10819076,1.56768,17.37349,24.8612,10.4933,56.37909,2.95222352941177,1.435,0.107,1.541,0.01,1.57,0.03,154.1
2024/10/23,0.038449074,6.047544609,1.98094782409091,2.089091416,10.66956266,8.078014242,6.851666667,18.56206709,153.3333333,28.4128258,1.46091,16.44751,22.4809,10.355,61.18225,3.22087058823529,1.417,0.106,1.523,0.025,1.582,0.027,60.92
2024/10/24,0.745581529,3.754799679,1.813932743,1.494483196,8.572756963,6.797604892,6.846666667,18.68057159,170,27.70473441,1.47611,18.21195,24.9168,11.4392,66.13996,3.48951764705882,1.431,0.124,1.556,0.025,1.732,0.034,62.24
2024/10/25,1.193238975,3.511246234,0.240696328,2.231129747,8.023301946,6.488128806,6.827142857,19.4960443,174.2857143,27.52268766,0.8644,21.09566,25.2803,15.4501,70.69516,3.75816470588235,1.497,0.143,1.64,0.024,1.69,0.032,68.3333333333333
2024/10/26,1.112123862,3.127607933,0.185912547,2.066735954,7.131094711,6.440117859,6.838333333,19.51487735,173.3333333,27.38506442,0.94538,20.82908,24.9202,17.3401,75.60334,4.02681176470588,1.658,0.281,1.939,0.02,1.981,0.034,96.95
2024/10/27,1.076880022,4.256938912,0.70621053,3.092690717,10.23368734,6.990038253,6.846666667,17.05258478,173.3333333,27.27198066,1.20207,21.29732,27.2418,16.5539,72.59346,4.29545882352941,1.559,0.117,1.676,0.033,1.749,0.036,50.7878787878788
2024/10/28,1.273307988,4.139915686,0.645077605,3.009489093,9.858956019,7.031682125,6.84,23.87669393,176.6666667,26.77462555,1.13729,21.67449,25.2409,16.3616,69.79112,4.56410588235294,1.662,0.142,1.804,0.037,1.828,0.065,48.7567567567568
2024/10/29,0.759276915,4.85103174,1.011754708,3.922153523,11.61505905,7.725415097,6.913333333,26.27834416,156.6666667,26.58866196,1.13115,21.55701,24.0985,19.3478,74.35546,4.83275294117647,1.682,0.106,1.788,0.032,1.993,0.033,55.875
2024/10/30,0.394467632,6.432972575,1.063738073,6.976556183,15.50317298,6.83063881,6.978333333,20.84289732,156.6666667,26.00152746,1.34017,22.3134,27.0594,19.4206,78.00741,5.1014,1.659,0.043,1.702,0.022,1.801,0.034,77.3636363636364
2024/10/31,0.096492938,6.041695347,0.776992624,5.319869664,13.46357961,6.830439226,6.94,21.44884397,176.6666667,25.98265807,1.23915,24.24322,28.8492,20.1288,72.65534,0.1336,1.623,0.129,1.752,0.031,1.802,0.032,56.5161290322581
2024/11/1,0.154146853,4.512645559,0.129520519,4.104826467,9.432106952,6.41711323,6.98,21.02082172,152,25.87274816,1.04654,22.77759,26.9686,20.5938,77.48734,0.2166,1.602,0.21,1.812,0.027,1.961,0.03,67.1111111111111
2024/11/2,0.156319719,3.482151797,0.010605108,3.215186911,7.04250565,7.072095614,6.958333333,20.89285574,178.3333333,26.4087826,1.68424,22.6336,28.6039,18.5749,65.1378,2.7647,1.764,0.083,1.847,0.021,1.921,0.038,87.9523809523809
2024/11/3,0.094665529,3.712998117,0.016784369,3.515613112,7.507220927,7.852767969,7.021666667,19.03948305,168.3333333,26.10994629,2.47435,18.56351,22.4937,16.0714,63.50825,5.3128,1.801,0.109,1.91,0.038,1.924,0.041,50.2631578947368
2024/11/4,0.278800298,5.276422081,0.01,7.386179575,12.76765321,8.022285742,7.111666667,17.30449431,183.3333333,25.67299102,1.2249,14.85168,16.7347,14.1861,85.18266,7.8609,1.611,0.077,1.688,0.022,2.406,0.084,76.7272727272727
2024/11/5,0.284744625,4.04920849,0.012130532,3.839140301,8.37137857,7.610359895,7.031666667,15.49272281,188.3333333,25.72092349,1.10092,14.8741,16.0161,14.1707,89.75025,5.06215,1.611,0.077,1.688,0.022,2.406,0.084,76.7272727272727
2024/11/6,0.658232855,3.619208216,0.01,3.809065364,7.854179653,7.091903406,7.031666667,14.69545053,175,25.31740446,1.66564,15.77715,18.2936,13.963,77.63291,2.2634,1.763,0.133,1.896,0.047,2.376,0.08,40.3404255319149
2024/11/7,0.550196563,2.116913685,0.01,1.380876805,3.933594554,6.17918338,7.065,14.67531191,180,24.97817738,1.17591,15.72835,18.16,13.9784,72.43491,2.6342,1.7,0.098,1.798,0.043,2.432,0.083,41.8139534883721
2024/11/8,0.622965631,2.425807046,0.010246234,2.144749176,4.950628688,6.789796728,7.13,12.85773497,196.6666667,25.16791427,1.29312,15.93546,18.7505,13.7532,74.02605,3.005,1.708,0.118,1.826,0.035,2.475,0.088,52.1714285714286
2024/11/9,1.003461668,2.091653052,0.015168981,3.730439109,5.914508004,7.632286488,7.163333333,12.8186115,231.6666667,25.32056073,1.11005,17.02752,21.3145,13.0531,76.61584,3.3758,1.827,0.055,1.882,0.018,2.38,0.085,104.555555555556
2024/11/10,0.853005807,2.865451114,0.01,6.11469672,8.746604912,7.709866604,7.225,11.98261252,220,25.53438681,1.13194,16.06326,17.6775,14.2148,85.86884,15.8758,1.716,0.171,1.887,0.039,2.293,0.077,48.3846153846154
2024/11/11,0.332567404,2.649732384,0.010168197,3.09250973,6.10162653,7.463354559,7.381666667,11.88932486,210,25.84112712,1.9178,13.48689,19.7037,8.2176,63.41746,10.591,1.741,0.043,1.784,0.022,2.508,0.09,81.0909090909091
2024/11/12,0.059136496,2.049608012,0.010716102,1.987474027,4.183194837,7.149125902,7.28,12.07308655,193.3333333,25.3948247,1.5421,11.78093,19.0691,5.467,61.40807,5.3062,1.727,0.072,1.799,0.035,2.661,0.102,51.4
2024/11/13,0.164945739,2.681068071,0.01,3.994827723,6.429234856,7.276854481,7.251666667,12.16769452,216,25.58924718,1.52071,10.61144,18.3228,3.8844,54.82584,0.0214,1.723,0.108,1.831,0.036,2.532,0.076,50.8611111111111
2024/11/14,0.390117781,1.769110523,0.010076742,1.399502903,3.353103853,6.754354363,7.246666667,11.42886327,226.6666667,25.58900263,1.38457,9.9027,18.345,3.69,59.77991,0.0814666666666667,1.824,0.114,1.938,0.043,2.293,0.076,45.0697674418605
2024/11/15,0.541104405,1.932606862,0.010798469,1.201855615,3.399660709,7.129759308,7.265,10.49617846,211.6666667,26.00212631,0.93663,11.42091,18.0136,4.2364,67.81187,0.141533333333333,1.738,0.065,1.803,0.022,2.291,0.07,81.9545454545455
2024/11/16,0.282131827,2.266820072,0.255652778,0.676418354,3.277149247,6.382915568,7.043333333,10.84959165,231.6666667,25.63029681,0.8475,13.61767,22.3862,7.7484,68.77916,0.2016,1.925,0.139,2.064,0.042,2.457,0.066,49.1428571428571
2024/11/17,0.010056497,2.181764713,0.54260299,1.978149443,3.756591729,6.539335295,7.265,10.46662245,218.3333333,25.98028245,1.04203,14.55158,23.1424,9.3639,71.54871,0.261666666666667,1.999,0.056,2.055,0.013,2.347,0.066,158.076923076923
2024/11/18,0.075981246,2.292316149,1.146377276,1.088061794,3.092765968,6.746635358,7.041666667,12.29043672,230,25.52699969,1.15182,16.52715,23.2186,9.3044,75.83041,0.321733333333333,1.937,0.115,2.052,0.031,2.271,0.061,66.1935483870968
2024/11/19,0.016578154,1.96568852,1.075159291,0.311437108,2.284189697,5.259954881,7.025,12.73136088,226.6666667,24.904244,1.05988,16.6203,21.6279,13.1032,75.21605,0.3818,1.91,0.118,2.028,0.025,2.249,0.07,81.12
2024/11/20,0.229805085,1.818617153,0.370243958,0.042195621,1.897738936,5.227285703,6.933333333,12.80505442,223.3333333,24.43154814,1.051,16.43087,22.7536,12.7556,72.42421,0.441866666666667,1.881,0.144,2.025,0.029,2.328,0.07,69.8275862068965
2024/11/21,0.321912037,1.969698839,0.28448772,0.010152778,1.637322269,5.223380493,6.935,12.68326915,210,24.02651644,1.34884,15.93133,22.4569,12.1758,71.50896,0.501933333333333,1.996,0.202,2.198,0.037,2.266,0.071,59.4054054054054
2024/11/22,0.560776095,2.277051691,0.155293037,0.01352354,2.104711061,5.922930086,6.956666667,12.89033202,206.6666667,23.79575917,2.0286,14.99322,18.0282,12.216,70.39471,0.562,1.976,0.146,2.122,0.019,2.296,0.062,111.684210526316
2024/11/23,0.117489917,2.431237249,0.759390929,0.032686558,1.770144382,5.913082902,7.02,12.29692691,250,23.29282949,1.87496,11.60555,13.3297,10.034,73.5525,0.622066666666667,1.934,0.141,2.075,0.029,2.192,0.056,71.551724137931
2024/11/24,0.01,2.462939933,2.356500471,0.040266243,1.675326428,6.046367389,7.051666667,11.59047003,268.3333333,23.06453684,1.00672,13.45664,16.3219,10.2785,72.46496,0.682133333333333,1.85,0.069,1.919,0.009,2.117,0.063,213.222222222222
2024/11/25,0.01,2.544202252,2.299424043,0.985805909,3.367394068,6.033876922,7.04,11.5904743,263.3333333,22.88175761,1.06026,14.99177,21.0721,11.6983,75.63659,0.7422,1.9,0.05,1.95,0.008,2.104,0.068,243.75
2024/11/26,0.01,2.65406148,2.220921453,0.537670943,3.143834,5.941515733,7.025,12.83377927,235,22.76846081,1.73381,15.3322,22.6894,11.3254,67.46866,0.802266666666667,1.886,0.059,1.945,0.007,2.457,0.095,277.857142857143
2024/11/27,0.01,2.755242249,2.09646241,0.693698767,3.205536273,5.876216479,7.016666667,13.89254882,226.6666667,22.52854529,1.50676,12.5684,14.1227,10.4416,75.35409,0.862333333333333,1.876,0.071,1.947,0.004,2.424,0.094,486.75
2024/11/28,0.015217391,3.140127339,1.656912025,2.18016538,5.30654351,6.503792794,7.023333333,18.88386814,216.6666667,22.15890897,3.02346,11.36414,14.3967,9.1353,63.50041,0.9224,2.01,0.117,2.127,0.031,2.388,0.081,68.6129032258064
2024/11/29,0.020434783,3.525012429,1.21736164,3.666631992,7.407550747,7.131369109,7.018,23.87518746,215,21.78927265,1.70543,8.91023,14.3758,3.9092,57.7733,0.982466666666666,2.041,0.098,2.139,0.011,2.669,0.089,194.454545454545
2024/11/30,0.025652174,3.909897519,0.777811255,5.153098605,9.508557983,7.758945424,6.978333333,28.86650677,233.3333333,21.41963632,1.64369,9.24179,14.8815,3.201,49.37125,1.04253333333333,1.997,0.075,2.072,0.012,2.51,0.085,172.666666666667
2024/12/1,0.030869565,4.294782609,0.33826087,6.639565217,11.60956522,8.386521739,7.023333333,33.85782609,226.6666667,21.05,1.22265,8.60556,16.9967,2.939,58.34784,1.1026,1.889,0.188,2.077,0.02,2.524,0.089,103.85
2024/12/2,0.147048407,4.44837175,0.89606578890625,5.564529092,12.5484791,9.089441164,7.028333333,29.28157447,216.6666667,21.07725028,1.06757,9.62966,18.7946,2.4406,63.11371,1.16266666666667,2.523,0.122,2.645,0.012,2.712,0.104,220.416666666667
2024/12/3,0.26322725,4.60196089,1.4538707078125,4.489492967,13.48739297,9.79236059,7.173333333,24.70532284,205,21.10450057,1.55745,9.88785,18.0543,3.0356,53.16084,1.22273333333333,2.407,0.142,2.549,0.016,2.733,0.105,159.3125
2024/12/4,0.379406092,4.755550031,2.01167562671875,3.414456841,14.42630685,10.49528001,7.185,20.12907122,216.6666667,21.13175085,1.19326,6.52048,14.0324,1.061,61.07562,1.2828,2.336,0.122,2.458,0.012,2.677,0.05,204.833333333333
2024/12/5,0.495584934,4.909139171,2.569480546,2.339420716,15.36522072,11.19819944,7.275,15.55281959,206.6666667,21.15900113,1.09285,8.40285,16.795,0.4504,69.39321,1.34286666666667,1.881,0.062,1.943,0.06,2.497,0.065,32.3833333333333
2024/12/6,0.325606325,4.281264124,2.66159686,1.278713473,13.66871634,10.8182695,7.283333333,15.91189309,226.6666667,20.80351569,1.66215,10.07654,17.9447,3.8575,61.21125,1.40293333333333,1.946,0.151,2.097,0.077,2.582,0.055,27.2337662337662
2024/12/7,0.81129818,4.11680583,2.753713174,1.502624372,13.26118334,10.43506423,7.108333333,16.40543479,213.3333333,20.5257693,1.12927,9.3744,15.9417,4.0081,65.37146,1.463,1.996,0.053,2.05,0.042,2.431,0.045,48.8095238095238
2024/12/8,0.255892498,3.239169217,2.845829488,2.1466414,9.3372961,9.179914705,7.035,17.49297242,210,20.20792479,1.13247,9.85894,16.1643,4.8097,64.6635,1.52306666666667,1.979,0.148,2.127,0.045,2.441,0.073,47.2666666666667
2024/12/9,0.069319405,2.83430689,1.238424945,2.688183067,7.320213041,8.518684401,6.965,17.91674047,206.6666667,20.27041157,0.94642,11.51114,19.0156,4.5558,71.51959,1.58313333333333,1.976,0.084,2.059,0.002,2.374,0.043,1029.5
2024/12/10,0.548151169,3.181024011,1.216702448,3.167240348,8.942782878,9.183542883,6.988333333,16.046744,203.3333333,20.67503406,0.96029,13.63582,17.3286,9.1849,81.54546,1.6432,1.934,0.16,2.094,0.002,2.353,0.04,1047
2024/12/11,0.266150934,3.292988308,1.50769005,3.6269211,9.368296846,9.021009848,6.998333333,15.27432513,203.3333333,20.75407309,1.44216,13.69282,15.7476,11.0861,70.34446,1.58321153846154,1.85,0.108,1.959,0.009,2.542,0.041,217.666666666667
2024/12/12,0.041393793,3.433917648,1.356711354,3.973618252,9.62945849,8.511191659,7.015,16.42298034,220,20.34400993,1.8377,9.31414,15.3118,2.5408,55.37412,1.52322307692308,1.9,0.154,2.054,0.007,2.532,0.047,293.428571428571
2024/12/13,0.045056772,2.423352401,0.590668393,2.105011496,5.565330626,7.991193346,7.013333333,18.21236609,250,20.3315064,1.06322,7.73417,15.37,1.7538,67.26875,1.46323461538462,1.886,0.054,1.94,0.001,2.597,0.05,1940
2024/12/14,0.016056262,2.352351891,0.489047826,2.048232541,5.226443424,7.891918471,7.045,18.17875102,270,19.99358836,1.16315,10.15527,19.6625,2.9677,70.39262,1.40324615384615,1.876,0.164,2.04,0.002,2.436,0.043,1020
2024/12/15,0.011882533,2.201234738,0.387610876,1.802791235,4.685514752,7.783214375,7.035,18.53062449,268.3333333,19.59382301,1.17229,10.88191,19.6463,4.9519,69.035,1.34325769230769,2.01,0.082,2.092,0.005,2.584,0.042,418.4
2024/12/16,0.018916196,2.23041545,0.376321132,1.886685656,4.782228147,7.93109479,7.081666667,17.97095771,270,19.29926385,1.08892,11.18246,19.3217,5.5205,70.77037,1.28326923076923,2.004,0.149,2.152,0.013,2.598,0.045,165.538461538462
2024/12/17,0.012774051,2.17744519,0.294943738,1.869459118,4.645596869,8.115401248,7.031666667,18.11742765,290,18.95111084,0.93544,11.48951,20.778,5.8237,73.49684,1.22328076923077,2.041,0.052,2.093,0.005,2.656,0.037,418.6
2024/12/18,0.010593887,2.751966729,0.611709667,2.977040411,6.611404229,8.436410782,7.091666667,17.21248136,295,18.59003727,1.28279,10.70291,18.9428,4.1918,64.1683,1.16329230769231,1.997,0.072,2.069,0.037,2.683,0.091,55.9189189189189
2024/12/19,0.010857305,2.64674129,0.611643832,2.874582941,6.398634612,8.604171179,7.15,16.91740953,320,18.21250812,1.22229,10.20257,18.4684,2.9646,67.3538,1.10330384615385,1.889,0.059,1.948,0.038,2.513,0.0785,51.2631578947368
2024/12/20,0.010815913,2.549791941,0.501486621,2.561168432,5.943172159,8.652920355,7.132,16.96435362,335,18.02190137,1.13456,10.37247,18.9402,4.1041,69.1945,1.04331538461538,1.899,0.05,1.949,0.039,2.567,0.066,49.974358974359
2024/12/21,0.043219044,3.306150267,0.948489956,3.695111464,8.63598054,9.201974184,7.166666667,16.31996112,336.6666667,17.96392467,1.19664,9.64494,19.7465,3.1788,65.05725,0.983326923076923,1.984,0.159,2.143,0.041,2.516,0.054,52.2682926829268
2024/12/22,0.015586354,3.083616525,0.949744743,3.20923666,7.719560499,9.02633965,7.196666667,16.60458765,331.6666667,17.45028441,1.0152,9.86763,17.9909,2.6384,66.79784,0.923338461538461,2.003,0.119,2.122,0.017,2.469,0.039,124.823529411765
2024/12/23,0.27329457,2.960933537,1.307469123,2.656870213,7.71337551,9.45336939,7.243333333,17.45838748,340,17.12136574,0.89063,10.66086,18.5467,4.6145,69.5973,0.86335,2.031,0.125,2.156,0.035,2.614,0.047,61.6
2024/12/24,1.718931811,5.379092436,3.022767812,5.874977911,17.71455889,10.87510111,7.291666667,15.45716149,308.3333333,17.35078355,1.87778,11.90343,17.2566,5.2465,49.48509,0.803361538461538,1.995,0.089,2.084,0.035,2.552,0.068,59.5428571428571
2024/12/25,1.089856996,4.267688361,3.046961699,4.855693631,14.32093713,10.20042221,7.166666667,13.69408076,328.3333333,17.01631759,2.18974,8.31195,14.2876,2.104,53.7545,0.743373076923077,1.98,0.148,2.128,0.028,2.613,0.043,76
2024/12/26,1.03843523428571,4.25070029761905,3.0563237932381,4.76283051842857,14.1689245085714,10.2649100414286,7.478,13.9930139380952,306.6666667,16.981646662381,1.57969,6.03457,13.4424,-0.3126,55.13825,0.683384615384615,1.986,0.158,2.144,0.034,2.73,0.072,63.0588235294118
2024/12/27,0.987013472571429,4.2337122342381,3.06568588747619,4.66996740585714,14.0169118871429,10.3293978728571,7.173333333,14.2919471161905,323.3333333,16.9469757347619,1.18247,7.10219,17.7122,-0.9099,50.79705,0.623396153846154,2.04,0.106,2.146,0.038,2.54,0.06,56.4736842105263
2024/12/28,0.935591710857143,4.21672417085714,3.07504798171429,4.57710429328571,13.8648992657143,10.3938857042857,7.301666667,14.5908802942857,296.6666667,16.9123048071429,1.03991,8.18075,18.9128,-0.7027,56.37375,0.563407692307692,2.055,0.153,2.207,0.028,2.49,0.041,78.8214285714286
2024/12/29,0.884169949142857,4.19973610747619,3.08441007595238,4.48424118071429,13.7128866442857,10.4583735357143,7.123333333,14.889813472381,306.6666667,16.8776338795238,1.03767,10.80249,21.4455,2.2927,65.2125,0.503419230769231,1.955,0.167,2.122,0.041,2.47,0.047,51.7560975609756
2024/12/30,0.832748187428571,4.18274804409524,3.09377217019048,4.39137806814286,13.5608740228571,10.5228613671429,7.15,15.1887466504762,306.6666667,16.8429629519048,1.58568,11.14051,19.4044,3.994,56.00675,0.443430769230769,1.953,0.171,2.124,0.029,2.783,0.03,73.2413793103448
2024/12/31,0.781326425714286,4.16575998071429,3.10313426442857,4.29851495557143,13.4088614014286,10.5873491985714,7.15,15.4876798285714,280,16.8082920242857,1.21666,8.50212,16.6726,1.4425,54.28455,0.383442307692308,1.934,0.124,2.058,0.029,2.337,0.042,70.9655172413793
2025/1/1,0.729904664,4.14877191733333,3.11249635866667,4.205651843,13.25684878,10.65183703,7.27166666666667,15.7866130066667,285,16.7736210966667,1.00176,7.95151,17.0241,0.3729,55.85596,0.323453846153846,1.918,0.166,2.084,0.025,2.44,0.031,83.36
2025/1/2,0.678482902285714,4.13178385395238,3.12185845290476,4.11278873042857,13.1048361585714,10.7163248614286,7.39333333333333,16.0855461847619,290,16.7389501690476,0.86944,9.73522,18.3095,1.6463,58.32655,0.263465384615384,2.003,0.129,2.131,0.028,2.583,0.054,76.1071428571428
2025/1/3,0.627061140571429,4.11479579057143,3.13122054714286,4.01992561785714,12.9528235371429,10.7808126928571,7.515,16.3844793628571,295,16.7042792414286,0.84011,10.51565,20.6431,3.4408,57.34687,0.203476923076923,2.049,0.119,2.168,0.029,2.404,0.042,74.7586206896552
2025/1/4,0.575639378857143,4.09780772719048,3.14058264138095,3.92706250528571,12.8008109157143,10.8453005242857,7.142,16.6834125409524,310,16.6696083138095,1.21816,10.73842,21.2049,2.6538,59.72337,0.143488461538462,2.085,0.078,2.163,0.023,2.393,0.042,94.0434782608696
2025/1/5,0.524217617142857,4.08081966380952,3.14994473561905,3.83419939271429,12.6487982942857,10.9097883557143,7.115,16.9823457190476,310,16.6349373861905,1.60928,13.50161,21.1856,3.6686,50.55696,0.0835,2.086,0.111,2.197,0.029,2.663,0.04,75.7586206896552
2025/1/6,0.472795855428571,4.06383160042857,3.15930682985714,3.74133628014286,12.4967856728571,10.9742761871429,7.21,17.2812788971429,308.3333333,16.6002664585714,1.00771,13.18303,19.7105,9.4889,70.86325,0.2993,2.041,0.098,2.139,0.007,2.387,0.034,305.571428571429
2025/1/7,0.421374093714286,4.04684353704762,3.16866892409524,3.64847316757143,12.3447730514286,11.0387640185714,7.191666667,17.5802120752381,310,16.5655955309524,1.01919,14.46835,23.6134,8.9558,62.82841,0.954975,1.959,0.108,2.067,0.012,2.403,0.037,172.25
2025/1/8,0.369952332,4.02985547366667,3.17803101833333,3.555610055,12.19276043,11.10325185,7.126666667,17.8791452533333,313.3333333,16.5309246033333,1.48873,16.06048,22.2505,9.7175,62.88646,1.61065,1.916,0.227,2.143,0.017,2.665,0.048,126.058823529412
2025/1/9,0.318530570285714,4.01286741028571,3.18739311257143,3.46274694242857,12.0407478085714,11.1677396814286,7.13,18.1780784314286,310,16.4962536757143,1.83447,16.75851,22.3893,10.3346,61.23355,2.266325,1.925,0.2255,2.623,0.021,2.711,0.042,124.904761904762
2025/1/10,0.267108808571429,3.99587934690476,3.19675520680952,3.36988382985714,11.8887351871429,11.2322275128571,7.103333333,18.4770116095238,325,16.4615827480952,2.5197,8.91441,12.8198,6.1449,67.55887,2.922,1.886,0.224,2.11,0.024,2.599,0.043,87.9166666666667
2025/1/11,0.215687046857143,3.97889128352381,3.20611730104762,3.27702071728571,11.7367225657143,11.2967153442857,7.076666667,18.775944787619,326.6666667,16.4269118204762,1.95183,7.91289,14.798,2.8863,47.7685,3.5165,1.927,0.186,2.113,0.022,2.643,0.05,96.0454545454545
2025/1/12,0.164265285142857,3.96190322014286,3.21547939528571,3.18415760471429,11.5847099442857,11.3612031757143,7.07,19.0748779657143,320,16.3922408928571,1.55569,7.75155,16.354,1.3663,47.53391,4.111,1.263,0.171,1.434,0.017,2.563,0.045,84.3529411764706
2025/1/13,0.112843523428571,3.9449151567619,3.22484148952381,3.09129449214286,11.4326973228571,11.4256910071429,7.165,19.3738111438095,333.3333333,16.3575699652381,1.14133,9.86833,18.3189,1.1586,49.35612,4.7055,1.954,0.203,2.157,0.028,2.441,0.044,77.0357142857143
2025/1/14,0.0614217617142858,3.92792709338095,3.2342035837619,2.99843137957143,11.2806847014286,11.4901788385714,7.19,19.6727443219048,331.6666667,16.322899037619,1.49512,13.15225,20.5536,5.2666,51.99996,5.3,1.954,0.122,2.076,0.017,2.463,0.049,122.117647058824
2025/1/15,0.01,3.91093903,3.243565678,2.905568267,11.12867208,11.55466667,7.271666667,19.9716775,340,16.28822811,1.34424,15.01486,22.3614,7.6456,61.33871,5.8945,2.067,0.044,2.112,0.018,2.488,0.044,117.333333333333
2025/1/16,0.038385358,3.536480187,2.95427154,2.351654033,9.306196485,11.38614254,7.28,18.66042852,345,16.08760005,0.82484,14.77195,18.7766,9.9187,76.00666,6.489,1.833,0.093,1.927,0.019,2.47,0.05,101.421052631579
2025/1/17,0.010041784,3.256329685,2.145324113,2.441386731,7.965368056,10.8457509,7.176666667,20.34511405,348.3333333,16.00425102,1.48283,14.60326,20.6342,10.4246,78.27284,7.0835,2.124,0.126,2.25,0.016,2.409,0.046,140.625
2025/1/18,0.01,3.619419374,2.130396186,3.198122528,9.154141008,10.57754983,7.105,21.48814422,350,15.725666,1.7618,9.4059,10.6558,6.2955,74.34446,1.9033,2.183,0.212,2.395,0.024,2.585,0.04,99.7916666666667
2025/1/19,0.01,4.279693464,2.687186676,3.975173062,11.19486841,11.24991949,7.136666667,20.27715807,368.3333333,15.97923234,1.55799,7.94618,15.2964,1.872,62.59121,2.9541,2.165,0.199,2.364,0.023,2.495,0.041,102.782608695652
2025/1/20,0.013734816,3.606339179,2.504945465,2.933089964,9.06834373,10.99475938,7.135,20.19169225,360,15.90840066,0.91588,10.77435,16.807,1.1505,55.85721,4.0049,2.194,0.184,2.378,0.011,2.882,0.058,216.181818181818
2025/1/21,0.029899247,3.840392577,2.692999019,3.516125078,10.22832129,11.38127158,7.241666667,21.23714874,370,16.03161558,1.10833,9.14904,10.9092,7.9629,83.7553,5.0557,2.221,0.176,2.397,0.012,2.734,0.053,199.75
2025/1/22,0.011337688,3.791620606,2.799397717,3.439908898,9.949607855,11.34316792,7.328333333,19.7891948,378.3333333,16.20747724,2.10196,8.35864,10.207,6.1992,66.76171,0.4877,2.236,0.288,2.523,0.018,2.797,0.056,140.166666666667
2025/1/23,0.021497764,3.944324035,2.923919688,3.733436833,10.66269441,11.09076224,7.3,19.11930767,376.6666667,16.51526338,1.84229,8.42075,15.0292,2.5481,51.64559,0.54078,2.195,0.066,2.26,0.009,2.823,0.055,251.111111111111
2025/1/24,0.019405485,4.102014791,3.067551632,4.019350282,11.50182517,11.01803335,7.346666667,19.2072928,365,16.75525683,1.27479,8.26278,16.4816,1.5072,56.80309,0.59386,2.128,0.172,2.3,0.01,2.807,0.057,230
2025/1/25,0.075383475,3.9157992,2.682503845,4.010972065,10.97331309,10.60758667,7.316666667,20.50474133,351.6666667,16.81424105,1.00591,10.1295,16.4696,1.9863,61.03905,0.64694,2.442,0.039,2.481,0.007,2.797,0.056,354.428571428571
2025/1/26,0.032802378,3.857321367,2.06081713,4.147742977,10.47418177,9.804371194,7.201666667,23.48328025,340,16.60275655,1.15308,15.66144,21.696,6.654,65.42525,0.70002,2.265,0.333,2.598,0.03,3.02,0.072,86.6
2025/1/27,0.289567404,3.352996979,0.931919531,3.371661841,8.637714532,9.632352244,7.153333333,25.85128127,340,16.61374753,1.32342,17.67857,22.2072,13.2467,68.83375,0.7531,2.141,0.271,2.412,0.027,2.925,0.074,89.3333333333333
2025/1/28,0.362782094,3.274368879,0.894885632,3.052681772,8.199566894,9.687929025,7.13722222191667,23.37561307,335,16.48291125,1.3282,13.90327,16.8686,11.7956,69.54787,0.8975625,2.402,0.209,2.611,0.026,3.043,0.074,100.423076923077
2025/1/29,0.592597301,2.925466965,0.376484895,2.6626414,7.170577801,9.320921885,7.12111111083333,25.36902939,330,16.49617957,1.82437,14.97241,22.1952,10.2198,70.478,1.042025,2.365,0.3,2.665,0.048,3.55,0.058,55.5208333333333
2025/1/30,0.622665097,2.628274639,0.307255257,2.132157996,6.102673297,9.035212845,7.105,24.28737029,325,16.5773402,1.21832,17.63816,25.2002,9.9565,68.13775,1.1864875,2.464,0.266,2.73,0.02,2.898,0.053,136.5
2025/1/31,0.719263771,2.704053829,0.482759024,2.038504002,6.357973242,9.361902503,7.08888888866667,22.80856544,320,16.58392126,1.58938,17.84103,25.0183,12.8446,63.48984,1.33095,2.395,0.321,2.716,0.018,3.027,0.054,150.888888888889
2025/2/1,0.560016047,2.64272489,0.517090513,1.854529347,5.94386217,9.16593699,7.07277777758333,21.14337661,315,16.52710636,1.48515,15.29549,18.0175,12.2353,64.10862,1.4754125,1.992,0.334,2.326,0.019,2.964,0.065,122.421052631579
2025/2/2,0.280713826,3.034407761,0.881194131,2.240422591,6.822715121,9.280802378,7.056666667,19.95868648,310,16.35774098,1.4634,13.79529,17.5658,11.6474,59.88462,1.619875,2.524,0.275,2.799,0.015,3.011,0.052,186.6
2025/2/3,0.287146461,2.992498705,0.62605018,2.118842828,6.536784761,9.235624411,7.04055555541667,20.23321712,305,16.15363395,2.3612,14.46366,18.8867,11.1717,61.05325,1.7643375,2.146,0.195,2.341,0.02,2.684,0.05,117.05
2025/2/4,0.545168589,2.742146069,0.318008043,1.489959746,5.64150361,9.344233482,7.02444444433333,20.51296536,300,16.61382619,2.27994,14.83198,19.8399,11.7408,70.709,1.9088,2.527,0.121,2.649,0.013,2.667,0.044,203.769230769231
2025/2/5,0.69484475,2.560704292,0.1401824,1.366920159,5.272093573,8.941077841,7.008333333,21.76977382,295,16.49584871,1.49753,13.07452,15.686,11.447,78.40666,1.7235,2.531,0.203,2.734,0.022,2.736,0.057,124.272727272727
2025/2/6,0.808062108,2.569134534,0.063266243,1.424442561,5.450439226,8.740009495,6.99222222216667,22.30585138,290,16.25774164,1.45306,11.86385,14.5347,9.8957,79.8863,4.478,2.27,0.181,2.451,0.023,2.543,0.043,106.565217391304
2025/2/7,0.963734973,2.603716612,0.055207902,1.443312539,5.624241015,8.655110366,6.97611111108333,24.00558726,285,16.10702578,1.92174,10.8934,13.8072,9.0826,73.48821,0.6367,2.446,0.107,2.553,0.013,2.616,0.048,196.384615384615
2025/2/8,0.763525973,2.221111503,0.012340552,0.793759495,4.10614599,8.495360562,6.96,23.91121704,280,16.05244378,1.9872,10.60785,15.4154,8.6664,65.83255,1.0606,2.413,0.182,2.594,0.02,2.624,0.044,129.7
2025/2/9,0.732388928,2.297892498,0.035748588,0.879813089,4.29045237,8.576199976,6.945,23.34289144,275,16.01307635,1.25435,13.16851,17.5452,8.3953,67.65737,1.4845,2.653,0.01,2.663,0.058,2.88,0.073,45.9137931034483
2025/2/10,0.763459707,2.635747214,0.137505179,1.292495645,5.332114289,8.933130257,6.958333333,23.69855944,260,15.94153496,1.26439,13.92414,16.8477,11.0308,74.57796,1.14515,2.579,0.148,2.726,0.02,2.794,0.056,136.3
2025/2/11,0.884901954,2.778815756,0.196430202,1.57917879,6.048683184,9.349018558,6.953333333,22.78855532,270,16.14097807,0.7029,15.41771,20.2929,11.9279,78.81787,0.8058,2.658,0.146,2.804,0.016,2.818,0.04,175.25
2025/2/12,1.007717357,4.761677064,0.928594044,4.214344594,12.40271532,10.28642287,6.986666667,20.56342322,270,16.23301609,1.4571,18.11831,25.5115,12.0589,70.32396,0.41125,2.77,0.127,2.897,0.021,2.905,0.059,137.952380952381
2025/2/13,0.880723164,3.593799474,0.788530563,2.447137673,8.60855124,10.09228519,7.023333333,20.86372226,270,16.22426028,1.89515,21.18646,26.1662,13.6603,65.893,0.0167,2.619,0.132,2.75,0.031,2.808,0.054,88.7096774193548
2025/2/14,1.05955893,3.717308577,0.58773258,2.62373666,9.032656858,9.897307282,7.018333333,21.03289136,266.6666667,16.6093322,2.16748,22.41962,28.7109,17.9982,68.475,0.0334,1.423,0.156,1.579,0.027,2.288,0.049,58.4814814814815
2025/2/15,1.470716416,4.066711354,0.541411174,3.594916117,10.94171469,10.21350263,7.051666667,20.44014991,256.6666667,17.27844492,1.88766,23.12321,30.0983,17.5225,62.62375,1.1523,2.647,0.144,2.792,0.025,2.816,0.069,111.68
2025/2/16,1.656197152,4.379374804,0.716538057,4.394880807,12.55584134,9.87193954,7.03,20.24447752,250,17.24075498,1.47539,17.14625,21.8583,13.2814,85.54025,23.7493,2.416,0.217,2.633,0.033,2.651,0.056,79.7878787878788
2025/2/17,1.531644735,3.852430909,0.455916078,3.475735366,10.49170441,9.73441443,7.035,19.82405595,248.3333333,17.4704295,1.1696,14.3741,17.2018,11.5088,85.17446,22.7977,2.556,0.199,2.754,0.04,2.784,0.078,68.85
2025/2/18,1.476464062,3.685753727,0.231791078,3.316193934,9.858227558,9.292015184,7.005,20.12264913,248.3333333,17.62789238,1.86116,11.36305,13.3965,9.4534,77.49591,0.4389,2.585,0.101,2.686,0.028,2.786,0.089,95.9285714285714
2025/2/19,1.353884142,3.244553986,0.078299121,2.705339689,8.319484228,8.892144578,6.86,20.46743417,251.6666667,17.6410725,1.35581,9.50517,11.6033,8.5902,81.36696,2.534,2.58,0.123,2.704,0.049,2.766,0.078,55.1836734693878
2025/2/20,1.201594907,4.558254747,0.420157407,4.558409408,12.26946975,9.5120133,6.731666667,19.021955,255,17.75777032,1.54788,12.80544,16.5505,8.502,70.80975,0.0107,2.299,0.102,2.401,0.021,2.467,0.078,114.333333333333
2025/2/21,0.94162139,3.600341102,0.240667255,3.233194915,9.152104559,9.117209746,6.736666667,19.99760966,285,17.65396355,1.36188,16.35205,21.3526,11.6782,67.10405,0.0142666666666667,2.268,0.175,2.444,0.043,2.476,0.07,56.8372093023256
2025/2/22,0.709297513,3.050404229,0.11377201,2.526053986,7.266637045,8.860308694,6.723333333,19.79899098,305,17.69118954,1.17677,17.43986,23.9766,11.4457,71.38471,0.0178333333333333,2.244,0.134,2.378,0.043,2.472,0.072,55.3023255813954
2025/2/23,0.677643597,3.824346398,0.415113269,3.712967514,9.817217867,8.853743644,6.718333333,18.64306709,310,17.61875487,1.3262100000000001,20.0505,25.1151,13.8482,71.19837,0.0214,2.105,0.091,2.195,0.021,2.519,0.084,104.52380952381
2025/2/24,0.473759769,3.242584353,0.240283506,2.914795943,7.832189933,8.954651714,6.776666667,19.00963708,305,17.56973011,1.81652,22.50999,28.803,15.8324,68.276,0.0548,2.237,0.153,2.391,0.03,2.865,0.076,79.7
2025/2/25,0.53506403,2.738735013,0.142162626,2.247719162,6.332733443,8.792149011,6.75,19.43731689,295,17.4751855,1.96854,22.83838,29.0274,18.5094,68.40996,0.0882,2.281,0.126,2.406,0.035,2.876,0.094,68.7428571428571
2025/2/26,0.183125,5.764431818,2.269034091,5.621931818,13.67204545,8.892329545,6.75,18.73136364,293.3333333,17.44426136,2.88623,20.06505,23.7812,17.6034,77.08891,10.5938,2.514,0.095,2.609,0.033,2.791,0.088,79.0606060606061
2025/2/27,0.01,5.699388928,3.474883788,4.046911409,11.72232294,8.089911684,6.76,17.49904241,286.6666667,17.52043507,2.20218,15.83858,22.0177,11.334,76.58937,10.6388,2.437,0.087,2.524,0.025,2.822,0.107,100.96
2025/2/28,0.01,5.294133514,3.246959157,3.609403249,10.67954037,8.080415882,6.793333333,17.59105712,296.6666667,18.08088928,2.66628,11.17471,13.7767,8.1174,62.75391,5.32775,2.45,0.152,2.602,0.026,2.813,0.103,100.076923076923
2025/3/1,0.01,5.465034408,3.532653523,3.78905944,11.08563402,7.984711551,6.8,16.36058255,293.3333333,18.92468059,1.34626,12.00484,17.7456,8.5576,62.31105,0.0167,2.485,0.012,2.497,0.013,2.673,0.078,192.076923076923
2025/3/2,0.01,6.866914705,3.980309126,6.238916157,15.48000993,8.437688402,6.866666667,16.65110393,295,19.79842746,1.6215,12.76118,20.3759,5.622,46.29446,0.1336,2.407,0.013,2.419,0.007,2.505,0.099,345.571428571429
2025/3/3,0.01,6.50591397266667,4.303641831,6.896256081,17.06389132,9.010135083,6.941666667,16.54377778,288.3333333,20.46351565,1.0013,12.98867,21.3025,5.6674,51.65409,0.95426,2.402,0.069,2.471,0.021,2.605,0.058,117.666666666667
2025/3/4,0.01,6.14491324033333,3.783573701,5.795157564,22.76975487,8.879925847,6.913333333,17.46074568,238.3333333,20.65797277,1.32204,13.91382,22.7883,6.1919,54.00396,1.77492,2.409,0.058,2.467,0.011,2.735,0.084,224.272727272727
2025/3/5,0.01,5.783912508,3.263505571,4.694059047,12.22394911,7.432632729,6.756666667,19.16950522,216.6666667,19.66734255,1.25908,15.10752,24.5066,6.8573,50.8773,2.59558,2.268,0.084,2.352,0.024,2.483,0.07,98
2025/3/6,0.01,3.995177691,2.445893597,1.838895519,7.062625235,6.919972732,6.64,19.26153825,210,19.42595366,1.13335,16.33747,26.3619,7.4165,50.31946,3.41624,2.215,0.115,2.329,0.03,2.37,0.056,77.6333333333333
2025/3/7,0.01,3.521585177,2.187390419,1.193604245,5.780703508,6.474860758,6.575,19.53945896,206.6666667,19.1119537,1.49943,18.65429,27.9252,8.9999,49.57862,4.2369,2.431,0.082,2.513,0.022,2.591,0.065,114.227272727273
2025/3/8,0.01,3.609642616,2.419218181,1.171368919,5.875005061,6.422805516,6.536666667,17.88887806,198.3333333,19.28995657,1.231,20.37682,29.5146,11.7437,56.88,5.05756,2.411,0.129,2.54,0.037,2.597,0.046,68.6486486486487
2025/3/9,0.01,4.059728264,2.561637006,2.08607019,7.449245763,6.070135672,6.516666667,17.69892102,213.3333333,19.52310452,1.32364,22.22136,31.0317,13.116,58.42675,5.87822,2.333,0.068,2.401,0.055,2.406,0.06,43.6545454545454
2025/3/10,0.01,4.439893597,2.562363975,2.912219005,8.850902307,6.273620763,6.521666667,17.78960307,208.3333333,19.58470143,1.48255,23.19279,31.1152,15.6453,59.14321,6.69888,2.386,0.051,2.437,0.034,2.509,0.084,71.6764705882353
2025/3/11,0.01,5.394914823,3.105357502,4.713057753,12.35836892,7.273179261,6.636666667,16.17419668,200,20.32776248,1.51619,22.33104,29.9441,16.2345,65.50621,7.51954,2.112,0.106,2.218,0.023,2.465,0.103,96.4347826086957
2025/3/12,0.044632651,5.292449898,3.615181536,5.039052868,21.49798631,8.580940168,6.831666667,16.41257517,196.6666667,21.22574227,2.10656,16.43829,23.6275,11.4757,79.45521,8.3402,2.41,0.075,2.485,0.025,2.619,0.077,99.4
2025/3/13,0.013601852,5.189984973,3.107029936,5.365047984,22.12447921,8.674458608,6.9,18.09641855,196.6666667,21.73152021,1.74566,10.41341,12.365,8.5187,84.16491,16.3913,2.497,0.057,2.554,0.035,2.641,0.072,72.9714285714286
2025/3/14,0.011534722,5.087520049,3.226010868,5.691043099,25.32136774,7.898119233,6.6,20.25007309,206.6666667,21.09706752,1.80053,7.93751,8.7927,7.0376,87.62596,9.1306,2.513,0.012,2.524,0.046,2.618,0.074,54.8695652173913
2025/3/15,0.052227754,4.985055124,3.350179261,6.017038214,16.87050757,7.901897677,6.581666667,18.51303476,200,21.54580261,1.32548,7.86455,8.4626,6.9327,88.22005,4.7593,2.328,0.269,2.597,0.029,2.61,0.079,89.551724137931
2025/3/16,0.010875,4.882590199,1.944329214,3.572055399,10.64622921,6.572385083,6.516666667,22.13670492,210,21.12384863,1.22965,11.06453,16.8237,7.8559,77.3385,0.0668,2.18,0.224,2.404,0.039,2.655,0.066,61.6410256410256
2025/3/17,0.01,5.625519141,2.099320014,4.756378346,12.31929127,6.274245792,6.474,20.02872676,206,20.73642416,1.17294,14.29333,22.65,8.4459,63.74366,1.71066666666667,2.184,0.198,2.382,0.025,2.545,0.063,95.28
2025/3/18,0.01,4.50902562,1.846318856,3.142535664,9.113313755,5.954957863,6.448333333,19.39166902,196.6666667,20.68185181,1.4219,16.10523,25.2876,8.2356,45.7733,3.35453333333333,2.247,0.203,2.45,0.043,2.573,0.066,56.9767441860465
2025/3/19,0.010069444,4.394967122,1.780256827,2.849359385,8.710748195,6.182949153,6.473333333,19.22697018,203.3333333,20.41264579,1.69142,17.88309,25.1793,9.1267,52.57146,4.9984,2.116,0.171,2.287,0.035,2.675,0.067,65.3428571428571
2025/3/20,0.010516714,4.700153955,1.715617781,3.350588159,9.748117938,6.700895637,6.676666667,19.21124957,195,20.4960018,0.89932,13.88466,15.3358,12.7551,88.96821,1.5881,2.236,0.18,2.416,0.045,2.732,0.075,53.6888888888889
2025/3/21,0.010383475,4.005088002,1.493961943,2.469782015,7.951800298,6.771265184,6.475,19.00170429,203.3333333,20.49823356,1.28614,17.76609,24.8466,12.067,66.91,0.0668,2.133,0.115,2.247,0.024,2.785,0.078,93.625
2025/3/22,0.010444444,4.03207686,1.312838081,2.741053986,8.149635789,6.918073132,6.551666667,19.61286935,188.3333333,20.37068632,1.18596,20.35372,27.1275,12.3282,52.62305,3.0297,2.008,0.055,2.063,0.049,2.772,0.068,42.1020408163265
2025/3/23,0.01358557,4.227482305,1.297631317,3.248989995,9.105514831,7.406105304,6.588333333,19.78742691,185,20.72166082,0.88825,20.0573,25.5796,15.7108,65.03475,5.9926,2.049,0.185,2.234,0.038,2.428,0.069,58.7894736842105
2025/3/24,0.023472968,4.505732345,1.295724969,3.763473792,10.07159314,7.536236582,6.628333333,19.92148556,198.3333333,20.99117699,0.99568,21.17658,25.3839,15.9373,74.25905,8.9555,1.994,0.095,2.089,0.034,2.402,0.072,61.4411764705882
2025/3/25,0.118079735,5.035901629,1.83400931,4.127834303,11.92590062,8.543744572,6.716666667,19.70378785,210,21.71452753,1.22922,21.44573,26.8736,17.6261,76.69962,0.0441,2.176,0.08,2.257,0.04,2.509,0.062,56.425
2025/3/26,0.183349419,4.455102323,2.474590984,2.814375981,10.47288446,8.88134169,6.818333333,20.86983023,260,22.42683047,2.08465,22.632,27.0886,18.3677,70.9125,7.8263,2.194,0.132,2.327,0.052,2.498,0.061,44.75
2025/3/27,0.50174129,5.083040137,2.92264197533333,2.170009926,12.31738618,9.752294727,7.085,17.34861806,291.6666667,23.71112347,2.01803,16.87608,22.4963,10.313,71.64416,15.6085,2.202,0.156,2.357,0.023,2.462,0.078,102.478260869565
2025/3/28,0.240977362,4.944103809,3.37069296666667,2.443353377,10.12620087,8.277853872,6.948333333,16.6651167,308.3333333,22.5010549,1.18889,15.9926,23.8571,8.2382,46.93596,17.0866571428571,2.21,0.146,2.356,0.04,2.576,0.059,58.9
2025/3/29,0.01,4.490780093,3.818743958,1.57687861,7.043632062,7.057850165,6.828333333,16.99358373,320,21.48492816,1.85817,19.07947,29.5326,9.3112,48.43221,18.5648142857143,2.229,0.082,2.311,0.017,2.638,0.065,135.941176470588
2025/3/30,0.01,3.580206529,2.061965866,1.437080312,5.525140654,6.112304339,6.78,21.42473144,345,20.96473478,1.34937,20.34851,29.5647,12.5881,49.57446,20.0429714285714,2.311,0.146,2.457,0.039,2.917,0.083,63
2025/3/31,0.01,3.469026562,1.693265301,1.779005924,5.68834275,5.815353421,6.758333333,20.31687072,330,20.39477079,1.72676,21.68442,29.1104,13.3738,55.77137,21.5211285714286,2.304,0.029,2.333,0.022,2.734,0.037,106.045454545455
2025/4/1,0.01,3.369602244,1.759185931,1.777488936,5.584417098,5.931890458,6.803333333,17.65937759,333.3333333,20.07121092,1.07642,22.55727,28.6762,16.3467,57.40812,22.9992857142857,2.204,0.038,2.242,0.02,2.751,0.033,112.1
2025/4/2,0.01,3.702667334,1.90538061,2.659623548,6.750067012,6.166575487,6.811666667,16.18319448,328.3333333,20.13675498,1.34872,24.64496,29.5279,19.0746,63.31966,24.4774428571429,2.442,0.031,2.473,0.024,2.714,0.044,103.041666666667
2025/4/3,0.01,4.032964454,1.954438167,4.080779269,8.329661998,6.521799631,6.821666667,15.37974945,325,20.15366368,1.26139,22.21968,26.3757,19.2656,83.351,25.9556,2.56,0.1,2.659,0.022,2.738,0.046,120.863636363636
2025/4/4,0.01,4.040228853,1.951360209,5.067485483,9.235380414,6.322419884,6.791666667,15.06715992,311.6666667,20.24822575,0.71253,21.43441,23.3809,19.6484,89.75062,8.0615,2.344,0.097,2.441,0.028,2.713,0.049,87.1785714285714
2025/4/5,0.01,4.36951179,2.645730932,5.851936676,21.9811075,6.732422944,6.775,14.54556117,310,20.15825475,1.98154,24.96289,31.3939,20.3018,72.27771,0.0334,2.054,0.106,2.16,0.029,2.674,0.042,74.4827586206897
2025/4/6,0.01,4.698794727,1.575019342,6.636387869,13.61980552,7.005942757,6.771666667,14.31292444,286.6666667,20.61508172,2.42365,25.78694,31.4124,21.4048,68.5755,8.2731,2.091,0.029,2.119,0.023,2.542,0.04,92.1304347826087
2025/4/7,0.01,3.820243566,1.324041784,7.420839062,11.07553457,7.486815796,6.796666667,14.18653704,285,21.19696234,1.16064,23.31356,27.3253,20.4829,83.85146,18.3686,2.104,0.031,2.135,0.028,2.532,0.052,76.25
2025/4/8,0.01,4.30571618,1.836057674,6.251793825,10.73598917,8.04755685,6.825,14.28116808,285,21.68119048,1.79343,21.58902,24.9818,19.1573,85.16684,10.9376,2.017,0.052,2.069,0.025,2.722,0.05,82.76
2025/4/9,0.01,3.831089797,1.485313814,6.8274672,13.30793307,8.543727283,6.966666667,16.09704995,291.6666667,22.5902682,1.12464,18.00982,21.0875,15.9626,89.12046,22.7692,1.945,0.032,1.977,0.014,2.449,0.045,141.214285714286
2025/4/10,0.01,3.356463414,1.134569955,5.978967004,13.44070892,7.453870488,6.771666667,22.60730002,291.6666667,23.06657914,1.22051,17.38911,19.2301,16.1403,86.936,3.4539,2.072,0.029,2.101,0.01,2.402,0.035,210.1
2025/4/11,0.01,2.881837031,0.783826095,5.198224204,17.85541973,8.096003178,7.005,23.33585283,273.3333333,24.00080791,1.08948,19.8955,23.354,17.1611,85.91621,7.9152,2.028,0.031,2.058,0.008,2.379,0.032,257.25
2025/4/12,0.01,2.407210648,0.433082235,4.417481403,16.63416266,6.470835727,6.671666667,18.53073274,270,23.58479987,1.47842,20.79747,26.9349,14.8215,73.90355,0.0167,2.058,0.046,2.104,0.018,2.412,0.036,116.888888888889
2025/4/13,0.01,1.166469476,0.140594162,3.636738603,13.26573074,4.924303437,6.685,13.94100239,270,22.97616561,1.49818,21.90338,28.9147,15.5537,63.55987,0.0642,2.05,0.03,2.08,0.013,2.697,0.063,160
2025/4/14,0.01,0.665315756,0.0204242,2.855995802,8.277853774,4.349499765,6.63,9.133379826,265,22.90393691,1.33827,22.67639,28.326,17.3777,66.06362,0.08155,2.064,0.03,2.094,0.009,2.474,0.029,232.666666666667
2025/4/15,0.01,0.045836864,0.010812382,2.075253002,5.965973478,4.525214297,6.645,4.918147481,251.6666667,23.17396857,1.19212,20.63205,26.8029,15.6085,76.45805,0.0989,2.083,0.029,2.112,0.012,2.483,0.044,176
2025/4/16,0.01,0.01,0.01,1.294510201,4.684528955,5.051092161,6.778333333,3.703115819,240,22.65189336,1.70466,23.21128,31.1875,16.7663,62.64766,0.11625,2.026,0.068,2.094,0.012,2.552,0.039,174.5
2025/4/17,0.01,0.01,0.01,1.639144624,10.38687855,4.126176514,6.756666667,24.85535533,243.3333333,23.69874545,1.40734,24.67721,31.1332,18.5775,65.1208,0.1336,2.103,0.029,2.132,0.015,2.564,0.045,142.133333333333
2025/4/18,0.01,0.01,0.01,1.983779047,10.61100129,5.047949113,6.958333333,12.89374906,240,24.84748854,1.59607,21.9075,26.281,19.4767,80.26716,3.945,2.025,0.03,2.055,0.014,2.517,0.034,146.785714285714
2025/4/19,0.01,0.012684204,0.070660664,2.328413469,10.68068805,4.565547356,7.011666667,12.87597991,245,25.34743593,1.29783,22.86179,26.7948,19.8261,78.74834,9.9121,2.229,0.072,2.301,0.023,2.529,0.036,100.04347826087
2025/4/20,0.01,0.196886378,0.269229245,2.673047892,12.69466035,4.905150384,6.755,15.01651911,271.6666667,25.84259483,1.55881,23.4888,29.5472,18.7813,76.82155,15.8792,1.904,0.163,2.067,0.042,2.673,0.078,49.2142857142857
2025/4/21,0.01,0.366212021,0.170881827,3.017682315,12.78059475,3.415450251,6.851666667,17.39114171,281.6666667,25.75163599,1.16584,19.25161,21.4956,18.196,87.46421,6.6492,1.905,0.196,2.101,0.053,2.505,0.099,39.6415094339623
2025/4/22,0.01,0.285669977,0.529260377,3.362316738,10.66348963,3.357522942,6.832,18.1671237,280,26.39427608,1.38503,22.27136,26.0031,18.6636,79.52021,0.0715,1.894,0.171,2.065,0.052,2.605,0.058,39.7115384615385
2025/4/23,0.01,0.017336511,0.01,3.70695116,13.22912355,6.514953782,6.808333333,17.70121406,280,27.02835848,1.18436,23.62608,28.3787,19.5829,78.28271,1.2121,1.872,0.148,2.02,0.048,2.324,0.055,42.0833333333333
2025/4/24,0.01,0.565027935,0.01,4.051585583,15.41931925,5.735084863,6.673333333,22.81201275,286.6666667,25.82240486,2.14855,22.36791,29.1892,15.2544,63.03337,6.6117,1.823,0.094,1.917,0.043,2.376,0.065,44.5813953488372
2025/4/25,0.01,1.850628923,0.01,4.396220006,16.25081831,5.151420904,6.67,24.32775169,285,25.1005459,1.21632,16.93662,22.9989,12.4224,66.75962,0.2171,1.813,0.105,1.918,0.041,2.145,0.05,46.780487804878
2025/4/26,0.01,1.655759181,0.01,4.740854429,14.19060456,4.861474694,6.656666667,22.37577523,273.3333333,24.31318562,1.5639,20.27414,28.272,13.5742,55.84175,1.29325,1.773,0.172,1.945,0.033,2.27,0.06,58.9393939393939
2025/4/27,0.01,1.979815286,0.01,5.085488851,11.4023493,4.901227048,6.655,18.52839987,286.6666667,24.06520833,1.67929,21.35457,28.7691,14.8356,60.68037,2.3694,1.834,0.099,1.934,0.038,2.144,0.057,50.8947368421053
2025/4/28,0.074685852,2.455806144,1.400903013,5.430123274,7.663097654,7.225615584,6.658333333,14.60132003,296.6666667,24.60786452,1.37189,23.68229,30.3676,17.2467,63.89705,3.44555,1.753,0.141,1.895,0.046,2.268,0.052,41.195652173913
2025/4/29,0.949580979,1.656096516,0.69159275,3.395354637,6.721858992,8.54613116,6.668333333,13.26545547,280,25.08210519,1.62486,25.63513,29.9569,19.8089,67.1755,4.5217,1.758,0.128,1.886,0.048,2.352,0.055,39.2916666666667
2025/4/30,5.614495731,1.311347231,2.686210268,3.126554912,10.89210809,7.418765514,6.681666667,15.26267522,263.3333333,25.44413847,1.39096,25.34538,29.4358,21.3354,71.51434,5.59785,1.816,0.096,1.912,0.035,2.339,0.085,54.6285714285714
2025/5/1,5.22496912328571,0.940071328,2.776675916,1.738173062,10.23882372,5.366181301,6.7,17.028879,276.6666667,25.29359585,1.11708,24.62908,29.691,21.9366,79.5815,6.674,1.659,0.254,1.913,0.016,2.309,0.061,119.5625
2025/5/2,4.83544251557143,1.36208506,2.867141563,3.169615466,14.1722345,5.966914548,6.705,16.48535938,270,25.88238673,1.06927,23.69574,27.2559,21.7743,85.64425,14.9473,1.98,0.123,2.103,0.051,2.383,0.067,41.2352941176471
2025/5/3,4.44591590785714,1.756399247,2.957607211,4.633743605,18.05330693,6.986343338,6.87,15.97875067,248.3333333,26.27065352,0.90597,23.29649,27.0286,21.1783,86.30271,5.5228,1.914,0.109,2.023,0.045,2.245,0.058,44.9555555555556
2025/5/4,4.05638930014286,2.795299239,3.048072858,4.111199231,27.93349965,7.735502197,6.828333333,16.01345119,240,26.25459773,0.9907,23.33825,27.2032,21.3059,87.25316,2.2987,1.742,0.079,1.821,0.026,2.362,0.071,70.0384615384615
2025/5/5,3.66686269242857,1.653490152,3.436536252,3.588654857,15.59776114,6.987277817,6.691666667,16.21652958,240,26.49871367,1.46924,25.13473,30.991,21.9961,78.1105,0.0835,2.225,0.268,2.493,0.096,2.568,0.109,25.96875
2025/5/6,3.27733608471429,2.208420237,2.657345224,3.798474694,17.95946524,6.643660036,6.788333333,18.87480261,238.3333333,26.79112316,0.87417,25.58374,30.2215,22.5206,79.76471,0.0856,1.963,0.393,2.356,0.063,2.371,0.084,37.3968253968254
2025/5/7,2.887809477,1.65032341,1.878154196,2.294442403,15.68638357,5.454396928,6.691666667,27.74504357,250,26.51476575,1.62215,24.8829,31.1585,21.6339,78.69587,7.1652,2.692,0.4205,2.7035,0.086,3.208,0.115,31.4360465116279
2025/5/8,0.1,0.082534722,0.052604167,0.0278125,10.13122105,4.499866486,6.621666667,31.8215955,250,26.05617424,1.56292,22.38703,25.5783,18.8914,72.91146,0.3635,2.603,0.448,3.051,0.092,3.061,0.114,33.1630434782609
2025/5/9,0.071006944,0.069872685,0.041793981,0.012175926,8.589869468,4.081898344,6.571666667,28.32362006,230,25.7931354,1.06705,18.68543,20.9189,17.3461,87.14825,8.2327,2.21,0.313,2.523,0.081,2.786,0.103,31.1481481481481
2025/5/10,0.057581019,0.063587963,0.034074074,0.01,8.41135401,4.326045551,6.528333333,26.3014275,221.6666667,25.70952138,0.90568,18.94594,23.4383,16.5398,82.63321,1.723,2.094,0.166,2.26,0.056,3.056,0.104,40.3571428571429
2025/5/11,0.060543981,0.068946759,0.035150463,0.066423611,9.307434244,4.535294923,6.515,21.16914874,216.6666667,25.3814756,1.0492,21.90677,26.6145,17.4758,71.89291,0.6508,2.664,0.112,2.776,0.051,2.883,0.087,54.4313725490196
2025/5/12,0.07275463,0.056122685,0.023622685,0.055115741,7.862497136,4.729208294,6.546666667,17.22770767,226.6666667,25.59644915,0.73852,19.95153,21.1488,19.3277,90.70725,5.35153333333333,2.326,0.279,2.605,0.077,2.705,0.099,33.8311688311688
2025/5/13,0.051412037,0.032291667,0.010474537,0.032951389,7.774825643,5.437007886,6.631666667,14.26471426,236.6666667,26.08608027,0.70724,19.45817,20.7287,18.2641,91.8785,10.0522666666667,2.277,0.277,2.554,0.09,2.689,0.105,28.3777777777778
2025/5/14,0.043194444,0.050601852,0.020798611,0.062152778,9.351645676,5.619789783,6.485,10.4349313,238.3333333,26.35978276,1.36019,22.48701,27.3399,18.7244,71.12109,5.18348333333333,2.2755,0.172,3.077,0.061,3.146,0.097,50.4426229508197
2025/5/15,0.026342593,0.021168981,0.01,0.039479167,8.328122685,7.665432046,6.64,4.367056772,236.6666667,27.18289705,1.70911,22.61804,26.9044,19.8561,70.2315,0.3147,2.274,0.171,2.445,0.055,2.508,0.083,44.4545454545455
2025/5/16,0.01,0.010023148,0.010046296,0.035729167,3.546059911,8.400710413,6.826666667,3.147406701,230,27.9402646,1.12477,25.79397,30.3324,20.8028,74.24946,0.2385,1.976,0.197,2.173,0.038,2.239,0.07,57.1842105263158
2025/5/17,0.01,0.01,0.01,0.027303241,3.81916549,8.282662586,6.891666667,4.985028131,226.6666667,28.59509707,1.7547,26.64869,31.4479,22.5806,74.81746,7.3339,1.687,0.217,1.904,0.061,2.174,0.078,31.2131147540984
2025/5/18,0.038229167,0.012986111,0.01,0.013888889,4.552090121,7.594150895,6.375,17.06347183,226.6666667,28.73634577,1.12946,22.3558,24.4894,20.9004,87.85487,13.3069,1.714,0.322,2.036,0.083,2.568,0.109,24.5301204819277
2025/5/19,0.023229167,0.029189815,0.01,0.01,7.634152111,5.282854598,6.431666667,33.47300545,223.3333333,28.99570731,0.86414,21.93291,24.4192,19.8903,88.52775,1.3434,1.787,0.3,2.087,0.091,2.471,0.111,22.9340659340659
2025/5/20,0.01,0.75569774,0.01,0.01615525,12.22592781,3.094925534,6.393333333,37.27672395,210,28.69777338,1.32102,24.73913,30.1213,20.247,68.187,1.3434,1.589,0.177,1.766,0.07,1.975,0.089,25.2285714285714
2025/5/21,0.01,0.122638889,0.01,0.039328704,20.88073925,4.524418275,6.471666667,41.08044244,208.3333333,29.3456456,1.15152,26.42244,31.2804,21.6801,72.38659,1.3434,1.624,0.271,1.895,0.086,2.299,0.126,22.0348837209302
2025/5/22,1.276028139,0.674131351,0.176055195,0.173467122,22.76927022,5.003875225,6.4375,37.46290595,210,28.82118406,1.23637,27.81472,33.6265,23.4044,71.1105,1.3434,1.536,0.183,1.719,0.045,2.377,0.091,38.2
