date,horizon,target,true_value,pred_value
2020-10-28,1,Green_Algae,8.1705065,4.5763526
2020-10-29,1,Green_Algae,11.725673,6.647825
2020-10-30,1,Green_Algae,12.17853,8.070615
2020-10-31,1,Green_Algae,6.110087,8.36244
2020-11-01,1,Green_Algae,7.4780245,4.273987
2020-11-02,1,Green_Algae,7.0332804,6.514964
2020-11-03,1,Green_Algae,4.4513035,6.311961
2020-11-04,1,Green_Algae,4.2465425,3.6431136
2020-11-05,1,Green_Algae,3.1390948,4.377132
2020-11-06,1,Green_Algae,4.8471107,3.3690817
2020-11-07,1,Green_Algae,8.74932,5.1888304
2020-11-08,1,Green_Algae,3.445326,7.344467
2020-11-09,1,Green_Algae,2.8215373,2.622489
2020-11-10,1,Green_Algae,2.7152398,3.1547456
2020-11-11,1,Green_Algae,2.8748477,3.13672
2020-11-12,1,Green_Algae,2.8452773,3.437426
2020-11-13,1,Green_Algae,3.2272646,3.467399
2020-11-14,1,Green_Algae,4.012611,3.6633213
2020-11-15,1,Green_Algae,3.7066593,3.981883
2020-11-16,1,Green_Algae,7.032859,4.192272
2020-11-17,1,Green_Algae,7.8307257,6.676545
2020-11-18,1,Green_Algae,7.7718787,6.9761047
2020-11-19,1,Green_Algae,8.549044,6.4940305
2020-11-20,1,Green_Algae,9.32621,7.5094166
2020-11-21,1,Green_Algae,7.3450155,6.4752555
2020-11-22,1,Green_Algae,8.40237,5.630479
2020-11-23,1,Green_Algae,5.0805078,6.6327095
2020-11-24,1,Green_Algae,4.5977955,3.979031
2020-11-25,1,Green_Algae,4.178378,4.0249887
2020-11-26,1,Green_Algae,8.567597,3.8937862
2020-11-27,1,Green_Algae,5.6399274,7.0053473
2020-11-28,1,Green_Algae,4.2971926,4.1191945
2020-11-29,1,Green_Algae,4.177417,3.8366787
2020-11-30,1,Green_Algae,2.1808684,4.0813746
2020-12-01,1,Green_Algae,2.1362128,2.0169165
2020-12-02,1,Green_Algae,2.365832,2.4703445
2020-12-03,1,Green_Algae,1.8928292,2.6811666
2020-12-04,1,Green_Algae,2.1390448,2.2061284
2020-12-05,1,Green_Algae,1.6092981,2.3058686
2020-12-06,1,Green_Algae,1.7672431,1.9964477
2020-12-07,1,Green_Algae,2.0092976,2.1067584
2020-12-08,1,Green_Algae,2.0687907,2.4431553
2020-12-09,1,Green_Algae,2.93475,2.0953915
2020-12-10,1,Green_Algae,2.2710211,3.84182
2020-12-11,1,Green_Algae,1.7623245,2.607487
2020-12-12,1,Green_Algae,3.7399058,1.8336067
2020-12-13,1,Green_Algae,7.407639,4.130024
2020-12-14,1,Green_Algae,1.9868814,7.0491047
2020-12-15,1,Green_Algae,1.3638422,1.7978473
2020-12-16,1,Green_Algae,1.3426266,1.7033464
2020-12-17,1,Green_Algae,1.2532657,1.7572559
2020-12-18,1,Green_Algae,1.2750503,1.8598399
2020-12-19,1,Green_Algae,1.6216208,1.6253691
2020-12-20,1,Green_Algae,2.156505,2.019082
2020-12-21,1,Green_Algae,1.9927878,2.7553208
2020-12-22,1,Green_Algae,1.9692179,2.5714064
2020-12-23,1,Green_Algae,2.3798406,2.5922093
2020-12-24,1,Green_Algae,3.1014483,3.9867156
2020-12-25,1,Green_Algae,2.8246055,3.5312257
2020-12-26,1,Green_Algae,2.7126286,3.0474958
2020-12-27,1,Green_Algae,3.4823534,3.6089928
2020-12-28,1,Green_Algae,8.607523,4.6205277
2020-12-29,1,Green_Algae,8.2660055,7.947139
2020-12-30,1,Green_Algae,7.924486,8.071633
2020-12-31,1,Green_Algae,6.428473,5.4335403
2021-01-01,1,Green_Algae,2.98945,5.698644
2021-01-02,1,Green_Algae,1.3053657,2.5482657
2021-01-03,1,Green_Algae,1.2917366,1.7447522
2021-01-04,1,Green_Algae,1.1487111,2.109675
2021-01-05,1,Green_Algae,1.2107966,1.9805651
2021-01-06,1,Green_Algae,1.9978639,2.009492
2021-01-07,1,Green_Algae,3.2746053,3.1786077
2021-01-08,1,Green_Algae,1.283966,3.9299335
2021-01-09,1,Green_Algae,1.3706295,1.6526102
2021-01-10,1,Green_Algae,0.95188135,2.0013356
2021-01-11,1,Green_Algae,1.2131643,1.5590469
2021-01-12,1,Green_Algae,2.0453835,1.717784
2021-01-13,1,Green_Algae,2.094508,2.5145986
2021-01-14,1,Green_Algae,2.0917065,2.5649645
2021-01-15,1,Green_Algae,1.7256553,2.8744109
2021-01-16,1,Green_Algae,2.0362563,2.4364195
2021-01-17,1,Green_Algae,3.533249,3.2155094
2021-01-18,1,Green_Algae,3.6137555,3.4943922
2021-01-19,1,Green_Algae,3.1941895,3.7291205
2021-01-20,1,Green_Algae,4.403502,3.5888958
2021-01-21,1,Green_Algae,5.758683,6.062238
2021-01-22,1,Green_Algae,6.35937,6.012344
2021-01-23,1,Green_Algae,8.876309,5.628058
2021-01-24,1,Green_Algae,5.43191,6.8170295
2021-01-25,1,Green_Algae,6.235949,4.2685027
2021-01-26,1,Green_Algae,6.5830173,5.9206586
2021-01-27,1,Green_Algae,7.649797,5.166299
2021-01-28,1,Green_Algae,5.225948,5.5532017
2021-01-29,1,Green_Algae,7.1872573,4.4887414
2021-01-30,1,Green_Algae,7.827323,5.584693
2021-01-31,1,Green_Algae,6.1937,5.6502233
2021-02-01,1,Green_Algae,5.721615,5.0387726
2021-02-02,1,Green_Algae,5.1455975,5.226911
2021-02-03,1,Green_Algae,4.142368,4.835343
2021-02-04,1,Green_Algae,4.6842937,4.145757
2021-02-05,1,Green_Algae,4.7972736,5.0540957
2021-02-06,1,Green_Algae,4.5424547,5.213278
2021-02-07,1,Green_Algae,4.4105067,4.862192
2021-02-08,1,Green_Algae,4.6066475,4.676519
2021-02-09,1,Green_Algae,5.280211,5.0671487
2021-02-10,1,Green_Algae,7.288978,5.327472
2021-02-11,1,Green_Algae,4.65887,5.6769986
2021-02-12,1,Green_Algae,3.413034,3.851247
2021-02-13,1,Green_Algae,8.17764,4.0728574
2021-02-14,1,Green_Algae,5.1429377,7.1449614
2021-02-15,1,Green_Algae,4.1539435,5.2777176
2021-02-16,1,Green_Algae,4.581317,4.42874
2021-02-17,1,Green_Algae,4.9817367,5.6487827
2021-02-18,1,Green_Algae,3.35322,4.580605
2021-02-19,1,Green_Algae,4.2448187,3.7340937
2021-02-20,1,Green_Algae,4.0317235,5.0948453
2021-02-21,1,Green_Algae,4.087482,3.9877334
2021-02-22,1,Green_Algae,3.9634469,4.5562687
2021-02-23,1,Green_Algae,4.5633674,4.205663
2021-02-24,1,Green_Algae,4.220355,4.560086
2021-02-25,1,Green_Algae,5.1449275,4.0991564
2021-02-26,1,Green_Algae,5.1236477,4.9322333
2021-02-27,1,Green_Algae,4.096351,4.6092267
2021-02-28,1,Green_Algae,3.4184105,3.7514853
2021-03-01,1,Green_Algae,2.6066442,3.5537724
2021-03-02,1,Green_Algae,2.469205,2.418953
2021-03-03,1,Green_Algae,3.3989074,2.895188
2021-03-04,1,Green_Algae,2.2061434,4.3680453
2021-03-05,1,Green_Algae,0.93730825,2.180391
2021-03-06,1,Green_Algae,0.17130968,1.3176721
2021-03-07,1,Green_Algae,0.21163534,0.7691688
2021-03-08,1,Green_Algae,0.51324403,0.8266451
2021-03-09,1,Green_Algae,0.7416932,1.2900378
2021-03-10,1,Green_Algae,1.1518161,1.5730811
2021-03-11,1,Green_Algae,3.0430608,2.5236094
2021-03-12,1,Green_Algae,5.624233,4.9846435
2021-03-13,1,Green_Algae,9.781874,6.8937407
2021-03-14,1,Green_Algae,6.138524,8.40368
2021-03-15,1,Green_Algae,5.632489,4.4616556
2021-03-16,1,Green_Algae,4.6865773,5.002282
2021-03-17,1,Green_Algae,4.3283215,3.987988
2021-03-18,1,Green_Algae,3.7387772,3.31344
2021-03-19,1,Green_Algae,2.8026774,3.4907348
2021-03-20,1,Green_Algae,3.1857598,2.8144753
2021-03-21,1,Green_Algae,2.456903,3.4174626
2021-03-22,1,Green_Algae,0.9018451,2.5397074
2021-03-23,1,Green_Algae,0.6790297,1.6084834
2021-03-24,1,Green_Algae,1.005638,1.4712968
2021-03-25,1,Green_Algae,0.83578366,1.6470083
2021-03-26,1,Green_Algae,1.0689725,1.5632828
2021-03-27,1,Green_Algae,1.7590731,1.9718858
2021-03-28,1,Green_Algae,4.083432,3.370397
2021-03-29,1,Green_Algae,7.1401954,5.649231
2021-03-30,1,Green_Algae,10.209595,8.074046
2021-03-31,1,Green_Algae,10.649694,8.782705
2021-04-01,1,Green_Algae,9.618863,8.087503
2021-04-02,1,Green_Algae,9.679638,6.263291
2021-04-03,1,Green_Algae,8.492021,5.4032125
2021-04-04,1,Green_Algae,5.522469,5.6280017
2021-04-05,1,Green_Algae,3.8875976,3.835767
2021-04-06,1,Green_Algae,3.7225616,3.5369542
2021-04-07,1,Green_Algae,4.1317596,3.8596094
2021-04-08,1,Green_Algae,3.7241824,4.168944
2021-04-09,1,Green_Algae,2.9264905,3.6242764
2021-04-10,1,Green_Algae,3.0117583,3.4589186
2021-04-11,1,Green_Algae,3.7558973,3.8802261
2021-04-12,1,Green_Algae,7.548631,4.725189
2021-04-13,1,Green_Algae,8.276589,7.3672256
2021-04-14,1,Green_Algae,7.5179367,7.9992146
2021-04-15,1,Green_Algae,7.9862165,7.2545276
2021-04-16,1,Green_Algae,8.454495,6.85526
2021-04-17,1,Green_Algae,10.411622,6.663769
2021-04-18,1,Green_Algae,8.3863945,8.099958
2021-04-19,1,Green_Algae,7.374504,6.6758265
2021-04-20,1,Green_Algae,7.4743953,6.1112113
2021-04-21,1,Green_Algae,7.563512,5.9610214
2021-04-22,1,Green_Algae,9.42714,6.149341
2021-04-23,1,Green_Algae,9.938813,7.3078947
2021-04-24,1,Green_Algae,9.186256,8.131594
2021-04-25,1,Green_Algae,13.211926,7.99837
2021-04-26,1,Green_Algae,11.542995,8.378208
2021-04-27,1,Green_Algae,8.482055,6.212808
2021-04-28,1,Green_Algae,4.98898,4.8233166
2021-04-29,1,Green_Algae,3.1451302,3.7093897
2021-04-30,1,Green_Algae,3.3468668,3.35887
2021-05-01,1,Green_Algae,8.648813,3.7919204
2021-05-02,1,Green_Algae,10.776056,6.5862536
2021-05-03,1,Green_Algae,10.448346,7.7575116
2021-05-04,1,Green_Algae,5.103333,8.151264
2021-05-05,1,Green_Algae,5.319554,4.2435794
2021-05-06,1,Green_Algae,6.643535,5.7162538
2021-05-07,1,Green_Algae,6.72064,6.5584536
2021-05-08,1,Green_Algae,10.374625,6.2996845
2021-05-09,1,Green_Algae,12.880029,8.052829
2021-05-10,1,Green_Algae,9.980102,9.091528
2021-05-11,1,Green_Algae,10.452174,8.100408
2021-05-12,1,Green_Algae,10.924248,8.821897
2021-05-13,1,Green_Algae,11.39632,9.193124
2021-05-14,1,Green_Algae,11.868393,9.531202
2021-05-15,1,Green_Algae,10.393691,8.332492
2021-05-16,1,Green_Algae,7.7878942,7.5308113
2021-05-17,1,Green_Algae,7.7099423,6.536056
2021-05-18,1,Green_Algae,7.9545946,6.9779882
2021-05-19,1,Green_Algae,6.14866,7.5649962
2021-05-20,1,Green_Algae,6.4745946,5.70474
2021-05-21,1,Green_Algae,6.249631,6.512781
2021-05-22,1,Green_Algae,9.313534,6.3431177
2021-05-23,1,Green_Algae,8.771644,7.737599
2021-05-24,1,Green_Algae,12.235818,7.0174155
2021-05-25,1,Green_Algae,7.2883067,8.405975
2021-05-26,1,Green_Algae,7.12322,6.755165
2021-05-27,1,Green_Algae,13.128756,6.825021
2021-05-28,1,Green_Algae,12.951473,8.527788
2021-05-29,1,Green_Algae,12.77419,8.903168
2021-05-30,1,Green_Algae,4.561085,8.03883
2021-05-31,1,Green_Algae,2.984026,3.8793023
2021-06-01,1,Green_Algae,3.477842,3.230098
2021-06-02,1,Green_Algae,3.0301087,3.6237123
2021-06-03,1,Green_Algae,2.9474874,3.1279135
2021-06-04,1,Green_Algae,3.87105,3.0380492
2021-06-05,1,Green_Algae,3.5815134,4.0149193
2021-06-06,1,Green_Algae,3.5015206,3.4974468
2021-06-07,1,Green_Algae,4.0479884,3.958489
2021-06-08,1,Green_Algae,5.4210563,4.434143
2021-06-09,1,Green_Algae,3.706534,5.9058576
2021-06-10,1,Green_Algae,5.004493,3.4486377
2021-06-11,1,Green_Algae,6.557851,5.5181932
2021-06-12,1,Green_Algae,10.4747505,6.379791
2021-06-13,1,Green_Algae,11.396228,7.919537
2021-06-14,1,Green_Algae,12.317705,8.415972
2021-06-15,1,Green_Algae,12.765958,8.259645
2021-06-16,1,Green_Algae,13.214211,9.417032
2021-06-17,1,Green_Algae,13.662464,9.806598
2021-06-18,1,Green_Algae,14.110718,9.542876
2021-06-19,1,Green_Algae,12.694961,8.700202
2021-06-20,1,Green_Algae,13.068725,8.488043
2021-06-21,1,Green_Algae,6.759349,8.564771
2021-06-22,1,Green_Algae,4.531797,6.2463856
2021-06-23,1,Green_Algae,4.704233,4.8172984
2021-06-24,1,Green_Algae,4.3103833,5.6396055
2021-06-25,1,Green_Algae,4.245991,5.685536
2021-06-26,1,Green_Algae,3.8047178,6.0814137
2021-06-27,1,Green_Algae,9.500919,4.7052526
2021-06-28,1,Green_Algae,14.259275,7.789721
2021-06-29,1,Green_Algae,13.726238,8.779091
2021-06-30,1,Green_Algae,10.054623,8.082062
2021-07-01,1,Green_Algae,10.233351,6.925652
2021-07-02,1,Green_Algae,11.377681,7.9519744
2021-07-03,1,Green_Algae,13.92809,8.674452
2021-07-04,1,Green_Algae,9.610976,9.310111
2021-07-05,1,Green_Algae,13.8032055,7.582548
2021-07-06,1,Green_Algae,12.07648,8.773684
2021-07-07,1,Green_Algae,9.815504,8.455558
2021-07-08,1,Green_Algae,10.952688,7.61272
2021-07-09,1,Green_Algae,5.504181,8.223949
2021-07-10,1,Green_Algae,6.883577,4.984114
2021-07-11,1,Green_Algae,6.383121,6.5713706
2021-07-12,1,Green_Algae,8.041389,6.7937646
2021-07-13,1,Green_Algae,7.1555495,7.5998387
2021-07-14,1,Green_Algae,7.182688,7.0050125
2021-07-15,1,Green_Algae,7.2098265,8.125676
2021-07-16,1,Green_Algae,7.2369647,8.362373
2021-07-17,1,Green_Algae,7.2641034,8.184875
2021-07-18,1,Green_Algae,7.291241,8.250463
2021-07-19,1,Green_Algae,7.3183794,7.2590137
2021-07-20,1,Green_Algae,7.345518,6.5946007
2021-07-21,1,Green_Algae,4.656155,5.598228
2021-07-22,1,Green_Algae,5.656749,4.7053328
2021-07-23,1,Green_Algae,11.975569,5.754195
2021-07-24,1,Green_Algae,13.560905,8.477203
2021-07-25,1,Green_Algae,13.088494,9.287813
2021-07-26,1,Green_Algae,11.472322,9.06597
2021-07-27,1,Green_Algae,9.366954,8.013804
2021-07-28,1,Green_Algae,6.655246,6.8056645
2021-07-29,1,Green_Algae,7.9549346,5.0249734
2021-07-30,1,Green_Algae,7.1069007,6.8316164
2021-07-31,1,Green_Algae,8.990673,6.822841
2021-08-01,1,Green_Algae,10.385311,7.34042
2021-08-02,1,Green_Algae,10.719529,7.6007724
2021-08-03,1,Green_Algae,7.1092253,7.299194
2021-08-04,1,Green_Algae,4.9593773,5.504599
2021-08-05,1,Green_Algae,3.0356264,4.5349183
2021-08-06,1,Green_Algae,2.0601811,2.950777
2021-08-07,1,Green_Algae,2.8934517,2.3160338
2021-08-08,1,Green_Algae,3.3419957,3.0268533
2021-08-09,1,Green_Algae,3.5262926,3.857371
2021-08-10,1,Green_Algae,2.9024384,4.411035
2021-08-11,1,Green_Algae,3.434081,3.2894917
2021-08-12,1,Green_Algae,4.609233,4.140272
2021-08-13,1,Green_Algae,4.0192776,5.3219447
2021-08-14,1,Green_Algae,7.171199,3.7944102
2021-08-15,1,Green_Algae,10.603491,6.565043
2021-08-16,1,Green_Algae,8.529735,8.052982
2021-08-17,1,Green_Algae,6.9491796,6.7537613
2021-08-18,1,Green_Algae,8.951539,5.7752995
2021-08-19,1,Green_Algae,11.542151,7.376071
2021-08-20,1,Green_Algae,10.700407,8.24501
2021-08-21,1,Green_Algae,7.8352175,8.311118
2021-08-22,1,Green_Algae,12.8495455,6.7142286
2021-08-23,1,Green_Algae,13.118637,8.35745
2021-08-24,1,Green_Algae,10.933848,8.723969
2021-08-25,1,Green_Algae,12.0906725,7.47896
2021-08-26,1,Green_Algae,10.43034,7.9960017
2021-08-27,1,Green_Algae,9.773435,7.4603415
2021-08-28,1,Green_Algae,8.390406,7.0707264
2021-08-29,1,Green_Algae,7.821752,6.5246797
2021-08-30,1,Green_Algae,6.5187182,6.378449
2021-08-31,1,Green_Algae,5.8044934,6.1710677
2021-09-01,1,Green_Algae,5.0743923,6.0972824
2021-09-02,1,Green_Algae,4.311918,5.4075465
2021-09-03,1,Green_Algae,3.3487916,4.4841504
2021-09-04,1,Green_Algae,4.701462,3.9736793
2021-09-05,1,Green_Algae,5.0674095,5.5406084
2021-09-06,1,Green_Algae,3.518864,5.3876324
2021-09-07,1,Green_Algae,3.1971326,3.6405778
2021-09-08,1,Green_Algae,3.5374892,3.7955306
2021-09-09,1,Green_Algae,6.4463677,4.348298
2021-09-10,1,Green_Algae,6.842923,6.076466
2021-09-11,1,Green_Algae,8.631598,5.2593536
2021-09-12,1,Green_Algae,8.282877,6.7030425
2021-09-13,1,Green_Algae,7.9341564,7.065864
2021-09-14,1,Green_Algae,7.505728,6.1024776
2021-09-15,1,Green_Algae,4.8467994,6.216653
2021-09-16,1,Green_Algae,4.3901086,4.4940715
2021-09-17,1,Green_Algae,3.1355467,4.5318537
2021-09-18,1,Green_Algae,2.5354092,3.764052
2021-09-19,1,Green_Algae,2.8781462,3.3729913
2021-09-20,1,Green_Algae,2.8740985,4.0256753
2021-09-21,1,Green_Algae,2.339877,3.716226
2021-09-22,1,Green_Algae,3.6420565,2.877384
2021-09-23,1,Green_Algae,3.4891088,4.5430155
2021-09-24,1,Green_Algae,3.0315206,3.921086
2021-09-25,1,Green_Algae,2.7386677,3.3625658
2021-09-26,1,Green_Algae,2.8449023,3.21394
2021-09-27,1,Green_Algae,2.898798,3.2336402
2021-09-28,1,Green_Algae,2.80811,3.576928
2021-09-29,1,Green_Algae,3.1477988,3.4422753
2021-09-30,1,Green_Algae,3.8165677,3.7542868
2021-10-01,1,Green_Algae,2.884149,4.1229835
2021-10-02,1,Green_Algae,2.3285825,3.3112497
2021-10-03,1,Green_Algae,2.7246957,3.5127897
2021-10-04,1,Green_Algae,2.9625897,4.1295867
2021-10-05,1,Green_Algae,3.2004838,4.087861
2021-10-06,1,Green_Algae,3.4383776,4.16557
2021-10-07,1,Green_Algae,3.6762717,3.7840366
2021-10-08,1,Green_Algae,3.9141655,4.2960253
2021-10-09,1,Green_Algae,4.1520596,4.439874
2021-10-10,1,Green_Algae,4.3899536,4.251744
2021-10-11,1,Green_Algae,4.6278477,4.4934425
2021-10-12,1,Green_Algae,4.9418287,4.350089
2021-10-13,1,Green_Algae,4.673613,4.7870226
2021-10-14,1,Green_Algae,4.5442286,4.534424
2021-10-15,1,Green_Algae,8.768624,4.291963
2021-10-16,1,Green_Algae,8.054786,6.519633
2021-10-17,1,Green_Algae,3.8535652,5.8098345
2021-10-18,1,Green_Algae,3.6656222,2.9038863
2021-10-19,1,Green_Algae,3.690036,3.9578235
2021-10-20,1,Green_Algae,3.5357091,4.1623993
2021-10-21,1,Green_Algae,3.6526122,3.5263731
2021-10-22,1,Green_Algae,3.1038206,3.961428
2021-10-23,1,Green_Algae,2.7547975,3.800699
2021-10-24,1,Green_Algae,2.6743922,3.836119
2021-10-25,1,Green_Algae,2.6642506,4.0630045
2021-10-26,1,Green_Algae,3.2695441,3.8987136
2021-10-27,1,Green_Algae,6.4926195,4.6946454
2021-10-28,1,Green_Algae,8.997244,7.3640175
2021-10-29,1,Green_Algae,9.55448,8.397276
2021-10-30,1,Green_Algae,6.1581116,7.6302166
2021-10-31,1,Green_Algae,5.569472,4.9021277
2021-11-01,1,Green_Algae,4.880246,5.4064655
2021-11-02,1,Green_Algae,6.240745,5.1566753
2021-11-03,1,Green_Algae,7.868003,6.525424
2021-11-04,1,Green_Algae,5.39335,7.2187676
2021-11-05,1,Green_Algae,2.8083358,4.960211
2021-11-06,1,Green_Algae,4.1119175,2.6496623
2021-11-07,1,Green_Algae,5.8138523,5.3282638
2021-11-08,1,Green_Algae,5.6319323,6.6494184
2021-11-09,1,Green_Algae,4.463618,5.5423603
2021-11-10,1,Green_Algae,5.127321,4.7354426
2021-11-11,1,Green_Algae,3.3585093,5.5923624
2021-11-12,1,Green_Algae,2.6787329,3.418689
2021-11-13,1,Green_Algae,2.9060419,3.3905773
2021-11-14,1,Green_Algae,2.3626916,3.907818
2021-11-15,1,Green_Algae,2.3225126,2.8215098
2021-11-16,1,Green_Algae,2.5409632,3.0244727
2021-11-17,1,Green_Algae,2.2751682,3.2765603
2021-11-18,1,Green_Algae,1.9986252,2.885508
2021-11-19,1,Green_Algae,1.6795293,2.6118405
2021-11-20,1,Green_Algae,1.8916438,1.9989762
2021-11-21,1,Green_Algae,2.7642143,2.1808708
2021-11-22,1,Green_Algae,3.023097,3.542428
2021-11-23,1,Green_Algae,1.7613965,3.1688845
2021-11-24,1,Green_Algae,1.8678365,1.8237951
2021-11-25,1,Green_Algae,1.7351195,2.336514
2021-11-26,1,Green_Algae,1.7887771,2.1763585
2021-11-27,1,Green_Algae,1.8194356,2.2412376
2021-11-28,1,Green_Algae,2.1925688,2.3988674
2021-11-29,1,Green_Algae,2.8506155,2.70253
2021-11-30,1,Green_Algae,3.7936785,3.623705
2021-12-01,1,Green_Algae,3.2888849,4.5798607
2021-12-02,1,Green_Algae,3.20601,3.1449687
2021-12-03,1,Green_Algae,3.1972845,3.2417493
2021-12-04,1,Green_Algae,2.9100072,3.34457
2021-12-05,1,Green_Algae,3.0636685,2.9415894
2021-12-06,1,Green_Algae,3.0413218,3.2453434
2021-12-07,1,Green_Algae,2.8179595,3.2389998
2021-12-08,1,Green_Algae,2.9317937,3.0067031
2021-12-09,1,Green_Algae,2.873556,3.2736857
2021-12-10,1,Green_Algae,3.0364544,3.3398192
2021-12-11,1,Green_Algae,3.930644,3.2647827
2021-12-12,1,Green_Algae,3.436191,4.3505964
2021-12-13,1,Green_Algae,3.863864,3.2628314
2021-12-14,1,Green_Algae,4.217301,4.3706408
2021-12-15,1,Green_Algae,4.429001,4.925909
2021-12-16,1,Green_Algae,4.6556263,4.913867
2021-12-17,1,Green_Algae,4.838226,4.8697186
2021-12-18,1,Green_Algae,4.1352496,3.9735584
2021-12-19,1,Green_Algae,3.6960173,3.7623985
2021-12-20,1,Green_Algae,3.0439653,3.8763769
2021-12-21,1,Green_Algae,2.7047684,3.0088708
2021-12-22,1,Green_Algae,4.257923,3.165023
2021-12-23,1,Green_Algae,3.2951374,4.1595345
2021-12-24,1,Green_Algae,2.3909624,4.3093505
2021-12-25,1,Green_Algae,2.1861448,3.2416995
2021-12-26,1,Green_Algae,1.7530535,2.7119203
2021-12-27,1,Green_Algae,1.9872879,2.699474
2021-12-28,1,Green_Algae,2.2317348,3.0590208
2021-12-29,1,Green_Algae,2.0643368,3.7164013
2021-12-30,1,Green_Algae,1.9601592,2.8164062
2021-12-31,1,Green_Algae,2.126949,3.6586175
2022-01-01,1,Green_Algae,2.2531767,2.9524727
2022-01-02,1,Green_Algae,2.1239364,3.2775471
2022-01-03,1,Green_Algae,2.5416799,2.6977868
2022-01-04,1,Green_Algae,3.3833745,3.5934122
2022-01-05,1,Green_Algae,6.9222884,4.5599647
2022-01-06,1,Green_Algae,5.645869,7.2164345
2022-01-07,1,Green_Algae,4.3694496,5.485497
2022-01-08,1,Green_Algae,6.313483,3.8625124
2022-01-09,1,Green_Algae,4.849971,5.776666
2022-01-10,1,Green_Algae,6.5303836,3.9956224
2022-01-11,1,Green_Algae,7.1293488,5.500857
2022-01-12,1,Green_Algae,3.0731115,4.825939
2022-01-13,1,Green_Algae,2.084052,2.2373254
2022-01-14,1,Green_Algae,1.3035264,2.1282246
2022-01-15,1,Green_Algae,2.1528146,1.6874889
2022-01-16,1,Green_Algae,2.2154775,2.916793
2022-01-17,1,Green_Algae,1.8509052,2.49763
2022-01-18,1,Green_Algae,3.0125198,2.1681573
2022-01-19,1,Green_Algae,2.9266691,3.7249384
2022-01-20,1,Green_Algae,3.0848227,3.046363
2022-01-21,1,Green_Algae,3.732527,3.3602262
2022-01-22,1,Green_Algae,4.3433237,3.903762
2022-01-23,1,Green_Algae,6.2519803,4.0996556
2022-01-24,1,Green_Algae,8.160637,6.525556
2022-01-25,1,Green_Algae,8.239467,6.2707853
2022-01-26,1,Green_Algae,8.318296,6.914954
2022-01-27,1,Green_Algae,8.397126,6.107029
2022-01-28,1,Green_Algae,8.475957,5.8818727
2022-01-29,1,Green_Algae,8.554788,6.1343737
2022-01-30,1,Green_Algae,8.633616,5.1737194
2022-01-31,1,Green_Algae,5.246442,5.4824834
2022-02-01,1,Green_Algae,3.9920294,3.6324198
2022-02-02,1,Green_Algae,4.695028,3.3592062
2022-02-03,1,Green_Algae,2.7493696,3.9888399
2022-02-04,1,Green_Algae,2.88272,2.4602795
2022-02-05,1,Green_Algae,2.763606,3.7753832
2022-02-06,1,Green_Algae,2.1112866,3.205267
2022-02-07,1,Green_Algae,2.4319632,2.252368
2022-02-08,1,Green_Algae,2.2566342,3.07316
2022-02-09,1,Green_Algae,2.6009963,3.2652144
2022-02-10,1,Green_Algae,2.5740855,3.652239
2022-02-11,1,Green_Algae,2.7089677,4.0206065
2022-02-12,1,Green_Algae,3.126954,3.4231791
2022-02-13,1,Green_Algae,4.3236074,4.814339
2022-02-14,1,Green_Algae,3.448381,5.47739
2022-02-15,1,Green_Algae,3.5295143,3.8104062
2022-02-16,1,Green_Algae,4.1974835,4.512875
2022-02-17,1,Green_Algae,4.8904557,5.388509
2022-02-18,1,Green_Algae,6.0933433,6.7985177
2022-02-19,1,Green_Algae,4.131527,6.1752353
2022-02-20,1,Green_Algae,2.946324,4.2387896
2022-02-21,1,Green_Algae,2.2808762,2.3620446
2022-02-22,1,Green_Algae,1.969732,2.6310742
2022-02-23,1,Green_Algae,1.8481604,2.5632138
2022-02-24,1,Green_Algae,1.970211,2.3773258
2022-02-25,1,Green_Algae,2.0456758,2.3225074
2022-02-26,1,Green_Algae,2.1211405,2.4078212
2022-02-27,1,Green_Algae,2.1966052,2.5134184
2022-02-28,1,Green_Algae,2.1446164,2.6435852
2022-03-01,1,Green_Algae,2.8918037,2.480691
2022-03-02,1,Green_Algae,3.3747232,3.718302
2022-03-03,1,Green_Algae,4.975467,4.4546657
2022-03-04,1,Green_Algae,5.8857384,5.8623843
2022-03-05,1,Green_Algae,7.7702246,6.0255737
2022-03-06,1,Green_Algae,7.406918,6.409831
2022-03-07,1,Green_Algae,8.624261,5.9194446
2022-03-08,1,Green_Algae,5.739247,6.2326274
2022-03-09,1,Green_Algae,4.569587,3.8548717
2022-03-10,1,Green_Algae,4.6664295,3.744676
2022-03-11,1,Green_Algae,6.601842,4.743471
2022-03-12,1,Green_Algae,7.0578914,6.8654847
2022-03-13,1,Green_Algae,9.441289,6.9332595
2022-03-14,1,Green_Algae,10.154751,7.490946
2022-03-15,1,Green_Algae,10.868213,7.2963195
2022-03-16,1,Green_Algae,10.484943,7.2360716
2022-03-17,1,Green_Algae,10.101673,7.2122087
2022-03-18,1,Green_Algae,10.141577,6.613598
2022-03-19,1,Green_Algae,10.18148,6.5594726
2022-03-20,1,Green_Algae,10.221386,6.3334312
2022-03-21,1,Green_Algae,6.8799276,6.0975184
2022-03-22,1,Green_Algae,6.111058,3.6468968
2022-03-23,1,Green_Algae,3.9833503,4.234591
2022-03-24,1,Green_Algae,2.6831644,2.7699869
2022-03-25,1,Green_Algae,2.11021,2.501432
2022-03-26,1,Green_Algae,2.3608906,2.8938751
2022-03-27,1,Green_Algae,2.612607,2.6080952
2022-03-28,1,Green_Algae,3.0601304,2.0882642
2022-03-29,1,Green_Algae,3.0547757,2.618585
2022-03-30,1,Green_Algae,2.5692663,2.0798473
2022-03-31,1,Green_Algae,2.7219045,2.0569277
2022-04-01,1,Green_Algae,3.1004643,2.0969336
2022-04-02,1,Green_Algae,2.2594109,2.9613743
2022-04-03,1,Green_Algae,1.953816,1.8849802
2022-04-04,1,Green_Algae,1.918588,1.7221506
2022-04-05,1,Green_Algae,2.3214595,2.0215774
2022-04-06,1,Green_Algae,2.560116,2.479599
2022-04-07,1,Green_Algae,3.2719536,2.5286872
2022-04-08,1,Green_Algae,4.419464,3.5717103
2022-04-09,1,Green_Algae,4.504269,4.717147
2022-04-10,1,Green_Algae,4.89147,4.6648345
2022-04-11,1,Green_Algae,6.268174,4.810794
2022-04-12,1,Green_Algae,7.3437877,6.0194917
2022-04-13,1,Green_Algae,9.499956,6.9391594
2022-04-14,1,Green_Algae,10.740788,7.7559633
2022-04-15,1,Green_Algae,8.073318,8.145614
2022-04-16,1,Green_Algae,7.630758,6.2482014
2022-04-17,1,Green_Algae,6.9328403,5.401451
2022-04-18,1,Green_Algae,6.5577283,4.967571
2022-04-19,1,Green_Algae,3.7500434,4.165574
2022-04-20,1,Green_Algae,3.4992976,2.2896671
2022-04-21,1,Green_Algae,4.348203,3.5289931
2022-04-22,1,Green_Algae,5.875435,3.8317418
2022-04-23,1,Green_Algae,8.554278,5.470738
2022-04-24,1,Green_Algae,10.74772,7.395588
2022-04-25,1,Green_Algae,10.313055,7.031504
2022-04-26,1,Green_Algae,10.031486,6.0181794
2022-04-27,1,Green_Algae,9.749915,6.1416626
2022-04-28,1,Green_Algae,9.468344,5.252706
2022-04-29,1,Green_Algae,6.3907814,5.3880324
2022-04-30,1,Green_Algae,2.7383044,3.7827024
2022-05-01,1,Green_Algae,1.9100943,2.6136825
2022-05-02,1,Green_Algae,1.4387971,2.372301
2022-05-03,1,Green_Algae,1.6956812,1.7340242
2022-05-04,1,Green_Algae,2.9322464,2.083026
2022-05-05,1,Green_Algae,4.024558,3.4263847
2022-05-06,1,Green_Algae,7.546461,4.417714
2022-05-07,1,Green_Algae,8.4868555,7.1798534
2022-05-08,1,Green_Algae,8.025366,7.563409
2022-05-09,1,Green_Algae,7.563878,6.26126
2022-05-10,1,Green_Algae,3.786575,4.0823965
2022-05-11,1,Green_Algae,2.6313117,2.0401702
2022-05-12,1,Green_Algae,2.673943,2.3901603
2022-05-13,1,Green_Algae,3.6793551,2.6408057
2022-05-14,1,Green_Algae,3.5523696,3.1574361
2022-05-15,1,Green_Algae,2.8397105,2.57197
2022-05-16,1,Green_Algae,2.6588566,2.2261899
2022-05-17,1,Green_Algae,2.5439029,2.1878476
2022-05-18,1,Green_Algae,1.9558738,2.3774853
2022-05-19,1,Green_Algae,2.2352676,2.0481045
2022-05-20,1,Green_Algae,3.8337293,2.3138738
2022-05-21,1,Green_Algae,6.6012907,4.113957
2022-05-22,1,Green_Algae,4.1062393,6.247393
2022-05-23,1,Green_Algae,3.8795009,3.1695924
2022-05-24,1,Green_Algae,3.7486677,3.7185426
2022-05-25,1,Green_Algae,2.5144565,3.832749
2022-05-26,1,Green_Algae,2.628731,2.3775198
2022-05-27,1,Green_Algae,2.336657,3.0402834
2022-05-28,1,Green_Algae,1.8927444,2.362388
2022-05-29,1,Green_Algae,1.7338868,1.9353002
2022-05-30,1,Green_Algae,2.055707,1.524345
2022-05-31,1,Green_Algae,2.7962682,1.7658708
2022-06-01,1,Green_Algae,2.4670553,1.9376793
2022-06-02,1,Green_Algae,2.5074983,1.8782903
2022-06-03,1,Green_Algae,3.3220377,1.9200237
2022-06-04,1,Green_Algae,2.913029,2.3849707
2022-06-05,1,Green_Algae,3.21664,2.0100024
2022-06-06,1,Green_Algae,3.0336015,2.3961399
2022-06-07,1,Green_Algae,2.016884,2.220804
2022-06-08,1,Green_Algae,0.71460867,1.686877
2022-06-09,1,Green_Algae,1.4329565,0.81894153
2022-06-10,1,Green_Algae,1.2493777,1.2371595
2022-06-11,1,Green_Algae,1.7778566,0.9734904
2022-06-12,1,Green_Algae,1.9454993,1.3104107
2022-06-13,1,Green_Algae,1.383483,1.3934218
2022-06-14,1,Green_Algae,0.17669071,1.0095462
2022-06-15,1,Green_Algae,0.1694878,0.5025537
2022-06-16,1,Green_Algae,1.6111215,0.41147733
2022-06-17,1,Green_Algae,1.4915413,1.0582529
2022-06-18,1,Green_Algae,1.3510724,1.200183
2022-06-19,1,Green_Algae,1.4114358,1.4089029
2022-06-20,1,Green_Algae,1.2985806,1.6236997
2022-06-21,1,Green_Algae,1.315047,1.6221634
2022-06-22,1,Green_Algae,1.1877986,1.7636514
2022-06-23,1,Green_Algae,0.20468882,1.6302053
2022-06-24,1,Green_Algae,0.9321283,0.7056145
2022-06-25,1,Green_Algae,2.667632,1.2210771
2022-06-26,1,Green_Algae,2.3597465,2.7608602
2022-06-27,1,Green_Algae,2.4025416,2.3289278
2022-06-28,1,Green_Algae,2.6718307,2.3968766
2022-06-29,1,Green_Algae,2.6384616,2.9348612
2022-06-30,1,Green_Algae,3.7917957,2.5003061
2022-07-01,1,Green_Algae,3.6459014,3.8123531
2022-07-02,1,Green_Algae,3.1270165,3.5225947
2022-07-03,1,Green_Algae,2.8873951,2.885071
2022-07-04,1,Green_Algae,3.3072195,2.6935108
2022-07-05,1,Green_Algae,2.865286,3.0952833
2022-07-06,1,Green_Algae,2.9233165,2.4650073
2022-07-07,1,Green_Algae,2.1893845,2.6240768
2022-07-08,1,Green_Algae,1.9153528,2.0802205
2022-07-09,1,Green_Algae,2.0919194,2.2526822
2022-07-10,1,Green_Algae,3.2985039,2.5428276
2022-07-11,1,Green_Algae,4.8211155,4.1030188
2022-07-12,1,Green_Algae,5.138985,4.8731985
2022-07-13,1,Green_Algae,5.002174,4.8766665
2022-07-14,1,Green_Algae,9.229062,4.695302
2022-07-15,1,Green_Algae,8.125591,7.1104093
2022-07-16,1,Green_Algae,7.02212,6.4972043
2022-07-17,1,Green_Algae,5.9186487,5.3954725
2022-07-18,1,Green_Algae,4.815178,5.30247
2022-07-19,1,Green_Algae,1.9387745,3.8797662
2022-07-20,1,Green_Algae,1.5423076,1.8955706
2022-07-21,1,Green_Algae,0.75141406,2.2379282
2022-07-22,1,Green_Algae,0.29937363,1.4631686
2022-07-23,1,Green_Algae,1.4023521,0.96317387
2022-07-24,1,Green_Algae,4.171111,2.3777602
2022-07-25,1,Green_Algae,0.52041996,4.734778
2022-07-26,1,Green_Algae,0.0809841,1.3715734
2022-07-27,1,Green_Algae,0.34602904,0.8160541
2022-07-28,1,Green_Algae,0.6430407,1.3923402
2022-07-29,1,Green_Algae,0.75374895,1.5646659
2022-07-30,1,Green_Algae,0.8893367,1.6172115
2022-07-31,1,Green_Algae,1.0249244,1.7234136
2022-08-01,1,Green_Algae,1.160512,1.8658278
2022-08-02,1,Green_Algae,1.2960997,2.0894547
2022-08-03,1,Green_Algae,1.4316874,2.245077
2022-08-04,1,Green_Algae,1.5672749,2.4182699
2022-08-05,1,Green_Algae,1.7028626,2.1250432
2022-08-06,1,Green_Algae,1.8384502,2.380116
2022-08-07,1,Green_Algae,1.9740379,2.5257928
2022-08-08,1,Green_Algae,2.1096256,2.8334205
2022-08-09,1,Green_Algae,2.2452133,2.9493277
2022-08-10,1,Green_Algae,2.380801,3.1899009
2022-08-11,1,Green_Algae,2.5163884,3.1996968
2022-08-12,1,Green_Algae,2.651976,3.082516
2022-08-13,1,Green_Algae,2.7875638,3.4956656
2022-08-14,1,Green_Algae,2.9231515,3.7680254
2022-08-15,1,Green_Algae,3.0587392,3.523629
2022-08-16,1,Green_Algae,3.1943269,3.459977
2022-08-17,1,Green_Algae,3.3299146,3.618036
2022-08-18,1,Green_Algae,3.465502,3.7492921
2022-08-19,1,Green_Algae,3.6010897,3.9066129
2022-08-20,1,Green_Algae,3.7366774,3.8725388
2022-08-21,1,Green_Algae,3.872265,4.013263
2022-08-22,1,Green_Algae,4.0078526,4.064694
2022-08-23,1,Green_Algae,4.1434402,4.2986813
2022-08-24,1,Green_Algae,4.279028,4.4764833
2022-08-25,1,Green_Algae,4.4146156,4.569455
2022-08-26,1,Green_Algae,4.5502033,4.366635
2022-08-27,1,Green_Algae,4.685791,4.5036097
2022-08-28,1,Green_Algae,4.8213787,4.506392
2022-08-29,1,Green_Algae,4.9569664,4.636784
2022-08-30,1,Green_Algae,5.092554,4.9023724
2022-08-31,1,Green_Algae,5.2281413,5.1984825
2022-09-01,1,Green_Algae,5.3637295,5.08953
2022-09-02,1,Green_Algae,5.499317,4.58044
2022-09-03,1,Green_Algae,5.634905,4.7455072
2022-09-04,1,Green_Algae,5.770492,4.8333654
2022-09-05,1,Green_Algae,5.9060802,4.913138
2022-09-06,1,Green_Algae,6.0416675,5.051544
2022-09-07,1,Green_Algae,6.177255,5.4299283
2022-09-08,1,Green_Algae,6.312843,5.31805
2022-09-09,1,Green_Algae,6.4484305,5.2436104
2022-09-10,1,Green_Algae,6.230826,5.253572
2022-09-11,1,Green_Algae,8.68992,5.336982
2022-09-12,1,Green_Algae,7.807916,6.554712
2022-09-13,1,Green_Algae,8.3521595,5.112888
2022-09-14,1,Green_Algae,9.356362,6.103032
2022-09-15,1,Green_Algae,7.107813,6.513968
2022-09-16,1,Green_Algae,4.4031787,5.667309
2022-09-17,1,Green_Algae,3.7508175,3.7066214
2022-09-18,1,Green_Algae,6.3141737,3.9911659
2022-09-19,1,Green_Algae,3.516343,5.822019
2022-09-20,1,Green_Algae,1.5800507,3.2958694
2022-09-21,1,Green_Algae,1.6696308,1.7804638
2022-09-22,1,Green_Algae,1.4959407,2.249022
2022-09-23,1,Green_Algae,1.615673,2.2766771
2022-09-24,1,Green_Algae,2.0823896,2.6967711
2022-09-25,1,Green_Algae,1.5839247,3.4793563
2022-09-26,1,Green_Algae,1.9809276,2.811771
2022-09-27,1,Green_Algae,2.3091745,2.9683049
2022-09-28,1,Green_Algae,5.5527225,3.1202893
2022-09-29,1,Green_Algae,6.6691623,5.263457
2022-09-30,1,Green_Algae,7.104832,5.060934
2022-10-01,1,Green_Algae,2.6034105,5.0552773
2022-10-02,1,Green_Algae,3.3666306,2.1355143
2022-10-03,1,Green_Algae,4.350832,3.2694695
2022-10-04,1,Green_Algae,4.8073153,3.7811604
2022-10-05,1,Green_Algae,3.984971,3.882323
2022-10-06,1,Green_Algae,3.1910217,2.686843
2022-10-07,1,Green_Algae,2.3935506,2.5257258
2022-10-08,1,Green_Algae,1.82,2.1054661
2022-10-09,1,Green_Algae,3.16779,2.1654851
2022-10-10,1,Green_Algae,3.305127,3.1050045
2022-10-11,1,Green_Algae,2.3630557,2.9420877
2022-10-12,1,Green_Algae,2.342739,2.192888
2022-10-13,1,Green_Algae,1.9473406,2.482934
2022-10-14,1,Green_Algae,2.4178493,2.1185422
2022-10-15,1,Green_Algae,2.2874982,2.7986271
2022-10-16,1,Green_Algae,2.8773642,2.6315181
2022-10-17,1,Green_Algae,1.9032803,3.290893
2022-10-18,1,Green_Algae,1.3671615,2.0713801
2022-10-19,1,Green_Algae,1.2281462,1.7447312
2022-10-20,1,Green_Algae,1.4357452,1.6629441
2022-10-21,1,Green_Algae,1.8146449,2.0637999
2022-10-22,1,Green_Algae,5.2175727,1.9601638
2022-10-23,1,Green_Algae,1.6347319,4.994351
2022-10-24,1,Green_Algae,1.3448409,1.7275153
2022-10-25,1,Green_Algae,0.8646165,1.5388758
2022-10-26,1,Green_Algae,0.7161304,1.2089733
2022-10-27,1,Green_Algae,0.8117439,1.0508504
2022-10-28,1,Green_Algae,0.9852315,1.247794
2022-10-29,1,Green_Algae,0.7189863,1.4639684
2022-10-30,1,Green_Algae,0.74040526,1.3427536
2022-10-31,1,Green_Algae,0.3959189,1.5055712
2022-11-01,1,Green_Algae,0.45915672,1.0957891
2022-11-02,1,Green_Algae,0.44663528,1.1286108
2022-11-03,1,Green_Algae,0.5711731,1.1822014
2022-11-04,1,Green_Algae,0.5187971,1.355762
2022-11-05,1,Green_Algae,0.5168741,1.144243
2022-11-06,1,Green_Algae,0.99285096,1.1101477
2022-11-07,1,Green_Algae,0.97021586,1.6587039
2022-11-08,1,Green_Algae,3.6827445,1.3461311
2022-11-09,1,Green_Algae,3.2042935,4.346635
2022-11-10,1,Green_Algae,2.6945007,3.332192
2022-11-11,1,Green_Algae,5.053273,2.3706355
2022-11-12,1,Green_Algae,8.711579,4.5736866
2022-11-13,1,Green_Algae,7.713145,6.185178
2022-11-14,1,Green_Algae,5.1916933,4.973543
2022-11-15,1,Green_Algae,1.4670622,3.6733074
2022-11-16,1,Green_Algae,0.26871106,1.4344217
2022-11-17,1,Green_Algae,0.32965964,0.6808095
2022-11-18,1,Green_Algae,0.4381694,0.7090988
2022-11-19,1,Green_Algae,1.021942,0.8742983
2022-11-20,1,Green_Algae,1.0667945,1.3323455
2022-11-21,1,Green_Algae,0.9796669,1.0205653
2022-11-22,1,Green_Algae,1.0705576,1.1248558
2022-11-23,1,Green_Algae,1.2641643,1.236563
2022-11-24,1,Green_Algae,0.9981404,1.4172326
2022-11-25,1,Green_Algae,0.8159957,1.1042422
2022-11-26,1,Green_Algae,1.3945585,1.0088272
2022-11-27,1,Green_Algae,1.6876014,1.696529
2022-11-28,1,Green_Algae,1.396505,1.6135454
2022-11-29,1,Green_Algae,1.0866112,1.5710738
2022-11-30,1,Green_Algae,1.0804197,1.3773049
2022-12-01,1,Green_Algae,1.0082923,1.5417545
2022-12-02,1,Green_Algae,1.1993546,1.5302855
2022-12-03,1,Green_Algae,1.0384793,1.6030381
2022-12-04,1,Green_Algae,0.9513034,1.2941258
2022-12-05,1,Green_Algae,1.4196737,1.216817
2022-12-06,1,Green_Algae,1.5062437,2.0373433
2022-12-07,1,Green_Algae,1.6673859,1.6214161
2022-12-08,1,Green_Algae,1.7725435,2.0295446
2022-12-09,1,Green_Algae,2.750798,2.1476998
2022-12-10,1,Green_Algae,2.2412164,3.4588547
2022-12-11,1,Green_Algae,0.4060463,2.1943607
2022-12-12,1,Green_Algae,0.160492,0.8507959
2022-12-13,1,Green_Algae,0.2686097,0.61318105
2022-12-14,1,Green_Algae,0.31757072,0.6673694
2022-12-15,1,Green_Algae,0.41242754,0.72950125
2022-12-16,1,Green_Algae,0.2809631,0.78747904
2022-12-17,1,Green_Algae,0.4638523,0.8440753
2022-12-18,1,Green_Algae,0.48307028,0.82028353
2022-12-19,1,Green_Algae,0.52901447,0.8507402
2022-12-20,1,Green_Algae,0.41270813,0.82065785
2022-12-21,1,Green_Algae,0.39071897,0.8341001
2022-12-22,1,Green_Algae,0.43844205,0.8630104
2022-12-23,1,Green_Algae,0.27015212,0.94325334
2022-12-24,1,Green_Algae,0.26322237,0.7855722
2022-12-25,1,Green_Algae,0.29721218,0.7814939
2022-12-26,1,Green_Algae,0.25078148,0.8012569
2022-12-27,1,Green_Algae,0.21856004,0.763599
2022-12-28,1,Green_Algae,0.15966643,0.7284034
2022-12-29,1,Green_Algae,0.24490596,0.7014556
2022-12-30,1,Green_Algae,0.20376809,0.8149003
2022-12-31,1,Green_Algae,0.2882681,0.80708826
2023-01-01,1,Green_Algae,0.09535451,0.9004513
2023-01-02,1,Green_Algae,0.071312584,0.5900874
2023-01-03,1,Green_Algae,0.036156602,0.72029066
2023-01-04,1,Green_Algae,3.252288,0.5964107
2023-01-05,1,Green_Algae,6.237046,3.924706
2023-01-06,1,Green_Algae,9.221804,7.0008883
2023-01-07,1,Green_Algae,9.225964,7.3560348
2023-01-08,1,Green_Algae,9.2301235,7.384182
2023-01-09,1,Green_Algae,9.234284,6.3528094
2023-01-10,1,Green_Algae,9.238444,6.7239933
2023-01-11,1,Green_Algae,9.242605,5.9050217
2023-01-12,1,Green_Algae,8.008986,5.859325
2023-01-13,1,Green_Algae,9.353083,5.4156604
2023-01-14,1,Green_Algae,6.951903,6.207831
2023-01-15,1,Green_Algae,3.9082983,4.6448817
2023-01-16,1,Green_Algae,3.8983636,2.3951442
2023-01-17,1,Green_Algae,3.6625977,3.7750876
2023-01-18,1,Green_Algae,2.6919782,3.7417932
2023-01-19,1,Green_Algae,2.5106957,2.359481
2023-01-20,1,Green_Algae,2.9152644,2.7428238
2023-01-21,1,Green_Algae,3.6604702,3.8047864
2023-01-22,1,Green_Algae,7.30152,4.2234564
2023-01-23,1,Green_Algae,6.2374687,6.9216094
2023-01-24,1,Green_Algae,5.173418,6.1978545
2023-01-25,1,Green_Algae,4.7855973,2.850104
2023-01-26,1,Green_Algae,4.944407,3.85855
2023-01-27,1,Green_Algae,5.020905,4.13266
2023-01-28,1,Green_Algae,4.1378713,4.432753
2023-01-29,1,Green_Algae,3.5290515,3.1668663
2023-01-30,1,Green_Algae,3.2179534,3.7216032
2023-01-31,1,Green_Algae,5.3130965,3.1923053
2023-02-01,1,Green_Algae,7.0447626,5.2346025
2023-02-02,1,Green_Algae,9.122445,6.1158767
2023-02-03,1,Green_Algae,6.014926,6.497439
2023-02-04,1,Green_Algae,5.961019,4.29166
2023-02-05,1,Green_Algae,5.907112,5.185387
2023-02-06,1,Green_Algae,5.853205,5.3055077
2023-02-07,1,Green_Algae,8.160051,5.4240537
2023-02-08,1,Green_Algae,7.2787995,6.562194
2023-02-09,1,Green_Algae,6.3975487,5.5850387
2023-02-10,1,Green_Algae,1.4237877,4.3591514
2023-02-11,1,Green_Algae,1.1469333,1.3040719
2023-02-12,1,Green_Algae,0.77981836,1.515081
2023-02-13,1,Green_Algae,0.90640306,0.8707561
2023-02-14,1,Green_Algae,0.18429561,1.0645304
2023-02-15,1,Green_Algae,0.09019138,0.45840535
2023-02-16,1,Green_Algae,0.06921226,0.39411408
2023-02-17,1,Green_Algae,0.09716904,0.37084427
2023-02-18,1,Green_Algae,0.5358182,0.39961258
2023-02-19,1,Green_Algae,0.73984677,0.7499792
2023-02-20,1,Green_Algae,0.9485524,0.80131215
2023-02-21,1,Green_Algae,0.88800627,0.9815068
2023-02-22,1,Green_Algae,0.77299947,0.8308057
2023-02-23,1,Green_Algae,0.8697355,0.98391867
2023-02-24,1,Green_Algae,0.9345164,1.1369321
2023-02-25,1,Green_Algae,0.5437155,1.0754938
2023-02-26,1,Green_Algae,0.35603827,0.71535784
2023-02-27,1,Green_Algae,0.2848945,0.6160509
2023-02-28,1,Green_Algae,0.9269008,0.61212856
2023-03-01,1,Green_Algae,1.0543281,1.3271273
2023-03-02,1,Green_Algae,0.82646257,1.0584493
2023-03-03,1,Green_Algae,0.41406226,0.8756715
2023-03-04,1,Green_Algae,0.43284735,0.68956345
2023-03-05,1,Green_Algae,0.34657025,0.78189117
2023-03-06,1,Green_Algae,0.24229686,0.68181616
2023-03-07,1,Green_Algae,0.28762135,0.6422707
2023-03-08,1,Green_Algae,0.23873465,0.68332344
2023-03-09,1,Green_Algae,0.20506701,0.59068626
2023-03-10,1,Green_Algae,0.12347253,0.62529457
2023-03-11,1,Green_Algae,0.08151744,0.5845286
2023-03-12,1,Green_Algae,0.14753455,0.5708436
2023-03-13,1,Green_Algae,0.08237493,0.6329973
2023-03-14,1,Green_Algae,0.036238365,0.73192865
2023-03-15,1,Green_Algae,0.1186852,0.53600097
2023-03-16,1,Green_Algae,0.17207983,0.62415344
2023-03-17,1,Green_Algae,0.24798092,0.65737003
2023-03-18,1,Green_Algae,0.23571466,0.6797028
2023-03-19,1,Green_Algae,0.16183792,0.6881395
2023-03-20,1,Green_Algae,0.40782675,0.6376109
2023-03-21,1,Green_Algae,0.101640604,0.9245964
2023-03-22,1,Green_Algae,0.5060475,0.6041049
2023-03-23,1,Green_Algae,2.69248,1.3188941
2023-03-24,1,Green_Algae,1.9497765,4.0547347
2023-03-25,1,Green_Algae,1.3316832,2.224655
2023-03-26,1,Green_Algae,2.578498,1.1023856
2023-03-27,1,Green_Algae,2.0630136,1.8888612
2023-03-28,1,Green_Algae,1.7380223,1.2350056
2023-03-29,1,Green_Algae,1.37283,1.0940841
2023-03-30,1,Green_Algae,1.1725881,1.1476071
2023-03-31,1,Green_Algae,0.9683462,1.0461274
2023-04-01,1,Green_Algae,0.71395975,1.0257375
2023-04-02,1,Green_Algae,0.683174,0.98524654
2023-04-03,1,Green_Algae,0.75986,1.009111
2023-04-04,1,Green_Algae,0.6773602,1.2457392
2023-04-05,1,Green_Algae,1.834648,1.0282454
2023-04-06,1,Green_Algae,4.089308,1.8648686
2023-04-07,1,Green_Algae,2.2397137,3.0649376
2023-04-08,1,Green_Algae,1.7206718,1.6571518
2023-04-09,1,Green_Algae,1.4219851,1.4826593
2023-04-10,1,Green_Algae,1.2250155,1.0964854
2023-04-11,1,Green_Algae,0.8648579,1.0210932
2023-04-12,1,Green_Algae,0.56595254,0.8608281
2023-04-13,1,Green_Algae,0.50567454,0.8113988
2023-04-14,1,Green_Algae,0.66647476,1.0345341
2023-04-15,1,Green_Algae,1.0466163,1.1313554
2023-04-16,1,Green_Algae,1.2097328,1.4328551
2023-04-17,1,Green_Algae,2.6901345,1.4868093
2023-04-18,1,Green_Algae,2.477803,3.7867925
2023-04-19,1,Green_Algae,2.09581,3.0477178
2023-04-20,1,Green_Algae,1.6294928,1.9349823
2023-04-21,1,Green_Algae,1.3932893,1.8442658
2023-04-22,1,Green_Algae,0.9884703,1.7050303
2023-04-23,1,Green_Algae,0.9850644,1.2607542
2023-04-24,1,Green_Algae,1.0676374,1.2774748
2023-04-25,1,Green_Algae,1.3244078,1.1780117
2023-04-26,1,Green_Algae,0.6416333,1.7727892
2023-04-27,1,Green_Algae,0.27814546,0.9899979
2023-04-28,1,Green_Algae,1.3145058,0.7435421
2023-04-29,1,Green_Algae,3.2526584,1.8371361
2023-04-30,1,Green_Algae,3.1499057,3.766581
2023-05-01,1,Green_Algae,1.6380941,2.8041546
2023-05-02,1,Green_Algae,4.1922054,1.3934495
2023-05-03,1,Green_Algae,5.529419,4.254128
2023-05-04,1,Green_Algae,6.2632565,5.3038254
2023-05-05,1,Green_Algae,6.8380823,5.9660482
2023-05-06,1,Green_Algae,7.412908,7.271337
2023-05-07,1,Green_Algae,4.079104,6.5752573
2023-05-08,1,Green_Algae,2.2593377,2.2753356
2023-05-09,1,Green_Algae,1.9581879,1.9158505
2023-05-10,1,Green_Algae,2.4479287,2.054443
2023-05-11,1,Green_Algae,2.7059772,2.01409
2023-05-12,1,Green_Algae,2.3598123,1.99834
2023-05-13,1,Green_Algae,1.7751207,1.5187155
2023-05-14,1,Green_Algae,1.2882135,1.0786278
2023-05-15,1,Green_Algae,1.0123258,0.90641844
2023-05-16,1,Green_Algae,1.0217282,0.93376255
2023-05-17,1,Green_Algae,0.8613485,1.0955807
2023-05-18,1,Green_Algae,1.1611063,0.9209626
2023-05-19,1,Green_Algae,0.9660143,1.3612465
2023-05-20,1,Green_Algae,0.79129213,1.0959616
2023-05-21,1,Green_Algae,1.006314,1.012707
2023-05-22,1,Green_Algae,0.55901504,1.3236823
2023-05-23,1,Green_Algae,0.46997598,0.81700504
2023-05-24,1,Green_Algae,0.31273833,0.84159374
2023-05-25,1,Green_Algae,0.29093453,0.68726027
2023-05-26,1,Green_Algae,0.25067583,0.6497469
2023-05-27,1,Green_Algae,0.42133546,0.60361475
2023-05-28,1,Green_Algae,1.3887391,0.7902314
2023-05-29,1,Green_Algae,2.5463135,1.849761
2023-05-30,1,Green_Algae,2.2533908,2.8255875
2023-05-31,1,Green_Algae,3.1068542,2.030785
2023-06-01,1,Green_Algae,2.7869723,3.6479065
2023-06-02,1,Green_Algae,2.4034996,2.5338616
2023-06-03,1,Green_Algae,1.0539821,1.941981
2023-06-04,1,Green_Algae,0.93468004,0.93158275
2023-06-05,1,Green_Algae,0.4879697,0.8926615
2023-06-06,1,Green_Algae,0.8998942,0.63943034
2023-06-07,1,Green_Algae,1.3108021,1.0945481
2023-06-08,1,Green_Algae,1.019688,1.3092959
2023-06-09,1,Green_Algae,0.46447587,1.1268109
2023-06-10,1,Green_Algae,0.49861857,0.71189696
2023-06-11,1,Green_Algae,0.61284125,0.75921804
2023-06-12,1,Green_Algae,0.6797172,0.8175798
2023-06-13,1,Green_Algae,0.7083528,0.856206
2023-06-14,1,Green_Algae,0.35401052,0.88562965
2023-06-15,1,Green_Algae,0.41286027,0.6012529
2023-06-16,1,Green_Algae,0.2804898,0.6900322
2023-06-17,1,Green_Algae,0.2304269,0.5685107
2023-06-18,1,Green_Algae,0.5143521,0.5404828
2023-06-19,1,Green_Algae,0.5725395,0.8541425
2023-06-20,1,Green_Algae,1.4189571,0.84904355
2023-06-21,1,Green_Algae,3.0382833,1.6572472
2023-06-22,1,Green_Algae,3.1065986,3.211242
2023-06-23,1,Green_Algae,1.9374653,3.2682633
2023-06-24,1,Green_Algae,1.1924785,1.8836937
2023-06-25,1,Green_Algae,1.0128819,1.5129137
2023-06-26,1,Green_Algae,1.2879117,1.4334136
2023-06-27,1,Green_Algae,1.1464972,1.5459394
2023-06-28,1,Green_Algae,4.1690407,1.3429668
2023-06-29,1,Green_Algae,5.1483574,4.674324
2023-06-30,1,Green_Algae,4.417229,5.35747
2023-07-01,1,Green_Algae,3.0753262,4.1798058
2023-07-02,1,Green_Algae,2.3679974,3.3975177
2023-07-03,1,Green_Algae,3.1175823,2.7851026
2023-07-04,1,Green_Algae,5.006934,3.9880116
2023-07-05,1,Green_Algae,6.813222,5.2341957
2023-07-06,1,Green_Algae,7.1008797,6.0357985
2023-07-07,1,Green_Algae,7.8447523,6.3065414
2023-07-08,1,Green_Algae,7.1713324,6.680774
2023-07-09,1,Green_Algae,7.92671,6.7905717
2023-07-10,1,Green_Algae,7.4939637,6.4072866
2023-07-11,1,Green_Algae,5.54597,5.8718414
2023-07-12,1,Green_Algae,4.022008,4.4021997
2023-07-13,1,Green_Algae,3.7216525,4.4807706
2023-07-14,1,Green_Algae,2.7944505,4.2203436
2023-07-15,1,Green_Algae,2.0034344,3.9206505
2023-07-16,1,Green_Algae,1.4967204,2.871292
2023-07-17,1,Green_Algae,1.3990573,2.5306969
2023-07-18,1,Green_Algae,1.0275207,2.546813
2023-07-19,1,Green_Algae,1.0186292,1.9862525
2023-07-20,1,Green_Algae,1.734702,2.141201
2023-07-21,1,Green_Algae,3.5428689,3.465034
2023-07-22,1,Green_Algae,8.218171,4.4680066
2023-07-23,1,Green_Algae,8.601586,5.947499
2023-07-24,1,Green_Algae,9.032261,6.712636
2023-07-25,1,Green_Algae,8.793951,6.0783195
2023-07-26,1,Green_Algae,6.349499,5.7434683
2023-07-27,1,Green_Algae,4.783891,4.452601
2023-07-28,1,Green_Algae,2.371833,4.1990466
2023-07-29,1,Green_Algae,1.8697046,2.4072747
2023-07-30,1,Green_Algae,2.1430004,2.6324472
2023-07-31,1,Green_Algae,2.687552,3.0065458
2023-08-01,1,Green_Algae,2.8441966,3.1470037
2023-08-02,1,Green_Algae,3.3121603,3.9138424
2023-08-03,1,Green_Algae,4.9291377,4.6800566
2023-08-04,1,Green_Algae,5.591187,5.752082
2023-08-05,1,Green_Algae,8.544591,5.7777414
2023-08-06,1,Green_Algae,8.778641,6.701617
2023-08-07,1,Green_Algae,9.01269,6.2510185
2023-08-08,1,Green_Algae,9.246739,5.7042565
2023-08-09,1,Green_Algae,6.3150916,5.8030343
2023-08-10,1,Green_Algae,5.0038095,5.6117105
2023-08-11,1,Green_Algae,3.3346193,4.10087
2023-08-12,1,Green_Algae,2.5525656,3.897727
2023-08-13,1,Green_Algae,3.0647385,3.1930737
2023-08-14,1,Green_Algae,5.879216,4.350171
2023-08-15,1,Green_Algae,6.031285,5.6516933
2023-08-16,1,Green_Algae,4.687024,4.9379706
2023-08-17,1,Green_Algae,1.2427475,2.9788086
2023-08-18,1,Green_Algae,0.8998853,1.1941553
2023-08-19,1,Green_Algae,0.66447395,1.106761
2023-08-20,1,Green_Algae,0.51328796,0.7982166
2023-08-21,1,Green_Algae,0.45516005,0.72929287
2023-08-22,1,Green_Algae,0.3003116,0.6314803
2023-08-23,1,Green_Algae,0.28055164,0.50602347
2023-08-24,1,Green_Algae,0.2979189,0.61028063
2023-08-25,1,Green_Algae,0.2403409,0.52633697
2023-08-26,1,Green_Algae,0.44934124,0.6058904
2023-08-27,1,Green_Algae,0.41253313,0.643068
2023-08-28,1,Green_Algae,0.5238057,0.6832205
2023-08-29,1,Green_Algae,1.458634,0.63108426
2023-08-30,1,Green_Algae,0.76870924,1.0609901
2023-08-31,1,Green_Algae,1.4702122,0.7876695
2023-09-01,1,Green_Algae,0.9918718,1.1029326
2023-09-02,1,Green_Algae,0.91562474,0.8410046
2023-09-03,1,Green_Algae,0.70573056,0.85132223
2023-09-04,1,Green_Algae,0.6742999,0.7745779
2023-09-05,1,Green_Algae,1.3842525,0.7427379
2023-09-06,1,Green_Algae,4.9435377,0.8537948
2023-09-07,1,Green_Algae,3.897788,2.378031
2023-09-08,1,Green_Algae,1.5145657,1.5685381
2023-09-09,1,Green_Algae,0.6406925,0.881085
2023-09-10,1,Green_Algae,0.33638895,0.6484105
2023-09-11,1,Green_Algae,0.10094779,0.6010477
2023-09-12,1,Green_Algae,0.09816431,0.4603288
2023-09-13,1,Green_Algae,0.2952668,0.4975752
2023-09-14,1,Green_Algae,0.7073095,0.52254117
2023-09-15,1,Green_Algae,1.220801,0.8494822
2023-09-16,1,Green_Algae,0.82873017,1.2568239
2023-09-17,1,Green_Algae,0.7083514,0.91432995
2023-09-18,1,Green_Algae,1.3472247,0.90012133
2023-09-19,1,Green_Algae,1.9606476,1.4579692
2023-09-20,1,Green_Algae,3.1551094,1.7852556
2023-09-21,1,Green_Algae,4.03383,3.4683592
2023-09-22,1,Green_Algae,3.11515,3.7669587
2023-09-23,1,Green_Algae,3.0413108,3.0758154
2023-09-24,1,Green_Algae,3.025897,3.3561723
2023-09-25,1,Green_Algae,2.150364,3.1426475
2023-09-26,1,Green_Algae,2.4681423,2.3384123
2023-09-27,1,Green_Algae,2.4991379,2.6911485
2023-09-28,1,Green_Algae,2.2806215,2.340656
2023-09-29,1,Green_Algae,1.9233941,2.176269
2023-09-30,1,Green_Algae,1.7363886,1.9866916
2023-10-01,1,Green_Algae,2.0806055,1.6218449
2023-10-02,1,Green_Algae,1.3755308,2.0208733
2023-10-03,1,Green_Algae,1.3721676,1.3473965
2023-10-04,1,Green_Algae,1.5986129,1.2114025
2023-10-05,1,Green_Algae,1.1944014,1.3973926
2023-10-06,1,Green_Algae,0.4352867,0.99906147
2023-10-07,1,Green_Algae,0.038954273,0.5657566
2023-10-08,1,Green_Algae,0.005254514,0.38681677
2023-10-09,1,Green_Algae,0.00022059257,0.37429655
2023-10-10,1,Green_Algae,0.07396206,0.42959905
2023-10-11,1,Green_Algae,0.0044502877,0.45649132
2023-10-12,1,Green_Algae,0.21425903,0.41607562
2023-10-13,1,Green_Algae,0.4240678,0.6391584
2023-10-14,1,Green_Algae,1.2040071,0.7190733
2023-10-15,1,Green_Algae,1.538577,1.4283963
2023-10-16,1,Green_Algae,0.91931796,1.557346
2023-10-17,1,Green_Algae,0.49678364,0.8588682
2023-10-18,1,Green_Algae,0.27720237,0.6931354
2023-10-19,1,Green_Algae,0.060109414,0.47855535
2023-10-20,1,Green_Algae,0.0003220112,0.31797177
2023-10-21,1,Green_Algae,0.0012375681,0.28897655
2023-10-22,1,Green_Algae,0.0032772026,0.22255976
2023-10-23,1,Green_Algae,0.0053168214,0.23450357
2023-10-24,1,Green_Algae,0.0073564914,0.23034237
2023-10-25,1,Green_Algae,0.009396112,0.22863315
2023-10-26,1,Green_Algae,0.01143575,0.23247235
2023-10-27,1,Green_Algae,0.00014706633,0.20895293
2023-10-28,1,Green_Algae,0.00014947286,0.18435574
2023-10-29,1,Green_Algae,0.00015179641,0.20719218
2023-10-30,1,Green_Algae,0.0036961709,0.24238695
2023-10-31,1,Green_Algae,5.8028803e-05,0.27071893
2023-11-01,1,Green_Algae,0.005072786,0.2803313
2023-11-02,1,Green_Algae,0.009415459,0.3086706
2023-11-03,1,Green_Algae,0.23354869,0.2715077
2023-11-04,1,Green_Algae,0.19017506,0.39818773
2023-11-05,1,Green_Algae,0.29466212,0.39729473
2023-11-06,1,Green_Algae,0.52662814,0.5033508
2023-11-07,1,Green_Algae,0.14937869,0.5225175
2023-11-08,1,Green_Algae,0.051346254,0.37438482
2023-11-09,1,Green_Algae,0.0022525839,0.3612768
2023-11-10,1,Green_Algae,0.0037495536,0.36257213
2023-11-11,1,Green_Algae,0.00026789785,0.40353182
2023-11-12,1,Green_Algae,0.00030059792,0.38883674
2023-11-13,1,Green_Algae,0.00033329905,0.47273353
2023-11-14,1,Green_Algae,0.014367214,0.41871768
2023-11-15,1,Green_Algae,0.03973635,0.49576786
2023-11-16,1,Green_Algae,0.08579548,0.48481163
2023-11-17,1,Green_Algae,0.023645498,0.5087513
2023-11-18,1,Green_Algae,0.012744074,0.47676647
2023-11-19,1,Green_Algae,0.013970377,0.53382796
2023-11-20,1,Green_Algae,0.045104496,0.4106422
2023-11-21,1,Green_Algae,0.14602937,0.45485112
2023-11-22,1,Green_Algae,0.18774286,0.40762562
2023-11-23,1,Green_Algae,0.12678686,0.41507939
2023-11-24,1,Green_Algae,0.06583095,0.46600744
2023-11-25,1,Green_Algae,0.0048749987,0.3930414
2023-11-26,1,Green_Algae,0.01300342,0.37512794
2023-11-27,1,Green_Algae,0.0009985091,0.39493233
2023-11-28,1,Green_Algae,0.3965642,0.42695233
2023-11-29,1,Green_Algae,0.7921298,0.65227044
2023-11-30,1,Green_Algae,1.1876955,1.0497918
2023-12-01,1,Green_Algae,0.5417547,1.1709992
2023-12-02,1,Green_Algae,0.28317368,0.53457963
2023-12-03,1,Green_Algae,0.26998764,0.43959352
2023-12-04,1,Green_Algae,0.041641086,0.45829934
2023-12-05,1,Green_Algae,0.007523836,0.34979495
2023-12-06,1,Green_Algae,0.0014946325,0.37168324
2023-12-07,1,Green_Algae,0.051200677,0.3052752
2023-12-08,1,Green_Algae,0.031184377,0.36795068
2023-12-09,1,Green_Algae,0.320014,0.3415144
2023-12-10,1,Green_Algae,0.19122079,0.61449695
2023-12-11,1,Green_Algae,0.9545549,0.4578868
2023-12-12,1,Green_Algae,2.0166812,1.275333
2023-12-13,1,Green_Algae,1.8324066,2.2834673
2023-12-14,1,Green_Algae,1.3901647,1.3521513
2023-12-15,1,Green_Algae,2.1495306,1.0743262
2023-12-16,1,Green_Algae,1.2279633,1.3225467
2023-12-17,1,Green_Algae,0.5186076,0.86261475
2023-12-18,1,Green_Algae,0.2195702,0.51078
2023-12-19,1,Green_Algae,0.2801519,0.46078685
2023-12-20,1,Green_Algae,0.20370297,0.5455275
2023-12-21,1,Green_Algae,0.061779305,0.41832092
2023-12-22,1,Green_Algae,0.047017764,0.39734483
2023-12-23,1,Green_Algae,0.0322563,0.4206482
2023-12-24,1,Green_Algae,0.017494831,0.40555698
2023-12-25,1,Green_Algae,0.0027333545,0.40078434
2023-12-26,1,Green_Algae,0.0019698853,0.38832197
2023-12-27,1,Green_Algae,1.632065,0.38383642
2020-10-29,2,Green_Algae,11.725673,4.491246
2020-10-30,2,Green_Algae,12.17853,6.344425
2020-10-31,2,Green_Algae,6.110087,7.543061
2020-11-01,2,Green_Algae,7.4780245,7.768746
2020-11-02,2,Green_Algae,7.0332804,4.1847816
2020-11-03,2,Green_Algae,4.4513035,6.198505
2020-11-04,2,Green_Algae,4.2465425,6.0223465
2020-11-05,2,Green_Algae,3.1390948,3.627349
2020-11-06,2,Green_Algae,4.8471107,4.2942967
2020-11-07,2,Green_Algae,8.74932,3.380301
2020-11-08,2,Green_Algae,3.445326,5.029128
2020-11-09,2,Green_Algae,2.8215373,6.9592304
2020-11-10,2,Green_Algae,2.7152398,2.5958848
2020-11-11,2,Green_Algae,2.8748477,3.1773407
2020-11-12,2,Green_Algae,2.8452773,3.1702838
2020-11-13,2,Green_Algae,3.2272646,3.4444327
2020-11-14,2,Green_Algae,4.012611,3.4781504
2020-11-15,2,Green_Algae,3.7066593,3.663782
2020-11-16,2,Green_Algae,7.032859,3.9628494
2020-11-17,2,Green_Algae,7.8307257,4.155315
2020-11-18,2,Green_Algae,7.7718787,6.385786
2020-11-19,2,Green_Algae,8.549044,6.6168437
2020-11-20,2,Green_Algae,9.32621,6.1780443
2020-11-21,2,Green_Algae,7.3450155,7.048911
2020-11-22,2,Green_Algae,8.40237,6.146969
2020-11-23,2,Green_Algae,5.0805078,5.415403
2020-11-24,2,Green_Algae,4.5977955,6.303652
2020-11-25,2,Green_Algae,4.178378,3.9348946
2020-11-26,2,Green_Algae,8.567597,3.9754086
2020-11-27,2,Green_Algae,5.6399274,3.862436
2020-11-28,2,Green_Algae,4.2971926,6.66447
2020-11-29,2,Green_Algae,4.177417,4.0760517
2020-11-30,2,Green_Algae,2.1808684,3.810862
2020-12-01,2,Green_Algae,2.1362128,4.0366144
2020-12-02,2,Green_Algae,2.365832,2.0511239
2020-12-03,2,Green_Algae,1.8928292,2.5275283
2020-12-04,2,Green_Algae,2.1390448,2.7940414
2020-12-05,2,Green_Algae,1.6092981,2.3165
2020-12-06,2,Green_Algae,1.7672431,2.4225993
2020-12-07,2,Green_Algae,2.0092976,2.127377
2020-12-08,2,Green_Algae,2.0687907,2.2246883
2020-12-09,2,Green_Algae,2.93475,2.5655267
2020-12-10,2,Green_Algae,2.2710211,2.2114172
2020-12-11,2,Green_Algae,1.7623245,3.8233364
2020-12-12,2,Green_Algae,3.7399058,2.7172847
2020-12-13,2,Green_Algae,7.407639,1.9401212
2020-12-14,2,Green_Algae,1.9868814,4.068236
2020-12-15,2,Green_Algae,1.3638422,6.7330213
2020-12-16,2,Green_Algae,1.3426266,1.8272032
2020-12-17,2,Green_Algae,1.2532657,1.8047539
2020-12-18,2,Green_Algae,1.2750503,1.8533803
2020-12-19,2,Green_Algae,1.6216208,1.9412277
2020-12-20,2,Green_Algae,2.156505,1.7126887
2020-12-21,2,Green_Algae,1.9927878,2.0707097
2020-12-22,2,Green_Algae,1.9692179,2.8654218
2020-12-23,2,Green_Algae,2.3798406,2.6948192
2020-12-24,2,Green_Algae,3.1014483,2.7210236
2020-12-25,2,Green_Algae,2.8246055,3.9678726
2020-12-26,2,Green_Algae,2.7126286,3.5554535
2020-12-27,2,Green_Algae,3.4823534,3.1070466
2020-12-28,2,Green_Algae,8.607523,3.611806
2020-12-29,2,Green_Algae,8.2660055,4.541904
2020-12-30,2,Green_Algae,7.924486,7.4796853
2020-12-31,2,Green_Algae,6.428473,7.539558
2021-01-01,2,Green_Algae,2.98945,5.2285094
2021-01-02,2,Green_Algae,1.3053657,5.4786835
2021-01-03,2,Green_Algae,1.2917366,2.5182917
2021-01-04,2,Green_Algae,1.1487111,1.7997009
2021-01-05,2,Green_Algae,1.2107966,2.1844037
2021-01-06,2,Green_Algae,1.9978639,2.0801232
2021-01-07,2,Green_Algae,3.2746053,2.1081357
2021-01-08,2,Green_Algae,1.283966,3.239724
2021-01-09,2,Green_Algae,1.3706295,3.9232318
2021-01-10,2,Green_Algae,0.95188135,1.7329051
2021-01-11,2,Green_Algae,1.2131643,2.1095903
2021-01-12,2,Green_Algae,2.0453835,1.684958
2021-01-13,2,Green_Algae,2.094508,1.8087517
2021-01-14,2,Green_Algae,2.0917065,2.6225479
2021-01-15,2,Green_Algae,1.7256553,2.6897504
2021-01-16,2,Green_Algae,2.0362563,2.9933715
2021-01-17,2,Green_Algae,3.533249,2.5319557
2021-01-18,2,Green_Algae,3.6137555,3.260763
2021-01-19,2,Green_Algae,3.1941895,3.5156243
2021-01-20,2,Green_Algae,4.403502,3.7349575
2021-01-21,2,Green_Algae,5.758683,3.6050804
2021-01-22,2,Green_Algae,6.35937,5.843597
2021-01-23,2,Green_Algae,8.876309,5.797823
2021-01-24,2,Green_Algae,5.43191,5.4389563
2021-01-25,2,Green_Algae,6.235949,6.4784517
2021-01-26,2,Green_Algae,6.5830173,4.2032547
2021-01-27,2,Green_Algae,7.649797,5.6828485
2021-01-28,2,Green_Algae,5.225948,5.015441
2021-01-29,2,Green_Algae,7.1872573,5.3602395
2021-01-30,2,Green_Algae,7.827323,4.4027696
2021-01-31,2,Green_Algae,6.1937,5.387364
2021-02-01,2,Green_Algae,5.721615,5.4497766
2021-02-02,2,Green_Algae,5.1455975,4.8994765
2021-02-03,2,Green_Algae,4.142368,5.0664654
2021-02-04,2,Green_Algae,4.6842937,4.7152343
2021-02-05,2,Green_Algae,4.7972736,4.0911336
2021-02-06,2,Green_Algae,4.5424547,4.9155903
2021-02-07,2,Green_Algae,4.4105067,5.0618405
2021-02-08,2,Green_Algae,4.6066475,4.7447066
2021-02-09,2,Green_Algae,5.280211,4.5752516
2021-02-10,2,Green_Algae,7.288978,4.9273305
2021-02-11,2,Green_Algae,4.65887,5.1621737
2021-02-12,2,Green_Algae,3.413034,5.4744225
2021-02-13,2,Green_Algae,8.17764,3.8235152
2021-02-14,2,Green_Algae,5.1429377,4.023376
2021-02-15,2,Green_Algae,4.1539435,6.782221
2021-02-16,2,Green_Algae,4.581317,5.1204386
2021-02-17,2,Green_Algae,4.9817367,4.3468804
2021-02-18,2,Green_Algae,3.35322,5.4421463
2021-02-19,2,Green_Algae,4.2448187,4.4863343
2021-02-20,2,Green_Algae,4.0317235,3.7151346
2021-02-21,2,Green_Algae,4.087482,4.949023
2021-02-22,2,Green_Algae,3.9634469,3.9535801
2021-02-23,2,Green_Algae,4.5633674,4.472851
2021-02-24,2,Green_Algae,4.220355,4.154597
2021-02-25,2,Green_Algae,5.1449275,4.4777627
2021-02-26,2,Green_Algae,5.1236477,4.057025
2021-02-27,2,Green_Algae,4.096351,4.8147793
2021-02-28,2,Green_Algae,3.4184105,4.5205135
2021-03-01,2,Green_Algae,2.6066442,3.736243
2021-03-02,2,Green_Algae,2.469205,3.5537722
2021-03-03,2,Green_Algae,3.3989074,2.4461508
2021-03-04,2,Green_Algae,2.2061434,2.9553509
2021-03-05,2,Green_Algae,0.93730825,4.2932005
2021-03-06,2,Green_Algae,0.17130968,2.22767
2021-03-07,2,Green_Algae,0.21163534,1.43603
2021-03-08,2,Green_Algae,0.51324403,0.88141155
2021-03-09,2,Green_Algae,0.7416932,0.874586
2021-03-10,2,Green_Algae,1.1518161,1.2674419
2021-03-11,2,Green_Algae,3.0430608,1.5243315
2021-03-12,2,Green_Algae,5.624233,2.5137677
2021-03-13,2,Green_Algae,9.781874,4.8803864
2021-03-14,2,Green_Algae,6.138524,6.5822167
2021-03-15,2,Green_Algae,5.632489,7.8401737
2021-03-16,2,Green_Algae,4.6865773,4.3640523
2021-03-17,2,Green_Algae,4.3283215,4.8582506
2021-03-18,2,Green_Algae,3.7387772,3.9443529
2021-03-19,2,Green_Algae,2.8026774,3.3268363
2021-03-20,2,Green_Algae,3.1857598,3.4951727
2021-03-21,2,Green_Algae,2.456903,2.8838227
2021-03-22,2,Green_Algae,0.9018451,3.4219477
2021-03-23,2,Green_Algae,0.6790297,2.5810006
2021-03-24,2,Green_Algae,1.005638,1.7237811
2021-03-25,2,Green_Algae,0.83578366,1.6146876
2021-03-26,2,Green_Algae,1.0689725,1.7473574
2021-03-27,2,Green_Algae,1.7590731,1.644968
2021-03-28,2,Green_Algae,4.083432,2.0123608
2021-03-29,2,Green_Algae,7.1401954,3.4241955
2021-03-30,2,Green_Algae,10.209595,5.4872317
2021-03-31,2,Green_Algae,10.649694,7.584713
2021-04-01,2,Green_Algae,9.618863,8.143003
2021-04-02,2,Green_Algae,9.679638,7.529116
2021-04-03,2,Green_Algae,8.492021,5.949286
2021-04-04,2,Green_Algae,5.522469,5.2090826
2021-04-05,2,Green_Algae,3.8875976,5.4128647
2021-04-06,2,Green_Algae,3.7225616,3.8026686
2021-04-07,2,Green_Algae,4.1317596,3.5304542
2021-04-08,2,Green_Algae,3.7241824,3.8323686
2021-04-09,2,Green_Algae,2.9264905,4.1210437
2021-04-10,2,Green_Algae,3.0117583,3.6270897
2021-04-11,2,Green_Algae,3.7558973,3.4746547
2021-04-12,2,Green_Algae,7.548631,3.8620443
2021-04-13,2,Green_Algae,8.276589,4.633081
2021-04-14,2,Green_Algae,7.5179367,6.986555
2021-04-15,2,Green_Algae,7.9862165,7.481327
2021-04-16,2,Green_Algae,8.454495,6.8222237
2021-04-17,2,Green_Algae,10.411622,6.474075
2021-04-18,2,Green_Algae,8.3863945,6.310334
2021-04-19,2,Green_Algae,7.374504,7.5409617
2021-04-20,2,Green_Algae,7.4743953,6.3121805
2021-04-21,2,Green_Algae,7.563512,5.8290405
2021-04-22,2,Green_Algae,9.42714,5.7098374
2021-04-23,2,Green_Algae,9.938813,5.881189
2021-04-24,2,Green_Algae,9.186256,6.881808
2021-04-25,2,Green_Algae,13.211926,7.573272
2021-04-26,2,Green_Algae,11.542995,7.450158
2021-04-27,2,Green_Algae,8.482055,7.767201
2021-04-28,2,Green_Algae,4.98898,5.9017963
2021-04-29,2,Green_Algae,3.1451302,4.691239
2021-04-30,2,Green_Algae,3.3468668,3.6836944
2021-05-01,2,Green_Algae,8.648813,3.3657522
2021-05-02,2,Green_Algae,10.776056,3.7693646
2021-05-03,2,Green_Algae,10.448346,6.2919884
2021-05-04,2,Green_Algae,5.103333,7.2915173
2021-05-05,2,Green_Algae,5.319554,7.598343
2021-05-06,2,Green_Algae,6.643535,4.1614866
2021-05-07,2,Green_Algae,6.72064,5.490932
2021-05-08,2,Green_Algae,10.374625,6.2481084
2021-05-09,2,Green_Algae,12.880029,6.012691
2021-05-10,2,Green_Algae,9.980102,7.513204
2021-05-11,2,Green_Algae,10.452174,8.374274
2021-05-12,2,Green_Algae,10.924248,7.5277348
2021-05-13,2,Green_Algae,11.39632,8.134999
2021-05-14,2,Green_Algae,11.868393,8.443123
2021-05-15,2,Green_Algae,10.393691,8.722274
2021-05-16,2,Green_Algae,7.7878942,7.713682
2021-05-17,2,Green_Algae,7.7099423,7.0347986
2021-05-18,2,Green_Algae,7.9545946,6.1851296
2021-05-19,2,Green_Algae,6.14866,6.579592
2021-05-20,2,Green_Algae,6.4745946,7.0850687
2021-05-21,2,Green_Algae,6.249631,5.4675794
2021-05-22,2,Green_Algae,9.313534,6.1929026
2021-05-23,2,Green_Algae,8.771644,6.0437393
2021-05-24,2,Green_Algae,12.235818,7.2424703
2021-05-25,2,Green_Algae,7.2883067,6.6146245
2021-05-26,2,Green_Algae,7.12322,7.797274
2021-05-27,2,Green_Algae,13.128756,6.3767023
2021-05-28,2,Green_Algae,12.951473,6.446084
2021-05-29,2,Green_Algae,12.77419,7.897807
2021-05-30,2,Green_Algae,4.561085,8.207662
2021-05-31,2,Green_Algae,2.984026,7.472391
2021-06-01,2,Green_Algae,3.477842,3.8218648
2021-06-02,2,Green_Algae,3.0301087,3.2372513
2021-06-03,2,Green_Algae,2.9474874,3.6063962
2021-06-04,2,Green_Algae,3.87105,3.1612823
2021-06-05,2,Green_Algae,3.5815134,3.0729487
2021-06-06,2,Green_Algae,3.5015206,3.9705613
2021-06-07,2,Green_Algae,4.0479884,3.5140529
2021-06-08,2,Green_Algae,5.4210563,3.9365046
2021-06-09,2,Green_Algae,3.706534,4.371987
2021-06-10,2,Green_Algae,5.004493,5.697644
2021-06-11,2,Green_Algae,6.557851,3.4592698
2021-06-12,2,Green_Algae,10.4747505,5.3295236
2021-06-13,2,Green_Algae,11.396228,6.1080623
2021-06-14,2,Green_Algae,12.317705,7.4132586
2021-06-15,2,Green_Algae,12.765958,7.8138595
2021-06-16,2,Green_Algae,13.214211,7.6692653
2021-06-17,2,Green_Algae,13.662464,8.633867
2021-06-18,2,Green_Algae,14.110718,8.952737
2021-06-19,2,Green_Algae,12.694961,8.730684
2021-06-20,2,Green_Algae,13.068725,8.02334
2021-06-21,2,Green_Algae,6.759349,7.8463826
2021-06-22,2,Green_Algae,4.531797,7.913455
2021-06-23,2,Green_Algae,4.704233,5.9245667
2021-06-24,2,Green_Algae,4.3103833,4.6817493
2021-06-25,2,Green_Algae,4.245991,5.4188504
2021-06-26,2,Green_Algae,3.8047178,5.469239
2021-06-27,2,Green_Algae,9.500919,5.8250623
2021-06-28,2,Green_Algae,14.259275,4.593414
2021-06-29,2,Green_Algae,13.726238,7.3081107
2021-06-30,2,Green_Algae,10.054623,8.121017
2021-07-01,2,Green_Algae,10.233351,7.517596
2021-07-02,2,Green_Algae,11.377681,6.5227532
2021-07-03,2,Green_Algae,13.92809,7.4075336
2021-07-04,2,Green_Algae,9.610976,8.015236
2021-07-05,2,Green_Algae,13.8032055,8.543106
2021-07-06,2,Green_Algae,12.07648,7.077581
2021-07-07,2,Green_Algae,9.815504,8.091467
2021-07-08,2,Green_Algae,10.952688,7.823426
2021-07-09,2,Green_Algae,5.504181,7.1075115
2021-07-10,2,Green_Algae,6.883577,7.6316566
2021-07-11,2,Green_Algae,6.383121,4.8171043
2021-07-12,2,Green_Algae,8.041389,6.2446704
2021-07-13,2,Green_Algae,7.1555495,6.4327927
2021-07-14,2,Green_Algae,7.182688,7.1221147
2021-07-15,2,Green_Algae,7.2098265,6.603721
2021-07-16,2,Green_Algae,7.2369647,7.561045
2021-07-17,2,Green_Algae,7.2641034,7.7551565
2021-07-18,2,Green_Algae,7.291241,7.6004667
2021-07-19,2,Green_Algae,7.3183794,7.654498
2021-07-20,2,Green_Algae,7.345518,6.807627
2021-07-21,2,Green_Algae,4.656155,6.240918
2021-07-22,2,Green_Algae,5.656749,5.3800144
2021-07-23,2,Green_Algae,11.975569,4.5858383
2021-07-24,2,Green_Algae,13.560905,5.528495
2021-07-25,2,Green_Algae,13.088494,7.8805823
2021-07-26,2,Green_Algae,11.472322,8.541885
2021-07-27,2,Green_Algae,9.366954,8.343593
2021-07-28,2,Green_Algae,6.655246,7.4484754
2021-07-29,2,Green_Algae,7.9549346,6.414759
2021-07-30,2,Green_Algae,7.1069007,4.8641863
2021-07-31,2,Green_Algae,8.990673,6.4740925
2021-08-01,2,Green_Algae,10.385311,6.4579325
2021-08-02,2,Green_Algae,10.719529,6.900958
2021-08-03,2,Green_Algae,7.1092253,7.117743
2021-08-04,2,Green_Algae,4.9593773,6.8542223
2021-08-05,2,Green_Algae,3.0356264,5.290042
2021-08-06,2,Green_Algae,2.0601811,4.4306655
2021-08-07,2,Green_Algae,2.8934517,3.0025194
2021-08-08,2,Green_Algae,3.3419957,2.3349862
2021-08-09,2,Green_Algae,3.5262926,3.0702934
2021-08-10,2,Green_Algae,2.9024384,3.8254201
2021-08-11,2,Green_Algae,3.434081,4.3511086
2021-08-12,2,Green_Algae,4.609233,3.322327
2021-08-13,2,Green_Algae,4.0192776,4.097792
2021-08-14,2,Green_Algae,7.171199,5.1716037
2021-08-15,2,Green_Algae,10.603491,3.7806134
2021-08-16,2,Green_Algae,8.529735,6.273247
2021-08-17,2,Green_Algae,6.9491796,7.5327783
2021-08-18,2,Green_Algae,8.951539,6.3918757
2021-08-19,2,Green_Algae,11.542151,5.538363
2021-08-20,2,Green_Algae,10.700407,6.9346085
2021-08-21,2,Green_Algae,7.8352175,7.6653037
2021-08-22,2,Green_Algae,12.8495455,7.712741
2021-08-23,2,Green_Algae,13.118637,6.3387423
2021-08-24,2,Green_Algae,10.933848,7.7501397
2021-08-25,2,Green_Algae,12.0906725,8.055811
2021-08-26,2,Green_Algae,10.43034,6.994357
2021-08-27,2,Green_Algae,9.773435,7.4402885
2021-08-28,2,Green_Algae,8.390406,6.98337
2021-08-29,2,Green_Algae,7.821752,6.6523647
2021-08-30,2,Green_Algae,6.5187182,6.1848702
2021-08-31,2,Green_Algae,5.8044934,6.065007
2021-09-01,2,Green_Algae,5.0743923,5.8905563
2021-09-02,2,Green_Algae,4.311918,5.8317776
2021-09-03,2,Green_Algae,3.3487916,5.220019
2021-09-04,2,Green_Algae,4.701462,4.39028
2021-09-05,2,Green_Algae,5.0674095,3.9288802
2021-09-06,2,Green_Algae,3.518864,5.3436747
2021-09-07,2,Green_Algae,3.1971326,5.2173643
2021-09-08,2,Green_Algae,3.5374892,3.6304157
2021-09-09,2,Green_Algae,6.4463677,3.7701287
2021-09-10,2,Green_Algae,6.842923,4.279359
2021-09-11,2,Green_Algae,8.631598,5.840094
2021-09-12,2,Green_Algae,8.282877,5.1069083
2021-09-13,2,Green_Algae,7.9341564,6.387112
2021-09-14,2,Green_Algae,7.505728,6.677578
2021-09-15,2,Green_Algae,4.8467994,5.828799
2021-09-16,2,Green_Algae,4.3901086,5.935151
2021-09-17,2,Green_Algae,3.1355467,4.398452
2021-09-18,2,Green_Algae,2.5354092,4.4311514
2021-09-19,2,Green_Algae,2.8781462,3.738259
2021-09-20,2,Green_Algae,2.8740985,3.3814554
2021-09-21,2,Green_Algae,2.339877,3.9814684
2021-09-22,2,Green_Algae,3.6420565,3.7104003
2021-09-23,2,Green_Algae,3.4891088,2.9362285
2021-09-24,2,Green_Algae,3.0315206,4.4503574
2021-09-25,2,Green_Algae,2.7386677,3.9062734
2021-09-26,2,Green_Algae,2.8449023,3.3866026
2021-09-27,2,Green_Algae,2.898798,3.2384334
2021-09-28,2,Green_Algae,2.80811,3.2562838
2021-09-29,2,Green_Algae,3.1477988,3.57637
2021-09-30,2,Green_Algae,3.8165677,3.4563649
2021-10-01,2,Green_Algae,2.884149,3.7468545
2021-10-02,2,Green_Algae,2.3285825,4.089311
2021-10-03,2,Green_Algae,2.7246957,3.3393462
2021-10-04,2,Green_Algae,2.9625897,3.5194273
2021-10-05,2,Green_Algae,3.2004838,4.0879455
2021-10-06,2,Green_Algae,3.4383776,4.0547905
2021-10-07,2,Green_Algae,3.6762717,4.1233287
2021-10-08,2,Green_Algae,3.9141655,3.7705512
2021-10-09,2,Green_Algae,4.1520596,4.240126
2021-10-10,2,Green_Algae,4.3899536,4.3715963
2021-10-11,2,Green_Algae,4.6278477,4.1977005
2021-10-12,2,Green_Algae,4.9418287,4.41668
2021-10-13,2,Green_Algae,4.673613,4.28499
2021-10-14,2,Green_Algae,4.5442286,4.680867
2021-10-15,2,Green_Algae,8.768624,4.450042
2021-10-16,2,Green_Algae,8.054786,4.228029
2021-10-17,2,Green_Algae,3.8535652,6.2281656
2021-10-18,2,Green_Algae,3.6656222,5.5975657
2021-10-19,2,Green_Algae,3.690036,2.965824
2021-10-20,2,Green_Algae,3.5357091,3.9140341
2021-10-21,2,Green_Algae,3.6526122,4.112202
2021-10-22,2,Green_Algae,3.1038206,3.5312765
2021-10-23,2,Green_Algae,2.7547975,3.9321434
2021-10-24,2,Green_Algae,2.6743922,3.7887433
2021-10-25,2,Green_Algae,2.6642506,3.8214154
2021-10-26,2,Green_Algae,3.2695441,4.030022
2021-10-27,2,Green_Algae,6.4926195,3.8789964
2021-10-28,2,Green_Algae,8.997244,4.602656
2021-10-29,2,Green_Algae,9.55448,6.978293
2021-10-30,2,Green_Algae,6.1581116,7.8159313
2021-10-31,2,Green_Algae,5.569472,7.140954
2021-11-01,2,Green_Algae,4.880246,4.7522907
2021-11-02,2,Green_Algae,6.240745,5.214017
2021-11-03,2,Green_Algae,7.868003,4.9964247
2021-11-04,2,Green_Algae,5.39335,6.2203574
2021-11-05,2,Green_Algae,2.8083358,6.8105254
2021-11-06,2,Green_Algae,4.1119175,4.8218546
2021-11-07,2,Green_Algae,5.8138523,2.651004
2021-11-08,2,Green_Algae,5.6319323,5.138834
2021-11-09,2,Green_Algae,4.463618,6.3516507
2021-11-10,2,Green_Algae,5.127321,5.3587565
2021-11-11,2,Green_Algae,3.3585093,4.624626
2021-11-12,2,Green_Algae,2.6787329,5.391329
2021-11-13,2,Green_Algae,2.9060419,3.4228992
2021-11-14,2,Green_Algae,2.3626916,3.3973181
2021-11-15,2,Green_Algae,2.3225126,3.8772616
2021-11-16,2,Green_Algae,2.5409632,2.8856962
2021-11-17,2,Green_Algae,2.2751682,3.058712
2021-11-18,2,Green_Algae,1.9986252,3.2960386
2021-11-19,2,Green_Algae,1.6795293,2.9495134
2021-11-20,2,Green_Algae,1.8916438,2.6864245
2021-11-21,2,Green_Algae,2.7642143,2.1137114
2021-11-22,2,Green_Algae,3.023097,2.3082225
2021-11-23,2,Green_Algae,1.7613965,3.5463564
2021-11-24,2,Green_Algae,1.8678365,3.2239554
2021-11-25,2,Green_Algae,1.7351195,1.9216307
2021-11-26,2,Green_Algae,1.7887771,2.445698
2021-11-27,2,Green_Algae,1.8194356,2.2941537
2021-11-28,2,Green_Algae,2.1925688,2.3527412
2021-11-29,2,Green_Algae,2.8506155,2.5026076
2021-11-30,2,Green_Algae,3.7936785,2.8326688
2021-12-01,2,Green_Algae,3.2888849,3.631789
2021-12-02,2,Green_Algae,3.20601,4.5198517
2021-12-03,2,Green_Algae,3.1972845,3.1930366
2021-12-04,2,Green_Algae,2.9100072,3.274738
2021-12-05,2,Green_Algae,3.0636685,3.3650563
2021-12-06,2,Green_Algae,3.0413218,3.0073195
2021-12-07,2,Green_Algae,2.8179595,3.2737248
2021-12-08,2,Green_Algae,2.9317937,3.2687638
2021-12-09,2,Green_Algae,2.873556,3.0556276
2021-12-10,2,Green_Algae,3.0364544,3.3005877
2021-12-11,2,Green_Algae,3.930644,3.3644528
2021-12-12,2,Green_Algae,3.436191,3.2939928
2021-12-13,2,Green_Algae,3.863864,4.2962475
2021-12-14,2,Green_Algae,4.217301,3.2952476
2021-12-15,2,Green_Algae,4.429001,4.3111196
2021-12-16,2,Green_Algae,4.6556263,4.8233933
2021-12-17,2,Green_Algae,4.838226,4.8031054
2021-12-18,2,Green_Algae,4.1352496,4.7559447
2021-12-19,2,Green_Algae,3.6960173,3.9386334
2021-12-20,2,Green_Algae,3.0439653,3.743988
2021-12-21,2,Green_Algae,2.7047684,3.8525567
2021-12-22,2,Green_Algae,4.257923,3.0556374
2021-12-23,2,Green_Algae,3.2951374,3.1886554
2021-12-24,2,Green_Algae,2.3909624,4.109896
2021-12-25,2,Green_Algae,2.1861448,4.2657146
2021-12-26,2,Green_Algae,1.7530535,3.2702804
2021-12-27,2,Green_Algae,1.9872879,2.7813454
2021-12-28,2,Green_Algae,2.2317348,2.785338
2021-12-29,2,Green_Algae,2.0643368,3.1022782
2021-12-30,2,Green_Algae,1.9601592,3.7071702
2021-12-31,2,Green_Algae,2.126949,2.8993664
2022-01-01,2,Green_Algae,2.2531767,3.6526854
2022-01-02,2,Green_Algae,2.1239364,3.0158978
2022-01-03,2,Green_Algae,2.5416799,3.304145
2022-01-04,2,Green_Algae,3.3833745,2.7807558
2022-01-05,2,Green_Algae,6.9222884,3.5884168
2022-01-06,2,Green_Algae,5.645869,4.491936
2022-01-07,2,Green_Algae,4.3694496,6.867694
2022-01-08,2,Green_Algae,6.313483,5.3071613
2022-01-09,2,Green_Algae,4.849971,3.8353086
2022-01-10,2,Green_Algae,6.5303836,5.5576744
2022-01-11,2,Green_Algae,7.1293488,3.957601
2022-01-12,2,Green_Algae,3.0731115,5.3160214
2022-01-13,2,Green_Algae,2.084052,4.7128034
2022-01-14,2,Green_Algae,1.3035264,2.2367775
2022-01-15,2,Green_Algae,2.1528146,2.200755
2022-01-16,2,Green_Algae,2.2154775,1.8091348
2022-01-17,2,Green_Algae,1.8509052,3.0032303
2022-01-18,2,Green_Algae,3.0125198,2.6187057
2022-01-19,2,Green_Algae,2.9266691,2.2776232
2022-01-20,2,Green_Algae,3.0848227,3.7143273
2022-01-21,2,Green_Algae,3.732527,3.117679
2022-01-22,2,Green_Algae,4.3433237,3.388353
2022-01-23,2,Green_Algae,6.2519803,3.8922446
2022-01-24,2,Green_Algae,8.160637,4.074351
2022-01-25,2,Green_Algae,8.239467,6.257011
2022-01-26,2,Green_Algae,8.318296,6.0094657
2022-01-27,2,Green_Algae,8.397126,6.553398
2022-01-28,2,Green_Algae,8.475957,5.8369803
2022-01-29,2,Green_Algae,8.554788,5.645507
2022-01-30,2,Green_Algae,8.633616,5.8699627
2022-01-31,2,Green_Algae,5.246442,5.0137925
2022-02-01,2,Green_Algae,3.9920294,5.2894497
2022-02-02,2,Green_Algae,4.695028,3.6184776
2022-02-03,2,Green_Algae,2.7493696,3.3673139
2022-02-04,2,Green_Algae,2.88272,3.9508069
2022-02-05,2,Green_Algae,2.763606,2.4745986
2022-02-06,2,Green_Algae,2.1112866,3.7401352
2022-02-07,2,Green_Algae,2.4319632,3.2316046
2022-02-08,2,Green_Algae,2.2566342,2.3116684
2022-02-09,2,Green_Algae,2.6009963,3.1050804
2022-02-10,2,Green_Algae,2.5740855,3.296966
2022-02-11,2,Green_Algae,2.7089677,3.6544785
2022-02-12,2,Green_Algae,3.126954,4.005854
2022-02-13,2,Green_Algae,4.3236074,3.4504085
2022-02-14,2,Green_Algae,3.448381,4.715526
2022-02-15,2,Green_Algae,3.5295143,5.31662
2022-02-16,2,Green_Algae,4.1974835,3.794136
2022-02-17,2,Green_Algae,4.8904557,4.4303794
2022-02-18,2,Green_Algae,6.0933433,5.221377
2022-02-19,2,Green_Algae,4.131527,6.4765863
2022-02-20,2,Green_Algae,2.946324,5.9084835
2022-02-21,2,Green_Algae,2.2808762,4.1731434
2022-02-22,2,Green_Algae,1.969732,2.3540657
2022-02-23,2,Green_Algae,1.8481604,2.7155464
2022-02-24,2,Green_Algae,1.970211,2.6484666
2022-02-25,2,Green_Algae,2.0456758,2.4612358
2022-02-26,2,Green_Algae,2.1211405,2.4265115
2022-02-27,2,Green_Algae,2.1966052,2.5217564
2022-02-28,2,Green_Algae,2.1446164,2.6408286
2022-03-01,2,Green_Algae,2.8918037,2.7812705
2022-03-02,2,Green_Algae,3.3747232,2.5989165
2022-03-03,2,Green_Algae,4.975467,3.7103703
2022-03-04,2,Green_Algae,5.8857384,4.4088593
2022-03-05,2,Green_Algae,7.7702246,5.6764235
2022-03-06,2,Green_Algae,7.406918,5.8063984
2022-03-07,2,Green_Algae,8.624261,6.1265235
2022-03-08,2,Green_Algae,5.739247,5.6854687
2022-03-09,2,Green_Algae,4.569587,5.961078
2022-03-10,2,Green_Algae,4.6664295,3.823411
2022-03-11,2,Green_Algae,6.601842,3.7214677
2022-03-12,2,Green_Algae,7.0578914,4.633118
2022-03-13,2,Green_Algae,9.441289,6.542858
2022-03-14,2,Green_Algae,10.154751,6.573912
2022-03-15,2,Green_Algae,10.868213,7.036779
2022-03-16,2,Green_Algae,10.484943,6.8581862
2022-03-17,2,Green_Algae,10.101673,6.802882
2022-03-18,2,Green_Algae,10.141577,6.7815666
2022-03-19,2,Green_Algae,10.18148,6.2652555
2022-03-20,2,Green_Algae,10.221386,6.2242064
2022-03-21,2,Green_Algae,6.8799276,6.0324507
2022-03-22,2,Green_Algae,6.111058,5.832308
2022-03-23,2,Green_Algae,3.9833503,3.6303341
2022-03-24,2,Green_Algae,2.6831644,4.166771
2022-03-25,2,Green_Algae,2.11021,2.8207498
2022-03-26,2,Green_Algae,2.3608906,2.5258193
2022-03-27,2,Green_Algae,2.612607,2.9443386
2022-03-28,2,Green_Algae,3.0601304,2.6863875
2022-03-29,2,Green_Algae,3.0547757,2.189861
2022-03-30,2,Green_Algae,2.5692663,2.7438471
2022-03-31,2,Green_Algae,2.7219045,2.2014105
2022-04-01,2,Green_Algae,3.1004643,2.18054
2022-04-02,2,Green_Algae,2.2594109,2.2102041
2022-04-03,2,Green_Algae,1.953816,3.0591953
2022-04-04,2,Green_Algae,1.918588,2.001002
2022-04-05,2,Green_Algae,2.3214595,1.8449442
2022-04-06,2,Green_Algae,2.560116,2.1065478
2022-04-07,2,Green_Algae,3.2719536,2.5979135
2022-04-08,2,Green_Algae,4.419464,2.6528907
2022-04-09,2,Green_Algae,4.504269,3.5891485
2022-04-10,2,Green_Algae,4.89147,4.6437516
2022-04-11,2,Green_Algae,6.268174,4.592823
2022-04-12,2,Green_Algae,7.3437877,4.712687
2022-04-13,2,Green_Algae,9.499956,5.7909527
2022-04-14,2,Green_Algae,10.740788,6.5880685
2022-04-15,2,Green_Algae,8.073318,7.2654996
2022-04-16,2,Green_Algae,7.630758,7.5819325
2022-04-17,2,Green_Algae,6.9328403,5.9385552
2022-04-18,2,Green_Algae,6.5577283,5.2099686
2022-04-19,2,Green_Algae,3.7500434,4.8229485
2022-04-20,2,Green_Algae,3.4992976,4.102975
2022-04-21,2,Green_Algae,4.348203,2.2822344
2022-04-22,2,Green_Algae,5.875435,3.5116568
2022-04-23,2,Green_Algae,8.554278,3.8118134
2022-04-24,2,Green_Algae,10.74772,5.3048325
2022-04-25,2,Green_Algae,10.313055,7.0052404
2022-04-26,2,Green_Algae,10.031486,6.6502566
2022-04-27,2,Green_Algae,9.749915,5.7572417
2022-04-28,2,Green_Algae,9.468344,5.873592
2022-04-29,2,Green_Algae,6.3907814,5.0844874
2022-04-30,2,Green_Algae,2.7383044,5.2049594
2022-05-01,2,Green_Algae,1.9100943,3.7569284
2022-05-02,2,Green_Algae,1.4387971,2.621103
2022-05-03,2,Green_Algae,1.6956812,2.41374
2022-05-04,2,Green_Algae,2.9322464,1.8417
2022-05-05,2,Green_Algae,4.024558,2.1846209
2022-05-06,2,Green_Algae,7.546461,3.4448535
2022-05-07,2,Green_Algae,8.4868555,4.369797
2022-05-08,2,Green_Algae,8.025366,6.8444805
2022-05-09,2,Green_Algae,7.563878,7.122217
2022-05-10,2,Green_Algae,3.786575,5.968351
2022-05-11,2,Green_Algae,2.6313117,4.029181
2022-05-12,2,Green_Algae,2.673943,2.0432775
2022-05-13,2,Green_Algae,3.6793551,2.4301124
2022-05-14,2,Green_Algae,3.5523696,2.7538114
2022-05-15,2,Green_Algae,2.8397105,3.1987793
2022-05-16,2,Green_Algae,2.6588566,2.6583312
2022-05-17,2,Green_Algae,2.5439029,2.3288763
2022-05-18,2,Green_Algae,1.9558738,2.3059516
2022-05-19,2,Green_Algae,2.2352676,2.4914854
2022-05-20,2,Green_Algae,3.8337293,2.1707082
2022-05-21,2,Green_Algae,6.6012907,2.417563
2022-05-22,2,Green_Algae,4.1062393,4.07775
2022-05-23,2,Green_Algae,3.8795009,6.029755
2022-05-24,2,Green_Algae,3.7486677,3.2127702
2022-05-25,2,Green_Algae,2.5144565,3.7084684
2022-05-26,2,Green_Algae,2.628731,3.8162684
2022-05-27,2,Green_Algae,2.336657,2.4148512
2022-05-28,2,Green_Algae,1.8927444,3.085261
2022-05-29,2,Green_Algae,1.7338868,2.4416943
2022-05-30,2,Green_Algae,2.055707,2.0583003
2022-05-31,2,Green_Algae,2.7962682,1.6682419
2022-06-01,2,Green_Algae,2.4670553,1.8699142
2022-06-02,2,Green_Algae,2.5074983,2.0178573
2022-06-03,2,Green_Algae,3.3220377,1.9565407
2022-06-04,2,Green_Algae,2.913029,1.9893463
2022-06-05,2,Green_Algae,3.21664,2.4669976
2022-06-06,2,Green_Algae,3.0336015,2.090654
2022-06-07,2,Green_Algae,2.016884,2.4812288
2022-06-08,2,Green_Algae,0.71460867,2.3026855
2022-06-09,2,Green_Algae,1.4329565,1.8012575
2022-06-10,2,Green_Algae,1.2493777,0.9198442
2022-06-11,2,Green_Algae,1.7778566,1.2632824
2022-06-12,2,Green_Algae,1.9454993,0.9940104
2022-06-13,2,Green_Algae,1.383483,1.2779057
2022-06-14,2,Green_Algae,0.17669071,1.3555748
2022-06-15,2,Green_Algae,0.1694878,1.0060445
2022-06-16,2,Green_Algae,1.6111215,0.5137845
2022-06-17,2,Green_Algae,1.4915413,0.40303034
2022-06-18,2,Green_Algae,1.3510724,0.96642065
2022-06-19,2,Green_Algae,1.4114358,1.1071811
2022-06-20,2,Green_Algae,1.2985806,1.3079281
2022-06-21,2,Green_Algae,1.315047,1.5257921
2022-06-22,2,Green_Algae,1.1877986,1.558728
2022-06-23,2,Green_Algae,0.20468882,1.7131662
2022-06-24,2,Green_Algae,0.9321283,1.6198506
2022-06-25,2,Green_Algae,2.667632,0.74844044
2022-06-26,2,Green_Algae,2.3597465,1.1918229
2022-06-27,2,Green_Algae,2.4025416,2.7823675
2022-06-28,2,Green_Algae,2.6718307,2.338076
2022-06-29,2,Green_Algae,2.6384616,2.436857
2022-06-30,2,Green_Algae,3.7917957,3.039964
2022-07-01,2,Green_Algae,3.6459014,2.5901034
2022-07-02,2,Green_Algae,3.1270165,3.8043716
2022-07-03,2,Green_Algae,2.8873951,3.545276
2022-07-04,2,Green_Algae,3.3072195,2.971777
2022-07-05,2,Green_Algae,2.865286,2.789446
2022-07-06,2,Green_Algae,2.9233165,3.1393552
2022-07-07,2,Green_Algae,2.1893845,2.5471313
2022-07-08,2,Green_Algae,1.9153528,2.7366045
2022-07-09,2,Green_Algae,2.0919194,2.1971838
2022-07-10,2,Green_Algae,3.2985039,2.3685935
2022-07-11,2,Green_Algae,4.8211155,2.674839
2022-07-12,2,Green_Algae,5.138985,4.0667815
2022-07-13,2,Green_Algae,5.002174,4.7892227
2022-07-14,2,Green_Algae,9.229062,4.7802196
2022-07-15,2,Green_Algae,8.125591,4.6030664
2022-07-16,2,Green_Algae,7.02212,6.751502
2022-07-17,2,Green_Algae,5.9186487,6.1858315
2022-07-18,2,Green_Algae,4.815178,5.2137733
2022-07-19,2,Green_Algae,1.9387745,5.1269975
2022-07-20,2,Green_Algae,1.5423076,3.8431134
2022-07-21,2,Green_Algae,0.75141406,1.9182369
2022-07-22,2,Green_Algae,0.29937363,2.3021219
2022-07-23,2,Green_Algae,1.4023521,1.583419
2022-07-24,2,Green_Algae,4.171111,1.0671986
2022-07-25,2,Green_Algae,0.52041996,2.4356754
2022-07-26,2,Green_Algae,0.0809841,4.654122
2022-07-27,2,Green_Algae,0.34602904,1.4506702
2022-07-28,2,Green_Algae,0.6430407,0.9043485
2022-07-29,2,Green_Algae,0.75374895,1.3998117
2022-07-30,2,Green_Algae,0.8893367,1.5521387
2022-07-31,2,Green_Algae,1.0249244,1.6038567
2022-08-01,2,Green_Algae,1.160512,1.7089796
2022-08-02,2,Green_Algae,1.2960997,1.8537749
2022-08-03,2,Green_Algae,1.4316874,2.0864358
2022-08-04,2,Green_Algae,1.5672749,2.2710345
2022-08-05,2,Green_Algae,1.7028626,2.4811041
2022-08-06,2,Green_Algae,1.8384502,2.190636
2022-08-07,2,Green_Algae,1.9740379,2.4558384
2022-08-08,2,Green_Algae,2.1096256,2.6407917
2022-08-09,2,Green_Algae,2.2452133,2.9405913
2022-08-10,2,Green_Algae,2.380801,3.0407643
2022-08-11,2,Green_Algae,2.5163884,3.2354174
2022-08-12,2,Green_Algae,2.651976,3.2425368
2022-08-13,2,Green_Algae,2.7875638,3.1346624
2022-08-14,2,Green_Algae,2.9231515,3.5036352
2022-08-15,2,Green_Algae,3.0587392,3.7633789
2022-08-16,2,Green_Algae,3.1943269,3.5381436
2022-08-17,2,Green_Algae,3.3299146,3.4750965
2022-08-18,2,Green_Algae,3.465502,3.620508
2022-08-19,2,Green_Algae,3.6010897,3.7445498
2022-08-20,2,Green_Algae,3.7366774,3.8899207
2022-08-21,2,Green_Algae,3.872265,3.8581543
2022-08-22,2,Green_Algae,4.0078526,3.986162
2022-08-23,2,Green_Algae,4.1434402,4.032034
2022-08-24,2,Green_Algae,4.279028,4.2449117
2022-08-25,2,Green_Algae,4.4146156,4.405068
2022-08-26,2,Green_Algae,4.5502033,4.4867616
2022-08-27,2,Green_Algae,4.685791,4.2993603
2022-08-28,2,Green_Algae,4.8213787,4.422699
2022-08-29,2,Green_Algae,4.9569664,4.4247136
2022-08-30,2,Green_Algae,5.092554,4.542397
2022-08-31,2,Green_Algae,5.2281413,4.7816114
2022-09-01,2,Green_Algae,5.3637295,5.0472355
2022-09-02,2,Green_Algae,5.499317,4.947741
2022-09-03,2,Green_Algae,5.634905,4.4862785
2022-09-04,2,Green_Algae,5.770492,4.634291
2022-09-05,2,Green_Algae,5.9060802,4.714794
2022-09-06,2,Green_Algae,6.0416675,4.786996
2022-09-07,2,Green_Algae,6.177255,4.911296
2022-09-08,2,Green_Algae,6.312843,5.250595
2022-09-09,2,Green_Algae,6.4484305,5.1497126
2022-09-10,2,Green_Algae,6.230826,5.0812078
2022-09-11,2,Green_Algae,8.68992,5.089476
2022-09-12,2,Green_Algae,7.807916,5.1642337
2022-09-13,2,Green_Algae,8.3521595,6.250259
2022-09-14,2,Green_Algae,9.356362,4.9637904
2022-09-15,2,Green_Algae,7.107813,5.8430314
2022-09-16,2,Green_Algae,4.4031787,6.205737
2022-09-17,2,Green_Algae,3.7508175,5.456882
2022-09-18,2,Green_Algae,6.3141737,3.6842377
2022-09-19,2,Green_Algae,3.516343,3.9424763
2022-09-20,2,Green_Algae,1.5800507,5.595591
2022-09-21,2,Green_Algae,1.6696308,3.3148015
2022-09-22,2,Green_Algae,1.4959407,1.8242005
2022-09-23,2,Green_Algae,1.615673,2.32423
2022-09-24,2,Green_Algae,2.0823896,2.3726964
2022-09-25,2,Green_Algae,1.5839247,2.8195632
2022-09-26,2,Green_Algae,1.9809276,3.496846
2022-09-27,2,Green_Algae,2.3091745,2.9140298
2022-09-28,2,Green_Algae,5.5527225,3.044862
2022-09-29,2,Green_Algae,6.6691623,3.1671424
2022-09-30,2,Green_Algae,7.104832,5.1188025
2022-10-01,2,Green_Algae,2.6034105,4.948665
2022-10-02,2,Green_Algae,3.3666306,4.929113
2022-10-03,2,Green_Algae,4.350832,2.1500092
2022-10-04,2,Green_Algae,4.8073153,3.2802408
2022-10-05,2,Green_Algae,3.984971,3.7637112
2022-10-06,2,Green_Algae,3.1910217,3.871926
2022-10-07,2,Green_Algae,2.3935506,2.7424264
2022-10-08,2,Green_Algae,1.82,2.5885718
2022-10-09,2,Green_Algae,3.16779,2.2173731
2022-10-10,2,Green_Algae,3.305127,2.2909887
2022-10-11,2,Green_Algae,2.3630557,3.1604366
2022-10-12,2,Green_Algae,2.342739,3.0326025
2022-10-13,2,Green_Algae,1.9473406,2.2952645
2022-10-14,2,Green_Algae,2.4178493,2.6010032
2022-10-15,2,Green_Algae,2.2874982,2.2398937
2022-10-16,2,Green_Algae,2.8773642,2.9064481
2022-10-17,2,Green_Algae,1.9032803,2.7677023
2022-10-18,2,Green_Algae,1.3671615,3.32791
2022-10-19,2,Green_Algae,1.2281462,2.1670942
2022-10-20,2,Green_Algae,1.4357452,1.8790501
2022-10-21,2,Green_Algae,1.8146449,1.7894627
2022-10-22,2,Green_Algae,5.2175727,2.1468155
2022-10-23,2,Green_Algae,1.6347319,2.0484223
2022-10-24,2,Green_Algae,1.3448409,4.8786535
2022-10-25,2,Green_Algae,0.8646165,1.7944937
2022-10-26,2,Green_Algae,0.7161304,1.6561569
2022-10-27,2,Green_Algae,0.8117439,1.3055222
2022-10-28,2,Green_Algae,0.9852315,1.1104223
2022-10-29,2,Green_Algae,0.7189863,1.2582396
2022-10-30,2,Green_Algae,0.74040526,1.4436514
2022-10-31,2,Green_Algae,0.3959189,1.3339309
2022-11-01,2,Green_Algae,0.45915672,1.4789557
2022-11-02,2,Green_Algae,0.44663528,1.1051162
2022-11-03,2,Green_Algae,0.5711731,1.1165793
2022-11-04,2,Green_Algae,0.5187971,1.1567204
2022-11-05,2,Green_Algae,0.5168741,1.3126459
2022-11-06,2,Green_Algae,0.99285096,1.1263692
2022-11-07,2,Green_Algae,0.97021586,1.0876024
2022-11-08,2,Green_Algae,3.6827445,1.5830474
2022-11-09,2,Green_Algae,3.2042935,1.3281616
2022-11-10,2,Green_Algae,2.6945007,4.2800417
2022-11-11,2,Green_Algae,5.053273,3.3690333
2022-11-12,2,Green_Algae,8.711579,2.4237568
2022-11-13,2,Green_Algae,7.713145,4.4869123
2022-11-14,2,Green_Algae,5.1916933,5.963801
2022-11-15,2,Green_Algae,1.4670622,4.859521
2022-11-16,2,Green_Algae,0.26871106,3.664198
2022-11-17,2,Green_Algae,0.32965964,1.490446
2022-11-18,2,Green_Algae,0.4381694,0.7826196
2022-11-19,2,Green_Algae,1.021942,0.7511211
2022-11-20,2,Green_Algae,1.0667945,0.8665073
2022-11-21,2,Green_Algae,0.9796669,1.2662354
2022-11-22,2,Green_Algae,1.0705576,0.9952106
2022-11-23,2,Green_Algae,1.2641643,1.0801518
2022-11-24,2,Green_Algae,0.9981404,1.1826128
2022-11-25,2,Green_Algae,0.8159957,1.3529376
2022-11-26,2,Green_Algae,1.3945585,1.081719
2022-11-27,2,Green_Algae,1.6876014,0.9852419
2022-11-28,2,Green_Algae,1.396505,1.6031123
2022-11-29,2,Green_Algae,1.0866112,1.5623969
2022-11-30,2,Green_Algae,1.0804197,1.5417337
2022-12-01,2,Green_Algae,1.0082923,1.3747566
2022-12-02,2,Green_Algae,1.1993546,1.5244615
2022-12-03,2,Green_Algae,1.0384793,1.5225515
2022-12-04,2,Green_Algae,0.9513034,1.5944529
2022-12-05,2,Green_Algae,1.4196737,1.3133439
2022-12-06,2,Green_Algae,1.5062437,1.2269785
2022-12-07,2,Green_Algae,1.6673859,2.00211
2022-12-08,2,Green_Algae,1.7725435,1.6310776
2022-12-09,2,Green_Algae,2.750798,2.0175626
2022-12-10,2,Green_Algae,2.2412164,2.159617
2022-12-11,2,Green_Algae,0.4060463,3.4933124
2022-12-12,2,Green_Algae,0.160492,2.269825
2022-12-13,2,Green_Algae,0.2686097,0.96435577
2022-12-14,2,Green_Algae,0.31757072,0.6707763
2022-12-15,2,Green_Algae,0.41242754,0.67353755
2022-12-16,2,Green_Algae,0.2809631,0.7038887
2022-12-17,2,Green_Algae,0.4638523,0.74294627
2022-12-18,2,Green_Algae,0.48307028,0.78820646
2022-12-19,2,Green_Algae,0.52901447,0.76619714
2022-12-20,2,Green_Algae,0.41270813,0.79198724
2022-12-21,2,Green_Algae,0.39071897,0.76595336
2022-12-22,2,Green_Algae,0.43844205,0.77713186
2022-12-23,2,Green_Algae,0.27015212,0.80328417
2022-12-24,2,Green_Algae,0.26322237,0.87635124
2022-12-25,2,Green_Algae,0.29721218,0.73958105
2022-12-26,2,Green_Algae,0.25078148,0.73152745
2022-12-27,2,Green_Algae,0.21856004,0.74724114
2022-12-28,2,Green_Algae,0.15966643,0.7130653
2022-12-29,2,Green_Algae,0.24490596,0.67960167
2022-12-30,2,Green_Algae,0.20376809,0.6531094
2022-12-31,2,Green_Algae,0.2882681,0.7518123
2023-01-01,2,Green_Algae,0.09535451,0.7481544
2023-01-02,2,Green_Algae,0.071312584,0.8325154
2023-01-03,2,Green_Algae,0.036156602,0.5589363
2023-01-04,2,Green_Algae,3.252288,0.66646683
2023-01-05,2,Green_Algae,6.237046,0.55627155
2023-01-06,2,Green_Algae,9.221804,3.9065409
2023-01-07,2,Green_Algae,9.225964,6.652503
2023-01-08,2,Green_Algae,9.2301235,6.948611
2023-01-09,2,Green_Algae,9.234284,6.950232
2023-01-10,2,Green_Algae,9.238444,6.0434465
2023-01-11,2,Green_Algae,9.242605,6.369651
2023-01-12,2,Green_Algae,8.008986,5.656051
2023-01-13,2,Green_Algae,9.353083,5.622526
2023-01-14,2,Green_Algae,6.951903,5.228686
2023-01-15,2,Green_Algae,3.9082983,5.9363804
2023-01-16,2,Green_Algae,3.8983636,4.540196
2023-01-17,2,Green_Algae,3.6625977,2.3743274
2023-01-18,2,Green_Algae,2.6919782,3.7438731
2023-01-19,2,Green_Algae,2.5106957,3.734745
2023-01-20,2,Green_Algae,2.9152644,2.3901355
2023-01-21,2,Green_Algae,3.6604702,2.8170838
2023-01-22,2,Green_Algae,7.30152,3.7763827
2023-01-23,2,Green_Algae,6.2374687,4.1897793
2023-01-24,2,Green_Algae,5.173418,6.6184497
2023-01-25,2,Green_Algae,4.7855973,5.940224
2023-01-26,2,Green_Algae,4.944407,2.9018078
2023-01-27,2,Green_Algae,5.020905,3.8253417
2023-01-28,2,Green_Algae,4.1378713,4.0871797
2023-01-29,2,Green_Algae,3.5290515,4.3668222
2023-01-30,2,Green_Algae,3.2179534,3.1968377
2023-01-31,2,Green_Algae,5.3130965,3.7142212
2023-02-01,2,Green_Algae,7.0447626,3.2204502
2023-02-02,2,Green_Algae,9.122445,5.0820084
2023-02-03,2,Green_Algae,6.014926,5.8889103
2023-02-04,2,Green_Algae,5.961019,6.2077
2023-02-05,2,Green_Algae,5.907112,4.2249436
2023-02-06,2,Green_Algae,5.853205,5.0243626
2023-02-07,2,Green_Algae,8.160051,5.135959
2023-02-08,2,Green_Algae,7.2787995,5.2426467
2023-02-09,2,Green_Algae,6.3975487,6.25726
2023-02-10,2,Green_Algae,1.4237877,5.387629
2023-02-11,2,Green_Algae,1.1469333,4.279965
2023-02-12,2,Green_Algae,0.77981836,1.3518782
2023-02-13,2,Green_Algae,0.90640306,1.5928819
2023-02-14,2,Green_Algae,0.18429561,0.9508553
2023-02-15,2,Green_Algae,0.09019138,1.0887458
2023-02-16,2,Green_Algae,0.06921226,0.48678127
2023-02-17,2,Green_Algae,0.09716904,0.39164287
2023-02-18,2,Green_Algae,0.5358182,0.35138845
2023-02-19,2,Green_Algae,0.73984677,0.3669165
2023-02-20,2,Green_Algae,0.9485524,0.66962016
2023-02-21,2,Green_Algae,0.88800627,0.72210634
2023-02-22,2,Green_Algae,0.77299947,0.8853798
2023-02-23,2,Green_Algae,0.8697355,0.7652266
2023-02-24,2,Green_Algae,0.9345164,0.90186167
2023-02-25,2,Green_Algae,0.5437155,1.0469481
2023-02-26,2,Green_Algae,0.35603827,1.0058182
2023-02-27,2,Green_Algae,0.2848945,0.6855785
2023-02-28,2,Green_Algae,0.9269008,0.583891
2023-03-01,2,Green_Algae,1.0543281,0.57116985
2023-03-02,2,Green_Algae,0.82646257,1.1988113
2023-03-03,2,Green_Algae,0.41406226,0.99134356
2023-03-04,2,Green_Algae,0.43284735,0.82887083
2023-03-05,2,Green_Algae,0.34657025,0.65604615
2023-03-06,2,Green_Algae,0.24229686,0.72952646
2023-03-07,2,Green_Algae,0.28762135,0.63830686
2023-03-08,2,Green_Algae,0.23873465,0.5975082
2023-03-09,2,Green_Algae,0.20506701,0.6298827
2023-03-10,2,Green_Algae,0.12347253,0.54658586
2023-03-11,2,Green_Algae,0.08151744,0.5733359
2023-03-12,2,Green_Algae,0.14753455,0.5364225
2023-03-13,2,Green_Algae,0.08237493,0.52226096
2023-03-14,2,Green_Algae,0.036238365,0.57566804
2023-03-15,2,Green_Algae,0.1186852,0.664046
2023-03-16,2,Green_Algae,0.17207983,0.49470788
2023-03-17,2,Green_Algae,0.24798092,0.5684427
2023-03-18,2,Green_Algae,0.23571466,0.59893864
2023-03-19,2,Green_Algae,0.16183792,0.61997205
2023-03-20,2,Green_Algae,0.40782675,0.62898105
2023-03-21,2,Green_Algae,0.101640604,0.5855203
2023-03-22,2,Green_Algae,0.5060475,0.8379343
2023-03-23,2,Green_Algae,2.69248,0.5645899
2023-03-24,2,Green_Algae,1.9497765,1.1910055
2023-03-25,2,Green_Algae,1.3316832,4.0228095
2023-03-26,2,Green_Algae,2.578498,2.1910818
2023-03-27,2,Green_Algae,2.0630136,1.1543803
2023-03-28,2,Green_Algae,1.7380223,1.8671602
2023-03-29,2,Green_Algae,1.37283,1.277862
2023-03-30,2,Green_Algae,1.1725881,1.1200788
2023-03-31,2,Green_Algae,0.9683462,1.1467965
2023-04-01,2,Green_Algae,0.71395975,1.0388479
2023-04-02,2,Green_Algae,0.683174,1.0048217
2023-04-03,2,Green_Algae,0.75986,0.95705277
2023-04-04,2,Green_Algae,0.6773602,0.9700509
2023-04-05,2,Green_Algae,1.834648,1.1806326
2023-04-06,2,Green_Algae,4.089308,0.99382824
2023-04-07,2,Green_Algae,2.2397137,1.7714604
2023-04-08,2,Green_Algae,1.7206718,3.114828
2023-04-09,2,Green_Algae,1.4219851,1.6844801
2023-04-10,2,Green_Algae,1.2250155,1.5204799
2023-04-11,2,Green_Algae,0.8648579,1.1433023
2023-04-12,2,Green_Algae,0.56595254,1.0414451
2023-04-13,2,Green_Algae,0.50567454,0.866362
2023-04-14,2,Green_Algae,0.66647476,0.79695314
2023-04-15,2,Green_Algae,1.0466163,0.9840079
2023-04-16,2,Green_Algae,1.2097328,1.0726625
2023-04-17,2,Green_Algae,2.6901345,1.3496711
2023-04-18,2,Green_Algae,2.477803,1.421426
2023-04-19,2,Green_Algae,2.09581,3.7833333
2023-04-20,2,Green_Algae,1.6294928,3.137101
2023-04-21,2,Green_Algae,1.3932893,2.0017173
2023-04-22,2,Green_Algae,0.9884703,1.9217188
2023-04-23,2,Green_Algae,0.9850644,1.7874167
2023-04-24,2,Green_Algae,1.0676374,1.3464046
2023-04-25,2,Green_Algae,1.3244078,1.3274465
2023-04-26,2,Green_Algae,0.6416333,1.2083895
2023-04-27,2,Green_Algae,0.27814546,1.7409583
2023-04-28,2,Green_Algae,1.3145058,1.0244502
2023-04-29,2,Green_Algae,3.2526584,0.759742
2023-04-30,2,Green_Algae,3.1499057,1.754182
2023-05-01,2,Green_Algae,1.6380941,3.7663634
2023-05-02,2,Green_Algae,4.1922054,2.9006093
2023-05-03,2,Green_Algae,5.529419,1.4805276
2023-05-04,2,Green_Algae,6.2632565,4.1939263
2023-05-05,2,Green_Algae,6.8380823,5.173968
2023-05-06,2,Green_Algae,7.412908,5.763028
2023-05-07,2,Green_Algae,4.079104,6.8761005
2023-05-08,2,Green_Algae,2.2593377,6.2456975
2023-05-09,2,Green_Algae,1.9581879,2.2409303
2023-05-10,2,Green_Algae,2.4479287,1.9735605
2023-05-11,2,Green_Algae,2.7059772,2.1310441
2023-05-12,2,Green_Algae,2.3598123,2.105459
2023-05-13,2,Green_Algae,1.7751207,2.0954044
2023-05-14,2,Green_Algae,1.2882135,1.6377529
2023-05-15,2,Green_Algae,1.0123258,1.1763678
2023-05-16,2,Green_Algae,1.0217282,0.96261895
2023-05-17,2,Green_Algae,0.8613485,0.94781804
2023-05-18,2,Green_Algae,1.1611063,1.0728664
2023-05-19,2,Green_Algae,0.9660143,0.90428054
2023-05-20,2,Green_Algae,0.79129213,1.2909576
2023-05-21,2,Green_Algae,1.006314,1.0661162
2023-05-22,2,Green_Algae,0.55901504,0.983288
2023-05-23,2,Green_Algae,0.46997598,1.2591034
2023-05-24,2,Green_Algae,0.31273833,0.80696046
2023-05-25,2,Green_Algae,0.29093453,0.8105148
2023-05-26,2,Green_Algae,0.25067583,0.6611418
2023-05-27,2,Green_Algae,0.42133546,0.6153228
2023-05-28,2,Green_Algae,1.3887391,0.56607586
2023-05-29,2,Green_Algae,2.5463135,0.7261675
2023-05-30,2,Green_Algae,2.2533908,1.6952413
2023-05-31,2,Green_Algae,3.1068542,2.808923
2023-06-01,2,Green_Algae,2.7869723,1.9786973
2023-06-02,2,Green_Algae,2.4034996,3.656867
2023-06-03,2,Green_Algae,1.0539821,2.5922322
2023-06-04,2,Green_Algae,0.93468004,2.0266564
2023-06-05,2,Green_Algae,0.4879697,1.042195
2023-06-06,2,Green_Algae,0.8998942,0.9473434
2023-06-07,2,Green_Algae,1.3108021,0.66466826
2023-06-08,2,Green_Algae,1.019688,1.0477651
2023-06-09,2,Green_Algae,0.46447587,1.2405365
2023-06-10,2,Green_Algae,0.49861857,1.0851177
2023-06-11,2,Green_Algae,0.61284125,0.70089227
2023-06-12,2,Green_Algae,0.6797172,0.7247254
2023-06-13,2,Green_Algae,0.7083528,0.76896054
2023-06-14,2,Green_Algae,0.35401052,0.80047256
2023-06-15,2,Green_Algae,0.41286027,0.82638496
2023-06-16,2,Green_Algae,0.2804898,0.57135105
2023-06-17,2,Green_Algae,0.2304269,0.6405295
2023-06-18,2,Green_Algae,0.5143521,0.5299579
2023-06-19,2,Green_Algae,0.5725395,0.49901092
2023-06-20,2,Green_Algae,1.4189571,0.7720041
2023-06-21,2,Green_Algae,3.0382833,0.7767171
2023-06-22,2,Green_Algae,3.1065986,1.5094243
2023-06-23,2,Green_Algae,1.9374653,3.2386613
2023-06-24,2,Green_Algae,1.1924785,3.3129532
2023-06-25,2,Green_Algae,1.0128819,1.9109495
2023-06-26,2,Green_Algae,1.2879117,1.5717034
2023-06-27,2,Green_Algae,1.1464972,1.483384
2023-06-28,2,Green_Algae,4.1690407,1.5732847
2023-06-29,2,Green_Algae,5.1483574,1.3746321
2023-06-30,2,Green_Algae,4.417229,4.5813513
2023-07-01,2,Green_Algae,3.0753262,5.232783
2023-07-02,2,Green_Algae,2.3679974,4.144859
2023-07-03,2,Green_Algae,3.1175823,3.4136252
2023-07-04,2,Green_Algae,5.006934,2.8649156
2023-07-05,2,Green_Algae,6.813222,3.9481373
2023-07-06,2,Green_Algae,7.1008797,5.09001
2023-07-07,2,Green_Algae,7.8447523,5.8137755
2023-07-08,2,Green_Algae,7.1713324,6.039804
2023-07-09,2,Green_Algae,7.92671,6.349118
2023-07-10,2,Green_Algae,7.4939637,6.431604
2023-07-11,2,Green_Algae,5.54597,6.093401
2023-07-12,2,Green_Algae,4.022008,5.6288342
2023-07-13,2,Green_Algae,3.7216525,4.314457
2023-07-14,2,Green_Algae,2.7944505,4.385584
2023-07-15,2,Green_Algae,2.0034344,4.155138
2023-07-16,2,Green_Algae,1.4967204,3.8862216
2023-07-17,2,Green_Algae,1.3990573,2.937559
2023-07-18,2,Green_Algae,1.0275207,2.5695307
2023-07-19,2,Green_Algae,1.0186292,2.6179974
2023-07-20,2,Green_Algae,1.734702,2.1031613
2023-07-21,2,Green_Algae,3.5428689,2.265887
2023-07-22,2,Green_Algae,8.218171,3.4766383
2023-07-23,2,Green_Algae,8.601586,4.416013
2023-07-24,2,Green_Algae,9.032261,5.756225
2023-07-25,2,Green_Algae,8.793951,6.404134
2023-07-26,2,Green_Algae,6.349499,5.8234215
2023-07-27,2,Green_Algae,4.783891,5.526519
2023-07-28,2,Green_Algae,2.371833,4.36267
2023-07-29,2,Green_Algae,1.8697046,4.131346
2023-07-30,2,Green_Algae,2.1430004,2.4045956
2023-07-31,2,Green_Algae,2.687552,2.7141867
2023-08-01,2,Green_Algae,2.8441966,3.0597627
2023-08-02,2,Green_Algae,3.3121603,3.183901
2023-08-03,2,Green_Algae,4.9291377,3.888549
2023-08-04,2,Green_Algae,5.591187,4.6008887
2023-08-05,2,Green_Algae,8.544591,5.565672
2023-08-06,2,Green_Algae,8.778641,5.575592
2023-08-07,2,Green_Algae,9.01269,6.377302
2023-08-08,2,Green_Algae,9.246739,5.96739
2023-08-09,2,Green_Algae,6.3150916,5.487706
2023-08-10,2,Green_Algae,5.0038095,5.5735297
2023-08-11,2,Green_Algae,3.3346193,5.4036903
2023-08-12,2,Green_Algae,2.5525656,4.0434537
2023-08-13,2,Green_Algae,3.0647385,3.8583412
2023-08-14,2,Green_Algae,5.879216,3.2149534
2023-08-15,2,Green_Algae,6.031285,4.2724214
2023-08-16,2,Green_Algae,4.687024,5.4636407
2023-08-17,2,Green_Algae,1.2427475,4.819624
2023-08-18,2,Green_Algae,0.8998853,3.0333242
2023-08-19,2,Green_Algae,0.66447395,1.2700206
2023-08-20,2,Green_Algae,0.51328796,1.1972227
2023-08-21,2,Green_Algae,0.45516005,0.85614794
2023-08-22,2,Green_Algae,0.3003116,0.74632776
2023-08-23,2,Green_Algae,0.28055164,0.6253236
2023-08-24,2,Green_Algae,0.2979189,0.48989618
2023-08-25,2,Green_Algae,0.2403409,0.5685571
2023-08-26,2,Green_Algae,0.44934124,0.4888822
2023-08-27,2,Green_Algae,0.41253313,0.5535941
2023-08-28,2,Green_Algae,0.5238057,0.5858833
2023-08-29,2,Green_Algae,1.458634,0.621887
2023-08-30,2,Green_Algae,0.76870924,0.5775762
2023-08-31,2,Green_Algae,1.4702122,0.95500785
2023-09-01,2,Green_Algae,0.9918718,0.73190045
2023-09-02,2,Green_Algae,0.91562474,1.009033
2023-09-03,2,Green_Algae,0.70573056,0.7909273
2023-09-04,2,Green_Algae,0.6742999,0.7962013
2023-09-05,2,Green_Algae,1.3842525,0.7270685
2023-09-06,2,Green_Algae,4.9435377,0.6948825
2023-09-07,2,Green_Algae,3.897788,0.79074657
2023-09-08,2,Green_Algae,1.5145657,2.2404122
2023-09-09,2,Green_Algae,0.6406925,1.508153
2023-09-10,2,Green_Algae,0.33638895,0.8854677
2023-09-11,2,Green_Algae,0.10094779,0.6466266
2023-09-12,2,Green_Algae,0.09816431,0.58207935
2023-09-13,2,Green_Algae,0.2952668,0.44059315
2023-09-14,2,Green_Algae,0.7073095,0.46250957
2023-09-15,2,Green_Algae,1.220801,0.4795252
2023-09-16,2,Green_Algae,0.82873017,0.7647777
2023-09-17,2,Green_Algae,0.7083514,1.1317246
2023-09-18,2,Green_Algae,1.3472247,0.8551287
2023-09-19,2,Green_Algae,1.9606476,0.8412081
2023-09-20,2,Green_Algae,3.1551094,1.3397808
2023-09-21,2,Green_Algae,4.03383,1.6819186
2023-09-22,2,Green_Algae,3.11515,3.4988513
2023-09-23,2,Green_Algae,3.0413108,3.759949
2023-09-24,2,Green_Algae,3.025897,3.1418967
2023-09-25,2,Green_Algae,2.150364,3.3784618
2023-09-26,2,Green_Algae,2.4681423,3.1852298
2023-09-27,2,Green_Algae,2.4991379,2.4100103
2023-09-28,2,Green_Algae,2.2806215,2.8068433
2023-09-29,2,Green_Algae,1.9233941,2.4368255
2023-09-30,2,Green_Algae,1.7363886,2.2895122
2023-10-01,2,Green_Algae,2.0806055,2.1097794
2023-10-02,2,Green_Algae,1.3755308,1.7544706
2023-10-03,2,Green_Algae,1.3721676,2.1027975
2023-10-04,2,Green_Algae,1.5986129,1.452624
2023-10-05,2,Green_Algae,1.1944014,1.281405
2023-10-06,2,Green_Algae,0.4352867,1.4224789
2023-10-07,2,Green_Algae,0.038954273,1.0308613
2023-10-08,2,Green_Algae,0.005254514,0.58883184
2023-10-09,2,Green_Algae,0.00022059257,0.38875654
2023-10-10,2,Green_Algae,0.07396206,0.35644057
2023-10-11,2,Green_Algae,0.0044502877,0.3951693
2023-10-12,2,Green_Algae,0.21425903,0.4144792
2023-10-13,2,Green_Algae,0.4240678,0.37688833
2023-10-14,2,Green_Algae,1.2040071,0.57020587
2023-10-15,2,Green_Algae,1.538577,0.645275
2023-10-16,2,Green_Algae,0.91931796,1.2683922
2023-10-17,2,Green_Algae,0.49678364,1.421566
2023-10-18,2,Green_Algae,0.27720237,0.82823986
2023-10-19,2,Green_Algae,0.060109414,0.6650541
2023-10-20,2,Green_Algae,0.0003220112,0.4590507
2023-10-21,2,Green_Algae,0.0012375681,0.30140096
2023-10-22,2,Green_Algae,0.0032772026,0.26645026
2023-10-23,2,Green_Algae,0.0053168214,0.20214745
2023-10-24,2,Green_Algae,0.0073564914,0.20950897
2023-10-25,2,Green_Algae,0.009396112,0.20415798
2023-10-26,2,Green_Algae,0.01143575,0.20155393
2023-10-27,2,Green_Algae,0.00014706633,0.2042419
2023-10-28,2,Green_Algae,0.00014947286,0.18303919
2023-10-29,2,Green_Algae,0.00015179641,0.1607289
2023-10-30,2,Green_Algae,0.0036961709,0.18054996
2023-10-31,2,Green_Algae,5.8028803e-05,0.21147269
2023-11-01,2,Green_Algae,0.005072786,0.2365913
2023-11-02,2,Green_Algae,0.009415459,0.24551563
2023-11-03,2,Green_Algae,0.23354869,0.27075234
2023-11-04,2,Green_Algae,0.19017506,0.2389501
2023-11-05,2,Green_Algae,0.29466212,0.34934762
2023-11-06,2,Green_Algae,0.52662814,0.35084027
2023-11-07,2,Green_Algae,0.14937869,0.44400626
2023-11-08,2,Green_Algae,0.051346254,0.46402416
2023-11-09,2,Green_Algae,0.0022525839,0.33662602
2023-11-10,2,Green_Algae,0.0037495536,0.32334232
2023-11-11,2,Green_Algae,0.00026789785,0.32379544
2023-11-12,2,Green_Algae,0.00030059792,0.35925037
2023-11-13,2,Green_Algae,0.00033329905,0.34695318
2023-11-14,2,Green_Algae,0.014367214,0.42019197
2023-11-15,2,Green_Algae,0.03973635,0.3750158
2023-11-16,2,Green_Algae,0.08579548,0.44216233
2023-11-17,2,Green_Algae,0.023645498,0.43469948
2023-11-18,2,Green_Algae,0.012744074,0.45640358
2023-11-19,2,Green_Algae,0.013970377,0.42963833
2023-11-20,2,Green_Algae,0.045104496,0.47957027
2023-11-21,2,Green_Algae,0.14602937,0.37273958
2023-11-22,2,Green_Algae,0.18774286,0.4093007
2023-11-23,2,Green_Algae,0.12678686,0.36779928
2023-11-24,2,Green_Algae,0.06583095,0.37298176
2023-11-25,2,Green_Algae,0.0048749987,0.41701457
2023-11-26,2,Green_Algae,0.01300342,0.35370487
2023-11-27,2,Green_Algae,0.0009985091,0.3365739
2023-11-28,2,Green_Algae,0.3965642,0.35312486
2023-11-29,2,Green_Algae,0.7921298,0.38116166
2023-11-30,2,Green_Algae,1.1876955,0.5781736
2023-12-01,2,Green_Algae,0.5417547,0.92991626
2023-12-02,2,Green_Algae,0.28317368,1.0558902
2023-12-03,2,Green_Algae,0.26998764,0.5069966
2023-12-04,2,Green_Algae,0.041641086,0.41015866
2023-12-05,2,Green_Algae,0.007523836,0.42011398
2023-12-06,2,Green_Algae,0.0014946325,0.32045412
2023-12-07,2,Green_Algae,0.051200677,0.33560678
2023-12-08,2,Green_Algae,0.031184377,0.27519992
2023-12-09,2,Green_Algae,0.320014,0.32814223
2023-12-10,2,Green_Algae,0.19122079,0.30494058
2023-12-11,2,Green_Algae,0.9545549,0.5422487
2023-12-12,2,Green_Algae,2.0166812,0.412209
2023-12-13,2,Green_Algae,1.8324066,1.1227229
2023-12-14,2,Green_Algae,1.3901647,2.1154535
2023-12-15,2,Green_Algae,2.1495306,1.2879436
2023-12-16,2,Green_Algae,1.2279633,1.0409757
2023-12-17,2,Green_Algae,0.5186076,1.2637929
2023-12-18,2,Green_Algae,0.2195702,0.85220635
2023-12-19,2,Green_Algae,0.2801519,0.50835425
2023-12-20,2,Green_Algae,0.20370297,0.44218245
2023-12-21,2,Green_Algae,0.061779305,0.50622517
2023-12-22,2,Green_Algae,0.047017764,0.3883343
2023-12-23,2,Green_Algae,0.0322563,0.36367172
2023-12-24,2,Green_Algae,0.017494831,0.38087085
2023-12-25,2,Green_Algae,0.0027333545,0.36616
2023-12-26,2,Green_Algae,0.0019698853,0.36068
2023-12-27,2,Green_Algae,1.632065,0.34891978
2023-12-28,2,Green_Algae,2.6889994,0.34420472
2020-10-30,3,Green_Algae,12.17853,4.283147
2020-10-31,3,Green_Algae,6.110087,5.9949775
2020-11-01,3,Green_Algae,7.4780245,7.0144672
2020-11-02,3,Green_Algae,7.0332804,7.174708
2020-11-03,3,Green_Algae,4.4513035,3.8528721
2020-11-04,3,Green_Algae,4.2465425,5.813169
2020-11-05,3,Green_Algae,3.1390948,5.6100793
2020-11-06,3,Green_Algae,4.8471107,3.3863986
2020-11-07,3,Green_Algae,8.74932,4.119774
2020-11-08,3,Green_Algae,3.445326,3.2381992
2020-11-09,3,Green_Algae,2.8215373,4.885138
2020-11-10,3,Green_Algae,2.7152398,6.5426655
2020-11-11,3,Green_Algae,2.8748477,2.4763453
2020-11-12,3,Green_Algae,2.8452773,3.058549
2020-11-13,3,Green_Algae,3.2272646,3.0851185
2020-11-14,3,Green_Algae,4.012611,3.363554
2020-11-15,3,Green_Algae,3.7066593,3.3894796
2020-11-16,3,Green_Algae,7.032859,3.5665522
2020-11-17,3,Green_Algae,7.8307257,3.8445804
2020-11-18,3,Green_Algae,7.7718787,4.0151267
2020-11-19,3,Green_Algae,8.549044,6.0654497
2020-11-20,3,Green_Algae,9.32621,6.176575
2020-11-21,3,Green_Algae,7.3450155,5.740042
2020-11-22,3,Green_Algae,8.40237,6.543539
2020-11-23,3,Green_Algae,5.0805078,5.693283
2020-11-24,3,Green_Algae,4.5977955,5.0307317
2020-11-25,3,Green_Algae,4.178378,5.878211
2020-11-26,3,Green_Algae,8.567597,3.6745052
2020-11-27,3,Green_Algae,5.6399274,3.799093
2020-11-28,3,Green_Algae,4.2971926,3.720408
2020-11-29,3,Green_Algae,4.177417,6.3168254
2020-11-30,3,Green_Algae,2.1808684,3.821039
2020-12-01,3,Green_Algae,2.1362128,3.6359801
2020-12-02,3,Green_Algae,2.365832,3.8923833
2020-12-03,3,Green_Algae,1.8928292,2.0455494
2020-12-04,3,Green_Algae,2.1390448,2.5810697
2020-12-05,3,Green_Algae,1.6092981,2.8135958
2020-12-06,3,Green_Algae,1.7672431,2.3779435
2020-12-07,3,Green_Algae,2.0092976,2.4807727
2020-12-08,3,Green_Algae,2.0687907,2.2044063
2020-12-09,3,Green_Algae,2.93475,2.2960618
2020-12-10,3,Green_Algae,2.2710211,2.6072955
2020-12-11,3,Green_Algae,1.7623245,2.2670777
2020-12-12,3,Green_Algae,3.7399058,3.7541203
2020-12-13,3,Green_Algae,7.407639,2.6981044
2020-12-14,3,Green_Algae,1.9868814,1.9933997
2020-12-15,3,Green_Algae,1.3638422,4.032236
2020-12-16,3,Green_Algae,1.3426266,6.3944693
2020-12-17,3,Green_Algae,1.2532657,1.8320452
2020-12-18,3,Green_Algae,1.2750503,1.8685365
2020-12-19,3,Green_Algae,1.6216208,1.9428445
2020-12-20,3,Green_Algae,2.156505,2.04451
2020-12-21,3,Green_Algae,1.9927878,1.8310362
2020-12-22,3,Green_Algae,1.9692179,2.186473
2020-12-23,3,Green_Algae,2.3798406,2.8546293
2020-12-24,3,Green_Algae,3.1014483,2.6798062
2020-12-25,3,Green_Algae,2.8246055,2.7001882
2020-12-26,3,Green_Algae,2.7126286,3.870919
2020-12-27,3,Green_Algae,3.4823534,3.427974
2020-12-28,3,Green_Algae,8.607523,3.0217602
2020-12-29,3,Green_Algae,8.2660055,3.5222082
2020-12-30,3,Green_Algae,7.924486,4.4145365
2020-12-31,3,Green_Algae,6.428473,7.042732
2021-01-01,3,Green_Algae,2.98945,6.988569
2021-01-02,3,Green_Algae,1.3053657,4.8314285
2021-01-03,3,Green_Algae,1.2917366,5.117388
2021-01-04,3,Green_Algae,1.1487111,2.4107604
2021-01-05,3,Green_Algae,1.2107966,1.8218354
2021-01-06,3,Green_Algae,1.9978639,2.2328115
2021-01-07,3,Green_Algae,3.2746053,2.1506805
2021-01-08,3,Green_Algae,1.283966,2.1927245
2021-01-09,3,Green_Algae,1.3706295,3.1974523
2021-01-10,3,Green_Algae,0.95188135,3.8152363
2021-01-11,3,Green_Algae,1.2131643,1.7882468
2021-01-12,3,Green_Algae,2.0453835,2.181445
2021-01-13,3,Green_Algae,2.094508,1.7854509
2021-01-14,3,Green_Algae,2.0917065,1.9329433
2021-01-15,3,Green_Algae,1.7256553,2.677124
2021-01-16,3,Green_Algae,2.0362563,2.6911113
2021-01-17,3,Green_Algae,3.533249,2.9242334
2021-01-18,3,Green_Algae,3.6137555,2.5406322
2021-01-19,3,Green_Algae,3.1941895,3.2108927
2021-01-20,3,Green_Algae,4.403502,3.4318492
2021-01-21,3,Green_Algae,5.758683,3.6283479
2021-01-22,3,Green_Algae,6.35937,3.4912455
2021-01-23,3,Green_Algae,8.876309,5.62083
2021-01-24,3,Green_Algae,5.43191,5.4504085
2021-01-25,3,Green_Algae,6.235949,5.0976624
2021-01-26,3,Green_Algae,6.5830173,6.055429
2021-01-27,3,Green_Algae,7.649797,3.9236298
2021-01-28,3,Green_Algae,5.225948,5.387017
2021-01-29,3,Green_Algae,7.1872573,4.7273583
2021-01-30,3,Green_Algae,7.827323,5.067356
2021-01-31,3,Green_Algae,6.1937,4.1671615
2021-02-01,3,Green_Algae,5.721615,5.1294785
2021-02-02,3,Green_Algae,5.1455975,5.147379
2021-02-03,3,Green_Algae,4.142368,4.626351
2021-02-04,3,Green_Algae,4.6842937,4.8043737
2021-02-05,3,Green_Algae,4.7972736,4.475945
2021-02-06,3,Green_Algae,4.5424547,3.9018648
2021-02-07,3,Green_Algae,4.4105067,4.718295
2021-02-08,3,Green_Algae,4.6066475,4.823785
2021-02-09,3,Green_Algae,5.280211,4.51094
2021-02-10,3,Green_Algae,7.288978,4.3615017
2021-02-11,3,Green_Algae,4.65887,4.7038136
2021-02-12,3,Green_Algae,3.413034,4.9073663
2021-02-13,3,Green_Algae,8.17764,5.177119
2021-02-14,3,Green_Algae,5.1429377,3.6137938
2021-02-15,3,Green_Algae,4.1539435,3.867579
2021-02-16,3,Green_Algae,4.581317,6.4094777
2021-02-17,3,Green_Algae,4.9817367,4.7778063
2021-02-18,3,Green_Algae,3.35322,4.0993395
2021-02-19,3,Green_Algae,4.2448187,5.17408
2021-02-20,3,Green_Algae,4.0317235,4.2486115
2021-02-21,3,Green_Algae,4.087482,3.5447717
2021-02-22,3,Green_Algae,3.9634469,4.775412
2021-02-23,3,Green_Algae,4.5633674,3.7816956
2021-02-24,3,Green_Algae,4.220355,4.308474
2021-02-25,3,Green_Algae,5.1449275,3.9909098
2021-02-26,3,Green_Algae,5.1236477,4.3091927
2021-02-27,3,Green_Algae,4.096351,3.8957136
2021-02-28,3,Green_Algae,3.4184105,4.6316113
2021-03-01,3,Green_Algae,2.6066442,4.322177
2021-03-02,3,Green_Algae,2.469205,3.5751014
2021-03-03,3,Green_Algae,3.3989074,3.428706
2021-03-04,3,Green_Algae,2.2061434,2.445155
2021-03-05,3,Green_Algae,0.93730825,2.949198
2021-03-06,3,Green_Algae,0.17130968,4.2354617
2021-03-07,3,Green_Algae,0.21163534,2.2518554
2021-03-08,3,Green_Algae,0.51324403,1.5274949
2021-03-09,3,Green_Algae,0.7416932,1.0325919
2021-03-10,3,Green_Algae,1.1518161,1.0691966
2021-03-11,3,Green_Algae,3.0430608,1.482905
2021-03-12,3,Green_Algae,5.624233,1.7187833
2021-03-13,3,Green_Algae,9.781874,2.591485
2021-03-14,3,Green_Algae,6.138524,4.6815605
2021-03-15,3,Green_Algae,5.632489,6.200872
2021-03-16,3,Green_Algae,4.6865773,7.2859893
2021-03-17,3,Green_Algae,4.3283215,4.029224
2021-03-18,3,Green_Algae,3.7387772,4.585847
2021-03-19,3,Green_Algae,2.8026774,3.7439144
2021-03-20,3,Green_Algae,3.1857598,3.1863449
2021-03-21,3,Green_Algae,2.456903,3.3929853
2021-03-22,3,Green_Algae,0.9018451,2.8409529
2021-03-23,3,Green_Algae,0.6790297,3.373204
2021-03-24,3,Green_Algae,1.005638,2.6242604
2021-03-25,3,Green_Algae,0.83578366,1.7986013
2021-03-26,3,Green_Algae,1.0689725,1.7203318
2021-03-27,3,Green_Algae,1.7590731,1.879463
2021-03-28,3,Green_Algae,4.083432,1.7862831
2021-03-29,3,Green_Algae,7.1401954,2.1443293
2021-03-30,3,Green_Algae,10.209595,3.3311386
2021-03-31,3,Green_Algae,10.649694,5.272398
2021-04-01,3,Green_Algae,9.618863,7.1053057
2021-04-02,3,Green_Algae,9.679638,7.5292435
2021-04-03,3,Green_Algae,8.492021,6.936103
2021-04-04,3,Green_Algae,5.522469,5.4884024
2021-04-05,3,Green_Algae,3.8875976,4.834589
2021-04-06,3,Green_Algae,3.7225616,5.077356
2021-04-07,3,Green_Algae,4.1317596,3.5840316
2021-04-08,3,Green_Algae,3.7241824,3.3848329
2021-04-09,3,Green_Algae,2.9264905,3.7167504
2021-04-10,3,Green_Algae,3.0117583,3.9995055
2021-04-11,3,Green_Algae,3.7558973,3.5016592
2021-04-12,3,Green_Algae,7.548631,3.3668356
2021-04-13,3,Green_Algae,8.276589,3.7581375
2021-04-14,3,Green_Algae,7.5179367,4.49106
2021-04-15,3,Green_Algae,7.9862165,6.585282
2021-04-16,3,Green_Algae,8.454495,6.9466777
2021-04-17,3,Green_Algae,10.411622,6.3076663
2021-04-18,3,Green_Algae,8.3863945,5.991664
2021-04-19,3,Green_Algae,7.374504,5.8496413
2021-04-20,3,Green_Algae,7.4743953,6.9862676
2021-04-21,3,Green_Algae,7.563512,5.832565
2021-04-22,3,Green_Algae,9.42714,5.404302
2021-04-23,3,Green_Algae,9.938813,5.314457
2021-04-24,3,Green_Algae,9.186256,5.4857073
2021-04-25,3,Green_Algae,13.211926,6.4034157
2021-04-26,3,Green_Algae,11.542995,7.0110474
2021-04-27,3,Green_Algae,8.482055,6.8755
2021-04-28,3,Green_Algae,4.98898,7.1612244
2021-04-29,3,Green_Algae,3.1451302,5.441424
2021-04-30,3,Green_Algae,3.3468668,4.355796
2021-05-01,3,Green_Algae,8.648813,3.4772892
2021-05-02,3,Green_Algae,10.776056,3.2280943
2021-05-03,3,Green_Algae,10.448346,3.666189
2021-05-04,3,Green_Algae,5.103333,6.02024
2021-05-05,3,Green_Algae,5.319554,6.800101
2021-05-06,3,Green_Algae,6.643535,7.029507
2021-05-07,3,Green_Algae,6.72064,3.8372464
2021-05-08,3,Green_Algae,10.374625,5.180585
2021-05-09,3,Green_Algae,12.880029,5.8414183
2021-05-10,3,Green_Algae,9.980102,5.599523
2021-05-11,3,Green_Algae,10.452174,6.974746
2021-05-12,3,Green_Algae,10.924248,7.7201185
2021-05-13,3,Green_Algae,11.39632,6.9237347
2021-05-14,3,Green_Algae,11.868393,7.486146
2021-05-15,3,Green_Algae,10.393691,7.7546253
2021-05-16,3,Green_Algae,7.7878942,7.997653
2021-05-17,3,Green_Algae,7.7099423,7.077986
2021-05-18,3,Green_Algae,7.9545946,6.475492
2021-05-19,3,Green_Algae,6.14866,5.7111354
2021-05-20,3,Green_Algae,6.4745946,6.098075
2021-05-21,3,Green_Algae,6.249631,6.5619082
2021-05-22,3,Green_Algae,9.313534,5.0571
2021-05-23,3,Green_Algae,8.771644,5.7635627
2021-05-24,3,Green_Algae,12.235818,5.6199613
2021-05-25,3,Green_Algae,7.2883067,6.7236333
2021-05-26,3,Green_Algae,7.12322,6.119363
2021-05-27,3,Green_Algae,13.128756,7.2079883
2021-05-28,3,Green_Algae,12.951473,5.8818693
2021-05-29,3,Green_Algae,12.77419,5.9688373
2021-05-30,3,Green_Algae,4.561085,7.304458
2021-05-31,3,Green_Algae,2.984026,7.5547843
2021-06-01,3,Green_Algae,3.477842,6.8723793
2021-06-02,3,Green_Algae,3.0301087,3.5111916
2021-06-03,3,Green_Algae,2.9474874,3.0430496
2021-06-04,3,Green_Algae,3.87105,3.4774475
2021-06-05,3,Green_Algae,3.5815134,3.053268
2021-06-06,3,Green_Algae,3.5015206,3.016574
2021-06-07,3,Green_Algae,4.0479884,3.9003541
2021-06-08,3,Green_Algae,5.4210563,3.4015918
2021-06-09,3,Green_Algae,3.706534,3.8213985
2021-06-10,3,Green_Algae,5.004493,4.225895
2021-06-11,3,Green_Algae,6.557851,5.4360824
2021-06-12,3,Green_Algae,10.4747505,3.266719
2021-06-13,3,Green_Algae,11.396228,5.123338
2021-06-14,3,Green_Algae,12.317705,5.748716
2021-06-15,3,Green_Algae,12.765958,6.8976836
2021-06-16,3,Green_Algae,13.214211,7.2190776
2021-06-17,3,Green_Algae,13.662464,7.0662565
2021-06-18,3,Green_Algae,14.110718,7.9366765
2021-06-19,3,Green_Algae,12.694961,8.2025795
2021-06-20,3,Green_Algae,13.068725,7.9932323
2021-06-21,3,Green_Algae,6.759349,7.3563924
2021-06-22,3,Green_Algae,4.531797,7.2092805
2021-06-23,3,Green_Algae,4.704233,7.2767453
2021-06-24,3,Green_Algae,4.3103833,5.4525876
2021-06-25,3,Green_Algae,4.245991,4.3380685
2021-06-26,3,Green_Algae,3.8047178,5.1037564
2021-06-27,3,Green_Algae,9.500919,5.1407924
2021-06-28,3,Green_Algae,14.259275,5.4603977
2021-06-29,3,Green_Algae,13.726238,4.3106227
2021-06-30,3,Green_Algae,10.054623,6.830198
2021-07-01,3,Green_Algae,10.233351,7.5047884
2021-07-02,3,Green_Algae,11.377681,6.9223857
2021-07-03,3,Green_Algae,13.92809,6.013647
2021-07-04,3,Green_Algae,9.610976,6.8470087
2021-07-05,3,Green_Algae,13.8032055,7.387779
2021-07-06,3,Green_Algae,12.07648,7.8492017
2021-07-07,3,Green_Algae,9.815504,6.5024486
2021-07-08,3,Green_Algae,10.952688,7.451946
2021-07-09,3,Green_Algae,5.504181,7.194747
2021-07-10,3,Green_Algae,6.883577,6.5434856
2021-07-11,3,Green_Algae,6.383121,7.0375323
2021-07-12,3,Green_Algae,8.041389,4.436423
2021-07-13,3,Green_Algae,7.1555495,5.819914
2021-07-14,3,Green_Algae,7.182688,5.9783154
2021-07-15,3,Green_Algae,7.2098265,6.6044817
2021-07-16,3,Green_Algae,7.2369647,6.1095033
2021-07-17,3,Green_Algae,7.2641034,6.9932575
2021-07-18,3,Green_Algae,7.291241,7.150403
2021-07-19,3,Green_Algae,7.3183794,7.000334
2021-07-20,3,Green_Algae,7.345518,7.0505466
2021-07-21,3,Green_Algae,4.656155,6.2745924
2021-07-22,3,Green_Algae,5.656749,5.7691574
2021-07-23,3,Green_Algae,11.975569,4.9891
2021-07-24,3,Green_Algae,13.560905,4.3007464
2021-07-25,3,Green_Algae,13.088494,5.2289696
2021-07-26,3,Green_Algae,11.472322,7.3318195
2021-07-27,3,Green_Algae,9.366954,7.868091
2021-07-28,3,Green_Algae,6.655246,7.660242
2021-07-29,3,Green_Algae,7.9549346,6.844035
2021-07-30,3,Green_Algae,7.1069007,5.911825
2021-07-31,3,Green_Algae,8.990673,4.4986396
2021-08-01,3,Green_Algae,10.385311,6.038714
2021-08-02,3,Green_Algae,10.719529,5.997517
2021-08-03,3,Green_Algae,7.1092253,6.398987
2021-08-04,3,Green_Algae,4.9593773,6.585439
2021-08-05,3,Green_Algae,3.0356264,6.3345695
2021-08-06,3,Green_Algae,2.0601811,4.8915086
2021-08-07,3,Green_Algae,2.8934517,4.148409
2021-08-08,3,Green_Algae,3.3419957,2.8241436
2021-08-09,3,Green_Algae,3.5262926,2.32238
2021-08-10,3,Green_Algae,2.9024384,3.0135283
2021-08-11,3,Green_Algae,3.434081,3.759216
2021-08-12,3,Green_Algae,4.609233,4.223395
2021-08-13,3,Green_Algae,4.0192776,3.1927092
2021-08-14,3,Green_Algae,7.171199,3.9795985
2021-08-15,3,Green_Algae,10.603491,4.974903
2021-08-16,3,Green_Algae,8.529735,3.5980248
2021-08-17,3,Green_Algae,6.9491796,5.960427
2021-08-18,3,Green_Algae,8.951539,7.011179
2021-08-19,3,Green_Algae,11.542151,5.9127684
2021-08-20,3,Green_Algae,10.700407,5.1339808
2021-08-21,3,Green_Algae,7.8352175,6.4471607
2021-08-22,3,Green_Algae,12.8495455,7.0908556
2021-08-23,3,Green_Algae,13.118637,7.1104026
2021-08-24,3,Green_Algae,10.933848,5.8433247
2021-08-25,3,Green_Algae,12.0906725,7.1631756
2021-08-26,3,Green_Algae,10.43034,7.4181514
2021-08-27,3,Green_Algae,9.773435,6.4379745
2021-08-28,3,Green_Algae,8.390406,6.864704
2021-08-29,3,Green_Algae,7.821752,6.441831
2021-08-30,3,Green_Algae,6.5187182,6.145461
2021-08-31,3,Green_Algae,5.8044934,5.7233677
2021-09-01,3,Green_Algae,5.0743923,5.6256576
2021-09-02,3,Green_Algae,4.311918,5.4735813
2021-09-03,3,Green_Algae,3.3487916,5.4275494
2021-09-04,3,Green_Algae,4.701462,4.8767033
2021-09-05,3,Green_Algae,5.0674095,4.1366663
2021-09-06,3,Green_Algae,3.518864,3.7431235
2021-09-07,3,Green_Algae,3.1971326,5.1238823
2021-09-08,3,Green_Algae,3.5374892,4.9387884
2021-09-09,3,Green_Algae,6.4463677,3.4338267
2021-09-10,3,Green_Algae,6.842923,3.6271482
2021-09-11,3,Green_Algae,8.631598,4.1389427
2021-09-12,3,Green_Algae,8.282877,5.573732
2021-09-13,3,Green_Algae,7.9341564,4.8099346
2021-09-14,3,Green_Algae,7.505728,5.981894
2021-09-15,3,Green_Algae,4.8467994,6.209255
2021-09-16,3,Green_Algae,4.3901086,5.4075522
2021-09-17,3,Green_Algae,3.1355467,5.5217886
2021-09-18,3,Green_Algae,2.5354092,4.1093154
2021-09-19,3,Green_Algae,2.8781462,4.2096496
2021-09-20,3,Green_Algae,2.8740985,3.568498
2021-09-21,3,Green_Algae,2.339877,3.2529962
2021-09-22,3,Green_Algae,3.6420565,3.8759422
2021-09-23,3,Green_Algae,3.4891088,3.5875063
2021-09-24,3,Green_Algae,3.0315206,2.8648643
2021-09-25,3,Green_Algae,2.7386677,4.3659983
2021-09-26,3,Green_Algae,2.8449023,3.7613819
2021-09-27,3,Green_Algae,2.898798,3.2634382
2021-09-28,3,Green_Algae,2.80811,3.1491597
2021-09-29,3,Green_Algae,3.1477988,3.185121
2021-09-30,3,Green_Algae,3.8165677,3.4911692
2021-10-01,3,Green_Algae,2.884149,3.360213
2021-10-02,3,Green_Algae,2.3285825,3.641997
2021-10-03,3,Green_Algae,2.7246957,3.960056
2021-10-04,3,Green_Algae,2.9625897,3.2165892
2021-10-05,3,Green_Algae,3.2004838,3.412534
2021-10-06,3,Green_Algae,3.4383776,3.971256
2021-10-07,3,Green_Algae,3.6762717,3.911762
2021-10-08,3,Green_Algae,3.9141655,3.972692
2021-10-09,3,Green_Algae,4.1520596,3.6279795
2021-10-10,3,Green_Algae,4.3899536,4.0955257
2021-10-11,3,Green_Algae,4.6278477,4.2052455
2021-10-12,3,Green_Algae,4.9418287,4.0287046
2021-10-13,3,Green_Algae,4.673613,4.242326
2021-10-14,3,Green_Algae,4.5442286,4.108705
2021-10-15,3,Green_Algae,8.768624,4.488217
2021-10-16,3,Green_Algae,8.054786,4.2530494
2021-10-17,3,Green_Algae,3.8535652,4.047043
2021-10-18,3,Green_Algae,3.6656222,5.9087315
2021-10-19,3,Green_Algae,3.690036,5.232576
2021-10-20,3,Green_Algae,3.5357091,2.7745378
2021-10-21,3,Green_Algae,3.6526122,3.7854123
2021-10-22,3,Green_Algae,3.1038206,3.9724202
2021-10-23,3,Green_Algae,2.7547975,3.399685
2021-10-24,3,Green_Algae,2.6743922,3.8128853
2021-10-25,3,Green_Algae,2.6642506,3.661255
2021-10-26,3,Green_Algae,3.2695441,3.6953905
2021-10-27,3,Green_Algae,6.4926195,3.8977706
2021-10-28,3,Green_Algae,8.997244,3.7428644
2021-10-29,3,Green_Algae,9.55448,4.445129
2021-10-30,3,Green_Algae,6.1581116,6.5719447
2021-10-31,3,Green_Algae,5.569472,7.2506137
2021-11-01,3,Green_Algae,4.880246,6.592188
2021-11-02,3,Green_Algae,6.240745,4.3870015
2021-11-03,3,Green_Algae,7.868003,4.8985085
2021-11-04,3,Green_Algae,5.39335,4.712802
2021-11-05,3,Green_Algae,2.8083358,5.8433094
2021-11-06,3,Green_Algae,4.1119175,6.339852
2021-11-07,3,Green_Algae,5.8138523,4.476563
2021-11-08,3,Green_Algae,5.6319323,2.5105438
2021-11-09,3,Green_Algae,4.463618,4.9917607
2021-11-10,3,Green_Algae,5.127321,5.9816084
2021-11-11,3,Green_Algae,3.3585093,5.004146
2021-11-12,3,Green_Algae,2.6787329,4.351775
2021-11-13,3,Green_Algae,2.9060419,5.108249
2021-11-14,3,Green_Algae,2.3626916,3.2306395
2021-11-15,3,Green_Algae,2.3225126,3.271155
2021-11-16,3,Green_Algae,2.5409632,3.7730565
2021-11-17,3,Green_Algae,2.2751682,2.8228183
2021-11-18,3,Green_Algae,1.9986252,3.0339599
2021-11-19,3,Green_Algae,1.6795293,3.2569427
2021-11-20,3,Green_Algae,1.8916438,2.9449525
2021-11-21,3,Green_Algae,2.7642143,2.734419
2021-11-22,3,Green_Algae,3.023097,2.1722624
2021-11-23,3,Green_Algae,1.7613965,2.3712928
2021-11-24,3,Green_Algae,1.8678365,3.5225327
2021-11-25,3,Green_Algae,1.7351195,3.1571198
2021-11-26,3,Green_Algae,1.7887771,1.9719009
2021-11-27,3,Green_Algae,1.8194356,2.4891489
2021-11-28,3,Green_Algae,2.1925688,2.3463035
2021-11-29,3,Green_Algae,2.8506155,2.4026368
2021-11-30,3,Green_Algae,3.7936785,2.5379455
2021-12-01,3,Green_Algae,3.2888849,2.8228679
2021-12-02,3,Green_Algae,3.20601,3.551026
2021-12-03,3,Green_Algae,3.1972845,4.376491
2021-12-04,3,Green_Algae,2.9100072,3.0650845
2021-12-05,3,Green_Algae,3.0636685,3.1761756
2021-12-06,3,Green_Algae,3.0413218,3.278315
2021-12-07,3,Green_Algae,2.8179595,2.9619837
2021-12-08,3,Green_Algae,2.9317937,3.2212784
2021-12-09,3,Green_Algae,2.873556,3.2147276
2021-12-10,3,Green_Algae,3.0364544,3.029828
2021-12-11,3,Green_Algae,3.930644,3.2494764
2021-12-12,3,Green_Algae,3.436191,3.2986777
2021-12-13,3,Green_Algae,3.863864,3.2305422
2021-12-14,3,Green_Algae,4.217301,4.193758
2021-12-15,3,Green_Algae,4.429001,3.182861
2021-12-16,3,Green_Algae,4.6556263,4.1965375
2021-12-17,3,Green_Algae,4.838226,4.63846
2021-12-18,3,Green_Algae,4.1352496,4.585228
2021-12-19,3,Green_Algae,3.6960173,4.5319886
2021-12-20,3,Green_Algae,3.0439653,3.7564418
2021-12-21,3,Green_Algae,2.7047684,3.6025236
2021-12-22,3,Green_Algae,4.257923,3.7283936
2021-12-23,3,Green_Algae,3.2951374,2.9673526
2021-12-24,3,Green_Algae,2.3909624,3.138126
2021-12-25,3,Green_Algae,2.1861448,4.034126
2021-12-26,3,Green_Algae,1.7530535,4.127681
2021-12-27,3,Green_Algae,1.9872879,3.153
2021-12-28,3,Green_Algae,2.2317348,2.7554824
2021-12-29,3,Green_Algae,2.0643368,2.793907
2021-12-30,3,Green_Algae,1.9601592,3.0817163
2021-12-31,3,Green_Algae,2.126949,3.6388671
2022-01-01,3,Green_Algae,2.2531767,2.866989
2022-01-02,3,Green_Algae,2.1239364,3.5829868
2022-01-03,3,Green_Algae,2.5416799,2.9748507
2022-01-04,3,Green_Algae,3.3833745,3.2487745
2022-01-05,3,Green_Algae,6.9222884,2.7875397
2022-01-06,3,Green_Algae,5.645869,3.5331762
2022-01-07,3,Green_Algae,4.3694496,4.37548
2022-01-08,3,Green_Algae,6.313483,6.493588
2022-01-09,3,Green_Algae,4.849971,4.9548726
2022-01-10,3,Green_Algae,6.5303836,3.6044571
2022-01-11,3,Green_Algae,7.1293488,5.3017955
2022-01-12,3,Green_Algae,3.0731115,3.75066
2022-01-13,3,Green_Algae,2.084052,5.087313
2022-01-14,3,Green_Algae,1.3035264,4.4757447
2022-01-15,3,Green_Algae,2.1528146,2.1937046
2022-01-16,3,Green_Algae,2.2154775,2.2230203
2022-01-17,3,Green_Algae,1.8509052,1.8854897
2022-01-18,3,Green_Algae,3.0125198,3.011105
2022-01-19,3,Green_Algae,2.9266691,2.634184
2022-01-20,3,Green_Algae,3.0848227,2.3307278
2022-01-21,3,Green_Algae,3.732527,3.6636863
2022-01-22,3,Green_Algae,4.3433237,3.0453606
2022-01-23,3,Green_Algae,6.2519803,3.307402
2022-01-24,3,Green_Algae,8.160637,3.7855852
2022-01-25,3,Green_Algae,8.239467,3.9406056
2022-01-26,3,Green_Algae,8.318296,5.9568152
2022-01-27,3,Green_Algae,8.397126,5.6248155
2022-01-28,3,Green_Algae,8.475957,6.108241
2022-01-29,3,Green_Algae,8.554788,5.427061
2022-01-30,3,Green_Algae,8.633616,5.2621903
2022-01-31,3,Green_Algae,5.246442,5.4830375
2022-02-01,3,Green_Algae,3.9920294,4.6981325
2022-02-02,3,Green_Algae,4.695028,4.993722
2022-02-03,3,Green_Algae,2.7493696,3.422402
2022-02-04,3,Green_Algae,2.88272,3.2368817
2022-02-05,3,Green_Algae,2.763606,3.8500788
2022-02-06,3,Green_Algae,2.1112866,2.4794602
2022-02-07,3,Green_Algae,2.4319632,3.7084286
2022-02-08,3,Green_Algae,2.2566342,3.18443
2022-02-09,3,Green_Algae,2.6009963,2.3572302
2022-02-10,3,Green_Algae,2.5740855,3.118811
2022-02-11,3,Green_Algae,2.7089677,3.2614613
2022-02-12,3,Green_Algae,3.126954,3.5754313
2022-02-13,3,Green_Algae,4.3236074,3.8885891
2022-02-14,3,Green_Algae,3.448381,3.333218
2022-02-15,3,Green_Algae,3.5295143,4.5811763
2022-02-16,3,Green_Algae,4.1974835,5.0798965
2022-02-17,3,Green_Algae,4.8904557,3.6046767
2022-02-18,3,Green_Algae,6.0933433,4.2665977
2022-02-19,3,Green_Algae,4.131527,4.999034
2022-02-20,3,Green_Algae,2.946324,6.0888767
2022-02-21,3,Green_Algae,2.2808762,5.5140243
2022-02-22,3,Green_Algae,1.969732,3.9101052
2022-02-23,3,Green_Algae,1.8481604,2.290778
2022-02-24,3,Green_Algae,1.970211,2.6774948
2022-02-25,3,Green_Algae,2.0456758,2.664898
2022-02-26,3,Green_Algae,2.1211405,2.523541
2022-02-27,3,Green_Algae,2.1966052,2.4951053
2022-02-28,3,Green_Algae,2.1446164,2.576662
2022-03-01,3,Green_Algae,2.8918037,2.6837976
2022-03-02,3,Green_Algae,3.3747232,2.7931108
2022-03-03,3,Green_Algae,4.975467,2.6278927
2022-03-04,3,Green_Algae,5.8857384,3.651185
2022-03-05,3,Green_Algae,7.7702246,4.275071
2022-03-06,3,Green_Algae,7.406918,5.420052
2022-03-07,3,Green_Algae,8.624261,5.459022
2022-03-08,3,Green_Algae,5.739247,5.729181
2022-03-09,3,Green_Algae,4.569587,5.303166
2022-03-10,3,Green_Algae,4.6664295,5.564973
2022-03-11,3,Green_Algae,6.601842,3.5830126
2022-03-12,3,Green_Algae,7.0578914,3.5646124
2022-03-13,3,Green_Algae,9.441289,4.48391
2022-03-14,3,Green_Algae,10.154751,6.1836405
2022-03-15,3,Green_Algae,10.868213,6.1292777
2022-03-16,3,Green_Algae,10.484943,6.5315905
2022-03-17,3,Green_Algae,10.101673,6.3508034
2022-03-18,3,Green_Algae,10.141577,6.298946
2022-03-19,3,Green_Algae,10.18148,6.280172
2022-03-20,3,Green_Algae,10.221386,5.8047104
2022-03-21,3,Green_Algae,6.8799276,5.777893
2022-03-22,3,Green_Algae,6.111058,5.607054
2022-03-23,3,Green_Algae,3.9833503,5.4296265
2022-03-24,3,Green_Algae,2.6831644,3.3979182
2022-03-25,3,Green_Algae,2.11021,4.0045652
2022-03-26,3,Green_Algae,2.3608906,2.7279782
2022-03-27,3,Green_Algae,2.612607,2.5548923
2022-03-28,3,Green_Algae,3.0601304,2.957872
2022-03-29,3,Green_Algae,3.0547757,2.7480907
2022-03-30,3,Green_Algae,2.5692663,2.2627227
2022-03-31,3,Green_Algae,2.7219045,2.7860842
2022-04-01,3,Green_Algae,3.1004643,2.2689176
2022-04-02,3,Green_Algae,2.2594109,2.2487268
2022-04-03,3,Green_Algae,1.953816,2.2775655
2022-04-04,3,Green_Algae,1.918588,3.0195744
2022-04-05,3,Green_Algae,2.3214595,2.064267
2022-04-06,3,Green_Algae,2.560116,1.9308579
2022-04-07,3,Green_Algae,3.2719536,2.202746
2022-04-08,3,Green_Algae,4.419464,2.6361573
2022-04-09,3,Green_Algae,4.504269,2.658936
2022-04-10,3,Green_Algae,4.89147,3.4990351
2022-04-11,3,Green_Algae,6.268174,4.493686
2022-04-12,3,Green_Algae,7.3437877,4.3939247
2022-04-13,3,Green_Algae,9.499956,4.499616
2022-04-14,3,Green_Algae,10.740788,5.4891863
2022-04-15,3,Green_Algae,8.073318,6.1602273
2022-04-16,3,Green_Algae,7.630758,6.744619
2022-04-17,3,Green_Algae,6.9328403,7.0076694
2022-04-18,3,Green_Algae,6.5577283,5.4837365
2022-04-19,3,Green_Algae,3.7500434,4.838885
2022-04-20,3,Green_Algae,3.4992976,4.5360317
2022-04-21,3,Green_Algae,4.348203,3.8948588
2022-04-22,3,Green_Algae,5.875435,2.2508533
2022-04-23,3,Green_Algae,8.554278,3.4599092
2022-04-24,3,Green_Algae,10.74772,3.7272928
2022-04-25,3,Green_Algae,10.313055,5.1344767
2022-04-26,3,Green_Algae,10.031486,6.582138
2022-04-27,3,Green_Algae,9.749915,6.1792173
2022-04-28,3,Green_Algae,9.468344,5.3426456
2022-04-29,3,Green_Algae,6.3907814,5.4694843
2022-04-30,3,Green_Algae,2.7383044,4.75294
2022-05-01,3,Green_Algae,1.9100943,4.9058905
2022-05-02,3,Green_Algae,1.4387971,3.552912
2022-05-03,3,Green_Algae,1.6956812,2.5575519
2022-05-04,3,Green_Algae,2.9322464,2.4330895
2022-05-05,3,Green_Algae,4.024558,1.9111003
2022-05-06,3,Green_Algae,7.546461,2.263082
2022-05-07,3,Green_Algae,8.4868555,3.4200246
2022-05-08,3,Green_Algae,8.025366,4.2465014
2022-05-09,3,Green_Algae,7.563878,6.4732094
2022-05-10,3,Green_Algae,3.786575,6.627659
2022-05-11,3,Green_Algae,2.6313117,5.530614
2022-05-12,3,Green_Algae,2.673943,3.74716
2022-05-13,3,Green_Algae,3.6793551,2.0040011
2022-05-14,3,Green_Algae,3.5523696,2.4312985
2022-05-15,3,Green_Algae,2.8397105,2.7366643
2022-05-16,3,Green_Algae,2.6588566,3.1620083
2022-05-17,3,Green_Algae,2.5439029,2.685911
2022-05-18,3,Green_Algae,1.9558738,2.3785894
2022-05-19,3,Green_Algae,2.2352676,2.3606
2022-05-20,3,Green_Algae,3.8337293,2.5255523
2022-05-21,3,Green_Algae,6.6012907,2.2310772
2022-05-22,3,Green_Algae,4.1062393,2.4649465
2022-05-23,3,Green_Algae,3.8795009,3.9978151
2022-05-24,3,Green_Algae,3.7486677,5.754941
2022-05-25,3,Green_Algae,2.5144565,3.0240147
2022-05-26,3,Green_Algae,2.628731,3.5745115
2022-05-27,3,Green_Algae,2.336657,3.6891043
2022-05-28,3,Green_Algae,1.8927444,2.3983912
2022-05-29,3,Green_Algae,1.7338868,3.0474148
2022-05-30,3,Green_Algae,2.055707,2.480372
2022-05-31,3,Green_Algae,2.7962682,2.1242578
2022-06-01,3,Green_Algae,2.4670553,1.7660323
2022-06-02,3,Green_Algae,2.5074983,1.9882163
2022-06-03,3,Green_Algae,3.3220377,2.129105
2022-06-04,3,Green_Algae,2.913029,2.0619786
2022-06-05,3,Green_Algae,3.21664,2.093191
2022-06-06,3,Green_Algae,3.0336015,2.5132043
2022-06-07,3,Green_Algae,2.016884,2.1569164
2022-06-08,3,Green_Algae,0.71460867,2.5129068
2022-06-09,3,Green_Algae,1.4329565,2.3443103
2022-06-10,3,Green_Algae,1.2493777,1.8815173
2022-06-11,3,Green_Algae,1.7778566,1.0673459
2022-06-12,3,Green_Algae,1.9454993,1.4585896
2022-06-13,3,Green_Algae,1.383483,1.1822137
2022-06-14,3,Green_Algae,0.17669071,1.4840391
2022-06-15,3,Green_Algae,0.1694878,1.5463952
2022-06-16,3,Green_Algae,1.6111215,1.1900446
2022-06-17,3,Green_Algae,1.4915413,0.6999873
2022-06-18,3,Green_Algae,1.3510724,0.59185183
2022-06-19,3,Green_Algae,1.4114358,1.1956327
2022-06-20,3,Green_Algae,1.2985806,1.3153079
2022-06-21,3,Green_Algae,1.315047,1.5100124
2022-06-22,3,Green_Algae,1.1877986,1.7120544
2022-06-23,3,Green_Algae,0.20468882,1.7259163
2022-06-24,3,Green_Algae,0.9321283,1.8690735
2022-06-25,3,Green_Algae,2.667632,1.7659727
2022-06-26,3,Green_Algae,2.3597465,0.9188769
2022-06-27,3,Green_Algae,2.4025416,1.4064281
2022-06-28,3,Green_Algae,2.6718307,2.8259852
2022-06-29,3,Green_Algae,2.6384616,2.378612
2022-06-30,3,Green_Algae,3.7917957,2.4589114
2022-07-01,3,Green_Algae,3.6459014,2.9402425
2022-07-02,3,Green_Algae,3.1270165,2.570581
2022-07-03,3,Green_Algae,2.8873951,3.7056897
2022-07-04,3,Green_Algae,3.3072195,3.4190223
2022-07-05,3,Green_Algae,2.865286,2.8963459
2022-07-06,3,Green_Algae,2.9233165,2.7772586
2022-07-07,3,Green_Algae,2.1893845,3.093
2022-07-08,3,Green_Algae,1.9153528,2.5667288
2022-07-09,3,Green_Algae,2.0919194,2.752034
2022-07-10,3,Green_Algae,3.2985039,2.2481728
2022-07-11,3,Green_Algae,4.8211155,2.4128869
2022-07-12,3,Green_Algae,5.138985,2.6941204
2022-07-13,3,Green_Algae,5.002174,3.9838288
2022-07-14,3,Green_Algae,9.229062,4.608837
2022-07-15,3,Green_Algae,8.125591,4.5556626
2022-07-16,3,Green_Algae,7.02212,4.379169
2022-07-17,3,Green_Algae,5.9186487,6.344949
2022-07-18,3,Green_Algae,4.815178,5.755193
2022-07-19,3,Green_Algae,1.9387745,4.84968
2022-07-20,3,Green_Algae,1.5423076,4.8143377
2022-07-21,3,Green_Algae,0.75141406,3.6278498
2022-07-22,3,Green_Algae,0.29937363,1.9048786
2022-07-23,3,Green_Algae,1.4023521,2.3276951
2022-07-24,3,Green_Algae,4.171111,1.6751531
2022-07-25,3,Green_Algae,0.52041996,1.2129793
2022-07-26,3,Green_Algae,0.0809841,2.5462494
2022-07-27,3,Green_Algae,0.34602904,4.5033836
2022-07-28,3,Green_Algae,0.6430407,1.5353014
2022-07-29,3,Green_Algae,0.75374895,1.0520108
2022-07-30,3,Green_Algae,0.8893367,1.5920467
2022-07-31,3,Green_Algae,1.0249244,1.7257339
2022-08-01,3,Green_Algae,1.160512,1.7643639
2022-08-02,3,Green_Algae,1.2960997,1.8590716
2022-08-03,3,Green_Algae,1.4316874,1.9880415
2022-08-04,3,Green_Algae,1.5672749,2.1903932
2022-08-05,3,Green_Algae,1.7028626,2.3332863
2022-08-06,3,Green_Algae,1.8384502,2.5009794
2022-08-07,3,Green_Algae,1.9740379,2.2386267
2022-08-08,3,Green_Algae,2.1096256,2.4806836
2022-08-09,3,Green_Algae,2.2452133,2.638437
2022-08-10,3,Green_Algae,2.380801,2.8887465
2022-08-11,3,Green_Algae,2.5163884,2.9645417
2022-08-12,3,Green_Algae,2.651976,3.1577353
2022-08-13,3,Green_Algae,2.7875638,3.159007
2022-08-14,3,Green_Algae,2.9231515,3.060679
2022-08-15,3,Green_Algae,3.0587392,3.4136379
2022-08-16,3,Green_Algae,3.1943269,3.6519368
2022-08-17,3,Green_Algae,3.3299146,3.4173317
2022-08-18,3,Green_Algae,3.465502,3.3633275
2022-08-19,3,Green_Algae,3.6010897,3.510783
2022-08-20,3,Green_Algae,3.7366774,3.6263835
2022-08-21,3,Green_Algae,3.872265,3.7627127
2022-08-22,3,Green_Algae,4.0078526,3.724447
2022-08-23,3,Green_Algae,4.1434402,3.8479636
2022-08-24,3,Green_Algae,4.279028,3.8871932
2022-08-25,3,Green_Algae,4.4146156,4.088718
2022-08-26,3,Green_Algae,4.5502033,4.2315354
2022-08-27,3,Green_Algae,4.685791,4.298725
2022-08-28,3,Green_Algae,4.8213787,4.113996
2022-08-29,3,Green_Algae,4.9569664,4.238102
2022-08-30,3,Green_Algae,5.092554,4.237006
2022-08-31,3,Green_Algae,5.2281413,4.347669
2022-09-01,3,Green_Algae,5.3637295,4.567398
2022-09-02,3,Green_Algae,5.499317,4.801579
2022-09-03,3,Green_Algae,5.634905,4.690848
2022-09-04,3,Green_Algae,5.770492,4.257713
2022-09-05,3,Green_Algae,5.9060802,4.4194784
2022-09-06,3,Green_Algae,6.0416675,4.4954963
2022-09-07,3,Green_Algae,6.177255,4.5594645
2022-09-08,3,Green_Algae,6.312843,4.67077
2022-09-09,3,Green_Algae,6.4484305,4.977758
2022-09-10,3,Green_Algae,6.230826,4.864408
2022-09-11,3,Green_Algae,8.68992,4.79999
2022-09-12,3,Green_Algae,7.807916,4.81071
2022-09-13,3,Green_Algae,8.3521595,4.8804765
2022-09-14,3,Green_Algae,9.356362,5.8625393
2022-09-15,3,Green_Algae,7.107813,4.6367254
2022-09-16,3,Green_Algae,4.4031787,5.4889474
2022-09-17,3,Green_Algae,3.7508175,5.7888107
2022-09-18,3,Green_Algae,6.3141737,5.0796638
2022-09-19,3,Green_Algae,3.516343,3.453411
2022-09-20,3,Green_Algae,1.5800507,3.7794154
2022-09-21,3,Green_Algae,1.6696308,5.3625546
2022-09-22,3,Green_Algae,1.4959407,3.1352906
2022-09-23,3,Green_Algae,1.615673,1.8336031
2022-09-24,3,Green_Algae,2.0823896,2.3586357
2022-09-25,3,Green_Algae,1.5839247,2.408513
2022-09-26,3,Green_Algae,1.9809276,2.8143964
2022-09-27,3,Green_Algae,2.3091745,3.4326003
2022-09-28,3,Green_Algae,5.5527225,2.868522
2022-09-29,3,Green_Algae,6.6691623,2.9960644
2022-09-30,3,Green_Algae,7.104832,3.112938
2022-10-01,3,Green_Algae,2.6034105,4.9838614
2022-10-02,3,Green_Algae,3.3666306,4.709185
2022-10-03,3,Green_Algae,4.350832,4.675648
2022-10-04,3,Green_Algae,4.8073153,2.1038482
2022-10-05,3,Green_Algae,3.984971,3.214273
2022-10-06,3,Green_Algae,3.1910217,3.6773102
2022-10-07,3,Green_Algae,2.3935506,3.7524214
2022-10-08,3,Green_Algae,1.82,2.7165668
2022-10-09,3,Green_Algae,3.16779,2.6188986
2022-10-10,3,Green_Algae,3.305127,2.2678957
2022-10-11,3,Green_Algae,2.3630557,2.3504996
2022-10-12,3,Green_Algae,2.342739,3.143913
2022-10-13,3,Green_Algae,1.9473406,2.9865267
2022-10-14,3,Green_Algae,2.4178493,2.3300366
2022-10-15,3,Green_Algae,2.2874982,2.6308963
2022-10-16,3,Green_Algae,2.8773642,2.2933128
2022-10-17,3,Green_Algae,1.9032803,2.9085379
2022-10-18,3,Green_Algae,1.3671615,2.7590616
2022-10-19,3,Green_Algae,1.2281462,3.2721264
2022-10-20,3,Green_Algae,1.4357452,2.202641
2022-10-21,3,Green_Algae,1.8146449,1.9580373
2022-10-22,3,Green_Algae,5.2175727,1.8863003
2022-10-23,3,Green_Algae,1.6347319,2.2477622
2022-10-24,3,Green_Algae,1.3448409,2.1375353
2022-10-25,3,Green_Algae,0.8646165,4.7608023
2022-10-26,3,Green_Algae,0.7161304,1.8365934
2022-10-27,3,Green_Algae,0.8117439,1.7446356
2022-10-28,3,Green_Algae,0.9852315,1.4419593
2022-10-29,3,Green_Algae,0.7189863,1.2827829
2022-10-30,3,Green_Algae,0.74040526,1.4504979
2022-10-31,3,Green_Algae,0.3959189,1.6309761
2022-11-01,3,Green_Algae,0.45915672,1.510057
2022-11-02,3,Green_Algae,0.44663528,1.6573293
2022-11-03,3,Green_Algae,0.5711731,1.2796463
2022-11-04,3,Green_Algae,0.5187971,1.3100224
2022-11-05,3,Green_Algae,0.5168741,1.3531773
2022-11-06,3,Green_Algae,0.99285096,1.5087101
2022-11-07,3,Green_Algae,0.97021586,1.3131655
2022-11-08,3,Green_Algae,3.6827445,1.2833744
2022-11-09,3,Green_Algae,3.2042935,1.782772
2022-11-10,3,Green_Algae,2.6945007,1.4993882
2022-11-11,3,Green_Algae,5.053273,4.1392198
2022-11-12,3,Green_Algae,8.711579,3.197861
2022-11-13,3,Green_Algae,7.713145,2.4088047
2022-11-14,3,Green_Algae,5.1916933,4.387198
2022-11-15,3,Green_Algae,1.4670622,5.6726437
2022-11-16,3,Green_Algae,0.26871106,4.571055
2022-11-17,3,Green_Algae,0.32965964,3.4671907
2022-11-18,3,Green_Algae,0.4381694,1.5253603
2022-11-19,3,Green_Algae,1.021942,0.91514796
2022-11-20,3,Green_Algae,1.0667945,0.93504024
2022-11-21,3,Green_Algae,0.9796669,1.0715774
2022-11-22,3,Green_Algae,1.0705576,1.482747
2022-11-23,3,Green_Algae,1.2641643,1.1865764
2022-11-24,3,Green_Algae,0.9981404,1.2845906
2022-11-25,3,Green_Algae,0.8159957,1.3845932
2022-11-26,3,Green_Algae,1.3945585,1.5485432
2022-11-27,3,Green_Algae,1.6876014,1.2654008
2022-11-28,3,Green_Algae,1.396505,1.1801791
2022-11-29,3,Green_Algae,1.0866112,1.8069433
2022-11-30,3,Green_Algae,1.0804197,1.727632
2022-12-01,3,Green_Algae,1.0082923,1.7014086
2022-12-02,3,Green_Algae,1.1993546,1.5372765
2022-12-03,3,Green_Algae,1.0384793,1.6941695
2022-12-04,3,Green_Algae,0.9513034,1.6846523
2022-12-05,3,Green_Algae,1.4196737,1.753182
2022-12-06,3,Green_Algae,1.5062437,1.4744815
2022-12-07,3,Green_Algae,1.6673859,1.4053451
2022-12-08,3,Green_Algae,1.7725435,2.1448383
2022-12-09,3,Green_Algae,2.750798,1.7655886
2022-12-10,3,Green_Algae,2.2412164,2.1405632
2022-12-11,3,Green_Algae,0.4060463,2.2463694
2022-12-12,3,Green_Algae,0.160492,3.375604
2022-12-13,3,Green_Algae,0.2686097,2.285038
2022-12-14,3,Green_Algae,0.31757072,1.0916731
2022-12-15,3,Green_Algae,0.41242754,0.846999
2022-12-16,3,Green_Algae,0.2809631,0.8716477
2022-12-17,3,Green_Algae,0.4638523,0.9073389
2022-12-18,3,Green_Algae,0.48307028,0.94827914
2022-12-19,3,Green_Algae,0.52901447,0.9947693
2022-12-20,3,Green_Algae,0.41270813,0.9700324
2022-12-21,3,Green_Algae,0.39071897,0.9979685
2022-12-22,3,Green_Algae,0.43844205,0.9698428
2022-12-23,3,Green_Algae,0.27015212,0.9828291
2022-12-24,3,Green_Algae,0.26322237,1.0101573
2022-12-25,3,Green_Algae,0.29721218,1.0855209
2022-12-26,3,Green_Algae,0.25078148,0.93981767
2022-12-27,3,Green_Algae,0.21856004,0.9364442
2022-12-28,3,Green_Algae,0.15966643,0.95359534
2022-12-29,3,Green_Algae,0.24490596,0.91719747
2022-12-30,3,Green_Algae,0.20376809,0.8830518
2022-12-31,3,Green_Algae,0.2882681,0.8560925
2023-01-01,3,Green_Algae,0.09535451,0.9616429
2023-01-02,3,Green_Algae,0.071312584,0.95428455
2023-01-03,3,Green_Algae,0.036156602,1.0432853
2023-01-04,3,Green_Algae,3.252288,0.75293326
2023-01-05,3,Green_Algae,6.237046,0.8744468
2023-01-06,3,Green_Algae,9.221804,0.7537053
2023-01-07,3,Green_Algae,9.225964,3.7913136
2023-01-08,3,Green_Algae,9.2301235,6.280645
2023-01-09,3,Green_Algae,9.234284,6.467354
2023-01-10,3,Green_Algae,9.238444,6.440352
2023-01-11,3,Green_Algae,9.242605,5.5979605
2023-01-12,3,Green_Algae,8.008986,5.9180374
2023-01-13,3,Green_Algae,9.353083,5.258609
2023-01-14,3,Green_Algae,6.951903,5.2526073
2023-01-15,3,Green_Algae,3.9082983,4.9063473
2023-01-16,3,Green_Algae,3.8983636,5.573931
2023-01-17,3,Green_Algae,3.6625977,4.2665424
2023-01-18,3,Green_Algae,2.6919782,2.3123813
2023-01-19,3,Green_Algae,2.5106957,3.6710186
2023-01-20,3,Green_Algae,2.9152644,3.6326468
2023-01-21,3,Green_Algae,3.6604702,2.408477
2023-01-22,3,Green_Algae,7.30152,2.8583722
2023-01-23,3,Green_Algae,6.2374687,3.7373786
2023-01-24,3,Green_Algae,5.173418,4.074177
2023-01-25,3,Green_Algae,4.7855973,6.274996
2023-01-26,3,Green_Algae,4.944407,5.5519214
2023-01-27,3,Green_Algae,5.020905,2.7068567
2023-01-28,3,Green_Algae,4.1378713,3.699654
2023-01-29,3,Green_Algae,3.5290515,3.9562893
2023-01-30,3,Green_Algae,3.2179534,4.216468
2023-01-31,3,Green_Algae,5.3130965,3.075716
2023-02-01,3,Green_Algae,7.0447626,3.615454
2023-02-02,3,Green_Algae,9.122445,3.1415884
2023-02-03,3,Green_Algae,6.014926,4.957414
2023-02-04,3,Green_Algae,5.961019,5.5846467
2023-02-05,3,Green_Algae,5.907112,5.812301
2023-02-06,3,Green_Algae,5.853205,3.951136
2023-02-07,3,Green_Algae,8.160051,4.7806644
2023-02-08,3,Green_Algae,7.2787995,4.871671
2023-02-09,3,Green_Algae,6.3975487,4.962412
2023-02-10,3,Green_Algae,1.4237877,5.8722215
2023-02-11,3,Green_Algae,1.1469333,5.031871
2023-02-12,3,Green_Algae,0.77981836,4.0318723
2023-02-13,3,Green_Algae,0.90640306,1.3939596
2023-02-14,3,Green_Algae,0.18429561,1.6923226
2023-02-15,3,Green_Algae,0.09019138,1.1023068
2023-02-16,3,Green_Algae,0.06921226,1.2822562
2023-02-17,3,Green_Algae,0.09716904,0.671441
2023-02-18,3,Green_Algae,0.5358182,0.57960284
2023-02-19,3,Green_Algae,0.73984677,0.5357866
2023-02-20,3,Green_Algae,0.9485524,0.55094045
2023-02-21,3,Green_Algae,0.88800627,0.8757591
2023-02-22,3,Green_Algae,0.77299947,0.92299217
2023-02-23,3,Green_Algae,0.8697355,1.0942218
2023-02-24,3,Green_Algae,0.9345164,0.96314585
2023-02-25,3,Green_Algae,0.5437155,1.111009
2023-02-26,3,Green_Algae,0.35603827,1.254931
2023-02-27,3,Green_Algae,0.2848945,1.2048514
2023-02-28,3,Green_Algae,0.9269008,0.87692904
2023-03-01,3,Green_Algae,1.0543281,0.78029895
2023-03-02,3,Green_Algae,0.82646257,0.76950806
2023-03-03,3,Green_Algae,0.41406226,1.4294823
2023-03-04,3,Green_Algae,0.43284735,1.1839457
2023-03-05,3,Green_Algae,0.34657025,1.0251586
2023-03-06,3,Green_Algae,0.24229686,0.8521419
2023-03-07,3,Green_Algae,0.28762135,0.93575245
2023-03-08,3,Green_Algae,0.23873465,0.83711267
2023-03-09,3,Green_Algae,0.20506701,0.7964673
2023-03-10,3,Green_Algae,0.12347253,0.8319835
2023-03-11,3,Green_Algae,0.08151744,0.74239194
2023-03-12,3,Green_Algae,0.14753455,0.7728878
2023-03-13,3,Green_Algae,0.08237493,0.7326128
2023-03-14,3,Green_Algae,0.036238365,0.71814823
2023-03-15,3,Green_Algae,0.1186852,0.77548736
2023-03-16,3,Green_Algae,0.17207983,0.86869746
2023-03-17,3,Green_Algae,0.24798092,0.68649507
2023-03-18,3,Green_Algae,0.23571466,0.7690875
2023-03-19,3,Green_Algae,0.16183792,0.7996762
2023-03-20,3,Green_Algae,0.40782675,0.82149506
2023-03-21,3,Green_Algae,0.101640604,0.8308222
2023-03-22,3,Green_Algae,0.5060475,0.78457093
2023-03-23,3,Green_Algae,2.69248,1.0544665
2023-03-24,3,Green_Algae,1.9497765,0.7577962
2023-03-25,3,Green_Algae,1.3316832,1.4244808
2023-03-26,3,Green_Algae,2.578498,3.874409
2023-03-27,3,Green_Algae,2.0630136,2.2120461
2023-03-28,3,Green_Algae,1.7380223,1.2748344
2023-03-29,3,Green_Algae,1.37283,2.018533
2023-03-30,3,Green_Algae,1.1725881,1.4249799
2023-03-31,3,Green_Algae,0.9683462,1.2983524
2023-04-01,3,Green_Algae,0.71395975,1.3407785
2023-04-02,3,Green_Algae,0.683174,1.233823
2023-04-03,3,Green_Algae,0.75986,1.20501
2023-04-04,3,Green_Algae,0.6773602,1.1582139
2023-04-05,3,Green_Algae,1.834648,1.1738626
2023-04-06,3,Green_Algae,4.089308,1.3885398
2023-04-07,3,Green_Algae,2.2397137,1.1872021
2023-04-08,3,Green_Algae,1.7206718,1.9488084
2023-04-09,3,Green_Algae,1.4219851,3.0217218
2023-04-10,3,Green_Algae,1.2250155,1.7735893
2023-04-11,3,Green_Algae,0.8648579,1.6517475
2023-04-12,3,Green_Algae,0.56595254,1.3042475
2023-04-13,3,Green_Algae,0.50567454,1.2283176
2023-04-14,3,Green_Algae,0.66647476,1.0608354
2023-04-15,3,Green_Algae,1.0466163,0.9986143
2023-04-16,3,Green_Algae,1.2097328,1.1975145
2023-04-17,3,Green_Algae,2.6901345,1.2800531
2023-04-18,3,Green_Algae,2.477803,1.5545452
2023-04-19,3,Green_Algae,2.09581,1.6057584
2023-04-20,3,Green_Algae,1.6294928,3.6541758
2023-04-21,3,Green_Algae,1.3932893,2.9738777
2023-04-22,3,Green_Algae,0.9884703,2.0382779
2023-04-23,3,Green_Algae,0.9850644,1.9920456
2023-04-24,3,Green_Algae,1.0676374,1.8864652
2023-04-25,3,Green_Algae,1.3244078,1.4833428
2023-04-26,3,Green_Algae,0.6416333,1.4970335
2023-04-27,3,Green_Algae,0.27814546,1.3894037
2023-04-28,3,Green_Algae,1.3145058,1.9231327
2023-04-29,3,Green_Algae,3.2526584,1.1925889
2023-04-30,3,Green_Algae,3.1499057,0.9510052
2023-05-01,3,Green_Algae,1.6380941,1.9506146
2023-05-02,3,Green_Algae,4.1922054,3.63043
2023-05-03,3,Green_Algae,5.529419,2.7895646
2023-05-04,3,Green_Algae,6.2632565,1.5674553
2023-05-05,3,Green_Algae,6.8380823,4.1135025
2023-05-06,3,Green_Algae,7.412908,4.9605875
2023-05-07,3,Green_Algae,4.079104,5.4364243
2023-05-08,3,Green_Algae,2.2593377,6.422514
2023-05-09,3,Green_Algae,1.9581879,5.798373
2023-05-10,3,Green_Algae,2.4479287,2.1540377
2023-05-11,3,Green_Algae,2.7059772,1.9785751
2023-05-12,3,Green_Algae,2.3598123,2.1682205
2023-05-13,3,Green_Algae,1.7751207,2.1687138
2023-05-14,3,Green_Algae,1.2882135,2.1733975
2023-05-15,3,Green_Algae,1.0123258,1.7465101
2023-05-16,3,Green_Algae,1.0217282,1.3300644
2023-05-17,3,Green_Algae,0.8613485,1.1486045
2023-05-18,3,Green_Algae,1.1611063,1.1504108
2023-05-19,3,Green_Algae,0.9660143,1.282501
2023-05-20,3,Green_Algae,0.79129213,1.1037356
2023-05-21,3,Green_Algae,1.006314,1.5064752
2023-05-22,3,Green_Algae,0.55901504,1.257003
2023-05-23,3,Green_Algae,0.46997598,1.1816567
2023-05-24,3,Green_Algae,0.31273833,1.4673419
2023-05-25,3,Green_Algae,0.29093453,0.99484473
2023-05-26,3,Green_Algae,0.25067583,1.0151808
2023-05-27,3,Green_Algae,0.42133546,0.8598767
2023-05-28,3,Green_Algae,1.3887391,0.81603366
2023-05-29,3,Green_Algae,2.5463135,0.76464915
2023-05-30,3,Green_Algae,2.2533908,0.9363343
2023-05-31,3,Green_Algae,3.1068542,1.8878555
2023-06-01,3,Green_Algae,2.7869723,2.7874687
2023-06-02,3,Green_Algae,2.4034996,2.0628166
2023-06-03,3,Green_Algae,1.0539821,3.5084658
2023-06-04,3,Green_Algae,0.93468004,2.5498643
2023-06-05,3,Green_Algae,0.4879697,2.068957
2023-06-06,3,Green_Algae,0.8998942,1.1694881
2023-06-07,3,Green_Algae,1.3108021,1.1256536
2023-06-08,3,Green_Algae,1.019688,0.85393524
2023-06-09,3,Green_Algae,0.46447587,1.2666823
2023-06-10,3,Green_Algae,0.49861857,1.4451596
2023-06-11,3,Green_Algae,0.61284125,1.2751974
2023-06-12,3,Green_Algae,0.6797172,0.8895035
2023-06-13,3,Green_Algae,0.7083528,0.9283142
2023-06-14,3,Green_Algae,0.35401052,0.97505856
2023-06-15,3,Green_Algae,0.41286027,1.0066488
2023-06-16,3,Green_Algae,0.2804898,1.0325
2023-06-17,3,Green_Algae,0.2304269,0.76442415
2023-06-18,3,Green_Algae,0.5143521,0.8444198
2023-06-19,3,Green_Algae,0.5725395,0.72459424
2023-06-20,3,Green_Algae,1.4189571,0.6934126
2023-06-21,3,Green_Algae,3.0382833,0.98541635
2023-06-22,3,Green_Algae,3.1065986,0.98040134
2023-06-23,3,Green_Algae,1.9374653,1.7174352
2023-06-24,3,Green_Algae,1.1924785,3.1155632
2023-06-25,3,Green_Algae,1.0128819,3.1441312
2023-06-26,3,Green_Algae,1.2879117,1.9559724
2023-06-27,3,Green_Algae,1.1464972,1.6711578
2023-06-28,3,Green_Algae,4.1690407,1.6194819
2023-06-29,3,Green_Algae,5.1483574,1.7241919
2023-06-30,3,Green_Algae,4.417229,1.5319709
2023-07-01,3,Green_Algae,3.0753262,4.452154
2023-07-02,3,Green_Algae,2.3679974,4.966646
2023-07-03,3,Green_Algae,3.1175823,3.9139237
2023-07-04,3,Green_Algae,5.006934,3.2472155
2023-07-05,3,Green_Algae,6.813222,2.7710366
2023-07-06,3,Green_Algae,7.1008797,3.8612137
2023-07-07,3,Green_Algae,7.8447523,4.917506
2023-07-08,3,Green_Algae,7.1713324,5.502262
2023-07-09,3,Green_Algae,7.92671,5.6530476
2023-07-10,3,Green_Algae,7.4939637,5.917587
2023-07-11,3,Green_Algae,5.54597,5.9771595
2023-07-12,3,Green_Algae,4.022008,5.6581044
2023-07-13,3,Green_Algae,3.7216525,5.2350144
2023-07-14,3,Green_Algae,2.7944505,4.0421634
2023-07-15,3,Green_Algae,2.0034344,4.1761265
2023-07-16,3,Green_Algae,1.4967204,3.9773135
2023-07-17,3,Green_Algae,1.3990573,3.7362401
2023-07-18,3,Green_Algae,1.0275207,2.8267486
2023-07-19,3,Green_Algae,1.0186292,2.5846477
2023-07-20,3,Green_Algae,1.734702,2.6695683
2023-07-21,3,Green_Algae,3.5428689,2.1668324
2023-07-22,3,Green_Algae,8.218171,2.3326118
2023-07-23,3,Green_Algae,8.601586,3.4524586
2023-07-24,3,Green_Algae,9.032261,4.2882814
2023-07-25,3,Green_Algae,8.793951,5.4837613
2023-07-26,3,Green_Algae,6.349499,6.0025277
2023-07-27,3,Green_Algae,4.783891,5.423848
2023-07-28,3,Green_Algae,2.371833,5.150673
2023-07-29,3,Green_Algae,1.8697046,4.093078
2023-07-30,3,Green_Algae,2.1430004,3.9308712
2023-07-31,3,Green_Algae,2.687552,2.3562455
2023-08-01,3,Green_Algae,2.8441966,2.6916733
2023-08-02,3,Green_Algae,3.3121603,3.0171473
2023-08-03,3,Green_Algae,4.9291377,3.1417353
2023-08-04,3,Green_Algae,5.591187,3.8080761
2023-08-05,3,Green_Algae,8.544591,4.4526224
2023-08-06,3,Green_Algae,8.778641,5.302732
2023-08-07,3,Green_Algae,9.01269,5.247509
2023-08-08,3,Green_Algae,9.246739,5.96329
2023-08-09,3,Green_Algae,6.3150916,5.5550585
2023-08-10,3,Green_Algae,5.0038095,5.111699
2023-08-11,3,Green_Algae,3.3346193,5.2157364
2023-08-12,3,Green_Algae,2.5525656,5.0651836
2023-08-13,3,Green_Algae,3.0647385,3.8090081
2023-08-14,3,Green_Algae,5.879216,3.6903849
2023-08-15,3,Green_Algae,6.031285,3.0863836
2023-08-16,3,Green_Algae,4.687024,4.1711783
2023-08-17,3,Green_Algae,1.2427475,5.2429442
2023-08-18,3,Green_Algae,0.8998853,4.5675654
2023-08-19,3,Green_Algae,0.66447395,2.8659804
2023-08-20,3,Green_Algae,0.51328796,1.3317981
2023-08-21,3,Green_Algae,0.45516005,1.3288312
2023-08-22,3,Green_Algae,0.3003116,1.0290788
2023-08-23,3,Green_Algae,0.28055164,0.94118285
2023-08-24,3,Green_Algae,0.2979189,0.82274944
2023-08-25,3,Green_Algae,0.2403409,0.68280244
2023-08-26,3,Green_Algae,0.44934124,0.76918256
2023-08-27,3,Green_Algae,0.41253313,0.6813221
2023-08-28,3,Green_Algae,0.5238057,0.7518618
2023-08-29,3,Green_Algae,1.458634,0.78459525
2023-08-30,3,Green_Algae,0.76870924,0.8224592
2023-08-31,3,Green_Algae,1.4702122,0.77459496
2023-09-01,3,Green_Algae,0.9918718,1.1758119
2023-09-02,3,Green_Algae,0.91562474,0.9275641
2023-09-03,3,Green_Algae,0.70573056,1.2256463
2023-09-04,3,Green_Algae,0.6742999,0.9874847
2023-09-05,3,Green_Algae,1.3842525,1.0013521
2023-09-06,3,Green_Algae,4.9435377,0.92910135
2023-09-07,3,Green_Algae,3.897788,0.8977666
2023-09-08,3,Green_Algae,1.5145657,0.99985874
2023-09-09,3,Green_Algae,0.6406925,2.38498
2023-09-10,3,Green_Algae,0.33638895,1.6524997
2023-09-11,3,Green_Algae,0.10094779,1.0558583
2023-09-12,3,Green_Algae,0.09816431,0.83759487
2023-09-13,3,Green_Algae,0.2952668,0.7799569
2023-09-14,3,Green_Algae,0.7073095,0.6309544
2023-09-15,3,Green_Algae,1.220801,0.6557858
2023-09-16,3,Green_Algae,0.82873017,0.67264676
2023-09-17,3,Green_Algae,0.7083514,0.97755414
2023-09-18,3,Green_Algae,1.3472247,1.3504822
2023-09-19,3,Green_Algae,1.9606476,1.0481422
2023-09-20,3,Green_Algae,3.1551094,1.0450417
2023-09-21,3,Green_Algae,4.03383,1.5586474
2023-09-22,3,Green_Algae,3.11515,1.8510233
2023-09-23,3,Green_Algae,3.0413108,3.356726
2023-09-24,3,Green_Algae,3.025897,3.5770006
2023-09-25,3,Green_Algae,2.150364,2.9802861
2023-09-26,3,Green_Algae,2.4681423,3.2494175
2023-09-27,3,Green_Algae,2.4991379,3.075997
2023-09-28,3,Green_Algae,2.2806215,2.4113464
2023-09-29,3,Green_Algae,1.9233941,2.793969
2023-09-30,3,Green_Algae,1.7363886,2.4640658
2023-10-01,3,Green_Algae,2.0806055,2.3326542
2023-10-02,3,Green_Algae,1.3755308,2.1725328
2023-10-03,3,Green_Algae,1.3721676,1.8439844
2023-10-04,3,Green_Algae,1.5986129,2.202697
2023-10-05,3,Green_Algae,1.1944014,1.5735464
2023-10-06,3,Green_Algae,0.4352867,1.4421979
2023-10-07,3,Green_Algae,0.038954273,1.6009214
2023-10-08,3,Green_Algae,0.005254514,1.2093122
2023-10-09,3,Green_Algae,0.00022059257,0.77564913
2023-10-10,3,Green_Algae,0.07396206,0.57526016
2023-10-11,3,Green_Algae,0.0044502877,0.54155254
2023-10-12,3,Green_Algae,0.21425903,0.5816928
2023-10-13,3,Green_Algae,0.4240678,0.60096294
2023-10-14,3,Green_Algae,1.2040071,0.56008387
2023-10-15,3,Green_Algae,1.538577,0.76901907
2023-10-16,3,Green_Algae,0.91931796,0.84528184
2023-10-17,3,Green_Algae,0.49678364,1.4957339
2023-10-18,3,Green_Algae,0.27720237,1.6131728
2023-10-19,3,Green_Algae,0.060109414,1.00725
2023-10-20,3,Green_Algae,0.0003220112,0.8601199
2023-10-21,3,Green_Algae,0.0012375681,0.648792
2023-10-22,3,Green_Algae,0.0032772026,0.48229256
2023-10-23,3,Green_Algae,0.0053168214,0.44304928
2023-10-24,3,Green_Algae,0.0073564914,0.3718402
2023-10-25,3,Green_Algae,0.009396112,0.37765098
2023-10-26,3,Green_Algae,0.01143575,0.3706813
2023-10-27,3,Green_Algae,0.00014706633,0.3671504
2023-10-28,3,Green_Algae,0.00014947286,0.36950573
2023-10-29,3,Green_Algae,0.00015179641,0.34657046
2023-10-30,3,Green_Algae,0.0036961709,0.3223321
2023-10-31,3,Green_Algae,5.8028803e-05,0.34283626
2023-11-01,3,Green_Algae,0.005072786,0.37578654
2023-11-02,3,Green_Algae,0.009415459,0.40308934
2023-11-03,3,Green_Algae,0.23354869,0.41330266
2023-11-04,3,Green_Algae,0.19017506,0.4410473
2023-11-05,3,Green_Algae,0.29466212,0.40760484
2023-11-06,3,Green_Algae,0.52662814,0.52677417
2023-11-07,3,Green_Algae,0.14937869,0.528507
2023-11-08,3,Green_Algae,0.051346254,0.630082
2023-11-09,3,Green_Algae,0.0022525839,0.6516091
2023-11-10,3,Green_Algae,0.0037495536,0.5163057
2023-11-11,3,Green_Algae,0.00026789785,0.50301766
2023-11-12,3,Green_Algae,0.00030059792,0.5029406
2023-11-13,3,Green_Algae,0.00033329905,0.540693
2023-11-14,3,Green_Algae,0.014367214,0.5271587
2023-11-15,3,Green_Algae,0.03973635,0.6065237
2023-11-16,3,Green_Algae,0.08579548,0.55758464
2023-11-17,3,Green_Algae,0.023645498,0.63112813
2023-11-18,3,Green_Algae,0.012744074,0.6226601
2023-11-19,3,Green_Algae,0.013970377,0.6467851
2023-11-20,3,Green_Algae,0.045104496,0.6180864
2023-11-21,3,Green_Algae,0.14602937,0.6725936
2023-11-22,3,Green_Algae,0.18774286,0.55711395
2023-11-23,3,Green_Algae,0.12678686,0.5974069
2023-11-24,3,Green_Algae,0.06583095,0.55166173
2023-11-25,3,Green_Algae,0.0048749987,0.55720216
2023-11-26,3,Green_Algae,0.01300342,0.60416037
2023-11-27,3,Green_Algae,0.0009985091,0.5354187
2023-11-28,3,Green_Algae,0.3965642,0.5173005
2023-11-29,3,Green_Algae,0.7921298,0.53480107
2023-11-30,3,Green_Algae,1.1876955,0.5647388
2023-12-01,3,Green_Algae,0.5417547,0.77712214
2023-12-02,3,Green_Algae,0.28317368,1.1470054
2023-12-03,3,Green_Algae,0.26998764,1.2638105
2023-12-04,3,Green_Algae,0.041641086,0.692748
2023-12-05,3,Green_Algae,0.007523836,0.5995294
2023-12-06,3,Green_Algae,0.0014946325,0.6102108
2023-12-07,3,Green_Algae,0.051200677,0.5014053
2023-12-08,3,Green_Algae,0.031184377,0.5170241
2023-12-09,3,Green_Algae,0.320014,0.45073166
2023-12-10,3,Green_Algae,0.19122079,0.5071634
2023-12-11,3,Green_Algae,0.9545549,0.48149383
2023-12-12,3,Green_Algae,2.0166812,0.7381546
2023-12-13,3,Green_Algae,1.8324066,0.5958093
2023-12-14,3,Green_Algae,1.3901647,1.3548706
2023-12-15,3,Green_Algae,2.1495306,2.2385771
2023-12-16,3,Green_Algae,1.2279633,1.4412841
2023-12-17,3,Green_Algae,0.5186076,1.2211962
2023-12-18,3,Green_Algae,0.2195702,1.4618019
2023-12-19,3,Green_Algae,0.2801519,1.0382805
2023-12-20,3,Green_Algae,0.20370297,0.6975719
2023-12-21,3,Green_Algae,0.061779305,0.6342814
2023-12-22,3,Green_Algae,0.047017764,0.7033738
2023-12-23,3,Green_Algae,0.0322563,0.5746687
2023-12-24,3,Green_Algae,0.017494831,0.5485918
2023-12-25,3,Green_Algae,0.0027333545,0.5664357
2023-12-26,3,Green_Algae,0.0019698853,0.54981714
2023-12-27,3,Green_Algae,1.632065,0.54374635
2023-12-28,3,Green_Algae,2.6889994,0.5308521
2023-12-29,3,Green_Algae,2.2090032,0.52557653
