date,horizon,target,true_value,pred_value
2020-10-28,1,Green_Algae,8.1705065,4.9027395
2020-10-29,1,Green_Algae,11.725673,6.959136
2020-10-30,1,Green_Algae,12.17853,9.401788
2020-10-31,1,Green_Algae,6.110087,10.484229
2020-11-01,1,Green_Algae,7.4780245,5.6556697
2020-11-02,1,Green_Algae,7.0332804,7.200064
2020-11-03,1,Green_Algae,4.4513035,6.9214125
2020-11-04,1,Green_Algae,4.2465425,4.603061
2020-11-05,1,Green_Algae,3.1390948,4.4166946
2020-11-06,1,Green_Algae,4.8471107,3.581482
2020-11-07,1,Green_Algae,8.74932,5.2040596
2020-11-08,1,Green_Algae,3.445326,8.263824
2020-11-09,1,Green_Algae,2.8215373,3.7236707
2020-11-10,1,Green_Algae,2.7152398,3.1554036
2020-11-11,1,Green_Algae,2.8748477,2.990011
2020-11-12,1,Green_Algae,2.8452773,3.2514427
2020-11-13,1,Green_Algae,3.2272646,3.3745606
2020-11-14,1,Green_Algae,4.012611,3.611298
2020-11-15,1,Green_Algae,3.7066593,4.002897
2020-11-16,1,Green_Algae,7.032859,4.236965
2020-11-17,1,Green_Algae,7.8307257,6.720966
2020-11-18,1,Green_Algae,7.7718787,7.3270717
2020-11-19,1,Green_Algae,8.549044,6.982293
2020-11-20,1,Green_Algae,9.32621,8.665545
2020-11-21,1,Green_Algae,7.3450155,8.310565
2020-11-22,1,Green_Algae,8.40237,7.404688
2020-11-23,1,Green_Algae,5.0805078,8.007046
2020-11-24,1,Green_Algae,4.5977955,5.505569
2020-11-25,1,Green_Algae,4.178378,4.710362
2020-11-26,1,Green_Algae,8.567597,4.2988358
2020-11-27,1,Green_Algae,5.6399274,7.8110414
2020-11-28,1,Green_Algae,4.2971926,5.4180274
2020-11-29,1,Green_Algae,4.177417,4.156686
2020-11-30,1,Green_Algae,2.1808684,4.2645082
2020-12-01,1,Green_Algae,2.1362128,2.2162652
2020-12-02,1,Green_Algae,2.365832,2.0182865
2020-12-03,1,Green_Algae,1.8928292,2.356958
2020-12-04,1,Green_Algae,2.1390448,2.0458198
2020-12-05,1,Green_Algae,1.6092981,2.0215416
2020-12-06,1,Green_Algae,1.7672431,1.7799578
2020-12-07,1,Green_Algae,2.0092976,1.7562196
2020-12-08,1,Green_Algae,2.0687907,2.133953
2020-12-09,1,Green_Algae,2.93475,2.018147
2020-12-10,1,Green_Algae,2.2710211,3.2584937
2020-12-11,1,Green_Algae,1.7623245,2.6964273
2020-12-12,1,Green_Algae,3.7399058,1.8578641
2020-12-13,1,Green_Algae,7.407639,3.4718704
2020-12-14,1,Green_Algae,1.9868814,7.842926
2020-12-15,1,Green_Algae,1.3638422,2.0483327
2020-12-16,1,Green_Algae,1.3426266,1.5165833
2020-12-17,1,Green_Algae,1.2532657,1.5430013
2020-12-18,1,Green_Algae,1.2750503,1.6648904
2020-12-19,1,Green_Algae,1.6216208,1.6086493
2020-12-20,1,Green_Algae,2.156505,2.031177
2020-12-21,1,Green_Algae,1.9927878,2.7130764
2020-12-22,1,Green_Algae,1.9692179,2.7639196
2020-12-23,1,Green_Algae,2.3798406,2.7629418
2020-12-24,1,Green_Algae,3.1014483,3.8040433
2020-12-25,1,Green_Algae,2.8246055,3.7863524
2020-12-26,1,Green_Algae,2.7126286,3.3487642
2020-12-27,1,Green_Algae,3.4823534,3.6017447
2020-12-28,1,Green_Algae,8.607523,4.5144873
2020-12-29,1,Green_Algae,8.2660055,9.809475
2020-12-30,1,Green_Algae,7.924486,9.545522
2020-12-31,1,Green_Algae,6.428473,6.942976
2021-01-01,1,Green_Algae,2.98945,7.1218977
2021-01-02,1,Green_Algae,1.3053657,3.3161697
2021-01-03,1,Green_Algae,1.2917366,1.9482749
2021-01-04,1,Green_Algae,1.1487111,1.9593538
2021-01-05,1,Green_Algae,1.2107966,1.9976029
2021-01-06,1,Green_Algae,1.9978639,1.9955376
2021-01-07,1,Green_Algae,3.2746053,2.94545
2021-01-08,1,Green_Algae,1.283966,3.8990932
2021-01-09,1,Green_Algae,1.3706295,1.791127
2021-01-10,1,Green_Algae,0.95188135,1.5810095
2021-01-11,1,Green_Algae,1.2131643,1.4245561
2021-01-12,1,Green_Algae,2.0453835,1.5299253
2021-01-13,1,Green_Algae,2.094508,2.309597
2021-01-14,1,Green_Algae,2.0917065,2.6494396
2021-01-15,1,Green_Algae,1.7256553,2.830937
2021-01-16,1,Green_Algae,2.0362563,2.659203
2021-01-17,1,Green_Algae,3.533249,2.9306388
2021-01-18,1,Green_Algae,3.6137555,3.4599006
2021-01-19,1,Green_Algae,3.1941895,3.5814192
2021-01-20,1,Green_Algae,4.403502,3.666407
2021-01-21,1,Green_Algae,5.758683,6.110616
2021-01-22,1,Green_Algae,6.35937,7.408109
2021-01-23,1,Green_Algae,8.876309,7.5343027
2021-01-24,1,Green_Algae,5.43191,8.691948
2021-01-25,1,Green_Algae,6.235949,6.6173964
2021-01-26,1,Green_Algae,6.5830173,7.774887
2021-01-27,1,Green_Algae,7.649797,7.0442514
2021-01-28,1,Green_Algae,5.225948,8.121582
2021-01-29,1,Green_Algae,7.1872573,6.26561
2021-01-30,1,Green_Algae,7.827323,7.0182047
2021-01-31,1,Green_Algae,6.1937,7.395532
2021-02-01,1,Green_Algae,5.721615,6.9488063
2021-02-02,1,Green_Algae,5.1455975,7.1761384
2021-02-03,1,Green_Algae,4.142368,6.3943706
2021-02-04,1,Green_Algae,4.6842937,5.376721
2021-02-05,1,Green_Algae,4.7972736,6.2617674
2021-02-06,1,Green_Algae,4.5424547,6.6902323
2021-02-07,1,Green_Algae,4.4105067,6.385974
2021-02-08,1,Green_Algae,4.6066475,5.8867455
2021-02-09,1,Green_Algae,5.280211,6.074237
2021-02-10,1,Green_Algae,7.288978,6.556214
2021-02-11,1,Green_Algae,4.65887,7.0990977
2021-02-12,1,Green_Algae,3.413034,5.060786
2021-02-13,1,Green_Algae,8.17764,4.8262362
2021-02-14,1,Green_Algae,5.1429377,9.022978
2021-02-15,1,Green_Algae,4.1539435,6.8669252
2021-02-16,1,Green_Algae,4.581317,5.6465635
2021-02-17,1,Green_Algae,4.9817367,6.1341567
2021-02-18,1,Green_Algae,3.35322,5.8686676
2021-02-19,1,Green_Algae,4.2448187,4.4279685
2021-02-20,1,Green_Algae,4.0317235,5.4970136
2021-02-21,1,Green_Algae,4.087482,4.881917
2021-02-22,1,Green_Algae,3.9634469,5.1939216
2021-02-23,1,Green_Algae,4.5633674,4.792888
2021-02-24,1,Green_Algae,4.220355,4.8695755
2021-02-25,1,Green_Algae,5.1449275,4.5309443
2021-02-26,1,Green_Algae,5.1236477,5.449668
2021-02-27,1,Green_Algae,4.096351,5.5127134
2021-02-28,1,Green_Algae,3.4184105,4.4358425
2021-03-01,1,Green_Algae,2.6066442,3.9467046
2021-03-02,1,Green_Algae,2.469205,2.778206
2021-03-03,1,Green_Algae,3.3989074,2.675779
2021-03-04,1,Green_Algae,2.2061434,3.8151882
2021-03-05,1,Green_Algae,0.93730825,2.4980798
2021-03-06,1,Green_Algae,0.17130968,1.2689885
2021-03-07,1,Green_Algae,0.21163534,0.6252605
2021-03-08,1,Green_Algae,0.51324403,0.49571103
2021-03-09,1,Green_Algae,0.7416932,0.9351473
2021-03-10,1,Green_Algae,1.1518161,1.3508334
2021-03-11,1,Green_Algae,3.0430608,2.134833
2021-03-12,1,Green_Algae,5.624233,4.5471716
2021-03-13,1,Green_Algae,9.781874,7.3480425
2021-03-14,1,Green_Algae,6.138524,10.128593
2021-03-15,1,Green_Algae,5.632489,6.433469
2021-03-16,1,Green_Algae,4.6865773,6.0889115
2021-03-17,1,Green_Algae,4.3283215,5.0438824
2021-03-18,1,Green_Algae,3.7387772,3.9101708
2021-03-19,1,Green_Algae,2.8026774,3.594875
2021-03-20,1,Green_Algae,3.1857598,2.884717
2021-03-21,1,Green_Algae,2.456903,2.8973067
2021-03-22,1,Green_Algae,0.9018451,2.32919
2021-03-23,1,Green_Algae,0.6790297,1.61908
2021-03-24,1,Green_Algae,1.005638,1.2953749
2021-03-25,1,Green_Algae,0.83578366,1.4131297
2021-03-26,1,Green_Algae,1.0689725,1.4734751
2021-03-27,1,Green_Algae,1.7590731,1.8167986
2021-03-28,1,Green_Algae,4.083432,2.7894073
2021-03-29,1,Green_Algae,7.1401954,5.154332
2021-03-30,1,Green_Algae,10.209595,8.640312
2021-03-31,1,Green_Algae,10.649694,10.493289
2021-04-01,1,Green_Algae,9.618863,10.073671
2021-04-02,1,Green_Algae,9.679638,7.8701496
2021-04-03,1,Green_Algae,8.492021,6.589489
2021-04-04,1,Green_Algae,5.522469,6.413759
2021-04-05,1,Green_Algae,3.8875976,4.6116915
2021-04-06,1,Green_Algae,3.7225616,3.6242375
2021-04-07,1,Green_Algae,4.1317596,3.5551677
2021-04-08,1,Green_Algae,3.7241824,3.8692055
2021-04-09,1,Green_Algae,2.9264905,3.55285
2021-04-10,1,Green_Algae,3.0117583,3.3630993
2021-04-11,1,Green_Algae,3.7558973,3.5859642
2021-04-12,1,Green_Algae,7.548631,4.4414086
2021-04-13,1,Green_Algae,8.276589,7.9373016
2021-04-14,1,Green_Algae,7.5179367,9.085097
2021-04-15,1,Green_Algae,7.9862165,8.470074
2021-04-16,1,Green_Algae,8.454495,8.059895
2021-04-17,1,Green_Algae,10.411622,8.27757
2021-04-18,1,Green_Algae,8.3863945,10.317336
2021-04-19,1,Green_Algae,7.374504,7.7046437
2021-04-20,1,Green_Algae,7.4743953,7.039973
2021-04-21,1,Green_Algae,7.563512,6.8456926
2021-04-22,1,Green_Algae,9.42714,7.20261
2021-04-23,1,Green_Algae,9.938813,8.937849
2021-04-24,1,Green_Algae,9.186256,10.021472
2021-04-25,1,Green_Algae,13.211926,9.985899
2021-04-26,1,Green_Algae,11.542995,10.578106
2021-04-27,1,Green_Algae,8.482055,8.116239
2021-04-28,1,Green_Algae,4.98898,6.468707
2021-04-29,1,Green_Algae,3.1451302,4.3720684
2021-04-30,1,Green_Algae,3.3468668,3.7698176
2021-05-01,1,Green_Algae,8.648813,3.5685983
2021-05-02,1,Green_Algae,10.776056,6.9471116
2021-05-03,1,Green_Algae,10.448346,8.5722885
2021-05-04,1,Green_Algae,5.103333,9.240548
2021-05-05,1,Green_Algae,5.319554,5.6688204
2021-05-06,1,Green_Algae,6.643535,5.9709787
2021-05-07,1,Green_Algae,6.72064,7.1066303
2021-05-08,1,Green_Algae,10.374625,6.851794
2021-05-09,1,Green_Algae,12.880029,9.279916
2021-05-10,1,Green_Algae,9.980102,11.468485
2021-05-11,1,Green_Algae,10.452174,9.477036
2021-05-12,1,Green_Algae,10.924248,11.264454
2021-05-13,1,Green_Algae,11.39632,11.870249
2021-05-14,1,Green_Algae,11.868393,14.30993
2021-05-15,1,Green_Algae,10.393691,10.443329
2021-05-16,1,Green_Algae,7.7878942,9.238211
2021-05-17,1,Green_Algae,7.7099423,7.57016
2021-05-18,1,Green_Algae,7.9545946,7.6461606
2021-05-19,1,Green_Algae,6.14866,8.205674
2021-05-20,1,Green_Algae,6.4745946,6.330297
2021-05-21,1,Green_Algae,6.249631,6.8523984
2021-05-22,1,Green_Algae,9.313534,6.528852
2021-05-23,1,Green_Algae,8.771644,8.072531
2021-05-24,1,Green_Algae,12.235818,7.2134395
2021-05-25,1,Green_Algae,7.2883067,9.781439
2021-05-26,1,Green_Algae,7.12322,7.652331
2021-05-27,1,Green_Algae,13.128756,7.2144713
2021-05-28,1,Green_Algae,12.951473,9.40823
2021-05-29,1,Green_Algae,12.77419,10.510912
2021-05-30,1,Green_Algae,4.561085,8.86679
2021-05-31,1,Green_Algae,2.984026,4.612936
2021-06-01,1,Green_Algae,3.477842,3.3743806
2021-06-02,1,Green_Algae,3.0301087,3.3829043
2021-06-03,1,Green_Algae,2.9474874,3.0904446
2021-06-04,1,Green_Algae,3.87105,3.0739005
2021-06-05,1,Green_Algae,3.5815134,3.9839485
2021-06-06,1,Green_Algae,3.5015206,3.9462879
2021-06-07,1,Green_Algae,4.0479884,4.280447
2021-06-08,1,Green_Algae,5.4210563,5.06127
2021-06-09,1,Green_Algae,3.706534,6.5159054
2021-06-10,1,Green_Algae,5.004493,4.615574
2021-06-11,1,Green_Algae,6.557851,5.8574586
2021-06-12,1,Green_Algae,10.4747505,6.953163
2021-06-13,1,Green_Algae,11.396228,9.395553
2021-06-14,1,Green_Algae,12.317705,10.917499
2021-06-15,1,Green_Algae,12.765958,10.176316
2021-06-16,1,Green_Algae,13.214211,12.568008
2021-06-17,1,Green_Algae,13.662464,13.507848
2021-06-18,1,Green_Algae,14.110718,12.361443
2021-06-19,1,Green_Algae,12.694961,10.376306
2021-06-20,1,Green_Algae,13.068725,9.812992
2021-06-21,1,Green_Algae,6.759349,9.931889
2021-06-22,1,Green_Algae,4.531797,6.2045865
2021-06-23,1,Green_Algae,4.704233,5.0277333
2021-06-24,1,Green_Algae,4.3103833,5.347226
2021-06-25,1,Green_Algae,4.245991,5.4078074
2021-06-26,1,Green_Algae,3.8047178,5.83437
2021-06-27,1,Green_Algae,9.500919,4.3915915
2021-06-28,1,Green_Algae,14.259275,8.598848
2021-06-29,1,Green_Algae,13.726238,9.883941
2021-06-30,1,Green_Algae,10.054623,9.686392
2021-07-01,1,Green_Algae,10.233351,7.895592
2021-07-02,1,Green_Algae,11.377681,9.731976
2021-07-03,1,Green_Algae,13.92809,10.619733
2021-07-04,1,Green_Algae,9.610976,12.123187
2021-07-05,1,Green_Algae,13.8032055,8.264338
2021-07-06,1,Green_Algae,12.07648,10.774934
2021-07-07,1,Green_Algae,9.815504,9.619689
2021-07-08,1,Green_Algae,10.952688,8.892304
2021-07-09,1,Green_Algae,5.504181,9.8202715
2021-07-10,1,Green_Algae,6.883577,5.6557584
2021-07-11,1,Green_Algae,6.383121,6.312367
2021-07-12,1,Green_Algae,8.041389,6.515258
2021-07-13,1,Green_Algae,7.1555495,7.549486
2021-07-14,1,Green_Algae,7.182688,7.0748887
2021-07-15,1,Green_Algae,7.2098265,8.963958
2021-07-16,1,Green_Algae,7.2369647,9.708402
2021-07-17,1,Green_Algae,7.2641034,9.427617
2021-07-18,1,Green_Algae,7.291241,9.65025
2021-07-19,1,Green_Algae,7.3183794,8.6989765
2021-07-20,1,Green_Algae,7.345518,7.004752
2021-07-21,1,Green_Algae,4.656155,5.708996
2021-07-22,1,Green_Algae,5.656749,4.9290667
2021-07-23,1,Green_Algae,11.975569,5.5390077
2021-07-24,1,Green_Algae,13.560905,9.905795
2021-07-25,1,Green_Algae,13.088494,12.02651
2021-07-26,1,Green_Algae,11.472322,11.946861
2021-07-27,1,Green_Algae,9.366954,9.259836
2021-07-28,1,Green_Algae,6.655246,7.7428627
2021-07-29,1,Green_Algae,7.9549346,5.6121793
2021-07-30,1,Green_Algae,7.1069007,7.0120826
2021-07-31,1,Green_Algae,8.990673,7.2327237
2021-08-01,1,Green_Algae,10.385311,7.4583306
2021-08-02,1,Green_Algae,10.719529,8.197974
2021-08-03,1,Green_Algae,7.1092253,7.8540215
2021-08-04,1,Green_Algae,4.9593773,5.633286
2021-08-05,1,Green_Algae,3.0356264,4.584879
2021-08-06,1,Green_Algae,2.0601811,3.4162016
2021-08-07,1,Green_Algae,2.8934517,2.6254244
2021-08-08,1,Green_Algae,3.3419957,3.024924
2021-08-09,1,Green_Algae,3.5262926,3.6752028
2021-08-10,1,Green_Algae,2.9024384,4.3308544
2021-08-11,1,Green_Algae,3.434081,3.7120667
2021-08-12,1,Green_Algae,4.609233,4.029509
2021-08-13,1,Green_Algae,4.0192776,5.127124
2021-08-14,1,Green_Algae,7.171199,4.3184958
2021-08-15,1,Green_Algae,10.603491,7.1774735
2021-08-16,1,Green_Algae,8.529735,9.460045
2021-08-17,1,Green_Algae,6.9491796,8.011198
2021-08-18,1,Green_Algae,8.951539,6.124911
2021-08-19,1,Green_Algae,11.542151,8.378552
2021-08-20,1,Green_Algae,10.700407,9.615121
2021-08-21,1,Green_Algae,7.8352175,9.8525305
2021-08-22,1,Green_Algae,12.8495455,8.171511
2021-08-23,1,Green_Algae,13.118637,10.053771
2021-08-24,1,Green_Algae,10.933848,11.312155
2021-08-25,1,Green_Algae,12.0906725,9.814541
2021-08-26,1,Green_Algae,10.43034,10.134524
2021-08-27,1,Green_Algae,9.773435,9.045905
2021-08-28,1,Green_Algae,8.390406,8.236288
2021-08-29,1,Green_Algae,7.821752,6.878678
2021-08-30,1,Green_Algae,6.5187182,6.4671235
2021-08-31,1,Green_Algae,5.8044934,5.8147564
2021-09-01,1,Green_Algae,5.0743923,5.988195
2021-09-02,1,Green_Algae,4.311918,5.340649
2021-09-03,1,Green_Algae,3.3487916,4.5320253
2021-09-04,1,Green_Algae,4.701462,3.955986
2021-09-05,1,Green_Algae,5.0674095,5.016589
2021-09-06,1,Green_Algae,3.518864,5.3348494
2021-09-07,1,Green_Algae,3.1971326,4.126678
2021-09-08,1,Green_Algae,3.5374892,3.6445205
2021-09-09,1,Green_Algae,6.4463677,3.8768888
2021-09-10,1,Green_Algae,6.842923,5.9037647
2021-09-11,1,Green_Algae,8.631598,5.57342
2021-09-12,1,Green_Algae,8.282877,7.246476
2021-09-13,1,Green_Algae,7.9341564,7.90529
2021-09-14,1,Green_Algae,7.505728,6.4290347
2021-09-15,1,Green_Algae,4.8467994,6.3998237
2021-09-16,1,Green_Algae,4.3901086,4.8382754
2021-09-17,1,Green_Algae,3.1355467,4.612123
2021-09-18,1,Green_Algae,2.5354092,3.7117252
2021-09-19,1,Green_Algae,2.8781462,3.1727936
2021-09-20,1,Green_Algae,2.8740985,3.647962
2021-09-21,1,Green_Algae,2.339877,3.4387894
2021-09-22,1,Green_Algae,3.6420565,2.9662457
2021-09-23,1,Green_Algae,3.4891088,3.6334581
2021-09-24,1,Green_Algae,3.0315206,3.69711
2021-09-25,1,Green_Algae,2.7386677,3.3499215
2021-09-26,1,Green_Algae,2.8449023,3.1320093
2021-09-27,1,Green_Algae,2.898798,3.050572
2021-09-28,1,Green_Algae,2.80811,3.3191485
2021-09-29,1,Green_Algae,3.1477988,3.101085
2021-09-30,1,Green_Algae,3.8165677,3.323696
2021-10-01,1,Green_Algae,2.884149,3.6999328
2021-10-02,1,Green_Algae,2.3285825,3.2748744
2021-10-03,1,Green_Algae,2.7246957,3.0172138
2021-10-04,1,Green_Algae,2.9625897,3.24743
2021-10-05,1,Green_Algae,3.2004838,3.4630404
2021-10-06,1,Green_Algae,3.4383776,3.6654863
2021-10-07,1,Green_Algae,3.6762717,3.7006183
2021-10-08,1,Green_Algae,3.9141655,4.157647
2021-10-09,1,Green_Algae,4.1520596,4.421255
2021-10-10,1,Green_Algae,4.3899536,4.278415
2021-10-11,1,Green_Algae,4.6278477,4.280788
2021-10-12,1,Green_Algae,4.9418287,4.448602
2021-10-13,1,Green_Algae,4.673613,4.5325713
2021-10-14,1,Green_Algae,4.5442286,4.578183
2021-10-15,1,Green_Algae,8.768624,4.5190787
2021-10-16,1,Green_Algae,8.054786,6.7724266
2021-10-17,1,Green_Algae,3.8535652,6.8806105
2021-10-18,1,Green_Algae,3.6656222,3.8915231
2021-10-19,1,Green_Algae,3.690036,3.682307
2021-10-20,1,Green_Algae,3.5357091,3.8627968
2021-10-21,1,Green_Algae,3.6526122,3.597574
2021-10-22,1,Green_Algae,3.1038206,3.7615018
2021-10-23,1,Green_Algae,2.7547975,3.7962432
2021-10-24,1,Green_Algae,2.6743922,3.5747144
2021-10-25,1,Green_Algae,2.6642506,3.429831
2021-10-26,1,Green_Algae,3.2695441,3.7201278
2021-10-27,1,Green_Algae,6.4926195,4.346268
2021-10-28,1,Green_Algae,8.997244,7.437552
2021-10-29,1,Green_Algae,9.55448,9.729732
2021-10-30,1,Green_Algae,6.1581116,9.5243845
2021-10-31,1,Green_Algae,5.569472,6.672769
2021-11-01,1,Green_Algae,4.880246,5.999392
2021-11-02,1,Green_Algae,6.240745,5.5949907
2021-11-03,1,Green_Algae,7.868003,6.9336066
2021-11-04,1,Green_Algae,5.39335,7.7828283
2021-11-05,1,Green_Algae,2.8083358,6.0524387
2021-11-06,1,Green_Algae,4.1119175,3.4579582
2021-11-07,1,Green_Algae,5.8138523,4.8602886
2021-11-08,1,Green_Algae,5.6319323,6.6699333
2021-11-09,1,Green_Algae,4.463618,5.8406615
2021-11-10,1,Green_Algae,5.127321,5.0491633
2021-11-11,1,Green_Algae,3.3585093,5.5493894
2021-11-12,1,Green_Algae,2.6787329,3.9362721
2021-11-13,1,Green_Algae,2.9060419,3.228961
2021-11-14,1,Green_Algae,2.3626916,3.407546
2021-11-15,1,Green_Algae,2.3225126,2.7809687
2021-11-16,1,Green_Algae,2.5409632,2.6335766
2021-11-17,1,Green_Algae,2.2751682,2.8337379
2021-11-18,1,Green_Algae,1.9986252,2.71257
2021-11-19,1,Green_Algae,1.6795293,2.462743
2021-11-20,1,Green_Algae,1.8916438,1.9403213
2021-11-21,1,Green_Algae,2.7642143,1.9406922
2021-11-22,1,Green_Algae,3.023097,2.8380136
2021-11-23,1,Green_Algae,1.7613965,2.8897226
2021-11-24,1,Green_Algae,1.8678365,1.856917
2021-11-25,1,Green_Algae,1.7351195,1.9291064
2021-11-26,1,Green_Algae,1.7887771,1.9451264
2021-11-27,1,Green_Algae,1.8194356,2.0259793
2021-11-28,1,Green_Algae,2.1925688,2.1663811
2021-11-29,1,Green_Algae,2.8506155,2.4464533
2021-11-30,1,Green_Algae,3.7936785,3.1715884
2021-12-01,1,Green_Algae,3.2888849,4.276652
2021-12-02,1,Green_Algae,3.20601,3.501648
2021-12-03,1,Green_Algae,3.1972845,3.3813376
2021-12-04,1,Green_Algae,2.9100072,3.5372915
2021-12-05,1,Green_Algae,3.0636685,3.187133
2021-12-06,1,Green_Algae,3.0413218,3.3073945
2021-12-07,1,Green_Algae,2.8179595,3.3771198
2021-12-08,1,Green_Algae,2.9317937,3.133286
2021-12-09,1,Green_Algae,2.873556,3.1926465
2021-12-10,1,Green_Algae,3.0364544,3.2778578
2021-12-11,1,Green_Algae,3.930644,3.3925748
2021-12-12,1,Green_Algae,3.436191,4.4286304
2021-12-13,1,Green_Algae,3.863864,3.800451
2021-12-14,1,Green_Algae,4.217301,4.398078
2021-12-15,1,Green_Algae,4.429001,4.9288692
2021-12-16,1,Green_Algae,4.6556263,5.308896
2021-12-17,1,Green_Algae,4.838226,5.2147665
2021-12-18,1,Green_Algae,4.1352496,4.380095
2021-12-19,1,Green_Algae,3.6960173,3.9733624
2021-12-20,1,Green_Algae,3.0439653,3.943861
2021-12-21,1,Green_Algae,2.7047684,3.3539207
2021-12-22,1,Green_Algae,4.257923,3.1501107
2021-12-23,1,Green_Algae,3.2951374,4.153231
2021-12-24,1,Green_Algae,2.3909624,5.148911
2021-12-25,1,Green_Algae,2.1861448,4.309142
2021-12-26,1,Green_Algae,1.7530535,3.0587225
2021-12-27,1,Green_Algae,1.9872879,2.7284796
2021-12-28,1,Green_Algae,2.2317348,2.8884954
2021-12-29,1,Green_Algae,2.0643368,3.4887822
2021-12-30,1,Green_Algae,1.9601592,2.9436584
2021-12-31,1,Green_Algae,2.126949,3.3520074
2022-01-01,1,Green_Algae,2.2531767,2.8613482
2022-01-02,1,Green_Algae,2.1239364,2.8846364
2022-01-03,1,Green_Algae,2.5416799,2.5424573
2022-01-04,1,Green_Algae,3.3833745,2.9055033
2022-01-05,1,Green_Algae,6.9222884,4.011393
2022-01-06,1,Green_Algae,5.645869,7.2973757
2022-01-07,1,Green_Algae,4.3694496,6.241818
2022-01-08,1,Green_Algae,6.313483,4.610788
2022-01-09,1,Green_Algae,4.849971,6.1103826
2022-01-10,1,Green_Algae,6.5303836,4.8995476
2022-01-11,1,Green_Algae,7.1293488,5.915649
2022-01-12,1,Green_Algae,3.0731115,5.388131
2022-01-13,1,Green_Algae,2.084052,2.8487968
2022-01-14,1,Green_Algae,1.3035264,2.0215344
2022-01-15,1,Green_Algae,2.1528146,1.511881
2022-01-16,1,Green_Algae,2.2154775,2.3697085
2022-01-17,1,Green_Algae,1.8509052,2.707988
2022-01-18,1,Green_Algae,3.0125198,2.346776
2022-01-19,1,Green_Algae,2.9266691,3.530708
2022-01-20,1,Green_Algae,3.0848227,3.4594312
2022-01-21,1,Green_Algae,3.732527,3.5400994
2022-01-22,1,Green_Algae,4.3433237,4.062186
2022-01-23,1,Green_Algae,6.2519803,4.4072943
2022-01-24,1,Green_Algae,8.160637,7.8413653
2022-01-25,1,Green_Algae,8.239467,7.092337
2022-01-26,1,Green_Algae,8.318296,7.987775
2022-01-27,1,Green_Algae,8.397126,7.8459735
2022-01-28,1,Green_Algae,8.475957,8.028646
2022-01-29,1,Green_Algae,8.554788,7.8841734
2022-01-30,1,Green_Algae,8.633616,6.471567
2022-01-31,1,Green_Algae,5.246442,6.2307487
2022-02-01,1,Green_Algae,3.9920294,4.150211
2022-02-02,1,Green_Algae,4.695028,3.365427
2022-02-03,1,Green_Algae,2.7493696,3.9901068
2022-02-04,1,Green_Algae,2.88272,2.8107767
2022-02-05,1,Green_Algae,2.763606,3.5641072
2022-02-06,1,Green_Algae,2.1112866,3.7469234
2022-02-07,1,Green_Algae,2.4319632,2.7637525
2022-02-08,1,Green_Algae,2.2566342,3.497773
2022-02-09,1,Green_Algae,2.6009963,3.835424
2022-02-10,1,Green_Algae,2.5740855,3.9366283
2022-02-11,1,Green_Algae,2.7089677,3.77806
2022-02-12,1,Green_Algae,3.126954,3.2482083
2022-02-13,1,Green_Algae,4.3236074,4.48511
2022-02-14,1,Green_Algae,3.448381,5.2690983
2022-02-15,1,Green_Algae,3.5295143,4.09924
2022-02-16,1,Green_Algae,4.1974835,4.1431494
2022-02-17,1,Green_Algae,4.8904557,4.6831455
2022-02-18,1,Green_Algae,6.0933433,6.488589
2022-02-19,1,Green_Algae,4.131527,6.102199
2022-02-20,1,Green_Algae,2.946324,5.106063
2022-02-21,1,Green_Algae,2.2808762,2.7572873
2022-02-22,1,Green_Algae,1.969732,2.2269568
2022-02-23,1,Green_Algae,1.8481604,2.2544954
2022-02-24,1,Green_Algae,1.970211,2.1772685
2022-02-25,1,Green_Algae,2.0456758,2.146273
2022-02-26,1,Green_Algae,2.1211405,2.2772937
2022-02-27,1,Green_Algae,2.1966052,2.4920444
2022-02-28,1,Green_Algae,2.1446164,2.5083163
2022-03-01,1,Green_Algae,2.8918037,2.3445172
2022-03-02,1,Green_Algae,3.3747232,3.059904
2022-03-03,1,Green_Algae,4.975467,4.8095803
2022-03-04,1,Green_Algae,5.8857384,6.628819
2022-03-05,1,Green_Algae,7.7702246,7.574067
2022-03-06,1,Green_Algae,7.406918,8.671984
2022-03-07,1,Green_Algae,8.624261,8.670785
2022-03-08,1,Green_Algae,5.739247,9.324821
2022-03-09,1,Green_Algae,4.569587,6.530971
2022-03-10,1,Green_Algae,4.6664295,5.3833427
2022-03-11,1,Green_Algae,6.601842,6.2657046
2022-03-12,1,Green_Algae,7.0578914,9.424027
2022-03-13,1,Green_Algae,9.441289,9.798726
2022-03-14,1,Green_Algae,10.154751,11.026272
2022-03-15,1,Green_Algae,10.868213,11.491788
2022-03-16,1,Green_Algae,10.484943,11.826208
2022-03-17,1,Green_Algae,10.101673,12.11248
2022-03-18,1,Green_Algae,10.141577,10.983001
2022-03-19,1,Green_Algae,10.18148,10.489586
2022-03-20,1,Green_Algae,10.221386,9.795863
2022-03-21,1,Green_Algae,6.8799276,9.322126
2022-03-22,1,Green_Algae,6.111058,5.8228555
2022-03-23,1,Green_Algae,3.9833503,5.3637915
2022-03-24,1,Green_Algae,2.6831644,3.4884005
2022-03-25,1,Green_Algae,2.11021,2.6581504
2022-03-26,1,Green_Algae,2.3608906,2.9405274
2022-03-27,1,Green_Algae,2.612607,3.2670085
2022-03-28,1,Green_Algae,3.0601304,2.7547042
2022-03-29,1,Green_Algae,3.0547757,2.868784
2022-03-30,1,Green_Algae,2.5692663,2.633855
2022-03-31,1,Green_Algae,2.7219045,2.4079936
2022-04-01,1,Green_Algae,3.1004643,2.4860733
2022-04-02,1,Green_Algae,2.2594109,3.0974736
2022-04-03,1,Green_Algae,1.953816,2.3697817
2022-04-04,1,Green_Algae,1.918588,2.1909075
2022-04-05,1,Green_Algae,2.3214595,2.3597486
2022-04-06,1,Green_Algae,2.560116,2.8726816
2022-04-07,1,Green_Algae,3.2719536,2.9126256
2022-04-08,1,Green_Algae,4.419464,3.9738927
2022-04-09,1,Green_Algae,4.504269,5.4497895
2022-04-10,1,Green_Algae,4.89147,5.626019
2022-04-11,1,Green_Algae,6.268174,5.857744
2022-04-12,1,Green_Algae,7.3437877,6.8950877
2022-04-13,1,Green_Algae,9.499956,8.368619
2022-04-14,1,Green_Algae,10.740788,9.928125
2022-04-15,1,Green_Algae,8.073318,10.896992
2022-04-16,1,Green_Algae,7.630758,8.931652
2022-04-17,1,Green_Algae,6.9328403,7.653802
2022-04-18,1,Green_Algae,6.5577283,6.6690445
2022-04-19,1,Green_Algae,3.7500434,5.3889065
2022-04-20,1,Green_Algae,3.4992976,3.0118454
2022-04-21,1,Green_Algae,4.348203,3.4140491
2022-04-22,1,Green_Algae,5.875435,3.6091714
2022-04-23,1,Green_Algae,8.554278,5.5285497
2022-04-24,1,Green_Algae,10.74772,8.682673
2022-04-25,1,Green_Algae,10.313055,9.012052
2022-04-26,1,Green_Algae,10.031486,8.841427
2022-04-27,1,Green_Algae,9.749915,8.435953
2022-04-28,1,Green_Algae,9.468344,8.196835
2022-04-29,1,Green_Algae,6.3907814,7.064377
2022-04-30,1,Green_Algae,2.7383044,5.1920075
2022-05-01,1,Green_Algae,1.9100943,3.4234653
2022-05-02,1,Green_Algae,1.4387971,2.5672264
2022-05-03,1,Green_Algae,1.6956812,1.8349614
2022-05-04,1,Green_Algae,2.9322464,2.074241
2022-05-05,1,Green_Algae,4.024558,3.811134
2022-05-06,1,Green_Algae,7.546461,4.877645
2022-05-07,1,Green_Algae,8.4868555,7.992441
2022-05-08,1,Green_Algae,8.025366,8.868407
2022-05-09,1,Green_Algae,7.563878,6.7570977
2022-05-10,1,Green_Algae,3.786575,6.008831
2022-05-11,1,Green_Algae,2.6313117,2.7213933
2022-05-12,1,Green_Algae,2.673943,2.2244873
2022-05-13,1,Green_Algae,3.6793551,2.590674
2022-05-14,1,Green_Algae,3.5523696,2.9187682
2022-05-15,1,Green_Algae,2.8397105,2.6718998
2022-05-16,1,Green_Algae,2.6588566,2.4916615
2022-05-17,1,Green_Algae,2.5439029,2.2194028
2022-05-18,1,Green_Algae,1.9558738,2.3659875
2022-05-19,1,Green_Algae,2.2352676,2.2018816
2022-05-20,1,Green_Algae,3.8337293,2.1895792
2022-05-21,1,Green_Algae,6.6012907,3.4686763
2022-05-22,1,Green_Algae,4.1062393,6.296288
2022-05-23,1,Green_Algae,3.8795009,4.059604
2022-05-24,1,Green_Algae,3.7486677,3.6013556
2022-05-25,1,Green_Algae,2.5144565,3.782054
2022-05-26,1,Green_Algae,2.628731,2.6019382
2022-05-27,1,Green_Algae,2.336657,2.6676598
2022-05-28,1,Green_Algae,1.8927444,2.1755404
2022-05-29,1,Green_Algae,1.7338868,2.0141926
2022-05-30,1,Green_Algae,2.055707,1.6370826
2022-05-31,1,Green_Algae,2.7962682,1.8703387
2022-06-01,1,Green_Algae,2.4670553,2.169219
2022-06-02,1,Green_Algae,2.5074983,2.1527443
2022-06-03,1,Green_Algae,3.3220377,2.1302016
2022-06-04,1,Green_Algae,2.913029,2.5068624
2022-06-05,1,Green_Algae,3.21664,2.4537702
2022-06-06,1,Green_Algae,3.0336015,2.5035837
2022-06-07,1,Green_Algae,2.016884,2.4954314
2022-06-08,1,Green_Algae,0.71460867,2.0520122
2022-06-09,1,Green_Algae,1.4329565,1.065643
2022-06-10,1,Green_Algae,1.2493777,1.1642642
2022-06-11,1,Green_Algae,1.7778566,1.0628861
2022-06-12,1,Green_Algae,1.9454993,1.310607
2022-06-13,1,Green_Algae,1.383483,1.5083398
2022-06-14,1,Green_Algae,0.17669071,1.2043067
2022-06-15,1,Green_Algae,0.1694878,0.53387845
2022-06-16,1,Green_Algae,1.6111215,0.3149229
2022-06-17,1,Green_Algae,1.4915413,0.870558
2022-06-18,1,Green_Algae,1.3510724,1.1334584
2022-06-19,1,Green_Algae,1.4114358,1.3616753
2022-06-20,1,Green_Algae,1.2985806,1.4773607
2022-06-21,1,Green_Algae,1.315047,1.4568533
2022-06-22,1,Green_Algae,1.1877986,1.5729334
2022-06-23,1,Green_Algae,0.20468882,1.5319878
2022-06-24,1,Green_Algae,0.9321283,0.6847256
2022-06-25,1,Green_Algae,2.667632,0.9390788
2022-06-26,1,Green_Algae,2.3597465,2.236188
2022-06-27,1,Green_Algae,2.4025416,2.3438015
2022-06-28,1,Green_Algae,2.6718307,2.4474227
2022-06-29,1,Green_Algae,2.6384616,2.828428
2022-06-30,1,Green_Algae,3.7917957,2.5933883
2022-07-01,1,Green_Algae,3.6459014,3.4732912
2022-07-02,1,Green_Algae,3.1270165,3.610039
2022-07-03,1,Green_Algae,2.8873951,3.0566564
2022-07-04,1,Green_Algae,3.3072195,2.7363362
2022-07-05,1,Green_Algae,2.865286,2.8739972
2022-07-06,1,Green_Algae,2.9233165,2.5282953
2022-07-07,1,Green_Algae,2.1893845,2.568028
2022-07-08,1,Green_Algae,1.9153528,2.1773007
2022-07-09,1,Green_Algae,2.0919194,2.1863692
2022-07-10,1,Green_Algae,3.2985039,2.2909093
2022-07-11,1,Green_Algae,4.8211155,3.4739547
2022-07-12,1,Green_Algae,5.138985,4.549962
2022-07-13,1,Green_Algae,5.002174,4.703871
2022-07-14,1,Green_Algae,9.229062,4.6641016
2022-07-15,1,Green_Algae,8.125591,7.1237693
2022-07-16,1,Green_Algae,7.02212,7.6040583
2022-07-17,1,Green_Algae,5.9186487,5.991222
2022-07-18,1,Green_Algae,4.815178,5.6446695
2022-07-19,1,Green_Algae,1.9387745,4.464496
2022-07-20,1,Green_Algae,1.5423076,2.4473903
2022-07-21,1,Green_Algae,0.75141406,1.9934305
2022-07-22,1,Green_Algae,0.29937363,1.4031315
2022-07-23,1,Green_Algae,1.4023521,0.84607756
2022-07-24,1,Green_Algae,4.171111,1.5775058
2022-07-25,1,Green_Algae,0.52041996,3.8657675
2022-07-26,1,Green_Algae,0.0809841,1.4020193
2022-07-27,1,Green_Algae,0.34602904,0.69067526
2022-07-28,1,Green_Algae,0.6430407,0.8390636
2022-07-29,1,Green_Algae,0.75374895,1.1274575
2022-07-30,1,Green_Algae,0.8893367,1.4281611
2022-07-31,1,Green_Algae,1.0249244,1.6924059
2022-08-01,1,Green_Algae,1.160512,1.8704274
2022-08-02,1,Green_Algae,1.2960997,1.9969218
2022-08-03,1,Green_Algae,1.4316874,2.1892385
2022-08-04,1,Green_Algae,1.5672749,2.6287272
2022-08-05,1,Green_Algae,1.7028626,2.2491822
2022-08-06,1,Green_Algae,1.8384502,2.333092
2022-08-07,1,Green_Algae,1.9740379,2.4789057
2022-08-08,1,Green_Algae,2.1096256,2.7040918
2022-08-09,1,Green_Algae,2.2452133,2.8721633
2022-08-10,1,Green_Algae,2.380801,3.1146739
2022-08-11,1,Green_Algae,2.5163884,3.2441988
2022-08-12,1,Green_Algae,2.651976,3.0910232
2022-08-13,1,Green_Algae,2.7875638,3.336653
2022-08-14,1,Green_Algae,2.9231515,3.6153858
2022-08-15,1,Green_Algae,3.0587392,3.6462014
2022-08-16,1,Green_Algae,3.1943269,3.657242
2022-08-17,1,Green_Algae,3.3299146,3.770032
2022-08-18,1,Green_Algae,3.465502,3.918332
2022-08-19,1,Green_Algae,3.6010897,4.2243237
2022-08-20,1,Green_Algae,3.7366774,4.29505
2022-08-21,1,Green_Algae,3.872265,4.3826947
2022-08-22,1,Green_Algae,4.0078526,4.4805326
2022-08-23,1,Green_Algae,4.1434402,4.7047424
2022-08-24,1,Green_Algae,4.279028,4.982316
2022-08-25,1,Green_Algae,4.4146156,5.2139006
2022-08-26,1,Green_Algae,4.5502033,4.8935595
2022-08-27,1,Green_Algae,4.685791,4.7083097
2022-08-28,1,Green_Algae,4.8213787,4.654384
2022-08-29,1,Green_Algae,4.9569664,5.0112104
2022-08-30,1,Green_Algae,5.092554,5.588706
2022-08-31,1,Green_Algae,5.2281413,5.7462687
2022-09-01,1,Green_Algae,5.3637295,5.748017
2022-09-02,1,Green_Algae,5.499317,5.3296723
2022-09-03,1,Green_Algae,5.634905,5.1864614
2022-09-04,1,Green_Algae,5.770492,5.140359
2022-09-05,1,Green_Algae,5.9060802,5.0523744
2022-09-06,1,Green_Algae,6.0416675,5.1572237
2022-09-07,1,Green_Algae,6.177255,5.83805
2022-09-08,1,Green_Algae,6.312843,5.5811925
2022-09-09,1,Green_Algae,6.4484305,5.5404544
2022-09-10,1,Green_Algae,6.230826,5.494145
2022-09-11,1,Green_Algae,8.68992,5.6084294
2022-09-12,1,Green_Algae,7.807916,6.6949606
2022-09-13,1,Green_Algae,8.3521595,5.58127
2022-09-14,1,Green_Algae,9.356362,6.226191
2022-09-15,1,Green_Algae,7.107813,7.004277
2022-09-16,1,Green_Algae,4.4031787,6.2359285
2022-09-17,1,Green_Algae,3.7508175,4.327813
2022-09-18,1,Green_Algae,6.3141737,3.8992057
2022-09-19,1,Green_Algae,3.516343,5.428905
2022-09-20,1,Green_Algae,1.5800507,3.934411
2022-09-21,1,Green_Algae,1.6696308,2.1411738
2022-09-22,1,Green_Algae,1.4959407,1.958872
2022-09-23,1,Green_Algae,1.615673,2.008836
2022-09-24,1,Green_Algae,2.0823896,2.2878478
2022-09-25,1,Green_Algae,1.5839247,2.9827273
2022-09-26,1,Green_Algae,1.9809276,2.899073
2022-09-27,1,Green_Algae,2.3091745,2.9399214
2022-09-28,1,Green_Algae,5.5527225,3.1283138
2022-09-29,1,Green_Algae,6.6691623,5.261258
2022-09-30,1,Green_Algae,7.104832,5.879418
2022-10-01,1,Green_Algae,2.6034105,5.419126
2022-10-02,1,Green_Algae,3.3666306,3.085194
2022-10-03,1,Green_Algae,4.350832,3.0398672
2022-10-04,1,Green_Algae,4.8073153,3.656044
2022-10-05,1,Green_Algae,3.984971,4.254347
2022-10-06,1,Green_Algae,3.1910217,3.4707613
2022-10-07,1,Green_Algae,2.3935506,2.894442
2022-10-08,1,Green_Algae,1.82,2.3513424
2022-10-09,1,Green_Algae,3.16779,2.1971517
2022-10-10,1,Green_Algae,3.305127,2.789779
2022-10-11,1,Green_Algae,2.3630557,2.8880787
2022-10-12,1,Green_Algae,2.342739,2.4017804
2022-10-13,1,Green_Algae,1.9473406,2.3249793
2022-10-14,1,Green_Algae,2.4178493,2.0280051
2022-10-15,1,Green_Algae,2.2874982,2.3956046
2022-10-16,1,Green_Algae,2.8773642,2.5662868
2022-10-17,1,Green_Algae,1.9032803,2.9649148
2022-10-18,1,Green_Algae,1.3671615,2.3140478
2022-10-19,1,Green_Algae,1.2281462,1.7954643
2022-10-20,1,Green_Algae,1.4357452,1.5436716
2022-10-21,1,Green_Algae,1.8146449,1.7206216
2022-10-22,1,Green_Algae,5.2175727,1.775621
2022-10-23,1,Green_Algae,1.6347319,4.7760262
2022-10-24,1,Green_Algae,1.3448409,1.9089226
2022-10-25,1,Green_Algae,0.8646165,1.3877232
2022-10-26,1,Green_Algae,0.7161304,1.0335407
2022-10-27,1,Green_Algae,0.8117439,0.8337503
2022-10-28,1,Green_Algae,0.9852315,0.9193841
2022-10-29,1,Green_Algae,0.7189863,1.0805846
2022-10-30,1,Green_Algae,0.74040526,0.99892235
2022-10-31,1,Green_Algae,0.3959189,1.0584191
2022-11-01,1,Green_Algae,0.45915672,0.89940745
2022-11-02,1,Green_Algae,0.44663528,0.86103845
2022-11-03,1,Green_Algae,0.5711731,0.8914728
2022-11-04,1,Green_Algae,0.5187971,0.98235035
2022-11-05,1,Green_Algae,0.5168741,0.8334147
2022-11-06,1,Green_Algae,0.99285096,0.7863937
2022-11-07,1,Green_Algae,0.97021586,1.1962163
2022-11-08,1,Green_Algae,3.6827445,1.0701892
2022-11-09,1,Green_Algae,3.2042935,3.8772652
2022-11-10,1,Green_Algae,2.6945007,3.5471244
2022-11-11,1,Green_Algae,5.053273,2.572911
2022-11-12,1,Green_Algae,8.711579,3.809622
2022-11-13,1,Green_Algae,7.713145,5.660812
2022-11-14,1,Green_Algae,5.1916933,5.142738
2022-11-15,1,Green_Algae,1.4670622,4.1451445
2022-11-16,1,Green_Algae,0.26871106,1.9330539
2022-11-17,1,Green_Algae,0.32965964,0.6887918
2022-11-18,1,Green_Algae,0.4381694,0.4185509
2022-11-19,1,Green_Algae,1.021942,0.48216674
2022-11-20,1,Green_Algae,1.0667945,0.97906333
2022-11-21,1,Green_Algae,0.9796669,0.96908975
2022-11-22,1,Green_Algae,1.0705576,1.0030903
2022-11-23,1,Green_Algae,1.2641643,1.0957869
2022-11-24,1,Green_Algae,0.9981404,1.3148289
2022-11-25,1,Green_Algae,0.8159957,1.1044083
2022-11-26,1,Green_Algae,1.3945585,0.927218
2022-11-27,1,Green_Algae,1.6876014,1.3279086
2022-11-28,1,Green_Algae,1.396505,1.4297932
2022-11-29,1,Green_Algae,1.0866112,1.4271289
2022-11-30,1,Green_Algae,1.0804197,1.0950942
2022-12-01,1,Green_Algae,1.0082923,1.036432
2022-12-02,1,Green_Algae,1.1993546,1.0940638
2022-12-03,1,Green_Algae,1.0384793,1.2132746
2022-12-04,1,Green_Algae,0.9513034,1.021924
2022-12-05,1,Green_Algae,1.4196737,0.9258254
2022-12-06,1,Green_Algae,1.5062437,1.4947098
2022-12-07,1,Green_Algae,1.6673859,1.3229306
2022-12-08,1,Green_Algae,1.7725435,1.5844101
2022-12-09,1,Green_Algae,2.750798,1.7043111
2022-12-10,1,Green_Algae,2.2412164,2.4850812
2022-12-11,1,Green_Algae,0.4060463,1.9078522
2022-12-12,1,Green_Algae,0.160492,0.62072223
2022-12-13,1,Green_Algae,0.2686097,0.3027978
2022-12-14,1,Green_Algae,0.31757072,0.3283882
2022-12-15,1,Green_Algae,0.41242754,0.4221604
2022-12-16,1,Green_Algae,0.2809631,0.5097185
2022-12-17,1,Green_Algae,0.4638523,0.5097622
2022-12-18,1,Green_Algae,0.48307028,0.4849469
2022-12-19,1,Green_Algae,0.52901447,0.48937544
2022-12-20,1,Green_Algae,0.41270813,0.5082485
2022-12-21,1,Green_Algae,0.39071897,0.5266745
2022-12-22,1,Green_Algae,0.43844205,0.5836083
2022-12-23,1,Green_Algae,0.27015212,0.6127745
2022-12-24,1,Green_Algae,0.26322237,0.42720738
2022-12-25,1,Green_Algae,0.29721218,0.42870072
2022-12-26,1,Green_Algae,0.25078148,0.48879796
2022-12-27,1,Green_Algae,0.21856004,0.4601078
2022-12-28,1,Green_Algae,0.15966643,0.3917312
2022-12-29,1,Green_Algae,0.24490596,0.3941562
2022-12-30,1,Green_Algae,0.20376809,0.48886752
2022-12-31,1,Green_Algae,0.2882681,0.48706058
2023-01-01,1,Green_Algae,0.09535451,0.56363505
2023-01-02,1,Green_Algae,0.071312584,0.36737514
2023-01-03,1,Green_Algae,0.036156602,0.3410816
2023-01-04,1,Green_Algae,3.252288,0.3185369
2023-01-05,1,Green_Algae,6.237046,4.113731
2023-01-06,1,Green_Algae,9.221804,8.640029
2023-01-07,1,Green_Algae,9.225964,8.353212
2023-01-08,1,Green_Algae,9.2301235,8.805693
2023-01-09,1,Green_Algae,9.234284,8.38673
2023-01-10,1,Green_Algae,9.238444,7.605622
2023-01-11,1,Green_Algae,9.242605,8.10827
2023-01-12,1,Green_Algae,8.008986,8.277758
2023-01-13,1,Green_Algae,9.353083,6.9024105
2023-01-14,1,Green_Algae,6.951903,6.574272
2023-01-15,1,Green_Algae,3.9082983,6.3727384
2023-01-16,1,Green_Algae,3.8983636,2.7220714
2023-01-17,1,Green_Algae,3.6625977,3.3731198
2023-01-18,1,Green_Algae,2.6919782,3.961063
2023-01-19,1,Green_Algae,2.5106957,2.672186
2023-01-20,1,Green_Algae,2.9152644,2.603752
2023-01-21,1,Green_Algae,3.6604702,3.4384024
2023-01-22,1,Green_Algae,7.30152,4.003545
2023-01-23,1,Green_Algae,6.2374687,7.0124197
2023-01-24,1,Green_Algae,5.173418,7.941423
2023-01-25,1,Green_Algae,4.7855973,4.0144777
2023-01-26,1,Green_Algae,4.944407,3.647705
2023-01-27,1,Green_Algae,5.020905,4.0142946
2023-01-28,1,Green_Algae,4.1378713,4.3839345
2023-01-29,1,Green_Algae,3.5290515,3.3922572
2023-01-30,1,Green_Algae,3.2179534,3.316905
2023-01-31,1,Green_Algae,5.3130965,2.967696
2023-02-01,1,Green_Algae,7.0447626,5.019685
2023-02-02,1,Green_Algae,9.122445,6.313952
2023-02-03,1,Green_Algae,6.014926,7.1819854
2023-02-04,1,Green_Algae,5.961019,4.9315944
2023-02-05,1,Green_Algae,5.907112,5.1204267
2023-02-06,1,Green_Algae,5.853205,5.5801864
2023-02-07,1,Green_Algae,8.160051,6.079992
2023-02-08,1,Green_Algae,7.2787995,7.0001597
2023-02-09,1,Green_Algae,6.3975487,5.963641
2023-02-10,1,Green_Algae,1.4237877,4.972747
2023-02-11,1,Green_Algae,1.1469333,1.3525696
2023-02-12,1,Green_Algae,0.77981836,1.0652405
2023-02-13,1,Green_Algae,0.90640306,0.6851839
2023-02-14,1,Green_Algae,0.18429561,0.70116764
2023-02-15,1,Green_Algae,0.09019138,0.4300337
2023-02-16,1,Green_Algae,0.06921226,0.25696683
2023-02-17,1,Green_Algae,0.09716904,0.2393592
2023-02-18,1,Green_Algae,0.5358182,0.3654822
2023-02-19,1,Green_Algae,0.73984677,0.7954159
2023-02-20,1,Green_Algae,0.9485524,1.039561
2023-02-21,1,Green_Algae,0.88800627,1.1190183
2023-02-22,1,Green_Algae,0.77299947,0.94865996
2023-02-23,1,Green_Algae,0.8697355,0.86842287
2023-02-24,1,Green_Algae,0.9345164,1.1485044
2023-02-25,1,Green_Algae,0.5437155,1.0412433
2023-02-26,1,Green_Algae,0.35603827,0.6785963
2023-02-27,1,Green_Algae,0.2848945,0.48660624
2023-02-28,1,Green_Algae,0.9269008,0.5174434
2023-03-01,1,Green_Algae,1.0543281,1.2167646
2023-03-02,1,Green_Algae,0.82646257,1.2191801
2023-03-03,1,Green_Algae,0.41406226,0.93689185
2023-03-04,1,Green_Algae,0.43284735,0.6395401
2023-03-05,1,Green_Algae,0.34657025,0.6756335
2023-03-06,1,Green_Algae,0.24229686,0.57685333
2023-03-07,1,Green_Algae,0.28762135,0.5033097
2023-03-08,1,Green_Algae,0.23873465,0.5643019
2023-03-09,1,Green_Algae,0.20506701,0.45260558
2023-03-10,1,Green_Algae,0.12347253,0.45645952
2023-03-11,1,Green_Algae,0.08151744,0.40903997
2023-03-12,1,Green_Algae,0.14753455,0.40578
2023-03-13,1,Green_Algae,0.08237493,0.46173656
2023-03-14,1,Green_Algae,0.036238365,0.4853632
2023-03-15,1,Green_Algae,0.1186852,0.4678772
2023-03-16,1,Green_Algae,0.17207983,0.4677066
2023-03-17,1,Green_Algae,0.24798092,0.46309713
2023-03-18,1,Green_Algae,0.23571466,0.503121
2023-03-19,1,Green_Algae,0.16183792,0.49808547
2023-03-20,1,Green_Algae,0.40782675,0.42529953
2023-03-21,1,Green_Algae,0.101640604,0.6415978
2023-03-22,1,Green_Algae,0.5060475,0.4415229
2023-03-23,1,Green_Algae,2.69248,0.92082053
2023-03-24,1,Green_Algae,1.9497765,2.9665575
2023-03-25,1,Green_Algae,1.3316832,2.4349422
2023-03-26,1,Green_Algae,2.578498,1.1512222
2023-03-27,1,Green_Algae,2.0630136,1.533791
2023-03-28,1,Green_Algae,1.7380223,1.3884552
2023-03-29,1,Green_Algae,1.37283,1.1430564
2023-03-30,1,Green_Algae,1.1725881,1.1981008
2023-03-31,1,Green_Algae,0.9683462,1.0731398
2023-04-01,1,Green_Algae,0.71395975,1.0760639
2023-04-02,1,Green_Algae,0.683174,1.0883526
2023-04-03,1,Green_Algae,0.75986,1.0182214
2023-04-04,1,Green_Algae,0.6773602,1.0424285
2023-04-05,1,Green_Algae,1.834648,1.1706376
2023-04-06,1,Green_Algae,4.089308,1.6390886
2023-04-07,1,Green_Algae,2.2397137,2.0828462
2023-04-08,1,Green_Algae,1.7206718,1.6541386
2023-04-09,1,Green_Algae,1.4219851,1.5156112
2023-04-10,1,Green_Algae,1.2250155,1.2257006
2023-04-11,1,Green_Algae,0.8648579,1.1509862
2023-04-12,1,Green_Algae,0.56595254,0.90865254
2023-04-13,1,Green_Algae,0.50567454,0.73100144
2023-04-14,1,Green_Algae,0.66647476,0.7645455
2023-04-15,1,Green_Algae,1.0466163,1.2010602
2023-04-16,1,Green_Algae,1.2097328,1.6724094
2023-04-17,1,Green_Algae,2.6901345,1.4947919
2023-04-18,1,Green_Algae,2.477803,2.895462
2023-04-19,1,Green_Algae,2.09581,2.2538662
2023-04-20,1,Green_Algae,1.6294928,1.8289906
2023-04-21,1,Green_Algae,1.3932893,1.6363103
2023-04-22,1,Green_Algae,0.9884703,1.568469
2023-04-23,1,Green_Algae,0.9850644,1.1972762
2023-04-24,1,Green_Algae,1.0676374,1.1161332
2023-04-25,1,Green_Algae,1.3244078,1.0073074
2023-04-26,1,Green_Algae,0.6416333,1.4211417
2023-04-27,1,Green_Algae,0.27814546,0.8943182
2023-04-28,1,Green_Algae,1.3145058,0.5767925
2023-04-29,1,Green_Algae,3.2526584,1.6525224
2023-04-30,1,Green_Algae,3.1499057,3.4088492
2023-05-01,1,Green_Algae,1.6380941,2.8995414
2023-05-02,1,Green_Algae,4.1922054,1.4352268
2023-05-03,1,Green_Algae,5.529419,3.5013952
2023-05-04,1,Green_Algae,6.2632565,4.829762
2023-05-05,1,Green_Algae,6.8380823,5.988337
2023-05-06,1,Green_Algae,7.412908,7.7662
2023-05-07,1,Green_Algae,4.079104,6.3771424
2023-05-08,1,Green_Algae,2.2593377,2.9215176
2023-05-09,1,Green_Algae,1.9581879,1.7566965
2023-05-10,1,Green_Algae,2.4479287,1.5001439
2023-05-11,1,Green_Algae,2.7059772,1.4140027
2023-05-12,1,Green_Algae,2.3598123,1.3211308
2023-05-13,1,Green_Algae,1.7751207,1.4340138
2023-05-14,1,Green_Algae,1.2882135,1.2565423
2023-05-15,1,Green_Algae,1.0123258,0.9650862
2023-05-16,1,Green_Algae,1.0217282,0.801579
2023-05-17,1,Green_Algae,0.8613485,0.99903744
2023-05-18,1,Green_Algae,1.1611063,0.81818163
2023-05-19,1,Green_Algae,0.9660143,1.1462531
2023-05-20,1,Green_Algae,0.79129213,0.9733595
2023-05-21,1,Green_Algae,1.006314,0.9061298
2023-05-22,1,Green_Algae,0.55901504,1.0930977
2023-05-23,1,Green_Algae,0.46997598,0.6464136
2023-05-24,1,Green_Algae,0.31273833,0.57607675
2023-05-25,1,Green_Algae,0.29093453,0.52263826
2023-05-26,1,Green_Algae,0.25067583,0.49362063
2023-05-27,1,Green_Algae,0.42133546,0.48802426
2023-05-28,1,Green_Algae,1.3887391,0.6997615
2023-05-29,1,Green_Algae,2.5463135,1.7436248
2023-05-30,1,Green_Algae,2.2533908,2.6907802
2023-05-31,1,Green_Algae,3.1068542,2.3195739
2023-06-01,1,Green_Algae,2.7869723,3.4316368
2023-06-02,1,Green_Algae,2.4034996,3.0489392
2023-06-03,1,Green_Algae,1.0539821,1.8567095
2023-06-04,1,Green_Algae,0.93468004,0.94323826
2023-06-05,1,Green_Algae,0.4879697,0.6387982
2023-06-06,1,Green_Algae,0.8998942,0.36704344
2023-06-07,1,Green_Algae,1.3108021,0.7582777
2023-06-08,1,Green_Algae,1.019688,1.1069561
2023-06-09,1,Green_Algae,0.46447587,0.9994162
2023-06-10,1,Green_Algae,0.49861857,0.53621763
2023-06-11,1,Green_Algae,0.61284125,0.4132167
2023-06-12,1,Green_Algae,0.6797172,0.4780092
2023-06-13,1,Green_Algae,0.7083528,0.598609
2023-06-14,1,Green_Algae,0.35401052,0.62633204
2023-06-15,1,Green_Algae,0.41286027,0.5391267
2023-06-16,1,Green_Algae,0.2804898,0.5017792
2023-06-17,1,Green_Algae,0.2304269,0.41465008
2023-06-18,1,Green_Algae,0.5143521,0.44082338
2023-06-19,1,Green_Algae,0.5725395,0.88535005
2023-06-20,1,Green_Algae,1.4189571,0.8128219
2023-06-21,1,Green_Algae,3.0382833,1.5597968
2023-06-22,1,Green_Algae,3.1065986,2.8578677
2023-06-23,1,Green_Algae,1.9374653,3.152957
2023-06-24,1,Green_Algae,1.1924785,2.3347204
2023-06-25,1,Green_Algae,1.0128819,1.7489717
2023-06-26,1,Green_Algae,1.2879117,1.7578973
2023-06-27,1,Green_Algae,1.1464972,1.7731706
2023-06-28,1,Green_Algae,4.1690407,1.8266344
2023-06-29,1,Green_Algae,5.1483574,4.6810265
2023-06-30,1,Green_Algae,4.417229,5.7504354
2023-07-01,1,Green_Algae,3.0753262,4.9188514
2023-07-02,1,Green_Algae,2.3679974,3.8931134
2023-07-03,1,Green_Algae,3.1175823,2.9583557
2023-07-04,1,Green_Algae,5.006934,3.6317894
2023-07-05,1,Green_Algae,6.813222,5.454718
2023-07-06,1,Green_Algae,7.1008797,6.405677
2023-07-07,1,Green_Algae,7.8447523,6.833698
2023-07-08,1,Green_Algae,7.1713324,7.506408
2023-07-09,1,Green_Algae,7.92671,7.730599
2023-07-10,1,Green_Algae,7.4939637,7.786662
2023-07-11,1,Green_Algae,5.54597,7.0310564
2023-07-12,1,Green_Algae,4.022008,5.6238995
2023-07-13,1,Green_Algae,3.7216525,4.7047677
2023-07-14,1,Green_Algae,2.7944505,4.445882
2023-07-15,1,Green_Algae,2.0034344,3.7764692
2023-07-16,1,Green_Algae,1.4967204,3.040194
2023-07-17,1,Green_Algae,1.3990573,2.2632341
2023-07-18,1,Green_Algae,1.0275207,2.3197281
2023-07-19,1,Green_Algae,1.0186292,1.9398535
2023-07-20,1,Green_Algae,1.734702,1.8022534
2023-07-21,1,Green_Algae,3.5428689,2.772154
2023-07-22,1,Green_Algae,8.218171,4.0398216
2023-07-23,1,Green_Algae,8.601586,6.042587
2023-07-24,1,Green_Algae,9.032261,7.0960817
2023-07-25,1,Green_Algae,8.793951,7.3269067
2023-07-26,1,Green_Algae,6.349499,7.5017414
2023-07-27,1,Green_Algae,4.783891,5.0105815
2023-07-28,1,Green_Algae,2.371833,3.748895
2023-07-29,1,Green_Algae,1.8697046,2.2085857
2023-07-30,1,Green_Algae,2.1430004,2.089863
2023-07-31,1,Green_Algae,2.687552,2.5699341
2023-08-01,1,Green_Algae,2.8441966,3.0802867
2023-08-02,1,Green_Algae,3.3121603,3.6697438
2023-08-03,1,Green_Algae,4.9291377,4.4579797
2023-08-04,1,Green_Algae,5.591187,5.9104967
2023-08-05,1,Green_Algae,8.544591,6.016114
2023-08-06,1,Green_Algae,8.778641,6.8783627
2023-08-07,1,Green_Algae,9.01269,6.9691477
2023-08-08,1,Green_Algae,9.246739,6.1143823
2023-08-09,1,Green_Algae,6.3150916,6.188339
2023-08-10,1,Green_Algae,5.0038095,6.828061
2023-08-11,1,Green_Algae,3.3346193,4.139071
2023-08-12,1,Green_Algae,2.5525656,3.7205832
2023-08-13,1,Green_Algae,3.0647385,3.1274855
2023-08-14,1,Green_Algae,5.879216,4.1183376
2023-08-15,1,Green_Algae,6.031285,5.789375
2023-08-16,1,Green_Algae,4.687024,4.7201796
2023-08-17,1,Green_Algae,1.2427475,3.4737256
2023-08-18,1,Green_Algae,0.8998853,1.0950208
2023-08-19,1,Green_Algae,0.66447395,0.6248258
2023-08-20,1,Green_Algae,0.51328796,0.52975947
2023-08-21,1,Green_Algae,0.45516005,0.48274633
2023-08-22,1,Green_Algae,0.3003116,0.4546719
2023-08-23,1,Green_Algae,0.28055164,0.3660733
2023-08-24,1,Green_Algae,0.2979189,0.4564461
2023-08-25,1,Green_Algae,0.2403409,0.36090347
2023-08-26,1,Green_Algae,0.44934124,0.54871184
2023-08-27,1,Green_Algae,0.41253313,0.53093696
2023-08-28,1,Green_Algae,0.5238057,0.641759
2023-08-29,1,Green_Algae,1.458634,0.65860355
2023-08-30,1,Green_Algae,0.76870924,1.1262385
2023-08-31,1,Green_Algae,1.4702122,0.8313311
2023-09-01,1,Green_Algae,0.9918718,1.222324
2023-09-02,1,Green_Algae,0.91562474,0.8934429
2023-09-03,1,Green_Algae,0.70573056,0.95174336
2023-09-04,1,Green_Algae,0.6742999,0.77333695
2023-09-05,1,Green_Algae,1.3842525,0.73773074
2023-09-06,1,Green_Algae,4.9435377,0.9982856
2023-09-07,1,Green_Algae,3.897788,1.8812933
2023-09-08,1,Green_Algae,1.5145657,1.6656091
2023-09-09,1,Green_Algae,0.6406925,1.1028128
2023-09-10,1,Green_Algae,0.33638895,0.67755574
2023-09-11,1,Green_Algae,0.10094779,0.5593457
2023-09-12,1,Green_Algae,0.09816431,0.4589571
2023-09-13,1,Green_Algae,0.2952668,0.43314436
2023-09-14,1,Green_Algae,0.7073095,0.5319521
2023-09-15,1,Green_Algae,1.220801,0.80128545
2023-09-16,1,Green_Algae,0.82873017,1.3208004
2023-09-17,1,Green_Algae,0.7083514,1.005759
2023-09-18,1,Green_Algae,1.3472247,0.826143
2023-09-19,1,Green_Algae,1.9606476,1.3285105
2023-09-20,1,Green_Algae,3.1551094,1.7832799
2023-09-21,1,Green_Algae,4.03383,2.879612
2023-09-22,1,Green_Algae,3.11515,3.299508
2023-09-23,1,Green_Algae,3.0413108,2.8957536
2023-09-24,1,Green_Algae,3.025897,3.1036
2023-09-25,1,Green_Algae,2.150364,2.6872823
2023-09-26,1,Green_Algae,2.4681423,1.9638934
2023-09-27,1,Green_Algae,2.4991379,2.3156998
2023-09-28,1,Green_Algae,2.2806215,2.1007366
2023-09-29,1,Green_Algae,1.9233941,2.0142295
2023-09-30,1,Green_Algae,1.7363886,1.7052487
2023-10-01,1,Green_Algae,2.0806055,1.4163531
2023-10-02,1,Green_Algae,1.3755308,1.648861
2023-10-03,1,Green_Algae,1.3721676,1.0563422
2023-10-04,1,Green_Algae,1.5986129,0.77803844
2023-10-05,1,Green_Algae,1.1944014,0.9491548
2023-10-06,1,Green_Algae,0.4352867,0.6619593
2023-10-07,1,Green_Algae,0.038954273,0.21676461
2023-10-08,1,Green_Algae,0.005254514,0.0002832518
2023-10-09,1,Green_Algae,0.00022059257,-0.03657644
2023-10-10,1,Green_Algae,0.07396206,0.057401635
2023-10-11,1,Green_Algae,0.0044502877,0.16935487
2023-10-12,1,Green_Algae,0.21425903,0.14087734
2023-10-13,1,Green_Algae,0.4240678,0.29481316
2023-10-14,1,Green_Algae,1.2040071,0.6150154
2023-10-15,1,Green_Algae,1.538577,1.403563
2023-10-16,1,Green_Algae,0.91931796,1.5816014
2023-10-17,1,Green_Algae,0.49678364,0.71813583
2023-10-18,1,Green_Algae,0.27720237,0.41543353
2023-10-19,1,Green_Algae,0.060109414,0.28655013
2023-10-20,1,Green_Algae,0.0003220112,0.086270355
2023-10-21,1,Green_Algae,0.0012375681,0.046396635
2023-10-22,1,Green_Algae,0.0032772026,-0.12721784
2023-10-23,1,Green_Algae,0.0053168214,-0.09685929
2023-10-24,1,Green_Algae,0.0073564914,-0.11679672
2023-10-25,1,Green_Algae,0.009396112,-0.07717633
2023-10-26,1,Green_Algae,0.01143575,0.018021936
2023-10-27,1,Green_Algae,0.00014706633,-0.030704856
2023-10-28,1,Green_Algae,0.00014947286,-0.05888619
2023-10-29,1,Green_Algae,0.00015179641,-0.11599672
2023-10-30,1,Green_Algae,0.0036961709,-0.06997966
2023-10-31,1,Green_Algae,5.8028803e-05,-0.019430801
2023-11-01,1,Green_Algae,0.005072786,0.041811187
2023-11-02,1,Green_Algae,0.009415459,0.092161454
2023-11-03,1,Green_Algae,0.23354869,0.03282045
2023-11-04,1,Green_Algae,0.19017506,0.12897407
2023-11-05,1,Green_Algae,0.29466212,0.1026134
2023-11-06,1,Green_Algae,0.52662814,0.29439703
2023-11-07,1,Green_Algae,0.14937869,0.3363254
2023-11-08,1,Green_Algae,0.051346254,0.1441459
2023-11-09,1,Green_Algae,0.0022525839,-0.008688694
2023-11-10,1,Green_Algae,0.0037495536,-0.030666733
2023-11-11,1,Green_Algae,0.00026789785,0.02854553
2023-11-12,1,Green_Algae,0.00030059792,0.0070144488
2023-11-13,1,Green_Algae,0.00033329905,0.06780786
2023-11-14,1,Green_Algae,0.014367214,0.029840866
2023-11-15,1,Green_Algae,0.03973635,0.08042314
2023-11-16,1,Green_Algae,0.08579548,0.10898798
2023-11-17,1,Green_Algae,0.023645498,0.116743445
2023-11-18,1,Green_Algae,0.012744074,0.10356334
2023-11-19,1,Green_Algae,0.013970377,0.1864125
2023-11-20,1,Green_Algae,0.045104496,0.09920335
2023-11-21,1,Green_Algae,0.14602937,0.15184367
2023-11-22,1,Green_Algae,0.18774286,0.14104007
2023-11-23,1,Green_Algae,0.12678686,0.2403904
2023-11-24,1,Green_Algae,0.06583095,0.6029809
2023-11-25,1,Green_Algae,0.0048749987,0.3898018
2023-11-26,1,Green_Algae,0.01300342,0.2543696
2023-11-27,1,Green_Algae,0.0009985091,0.20296952
2023-11-28,1,Green_Algae,0.3965642,0.2343101
2023-11-29,1,Green_Algae,0.7921298,0.62319994
2023-11-30,1,Green_Algae,1.1876955,0.8889401
2023-12-01,1,Green_Algae,0.5417547,1.5855223
2023-12-02,1,Green_Algae,0.28317368,0.5331213
2023-12-03,1,Green_Algae,0.26998764,0.3111581
2023-12-04,1,Green_Algae,0.041641086,0.32774976
2023-12-05,1,Green_Algae,0.007523836,0.19291419
2023-12-06,1,Green_Algae,0.0014946325,0.32750708
2023-12-07,1,Green_Algae,0.051200677,0.2427377
2023-12-08,1,Green_Algae,0.031184377,0.16234827
2023-12-09,1,Green_Algae,0.320014,0.16936128
2023-12-10,1,Green_Algae,0.19122079,0.6328478
2023-12-11,1,Green_Algae,0.9545549,0.48409063
2023-12-12,1,Green_Algae,2.0166812,1.3371295
2023-12-13,1,Green_Algae,1.8324066,2.356734
2023-12-14,1,Green_Algae,1.3901647,1.7149109
2023-12-15,1,Green_Algae,2.1495306,1.3409724
2023-12-16,1,Green_Algae,1.2279633,1.2660023
2023-12-17,1,Green_Algae,0.5186076,0.7488721
2023-12-18,1,Green_Algae,0.2195702,0.20067585
2023-12-19,1,Green_Algae,0.2801519,0.07305861
2023-12-20,1,Green_Algae,0.20370297,0.2156903
2023-12-21,1,Green_Algae,0.061779305,0.111095
2023-12-22,1,Green_Algae,0.047017764,0.05200567
2023-12-23,1,Green_Algae,0.0322563,0.13096626
2023-12-24,1,Green_Algae,0.017494831,0.14573483
2023-12-25,1,Green_Algae,0.0027333545,0.16165912
2023-12-26,1,Green_Algae,0.0019698853,0.1922447
2023-12-27,1,Green_Algae,1.632065,0.40117887
2020-10-29,2,Green_Algae,11.725673,5.02624
2020-10-30,2,Green_Algae,12.17853,6.771102
2020-10-31,2,Green_Algae,6.110087,8.900832
2020-11-01,2,Green_Algae,7.4780245,9.960909
2020-11-02,2,Green_Algae,7.0332804,5.695984
2020-11-03,2,Green_Algae,4.4513035,6.968172
2020-11-04,2,Green_Algae,4.2465425,6.7330117
2020-11-05,2,Green_Algae,3.1390948,4.677839
2020-11-06,2,Green_Algae,4.8471107,4.4685555
2020-11-07,2,Green_Algae,8.74932,3.7270863
2020-11-08,2,Green_Algae,3.445326,5.1706533
2020-11-09,2,Green_Algae,2.8215373,7.918742
2020-11-10,2,Green_Algae,2.7152398,3.9491305
2020-11-11,2,Green_Algae,2.8748477,3.386961
2020-11-12,2,Green_Algae,2.8452773,3.217336
2020-11-13,2,Green_Algae,3.2272646,3.4536972
2020-11-14,2,Green_Algae,4.012611,3.5552862
2020-11-15,2,Green_Algae,3.7066593,3.7686431
2020-11-16,2,Green_Algae,7.032859,4.083138
2020-11-17,2,Green_Algae,7.8307257,4.3359814
2020-11-18,2,Green_Algae,7.7718787,6.5702477
2020-11-19,2,Green_Algae,8.549044,7.150755
2020-11-20,2,Green_Algae,9.32621,6.8019137
2020-11-21,2,Green_Algae,7.3450155,8.251083
2020-11-22,2,Green_Algae,8.40237,7.9428263
2020-11-23,2,Green_Algae,5.0805078,7.143128
2020-11-24,2,Green_Algae,4.5977955,7.657677
2020-11-25,2,Green_Algae,4.178378,5.429688
2020-11-26,2,Green_Algae,8.567597,4.6236
2020-11-27,2,Green_Algae,5.6399274,4.194345
2020-11-28,2,Green_Algae,4.2971926,7.275414
2020-11-29,2,Green_Algae,4.177417,5.2928343
2020-11-30,2,Green_Algae,2.1808684,4.1648617
2020-12-01,2,Green_Algae,2.1362128,4.2043686
2020-12-02,2,Green_Algae,2.365832,2.3570695
2020-12-03,2,Green_Algae,1.8928292,2.1734612
2020-12-04,2,Green_Algae,2.1390448,2.4974484
2020-12-05,2,Green_Algae,1.6092981,2.2362177
2020-12-06,2,Green_Algae,1.7672431,2.2145505
2020-12-07,2,Green_Algae,2.0092976,1.9963963
2020-12-08,2,Green_Algae,2.0687907,1.9767294
2020-12-09,2,Green_Algae,2.93475,2.3443956
2020-12-10,2,Green_Algae,2.2710211,2.2662601
2020-12-11,2,Green_Algae,1.7623245,3.440669
2020-12-12,2,Green_Algae,3.7399058,2.9744315
2020-12-13,2,Green_Algae,7.407639,2.1750174
2020-12-14,2,Green_Algae,1.9868814,3.6941135
2020-12-15,2,Green_Algae,1.3638422,7.7315865
2020-12-16,2,Green_Algae,1.3426266,2.364558
2020-12-17,2,Green_Algae,1.2532657,1.7756734
2020-12-18,2,Green_Algae,1.2750503,1.7752807
2020-12-19,2,Green_Algae,1.6216208,1.9308535
2020-12-20,2,Green_Algae,2.156505,1.8959061
2020-12-21,2,Green_Algae,1.9927878,2.310154
2020-12-22,2,Green_Algae,1.9692179,2.994975
2020-12-23,2,Green_Algae,2.3798406,3.0910268
2020-12-24,2,Green_Algae,3.1014483,3.120119
2020-12-25,2,Green_Algae,2.8246055,4.0965586
2020-12-26,2,Green_Algae,2.7126286,4.0754204
2020-12-27,2,Green_Algae,3.4823534,3.6399462
2020-12-28,2,Green_Algae,8.607523,3.8682742
2020-12-29,2,Green_Algae,8.2660055,4.7869473
2020-12-30,2,Green_Algae,7.924486,9.783654
2020-12-31,2,Green_Algae,6.428473,9.805194
2021-01-01,2,Green_Algae,2.98945,7.1254
2021-01-02,2,Green_Algae,1.3053657,7.0307302
2021-01-03,2,Green_Algae,1.2917366,3.4725924
2021-01-04,2,Green_Algae,1.1487111,2.1540148
2021-01-05,2,Green_Algae,1.2107966,2.1633327
2021-01-06,2,Green_Algae,1.9978639,2.2461061
2021-01-07,2,Green_Algae,3.2746053,2.293017
2021-01-08,2,Green_Algae,1.283966,3.240784
2021-01-09,2,Green_Algae,1.3706295,4.2017365
2021-01-10,2,Green_Algae,0.95188135,2.184036
2021-01-11,2,Green_Algae,1.2131643,1.9473522
2021-01-12,2,Green_Algae,2.0453835,1.770096
2021-01-13,2,Green_Algae,2.094508,1.8560554
2021-01-14,2,Green_Algae,2.0917065,2.5987098
2021-01-15,2,Green_Algae,1.7256553,2.925474
2021-01-16,2,Green_Algae,2.0362563,3.0991893
2021-01-17,2,Green_Algae,3.533249,2.9403481
2021-01-18,2,Green_Algae,3.6137555,3.2265964
2021-01-19,2,Green_Algae,3.1941895,3.7337124
2021-01-20,2,Green_Algae,4.403502,3.8750436
2021-01-21,2,Green_Algae,5.758683,3.956756
2021-01-22,2,Green_Algae,6.35937,6.2854886
2021-01-23,2,Green_Algae,8.876309,7.5444593
2021-01-24,2,Green_Algae,5.43191,7.610231
2021-01-25,2,Green_Algae,6.235949,8.5286255
2021-01-26,2,Green_Algae,6.5830173,6.5204926
2021-01-27,2,Green_Algae,7.649797,7.466066
2021-01-28,2,Green_Algae,5.225948,6.695318
2021-01-29,2,Green_Algae,7.1872573,7.52885
2021-01-30,2,Green_Algae,7.827323,5.86065
2021-01-31,2,Green_Algae,6.1937,6.4796014
2021-02-01,2,Green_Algae,5.721615,6.888013
2021-02-02,2,Green_Algae,5.1455975,6.624931
2021-02-03,2,Green_Algae,4.142368,6.952083
2021-02-04,2,Green_Algae,4.6842937,6.3205976
2021-02-05,2,Green_Algae,4.7972736,5.393192
2021-02-06,2,Green_Algae,4.5424547,6.206877
2021-02-07,2,Green_Algae,4.4105067,6.6773396
2021-02-08,2,Green_Algae,4.6066475,6.4726486
2021-02-09,2,Green_Algae,5.280211,6.0486693
2021-02-10,2,Green_Algae,7.288978,6.181867
2021-02-11,2,Green_Algae,4.65887,6.6005244
2021-02-12,2,Green_Algae,3.413034,7.068334
2021-02-13,2,Green_Algae,8.17764,5.191434
2021-02-14,2,Green_Algae,5.1429377,4.9180465
2021-02-15,2,Green_Algae,4.1539435,8.660438
2021-02-16,2,Green_Algae,4.581317,6.8654885
2021-02-17,2,Green_Algae,4.9817367,5.7183275
2021-02-18,2,Green_Algae,3.35322,6.106771
2021-02-19,2,Green_Algae,4.2448187,5.8323283
2021-02-20,2,Green_Algae,4.0317235,4.5382013
2021-02-21,2,Green_Algae,4.087482,5.50647
2021-02-22,2,Green_Algae,3.9634469,5.0497284
2021-02-23,2,Green_Algae,4.5633674,5.4170876
2021-02-24,2,Green_Algae,4.220355,5.0960717
2021-02-25,2,Green_Algae,5.1449275,5.1988645
2021-02-26,2,Green_Algae,5.1236477,4.9073067
2021-02-27,2,Green_Algae,4.096351,5.784743
2021-02-28,2,Green_Algae,3.4184105,5.8449736
2021-03-01,2,Green_Algae,2.6066442,4.765177
2021-03-02,2,Green_Algae,2.469205,4.2099557
2021-03-03,2,Green_Algae,3.3989074,3.0378008
2021-03-04,2,Green_Algae,2.2061434,2.8726423
2021-03-05,2,Green_Algae,0.93730825,3.8895683
2021-03-06,2,Green_Algae,0.17130968,2.6878545
2021-03-07,2,Green_Algae,0.21163534,1.502927
2021-03-08,2,Green_Algae,0.51324403,0.87377304
2021-03-09,2,Green_Algae,0.7416932,0.7513696
2021-03-10,2,Green_Algae,1.1518161,1.2045835
2021-03-11,2,Green_Algae,3.0430608,1.6616771
2021-03-12,2,Green_Algae,5.624233,2.4812663
2021-03-13,2,Green_Algae,9.781874,4.8147144
2021-03-14,2,Green_Algae,6.138524,7.6145754
2021-03-15,2,Green_Algae,5.632489,10.287184
2021-03-16,2,Green_Algae,4.6865773,6.7123284
2021-03-17,2,Green_Algae,4.3283215,6.1604543
2021-03-18,2,Green_Algae,3.7387772,5.0956006
2021-03-19,2,Green_Algae,2.8026774,4.0060067
2021-03-20,2,Green_Algae,3.1857598,3.681895
2021-03-21,2,Green_Algae,2.456903,3.0387237
2021-03-22,2,Green_Algae,0.9018451,3.0515473
2021-03-23,2,Green_Algae,0.6790297,2.5316322
2021-03-24,2,Green_Algae,1.005638,1.9177254
2021-03-25,2,Green_Algae,0.83578366,1.6069894
2021-03-26,2,Green_Algae,1.0689725,1.7131795
2021-03-27,2,Green_Algae,1.7590731,1.785343
2021-03-28,2,Green_Algae,4.083432,2.1545327
2021-03-29,2,Green_Algae,7.1401954,3.1623914
2021-03-30,2,Green_Algae,10.209595,5.4822803
2021-03-31,2,Green_Algae,10.649694,8.905603
2021-04-01,2,Green_Algae,9.618863,10.809227
2021-04-02,2,Green_Algae,9.679638,10.347433
2021-04-03,2,Green_Algae,8.492021,8.079111
2021-04-04,2,Green_Algae,5.522469,6.7439747
2021-04-05,2,Green_Algae,3.8875976,6.495727
2021-04-06,2,Green_Algae,3.7225616,4.8062277
2021-04-07,2,Green_Algae,4.1317596,3.874937
2021-04-08,2,Green_Algae,3.7241824,3.8106937
2021-04-09,2,Green_Algae,2.9264905,4.120969
2021-04-10,2,Green_Algae,3.0117583,3.8277402
2021-04-11,2,Green_Algae,3.7558973,3.6639647
2021-04-12,2,Green_Algae,7.548631,3.8943653
2021-04-13,2,Green_Algae,8.276589,4.7252884
2021-04-14,2,Green_Algae,7.5179367,8.042805
2021-04-15,2,Green_Algae,7.9862165,9.310391
2021-04-16,2,Green_Algae,8.454495,8.724223
2021-04-17,2,Green_Algae,10.411622,8.299022
2021-04-18,2,Green_Algae,8.3863945,8.510808
2021-04-19,2,Green_Algae,7.374504,10.39377
2021-04-20,2,Green_Algae,7.4743953,7.9958687
2021-04-21,2,Green_Algae,7.563512,7.26263
2021-04-22,2,Green_Algae,9.42714,6.9862995
2021-04-23,2,Green_Algae,9.938813,7.2770996
2021-04-24,2,Green_Algae,9.186256,8.890624
2021-04-25,2,Green_Algae,13.211926,9.967907
2021-04-26,2,Green_Algae,11.542995,9.981326
2021-04-27,2,Green_Algae,8.482055,10.318199
2021-04-28,2,Green_Algae,4.98898,7.9248834
2021-04-29,2,Green_Algae,3.1451302,6.3120203
2021-04-30,2,Green_Algae,3.3468668,4.364964
2021-05-01,2,Green_Algae,8.648813,3.916599
2021-05-02,2,Green_Algae,10.776056,3.751126
2021-05-03,2,Green_Algae,10.448346,6.759202
2021-05-04,2,Green_Algae,5.103333,8.328837
2021-05-05,2,Green_Algae,5.319554,8.996349
2021-05-06,2,Green_Algae,6.643535,5.879437
2021-05-07,2,Green_Algae,6.72064,6.1326785
2021-05-08,2,Green_Algae,10.374625,7.1751246
2021-05-09,2,Green_Algae,12.880029,6.9822574
2021-05-10,2,Green_Algae,9.980102,9.1623535
2021-05-11,2,Green_Algae,10.452174,11.148908
2021-05-12,2,Green_Algae,10.924248,9.493357
2021-05-13,2,Green_Algae,11.39632,11.140255
2021-05-14,2,Green_Algae,11.868393,11.661758
2021-05-15,2,Green_Algae,10.393691,13.983344
2021-05-16,2,Green_Algae,7.7878942,10.526319
2021-05-17,2,Green_Algae,7.7099423,9.25028
2021-05-18,2,Green_Algae,7.9545946,7.689674
2021-05-19,2,Green_Algae,6.14866,7.7516875
2021-05-20,2,Green_Algae,6.4745946,8.274892
2021-05-21,2,Green_Algae,6.249631,6.5482206
2021-05-22,2,Green_Algae,9.313534,6.912634
2021-05-23,2,Green_Algae,8.771644,6.587273
2021-05-24,2,Green_Algae,12.235818,7.926261
2021-05-25,2,Green_Algae,7.2883067,7.1666255
2021-05-26,2,Green_Algae,7.12322,9.391001
2021-05-27,2,Green_Algae,13.128756,7.6148014
2021-05-28,2,Green_Algae,12.951473,7.2638125
2021-05-29,2,Green_Algae,12.77419,9.098646
2021-05-30,2,Green_Algae,4.561085,9.886035
2021-05-31,2,Green_Algae,2.984026,8.307826
2021-06-01,2,Green_Algae,3.477842,4.6194887
2021-06-02,2,Green_Algae,3.0301087,3.4974177
2021-06-03,2,Green_Algae,2.9474874,3.3797388
2021-06-04,2,Green_Algae,3.87105,3.0764132
2021-06-05,2,Green_Algae,3.5815134,3.0840557
2021-06-06,2,Green_Algae,3.5015206,3.9236925
2021-06-07,2,Green_Algae,4.0479884,4.0411325
2021-06-08,2,Green_Algae,5.4210563,4.494598
2021-06-09,2,Green_Algae,3.706534,5.2631607
2021-06-10,2,Green_Algae,5.004493,6.5786304
2021-06-11,2,Green_Algae,6.557851,5.021985
2021-06-12,2,Green_Algae,10.4747505,6.298723
2021-06-13,2,Green_Algae,11.396228,7.432385
2021-06-14,2,Green_Algae,12.317705,9.662935
2021-06-15,2,Green_Algae,12.765958,10.8024435
2021-06-16,2,Green_Algae,13.214211,9.907049
2021-06-17,2,Green_Algae,13.662464,12.086193
2021-06-18,2,Green_Algae,14.110718,13.165991
2021-06-19,2,Green_Algae,12.694961,12.187846
2021-06-20,2,Green_Algae,13.068725,10.205551
2021-06-21,2,Green_Algae,6.759349,9.5027895
2021-06-22,2,Green_Algae,4.531797,9.498043
2021-06-23,2,Green_Algae,4.704233,6.2573338
2021-06-24,2,Green_Algae,4.3103833,5.233749
2021-06-25,2,Green_Algae,4.245991,5.5323143
2021-06-26,2,Green_Algae,3.8047178,5.784849
2021-06-27,2,Green_Algae,9.500919,6.281367
2021-06-28,2,Green_Algae,14.259275,4.8809967
2021-06-29,2,Green_Algae,13.726238,8.505694
2021-06-30,2,Green_Algae,10.054623,9.384749
2021-07-01,2,Green_Algae,10.233351,8.984683
2021-07-02,2,Green_Algae,11.377681,7.298274
2021-07-03,2,Green_Algae,13.92809,8.966108
2021-07-04,2,Green_Algae,9.610976,9.871873
2021-07-05,2,Green_Algae,13.8032055,11.232385
2021-07-06,2,Green_Algae,12.07648,7.971747
2021-07-07,2,Green_Algae,9.815504,10.042162
2021-07-08,2,Green_Algae,10.952688,9.04921
2021-07-09,2,Green_Algae,5.504181,8.431844
2021-07-10,2,Green_Algae,6.883577,9.298953
2021-07-11,2,Green_Algae,6.383121,5.793441
2021-07-12,2,Green_Algae,8.041389,6.4289393
2021-07-13,2,Green_Algae,7.1555495,6.7042456
2021-07-14,2,Green_Algae,7.182688,7.711042
2021-07-15,2,Green_Algae,7.2098265,7.3400626
2021-07-16,2,Green_Algae,7.2369647,9.215061
2021-07-17,2,Green_Algae,7.2641034,10.059253
2021-07-18,2,Green_Algae,7.291241,9.902574
2021-07-19,2,Green_Algae,7.3183794,10.220331
2021-07-20,2,Green_Algae,7.345518,9.320287
2021-07-21,2,Green_Algae,4.656155,7.494137
2021-07-22,2,Green_Algae,5.656749,6.0354857
2021-07-23,2,Green_Algae,11.975569,5.1747284
2021-07-24,2,Green_Algae,13.560905,5.668465
2021-07-25,2,Green_Algae,13.088494,9.610498
2021-07-26,2,Green_Algae,11.472322,11.561585
2021-07-27,2,Green_Algae,9.366954,11.495168
2021-07-28,2,Green_Algae,6.655246,8.970374
2021-07-29,2,Green_Algae,7.9549346,7.5092297
2021-07-30,2,Green_Algae,7.1069007,5.6574173
2021-07-31,2,Green_Algae,8.990673,6.9635425
2021-08-01,2,Green_Algae,10.385311,7.379216
2021-08-02,2,Green_Algae,10.719529,7.5828824
2021-08-03,2,Green_Algae,7.1092253,8.018948
2021-08-04,2,Green_Algae,4.9593773,7.3391533
2021-08-05,2,Green_Algae,3.0356264,5.3781962
2021-08-06,2,Green_Algae,2.0601811,4.501169
2021-08-07,2,Green_Algae,2.8934517,3.4468598
2021-08-08,2,Green_Algae,3.3419957,2.7126746
2021-08-09,2,Green_Algae,3.5262926,3.0257826
2021-08-10,2,Green_Algae,2.9024384,3.725356
2021-08-11,2,Green_Algae,3.434081,4.500556
2021-08-12,2,Green_Algae,4.609233,4.088271
2021-08-13,2,Green_Algae,4.0192776,4.4366817
2021-08-14,2,Green_Algae,7.171199,5.5114903
2021-08-15,2,Green_Algae,10.603491,4.7494583
2021-08-16,2,Green_Algae,8.529735,7.280547
2021-08-17,2,Green_Algae,6.9491796,9.228792
2021-08-18,2,Green_Algae,8.951539,7.935299
2021-08-19,2,Green_Algae,11.542151,6.0723877
2021-08-20,2,Green_Algae,10.700407,7.974693
2021-08-21,2,Green_Algae,7.8352175,9.188043
2021-08-22,2,Green_Algae,12.8495455,9.564999
2021-08-23,2,Green_Algae,13.118637,8.14367
2021-08-24,2,Green_Algae,10.933848,9.549228
2021-08-25,2,Green_Algae,12.0906725,10.678526
2021-08-26,2,Green_Algae,10.43034,9.356109
2021-08-27,2,Green_Algae,9.773435,9.5053425
2021-08-28,2,Green_Algae,8.390406,8.359113
2021-08-29,2,Green_Algae,7.821752,7.4816914
2021-08-30,2,Green_Algae,6.5187182,6.245795
2021-08-31,2,Green_Algae,5.8044934,5.902516
2021-09-01,2,Green_Algae,5.0743923,5.3808684
2021-09-02,2,Green_Algae,4.311918,5.7137346
2021-09-03,2,Green_Algae,3.3487916,5.3669558
2021-09-04,2,Green_Algae,4.701462,4.748294
2021-09-05,2,Green_Algae,5.0674095,4.253424
2021-09-06,2,Green_Algae,3.518864,5.238844
2021-09-07,2,Green_Algae,3.1971326,5.534633
2021-09-08,2,Green_Algae,3.5374892,4.401716
2021-09-09,2,Green_Algae,6.4463677,3.8872178
2021-09-10,2,Green_Algae,6.842923,4.065593
2021-09-11,2,Green_Algae,8.631598,5.778276
2021-09-12,2,Green_Algae,8.282877,5.4405184
2021-09-13,2,Green_Algae,7.9341564,6.828062
2021-09-14,2,Green_Algae,7.505728,7.290389
2021-09-15,2,Green_Algae,4.8467994,6.066076
2021-09-16,2,Green_Algae,4.3901086,6.0652976
2021-09-17,2,Green_Algae,3.1355467,4.8285713
2021-09-18,2,Green_Algae,2.5354092,4.742574
2021-09-19,2,Green_Algae,2.8781462,3.9937525
2021-09-20,2,Green_Algae,2.8740985,3.5482101
2021-09-21,2,Green_Algae,2.339877,3.9950662
2021-09-22,2,Green_Algae,3.6420565,3.8115819
2021-09-23,2,Green_Algae,3.4891088,3.346155
2021-09-24,2,Green_Algae,3.0315206,3.9330602
2021-09-25,2,Green_Algae,2.7386677,3.9818113
2021-09-26,2,Green_Algae,2.8449023,3.6445374
2021-09-27,2,Green_Algae,2.898798,3.4239724
2021-09-28,2,Green_Algae,2.80811,3.3083432
2021-09-29,2,Green_Algae,3.1477988,3.5248053
2021-09-30,2,Green_Algae,3.8165677,3.3304162
2021-10-01,2,Green_Algae,2.884149,3.5302444
2021-10-02,2,Green_Algae,2.3285825,3.8474455
2021-10-03,2,Green_Algae,2.7246957,3.4759693
2021-10-04,2,Green_Algae,2.9625897,3.2574058
2021-10-05,2,Green_Algae,3.2004838,3.4987736
2021-10-06,2,Green_Algae,3.4383776,3.7251601
2021-10-07,2,Green_Algae,3.6762717,3.9357414
2021-10-08,2,Green_Algae,3.9141655,3.957074
2021-10-09,2,Green_Algae,4.1520596,4.380718
2021-10-10,2,Green_Algae,4.3899536,4.655179
2021-10-11,2,Green_Algae,4.6278477,4.5105453
2021-10-12,2,Green_Algae,4.9418287,4.4660935
2021-10-13,2,Green_Algae,4.673613,4.5624866
2021-10-14,2,Green_Algae,4.5442286,4.627947
2021-10-15,2,Green_Algae,8.768624,4.6955404
2021-10-16,2,Green_Algae,8.054786,4.645512
2021-10-17,2,Green_Algae,3.8535652,6.5378513
2021-10-18,2,Green_Algae,3.6656222,6.491463
2021-10-19,2,Green_Algae,3.690036,3.9039142
2021-10-20,2,Green_Algae,3.5357091,3.7166438
2021-10-21,2,Green_Algae,3.6526122,3.935753
2021-10-22,2,Green_Algae,3.1038206,3.7474265
2021-10-23,2,Green_Algae,2.7547975,3.9382188
2021-10-24,2,Green_Algae,2.6743922,4.097084
2021-10-25,2,Green_Algae,2.6642506,3.969171
2021-10-26,2,Green_Algae,3.2695441,3.872752
2021-10-27,2,Green_Algae,6.4926195,4.150104
2021-10-28,2,Green_Algae,8.997244,4.738449
2021-10-29,2,Green_Algae,9.55448,7.617591
2021-10-30,2,Green_Algae,6.1581116,9.771246
2021-10-31,2,Green_Algae,5.569472,9.475596
2021-11-01,2,Green_Algae,4.880246,6.699362
2021-11-02,2,Green_Algae,6.240745,5.984032
2021-11-03,2,Green_Algae,7.868003,5.586848
2021-11-04,2,Green_Algae,5.39335,6.810522
2021-11-05,2,Green_Algae,2.8083358,7.5761757
2021-11-06,2,Green_Algae,4.1119175,6.0878863
2021-11-07,2,Green_Algae,5.8138523,3.742963
2021-11-08,2,Green_Algae,5.6319323,5.07081
2021-11-09,2,Green_Algae,4.463618,6.854456
2021-11-10,2,Green_Algae,5.127321,6.1292615
2021-11-11,2,Green_Algae,3.3585093,5.3624353
2021-11-12,2,Green_Algae,2.6787329,5.800393
2021-11-13,2,Green_Algae,2.9060419,4.2946157
2021-11-14,2,Green_Algae,2.3626916,3.6067686
2021-11-15,2,Green_Algae,2.3225126,3.7593694
2021-11-16,2,Green_Algae,2.5409632,3.1605694
2021-11-17,2,Green_Algae,2.2751682,3.002933
2021-11-18,2,Green_Algae,1.9986252,3.176315
2021-11-19,2,Green_Algae,1.6795293,3.061858
2021-11-20,2,Green_Algae,1.8916438,2.8138654
2021-11-21,2,Green_Algae,2.7642143,2.273217
2021-11-22,2,Green_Algae,3.023097,2.2263079
2021-11-23,2,Green_Algae,1.7613965,3.0408132
2021-11-24,2,Green_Algae,1.8678365,3.042233
2021-11-25,2,Green_Algae,1.7351195,2.0441897
2021-11-26,2,Green_Algae,1.7887771,2.0830688
2021-11-27,2,Green_Algae,1.8194356,2.0856497
2021-11-28,2,Green_Algae,2.1925688,2.1547382
2021-11-29,2,Green_Algae,2.8506155,2.286115
2021-11-30,2,Green_Algae,3.7936785,2.5468316
2021-12-01,2,Green_Algae,3.2888849,3.2460623
2021-12-02,2,Green_Algae,3.20601,4.2982645
2021-12-03,2,Green_Algae,3.1972845,3.5987067
2021-12-04,2,Green_Algae,2.9100072,3.4462633
2021-12-05,2,Green_Algae,3.0636685,3.597724
2021-12-06,2,Green_Algae,3.0413218,3.3434312
2021-12-07,2,Green_Algae,2.8179595,3.470519
2021-12-08,2,Green_Algae,2.9317937,3.5516315
2021-12-09,2,Green_Algae,2.873556,3.3311064
2021-12-10,2,Green_Algae,3.0364544,3.373733
2021-12-11,2,Green_Algae,3.930644,3.4766912
2021-12-12,2,Green_Algae,3.436191,3.5951886
2021-12-13,2,Green_Algae,3.863864,4.6052775
2021-12-14,2,Green_Algae,4.217301,4.036335
2021-12-15,2,Green_Algae,4.429001,4.586849
2021-12-16,2,Green_Algae,4.6556263,5.126437
2021-12-17,2,Green_Algae,4.838226,5.553315
2021-12-18,2,Green_Algae,4.1352496,5.473281
2021-12-19,2,Green_Algae,3.6960173,4.6098504
2021-12-20,2,Green_Algae,3.0439653,4.164246
2021-12-21,2,Green_Algae,2.7047684,4.087922
2021-12-22,2,Green_Algae,4.257923,3.5023155
2021-12-23,2,Green_Algae,3.2951374,3.2877116
2021-12-24,2,Green_Algae,2.3909624,4.1152163
2021-12-25,2,Green_Algae,2.1861448,5.0654154
2021-12-26,2,Green_Algae,1.7530535,4.37745
2021-12-27,2,Green_Algae,1.9872879,3.2092085
2021-12-28,2,Green_Algae,2.2317348,2.8600285
2021-12-29,2,Green_Algae,2.0643368,3.000972
2021-12-30,2,Green_Algae,1.9601592,3.5956342
2021-12-31,2,Green_Algae,2.126949,3.1428726
2022-01-01,2,Green_Algae,2.2531767,3.5907052
2022-01-02,2,Green_Algae,2.1239364,3.1370273
2022-01-03,2,Green_Algae,2.5416799,3.143461
2022-01-04,2,Green_Algae,3.3833745,2.796695
2022-01-05,2,Green_Algae,6.9222884,3.1039255
2022-01-06,2,Green_Algae,5.645869,4.1045465
2022-01-07,2,Green_Algae,4.3694496,7.0628085
2022-01-08,2,Green_Algae,6.313483,6.212157
2022-01-09,2,Green_Algae,4.849971,4.6348033
2022-01-10,2,Green_Algae,6.5303836,5.8277917
2022-01-11,2,Green_Algae,7.1293488,4.7422385
2022-01-12,2,Green_Algae,3.0731115,5.531312
2022-01-13,2,Green_Algae,2.084052,4.905159
2022-01-14,2,Green_Algae,1.3035264,2.713905
2022-01-15,2,Green_Algae,2.1528146,1.9981143
2022-01-16,2,Green_Algae,2.2154775,1.5626502
2022-01-17,2,Green_Algae,1.8509052,2.373362
2022-01-18,2,Green_Algae,3.0125198,2.7647955
2022-01-19,2,Green_Algae,2.9266691,2.501576
2022-01-20,2,Green_Algae,3.0848227,3.6430578
2022-01-21,2,Green_Algae,3.732527,3.67594
2022-01-22,2,Green_Algae,4.3433237,3.8000333
2022-01-23,2,Green_Algae,6.2519803,4.306992
2022-01-24,2,Green_Algae,8.160637,4.573669
2022-01-25,2,Green_Algae,8.239467,7.8242583
2022-01-26,2,Green_Algae,8.318296,7.101178
2022-01-27,2,Green_Algae,8.397126,7.8552456
2022-01-28,2,Green_Algae,8.475957,7.665319
2022-01-29,2,Green_Algae,8.554788,7.7237716
2022-01-30,2,Green_Algae,8.633616,7.474149
2022-01-31,2,Green_Algae,5.246442,6.0589347
2022-02-01,2,Green_Algae,3.9920294,5.7007985
2022-02-02,2,Green_Algae,4.695028,3.8918726
2022-02-03,2,Green_Algae,2.7493696,3.201446
2022-02-04,2,Green_Algae,2.88272,3.759121
2022-02-05,2,Green_Algae,2.763606,2.7455392
2022-02-06,2,Green_Algae,2.1112866,3.4146416
2022-02-07,2,Green_Algae,2.4319632,3.660368
2022-02-08,2,Green_Algae,2.2566342,2.8182542
2022-02-09,2,Green_Algae,2.6009963,3.4993858
2022-02-10,2,Green_Algae,2.5740855,3.8536186
2022-02-11,2,Green_Algae,2.7089677,4.0618167
2022-02-12,2,Green_Algae,3.126954,3.962822
2022-02-13,2,Green_Algae,4.3236074,3.3935773
2022-02-14,2,Green_Algae,3.448381,4.4879
2022-02-15,2,Green_Algae,3.5295143,5.1925554
2022-02-16,2,Green_Algae,4.1974835,4.2078633
2022-02-17,2,Green_Algae,4.8904557,4.2176046
2022-02-18,2,Green_Algae,6.0933433,4.700704
2022-02-19,2,Green_Algae,4.131527,6.3006773
2022-02-20,2,Green_Algae,2.946324,5.8506293
2022-02-21,2,Green_Algae,2.2808762,4.8745465
2022-02-22,2,Green_Algae,1.969732,2.6353593
2022-02-23,2,Green_Algae,1.8481604,2.1229186
2022-02-24,2,Green_Algae,1.970211,2.1671357
2022-02-25,2,Green_Algae,2.0456758,2.1447585
2022-02-26,2,Green_Algae,2.1211405,2.118627
2022-02-27,2,Green_Algae,2.1966052,2.220589
2022-02-28,2,Green_Algae,2.1446164,2.4270527
2022-03-01,2,Green_Algae,2.8918037,2.461187
2022-03-02,2,Green_Algae,3.3747232,2.3248158
2022-03-03,2,Green_Algae,4.975467,2.9538186
2022-03-04,2,Green_Algae,5.8857384,4.665267
2022-03-05,2,Green_Algae,7.7702246,6.5361533
2022-03-06,2,Green_Algae,7.406918,7.609118
2022-03-07,2,Green_Algae,8.624261,8.602864
2022-03-08,2,Green_Algae,5.739247,8.583064
2022-03-09,2,Green_Algae,4.569587,9.132161
2022-03-10,2,Green_Algae,4.6664295,6.606556
2022-03-11,2,Green_Algae,6.601842,5.495518
2022-03-12,2,Green_Algae,7.0578914,6.3747506
2022-03-13,2,Green_Algae,9.441289,9.430026
2022-03-14,2,Green_Algae,10.154751,9.819111
2022-03-15,2,Green_Algae,10.868213,10.824673
2022-03-16,2,Green_Algae,10.484943,11.131343
2022-03-17,2,Green_Algae,10.101673,11.344881
2022-03-18,2,Green_Algae,10.141577,11.501526
2022-03-19,2,Green_Algae,10.18148,10.377524
2022-03-20,2,Green_Algae,10.221386,9.746601
2022-03-21,2,Green_Algae,6.8799276,8.930297
2022-03-22,2,Green_Algae,6.111058,8.296453
2022-03-23,2,Green_Algae,3.9833503,5.1975684
2022-03-24,2,Green_Algae,2.6831644,4.685695
2022-03-25,2,Green_Algae,2.11021,3.1295698
2022-03-26,2,Green_Algae,2.3608906,2.4980826
2022-03-27,2,Green_Algae,2.612607,2.9116712
2022-03-28,2,Green_Algae,3.0601304,3.3178656
2022-03-29,2,Green_Algae,3.0547757,2.745379
2022-03-30,2,Green_Algae,2.5692663,2.7985098
2022-03-31,2,Green_Algae,2.7219045,2.5082266
2022-04-01,2,Green_Algae,3.1004643,2.3181973
2022-04-02,2,Green_Algae,2.2594109,2.450963
2022-04-03,2,Green_Algae,1.953816,3.151402
2022-04-04,2,Green_Algae,1.918588,2.5860252
2022-04-05,2,Green_Algae,2.3214595,2.433805
2022-04-06,2,Green_Algae,2.560116,2.6206825
2022-04-07,2,Green_Algae,3.2719536,3.122526
2022-04-08,2,Green_Algae,4.419464,3.1753676
2022-04-09,2,Green_Algae,4.504269,4.1690707
2022-04-10,2,Green_Algae,4.89147,5.5629444
2022-04-11,2,Green_Algae,6.268174,5.78068
2022-04-12,2,Green_Algae,7.3437877,6.04001
2022-04-13,2,Green_Algae,9.499956,6.9475865
2022-04-14,2,Green_Algae,10.740788,8.370489
2022-04-15,2,Green_Algae,8.073318,9.786166
2022-04-16,2,Green_Algae,7.630758,10.605501
2022-04-17,2,Green_Algae,6.9328403,8.831968
2022-04-18,2,Green_Algae,6.5577283,7.5463204
2022-04-19,2,Green_Algae,3.7500434,6.5042768
2022-04-20,2,Green_Algae,3.4992976,5.3293796
2022-04-21,2,Green_Algae,4.348203,3.04491
2022-04-22,2,Green_Algae,5.875435,3.37367
2022-04-23,2,Green_Algae,8.554278,3.4753768
2022-04-24,2,Green_Algae,10.74772,5.1589956
2022-04-25,2,Green_Algae,10.313055,7.9525766
2022-04-26,2,Green_Algae,10.031486,8.36863
2022-04-27,2,Green_Algae,9.749915,8.155357
2022-04-28,2,Green_Algae,9.468344,7.6518536
2022-04-29,2,Green_Algae,6.3907814,7.18018
2022-04-30,2,Green_Algae,2.7383044,6.2105904
2022-05-01,2,Green_Algae,1.9100943,4.5736957
2022-05-02,2,Green_Algae,1.4387971,3.3457494
2022-05-03,2,Green_Algae,1.6956812,2.627864
2022-05-04,2,Green_Algae,2.9322464,1.9486622
2022-05-05,2,Green_Algae,4.024558,2.1889338
2022-05-06,2,Green_Algae,7.546461,3.7933311
2022-05-07,2,Green_Algae,8.4868555,4.8406067
2022-05-08,2,Green_Algae,8.025366,7.6148906
2022-05-09,2,Green_Algae,7.563878,8.441979
2022-05-10,2,Green_Algae,3.786575,6.4530926
2022-05-11,2,Green_Algae,2.6313117,5.6147666
2022-05-12,2,Green_Algae,2.673943,2.6175363
2022-05-13,2,Green_Algae,3.6793551,2.1488276
2022-05-14,2,Green_Algae,3.5523696,2.4621563
2022-05-15,2,Green_Algae,2.8397105,2.6967783
2022-05-16,2,Green_Algae,2.6588566,2.4478433
2022-05-17,2,Green_Algae,2.5439029,2.2664905
2022-05-18,2,Green_Algae,1.9558738,2.0489006
2022-05-19,2,Green_Algae,2.2352676,2.2212281
2022-05-20,2,Green_Algae,3.8337293,2.1536882
2022-05-21,2,Green_Algae,6.6012907,2.1607985
2022-05-22,2,Green_Algae,4.1062393,3.2624874
2022-05-23,2,Green_Algae,3.8795009,5.676754
2022-05-24,2,Green_Algae,3.7486677,3.8521733
2022-05-25,2,Green_Algae,2.5144565,3.3813546
2022-05-26,2,Green_Algae,2.628731,3.4620728
2022-05-27,2,Green_Algae,2.336657,2.5438247
2022-05-28,2,Green_Algae,1.8927444,2.5709553
2022-05-29,2,Green_Algae,1.7338868,2.1327097
2022-05-30,2,Green_Algae,2.055707,1.9802253
2022-05-31,2,Green_Algae,2.7962682,1.6739297
2022-06-01,2,Green_Algae,2.4670553,1.8293399
2022-06-02,2,Green_Algae,2.5074983,2.016663
2022-06-03,2,Green_Algae,3.3220377,1.993908
2022-06-04,2,Green_Algae,2.913029,1.9715254
2022-06-05,2,Green_Algae,3.21664,2.232901
2022-06-06,2,Green_Algae,3.0336015,2.1480987
2022-06-07,2,Green_Algae,2.016884,2.22049
2022-06-08,2,Green_Algae,0.71460867,2.2469015
2022-06-09,2,Green_Algae,1.4329565,1.8998051
2022-06-10,2,Green_Algae,1.2493777,1.0553699
2022-06-11,2,Green_Algae,1.7778566,1.1216267
2022-06-12,2,Green_Algae,1.9454993,1.0238051
2022-06-13,2,Green_Algae,1.383483,1.2321274
2022-06-14,2,Green_Algae,0.17669071,1.4115638
2022-06-15,2,Green_Algae,0.1694878,1.1620218
2022-06-16,2,Green_Algae,1.6111215,0.5744516
2022-06-17,2,Green_Algae,1.4915413,0.34984088
2022-06-18,2,Green_Algae,1.3510724,0.7818673
2022-06-19,2,Green_Algae,1.4114358,1.0568486
2022-06-20,2,Green_Algae,1.2985806,1.3707244
2022-06-21,2,Green_Algae,1.315047,1.604757
2022-06-22,2,Green_Algae,1.1877986,1.6922245
2022-06-23,2,Green_Algae,0.20468882,1.8682567
2022-06-24,2,Green_Algae,0.9321283,1.8238933
2022-06-25,2,Green_Algae,2.667632,0.923241
2022-06-26,2,Green_Algae,2.3597465,1.1007575
2022-06-27,2,Green_Algae,2.4025416,2.2400436
2022-06-28,2,Green_Algae,2.6718307,2.3185089
2022-06-29,2,Green_Algae,2.6384616,2.4439776
2022-06-30,2,Green_Algae,3.7917957,2.8031938
2022-07-01,2,Green_Algae,3.6459014,2.5821605
2022-07-02,2,Green_Algae,3.1270165,3.314124
2022-07-03,2,Green_Algae,2.8873951,3.4588025
2022-07-04,2,Green_Algae,3.3072195,3.0102725
2022-07-05,2,Green_Algae,2.865286,2.7147584
2022-07-06,2,Green_Algae,2.9233165,2.8073392
2022-07-07,2,Green_Algae,2.1893845,2.5055456
2022-07-08,2,Green_Algae,1.9153528,2.546324
2022-07-09,2,Green_Algae,2.0919194,2.2050412
2022-07-10,2,Green_Algae,3.2985039,2.2326746
2022-07-11,2,Green_Algae,4.8211155,2.3723607
2022-07-12,2,Green_Algae,5.138985,3.4645984
2022-07-13,2,Green_Algae,5.002174,4.4144034
2022-07-14,2,Green_Algae,9.229062,4.5719194
2022-07-15,2,Green_Algae,8.125591,4.5419593
2022-07-16,2,Green_Algae,7.02212,6.5696096
2022-07-17,2,Green_Algae,5.9186487,6.8558626
2022-07-18,2,Green_Algae,4.815178,5.451281
2022-07-19,2,Green_Algae,1.9387745,5.0673237
2022-07-20,2,Green_Algae,1.5423076,4.078033
2022-07-21,2,Green_Algae,0.75141406,2.41095
2022-07-22,2,Green_Algae,0.29937363,2.0239766
2022-07-23,2,Green_Algae,1.4023521,1.497276
2022-07-24,2,Green_Algae,4.171111,0.97082424
2022-07-25,2,Green_Algae,0.52041996,1.5967293
2022-07-26,2,Green_Algae,0.0809841,3.4833877
2022-07-27,2,Green_Algae,0.34602904,1.4713494
2022-07-28,2,Green_Algae,0.6430407,0.84977686
2022-07-29,2,Green_Algae,0.75374895,0.981185
2022-07-30,2,Green_Algae,0.8893367,1.2528746
2022-07-31,2,Green_Algae,1.0249244,1.5456953
2022-08-01,2,Green_Algae,1.160512,1.8075306
2022-08-02,2,Green_Algae,1.2960997,2.003489
2022-08-03,2,Green_Algae,1.4316874,2.1629462
2022-08-04,2,Green_Algae,1.5672749,2.3727643
2022-08-05,2,Green_Algae,1.7028626,2.8240047
2022-08-06,2,Green_Algae,1.8384502,2.4363277
2022-08-07,2,Green_Algae,1.9740379,2.4639342
2022-08-08,2,Green_Algae,2.1096256,2.5692086
2022-08-09,2,Green_Algae,2.2452133,2.7749488
2022-08-10,2,Green_Algae,2.380801,2.9235163
2022-08-11,2,Green_Algae,2.5163884,3.150061
2022-08-12,2,Green_Algae,2.651976,3.272757
2022-08-13,2,Green_Algae,2.7875638,3.1244316
2022-08-14,2,Green_Algae,2.9231515,3.3252091
2022-08-15,2,Green_Algae,3.0587392,3.5831718
2022-08-16,2,Green_Algae,3.1943269,3.625163
2022-08-17,2,Green_Algae,3.3299146,3.6348839
2022-08-18,2,Green_Algae,3.465502,3.7349
2022-08-19,2,Green_Algae,3.6010897,3.8859513
2022-08-20,2,Green_Algae,3.7366774,4.1982923
2022-08-21,2,Green_Algae,3.872265,4.2906623
2022-08-22,2,Green_Algae,4.0078526,4.383979
2022-08-23,2,Green_Algae,4.1434402,4.4740415
2022-08-24,2,Green_Algae,4.279028,4.6903667
2022-08-25,2,Green_Algae,4.4146156,4.978662
2022-08-26,2,Green_Algae,4.5502033,5.1971908
2022-08-27,2,Green_Algae,4.685791,4.8957205
2022-08-28,2,Green_Algae,4.8213787,4.6765437
2022-08-29,2,Green_Algae,4.9569664,4.57801
2022-08-30,2,Green_Algae,5.092554,4.8994694
2022-08-31,2,Green_Algae,5.2281413,5.5150213
2022-09-01,2,Green_Algae,5.3637295,5.7662144
2022-09-02,2,Green_Algae,5.499317,5.820047
2022-09-03,2,Green_Algae,5.634905,5.355507
2022-09-04,2,Green_Algae,5.770492,5.1163855
2022-09-05,2,Green_Algae,5.9060802,4.962426
2022-09-06,2,Green_Algae,6.0416675,4.772092
2022-09-07,2,Green_Algae,6.177255,4.7879405
2022-09-08,2,Green_Algae,6.312843,5.453088
2022-09-09,2,Green_Algae,6.4484305,5.2894397
2022-09-10,2,Green_Algae,6.230826,5.2376757
2022-09-11,2,Green_Algae,8.68992,5.157593
2022-09-12,2,Green_Algae,7.807916,5.238206
2022-09-13,2,Green_Algae,8.3521595,6.1252794
2022-09-14,2,Green_Algae,9.356362,5.1194234
2022-09-15,2,Green_Algae,7.107813,5.6628575
2022-09-16,2,Green_Algae,4.4031787,6.2680225
2022-09-17,2,Green_Algae,3.7508175,5.735066
2022-09-18,2,Green_Algae,6.3141737,4.171832
2022-09-19,2,Green_Algae,3.516343,3.885916
2022-09-20,2,Green_Algae,1.5800507,5.224294
2022-09-21,2,Green_Algae,1.6696308,3.9659278
2022-09-22,2,Green_Algae,1.4959407,2.3474033
2022-09-23,2,Green_Algae,1.615673,2.1633267
2022-09-24,2,Green_Algae,2.0823896,2.2074425
2022-09-25,2,Green_Algae,1.5839247,2.473005
2022-09-26,2,Green_Algae,1.9809276,3.0795422
2022-09-27,2,Green_Algae,2.3091745,3.0721927
2022-09-28,2,Green_Algae,5.5527225,3.0993736
2022-09-29,2,Green_Algae,6.6691623,3.2414782
2022-09-30,2,Green_Algae,7.104832,5.0386252
2022-10-01,2,Green_Algae,2.6034105,5.4949245
2022-10-02,2,Green_Algae,3.3666306,4.972757
2022-10-03,2,Green_Algae,4.350832,2.988436
2022-10-04,2,Green_Algae,4.8073153,2.9320557
2022-10-05,2,Green_Algae,3.984971,3.423931
2022-10-06,2,Green_Algae,3.1910217,3.9276412
2022-10-07,2,Green_Algae,2.3935506,3.2763183
2022-10-08,2,Green_Algae,1.82,2.8076863
2022-10-09,2,Green_Algae,3.16779,2.3599117
2022-10-10,2,Green_Algae,3.305127,2.2806008
2022-10-11,2,Green_Algae,2.3630557,2.8039205
2022-10-12,2,Green_Algae,2.342739,2.881735
2022-10-13,2,Green_Algae,1.9473406,2.445977
2022-10-14,2,Green_Algae,2.4178493,2.3755522
2022-10-15,2,Green_Algae,2.2874982,2.1139193
2022-10-16,2,Green_Algae,2.8773642,2.430896
2022-10-17,2,Green_Algae,1.9032803,2.6021297
2022-10-18,2,Green_Algae,1.3671615,2.9644513
2022-10-19,2,Green_Algae,1.2281462,2.429243
2022-10-20,2,Green_Algae,1.4357452,1.9697298
2022-10-21,2,Green_Algae,1.8146449,1.7099198
2022-10-22,2,Green_Algae,5.2175727,1.8698872
2022-10-23,2,Green_Algae,1.6347319,1.8835514
2022-10-24,2,Green_Algae,1.3448409,4.391887
2022-10-25,2,Green_Algae,0.8646165,1.9566928
2022-10-26,2,Green_Algae,0.7161304,1.4797496
2022-10-27,2,Green_Algae,0.8117439,1.1424824
2022-10-28,2,Green_Algae,0.9852315,0.95068836
2022-10-29,2,Green_Algae,0.7189863,1.028552
2022-10-30,2,Green_Algae,0.74040526,1.1890237
2022-10-31,2,Green_Algae,0.3959189,1.1366757
2022-11-01,2,Green_Algae,0.45915672,1.2217921
2022-11-02,2,Green_Algae,0.44663528,1.1155492
2022-11-03,2,Green_Algae,0.5711731,1.0991361
2022-11-04,2,Green_Algae,0.5187971,1.152813
2022-11-05,2,Green_Algae,0.5168741,1.2612013
2022-11-06,2,Green_Algae,0.99285096,1.1171056
2022-11-07,2,Green_Algae,0.97021586,1.055437
2022-11-08,2,Green_Algae,3.6827445,1.445125
2022-11-09,2,Green_Algae,3.2042935,1.3159144
2022-11-10,2,Green_Algae,2.6945007,3.8398724
2022-11-11,2,Green_Algae,5.053273,3.5723898
2022-11-12,2,Green_Algae,8.711579,2.6613429
2022-11-13,2,Green_Algae,7.713145,3.5960307
2022-11-14,2,Green_Algae,5.1916933,5.009296
2022-11-15,2,Green_Algae,1.4670622,4.5819902
2022-11-16,2,Green_Algae,0.26871106,3.7286263
2022-11-17,2,Green_Algae,0.32965964,1.8545159
2022-11-18,2,Green_Algae,0.4381694,0.7545656
2022-11-19,2,Green_Algae,1.021942,0.49940124
2022-11-20,2,Green_Algae,1.0667945,0.5644039
2022-11-21,2,Green_Algae,0.9796669,1.0102726
2022-11-22,2,Green_Algae,1.0705576,1.0036731
2022-11-23,2,Green_Algae,1.2641643,1.0444704
2022-11-24,2,Green_Algae,0.9981404,1.1263753
2022-11-25,2,Green_Algae,0.8159957,1.3325684
2022-11-26,2,Green_Algae,1.3945585,1.1451981
2022-11-27,2,Green_Algae,1.6876014,0.9917559
2022-11-28,2,Green_Algae,1.396505,1.3524735
2022-11-29,2,Green_Algae,1.0866112,1.4612058
2022-11-30,2,Green_Algae,1.0804197,1.4714029
2022-12-01,2,Green_Algae,1.0082923,1.2058471
2022-12-02,2,Green_Algae,1.1993546,1.1730577
2022-12-03,2,Green_Algae,1.0384793,1.2076281
2022-12-04,2,Green_Algae,0.9513034,1.2924874
2022-12-05,2,Green_Algae,1.4196737,1.1061312
2022-12-06,2,Green_Algae,1.5062437,1.0033346
2022-12-07,2,Green_Algae,1.6673859,1.4817587
2022-12-08,2,Green_Algae,1.7725435,1.3082451
2022-12-09,2,Green_Algae,2.750798,1.5346235
2022-12-10,2,Green_Algae,2.2412164,1.6326232
2022-12-11,2,Green_Algae,0.4060463,2.2869341
2022-12-12,2,Green_Algae,0.160492,1.8142902
2022-12-13,2,Green_Algae,0.2686097,0.689558
2022-12-14,2,Green_Algae,0.31757072,0.3843176
2022-12-15,2,Green_Algae,0.41242754,0.3916746
2022-12-16,2,Green_Algae,0.2809631,0.48014614
2022-12-17,2,Green_Algae,0.4638523,0.56671596
2022-12-18,2,Green_Algae,0.48307028,0.6026262
2022-12-19,2,Green_Algae,0.52901447,0.58158493
2022-12-20,2,Green_Algae,0.41270813,0.579708
2022-12-21,2,Green_Algae,0.39071897,0.5838058
2022-12-22,2,Green_Algae,0.43844205,0.6167102
2022-12-23,2,Green_Algae,0.27015212,0.69704235
2022-12-24,2,Green_Algae,0.26322237,0.73759454
2022-12-25,2,Green_Algae,0.29721218,0.5801051
2022-12-26,2,Green_Algae,0.25078148,0.5862248
2022-12-27,2,Green_Algae,0.21856004,0.6524524
2022-12-28,2,Green_Algae,0.15966643,0.64245164
2022-12-29,2,Green_Algae,0.24490596,0.57239765
2022-12-30,2,Green_Algae,0.20376809,0.5751156
2022-12-31,2,Green_Algae,0.2882681,0.67612994
2023-01-01,2,Green_Algae,0.09535451,0.694565
2023-01-02,2,Green_Algae,0.071312584,0.78646815
2023-01-03,2,Green_Algae,0.036156602,0.5940359
2023-01-04,2,Green_Algae,3.252288,0.56691027
2023-01-05,2,Green_Algae,6.237046,0.538052
2023-01-06,2,Green_Algae,9.221804,3.9914675
2023-01-07,2,Green_Algae,9.225964,7.967926
2023-01-08,2,Green_Algae,9.2301235,8.000355
2023-01-09,2,Green_Algae,9.234284,8.455037
2023-01-10,2,Green_Algae,9.238444,7.9213724
2023-01-11,2,Green_Algae,9.242605,7.1132593
2023-01-12,2,Green_Algae,8.008986,7.4140553
2023-01-13,2,Green_Algae,9.353083,7.4645844
2023-01-14,2,Green_Algae,6.951903,6.192043
2023-01-15,2,Green_Algae,3.9082983,5.7778683
2023-01-16,2,Green_Algae,3.8983636,5.602772
2023-01-17,2,Green_Algae,3.6625977,2.5074735
2023-01-18,2,Green_Algae,2.6919782,3.0365798
2023-01-19,2,Green_Algae,2.5106957,3.5709236
2023-01-20,2,Green_Algae,2.9152644,2.5763037
2023-01-21,2,Green_Algae,3.6604702,2.5918431
2023-01-22,2,Green_Algae,7.30152,3.431885
2023-01-23,2,Green_Algae,6.2374687,3.969334
2023-01-24,2,Green_Algae,5.173418,6.5962873
2023-01-25,2,Green_Algae,4.7855973,7.5876493
2023-01-26,2,Green_Algae,4.944407,3.9953918
2023-01-27,2,Green_Algae,5.020905,3.5238323
2023-01-28,2,Green_Algae,4.1378713,3.7315323
2023-01-29,2,Green_Algae,3.5290515,4.042187
2023-01-30,2,Green_Algae,3.2179534,3.2158484
2023-01-31,2,Green_Algae,5.3130965,3.1541812
2023-02-01,2,Green_Algae,7.0447626,2.8759422
2023-02-02,2,Green_Algae,9.122445,4.631478
2023-02-03,2,Green_Algae,6.014926,5.833001
2023-02-04,2,Green_Algae,5.961019,6.620843
2023-02-05,2,Green_Algae,5.907112,4.5838327
2023-02-06,2,Green_Algae,5.853205,4.65248
2023-02-07,2,Green_Algae,8.160051,4.9547863
2023-02-08,2,Green_Algae,7.2787995,5.35596
2023-02-09,2,Green_Algae,6.3975487,6.044004
2023-02-10,2,Green_Algae,1.4237877,5.142235
2023-02-11,2,Green_Algae,1.1469333,4.2906566
2023-02-12,2,Green_Algae,0.77981836,1.2263111
2023-02-13,2,Green_Algae,0.90640306,0.94330883
2023-02-14,2,Green_Algae,0.18429561,0.58512336
2023-02-15,2,Green_Algae,0.09019138,0.58603084
2023-02-16,2,Green_Algae,0.06921226,0.36070487
2023-02-17,2,Green_Algae,0.09716904,0.22175653
2023-02-18,2,Green_Algae,0.5358182,0.21364954
2023-02-19,2,Green_Algae,0.73984677,0.3275918
2023-02-20,2,Green_Algae,0.9485524,0.67823803
2023-02-21,2,Green_Algae,0.88800627,0.89274555
2023-02-22,2,Green_Algae,0.77299947,0.9791903
2023-02-23,2,Green_Algae,0.8697355,0.8654641
2023-02-24,2,Green_Algae,0.9345164,0.8206453
2023-02-25,2,Green_Algae,0.5437155,1.0604031
2023-02-26,2,Green_Algae,0.35603827,0.98091346
2023-02-27,2,Green_Algae,0.2848945,0.68216294
2023-02-28,2,Green_Algae,0.9269008,0.5100193
2023-03-01,2,Green_Algae,1.0543281,0.5301634
2023-03-02,2,Green_Algae,0.82646257,1.1004164
2023-03-03,2,Green_Algae,0.41406226,1.1035464
2023-03-04,2,Green_Algae,0.43284735,0.8993256
2023-03-05,2,Green_Algae,0.34657025,0.6656582
2023-03-06,2,Green_Algae,0.24229686,0.7056308
2023-03-07,2,Green_Algae,0.28762135,0.6261422
2023-03-08,2,Green_Algae,0.23873465,0.5685184
2023-03-09,2,Green_Algae,0.20506701,0.6252549
2023-03-10,2,Green_Algae,0.12347253,0.534415
2023-03-11,2,Green_Algae,0.08151744,0.55049473
2023-03-12,2,Green_Algae,0.14753455,0.5248696
2023-03-13,2,Green_Algae,0.08237493,0.53919065
2023-03-14,2,Green_Algae,0.036238365,0.6064259
2023-03-15,2,Green_Algae,0.1186852,0.667954
2023-03-16,2,Green_Algae,0.17207983,0.66939837
2023-03-17,2,Green_Algae,0.24798092,0.6737056
2023-03-18,2,Green_Algae,0.23571466,0.675771
2023-03-19,2,Green_Algae,0.16183792,0.7010064
2023-03-20,2,Green_Algae,0.40782675,0.68926096
2023-03-21,2,Green_Algae,0.101640604,0.6163542
2023-03-22,2,Green_Algae,0.5060475,0.83539134
2023-03-23,2,Green_Algae,2.69248,0.64602286
2023-03-24,2,Green_Algae,1.9497765,1.0970675
2023-03-25,2,Green_Algae,1.3316832,2.9682717
2023-03-26,2,Green_Algae,2.578498,2.5131505
2023-03-27,2,Green_Algae,2.0630136,1.2325978
2023-03-28,2,Green_Algae,1.7380223,1.4394332
2023-03-29,2,Green_Algae,1.37283,1.2130276
2023-03-30,2,Green_Algae,1.1725881,1.0011339
2023-03-31,2,Green_Algae,0.9683462,1.0759566
2023-04-01,2,Green_Algae,0.71395975,0.9940696
2023-04-02,2,Green_Algae,0.683174,1.0202496
2023-04-03,2,Green_Algae,0.75986,1.079498
2023-04-04,2,Green_Algae,0.6773602,1.0503244
2023-04-05,2,Green_Algae,1.834648,1.103482
2023-04-06,2,Green_Algae,4.089308,1.185289
2023-04-07,2,Green_Algae,2.2397137,1.5344561
2023-04-08,2,Green_Algae,1.7206718,1.8168104
2023-04-09,2,Green_Algae,1.4219851,1.4327364
2023-04-10,2,Green_Algae,1.2250155,1.3258294
2023-04-11,2,Green_Algae,0.8648579,1.0745087
2023-04-12,2,Green_Algae,0.56595254,1.017567
2023-04-13,2,Green_Algae,0.50567454,0.8379282
2023-04-14,2,Green_Algae,0.66647476,0.7418276
2023-04-15,2,Green_Algae,1.0466163,0.8266729
2023-04-16,2,Green_Algae,1.2097328,1.2777615
2023-04-17,2,Green_Algae,2.6901345,1.734723
2023-04-18,2,Green_Algae,2.477803,1.5326828
2023-04-19,2,Green_Algae,2.09581,2.7121246
2023-04-20,2,Green_Algae,1.6294928,2.1391177
2023-04-21,2,Green_Algae,1.3932893,1.7569748
2023-04-22,2,Green_Algae,0.9884703,1.6077621
2023-04-23,2,Green_Algae,0.9850644,1.6087954
2023-04-24,2,Green_Algae,1.0676374,1.2847607
2023-04-25,2,Green_Algae,1.3244078,1.1971
2023-04-26,2,Green_Algae,0.6416333,1.0421128
2023-04-27,2,Green_Algae,0.27814546,1.4096767
2023-04-28,2,Green_Algae,1.3145058,0.9912778
2023-04-29,2,Green_Algae,3.2526584,0.7148201
2023-04-30,2,Green_Algae,3.1499057,1.6743877
2023-05-01,2,Green_Algae,1.6380941,3.0214593
2023-05-02,2,Green_Algae,4.1922054,2.4966898
2023-05-03,2,Green_Algae,5.529419,1.3261144
2023-05-04,2,Green_Algae,6.2632565,3.0418558
2023-05-05,2,Green_Algae,6.8380823,4.2523165
2023-05-06,2,Green_Algae,7.412908,5.495226
2023-05-07,2,Green_Algae,4.079104,7.3731403
2023-05-08,2,Green_Algae,2.2593377,6.3207774
2023-05-09,2,Green_Algae,1.9581879,3.092177
2023-05-10,2,Green_Algae,2.4479287,1.8994782
2023-05-11,2,Green_Algae,2.7059772,1.6030118
2023-05-12,2,Green_Algae,2.3598123,1.4136279
2023-05-13,2,Green_Algae,1.7751207,1.2679435
2023-05-14,2,Green_Algae,1.2882135,1.3113306
2023-05-15,2,Green_Algae,1.0123258,1.1164975
2023-05-16,2,Green_Algae,1.0217282,0.87541425
2023-05-17,2,Green_Algae,0.8613485,0.7686429
2023-05-18,2,Green_Algae,1.1611063,0.98180836
2023-05-19,2,Green_Algae,0.9660143,0.8512585
2023-05-20,2,Green_Algae,0.79129213,1.1661053
2023-05-21,2,Green_Algae,1.006314,1.0406916
2023-05-22,2,Green_Algae,0.55901504,0.96397775
2023-05-23,2,Green_Algae,0.46997598,1.1472973
2023-05-24,2,Green_Algae,0.31273833,0.76655185
2023-05-25,2,Green_Algae,0.29093453,0.72532415
2023-05-26,2,Green_Algae,0.25067583,0.6673977
2023-05-27,2,Green_Algae,0.42133546,0.63490933
2023-05-28,2,Green_Algae,1.3887391,0.6202507
2023-05-29,2,Green_Algae,2.5463135,0.8019546
2023-05-30,2,Green_Algae,2.2533908,1.7252299
2023-05-31,2,Green_Algae,3.1068542,2.5246196
2023-06-01,2,Green_Algae,2.7869723,2.201527
2023-06-02,2,Green_Algae,2.4034996,3.0614004
2023-06-03,2,Green_Algae,1.0539821,2.653984
2023-06-04,2,Green_Algae,0.93468004,1.6439393
2023-06-05,2,Green_Algae,0.4879697,0.8379765
2023-06-06,2,Green_Algae,0.8998942,0.5631255
2023-06-07,2,Green_Algae,1.3108021,0.34490353
2023-06-08,2,Green_Algae,1.019688,0.66598517
2023-06-09,2,Green_Algae,0.46447587,0.93049014
2023-06-10,2,Green_Algae,0.49861857,0.88603914
2023-06-11,2,Green_Algae,0.61284125,0.5378923
2023-06-12,2,Green_Algae,0.6797172,0.4453484
2023-06-13,2,Green_Algae,0.7083528,0.5063639
2023-06-14,2,Green_Algae,0.35401052,0.6128134
2023-06-15,2,Green_Algae,0.41286027,0.6292701
2023-06-16,2,Green_Algae,0.2804898,0.53454244
2023-06-17,2,Green_Algae,0.2304269,0.5013115
2023-06-18,2,Green_Algae,0.5143521,0.43673864
2023-06-19,2,Green_Algae,0.5725395,0.4645117
2023-06-20,2,Green_Algae,1.4189571,0.85826075
2023-06-21,2,Green_Algae,3.0382833,0.8339974
2023-06-22,2,Green_Algae,3.1065986,1.4851686
2023-06-23,2,Green_Algae,1.9374653,2.5203395
2023-06-24,2,Green_Algae,1.1924785,2.739368
2023-06-25,2,Green_Algae,1.0128819,2.060575
2023-06-26,2,Green_Algae,1.2879117,1.5929193
2023-06-27,2,Green_Algae,1.1464972,1.6095383
2023-06-28,2,Green_Algae,4.1690407,1.5659026
2023-06-29,2,Green_Algae,5.1483574,1.5799522
2023-06-30,2,Green_Algae,4.417229,3.8363864
2023-07-01,2,Green_Algae,3.0753262,4.7751627
2023-07-02,2,Green_Algae,2.3679974,4.237896
2023-07-03,2,Green_Algae,3.1175823,3.5523343
2023-07-04,2,Green_Algae,5.006934,2.834664
2023-07-05,2,Green_Algae,6.813222,3.4080472
2023-07-06,2,Green_Algae,7.1008797,4.880402
2023-07-07,2,Green_Algae,7.8447523,5.6569257
2023-07-08,2,Green_Algae,7.1713324,6.0661488
2023-07-09,2,Green_Algae,7.92671,6.6983995
2023-07-10,2,Green_Algae,7.4939637,6.9730844
2023-07-11,2,Green_Algae,5.54597,7.035
2023-07-12,2,Green_Algae,4.022008,6.319088
2023-07-13,2,Green_Algae,3.7216525,5.1225977
2023-07-14,2,Green_Algae,2.7944505,4.421573
2023-07-15,2,Green_Algae,2.0034344,4.280305
2023-07-16,2,Green_Algae,1.4967204,3.8283772
2023-07-17,2,Green_Algae,1.3990573,3.2615197
2023-07-18,2,Green_Algae,1.0275207,2.5553856
2023-07-19,2,Green_Algae,1.0186292,2.6479805
2023-07-20,2,Green_Algae,1.734702,2.3035614
2023-07-21,2,Green_Algae,3.5428689,2.169483
2023-07-22,2,Green_Algae,8.218171,3.08236
2023-07-23,2,Green_Algae,8.601586,4.038843
2023-07-24,2,Green_Algae,9.032261,5.499247
2023-07-25,2,Green_Algae,8.793951,6.3157024
2023-07-26,2,Green_Algae,6.349499,6.4452786
2023-07-27,2,Green_Algae,4.783891,6.5120087
2023-07-28,2,Green_Algae,2.371833,4.344891
2023-07-29,2,Green_Algae,1.8697046,3.3125753
2023-07-30,2,Green_Algae,2.1430004,2.0914364
2023-07-31,2,Green_Algae,2.687552,2.0570557
2023-08-01,2,Green_Algae,2.8441966,2.5840259
2023-08-02,2,Green_Algae,3.3121603,2.9884505
2023-08-03,2,Green_Algae,4.9291377,3.5816693
2023-08-04,2,Green_Algae,5.591187,4.3618793
2023-08-05,2,Green_Algae,8.544591,5.6317773
2023-08-06,2,Green_Algae,8.778641,5.7877254
2023-08-07,2,Green_Algae,9.01269,6.4153943
2023-08-08,2,Green_Algae,9.246739,6.3692126
2023-08-09,2,Green_Algae,6.3150916,5.363777
2023-08-10,2,Green_Algae,5.0038095,5.232799
2023-08-11,2,Green_Algae,3.3346193,5.9516015
2023-08-12,2,Green_Algae,2.5525656,3.7969105
2023-08-13,2,Green_Algae,3.0647385,3.573318
2023-08-14,2,Green_Algae,5.879216,3.144292
2023-08-15,2,Green_Algae,6.031285,4.0647726
2023-08-16,2,Green_Algae,4.687024,5.305883
2023-08-17,2,Green_Algae,1.2427475,4.290295
2023-08-18,2,Green_Algae,0.8998853,3.0833216
2023-08-19,2,Green_Algae,0.66447395,1.0468655
2023-08-20,2,Green_Algae,0.51328796,0.622138
2023-08-21,2,Green_Algae,0.45516005,0.51231533
2023-08-22,2,Green_Algae,0.3003116,0.49152413
2023-08-23,2,Green_Algae,0.28055164,0.46558055
2023-08-24,2,Green_Algae,0.2979189,0.38460776
2023-08-25,2,Green_Algae,0.2403409,0.47772434
2023-08-26,2,Green_Algae,0.44934124,0.41172928
2023-08-27,2,Green_Algae,0.41253313,0.58826584
2023-08-28,2,Green_Algae,0.5238057,0.5630924
2023-08-29,2,Green_Algae,1.458634,0.6812628
2023-08-30,2,Green_Algae,0.76870924,0.6806936
2023-08-31,2,Green_Algae,1.4702122,1.0193603
2023-09-01,2,Green_Algae,0.9918718,0.80770594
2023-09-02,2,Green_Algae,0.91562474,1.1007102
2023-09-03,2,Green_Algae,0.70573056,0.8317286
2023-09-04,2,Green_Algae,0.6742999,0.91807836
2023-09-05,2,Green_Algae,1.3842525,0.7808055
2023-09-06,2,Green_Algae,4.9435377,0.755118
2023-09-07,2,Green_Algae,3.897788,0.9155707
2023-09-08,2,Green_Algae,1.5145657,1.5906211
2023-09-09,2,Green_Algae,0.6406925,1.4033374
2023-09-10,2,Green_Algae,0.33638895,0.9599232
2023-09-11,2,Green_Algae,0.10094779,0.64361477
2023-09-12,2,Green_Algae,0.09816431,0.5890325
2023-09-13,2,Green_Algae,0.2952668,0.5338007
2023-09-14,2,Green_Algae,0.7073095,0.53700954
2023-09-15,2,Green_Algae,1.220801,0.61543983
2023-09-16,2,Green_Algae,0.82873017,0.8361895
2023-09-17,2,Green_Algae,0.7083514,1.2989349
2023-09-18,2,Green_Algae,1.3472247,1.0537442
2023-09-19,2,Green_Algae,1.9606476,0.9029133
2023-09-20,2,Green_Algae,3.1551094,1.3244512
2023-09-21,2,Green_Algae,4.03383,1.682697
2023-09-22,2,Green_Algae,3.11515,2.5743372
2023-09-23,2,Green_Algae,3.0413108,2.8763144
2023-09-24,2,Green_Algae,3.025897,2.6072514
2023-09-25,2,Green_Algae,2.150364,2.8522925
2023-09-26,2,Green_Algae,2.4681423,2.5208943
2023-09-27,2,Green_Algae,2.4991379,1.9268589
2023-09-28,2,Green_Algae,2.2806215,2.1955032
2023-09-29,2,Green_Algae,1.9233941,1.9632777
2023-09-30,2,Green_Algae,1.7363886,1.8716964
2023-10-01,2,Green_Algae,2.0806055,1.6113782
2023-10-02,2,Green_Algae,1.3755308,1.3326156
2023-10-03,2,Green_Algae,1.3721676,1.4968762
2023-10-04,2,Green_Algae,1.5986129,1.0236579
2023-10-05,2,Green_Algae,1.1944014,0.77039695
2023-10-06,2,Green_Algae,0.4352867,0.8919663
2023-10-07,2,Green_Algae,0.038954273,0.6362004
2023-10-08,2,Green_Algae,0.005254514,0.25244534
2023-10-09,2,Green_Algae,0.00022059257,0.05781784
2023-10-10,2,Green_Algae,0.07396206,0.029467102
2023-10-11,2,Green_Algae,0.0044502877,0.12817934
2023-10-12,2,Green_Algae,0.21425903,0.24117252
2023-10-13,2,Green_Algae,0.4240678,0.22325186
2023-10-14,2,Green_Algae,1.2040071,0.37901807
2023-10-15,2,Green_Algae,1.538577,0.6646714
2023-10-16,2,Green_Algae,0.91931796,1.2955796
2023-10-17,2,Green_Algae,0.49678364,1.380087
2023-10-18,2,Green_Algae,0.27720237,0.6854816
2023-10-19,2,Green_Algae,0.060109414,0.4335449
2023-10-20,2,Green_Algae,0.0003220112,0.30847776
2023-10-21,2,Green_Algae,0.0012375681,0.11496157
2023-10-22,2,Green_Algae,0.0032772026,0.072925255
2023-10-23,2,Green_Algae,0.0053168214,-0.08747034
2023-10-24,2,Green_Algae,0.0073564914,-0.05582495
2023-10-25,2,Green_Algae,0.009396112,-0.071156606
2023-10-26,2,Green_Algae,0.01143575,-0.039558806
2023-10-27,2,Green_Algae,0.00014706633,0.027000673
2023-10-28,2,Green_Algae,0.00014947286,-0.020636536
2023-10-29,2,Green_Algae,0.00015179641,-0.047580108
2023-10-30,2,Green_Algae,0.0036961709,-0.084838666
2023-10-31,2,Green_Algae,5.8028803e-05,-0.035760257
2023-11-01,2,Green_Algae,0.005072786,0.017146476
2023-11-02,2,Green_Algae,0.009415459,0.07076926
2023-11-03,2,Green_Algae,0.23354869,0.11441414
2023-11-04,2,Green_Algae,0.19017506,0.06296902
2023-11-05,2,Green_Algae,0.29466212,0.14587629
2023-11-06,2,Green_Algae,0.52662814,0.13408655
2023-11-07,2,Green_Algae,0.14937869,0.29340023
2023-11-08,2,Green_Algae,0.051346254,0.3217919
2023-11-09,2,Green_Algae,0.0022525839,0.16358677
2023-11-10,2,Green_Algae,0.0037495536,0.045619182
2023-11-11,2,Green_Algae,0.00026789785,0.03307079
2023-11-12,2,Green_Algae,0.00030059792,0.07751434
2023-11-13,2,Green_Algae,0.00033329905,0.066509455
2023-11-14,2,Green_Algae,0.014367214,0.13105804
2023-11-15,2,Green_Algae,0.03973635,0.10535267
2023-11-16,2,Green_Algae,0.08579548,0.16715936
2023-11-17,2,Green_Algae,0.023645498,0.20435432
2023-11-18,2,Green_Algae,0.012744074,0.21693212
2023-11-19,2,Green_Algae,0.013970377,0.20839003
2023-11-20,2,Green_Algae,0.045104496,0.28774187
2023-11-21,2,Green_Algae,0.14602937,0.1997767
2023-11-22,2,Green_Algae,0.18774286,0.24135625
2023-11-23,2,Green_Algae,0.12678686,0.20926563
2023-11-24,2,Green_Algae,0.06583095,0.27668673
2023-11-25,2,Green_Algae,0.0048749987,0.5685029
2023-11-26,2,Green_Algae,0.01300342,0.4228009
2023-11-27,2,Green_Algae,0.0009985091,0.33573067
2023-11-28,2,Green_Algae,0.3965642,0.31096533
2023-11-29,2,Green_Algae,0.7921298,0.3603416
2023-11-30,2,Green_Algae,1.1876955,0.7154239
2023-12-01,2,Green_Algae,0.5417547,0.96013016
2023-12-02,2,Green_Algae,0.28317368,1.4735656
2023-12-03,2,Green_Algae,0.26998764,0.5465865
2023-12-04,2,Green_Algae,0.041641086,0.33697152
2023-12-05,2,Green_Algae,0.007523836,0.34108672
2023-12-06,2,Green_Algae,0.0014946325,0.24910937
2023-12-07,2,Green_Algae,0.051200677,0.38217026
2023-12-08,2,Green_Algae,0.031184377,0.29094836
2023-12-09,2,Green_Algae,0.320014,0.22998667
2023-12-10,2,Green_Algae,0.19122079,0.24827452
2023-12-11,2,Green_Algae,0.9545549,0.6693657
2023-12-12,2,Green_Algae,2.0166812,0.5560158
2023-12-13,2,Green_Algae,1.8324066,1.2967438
2023-12-14,2,Green_Algae,1.3901647,2.1211116
2023-12-15,2,Green_Algae,2.1495306,1.5616683
2023-12-16,2,Green_Algae,1.2279633,1.2254888
2023-12-17,2,Green_Algae,0.5186076,1.1052998
2023-12-18,2,Green_Algae,0.2195702,0.6804107
2023-12-19,2,Green_Algae,0.2801519,0.23195624
2023-12-20,2,Green_Algae,0.20370297,0.1265525
2023-12-21,2,Green_Algae,0.061779305,0.25301597
2023-12-22,2,Green_Algae,0.047017764,0.16462372
2023-12-23,2,Green_Algae,0.0322563,0.1255414
2023-12-24,2,Green_Algae,0.017494831,0.20417057
2023-12-25,2,Green_Algae,0.0027333545,0.22710916
2023-12-26,2,Green_Algae,0.0019698853,0.25255072
2023-12-27,2,Green_Algae,1.632065,0.2863133
2023-12-28,2,Green_Algae,2.6889994,0.4570964
2020-10-30,3,Green_Algae,12.17853,4.9377923
2020-10-31,3,Green_Algae,6.110087,6.391107
2020-11-01,3,Green_Algae,7.4780245,8.10281
2020-11-02,3,Green_Algae,7.0332804,8.92233
2020-11-03,3,Green_Algae,4.4513035,5.2279305
2020-11-04,3,Green_Algae,4.2465425,6.4673448
2020-11-05,3,Green_Algae,3.1390948,6.2836127
2020-11-06,3,Green_Algae,4.8471107,4.4975934
2020-11-07,3,Green_Algae,8.74932,4.3965845
2020-11-08,3,Green_Algae,3.445326,3.775201
2020-11-09,3,Green_Algae,2.8215373,5.1265764
2020-11-10,3,Green_Algae,2.7152398,7.4634
2020-11-11,3,Green_Algae,2.8748477,3.845012
2020-11-12,3,Green_Algae,2.8452773,3.4755383
2020-11-13,3,Green_Algae,3.2272646,3.3919063
2020-11-14,3,Green_Algae,4.012611,3.6309872
2020-11-15,3,Green_Algae,3.7066593,3.6892269
2020-11-16,3,Green_Algae,7.032859,3.864786
2020-11-17,3,Green_Algae,7.8307257,4.09312
2020-11-18,3,Green_Algae,7.7718787,4.3128195
2020-11-19,3,Green_Algae,8.549044,6.249861
2020-11-20,3,Green_Algae,9.32621,6.594303
2020-11-21,3,Green_Algae,7.3450155,6.186843
2020-11-22,3,Green_Algae,8.40237,7.399332
2020-11-23,3,Green_Algae,5.0805078,7.107541
2020-11-24,3,Green_Algae,4.5977955,6.431534
2020-11-25,3,Green_Algae,4.178378,6.916665
2020-11-26,3,Green_Algae,8.567597,5.0305
2020-11-27,3,Green_Algae,5.6399274,4.3475304
2020-11-28,3,Green_Algae,4.2971926,3.9902356
2020-11-29,3,Green_Algae,4.177417,6.7184906
2020-11-30,3,Green_Algae,2.1808684,4.902148
2020-12-01,3,Green_Algae,2.1362128,3.9765344
2020-12-02,3,Green_Algae,2.365832,4.0394373
2020-12-03,3,Green_Algae,1.8928292,2.4038334
2020-12-04,3,Green_Algae,2.1390448,2.3112931
2020-12-05,3,Green_Algae,1.6092981,2.6585138
2020-12-06,3,Green_Algae,1.7672431,2.4170558
2020-12-07,3,Green_Algae,2.0092976,2.3990345
2020-12-08,3,Green_Algae,2.0687907,2.1944637
2020-12-09,3,Green_Algae,2.93475,2.1826751
2020-12-10,3,Green_Algae,2.2710211,2.5547526
2020-12-11,3,Green_Algae,1.7623245,2.492699
2020-12-12,3,Green_Algae,3.7399058,3.6359208
2020-12-13,3,Green_Algae,7.407639,3.1879954
2020-12-14,3,Green_Algae,1.9868814,2.4269679
2020-12-15,3,Green_Algae,1.3638422,3.9327753
2020-12-16,3,Green_Algae,1.3426266,7.593287
2020-12-17,3,Green_Algae,1.2532657,2.4769735
2020-12-18,3,Green_Algae,1.2750503,1.9832078
2020-12-19,3,Green_Algae,1.6216208,2.0130413
2020-12-20,3,Green_Algae,2.156505,2.2202344
2020-12-21,3,Green_Algae,1.9927878,2.1910286
2020-12-22,3,Green_Algae,1.9692179,2.6010296
2020-12-23,3,Green_Algae,2.3798406,3.290645
2020-12-24,3,Green_Algae,3.1014483,3.386521
2020-12-25,3,Green_Algae,2.8246055,3.422314
2020-12-26,3,Green_Algae,2.7126286,4.335559
2020-12-27,3,Green_Algae,3.4823534,4.2559276
2020-12-28,3,Green_Algae,8.607523,3.83412
2020-12-29,3,Green_Algae,8.2660055,4.076513
2020-12-30,3,Green_Algae,7.924486,4.968405
2020-12-31,3,Green_Algae,6.428473,9.404512
2021-01-01,3,Green_Algae,2.98945,9.162218
2021-01-02,3,Green_Algae,1.3053657,6.6188254
2021-01-03,3,Green_Algae,1.2917366,6.534194
2021-01-04,3,Green_Algae,1.1487111,3.4370837
2021-01-05,3,Green_Algae,1.2107966,2.3719926
2021-01-06,3,Green_Algae,1.9978639,2.4821048
2021-01-07,3,Green_Algae,3.2746053,2.619686
2021-01-08,3,Green_Algae,1.283966,2.6977055
2021-01-09,3,Green_Algae,1.3706295,3.661348
2021-01-10,3,Green_Algae,0.95188135,4.5494905
2021-01-11,3,Green_Algae,1.2131643,2.5230055
2021-01-12,3,Green_Algae,2.0453835,2.34262
2021-01-13,3,Green_Algae,2.094508,2.1791496
2021-01-14,3,Green_Algae,2.0917065,2.2654803
2021-01-15,3,Green_Algae,1.7256553,3.0107992
2021-01-16,3,Green_Algae,2.0362563,3.299547
2021-01-17,3,Green_Algae,3.533249,3.4362774
2021-01-18,3,Green_Algae,3.6137555,3.263808
2021-01-19,3,Green_Algae,3.1941895,3.6033874
2021-01-20,3,Green_Algae,4.403502,4.0946584
2021-01-21,3,Green_Algae,5.758683,4.242279
2021-01-22,3,Green_Algae,6.35937,4.313625
2021-01-23,3,Green_Algae,8.876309,6.6092715
2021-01-24,3,Green_Algae,5.43191,7.5555887
2021-01-25,3,Green_Algae,6.235949,7.4389315
2021-01-26,3,Green_Algae,6.5830173,8.072443
2021-01-27,3,Green_Algae,7.649797,6.314769
2021-01-28,3,Green_Algae,5.225948,7.225265
2021-01-29,3,Green_Algae,7.1872573,6.448336
2021-01-30,3,Green_Algae,7.827323,7.0464826
2021-01-31,3,Green_Algae,6.1937,5.5363665
2021-02-01,3,Green_Algae,5.721615,6.1265945
2021-02-02,3,Green_Algae,5.1455975,6.5163264
2021-02-03,3,Green_Algae,4.142368,6.3362346
2021-02-04,3,Green_Algae,4.6842937,6.6665616
2021-02-05,3,Green_Algae,4.7972736,6.117821
2021-02-06,3,Green_Algae,4.5424547,5.326978
2021-02-07,3,Green_Algae,4.4105067,6.1381874
2021-02-08,3,Green_Algae,4.6066475,6.556027
2021-02-09,3,Green_Algae,5.280211,6.359741
2021-02-10,3,Green_Algae,7.288978,5.981594
2021-02-11,3,Green_Algae,4.65887,6.096979
2021-02-12,3,Green_Algae,3.413034,6.427252
2021-02-13,3,Green_Algae,8.17764,6.7823563
2021-02-14,3,Green_Algae,5.1429377,5.1038694
2021-02-15,3,Green_Algae,4.1539435,4.908449
2021-02-16,3,Green_Algae,4.581317,8.166482
2021-02-17,3,Green_Algae,4.9817367,6.4081583
2021-02-18,3,Green_Algae,3.35322,5.423146
2021-02-19,3,Green_Algae,4.2448187,5.8638296
2021-02-20,3,Green_Algae,4.0317235,5.5987024
2021-02-21,3,Green_Algae,4.087482,4.5162015
2021-02-22,3,Green_Algae,3.9634469,5.479058
2021-02-23,3,Green_Algae,4.5633674,5.102228
2021-02-24,3,Green_Algae,4.220355,5.497744
2021-02-25,3,Green_Algae,5.1449275,5.221065
2021-02-26,3,Green_Algae,5.1236477,5.3554626
2021-02-27,3,Green_Algae,4.096351,5.115281
2021-02-28,3,Green_Algae,3.4184105,5.9228296
2021-03-01,3,Green_Algae,2.6066442,5.897038
2021-03-02,3,Green_Algae,2.469205,4.8451295
2021-03-03,3,Green_Algae,3.3989074,4.309377
2021-03-04,3,Green_Algae,2.2061434,3.206492
2021-03-05,3,Green_Algae,0.93730825,3.0628037
2021-03-06,3,Green_Algae,0.17130968,4.0652084
2021-03-07,3,Green_Algae,0.21163534,2.8942344
2021-03-08,3,Green_Algae,0.51324403,1.7553637
2021-03-09,3,Green_Algae,0.7416932,1.1513046
2021-03-10,3,Green_Algae,1.1518161,1.0575045
2021-03-11,3,Green_Algae,3.0430608,1.5528134
2021-03-12,3,Green_Algae,5.624233,2.0442958
2021-03-13,3,Green_Algae,9.781874,2.8987026
2021-03-14,3,Green_Algae,6.138524,5.2218404
2021-03-15,3,Green_Algae,5.632489,7.7546253
2021-03-16,3,Green_Algae,4.6865773,9.803493
2021-03-17,3,Green_Algae,4.3283215,6.363657
2021-03-18,3,Green_Algae,3.7387772,5.8596807
2021-03-19,3,Green_Algae,2.8026774,4.9597697
2021-03-20,3,Green_Algae,3.1857598,4.017424
2021-03-21,3,Green_Algae,2.456903,3.7571542
2021-03-22,3,Green_Algae,0.9018451,3.188737
2021-03-23,3,Green_Algae,0.6790297,3.236101
2021-03-24,3,Green_Algae,1.005638,2.7567632
2021-03-25,3,Green_Algae,0.83578366,2.230213
2021-03-26,3,Green_Algae,1.0689725,1.9409083
2021-03-27,3,Green_Algae,1.7590731,2.048336
2021-03-28,3,Green_Algae,4.083432,2.1263475
2021-03-29,3,Green_Algae,7.1401954,2.5222056
2021-03-30,3,Green_Algae,10.209595,3.578697
2021-03-31,3,Green_Algae,10.649694,5.8142138
2021-04-01,3,Green_Algae,9.618863,8.798265
2021-04-02,3,Green_Algae,9.679638,10.238186
2021-04-03,3,Green_Algae,8.492021,9.589903
2021-04-04,3,Green_Algae,5.522469,7.5022993
2021-04-05,3,Green_Algae,3.8875976,6.3915753
2021-04-06,3,Green_Algae,3.7225616,6.2441845
2021-04-07,3,Green_Algae,4.1317596,4.7490883
2021-04-08,3,Green_Algae,3.7241824,3.9751701
2021-04-09,3,Green_Algae,2.9264905,3.9924471
2021-04-10,3,Green_Algae,3.0117583,4.318362
2021-04-11,3,Green_Algae,3.7558973,4.016032
2021-04-12,3,Green_Algae,7.548631,3.8692122
2021-04-13,3,Green_Algae,8.276589,4.1122875
2021-04-14,3,Green_Algae,7.5179367,4.89632
2021-04-15,3,Green_Algae,7.9862165,7.884581
2021-04-16,3,Green_Algae,8.454495,8.856535
2021-04-17,3,Green_Algae,10.411622,8.168951
2021-04-18,3,Green_Algae,8.3863945,7.7884097
2021-04-19,3,Green_Algae,7.374504,8.030274
2021-04-20,3,Green_Algae,7.4743953,9.66287
2021-04-21,3,Green_Algae,7.563512,7.5344367
2021-04-22,3,Green_Algae,9.42714,6.885687
2021-04-23,3,Green_Algae,9.938813,6.656251
2021-04-24,3,Green_Algae,9.186256,6.9353347
2021-04-25,3,Green_Algae,13.211926,8.369116
2021-04-26,3,Green_Algae,11.542995,9.281442
2021-04-27,3,Green_Algae,8.482055,9.225167
2021-04-28,3,Green_Algae,4.98898,9.36017
2021-04-29,3,Green_Algae,3.1451302,7.1878986
2021-04-30,3,Green_Algae,3.3468668,5.8044395
2021-05-01,3,Green_Algae,8.648813,4.166098
2021-05-02,3,Green_Algae,10.776056,3.9815953
2021-05-03,3,Green_Algae,10.448346,3.895053
2021-05-04,3,Green_Algae,5.103333,6.5900617
2021-05-05,3,Green_Algae,5.319554,7.7754793
2021-05-06,3,Green_Algae,6.643535,8.178655
2021-05-07,3,Green_Algae,6.72064,5.5013766
2021-05-08,3,Green_Algae,10.374625,5.8499875
2021-05-09,3,Green_Algae,12.880029,6.817633
2021-05-10,3,Green_Algae,9.980102,6.6216187
2021-05-11,3,Green_Algae,10.452174,8.485531
2021-05-12,3,Green_Algae,10.924248,10.07448
2021-05-13,3,Green_Algae,11.39632,8.61604
2021-05-14,3,Green_Algae,11.868393,10.100316
2021-05-15,3,Green_Algae,10.393691,10.481845
2021-05-16,3,Green_Algae,7.7878942,12.484878
2021-05-17,3,Green_Algae,7.7099423,9.521656
2021-05-18,3,Green_Algae,7.9545946,8.446156
2021-05-19,3,Green_Algae,6.14866,7.1821423
2021-05-20,3,Green_Algae,6.4745946,7.32702
2021-05-21,3,Green_Algae,6.249631,7.8141665
2021-05-22,3,Green_Algae,9.313534,6.2446966
2021-05-23,3,Green_Algae,8.771644,6.5430403
2021-05-24,3,Green_Algae,12.235818,6.2341475
2021-05-25,3,Green_Algae,7.2883067,7.380205
2021-05-26,3,Green_Algae,7.12322,6.6532154
2021-05-27,3,Green_Algae,13.128756,8.566021
2021-05-28,3,Green_Algae,12.951473,7.023214
2021-05-29,3,Green_Algae,12.77419,6.787484
2021-05-30,3,Green_Algae,4.561085,8.36706
2021-05-31,3,Green_Algae,2.984026,8.884815
2021-06-01,3,Green_Algae,3.477842,7.385498
2021-06-02,3,Green_Algae,3.0301087,4.2868185
2021-06-03,3,Green_Algae,2.9474874,3.4618955
2021-06-04,3,Green_Algae,3.87105,3.35774
2021-06-05,3,Green_Algae,3.5815134,3.0729895
2021-06-06,3,Green_Algae,3.5015206,3.1305687
2021-06-07,3,Green_Algae,4.0479884,3.9573808
2021-06-08,3,Green_Algae,5.4210563,4.138184
2021-06-09,3,Green_Algae,3.706534,4.655289
2021-06-10,3,Green_Algae,5.004493,5.381286
2021-06-11,3,Green_Algae,6.557851,6.5234714
2021-06-12,3,Green_Algae,10.4747505,5.1507416
2021-06-13,3,Green_Algae,11.396228,6.5138855
2021-06-14,3,Green_Algae,12.317705,7.5896106
2021-06-15,3,Green_Algae,12.765958,9.5066805
2021-06-16,3,Green_Algae,13.214211,10.183379
2021-06-17,3,Green_Algae,13.662464,9.113813
2021-06-18,3,Green_Algae,14.110718,11.123777
2021-06-19,3,Green_Algae,12.694961,12.128325
2021-06-20,3,Green_Algae,13.068725,11.179141
2021-06-21,3,Green_Algae,6.759349,9.354264
2021-06-22,3,Green_Algae,4.531797,8.742456
2021-06-23,3,Green_Algae,4.704233,8.712952
2021-06-24,3,Green_Algae,4.3103833,5.89067
2021-06-25,3,Green_Algae,4.245991,5.139371
2021-06-26,3,Green_Algae,3.8047178,5.524831
2021-06-27,3,Green_Algae,9.500919,5.913959
2021-06-28,3,Green_Algae,14.259275,6.40369
2021-06-29,3,Green_Algae,13.726238,5.0303473
2021-06-30,3,Green_Algae,10.054623,8.206452
2021-07-01,3,Green_Algae,10.233351,8.6214695
2021-07-02,3,Green_Algae,11.377681,8.020157
2021-07-03,3,Green_Algae,13.92809,6.4847684
2021-07-04,3,Green_Algae,9.610976,8.04608
2021-07-05,3,Green_Algae,13.8032055,8.84783
2021-07-06,3,Green_Algae,12.07648,9.971881
2021-07-07,3,Green_Algae,9.815504,7.1478286
2021-07-08,3,Green_Algae,10.952688,8.932844
2021-07-09,3,Green_Algae,5.504181,8.088378
2021-07-10,3,Green_Algae,6.883577,7.577689
2021-07-11,3,Green_Algae,6.383121,8.380797
2021-07-12,3,Green_Algae,8.041389,5.454539
2021-07-13,3,Green_Algae,7.1555495,6.160874
2021-07-14,3,Green_Algae,7.182688,6.481055
2021-07-15,3,Green_Algae,7.2098265,7.3921967
2021-07-16,3,Green_Algae,7.2369647,7.0326457
2021-07-17,3,Green_Algae,7.2641034,8.790994
2021-07-18,3,Green_Algae,7.291241,9.562751
2021-07-19,3,Green_Algae,7.3183794,9.416147
2021-07-20,3,Green_Algae,7.345518,9.740464
2021-07-21,3,Green_Algae,4.656155,8.941245
2021-07-22,3,Green_Algae,5.656749,7.2085066
2021-07-23,3,Green_Algae,11.975569,5.853414
2021-07-24,3,Green_Algae,13.560905,5.098995
2021-07-25,3,Green_Algae,13.088494,5.5595202
2021-07-26,3,Green_Algae,11.472322,9.036852
2021-07-27,3,Green_Algae,9.366954,10.505381
2021-07-28,3,Green_Algae,6.655246,10.282451
2021-07-29,3,Green_Algae,7.9549346,8.02338
2021-07-30,3,Green_Algae,7.1069007,6.814169
2021-07-31,3,Green_Algae,8.990673,5.3299837
2021-08-01,3,Green_Algae,10.385311,6.6284347
2021-08-02,3,Green_Algae,10.719529,7.084553
2021-08-03,3,Green_Algae,7.1092253,7.201718
2021-08-04,3,Green_Algae,4.9593773,7.419816
2021-08-05,3,Green_Algae,3.0356264,6.5805225
2021-08-06,3,Green_Algae,2.0601811,4.8901153
2021-08-07,3,Green_Algae,2.8934517,4.2796807
2021-08-08,3,Green_Algae,3.3419957,3.4057536
2021-08-09,3,Green_Algae,3.5262926,2.7792394
2021-08-10,3,Green_Algae,2.9024384,3.103204
2021-08-11,3,Green_Algae,3.434081,3.8699894
2021-08-12,3,Green_Algae,4.609233,4.6967845
2021-08-13,3,Green_Algae,4.0192776,4.3440404
2021-08-14,3,Green_Algae,7.171199,4.6896715
2021-08-15,3,Green_Algae,10.603491,5.672041
2021-08-16,3,Green_Algae,8.529735,4.859958
2021-08-17,3,Green_Algae,6.9491796,7.0874434
2021-08-18,3,Green_Algae,8.951539,8.594615
2021-08-19,3,Green_Algae,11.542151,7.30754
2021-08-20,3,Green_Algae,10.700407,5.5583863
2021-08-21,3,Green_Algae,7.8352175,7.2445297
2021-08-22,3,Green_Algae,12.8495455,8.360081
2021-08-23,3,Green_Algae,13.118637,8.695127
2021-08-24,3,Green_Algae,10.933848,7.4718966
2021-08-25,3,Green_Algae,12.0906725,8.575692
2021-08-26,3,Green_Algae,10.43034,9.549776
2021-08-27,3,Green_Algae,9.773435,8.315514
2021-08-28,3,Green_Algae,8.390406,8.392343
2021-08-29,3,Green_Algae,7.821752,7.3206315
2021-08-30,3,Green_Algae,6.5187182,6.5281506
2021-08-31,3,Green_Algae,5.8044934,5.477555
2021-09-01,3,Green_Algae,5.0743923,5.2483263
2021-09-02,3,Green_Algae,4.311918,4.8597355
2021-09-03,3,Green_Algae,3.3487916,5.3043375
2021-09-04,3,Green_Algae,4.701462,5.1585917
2021-09-05,3,Green_Algae,5.0674095,4.7196856
2021-09-06,3,Green_Algae,3.518864,4.3512206
2021-09-07,3,Green_Algae,3.1971326,5.3113155
2021-09-08,3,Green_Algae,3.5374892,5.5250635
2021-09-09,3,Green_Algae,6.4463677,4.4302588
2021-09-10,3,Green_Algae,6.842923,3.9443026
2021-09-11,3,Green_Algae,8.631598,4.127234
2021-09-12,3,Green_Algae,8.282877,5.575019
2021-09-13,3,Green_Algae,7.9341564,5.1317153
2021-09-14,3,Green_Algae,7.505728,6.289
2021-09-15,3,Green_Algae,4.8467994,6.5462785
2021-09-16,3,Green_Algae,4.3901086,5.4929104
2021-09-17,3,Green_Algae,3.1355467,5.592613
2021-09-18,3,Green_Algae,2.5354092,4.629199
2021-09-19,3,Green_Algae,2.8781462,4.7129216
2021-09-20,3,Green_Algae,2.8740985,4.1172414
2021-09-21,3,Green_Algae,2.339877,3.780327
2021-09-22,3,Green_Algae,3.6420565,4.210431
2021-09-23,3,Green_Algae,3.4891088,4.0226235
2021-09-24,3,Green_Algae,3.0315206,3.5703633
2021-09-25,3,Green_Algae,2.7386677,4.137426
2021-09-26,3,Green_Algae,2.8449023,4.1698174
2021-09-27,3,Green_Algae,2.898798,3.84144
2021-09-28,3,Green_Algae,2.80811,3.6449332
2021-09-29,3,Green_Algae,3.1477988,3.5199857
2021-09-30,3,Green_Algae,3.8165677,3.6942492
2021-10-01,3,Green_Algae,2.884149,3.5042315
2021-10-02,3,Green_Algae,2.3285825,3.6827388
2021-10-03,3,Green_Algae,2.7246957,3.9317853
2021-10-04,3,Green_Algae,2.9625897,3.5644088
2021-10-05,3,Green_Algae,3.2004838,3.3864791
2021-10-06,3,Green_Algae,3.4383776,3.6550038
2021-10-07,3,Green_Algae,3.6762717,3.892842
2021-10-08,3,Green_Algae,3.9141655,4.118314
2021-10-09,3,Green_Algae,4.1520596,4.12201
2021-10-10,3,Green_Algae,4.3899536,4.5053244
2021-10-11,3,Green_Algae,4.6278477,4.746782
2021-10-12,3,Green_Algae,4.9418287,4.558377
2021-10-13,3,Green_Algae,4.673613,4.4914026
2021-10-14,3,Green_Algae,4.5442286,4.536953
2021-10-15,3,Green_Algae,8.768624,4.598334
2021-10-16,3,Green_Algae,8.054786,4.693531
2021-10-17,3,Green_Algae,3.8535652,4.6507716
2021-10-18,3,Green_Algae,3.6656222,6.252275
2021-10-19,3,Green_Algae,3.690036,5.9777045
2021-10-20,3,Green_Algae,3.5357091,3.7180912
2021-10-21,3,Green_Algae,3.6526122,3.6661582
2021-10-22,3,Green_Algae,3.1038206,3.976591
2021-10-23,3,Green_Algae,2.7547975,3.8407478
2021-10-24,3,Green_Algae,2.6743922,4.055915
2021-10-25,3,Green_Algae,2.6642506,4.2991214
2021-10-26,3,Green_Algae,3.2695441,4.229095
2021-10-27,3,Green_Algae,6.4926195,4.1918526
2021-10-28,3,Green_Algae,8.997244,4.4643116
2021-10-29,3,Green_Algae,9.55448,4.9868984
2021-10-30,3,Green_Algae,6.1581116,7.5459447
2021-10-31,3,Green_Algae,5.569472,9.243848
2021-11-01,3,Green_Algae,4.880246,8.707626
2021-11-02,3,Green_Algae,6.240745,6.1616592
2021-11-03,3,Green_Algae,7.868003,5.594076
2021-11-04,3,Green_Algae,5.39335,5.312159
2021-11-05,3,Green_Algae,2.8083358,6.447276
2021-11-06,3,Green_Algae,4.1119175,7.0537195
2021-11-07,3,Green_Algae,5.8138523,5.7414823
2021-11-08,3,Green_Algae,5.6319323,3.7619374
2021-11-09,3,Green_Algae,4.463618,5.147224
2021-11-10,3,Green_Algae,5.127321,6.812558
2021-11-11,3,Green_Algae,3.3585093,6.038584
2021-11-12,3,Green_Algae,2.6787329,5.322638
2021-11-13,3,Green_Algae,2.9060419,5.756035
2021-11-14,3,Green_Algae,2.3626916,4.395563
2021-11-15,3,Green_Algae,2.3225126,3.830739
2021-11-16,3,Green_Algae,2.5409632,4.032926
2021-11-17,3,Green_Algae,2.2751682,3.4696634
2021-11-18,3,Green_Algae,1.9986252,3.3376982
2021-11-19,3,Green_Algae,1.6795293,3.510291
2021-11-20,3,Green_Algae,1.8916438,3.389511
2021-11-21,3,Green_Algae,2.7642143,3.1367328
2021-11-22,3,Green_Algae,3.023097,2.5741553
2021-11-23,3,Green_Algae,1.7613965,2.4970117
2021-11-24,3,Green_Algae,1.8678365,3.2642553
2021-11-25,3,Green_Algae,1.7351195,3.176966
2021-11-26,3,Green_Algae,1.7887771,2.1849716
2021-11-27,3,Green_Algae,1.8194356,2.2364838
2021-11-28,3,Green_Algae,2.1925688,2.2411623
2021-11-29,3,Green_Algae,2.8506155,2.3032348
2021-11-30,3,Green_Algae,3.7936785,2.4317536
2021-12-01,3,Green_Algae,3.2888849,2.6819365
2021-12-02,3,Green_Algae,3.20601,3.3751755
2021-12-03,3,Green_Algae,3.1972845,4.361291
2021-12-04,3,Green_Algae,2.9100072,3.6430597
2021-12-05,3,Green_Algae,3.0636685,3.502911
2021-12-06,3,Green_Algae,3.0413218,3.677401
2021-12-07,3,Green_Algae,2.8179595,3.5000317
2021-12-08,3,Green_Algae,2.9317937,3.6510515
2021-12-09,3,Green_Algae,2.873556,3.7334924
2021-12-10,3,Green_Algae,3.0364544,3.5187786
2021-12-11,3,Green_Algae,3.930644,3.5588236
2021-12-12,3,Green_Algae,3.436191,3.691122
2021-12-13,3,Green_Algae,3.863864,3.8136783
2021-12-14,3,Green_Algae,4.217301,4.7959056
2021-12-15,3,Green_Algae,4.429001,4.194088
2021-12-16,3,Green_Algae,4.6556263,4.7123904
2021-12-17,3,Green_Algae,4.838226,5.2065096
2021-12-18,3,Green_Algae,4.1352496,5.587055
2021-12-19,3,Green_Algae,3.6960173,5.465133
2021-12-20,3,Green_Algae,3.0439653,4.6218987
2021-12-21,3,Green_Algae,2.7047684,4.229161
2021-12-22,3,Green_Algae,4.257923,4.172097
2021-12-23,3,Green_Algae,3.2951374,3.6180906
2021-12-24,3,Green_Algae,2.3909624,3.446518
2021-12-25,3,Green_Algae,2.1861448,4.201114
2021-12-26,3,Green_Algae,1.7530535,5.03892
2021-12-27,3,Green_Algae,1.9872879,4.3505263
2021-12-28,3,Green_Algae,2.2317348,3.30106
2021-12-29,3,Green_Algae,2.0643368,3.021473
2021-12-30,3,Green_Algae,1.9601592,3.1890974
2021-12-31,3,Green_Algae,2.126949,3.773831
2022-01-01,3,Green_Algae,2.2531767,3.3343375
2022-01-02,3,Green_Algae,2.1239364,3.8135645
2022-01-03,3,Green_Algae,2.5416799,3.352825
2022-01-04,3,Green_Algae,3.3833745,3.361031
2022-01-05,3,Green_Algae,6.9222884,3.0170465
2022-01-06,3,Green_Algae,5.645869,3.307529
2022-01-07,3,Green_Algae,4.3694496,4.2173686
2022-01-08,3,Green_Algae,6.313483,6.7681084
2022-01-09,3,Green_Algae,4.849971,5.842757
2022-01-10,3,Green_Algae,6.5303836,4.384321
2022-01-11,3,Green_Algae,7.1293488,5.4048653
2022-01-12,3,Green_Algae,3.0731115,4.414729
2022-01-13,3,Green_Algae,2.084052,5.067429
2022-01-14,3,Green_Algae,1.3035264,4.3765187
2022-01-15,3,Green_Algae,2.1528146,2.5329995
2022-01-16,3,Green_Algae,2.2154775,2.0101285
2022-01-17,3,Green_Algae,1.8509052,1.6650898
2022-01-18,3,Green_Algae,3.0125198,2.504777
2022-01-19,3,Green_Algae,2.9266691,2.9207368
2022-01-20,3,Green_Algae,3.0848227,2.703472
2022-01-21,3,Green_Algae,3.732527,3.8590488
2022-01-22,3,Green_Algae,4.3433237,3.8997688
2022-01-23,3,Green_Algae,6.2519803,4.03791
2022-01-24,3,Green_Algae,8.160637,4.51851
2022-01-25,3,Green_Algae,8.239467,4.690408
2022-01-26,3,Green_Algae,8.318296,7.6494837
2022-01-27,3,Green_Algae,8.397126,6.68668
2022-01-28,3,Green_Algae,8.475957,7.275935
2022-01-29,3,Green_Algae,8.554788,7.029214
2022-01-30,3,Green_Algae,8.633616,6.988871
2022-01-31,3,Green_Algae,5.246442,6.6750813
2022-02-01,3,Green_Algae,3.9920294,5.392196
2022-02-02,3,Green_Algae,4.695028,5.0704865
2022-02-03,3,Green_Algae,2.7493696,3.5653353
2022-02-04,3,Green_Algae,2.88272,3.0473232
2022-02-05,3,Green_Algae,2.763606,3.6186512
2022-02-06,3,Green_Algae,2.1112866,2.7092505
2022-02-07,3,Green_Algae,2.4319632,3.3866363
2022-02-08,3,Green_Algae,2.2566342,3.6632552
2022-02-09,3,Green_Algae,2.6009963,2.9121437
2022-02-10,3,Green_Algae,2.5740855,3.62269
2022-02-11,3,Green_Algae,2.7089677,3.9740887
2022-02-12,3,Green_Algae,3.126954,4.224094
2022-02-13,3,Green_Algae,4.3236074,4.148129
2022-02-14,3,Green_Algae,3.448381,3.5451055
2022-02-15,3,Green_Algae,3.5295143,4.5485864
2022-02-16,3,Green_Algae,4.1974835,5.0957003
2022-02-17,3,Green_Algae,4.8904557,4.2032604
2022-02-18,3,Green_Algae,6.0933433,4.2133694
2022-02-19,3,Green_Algae,4.131527,4.651276
2022-02-20,3,Green_Algae,2.946324,5.99746
2022-02-21,3,Green_Algae,2.2808762,5.418796
2022-02-22,3,Green_Algae,1.969732,4.5156097
2022-02-23,3,Green_Algae,1.8481604,2.531648
2022-02-24,3,Green_Algae,1.970211,2.151951
2022-02-25,3,Green_Algae,2.0456758,2.259801
2022-02-26,3,Green_Algae,2.1211405,2.2841356
2022-02-27,3,Green_Algae,2.1966052,2.2555478
2022-02-28,3,Green_Algae,2.1446164,2.3318014
2022-03-01,3,Green_Algae,2.8918037,2.5301993
2022-03-02,3,Green_Algae,3.3747232,2.5633035
2022-03-03,3,Green_Algae,4.975467,2.4315114
2022-03-04,3,Green_Algae,5.8857384,3.0269976
2022-03-05,3,Green_Algae,7.7702246,4.7386494
2022-03-06,3,Green_Algae,7.406918,6.445191
2022-03-07,3,Green_Algae,8.624261,7.3971376
2022-03-08,3,Green_Algae,5.739247,8.092732
2022-03-09,3,Green_Algae,4.569587,8.055496
2022-03-10,3,Green_Algae,4.6664295,8.564471
2022-03-11,3,Green_Algae,6.601842,6.506924
2022-03-12,3,Green_Algae,7.0578914,5.5774474
2022-03-13,3,Green_Algae,9.441289,6.529621
2022-03-14,3,Green_Algae,10.154751,9.20643
2022-03-15,3,Green_Algae,10.868213,9.274742
2022-03-16,3,Green_Algae,10.484943,9.915805
2022-03-17,3,Green_Algae,10.101673,10.047232
2022-03-18,3,Green_Algae,10.141577,10.174381
2022-03-19,3,Green_Algae,10.18148,10.3109255
2022-03-20,3,Green_Algae,10.221386,9.27738
2022-03-21,3,Green_Algae,6.8799276,8.697294
2022-03-22,3,Green_Algae,6.111058,7.94158
2022-03-23,3,Green_Algae,3.9833503,7.31617
2022-03-24,3,Green_Algae,2.6831644,4.6691074
2022-03-25,3,Green_Algae,2.11021,4.279346
2022-03-26,3,Green_Algae,2.3608906,2.9868019
2022-03-27,3,Green_Algae,2.612607,2.5646763
2022-03-28,3,Green_Algae,3.0601304,3.2193549
2022-03-29,3,Green_Algae,3.0547757,3.7039137
2022-03-30,3,Green_Algae,2.5692663,2.9523988
2022-03-31,3,Green_Algae,2.7219045,2.9650576
2022-04-01,3,Green_Algae,3.1004643,2.5964513
2022-04-02,3,Green_Algae,2.2594109,2.4190257
2022-04-03,3,Green_Algae,1.953816,2.6071484
2022-04-04,3,Green_Algae,1.918588,3.4119318
2022-04-05,3,Green_Algae,2.3214595,2.9169753
2022-04-06,3,Green_Algae,2.560116,2.7883236
2022-04-07,3,Green_Algae,3.2719536,3.0032203
2022-04-08,3,Green_Algae,4.419464,3.503199
2022-04-09,3,Green_Algae,4.504269,3.5419724
2022-04-10,3,Green_Algae,4.89147,4.4845524
2022-04-11,3,Green_Algae,6.268174,5.7203703
2022-04-12,3,Green_Algae,7.3437877,5.795421
2022-04-13,3,Green_Algae,9.499956,5.9806175
2022-04-14,3,Green_Algae,10.740788,6.675074
2022-04-15,3,Green_Algae,8.073318,7.891577
2022-04-16,3,Green_Algae,7.630758,8.954173
2022-04-17,3,Green_Algae,6.9328403,9.497806
2022-04-18,3,Green_Algae,6.5577283,7.9942575
2022-04-19,3,Green_Algae,3.7500434,6.9028726
2022-04-20,3,Green_Algae,3.4992976,6.097476
2022-04-21,3,Green_Algae,4.348203,5.1533813
2022-04-22,3,Green_Algae,5.875435,3.0561569
2022-04-23,3,Green_Algae,8.554278,3.433223
2022-04-24,3,Green_Algae,10.74772,3.4635751
2022-04-25,3,Green_Algae,10.313055,4.988106
2022-04-26,3,Green_Algae,10.031486,7.3079004
2022-04-27,3,Green_Algae,9.749915,7.478345
2022-04-28,3,Green_Algae,9.468344,7.2797723
2022-04-29,3,Green_Algae,6.3907814,6.7809844
2022-04-30,3,Green_Algae,2.7383044,6.343146
2022-05-01,3,Green_Algae,1.9100943,5.5196886
2022-05-02,3,Green_Algae,1.4387971,4.146232
2022-05-03,3,Green_Algae,1.6956812,3.416452
2022-05-04,3,Green_Algae,2.9322464,2.8400352
2022-05-05,3,Green_Algae,4.024558,2.1868563
2022-05-06,3,Green_Algae,7.546461,2.4751658
2022-05-07,3,Green_Algae,8.4868555,4.0440054
2022-05-08,3,Green_Algae,8.025366,4.9173913
2022-05-09,3,Green_Algae,7.563878,7.191179
2022-05-10,3,Green_Algae,3.786575,7.6324058
2022-05-11,3,Green_Algae,2.6313117,5.7696967
2022-05-12,3,Green_Algae,2.673943,5.0294623
2022-05-13,3,Green_Algae,3.6793551,2.4540222
2022-05-14,3,Green_Algae,3.5523696,2.1521945
2022-05-15,3,Green_Algae,2.8397105,2.5086768
2022-05-16,3,Green_Algae,2.6588566,2.7009459
2022-05-17,3,Green_Algae,2.5439029,2.4382236
2022-05-18,3,Green_Algae,1.9558738,2.249546
2022-05-19,3,Green_Algae,2.2352676,2.0554066
2022-05-20,3,Green_Algae,3.8337293,2.2483115
2022-05-21,3,Green_Algae,6.6012907,2.2196739
2022-05-22,3,Green_Algae,4.1062393,2.2216616
2022-05-23,3,Green_Algae,3.8795009,3.2380612
2022-05-24,3,Green_Algae,3.7486677,5.360732
2022-05-25,3,Green_Algae,2.5144565,3.617212
2022-05-26,3,Green_Algae,2.628731,3.188152
2022-05-27,3,Green_Algae,2.336657,3.260582
2022-05-28,3,Green_Algae,1.8927444,2.5300145
2022-05-29,3,Green_Algae,1.7338868,2.574544
2022-05-30,3,Green_Algae,2.055707,2.1807277
2022-05-31,3,Green_Algae,2.7962682,2.0434442
2022-06-01,3,Green_Algae,2.4670553,1.7716355
2022-06-02,3,Green_Algae,2.5074983,1.8662261
2022-06-03,3,Green_Algae,3.3220377,1.9683925
2022-06-04,3,Green_Algae,2.913029,1.9272008
2022-06-05,3,Green_Algae,3.21664,1.9036596
2022-06-06,3,Green_Algae,3.0336015,2.1109898
2022-06-07,3,Green_Algae,2.016884,1.9951845
2022-06-08,3,Green_Algae,0.71460867,2.0890193
2022-06-09,3,Green_Algae,1.4329565,2.1407323
2022-06-10,3,Green_Algae,1.2493777,1.8390635
2022-06-11,3,Green_Algae,1.7778566,1.0594801
2022-06-12,3,Green_Algae,1.9454993,1.1155735
2022-06-13,3,Green_Algae,1.383483,1.0179234
2022-06-14,3,Green_Algae,0.17669071,1.2064074
2022-06-15,3,Green_Algae,0.1694878,1.3752489
2022-06-16,3,Green_Algae,1.6111215,1.1421912
2022-06-17,3,Green_Algae,1.4915413,0.5968098
2022-06-18,3,Green_Algae,1.3510724,0.3814003
2022-06-19,3,Green_Algae,1.4114358,0.7492861
2022-06-20,3,Green_Algae,1.2985806,1.0423025
2022-06-21,3,Green_Algae,1.315047,1.4128655
2022-06-22,3,Green_Algae,1.1877986,1.729266
2022-06-23,3,Green_Algae,0.20468882,1.89768
2022-06-24,3,Green_Algae,0.9321283,2.1252272
2022-06-25,3,Green_Algae,2.667632,2.0677638
2022-06-26,3,Green_Algae,2.3597465,1.099612
2022-06-27,3,Green_Algae,2.4025416,1.2302122
2022-06-28,3,Green_Algae,2.6718307,2.2679324
2022-06-29,3,Green_Algae,2.6384616,2.2979362
2022-06-30,3,Green_Algae,3.7917957,2.4302423
2022-07-01,3,Green_Algae,3.6459014,2.7797823
2022-07-02,3,Green_Algae,3.1270165,2.5602024
2022-07-03,3,Green_Algae,2.8873951,3.2219446
2022-07-04,3,Green_Algae,3.3072195,3.357997
2022-07-05,3,Green_Algae,2.865286,2.9686513
2022-07-06,3,Green_Algae,2.9233165,2.712884
2022-07-07,3,Green_Algae,2.1893845,2.800568
2022-07-08,3,Green_Algae,1.9153528,2.5263355
2022-07-09,3,Green_Algae,2.0919194,2.57557
2022-07-10,3,Green_Algae,3.2985039,2.2528641
2022-07-11,3,Green_Algae,4.8211155,2.295095
2022-07-12,3,Green_Algae,5.138985,2.467396
2022-07-13,3,Green_Algae,5.002174,3.5197737
2022-07-14,3,Green_Algae,9.229062,4.3160024
2022-07-15,3,Green_Algae,8.125591,4.3737273
2022-07-16,3,Green_Algae,7.02212,4.2973514
2022-07-17,3,Green_Algae,5.9186487,5.986949
2022-07-18,3,Green_Algae,4.815178,5.9977274
2022-07-19,3,Green_Algae,1.9387745,4.727849
2022-07-20,3,Green_Algae,1.5423076,4.392323
2022-07-21,3,Green_Algae,0.75141406,3.5989923
2022-07-22,3,Green_Algae,0.29937363,2.2525015
2022-07-23,3,Green_Algae,1.4023521,1.9820244
2022-07-24,3,Green_Algae,4.171111,1.5101167
2022-07-25,3,Green_Algae,0.52041996,1.0070713
2022-07-26,3,Green_Algae,0.0809841,1.5475801
2022-07-27,3,Green_Algae,0.34602904,3.1698346
2022-07-28,3,Green_Algae,0.6430407,1.4179271
2022-07-29,3,Green_Algae,0.75374895,0.89695793
2022-07-30,3,Green_Algae,0.8893367,1.0194438
2022-07-31,3,Green_Algae,1.0249244,1.2765212
2022-08-01,3,Green_Algae,1.160512,1.5489296
2022-08-02,3,Green_Algae,1.2960997,1.7942688
2022-08-03,3,Green_Algae,1.4316874,1.9958225
2022-08-04,3,Green_Algae,1.5672749,2.1796596
2022-08-05,3,Green_Algae,1.7028626,2.4087775
2022-08-06,3,Green_Algae,1.8384502,2.8799093
2022-08-07,3,Green_Algae,1.9740379,2.468572
2022-08-08,3,Green_Algae,2.1096256,2.4603
2022-08-09,3,Green_Algae,2.2452133,2.537982
2022-08-10,3,Green_Algae,2.380801,2.731311
2022-08-11,3,Green_Algae,2.5163884,2.858925
2022-08-12,3,Green_Algae,2.651976,3.0671132
2022-08-13,3,Green_Algae,2.7875638,3.1719556
2022-08-14,3,Green_Algae,2.9231515,3.014136
2022-08-15,3,Green_Algae,3.0587392,3.1907985
2022-08-16,3,Green_Algae,3.1943269,3.4345565
2022-08-17,3,Green_Algae,3.3299146,3.4674885
2022-08-18,3,Green_Algae,3.465502,3.462602
2022-08-19,3,Green_Algae,3.6010897,3.5461538
2022-08-20,3,Green_Algae,3.7366774,3.6906288
2022-08-21,3,Green_Algae,3.872265,3.9939501
2022-08-22,3,Green_Algae,4.0078526,4.0746064
2022-08-23,3,Green_Algae,4.1434402,4.15016
2022-08-24,3,Green_Algae,4.279028,4.221666
2022-08-25,3,Green_Algae,4.4146156,4.4163017
2022-08-26,3,Green_Algae,4.5502033,4.6869235
2022-08-27,3,Green_Algae,4.685791,4.8676167
2022-08-28,3,Green_Algae,4.8213787,4.5649295
2022-08-29,3,Green_Algae,4.9569664,4.350927
2022-08-30,3,Green_Algae,5.092554,4.2550883
2022-08-31,3,Green_Algae,5.2281413,4.556357
2022-09-01,3,Green_Algae,5.3637295,5.151733
2022-09-02,3,Green_Algae,5.499317,5.4192677
2022-09-03,3,Green_Algae,5.634905,5.479353
2022-09-04,3,Green_Algae,5.770492,5.005828
2022-09-05,3,Green_Algae,5.9060802,4.7508163
2022-09-06,3,Green_Algae,6.0416675,4.5629935
2022-09-07,3,Green_Algae,6.177255,4.33017
2022-09-08,3,Green_Algae,6.312843,4.3028603
2022-09-09,3,Green_Algae,6.4484305,4.9163723
2022-09-10,3,Green_Algae,6.230826,4.778059
2022-09-11,3,Green_Algae,8.68992,4.726652
2022-09-12,3,Green_Algae,7.807916,4.6535172
2022-09-13,3,Green_Algae,8.3521595,4.731473
2022-09-14,3,Green_Algae,9.356362,5.469485
2022-09-15,3,Green_Algae,7.107813,4.5225835
2022-09-16,3,Green_Algae,4.4031787,5.035622
2022-09-17,3,Green_Algae,3.7508175,5.5211167
2022-09-18,3,Green_Algae,6.3141737,5.1089973
2022-09-19,3,Green_Algae,3.516343,3.842219
2022-09-20,3,Green_Algae,1.5800507,3.7289717
2022-09-21,3,Green_Algae,1.6696308,4.9262967
2022-09-22,3,Green_Algae,1.4959407,3.7643154
2022-09-23,3,Green_Algae,1.615673,2.3564665
2022-09-24,3,Green_Algae,2.0823896,2.2355635
2022-09-25,3,Green_Algae,1.5839247,2.2907948
2022-09-26,3,Green_Algae,1.9809276,2.5495386
2022-09-27,3,Green_Algae,2.3091745,3.0741382
2022-09-28,3,Green_Algae,5.5527225,3.1092699
2022-09-29,3,Green_Algae,6.6691623,3.1112723
2022-09-30,3,Green_Algae,7.104832,3.20684
2022-10-01,3,Green_Algae,2.6034105,4.7055855
2022-10-02,3,Green_Algae,3.3666306,4.8985944
2022-10-03,3,Green_Algae,4.350832,4.299499
2022-10-04,3,Green_Algae,4.8073153,2.6812232
2022-10-05,3,Green_Algae,3.984971,2.7110987
2022-10-06,3,Green_Algae,3.1910217,3.1674967
2022-10-07,3,Green_Algae,2.3935506,3.6161234
2022-10-08,3,Green_Algae,1.82,3.0388043
2022-10-09,3,Green_Algae,3.16779,2.670008
2022-10-10,3,Green_Algae,3.305127,2.3185616
2022-10-11,3,Green_Algae,2.3630557,2.3238406
2022-10-12,3,Green_Algae,2.342739,2.807251
2022-10-13,3,Green_Algae,1.9473406,2.8502848
2022-10-14,3,Green_Algae,2.4178493,2.430355
2022-10-15,3,Green_Algae,2.2874982,2.381376
2022-10-16,3,Green_Algae,2.8773642,2.159589
2022-10-17,3,Green_Algae,1.9032803,2.4631374
2022-10-18,3,Green_Algae,1.3671615,2.638427
2022-10-19,3,Green_Algae,1.2281462,2.9782734
2022-10-20,3,Green_Algae,1.4357452,2.506139
2022-10-21,3,Green_Algae,1.8146449,2.0968876
2022-10-22,3,Green_Algae,5.2175727,1.8384558
2022-10-23,3,Green_Algae,1.6347319,2.0017686
2022-10-24,3,Green_Algae,1.3448409,1.9767925
2022-10-25,3,Green_Algae,0.8646165,4.2249384
2022-10-26,3,Green_Algae,0.7161304,1.9549636
2022-10-27,3,Green_Algae,0.8117439,1.5431474
2022-10-28,3,Green_Algae,0.9852315,1.2255869
2022-10-29,3,Green_Algae,0.7189863,1.0378917
2022-10-30,3,Green_Algae,0.74040526,1.1044289
2022-10-31,3,Green_Algae,0.3959189,1.2544612
2022-11-01,3,Green_Algae,0.45915672,1.2152059
2022-11-02,3,Green_Algae,0.44663528,1.3212334
2022-11-03,3,Green_Algae,0.5711731,1.2660513
2022-11-04,3,Green_Algae,0.5187971,1.2741421
2022-11-05,3,Green_Algae,0.5168741,1.3593848
2022-11-06,3,Green_Algae,0.99285096,1.493831
2022-11-07,3,Green_Algae,0.97021586,1.3612291
2022-11-08,3,Green_Algae,3.6827445,1.2943963
2022-11-09,3,Green_Algae,3.2042935,1.6755825
2022-11-10,3,Green_Algae,2.6945007,1.5296015
2022-11-11,3,Green_Algae,5.053273,3.8785307
2022-11-12,3,Green_Algae,8.711579,3.582773
2022-11-13,3,Green_Algae,7.713145,2.660269
2022-11-14,3,Green_Algae,5.1916933,3.3847542
2022-11-15,3,Green_Algae,1.4670622,4.47269
2022-11-16,3,Green_Algae,0.26871106,4.021967
2022-11-17,3,Green_Algae,0.32965964,3.2729082
2022-11-18,3,Green_Algae,0.4381694,1.6922551
2022-11-19,3,Green_Algae,1.021942,0.7529766
2022-11-20,3,Green_Algae,1.0667945,0.5316129
2022-11-21,3,Green_Algae,0.9796669,0.6129997
2022-11-22,3,Green_Algae,1.0705576,1.0236729
2022-11-23,3,Green_Algae,1.2641643,1.0042827
2022-11-24,3,Green_Algae,0.9981404,1.0426757
2022-11-25,3,Green_Algae,0.8159957,1.1148995
2022-11-26,3,Green_Algae,1.3945585,1.3131936
2022-11-27,3,Green_Algae,1.6876014,1.1402628
2022-11-28,3,Green_Algae,1.396505,1.0178481
2022-11-29,3,Green_Algae,1.0866112,1.373585
2022-11-30,3,Green_Algae,1.0804197,1.5042142
2022-12-01,3,Green_Algae,1.0082923,1.5195644
2022-12-02,3,Green_Algae,1.1993546,1.301157
2022-12-03,3,Green_Algae,1.0384793,1.3024933
2022-12-04,3,Green_Algae,0.9513034,1.316811
2022-12-05,3,Green_Algae,1.4196737,1.3636447
2022-12-06,3,Green_Algae,1.5062437,1.1692373
2022-12-07,3,Green_Algae,1.6673859,1.0631844
2022-12-08,3,Green_Algae,1.7725435,1.4757859
2022-12-09,3,Green_Algae,2.750798,1.2861612
2022-12-10,3,Green_Algae,2.2412164,1.4841932
2022-12-11,3,Green_Algae,0.4060463,1.5661963
2022-12-12,3,Green_Algae,0.160492,2.1410728
2022-12-13,3,Green_Algae,0.2686097,1.7381767
2022-12-14,3,Green_Algae,0.31757072,0.7334036
2022-12-15,3,Green_Algae,0.41242754,0.46131068
2022-12-16,3,Green_Algae,0.2809631,0.47536784
2022-12-17,3,Green_Algae,0.4638523,0.5757921
2022-12-18,3,Green_Algae,0.48307028,0.66701573
2022-12-19,3,Green_Algae,0.52901447,0.7340797
2022-12-20,3,Green_Algae,0.41270813,0.7128334
2022-12-21,3,Green_Algae,0.39071897,0.7046696
2022-12-22,3,Green_Algae,0.43844205,0.69751877
2022-12-23,3,Green_Algae,0.27015212,0.7479511
2022-12-24,3,Green_Algae,0.26322237,0.8545199
2022-12-25,3,Green_Algae,0.29721218,0.8951904
2022-12-26,3,Green_Algae,0.25078148,0.7575408
2022-12-27,3,Green_Algae,0.21856004,0.78086066
2022-12-28,3,Green_Algae,0.15966643,0.8633837
2022-12-29,3,Green_Algae,0.24490596,0.8744507
2022-12-30,3,Green_Algae,0.20376809,0.8021232
2022-12-31,3,Green_Algae,0.2882681,0.8104193
2023-01-01,3,Green_Algae,0.09535451,0.92544293
2023-01-02,3,Green_Algae,0.071312584,0.9643414
2023-01-03,3,Green_Algae,0.036156602,1.0773484
2023-01-04,3,Green_Algae,3.252288,0.86980546
2023-01-05,3,Green_Algae,6.237046,0.8542223
2023-01-06,3,Green_Algae,9.221804,0.8244356
2023-01-07,3,Green_Algae,9.225964,4.0880513
2023-01-08,3,Green_Algae,9.2301235,7.7306714
2023-01-09,3,Green_Algae,9.234284,7.4695168
2023-01-10,3,Green_Algae,9.238444,7.6994934
2023-01-11,3,Green_Algae,9.242605,7.0810657
2023-01-12,3,Green_Algae,8.008986,6.3696527
2023-01-13,3,Green_Algae,9.353083,6.592017
2023-01-14,3,Green_Algae,6.951903,6.548682
2023-01-15,3,Green_Algae,3.9082983,5.4049916
2023-01-16,3,Green_Algae,3.8983636,5.046734
2023-01-17,3,Green_Algae,3.6625977,4.9330535
2023-01-18,3,Green_Algae,2.6919782,2.3373902
2023-01-19,3,Green_Algae,2.5106957,2.9378474
2023-01-20,3,Green_Algae,2.9152644,3.4668171
2023-01-21,3,Green_Algae,3.6604702,2.6202345
2023-01-22,3,Green_Algae,7.30152,2.7376301
2023-01-23,3,Green_Algae,6.2374687,3.6179757
2023-01-24,3,Green_Algae,5.173418,4.070874
2023-01-25,3,Green_Algae,4.7855973,6.3155937
2023-01-26,3,Green_Algae,4.944407,6.997161
2023-01-27,3,Green_Algae,5.020905,3.743054
2023-01-28,3,Green_Algae,4.1378713,3.3700655
2023-01-29,3,Green_Algae,3.5290515,3.5547123
2023-01-30,3,Green_Algae,3.2179534,3.8362908
2023-01-31,3,Green_Algae,5.3130965,3.111724
2023-02-01,3,Green_Algae,7.0447626,3.1057599
2023-02-02,3,Green_Algae,9.122445,2.9106746
2023-02-03,3,Green_Algae,6.014926,4.5084214
2023-02-04,3,Green_Algae,5.961019,5.4713254
2023-02-05,3,Green_Algae,5.907112,5.9944134
2023-02-06,3,Green_Algae,5.853205,4.134062
2023-02-07,3,Green_Algae,8.160051,4.2332134
2023-02-08,3,Green_Algae,7.2787995,4.4483957
2023-02-09,3,Green_Algae,6.3975487,4.7277117
2023-02-10,3,Green_Algae,1.4237877,5.187225
2023-02-11,3,Green_Algae,1.1469333,4.3757586
2023-02-12,3,Green_Algae,0.77981836,3.6865666
2023-02-13,3,Green_Algae,0.90640306,1.1125649
2023-02-14,3,Green_Algae,0.18429561,0.84720635
2023-02-15,3,Green_Algae,0.09019138,0.4829482
2023-02-16,3,Green_Algae,0.06921226,0.46638906
2023-02-17,3,Green_Algae,0.09716904,0.2684654
2023-02-18,3,Green_Algae,0.5358182,0.1613089
2023-02-19,3,Green_Algae,0.73984677,0.17019704
2023-02-20,3,Green_Algae,0.9485524,0.2800749
2023-02-21,3,Green_Algae,0.88800627,0.57208055
2023-02-22,3,Green_Algae,0.77299947,0.74936074
2023-02-23,3,Green_Algae,0.8697355,0.82414937
2023-02-24,3,Green_Algae,0.9345164,0.74551624
2023-02-25,3,Green_Algae,0.5437155,0.7356139
2023-02-26,3,Green_Algae,0.35603827,0.9468592
2023-02-27,3,Green_Algae,0.2848945,0.88643605
2023-02-28,3,Green_Algae,0.9269008,0.6423106
2023-03-01,3,Green_Algae,1.0543281,0.49865127
2023-03-02,3,Green_Algae,0.82646257,0.5212237
2023-03-03,3,Green_Algae,0.41406226,0.9961757
2023-03-04,3,Green_Algae,0.43284735,0.97890896
2023-03-05,3,Green_Algae,0.34657025,0.82271117
2023-03-06,3,Green_Algae,0.24229686,0.64453244
2023-03-07,3,Green_Algae,0.28762135,0.6945301
2023-03-08,3,Green_Algae,0.23873465,0.6343553
2023-03-09,3,Green_Algae,0.20506701,0.59553355
2023-03-10,3,Green_Algae,0.12347253,0.65348923
2023-03-11,3,Green_Algae,0.08151744,0.58519256
2023-03-12,3,Green_Algae,0.14753455,0.6209205
2023-03-13,3,Green_Algae,0.08237493,0.62252086
2023-03-14,3,Green_Algae,0.036238365,0.6594785
2023-03-15,3,Green_Algae,0.1186852,0.7422589
2023-03-16,3,Green_Algae,0.17207983,0.856034
2023-03-17,3,Green_Algae,0.24798092,0.8771599
2023-03-18,3,Green_Algae,0.23571466,0.88710696
2023-03-19,3,Green_Algae,0.16183792,0.89882517
2023-03-20,3,Green_Algae,0.40782675,0.90798104
2023-03-21,3,Green_Algae,0.101640604,0.8897554
2023-03-22,3,Green_Algae,0.5060475,0.8199126
2023-03-23,3,Green_Algae,2.69248,1.0546252
2023-03-24,3,Green_Algae,1.9497765,0.8658272
2023-03-25,3,Green_Algae,1.3316832,1.2933271
2023-03-26,3,Green_Algae,2.578498,3.012094
2023-03-27,3,Green_Algae,2.0630136,2.5416486
2023-03-28,3,Green_Algae,1.7380223,1.2503084
2023-03-29,3,Green_Algae,1.37283,1.3521348
2023-03-30,3,Green_Algae,1.1725881,1.0839574
2023-03-31,3,Green_Algae,0.9683462,0.9081077
2023-04-01,3,Green_Algae,0.71395975,1.0254693
2023-04-02,3,Green_Algae,0.683174,0.9899962
2023-04-03,3,Green_Algae,0.75986,1.039016
2023-04-04,3,Green_Algae,0.6773602,1.1342099
2023-04-05,3,Green_Algae,1.834648,1.1235597
2023-04-06,3,Green_Algae,4.089308,1.1974432
2023-04-07,3,Green_Algae,2.2397137,1.2167726
2023-04-08,3,Green_Algae,1.7206718,1.4588743
2023-04-09,3,Green_Algae,1.4219851,1.6271757
2023-04-10,3,Green_Algae,1.2250155,1.2701441
2023-04-11,3,Green_Algae,0.8648579,1.1979833
2023-04-12,3,Green_Algae,0.56595254,0.9797017
2023-04-13,3,Green_Algae,0.50567454,0.93660384
2023-04-14,3,Green_Algae,0.66647476,0.7994612
2023-04-15,3,Green_Algae,1.0466163,0.7708249
2023-04-16,3,Green_Algae,1.2097328,0.91663367
2023-04-17,3,Green_Algae,2.6901345,1.3894459
2023-04-18,3,Green_Algae,2.477803,1.8001622
2023-04-19,3,Green_Algae,2.09581,1.519671
2023-04-20,3,Green_Algae,1.6294928,2.5107918
2023-04-21,3,Green_Algae,1.3932893,1.998926
2023-04-22,3,Green_Algae,0.9884703,1.666259
2023-04-23,3,Green_Algae,0.9850644,1.566817
2023-04-24,3,Green_Algae,1.0676374,1.6293218
2023-04-25,3,Green_Algae,1.3244078,1.3313392
2023-04-26,3,Green_Algae,0.6416333,1.235911
2023-04-27,3,Green_Algae,0.27814546,1.0387951
2023-04-28,3,Green_Algae,1.3145058,1.374034
2023-04-29,3,Green_Algae,3.2526584,1.0396893
2023-04-30,3,Green_Algae,3.1499057,0.81108546
2023-05-01,3,Green_Algae,1.6380941,1.6759745
2023-05-02,3,Green_Algae,4.1922054,2.694777
2023-05-03,3,Green_Algae,5.529419,2.1358974
2023-05-04,3,Green_Algae,6.2632565,1.189346
2023-05-05,3,Green_Algae,6.8380823,2.7365491
2023-05-06,3,Green_Algae,7.412908,3.8960745
2023-05-07,3,Green_Algae,4.079104,5.0623536
2023-05-08,3,Green_Algae,2.2593377,6.711043
2023-05-09,3,Green_Algae,1.9581879,5.783302
2023-05-10,3,Green_Algae,2.4479287,2.9821332
2023-05-11,3,Green_Algae,2.7059772,1.9418586
2023-05-12,3,Green_Algae,2.3598123,1.6774383
2023-05-13,3,Green_Algae,1.7751207,1.4124264
2023-05-14,3,Green_Algae,1.2882135,1.2384276
2023-05-15,3,Green_Algae,1.0123258,1.2301588
2023-05-16,3,Green_Algae,1.0217282,0.99453104
2023-05-17,3,Green_Algae,0.8613485,0.7745604
2023-05-18,3,Green_Algae,1.1611063,0.7176703
2023-05-19,3,Green_Algae,0.9660143,0.9527326
2023-05-20,3,Green_Algae,0.79129213,0.8568553
2023-05-21,3,Green_Algae,1.006314,1.1622645
2023-05-22,3,Green_Algae,0.55901504,1.0656966
2023-05-23,3,Green_Algae,0.46997598,0.9736886
2023-05-24,3,Green_Algae,0.31273833,1.1567365
2023-05-25,3,Green_Algae,0.29093453,0.8354781
2023-05-26,3,Green_Algae,0.25067583,0.8441145
2023-05-27,3,Green_Algae,0.42133546,0.79287183
2023-05-28,3,Green_Algae,1.3887391,0.7624182
2023-05-29,3,Green_Algae,2.5463135,0.7383184
2023-05-30,3,Green_Algae,2.2533908,0.88895065
2023-05-31,3,Green_Algae,3.1068542,1.6920037
2023-06-01,3,Green_Algae,2.7869723,2.3222883
2023-06-02,3,Green_Algae,2.4034996,1.9957402
2023-06-03,3,Green_Algae,1.0539821,2.6627622
2023-06-04,3,Green_Algae,0.93468004,2.2331934
2023-06-05,3,Green_Algae,0.4879697,1.3687993
2023-06-06,3,Green_Algae,0.8998942,0.6619406
2023-06-07,3,Green_Algae,1.3108021,0.4204398
2023-06-08,3,Green_Algae,1.019688,0.2577455
2023-06-09,3,Green_Algae,0.46447587,0.52516305
2023-06-10,3,Green_Algae,0.49861857,0.7122069
2023-06-11,3,Green_Algae,0.61284125,0.6984833
2023-06-12,3,Green_Algae,0.6797172,0.4474432
2023-06-13,3,Green_Algae,0.7083528,0.40327215
2023-06-14,3,Green_Algae,0.35401052,0.4847142
2023-06-15,3,Green_Algae,0.41286027,0.5996609
2023-06-16,3,Green_Algae,0.2804898,0.6236518
2023-06-17,3,Green_Algae,0.2304269,0.5279183
2023-06-18,3,Green_Algae,0.5143521,0.5121138
2023-06-19,3,Green_Algae,0.5725395,0.47859326
2023-06-20,3,Green_Algae,1.4189571,0.5183182
2023-06-21,3,Green_Algae,3.0382833,0.87933356
2023-06-22,3,Green_Algae,3.1065986,0.874665
2023-06-23,3,Green_Algae,1.9374653,1.4425759
2023-06-24,3,Green_Algae,1.1924785,2.2683427
2023-06-25,3,Green_Algae,1.0128819,2.4196715
2023-06-26,3,Green_Algae,1.2879117,1.8297904
2023-06-27,3,Green_Algae,1.1464972,1.4600176
2023-06-28,3,Green_Algae,4.1690407,1.4883362
2023-06-29,3,Green_Algae,5.1483574,1.3815746
2023-06-30,3,Green_Algae,4.417229,1.3448135
2023-07-01,3,Green_Algae,3.0753262,3.250463
2023-07-02,3,Green_Algae,2.3679974,4.0492935
2023-07-03,3,Green_Algae,3.1175823,3.586484
2023-07-04,3,Green_Algae,5.006934,3.12047
2023-07-05,3,Green_Algae,6.813222,2.6086948
2023-07-06,3,Green_Algae,7.1008797,3.1486442
2023-07-07,3,Green_Algae,7.8447523,4.3478823
2023-07-08,3,Green_Algae,7.1713324,4.889315
2023-07-09,3,Green_Algae,7.92671,5.177441
2023-07-10,3,Green_Algae,7.4939637,5.6871834
2023-07-11,3,Green_Algae,5.54597,5.925505
2023-07-12,3,Green_Algae,4.022008,5.948493
2023-07-13,3,Green_Algae,3.7216525,5.3060975
2023-07-14,3,Green_Algae,2.7944505,4.3533587
2023-07-15,3,Green_Algae,2.0034344,3.8971553
2023-07-16,3,Green_Algae,1.4967204,3.8896015
2023-07-17,3,Green_Algae,1.3990573,3.6423051
2023-07-18,3,Green_Algae,1.0275207,3.2590792
2023-07-19,3,Green_Algae,1.0186292,2.6759627
2023-07-20,3,Green_Algae,1.734702,2.8444123
2023-07-21,3,Green_Algae,3.5428689,2.5439038
2023-07-22,3,Green_Algae,8.218171,2.431572
2023-07-23,3,Green_Algae,8.601586,3.3069093
2023-07-24,3,Green_Algae,9.032261,3.9717796
2023-07-25,3,Green_Algae,8.793951,4.960397
2023-07-26,3,Green_Algae,6.349499,5.4792833
2023-07-27,3,Green_Algae,4.783891,5.4354296
2023-07-28,3,Green_Algae,2.371833,5.3642335
2023-07-29,3,Green_Algae,1.8697046,3.5408664
2023-07-30,3,Green_Algae,2.1430004,2.810478
2023-07-31,3,Green_Algae,2.687552,1.9241523
2023-08-01,3,Green_Algae,2.8441966,2.0042238
2023-08-02,3,Green_Algae,3.3121603,2.606395
2023-08-03,3,Green_Algae,4.9291377,2.921333
2023-08-04,3,Green_Algae,5.591187,3.5152354
2023-08-05,3,Green_Algae,8.544591,4.2648206
2023-08-06,3,Green_Algae,8.778641,5.2861423
2023-08-07,3,Green_Algae,9.01269,5.340345
2023-08-08,3,Green_Algae,9.246739,5.7063723
2023-08-09,3,Green_Algae,6.3150916,5.5328937
2023-08-10,3,Green_Algae,5.0038095,4.5174356
2023-08-11,3,Green_Algae,3.3346193,4.3355484
2023-08-12,3,Green_Algae,2.5525656,5.046622
2023-08-13,3,Green_Algae,3.0647385,3.3132107
2023-08-14,3,Green_Algae,5.879216,3.3127968
2023-08-15,3,Green_Algae,6.031285,3.0501502
2023-08-16,3,Green_Algae,4.687024,3.9230762
2023-08-17,3,Green_Algae,1.2427475,4.7607517
2023-08-18,3,Green_Algae,0.8998853,3.75595
2023-08-19,3,Green_Algae,0.66447395,2.6405692
2023-08-20,3,Green_Algae,0.51328796,0.9401952
2023-08-21,3,Green_Algae,0.45516005,0.5758777
2023-08-22,3,Green_Algae,0.3003116,0.47006002
2023-08-23,3,Green_Algae,0.28055164,0.49057263
2023-08-24,3,Green_Algae,0.2979189,0.47420707
2023-08-25,3,Green_Algae,0.2403409,0.40416777
2023-08-26,3,Green_Algae,0.44934124,0.514877
2023-08-27,3,Green_Algae,0.41253313,0.4799462
2023-08-28,3,Green_Algae,0.5238057,0.6514092
2023-08-29,3,Green_Algae,1.458634,0.6148478
2023-08-30,3,Green_Algae,0.76870924,0.74607885
2023-08-31,3,Green_Algae,1.4702122,0.7205843
2023-09-01,3,Green_Algae,0.9918718,0.9531016
2023-09-02,3,Green_Algae,0.91562474,0.7960193
2023-09-03,3,Green_Algae,0.70573056,1.0079472
2023-09-04,3,Green_Algae,0.6742999,0.77998173
2023-09-05,3,Green_Algae,1.3842525,0.9020179
2023-09-06,3,Green_Algae,4.9435377,0.80234194
2023-09-07,3,Green_Algae,3.897788,0.7915875
2023-09-08,3,Green_Algae,1.5145657,0.868162
2023-09-09,3,Green_Algae,0.6406925,1.4013554
2023-09-10,3,Green_Algae,0.33638895,1.2136805
2023-09-11,3,Green_Algae,0.10094779,0.83956504
2023-09-12,3,Green_Algae,0.09816431,0.6163211
2023-09-13,3,Green_Algae,0.2952668,0.6385586
2023-09-14,3,Green_Algae,0.7073095,0.6294312
2023-09-15,3,Green_Algae,1.220801,0.66166437
2023-09-16,3,Green_Algae,0.82873017,0.7105605
2023-09-17,3,Green_Algae,0.7083514,0.87725455
2023-09-18,3,Green_Algae,1.3472247,1.2750008
2023-09-19,3,Green_Algae,1.9606476,1.0547103
2023-09-20,3,Green_Algae,3.1551094,0.9220894
2023-09-21,3,Green_Algae,4.03383,1.2753487
2023-09-22,3,Green_Algae,3.11515,1.5409541
2023-09-23,3,Green_Algae,3.0413108,2.271417
2023-09-24,3,Green_Algae,3.025897,2.4872406
2023-09-25,3,Green_Algae,2.150364,2.3059525
2023-09-26,3,Green_Algae,2.4681423,2.572956
2023-09-27,3,Green_Algae,2.4991379,2.287537
2023-09-28,3,Green_Algae,2.2806215,1.7920951
2023-09-29,3,Green_Algae,1.9233941,1.9935064
2023-09-30,3,Green_Algae,1.7363886,1.7398437
2023-10-01,3,Green_Algae,2.0806055,1.6368834
2023-10-02,3,Green_Algae,1.3755308,1.4108183
2023-10-03,3,Green_Algae,1.3721676,1.136131
2023-10-04,3,Green_Algae,1.5986129,1.2389741
2023-10-05,3,Green_Algae,1.1944014,0.8613953
2023-10-06,3,Green_Algae,0.4352867,0.6300527
2023-10-07,3,Green_Algae,0.038954273,0.70737267
2023-10-08,3,Green_Algae,0.005254514,0.49340862
2023-10-09,3,Green_Algae,0.00022059257,0.19285579
2023-10-10,3,Green_Algae,0.07396206,0.04655857
2023-10-11,3,Green_Algae,0.0044502877,0.044856958
2023-10-12,3,Green_Algae,0.21425903,0.1578447
2023-10-13,3,Green_Algae,0.4240678,0.27069542
2023-10-14,3,Green_Algae,1.2040071,0.25604093
2023-10-15,3,Green_Algae,1.538577,0.40876853
2023-10-16,3,Green_Algae,0.91931796,0.64325005
2023-10-17,3,Green_Algae,0.49678364,1.0946097
2023-10-18,3,Green_Algae,0.27720237,1.0569851
2023-10-19,3,Green_Algae,0.060109414,0.50725704
2023-10-20,3,Green_Algae,0.0003220112,0.3233352
2023-10-21,3,Green_Algae,0.0012375681,0.21110354
2023-10-22,3,Green_Algae,0.0032772026,0.038149185
2023-10-23,3,Green_Algae,0.0053168214,-0.0032293873
2023-10-24,3,Green_Algae,0.0073564914,-0.13602066
2023-10-25,3,Green_Algae,0.009396112,-0.10322733
2023-10-26,3,Green_Algae,0.01143575,-0.11253222
2023-10-27,3,Green_Algae,0.00014706633,-0.092635855
2023-10-28,3,Green_Algae,0.00014947286,-0.06290166
2023-10-29,3,Green_Algae,0.00015179641,-0.108795226
2023-10-30,3,Green_Algae,0.0036961709,-0.13181253
2023-10-31,3,Green_Algae,5.8028803e-05,-0.14423837
2023-11-01,3,Green_Algae,0.005072786,-0.09013067
2023-11-02,3,Green_Algae,0.009415459,-0.035851378
2023-11-03,3,Green_Algae,0.23354869,0.009416045
2023-11-04,3,Green_Algae,0.19017506,0.041582838
2023-11-05,3,Green_Algae,0.29466212,-0.00029372878
2023-11-06,3,Green_Algae,0.52662814,0.06424334
2023-11-07,3,Green_Algae,0.14937869,0.06577772
2023-11-08,3,Green_Algae,0.051346254,0.18953148
2023-11-09,3,Green_Algae,0.0022525839,0.1993092
2023-11-10,3,Green_Algae,0.0037495536,0.07791154
2023-11-11,3,Green_Algae,0.00026789785,0.007176054
2023-11-12,3,Green_Algae,0.00030059792,0.010012959
2023-11-13,3,Green_Algae,0.00033329905,0.042206556
2023-11-14,3,Green_Algae,0.014367214,0.04610079
2023-11-15,3,Green_Algae,0.03973635,0.11502633
2023-11-16,3,Green_Algae,0.08579548,0.11061424
2023-11-17,3,Green_Algae,0.023645498,0.19049852
2023-11-18,3,Green_Algae,0.012744074,0.24329937
2023-11-19,3,Green_Algae,0.013970377,0.27088478
2023-11-20,3,Green_Algae,0.045104496,0.27968833
2023-11-21,3,Green_Algae,0.14602937,0.36525282
2023-11-22,3,Green_Algae,0.18774286,0.28028563
2023-11-23,3,Green_Algae,0.12678686,0.3180262
2023-11-24,3,Green_Algae,0.06583095,0.271271
2023-11-25,3,Green_Algae,0.0048749987,0.3164928
2023-11-26,3,Green_Algae,0.01300342,0.54678744
2023-11-27,3,Green_Algae,0.0009985091,0.43915895
2023-11-28,3,Green_Algae,0.3965642,0.39498523
2023-11-29,3,Green_Algae,0.7921298,0.40382063
2023-11-30,3,Green_Algae,1.1876955,0.4802445
2023-12-01,3,Green_Algae,0.5417547,0.80301905
2023-12-02,3,Green_Algae,0.28317368,1.0048431
2023-12-03,3,Green_Algae,0.26998764,1.3167075
2023-12-04,3,Green_Algae,0.041641086,0.4836815
2023-12-05,3,Green_Algae,0.007523836,0.31291685
2023-12-06,3,Green_Algae,0.0014946325,0.32705173
2023-12-07,3,Green_Algae,0.051200677,0.28560856
2023-12-08,3,Green_Algae,0.031184377,0.4204451
2023-12-09,3,Green_Algae,0.320014,0.3094436
2023-12-10,3,Green_Algae,0.19122079,0.2721115
2023-12-11,3,Green_Algae,0.9545549,0.3087628
2023-12-12,3,Green_Algae,2.0166812,0.6901553
2023-12-13,3,Green_Algae,1.8324066,0.5822885
2023-12-14,3,Green_Algae,1.3901647,1.1948214
2023-12-15,3,Green_Algae,2.1495306,1.7991022
2023-12-16,3,Green_Algae,1.2279633,1.2828642
2023-12-17,3,Green_Algae,0.5186076,0.9912711
2023-12-18,3,Green_Algae,0.2195702,0.84952396
2023-12-19,3,Green_Algae,0.2801519,0.51424617
2023-12-20,3,Green_Algae,0.20370297,0.18029551
2023-12-21,3,Green_Algae,0.061779305,0.11751175
2023-12-22,3,Green_Algae,0.047017764,0.23705123
2023-12-23,3,Green_Algae,0.0322563,0.17131726
2023-12-24,3,Green_Algae,0.017494831,0.16317064
2023-12-25,3,Green_Algae,0.0027333545,0.25050017
2023-12-26,3,Green_Algae,0.0019698853,0.28714624
2023-12-27,3,Green_Algae,1.632065,0.3269121
2023-12-28,3,Green_Algae,2.6889994,0.36747304
2023-12-29,3,Green_Algae,2.2090032,0.49452844
