date,horizon,target,true_value,pred_value
2020-10-28,1,Green_Algae,8.1705065,5.08169
2020-10-29,1,Green_Algae,11.725673,7.6098666
2020-10-30,1,Green_Algae,12.17853,9.45478
2020-10-31,1,Green_Algae,6.110087,10.055982
2020-11-01,1,Green_Algae,7.4780245,4.731255
2020-11-02,1,Green_Algae,7.0332804,7.5065293
2020-11-03,1,Green_Algae,4.4513035,6.93341
2020-11-04,1,Green_Algae,4.2465425,3.7647846
2020-11-05,1,Green_Algae,3.1390948,4.822061
2020-11-06,1,Green_Algae,4.8471107,3.5452683
2020-11-07,1,Green_Algae,8.74932,5.776229
2020-11-08,1,Green_Algae,3.445326,8.352721
2020-11-09,1,Green_Algae,2.8215373,2.8644354
2020-11-10,1,Green_Algae,2.7152398,3.1769485
2020-11-11,1,Green_Algae,2.8748477,3.067069
2020-11-12,1,Green_Algae,2.8452773,3.5388627
2020-11-13,1,Green_Algae,3.2272646,3.6442819
2020-11-14,1,Green_Algae,4.012611,3.9064364
2020-11-15,1,Green_Algae,3.7066593,4.279157
2020-11-16,1,Green_Algae,7.032859,4.374667
2020-11-17,1,Green_Algae,7.8307257,7.388184
2020-11-18,1,Green_Algae,7.7718787,8.005864
2020-11-19,1,Green_Algae,8.549044,7.708064
2020-11-20,1,Green_Algae,9.32621,9.010099
2020-11-21,1,Green_Algae,7.3450155,8.200744
2020-11-22,1,Green_Algae,8.40237,6.827953
2020-11-23,1,Green_Algae,5.0805078,8.167743
2020-11-24,1,Green_Algae,4.5977955,4.6526256
2020-11-25,1,Green_Algae,4.178378,4.793514
2020-11-26,1,Green_Algae,8.567597,4.410587
2020-11-27,1,Green_Algae,5.6399274,8.268208
2020-11-28,1,Green_Algae,4.2971926,5.697309
2020-11-29,1,Green_Algae,4.177417,3.8402028
2020-11-30,1,Green_Algae,2.1808684,4.7443438
2020-12-01,1,Green_Algae,2.1362128,1.9108752
2020-12-02,1,Green_Algae,2.365832,2.648014
2020-12-03,1,Green_Algae,1.8928292,2.7858407
2020-12-04,1,Green_Algae,2.1390448,2.226798
2020-12-05,1,Green_Algae,1.6092981,2.4122713
2020-12-06,1,Green_Algae,1.7672431,1.9777375
2020-12-07,1,Green_Algae,2.0092976,2.2651718
2020-12-08,1,Green_Algae,2.0687907,2.5156672
2020-12-09,1,Green_Algae,2.93475,2.148696
2020-12-10,1,Green_Algae,2.2710211,4.1442485
2020-12-11,1,Green_Algae,1.7623245,2.7463384
2020-12-12,1,Green_Algae,3.7399058,1.8502016
2020-12-13,1,Green_Algae,7.407639,4.5775013
2020-12-14,1,Green_Algae,1.9868814,7.9455037
2020-12-15,1,Green_Algae,1.3638422,1.7449255
2020-12-16,1,Green_Algae,1.3426266,1.8662698
2020-12-17,1,Green_Algae,1.2532657,1.8660847
2020-12-18,1,Green_Algae,1.2750503,1.7353042
2020-12-19,1,Green_Algae,1.6216208,1.7743679
2020-12-20,1,Green_Algae,2.156505,2.2551916
2020-12-21,1,Green_Algae,1.9927878,2.8716204
2020-12-22,1,Green_Algae,1.9692179,2.6491742
2020-12-23,1,Green_Algae,2.3798406,2.8065372
2020-12-24,1,Green_Algae,3.1014483,4.165893
2020-12-25,1,Green_Algae,2.8246055,3.8573678
2020-12-26,1,Green_Algae,2.7126286,3.3102674
2020-12-27,1,Green_Algae,3.4823534,3.5830972
2020-12-28,1,Green_Algae,8.607523,4.8422356
2020-12-29,1,Green_Algae,8.2660055,8.709808
2020-12-30,1,Green_Algae,7.924486,9.902668
2020-12-31,1,Green_Algae,6.428473,6.5710087
2021-01-01,1,Green_Algae,2.98945,6.5098624
2021-01-02,1,Green_Algae,1.3053657,2.403536
2021-01-03,1,Green_Algae,1.2917366,1.6543138
2021-01-04,1,Green_Algae,1.1487111,2.117574
2021-01-05,1,Green_Algae,1.2107966,1.8100857
2021-01-06,1,Green_Algae,1.9978639,1.8907496
2021-01-07,1,Green_Algae,3.2746053,2.9630864
2021-01-08,1,Green_Algae,1.283966,3.731663
2021-01-09,1,Green_Algae,1.3706295,1.331781
2021-01-10,1,Green_Algae,0.95188135,1.8272836
2021-01-11,1,Green_Algae,1.2131643,1.2828592
2021-01-12,1,Green_Algae,2.0453835,1.5346464
2021-01-13,1,Green_Algae,2.094508,2.395769
2021-01-14,1,Green_Algae,2.0917065,2.3377628
2021-01-15,1,Green_Algae,1.7256553,2.7465143
2021-01-16,1,Green_Algae,2.0362563,2.32006
2021-01-17,1,Green_Algae,3.533249,3.1045032
2021-01-18,1,Green_Algae,3.6137555,3.503909
2021-01-19,1,Green_Algae,3.1941895,3.4870691
2021-01-20,1,Green_Algae,4.403502,3.4173908
2021-01-21,1,Green_Algae,5.758683,6.160619
2021-01-22,1,Green_Algae,6.35937,6.9118834
2021-01-23,1,Green_Algae,8.876309,6.5562186
2021-01-24,1,Green_Algae,5.43191,8.039459
2021-01-25,1,Green_Algae,6.235949,4.459748
2021-01-26,1,Green_Algae,6.5830173,6.715548
2021-01-27,1,Green_Algae,7.649797,6.0663643
2021-01-28,1,Green_Algae,5.225948,6.85391
2021-01-29,1,Green_Algae,7.1872573,5.1153083
2021-01-30,1,Green_Algae,7.827323,6.76037
2021-01-31,1,Green_Algae,6.1937,6.8436317
2021-02-01,1,Green_Algae,5.721615,5.865284
2021-02-02,1,Green_Algae,5.1455975,6.3424397
2021-02-03,1,Green_Algae,4.142368,5.7450423
2021-02-04,1,Green_Algae,4.6842937,4.4549084
2021-02-05,1,Green_Algae,4.7972736,5.742538
2021-02-06,1,Green_Algae,4.5424547,6.1395597
2021-02-07,1,Green_Algae,4.4105067,5.6918793
2021-02-08,1,Green_Algae,4.6066475,5.460058
2021-02-09,1,Green_Algae,5.280211,5.644838
2021-02-10,1,Green_Algae,7.288978,6.1422524
2021-02-11,1,Green_Algae,4.65887,6.877469
2021-02-12,1,Green_Algae,3.413034,4.294039
2021-02-13,1,Green_Algae,8.17764,4.3725357
2021-02-14,1,Green_Algae,5.1429377,8.171863
2021-02-15,1,Green_Algae,4.1539435,6.52671
2021-02-16,1,Green_Algae,4.581317,4.9803224
2021-02-17,1,Green_Algae,4.9817367,5.9207144
2021-02-18,1,Green_Algae,3.35322,5.4599657
2021-02-19,1,Green_Algae,4.2448187,4.0886054
2021-02-20,1,Green_Algae,4.0317235,5.8093452
2021-02-21,1,Green_Algae,4.087482,4.5568824
2021-02-22,1,Green_Algae,3.9634469,5.0799203
2021-02-23,1,Green_Algae,4.5633674,4.5409126
2021-02-24,1,Green_Algae,4.220355,5.0493693
2021-02-25,1,Green_Algae,5.1449275,4.418782
2021-02-26,1,Green_Algae,5.1236477,5.5768046
2021-02-27,1,Green_Algae,4.096351,5.2419357
2021-02-28,1,Green_Algae,3.4184105,3.8516164
2021-03-01,1,Green_Algae,2.6066442,3.587474
2021-03-02,1,Green_Algae,2.469205,2.3877745
2021-03-03,1,Green_Algae,3.3989074,2.8992884
2021-03-04,1,Green_Algae,2.2061434,4.49815
2021-03-05,1,Green_Algae,0.93730825,2.144405
2021-03-06,1,Green_Algae,0.17130968,1.3072969
2021-03-07,1,Green_Algae,0.21163534,0.7204942
2021-03-08,1,Green_Algae,0.51324403,0.85202146
2021-03-09,1,Green_Algae,0.7416932,1.300979
2021-03-10,1,Green_Algae,1.1518161,1.4260066
2021-03-11,1,Green_Algae,3.0430608,2.5374749
2021-03-12,1,Green_Algae,5.624233,5.2998633
2021-03-13,1,Green_Algae,9.781874,7.8735447
2021-03-14,1,Green_Algae,6.138524,10.050788
2021-03-15,1,Green_Algae,5.632489,5.7437663
2021-03-16,1,Green_Algae,4.6865773,5.666518
2021-03-17,1,Green_Algae,4.3283215,4.691738
2021-03-18,1,Green_Algae,3.7387772,3.8506715
2021-03-19,1,Green_Algae,2.8026774,3.8633354
2021-03-20,1,Green_Algae,3.1857598,2.9941256
2021-03-21,1,Green_Algae,2.456903,3.6163096
2021-03-22,1,Green_Algae,0.9018451,2.546007
2021-03-23,1,Green_Algae,0.6790297,1.4254752
2021-03-24,1,Green_Algae,1.005638,1.4987609
2021-03-25,1,Green_Algae,0.83578366,1.7616159
2021-03-26,1,Green_Algae,1.0689725,1.5188289
2021-03-27,1,Green_Algae,1.7590731,2.130253
2021-03-28,1,Green_Algae,4.083432,3.370243
2021-03-29,1,Green_Algae,7.1401954,6.162363
2021-03-30,1,Green_Algae,10.209595,8.90871
2021-03-31,1,Green_Algae,10.649694,10.515609
2021-04-01,1,Green_Algae,9.618863,10.250101
2021-04-02,1,Green_Algae,9.679638,7.4808645
2021-04-03,1,Green_Algae,8.492021,6.465907
2021-04-04,1,Green_Algae,5.522469,6.4652796
2021-04-05,1,Green_Algae,3.8875976,4.224685
2021-04-06,1,Green_Algae,3.7225616,3.700461
2021-04-07,1,Green_Algae,4.1317596,4.1040864
2021-04-08,1,Green_Algae,3.7241824,4.564835
2021-04-09,1,Green_Algae,2.9264905,3.777131
2021-04-10,1,Green_Algae,3.0117583,3.5420194
2021-04-11,1,Green_Algae,3.7558973,3.9883046
2021-04-12,1,Green_Algae,7.548631,5.048987
2021-04-13,1,Green_Algae,8.276589,8.293356
2021-04-14,1,Green_Algae,7.5179367,9.772093
2021-04-15,1,Green_Algae,7.9862165,8.491197
2021-04-16,1,Green_Algae,8.454495,8.051579
2021-04-17,1,Green_Algae,10.411622,8.0005665
2021-04-18,1,Green_Algae,8.3863945,9.739491
2021-04-19,1,Green_Algae,7.374504,7.8831863
2021-04-20,1,Green_Algae,7.4743953,7.1215158
2021-04-21,1,Green_Algae,7.563512,6.9868994
2021-04-22,1,Green_Algae,9.42714,7.085144
2021-04-23,1,Green_Algae,9.938813,8.80165
2021-04-24,1,Green_Algae,9.186256,10.069611
2021-04-25,1,Green_Algae,13.211926,10.21306
2021-04-26,1,Green_Algae,11.542995,10.441448
2021-04-27,1,Green_Algae,8.482055,7.8584657
2021-04-28,1,Green_Algae,4.98898,5.6394806
2021-04-29,1,Green_Algae,3.1451302,3.9869082
2021-04-30,1,Green_Algae,3.3468668,3.4354155
2021-05-01,1,Green_Algae,8.648813,4.173242
2021-05-02,1,Green_Algae,10.776056,7.675617
2021-05-03,1,Green_Algae,10.448346,9.159942
2021-05-04,1,Green_Algae,5.103333,9.560432
2021-05-05,1,Green_Algae,5.319554,5.1690774
2021-05-06,1,Green_Algae,6.643535,6.040627
2021-05-07,1,Green_Algae,6.72064,7.414128
2021-05-08,1,Green_Algae,10.374625,7.222952
2021-05-09,1,Green_Algae,12.880029,9.435809
2021-05-10,1,Green_Algae,9.980102,11.156517
2021-05-11,1,Green_Algae,10.452174,10.0764
2021-05-12,1,Green_Algae,10.924248,10.864095
2021-05-13,1,Green_Algae,11.39632,11.206062
2021-05-14,1,Green_Algae,11.868393,12.292845
2021-05-15,1,Green_Algae,10.393691,10.172548
2021-05-16,1,Green_Algae,7.7878942,8.138144
2021-05-17,1,Green_Algae,7.7099423,7.1260486
2021-05-18,1,Green_Algae,7.9545946,7.854327
2021-05-19,1,Green_Algae,6.14866,8.609413
2021-05-20,1,Green_Algae,6.4745946,6.104331
2021-05-21,1,Green_Algae,6.249631,7.123381
2021-05-22,1,Green_Algae,9.313534,6.8158774
2021-05-23,1,Green_Algae,8.771644,8.840816
2021-05-24,1,Green_Algae,12.235818,7.79215
2021-05-25,1,Green_Algae,7.2883067,9.798556
2021-05-26,1,Green_Algae,7.12322,6.984504
2021-05-27,1,Green_Algae,13.128756,7.367257
2021-05-28,1,Green_Algae,12.951473,9.956104
2021-05-29,1,Green_Algae,12.77419,10.81722
2021-05-30,1,Green_Algae,4.561085,9.244409
2021-05-31,1,Green_Algae,2.984026,3.5039024
2021-06-01,1,Green_Algae,3.477842,3.138827
2021-06-02,1,Green_Algae,3.0301087,3.3942487
2021-06-03,1,Green_Algae,2.9474874,2.9843574
2021-06-04,1,Green_Algae,3.87105,3.2084017
2021-06-05,1,Green_Algae,3.5815134,4.4607825
2021-06-06,1,Green_Algae,3.5015206,3.7415853
2021-06-07,1,Green_Algae,4.0479884,4.293331
2021-06-08,1,Green_Algae,5.4210563,4.6016526
2021-06-09,1,Green_Algae,3.706534,6.435125
2021-06-10,1,Green_Algae,5.004493,3.9412215
2021-06-11,1,Green_Algae,6.557851,5.9329715
2021-06-12,1,Green_Algae,10.4747505,6.839195
2021-06-13,1,Green_Algae,11.396228,8.814894
2021-06-14,1,Green_Algae,12.317705,9.70093
2021-06-15,1,Green_Algae,12.765958,9.700093
2021-06-16,1,Green_Algae,13.214211,11.393782
2021-06-17,1,Green_Algae,13.662464,12.327252
2021-06-18,1,Green_Algae,14.110718,12.151165
2021-06-19,1,Green_Algae,12.694961,10.616933
2021-06-20,1,Green_Algae,13.068725,9.638135
2021-06-21,1,Green_Algae,6.759349,10.101604
2021-06-22,1,Green_Algae,4.531797,5.7810507
2021-06-23,1,Green_Algae,4.704233,4.7286253
2021-06-24,1,Green_Algae,4.3103833,5.6026974
2021-06-25,1,Green_Algae,4.245991,5.639653
2021-06-26,1,Green_Algae,3.8047178,5.811768
2021-06-27,1,Green_Algae,9.500919,4.4241886
2021-06-28,1,Green_Algae,14.259275,8.51642
2021-06-29,1,Green_Algae,13.726238,10.334596
2021-06-30,1,Green_Algae,10.054623,9.851186
2021-07-01,1,Green_Algae,10.233351,7.323525
2021-07-02,1,Green_Algae,11.377681,9.094075
2021-07-03,1,Green_Algae,13.92809,9.854695
2021-07-04,1,Green_Algae,9.610976,11.1227045
2021-07-05,1,Green_Algae,13.8032055,8.151978
2021-07-06,1,Green_Algae,12.07648,10.548785
2021-07-07,1,Green_Algae,9.815504,9.522154
2021-07-08,1,Green_Algae,10.952688,8.272343
2021-07-09,1,Green_Algae,5.504181,9.916238
2021-07-10,1,Green_Algae,6.883577,4.4280133
2021-07-11,1,Green_Algae,6.383121,7.4005113
2021-07-12,1,Green_Algae,8.041389,7.411344
2021-07-13,1,Green_Algae,7.1555495,8.666772
2021-07-14,1,Green_Algae,7.182688,7.8857636
2021-07-15,1,Green_Algae,7.2098265,9.651528
2021-07-16,1,Green_Algae,7.2369647,9.874787
2021-07-17,1,Green_Algae,7.2641034,9.834711
2021-07-18,1,Green_Algae,7.291241,10.205209
2021-07-19,1,Green_Algae,7.3183794,9.1345415
2021-07-20,1,Green_Algae,7.345518,7.5163198
2021-07-21,1,Green_Algae,4.656155,6.287058
2021-07-22,1,Green_Algae,5.656749,4.8275456
2021-07-23,1,Green_Algae,11.975569,6.431138
2021-07-24,1,Green_Algae,13.560905,9.866274
2021-07-25,1,Green_Algae,13.088494,11.547642
2021-07-26,1,Green_Algae,11.472322,11.5507
2021-07-27,1,Green_Algae,9.366954,9.454462
2021-07-28,1,Green_Algae,6.655246,7.763295
2021-07-29,1,Green_Algae,7.9549346,5.2489457
2021-07-30,1,Green_Algae,7.1069007,7.9888077
2021-07-31,1,Green_Algae,8.990673,7.901622
2021-08-01,1,Green_Algae,10.385311,8.452911
2021-08-02,1,Green_Algae,10.719529,8.416517
2021-08-03,1,Green_Algae,7.1092253,7.7715244
2021-08-04,1,Green_Algae,4.9593773,6.2797213
2021-08-05,1,Green_Algae,3.0356264,4.9600053
2021-08-06,1,Green_Algae,2.0601811,2.7054362
2021-08-07,1,Green_Algae,2.8934517,2.3376296
2021-08-08,1,Green_Algae,3.3419957,3.332849
2021-08-09,1,Green_Algae,3.5262926,3.9699326
2021-08-10,1,Green_Algae,2.9024384,4.447528
2021-08-11,1,Green_Algae,3.434081,3.3241627
2021-08-12,1,Green_Algae,4.609233,4.530341
2021-08-13,1,Green_Algae,4.0192776,6.167833
2021-08-14,1,Green_Algae,7.171199,4.3149767
2021-08-15,1,Green_Algae,10.603491,7.475915
2021-08-16,1,Green_Algae,8.529735,9.620901
2021-08-17,1,Green_Algae,6.9491796,8.420879
2021-08-18,1,Green_Algae,8.951539,6.129648
2021-08-19,1,Green_Algae,11.542151,8.625856
2021-08-20,1,Green_Algae,10.700407,9.866637
2021-08-21,1,Green_Algae,7.8352175,10.287489
2021-08-22,1,Green_Algae,12.8495455,7.815495
2021-08-23,1,Green_Algae,13.118637,10.33925
2021-08-24,1,Green_Algae,10.933848,11.214353
2021-08-25,1,Green_Algae,12.0906725,8.999767
2021-08-26,1,Green_Algae,10.43034,10.589348
2021-08-27,1,Green_Algae,9.773435,8.652012
2021-08-28,1,Green_Algae,8.390406,7.5073533
2021-08-29,1,Green_Algae,7.821752,7.0291576
2021-08-30,1,Green_Algae,6.5187182,7.25459
2021-08-31,1,Green_Algae,5.8044934,6.1379285
2021-09-01,1,Green_Algae,5.0743923,6.9718018
2021-09-02,1,Green_Algae,4.311918,6.0574675
2021-09-03,1,Green_Algae,3.3487916,4.6553164
2021-09-04,1,Green_Algae,4.701462,3.9138432
2021-09-05,1,Green_Algae,5.0674095,6.226693
2021-09-06,1,Green_Algae,3.518864,6.2299967
2021-09-07,1,Green_Algae,3.1971326,3.6612039
2021-09-08,1,Green_Algae,3.5374892,4.2770076
2021-09-09,1,Green_Algae,6.4463677,4.828615
2021-09-10,1,Green_Algae,6.842923,7.160622
2021-09-11,1,Green_Algae,8.631598,6.293014
2021-09-12,1,Green_Algae,8.282877,7.814397
2021-09-13,1,Green_Algae,7.9341564,7.976916
2021-09-14,1,Green_Algae,7.505728,7.626257
2021-09-15,1,Green_Algae,4.8467994,7.331152
2021-09-16,1,Green_Algae,4.3901086,4.5003114
2021-09-17,1,Green_Algae,3.1355467,4.7016373
2021-09-18,1,Green_Algae,2.5354092,3.3843155
2021-09-19,1,Green_Algae,2.8781462,3.705043
2021-09-20,1,Green_Algae,2.8740985,4.159958
2021-09-21,1,Green_Algae,2.339877,4.1587768
2021-09-22,1,Green_Algae,3.6420565,3.0427194
2021-09-23,1,Green_Algae,3.4891088,5.2533073
2021-09-24,1,Green_Algae,3.0315206,4.441943
2021-09-25,1,Green_Algae,2.7386677,3.700648
2021-09-26,1,Green_Algae,2.8449023,3.5110857
2021-09-27,1,Green_Algae,2.898798,3.5616872
2021-09-28,1,Green_Algae,2.80811,3.7406933
2021-09-29,1,Green_Algae,3.1477988,3.8382514
2021-09-30,1,Green_Algae,3.8165677,4.2425275
2021-10-01,1,Green_Algae,2.884149,4.5164804
2021-10-02,1,Green_Algae,2.3285825,3.4641373
2021-10-03,1,Green_Algae,2.7246957,3.4343152
2021-10-04,1,Green_Algae,2.9625897,4.5438213
2021-10-05,1,Green_Algae,3.2004838,4.3553276
2021-10-06,1,Green_Algae,3.4383776,4.438391
2021-10-07,1,Green_Algae,3.6762717,4.2211185
2021-10-08,1,Green_Algae,3.9141655,4.740783
2021-10-09,1,Green_Algae,4.1520596,5.1690774
2021-10-10,1,Green_Algae,4.3899536,4.9098487
2021-10-11,1,Green_Algae,4.6278477,4.8931437
2021-10-12,1,Green_Algae,4.9418287,4.9159813
2021-10-13,1,Green_Algae,4.673613,5.6069856
2021-10-14,1,Green_Algae,4.5442286,5.09672
2021-10-15,1,Green_Algae,8.768624,4.992495
2021-10-16,1,Green_Algae,8.054786,7.9049726
2021-10-17,1,Green_Algae,3.8535652,7.1026816
2021-10-18,1,Green_Algae,3.6656222,2.9216628
2021-10-19,1,Green_Algae,3.690036,4.3144116
2021-10-20,1,Green_Algae,3.5357091,4.300057
2021-10-21,1,Green_Algae,3.6526122,3.803295
2021-10-22,1,Green_Algae,3.1038206,4.3859
2021-10-23,1,Green_Algae,2.7547975,3.7500007
2021-10-24,1,Green_Algae,2.6743922,3.6941621
2021-10-25,1,Green_Algae,2.6642506,4.088256
2021-10-26,1,Green_Algae,3.2695441,3.779961
2021-10-27,1,Green_Algae,6.4926195,5.0609574
2021-10-28,1,Green_Algae,8.997244,8.289921
2021-10-29,1,Green_Algae,9.55448,10.179907
2021-10-30,1,Green_Algae,6.1581116,9.829954
2021-10-31,1,Green_Algae,5.569472,5.426488
2021-11-01,1,Green_Algae,4.880246,6.3436327
2021-11-02,1,Green_Algae,6.240745,5.7491407
2021-11-03,1,Green_Algae,7.868003,7.6267133
2021-11-04,1,Green_Algae,5.39335,8.651122
2021-11-05,1,Green_Algae,2.8083358,6.101501
2021-11-06,1,Green_Algae,4.1119175,2.6348448
2021-11-07,1,Green_Algae,5.8138523,5.998388
2021-11-08,1,Green_Algae,5.6319323,7.496001
2021-11-09,1,Green_Algae,4.463618,6.4631066
2021-11-10,1,Green_Algae,5.127321,5.2036805
2021-11-11,1,Green_Algae,3.3585093,6.297008
2021-11-12,1,Green_Algae,2.6787329,3.5109844
2021-11-13,1,Green_Algae,2.9060419,3.3771443
2021-11-14,1,Green_Algae,2.3626916,4.026363
2021-11-15,1,Green_Algae,2.3225126,2.7719193
2021-11-16,1,Green_Algae,2.5409632,3.0213983
2021-11-17,1,Green_Algae,2.2751682,3.3070488
2021-11-18,1,Green_Algae,1.9986252,2.8559363
2021-11-19,1,Green_Algae,1.6795293,2.579566
2021-11-20,1,Green_Algae,1.8916438,1.9252019
2021-11-21,1,Green_Algae,2.7642143,2.2927003
2021-11-22,1,Green_Algae,3.023097,3.6641295
2021-11-23,1,Green_Algae,1.7613965,3.1786427
2021-11-24,1,Green_Algae,1.8678365,1.7381176
2021-11-25,1,Green_Algae,1.7351195,2.4843829
2021-11-26,1,Green_Algae,1.7887771,2.1286821
2021-11-27,1,Green_Algae,1.8194356,2.2879295
2021-11-28,1,Green_Algae,2.1925688,2.442371
2021-11-29,1,Green_Algae,2.8506155,2.741033
2021-11-30,1,Green_Algae,3.7936785,3.7741587
2021-12-01,1,Green_Algae,3.2888849,4.679812
2021-12-02,1,Green_Algae,3.20601,3.3485308
2021-12-03,1,Green_Algae,3.1972845,3.4504604
2021-12-04,1,Green_Algae,2.9100072,3.6343334
2021-12-05,1,Green_Algae,3.0636685,3.14027
2021-12-06,1,Green_Algae,3.0413218,3.2898276
2021-12-07,1,Green_Algae,2.8179595,3.400567
2021-12-08,1,Green_Algae,2.9317937,3.0076094
2021-12-09,1,Green_Algae,2.873556,3.3021314
2021-12-10,1,Green_Algae,3.0364544,3.4633949
2021-12-11,1,Green_Algae,3.930644,3.3902173
2021-12-12,1,Green_Algae,3.436191,4.739
2021-12-13,1,Green_Algae,3.863864,3.3357077
2021-12-14,1,Green_Algae,4.217301,4.536616
2021-12-15,1,Green_Algae,4.429001,5.053141
2021-12-16,1,Green_Algae,4.6556263,5.475758
2021-12-17,1,Green_Algae,4.838226,5.2620845
2021-12-18,1,Green_Algae,4.1352496,4.373369
2021-12-19,1,Green_Algae,3.6960173,3.9065137
2021-12-20,1,Green_Algae,3.0439653,4.001987
2021-12-21,1,Green_Algae,2.7047684,3.173769
2021-12-22,1,Green_Algae,4.257923,3.2341876
2021-12-23,1,Green_Algae,3.2951374,4.3772864
2021-12-24,1,Green_Algae,2.3909624,4.5728197
2021-12-25,1,Green_Algae,2.1861448,3.1407104
2021-12-26,1,Green_Algae,1.7530535,2.7458532
2021-12-27,1,Green_Algae,1.9872879,2.413575
2021-12-28,1,Green_Algae,2.2317348,2.772278
2021-12-29,1,Green_Algae,2.0643368,3.1859896
2021-12-30,1,Green_Algae,1.9601592,2.50612
2021-12-31,1,Green_Algae,2.126949,3.1846445
2022-01-01,1,Green_Algae,2.2531767,2.623584
2022-01-02,1,Green_Algae,2.1239364,2.931715
2022-01-03,1,Green_Algae,2.5416799,2.4523299
2022-01-04,1,Green_Algae,3.3833745,3.244861
2022-01-05,1,Green_Algae,6.9222884,4.4548855
2022-01-06,1,Green_Algae,5.645869,7.5486474
2022-01-07,1,Green_Algae,4.3694496,6.3443217
2022-01-08,1,Green_Algae,6.313483,3.8444514
2022-01-09,1,Green_Algae,4.849971,6.6600347
2022-01-10,1,Green_Algae,6.5303836,4.529898
2022-01-11,1,Green_Algae,7.1293488,6.1984496
2022-01-12,1,Green_Algae,3.0731115,5.4948335
2022-01-13,1,Green_Algae,2.084052,2.2086916
2022-01-14,1,Green_Algae,1.3035264,2.1878457
2022-01-15,1,Green_Algae,2.1528146,1.6119672
2022-01-16,1,Green_Algae,2.2154775,2.973639
2022-01-17,1,Green_Algae,1.8509052,2.4731658
2022-01-18,1,Green_Algae,3.0125198,2.2007248
2022-01-19,1,Green_Algae,2.9266691,3.7995315
2022-01-20,1,Green_Algae,3.0848227,3.0353792
2022-01-21,1,Green_Algae,3.732527,3.334561
2022-01-22,1,Green_Algae,4.3433237,3.873405
2022-01-23,1,Green_Algae,6.2519803,4.157506
2022-01-24,1,Green_Algae,8.160637,6.6317506
2022-01-25,1,Green_Algae,8.239467,6.6437445
2022-01-26,1,Green_Algae,8.318296,7.6096544
2022-01-27,1,Green_Algae,8.397126,7.248092
2022-01-28,1,Green_Algae,8.475957,6.7555037
2022-01-29,1,Green_Algae,8.554788,7.131307
2022-01-30,1,Green_Algae,8.633616,5.7804
2022-01-31,1,Green_Algae,5.246442,6.1680465
2022-02-01,1,Green_Algae,3.9920294,3.7323995
2022-02-02,1,Green_Algae,4.695028,3.243765
2022-02-03,1,Green_Algae,2.7493696,4.039309
2022-02-04,1,Green_Algae,2.88272,2.275081
2022-02-05,1,Green_Algae,2.763606,3.5599098
2022-02-06,1,Green_Algae,2.1112866,3.1045713
2022-02-07,1,Green_Algae,2.4319632,2.161894
2022-02-08,1,Green_Algae,2.2566342,3.012978
2022-02-09,1,Green_Algae,2.6009963,2.6073318
2022-02-10,1,Green_Algae,2.5740855,3.1006749
2022-02-11,1,Green_Algae,2.7089677,2.6351247
2022-02-12,1,Green_Algae,3.126954,2.5073137
2022-02-13,1,Green_Algae,4.3236074,3.976136
2022-02-14,1,Green_Algae,3.448381,4.6032267
2022-02-15,1,Green_Algae,3.5295143,3.0531194
2022-02-16,1,Green_Algae,4.1974835,3.5673652
2022-02-17,1,Green_Algae,4.8904557,4.5223975
2022-02-18,1,Green_Algae,6.0933433,5.864241
2022-02-19,1,Green_Algae,4.131527,6.101509
2022-02-20,1,Green_Algae,2.946324,4.4281983
2022-02-21,1,Green_Algae,2.2808762,1.9769155
2022-02-22,1,Green_Algae,1.969732,2.1559289
2022-02-23,1,Green_Algae,1.8481604,2.057617
2022-02-24,1,Green_Algae,1.970211,1.9665172
2022-02-25,1,Green_Algae,2.0456758,1.8458978
2022-02-26,1,Green_Algae,2.1211405,1.9251149
2022-02-27,1,Green_Algae,2.1966052,2.093053
2022-02-28,1,Green_Algae,2.1446164,2.0640438
2022-03-01,1,Green_Algae,2.8918037,2.0133462
2022-03-02,1,Green_Algae,3.3747232,2.9390206
2022-03-03,1,Green_Algae,4.975467,4.9521604
2022-03-04,1,Green_Algae,5.8857384,6.4202633
2022-03-05,1,Green_Algae,7.7702246,7.042916
2022-03-06,1,Green_Algae,7.406918,7.3431745
2022-03-07,1,Green_Algae,8.624261,6.9907656
2022-03-08,1,Green_Algae,5.739247,7.456541
2022-03-09,1,Green_Algae,4.569587,4.381267
2022-03-10,1,Green_Algae,4.6664295,3.8112857
2022-03-11,1,Green_Algae,6.601842,5.061242
2022-03-12,1,Green_Algae,7.0578914,7.7934523
2022-03-13,1,Green_Algae,9.441289,8.220677
2022-03-14,1,Green_Algae,10.154751,9.249977
2022-03-15,1,Green_Algae,10.868213,9.278461
2022-03-16,1,Green_Algae,10.484943,9.358196
2022-03-17,1,Green_Algae,10.101673,9.10692
2022-03-18,1,Green_Algae,10.141577,8.905468
2022-03-19,1,Green_Algae,10.18148,8.279689
2022-03-20,1,Green_Algae,10.221386,8.077917
2022-03-21,1,Green_Algae,6.8799276,7.778792
2022-03-22,1,Green_Algae,6.111058,4.3997016
2022-03-23,1,Green_Algae,3.9833503,5.04708
2022-03-24,1,Green_Algae,2.6831644,3.005236
2022-03-25,1,Green_Algae,2.11021,2.6265752
2022-03-26,1,Green_Algae,2.3608906,3.0628693
2022-03-27,1,Green_Algae,2.612607,2.7205794
2022-03-28,1,Green_Algae,3.0601304,2.185265
2022-03-29,1,Green_Algae,3.0547757,2.9761772
2022-03-30,1,Green_Algae,2.5692663,2.1385248
2022-03-31,1,Green_Algae,2.7219045,2.1850479
2022-04-01,1,Green_Algae,3.1004643,2.5696807
2022-04-02,1,Green_Algae,2.2594109,3.1379864
2022-04-03,1,Green_Algae,1.953816,1.9058694
2022-04-04,1,Green_Algae,1.918588,1.8224427
2022-04-05,1,Green_Algae,2.3214595,2.0324502
2022-04-06,1,Green_Algae,2.560116,2.6235604
2022-04-07,1,Green_Algae,3.2719536,2.6845548
2022-04-08,1,Green_Algae,4.419464,3.692378
2022-04-09,1,Green_Algae,4.504269,5.2343707
2022-04-10,1,Green_Algae,4.89147,5.30733
2022-04-11,1,Green_Algae,6.268174,5.6070967
2022-04-12,1,Green_Algae,7.3437877,6.674573
2022-04-13,1,Green_Algae,9.499956,8.198296
2022-04-14,1,Green_Algae,10.740788,9.503561
2022-04-15,1,Green_Algae,8.073318,10.179821
2022-04-16,1,Green_Algae,7.630758,7.631558
2022-04-17,1,Green_Algae,6.9328403,6.754321
2022-04-18,1,Green_Algae,6.5577283,5.570679
2022-04-19,1,Green_Algae,3.7500434,5.4918118
2022-04-20,1,Green_Algae,3.4992976,2.2147603
2022-04-21,1,Green_Algae,4.348203,3.6297052
2022-04-22,1,Green_Algae,5.875435,4.090137
2022-04-23,1,Green_Algae,8.554278,6.2268066
2022-04-24,1,Green_Algae,10.74772,8.449514
2022-04-25,1,Green_Algae,10.313055,9.176025
2022-04-26,1,Green_Algae,10.031486,7.3274927
2022-04-27,1,Green_Algae,9.749915,7.847103
2022-04-28,1,Green_Algae,9.468344,5.927823
2022-04-29,1,Green_Algae,6.3907814,7.3110175
2022-04-30,1,Green_Algae,2.7383044,3.9793282
2022-05-01,1,Green_Algae,1.9100943,2.6811545
2022-05-02,1,Green_Algae,1.4387971,2.364303
2022-05-03,1,Green_Algae,1.6956812,1.667814
2022-05-04,1,Green_Algae,2.9322464,2.5698898
2022-05-05,1,Green_Algae,4.024558,3.8330655
2022-05-06,1,Green_Algae,7.546461,4.769213
2022-05-07,1,Green_Algae,8.4868555,7.861112
2022-05-08,1,Green_Algae,8.025366,9.035417
2022-05-09,1,Green_Algae,7.563878,7.436892
2022-05-10,1,Green_Algae,3.786575,5.193906
2022-05-11,1,Green_Algae,2.6313117,2.006043
2022-05-12,1,Green_Algae,2.673943,2.7100282
2022-05-13,1,Green_Algae,3.6793551,3.0141048
2022-05-14,1,Green_Algae,3.5523696,3.2511327
2022-05-15,1,Green_Algae,2.8397105,2.6288218
2022-05-16,1,Green_Algae,2.6588566,2.251396
2022-05-17,1,Green_Algae,2.5439029,2.1483734
2022-05-18,1,Green_Algae,1.9558738,2.4466403
2022-05-19,1,Green_Algae,2.2352676,1.9819161
2022-05-20,1,Green_Algae,3.8337293,2.3556025
2022-05-21,1,Green_Algae,6.6012907,4.195589
2022-05-22,1,Green_Algae,4.1062393,6.3729606
2022-05-23,1,Green_Algae,3.8795009,3.472842
2022-05-24,1,Green_Algae,3.7486677,3.5169027
2022-05-25,1,Green_Algae,2.5144565,3.7602146
2022-05-26,1,Green_Algae,2.628731,2.3313706
2022-05-27,1,Green_Algae,2.336657,2.8491223
2022-05-28,1,Green_Algae,1.8927444,2.260015
2022-05-29,1,Green_Algae,1.7338868,1.9653375
2022-05-30,1,Green_Algae,2.055707,1.4602438
2022-05-31,1,Green_Algae,2.7962682,2.2130003
2022-06-01,1,Green_Algae,2.4670553,2.2678084
2022-06-02,1,Green_Algae,2.5074983,1.9823622
2022-06-03,1,Green_Algae,3.3220377,2.2301507
2022-06-04,1,Green_Algae,2.913029,2.843205
2022-06-05,1,Green_Algae,3.21664,2.2234483
2022-06-06,1,Green_Algae,3.0336015,2.6670287
2022-06-07,1,Green_Algae,2.016884,2.4455483
2022-06-08,1,Green_Algae,0.71460867,1.7411445
2022-06-09,1,Green_Algae,1.4329565,0.80874956
2022-06-10,1,Green_Algae,1.2493777,1.5813509
2022-06-11,1,Green_Algae,1.7778566,1.009075
2022-06-12,1,Green_Algae,1.9454993,1.5178525
2022-06-13,1,Green_Algae,1.383483,1.5166295
2022-06-14,1,Green_Algae,0.17669071,0.9918553
2022-06-15,1,Green_Algae,0.1694878,0.41842803
2022-06-16,1,Green_Algae,1.6111215,0.42318723
2022-06-17,1,Green_Algae,1.4915413,1.4666238
2022-06-18,1,Green_Algae,1.3510724,1.0813421
2022-06-19,1,Green_Algae,1.4114358,1.4453782
2022-06-20,1,Green_Algae,1.2985806,1.580958
2022-06-21,1,Green_Algae,1.315047,1.4699823
2022-06-22,1,Green_Algae,1.1877986,1.6520473
2022-06-23,1,Green_Algae,0.20468882,1.4900529
2022-06-24,1,Green_Algae,0.9321283,0.5142924
2022-06-25,1,Green_Algae,2.667632,1.4855787
2022-06-26,1,Green_Algae,2.3597465,3.100207
2022-06-27,1,Green_Algae,2.4025416,2.2120054
2022-06-28,1,Green_Algae,2.6718307,2.5260875
2022-06-29,1,Green_Algae,2.6384616,3.0795841
2022-06-30,1,Green_Algae,3.7917957,2.6811793
2022-07-01,1,Green_Algae,3.6459014,4.307195
2022-07-02,1,Green_Algae,3.1270165,3.6241894
2022-07-03,1,Green_Algae,2.8873951,3.143394
2022-07-04,1,Green_Algae,3.3072195,2.7516258
2022-07-05,1,Green_Algae,2.865286,3.2119706
2022-07-06,1,Green_Algae,2.9233165,2.4941967
2022-07-07,1,Green_Algae,2.1893845,2.7757487
2022-07-08,1,Green_Algae,1.9153528,2.1322505
2022-07-09,1,Green_Algae,2.0919194,2.3499844
2022-07-10,1,Green_Algae,3.2985039,2.727768
2022-07-11,1,Green_Algae,4.8211155,4.3757634
2022-07-12,1,Green_Algae,5.138985,5.2135105
2022-07-13,1,Green_Algae,5.002174,5.2702837
2022-07-14,1,Green_Algae,9.229062,5.1199465
2022-07-15,1,Green_Algae,8.125591,7.803607
2022-07-16,1,Green_Algae,7.02212,7.533288
2022-07-17,1,Green_Algae,5.9186487,6.337749
2022-07-18,1,Green_Algae,4.815178,5.7305675
2022-07-19,1,Green_Algae,1.9387745,3.8313658
2022-07-20,1,Green_Algae,1.5423076,1.6543956
2022-07-21,1,Green_Algae,0.75141406,2.2467368
2022-07-22,1,Green_Algae,0.29937363,1.3386781
2022-07-23,1,Green_Algae,1.4023521,0.86941606
2022-07-24,1,Green_Algae,4.171111,2.8836455
2022-07-25,1,Green_Algae,0.52041996,5.504389
2022-07-26,1,Green_Algae,0.0809841,1.1138878
2022-07-27,1,Green_Algae,0.34602904,0.6770128
2022-07-28,1,Green_Algae,0.6430407,1.2231098
2022-07-29,1,Green_Algae,0.75374895,1.3135697
2022-07-30,1,Green_Algae,0.8893367,1.3936712
2022-07-31,1,Green_Algae,1.0249244,1.6293869
2022-08-01,1,Green_Algae,1.160512,1.7306666
2022-08-02,1,Green_Algae,1.2960997,1.9588957
2022-08-03,1,Green_Algae,1.4316874,2.064306
2022-08-04,1,Green_Algae,1.5672749,2.31526
2022-08-05,1,Green_Algae,1.7028626,2.1297133
2022-08-06,1,Green_Algae,1.8384502,2.412692
2022-08-07,1,Green_Algae,1.9740379,2.5737472
2022-08-08,1,Green_Algae,2.1096256,2.8055813
2022-08-09,1,Green_Algae,2.2452133,2.835423
2022-08-10,1,Green_Algae,2.380801,3.1302583
2022-08-11,1,Green_Algae,2.5163884,3.162311
2022-08-12,1,Green_Algae,2.651976,3.1079025
2022-08-13,1,Green_Algae,2.7875638,3.4113863
2022-08-14,1,Green_Algae,2.9231515,3.601782
2022-08-15,1,Green_Algae,3.0587392,3.690915
2022-08-16,1,Green_Algae,3.1943269,3.6096418
2022-08-17,1,Green_Algae,3.3299146,3.759779
2022-08-18,1,Green_Algae,3.465502,3.9817476
2022-08-19,1,Green_Algae,3.6010897,4.183507
2022-08-20,1,Green_Algae,3.7366774,4.134848
2022-08-21,1,Green_Algae,3.872265,4.3108153
2022-08-22,1,Green_Algae,4.0078526,4.352497
2022-08-23,1,Green_Algae,4.1434402,4.583816
2022-08-24,1,Green_Algae,4.279028,4.879097
2022-08-25,1,Green_Algae,4.4146156,4.7607164
2022-08-26,1,Green_Algae,4.5502033,4.923755
2022-08-27,1,Green_Algae,4.685791,4.814103
2022-08-28,1,Green_Algae,4.8213787,4.8912077
2022-08-29,1,Green_Algae,4.9569664,5.027269
2022-08-30,1,Green_Algae,5.092554,5.4048824
2022-08-31,1,Green_Algae,5.2281413,5.730124
2022-09-01,1,Green_Algae,5.3637295,5.714233
2022-09-02,1,Green_Algae,5.499317,4.9633803
2022-09-03,1,Green_Algae,5.634905,5.257517
2022-09-04,1,Green_Algae,5.770492,5.035621
2022-09-05,1,Green_Algae,5.9060802,5.1349816
2022-09-06,1,Green_Algae,6.0416675,5.2806206
2022-09-07,1,Green_Algae,6.177255,6.1462617
2022-09-08,1,Green_Algae,6.312843,5.875378
2022-09-09,1,Green_Algae,6.4484305,5.740276
2022-09-10,1,Green_Algae,6.230826,5.753421
2022-09-11,1,Green_Algae,8.68992,5.642439
2022-09-12,1,Green_Algae,7.807916,7.563595
2022-09-13,1,Green_Algae,8.3521595,5.688342
2022-09-14,1,Green_Algae,9.356362,6.766867
2022-09-15,1,Green_Algae,7.107813,6.9933825
2022-09-16,1,Green_Algae,4.4031787,6.3117046
2022-09-17,1,Green_Algae,3.7508175,3.5801315
2022-09-18,1,Green_Algae,6.3141737,4.210265
2022-09-19,1,Green_Algae,3.516343,6.677903
2022-09-20,1,Green_Algae,1.5800507,3.1090715
2022-09-21,1,Green_Algae,1.6696308,1.6608988
2022-09-22,1,Green_Algae,1.4959407,2.4161346
2022-09-23,1,Green_Algae,1.615673,2.2189958
2022-09-24,1,Green_Algae,2.0823896,2.601983
2022-09-25,1,Green_Algae,1.5839247,3.4776952
2022-09-26,1,Green_Algae,1.9809276,2.6127589
2022-09-27,1,Green_Algae,2.3091745,2.9807458
2022-09-28,1,Green_Algae,5.5527225,3.3029177
2022-09-29,1,Green_Algae,6.6691623,6.118741
2022-09-30,1,Green_Algae,7.104832,6.0044894
2022-10-01,1,Green_Algae,2.6034105,6.177403
2022-10-02,1,Green_Algae,3.3666306,1.9778882
2022-10-03,1,Green_Algae,4.350832,3.5790787
2022-10-04,1,Green_Algae,4.8073153,4.2424073
2022-10-05,1,Green_Algae,3.984971,4.4814763
2022-10-06,1,Green_Algae,3.1910217,2.910246
2022-10-07,1,Green_Algae,2.3935506,2.7771056
2022-10-08,1,Green_Algae,1.82,2.1213944
2022-10-09,1,Green_Algae,3.16779,2.0551732
2022-10-10,1,Green_Algae,3.305127,3.6046698
2022-10-11,1,Green_Algae,2.3630557,2.9802113
2022-10-12,1,Green_Algae,2.342739,2.2186887
2022-10-13,1,Green_Algae,1.9473406,2.5840657
2022-10-14,1,Green_Algae,2.4178493,2.1364796
2022-10-15,1,Green_Algae,2.2874982,2.9382248
2022-10-16,1,Green_Algae,2.8773642,2.6953254
2022-10-17,1,Green_Algae,1.9032803,3.4840062
2022-10-18,1,Green_Algae,1.3671615,1.8694582
2022-10-19,1,Green_Algae,1.2281462,1.7418498
2022-10-20,1,Green_Algae,1.4357452,1.7241286
2022-10-21,1,Green_Algae,1.8146449,2.0935311
2022-10-22,1,Green_Algae,5.2175727,2.118646
2022-10-23,1,Green_Algae,1.6347319,5.7959123
2022-10-24,1,Green_Algae,1.3448409,1.5583339
2022-10-25,1,Green_Algae,0.8646165,1.8864743
2022-10-26,1,Green_Algae,0.7161304,1.2117809
2022-10-27,1,Green_Algae,0.8117439,1.0752087
2022-10-28,1,Green_Algae,0.9852315,1.2394549
2022-10-29,1,Green_Algae,0.7189863,1.3935428
2022-10-30,1,Green_Algae,0.74040526,1.1641424
2022-10-31,1,Green_Algae,0.3959189,1.4132782
2022-11-01,1,Green_Algae,0.45915672,0.85330254
2022-11-02,1,Green_Algae,0.44663528,0.99847287
2022-11-03,1,Green_Algae,0.5711731,0.89971304
2022-11-04,1,Green_Algae,0.5187971,1.1520882
2022-11-05,1,Green_Algae,0.5168741,0.8707891
2022-11-06,1,Green_Algae,0.99285096,0.9349995
2022-11-07,1,Green_Algae,0.97021586,1.6963979
2022-11-08,1,Green_Algae,3.6827445,1.1466109
2022-11-09,1,Green_Algae,3.2042935,4.714971
2022-11-10,1,Green_Algae,2.6945007,3.0882018
2022-11-11,1,Green_Algae,5.053273,2.552314
2022-11-12,1,Green_Algae,8.711579,4.9824758
2022-11-13,1,Green_Algae,7.713145,6.6916847
2022-11-14,1,Green_Algae,5.1916933,5.9401455
2022-11-15,1,Green_Algae,1.4670622,3.5439832
2022-11-16,1,Green_Algae,0.26871106,1.2800292
2022-11-17,1,Green_Algae,0.32965964,0.67748517
2022-11-18,1,Green_Algae,0.4381694,0.80004823
2022-11-19,1,Green_Algae,1.021942,0.80891496
2022-11-20,1,Green_Algae,1.0667945,1.4354717
2022-11-21,1,Green_Algae,0.9796669,1.1246154
2022-11-22,1,Green_Algae,1.0705576,1.128544
2022-11-23,1,Green_Algae,1.2641643,1.3020753
2022-11-24,1,Green_Algae,0.9981404,1.475063
2022-11-25,1,Green_Algae,0.8159957,1.087202
2022-11-26,1,Green_Algae,1.3945585,1.0362095
2022-11-27,1,Green_Algae,1.6876014,1.7695612
2022-11-28,1,Green_Algae,1.396505,1.5283147
2022-11-29,1,Green_Algae,1.0866112,1.3626109
2022-11-30,1,Green_Algae,1.0804197,1.1077521
2022-12-01,1,Green_Algae,1.0082923,1.1761105
2022-12-02,1,Green_Algae,1.1993546,1.1747881
2022-12-03,1,Green_Algae,1.0384793,1.2906646
2022-12-04,1,Green_Algae,0.9513034,1.0542955
2022-12-05,1,Green_Algae,1.4196737,1.0726304
2022-12-06,1,Green_Algae,1.5062437,1.6791505
2022-12-07,1,Green_Algae,1.6673859,1.2066365
2022-12-08,1,Green_Algae,1.7725435,1.6851845
2022-12-09,1,Green_Algae,2.750798,1.7080828
2022-12-10,1,Green_Algae,2.2412164,2.7767415
2022-12-11,1,Green_Algae,0.4060463,1.6749231
2022-12-12,1,Green_Algae,0.160492,0.6145484
2022-12-13,1,Green_Algae,0.2686097,0.4963262
2022-12-14,1,Green_Algae,0.31757072,0.49882263
2022-12-15,1,Green_Algae,0.41242754,0.5317661
2022-12-16,1,Green_Algae,0.2809631,0.5914137
2022-12-17,1,Green_Algae,0.4638523,0.51354235
2022-12-18,1,Green_Algae,0.48307028,0.6724211
2022-12-19,1,Green_Algae,0.52901447,0.5295733
2022-12-20,1,Green_Algae,0.41270813,0.6386773
2022-12-21,1,Green_Algae,0.39071897,0.53960294
2022-12-22,1,Green_Algae,0.43844205,0.6520981
2022-12-23,1,Green_Algae,0.27015212,0.6008069
2022-12-24,1,Green_Algae,0.26322237,0.5145808
2022-12-25,1,Green_Algae,0.29721218,0.5725833
2022-12-26,1,Green_Algae,0.25078148,0.560716
2022-12-27,1,Green_Algae,0.21856004,0.52126133
2022-12-28,1,Green_Algae,0.15966643,0.47536844
2022-12-29,1,Green_Algae,0.24490596,0.46512026
2022-12-30,1,Green_Algae,0.20376809,0.5498307
2022-12-31,1,Green_Algae,0.2882681,0.5114613
2023-01-01,1,Green_Algae,0.09535451,0.5915932
2023-01-02,1,Green_Algae,0.071312584,0.38570958
2023-01-03,1,Green_Algae,0.036156602,0.42859247
2023-01-04,1,Green_Algae,3.252288,0.35978594
2023-01-05,1,Green_Algae,6.237046,4.1727796
2023-01-06,1,Green_Algae,9.221804,7.5784245
2023-01-07,1,Green_Algae,9.225964,8.809951
2023-01-08,1,Green_Algae,9.2301235,8.773839
2023-01-09,1,Green_Algae,9.234284,7.4727826
2023-01-10,1,Green_Algae,9.238444,7.677973
2023-01-11,1,Green_Algae,9.242605,7.4071984
2023-01-12,1,Green_Algae,8.008986,7.153739
2023-01-13,1,Green_Algae,9.353083,6.098647
2023-01-14,1,Green_Algae,6.951903,7.0567813
2023-01-15,1,Green_Algae,3.9082983,5.497152
2023-01-16,1,Green_Algae,3.8983636,2.1034272
2023-01-17,1,Green_Algae,3.6625977,3.9939182
2023-01-18,1,Green_Algae,2.6919782,3.5284698
2023-01-19,1,Green_Algae,2.5106957,2.145901
2023-01-20,1,Green_Algae,2.9152644,2.4661155
2023-01-21,1,Green_Algae,3.6604702,3.2232556
2023-01-22,1,Green_Algae,7.30152,3.83416
2023-01-23,1,Green_Algae,6.2374687,6.912112
2023-01-24,1,Green_Algae,5.173418,7.1616435
2023-01-25,1,Green_Algae,4.7855973,3.0554597
2023-01-26,1,Green_Algae,4.944407,3.4700806
2023-01-27,1,Green_Algae,5.020905,3.966165
2023-01-28,1,Green_Algae,4.1378713,4.3926353
2023-01-29,1,Green_Algae,3.5290515,2.9283922
2023-01-30,1,Green_Algae,3.2179534,3.342594
2023-01-31,1,Green_Algae,5.3130965,2.7393868
2023-02-01,1,Green_Algae,7.0447626,5.0464816
2023-02-02,1,Green_Algae,9.122445,6.165667
2023-02-03,1,Green_Algae,6.014926,7.120144
2023-02-04,1,Green_Algae,5.961019,4.0452843
2023-02-05,1,Green_Algae,5.907112,5.3874846
2023-02-06,1,Green_Algae,5.853205,5.203411
2023-02-07,1,Green_Algae,8.160051,5.211856
2023-02-08,1,Green_Algae,7.2787995,6.731041
2023-02-09,1,Green_Algae,6.3975487,5.562753
2023-02-10,1,Green_Algae,1.4237877,4.3361797
2023-02-11,1,Green_Algae,1.1469333,0.94128174
2023-02-12,1,Green_Algae,0.77981836,0.94450307
2023-02-13,1,Green_Algae,0.90640306,0.560157
2023-02-14,1,Green_Algae,0.18429561,0.60485077
2023-02-15,1,Green_Algae,0.09019138,0.241649
2023-02-16,1,Green_Algae,0.06921226,0.20615566
2023-02-17,1,Green_Algae,0.09716904,0.17285049
2023-02-18,1,Green_Algae,0.5358182,0.19199415
2023-02-19,1,Green_Algae,0.73984677,0.38805497
2023-02-20,1,Green_Algae,0.9485524,0.49505553
2023-02-21,1,Green_Algae,0.88800627,0.6051167
2023-02-22,1,Green_Algae,0.77299947,0.5836878
2023-02-23,1,Green_Algae,0.8697355,0.61420196
2023-02-24,1,Green_Algae,0.9345164,0.6735341
2023-02-25,1,Green_Algae,0.5437155,0.6687288
2023-02-26,1,Green_Algae,0.35603827,0.44047973
2023-02-27,1,Green_Algae,0.2848945,0.36583066
2023-02-28,1,Green_Algae,0.9269008,0.33756647
2023-03-01,1,Green_Algae,1.0543281,0.7855473
2023-03-02,1,Green_Algae,0.82646257,0.6354788
2023-03-03,1,Green_Algae,0.41406226,0.61118835
2023-03-04,1,Green_Algae,0.43284735,0.43893003
2023-03-05,1,Green_Algae,0.34657025,0.5375862
2023-03-06,1,Green_Algae,0.24229686,0.4250997
2023-03-07,1,Green_Algae,0.28762135,0.40175027
2023-03-08,1,Green_Algae,0.23873465,0.41336116
2023-03-09,1,Green_Algae,0.20506701,0.34567985
2023-03-10,1,Green_Algae,0.12347253,0.37230343
2023-03-11,1,Green_Algae,0.08151744,0.3389459
2023-03-12,1,Green_Algae,0.14753455,0.34319732
2023-03-13,1,Green_Algae,0.08237493,0.38545978
2023-03-14,1,Green_Algae,0.036238365,0.5020869
2023-03-15,1,Green_Algae,0.1186852,0.32190078
2023-03-16,1,Green_Algae,0.17207983,0.41291222
2023-03-17,1,Green_Algae,0.24798092,0.41358528
2023-03-18,1,Green_Algae,0.23571466,0.43920982
2023-03-19,1,Green_Algae,0.16183792,0.42477125
2023-03-20,1,Green_Algae,0.40782675,0.3979844
2023-03-21,1,Green_Algae,0.101640604,0.69318384
2023-03-22,1,Green_Algae,0.5060475,0.3478763
2023-03-23,1,Green_Algae,2.69248,1.1373837
2023-03-24,1,Green_Algae,1.9497765,3.7164743
2023-03-25,1,Green_Algae,1.3316832,1.5370234
2023-03-26,1,Green_Algae,2.578498,1.0166501
2023-03-27,1,Green_Algae,2.0630136,2.2445903
2023-03-28,1,Green_Algae,1.7380223,1.1055664
2023-03-29,1,Green_Algae,1.37283,1.0016114
2023-03-30,1,Green_Algae,1.1725881,0.99899864
2023-03-31,1,Green_Algae,0.9683462,0.72367597
2023-04-01,1,Green_Algae,0.71395975,0.701032
2023-04-02,1,Green_Algae,0.683174,0.654969
2023-04-03,1,Green_Algae,0.75986,0.63516384
2023-04-04,1,Green_Algae,0.6773602,0.6725234
2023-04-05,1,Green_Algae,1.834648,0.7270361
2023-04-06,1,Green_Algae,4.089308,1.5655769
2023-04-07,1,Green_Algae,2.2397137,2.4303782
2023-04-08,1,Green_Algae,1.7206718,1.0692588
2023-04-09,1,Green_Algae,1.4219851,1.2795143
2023-04-10,1,Green_Algae,1.2250155,0.9408034
2023-04-11,1,Green_Algae,0.8648579,0.89085114
2023-04-12,1,Green_Algae,0.56595254,0.7307524
2023-04-13,1,Green_Algae,0.50567454,0.5853623
2023-04-14,1,Green_Algae,0.66647476,0.6864576
2023-04-15,1,Green_Algae,1.0466163,0.87521833
2023-04-16,1,Green_Algae,1.2097328,1.1526872
2023-04-17,1,Green_Algae,2.6901345,1.1478755
2023-04-18,1,Green_Algae,2.477803,3.2533987
2023-04-19,1,Green_Algae,2.09581,2.0053384
2023-04-20,1,Green_Algae,1.6294928,1.8259481
2023-04-21,1,Green_Algae,1.3932893,1.6160706
2023-04-22,1,Green_Algae,0.9884703,1.4810265
2023-04-23,1,Green_Algae,0.9850644,1.0409175
2023-04-24,1,Green_Algae,1.0676374,1.1364937
2023-04-25,1,Green_Algae,1.3244078,1.0786906
2023-04-26,1,Green_Algae,0.6416333,1.3821182
2023-04-27,1,Green_Algae,0.27814546,0.68969315
2023-04-28,1,Green_Algae,1.3145058,0.5505145
2023-04-29,1,Green_Algae,3.2526584,1.8681532
2023-04-30,1,Green_Algae,3.1499057,3.1860864
2023-05-01,1,Green_Algae,1.6380941,2.3884695
2023-05-02,1,Green_Algae,4.1922054,1.16825
2023-05-03,1,Green_Algae,5.529419,4.744325
2023-05-04,1,Green_Algae,6.2632565,5.2117634
2023-05-05,1,Green_Algae,6.8380823,6.215926
2023-05-06,1,Green_Algae,7.412908,7.703454
2023-05-07,1,Green_Algae,4.079104,6.958208
2023-05-08,1,Green_Algae,2.2593377,2.2652278
2023-05-09,1,Green_Algae,1.9581879,1.6524496
2023-05-10,1,Green_Algae,2.4479287,1.6896043
2023-05-11,1,Green_Algae,2.7059772,1.8579448
2023-05-12,1,Green_Algae,2.3598123,1.6174951
2023-05-13,1,Green_Algae,1.7751207,1.4032586
2023-05-14,1,Green_Algae,1.2882135,1.0134615
2023-05-15,1,Green_Algae,1.0123258,0.83950245
2023-05-16,1,Green_Algae,1.0217282,0.8125196
2023-05-17,1,Green_Algae,0.8613485,1.0179689
2023-05-18,1,Green_Algae,1.1611063,0.8116504
2023-05-19,1,Green_Algae,0.9660143,1.3008378
2023-05-20,1,Green_Algae,0.79129213,0.92431253
2023-05-21,1,Green_Algae,1.006314,0.97355187
2023-05-22,1,Green_Algae,0.55901504,1.300797
2023-05-23,1,Green_Algae,0.46997598,0.67171896
2023-05-24,1,Green_Algae,0.31273833,0.7130339
2023-05-25,1,Green_Algae,0.29093453,0.519579
2023-05-26,1,Green_Algae,0.25067583,0.51460606
2023-05-27,1,Green_Algae,0.42133546,0.4723539
2023-05-28,1,Green_Algae,1.3887391,0.6677714
2023-05-29,1,Green_Algae,2.5463135,2.0310533
2023-05-30,1,Green_Algae,2.2533908,2.594734
2023-05-31,1,Green_Algae,3.1068542,1.8203533
2023-06-01,1,Green_Algae,2.7869723,3.8002617
2023-06-02,1,Green_Algae,2.4034996,2.3505065
2023-06-03,1,Green_Algae,1.0539821,2.1027286
2023-06-04,1,Green_Algae,0.93468004,0.8666615
2023-06-05,1,Green_Algae,0.4879697,0.9344908
2023-06-06,1,Green_Algae,0.8998942,0.55832976
2023-06-07,1,Green_Algae,1.3108021,1.0621043
2023-06-08,1,Green_Algae,1.019688,1.1300857
2023-06-09,1,Green_Algae,0.46447587,0.88544816
2023-06-10,1,Green_Algae,0.49861857,0.54698384
2023-06-11,1,Green_Algae,0.61284125,0.69546264
2023-06-12,1,Green_Algae,0.6797172,0.72296786
2023-06-13,1,Green_Algae,0.7083528,0.7562502
2023-06-14,1,Green_Algae,0.35401052,0.7322109
2023-06-15,1,Green_Algae,0.41286027,0.43234634
2023-06-16,1,Green_Algae,0.2804898,0.5724008
2023-06-17,1,Green_Algae,0.2304269,0.42628664
2023-06-18,1,Green_Algae,0.5143521,0.42312536
2023-06-19,1,Green_Algae,0.5725395,0.7993603
2023-06-20,1,Green_Algae,1.4189571,0.7231124
2023-06-21,1,Green_Algae,3.0382833,1.8466415
2023-06-22,1,Green_Algae,3.1065986,3.075389
2023-06-23,1,Green_Algae,1.9374653,3.0172431
2023-06-24,1,Green_Algae,1.1924785,1.7504046
2023-06-25,1,Green_Algae,1.0128819,1.2421479
2023-06-26,1,Green_Algae,1.2879117,1.2127235
2023-06-27,1,Green_Algae,1.1464972,1.498395
2023-06-28,1,Green_Algae,4.1690407,1.1271985
2023-06-29,1,Green_Algae,5.1483574,5.345573
2023-06-30,1,Green_Algae,4.417229,5.942219
2023-07-01,1,Green_Algae,3.0753262,4.360759
2023-07-02,1,Green_Algae,2.3679974,3.565923
2023-07-03,1,Green_Algae,3.1175823,2.8654587
2023-07-04,1,Green_Algae,5.006934,4.1791816
2023-07-05,1,Green_Algae,6.813222,5.923958
2023-07-06,1,Green_Algae,7.1008797,7.1517963
2023-07-07,1,Green_Algae,7.8447523,7.1770883
2023-07-08,1,Green_Algae,7.1713324,8.080647
2023-07-09,1,Green_Algae,7.92671,8.379797
2023-07-10,1,Green_Algae,7.4939637,7.820304
2023-07-11,1,Green_Algae,5.54597,6.5895147
2023-07-12,1,Green_Algae,4.022008,4.565648
2023-07-13,1,Green_Algae,3.7216525,4.7593884
2023-07-14,1,Green_Algae,2.7944505,4.507765
2023-07-15,1,Green_Algae,2.0034344,3.8836455
2023-07-16,1,Green_Algae,1.4967204,2.6605322
2023-07-17,1,Green_Algae,1.3990573,2.4866827
2023-07-18,1,Green_Algae,1.0275207,2.5264542
2023-07-19,1,Green_Algae,1.0186292,1.7737459
2023-07-20,1,Green_Algae,1.734702,2.0908582
2023-07-21,1,Green_Algae,3.5428689,3.4829595
2023-07-22,1,Green_Algae,8.218171,4.888158
2023-07-23,1,Green_Algae,8.601586,7.290254
2023-07-24,1,Green_Algae,9.032261,7.9848843
2023-07-25,1,Green_Algae,8.793951,7.603249
2023-07-26,1,Green_Algae,6.349499,7.0724115
2023-07-27,1,Green_Algae,4.783891,4.2157316
2023-07-28,1,Green_Algae,2.371833,4.158141
2023-07-29,1,Green_Algae,1.8697046,2.009122
2023-07-30,1,Green_Algae,2.1430004,2.5669565
2023-07-31,1,Green_Algae,2.687552,3.2430027
2023-08-01,1,Green_Algae,2.8441966,2.9633934
2023-08-02,1,Green_Algae,3.3121603,3.6720488
2023-08-03,1,Green_Algae,4.9291377,4.721575
2023-08-04,1,Green_Algae,5.591187,6.2520814
2023-08-05,1,Green_Algae,8.544591,6.677583
2023-08-06,1,Green_Algae,8.778641,7.872703
2023-08-07,1,Green_Algae,9.01269,7.7974424
2023-08-08,1,Green_Algae,9.246739,6.5742817
2023-08-09,1,Green_Algae,6.3150916,6.683739
2023-08-10,1,Green_Algae,5.0038095,6.3356357
2023-08-11,1,Green_Algae,3.3346193,3.9533498
2023-08-12,1,Green_Algae,2.5525656,3.7237048
2023-08-13,1,Green_Algae,3.0647385,2.791617
2023-08-14,1,Green_Algae,5.879216,4.4014897
2023-08-15,1,Green_Algae,6.031285,6.131919
2023-08-16,1,Green_Algae,4.687024,5.332527
2023-08-17,1,Green_Algae,1.2427475,3.2795541
2023-08-18,1,Green_Algae,0.8998853,0.973564
2023-08-19,1,Green_Algae,0.66447395,1.0416751
2023-08-20,1,Green_Algae,0.51328796,0.72398335
2023-08-21,1,Green_Algae,0.45516005,0.6145573
2023-08-22,1,Green_Algae,0.3003116,0.5731977
2023-08-23,1,Green_Algae,0.28055164,0.4075567
2023-08-24,1,Green_Algae,0.2979189,0.46733716
2023-08-25,1,Green_Algae,0.2403409,0.38728067
2023-08-26,1,Green_Algae,0.44934124,0.47729895
2023-08-27,1,Green_Algae,0.41253313,0.5307693
2023-08-28,1,Green_Algae,0.5238057,0.5383568
2023-08-29,1,Green_Algae,1.458634,0.6007402
2023-08-30,1,Green_Algae,0.76870924,1.0754012
2023-08-31,1,Green_Algae,1.4702122,0.5557999
2023-09-01,1,Green_Algae,0.9918718,1.322649
2023-09-02,1,Green_Algae,0.91562474,0.65803874
2023-09-03,1,Green_Algae,0.70573056,0.81109536
2023-09-04,1,Green_Algae,0.6742999,0.6475716
2023-09-05,1,Green_Algae,1.3842525,0.63320947
2023-09-06,1,Green_Algae,4.9435377,0.96164984
2023-09-07,1,Green_Algae,3.897788,3.0925295
2023-09-08,1,Green_Algae,1.5145657,1.3883091
2023-09-09,1,Green_Algae,0.6406925,0.7320508
2023-09-10,1,Green_Algae,0.33638895,0.56096965
2023-09-11,1,Green_Algae,0.10094779,0.5032349
2023-09-12,1,Green_Algae,0.09816431,0.31954575
2023-09-13,1,Green_Algae,0.2952668,0.37359408
2023-09-14,1,Green_Algae,0.7073095,0.40708438
2023-09-15,1,Green_Algae,1.220801,0.71030647
2023-09-16,1,Green_Algae,0.82873017,1.0418881
2023-09-17,1,Green_Algae,0.7083514,0.65252
2023-09-18,1,Green_Algae,1.3472247,0.78828365
2023-09-19,1,Green_Algae,1.9606476,1.4273136
2023-09-20,1,Green_Algae,3.1551094,1.6637086
2023-09-21,1,Green_Algae,4.03383,3.435499
2023-09-22,1,Green_Algae,3.11515,3.6265419
2023-09-23,1,Green_Algae,3.0413108,2.9751537
2023-09-24,1,Green_Algae,3.025897,3.1512136
2023-09-25,1,Green_Algae,2.150364,2.7437894
2023-09-26,1,Green_Algae,2.4681423,2.0632727
2023-09-27,1,Green_Algae,2.4991379,2.6192353
2023-09-28,1,Green_Algae,2.2806215,2.22764
2023-09-29,1,Green_Algae,1.9233941,2.1358283
2023-09-30,1,Green_Algae,1.7363886,1.8685726
2023-10-01,1,Green_Algae,2.0806055,1.498509
2023-10-02,1,Green_Algae,1.3755308,2.1699605
2023-10-03,1,Green_Algae,1.3721676,1.1803423
2023-10-04,1,Green_Algae,1.5986129,1.3437241
2023-10-05,1,Green_Algae,1.1944014,1.4589312
2023-10-06,1,Green_Algae,0.4352867,0.9549793
2023-10-07,1,Green_Algae,0.038954273,0.48697212
2023-10-08,1,Green_Algae,0.005254514,0.31992123
2023-10-09,1,Green_Algae,0.00022059257,0.27485472
2023-10-10,1,Green_Algae,0.07396206,0.285414
2023-10-11,1,Green_Algae,0.0044502877,0.30212387
2023-10-12,1,Green_Algae,0.21425903,0.2644527
2023-10-13,1,Green_Algae,0.4240678,0.47354293
2023-10-14,1,Green_Algae,1.2040071,0.5258059
2023-10-15,1,Green_Algae,1.538577,1.3053358
2023-10-16,1,Green_Algae,0.91931796,1.1449578
2023-10-17,1,Green_Algae,0.49678364,0.72763574
2023-10-18,1,Green_Algae,0.27720237,0.5180325
2023-10-19,1,Green_Algae,0.060109414,0.3632969
2023-10-20,1,Green_Algae,0.0003220112,0.21836816
2023-10-21,1,Green_Algae,0.0012375681,0.16982563
2023-10-22,1,Green_Algae,0.0032772026,0.12874402
2023-10-23,1,Green_Algae,0.0053168214,0.10017673
2023-10-24,1,Green_Algae,0.0073564914,0.104460575
2023-10-25,1,Green_Algae,0.009396112,0.08847653
2023-10-26,1,Green_Algae,0.01143575,0.09552657
2023-10-27,1,Green_Algae,0.00014706633,0.0869717
2023-10-28,1,Green_Algae,0.00014947286,0.06527892
2023-10-29,1,Green_Algae,0.00015179641,0.07694481
2023-10-30,1,Green_Algae,0.0036961709,0.09725125
2023-10-31,1,Green_Algae,5.8028803e-05,0.12569363
2023-11-01,1,Green_Algae,0.005072786,0.13574743
2023-11-02,1,Green_Algae,0.009415459,0.15328757
2023-11-03,1,Green_Algae,0.23354869,0.13823673
2023-11-04,1,Green_Algae,0.19017506,0.20710495
2023-11-05,1,Green_Algae,0.29466212,0.2019067
2023-11-06,1,Green_Algae,0.52662814,0.29529542
2023-11-07,1,Green_Algae,0.14937869,0.28518918
2023-11-08,1,Green_Algae,0.051346254,0.188553
2023-11-09,1,Green_Algae,0.0022525839,0.1813066
2023-11-10,1,Green_Algae,0.0037495536,0.18006657
2023-11-11,1,Green_Algae,0.00026789785,0.2375855
2023-11-12,1,Green_Algae,0.00030059792,0.21157372
2023-11-13,1,Green_Algae,0.00033329905,0.30579686
2023-11-14,1,Green_Algae,0.014367214,0.236167
2023-11-15,1,Green_Algae,0.03973635,0.28988656
2023-11-16,1,Green_Algae,0.08579548,0.30148962
2023-11-17,1,Green_Algae,0.023645498,0.31884557
2023-11-18,1,Green_Algae,0.012744074,0.27471912
2023-11-19,1,Green_Algae,0.013970377,0.33066761
2023-11-20,1,Green_Algae,0.045104496,0.26324478
2023-11-21,1,Green_Algae,0.14602937,0.30012086
2023-11-22,1,Green_Algae,0.18774286,0.2964321
2023-11-23,1,Green_Algae,0.12678686,0.2923617
2023-11-24,1,Green_Algae,0.06583095,0.28135005
2023-11-25,1,Green_Algae,0.0048749987,0.22312155
2023-11-26,1,Green_Algae,0.01300342,0.20434992
2023-11-27,1,Green_Algae,0.0009985091,0.21242507
2023-11-28,1,Green_Algae,0.3965642,0.2145716
2023-11-29,1,Green_Algae,0.7921298,0.42608252
2023-11-30,1,Green_Algae,1.1876955,0.8726925
2023-12-01,1,Green_Algae,0.5417547,0.8889977
2023-12-02,1,Green_Algae,0.28317368,0.38965362
2023-12-03,1,Green_Algae,0.26998764,0.34127545
2023-12-04,1,Green_Algae,0.041641086,0.31768233
2023-12-05,1,Green_Algae,0.007523836,0.2013747
2023-12-06,1,Green_Algae,0.0014946325,0.18893087
2023-12-07,1,Green_Algae,0.051200677,0.15508585
2023-12-08,1,Green_Algae,0.031184377,0.15960495
2023-12-09,1,Green_Algae,0.320014,0.17093714
2023-12-10,1,Green_Algae,0.19122079,0.3885284
2023-12-11,1,Green_Algae,0.9545549,0.26332697
2023-12-12,1,Green_Algae,2.0166812,1.1722325
2023-12-13,1,Green_Algae,1.8324066,1.9151597
2023-12-14,1,Green_Algae,1.3901647,1.070736
2023-12-15,1,Green_Algae,2.1495306,0.9246312
2023-12-16,1,Green_Algae,1.2279633,1.2257831
2023-12-17,1,Green_Algae,0.5186076,0.63182366
2023-12-18,1,Green_Algae,0.2195702,0.37497804
2023-12-19,1,Green_Algae,0.2801519,0.3023002
2023-12-20,1,Green_Algae,0.20370297,0.3572437
2023-12-21,1,Green_Algae,0.061779305,0.26552045
2023-12-22,1,Green_Algae,0.047017764,0.22856425
2023-12-23,1,Green_Algae,0.0322563,0.24642952
2023-12-24,1,Green_Algae,0.017494831,0.22346218
2023-12-25,1,Green_Algae,0.0027333545,0.22175755
2023-12-26,1,Green_Algae,0.0019698853,0.20162919
2023-12-27,1,Green_Algae,1.632065,0.18628582
2020-10-29,2,Green_Algae,11.725673,4.9386454
2020-10-30,2,Green_Algae,12.17853,7.003107
2020-10-31,2,Green_Algae,6.110087,8.445336
2020-11-01,2,Green_Algae,7.4780245,8.921538
2020-11-02,2,Green_Algae,7.0332804,4.7273545
2020-11-03,2,Green_Algae,4.4513035,6.938819
2020-11-04,2,Green_Algae,4.2465425,6.533432
2020-11-05,2,Green_Algae,3.1390948,3.8251073
2020-11-06,2,Green_Algae,4.8471107,4.696837
2020-11-07,2,Green_Algae,8.74932,3.5941453
2020-11-08,2,Green_Algae,3.445326,5.461615
2020-11-09,2,Green_Algae,2.8215373,7.582534
2020-11-10,2,Green_Algae,2.7152398,2.9547904
2020-11-11,2,Green_Algae,2.8748477,3.2345877
2020-11-12,2,Green_Algae,2.8452773,3.1295233
2020-11-13,2,Green_Algae,3.2272646,3.5577154
2020-11-14,2,Green_Algae,4.012611,3.659327
2020-11-15,2,Green_Algae,3.7066593,3.8956828
2020-11-16,2,Green_Algae,7.032859,4.2242975
2020-11-17,2,Green_Algae,7.8307257,4.314945
2020-11-18,2,Green_Algae,7.7718787,6.798028
2020-11-19,2,Green_Algae,8.549044,7.3775387
2020-11-20,2,Green_Algae,9.32621,7.1839395
2020-11-21,2,Green_Algae,7.3450155,8.165969
2020-11-22,2,Green_Algae,8.40237,7.6057234
2020-11-23,2,Green_Algae,5.0805078,6.4960203
2020-11-24,2,Green_Algae,4.5977955,7.524392
2020-11-25,2,Green_Algae,4.178378,4.6298647
2020-11-26,2,Green_Algae,8.567597,4.7022004
2020-11-27,2,Green_Algae,5.6399274,4.3652296
2020-11-28,2,Green_Algae,4.2971926,7.48445
2020-11-29,2,Green_Algae,4.177417,5.5017066
2020-11-30,2,Green_Algae,2.1808684,3.8826976
2020-12-01,2,Green_Algae,2.1362128,4.6301208
2020-12-02,2,Green_Algae,2.365832,1.9980975
2020-12-03,2,Green_Algae,1.8928292,2.723884
2020-12-04,2,Green_Algae,2.1390448,2.8543475
2020-12-05,2,Green_Algae,1.6092981,2.3172972
2020-12-06,2,Green_Algae,1.7672431,2.4991815
2020-12-07,2,Green_Algae,2.0092976,2.070131
2020-12-08,2,Green_Algae,2.0687907,2.3554442
2020-12-09,2,Green_Algae,2.93475,2.5967782
2020-12-10,2,Green_Algae,2.2710211,2.238662
2020-12-11,2,Green_Algae,1.7623245,4.056362
2020-12-12,2,Green_Algae,3.7399058,2.8189702
2020-12-13,2,Green_Algae,7.407639,1.9386939
2020-12-14,2,Green_Algae,1.9868814,4.400967
2020-12-15,2,Green_Algae,1.3638422,7.2109613
2020-12-16,2,Green_Algae,1.3426266,1.7856475
2020-12-17,2,Green_Algae,1.2532657,1.9501722
2020-12-18,2,Green_Algae,1.2750503,1.9543219
2020-12-19,2,Green_Algae,1.6216208,1.8232484
2020-12-20,2,Green_Algae,2.156505,1.8638233
2020-12-21,2,Green_Algae,1.9927878,2.3409622
2020-12-22,2,Green_Algae,1.9692179,2.9293354
2020-12-23,2,Green_Algae,2.3798406,2.723823
2020-12-24,2,Green_Algae,3.1014483,2.8751597
2020-12-25,2,Green_Algae,2.8246055,4.094729
2020-12-26,2,Green_Algae,2.7126286,3.8538058
2020-12-27,2,Green_Algae,3.4823534,3.3645554
2020-12-28,2,Green_Algae,8.607523,3.606669
2020-12-29,2,Green_Algae,8.2660055,4.689037
2020-12-30,2,Green_Algae,7.924486,7.8194637
2020-12-31,2,Green_Algae,6.428473,8.772919
2021-01-01,2,Green_Algae,2.98945,6.3046675
2021-01-02,2,Green_Algae,1.3053657,6.1962276
2021-01-03,2,Green_Algae,1.2917366,2.51461
2021-01-04,2,Green_Algae,1.1487111,1.753864
2021-01-05,2,Green_Algae,1.2107966,2.2194815
2021-01-06,2,Green_Algae,1.9978639,1.9034705
2021-01-07,2,Green_Algae,3.2746053,1.9845185
2021-01-08,2,Green_Algae,1.283966,3.0121474
2021-01-09,2,Green_Algae,1.3706295,3.7175558
2021-01-10,2,Green_Algae,0.95188135,1.3842206
2021-01-11,2,Green_Algae,1.2131643,1.916524
2021-01-12,2,Green_Algae,2.0453835,1.3572693
2021-01-13,2,Green_Algae,2.094508,1.6232331
2021-01-14,2,Green_Algae,2.0917065,2.474695
2021-01-15,2,Green_Algae,1.7256553,2.4174526
2021-01-16,2,Green_Algae,2.0362563,2.812348
2021-01-17,2,Green_Algae,3.533249,2.405123
2021-01-18,2,Green_Algae,3.6137555,3.148545
2021-01-19,2,Green_Algae,3.1941895,3.5213983
2021-01-20,2,Green_Algae,4.403502,3.5158253
2021-01-21,2,Green_Algae,5.758683,3.4563086
2021-01-22,2,Green_Algae,6.35937,5.763379
2021-01-23,2,Green_Algae,8.876309,6.461992
2021-01-24,2,Green_Algae,5.43191,6.20934
2021-01-25,2,Green_Algae,6.235949,7.3984127
2021-01-26,2,Green_Algae,6.5830173,4.4519515
2021-01-27,2,Green_Algae,7.649797,6.278223
2021-01-28,2,Green_Algae,5.225948,5.7911716
2021-01-29,2,Green_Algae,7.1872573,6.434705
2021-01-30,2,Green_Algae,7.827323,5.002759
2021-01-31,2,Green_Algae,6.1937,6.3334618
2021-02-01,2,Green_Algae,5.721615,6.4402833
2021-02-02,2,Green_Algae,5.1455975,5.639753
2021-02-03,2,Green_Algae,4.142368,6.016842
2021-02-04,2,Green_Algae,4.6842937,5.527114
2021-02-05,2,Green_Algae,4.7972736,4.422377
2021-02-06,2,Green_Algae,4.5424547,5.475892
2021-02-07,2,Green_Algae,4.4105067,5.8300905
2021-02-08,2,Green_Algae,4.6066475,5.472353
2021-02-09,2,Green_Algae,5.280211,5.2730145
2021-02-10,2,Green_Algae,7.288978,5.4209995
2021-02-11,2,Green_Algae,4.65887,5.83706
2021-02-12,2,Green_Algae,3.413034,6.4548206
2021-02-13,2,Green_Algae,8.17764,4.2926745
2021-02-14,2,Green_Algae,5.1429377,4.3286457
2021-02-15,2,Green_Algae,4.1539435,7.4096456
2021-02-16,2,Green_Algae,4.581317,6.1985054
2021-02-17,2,Green_Algae,4.9817367,4.8875823
2021-02-18,2,Green_Algae,3.35322,5.6424646
2021-02-19,2,Green_Algae,4.2448187,5.2729926
2021-02-20,2,Green_Algae,4.0317235,4.096581
2021-02-21,2,Green_Algae,4.087482,5.515925
2021-02-22,2,Green_Algae,3.9634469,4.4959593
2021-02-23,2,Green_Algae,4.5633674,4.923515
2021-02-24,2,Green_Algae,4.220355,4.475301
2021-02-25,2,Green_Algae,5.1449275,4.896619
2021-02-26,2,Green_Algae,5.1236477,4.3704224
2021-02-27,2,Green_Algae,4.096351,5.3310127
2021-02-28,2,Green_Algae,3.4184105,5.076777
2021-03-01,2,Green_Algae,2.6066442,3.8815804
2021-03-02,2,Green_Algae,2.469205,3.6281874
2021-03-03,2,Green_Algae,3.3989074,2.4881408
2021-03-04,2,Green_Algae,2.2061434,2.9679759
2021-03-05,2,Green_Algae,0.93730825,4.377205
2021-03-06,2,Green_Algae,0.17130968,2.2297177
2021-03-07,2,Green_Algae,0.21163534,1.3858786
2021-03-08,2,Green_Algae,0.51324403,0.8002367
2021-03-09,2,Green_Algae,0.7416932,0.94943714
2021-03-10,2,Green_Algae,1.1518161,1.39695
2021-03-11,2,Green_Algae,3.0430608,1.5097268
2021-03-12,2,Green_Algae,5.624233,2.610955
2021-03-13,2,Green_Algae,9.781874,5.0242324
2021-03-14,2,Green_Algae,6.138524,7.186851
2021-03-15,2,Green_Algae,5.632489,8.843535
2021-03-16,2,Green_Algae,4.6865773,5.592174
2021-03-17,2,Green_Algae,4.3283215,5.4671187
2021-03-18,2,Green_Algae,3.7387772,4.6280336
2021-03-19,2,Green_Algae,2.8026774,3.8797808
2021-03-20,2,Green_Algae,3.1857598,3.8738315
2021-03-21,2,Green_Algae,2.456903,3.0747755
2021-03-22,2,Green_Algae,0.9018451,3.6318831
2021-03-23,2,Green_Algae,0.6790297,2.6367157
2021-03-24,2,Green_Algae,1.005638,1.5062886
2021-03-25,2,Green_Algae,0.83578366,1.5946525
2021-03-26,2,Green_Algae,1.0689725,1.8571182
2021-03-27,2,Green_Algae,1.7590731,1.6029252
2021-03-28,2,Green_Algae,4.083432,2.2186594
2021-03-29,2,Green_Algae,7.1401954,3.3838558
2021-03-30,2,Green_Algae,10.209595,5.7515464
2021-03-31,2,Green_Algae,10.649694,7.994667
2021-04-01,2,Green_Algae,9.618863,9.1814
2021-04-02,2,Green_Algae,9.679638,9.088026
2021-04-03,2,Green_Algae,8.492021,7.0914836
2021-04-04,2,Green_Algae,5.522469,6.198026
2021-04-05,2,Green_Algae,3.8875976,6.1561484
2021-04-06,2,Green_Algae,3.7225616,4.2389336
2021-04-07,2,Green_Algae,4.1317596,3.7443197
2021-04-08,2,Green_Algae,3.7241824,4.080758
2021-04-09,2,Green_Algae,2.9264905,4.4739413
2021-04-10,2,Green_Algae,3.0117583,3.7999127
2021-04-11,2,Green_Algae,3.7558973,3.5810554
2021-04-12,2,Green_Algae,7.548631,3.970254
2021-04-13,2,Green_Algae,8.276589,4.8740077
2021-04-14,2,Green_Algae,7.5179367,7.519999
2021-04-15,2,Green_Algae,7.9862165,8.6772375
2021-04-16,2,Green_Algae,8.454495,7.842903
2021-04-17,2,Green_Algae,10.411622,7.4924626
2021-04-18,2,Green_Algae,8.3863945,7.4379897
2021-04-19,2,Green_Algae,7.374504,8.689491
2021-04-20,2,Green_Algae,7.4743953,7.3808675
2021-04-21,2,Green_Algae,7.563512,6.7362204
2021-04-22,2,Green_Algae,9.42714,6.598715
2021-04-23,2,Green_Algae,9.938813,6.6664987
2021-04-24,2,Green_Algae,9.186256,7.9925137
2021-04-25,2,Green_Algae,13.211926,8.915561
2021-04-26,2,Green_Algae,11.542995,9.055861
2021-04-27,2,Green_Algae,8.482055,9.220053
2021-04-28,2,Green_Algae,4.98898,7.401064
2021-04-29,2,Green_Algae,3.1451302,5.51267
2021-04-30,2,Green_Algae,3.3468668,4.033729
2021-05-01,2,Green_Algae,8.648813,3.5039394
2021-05-02,2,Green_Algae,10.776056,4.134747
2021-05-03,2,Green_Algae,10.448346,7.013358
2021-05-04,2,Green_Algae,5.103333,8.231289
2021-05-05,2,Green_Algae,5.319554,8.581638
2021-05-06,2,Green_Algae,6.643535,5.1060724
2021-05-07,2,Green_Algae,6.72064,5.7673388
2021-05-08,2,Green_Algae,10.374625,6.889656
2021-05-09,2,Green_Algae,12.880029,6.773201
2021-05-10,2,Green_Algae,9.980102,8.441741
2021-05-11,2,Green_Algae,10.452174,9.610045
2021-05-12,2,Green_Algae,10.924248,9.000333
2021-05-13,2,Green_Algae,11.39632,9.489109
2021-05-14,2,Green_Algae,11.868393,9.711819
2021-05-15,2,Green_Algae,10.393691,10.343121
2021-05-16,2,Green_Algae,7.7878942,9.120422
2021-05-17,2,Green_Algae,7.7099423,7.6450458
2021-05-18,2,Green_Algae,7.9545946,6.776718
2021-05-19,2,Green_Algae,6.14866,7.310293
2021-05-20,2,Green_Algae,6.4745946,7.889133
2021-05-21,2,Green_Algae,6.249631,5.8948207
2021-05-22,2,Green_Algae,9.313534,6.678522
2021-05-23,2,Green_Algae,8.771644,6.441794
2021-05-24,2,Green_Algae,12.235818,8.009712
2021-05-25,2,Green_Algae,7.2883067,7.2725387
2021-05-26,2,Green_Algae,7.12322,8.718764
2021-05-27,2,Green_Algae,13.128756,6.650305
2021-05-28,2,Green_Algae,12.951473,6.9078603
2021-05-29,2,Green_Algae,12.77419,8.806656
2021-05-30,2,Green_Algae,4.561085,9.421678
2021-05-31,2,Green_Algae,2.984026,8.435282
2021-06-01,2,Green_Algae,3.477842,3.6191366
2021-06-02,2,Green_Algae,3.0301087,3.2343535
2021-06-03,2,Green_Algae,2.9474874,3.4451337
2021-06-04,2,Green_Algae,3.87105,3.0590322
2021-06-05,2,Green_Algae,3.5815134,3.260488
2021-06-06,2,Green_Algae,3.5015206,4.3577647
2021-06-07,2,Green_Algae,4.0479884,3.7592413
2021-06-08,2,Green_Algae,5.4210563,4.235338
2021-06-09,2,Green_Algae,3.706534,4.5072
2021-06-10,2,Green_Algae,5.004493,6.0371118
2021-06-11,2,Green_Algae,6.557851,3.966046
2021-06-12,2,Green_Algae,10.4747505,5.610529
2021-06-13,2,Green_Algae,11.396228,6.403367
2021-06-14,2,Green_Algae,12.317705,7.974929
2021-06-15,2,Green_Algae,12.765958,8.66376
2021-06-16,2,Green_Algae,13.214211,8.707797
2021-06-17,2,Green_Algae,13.662464,9.782995
2021-06-18,2,Green_Algae,14.110718,10.3502865
2021-06-19,2,Green_Algae,12.694961,10.282859
2021-06-20,2,Green_Algae,13.068725,9.4057
2021-06-21,2,Green_Algae,6.759349,8.745842
2021-06-22,2,Green_Algae,4.531797,9.019233
2021-06-23,2,Green_Algae,4.704233,5.6755085
2021-06-24,2,Green_Algae,4.3103833,4.6961827
2021-06-25,2,Green_Algae,4.245991,5.3871517
2021-06-26,2,Green_Algae,3.8047178,5.4209433
2021-06-27,2,Green_Algae,9.500919,5.5639067
2021-06-28,2,Green_Algae,14.259275,4.392293
2021-06-29,2,Green_Algae,13.726238,7.6760783
2021-06-30,2,Green_Algae,10.054623,9.045322
2021-07-01,2,Green_Algae,10.233351,8.814491
2021-07-02,2,Green_Algae,11.377681,6.9485807
2021-07-03,2,Green_Algae,13.92809,8.237952
2021-07-04,2,Green_Algae,9.610976,8.79592
2021-07-05,2,Green_Algae,13.8032055,9.621821
2021-07-06,2,Green_Algae,12.07648,7.6407847
2021-07-07,2,Green_Algae,9.815504,9.247784
2021-07-08,2,Green_Algae,10.952688,8.621302
2021-07-09,2,Green_Algae,5.504181,7.7036414
2021-07-10,2,Green_Algae,6.883577,8.835111
2021-07-11,2,Green_Algae,6.383121,4.459925
2021-07-12,2,Green_Algae,8.041389,6.8436294
2021-07-13,2,Green_Algae,7.1555495,6.91512
2021-07-14,2,Green_Algae,7.182688,7.8969264
2021-07-15,2,Green_Algae,7.2098265,7.3448105
2021-07-16,2,Green_Algae,7.2369647,8.62279
2021-07-17,2,Green_Algae,7.2641034,8.820916
2021-07-18,2,Green_Algae,7.291241,8.814446
2021-07-19,2,Green_Algae,7.3183794,9.0633135
2021-07-20,2,Green_Algae,7.345518,8.352711
2021-07-21,2,Green_Algae,4.656155,7.1012344
2021-07-22,2,Green_Algae,5.656749,6.0461507
2021-07-23,2,Green_Algae,11.975569,4.771414
2021-07-24,2,Green_Algae,13.560905,6.065221
2021-07-25,2,Green_Algae,13.088494,8.695486
2021-07-26,2,Green_Algae,11.472322,9.837211
2021-07-27,2,Green_Algae,9.366954,9.9050865
2021-07-28,2,Green_Algae,6.655246,8.618771
2021-07-29,2,Green_Algae,7.9549346,7.3225102
2021-07-30,2,Green_Algae,7.1069007,5.1783447
2021-07-31,2,Green_Algae,8.990673,7.3405457
2021-08-01,2,Green_Algae,10.385311,7.331521
2021-08-02,2,Green_Algae,10.719529,7.763748
2021-08-03,2,Green_Algae,7.1092253,7.756028
2021-08-04,2,Green_Algae,4.9593773,7.262361
2021-08-05,2,Green_Algae,3.0356264,6.029493
2021-08-06,2,Green_Algae,2.0601811,4.880227
2021-08-07,2,Green_Algae,2.8934517,2.8165267
2021-08-08,2,Green_Algae,3.3419957,2.4436197
2021-08-09,2,Green_Algae,3.5262926,3.3648274
2021-08-10,2,Green_Algae,2.9024384,3.938954
2021-08-11,2,Green_Algae,3.434081,4.3634763
2021-08-12,2,Green_Algae,4.609233,3.3835258
2021-08-13,2,Green_Algae,4.0192776,4.4257946
2021-08-14,2,Green_Algae,7.171199,5.8092546
2021-08-15,2,Green_Algae,10.603491,4.2912664
2021-08-16,2,Green_Algae,8.529735,6.87028
2021-08-17,2,Green_Algae,6.9491796,8.545529
2021-08-18,2,Green_Algae,8.951539,7.7756853
2021-08-19,2,Green_Algae,11.542151,5.916645
2021-08-20,2,Green_Algae,10.700407,7.8434978
2021-08-21,2,Green_Algae,7.8352175,8.772439
2021-08-22,2,Green_Algae,12.8495455,9.09557
2021-08-23,2,Green_Algae,13.118637,7.3533926
2021-08-24,2,Green_Algae,10.933848,9.096328
2021-08-25,2,Green_Algae,12.0906725,9.683781
2021-08-26,2,Green_Algae,10.43034,8.279277
2021-08-27,2,Green_Algae,9.773435,9.299127
2021-08-28,2,Green_Algae,8.390406,8.011352
2021-08-29,2,Green_Algae,7.821752,7.0853114
2021-08-30,2,Green_Algae,6.5187182,6.6573677
2021-08-31,2,Green_Algae,5.8044934,6.814403
2021-09-01,2,Green_Algae,5.0743923,5.891928
2021-09-02,2,Green_Algae,4.311918,6.5477867
2021-09-03,2,Green_Algae,3.3487916,5.8070936
2021-09-04,2,Green_Algae,4.701462,4.6036987
2021-09-05,2,Green_Algae,5.0674095,3.9369233
2021-09-06,2,Green_Algae,3.518864,5.849704
2021-09-07,2,Green_Algae,3.1971326,5.909652
2021-09-08,2,Green_Algae,3.5374892,3.7175696
2021-09-09,2,Green_Algae,6.4463677,4.2297835
2021-09-10,2,Green_Algae,6.842923,4.699455
2021-09-11,2,Green_Algae,8.631598,6.630787
2021-09-12,2,Green_Algae,8.282877,5.9889708
2021-09-13,2,Green_Algae,7.9341564,7.214009
2021-09-14,2,Green_Algae,7.505728,7.385978
2021-09-15,2,Green_Algae,4.8467994,7.125747
2021-09-16,2,Green_Algae,4.3901086,6.8847003
2021-09-17,2,Green_Algae,3.1355467,4.4920354
2021-09-18,2,Green_Algae,2.5354092,4.620379
2021-09-19,2,Green_Algae,2.8781462,3.4528549
2021-09-20,2,Green_Algae,2.8740985,3.7237856
2021-09-21,2,Green_Algae,2.339877,4.119751
2021-09-22,2,Green_Algae,3.6420565,4.1264386
2021-09-23,2,Green_Algae,3.4891088,3.1208496
2021-09-24,2,Green_Algae,3.0315206,5.012966
2021-09-25,2,Green_Algae,2.7386677,4.3795147
2021-09-26,2,Green_Algae,2.8449023,3.7316647
2021-09-27,2,Green_Algae,2.898798,3.5522518
2021-09-28,2,Green_Algae,2.80811,3.592549
2021-09-29,2,Green_Algae,3.1477988,3.7512252
2021-09-30,2,Green_Algae,3.8165677,3.84007
2021-10-01,2,Green_Algae,2.884149,4.193222
2021-10-02,2,Green_Algae,2.3285825,4.4346237
2021-10-03,2,Green_Algae,2.7246957,3.5172045
2021-10-04,2,Green_Algae,2.9625897,3.4792056
2021-10-05,2,Green_Algae,3.2004838,4.4385095
2021-10-06,2,Green_Algae,3.4383776,4.299955
2021-10-07,2,Green_Algae,3.6762717,4.3729644
2021-10-08,2,Green_Algae,3.9141655,4.189866
2021-10-09,2,Green_Algae,4.1520596,4.627745
2021-10-10,2,Green_Algae,4.3899536,4.997309
2021-10-11,2,Green_Algae,4.6278477,4.7908735
2021-10-12,2,Green_Algae,4.9418287,4.774656
2021-10-13,2,Green_Algae,4.673613,4.79322
2021-10-14,2,Green_Algae,4.5442286,5.3701444
2021-10-15,2,Green_Algae,8.768624,4.9588675
2021-10-16,2,Green_Algae,8.054786,4.8646584
2021-10-17,2,Green_Algae,3.8535652,7.2311144
2021-10-18,2,Green_Algae,3.6656222,6.6765256
2021-10-19,2,Green_Algae,3.690036,3.0276546
2021-10-20,2,Green_Algae,3.5357091,4.243789
2021-10-21,2,Green_Algae,3.6526122,4.246169
2021-10-22,2,Green_Algae,3.1038206,3.8175995
2021-10-23,2,Green_Algae,2.7547975,4.3157873
2021-10-24,2,Green_Algae,2.6743922,3.7719436
2021-10-25,2,Green_Algae,2.6642506,3.7160275
2021-10-26,2,Green_Algae,3.2695441,4.0591826
2021-10-27,2,Green_Algae,6.4926195,3.7949529
2021-10-28,2,Green_Algae,8.997244,4.88073
2021-10-29,2,Green_Algae,9.55448,7.5167975
2021-10-30,2,Green_Algae,6.1581116,8.944161
2021-10-31,2,Green_Algae,5.569472,8.798096
2021-11-01,2,Green_Algae,4.880246,5.343567
2021-11-02,2,Green_Algae,6.240745,6.0319066
2021-11-03,2,Green_Algae,7.868003,5.53716
2021-11-04,2,Green_Algae,5.39335,7.0503707
2021-11-05,2,Green_Algae,2.8083358,7.885084
2021-11-06,2,Green_Algae,4.1119175,5.8804035
2021-11-07,2,Green_Algae,5.8138523,2.7516143
2021-11-08,2,Green_Algae,5.6319323,5.6117787
2021-11-09,2,Green_Algae,4.463618,6.914968
2021-11-10,2,Green_Algae,5.127321,6.1366725
2021-11-11,2,Green_Algae,3.3585093,5.075188
2021-11-12,2,Green_Algae,2.6787329,5.9581785
2021-11-13,2,Green_Algae,2.9060419,3.579721
2021-11-14,2,Green_Algae,2.3626916,3.4341362
2021-11-15,2,Green_Algae,2.3225126,4.000155
2021-11-16,2,Green_Algae,2.5409632,2.8582256
2021-11-17,2,Green_Algae,2.2751682,3.0854938
2021-11-18,2,Green_Algae,1.9986252,3.3483999
2021-11-19,2,Green_Algae,1.6795293,2.9318006
2021-11-20,2,Green_Algae,1.8916438,2.666851
2021-11-21,2,Green_Algae,2.7642143,2.020498
2021-11-22,2,Green_Algae,3.023097,2.3850179
2021-11-23,2,Green_Algae,1.7613965,3.6492891
2021-11-24,2,Green_Algae,1.8678365,3.2296445
2021-11-25,2,Green_Algae,1.7351195,1.8212104
2021-11-26,2,Green_Algae,1.7887771,2.5651286
2021-11-27,2,Green_Algae,1.8194356,2.2178586
2021-11-28,2,Green_Algae,2.1925688,2.3761132
2021-11-29,2,Green_Algae,2.8506155,2.5260491
2021-11-30,2,Green_Algae,3.7936785,2.811561
2021-12-01,2,Green_Algae,3.2888849,3.7552283
2021-12-02,2,Green_Algae,3.20601,4.5504584
2021-12-03,2,Green_Algae,3.1972845,3.4051304
2021-12-04,2,Green_Algae,2.9100072,3.4895773
2021-12-05,2,Green_Algae,3.0636685,3.6541088
2021-12-06,2,Green_Algae,3.0413218,3.2055964
2021-12-07,2,Green_Algae,2.8179595,3.3384566
2021-12-08,2,Green_Algae,2.9317937,3.4397218
2021-12-09,2,Green_Algae,2.873556,3.0781288
2021-12-10,2,Green_Algae,3.0364544,3.3464987
2021-12-11,2,Green_Algae,3.930644,3.4956768
2021-12-12,2,Green_Algae,3.436191,3.4324756
2021-12-13,2,Green_Algae,3.863864,4.5980015
2021-12-14,2,Green_Algae,4.217301,3.3944936
2021-12-15,2,Green_Algae,4.429001,4.431148
2021-12-16,2,Green_Algae,4.6556263,4.8883677
2021-12-17,2,Green_Algae,4.838226,5.258739
2021-12-18,2,Green_Algae,4.1352496,5.0949802
2021-12-19,2,Green_Algae,3.6960173,4.339809
2021-12-20,2,Green_Algae,3.0439653,3.9212174
2021-12-21,2,Green_Algae,2.7047684,3.9939919
2021-12-22,2,Green_Algae,4.257923,3.2446477
2021-12-23,2,Green_Algae,3.2951374,3.2907114
2021-12-24,2,Green_Algae,2.3909624,4.2914505
2021-12-25,2,Green_Algae,2.1861448,4.479818
2021-12-26,2,Green_Algae,1.7530535,3.2160237
2021-12-27,2,Green_Algae,1.9872879,2.8332863
2021-12-28,2,Green_Algae,2.2317348,2.5084445
2021-12-29,2,Green_Algae,2.0643368,2.8466208
2021-12-30,2,Green_Algae,1.9601592,3.2322025
2021-12-31,2,Green_Algae,2.126949,2.593771
2022-01-01,2,Green_Algae,2.2531767,3.2282193
2022-01-02,2,Green_Algae,2.1239364,2.706406
2022-01-03,2,Green_Algae,2.5416799,2.9962118
2022-01-04,2,Green_Algae,3.3833745,2.5412865
2022-01-05,2,Green_Algae,6.9222884,3.2818096
2022-01-06,2,Green_Algae,5.645869,4.3494697
2022-01-07,2,Green_Algae,4.3694496,6.918088
2022-01-08,2,Green_Algae,6.313483,6.0354576
2022-01-09,2,Green_Algae,4.849971,3.8917856
2022-01-10,2,Green_Algae,6.5303836,6.2040105
2022-01-11,2,Green_Algae,7.1293488,4.479709
2022-01-12,2,Green_Algae,3.0731115,5.8467546
2022-01-13,2,Green_Algae,2.084052,5.2999883
2022-01-14,2,Green_Algae,1.3035264,2.3080885
2022-01-15,2,Green_Algae,2.1528146,2.2890155
2022-01-16,2,Green_Algae,2.2154775,1.7036394
2022-01-17,2,Green_Algae,1.8509052,3.0195463
2022-01-18,2,Green_Algae,3.0125198,2.552565
2022-01-19,2,Green_Algae,2.9266691,2.2896798
2022-01-20,2,Green_Algae,3.0848227,3.7630236
2022-01-21,2,Green_Algae,3.732527,3.0945928
2022-01-22,2,Green_Algae,4.3433237,3.3713202
2022-01-23,2,Green_Algae,6.2519803,3.8578448
2022-01-24,2,Green_Algae,8.160637,4.1164727
2022-01-25,2,Green_Algae,8.239467,6.1779046
2022-01-26,2,Green_Algae,8.318296,6.262812
2022-01-27,2,Green_Algae,8.397126,7.061922
2022-01-28,2,Green_Algae,8.475957,6.80425
2022-01-29,2,Green_Algae,8.554788,6.4000683
2022-01-30,2,Green_Algae,8.633616,6.693771
2022-01-31,2,Green_Algae,5.246442,5.5811157
2022-02-01,2,Green_Algae,3.9920294,5.874838
2022-02-02,2,Green_Algae,4.695028,3.787659
2022-02-03,2,Green_Algae,2.7493696,3.316881
2022-02-04,2,Green_Algae,2.88272,4.010766
2022-02-05,2,Green_Algae,2.763606,2.3701353
2022-02-06,2,Green_Algae,2.1112866,3.5604942
2022-02-07,2,Green_Algae,2.4319632,3.1613321
2022-02-08,2,Green_Algae,2.2566342,2.2554357
2022-02-09,2,Green_Algae,2.6009963,3.0646646
2022-02-10,2,Green_Algae,2.5740855,2.6878507
2022-02-11,2,Green_Algae,2.7089677,3.1507525
2022-02-12,2,Green_Algae,3.126954,2.7169445
2022-02-13,2,Green_Algae,4.3236074,2.594243
2022-02-14,2,Green_Algae,3.448381,3.92662
2022-02-15,2,Green_Algae,3.5295143,4.4896917
2022-02-16,2,Green_Algae,4.1974835,3.1286423
2022-02-17,2,Green_Algae,4.8904557,3.5889843
2022-02-18,2,Green_Algae,6.0933433,4.420217
2022-02-19,2,Green_Algae,4.131527,5.5598407
2022-02-20,2,Green_Algae,2.946324,5.7985845
2022-02-21,2,Green_Algae,2.2808762,4.3984675
2022-02-22,2,Green_Algae,1.969732,2.075643
2022-02-23,2,Green_Algae,1.8481604,2.257782
2022-02-24,2,Green_Algae,1.970211,2.1550741
2022-02-25,2,Green_Algae,2.0456758,2.0619953
2022-02-26,2,Green_Algae,2.1211405,1.939014
2022-02-27,2,Green_Algae,2.1966052,2.017924
2022-02-28,2,Green_Algae,2.1446164,2.1836052
2022-03-01,2,Green_Algae,2.8918037,2.1535277
2022-03-02,2,Green_Algae,3.3747232,2.103186
2022-03-03,2,Green_Algae,4.975467,2.9917347
2022-03-04,2,Green_Algae,5.8857384,4.749182
2022-03-05,2,Green_Algae,7.7702246,6.0193048
2022-03-06,2,Green_Algae,7.406918,6.586551
2022-03-07,2,Green_Algae,8.624261,6.8608837
2022-03-08,2,Green_Algae,5.739247,6.5903845
2022-03-09,2,Green_Algae,4.569587,6.961501
2022-03-10,2,Green_Algae,4.6664295,4.3830156
2022-03-11,2,Green_Algae,6.601842,3.8470032
2022-03-12,2,Green_Algae,7.0578914,4.8907385
2022-03-13,2,Green_Algae,9.441289,7.1376667
2022-03-14,2,Green_Algae,10.154751,7.5567374
2022-03-15,2,Green_Algae,10.868213,8.34284
2022-03-16,2,Green_Algae,10.484943,8.403212
2022-03-17,2,Green_Algae,10.101673,8.471177
2022-03-18,2,Green_Algae,10.141577,8.301677
2022-03-19,2,Green_Algae,10.18148,8.153264
2022-03-20,2,Green_Algae,10.221386,7.6825986
2022-03-21,2,Green_Algae,6.8799276,7.5089655
2022-03-22,2,Green_Algae,6.111058,7.2643995
2022-03-23,2,Green_Algae,3.9833503,4.41355
2022-03-24,2,Green_Algae,2.6831644,4.913119
2022-03-25,2,Green_Algae,2.11021,3.0977986
2022-03-26,2,Green_Algae,2.3608906,2.7218676
2022-03-27,2,Green_Algae,2.612607,3.122728
2022-03-28,2,Green_Algae,3.0601304,2.8008635
2022-03-29,2,Green_Algae,3.0547757,2.280377
2022-03-30,2,Green_Algae,2.5692663,3.0314841
2022-03-31,2,Green_Algae,2.7219045,2.2288177
2022-04-01,2,Green_Algae,3.1004643,2.2777827
2022-04-02,2,Green_Algae,2.2594109,2.6490977
2022-04-03,2,Green_Algae,1.953816,3.182667
2022-04-04,2,Green_Algae,1.918588,1.9917963
2022-04-05,2,Green_Algae,2.3214595,1.9155922
2022-04-06,2,Green_Algae,2.560116,2.1259205
2022-04-07,2,Green_Algae,3.2719536,2.6974647
2022-04-08,2,Green_Algae,4.419464,2.7574074
2022-04-09,2,Green_Algae,4.504269,3.6821785
2022-04-10,2,Green_Algae,4.89147,5.008035
2022-04-11,2,Green_Algae,6.268174,5.1135416
2022-04-12,2,Green_Algae,7.3437877,5.3770056
2022-04-13,2,Green_Algae,9.499956,6.2707977
2022-04-14,2,Green_Algae,10.740788,7.5154433
2022-04-15,2,Green_Algae,8.073318,8.511952
2022-04-16,2,Green_Algae,7.630758,9.012905
2022-04-17,2,Green_Algae,6.9328403,7.20052
2022-04-18,2,Green_Algae,6.5577283,6.4353704
2022-04-19,2,Green_Algae,3.7500434,5.4134116
2022-04-20,2,Green_Algae,3.4992976,5.31188
2022-04-21,2,Green_Algae,4.348203,2.318631
2022-04-22,2,Green_Algae,5.875435,3.6286483
2022-04-23,2,Green_Algae,8.554278,4.045908
2022-04-24,2,Green_Algae,10.74772,5.8381085
2022-04-25,2,Green_Algae,10.313055,7.672274
2022-04-26,2,Green_Algae,10.031486,8.284348
2022-04-27,2,Green_Algae,9.749915,6.918361
2022-04-28,2,Green_Algae,9.468344,7.2955914
2022-04-29,2,Green_Algae,6.3907814,5.728208
2022-04-30,2,Green_Algae,2.7383044,6.8181596
2022-05-01,2,Green_Algae,1.9100943,4.01981
2022-05-02,2,Green_Algae,1.4387971,2.7874932
2022-05-03,2,Green_Algae,1.6956812,2.4668188
2022-05-04,2,Green_Algae,2.9322464,1.7617235
2022-05-05,2,Green_Algae,4.024558,2.6488242
2022-05-06,2,Green_Algae,7.546461,3.799502
2022-05-07,2,Green_Algae,8.4868555,4.6225743
2022-05-08,2,Green_Algae,8.025366,7.175706
2022-05-09,2,Green_Algae,7.563878,8.155357
2022-05-10,2,Green_Algae,3.786575,6.9972186
2022-05-11,2,Green_Algae,2.6313117,5.100613
2022-05-12,2,Green_Algae,2.673943,2.110858
2022-05-13,2,Green_Algae,3.6793551,2.794418
2022-05-14,2,Green_Algae,3.5523696,3.0734787
2022-05-15,2,Green_Algae,2.8397105,3.2937691
2022-05-16,2,Green_Algae,2.6588566,2.7124896
2022-05-17,2,Green_Algae,2.5439029,2.3456056
2022-05-18,2,Green_Algae,1.9558738,2.2437882
2022-05-19,2,Green_Algae,2.2352676,2.5330474
2022-05-20,2,Green_Algae,3.8337293,2.0738623
2022-05-21,2,Green_Algae,6.6012907,2.4430587
2022-05-22,2,Green_Algae,4.1062393,4.1056557
2022-05-23,2,Green_Algae,3.8795009,5.953182
2022-05-24,2,Green_Algae,3.7486677,3.5282316
2022-05-25,2,Green_Algae,2.5144565,3.5531921
2022-05-26,2,Green_Algae,2.628731,3.7675562
2022-05-27,2,Green_Algae,2.336657,2.4273047
2022-05-28,2,Green_Algae,1.8927444,2.9182396
2022-05-29,2,Green_Algae,1.7338868,2.3524938
2022-05-30,2,Green_Algae,2.055707,2.0609562
2022-05-31,2,Green_Algae,2.7962682,1.5461155
2022-06-01,2,Green_Algae,2.4670553,2.3035731
2022-06-02,2,Green_Algae,2.5074983,2.353404
2022-06-03,2,Green_Algae,3.3220377,2.070433
2022-06-04,2,Green_Algae,2.913029,2.3180006
2022-06-05,2,Green_Algae,3.21664,2.9045186
2022-06-06,2,Green_Algae,3.0336015,2.3104384
2022-06-07,2,Green_Algae,2.016884,2.7404873
2022-06-08,2,Green_Algae,0.71460867,2.5303047
2022-06-09,2,Green_Algae,1.4329565,1.8281759
2022-06-10,2,Green_Algae,1.2493777,0.87625843
2022-06-11,2,Green_Algae,1.7778566,1.6795055
2022-06-12,2,Green_Algae,1.9454993,1.0770675
2022-06-13,2,Green_Algae,1.383483,1.6069824
2022-06-14,2,Green_Algae,0.17669071,1.5966954
2022-06-15,2,Green_Algae,0.1694878,1.058593
2022-06-16,2,Green_Algae,1.6111215,0.48754308
2022-06-17,2,Green_Algae,1.4915413,0.51522523
2022-06-18,2,Green_Algae,1.3510724,1.5730683
2022-06-19,2,Green_Algae,1.4114358,1.147402
2022-06-20,2,Green_Algae,1.2985806,1.5295569
2022-06-21,2,Green_Algae,1.315047,1.6632788
2022-06-22,2,Green_Algae,1.1877986,1.548514
2022-06-23,2,Green_Algae,0.20468882,1.7375313
2022-06-24,2,Green_Algae,0.9321283,1.5696611
2022-06-25,2,Green_Algae,2.667632,0.5741176
2022-06-26,2,Green_Algae,2.3597465,1.5835379
2022-06-27,2,Green_Algae,2.4025416,3.1353343
2022-06-28,2,Green_Algae,2.6718307,2.2852302
2022-06-29,2,Green_Algae,2.6384616,2.5991378
2022-06-30,2,Green_Algae,3.7917957,3.1248105
2022-07-01,2,Green_Algae,3.6459014,2.756476
2022-07-02,2,Green_Algae,3.1270165,4.2104807
2022-07-03,2,Green_Algae,2.8873951,3.645696
2022-07-04,2,Green_Algae,3.3072195,3.207106
2022-07-05,2,Green_Algae,2.865286,2.8346684
2022-07-06,2,Green_Algae,2.9233165,3.2595677
2022-07-07,2,Green_Algae,2.1893845,2.5837913
2022-07-08,2,Green_Algae,1.9153528,2.8497443
2022-07-09,2,Green_Algae,2.0919194,2.2259445
2022-07-10,2,Green_Algae,3.2985039,2.440234
2022-07-11,2,Green_Algae,4.8211155,2.80009
2022-07-12,2,Green_Algae,5.138985,4.2681956
2022-07-13,2,Green_Algae,5.002174,5.0085406
2022-07-14,2,Green_Algae,9.229062,5.0871706
2022-07-15,2,Green_Algae,8.125591,4.971059
2022-07-16,2,Green_Algae,7.02212,7.1577764
2022-07-17,2,Green_Algae,5.9186487,7.024672
2022-07-18,2,Green_Algae,4.815178,6.057164
2022-07-19,2,Green_Algae,1.9387745,5.5265884
2022-07-20,2,Green_Algae,1.5423076,3.8781798
2022-07-21,2,Green_Algae,0.75141406,1.7432196
2022-07-22,2,Green_Algae,0.29937363,2.3451211
2022-07-23,2,Green_Algae,1.4023521,1.416651
2022-07-24,2,Green_Algae,4.171111,0.9491351
2022-07-25,2,Green_Algae,0.52041996,2.9251826
2022-07-26,2,Green_Algae,0.0809841,5.188681
2022-07-27,2,Green_Algae,0.34602904,1.12993
2022-07-28,2,Green_Algae,0.6430407,0.7482639
2022-07-29,2,Green_Algae,0.75374895,1.3178341
2022-07-30,2,Green_Algae,0.8893367,1.3945401
2022-07-31,2,Green_Algae,1.0249244,1.4738057
2022-08-01,2,Green_Algae,1.160512,1.713198
2022-08-02,2,Green_Algae,1.2960997,1.813789
2022-08-03,2,Green_Algae,1.4316874,2.0445733
2022-08-04,2,Green_Algae,1.5672749,2.1493876
2022-08-05,2,Green_Algae,1.7028626,2.3978972
2022-08-06,2,Green_Algae,1.8384502,2.215665
2022-08-07,2,Green_Algae,1.9740379,2.4949734
2022-08-08,2,Green_Algae,2.1096256,2.6510887
2022-08-09,2,Green_Algae,2.2452133,2.8728018
2022-08-10,2,Green_Algae,2.380801,2.9037673
2022-08-11,2,Green_Algae,2.5163884,3.1808338
2022-08-12,2,Green_Algae,2.651976,3.2147791
2022-08-13,2,Green_Algae,2.7875638,3.1665761
2022-08-14,2,Green_Algae,2.9231515,3.4449472
2022-08-15,2,Green_Algae,3.0587392,3.6210566
2022-08-16,2,Green_Algae,3.1943269,3.7052174
2022-08-17,2,Green_Algae,3.3299146,3.6355548
2022-08-18,2,Green_Algae,3.465502,3.7691135
2022-08-19,2,Green_Algae,3.6010897,3.966623
2022-08-20,2,Green_Algae,3.7366774,4.145815
2022-08-21,2,Green_Algae,3.872265,4.108767
2022-08-22,2,Green_Algae,4.0078526,4.260437
2022-08-23,2,Green_Algae,4.1434402,4.299381
2022-08-24,2,Green_Algae,4.279028,4.497374
2022-08-25,2,Green_Algae,4.4146156,4.7516627
2022-08-26,2,Green_Algae,4.5502033,4.6588454
2022-08-27,2,Green_Algae,4.685791,4.79608
2022-08-28,2,Green_Algae,4.8213787,4.7066784
2022-08-29,2,Green_Algae,4.9569664,4.7703967
2022-08-30,2,Green_Algae,5.092554,4.8861375
2022-08-31,2,Green_Algae,5.2281413,5.2049975
2022-09-01,2,Green_Algae,5.3637295,5.4850535
2022-09-02,2,Green_Algae,5.499317,5.4818425
2022-09-03,2,Green_Algae,5.634905,4.853213
2022-09-04,2,Green_Algae,5.770492,5.086389
2022-09-05,2,Green_Algae,5.9060802,4.902576
2022-09-06,2,Green_Algae,6.0416675,4.981983
2022-09-07,2,Green_Algae,6.177255,5.1051083
2022-09-08,2,Green_Algae,6.312843,5.8274527
2022-09-09,2,Green_Algae,6.4484305,5.624973
2022-09-10,2,Green_Algae,6.230826,5.511449
2022-09-11,2,Green_Algae,8.68992,5.5195284
2022-09-12,2,Green_Algae,7.807916,5.426513
2022-09-13,2,Green_Algae,8.3521595,6.9918723
2022-09-14,2,Green_Algae,9.356362,5.4979887
2022-09-15,2,Green_Algae,7.107813,6.360183
2022-09-16,2,Green_Algae,4.4031787,6.568771
2022-09-17,2,Green_Algae,3.7508175,6.018856
2022-09-18,2,Green_Algae,6.3141737,3.6532886
2022-09-19,2,Green_Algae,3.516343,4.175635
2022-09-20,2,Green_Algae,1.5800507,6.219679
2022-09-21,2,Green_Algae,1.6696308,3.1893191
2022-09-22,2,Green_Algae,1.4959407,1.7490736
2022-09-23,2,Green_Algae,1.615673,2.5042324
2022-09-24,2,Green_Algae,2.0823896,2.308958
2022-09-25,2,Green_Algae,1.5839247,2.6783042
2022-09-26,2,Green_Algae,1.9809276,3.488816
2022-09-27,2,Green_Algae,2.3091745,2.6935384
2022-09-28,2,Green_Algae,5.5527225,3.0402474
2022-09-29,2,Green_Algae,6.6691623,3.341044
2022-09-30,2,Green_Algae,7.104832,5.719799
2022-10-01,2,Green_Algae,2.6034105,5.7101574
2022-10-02,2,Green_Algae,3.3666306,5.8717055
2022-10-03,2,Green_Algae,4.350832,2.0642571
2022-10-04,2,Green_Algae,4.8073153,3.5706155
2022-10-05,2,Green_Algae,3.984971,4.169042
2022-10-06,2,Green_Algae,3.1910217,4.393634
2022-10-07,2,Green_Algae,2.3935506,2.992653
2022-10-08,2,Green_Algae,1.82,2.8587737
2022-10-09,2,Green_Algae,3.16779,2.2183356
2022-10-10,2,Green_Algae,3.305127,2.1529524
2022-10-11,2,Green_Algae,2.3630557,3.592864
2022-10-12,2,Green_Algae,2.342739,3.042055
2022-10-13,2,Green_Algae,1.9473406,2.3106403
2022-10-14,2,Green_Algae,2.4178493,2.6647997
2022-10-15,2,Green_Algae,2.2874982,2.2287698
2022-10-16,2,Green_Algae,2.8773642,2.9943144
2022-10-17,2,Green_Algae,1.9032803,2.7708926
2022-10-18,2,Green_Algae,1.3671615,3.49958
2022-10-19,2,Green_Algae,1.2281462,1.9532545
2022-10-20,2,Green_Algae,1.4357452,1.8348805
2022-10-21,2,Green_Algae,1.8146449,1.8171791
2022-10-22,2,Green_Algae,5.2175727,2.1853871
2022-10-23,2,Green_Algae,1.6347319,2.2072358
2022-10-24,2,Green_Algae,1.3448409,5.4016566
2022-10-25,2,Green_Algae,0.8646165,1.5938483
2022-10-26,2,Green_Algae,0.7161304,1.9657985
2022-10-27,2,Green_Algae,0.8117439,1.2814388
2022-10-28,2,Green_Algae,0.9852315,1.1570864
2022-10-29,2,Green_Algae,0.7189863,1.3275673
2022-10-30,2,Green_Algae,0.74040526,1.4789425
2022-10-31,2,Green_Algae,0.3959189,1.2393421
2022-11-01,2,Green_Algae,0.45915672,1.4988192
2022-11-02,2,Green_Algae,0.44663528,0.919818
2022-11-03,2,Green_Algae,0.5711731,1.083321
2022-11-04,2,Green_Algae,0.5187971,0.9783073
2022-11-05,2,Green_Algae,0.5168741,1.2382237
2022-11-06,2,Green_Algae,0.99285096,0.9429767
2022-11-07,2,Green_Algae,0.97021586,1.0169122
2022-11-08,2,Green_Algae,3.6827445,1.7903113
2022-11-09,2,Green_Algae,3.2042935,1.2115581
2022-11-10,2,Green_Algae,2.6945007,4.5015783
2022-11-11,2,Green_Algae,5.053273,3.1258936
2022-11-12,2,Green_Algae,8.711579,2.6269534
2022-11-13,2,Green_Algae,7.713145,4.7580214
2022-11-14,2,Green_Algae,5.1916933,6.233383
2022-11-15,2,Green_Algae,1.4670622,5.677174
2022-11-16,2,Green_Algae,0.26871106,3.6097584
2022-11-17,2,Green_Algae,0.32965964,1.3465391
2022-11-18,2,Green_Algae,0.4381694,0.7591906
2022-11-19,2,Green_Algae,1.021942,0.9014278
2022-11-20,2,Green_Algae,1.0667945,0.90029997
2022-11-21,2,Green_Algae,0.9796669,1.5319328
2022-11-22,2,Green_Algae,1.0705576,1.1954938
2022-11-23,2,Green_Algae,1.2641643,1.2069659
2022-11-24,2,Green_Algae,0.9981404,1.3853068
2022-11-25,2,Green_Algae,0.8159957,1.5587108
2022-11-26,2,Green_Algae,1.3945585,1.1568972
2022-11-27,2,Green_Algae,1.6876014,1.1150405
2022-11-28,2,Green_Algae,1.396505,1.862467
2022-11-29,2,Green_Algae,1.0866112,1.6048295
2022-11-30,2,Green_Algae,1.0804197,1.4394704
2022-12-01,2,Green_Algae,1.0082923,1.1822778
2022-12-02,2,Green_Algae,1.1993546,1.2592497
2022-12-03,2,Green_Algae,1.0384793,1.2559392
2022-12-04,2,Green_Algae,0.9513034,1.3741213
2022-12-05,2,Green_Algae,1.4196737,1.1284004
2022-12-06,2,Green_Algae,1.5062437,1.1535329
2022-12-07,2,Green_Algae,1.6673859,1.7710428
2022-12-08,2,Green_Algae,1.7725435,1.2753079
2022-12-09,2,Green_Algae,2.750798,1.7732729
2022-12-10,2,Green_Algae,2.2412164,1.7908312
2022-12-11,2,Green_Algae,0.4060463,2.8371
2022-12-12,2,Green_Algae,0.160492,1.7450869
2022-12-13,2,Green_Algae,0.2686097,0.6737339
2022-12-14,2,Green_Algae,0.31757072,0.5854501
2022-12-15,2,Green_Algae,0.41242754,0.5923231
2022-12-16,2,Green_Algae,0.2809631,0.6236875
2022-12-17,2,Green_Algae,0.4638523,0.6812038
2022-12-18,2,Green_Algae,0.48307028,0.5979113
2022-12-19,2,Green_Algae,0.52901447,0.76273745
2022-12-20,2,Green_Algae,0.41270813,0.61009544
2022-12-21,2,Green_Algae,0.39071897,0.72715175
2022-12-22,2,Green_Algae,0.43844205,0.62162155
2022-12-23,2,Green_Algae,0.27015212,0.7403784
2022-12-24,2,Green_Algae,0.26322237,0.6834193
2022-12-25,2,Green_Algae,0.29721218,0.597474
2022-12-26,2,Green_Algae,0.25078148,0.66064984
2022-12-27,2,Green_Algae,0.21856004,0.6460433
2022-12-28,2,Green_Algae,0.15966643,0.6061521
2022-12-29,2,Green_Algae,0.24490596,0.56068707
2022-12-30,2,Green_Algae,0.20376809,0.5523089
2022-12-31,2,Green_Algae,0.2882681,0.6398647
2023-01-01,2,Green_Algae,0.09535451,0.59654593
2023-01-02,2,Green_Algae,0.071312584,0.6799113
2023-01-03,2,Green_Algae,0.036156602,0.4631066
2023-01-04,2,Green_Algae,3.252288,0.5184977
2023-01-05,2,Green_Algae,6.237046,0.44346374
2023-01-06,2,Green_Algae,9.221804,4.074966
2023-01-07,2,Green_Algae,9.225964,6.9232664
2023-01-08,2,Green_Algae,9.2301235,7.961733
2023-01-09,2,Green_Algae,9.234284,8.0078
2023-01-10,2,Green_Algae,9.238444,7.0264373
2023-01-11,2,Green_Algae,9.242605,7.1630936
2023-01-12,2,Green_Algae,8.008986,6.9467835
2023-01-13,2,Green_Algae,9.353083,6.7340937
2023-01-14,2,Green_Algae,6.951903,5.8551407
2023-01-15,2,Green_Algae,3.9082983,6.613561
2023-01-16,2,Green_Algae,3.8983636,5.3354897
2023-01-17,2,Green_Algae,3.6625977,2.2057147
2023-01-18,2,Green_Algae,2.6919782,3.9395072
2023-01-19,2,Green_Algae,2.5106957,3.552581
2023-01-20,2,Green_Algae,2.9152644,2.2379472
2023-01-21,2,Green_Algae,3.6604702,2.5522683
2023-01-22,2,Green_Algae,7.30152,3.259134
2023-01-23,2,Green_Algae,6.2374687,3.8164778
2023-01-24,2,Green_Algae,5.173418,6.3852654
2023-01-25,2,Green_Algae,4.7855973,6.6882963
2023-01-26,2,Green_Algae,4.944407,3.1513906
2023-01-27,2,Green_Algae,5.020905,3.5103352
2023-01-28,2,Green_Algae,4.1378713,3.9464064
2023-01-29,2,Green_Algae,3.5290515,4.3202
2023-01-30,2,Green_Algae,3.2179534,3.0111413
2023-01-31,2,Green_Algae,5.3130965,3.38442
2023-02-01,2,Green_Algae,7.0447626,2.8221996
2023-02-02,2,Green_Algae,9.122445,4.826214
2023-02-03,2,Green_Algae,6.014926,5.812806
2023-02-04,2,Green_Algae,5.961019,6.6422553
2023-02-05,2,Green_Algae,5.907112,4.07233
2023-02-06,2,Green_Algae,5.853205,5.172124
2023-02-07,2,Green_Algae,8.160051,5.0395494
2023-02-08,2,Green_Algae,7.2787995,5.0477104
2023-02-09,2,Green_Algae,6.3975487,6.3035536
2023-02-10,2,Green_Algae,1.4237877,5.373073
2023-02-11,2,Green_Algae,1.1469333,4.316466
2023-02-12,2,Green_Algae,0.77981836,0.9828015
2023-02-13,2,Green_Algae,0.90640306,1.0363585
2023-02-14,2,Green_Algae,0.18429561,0.64511436
2023-02-15,2,Green_Algae,0.09019138,0.7012107
2023-02-16,2,Green_Algae,0.06921226,0.30856833
2023-02-17,2,Green_Algae,0.09716904,0.28444138
2023-02-18,2,Green_Algae,0.5358182,0.24761981
2023-02-19,2,Green_Algae,0.73984677,0.27255902
2023-02-20,2,Green_Algae,0.9485524,0.4902008
2023-02-21,2,Green_Algae,0.88800627,0.5883914
2023-02-22,2,Green_Algae,0.77299947,0.69422853
2023-02-23,2,Green_Algae,0.8697355,0.6669318
2023-02-24,2,Green_Algae,0.9345164,0.6988851
2023-02-25,2,Green_Algae,0.5437155,0.7582519
2023-02-26,2,Green_Algae,0.35603827,0.75109816
2023-02-27,2,Green_Algae,0.2848945,0.5174097
2023-02-28,2,Green_Algae,0.9269008,0.44886437
2023-03-01,2,Green_Algae,1.0543281,0.42281505
2023-03-02,2,Green_Algae,0.82646257,0.8862349
2023-03-03,2,Green_Algae,0.41406226,0.7127871
2023-03-04,2,Green_Algae,0.43284735,0.69352204
2023-03-05,2,Green_Algae,0.34657025,0.5180972
2023-03-06,2,Green_Algae,0.24229686,0.6281584
2023-03-07,2,Green_Algae,0.28762135,0.50739574
2023-03-08,2,Green_Algae,0.23873465,0.4882133
2023-03-09,2,Green_Algae,0.20506701,0.50193185
2023-03-10,2,Green_Algae,0.12347253,0.42889822
2023-03-11,2,Green_Algae,0.08151744,0.46145326
2023-03-12,2,Green_Algae,0.14753455,0.4239271
2023-03-13,2,Green_Algae,0.08237493,0.4304523
2023-03-14,2,Green_Algae,0.036238365,0.4757367
2023-03-15,2,Green_Algae,0.1186852,0.59491915
2023-03-16,2,Green_Algae,0.17207983,0.397989
2023-03-17,2,Green_Algae,0.24798092,0.5054055
2023-03-18,2,Green_Algae,0.23571466,0.5013758
2023-03-19,2,Green_Algae,0.16183792,0.5280742
2023-03-20,2,Green_Algae,0.40782675,0.5115991
2023-03-21,2,Green_Algae,0.101640604,0.48409393
2023-03-22,2,Green_Algae,0.5060475,0.788695
2023-03-23,2,Green_Algae,2.69248,0.41759375
2023-03-24,2,Green_Algae,1.9497765,1.2388313
2023-03-25,2,Green_Algae,1.3316832,3.7105384
2023-03-26,2,Green_Algae,2.578498,1.5912491
2023-03-27,2,Green_Algae,2.0630136,1.0816385
2023-03-28,2,Green_Algae,1.7380223,2.330854
2023-03-29,2,Green_Algae,1.37283,1.1588473
2023-03-30,2,Green_Algae,1.1725881,1.0783347
2023-03-31,2,Green_Algae,0.9683462,1.0805598
2023-04-01,2,Green_Algae,0.71395975,0.8004699
2023-04-02,2,Green_Algae,0.683174,0.7863298
2023-04-03,2,Green_Algae,0.75986,0.7395786
2023-04-04,2,Green_Algae,0.6773602,0.720381
2023-04-05,2,Green_Algae,1.834648,0.7585768
2023-04-06,2,Green_Algae,4.089308,0.81203765
2023-04-07,2,Green_Algae,2.2397137,1.662573
2023-04-08,2,Green_Algae,1.7206718,2.5157526
2023-04-09,2,Green_Algae,1.4219851,1.1177719
2023-04-10,2,Green_Algae,1.2250155,1.3614897
2023-04-11,2,Green_Algae,0.8648579,1.0120788
2023-04-12,2,Green_Algae,0.56595254,0.9716093
2023-04-13,2,Green_Algae,0.50567454,0.8105856
2023-04-14,2,Green_Algae,0.66647476,0.66775256
2023-04-15,2,Green_Algae,1.0466163,0.77575916
2023-04-16,2,Green_Algae,1.2097328,0.96251017
2023-04-17,2,Green_Algae,2.6901345,1.2385732
2023-04-18,2,Green_Algae,2.477803,1.2257113
2023-04-19,2,Green_Algae,2.09581,3.2794785
2023-04-20,2,Green_Algae,1.6294928,2.0761492
2023-04-21,2,Green_Algae,1.3932893,1.9064001
2023-04-22,2,Green_Algae,0.9884703,1.6971972
2023-04-23,2,Green_Algae,0.9850644,1.5632805
2023-04-24,2,Green_Algae,1.0676374,1.1139644
2023-04-25,2,Green_Algae,1.3244078,1.2223922
2023-04-26,2,Green_Algae,0.6416333,1.1595043
2023-04-27,2,Green_Algae,0.27814546,1.4697376
2023-04-28,2,Green_Algae,1.3145058,0.753774
2023-04-29,2,Green_Algae,3.2526584,0.6339523
2023-04-30,2,Green_Algae,3.1499057,1.9680516
2023-05-01,2,Green_Algae,1.6380941,3.2205293
2023-05-02,2,Green_Algae,4.1922054,2.462934
2023-05-03,2,Green_Algae,5.529419,1.22399
2023-05-04,2,Green_Algae,6.2632565,4.502451
2023-05-05,2,Green_Algae,6.8380823,4.9803934
2023-05-06,2,Green_Algae,7.412908,5.855262
2023-05-07,2,Green_Algae,4.079104,7.105496
2023-05-08,2,Green_Algae,2.2593377,6.560399
2023-05-09,2,Green_Algae,1.9581879,2.3659942
2023-05-10,2,Green_Algae,2.4479287,1.7498807
2023-05-11,2,Green_Algae,2.7059772,1.7899519
2023-05-12,2,Green_Algae,2.3598123,1.9550608
2023-05-13,2,Green_Algae,1.7751207,1.7050169
2023-05-14,2,Green_Algae,1.2882135,1.4868464
2023-05-15,2,Green_Algae,1.0123258,1.0895891
2023-05-16,2,Green_Algae,1.0217282,0.9218677
2023-05-17,2,Green_Algae,0.8613485,0.8983769
2023-05-18,2,Green_Algae,1.1611063,1.1059061
2023-05-19,2,Green_Algae,0.9660143,0.8876828
2023-05-20,2,Green_Algae,0.79129213,1.3915565
2023-05-21,2,Green_Algae,1.006314,0.9924884
2023-05-22,2,Green_Algae,0.55901504,1.0538299
2023-05-23,2,Green_Algae,0.46997598,1.3877342
2023-05-24,2,Green_Algae,0.31273833,0.73574334
2023-05-25,2,Green_Algae,0.29093453,0.7982664
2023-05-26,2,Green_Algae,0.25067583,0.6000144
2023-05-27,2,Green_Algae,0.42133546,0.60261893
2023-05-28,2,Green_Algae,1.3887391,0.55896395
2023-05-29,2,Green_Algae,2.5463135,0.76016444
2023-05-30,2,Green_Algae,2.2533908,2.131057
2023-05-31,2,Green_Algae,3.1068542,2.674403
2023-06-01,2,Green_Algae,2.7869723,1.8976134
2023-06-02,2,Green_Algae,2.4034996,3.759757
2023-06-03,2,Green_Algae,1.0539821,2.4256594
2023-06-04,2,Green_Algae,0.93468004,2.1890898
2023-06-05,2,Green_Algae,0.4879697,0.92494375
2023-06-06,2,Green_Algae,0.8998942,1.0240084
2023-06-07,2,Green_Algae,1.3108021,0.63847667
2023-06-08,2,Green_Algae,1.019688,1.1600165
2023-06-09,2,Green_Algae,0.46447587,1.2106491
2023-06-10,2,Green_Algae,0.49861857,0.9576645
2023-06-11,2,Green_Algae,0.61284125,0.6216165
2023-06-12,2,Green_Algae,0.6797172,0.7857737
2023-06-13,2,Green_Algae,0.7083528,0.8073625
2023-06-14,2,Green_Algae,0.35401052,0.83946383
2023-06-15,2,Green_Algae,0.41286027,0.81355876
2023-06-16,2,Green_Algae,0.2804898,0.5072583
2023-06-17,2,Green_Algae,0.2304269,0.66461134
2023-06-18,2,Green_Algae,0.5143521,0.50758153
2023-06-19,2,Green_Algae,0.5725395,0.51102597
2023-06-20,2,Green_Algae,1.4189571,0.8955619
2023-06-21,2,Green_Algae,3.0382833,0.8017163
2023-06-22,2,Green_Algae,3.1065986,1.9446018
2023-06-23,2,Green_Algae,1.9374653,3.1311314
2023-06-24,2,Green_Algae,1.1924785,3.0761356
2023-06-25,2,Green_Algae,1.0128819,1.8249342
2023-06-26,2,Green_Algae,1.2879117,1.3155453
2023-06-27,2,Green_Algae,1.1464972,1.2972244
2023-06-28,2,Green_Algae,4.1690407,1.5882491
2023-06-29,2,Green_Algae,5.1483574,1.2003086
2023-06-30,2,Green_Algae,4.417229,4.9983625
2023-07-01,2,Green_Algae,3.0753262,5.5996323
2023-07-02,2,Green_Algae,2.3679974,4.31289
2023-07-03,2,Green_Algae,3.1175823,3.6070118
2023-07-04,2,Green_Algae,5.006934,2.948998
2023-07-05,2,Green_Algae,6.813222,4.114908
2023-07-06,2,Green_Algae,7.1008797,5.592393
2023-07-07,2,Green_Algae,7.8447523,6.655375
2023-07-08,2,Green_Algae,7.1713324,6.7247744
2023-07-09,2,Green_Algae,7.92671,7.4521375
2023-07-10,2,Green_Algae,7.4939637,7.710245
2023-07-11,2,Green_Algae,5.54597,7.294616
2023-07-12,2,Green_Algae,4.022008,6.2863326
2023-07-13,2,Green_Algae,3.7216525,4.5435085
2023-07-14,2,Green_Algae,2.7944505,4.6696835
2023-07-15,2,Green_Algae,2.0034344,4.4469814
2023-07-16,2,Green_Algae,1.4967204,3.8997295
2023-07-17,2,Green_Algae,1.3990573,2.7570884
2023-07-18,2,Green_Algae,1.0275207,2.5811656
2023-07-19,2,Green_Algae,1.0186292,2.614501
2023-07-20,2,Green_Algae,1.734702,1.8650154
2023-07-21,2,Green_Algae,3.5428689,2.1861734
2023-07-22,2,Green_Algae,8.218171,3.484712
2023-07-23,2,Green_Algae,8.601586,4.7101507
2023-07-24,2,Green_Algae,9.032261,6.7271376
2023-07-25,2,Green_Algae,8.793951,7.3611603
2023-07-26,2,Green_Algae,6.349499,7.1010833
2023-07-27,2,Green_Algae,4.783891,6.672197
2023-07-28,2,Green_Algae,2.371833,4.238549
2023-07-29,2,Green_Algae,1.8697046,4.149347
2023-07-30,2,Green_Algae,2.1430004,2.107692
2023-07-31,2,Green_Algae,2.687552,2.6528926
2023-08-01,2,Green_Algae,2.8441966,3.2796743
2023-08-02,2,Green_Algae,3.3121603,3.0276222
2023-08-03,2,Green_Algae,4.9291377,3.6726553
2023-08-04,2,Green_Algae,5.591187,4.585608
2023-08-05,2,Green_Algae,8.544591,5.884275
2023-08-06,2,Green_Algae,8.778641,6.285124
2023-08-07,2,Green_Algae,9.01269,7.2684264
2023-08-08,2,Green_Algae,9.246739,7.250206
2023-08-09,2,Green_Algae,6.3150916,6.2652044
2023-08-10,2,Green_Algae,5.0038095,6.3277392
2023-08-11,2,Green_Algae,3.3346193,6.036653
2023-08-12,2,Green_Algae,2.5525656,3.9928596
2023-08-13,2,Green_Algae,3.0647385,3.758713
2023-08-14,2,Green_Algae,5.879216,2.8838043
2023-08-15,2,Green_Algae,6.031285,4.3018713
2023-08-16,2,Green_Algae,4.687024,5.7694097
2023-08-17,2,Green_Algae,1.2427475,5.157394
2023-08-18,2,Green_Algae,0.8998853,3.3582234
2023-08-19,2,Green_Algae,0.66447395,1.0265908
2023-08-20,2,Green_Algae,0.51328796,1.135977
2023-08-21,2,Green_Algae,0.45516005,0.8092154
2023-08-22,2,Green_Algae,0.3003116,0.70461386
2023-08-23,2,Green_Algae,0.28055164,0.6632966
2023-08-24,2,Green_Algae,0.2979189,0.49091786
2023-08-25,2,Green_Algae,0.2403409,0.56008905
2023-08-26,2,Green_Algae,0.44934124,0.47207943
2023-08-27,2,Green_Algae,0.41253313,0.5699957
2023-08-28,2,Green_Algae,0.5238057,0.62000257
2023-08-29,2,Green_Algae,1.458634,0.6247825
2023-08-30,2,Green_Algae,0.76870924,0.68781793
2023-08-31,2,Green_Algae,1.4702122,1.1676071
2023-09-01,2,Green_Algae,0.9918718,0.6212738
2023-09-02,2,Green_Algae,0.91562474,1.4174232
2023-09-03,2,Green_Algae,0.70573056,0.7176065
2023-09-04,2,Green_Algae,0.6742999,0.8950107
2023-09-05,2,Green_Algae,1.3842525,0.7249013
2023-09-06,2,Green_Algae,4.9435377,0.7169526
2023-09-07,2,Green_Algae,3.897788,1.0513076
2023-09-08,2,Green_Algae,1.5145657,3.1406422
2023-09-09,2,Green_Algae,0.6406925,1.4388443
2023-09-10,2,Green_Algae,0.33638895,0.79449314
2023-09-11,2,Green_Algae,0.10094779,0.6437293
2023-09-12,2,Green_Algae,0.09816431,0.59159696
2023-09-13,2,Green_Algae,0.2952668,0.3979931
2023-09-14,2,Green_Algae,0.7073095,0.4659937
2023-09-15,2,Green_Algae,1.220801,0.4981296
2023-09-16,2,Green_Algae,0.82873017,0.8066361
2023-09-17,2,Green_Algae,0.7083514,1.1298524
2023-09-18,2,Green_Algae,1.3472247,0.7209604
2023-09-19,2,Green_Algae,1.9606476,0.8728107
2023-09-20,2,Green_Algae,3.1551094,1.5206597
2023-09-21,2,Green_Algae,4.03383,1.7505009
2023-09-22,2,Green_Algae,3.11515,3.4516718
2023-09-23,2,Green_Algae,3.0413108,3.6325908
2023-09-24,2,Green_Algae,3.025897,3.0396705
2023-09-25,2,Green_Algae,2.150364,3.2027242
2023-09-26,2,Green_Algae,2.4681423,2.8217113
2023-09-27,2,Green_Algae,2.4991379,2.1567676
2023-09-28,2,Green_Algae,2.2806215,2.696825
2023-09-29,2,Green_Algae,1.9233941,2.3175905
2023-09-30,2,Green_Algae,1.7363886,2.2280016
2023-10-01,2,Green_Algae,2.0806055,1.9602091
2023-10-02,2,Green_Algae,1.3755308,1.5830039
2023-10-03,2,Green_Algae,1.3721676,2.2594974
2023-10-04,2,Green_Algae,1.5986129,1.2444768
2023-10-05,2,Green_Algae,1.1944014,1.4297991
2023-10-06,2,Green_Algae,0.4352867,1.5439684
2023-10-07,2,Green_Algae,0.038954273,1.0242367
2023-10-08,2,Green_Algae,0.005254514,0.56141394
2023-10-09,2,Green_Algae,0.00022059257,0.40068102
2023-10-10,2,Green_Algae,0.07396206,0.3585858
2023-10-11,2,Green_Algae,0.0044502877,0.37264416
2023-10-12,2,Green_Algae,0.21425903,0.38999647
2023-10-13,2,Green_Algae,0.4240678,0.34615794
2023-10-14,2,Green_Algae,1.2040071,0.57330114
2023-10-15,2,Green_Algae,1.538577,0.6147446
2023-10-16,2,Green_Algae,0.91931796,1.4040937
2023-10-17,2,Green_Algae,0.49678364,1.2170079
2023-10-18,2,Green_Algae,0.27720237,0.794385
2023-10-19,2,Green_Algae,0.060109414,0.59580505
2023-10-20,2,Green_Algae,0.0003220112,0.44303313
2023-10-21,2,Green_Algae,0.0012375681,0.28924555
2023-10-22,2,Green_Algae,0.0032772026,0.24182096
2023-10-23,2,Green_Algae,0.0053168214,0.19684136
2023-10-24,2,Green_Algae,0.0073564914,0.16589211
2023-10-25,2,Green_Algae,0.009396112,0.17358506
2023-10-26,2,Green_Algae,0.01143575,0.15417516
2023-10-27,2,Green_Algae,0.00014706633,0.1639901
2023-10-28,2,Green_Algae,0.00014947286,0.15317333
2023-10-29,2,Green_Algae,0.00015179641,0.12755066
2023-10-30,2,Green_Algae,0.0036961709,0.14345567
2023-10-31,2,Green_Algae,5.8028803e-05,0.16735432
2023-11-01,2,Green_Algae,0.005072786,0.20004769
2023-11-02,2,Green_Algae,0.009415459,0.20962287
2023-11-03,2,Green_Algae,0.23354869,0.22959453
2023-11-04,2,Green_Algae,0.19017506,0.20998384
2023-11-05,2,Green_Algae,0.29466212,0.2927817
2023-11-06,2,Green_Algae,0.52662814,0.2811944
2023-11-07,2,Green_Algae,0.14937869,0.3877239
2023-11-08,2,Green_Algae,0.051346254,0.36962733
2023-11-09,2,Green_Algae,0.0022525839,0.2591365
2023-11-10,2,Green_Algae,0.0037495536,0.25731385
2023-11-11,2,Green_Algae,0.00026789785,0.25693563
2023-11-12,2,Green_Algae,0.00030059792,0.3243065
2023-11-13,2,Green_Algae,0.00033329905,0.28992382
2023-11-14,2,Green_Algae,0.014367214,0.39846593
2023-11-15,2,Green_Algae,0.03973635,0.31340018
2023-11-16,2,Green_Algae,0.08579548,0.37855637
2023-11-17,2,Green_Algae,0.023645498,0.3879776
2023-11-18,2,Green_Algae,0.012744074,0.4062514
2023-11-19,2,Green_Algae,0.013970377,0.35597774
2023-11-20,2,Green_Algae,0.045104496,0.42088714
2023-11-21,2,Green_Algae,0.14602937,0.34239557
2023-11-22,2,Green_Algae,0.18774286,0.38801318
2023-11-23,2,Green_Algae,0.12678686,0.38168514
2023-11-24,2,Green_Algae,0.06583095,0.377312
2023-11-25,2,Green_Algae,0.0048749987,0.36524943
2023-11-26,2,Green_Algae,0.01300342,0.29969278
2023-11-27,2,Green_Algae,0.0009985091,0.2819786
2023-11-28,2,Green_Algae,0.3965642,0.29307488
2023-11-29,2,Green_Algae,0.7921298,0.2951345
2023-11-30,2,Green_Algae,1.1876955,0.52762306
2023-12-01,2,Green_Algae,0.5417547,0.97009224
2023-12-02,2,Green_Algae,0.28317368,0.9672295
2023-12-03,2,Green_Algae,0.26998764,0.45418653
2023-12-04,2,Green_Algae,0.041641086,0.42382726
2023-12-05,2,Green_Algae,0.007523836,0.40212378
2023-12-06,2,Green_Algae,0.0014946325,0.27203467
2023-12-07,2,Green_Algae,0.051200677,0.26542196
2023-12-08,2,Green_Algae,0.031184377,0.22680487
2023-12-09,2,Green_Algae,0.320014,0.234986
2023-12-10,2,Green_Algae,0.19122079,0.24835084
2023-12-11,2,Green_Algae,0.9545549,0.49189273
2023-12-12,2,Green_Algae,2.0166812,0.33953413
2023-12-13,2,Green_Algae,1.8324066,1.280458
2023-12-14,2,Green_Algae,1.3901647,2.0101805
2023-12-15,2,Green_Algae,2.1495306,1.1285968
2023-12-16,2,Green_Algae,1.2279633,0.99858683
2023-12-17,2,Green_Algae,0.5186076,1.3132881
2023-12-18,2,Green_Algae,0.2195702,0.69713783
2023-12-19,2,Green_Algae,0.2801519,0.45107114
2023-12-20,2,Green_Algae,0.20370297,0.38438055
2023-12-21,2,Green_Algae,0.061779305,0.44920534
2023-12-22,2,Green_Algae,0.047017764,0.34407514
2023-12-23,2,Green_Algae,0.0322563,0.3072753
2023-12-24,2,Green_Algae,0.017494831,0.33055192
2023-12-25,2,Green_Algae,0.0027333545,0.30298308
2023-12-26,2,Green_Algae,0.0019698853,0.30256182
2023-12-27,2,Green_Algae,1.632065,0.27932686
2023-12-28,2,Green_Algae,2.6889994,0.26280642
2020-10-30,3,Green_Algae,12.17853,4.7549014
2020-10-31,3,Green_Algae,6.110087,6.419308
2020-11-01,3,Green_Algae,7.4780245,7.6164255
2020-11-02,3,Green_Algae,7.0332804,7.9882193
2020-11-03,3,Green_Algae,4.4513035,4.4956017
2020-11-04,3,Green_Algae,4.2465425,6.331893
2020-11-05,3,Green_Algae,3.1390948,5.9798813
2020-11-06,3,Green_Algae,4.8471107,3.7385037
2020-11-07,3,Green_Algae,8.74932,4.5451617
2020-11-08,3,Green_Algae,3.445326,3.5655963
2020-11-09,3,Green_Algae,2.8215373,5.2091155
2020-11-10,3,Green_Algae,2.7152398,6.9064364
2020-11-11,3,Green_Algae,2.8748477,2.996952
2020-11-12,3,Green_Algae,2.8452773,3.2564492
2020-11-13,3,Green_Algae,3.2272646,3.1734781
2020-11-14,3,Green_Algae,4.012611,3.561359
2020-11-15,3,Green_Algae,3.7066593,3.6513226
2020-11-16,3,Green_Algae,7.032859,3.8622837
2020-11-17,3,Green_Algae,7.8307257,4.1535745
2020-11-18,3,Green_Algae,7.7718787,4.2291665
2020-11-19,3,Green_Algae,8.549044,6.2722898
2020-11-20,3,Green_Algae,9.32621,6.699361
2020-11-21,3,Green_Algae,7.3450155,6.5044227
2020-11-22,3,Green_Algae,8.40237,7.3382
2020-11-23,3,Green_Algae,5.0805078,6.8267684
2020-11-24,3,Green_Algae,4.5977955,5.9164314
2020-11-25,3,Green_Algae,4.178378,6.785501
2020-11-26,3,Green_Algae,8.567597,4.431985
2020-11-27,3,Green_Algae,5.6399274,4.5270953
2020-11-28,3,Green_Algae,4.2971926,4.244539
2020-11-29,3,Green_Algae,4.177417,6.83246
2020-11-30,3,Green_Algae,2.1808684,5.1810107
2020-12-01,3,Green_Algae,2.1362128,3.8033705
2020-12-02,3,Green_Algae,2.365832,4.4922123
2020-12-03,3,Green_Algae,1.8928292,2.1571581
2020-12-04,3,Green_Algae,2.1390448,2.8161685
2020-12-05,3,Green_Algae,1.6092981,2.9382288
2020-12-06,3,Green_Algae,1.7672431,2.4582727
2020-12-07,3,Green_Algae,2.0092976,2.6186433
2020-12-08,3,Green_Algae,2.0687907,2.2276688
2020-12-09,3,Green_Algae,2.93475,2.4818513
2020-12-10,3,Green_Algae,2.2710211,2.698865
2020-12-11,3,Green_Algae,1.7623245,2.376998
2020-12-12,3,Green_Algae,3.7399058,4.015306
2020-12-13,3,Green_Algae,7.407639,2.9046247
2020-12-14,3,Green_Algae,1.9868814,2.1073983
2020-12-15,3,Green_Algae,1.3638422,4.3389153
2020-12-16,3,Green_Algae,1.3426266,6.6289735
2020-12-17,3,Green_Algae,1.2532657,1.9756011
2020-12-18,3,Green_Algae,1.2750503,2.1096282
2020-12-19,3,Green_Algae,1.6216208,2.1136827
2020-12-20,3,Green_Algae,2.156505,1.9867144
2020-12-21,3,Green_Algae,1.9927878,2.0184376
2020-12-22,3,Green_Algae,1.9692179,2.4532773
2020-12-23,3,Green_Algae,2.3798406,2.9850159
2020-12-24,3,Green_Algae,3.1014483,2.8084798
2020-12-25,3,Green_Algae,2.8246055,2.9458447
2020-12-26,3,Green_Algae,2.7126286,4.044896
2020-12-27,3,Green_Algae,3.4823534,3.8206232
2020-12-28,3,Green_Algae,8.607523,3.3809977
2020-12-29,3,Green_Algae,8.2660055,3.6015532
2020-12-30,3,Green_Algae,7.924486,4.5704107
2020-12-31,3,Green_Algae,6.428473,7.1330314
2021-01-01,3,Green_Algae,2.98945,7.897375
2021-01-02,3,Green_Algae,1.3053657,5.763195
2021-01-03,3,Green_Algae,1.2917366,5.7040277
2021-01-04,3,Green_Algae,1.1487111,2.5935795
2021-01-05,3,Green_Algae,1.2107966,1.9112645
2021-01-06,3,Green_Algae,1.9978639,2.3510623
2021-01-07,3,Green_Algae,3.2746053,2.0666695
2021-01-08,3,Green_Algae,1.283966,2.1368997
2021-01-09,3,Green_Algae,1.3706295,3.0641246
2021-01-10,3,Green_Algae,0.95188135,3.7001493
2021-01-11,3,Green_Algae,1.2131643,1.5721134
2021-01-12,3,Green_Algae,2.0453835,2.0686803
2021-01-13,3,Green_Algae,2.094508,1.5228971
2021-01-14,3,Green_Algae,2.0917065,1.7716514
2021-01-15,3,Green_Algae,1.7256553,2.5582993
2021-01-16,3,Green_Algae,2.0362563,2.5190601
2021-01-17,3,Green_Algae,3.533249,2.8769956
2021-01-18,3,Green_Algae,3.6137555,2.5206077
2021-01-19,3,Green_Algae,3.1941895,3.187108
2021-01-20,3,Green_Algae,4.403502,3.5234914
2021-01-21,3,Green_Algae,5.758683,3.518187
2021-01-22,3,Green_Algae,6.35937,3.4649932
2021-01-23,3,Green_Algae,8.876309,5.4653044
2021-01-24,3,Green_Algae,5.43191,5.9760213
2021-01-25,3,Green_Algae,6.235949,5.7481184
2021-01-26,3,Green_Algae,6.5830173,6.711515
2021-01-27,3,Green_Algae,7.649797,4.2941484
2021-01-28,3,Green_Algae,5.225948,5.8226953
2021-01-29,3,Green_Algae,7.1872573,5.4183397
2021-01-30,3,Green_Algae,7.827323,5.9270372
2021-01-31,3,Green_Algae,6.1937,4.7773223
2021-02-01,3,Green_Algae,5.721615,5.859545
2021-02-02,3,Green_Algae,5.1455975,5.9253783
2021-02-03,3,Green_Algae,4.142368,5.2895966
2021-02-04,3,Green_Algae,4.6842937,5.5950804
2021-02-05,3,Green_Algae,4.7972736,5.207665
2021-02-06,3,Green_Algae,4.5424547,4.2871547
2021-02-07,3,Green_Algae,4.4105067,5.195522
2021-02-08,3,Green_Algae,4.6066475,5.4657393
2021-02-09,3,Green_Algae,5.280211,5.175272
2021-02-10,3,Green_Algae,7.288978,5.0167165
2021-02-11,3,Green_Algae,4.65887,5.1399035
2021-02-12,3,Green_Algae,3.413034,5.4679418
2021-02-13,3,Green_Algae,8.17764,5.9473004
2021-02-14,3,Green_Algae,5.1429377,4.167837
2021-02-15,3,Green_Algae,4.1539435,4.2192707
2021-02-16,3,Green_Algae,4.581317,6.773481
2021-02-17,3,Green_Algae,4.9817367,5.72756
2021-02-18,3,Green_Algae,3.35322,4.680312
2021-02-19,3,Green_Algae,4.2448187,5.3155875
2021-02-20,3,Green_Algae,4.0317235,5.0149684
2021-02-21,3,Green_Algae,4.087482,4.0047874
2021-02-22,3,Green_Algae,3.9634469,5.237924
2021-02-23,3,Green_Algae,4.5633674,4.3679304
2021-02-24,3,Green_Algae,4.220355,4.746354
2021-02-25,3,Green_Algae,5.1449275,4.354816
2021-02-26,3,Green_Algae,5.1236477,4.7254567
2021-02-27,3,Green_Algae,4.096351,4.2628837
2021-02-28,3,Green_Algae,3.4184105,5.089606
2021-03-01,3,Green_Algae,2.6066442,4.8676224
2021-03-02,3,Green_Algae,2.469205,3.8201628
2021-03-03,3,Green_Algae,3.3989074,3.603276
2021-03-04,3,Green_Algae,2.2061434,2.601745
2021-03-05,3,Green_Algae,0.93730825,3.0357318
2021-03-06,3,Green_Algae,0.17130968,4.303041
2021-03-07,3,Green_Algae,0.21163534,2.3831728
2021-03-08,3,Green_Algae,0.51324403,1.5660597
2021-03-09,3,Green_Algae,0.7416932,0.9430312
2021-03-10,3,Green_Algae,1.1518161,1.070105
2021-03-11,3,Green_Algae,3.0430608,1.5187583
2021-03-12,3,Green_Algae,5.624233,1.6353482
2021-03-13,3,Green_Algae,9.781874,2.6509993
2021-03-14,3,Green_Algae,6.138524,4.83271
2021-03-15,3,Green_Algae,5.632489,6.580322
2021-03-16,3,Green_Algae,4.6865773,7.97609
2021-03-17,3,Green_Algae,4.3283215,5.214721
2021-03-18,3,Green_Algae,3.7387772,5.145806
2021-03-19,3,Green_Algae,2.8026774,4.459248
2021-03-20,3,Green_Algae,3.1857598,3.8092866
2021-03-21,3,Green_Algae,2.456903,3.8198895
2021-03-22,3,Green_Algae,0.9018451,3.1165392
2021-03-23,3,Green_Algae,0.6790297,3.623514
2021-03-24,3,Green_Algae,1.005638,2.742214
2021-03-25,3,Green_Algae,0.83578366,1.6913162
2021-03-26,3,Green_Algae,1.0689725,1.763753
2021-03-27,3,Green_Algae,1.7590731,2.0099254
2021-03-28,3,Green_Algae,4.083432,1.763477
2021-03-29,3,Green_Algae,7.1401954,2.3320284
2021-03-30,3,Green_Algae,10.209595,3.3839514
2021-03-31,3,Green_Algae,10.649694,5.448772
2021-04-01,3,Green_Algae,9.618863,7.2644606
2021-04-02,3,Green_Algae,9.679638,8.256661
2021-04-03,3,Green_Algae,8.492021,8.106989
2021-04-04,3,Green_Algae,5.522469,6.3579903
2021-04-05,3,Green_Algae,3.8875976,5.6737413
2021-04-06,3,Green_Algae,3.7225616,5.6677113
2021-04-07,3,Green_Algae,4.1317596,4.10141
2021-04-08,3,Green_Algae,3.7241824,3.683677
2021-04-09,3,Green_Algae,2.9264905,4.005621
2021-04-10,3,Green_Algae,3.0117583,4.3627343
2021-04-11,3,Green_Algae,3.7558973,3.7588472
2021-04-12,3,Green_Algae,7.548631,3.5684137
2021-04-13,3,Green_Algae,8.276589,3.9240003
2021-04-14,3,Green_Algae,7.5179367,4.7219286
2021-04-15,3,Green_Algae,7.9862165,6.866711
2021-04-16,3,Green_Algae,8.454495,7.815083
2021-04-17,3,Green_Algae,10.411622,7.0237236
2021-04-18,3,Green_Algae,8.3863945,6.726269
2021-04-19,3,Green_Algae,7.374504,6.686599
2021-04-20,3,Green_Algae,7.4743953,7.782114
2021-04-21,3,Green_Algae,7.563512,6.6170855
2021-04-22,3,Green_Algae,9.42714,6.103024
2021-04-23,3,Green_Algae,9.938813,6.010372
2021-04-24,3,Green_Algae,9.186256,6.0750294
2021-04-25,3,Green_Algae,13.211926,7.1946387
2021-04-26,3,Green_Algae,11.542995,7.9862604
2021-04-27,3,Green_Algae,8.482055,8.077508
2021-04-28,3,Green_Algae,4.98898,8.209957
2021-04-29,3,Green_Algae,3.1451302,6.6045346
2021-04-30,3,Green_Algae,3.3468668,5.1279616
2021-05-01,3,Green_Algae,8.648813,3.908087
2021-05-02,3,Green_Algae,10.776056,3.465846
2021-05-03,3,Green_Algae,10.448346,4.0563264
2021-05-04,3,Green_Algae,5.103333,6.446003
2021-05-05,3,Green_Algae,5.319554,7.4322414
2021-05-06,3,Green_Algae,6.643535,7.6890717
2021-05-07,3,Green_Algae,6.72064,4.8164916
2021-05-08,3,Green_Algae,10.374625,5.3870645
2021-05-09,3,Green_Algae,12.880029,6.286543
2021-05-10,3,Green_Algae,9.980102,6.1729918
2021-05-11,3,Green_Algae,10.452174,7.5952272
2021-05-12,3,Green_Algae,10.924248,8.616911
2021-05-13,3,Green_Algae,11.39632,8.003516
2021-05-14,3,Green_Algae,11.868393,8.4507
2021-05-15,3,Green_Algae,10.393691,8.64474
2021-05-16,3,Green_Algae,7.7878942,9.231864
2021-05-17,3,Green_Algae,7.7099423,8.0613575
2021-05-18,3,Green_Algae,7.9545946,6.786766
2021-05-19,3,Green_Algae,6.14866,6.1042366
2021-05-20,3,Green_Algae,6.4745946,6.5775657
2021-05-21,3,Green_Algae,6.249631,7.0755386
2021-05-22,3,Green_Algae,9.313534,5.4411597
2021-05-23,3,Green_Algae,8.771644,6.093234
2021-05-24,3,Green_Algae,12.235818,5.9014072
2021-05-25,3,Green_Algae,7.2883067,7.218654
2021-05-26,3,Green_Algae,7.12322,6.554835
2021-05-27,3,Green_Algae,13.128756,7.817888
2021-05-28,3,Green_Algae,12.951473,6.024189
2021-05-29,3,Green_Algae,12.77419,6.2595253
2021-05-30,3,Green_Algae,4.561085,7.9069667
2021-05-31,3,Green_Algae,2.984026,8.425251
2021-06-01,3,Green_Algae,3.477842,7.497132
2021-06-02,3,Green_Algae,3.0301087,3.5125587
2021-06-03,3,Green_Algae,2.9474874,3.2135515
2021-06-04,3,Green_Algae,3.87105,3.431553
2021-06-05,3,Green_Algae,3.5815134,3.1046083
2021-06-06,3,Green_Algae,3.5015206,3.2924132
2021-06-07,3,Green_Algae,4.0479884,4.28106
2021-06-08,3,Green_Algae,5.4210563,3.734569
2021-06-09,3,Green_Algae,3.706534,4.1635346
2021-06-10,3,Green_Algae,5.004493,4.4002967
2021-06-11,3,Green_Algae,6.557851,5.6578546
2021-06-12,3,Green_Algae,10.4747505,3.8968582
2021-06-13,3,Green_Algae,11.396228,5.32213
2021-06-14,3,Green_Algae,12.317705,5.923489
2021-06-15,3,Green_Algae,12.765958,7.2127995
2021-06-16,3,Green_Algae,13.214211,7.7727957
2021-06-17,3,Green_Algae,13.662464,7.7746577
2021-06-18,3,Green_Algae,14.110718,8.747824
2021-06-19,3,Green_Algae,12.694961,9.25308
2021-06-20,3,Green_Algae,13.068725,9.1587715
2021-06-21,3,Green_Algae,6.759349,8.3170595
2021-06-22,3,Green_Algae,4.531797,7.7357526
2021-06-23,3,Green_Algae,4.704233,8.00616
2021-06-24,3,Green_Algae,4.3103833,5.225861
2021-06-25,3,Green_Algae,4.245991,4.476422
2021-06-26,3,Green_Algae,3.8047178,5.0920753
2021-06-27,3,Green_Algae,9.500919,5.127628
2021-06-28,3,Green_Algae,14.259275,5.2463427
2021-06-29,3,Green_Algae,13.726238,4.2636175
2021-06-30,3,Green_Algae,10.054623,6.9954805
2021-07-01,3,Green_Algae,10.233351,8.145058
2021-07-02,3,Green_Algae,11.377681,7.8685775
2021-07-03,3,Green_Algae,13.92809,6.2509995
2021-07-04,3,Green_Algae,9.610976,7.3798075
2021-07-05,3,Green_Algae,13.8032055,7.858273
2021-07-06,3,Green_Algae,12.07648,8.595986
2021-07-07,3,Green_Algae,9.815504,6.801348
2021-07-08,3,Green_Algae,10.952688,8.257904
2021-07-09,3,Green_Algae,5.504181,7.6638536
2021-07-10,3,Green_Algae,6.883577,6.8695116
2021-07-11,3,Green_Algae,6.383121,7.8869944
2021-07-12,3,Green_Algae,8.041389,4.2543116
2021-07-13,3,Green_Algae,7.1555495,6.25315
2021-07-14,3,Green_Algae,7.182688,6.2885547
2021-07-15,3,Green_Algae,7.2098265,7.1117983
2021-07-16,3,Green_Algae,7.2369647,6.6150365
2021-07-17,3,Green_Algae,7.2641034,7.7294364
2021-07-18,3,Green_Algae,7.291241,7.875194
2021-07-19,3,Green_Algae,7.3183794,7.8517056
2021-07-20,3,Green_Algae,7.345518,8.070198
2021-07-21,3,Green_Algae,4.656155,7.424252
2021-07-22,3,Green_Algae,5.656749,6.3699107
2021-07-23,3,Green_Algae,11.975569,5.5545807
2021-07-24,3,Green_Algae,13.560905,4.5555234
2021-07-25,3,Green_Algae,13.088494,5.6369286
2021-07-26,3,Green_Algae,11.472322,7.8493314
2021-07-27,3,Green_Algae,9.366954,8.835275
2021-07-28,3,Green_Algae,6.655246,8.839259
2021-07-29,3,Green_Algae,7.9549346,7.630985
2021-07-30,3,Green_Algae,7.1069007,6.5366955
2021-07-31,3,Green_Algae,8.990673,4.8589168
2021-08-01,3,Green_Algae,10.385311,6.6498075
2021-08-02,3,Green_Algae,10.719529,6.6180177
2021-08-03,3,Green_Algae,7.1092253,6.9795794
2021-08-04,3,Green_Algae,4.9593773,6.9606247
2021-08-05,3,Green_Algae,3.0356264,6.5384064
2021-08-06,3,Green_Algae,2.0601811,5.556072
2021-08-07,3,Green_Algae,2.8934517,4.6561756
2021-08-08,3,Green_Algae,3.3419957,2.8606899
2021-08-09,3,Green_Algae,3.5262926,2.549785
2021-08-10,3,Green_Algae,2.9024384,3.385983
2021-08-11,3,Green_Algae,3.434081,3.9041486
2021-08-12,3,Green_Algae,4.609233,4.278716
2021-08-13,3,Green_Algae,4.0192776,3.395291
2021-08-14,3,Green_Algae,7.171199,4.3372483
2021-08-15,3,Green_Algae,10.603491,5.482096
2021-08-16,3,Green_Algae,8.529735,4.18893
2021-08-17,3,Green_Algae,6.9491796,6.32477
2021-08-18,3,Green_Algae,8.951539,7.7160597
2021-08-19,3,Green_Algae,11.542151,6.9763074
2021-08-20,3,Green_Algae,10.700407,5.4635987
2021-08-21,3,Green_Algae,7.8352175,7.0752263
2021-08-22,3,Green_Algae,12.8495455,7.8638124
2021-08-23,3,Green_Algae,13.118637,8.120387
2021-08-24,3,Green_Algae,10.933848,6.5764165
2021-08-25,3,Green_Algae,12.0906725,8.13514
2021-08-26,3,Green_Algae,10.43034,8.648173
2021-08-27,3,Green_Algae,9.773435,7.345302
2021-08-28,3,Green_Algae,8.390406,8.286372
2021-08-29,3,Green_Algae,7.821752,7.1204095
2021-08-30,3,Green_Algae,6.5187182,6.3600183
2021-08-31,3,Green_Algae,5.8044934,6.037934
2021-09-01,3,Green_Algae,5.0743923,6.1840415
2021-09-02,3,Green_Algae,4.311918,5.4594107
2021-09-03,3,Green_Algae,3.3487916,5.9970064
2021-09-04,3,Green_Algae,4.701462,5.409678
2021-09-05,3,Green_Algae,5.0674095,4.4343233
2021-09-06,3,Green_Algae,3.518864,3.8592143
2021-09-07,3,Green_Algae,3.1971326,5.504227
2021-09-08,3,Green_Algae,3.5374892,5.526173
2021-09-09,3,Green_Algae,6.4463677,3.6639485
2021-09-10,3,Green_Algae,6.842923,4.142615
2021-09-11,3,Green_Algae,8.631598,4.5611444
2021-09-12,3,Green_Algae,8.282877,6.1233892
2021-09-13,3,Green_Algae,7.9341564,5.576294
2021-09-14,3,Green_Algae,7.505728,6.561847
2021-09-15,3,Green_Algae,4.8467994,6.677245
2021-09-16,3,Green_Algae,4.3901086,6.4449725
2021-09-17,3,Green_Algae,3.1355467,6.2461524
2021-09-18,3,Green_Algae,2.5354092,4.318688
2021-09-19,3,Green_Algae,2.8781462,4.461249
2021-09-20,3,Green_Algae,2.8740985,3.431949
2021-09-21,3,Green_Algae,2.339877,3.6918404
2021-09-22,3,Green_Algae,3.6420565,4.0544477
2021-09-23,3,Green_Algae,3.4891088,4.0590334
2021-09-24,3,Green_Algae,3.0315206,3.1616292
2021-09-25,3,Green_Algae,2.7386677,4.854162
2021-09-26,3,Green_Algae,2.8449023,4.2822065
2021-09-27,3,Green_Algae,2.898798,3.7006505
2021-09-28,3,Green_Algae,2.80811,3.5447953
2021-09-29,3,Green_Algae,3.1477988,3.585479
2021-09-30,3,Green_Algae,3.8165677,3.730188
2021-10-01,3,Green_Algae,2.884149,3.8093865
2021-10-02,3,Green_Algae,2.3285825,4.125171
2021-10-03,3,Green_Algae,2.7246957,4.3361273
2021-10-04,3,Green_Algae,2.9625897,3.5107355
2021-10-05,3,Green_Algae,3.2004838,3.482598
2021-10-06,3,Green_Algae,3.4383776,4.34845
2021-10-07,3,Green_Algae,3.6762717,4.2149067
2021-10-08,3,Green_Algae,3.9141655,4.277667
2021-10-09,3,Green_Algae,4.1520596,4.1116295
2021-10-10,3,Green_Algae,4.3899536,4.501798
2021-10-11,3,Green_Algae,4.6278477,4.8137255
2021-10-12,3,Green_Algae,4.9418287,4.6307383
2021-10-13,3,Green_Algae,4.673613,4.6164665
2021-10-14,3,Green_Algae,4.5442286,4.632224
2021-10-15,3,Green_Algae,8.768624,5.113577
2021-10-16,3,Green_Algae,8.054786,4.765135
2021-10-17,3,Green_Algae,3.8535652,4.6874633
2021-10-18,3,Green_Algae,3.6656222,6.60931
2021-10-19,3,Green_Algae,3.690036,6.103471
2021-10-20,3,Green_Algae,3.5357091,3.0453649
2021-10-21,3,Green_Algae,3.6526122,4.159678
2021-10-22,3,Green_Algae,3.1038206,4.1616406
2021-10-23,3,Green_Algae,2.7547975,3.7782788
2021-10-24,3,Green_Algae,2.6743922,4.2307444
2021-10-25,3,Green_Algae,2.6642506,3.7394714
2021-10-26,3,Green_Algae,3.2695441,3.692844
2021-10-27,3,Green_Algae,6.4926195,4.0038567
2021-10-28,3,Green_Algae,8.997244,3.763648
2021-10-29,3,Green_Algae,9.55448,4.7295775
2021-10-30,3,Green_Algae,6.1581116,6.8646183
2021-10-31,3,Green_Algae,5.569472,8.057847
2021-11-01,3,Green_Algae,4.880246,7.857469
2021-11-02,3,Green_Algae,6.240745,4.995348
2021-11-03,3,Green_Algae,7.868003,5.5830874
2021-11-04,3,Green_Algae,5.39335,5.201795
2021-11-05,3,Green_Algae,2.8083358,6.4237137
2021-11-06,3,Green_Algae,4.1119175,7.106373
2021-11-07,3,Green_Algae,5.8138523,5.4455647
2021-11-08,3,Green_Algae,5.6319323,2.7956667
2021-11-09,3,Green_Algae,4.463618,5.3334856
2021-11-10,3,Green_Algae,5.127321,6.340655
2021-11-11,3,Green_Algae,3.3585093,5.682108
2021-11-12,3,Green_Algae,2.6787329,4.8383965
2021-11-13,3,Green_Algae,2.9060419,5.560454
2021-11-14,3,Green_Algae,2.3626916,3.5378628
2021-11-15,3,Green_Algae,2.3225126,3.425865
2021-11-16,3,Green_Algae,2.5409632,3.9474595
2021-11-17,3,Green_Algae,2.2751682,2.932577
2021-11-18,3,Green_Algae,1.9986252,3.1398563
2021-11-19,3,Green_Algae,1.6795293,3.375776
2021-11-20,3,Green_Algae,1.8916438,3.0060668
2021-11-21,3,Green_Algae,2.7642143,2.7710133
2021-11-22,3,Green_Algae,3.023097,2.1854491
2021-11-23,3,Green_Algae,1.7613965,2.5122654
2021-11-24,3,Green_Algae,1.8678365,3.6470556
2021-11-25,3,Green_Algae,1.7351195,3.2673259
2021-11-26,3,Green_Algae,1.7887771,1.9997206
2021-11-27,3,Green_Algae,1.8194356,2.673332
2021-11-28,3,Green_Algae,2.1925688,2.3620317
2021-11-29,3,Green_Algae,2.8506155,2.501494
2021-11-30,3,Green_Algae,3.7936785,2.6359997
2021-12-01,3,Green_Algae,3.2888849,2.8917382
2021-12-02,3,Green_Algae,3.20601,3.7387304
2021-12-03,3,Green_Algae,3.1972845,4.446468
2021-12-04,3,Green_Algae,2.9100072,3.4135056
2021-12-05,3,Green_Algae,3.0636685,3.4933355
2021-12-06,3,Green_Algae,3.0413218,3.6432655
2021-12-07,3,Green_Algae,2.8179595,3.2431514
2021-12-08,3,Green_Algae,2.9317937,3.3643136
2021-12-09,3,Green_Algae,2.873556,3.4553916
2021-12-10,3,Green_Algae,3.0364544,3.134203
2021-12-11,3,Green_Algae,3.930644,3.3740838
2021-12-12,3,Green_Algae,3.436191,3.5064943
2021-12-13,3,Green_Algae,3.863864,3.4483073
2021-12-14,3,Green_Algae,4.217301,4.493634
2021-12-15,3,Green_Algae,4.429001,3.4068367
2021-12-16,3,Green_Algae,4.6556263,4.343607
2021-12-17,3,Green_Algae,4.838226,4.7311497
2021-12-18,3,Green_Algae,4.1352496,5.0301147
2021-12-19,3,Green_Algae,3.6960173,4.8846793
2021-12-20,3,Green_Algae,3.0439653,4.2305565
2021-12-21,3,Green_Algae,2.7047684,3.8626933
2021-12-22,3,Green_Algae,4.257923,3.9361508
2021-12-23,3,Green_Algae,3.2951374,3.2695246
2021-12-24,3,Green_Algae,2.3909624,3.317889
2021-12-25,3,Green_Algae,2.1861448,4.2210007
2021-12-26,3,Green_Algae,1.7530535,4.3785834
2021-12-27,3,Green_Algae,1.9872879,3.246014
2021-12-28,3,Green_Algae,2.2317348,2.9135244
2021-12-29,3,Green_Algae,2.0643368,2.6286829
2021-12-30,3,Green_Algae,1.9601592,2.932207
2021-12-31,3,Green_Algae,2.126949,3.2751637
2022-01-01,3,Green_Algae,2.2531767,2.7074163
2022-01-02,3,Green_Algae,2.1239364,3.2712123
2022-01-03,3,Green_Algae,2.5416799,2.8068376
2022-01-04,3,Green_Algae,3.3833745,3.0635986
2022-01-05,3,Green_Algae,6.9222884,2.658577
2022-01-06,3,Green_Algae,5.645869,3.3180146
2022-01-07,3,Green_Algae,4.3694496,4.2750607
2022-01-08,3,Green_Algae,6.313483,6.3770657
2022-01-09,3,Green_Algae,4.849971,5.6145225
2022-01-10,3,Green_Algae,6.5303836,3.8143256
2022-01-11,3,Green_Algae,7.1293488,5.7861667
2022-01-12,3,Green_Algae,3.0731115,4.3471584
2022-01-13,3,Green_Algae,2.084052,5.494805
2022-01-14,3,Green_Algae,1.3035264,5.041876
2022-01-15,3,Green_Algae,2.1528146,2.431328
2022-01-16,3,Green_Algae,2.2154775,2.419079
2022-01-17,3,Green_Algae,1.8509052,1.8803142
2022-01-18,3,Green_Algae,3.0125198,3.0807493
2022-01-19,3,Green_Algae,2.9266691,2.6681857
2022-01-20,3,Green_Algae,3.0848227,2.4283419
2022-01-21,3,Green_Algae,3.732527,3.7528894
2022-01-22,3,Green_Algae,4.3433237,3.1497679
2022-01-23,3,Green_Algae,6.2519803,3.3956826
2022-01-24,3,Green_Algae,8.160637,3.8322957
2022-01-25,3,Green_Algae,8.239467,4.0594563
2022-01-26,3,Green_Algae,8.318296,5.781599
2022-01-27,3,Green_Algae,8.397126,5.8063645
2022-01-28,3,Green_Algae,8.475957,6.4338813
2022-01-29,3,Green_Algae,8.554788,6.1983576
2022-01-30,3,Green_Algae,8.633616,5.870992
2022-01-31,3,Green_Algae,5.246442,6.110856
2022-02-01,3,Green_Algae,3.9920294,5.2311816
2022-02-02,3,Green_Algae,4.695028,5.4784427
2022-02-03,3,Green_Algae,2.7493696,3.7163973
2022-02-04,3,Green_Algae,2.88272,3.3166726
2022-02-05,3,Green_Algae,2.763606,3.9564538
2022-02-06,3,Green_Algae,2.1112866,2.5014093
2022-02-07,3,Green_Algae,2.4319632,3.5717952
2022-02-08,3,Green_Algae,2.2566342,3.2116988
2022-02-09,3,Green_Algae,2.6009963,2.4044557
2022-02-10,3,Green_Algae,2.5740855,3.1286783
2022-02-11,3,Green_Algae,2.7089677,2.7930348
2022-02-12,3,Green_Algae,3.126954,3.2034853
2022-02-13,3,Green_Algae,4.3236074,2.8170042
2022-02-14,3,Green_Algae,3.448381,2.7059464
2022-02-15,3,Green_Algae,3.5295143,3.901904
2022-02-16,3,Green_Algae,4.1974835,4.394727
2022-02-17,3,Green_Algae,4.8904557,3.172018
2022-02-18,3,Green_Algae,6.0933433,3.5871208
2022-02-19,3,Green_Algae,4.131527,4.332969
2022-02-20,3,Green_Algae,2.946324,5.285087
2022-02-21,3,Green_Algae,2.2808762,5.4499264
2022-02-22,3,Green_Algae,1.969732,4.27544
2022-02-23,3,Green_Algae,1.8481604,2.2231424
2022-02-24,3,Green_Algae,1.970211,2.3919778
2022-02-25,3,Green_Algae,2.0456758,2.3037035
2022-02-26,3,Green_Algae,2.1211405,2.2165048
2022-02-27,3,Green_Algae,2.1966052,2.0983193
2022-02-28,3,Green_Algae,2.1446164,2.1658669
2022-03-01,3,Green_Algae,2.8918037,2.3151364
2022-03-02,3,Green_Algae,3.3747232,2.2879577
2022-03-03,3,Green_Algae,4.975467,2.2411513
2022-03-04,3,Green_Algae,5.8857384,3.0415082
2022-03-05,3,Green_Algae,7.7702246,4.622469
2022-03-06,3,Green_Algae,7.406918,5.644488
2022-03-07,3,Green_Algae,8.624261,6.062934
2022-03-08,3,Green_Algae,5.739247,6.260864
2022-03-09,3,Green_Algae,4.569587,6.0277963
2022-03-10,3,Green_Algae,4.6664295,6.327486
2022-03-11,3,Green_Algae,6.601842,4.2303147
2022-03-12,3,Green_Algae,7.0578914,3.7756534
2022-03-13,3,Green_Algae,9.441289,4.7206397
2022-03-14,3,Green_Algae,10.154751,6.5330634
2022-03-15,3,Green_Algae,10.868213,6.8361855
2022-03-16,3,Green_Algae,10.484943,7.491317
2022-03-17,3,Green_Algae,10.101673,7.513323
2022-03-18,3,Green_Algae,10.141577,7.560366
2022-03-19,3,Green_Algae,10.18148,7.403255
2022-03-20,3,Green_Algae,10.221386,7.2741084
2022-03-21,3,Green_Algae,6.8799276,6.8715672
2022-03-22,3,Green_Algae,6.111058,6.7354608
2022-03-23,3,Green_Algae,3.9833503,6.537598
2022-03-24,3,Green_Algae,2.6831644,4.2363124
2022-03-25,3,Green_Algae,2.11021,4.708019
2022-03-26,3,Green_Algae,2.3608906,3.1162925
2022-03-27,3,Green_Algae,2.612607,2.8024323
2022-03-28,3,Green_Algae,3.0601304,3.1707284
2022-03-29,3,Green_Algae,3.0547757,2.890108
2022-03-30,3,Green_Algae,2.5692663,2.4251254
2022-03-31,3,Green_Algae,2.7219045,3.0974228
2022-04-01,3,Green_Algae,3.1004643,2.379459
2022-04-02,3,Green_Algae,2.2594109,2.4173782
2022-04-03,3,Green_Algae,1.953816,2.7499208
2022-04-04,3,Green_Algae,1.918588,3.2256484
2022-04-05,3,Green_Algae,2.3214595,2.1588607
2022-04-06,3,Green_Algae,2.560116,2.0773594
2022-04-07,3,Green_Algae,3.2719536,2.2669625
2022-04-08,3,Green_Algae,4.419464,2.7831569
2022-04-09,3,Green_Algae,4.504269,2.8405085
2022-04-10,3,Green_Algae,4.89147,3.6704535
2022-04-11,3,Green_Algae,6.268174,4.8431444
2022-04-12,3,Green_Algae,7.3437877,4.912808
2022-04-13,3,Green_Algae,9.499956,5.1195555
2022-04-14,3,Green_Algae,10.740788,5.8174095
2022-04-15,3,Green_Algae,8.073318,6.817581
2022-04-16,3,Green_Algae,7.630758,7.649404
2022-04-17,3,Green_Algae,6.9328403,8.059799
2022-04-18,3,Green_Algae,6.5577283,6.4570885
2022-04-19,3,Green_Algae,3.7500434,5.8632226
2022-04-20,3,Green_Algae,3.4992976,5.082718
2022-04-21,3,Green_Algae,4.348203,5.026084
2022-04-22,3,Green_Algae,5.875435,2.4290948
2022-04-23,3,Green_Algae,8.554278,3.6165757
2022-04-24,3,Green_Algae,10.74772,3.9950325
2022-04-25,3,Green_Algae,10.313055,5.511615
2022-04-26,3,Green_Algae,10.031486,6.9768558
2022-04-27,3,Green_Algae,9.749915,7.451838
2022-04-28,3,Green_Algae,9.468344,6.256715
2022-04-29,3,Green_Algae,6.3907814,6.5844865
2022-04-30,3,Green_Algae,2.7383044,5.328347
2022-05-01,3,Green_Algae,1.9100943,6.218896
2022-05-02,3,Green_Algae,1.4387971,3.9123087
2022-05-03,3,Green_Algae,1.6956812,2.843177
2022-05-04,3,Green_Algae,2.9322464,2.5760653
2022-05-05,3,Green_Algae,4.024558,1.9362545
2022-05-06,3,Green_Algae,7.546461,2.7479258
2022-05-07,3,Green_Algae,8.4868555,3.782918
2022-05-08,3,Green_Algae,8.025366,4.511237
2022-05-09,3,Green_Algae,7.563878,6.584261
2022-05-10,3,Green_Algae,3.786575,7.362269
2022-05-11,3,Green_Algae,2.6313117,6.330713
2022-05-12,3,Green_Algae,2.673943,4.832573
2022-05-13,3,Green_Algae,3.6793551,2.2363234
2022-05-14,3,Green_Algae,3.5523696,2.8639247
2022-05-15,3,Green_Algae,2.8397105,3.1261392
2022-05-16,3,Green_Algae,2.6588566,3.326222
2022-05-17,3,Green_Algae,2.5439029,2.8118987
2022-05-18,3,Green_Algae,1.9558738,2.482771
2022-05-19,3,Green_Algae,2.2352676,2.3874903
2022-05-20,3,Green_Algae,3.8337293,2.6462839
2022-05-21,3,Green_Algae,6.6012907,2.2292964
2022-05-22,3,Green_Algae,4.1062393,2.5593388
2022-05-23,3,Green_Algae,3.8795009,4.056817
2022-05-24,3,Green_Algae,3.7486677,5.6057305
2022-05-25,3,Green_Algae,2.5144565,3.5142598
2022-05-26,3,Green_Algae,2.628731,3.5440419
2022-05-27,3,Green_Algae,2.336657,3.7416892
2022-05-28,3,Green_Algae,1.8927444,2.5534015
2022-05-29,3,Green_Algae,1.7338868,2.9941757
2022-05-30,3,Green_Algae,2.055707,2.490632
2022-05-31,3,Green_Algae,2.7962682,2.2206037
2022-06-01,3,Green_Algae,2.4670553,1.7227585
2022-06-02,3,Green_Algae,2.5074983,2.4234397
2022-06-03,3,Green_Algae,3.3220377,2.4726195
2022-06-04,3,Green_Algae,2.913029,2.2152386
2022-06-05,3,Green_Algae,3.21664,2.4377
2022-06-06,3,Green_Algae,3.0336015,2.9664536
2022-06-07,3,Green_Algae,2.016884,2.4407136
2022-06-08,3,Green_Algae,0.71460867,2.8254175
2022-06-09,3,Green_Algae,1.4329565,2.6407657
2022-06-10,3,Green_Algae,1.2493777,1.9978925
2022-06-11,3,Green_Algae,1.7778566,1.0253546
2022-06-12,3,Green_Algae,1.9454993,1.8137712
2022-06-13,3,Green_Algae,1.383483,1.21691
2022-06-14,3,Green_Algae,0.17669071,1.7323291
2022-06-15,3,Green_Algae,0.1694878,1.7292361
2022-06-16,3,Green_Algae,1.6111215,1.187496
2022-06-17,3,Green_Algae,1.4915413,0.6117436
2022-06-18,3,Green_Algae,1.3510724,0.62175816
2022-06-19,3,Green_Algae,1.4114358,1.6560024
2022-06-20,3,Green_Algae,1.2985806,1.2611307
2022-06-21,3,Green_Algae,1.315047,1.6331575
2022-06-22,3,Green_Algae,1.1877986,1.7717224
2022-06-23,3,Green_Algae,0.20468882,1.6692642
2022-06-24,3,Green_Algae,0.9321283,1.8533468
2022-06-25,3,Green_Algae,2.667632,1.7003103
2022-06-26,3,Green_Algae,2.3597465,0.7014354
2022-06-27,3,Green_Algae,2.4025416,1.6837901
2022-06-28,3,Green_Algae,2.6718307,3.1083946
2022-06-29,3,Green_Algae,2.6384616,2.388242
2022-06-30,3,Green_Algae,3.7917957,2.6750956
2022-07-01,3,Green_Algae,3.6459014,3.1543312
2022-07-02,3,Green_Algae,3.1270165,2.8361108
2022-07-03,3,Green_Algae,2.8873951,4.1482797
2022-07-04,3,Green_Algae,3.3072195,3.6319175
2022-07-05,3,Green_Algae,2.865286,3.2415285
2022-07-06,3,Green_Algae,2.9233165,2.9155176
2022-07-07,3,Green_Algae,2.1893845,3.2962282
2022-07-08,3,Green_Algae,1.9153528,2.6972651
2022-07-09,3,Green_Algae,2.0919194,2.933724
2022-07-10,3,Green_Algae,3.2985039,2.374424
2022-07-11,3,Green_Algae,4.8211155,2.5638332
2022-07-12,3,Green_Algae,5.138985,2.8855383
2022-07-13,3,Green_Algae,5.002174,4.2045527
2022-07-14,3,Green_Algae,9.229062,4.8381968
2022-07-15,3,Green_Algae,8.125591,4.8884563
2022-07-16,3,Green_Algae,7.02212,4.7829604
2022-07-17,3,Green_Algae,5.9186487,6.547972
2022-07-18,3,Green_Algae,4.815178,6.3876243
2022-07-19,3,Green_Algae,1.9387745,5.6018014
2022-07-20,3,Green_Algae,1.5423076,5.1961555
2022-07-21,3,Green_Algae,0.75141406,3.795515
2022-07-22,3,Green_Algae,0.29937363,1.9073151
2022-07-23,3,Green_Algae,1.4023521,2.4669383
2022-07-24,3,Green_Algae,4.171111,1.5951266
2022-07-25,3,Green_Algae,0.52041996,1.0942086
2022-07-26,3,Green_Algae,0.0809841,2.9612894
2022-07-27,3,Green_Algae,0.34602904,4.9883647
2022-07-28,3,Green_Algae,0.6430407,1.311906
2022-07-29,3,Green_Algae,0.75374895,0.8813511
2022-07-30,3,Green_Algae,0.8893367,1.4419521
2022-07-31,3,Green_Algae,1.0249244,1.5248488
2022-08-01,3,Green_Algae,1.160512,1.6014204
2022-08-02,3,Green_Algae,1.2960997,1.8337005
2022-08-03,3,Green_Algae,1.4316874,1.9351852
2022-08-04,3,Green_Algae,1.5672749,2.154536
2022-08-05,3,Green_Algae,1.7028626,2.2593365
2022-08-06,3,Green_Algae,1.8384502,2.49214
2022-08-07,3,Green_Algae,1.9740379,2.3367782
2022-08-08,3,Green_Algae,2.1096256,2.5924113
2022-08-09,3,Green_Algae,2.2452133,2.738345
2022-08-10,3,Green_Algae,2.380801,2.9406736
2022-08-11,3,Green_Algae,2.5163884,2.9719958
2022-08-12,3,Green_Algae,2.651976,3.220447
2022-08-13,3,Green_Algae,2.7875638,3.2516832
2022-08-14,3,Green_Algae,2.9231515,3.2096648
2022-08-15,3,Green_Algae,3.0587392,3.4585989
2022-08-16,3,Green_Algae,3.1943269,3.615421
2022-08-17,3,Green_Algae,3.3299146,3.6891253
2022-08-18,3,Green_Algae,3.465502,3.6248136
2022-08-19,3,Green_Algae,3.6010897,3.7450643
2022-08-20,3,Green_Algae,3.7366774,3.9216068
2022-08-21,3,Green_Algae,3.872265,4.079669
2022-08-22,3,Green_Algae,4.0078526,4.043234
2022-08-23,3,Green_Algae,4.1434402,4.1780095
2022-08-24,3,Green_Algae,4.279028,4.2105594
2022-08-25,3,Green_Algae,4.4146156,4.3852954
2022-08-26,3,Green_Algae,4.5502033,4.6045628
2022-08-27,3,Green_Algae,4.685791,4.5193496
2022-08-28,3,Green_Algae,4.8213787,4.6372905
2022-08-29,3,Green_Algae,4.9569664,4.5579185
2022-08-30,3,Green_Algae,5.092554,4.6134067
2022-08-31,3,Green_Algae,5.2281413,4.711925
2022-09-01,3,Green_Algae,5.3637295,4.977173
2022-09-02,3,Green_Algae,5.499317,5.1984406
2022-09-03,3,Green_Algae,5.634905,5.189028
2022-09-04,3,Green_Algae,5.770492,4.6682277
2022-09-05,3,Green_Algae,5.9060802,4.8724494
2022-09-06,3,Green_Algae,6.0416675,4.7175164
2022-09-07,3,Green_Algae,6.177255,4.7874703
2022-09-08,3,Green_Algae,6.312843,4.8905425
2022-09-09,3,Green_Algae,6.4484305,5.469167
2022-09-10,3,Green_Algae,6.230826,5.2970743
2022-09-11,3,Green_Algae,8.68992,5.2055535
2022-09-12,3,Green_Algae,7.807916,5.212786
2022-09-13,3,Green_Algae,8.3521595,5.138672
2022-09-14,3,Green_Algae,9.356362,6.3895044
2022-09-15,3,Green_Algae,7.107813,5.1756296
2022-09-16,3,Green_Algae,4.4031787,5.8685155
2022-09-17,3,Green_Algae,3.7508175,6.0224876
2022-09-18,3,Green_Algae,6.3141737,5.5806117
2022-09-19,3,Green_Algae,3.516343,3.5922182
2022-09-20,3,Green_Algae,1.5800507,4.087098
2022-09-21,3,Green_Algae,1.6696308,5.7992134
2022-09-22,3,Green_Algae,1.4959407,3.2084599
2022-09-23,3,Green_Algae,1.615673,1.9206495
2022-09-24,3,Green_Algae,2.0823896,2.6171665
2022-09-25,3,Green_Algae,1.5839247,2.4464781
2022-09-26,3,Green_Algae,1.9809276,2.7769587
2022-09-27,3,Green_Algae,2.3091745,3.5008402
2022-09-28,3,Green_Algae,5.5527225,2.7928176
2022-09-29,3,Green_Algae,6.6691623,3.1002529
2022-09-30,3,Green_Algae,7.104832,3.3676283
2022-10-01,3,Green_Algae,2.6034105,5.4348392
2022-10-02,3,Green_Algae,3.3666306,5.3864684
2022-10-03,3,Green_Algae,4.350832,5.497946
2022-10-04,3,Green_Algae,4.8073153,2.213724
2022-10-05,3,Green_Algae,3.984971,3.5736766
2022-10-06,3,Green_Algae,3.1910217,4.110544
2022-10-07,3,Green_Algae,2.3935506,4.303447
2022-10-08,3,Green_Algae,1.82,3.0500345
2022-10-09,3,Green_Algae,3.16779,2.9361145
2022-10-10,3,Green_Algae,3.305127,2.3659518
2022-10-11,3,Green_Algae,2.3630557,2.3030665
2022-10-12,3,Green_Algae,2.342739,3.5984197
2022-10-13,3,Green_Algae,1.9473406,3.1031802
2022-10-14,3,Green_Algae,2.4178493,2.449701
2022-10-15,3,Green_Algae,2.2874982,2.7652874
2022-10-16,3,Green_Algae,2.8773642,2.3732586
2022-10-17,3,Green_Algae,1.9032803,3.0580268
2022-10-18,3,Green_Algae,1.3671615,2.8601003
2022-10-19,3,Green_Algae,1.2281462,3.5096707
2022-10-20,3,Green_Algae,1.4357452,2.125264
2022-10-21,3,Green_Algae,1.8146449,2.0020447
2022-10-22,3,Green_Algae,5.2175727,1.9791375
2022-10-23,3,Green_Algae,1.6347319,2.3152485
2022-10-24,3,Green_Algae,1.3448409,2.336689
2022-10-25,3,Green_Algae,0.8646165,5.1851397
2022-10-26,3,Green_Algae,0.7161304,1.7927811
2022-10-27,3,Green_Algae,0.8117439,2.1245482
2022-10-28,3,Green_Algae,0.9852315,1.4505565
2022-10-29,3,Green_Algae,0.7189863,1.3023024
2022-10-30,3,Green_Algae,0.74040526,1.4643645
2022-10-31,3,Green_Algae,0.3959189,1.6122202
2022-11-01,3,Green_Algae,0.45915672,1.3709022
2022-11-02,3,Green_Algae,0.44663528,1.6229945
2022-11-03,3,Green_Algae,0.5711731,1.0413241
2022-11-04,3,Green_Algae,0.5187971,1.1916969
2022-11-05,3,Green_Algae,0.5168741,1.0860347
2022-11-06,3,Green_Algae,0.99285096,1.3441579
2022-11-07,3,Green_Algae,0.97021586,1.0509509
2022-11-08,3,Green_Algae,3.6827445,1.117557
2022-11-09,3,Green_Algae,3.2042935,1.8779669
2022-11-10,3,Green_Algae,2.6945007,1.3337024
2022-11-11,3,Green_Algae,5.053273,4.3579016
2022-11-12,3,Green_Algae,8.711579,3.1542592
2022-11-13,3,Green_Algae,7.713145,2.7184823
2022-11-14,3,Green_Algae,5.1916933,4.6404343
2022-11-15,3,Green_Algae,1.4670622,5.8179784
2022-11-16,3,Green_Algae,0.26871106,5.3447056
2022-11-17,3,Green_Algae,0.32965964,3.56976
2022-11-18,3,Green_Algae,0.4381694,1.521161
2022-11-19,3,Green_Algae,1.021942,0.8976554
2022-11-20,3,Green_Algae,1.0667945,1.0200974
2022-11-21,3,Green_Algae,0.9796669,1.013296
2022-11-22,3,Green_Algae,1.0705576,1.6419216
2022-11-23,3,Green_Algae,1.2641643,1.3187631
2022-11-24,3,Green_Algae,0.9981404,1.322633
2022-11-25,3,Green_Algae,0.8159957,1.5011257
2022-11-26,3,Green_Algae,1.3945585,1.6755977
2022-11-27,3,Green_Algae,1.6876014,1.2800262
2022-11-28,3,Green_Algae,1.396505,1.2290125
2022-11-29,3,Green_Algae,1.0866112,1.9584827
2022-11-30,3,Green_Algae,1.0804197,1.7327092
2022-12-01,3,Green_Algae,1.0082923,1.5704691
2022-12-02,3,Green_Algae,1.1993546,1.3085566
2022-12-03,3,Green_Algae,1.0384793,1.3799012
2022-12-04,3,Green_Algae,0.9513034,1.3761487
2022-12-05,3,Green_Algae,1.4196737,1.4935747
2022-12-06,3,Green_Algae,1.5062437,1.2470976
2022-12-07,3,Green_Algae,1.6673859,1.2662238
2022-12-08,3,Green_Algae,1.7725435,1.8721108
2022-12-09,3,Green_Algae,2.750798,1.4038813
2022-12-10,3,Green_Algae,2.2412164,1.8831073
2022-12-11,3,Green_Algae,0.4060463,1.9120772
2022-12-12,3,Green_Algae,0.160492,2.865549
2022-12-13,3,Green_Algae,0.2686097,1.8995692
2022-12-14,3,Green_Algae,0.31757072,0.808845
2022-12-15,3,Green_Algae,0.41242754,0.69934326
2022-12-16,3,Green_Algae,0.2809631,0.69752187
2022-12-17,3,Green_Algae,0.4638523,0.7233336
2022-12-18,3,Green_Algae,0.48307028,0.77621406
2022-12-19,3,Green_Algae,0.52901447,0.6978485
2022-12-20,3,Green_Algae,0.41270813,0.851181
2022-12-21,3,Green_Algae,0.39071897,0.71005064
2022-12-22,3,Green_Algae,0.43844205,0.81684417
2022-12-23,3,Green_Algae,0.27015212,0.7196496
2022-12-24,3,Green_Algae,0.26322237,0.829426
2022-12-25,3,Green_Algae,0.29721218,0.77802324
2022-12-26,3,Green_Algae,0.25078148,0.69570565
2022-12-27,3,Green_Algae,0.21856004,0.75281036
2022-12-28,3,Green_Algae,0.15966643,0.7405023
2022-12-29,3,Green_Algae,0.24490596,0.7026609
2022-12-30,3,Green_Algae,0.20376809,0.65947396
2022-12-31,3,Green_Algae,0.2882681,0.6505728
2023-01-01,3,Green_Algae,0.09535451,0.7316137
2023-01-02,3,Green_Algae,0.071312584,0.69324625
2023-01-03,3,Green_Algae,0.036156602,0.7703886
2023-01-04,3,Green_Algae,3.252288,0.57161623
2023-01-05,3,Green_Algae,6.237046,0.61702466
2023-01-06,3,Green_Algae,9.221804,0.5501281
2023-01-07,3,Green_Algae,9.225964,3.896467
2023-01-08,3,Green_Algae,9.2301235,6.3236837
2023-01-09,3,Green_Algae,9.234284,7.1957355
2023-01-10,3,Green_Algae,9.238444,7.19229
2023-01-11,3,Green_Algae,9.242605,6.3436747
2023-01-12,3,Green_Algae,8.008986,6.4694395
2023-01-13,3,Green_Algae,9.353083,6.2916627
2023-01-14,3,Green_Algae,6.951903,6.12368
2023-01-15,3,Green_Algae,3.9082983,5.435366
2023-01-16,3,Green_Algae,3.8983636,6.0528293
2023-01-17,3,Green_Algae,3.6625977,5.0385613
2023-01-18,3,Green_Algae,2.6919782,2.3265438
2023-01-19,3,Green_Algae,2.5106957,3.9012473
2023-01-20,3,Green_Algae,2.9152644,3.5507472
2023-01-21,3,Green_Algae,3.6604702,2.3855271
2023-01-22,3,Green_Algae,7.30152,2.6684206
2023-01-23,3,Green_Algae,6.2374687,3.3005054
2023-01-24,3,Green_Algae,5.173418,3.7980344
2023-01-25,3,Green_Algae,4.7855973,5.9565063
2023-01-26,3,Green_Algae,4.944407,6.1443334
2023-01-27,3,Green_Algae,5.020905,3.1651113
2023-01-28,3,Green_Algae,4.1378713,3.5000741
2023-01-29,3,Green_Algae,3.5290515,3.9013112
2023-01-30,3,Green_Algae,3.2179534,4.235797
2023-01-31,3,Green_Algae,5.3130965,3.066294
2023-02-01,3,Green_Algae,7.0447626,3.404088
2023-02-02,3,Green_Algae,9.122445,2.9078667
2023-02-03,3,Green_Algae,6.014926,4.703686
2023-02-04,3,Green_Algae,5.961019,5.484991
2023-02-05,3,Green_Algae,5.907112,6.113339
2023-02-06,3,Green_Algae,5.853205,3.977508
2023-02-07,3,Green_Algae,8.160051,4.955584
2023-02-08,3,Green_Algae,7.2787995,4.8367505
2023-02-09,3,Green_Algae,6.3975487,4.8430433
2023-02-10,3,Green_Algae,1.4237877,5.846976
2023-02-11,3,Green_Algae,1.1469333,5.091354
2023-02-12,3,Green_Algae,0.77981836,4.1979356
2023-02-13,3,Green_Algae,0.90640306,1.1456326
2023-02-14,3,Green_Algae,0.18429561,1.172768
2023-02-15,3,Green_Algae,0.09019138,0.77160954
2023-02-16,3,Green_Algae,0.06921226,0.80857384
2023-02-17,3,Green_Algae,0.09716904,0.43853897
2023-02-18,3,Green_Algae,0.5358182,0.4058054
2023-02-19,3,Green_Algae,0.73984677,0.37058347
2023-02-20,3,Green_Algae,0.9485524,0.39096695
2023-02-21,3,Green_Algae,0.88800627,0.5857365
2023-02-22,3,Green_Algae,0.77299947,0.68152285
2023-02-23,3,Green_Algae,0.8697355,0.7832066
2023-02-24,3,Green_Algae,0.9345164,0.760164
2023-02-25,3,Green_Algae,0.5437155,0.78989273
2023-02-26,3,Green_Algae,0.35603827,0.8474769
2023-02-27,3,Green_Algae,0.2848945,0.84223634
2023-02-28,3,Green_Algae,0.9269008,0.62283015
2023-03-01,3,Green_Algae,1.0543281,0.555289
2023-03-02,3,Green_Algae,0.82646257,0.5299682
2023-03-03,3,Green_Algae,0.41406226,0.9639328
2023-03-04,3,Green_Algae,0.43284735,0.80875254
2023-03-05,3,Green_Algae,0.34657025,0.78631455
2023-03-06,3,Green_Algae,0.24229686,0.6221885
2023-03-07,3,Green_Algae,0.28762135,0.7198762
2023-03-08,3,Green_Algae,0.23873465,0.61095655
2023-03-09,3,Green_Algae,0.20506701,0.5904833
2023-03-10,3,Green_Algae,0.12347253,0.60236347
2023-03-11,3,Green_Algae,0.08151744,0.5364322
2023-03-12,3,Green_Algae,0.14753455,0.5639293
2023-03-13,3,Green_Algae,0.08237493,0.53082335
2023-03-14,3,Green_Algae,0.036238365,0.5356892
2023-03-15,3,Green_Algae,0.1186852,0.5766967
2023-03-16,3,Green_Algae,0.17207983,0.6869015
2023-03-17,3,Green_Algae,0.24798092,0.5104704
2023-03-18,3,Green_Algae,0.23571466,0.60293144
2023-03-19,3,Green_Algae,0.16183792,0.602002
2023-03-20,3,Green_Algae,0.40782675,0.6261916
2023-03-21,3,Green_Algae,0.101640604,0.6118287
2023-03-22,3,Green_Algae,0.5060475,0.5863979
2023-03-23,3,Green_Algae,2.69248,0.87043726
2023-03-24,3,Green_Algae,1.9497765,0.53228027
2023-03-25,3,Green_Algae,1.3316832,1.3164383
2023-03-26,3,Green_Algae,2.578498,3.5594888
2023-03-27,3,Green_Algae,2.0630136,1.7222905
2023-03-28,3,Green_Algae,1.7380223,1.1992315
2023-03-29,3,Green_Algae,1.37283,2.385039
2023-03-30,3,Green_Algae,1.1725881,1.2994323
2023-03-31,3,Green_Algae,0.9683462,1.197869
2023-04-01,3,Green_Algae,0.71395975,1.1945893
2023-04-02,3,Green_Algae,0.683174,0.91016793
2023-04-03,3,Green_Algae,0.75986,0.8868239
2023-04-04,3,Green_Algae,0.6773602,0.83854103
2023-04-05,3,Green_Algae,1.834648,0.8171115
2023-04-06,3,Green_Algae,4.089308,0.8520417
2023-04-07,3,Green_Algae,2.2397137,0.90395796
2023-04-08,3,Green_Algae,1.7206718,1.7433664
2023-04-09,3,Green_Algae,1.4219851,2.5323758
2023-04-10,3,Green_Algae,1.2250155,1.2486367
2023-04-11,3,Green_Algae,0.8648579,1.4776287
2023-04-12,3,Green_Algae,0.56595254,1.1284
2023-04-13,3,Green_Algae,0.50567454,1.0784167
2023-04-14,3,Green_Algae,0.66647476,0.9147247
2023-04-15,3,Green_Algae,1.0466163,0.77059263
2023-04-16,3,Green_Algae,1.2097328,0.8688182
2023-04-17,3,Green_Algae,2.6901345,1.0538485
2023-04-18,3,Green_Algae,2.477803,1.3348984
2023-04-19,3,Green_Algae,2.09581,1.3291525
2023-04-20,3,Green_Algae,1.6294928,3.209929
2023-04-21,3,Green_Algae,1.3932893,2.1902485
2023-04-22,3,Green_Algae,0.9884703,2.0360763
2023-04-23,3,Green_Algae,0.9850644,1.8420296
2023-04-24,3,Green_Algae,1.0676374,1.7101732
2023-04-25,3,Green_Algae,1.3244078,1.2515631
2023-04-26,3,Green_Algae,0.6416333,1.348756
2023-04-27,3,Green_Algae,0.27814546,1.2817749
2023-04-28,3,Green_Algae,1.3145058,1.5888594
2023-04-29,3,Green_Algae,3.2526584,0.8729744
2023-04-30,3,Green_Algae,3.1499057,0.7401712
2023-05-01,3,Green_Algae,1.6380941,2.0339005
2023-05-02,3,Green_Algae,4.1922054,3.176745
2023-05-03,3,Green_Algae,5.529419,2.5425894
2023-05-04,3,Green_Algae,6.2632565,1.3775219
2023-05-05,3,Green_Algae,6.8380823,4.4137545
2023-05-06,3,Green_Algae,7.412908,4.8165193
2023-05-07,3,Green_Algae,4.079104,5.511518
2023-05-08,3,Green_Algae,2.2593377,6.4908123
2023-05-09,3,Green_Algae,1.9581879,6.0094247
2023-05-10,3,Green_Algae,2.4479287,2.4715302
2023-05-11,3,Green_Algae,2.7059772,1.9090368
2023-05-12,3,Green_Algae,2.3598123,1.9506083
2023-05-13,3,Green_Algae,1.7751207,2.1062887
2023-05-14,3,Green_Algae,1.2882135,1.8683883
2023-05-15,3,Green_Algae,1.0123258,1.64609
2023-05-16,3,Green_Algae,1.0217282,1.2303798
2023-05-17,3,Green_Algae,0.8613485,1.0429219
2023-05-18,3,Green_Algae,1.1611063,1.0081036
2023-05-19,3,Green_Algae,0.9660143,1.2115861
2023-05-20,3,Green_Algae,0.79129213,0.9939914
2023-05-21,3,Green_Algae,1.006314,1.493306
2023-05-22,3,Green_Algae,0.55901504,1.1032041
2023-05-23,3,Green_Algae,0.46997598,1.1562042
2023-05-24,3,Green_Algae,0.31273833,1.4925156
2023-05-25,3,Green_Algae,0.29093453,0.84794354
2023-05-26,3,Green_Algae,0.25067583,0.89445513
2023-05-27,3,Green_Algae,0.42133546,0.7044675
2023-05-28,3,Green_Algae,1.3887391,0.70088816
2023-05-29,3,Green_Algae,2.5463135,0.65933955
2023-05-30,3,Green_Algae,2.2533908,0.847094
2023-05-31,3,Green_Algae,3.1068542,2.1670804
2023-06-01,3,Green_Algae,2.7869723,2.6743243
2023-06-02,3,Green_Algae,2.4034996,2.0097322
2023-06-03,3,Green_Algae,1.0539821,3.6961854
2023-06-04,3,Green_Algae,0.93468004,2.5322728
2023-06-05,3,Green_Algae,0.4879697,2.3203666
2023-06-06,3,Green_Algae,0.8998942,1.0768584
2023-06-07,3,Green_Algae,1.3108021,1.1512344
2023-06-08,3,Green_Algae,1.019688,0.7593366
2023-06-09,3,Green_Algae,0.46447587,1.2621535
2023-06-10,3,Green_Algae,0.49861857,1.3225471
2023-06-11,3,Green_Algae,0.61284125,1.0660744
2023-06-12,3,Green_Algae,0.6797172,0.73022187
2023-06-13,3,Green_Algae,0.7083528,0.8778864
2023-06-14,3,Green_Algae,0.35401052,0.9014972
2023-06-15,3,Green_Algae,0.41286027,0.9324217
2023-06-16,3,Green_Algae,0.2804898,0.9074019
2023-06-17,3,Green_Algae,0.2304269,0.61642534
2023-06-18,3,Green_Algae,0.5143521,0.7554408
2023-06-19,3,Green_Algae,0.5725395,0.61297685
2023-06-20,3,Green_Algae,1.4189571,0.61198974
2023-06-21,3,Green_Algae,3.0382833,0.97640187
2023-06-22,3,Green_Algae,3.1065986,0.89484686
2023-06-23,3,Green_Algae,1.9374653,2.0003083
2023-06-24,3,Green_Algae,1.1924785,3.0690641
2023-06-25,3,Green_Algae,1.0128819,3.0619295
2023-06-26,3,Green_Algae,1.2879117,1.96754
2023-06-27,3,Green_Algae,1.1464972,1.4641865
2023-06-28,3,Green_Algae,4.1690407,1.4356463
2023-06-29,3,Green_Algae,5.1483574,1.7208775
2023-06-30,3,Green_Algae,4.417229,1.3355397
2023-07-01,3,Green_Algae,3.0753262,4.827553
2023-07-02,3,Green_Algae,2.3679974,5.3127055
2023-07-03,3,Green_Algae,3.1175823,4.210823
2023-07-04,3,Green_Algae,5.006934,3.5815496
2023-07-05,3,Green_Algae,6.813222,3.0062325
2023-07-06,3,Green_Algae,7.1008797,4.061791
2023-07-07,3,Green_Algae,7.8447523,5.316455
2023-07-08,3,Green_Algae,7.1713324,6.129433
2023-07-09,3,Green_Algae,7.92671,6.1522055
2023-07-10,3,Green_Algae,7.4939637,6.741742
2023-07-11,3,Green_Algae,5.54597,6.9388676
2023-07-12,3,Green_Algae,4.022008,6.572382
2023-07-13,3,Green_Algae,3.7216525,5.758746
2023-07-14,3,Green_Algae,2.7944505,4.3640704
2023-07-15,3,Green_Algae,2.0034344,4.5022593
2023-07-16,3,Green_Algae,1.4967204,4.318339
2023-07-17,3,Green_Algae,1.3990573,3.8376188
2023-07-18,3,Green_Algae,1.0275207,2.833776
2023-07-19,3,Green_Algae,1.0186292,2.6866798
2023-07-20,3,Green_Algae,1.734702,2.721643
2023-07-21,3,Green_Algae,3.5428689,2.0395482
2023-07-22,3,Green_Algae,8.218171,2.327933
2023-07-23,3,Green_Algae,8.601586,3.495162
2023-07-24,3,Green_Algae,9.032261,4.589113
2023-07-25,3,Green_Algae,8.793951,6.211138
2023-07-26,3,Green_Algae,6.349499,6.6861835
2023-07-27,3,Green_Algae,4.783891,6.4357905
2023-07-28,3,Green_Algae,2.371833,6.079505
2023-07-29,3,Green_Algae,1.8697046,4.099502
2023-07-30,3,Green_Algae,2.1430004,4.0471425
2023-07-31,3,Green_Algae,2.687552,2.2487602
2023-08-01,3,Green_Algae,2.8441966,2.7481806
2023-08-02,3,Green_Algae,3.3121603,3.3141952
2023-08-03,3,Green_Algae,4.9291377,3.0910587
2023-08-04,3,Green_Algae,5.591187,3.667714
2023-08-05,3,Green_Algae,8.544591,4.4797864
2023-08-06,3,Green_Algae,8.778641,5.5391173
2023-08-07,3,Green_Algae,9.01269,5.824923
2023-08-08,3,Green_Algae,9.246739,6.6057005
2023-08-09,3,Green_Algae,6.3150916,6.5605674
2023-08-10,3,Green_Algae,5.0038095,5.7544117
2023-08-11,3,Green_Algae,3.3346193,5.8166227
2023-08-12,3,Green_Algae,2.5525656,5.5907784
2023-08-13,3,Green_Algae,3.0647385,3.8914733
2023-08-14,3,Green_Algae,5.879216,3.7041504
2023-08-15,3,Green_Algae,6.031285,2.9426067
2023-08-16,3,Green_Algae,4.687024,4.2278876
2023-08-17,3,Green_Algae,1.2427475,5.452075
2023-08-18,3,Green_Algae,0.8998853,4.9337974
2023-08-19,3,Green_Algae,0.66447395,3.3544748
2023-08-20,3,Green_Algae,0.51328796,1.1918396
2023-08-21,3,Green_Algae,0.45516005,1.2797885
2023-08-22,3,Green_Algae,0.3003116,0.9377778
2023-08-23,3,Green_Algae,0.28055164,0.818164
2023-08-24,3,Green_Algae,0.2979189,0.7688917
2023-08-25,3,Green_Algae,0.2403409,0.6024648
2023-08-26,3,Green_Algae,0.44934124,0.6593533
2023-08-27,3,Green_Algae,0.41253313,0.5789706
2023-08-28,3,Green_Algae,0.5238057,0.6654748
2023-08-29,3,Green_Algae,1.458634,0.7139821
2023-08-30,3,Green_Algae,0.76870924,0.71942776
2023-08-31,3,Green_Algae,1.4702122,0.7788236
2023-09-01,3,Green_Algae,0.9918718,1.2521014
2023-09-02,3,Green_Algae,0.91562474,0.7279699
2023-09-03,3,Green_Algae,0.70573056,1.5018587
2023-09-04,3,Green_Algae,0.6742999,0.8261339
2023-09-05,3,Green_Algae,1.3842525,0.9851234
2023-09-06,3,Green_Algae,4.9435377,0.8230292
2023-09-07,3,Green_Algae,3.897788,0.8110021
2023-09-08,3,Green_Algae,1.5145657,1.1387483
2023-09-09,3,Green_Algae,0.6406925,3.0659738
2023-09-10,3,Green_Algae,0.33638895,1.5773318
2023-09-11,3,Green_Algae,0.10094779,0.91031945
2023-09-12,3,Green_Algae,0.09816431,0.74998385
2023-09-13,3,Green_Algae,0.2952668,0.69464624
2023-09-14,3,Green_Algae,0.7073095,0.51375175
2023-09-15,3,Green_Algae,1.220801,0.56925744
2023-09-16,3,Green_Algae,0.82873017,0.59933907
2023-09-17,3,Green_Algae,0.7083514,0.8891892
2023-09-18,3,Green_Algae,1.3472247,1.2172971
2023-09-19,3,Green_Algae,1.9606476,0.8219807
2023-09-20,3,Green_Algae,3.1551094,0.96095043
2023-09-21,3,Green_Algae,4.03383,1.6070569
2023-09-22,3,Green_Algae,3.11515,1.8402022
2023-09-23,3,Green_Algae,3.0413108,3.370241
2023-09-24,3,Green_Algae,3.025897,3.5767086
2023-09-25,3,Green_Algae,2.150364,3.0701785
2023-09-26,3,Green_Algae,2.4681423,3.226951
2023-09-27,3,Green_Algae,2.4991379,2.8973193
2023-09-28,3,Green_Algae,2.2806215,2.3047667
2023-09-29,3,Green_Algae,1.9233941,2.7910762
2023-09-30,3,Green_Algae,1.7363886,2.4529572
2023-10-01,3,Green_Algae,2.0806055,2.3679495
2023-10-02,3,Green_Algae,1.3755308,2.1188993
2023-10-03,3,Green_Algae,1.3721676,1.7514906
2023-10-04,3,Green_Algae,1.5986129,2.3763225
2023-10-05,3,Green_Algae,1.1944014,1.4075369
2023-10-06,3,Green_Algae,0.4352867,1.5743853
2023-10-07,3,Green_Algae,0.038954273,1.6837752
2023-10-08,3,Green_Algae,0.005254514,1.1555386
2023-10-09,3,Green_Algae,0.00022059257,0.68229944
2023-10-10,3,Green_Algae,0.07396206,0.51944786
2023-10-11,3,Green_Algae,0.0044502877,0.47442836
2023-10-12,3,Green_Algae,0.21425903,0.48412338
2023-10-13,3,Green_Algae,0.4240678,0.49901727
2023-10-14,3,Green_Algae,1.2040071,0.4597347
2023-10-15,3,Green_Algae,1.538577,0.66358286
2023-10-16,3,Green_Algae,0.91931796,0.7080916
2023-10-17,3,Green_Algae,0.49678364,1.4834483
2023-10-18,3,Green_Algae,0.27720237,1.317387
2023-10-19,3,Green_Algae,0.060109414,0.894476
2023-10-20,3,Green_Algae,0.0003220112,0.69728297
2023-10-21,3,Green_Algae,0.0012375681,0.55253524
2023-10-22,3,Green_Algae,0.0032772026,0.41042957
2023-10-23,3,Green_Algae,0.0053168214,0.36433083
2023-10-24,3,Green_Algae,0.0073564914,0.3227322
2023-10-25,3,Green_Algae,0.009396112,0.29375333
2023-10-26,3,Green_Algae,0.01143575,0.29989943
2023-10-27,3,Green_Algae,0.00014706633,0.28258282
2023-10-28,3,Green_Algae,0.00014947286,0.29097772
2023-10-29,3,Green_Algae,0.00015179641,0.28147113
2023-10-30,3,Green_Algae,0.0036961709,0.25809044
2023-10-31,3,Green_Algae,5.8028803e-05,0.2719058
2023-11-01,3,Green_Algae,0.005072786,0.29373455
2023-11-02,3,Green_Algae,0.009415459,0.3235414
2023-11-03,3,Green_Algae,0.23354869,0.3329036
2023-11-04,3,Green_Algae,0.19017506,0.3509167
2023-11-05,3,Green_Algae,0.29466212,0.3339618
2023-11-06,3,Green_Algae,0.52662814,0.4068403
2023-11-07,3,Green_Algae,0.14937869,0.39876336
2023-11-08,3,Green_Algae,0.051346254,0.4932001
2023-11-09,3,Green_Algae,0.0022525839,0.47993958
2023-11-10,3,Green_Algae,0.0037495536,0.38104135
2023-11-11,3,Green_Algae,0.00026789785,0.37686068
2023-11-12,3,Green_Algae,0.00030059792,0.37641543
2023-11-13,3,Green_Algae,0.00033329905,0.43608326
2023-11-14,3,Green_Algae,0.014367214,0.4072971
2023-11-15,3,Green_Algae,0.03973635,0.5030364
2023-11-16,3,Green_Algae,0.08579548,0.43002436
2023-11-17,3,Green_Algae,0.023645498,0.4860096
2023-11-18,3,Green_Algae,0.012744074,0.49612248
2023-11-19,3,Green_Algae,0.013970377,0.5127307
2023-11-20,3,Green_Algae,0.045104496,0.46827418
2023-11-21,3,Green_Algae,0.14602937,0.52507854
2023-11-22,3,Green_Algae,0.18774286,0.45653784
2023-11-23,3,Green_Algae,0.12678686,0.49533716
2023-11-24,3,Green_Algae,0.06583095,0.49087408
2023-11-25,3,Green_Algae,0.0048749987,0.4868236
2023-11-26,3,Green_Algae,0.01300342,0.47594208
2023-11-27,3,Green_Algae,0.0009985091,0.41714686
2023-11-28,3,Green_Algae,0.3965642,0.39977401
2023-11-29,3,Green_Algae,0.7921298,0.40911108
2023-11-30,3,Green_Algae,1.1876955,0.41118154
2023-12-01,3,Green_Algae,0.5417547,0.61971503
2023-12-02,3,Green_Algae,0.28317368,1.0482937
2023-12-03,3,Green_Algae,0.26998764,1.0572207
2023-12-04,3,Green_Algae,0.041641086,0.5680808
2023-12-05,3,Green_Algae,0.007523836,0.53100187
2023-12-06,3,Green_Algae,0.0014946325,0.5106062
2023-12-07,3,Green_Algae,0.051200677,0.3935807
2023-12-08,3,Green_Algae,0.031184377,0.38457122
2023-12-09,3,Green_Algae,0.320014,0.34993115
2023-12-10,3,Green_Algae,0.19122079,0.3562282
2023-12-11,3,Green_Algae,0.9545549,0.368233
2023-12-12,3,Green_Algae,2.0166812,0.5857994
2023-12-13,3,Green_Algae,1.8324066,0.45565286
2023-12-14,3,Green_Algae,1.3901647,1.353441
2023-12-15,3,Green_Algae,2.1495306,2.0620651
2023-12-16,3,Green_Algae,1.2279633,1.2370001
2023-12-17,3,Green_Algae,0.5186076,1.0947027
2023-12-18,3,Green_Algae,0.2195702,1.4089279
2023-12-19,3,Green_Algae,0.2801519,0.8051242
2023-12-20,3,Green_Algae,0.20370297,0.5634474
2023-12-21,3,Green_Algae,0.061779305,0.49692288
2023-12-22,3,Green_Algae,0.047017764,0.55279005
2023-12-23,3,Green_Algae,0.0322563,0.45949614
2023-12-24,3,Green_Algae,0.017494831,0.42380008
2023-12-25,3,Green_Algae,0.0027333545,0.44337642
2023-12-26,3,Green_Algae,0.0019698853,0.41929448
2023-12-27,3,Green_Algae,1.632065,0.418157
2023-12-28,3,Green_Algae,2.6889994,0.39746565
2023-12-29,3,Green_Algae,2.2090032,0.38221636
