date,horizon,target,true_value,pred_value
2020-10-28,1,Algae_Sum,15.520253,10.5787945
2020-10-29,1,Algae_Sum,20.664259,13.975513
2020-10-30,1,Algae_Sum,21.884106,16.889624
2020-10-31,1,Algae_Sum,12.073075,16.883743
2020-11-01,1,Algae_Sum,14.822073,10.275085
2020-11-02,1,Algae_Sum,13.792086,12.271861
2020-11-03,1,Algae_Sum,9.761375,12.327731
2020-11-04,1,Algae_Sum,9.380658,9.37147
2020-11-05,1,Algae_Sum,7.6647573,9.130806
2020-11-06,1,Algae_Sum,10.652831,7.9624534
2020-11-07,1,Algae_Sum,17.500963,10.765328
2020-11-08,1,Algae_Sum,7.6776447,15.8470745
2020-11-09,1,Algae_Sum,6.484938,8.541067
2020-11-10,1,Algae_Sum,5.9227905,7.0359817
2020-11-11,1,Algae_Sum,6.3580694,6.825109
2020-11-12,1,Algae_Sum,7.033241,7.334197
2020-11-13,1,Algae_Sum,7.3596616,7.912923
2020-11-14,1,Algae_Sum,9.0749035,8.2199335
2020-11-15,1,Algae_Sum,8.515803,9.21393
2020-11-16,1,Algae_Sum,13.417889,9.119456
2020-11-17,1,Algae_Sum,15.102305,12.844959
2020-11-18,1,Algae_Sum,14.956821,13.863303
2020-11-19,1,Algae_Sum,18.823248,12.545127
2020-11-20,1,Algae_Sum,16.920609,14.994053
2020-11-21,1,Algae_Sum,15.183918,13.057302
2020-11-22,1,Algae_Sum,15.901703,11.539372
2020-11-23,1,Algae_Sum,11.166392,12.135236
2020-11-24,1,Algae_Sum,10.60181,9.040769
2020-11-25,1,Algae_Sum,9.785565,8.222054
2020-11-26,1,Algae_Sum,16.66919,7.8712645
2020-11-27,1,Algae_Sum,11.014212,12.443238
2020-11-28,1,Algae_Sum,8.998741,9.377208
2020-11-29,1,Algae_Sum,9.229913,7.6857514
2020-11-30,1,Algae_Sum,4.991194,7.4857206
2020-12-01,1,Algae_Sum,4.6330485,4.834121
2020-12-02,1,Algae_Sum,5.1133065,4.4930096
2020-12-03,1,Algae_Sum,4.5701375,5.031988
2020-12-04,1,Algae_Sum,5.052518,4.8400984
2020-12-05,1,Algae_Sum,4.2047973,4.8914666
2020-12-06,1,Algae_Sum,4.3188496,4.5578084
2020-12-07,1,Algae_Sum,4.5638957,4.416333
2020-12-08,1,Algae_Sum,4.3974586,4.8411183
2020-12-09,1,Algae_Sum,6.298979,4.6983767
2020-12-10,1,Algae_Sum,5.4832077,6.101346
2020-12-11,1,Algae_Sum,3.929725,6.07757
2020-12-12,1,Algae_Sum,6.609797,4.6364174
2020-12-13,1,Algae_Sum,14.367908,6.048285
2020-12-14,1,Algae_Sum,4.815441,12.004357
2020-12-15,1,Algae_Sum,4.2484083,5.3317003
2020-12-16,1,Algae_Sum,4.285731,4.026684
2020-12-17,1,Algae_Sum,4.113128,4.085109
2020-12-18,1,Algae_Sum,3.9961796,4.8212037
2020-12-19,1,Algae_Sum,4.648864,4.5099597
2020-12-20,1,Algae_Sum,5.3344426,4.8467665
2020-12-21,1,Algae_Sum,5.618892,5.668143
2020-12-22,1,Algae_Sum,5.4751267,5.832872
2020-12-23,1,Algae_Sum,7.776384,5.7366323
2020-12-24,1,Algae_Sum,7.4458003,7.495278
2020-12-25,1,Algae_Sum,6.071738,7.5959244
2020-12-26,1,Algae_Sum,6.178096,6.370487
2020-12-27,1,Algae_Sum,6.910051,6.748873
2020-12-28,1,Algae_Sum,18.225533,7.906825
2020-12-29,1,Algae_Sum,16.772173,16.281717
2020-12-30,1,Algae_Sum,16.605732,15.679639
2020-12-31,1,Algae_Sum,16.387157,13.78637
2021-01-01,1,Algae_Sum,8.856911,12.697113
2021-01-02,1,Algae_Sum,5.317567,7.5623083
2021-01-03,1,Algae_Sum,4.7676196,5.3047314
2021-01-04,1,Algae_Sum,4.2526574,5.245365
2021-01-05,1,Algae_Sum,4.1225705,5.2512484
2021-01-06,1,Algae_Sum,5.5991163,5.193048
2021-01-07,1,Algae_Sum,7.6152134,6.4249177
2021-01-08,1,Algae_Sum,4.0434084,7.671882
2021-01-09,1,Algae_Sum,3.713741,5.031345
2021-01-10,1,Algae_Sum,3.414877,4.4629455
2021-01-11,1,Algae_Sum,3.6629832,4.323868
2021-01-12,1,Algae_Sum,5.2977786,4.408796
2021-01-13,1,Algae_Sum,6.059045,5.350336
2021-01-14,1,Algae_Sum,6.5575237,6.015076
2021-01-15,1,Algae_Sum,6.035286,6.4989696
2021-01-16,1,Algae_Sum,6.2309194,6.1529326
2021-01-17,1,Algae_Sum,7.3292184,6.2651267
2021-01-18,1,Algae_Sum,7.2281694,6.106094
2021-01-19,1,Algae_Sum,6.791013,6.318259
2021-01-20,1,Algae_Sum,9.555196,6.501539
2021-01-21,1,Algae_Sum,12.568437,10.384068
2021-01-22,1,Algae_Sum,13.08861,12.200508
2021-01-23,1,Algae_Sum,16.701107,12.67669
2021-01-24,1,Algae_Sum,11.107178,13.087075
2021-01-25,1,Algae_Sum,13.185079,10.334295
2021-01-26,1,Algae_Sum,14.309341,11.155142
2021-01-27,1,Algae_Sum,17.447178,11.300245
2021-01-28,1,Algae_Sum,12.752337,12.341571
2021-01-29,1,Algae_Sum,14.503437,9.753256
2021-01-30,1,Algae_Sum,14.994356,9.875025
2021-01-31,1,Algae_Sum,12.609326,10.569128
2021-02-01,1,Algae_Sum,11.911086,10.576112
2021-02-02,1,Algae_Sum,11.054591,10.587424
2021-02-03,1,Algae_Sum,9.5205145,10.067673
2021-02-04,1,Algae_Sum,10.508161,8.87983
2021-02-05,1,Algae_Sum,10.67833,9.7757845
2021-02-06,1,Algae_Sum,10.053758,10.524735
2021-02-07,1,Algae_Sum,9.0949745,10.1529665
2021-02-08,1,Algae_Sum,9.740884,9.280554
2021-02-09,1,Algae_Sum,11.113655,9.540401
2021-02-10,1,Algae_Sum,13.788543,10.286084
2021-02-11,1,Algae_Sum,9.672534,11.228131
2021-02-12,1,Algae_Sum,9.084823,9.277235
2021-02-13,1,Algae_Sum,17.508087,9.275025
2021-02-14,1,Algae_Sum,13.146946,14.969504
2021-02-15,1,Algae_Sum,11.419103,12.198482
2021-02-16,1,Algae_Sum,11.980311,10.260858
2021-02-17,1,Algae_Sum,11.245926,11.190019
2021-02-18,1,Algae_Sum,7.9800363,10.174963
2021-02-19,1,Algae_Sum,9.421471,7.875882
2021-02-20,1,Algae_Sum,7.99176,9.134906
2021-02-21,1,Algae_Sum,8.2490015,8.331064
2021-02-22,1,Algae_Sum,7.808769,8.694532
2021-02-23,1,Algae_Sum,8.060869,8.433337
2021-02-24,1,Algae_Sum,7.221506,8.346393
2021-02-25,1,Algae_Sum,9.2095,7.707873
2021-02-26,1,Algae_Sum,9.879594,8.925686
2021-02-27,1,Algae_Sum,8.833722,9.465907
2021-02-28,1,Algae_Sum,8.0143585,8.620089
2021-03-01,1,Algae_Sum,6.0586815,7.7379184
2021-03-02,1,Algae_Sum,6.4103456,5.894871
2021-03-03,1,Algae_Sum,8.819653,5.8737736
2021-03-04,1,Algae_Sum,6.2930245,7.631608
2021-03-05,1,Algae_Sum,3.0083067,6.2531214
2021-03-06,1,Algae_Sum,1.6337553,3.8928103
2021-03-07,1,Algae_Sum,1.628278,2.8425882
2021-03-08,1,Algae_Sum,2.2676249,2.674965
2021-03-09,1,Algae_Sum,2.4649348,3.3429983
2021-03-10,1,Algae_Sum,3.7003834,4.0471616
2021-03-11,1,Algae_Sum,6.6675324,5.406501
2021-03-12,1,Algae_Sum,10.264775,8.619746
2021-03-13,1,Algae_Sum,19.44618,12.54985
2021-03-14,1,Algae_Sum,12.759682,17.927717
2021-03-15,1,Algae_Sum,12.029479,11.784496
2021-03-16,1,Algae_Sum,9.745131,9.725948
2021-03-17,1,Algae_Sum,7.7749853,8.080081
2021-03-18,1,Algae_Sum,7.2675614,6.278457
2021-03-19,1,Algae_Sum,5.630832,6.0109553
2021-03-20,1,Algae_Sum,5.568669,5.2620206
2021-03-21,1,Algae_Sum,4.5231113,4.9931793
2021-03-22,1,Algae_Sum,3.0237844,4.517635
2021-03-23,1,Algae_Sum,2.5734901,3.7781665
2021-03-24,1,Algae_Sum,2.9237897,3.4956086
2021-03-25,1,Algae_Sum,2.8117054,3.593642
2021-03-26,1,Algae_Sum,3.0104342,3.728474
2021-03-27,1,Algae_Sum,3.8426285,4.0217686
2021-03-28,1,Algae_Sum,6.895923,4.9737487
2021-03-29,1,Algae_Sum,13.461354,7.766425
2021-03-30,1,Algae_Sum,17.317652,14.218581
2021-03-31,1,Algae_Sum,17.391066,16.426725
2021-04-01,1,Algae_Sum,14.776763,14.396074
2021-04-02,1,Algae_Sum,12.928407,10.678778
2021-04-03,1,Algae_Sum,11.813078,7.9457965
2021-04-04,1,Algae_Sum,8.532172,7.946546
2021-04-05,1,Algae_Sum,6.315181,6.444253
2021-04-06,1,Algae_Sum,6.0695224,5.45976
2021-04-07,1,Algae_Sum,6.6027446,5.4355574
2021-04-08,1,Algae_Sum,6.337952,5.82927
2021-04-09,1,Algae_Sum,5.6539507,5.5133915
2021-04-10,1,Algae_Sum,5.894414,5.6030335
2021-04-11,1,Algae_Sum,7.030861,6.0689135
2021-04-12,1,Algae_Sum,13.461731,7.2490764
2021-04-13,1,Algae_Sum,14.730739,12.247494
2021-04-14,1,Algae_Sum,15.172216,14.205492
2021-04-15,1,Algae_Sum,13.776918,13.565456
2021-04-16,1,Algae_Sum,13.478327,11.185356
2021-04-17,1,Algae_Sum,17.960876,11.068127
2021-04-18,1,Algae_Sum,13.178813,14.015619
2021-04-19,1,Algae_Sum,12.057459,10.589928
2021-04-20,1,Algae_Sum,11.892882,9.404227
2021-04-21,1,Algae_Sum,12.019044,9.461129
2021-04-22,1,Algae_Sum,14.975033,10.353781
2021-04-23,1,Algae_Sum,16.368479,12.674846
2021-04-24,1,Algae_Sum,15.866011,14.079793
2021-04-25,1,Algae_Sum,21.996445,13.793608
2021-04-26,1,Algae_Sum,17.954536,15.640562
2021-04-27,1,Algae_Sum,14.3708105,11.347293
2021-04-28,1,Algae_Sum,8.976744,8.846397
2021-04-29,1,Algae_Sum,6.032525,6.7700443
2021-04-30,1,Algae_Sum,6.1225615,6.15985
2021-05-01,1,Algae_Sum,13.055283,6.4724073
2021-05-02,1,Algae_Sum,15.771375,11.540878
2021-05-03,1,Algae_Sum,17.007025,14.098091
2021-05-04,1,Algae_Sum,9.339772,14.970035
2021-05-05,1,Algae_Sum,9.40084,8.895759
2021-05-06,1,Algae_Sum,11.735045,9.159786
2021-05-07,1,Algae_Sum,11.6258955,11.700145
2021-05-08,1,Algae_Sum,16.68035,11.936453
2021-05-09,1,Algae_Sum,22.493618,15.071085
2021-05-10,1,Algae_Sum,16.525246,19.045345
2021-05-11,1,Algae_Sum,18.971342,14.632584
2021-05-12,1,Algae_Sum,21.865564,16.925913
2021-05-13,1,Algae_Sum,21.909088,19.156097
2021-05-14,1,Algae_Sum,18.595934,20.954231
2021-05-15,1,Algae_Sum,16.452106,14.507239
2021-05-16,1,Algae_Sum,12.469892,12.567721
2021-05-17,1,Algae_Sum,11.853444,10.453714
2021-05-18,1,Algae_Sum,12.899964,10.757322
2021-05-19,1,Algae_Sum,10.863085,12.474728
2021-05-20,1,Algae_Sum,11.793205,10.41694
2021-05-21,1,Algae_Sum,10.932504,11.722398
2021-05-22,1,Algae_Sum,14.627393,11.226363
2021-05-23,1,Algae_Sum,13.459877,13.40355
2021-05-24,1,Algae_Sum,18.745737,11.5652075
2021-05-25,1,Algae_Sum,12.448503,16.051664
2021-05-26,1,Algae_Sum,11.574566,12.03072
2021-05-27,1,Algae_Sum,18.80346,10.980988
2021-05-28,1,Algae_Sum,22.238157,15.221231
2021-05-29,1,Algae_Sum,21.29074,18.393274
2021-05-30,1,Algae_Sum,10.020926,15.2933855
2021-05-31,1,Algae_Sum,7.060413,8.821574
2021-06-01,1,Algae_Sum,10.506314,7.0677657
2021-06-02,1,Algae_Sum,9.201731,8.100692
2021-06-03,1,Algae_Sum,6.931745,7.9109316
2021-06-04,1,Algae_Sum,8.3245325,6.7871222
2021-06-05,1,Algae_Sum,7.7431645,7.438282
2021-06-06,1,Algae_Sum,8.018364,7.3320103
2021-06-07,1,Algae_Sum,9.928958,7.9991136
2021-06-08,1,Algae_Sum,13.749262,9.929432
2021-06-09,1,Algae_Sum,8.666303,12.957439
2021-06-10,1,Algae_Sum,10.037793,8.714027
2021-06-11,1,Algae_Sum,12.12508,9.980978
2021-06-12,1,Algae_Sum,18.209587,11.826503
2021-06-13,1,Algae_Sum,24.054714,16.277311
2021-06-14,1,Algae_Sum,23.002129,19.866053
2021-06-15,1,Algae_Sum,22.791176,17.904299
2021-06-16,1,Algae_Sum,24.818869,19.136312
2021-06-17,1,Algae_Sum,22.894386,20.404285
2021-06-18,1,Algae_Sum,22.643948,18.674755
2021-06-19,1,Algae_Sum,20.487635,16.216637
2021-06-20,1,Algae_Sum,21.67561,15.278703
2021-06-21,1,Algae_Sum,12.94602,16.366673
2021-06-22,1,Algae_Sum,9.037994,11.738579
2021-06-23,1,Algae_Sum,9.579233,9.713951
2021-06-24,1,Algae_Sum,8.6657095,10.395476
2021-06-25,1,Algae_Sum,9.339313,10.104329
2021-06-26,1,Algae_Sum,8.252894,11.22801
2021-06-27,1,Algae_Sum,19.663662,10.01734
2021-06-28,1,Algae_Sum,25.989393,17.951908
2021-06-29,1,Algae_Sum,24.72149,20.598944
2021-06-30,1,Algae_Sum,18.818155,18.540524
2021-07-01,1,Algae_Sum,17.853378,15.198693
2021-07-02,1,Algae_Sum,20.01221,15.929908
2021-07-03,1,Algae_Sum,24.686243,17.829048
2021-07-04,1,Algae_Sum,17.383993,20.696535
2021-07-05,1,Algae_Sum,24.257757,14.478309
2021-07-06,1,Algae_Sum,21.03982,18.258295
2021-07-07,1,Algae_Sum,18.139551,16.041267
2021-07-08,1,Algae_Sum,19.128239,14.41388
2021-07-09,1,Algae_Sum,9.262927,16.01023
2021-07-10,1,Algae_Sum,10.348993,8.882417
2021-07-11,1,Algae_Sum,10.155518,9.145793
2021-07-12,1,Algae_Sum,12.318908,9.906098
2021-07-13,1,Algae_Sum,11.372229,11.806981
2021-07-14,1,Algae_Sum,11.732797,10.967526
2021-07-15,1,Algae_Sum,13.027316,13.901696
2021-07-16,1,Algae_Sum,13.275453,15.026523
2021-07-17,1,Algae_Sum,13.036151,15.387132
2021-07-18,1,Algae_Sum,12.048767,14.159429
2021-07-19,1,Algae_Sum,12.207481,12.715947
2021-07-20,1,Algae_Sum,11.366654,11.9227295
2021-07-21,1,Algae_Sum,8.354729,9.785371
2021-07-22,1,Algae_Sum,9.270456,9.144742
2021-07-23,1,Algae_Sum,17.47265,9.800757
2021-07-24,1,Algae_Sum,23.949871,17.023903
2021-07-25,1,Algae_Sum,22.02724,21.302439
2021-07-26,1,Algae_Sum,19.4621,19.093378
2021-07-27,1,Algae_Sum,16.015862,14.902501
2021-07-28,1,Algae_Sum,10.80458,12.529697
2021-07-29,1,Algae_Sum,11.944978,9.221743
2021-07-30,1,Algae_Sum,11.576705,10.790191
2021-07-31,1,Algae_Sum,13.812453,11.578149
2021-08-01,1,Algae_Sum,16.956932,13.152826
2021-08-02,1,Algae_Sum,19.797148,15.046428
2021-08-03,1,Algae_Sum,14.188182,15.393787
2021-08-04,1,Algae_Sum,10.745257,11.918195
2021-08-05,1,Algae_Sum,10.256742,9.868612
2021-08-06,1,Algae_Sum,9.348004,8.662731
2021-08-07,1,Algae_Sum,9.657215,7.7314153
2021-08-08,1,Algae_Sum,7.870428,7.9739137
2021-08-09,1,Algae_Sum,7.9377337,8.098645
2021-08-10,1,Algae_Sum,6.537909,8.944878
2021-08-11,1,Algae_Sum,7.6913457,7.6030536
2021-08-12,1,Algae_Sum,9.700195,8.349347
2021-08-13,1,Algae_Sum,8.763865,10.583204
2021-08-14,1,Algae_Sum,14.3637705,9.329165
2021-08-15,1,Algae_Sum,19.768396,14.410171
2021-08-16,1,Algae_Sum,14.797129,17.79931
2021-08-17,1,Algae_Sum,13.521683,13.197552
2021-08-18,1,Algae_Sum,16.551445,10.767595
2021-08-19,1,Algae_Sum,19.159174,14.422135
2021-08-20,1,Algae_Sum,17.454346,15.390873
2021-08-21,1,Algae_Sum,14.43775,15.829303
2021-08-22,1,Algae_Sum,24.444853,13.553897
2021-08-23,1,Algae_Sum,23.654213,18.17408
2021-08-24,1,Algae_Sum,20.174358,19.470263
2021-08-25,1,Algae_Sum,23.570362,15.700644
2021-08-26,1,Algae_Sum,22.163607,17.449617
2021-08-27,1,Algae_Sum,20.888262,16.2026
2021-08-28,1,Algae_Sum,17.96409,15.45238
2021-08-29,1,Algae_Sum,15.920398,13.51448
2021-08-30,1,Algae_Sum,13.904685,12.369233
2021-08-31,1,Algae_Sum,11.628221,11.792721
2021-09-01,1,Algae_Sum,9.605492,11.194731
2021-09-02,1,Algae_Sum,8.241238,9.866913
2021-09-03,1,Algae_Sum,6.9375906,8.489356
2021-09-04,1,Algae_Sum,8.669407,7.7342815
2021-09-05,1,Algae_Sum,9.813335,9.427435
2021-09-06,1,Algae_Sum,7.5314255,10.543489
2021-09-07,1,Algae_Sum,6.983845,8.2777605
2021-09-08,1,Algae_Sum,7.1382346,7.554846
2021-09-09,1,Algae_Sum,13.072077,8.020861
2021-09-10,1,Algae_Sum,12.83738,11.964036
2021-09-11,1,Algae_Sum,16.002106,11.981262
2021-09-12,1,Algae_Sum,17.835026,14.789206
2021-09-13,1,Algae_Sum,14.486676,16.091158
2021-09-14,1,Algae_Sum,13.53239,12.39165
2021-09-15,1,Algae_Sum,9.934142,11.314358
2021-09-16,1,Algae_Sum,8.631086,9.412903
2021-09-17,1,Algae_Sum,6.440637,8.538809
2021-09-18,1,Algae_Sum,5.292397,7.1600037
2021-09-19,1,Algae_Sum,5.922165,6.360641
2021-09-20,1,Algae_Sum,5.691839,6.8126793
2021-09-21,1,Algae_Sum,4.662006,6.803074
2021-09-22,1,Algae_Sum,6.1574945,5.8565874
2021-09-23,1,Algae_Sum,6.0256524,6.6446605
2021-09-24,1,Algae_Sum,5.532701,6.770515
2021-09-25,1,Algae_Sum,5.1589136,6.301199
2021-09-26,1,Algae_Sum,5.3309774,5.938861
2021-09-27,1,Algae_Sum,5.418769,5.7121673
2021-09-28,1,Algae_Sum,5.2733235,5.7864823
2021-09-29,1,Algae_Sum,5.532158,5.7589316
2021-09-30,1,Algae_Sum,6.4422374,5.8337836
2021-10-01,1,Algae_Sum,5.0308905,6.1268573
2021-10-02,1,Algae_Sum,4.317036,5.3938603
2021-10-03,1,Algae_Sum,4.889657,4.8768373
2021-10-04,1,Algae_Sum,5.2936916,5.3209023
2021-10-05,1,Algae_Sum,5.697726,5.858119
2021-10-06,1,Algae_Sum,6.1017604,6.4867773
2021-10-07,1,Algae_Sum,6.5057945,6.784077
2021-10-08,1,Algae_Sum,6.909829,7.2192645
2021-10-09,1,Algae_Sum,7.3138633,7.7147436
2021-10-10,1,Algae_Sum,7.7178974,7.4215794
2021-10-11,1,Algae_Sum,8.121932,7.4661713
2021-10-12,1,Algae_Sum,8.50928,7.489205
2021-10-13,1,Algae_Sum,7.9375234,7.898325
2021-10-14,1,Algae_Sum,7.977364,7.97163
2021-10-15,1,Algae_Sum,15.226336,7.924744
2021-10-16,1,Algae_Sum,16.438095,12.462937
2021-10-17,1,Algae_Sum,8.294558,13.363013
2021-10-18,1,Algae_Sum,7.752127,7.684689
2021-10-19,1,Algae_Sum,7.259913,7.064256
2021-10-20,1,Algae_Sum,6.6409698,7.538552
2021-10-21,1,Algae_Sum,6.6670914,6.803609
2021-10-22,1,Algae_Sum,5.925297,7.0262246
2021-10-23,1,Algae_Sum,5.4903545,6.6078515
2021-10-24,1,Algae_Sum,5.6178727,6.403179
2021-10-25,1,Algae_Sum,5.6348443,6.669798
2021-10-26,1,Algae_Sum,6.6838927,6.791803
2021-10-27,1,Algae_Sum,12.037207,7.597781
2021-10-28,1,Algae_Sum,17.690195,12.886117
2021-10-29,1,Algae_Sum,18.624842,17.200394
2021-10-30,1,Algae_Sum,13.580152,15.830797
2021-10-31,1,Algae_Sum,11.194544,10.417948
2021-11-01,1,Algae_Sum,10.462178,8.809375
2021-11-02,1,Algae_Sum,12.232649,8.378108
2021-11-03,1,Algae_Sum,15.58694,10.250214
2021-11-04,1,Algae_Sum,10.781874,12.493233
2021-11-05,1,Algae_Sum,5.8879957,9.514351
2021-11-06,1,Algae_Sum,7.3089147,5.711439
2021-11-07,1,Algae_Sum,9.767589,6.9869876
2021-11-08,1,Algae_Sum,10.094161,9.755267
2021-11-09,1,Algae_Sum,8.241853,9.631025
2021-11-10,1,Algae_Sum,8.87005,8.1324
2021-11-11,1,Algae_Sum,6.3899784,8.33719
2021-11-12,1,Algae_Sum,5.1606374,6.486124
2021-11-13,1,Algae_Sum,5.5793633,5.4225774
2021-11-14,1,Algae_Sum,4.651657,5.6452966
2021-11-15,1,Algae_Sum,4.554149,5.0498137
2021-11-16,1,Algae_Sum,5.022404,4.8485303
2021-11-17,1,Algae_Sum,4.6273074,5.146846
2021-11-18,1,Algae_Sum,4.374101,5.050468
2021-11-19,1,Algae_Sum,3.9367054,4.830284
2021-11-20,1,Algae_Sum,4.143954,4.348556
2021-11-21,1,Algae_Sum,5.2425346,4.396339
2021-11-22,1,Algae_Sum,5.5534515,5.3332047
2021-11-23,1,Algae_Sum,3.9296818,5.620748
2021-11-24,1,Algae_Sum,3.9628437,4.3795776
2021-11-25,1,Algae_Sum,3.9074223,4.292973
2021-11-26,1,Algae_Sum,4.0430174,4.341827
2021-11-27,1,Algae_Sum,4.3520837,4.453915
2021-11-28,1,Algae_Sum,4.666802,4.698847
2021-11-29,1,Algae_Sum,5.4313397,4.9211283
2021-11-30,1,Algae_Sum,7.180413,5.7055306
2021-12-01,1,Algae_Sum,7.4161477,7.229879
2021-12-02,1,Algae_Sum,7.2796235,6.937459
2021-12-03,1,Algae_Sum,6.8413396,6.540958
2021-12-04,1,Algae_Sum,5.8279667,6.4081054
2021-12-05,1,Algae_Sum,5.988748,5.997671
2021-12-06,1,Algae_Sum,5.93862,5.7781987
2021-12-07,1,Algae_Sum,5.536968,5.7972407
2021-12-08,1,Algae_Sum,5.703489,5.637122
2021-12-09,1,Algae_Sum,5.5692935,5.6930456
2021-12-10,1,Algae_Sum,5.7963386,5.836876
2021-12-11,1,Algae_Sum,6.7919173,5.9054375
2021-12-12,1,Algae_Sum,6.347567,6.989607
2021-12-13,1,Algae_Sum,7.157062,6.325893
2021-12-14,1,Algae_Sum,7.675123,7.094167
2021-12-15,1,Algae_Sum,8.035453,7.857142
2021-12-16,1,Algae_Sum,8.290507,8.276978
2021-12-17,1,Algae_Sum,7.857487,8.048506
2021-12-18,1,Algae_Sum,6.9587545,7.0052557
2021-12-19,1,Algae_Sum,7.078501,6.3910556
2021-12-20,1,Algae_Sum,6.386708,6.4339843
2021-12-21,1,Algae_Sum,5.7970405,5.8339686
2021-12-22,1,Algae_Sum,8.401563,6.025669
2021-12-23,1,Algae_Sum,9.853842,7.5959034
2021-12-24,1,Algae_Sum,10.479891,9.130543
2021-12-25,1,Algae_Sum,6.79892,8.710052
2021-12-26,1,Algae_Sum,6.1713023,6.629023
2021-12-27,1,Algae_Sum,5.868709,6.0837507
2021-12-28,1,Algae_Sum,6.4871573,6.1356263
2021-12-29,1,Algae_Sum,5.5026603,6.981593
2021-12-30,1,Algae_Sum,5.9895153,6.270743
2021-12-31,1,Algae_Sum,5.2731185,6.7328777
2022-01-01,1,Algae_Sum,5.0462303,6.1302853
2022-01-02,1,Algae_Sum,4.418698,5.963325
2022-01-03,1,Algae_Sum,5.029804,5.318862
2022-01-04,1,Algae_Sum,6.5712094,5.561804
2022-01-05,1,Algae_Sum,13.401752,6.8219795
2022-01-06,1,Algae_Sum,10.879635,11.922871
2022-01-07,1,Algae_Sum,9.090659,10.239615
2022-01-08,1,Algae_Sum,12.60774,7.8753705
2022-01-09,1,Algae_Sum,9.901173,9.3460655
2022-01-10,1,Algae_Sum,13.245796,8.147831
2022-01-11,1,Algae_Sum,15.001737,9.131193
2022-01-12,1,Algae_Sum,7.81225,9.762407
2022-01-13,1,Algae_Sum,5.096939,6.394219
2022-01-14,1,Algae_Sum,3.6971543,4.7178984
2022-01-15,1,Algae_Sum,4.363386,3.9743114
2022-01-16,1,Algae_Sum,4.3458104,4.6644535
2022-01-17,1,Algae_Sum,3.8066256,4.8870244
2022-01-18,1,Algae_Sum,5.2714844,4.3325815
2022-01-19,1,Algae_Sum,4.862216,5.531774
2022-01-20,1,Algae_Sum,5.010956,5.446288
2022-01-21,1,Algae_Sum,6.06328,5.4786334
2022-01-22,1,Algae_Sum,7.378161,6.2637243
2022-01-23,1,Algae_Sum,14.501929,6.9556856
2022-01-24,1,Algae_Sum,14.932735,11.860182
2022-01-25,1,Algae_Sum,15.1729,12.427364
2022-01-26,1,Algae_Sum,15.917808,11.959005
2022-01-27,1,Algae_Sum,18.156307,11.741665
2022-01-28,1,Algae_Sum,18.664135,11.547192
2022-01-29,1,Algae_Sum,16.769812,12.2550335
2022-01-30,1,Algae_Sum,15.78383,9.825074
2022-01-31,1,Algae_Sum,10.025391,9.495973
2022-02-01,1,Algae_Sum,7.953441,7.4022894
2022-02-02,1,Algae_Sum,8.797217,6.3512616
2022-02-03,1,Algae_Sum,6.8645725,6.9763055
2022-02-04,1,Algae_Sum,8.426436,5.905582
2022-02-05,1,Algae_Sum,8.039783,6.839171
2022-02-06,1,Algae_Sum,6.147427,7.0185146
2022-02-07,1,Algae_Sum,6.8574467,5.676142
2022-02-08,1,Algae_Sum,8.257711,6.221093
2022-02-09,1,Algae_Sum,7.34981,7.0861855
2022-02-10,1,Algae_Sum,7.8486204,7.202198
2022-02-11,1,Algae_Sum,6.7274346,6.985456
2022-02-12,1,Algae_Sum,8.533124,6.394348
2022-02-13,1,Algae_Sum,10.349507,8.047895
2022-02-14,1,Algae_Sum,8.167533,8.84383
2022-02-15,1,Algae_Sum,8.175829,7.531279
2022-02-16,1,Algae_Sum,8.894369,7.4185762
2022-02-17,1,Algae_Sum,13.571143,7.991172
2022-02-18,1,Algae_Sum,14.202525,10.685303
2022-02-19,1,Algae_Sum,12.050333,10.649141
2022-02-20,1,Algae_Sum,7.611722,9.466133
2022-02-21,1,Algae_Sum,5.733845,6.1631637
2022-02-22,1,Algae_Sum,5.1310353,5.048189
2022-02-23,1,Algae_Sum,5.166545,4.924337
2022-02-24,1,Algae_Sum,5.3882766,4.712544
2022-02-25,1,Algae_Sum,5.3518543,4.4502597
2022-02-26,1,Algae_Sum,5.315431,4.481181
2022-02-27,1,Algae_Sum,5.2790084,4.8177156
2022-02-28,1,Algae_Sum,4.8051047,4.9955335
2022-03-01,1,Algae_Sum,5.7841735,4.670496
2022-03-02,1,Algae_Sum,6.8599105,5.3921056
2022-03-03,1,Algae_Sum,10.313599,8.144065
2022-03-04,1,Algae_Sum,11.979428,11.367315
2022-03-05,1,Algae_Sum,16.470217,13.112832
2022-03-06,1,Algae_Sum,15.187589,13.898194
2022-03-07,1,Algae_Sum,16.333487,13.770287
2022-03-08,1,Algae_Sum,10.426647,13.518917
2022-03-09,1,Algae_Sum,8.779225,10.323048
2022-03-10,1,Algae_Sum,8.968824,8.113175
2022-03-11,1,Algae_Sum,14.514039,9.27796
2022-03-12,1,Algae_Sum,16.906658,14.920282
2022-03-13,1,Algae_Sum,21.538147,16.573196
2022-03-14,1,Algae_Sum,21.98083,18.203522
2022-03-15,1,Algae_Sum,22.423656,17.682337
2022-03-16,1,Algae_Sum,21.751425,17.099672
2022-03-17,1,Algae_Sum,21.234648,17.110361
2022-03-18,1,Algae_Sum,21.172113,15.709268
2022-03-19,1,Algae_Sum,21.231165,15.327583
2022-03-20,1,Algae_Sum,21.99963,14.648094
2022-03-21,1,Algae_Sum,15.387169,14.605192
2022-03-22,1,Algae_Sum,14.115964,10.602397
2022-03-23,1,Algae_Sum,9.32958,9.711098
2022-03-24,1,Algae_Sum,6.2985444,7.0996046
2022-03-25,1,Algae_Sum,5.0341854,5.702915
2022-03-26,1,Algae_Sum,5.3350325,6.1597795
2022-03-27,1,Algae_Sum,8.063283,5.874751
2022-03-28,1,Algae_Sum,8.366514,5.7971334
2022-03-29,1,Algae_Sum,7.6990595,6.3373914
2022-03-30,1,Algae_Sum,5.9430585,5.52551
2022-03-31,1,Algae_Sum,5.8530197,4.995872
2022-04-01,1,Algae_Sum,6.477286,4.6915956
2022-04-02,1,Algae_Sum,5.3576946,5.8872395
2022-04-03,1,Algae_Sum,4.647618,5.1698446
2022-04-04,1,Algae_Sum,4.4466186,4.5015593
2022-04-05,1,Algae_Sum,5.297857,4.9400277
2022-04-06,1,Algae_Sum,5.3500943,5.9725256
2022-04-07,1,Algae_Sum,6.9239364,6.1595244
2022-04-08,1,Algae_Sum,9.900731,7.6614795
2022-04-09,1,Algae_Sum,10.458249,10.196948
2022-04-10,1,Algae_Sum,10.405612,11.4864
2022-04-11,1,Algae_Sum,13.034501,11.3120165
2022-04-12,1,Algae_Sum,14.912926,12.009681
2022-04-13,1,Algae_Sum,19.22307,13.978202
2022-04-14,1,Algae_Sum,22.115847,16.474718
2022-04-15,1,Algae_Sum,17.048006,17.925821
2022-04-16,1,Algae_Sum,15.873261,13.695577
2022-04-17,1,Algae_Sum,14.353713,12.180647
2022-04-18,1,Algae_Sum,14.21864,11.38714
2022-04-19,1,Algae_Sum,8.382399,11.02059
2022-04-20,1,Algae_Sum,8.115786,7.101645
2022-04-21,1,Algae_Sum,9.250902,7.8903646
2022-04-22,1,Algae_Sum,11.966703,8.195818
2022-04-23,1,Algae_Sum,18.829271,10.94935
2022-04-24,1,Algae_Sum,20.491673,16.320438
2022-04-25,1,Algae_Sum,20.124477,17.254213
2022-04-26,1,Algae_Sum,19.488195,16.086382
2022-04-27,1,Algae_Sum,20.577866,14.396326
2022-04-28,1,Algae_Sum,18.024887,14.289488
2022-04-29,1,Algae_Sum,13.731324,13.590631
2022-04-30,1,Algae_Sum,6.8076305,10.442562
2022-05-01,1,Algae_Sum,5.545913,7.4918327
2022-05-02,1,Algae_Sum,4.527261,6.3395777
2022-05-03,1,Algae_Sum,4.5768986,5.2552834
2022-05-04,1,Algae_Sum,6.6484785,5.482978
2022-05-05,1,Algae_Sum,8.88971,7.621168
2022-05-06,1,Algae_Sum,16.515461,10.33923
2022-05-07,1,Algae_Sum,18.791943,16.79732
2022-05-08,1,Algae_Sum,16.122038,17.830212
2022-05-09,1,Algae_Sum,15.634297,13.080372
2022-05-10,1,Algae_Sum,8.94147,11.578123
2022-05-11,1,Algae_Sum,6.6520653,6.8649006
2022-05-12,1,Algae_Sum,6.4911146,6.0096245
2022-05-13,1,Algae_Sum,7.851319,6.4417057
2022-05-14,1,Algae_Sum,7.917522,6.7320957
2022-05-15,1,Algae_Sum,7.553483,6.0696955
2022-05-16,1,Algae_Sum,7.6247973,6.0157833
2022-05-17,1,Algae_Sum,6.0722594,5.635678
2022-05-18,1,Algae_Sum,4.699108,5.4144354
2022-05-19,1,Algae_Sum,4.987699,5.0542884
2022-05-20,1,Algae_Sum,7.1548514,4.826558
2022-05-21,1,Algae_Sum,14.222451,6.508948
2022-05-22,1,Algae_Sum,9.076565,11.540266
2022-05-23,1,Algae_Sum,8.515513,9.456485
2022-05-24,1,Algae_Sum,9.222708,8.115004
2022-05-25,1,Algae_Sum,5.8090363,8.519278
2022-05-26,1,Algae_Sum,5.7371354,6.1153235
2022-05-27,1,Algae_Sum,5.815767,6.1300836
2022-05-28,1,Algae_Sum,5.8063245,5.5577846
2022-05-29,1,Algae_Sum,5.8092227,5.4521785
2022-05-30,1,Algae_Sum,7.214677,5.1673546
2022-05-31,1,Algae_Sum,8.897492,5.879563
2022-06-01,1,Algae_Sum,7.640295,6.422115
2022-06-02,1,Algae_Sum,6.4281363,6.2950754
2022-06-03,1,Algae_Sum,8.640116,6.151455
2022-06-04,1,Algae_Sum,10.549696,6.5231543
2022-06-05,1,Algae_Sum,8.642955,7.1452703
2022-06-06,1,Algae_Sum,7.183145,7.156521
2022-06-07,1,Algae_Sum,6.3926644,6.411355
2022-06-08,1,Algae_Sum,4.962923,5.7771773
2022-06-09,1,Algae_Sum,6.037123,4.2646465
2022-06-10,1,Algae_Sum,6.2730803,4.7253222
2022-06-11,1,Algae_Sum,7.1472774,4.981667
2022-06-12,1,Algae_Sum,7.695536,5.6271315
2022-06-13,1,Algae_Sum,6.7818556,5.8467016
2022-06-14,1,Algae_Sum,5.2812896,5.153545
2022-06-15,1,Algae_Sum,5.140157,4.041859
2022-06-16,1,Algae_Sum,6.5858974,3.4539688
2022-06-17,1,Algae_Sum,4.191758,4.2782726
2022-06-18,1,Algae_Sum,2.9360435,4.355962
2022-06-19,1,Algae_Sum,2.771842,4.0624633
2022-06-20,1,Algae_Sum,2.4113758,3.9768429
2022-06-21,1,Algae_Sum,2.56336,3.9058778
2022-06-22,1,Algae_Sum,3.3818176,4.1085505
2022-06-23,1,Algae_Sum,5.1010637,4.4010215
2022-06-24,1,Algae_Sum,4.796023,4.040701
2022-06-25,1,Algae_Sum,5.372781,4.276451
2022-06-26,1,Algae_Sum,5.9620204,5.2774615
2022-06-27,1,Algae_Sum,5.862962,5.744084
2022-06-28,1,Algae_Sum,5.971693,5.7252936
2022-06-29,1,Algae_Sum,6.132315,6.1281633
2022-06-30,1,Algae_Sum,7.3189716,6.037899
2022-07-01,1,Algae_Sum,6.916466,7.1150484
2022-07-02,1,Algae_Sum,6.498979,7.3857417
2022-07-03,1,Algae_Sum,6.239819,6.757298
2022-07-04,1,Algae_Sum,7.2657785,6.3620977
2022-07-05,1,Algae_Sum,6.5255394,6.749861
2022-07-06,1,Algae_Sum,6.822724,6.293801
2022-07-07,1,Algae_Sum,5.1665916,6.356564
2022-07-08,1,Algae_Sum,4.4118934,5.5722747
2022-07-09,1,Algae_Sum,4.431267,5.356448
2022-07-10,1,Algae_Sum,6.2858663,5.600333
2022-07-11,1,Algae_Sum,8.517831,7.512933
2022-07-12,1,Algae_Sum,9.017681,8.906407
2022-07-13,1,Algae_Sum,9.129348,9.196659
2022-07-14,1,Algae_Sum,15.8303175,9.016681
2022-07-15,1,Algae_Sum,19.208462,14.2928915
2022-07-16,1,Algae_Sum,15.775275,16.46981
2022-07-17,1,Algae_Sum,15.853436,12.920788
2022-07-18,1,Algae_Sum,12.067487,12.4420395
2022-07-19,1,Algae_Sum,6.383169,10.053253
2022-07-20,1,Algae_Sum,5.8032584,6.58717
2022-07-21,1,Algae_Sum,4.7560263,6.1502585
2022-07-22,1,Algae_Sum,4.1545377,5.0184245
2022-07-23,1,Algae_Sum,5.9838204,4.2404547
2022-07-24,1,Algae_Sum,10.653443,5.491182
2022-07-25,1,Algae_Sum,4.821376,8.858516
2022-07-26,1,Algae_Sum,2.8720334,5.068529
2022-07-27,1,Algae_Sum,3.8140726,3.8053045
2022-07-28,1,Algae_Sum,4.3796573,4.375567
2022-07-29,1,Algae_Sum,4.5798154,5.030456
2022-07-30,1,Algae_Sum,4.78831,5.5032673
2022-07-31,1,Algae_Sum,4.996805,5.695703
2022-08-01,1,Algae_Sum,5.2053,5.8476195
2022-08-02,1,Algae_Sum,5.4137945,6.266423
2022-08-03,1,Algae_Sum,5.6222897,6.6056805
2022-08-04,1,Algae_Sum,5.8307843,6.8506346
2022-08-05,1,Algae_Sum,6.039279,6.506239
2022-08-06,1,Algae_Sum,6.2477736,6.6358056
2022-08-07,1,Algae_Sum,6.456269,6.8209295
2022-08-08,1,Algae_Sum,6.6647635,7.1617947
2022-08-09,1,Algae_Sum,6.873258,7.335953
2022-08-10,1,Algae_Sum,7.0817533,7.644255
2022-08-11,1,Algae_Sum,7.290248,7.7998
2022-08-12,1,Algae_Sum,7.4987426,7.830491
2022-08-13,1,Algae_Sum,7.7072377,8.202169
2022-08-14,1,Algae_Sum,7.9157324,8.965114
2022-08-15,1,Algae_Sum,8.124228,8.773035
2022-08-16,1,Algae_Sum,8.332722,8.678773
2022-08-17,1,Algae_Sum,8.541217,8.875411
2022-08-18,1,Algae_Sum,8.749712,9.132672
2022-08-19,1,Algae_Sum,8.958206,9.378462
2022-08-20,1,Algae_Sum,9.166701,9.502066
2022-08-21,1,Algae_Sum,9.3751955,9.5586195
2022-08-22,1,Algae_Sum,9.583691,9.610541
2022-08-23,1,Algae_Sum,9.792186,10.015687
2022-08-24,1,Algae_Sum,10.000681,10.316847
2022-08-25,1,Algae_Sum,10.209175,10.520981
2022-08-26,1,Algae_Sum,10.41767,10.232602
2022-08-27,1,Algae_Sum,10.626164,10.394159
2022-08-28,1,Algae_Sum,10.83466,10.59391
2022-08-29,1,Algae_Sum,11.043155,10.937691
2022-08-30,1,Algae_Sum,11.25165,11.36409
2022-08-31,1,Algae_Sum,11.460144,11.8667
2022-09-01,1,Algae_Sum,11.668639,12.006339
2022-09-02,1,Algae_Sum,11.877133,11.286838
2022-09-03,1,Algae_Sum,12.0856285,11.380442
2022-09-04,1,Algae_Sum,12.294124,11.411955
2022-09-05,1,Algae_Sum,12.502618,11.374027
2022-09-06,1,Algae_Sum,12.711113,11.401394
2022-09-07,1,Algae_Sum,12.919608,12.159622
2022-09-08,1,Algae_Sum,13.128102,12.113129
2022-09-09,1,Algae_Sum,13.336597,12.059685
2022-09-10,1,Algae_Sum,13.209601,12.151438
2022-09-11,1,Algae_Sum,17.255486,12.440981
2022-09-12,1,Algae_Sum,15.933509,14.2393265
2022-09-13,1,Algae_Sum,16.12013,12.468805
2022-09-14,1,Algae_Sum,17.192202,13.611
2022-09-15,1,Algae_Sum,13.753511,14.06342
2022-09-16,1,Algae_Sum,9.633491,12.720703
2022-09-17,1,Algae_Sum,7.903886,9.523869
2022-09-18,1,Algae_Sum,12.780203,8.726552
2022-09-19,1,Algae_Sum,9.514808,11.301413
2022-09-20,1,Algae_Sum,4.9406815,9.361054
2022-09-21,1,Algae_Sum,4.6189213,5.738326
2022-09-22,1,Algae_Sum,4.2710423,5.300608
2022-09-23,1,Algae_Sum,4.478864,5.1078377
2022-09-24,1,Algae_Sum,5.996329,5.200547
2022-09-25,1,Algae_Sum,4.585286,6.18527
2022-09-26,1,Algae_Sum,5.050558,5.981825
2022-09-27,1,Algae_Sum,5.6589937,5.7175655
2022-09-28,1,Algae_Sum,11.683939,5.950314
2022-09-29,1,Algae_Sum,13.702725,9.684571
2022-09-30,1,Algae_Sum,15.484778,11.085289
2022-10-01,1,Algae_Sum,6.297031,10.836723
2022-10-02,1,Algae_Sum,7.5642824,6.3000345
2022-10-03,1,Algae_Sum,9.665557,6.1128087
2022-10-04,1,Algae_Sum,10.83576,7.341299
2022-10-05,1,Algae_Sum,9.383369,8.170644
2022-10-06,1,Algae_Sum,7.674667,6.965393
2022-10-07,1,Algae_Sum,5.521913,6.1916494
2022-10-08,1,Algae_Sum,4.48,5.0578713
2022-10-09,1,Algae_Sum,6.8713117,4.8430114
2022-10-10,1,Algae_Sum,7.1460843,5.610443
2022-10-11,1,Algae_Sum,5.5755467,5.8827343
2022-10-12,1,Algae_Sum,5.4064493,5.0696626
2022-10-13,1,Algae_Sum,4.879971,4.937877
2022-10-14,1,Algae_Sum,5.674562,4.6783433
2022-10-15,1,Algae_Sum,5.4724946,5.073862
2022-10-16,1,Algae_Sum,6.6296597,5.37603
2022-10-17,1,Algae_Sum,4.734026,6.0294375
2022-10-18,1,Algae_Sum,3.7210355,5.3154864
2022-10-19,1,Algae_Sum,3.343157,4.416902
2022-10-20,1,Algae_Sum,3.5028074,4.016583
2022-10-21,1,Algae_Sum,4.097507,4.4717145
2022-10-22,1,Algae_Sum,11.426301,4.472375
2022-10-23,1,Algae_Sum,4.9245186,9.472355
2022-10-24,1,Algae_Sum,4.2404847,5.5075116
2022-10-25,1,Algae_Sum,3.3743052,4.4450235
2022-10-26,1,Algae_Sum,2.8005362,3.8752615
2022-10-27,1,Algae_Sum,2.8255353,3.487633
2022-10-28,1,Algae_Sum,2.950159,3.5449326
2022-10-29,1,Algae_Sum,2.7133744,3.7187138
2022-10-30,1,Algae_Sum,2.9389436,3.6134331
2022-10-31,1,Algae_Sum,2.4377353,3.9108016
2022-11-01,1,Algae_Sum,2.1923506,3.782788
2022-11-02,1,Algae_Sum,1.8659608,3.6286151
2022-11-03,1,Algae_Sum,2.044417,3.5616498
2022-11-04,1,Algae_Sum,1.951652,3.931881
2022-11-05,1,Algae_Sum,1.9406873,3.7716248
2022-11-06,1,Algae_Sum,2.6145875,3.5091043
2022-11-07,1,Algae_Sum,2.4995143,3.8657022
2022-11-08,1,Algae_Sum,8.139935,3.6796732
2022-11-09,1,Algae_Sum,6.696094,7.320677
2022-11-10,1,Algae_Sum,5.9856873,7.3642793
2022-11-11,1,Algae_Sum,10.509102,5.758678
2022-11-12,1,Algae_Sum,14.771124,7.1945367
2022-11-13,1,Algae_Sum,13.465587,9.402212
2022-11-14,1,Algae_Sum,11.2327175,8.645777
2022-11-15,1,Algae_Sum,6.898669,7.210237
2022-11-16,1,Algae_Sum,3.4700289,5.032121
2022-11-17,1,Algae_Sum,2.8613904,3.2670343
2022-11-18,1,Algae_Sum,2.724848,2.9169083
2022-11-19,1,Algae_Sum,3.6304276,3.2239022
2022-11-20,1,Algae_Sum,3.5502534,3.9027736
2022-11-21,1,Algae_Sum,3.3286896,3.7663672
2022-11-22,1,Algae_Sum,3.6257422,3.6785293
2022-11-23,1,Algae_Sum,4.5511847,3.7699304
2022-11-24,1,Algae_Sum,3.9312737,4.476192
2022-11-25,1,Algae_Sum,3.0423172,3.9723575
2022-11-26,1,Algae_Sum,4.31301,3.4376085
2022-11-27,1,Algae_Sum,4.874558,4.060703
2022-11-28,1,Algae_Sum,4.187641,4.254805
2022-11-29,1,Algae_Sum,3.062766,3.9085343
2022-11-30,1,Algae_Sum,2.9655862,3.4084382
2022-12-01,1,Algae_Sum,3.046997,3.3510468
2022-12-02,1,Algae_Sum,3.228129,3.3305457
2022-12-03,1,Algae_Sum,2.7292252,3.4326162
2022-12-04,1,Algae_Sum,2.5665748,3.1509192
2022-12-05,1,Algae_Sum,3.8815446,2.9351819
2022-12-06,1,Algae_Sum,3.896229,3.6764164
2022-12-07,1,Algae_Sum,4.304931,3.6107569
2022-12-08,1,Algae_Sum,4.426543,4.135824
2022-12-09,1,Algae_Sum,5.9125,4.3907623
2022-12-10,1,Algae_Sum,4.9952717,5.1705117
2022-12-11,1,Algae_Sum,2.0728965,4.6342287
2022-12-12,1,Algae_Sum,1.5719752,2.7113037
2022-12-13,1,Algae_Sum,1.6050326,2.0679252
2022-12-14,1,Algae_Sum,1.6425452,1.9512511
2022-12-15,1,Algae_Sum,1.637703,2.014602
2022-12-16,1,Algae_Sum,1.458595,2.0347476
2022-12-17,1,Algae_Sum,1.641593,2.2725372
2022-12-18,1,Algae_Sum,1.779102,2.071168
2022-12-19,1,Algae_Sum,1.9784131,2.0815935
2022-12-20,1,Algae_Sum,1.5757059,2.0501685
2022-12-21,1,Algae_Sum,1.5353085,2.1657789
2022-12-22,1,Algae_Sum,1.6776015,2.3680232
2022-12-23,1,Algae_Sum,1.4795218,2.4959388
2022-12-24,1,Algae_Sum,1.5386024,2.4285336
2022-12-25,1,Algae_Sum,1.6248226,2.4402986
2022-12-26,1,Algae_Sum,1.6183286,2.5896251
2022-12-27,1,Algae_Sum,1.534175,2.726177
2022-12-28,1,Algae_Sum,1.5190212,2.523301
2022-12-29,1,Algae_Sum,1.7468524,2.5302494
2022-12-30,1,Algae_Sum,1.7356522,2.7918344
2022-12-31,1,Algae_Sum,1.9499927,3.0124261
2023-01-01,1,Algae_Sum,1.4759694,3.23632
2023-01-02,1,Algae_Sum,1.7600508,2.853179
2023-01-03,1,Algae_Sum,1.7206455,2.8713503
2023-01-04,1,Algae_Sum,8.896379,2.8692586
2023-01-05,1,Algae_Sum,13.096349,8.391867
2023-01-06,1,Algae_Sum,16.414724,14.5908165
2023-01-07,1,Algae_Sum,17.399351,15.157975
2023-01-08,1,Algae_Sum,18.8251,14.602812
2023-01-09,1,Algae_Sum,18.063778,13.554707
2023-01-10,1,Algae_Sum,18.789335,11.420095
2023-01-11,1,Algae_Sum,20.129807,12.454341
2023-01-12,1,Algae_Sum,18.094204,13.182601
2023-01-13,1,Algae_Sum,18.975517,11.95185
2023-01-14,1,Algae_Sum,15.918459,11.7165165
2023-01-15,1,Algae_Sum,9.626111,11.114487
2023-01-16,1,Algae_Sum,9.645517,7.1258445
2023-01-17,1,Algae_Sum,9.760275,7.490217
2023-01-18,1,Algae_Sum,6.7348404,8.424722
2023-01-19,1,Algae_Sum,5.9381523,6.75147
2023-01-20,1,Algae_Sum,6.685257,6.200945
2023-01-21,1,Algae_Sum,8.214841,7.0069833
2023-01-22,1,Algae_Sum,15.05712,8.416302
2023-01-23,1,Algae_Sum,14.977919,13.15016
2023-01-24,1,Algae_Sum,10.219479,14.422328
2023-01-25,1,Algae_Sum,9.971166,8.713046
2023-01-26,1,Algae_Sum,10.144937,7.4510326
2023-01-27,1,Algae_Sum,10.277494,7.775551
2023-01-28,1,Algae_Sum,8.69824,8.491929
2023-01-29,1,Algae_Sum,7.9546914,7.445355
2023-01-30,1,Algae_Sum,6.960508,7.5076356
2023-01-31,1,Algae_Sum,10.929585,7.169812
2023-02-01,1,Algae_Sum,13.513338,9.62322
2023-02-02,1,Algae_Sum,18.162195,11.605166
2023-02-03,1,Algae_Sum,12.830873,13.512904
2023-02-04,1,Algae_Sum,12.966491,10.434458
2023-02-05,1,Algae_Sum,14.719497,10.775344
2023-02-06,1,Algae_Sum,15.242263,12.777177
2023-02-07,1,Algae_Sum,19.88965,13.160524
2023-02-08,1,Algae_Sum,17.176598,15.099437
2023-02-09,1,Algae_Sum,14.831988,12.926498
2023-02-10,1,Algae_Sum,8.908835,11.056068
2023-02-11,1,Algae_Sum,10.425544,6.5609922
2023-02-12,1,Algae_Sum,8.21172,7.1489
2023-02-13,1,Algae_Sum,6.722426,6.3311687
2023-02-14,1,Algae_Sum,8.79247,6.056784
2023-02-15,1,Algae_Sum,6.31114,6.1863675
2023-02-16,1,Algae_Sum,5.3742704,5.1863017
2023-02-17,1,Algae_Sum,5.505119,4.7594566
2023-02-18,1,Algae_Sum,6.857666,4.916344
2023-02-19,1,Algae_Sum,6.3102674,5.889125
2023-02-20,1,Algae_Sum,6.2405734,6.050934
2023-02-21,1,Algae_Sum,4.75634,5.977117
2023-02-22,1,Algae_Sum,3.9756105,5.0367084
2023-02-23,1,Algae_Sum,6.117677,4.404298
2023-02-24,1,Algae_Sum,5.387982,5.4184175
2023-02-25,1,Algae_Sum,4.2622905,5.290929
2023-02-26,1,Algae_Sum,4.313567,4.6120863
2023-02-27,1,Algae_Sum,5.0228467,4.3260913
2023-02-28,1,Algae_Sum,7.901806,4.7155704
2023-03-01,1,Algae_Sum,6.708374,6.7189665
2023-03-02,1,Algae_Sum,4.613053,6.606667
2023-03-03,1,Algae_Sum,3.809062,5.281397
2023-03-04,1,Algae_Sum,3.8859296,4.553696
2023-03-05,1,Algae_Sum,3.6423934,4.510632
2023-03-06,1,Algae_Sum,3.4349272,4.3622785
2023-03-07,1,Algae_Sum,4.2332244,4.212365
2023-03-08,1,Algae_Sum,3.8600123,4.577114
2023-03-09,1,Algae_Sum,3.5998406,4.3970056
2023-03-10,1,Algae_Sum,3.3379147,4.2945437
2023-03-11,1,Algae_Sum,3.1682763,4.224062
2023-03-12,1,Algae_Sum,3.2787595,4.1647654
2023-03-13,1,Algae_Sum,2.8369768,4.193538
2023-03-14,1,Algae_Sum,2.7873752,4.6551943
2023-03-15,1,Algae_Sum,2.737223,4.340703
2023-03-16,1,Algae_Sum,2.6558657,4.0552945
2023-03-17,1,Algae_Sum,3.477784,3.951726
2023-03-18,1,Algae_Sum,3.699724,4.055369
2023-03-19,1,Algae_Sum,3.1224542,4.22868
2023-03-20,1,Algae_Sum,3.0024664,3.9659524
2023-03-21,1,Algae_Sum,2.6945102,4.2093873
2023-03-22,1,Algae_Sum,2.9688792,3.836118
2023-03-23,1,Algae_Sum,5.275051,4.3860755
2023-03-24,1,Algae_Sum,6.6684475,6.178351
2023-03-25,1,Algae_Sum,6.619895,7.010199
2023-03-26,1,Algae_Sum,8.220745,5.4269934
2023-03-27,1,Algae_Sum,8.499983,5.50407
2023-03-28,1,Algae_Sum,7.3574233,5.2723494
2023-03-29,1,Algae_Sum,6.047715,4.7493997
2023-03-30,1,Algae_Sum,5.453628,4.7358828
2023-03-31,1,Algae_Sum,4.8178,4.1966443
2023-04-01,1,Algae_Sum,3.9566126,3.8333142
2023-04-02,1,Algae_Sum,3.6214437,3.6809874
2023-04-03,1,Algae_Sum,3.6822062,3.4974234
2023-04-04,1,Algae_Sum,3.4739294,3.6261845
2023-04-05,1,Algae_Sum,4.791823,3.7102845
2023-04-06,1,Algae_Sum,6.664732,4.4966617
2023-04-07,1,Algae_Sum,6.9721932,4.864506
2023-04-08,1,Algae_Sum,7.7121773,5.6087437
2023-04-09,1,Algae_Sum,6.841786,6.501499
2023-04-10,1,Algae_Sum,6.226974,5.4701495
2023-04-11,1,Algae_Sum,4.9300995,5.0792737
2023-04-12,1,Algae_Sum,3.9539886,4.2466745
2023-04-13,1,Algae_Sum,3.7511232,3.8148499
2023-04-14,1,Algae_Sum,3.948584,3.9966035
2023-04-15,1,Algae_Sum,5.2400723,4.8145614
2023-04-16,1,Algae_Sum,5.50955,5.6362953
2023-04-17,1,Algae_Sum,8.75176,5.2692385
2023-04-18,1,Algae_Sum,8.948177,7.1945786
2023-04-19,1,Algae_Sum,7.163602,7.3719425
2023-04-20,1,Algae_Sum,5.6216245,6.434336
2023-04-21,1,Algae_Sum,5.2019124,5.5353656
2023-04-22,1,Algae_Sum,4.634543,5.2876716
2023-04-23,1,Algae_Sum,4.701191,4.851145
2023-04-24,1,Algae_Sum,4.874914,4.8071065
2023-04-25,1,Algae_Sum,5.603553,4.2299104
2023-04-26,1,Algae_Sum,4.2804728,5.329443
2023-04-27,1,Algae_Sum,3.6347766,4.8365
2023-04-28,1,Algae_Sum,6.5385237,4.3901525
2023-04-29,1,Algae_Sum,14.271435,6.46764
2023-04-30,1,Algae_Sum,12.956777,11.162972
2023-05-01,1,Algae_Sum,7.4970665,10.882178
2023-05-02,1,Algae_Sum,11.292253,7.0077786
2023-05-03,1,Algae_Sum,9.83611,9.388007
2023-05-04,1,Algae_Sum,11.773096,9.200825
2023-05-05,1,Algae_Sum,14.601667,10.848656
2023-05-06,1,Algae_Sum,12.448055,13.371477
2023-05-07,1,Algae_Sum,6.291126,11.640546
2023-05-08,1,Algae_Sum,5.0117936,6.528875
2023-05-09,1,Algae_Sum,5.804376,5.2976923
2023-05-10,1,Algae_Sum,6.3043756,5.800433
2023-05-11,1,Algae_Sum,7.088902,5.5139146
2023-05-12,1,Algae_Sum,7.7510343,5.389202
2023-05-13,1,Algae_Sum,8.704016,5.678158
2023-05-14,1,Algae_Sum,6.7547026,5.695109
2023-05-15,1,Algae_Sum,5.222729,5.120406
2023-05-16,1,Algae_Sum,4.4986825,4.6780586
2023-05-17,1,Algae_Sum,4.0229225,4.5465794
2023-05-18,1,Algae_Sum,4.6135154,4.043078
2023-05-19,1,Algae_Sum,3.9889245,4.615127
2023-05-20,1,Algae_Sum,3.652485,4.331301
2023-05-21,1,Algae_Sum,3.7265778,4.2016177
2023-05-22,1,Algae_Sum,3.2291937,4.7062902
2023-05-23,1,Algae_Sum,3.8584538,4.042705
2023-05-24,1,Algae_Sum,4.446563,4.174405
2023-05-25,1,Algae_Sum,4.0857143,4.338757
2023-05-26,1,Algae_Sum,4.0087175,4.3805723
2023-05-27,1,Algae_Sum,4.828029,4.3445334
2023-05-28,1,Algae_Sum,6.1320353,4.8984265
2023-05-29,1,Algae_Sum,7.9067554,6.699896
2023-05-30,1,Algae_Sum,8.271934,8.122231
2023-05-31,1,Algae_Sum,12.0165825,7.950079
2023-06-01,1,Algae_Sum,13.20095,10.154483
2023-06-02,1,Algae_Sum,9.427839,10.426584
2023-06-03,1,Algae_Sum,10.580038,8.044722
2023-06-04,1,Algae_Sum,8.459904,7.228557
2023-06-05,1,Algae_Sum,5.495514,6.7334647
2023-06-06,1,Algae_Sum,8.329729,5.5412793
2023-06-07,1,Algae_Sum,10.058122,7.19362
2023-06-08,1,Algae_Sum,8.31265,8.960108
2023-06-09,1,Algae_Sum,6.1535554,8.423931
2023-06-10,1,Algae_Sum,4.5677657,6.54038
2023-06-11,1,Algae_Sum,4.7996216,5.366025
2023-06-12,1,Algae_Sum,5.6931252,5.3192415
2023-06-13,1,Algae_Sum,6.915264,5.7137737
2023-06-14,1,Algae_Sum,7.855021,6.0181217
2023-06-15,1,Algae_Sum,6.4189825,5.777889
2023-06-16,1,Algae_Sum,4.1020656,5.438486
2023-06-17,1,Algae_Sum,4.350381,4.6032434
2023-06-18,1,Algae_Sum,4.93138,4.6096354
2023-06-19,1,Algae_Sum,3.957721,5.675372
2023-06-20,1,Algae_Sum,5.3548512,5.576534
2023-06-21,1,Algae_Sum,9.287184,6.8569255
2023-06-22,1,Algae_Sum,10.645128,10.064303
2023-06-23,1,Algae_Sum,11.645772,11.600193
2023-06-24,1,Algae_Sum,11.620409,11.066139
2023-06-25,1,Algae_Sum,11.008908,10.104395
2023-06-26,1,Algae_Sum,12.472473,9.516511
2023-06-27,1,Algae_Sum,13.612487,10.123588
2023-06-28,1,Algae_Sum,14.570873,10.758367
2023-06-29,1,Algae_Sum,16.603083,13.880848
2023-06-30,1,Algae_Sum,16.828627,15.006567
2023-07-01,1,Algae_Sum,11.07205,13.655805
2023-07-02,1,Algae_Sum,10.102373,10.388439
2023-07-03,1,Algae_Sum,11.606199,9.344601
2023-07-04,1,Algae_Sum,17.047934,10.688252
2023-07-05,1,Algae_Sum,19.302849,14.460713
2023-07-06,1,Algae_Sum,18.339706,16.344425
2023-07-07,1,Algae_Sum,18.408247,15.309264
2023-07-08,1,Algae_Sum,17.667715,15.181708
2023-07-09,1,Algae_Sum,19.730883,15.379709
2023-07-10,1,Algae_Sum,18.000517,15.707293
2023-07-11,1,Algae_Sum,13.325165,14.490892
2023-07-12,1,Algae_Sum,9.572903,11.379268
2023-07-13,1,Algae_Sum,8.623045,9.263521
2023-07-14,1,Algae_Sum,6.3744617,8.704189
2023-07-15,1,Algae_Sum,5.2136755,7.6327705
2023-07-16,1,Algae_Sum,4.364538,6.8559694
2023-07-17,1,Algae_Sum,4.507408,6.2302666
2023-07-18,1,Algae_Sum,4.186809,6.4691486
2023-07-19,1,Algae_Sum,4.201817,6.1936064
2023-07-20,1,Algae_Sum,5.7306867,6.2299943
2023-07-21,1,Algae_Sum,12.8116,7.876097
2023-07-22,1,Algae_Sum,19.579756,12.676766
2023-07-23,1,Algae_Sum,18.616846,16.504547
2023-07-24,1,Algae_Sum,21.267357,16.322365
2023-07-25,1,Algae_Sum,22.591825,16.644238
2023-07-26,1,Algae_Sum,19.576962,16.53217
2023-07-27,1,Algae_Sum,12.689302,13.405615
2023-07-28,1,Algae_Sum,7.021845,10.3481455
2023-07-29,1,Algae_Sum,6.46789,7.15499
2023-07-30,1,Algae_Sum,8.131341,6.944366
2023-07-31,1,Algae_Sum,10.473058,8.58637
2023-08-01,1,Algae_Sum,9.347293,10.471268
2023-08-02,1,Algae_Sum,10.365169,10.8177
2023-08-03,1,Algae_Sum,13.959923,12.247065
2023-08-04,1,Algae_Sum,13.29757,14.420171
2023-08-05,1,Algae_Sum,19.390783,13.5847025
2023-08-06,1,Algae_Sum,20.012756,15.305908
2023-08-07,1,Algae_Sum,21.812866,15.910534
2023-08-08,1,Algae_Sum,21.698616,16.20793
2023-08-09,1,Algae_Sum,15.952563,15.638591
2023-08-10,1,Algae_Sum,12.506755,14.131578
2023-08-11,1,Algae_Sum,9.76769,10.91724
2023-08-12,1,Algae_Sum,8.628945,9.455883
2023-08-13,1,Algae_Sum,10.753833,8.691581
2023-08-14,1,Algae_Sum,18.312202,11.047015
2023-08-15,1,Algae_Sum,15.357068,15.856781
2023-08-16,1,Algae_Sum,14.4903345,13.82343
2023-08-17,1,Algae_Sum,6.1450768,11.859486
2023-08-18,1,Algae_Sum,6.9899535,6.2645946
2023-08-19,1,Algae_Sum,7.427206,6.0775824
2023-08-20,1,Algae_Sum,5.591925,6.3410397
2023-08-21,1,Algae_Sum,5.112237,5.519183
2023-08-22,1,Algae_Sum,4.8117847,4.93443
2023-08-23,1,Algae_Sum,4.9052696,4.58152
2023-08-24,1,Algae_Sum,4.682758,5.014047
2023-08-25,1,Algae_Sum,4.229706,4.5268073
2023-08-26,1,Algae_Sum,5.2838764,5.051514
2023-08-27,1,Algae_Sum,5.1225586,5.3257356
2023-08-28,1,Algae_Sum,5.457451,5.779192
2023-08-29,1,Algae_Sum,9.769335,5.477354
2023-08-30,1,Algae_Sum,6.403431,7.215195
2023-08-31,1,Algae_Sum,9.14163,6.263419
2023-09-01,1,Algae_Sum,7.098849,7.323563
2023-09-02,1,Algae_Sum,6.8927407,6.453382
2023-09-03,1,Algae_Sum,6.0940366,6.0899754
2023-09-04,1,Algae_Sum,5.8949885,5.695083
2023-09-05,1,Algae_Sum,8.714047,5.55218
2023-09-06,1,Algae_Sum,10.118848,6.021865
2023-09-07,1,Algae_Sum,9.202477,6.502829
2023-09-08,1,Algae_Sum,9.017773,6.043121
2023-09-09,1,Algae_Sum,5.850143,6.0588436
2023-09-10,1,Algae_Sum,4.832357,4.932889
2023-09-11,1,Algae_Sum,4.02745,4.73178
2023-09-12,1,Algae_Sum,3.6709762,4.2785788
2023-09-13,1,Algae_Sum,4.0373435,4.3953676
2023-09-14,1,Algae_Sum,5.0195746,4.4373746
2023-09-15,1,Algae_Sum,6.2175045,5.308648
2023-09-16,1,Algae_Sum,5.396928,6.759274
2023-09-17,1,Algae_Sum,4.511211,6.1970654
2023-09-18,1,Algae_Sum,5.9401107,5.6039944
2023-09-19,1,Algae_Sum,7.256015,6.4220014
2023-09-20,1,Algae_Sum,9.687739,7.401483
2023-09-21,1,Algae_Sum,11.152798,9.560502
2023-09-22,1,Algae_Sum,9.092755,10.296713
2023-09-23,1,Algae_Sum,9.462845,9.148016
2023-09-24,1,Algae_Sum,9.13481,9.2397785
2023-09-25,1,Algae_Sum,6.733803,8.858509
2023-09-26,1,Algae_Sum,9.3901205,7.461164
2023-09-27,1,Algae_Sum,8.797401,8.926876
2023-09-28,1,Algae_Sum,8.627417,8.597843
2023-09-29,1,Algae_Sum,8.13903,8.250858
2023-09-30,1,Algae_Sum,8.805059,7.952311
2023-10-01,1,Algae_Sum,8.873955,7.797044
2023-10-02,1,Algae_Sum,5.967786,7.9733977
2023-10-03,1,Algae_Sum,7.2735186,6.3228335
2023-10-04,1,Algae_Sum,7.5096498,6.595778
2023-10-05,1,Algae_Sum,5.9595027,7.0002513
2023-10-06,1,Algae_Sum,4.3613086,5.9128413
2023-10-07,1,Algae_Sum,3.5716507,4.54113
2023-10-08,1,Algae_Sum,3.528187,3.8259597
2023-10-09,1,Algae_Sum,3.9179816,3.7379365
2023-10-10,1,Algae_Sum,4.670383,4.0764523
2023-10-11,1,Algae_Sum,4.3853636,4.764795
2023-10-12,1,Algae_Sum,3.630321,4.83029
2023-10-13,1,Algae_Sum,6.1506977,4.9959884
2023-10-14,1,Algae_Sum,10.862733,6.5169864
2023-10-15,1,Algae_Sum,12.212149,9.764443
2023-10-16,1,Algae_Sum,6.1697555,10.708939
2023-10-17,1,Algae_Sum,5.6503882,6.798085
2023-10-18,1,Algae_Sum,8.3702,5.683286
2023-10-19,1,Algae_Sum,7.988243,6.4946985
2023-10-20,1,Algae_Sum,8.712761,5.9227705
2023-10-21,1,Algae_Sum,6.09467,6.116821
2023-10-22,1,Algae_Sum,7.1581044,4.9835753
2023-10-23,1,Algae_Sum,5.96391,5.3617992
2023-10-24,1,Algae_Sum,8.6742325,5.231105
2023-10-25,1,Algae_Sum,13.544966,6.291477
2023-10-26,1,Algae_Sum,10.631577,8.164693
2023-10-27,1,Algae_Sum,10.541737,7.329004
2023-10-28,1,Algae_Sum,5.8347054,6.767369
2023-10-29,1,Algae_Sum,5.825745,5.280612
2023-10-30,1,Algae_Sum,5.56857,5.162852
2023-10-31,1,Algae_Sum,6.985122,5.2213535
2023-11-01,1,Algae_Sum,8.041882,5.598367
2023-11-02,1,Algae_Sum,6.7011433,6.23495
2023-11-03,1,Algae_Sum,8.279078,5.5164933
2023-11-04,1,Algae_Sum,5.83744,6.3643126
2023-11-05,1,Algae_Sum,8.754188,5.690602
2023-11-06,1,Algae_Sum,10.229152,6.5824566
2023-11-07,1,Algae_Sum,7.655938,7.378082
2023-11-08,1,Algae_Sum,4.2260113,6.0947976
2023-11-09,1,Algae_Sum,4.6493325,4.361294
2023-11-10,1,Algae_Sum,5.1353493,4.402241
2023-11-11,1,Algae_Sum,3.610392,4.7059083
2023-11-12,1,Algae_Sum,3.563171,4.2900276
2023-11-13,1,Algae_Sum,2.9885213,4.334154
2023-11-14,1,Algae_Sum,3.5244007,3.844899
2023-11-15,1,Algae_Sum,3.460855,4.16132
2023-11-16,1,Algae_Sum,3.3802412,4.1198034
2023-11-17,1,Algae_Sum,3.2781708,3.8944838
2023-11-18,1,Algae_Sum,3.6207902,3.7527173
2023-11-19,1,Algae_Sum,2.9817839,4.2451363
2023-11-20,1,Algae_Sum,3.663706,3.6803236
2023-11-21,1,Algae_Sum,3.2461529,3.9997923
2023-11-22,1,Algae_Sum,4.652809,3.6131327
2023-11-23,1,Algae_Sum,11.062335,3.979281
2023-11-24,1,Algae_Sum,7.191083,6.9222007
2023-11-25,1,Algae_Sum,4.861382,6.249005
2023-11-26,1,Algae_Sum,3.3599403,4.902065
2023-11-27,1,Algae_Sum,3.5830445,4.0121846
2023-11-28,1,Algae_Sum,5.812014,4.0706053
2023-11-29,1,Algae_Sum,5.0685453,5.0549893
2023-11-30,1,Algae_Sum,13.4719305,5.607304
2023-12-01,1,Algae_Sum,7.98614,9.352308
2023-12-02,1,Algae_Sum,5.869619,6.5820103
2023-12-03,1,Algae_Sum,6.3705707,4.936964
2023-12-04,1,Algae_Sum,5.155445,5.0312433
2023-12-05,1,Algae_Sum,8.696334,4.515052
2023-12-06,1,Algae_Sum,9.385786,5.803744
2023-12-07,1,Algae_Sum,6.3892965,6.054082
2023-12-08,1,Algae_Sum,4.352298,5.4270105
2023-12-09,1,Algae_Sum,6.964291,4.466018
2023-12-10,1,Algae_Sum,5.7171173,6.0222936
2023-12-11,1,Algae_Sum,9.130519,5.672386
2023-12-12,1,Algae_Sum,12.658916,7.92456
2023-12-13,1,Algae_Sum,11.153771,10.930478
2023-12-14,1,Algae_Sum,11.911017,8.853076
2023-12-15,1,Algae_Sum,12.863973,7.54207
2023-12-16,1,Algae_Sum,9.227918,7.449187
2023-12-17,1,Algae_Sum,5.000855,6.031975
2023-12-18,1,Algae_Sum,5.0440235,3.9980931
2023-12-19,1,Algae_Sum,7.2128468,3.713414
2023-12-20,1,Algae_Sum,5.3524604,4.710463
2023-12-21,1,Algae_Sum,4.4162736,4.208045
2023-12-22,1,Algae_Sum,5.4673543,3.8611426
2023-12-23,1,Algae_Sum,5.3069916,4.263663
2023-12-24,1,Algae_Sum,5.0713725,4.3676505
2023-12-25,1,Algae_Sum,6.1313434,4.2997084
2023-12-26,1,Algae_Sum,12.130165,4.5293984
2023-12-27,1,Algae_Sum,14.239751,6.266251
2020-10-29,2,Algae_Sum,20.664259,10.273728
2020-10-30,2,Algae_Sum,21.884106,12.984434
2020-10-31,2,Algae_Sum,12.073075,15.189036
2020-11-01,2,Algae_Sum,14.822073,15.170966
2020-11-02,2,Algae_Sum,13.792086,9.9032135
2020-11-03,2,Algae_Sum,9.761375,11.601321
2020-11-04,2,Algae_Sum,9.380658,11.656622
2020-11-05,2,Algae_Sum,7.6647573,9.199619
2020-11-06,2,Algae_Sum,10.652831,9.013365
2020-11-07,2,Algae_Sum,17.500963,8.016227
2020-11-08,2,Algae_Sum,7.6776447,10.45266
2020-11-09,2,Algae_Sum,6.484938,14.515627
2020-11-10,2,Algae_Sum,5.9227905,8.481904
2020-11-11,2,Algae_Sum,6.3580694,7.1724215
2020-11-12,2,Algae_Sum,7.033241,7.016254
2020-11-13,2,Algae_Sum,7.3596616,7.498928
2020-11-14,2,Algae_Sum,9.0749035,8.006947
2020-11-15,2,Algae_Sum,8.515803,8.280171
2020-11-16,2,Algae_Sum,13.417889,9.123433
2020-11-17,2,Algae_Sum,15.102305,9.035616
2020-11-18,2,Algae_Sum,14.956821,12.141012
2020-11-19,2,Algae_Sum,18.823248,12.863981
2020-11-20,2,Algae_Sum,16.920609,11.728556
2020-11-21,2,Algae_Sum,15.183918,13.587611
2020-11-22,2,Algae_Sum,15.901703,12.00527
2020-11-23,2,Algae_Sum,11.166392,10.788641
2020-11-24,2,Algae_Sum,10.60181,11.276278
2020-11-25,2,Algae_Sum,9.785565,8.751784
2020-11-26,2,Algae_Sum,16.66919,8.069078
2020-11-27,2,Algae_Sum,11.014212,7.780461
2020-11-28,2,Algae_Sum,8.998741,11.688218
2020-11-29,2,Algae_Sum,9.229913,9.136701
2020-11-30,2,Algae_Sum,4.991194,7.660697
2020-12-01,2,Algae_Sum,4.6330485,7.5199165
2020-12-02,2,Algae_Sum,5.1133065,5.1094913
2020-12-03,2,Algae_Sum,4.5701375,4.827616
2020-12-04,2,Algae_Sum,5.052518,5.3842163
2020-12-05,2,Algae_Sum,4.2047973,5.2158895
2020-12-06,2,Algae_Sum,4.3188496,5.2792287
2020-12-07,2,Algae_Sum,4.5638957,4.9687204
2020-12-08,2,Algae_Sum,4.3974586,4.851951
2020-12-09,2,Algae_Sum,6.298979,5.2836037
2020-12-10,2,Algae_Sum,5.4832077,5.162057
2020-12-11,2,Algae_Sum,3.929725,6.537556
2020-12-12,2,Algae_Sum,6.609797,6.5050073
2020-12-13,2,Algae_Sum,14.367908,5.0978956
2020-12-14,2,Algae_Sum,4.815441,6.4828815
2020-12-15,2,Algae_Sum,4.2484083,11.817762
2020-12-16,2,Algae_Sum,4.285731,5.6952906
2020-12-17,2,Algae_Sum,4.113128,4.422192
2020-12-18,2,Algae_Sum,3.9961796,4.501611
2020-12-19,2,Algae_Sum,4.648864,5.2972484
2020-12-20,2,Algae_Sum,5.3344426,4.9833293
2020-12-21,2,Algae_Sum,5.618892,5.3095727
2020-12-22,2,Algae_Sum,5.4751267,6.1277366
2020-12-23,2,Algae_Sum,7.776384,6.263791
2020-12-24,2,Algae_Sum,7.4458003,6.1508293
2020-12-25,2,Algae_Sum,6.071738,7.782532
2020-12-26,2,Algae_Sum,6.178096,7.827139
2020-12-27,2,Algae_Sum,6.910051,6.656062
2020-12-28,2,Algae_Sum,18.225533,7.014581
2020-12-29,2,Algae_Sum,16.772173,8.099205
2020-12-30,2,Algae_Sum,16.605732,15.128093
2020-12-31,2,Algae_Sum,16.387157,14.539751
2021-01-01,2,Algae_Sum,8.856911,12.828223
2021-01-02,2,Algae_Sum,5.317567,11.962441
2021-01-03,2,Algae_Sum,4.7676196,7.561103
2021-01-04,2,Algae_Sum,4.2526574,5.5390096
2021-01-05,2,Algae_Sum,4.1225705,5.520883
2021-01-06,2,Algae_Sum,5.5991163,5.5648036
2021-01-07,2,Algae_Sum,7.6152134,5.540097
2021-01-08,2,Algae_Sum,4.0434084,6.7252336
2021-01-09,2,Algae_Sum,3.713741,7.8784776
2021-01-10,2,Algae_Sum,3.414877,5.4107027
2021-01-11,2,Algae_Sum,3.6629832,4.8802643
2021-01-12,2,Algae_Sum,5.2977786,4.7612457
2021-01-13,2,Algae_Sum,6.059045,4.8548903
2021-01-14,2,Algae_Sum,6.5575237,5.777518
2021-01-15,2,Algae_Sum,6.035286,6.3883634
2021-01-16,2,Algae_Sum,6.2309194,6.8110833
2021-01-17,2,Algae_Sum,7.3292184,6.4706454
2021-01-18,2,Algae_Sum,7.2281694,6.594356
2021-01-19,2,Algae_Sum,6.791013,6.434307
2021-01-20,2,Algae_Sum,9.555196,6.6347933
2021-01-21,2,Algae_Sum,12.568437,6.789075
2021-01-22,2,Algae_Sum,13.08861,10.264344
2021-01-23,2,Algae_Sum,16.701107,11.624139
2021-01-24,2,Algae_Sum,11.107178,11.8842535
2021-01-25,2,Algae_Sum,13.185079,12.088907
2021-01-26,2,Algae_Sum,14.309341,9.852404
2021-01-27,2,Algae_Sum,17.447178,10.540646
2021-01-28,2,Algae_Sum,12.752337,10.553156
2021-01-29,2,Algae_Sum,14.503437,11.343816
2021-01-30,2,Algae_Sum,14.994356,9.266132
2021-01-31,2,Algae_Sum,12.609326,9.418801
2021-02-01,2,Algae_Sum,11.911086,10.044407
2021-02-02,2,Algae_Sum,11.054591,10.0971365
2021-02-03,2,Algae_Sum,9.5205145,10.145539
2021-02-04,2,Algae_Sum,10.508161,9.747544
2021-02-05,2,Algae_Sum,10.67833,8.720779
2021-02-06,2,Algae_Sum,10.053758,9.511751
2021-02-07,2,Algae_Sum,9.0949745,10.165882
2021-02-08,2,Algae_Sum,9.740884,9.844848
2021-02-09,2,Algae_Sum,11.113655,9.109801
2021-02-10,2,Algae_Sum,13.788543,9.311243
2021-02-11,2,Algae_Sum,9.672534,9.9294405
2021-02-12,2,Algae_Sum,9.084823,10.71904
2021-02-13,2,Algae_Sum,17.508087,9.082419
2021-02-14,2,Algae_Sum,13.146946,9.089647
2021-02-15,2,Algae_Sum,11.419103,13.707904
2021-02-16,2,Algae_Sum,11.980311,11.448766
2021-02-17,2,Algae_Sum,11.245926,9.836984
2021-02-18,2,Algae_Sum,7.9800363,10.574194
2021-02-19,2,Algae_Sum,9.421471,9.743251
2021-02-20,2,Algae_Sum,7.99176,7.831205
2021-02-21,2,Algae_Sum,8.2490015,8.978444
2021-02-22,2,Algae_Sum,7.808769,8.31283
2021-02-23,2,Algae_Sum,8.060869,8.6805105
2021-02-24,2,Algae_Sum,7.221506,8.457686
2021-02-25,2,Algae_Sum,9.2095,8.395053
2021-02-26,2,Algae_Sum,9.879594,7.8506765
2021-02-27,2,Algae_Sum,8.833722,8.936406
2021-02-28,2,Algae_Sum,8.0143585,9.393165
2021-03-01,2,Algae_Sum,6.0586815,8.630229
2021-03-02,2,Algae_Sum,6.4103456,7.8144836
2021-03-03,2,Algae_Sum,8.819653,6.1439457
2021-03-04,2,Algae_Sum,6.2930245,6.1240807
2021-03-05,2,Algae_Sum,3.0083067,7.749218
2021-03-06,2,Algae_Sum,1.6337553,6.4968376
2021-03-07,2,Algae_Sum,1.628278,4.2728653
2021-03-08,2,Algae_Sum,2.2676249,3.2522502
2021-03-09,2,Algae_Sum,2.4649348,3.123732
2021-03-10,2,Algae_Sum,3.7003834,3.8570707
2021-03-11,2,Algae_Sum,6.6675324,4.608051
2021-03-12,2,Algae_Sum,10.264775,5.9601617
2021-03-13,2,Algae_Sum,19.44618,8.936108
2021-03-14,2,Algae_Sum,12.759682,12.293686
2021-03-15,2,Algae_Sum,12.029479,16.32091
2021-03-16,2,Algae_Sum,9.745131,11.1470375
2021-03-17,2,Algae_Sum,7.7749853,9.400732
2021-03-18,2,Algae_Sum,7.2675614,8.006893
2021-03-19,2,Algae_Sum,5.630832,6.430735
2021-03-20,2,Algae_Sum,5.568669,6.2153215
2021-03-21,2,Algae_Sum,4.5231113,5.5472827
2021-03-22,2,Algae_Sum,3.0237844,5.314386
2021-03-23,2,Algae_Sum,2.5734901,4.87238
2021-03-24,2,Algae_Sum,2.9237897,4.190648
2021-03-25,2,Algae_Sum,2.8117054,3.928529
2021-03-26,2,Algae_Sum,3.0104342,4.0420146
2021-03-27,2,Algae_Sum,3.8426285,4.197701
2021-03-28,2,Algae_Sum,6.895923,4.5144143
2021-03-29,2,Algae_Sum,13.461354,5.48594
2021-03-30,2,Algae_Sum,17.317652,8.136034
2021-03-31,2,Algae_Sum,17.391066,13.635133
2021-04-01,2,Algae_Sum,14.776763,15.239692
2021-04-02,2,Algae_Sum,12.928407,13.400221
2021-04-03,2,Algae_Sum,11.813078,10.263327
2021-04-04,2,Algae_Sum,8.532172,7.9347806
2021-04-05,2,Algae_Sum,6.315181,7.9478793
2021-04-06,2,Algae_Sum,6.0695224,6.6085973
2021-04-07,2,Algae_Sum,6.6027446,5.733969
2021-04-08,2,Algae_Sum,6.337952,5.7465506
2021-04-09,2,Algae_Sum,5.6539507,6.1375427
2021-04-10,2,Algae_Sum,5.894414,5.844936
2021-04-11,2,Algae_Sum,7.030861,5.937965
2021-04-12,2,Algae_Sum,13.461731,6.381408
2021-04-13,2,Algae_Sum,14.730739,7.471158
2021-04-14,2,Algae_Sum,15.172216,11.840822
2021-04-15,2,Algae_Sum,13.776918,13.340215
2021-04-16,2,Algae_Sum,13.478327,12.663586
2021-04-17,2,Algae_Sum,17.960876,10.7411
2021-04-18,2,Algae_Sum,13.178813,10.671325
2021-04-19,2,Algae_Sum,12.057459,13.074171
2021-04-20,2,Algae_Sum,11.892882,10.230876
2021-04-21,2,Algae_Sum,12.019044,9.230995
2021-04-22,2,Algae_Sum,14.975033,9.2897415
2021-04-23,2,Algae_Sum,16.368479,10.041423
2021-04-24,2,Algae_Sum,15.866011,11.970614
2021-04-25,2,Algae_Sum,21.996445,13.062211
2021-04-26,2,Algae_Sum,17.954536,12.763255
2021-04-27,2,Algae_Sum,14.3708105,14.078557
2021-04-28,2,Algae_Sum,8.976744,10.624132
2021-04-29,2,Algae_Sum,6.032525,8.568838
2021-04-30,2,Algae_Sum,6.1225615,6.797239
2021-05-01,2,Algae_Sum,13.055283,6.342725
2021-05-02,2,Algae_Sum,15.771375,6.6621013
2021-05-03,2,Algae_Sum,17.007025,11.0963745
2021-05-04,2,Algae_Sum,9.339772,13.111926
2021-05-05,2,Algae_Sum,9.40084,13.704381
2021-05-06,2,Algae_Sum,11.735045,8.738637
2021-05-07,2,Algae_Sum,11.6258955,8.992981
2021-05-08,2,Algae_Sum,16.68035,11.189263
2021-05-09,2,Algae_Sum,22.493618,11.384776
2021-05-10,2,Algae_Sum,16.525246,13.884718
2021-05-11,2,Algae_Sum,18.971342,16.836088
2021-05-12,2,Algae_Sum,21.865564,13.451029
2021-05-13,2,Algae_Sum,21.909088,15.244995
2021-05-14,2,Algae_Sum,18.595934,16.834755
2021-05-15,2,Algae_Sum,16.452106,18.100397
2021-05-16,2,Algae_Sum,12.469892,13.146809
2021-05-17,2,Algae_Sum,11.853444,11.639637
2021-05-18,2,Algae_Sum,12.899964,9.983788
2021-05-19,2,Algae_Sum,10.863085,10.304473
2021-05-20,2,Algae_Sum,11.793205,11.721737
2021-05-21,2,Algae_Sum,10.932504,10.034997
2021-05-22,2,Algae_Sum,14.627393,11.122125
2021-05-23,2,Algae_Sum,13.459877,10.727846
2021-05-24,2,Algae_Sum,18.745737,12.495025
2021-05-25,2,Algae_Sum,12.448503,10.986003
2021-05-26,2,Algae_Sum,11.574566,14.503673
2021-05-27,2,Algae_Sum,18.80346,11.339042
2021-05-28,2,Algae_Sum,22.238157,10.519638
2021-05-29,2,Algae_Sum,21.29074,13.913354
2021-05-30,2,Algae_Sum,10.020926,16.179163
2021-05-31,2,Algae_Sum,7.060413,13.73939
2021-06-01,2,Algae_Sum,10.506314,8.605508
2021-06-02,2,Algae_Sum,9.201731,7.125889
2021-06-03,2,Algae_Sum,6.931745,7.992428
2021-06-04,2,Algae_Sum,8.3245325,7.823048
2021-06-05,2,Algae_Sum,7.7431645,6.8454967
2021-06-06,2,Algae_Sum,8.018364,7.4439936
2021-06-07,2,Algae_Sum,9.928958,7.3893056
2021-06-08,2,Algae_Sum,13.749262,8.020721
2021-06-09,2,Algae_Sum,8.666303,9.691564
2021-06-10,2,Algae_Sum,10.037793,12.161047
2021-06-11,2,Algae_Sum,12.12508,8.642287
2021-06-12,2,Algae_Sum,18.209587,9.802892
2021-06-13,2,Algae_Sum,24.054714,11.375986
2021-06-14,2,Algae_Sum,23.002129,14.856428
2021-06-15,2,Algae_Sum,22.791176,17.360657
2021-06-16,2,Algae_Sum,24.818869,15.723898
2021-06-17,2,Algae_Sum,22.894386,16.753048
2021-06-18,2,Algae_Sum,22.643948,17.746826
2021-06-19,2,Algae_Sum,20.487635,16.363928
2021-06-20,2,Algae_Sum,21.67561,14.472301
2021-06-21,2,Algae_Sum,12.94602,13.75591
2021-06-22,2,Algae_Sum,9.037994,14.567773
2021-06-23,2,Algae_Sum,9.579233,10.991973
2021-06-24,2,Algae_Sum,8.6657095,9.408435
2021-06-25,2,Algae_Sum,9.339313,10.027993
2021-06-26,2,Algae_Sum,8.252894,9.8709345
2021-06-27,2,Algae_Sum,19.663662,10.817452
2021-06-28,2,Algae_Sum,25.989393,9.781044
2021-06-29,2,Algae_Sum,24.72149,16.02916
2021-06-30,2,Algae_Sum,18.818155,17.683565
2021-07-01,2,Algae_Sum,17.853378,16.047913
2021-07-02,2,Algae_Sum,20.01221,13.545892
2021-07-03,2,Algae_Sum,24.686243,14.193728
2021-07-04,2,Algae_Sum,17.383993,15.639908
2021-07-05,2,Algae_Sum,24.257757,17.692709
2021-07-06,2,Algae_Sum,21.03982,13.018182
2021-07-07,2,Algae_Sum,18.139551,15.826792
2021-07-08,2,Algae_Sum,19.128239,14.127365
2021-07-09,2,Algae_Sum,9.262927,12.947946
2021-07-10,2,Algae_Sum,10.348993,14.214492
2021-07-11,2,Algae_Sum,10.155518,8.645634
2021-07-12,2,Algae_Sum,12.318908,8.961627
2021-07-13,2,Algae_Sum,11.372229,9.680337
2021-07-14,2,Algae_Sum,11.732797,11.294245
2021-07-15,2,Algae_Sum,13.027316,10.579302
2021-07-16,2,Algae_Sum,13.275453,13.040429
2021-07-17,2,Algae_Sum,13.036151,13.905606
2021-07-18,2,Algae_Sum,12.048767,14.1154585
2021-07-19,2,Algae_Sum,12.207481,13.236496
2021-07-20,2,Algae_Sum,11.366654,12.077544
2021-07-21,2,Algae_Sum,8.354729,11.386937
2021-07-22,2,Algae_Sum,9.270456,9.585051
2021-07-23,2,Algae_Sum,17.47265,9.034069
2021-07-24,2,Algae_Sum,23.949871,9.623882
2021-07-25,2,Algae_Sum,22.02724,15.426914
2021-07-26,2,Algae_Sum,19.4621,18.395279
2021-07-27,2,Algae_Sum,16.015862,16.57345
2021-07-28,2,Algae_Sum,10.80458,13.358879
2021-07-29,2,Algae_Sum,11.944978,11.588838
2021-07-30,2,Algae_Sum,11.576705,8.972594
2021-07-31,2,Algae_Sum,13.812453,10.377912
2021-08-01,2,Algae_Sum,16.956932,11.107486
2021-08-02,2,Algae_Sum,19.797148,12.363344
2021-08-03,2,Algae_Sum,14.188182,13.761805
2021-08-04,2,Algae_Sum,10.745257,13.853434
2021-08-05,2,Algae_Sum,10.256742,11.176433
2021-08-06,2,Algae_Sum,9.348004,9.554178
2021-08-07,2,Algae_Sum,9.657215,8.507538
2021-08-08,2,Algae_Sum,7.870428,7.694739
2021-08-09,2,Algae_Sum,7.9377337,7.9061418
2021-08-10,2,Algae_Sum,6.537909,8.101176
2021-08-11,2,Algae_Sum,7.6913457,8.912197
2021-08-12,2,Algae_Sum,9.700195,7.756491
2021-08-13,2,Algae_Sum,8.763865,8.472414
2021-08-14,2,Algae_Sum,14.3637705,10.440855
2021-08-15,2,Algae_Sum,19.768396,9.279722
2021-08-16,2,Algae_Sum,14.797129,13.399353
2021-08-17,2,Algae_Sum,13.521683,15.904499
2021-08-18,2,Algae_Sum,16.551445,12.2322645
2021-08-19,2,Algae_Sum,19.159174,10.19123
2021-08-20,2,Algae_Sum,17.454346,13.148624
2021-08-21,2,Algae_Sum,14.43775,14.054531
2021-08-22,2,Algae_Sum,24.444853,14.414145
2021-08-23,2,Algae_Sum,23.654213,12.583421
2021-08-24,2,Algae_Sum,20.174358,16.03936
2021-08-25,2,Algae_Sum,23.570362,16.96274
2021-08-26,2,Algae_Sum,22.163607,14.098682
2021-08-27,2,Algae_Sum,20.888262,15.389137
2021-08-28,2,Algae_Sum,17.96409,14.342187
2021-08-29,2,Algae_Sum,15.920398,13.742242
2021-08-30,2,Algae_Sum,13.904685,12.229748
2021-08-31,2,Algae_Sum,11.628221,11.416557
2021-09-01,2,Algae_Sum,9.605492,10.990481
2021-09-02,2,Algae_Sum,8.241238,10.600799
2021-09-03,2,Algae_Sum,6.9375906,9.566177
2021-09-04,2,Algae_Sum,8.669407,8.420601
2021-09-05,2,Algae_Sum,9.813335,7.7896466
2021-09-06,2,Algae_Sum,7.5314255,9.302623
2021-09-07,2,Algae_Sum,6.983845,10.236727
2021-09-08,2,Algae_Sum,7.1382346,8.268948
2021-09-09,2,Algae_Sum,13.072077,7.6366196
2021-09-10,2,Algae_Sum,12.83738,8.05864
2021-09-11,2,Algae_Sum,16.002106,11.340013
2021-09-12,2,Algae_Sum,17.835026,11.260324
2021-09-13,2,Algae_Sum,14.486676,13.395931
2021-09-14,2,Algae_Sum,13.53239,14.253265
2021-09-15,2,Algae_Sum,9.934142,11.44212
2021-09-16,2,Algae_Sum,8.631086,10.633306
2021-09-17,2,Algae_Sum,6.440637,9.10486
2021-09-18,2,Algae_Sum,5.292397,8.417683
2021-09-19,2,Algae_Sum,5.922165,7.2430654
2021-09-20,2,Algae_Sum,5.691839,6.580917
2021-09-21,2,Algae_Sum,4.662006,7.0015674
2021-09-22,2,Algae_Sum,6.1574945,6.988796
2021-09-23,2,Algae_Sum,6.0256524,6.1259184
2021-09-24,2,Algae_Sum,5.532701,6.8711534
2021-09-25,2,Algae_Sum,5.1589136,6.991959
2021-09-26,2,Algae_Sum,5.3309774,6.544017
2021-09-27,2,Algae_Sum,5.418769,6.205085
2021-09-28,2,Algae_Sum,5.2733235,5.9727664
2021-09-29,2,Algae_Sum,5.532158,6.0253572
2021-09-30,2,Algae_Sum,6.4422374,6.0094
2021-10-01,2,Algae_Sum,5.0308905,6.0804176
2021-10-02,2,Algae_Sum,4.317036,6.3077016
2021-10-03,2,Algae_Sum,4.889657,5.6282535
2021-10-04,2,Algae_Sum,5.2936916,5.1268616
2021-10-05,2,Algae_Sum,5.697726,5.574665
2021-10-06,2,Algae_Sum,6.1017604,6.0841527
2021-10-07,2,Algae_Sum,6.5057945,6.6580453
2021-10-08,2,Algae_Sum,6.909829,6.935383
2021-10-09,2,Algae_Sum,7.3138633,7.328766
2021-10-10,2,Algae_Sum,7.7178974,7.8049216
2021-10-11,2,Algae_Sum,8.121932,7.5194535
2021-10-12,2,Algae_Sum,8.50928,7.511258
2021-10-13,2,Algae_Sum,7.9375234,7.525018
2021-10-14,2,Algae_Sum,7.977364,7.88703
2021-10-15,2,Algae_Sum,15.226336,7.9465003
2021-10-16,2,Algae_Sum,16.438095,7.9159765
2021-10-17,2,Algae_Sum,8.294558,11.6662655
2021-10-18,2,Algae_Sum,7.752127,12.253137
2021-10-19,2,Algae_Sum,7.259913,7.5991306
2021-10-20,2,Algae_Sum,6.6409698,7.0858974
2021-10-21,2,Algae_Sum,6.6670914,7.558707
2021-10-22,2,Algae_Sum,5.925297,6.9306207
2021-10-23,2,Algae_Sum,5.4903545,7.1671233
2021-10-24,2,Algae_Sum,5.6178727,6.8227715
2021-10-25,2,Algae_Sum,5.6348443,6.6558924
2021-10-26,2,Algae_Sum,6.6838927,6.9138045
2021-10-27,2,Algae_Sum,12.037207,7.025722
2021-10-28,2,Algae_Sum,17.690195,7.7575808
2021-10-29,2,Algae_Sum,18.624842,12.256043
2021-10-30,2,Algae_Sum,13.580152,15.47006
2021-10-31,2,Algae_Sum,11.194544,14.176476
2021-11-01,2,Algae_Sum,10.462178,9.832481
2021-11-02,2,Algae_Sum,12.232649,8.526366
2021-11-03,2,Algae_Sum,15.58694,8.183855
2021-11-04,2,Algae_Sum,10.781874,9.806339
2021-11-05,2,Algae_Sum,5.8879957,11.606641
2021-11-06,2,Algae_Sum,7.3089147,9.179036
2021-11-07,2,Algae_Sum,9.767589,5.890295
2021-11-08,2,Algae_Sum,10.094161,7.122231
2021-11-09,2,Algae_Sum,8.241853,9.616674
2021-11-10,2,Algae_Sum,8.87005,9.453906
2021-11-11,2,Algae_Sum,6.3899784,8.141057
2021-11-12,2,Algae_Sum,5.1606374,8.340056
2021-11-13,2,Algae_Sum,5.5793633,6.6844115
2021-11-14,2,Algae_Sum,4.651657,5.7252655
2021-11-15,2,Algae_Sum,4.554149,5.955427
2021-11-16,2,Algae_Sum,5.022404,5.403829
2021-11-17,2,Algae_Sum,4.6273074,5.2229786
2021-11-18,2,Algae_Sum,4.374101,5.516637
2021-11-19,2,Algae_Sum,3.9367054,5.428876
2021-11-20,2,Algae_Sum,4.143954,5.215872
2021-11-21,2,Algae_Sum,5.2425346,4.7424912
2021-11-22,2,Algae_Sum,5.5534515,4.7902
2021-11-23,2,Algae_Sum,3.9296818,5.7038803
2021-11-24,2,Algae_Sum,3.9628437,5.947579
2021-11-25,2,Algae_Sum,3.9074223,4.7307754
2021-11-26,2,Algae_Sum,4.0430174,4.653816
2021-11-27,2,Algae_Sum,4.3520837,4.7026014
2021-11-28,2,Algae_Sum,4.666802,4.8108916
2021-11-29,2,Algae_Sum,5.4313397,5.0457797
2021-11-30,2,Algae_Sum,7.180413,5.256644
2021-12-01,2,Algae_Sum,7.4161477,6.0227337
2021-12-02,2,Algae_Sum,7.2796235,7.4337
2021-12-03,2,Algae_Sum,6.8413396,7.1019673
2021-12-04,2,Algae_Sum,5.8279667,6.7093196
2021-12-05,2,Algae_Sum,5.988748,6.6047363
2021-12-06,2,Algae_Sum,5.93862,6.2604203
2021-12-07,2,Algae_Sum,5.536968,6.0429397
2021-12-08,2,Algae_Sum,5.703489,6.06954
2021-12-09,2,Algae_Sum,5.5692935,5.9191165
2021-12-10,2,Algae_Sum,5.7963386,5.969347
2021-12-11,2,Algae_Sum,6.7919173,6.125145
2021-12-12,2,Algae_Sum,6.347567,6.1876087
2021-12-13,2,Algae_Sum,7.157062,7.2195377
2021-12-14,2,Algae_Sum,7.675123,6.575655
2021-12-15,2,Algae_Sum,8.035453,7.289102
2021-12-16,2,Algae_Sum,8.290507,7.991569
2021-12-17,2,Algae_Sum,7.857487,8.392604
2021-12-18,2,Algae_Sum,6.9587545,8.168778
2021-12-19,2,Algae_Sum,7.078501,7.181192
2021-12-20,2,Algae_Sum,6.386708,6.610435
2021-12-21,2,Algae_Sum,5.7970405,6.638749
2021-12-22,2,Algae_Sum,8.401563,6.0662074
2021-12-23,2,Algae_Sum,9.853842,6.2572284
2021-12-24,2,Algae_Sum,10.479891,7.636666
2021-12-25,2,Algae_Sum,6.79892,9.002601
2021-12-26,2,Algae_Sum,6.1713023,8.607935
2021-12-27,2,Algae_Sum,5.868709,6.7368546
2021-12-28,2,Algae_Sum,6.4871573,6.2364025
2021-12-29,2,Algae_Sum,5.5026603,6.298344
2021-12-30,2,Algae_Sum,5.9895153,7.093137
2021-12-31,2,Algae_Sum,5.2731185,6.4568973
2022-01-01,2,Algae_Sum,5.0462303,6.933977
2022-01-02,2,Algae_Sum,4.418698,6.3852983
2022-01-03,2,Algae_Sum,5.029804,6.244481
2022-01-04,2,Algae_Sum,6.5712094,5.6374345
2022-01-05,2,Algae_Sum,13.401752,5.8636565
2022-01-06,2,Algae_Sum,10.879635,7.0356946
2022-01-07,2,Algae_Sum,9.090659,11.45346
2022-01-08,2,Algae_Sum,12.60774,9.964179
2022-01-09,2,Algae_Sum,9.901173,7.8388977
2022-01-10,2,Algae_Sum,13.245796,9.0898695
2022-01-11,2,Algae_Sum,15.001737,8.050274
2022-01-12,2,Algae_Sum,7.81225,8.88478
2022-01-13,2,Algae_Sum,5.096939,9.3382845
2022-01-14,2,Algae_Sum,3.6971543,6.4160447
2022-01-15,2,Algae_Sum,4.363386,4.9228287
2022-01-16,2,Algae_Sum,4.3458104,4.2513866
2022-01-17,2,Algae_Sum,3.8066256,4.9614663
2022-01-18,2,Algae_Sum,5.2714844,5.198636
2022-01-19,2,Algae_Sum,4.862216,4.6715827
2022-01-20,2,Algae_Sum,5.010956,5.8469524
2022-01-21,2,Algae_Sum,6.06328,5.7790747
2022-01-22,2,Algae_Sum,7.378161,5.8030424
2022-01-23,2,Algae_Sum,14.501929,6.5355625
2022-01-24,2,Algae_Sum,14.932735,7.126025
2022-01-25,2,Algae_Sum,15.1729,11.452747
2022-01-26,2,Algae_Sum,15.917808,11.733585
2022-01-27,2,Algae_Sum,18.156307,11.332321
2022-01-28,2,Algae_Sum,18.664135,11.112795
2022-01-29,2,Algae_Sum,16.769812,10.926031
2022-01-30,2,Algae_Sum,15.78383,11.444016
2022-01-31,2,Algae_Sum,10.025391,9.41247
2022-02-01,2,Algae_Sum,7.953441,9.1413
2022-02-02,2,Algae_Sum,8.797217,7.3616033
2022-02-03,2,Algae_Sum,6.8645725,6.4411507
2022-02-04,2,Algae_Sum,8.426436,7.0442343
2022-02-05,2,Algae_Sum,8.039783,6.0458727
2022-02-06,2,Algae_Sum,6.147427,6.899966
2022-02-07,2,Algae_Sum,6.8574467,7.075471
2022-02-08,2,Algae_Sum,8.257711,5.8292656
2022-02-09,2,Algae_Sum,7.34981,6.34035
2022-02-10,2,Algae_Sum,7.8486204,7.1146703
2022-02-11,2,Algae_Sum,6.7274346,7.2497168
2022-02-12,2,Algae_Sum,8.533124,7.0349455
2022-02-13,2,Algae_Sum,10.349507,6.464824
2022-02-14,2,Algae_Sum,8.167533,7.9772205
2022-02-15,2,Algae_Sum,8.175829,8.66484
2022-02-16,2,Algae_Sum,8.894369,7.557102
2022-02-17,2,Algae_Sum,13.571143,7.5019774
2022-02-18,2,Algae_Sum,14.202525,8.049511
2022-02-19,2,Algae_Sum,12.050333,10.378078
2022-02-20,2,Algae_Sum,7.611722,10.261056
2022-02-21,2,Algae_Sum,5.733845,9.194086
2022-02-22,2,Algae_Sum,5.1310353,6.200969
2022-02-23,2,Algae_Sum,5.166545,5.1743693
2022-02-24,2,Algae_Sum,5.3882766,5.0872087
2022-02-25,2,Algae_Sum,5.3518543,4.9115496
2022-02-26,2,Algae_Sum,5.315431,4.6431317
2022-02-27,2,Algae_Sum,5.2790084,4.6693025
2022-02-28,2,Algae_Sum,4.8051047,5.024089
2022-03-01,2,Algae_Sum,5.7841735,5.2024403
2022-03-02,2,Algae_Sum,6.8599105,4.8926673
2022-03-03,2,Algae_Sum,10.313599,5.585624
2022-03-04,2,Algae_Sum,11.979428,8.286975
2022-03-05,2,Algae_Sum,16.470217,11.144169
2022-03-06,2,Algae_Sum,15.187589,12.574734
2022-03-07,2,Algae_Sum,16.333487,13.081231
2022-03-08,2,Algae_Sum,10.426647,12.914022
2022-03-09,2,Algae_Sum,8.779225,12.711629
2022-03-10,2,Algae_Sum,8.968824,10.117048
2022-03-11,2,Algae_Sum,14.514039,8.193192
2022-03-12,2,Algae_Sum,16.906658,9.324777
2022-03-13,2,Algae_Sum,21.538147,14.146721
2022-03-14,2,Algae_Sum,21.98083,15.265669
2022-03-15,2,Algae_Sum,22.423656,16.34098
2022-03-16,2,Algae_Sum,21.751425,15.803298
2022-03-17,2,Algae_Sum,21.234648,15.300629
2022-03-18,2,Algae_Sum,21.172113,15.283063
2022-03-19,2,Algae_Sum,21.231165,14.114425
2022-03-20,2,Algae_Sum,21.99963,13.741461
2022-03-21,2,Algae_Sum,15.387169,13.145866
2022-03-22,2,Algae_Sum,14.115964,13.04402
2022-03-23,2,Algae_Sum,9.32958,9.887693
2022-03-24,2,Algae_Sum,6.2985444,9.201715
2022-03-25,2,Algae_Sum,5.0341854,7.0248985
2022-03-26,2,Algae_Sum,5.3350325,5.8502736
2022-03-27,2,Algae_Sum,8.063283,6.4302855
2022-03-28,2,Algae_Sum,8.366514,6.1651607
2022-03-29,2,Algae_Sum,7.6990595,5.9611506
2022-03-30,2,Algae_Sum,5.9430585,6.455292
2022-03-31,2,Algae_Sum,5.8530197,5.641923
2022-04-01,2,Algae_Sum,6.477286,5.1727176
2022-04-02,2,Algae_Sum,5.3576946,4.9391274
2022-04-03,2,Algae_Sum,4.647618,6.2070303
2022-04-04,2,Algae_Sum,4.4466186,5.526039
2022-04-05,2,Algae_Sum,5.297857,4.8663373
2022-04-06,2,Algae_Sum,5.3500943,5.3429184
2022-04-07,2,Algae_Sum,6.9239364,6.355133
2022-04-08,2,Algae_Sum,9.900731,6.530197
2022-04-09,2,Algae_Sum,10.458249,7.924177
2022-04-10,2,Algae_Sum,10.405612,10.160425
2022-04-11,2,Algae_Sum,13.034501,11.215703
2022-04-12,2,Algae_Sum,14.912926,11.072503
2022-04-13,2,Algae_Sum,19.22307,11.596901
2022-04-14,2,Algae_Sum,22.115847,13.22305
2022-04-15,2,Algae_Sum,17.048006,15.148171
2022-04-16,2,Algae_Sum,15.873261,16.131691
2022-04-17,2,Algae_Sum,14.353713,12.787802
2022-04-18,2,Algae_Sum,14.21864,11.576491
2022-04-19,2,Algae_Sum,8.382399,10.926387
2022-04-20,2,Algae_Sum,8.115786,10.676114
2022-04-21,2,Algae_Sum,9.250902,7.203269
2022-04-22,2,Algae_Sum,11.966703,7.972066
2022-04-23,2,Algae_Sum,18.829271,8.22843
2022-04-24,2,Algae_Sum,20.491673,10.642474
2022-04-25,2,Algae_Sum,20.124477,14.886684
2022-04-26,2,Algae_Sum,19.488195,15.487762
2022-04-27,2,Algae_Sum,20.577866,14.438398
2022-04-28,2,Algae_Sum,18.024887,13.038407
2022-04-29,2,Algae_Sum,13.731324,12.830065
2022-04-30,2,Algae_Sum,6.8076305,12.34892
2022-05-01,2,Algae_Sum,5.545913,9.811336
2022-05-02,2,Algae_Sum,4.527261,7.522867
2022-05-03,2,Algae_Sum,4.5768986,6.517957
2022-05-04,2,Algae_Sum,6.6484785,5.511552
2022-05-05,2,Algae_Sum,8.88971,5.788584
2022-05-06,2,Algae_Sum,16.515461,7.8097243
2022-05-07,2,Algae_Sum,18.791943,10.179777
2022-05-08,2,Algae_Sum,16.122038,15.219015
2022-05-09,2,Algae_Sum,15.634297,15.823993
2022-05-10,2,Algae_Sum,8.94147,12.020016
2022-05-11,2,Algae_Sum,6.6520653,10.79631
2022-05-12,2,Algae_Sum,6.4911146,6.819778
2022-05-13,2,Algae_Sum,7.851319,6.1099877
2022-05-14,2,Algae_Sum,7.917522,6.5682793
2022-05-15,2,Algae_Sum,7.553483,6.7804556
2022-05-16,2,Algae_Sum,7.6247973,6.116691
2022-05-17,2,Algae_Sum,6.0722594,6.0529637
2022-05-18,2,Algae_Sum,4.699108,5.7238455
2022-05-19,2,Algae_Sum,4.987699,5.57413
2022-05-20,2,Algae_Sum,7.1548514,5.292385
2022-05-21,2,Algae_Sum,14.222451,5.0740395
2022-05-22,2,Algae_Sum,9.076565,6.6720023
2022-05-23,2,Algae_Sum,8.515513,11.078919
2022-05-24,2,Algae_Sum,9.222708,9.250217
2022-05-25,2,Algae_Sum,5.8090363,8.013896
2022-05-26,2,Algae_Sum,5.7371354,8.349501
2022-05-27,2,Algae_Sum,5.815767,6.27097
2022-05-28,2,Algae_Sum,5.8063245,6.2662377
2022-05-29,2,Algae_Sum,5.8092227,5.738959
2022-05-30,2,Algae_Sum,7.214677,5.655415
2022-05-31,2,Algae_Sum,8.897492,5.4269705
2022-06-01,2,Algae_Sum,7.640295,6.0681257
2022-06-02,2,Algae_Sum,6.4281363,6.5339904
2022-06-03,2,Algae_Sum,8.640116,6.4147177
2022-06-04,2,Algae_Sum,10.549696,6.2833796
2022-06-05,2,Algae_Sum,8.642955,6.572902
2022-06-06,2,Algae_Sum,7.183145,7.108893
2022-06-07,2,Algae_Sum,6.3926644,7.149889
2022-06-08,2,Algae_Sum,4.962923,6.4890494
2022-06-09,2,Algae_Sum,6.037123,5.9126916
2022-06-10,2,Algae_Sum,6.2730803,4.4796605
2022-06-11,2,Algae_Sum,7.1472774,4.943457
2022-06-12,2,Algae_Sum,7.695536,5.201761
2022-06-13,2,Algae_Sum,6.7818556,5.8114095
2022-06-14,2,Algae_Sum,5.2812896,6.0134444
2022-06-15,2,Algae_Sum,5.140157,5.345489
2022-06-16,2,Algae_Sum,6.5858974,4.2776194
2022-06-17,2,Algae_Sum,4.191758,3.6887658
2022-06-18,2,Algae_Sum,2.9360435,4.4951596
2022-06-19,2,Algae_Sum,2.771842,4.656131
2022-06-20,2,Algae_Sum,2.4113758,4.449078
2022-06-21,2,Algae_Sum,2.56336,4.4324956
2022-06-22,2,Algae_Sum,3.3818176,4.4079566
2022-06-23,2,Algae_Sum,5.1010637,4.6443367
2022-06-24,2,Algae_Sum,4.796023,4.909456
2022-06-25,2,Algae_Sum,5.372781,4.4665437
2022-06-26,2,Algae_Sum,5.9620204,4.6576056
2022-06-27,2,Algae_Sum,5.862962,5.629611
2022-06-28,2,Algae_Sum,5.971693,6.030913
2022-06-29,2,Algae_Sum,6.132315,6.0017776
2022-06-30,2,Algae_Sum,7.3189716,6.3776617
2022-07-01,2,Algae_Sum,6.916466,6.2575955
2022-07-02,2,Algae_Sum,6.498979,7.229661
2022-07-03,2,Algae_Sum,6.239819,7.472728
2022-07-04,2,Algae_Sum,7.2657785,6.9002647
2022-07-05,2,Algae_Sum,6.5255394,6.5258827
2022-07-06,2,Algae_Sum,6.822724,6.8627734
2022-07-07,2,Algae_Sum,5.1665916,6.442761
2022-07-08,2,Algae_Sum,4.4118934,6.5138054
2022-07-09,2,Algae_Sum,4.431267,5.801774
2022-07-10,2,Algae_Sum,6.2858663,5.6326447
2022-07-11,2,Algae_Sum,8.517831,5.8940873
2022-07-12,2,Algae_Sum,9.017681,7.686191
2022-07-13,2,Algae_Sum,9.129348,8.859288
2022-07-14,2,Algae_Sum,15.8303175,9.06161
2022-07-15,2,Algae_Sum,19.208462,8.883045
2022-07-16,2,Algae_Sum,15.775275,13.1124935
2022-07-17,2,Algae_Sum,15.853436,14.647833
2022-07-18,2,Algae_Sum,12.067487,11.873459
2022-07-19,2,Algae_Sum,6.383169,11.448536
2022-07-20,2,Algae_Sum,5.8032584,9.539048
2022-07-21,2,Algae_Sum,4.7560263,6.6144485
2022-07-22,2,Algae_Sum,4.1545377,6.2205424
2022-07-23,2,Algae_Sum,5.9838204,5.2017117
2022-07-24,2,Algae_Sum,10.653443,4.4631414
2022-07-25,2,Algae_Sum,4.821376,5.64086
2022-07-26,2,Algae_Sum,2.8720334,8.632571
2022-07-27,2,Algae_Sum,3.8140726,5.236658
2022-07-28,2,Algae_Sum,4.3796573,4.0664344
2022-07-29,2,Algae_Sum,4.5798154,4.651405
2022-07-30,2,Algae_Sum,4.78831,5.2723455
2022-07-31,2,Algae_Sum,4.996805,5.767407
2022-08-01,2,Algae_Sum,5.2053,5.937598
2022-08-02,2,Algae_Sum,5.4137945,6.092037
2022-08-03,2,Algae_Sum,5.6222897,6.5144835
2022-08-04,2,Algae_Sum,5.8307843,6.828832
2022-08-05,2,Algae_Sum,6.039279,7.039506
2022-08-06,2,Algae_Sum,6.2477736,6.6724434
2022-08-07,2,Algae_Sum,6.456269,6.7607875
2022-08-08,2,Algae_Sum,6.6647635,6.9356055
2022-08-09,2,Algae_Sum,6.873258,7.2488403
2022-08-10,2,Algae_Sum,7.0817533,7.394775
2022-08-11,2,Algae_Sum,7.290248,7.669749
2022-08-12,2,Algae_Sum,7.4987426,7.8009567
2022-08-13,2,Algae_Sum,7.7072377,7.839058
2022-08-14,2,Algae_Sum,7.9157324,8.141285
2022-08-15,2,Algae_Sum,8.124228,8.847047
2022-08-16,2,Algae_Sum,8.332722,8.670005
2022-08-17,2,Algae_Sum,8.541217,8.576637
2022-08-18,2,Algae_Sum,8.749712,8.748772
2022-08-19,2,Algae_Sum,8.958206,8.97776
2022-08-20,2,Algae_Sum,9.166701,9.176708
2022-08-21,2,Algae_Sum,9.3751955,9.294319
2022-08-22,2,Algae_Sum,9.583691,9.3431015
2022-08-23,2,Algae_Sum,9.792186,9.364885
2022-08-24,2,Algae_Sum,10.000681,9.73053
2022-08-25,2,Algae_Sum,10.209175,9.985033
2022-08-26,2,Algae_Sum,10.41767,10.144522
2022-08-27,2,Algae_Sum,10.626164,9.90133
2022-08-28,2,Algae_Sum,10.83466,10.033832
2022-08-29,2,Algae_Sum,11.043155,10.207912
2022-08-30,2,Algae_Sum,11.25165,10.504775
2022-08-31,2,Algae_Sum,11.460144,10.867953
2022-09-01,2,Algae_Sum,11.668639,11.291846
2022-09-02,2,Algae_Sum,11.877133,11.415677
2022-09-03,2,Algae_Sum,12.0856285,10.7534685
2022-09-04,2,Algae_Sum,12.294124,10.800674
2022-09-05,2,Algae_Sum,12.502618,10.826515
2022-09-06,2,Algae_Sum,12.711113,10.793459
2022-09-07,2,Algae_Sum,12.919608,10.794786
2022-09-08,2,Algae_Sum,13.128102,11.488075
2022-09-09,2,Algae_Sum,13.336597,11.45329
2022-09-10,2,Algae_Sum,13.209601,11.405395
2022-09-11,2,Algae_Sum,17.255486,11.438251
2022-09-12,2,Algae_Sum,15.933509,11.699367
2022-09-13,2,Algae_Sum,16.12013,13.079024
2022-09-14,2,Algae_Sum,17.192202,11.63965
2022-09-15,2,Algae_Sum,13.753511,12.573973
2022-09-16,2,Algae_Sum,9.633491,12.856997
2022-09-17,2,Algae_Sum,7.903886,11.846428
2022-09-18,2,Algae_Sum,12.780203,9.237662
2022-09-19,2,Algae_Sum,9.514808,8.646864
2022-09-20,2,Algae_Sum,4.9406815,10.801651
2022-09-21,2,Algae_Sum,4.6189213,9.140145
2022-09-22,2,Algae_Sum,4.2710423,5.9426975
2022-09-23,2,Algae_Sum,4.478864,5.554937
2022-09-24,2,Algae_Sum,5.996329,5.3723307
2022-09-25,2,Algae_Sum,4.585286,5.439487
2022-09-26,2,Algae_Sum,5.050558,6.3010135
2022-09-27,2,Algae_Sum,5.6589937,6.166025
2022-09-28,2,Algae_Sum,11.683939,5.863753
2022-09-29,2,Algae_Sum,13.702725,6.059958
2022-09-30,2,Algae_Sum,15.484778,9.264258
2022-10-01,2,Algae_Sum,6.297031,10.315552
2022-10-02,2,Algae_Sum,7.5642824,10.08044
2022-10-03,2,Algae_Sum,9.665557,6.2791114
2022-10-04,2,Algae_Sum,10.83576,6.1404877
2022-10-05,2,Algae_Sum,9.383369,7.255557
2022-10-06,2,Algae_Sum,7.674667,7.955416
2022-10-07,2,Algae_Sum,5.521913,6.8947597
2022-10-08,2,Algae_Sum,4.48,6.2388396
2022-10-09,2,Algae_Sum,6.8713117,5.228201
2022-10-10,2,Algae_Sum,7.1460843,5.095926
2022-10-11,2,Algae_Sum,5.5755467,5.812701
2022-10-12,2,Algae_Sum,5.4064493,6.0444603
2022-10-13,2,Algae_Sum,4.879971,5.269317
2022-10-14,2,Algae_Sum,5.674562,5.1603923
2022-10-15,2,Algae_Sum,5.4724946,4.932043
2022-10-16,2,Algae_Sum,6.6296597,5.3067355
2022-10-17,2,Algae_Sum,4.734026,5.606016
2022-10-18,2,Algae_Sum,3.7210355,6.2075186
2022-10-19,2,Algae_Sum,3.343157,5.562765
2022-10-20,2,Algae_Sum,3.5028074,4.710073
2022-10-21,2,Algae_Sum,4.097507,4.3259096
2022-10-22,2,Algae_Sum,11.426301,4.813567
2022-10-23,2,Algae_Sum,4.9245186,4.7832913
2022-10-24,2,Algae_Sum,4.2404847,9.297311
2022-10-25,2,Algae_Sum,3.3743052,5.6985774
2022-10-26,2,Algae_Sum,2.8005362,4.7064805
2022-10-27,2,Algae_Sum,2.8255353,4.1667128
2022-10-28,2,Algae_Sum,2.950159,3.7883775
2022-10-29,2,Algae_Sum,2.7133744,3.8555133
2022-10-30,2,Algae_Sum,2.9389436,4.034318
2022-10-31,2,Algae_Sum,2.4377353,3.9316797
2022-11-01,2,Algae_Sum,2.1923506,4.259011
2022-11-02,2,Algae_Sum,1.8659608,4.159665
2022-11-03,2,Algae_Sum,2.044417,4.016783
2022-11-04,2,Algae_Sum,1.951652,3.9592812
2022-11-05,2,Algae_Sum,1.9406873,4.35822
2022-11-06,2,Algae_Sum,2.6145875,4.2066054
2022-11-07,2,Algae_Sum,2.4995143,3.9423225
2022-11-08,2,Algae_Sum,8.139935,4.305042
2022-11-09,2,Algae_Sum,6.696094,4.105806
2022-11-10,2,Algae_Sum,5.9856873,7.567389
2022-11-11,2,Algae_Sum,10.509102,7.5102067
2022-11-12,2,Algae_Sum,14.771124,5.94179
2022-11-13,2,Algae_Sum,13.465587,7.1355762
2022-11-14,2,Algae_Sum,11.2327175,8.951945
2022-11-15,2,Algae_Sum,6.898669,8.270615
2022-11-16,2,Algae_Sum,3.4700289,7.003242
2022-11-17,2,Algae_Sum,2.8613904,5.076362
2022-11-18,2,Algae_Sum,2.724848,3.4517217
2022-11-19,2,Algae_Sum,3.6304276,3.1480334
2022-11-20,2,Algae_Sum,3.5502534,3.5286906
2022-11-21,2,Algae_Sum,3.3286896,4.2183557
2022-11-22,2,Algae_Sum,3.6257422,4.0618453
2022-11-23,2,Algae_Sum,4.5511847,3.9840167
2022-11-24,2,Algae_Sum,3.9312737,4.0726523
2022-11-25,2,Algae_Sum,3.0423172,4.7652717
2022-11-26,2,Algae_Sum,4.31301,4.2520185
2022-11-27,2,Algae_Sum,4.874558,3.731608
2022-11-28,2,Algae_Sum,4.187641,4.3699927
2022-11-29,2,Algae_Sum,3.062766,4.5512624
2022-11-30,2,Algae_Sum,2.9655862,4.2015796
2022-12-01,2,Algae_Sum,3.046997,3.739922
2022-12-02,2,Algae_Sum,3.228129,3.7120461
2022-12-03,2,Algae_Sum,2.7292252,3.6863127
2022-12-04,2,Algae_Sum,2.5665748,3.788216
2022-12-05,2,Algae_Sum,3.8815446,3.499569
2022-12-06,2,Algae_Sum,3.896229,3.267836
2022-12-07,2,Algae_Sum,4.304931,3.996214
2022-12-08,2,Algae_Sum,4.426543,3.896947
2022-12-09,2,Algae_Sum,5.9125,4.4263253
2022-12-10,2,Algae_Sum,4.9952717,4.662081
2022-12-11,2,Algae_Sum,2.0728965,5.3980274
2022-12-12,2,Algae_Sum,1.5719752,4.872795
2022-12-13,2,Algae_Sum,1.6050326,2.9752083
2022-12-14,2,Algae_Sum,1.6425452,2.3033783
2022-12-15,2,Algae_Sum,1.637703,2.1898842
2022-12-16,2,Algae_Sum,1.458595,2.2952993
2022-12-17,2,Algae_Sum,1.641593,2.3325686
2022-12-18,2,Algae_Sum,1.779102,2.653365
2022-12-19,2,Algae_Sum,1.9784131,2.4079676
2022-12-20,2,Algae_Sum,1.5757059,2.41318
2022-12-21,2,Algae_Sum,1.5353085,2.3659048
2022-12-22,2,Algae_Sum,1.6776015,2.5294173
2022-12-23,2,Algae_Sum,1.4795218,2.785409
2022-12-24,2,Algae_Sum,1.5386024,2.9288514
2022-12-25,2,Algae_Sum,1.6248226,2.869205
2022-12-26,2,Algae_Sum,1.6183286,2.881115
2022-12-27,2,Algae_Sum,1.534175,3.0517523
2022-12-28,2,Algae_Sum,1.5190212,3.2098215
2022-12-29,2,Algae_Sum,1.7468524,2.9670212
2022-12-30,2,Algae_Sum,1.7356522,2.9812973
2022-12-31,2,Algae_Sum,1.9499927,3.2701242
2023-01-01,2,Algae_Sum,1.4759694,3.5150285
2023-01-02,2,Algae_Sum,1.7600508,3.7484512
2023-01-03,2,Algae_Sum,1.7206455,3.3424141
2023-01-04,2,Algae_Sum,8.896379,3.3547816
2023-01-05,2,Algae_Sum,13.096349,3.3469605
2023-01-06,2,Algae_Sum,16.414724,8.626022
2023-01-07,2,Algae_Sum,17.399351,13.773668
2023-01-08,2,Algae_Sum,18.8251,13.962102
2023-01-09,2,Algae_Sum,18.063778,13.373368
2023-01-10,2,Algae_Sum,18.789335,12.389076
2023-01-11,2,Algae_Sum,20.129807,10.68576
2023-01-12,2,Algae_Sum,18.094204,11.473252
2023-01-13,2,Algae_Sum,18.975517,12.004312
2023-01-14,2,Algae_Sum,15.918459,10.994169
2023-01-15,2,Algae_Sum,9.626111,10.789344
2023-01-16,2,Algae_Sum,9.645517,10.360599
2023-01-17,2,Algae_Sum,9.760275,7.0226507
2023-01-18,2,Algae_Sum,6.7348404,7.400192
2023-01-19,2,Algae_Sum,5.9381523,8.271139
2023-01-20,2,Algae_Sum,6.685257,6.8137465
2023-01-21,2,Algae_Sum,8.214841,6.3595624
2023-01-22,2,Algae_Sum,15.05712,7.1515217
2023-01-23,2,Algae_Sum,14.977919,8.3964615
2023-01-24,2,Algae_Sum,10.219479,12.352246
2023-01-25,2,Algae_Sum,9.971166,13.314027
2023-01-26,2,Algae_Sum,10.144937,8.51403
2023-01-27,2,Algae_Sum,10.277494,7.39718
2023-01-28,2,Algae_Sum,8.69824,7.690396
2023-01-29,2,Algae_Sum,7.9546914,8.3376255
2023-01-30,2,Algae_Sum,6.960508,7.4186087
2023-01-31,2,Algae_Sum,10.929585,7.478763
2023-02-01,2,Algae_Sum,13.513338,7.185027
2023-02-02,2,Algae_Sum,18.162195,9.314539
2023-02-03,2,Algae_Sum,12.830873,10.939871
2023-02-04,2,Algae_Sum,12.966491,12.364346
2023-02-05,2,Algae_Sum,14.719497,9.796561
2023-02-06,2,Algae_Sum,15.242263,10.093695
2023-02-07,2,Algae_Sum,19.88965,11.656401
2023-02-08,2,Algae_Sum,17.176598,11.903565
2023-02-09,2,Algae_Sum,14.831988,13.30255
2023-02-10,2,Algae_Sum,8.908835,11.610998
2023-02-11,2,Algae_Sum,10.425544,10.177277
2023-02-12,2,Algae_Sum,8.21172,6.363262
2023-02-13,2,Algae_Sum,6.722426,6.8683634
2023-02-14,2,Algae_Sum,8.79247,6.137355
2023-02-15,2,Algae_Sum,6.31114,5.913266
2023-02-16,2,Algae_Sum,5.3742704,6.020149
2023-02-17,2,Algae_Sum,5.505119,5.131778
2023-02-18,2,Algae_Sum,6.857666,4.757103
2023-02-19,2,Algae_Sum,6.3102674,4.9263706
2023-02-20,2,Algae_Sum,6.2405734,5.791533
2023-02-21,2,Algae_Sum,4.75634,5.963896
2023-02-22,2,Algae_Sum,3.9756105,5.90385
2023-02-23,2,Algae_Sum,6.117677,5.087744
2023-02-24,2,Algae_Sum,5.387982,4.5179753
2023-02-25,2,Algae_Sum,4.2622905,5.4584007
2023-02-26,2,Algae_Sum,4.313567,5.346641
2023-02-27,2,Algae_Sum,5.0228467,4.7349367
2023-02-28,2,Algae_Sum,7.901806,4.4707813
2023-03-01,2,Algae_Sum,6.708374,4.841052
2023-03-02,2,Algae_Sum,4.613053,6.6327343
2023-03-03,2,Algae_Sum,3.809062,6.521644
2023-03-04,2,Algae_Sum,3.8859296,5.365216
2023-03-05,2,Algae_Sum,3.6423934,4.7224393
2023-03-06,2,Algae_Sum,3.4349272,4.6997433
2023-03-07,2,Algae_Sum,4.2332244,4.575524
2023-03-08,2,Algae_Sum,3.8600123,4.4513054
2023-03-09,2,Algae_Sum,3.5998406,4.808951
2023-03-10,2,Algae_Sum,3.3379147,4.6587977
2023-03-11,2,Algae_Sum,3.1682763,4.5887685
2023-03-12,2,Algae_Sum,3.2787595,4.55847
2023-03-13,2,Algae_Sum,2.8369768,4.5350523
2023-03-14,2,Algae_Sum,2.7873752,4.5813375
2023-03-15,2,Algae_Sum,2.737223,5.1163845
2023-03-16,2,Algae_Sum,2.6558657,4.8164115
2023-03-17,2,Algae_Sum,3.477784,4.526499
2023-03-18,2,Algae_Sum,3.699724,4.4378424
2023-03-19,2,Algae_Sum,3.1224542,4.521549
2023-03-20,2,Algae_Sum,3.0024664,4.694668
2023-03-21,2,Algae_Sum,2.6945102,4.436568
2023-03-22,2,Algae_Sum,2.9688792,4.707742
2023-03-23,2,Algae_Sum,5.275051,4.3246274
2023-03-24,2,Algae_Sum,6.6684475,4.872581
2023-03-25,2,Algae_Sum,6.619895,6.6273856
2023-03-26,2,Algae_Sum,8.220745,7.3283825
2023-03-27,2,Algae_Sum,8.499983,5.690814
2023-03-28,2,Algae_Sum,7.3574233,5.6745815
2023-03-29,2,Algae_Sum,6.047715,5.3764853
2023-03-30,2,Algae_Sum,5.453628,4.8969707
2023-03-31,2,Algae_Sum,4.8178,4.924441
2023-04-01,2,Algae_Sum,3.9566126,4.4085975
2023-04-02,2,Algae_Sum,3.6214437,4.085863
2023-04-03,2,Algae_Sum,3.6822062,3.9982588
2023-04-04,2,Algae_Sum,3.4739294,3.8437712
2023-04-05,2,Algae_Sum,4.791823,4.007227
2023-04-06,2,Algae_Sum,6.664732,4.054422
2023-04-07,2,Algae_Sum,6.9721932,4.799466
2023-04-08,2,Algae_Sum,7.7121773,5.0775313
2023-04-09,2,Algae_Sum,6.841786,5.728214
2023-04-10,2,Algae_Sum,6.226974,6.569251
2023-04-11,2,Algae_Sum,4.9300995,5.5803556
2023-04-12,2,Algae_Sum,3.9539886,5.242023
2023-04-13,2,Algae_Sum,3.7511232,4.4777575
2023-04-14,2,Algae_Sum,3.948584,4.137088
2023-04-15,2,Algae_Sum,5.2400723,4.363611
2023-04-16,2,Algae_Sum,5.50955,5.251658
2023-04-17,2,Algae_Sum,8.75176,6.0493355
2023-04-18,2,Algae_Sum,8.948177,5.60933
2023-04-19,2,Algae_Sum,7.163602,7.422267
2023-04-20,2,Algae_Sum,5.6216245,7.48976
2023-04-21,2,Algae_Sum,5.2019124,6.633164
2023-04-22,2,Algae_Sum,4.634543,5.832983
2023-04-23,2,Algae_Sum,4.701191,5.664367
2023-04-24,2,Algae_Sum,4.874914,5.242117
2023-04-25,2,Algae_Sum,5.603553,5.201072
2023-04-26,2,Algae_Sum,4.2804728,4.570111
2023-04-27,2,Algae_Sum,3.6347766,5.6934257
2023-04-28,2,Algae_Sum,6.5385237,5.262599
2023-04-29,2,Algae_Sum,14.271435,4.83327
2023-04-30,2,Algae_Sum,12.956777,6.8223825
2023-05-01,2,Algae_Sum,7.4970665,10.804941
2023-05-02,2,Algae_Sum,11.292253,10.367265
2023-05-03,2,Algae_Sum,9.83611,7.016336
2023-05-04,2,Algae_Sum,11.773096,9.176813
2023-05-05,2,Algae_Sum,14.601667,9.075874
2023-05-06,2,Algae_Sum,12.448055,10.552148
2023-05-07,2,Algae_Sum,6.291126,12.704608
2023-05-08,2,Algae_Sum,5.0117936,11.273428
2023-05-09,2,Algae_Sum,5.804376,6.778446
2023-05-10,2,Algae_Sum,6.3043756,5.6054144
2023-05-11,2,Algae_Sum,7.088902,6.0831037
2023-05-12,2,Algae_Sum,7.7510343,5.7394757
2023-05-13,2,Algae_Sum,8.704016,5.570011
2023-05-14,2,Algae_Sum,6.7547026,5.8187513
2023-05-15,2,Algae_Sum,5.222729,5.806304
2023-05-16,2,Algae_Sum,4.4986825,5.295851
2023-05-17,2,Algae_Sum,4.0229225,4.9325657
2023-05-18,2,Algae_Sum,4.6135154,4.871983
2023-05-19,2,Algae_Sum,3.9889245,4.3963256
2023-05-20,2,Algae_Sum,3.652485,4.9999495
2023-05-21,2,Algae_Sum,3.7265778,4.739511
2023-05-22,2,Algae_Sum,3.2291937,4.5925684
2023-05-23,2,Algae_Sum,3.8584538,5.14564
2023-05-24,2,Algae_Sum,4.446563,4.4913015
2023-05-25,2,Algae_Sum,4.0857143,4.657997
2023-05-26,2,Algae_Sum,4.0087175,4.801393
2023-05-27,2,Algae_Sum,4.828029,4.846806
2023-05-28,2,Algae_Sum,6.1320353,4.806518
2023-05-29,2,Algae_Sum,7.9067554,5.3252096
2023-05-30,2,Algae_Sum,8.271934,7.032546
2023-05-31,2,Algae_Sum,12.0165825,8.258349
2023-06-01,2,Algae_Sum,13.20095,8.034957
2023-06-02,2,Algae_Sum,9.427839,9.861437
2023-06-03,2,Algae_Sum,10.580038,9.958644
2023-06-04,2,Algae_Sum,8.459904,7.9036016
2023-06-05,2,Algae_Sum,5.495514,7.1365566
2023-06-06,2,Algae_Sum,8.329729,6.731404
2023-06-07,2,Algae_Sum,10.058122,5.717061
2023-06-08,2,Algae_Sum,8.31265,7.22981
2023-06-09,2,Algae_Sum,6.1535554,8.734014
2023-06-10,2,Algae_Sum,4.5677657,8.291705
2023-06-11,2,Algae_Sum,4.7996216,6.6611495
2023-06-12,2,Algae_Sum,5.6931252,5.6142755
2023-06-13,2,Algae_Sum,6.915264,5.5982695
2023-06-14,2,Algae_Sum,7.855021,5.9677935
2023-06-15,2,Algae_Sum,6.4189825,6.1965795
2023-06-16,2,Algae_Sum,4.1020656,5.943881
2023-06-17,2,Algae_Sum,4.350381,5.628007
2023-06-18,2,Algae_Sum,4.93138,4.878116
2023-06-19,2,Algae_Sum,3.957721,4.902544
2023-06-20,2,Algae_Sum,5.3548512,5.964959
2023-06-21,2,Algae_Sum,9.287184,5.8932385
2023-06-22,2,Algae_Sum,10.645128,7.061203
2023-06-23,2,Algae_Sum,11.645772,9.777836
2023-06-24,2,Algae_Sum,11.620409,10.957458
2023-06-25,2,Algae_Sum,11.008908,10.410051
2023-06-26,2,Algae_Sum,12.472473,9.5515375
2023-06-27,2,Algae_Sum,13.612487,9.083474
2023-06-28,2,Algae_Sum,14.570873,9.548158
2023-06-29,2,Algae_Sum,16.603083,10.046848
2023-06-30,2,Algae_Sum,16.828627,12.59348
2023-07-01,2,Algae_Sum,11.07205,13.439268
2023-07-02,2,Algae_Sum,10.102373,12.3784685
2023-07-03,2,Algae_Sum,11.606199,9.876629
2023-07-04,2,Algae_Sum,17.047934,9.081868
2023-07-05,2,Algae_Sum,19.302849,10.220816
2023-07-06,2,Algae_Sum,18.339706,13.196157
2023-07-07,2,Algae_Sum,18.408247,14.548893
2023-07-08,2,Algae_Sum,17.667715,13.740813
2023-07-09,2,Algae_Sum,19.730883,13.652058
2023-07-10,2,Algae_Sum,18.000517,13.806346
2023-07-11,2,Algae_Sum,13.325165,14.03201
2023-07-12,2,Algae_Sum,9.572903,13.038341
2023-07-13,2,Algae_Sum,8.623045,10.638488
2023-07-14,2,Algae_Sum,6.3744617,8.996615
2023-07-15,2,Algae_Sum,5.2136755,8.601723
2023-07-16,2,Algae_Sum,4.364538,7.7773905
2023-07-17,2,Algae_Sum,4.507408,7.1361575
2023-07-18,2,Algae_Sum,4.186809,6.589023
2023-07-19,2,Algae_Sum,4.201817,6.859379
2023-07-20,2,Algae_Sum,5.7306867,6.607328
2023-07-21,2,Algae_Sum,12.8116,6.6444845
2023-07-22,2,Algae_Sum,19.579756,8.158537
2023-07-23,2,Algae_Sum,18.616846,12.0746
2023-07-24,2,Algae_Sum,21.267357,14.875694
2023-07-25,2,Algae_Sum,22.591825,14.6207285
2023-07-26,2,Algae_Sum,19.576962,14.7291
2023-07-27,2,Algae_Sum,12.689302,14.561756
2023-07-28,2,Algae_Sum,7.021845,12.134587
2023-07-29,2,Algae_Sum,6.46789,9.788322
2023-07-30,2,Algae_Sum,8.131341,7.1731296
2023-07-31,2,Algae_Sum,10.473058,7.0977144
2023-08-01,2,Algae_Sum,9.347293,8.686905
2023-08-02,2,Algae_Sum,10.365169,10.18418
2023-08-03,2,Algae_Sum,13.959923,10.527103
2023-08-04,2,Algae_Sum,13.29757,11.697224
2023-08-05,2,Algae_Sum,19.390783,13.408964
2023-08-06,2,Algae_Sum,20.012756,12.793188
2023-08-07,2,Algae_Sum,21.812866,14.056914
2023-08-08,2,Algae_Sum,21.698616,14.437084
2023-08-09,2,Algae_Sum,15.952563,14.440897
2023-08-10,2,Algae_Sum,12.506755,13.947733
2023-08-11,2,Algae_Sum,9.76769,12.959447
2023-08-12,2,Algae_Sum,8.628945,10.424813
2023-08-13,2,Algae_Sum,10.753833,9.327178
2023-08-14,2,Algae_Sum,18.312202,8.738301
2023-08-15,2,Algae_Sum,15.357068,10.803884
2023-08-16,2,Algae_Sum,14.4903345,14.4264965
2023-08-17,2,Algae_Sum,6.1450768,12.781348
2023-08-18,2,Algae_Sum,6.9899535,11.138192
2023-08-19,2,Algae_Sum,7.427206,6.357857
2023-08-20,2,Algae_Sum,5.591925,6.2208323
2023-08-21,2,Algae_Sum,5.112237,6.4867945
2023-08-22,2,Algae_Sum,4.8117847,5.8063254
2023-08-23,2,Algae_Sum,4.9052696,5.253
2023-08-24,2,Algae_Sum,4.682758,4.9170213
2023-08-25,2,Algae_Sum,4.229706,5.381203
2023-08-26,2,Algae_Sum,5.2838764,4.939269
2023-08-27,2,Algae_Sum,5.1225586,5.487072
2023-08-28,2,Algae_Sum,5.457451,5.702345
2023-08-29,2,Algae_Sum,9.769335,6.2000527
2023-08-30,2,Algae_Sum,6.403431,5.8539653
2023-08-31,2,Algae_Sum,9.14163,7.3698545
2023-09-01,2,Algae_Sum,7.098849,6.5352693
2023-09-02,2,Algae_Sum,6.8927407,7.442302
2023-09-03,2,Algae_Sum,6.0940366,6.621285
2023-09-04,2,Algae_Sum,5.8949885,6.354705
2023-09-05,2,Algae_Sum,8.714047,5.981851
2023-09-06,2,Algae_Sum,10.118848,5.8739495
2023-09-07,2,Algae_Sum,9.202477,6.23562
2023-09-08,2,Algae_Sum,9.017773,6.6716766
2023-09-09,2,Algae_Sum,5.850143,6.1878996
2023-09-10,2,Algae_Sum,4.832357,6.1832776
2023-09-11,2,Algae_Sum,4.02745,5.190278
2023-09-12,2,Algae_Sum,3.6709762,5.0927353
2023-09-13,2,Algae_Sum,4.0373435,4.694675
2023-09-14,2,Algae_Sum,5.0195746,4.85862
2023-09-15,2,Algae_Sum,6.2175045,4.8712835
2023-09-16,2,Algae_Sum,5.396928,5.6836514
2023-09-17,2,Algae_Sum,4.511211,7.058083
2023-09-18,2,Algae_Sum,5.9401107,6.5075808
2023-09-19,2,Algae_Sum,7.256015,5.950731
2023-09-20,2,Algae_Sum,9.687739,6.6811724
2023-09-21,2,Algae_Sum,11.152798,7.539716
2023-09-22,2,Algae_Sum,9.092755,9.414158
2023-09-23,2,Algae_Sum,9.462845,9.997247
2023-09-24,2,Algae_Sum,9.13481,9.033585
2023-09-25,2,Algae_Sum,6.733803,9.130466
2023-09-26,2,Algae_Sum,9.3901205,8.822116
2023-09-27,2,Algae_Sum,8.797401,7.6176157
2023-09-28,2,Algae_Sum,8.627417,8.894872
2023-09-29,2,Algae_Sum,8.13903,8.579195
2023-09-30,2,Algae_Sum,8.805059,8.270432
2023-10-01,2,Algae_Sum,8.873955,8.007087
2023-10-02,2,Algae_Sum,5.967786,7.8441978
2023-10-03,2,Algae_Sum,7.2735186,7.9842105
2023-10-04,2,Algae_Sum,7.5096498,6.5454855
2023-10-05,2,Algae_Sum,5.9595027,6.803731
2023-10-06,2,Algae_Sum,4.3613086,7.155457
2023-10-07,2,Algae_Sum,3.5716507,6.142611
2023-10-08,2,Algae_Sum,3.528187,4.8698497
2023-10-09,2,Algae_Sum,3.9179816,4.192881
2023-10-10,2,Algae_Sum,4.670383,4.1423693
2023-10-11,2,Algae_Sum,4.3853636,4.510267
2023-10-12,2,Algae_Sum,3.630321,5.202067
2023-10-13,2,Algae_Sum,6.1506977,5.264782
2023-10-14,2,Algae_Sum,10.862733,5.4542346
2023-10-15,2,Algae_Sum,12.212149,6.8591084
2023-10-16,2,Algae_Sum,6.1697555,9.620476
2023-10-17,2,Algae_Sum,5.6503882,10.23373
2023-10-18,2,Algae_Sum,8.3702,6.883323
2023-10-19,2,Algae_Sum,7.988243,5.876669
2023-10-20,2,Algae_Sum,8.712761,6.629913
2023-10-21,2,Algae_Sum,6.09467,6.0600543
2023-10-22,2,Algae_Sum,7.1581044,6.2264996
2023-10-23,2,Algae_Sum,5.96391,5.1785965
2023-10-24,2,Algae_Sum,8.6742325,5.5590067
2023-10-25,2,Algae_Sum,13.544966,5.4670467
2023-10-26,2,Algae_Sum,10.631577,6.440772
2023-10-27,2,Algae_Sum,10.541737,8.0109215
2023-10-28,2,Algae_Sum,5.8347054,7.2376356
2023-10-29,2,Algae_Sum,5.825745,6.708602
2023-10-30,2,Algae_Sum,5.56857,5.4179645
2023-10-31,2,Algae_Sum,6.985122,5.3347716
2023-11-01,2,Algae_Sum,8.041882,5.420661
2023-11-02,2,Algae_Sum,6.7011433,5.741353
2023-11-03,2,Algae_Sum,8.279078,6.3152423
2023-11-04,2,Algae_Sum,5.83744,5.655368
2023-11-05,2,Algae_Sum,8.754188,6.435875
2023-11-06,2,Algae_Sum,10.229152,5.8610063
2023-11-07,2,Algae_Sum,7.655938,6.6227384
2023-11-08,2,Algae_Sum,4.2260113,7.324276
2023-11-09,2,Algae_Sum,4.6493325,6.1875234
2023-11-10,2,Algae_Sum,5.1353493,4.636246
2023-11-11,2,Algae_Sum,3.610392,4.718383
2023-11-12,2,Algae_Sum,3.563171,4.9807844
2023-11-13,2,Algae_Sum,2.9885213,4.620841
2023-11-14,2,Algae_Sum,3.5244007,4.6789875
2023-11-15,2,Algae_Sum,3.460855,4.212671
2023-11-16,2,Algae_Sum,3.3802412,4.564556
2023-11-17,2,Algae_Sum,3.2781708,4.538659
2023-11-18,2,Algae_Sum,3.6207902,4.304722
2023-11-19,2,Algae_Sum,2.9817839,4.1587896
2023-11-20,2,Algae_Sum,3.663706,4.655261
2023-11-21,2,Algae_Sum,3.2461529,4.077429
2023-11-22,2,Algae_Sum,4.652809,4.389697
2023-11-23,2,Algae_Sum,11.062335,3.9629872
2023-11-24,2,Algae_Sum,7.191083,4.2984495
2023-11-25,2,Algae_Sum,4.861382,7.008808
2023-11-26,2,Algae_Sum,3.3599403,6.424231
2023-11-27,2,Algae_Sum,3.5830445,5.199764
2023-11-28,2,Algae_Sum,5.812014,4.376117
2023-11-29,2,Algae_Sum,5.0685453,4.469078
2023-11-30,2,Algae_Sum,13.4719305,5.4105034
2023-12-01,2,Algae_Sum,7.98614,5.9494615
2023-12-02,2,Algae_Sum,5.869619,9.139177
2023-12-03,2,Algae_Sum,6.3705707,6.625643
2023-12-04,2,Algae_Sum,5.155445,5.118008
2023-12-05,2,Algae_Sum,8.696334,5.233811
2023-12-06,2,Algae_Sum,9.385786,4.807001
2023-12-07,2,Algae_Sum,6.3892965,6.0407763
2023-12-08,2,Algae_Sum,4.352298,6.2248373
2023-12-09,2,Algae_Sum,6.964291,5.6620717
2023-12-10,2,Algae_Sum,5.7171173,4.79995
2023-12-11,2,Algae_Sum,9.130519,6.2898207
2023-12-12,2,Algae_Sum,12.658916,5.964332
2023-12-13,2,Algae_Sum,11.153771,7.9820914
2023-12-14,2,Algae_Sum,11.911017,10.455998
2023-12-15,2,Algae_Sum,12.863973,8.592253
2023-12-16,2,Algae_Sum,9.227918,7.4018693
2023-12-17,2,Algae_Sum,5.000855,7.283907
2023-12-18,2,Algae_Sum,5.0440235,6.0789695
2023-12-19,2,Algae_Sum,7.2128468,4.256173
2023-12-20,2,Algae_Sum,5.3524604,4.0264916
2023-12-21,2,Algae_Sum,4.4162736,5.018001
2023-12-22,2,Algae_Sum,5.4673543,4.550775
2023-12-23,2,Algae_Sum,5.3069916,4.249706
2023-12-24,2,Algae_Sum,5.0713725,4.657647
2023-12-25,2,Algae_Sum,6.1313434,4.7683845
2023-12-26,2,Algae_Sum,12.130165,4.709709
2023-12-27,2,Algae_Sum,14.239751,4.9273205
2023-12-28,2,Algae_Sum,12.578621,6.503345
2020-10-30,3,Algae_Sum,21.884106,9.801485
2020-10-31,3,Algae_Sum,12.073075,11.810332
2020-11-01,3,Algae_Sum,14.822073,13.342
2020-11-02,3,Algae_Sum,13.792086,13.326782
2020-11-03,3,Algae_Sum,9.761375,9.358999
2020-11-04,3,Algae_Sum,9.380658,10.773927
2020-11-05,3,Algae_Sum,7.6647573,10.835876
2020-11-06,3,Algae_Sum,10.652831,8.910499
2020-11-07,3,Algae_Sum,17.500963,8.788783
2020-11-08,3,Algae_Sum,7.6776447,7.973988
2020-11-09,3,Algae_Sum,6.484938,10.000247
2020-11-10,3,Algae_Sum,5.9227905,13.068203
2020-11-11,3,Algae_Sum,6.3580694,8.294006
2020-11-12,3,Algae_Sum,7.033241,7.240037
2020-11-13,3,Algae_Sum,7.3596616,7.146375
2020-11-14,3,Algae_Sum,9.0749035,7.587858
2020-11-15,3,Algae_Sum,8.515803,7.995121
2020-11-16,3,Algae_Sum,13.417889,8.227838
2020-11-17,3,Algae_Sum,15.102305,8.8939295
2020-11-18,3,Algae_Sum,14.956821,8.810686
2020-11-19,3,Algae_Sum,18.823248,11.247045
2020-11-20,3,Algae_Sum,16.920609,11.64589
2020-11-21,3,Algae_Sum,15.183918,10.61649
2020-11-22,3,Algae_Sum,15.901703,11.905611
2020-11-23,3,Algae_Sum,11.166392,10.575287
2020-11-24,3,Algae_Sum,10.60181,9.713049
2020-11-25,3,Algae_Sum,9.785565,10.093537
2020-11-26,3,Algae_Sum,16.66919,8.149325
2020-11-27,3,Algae_Sum,11.014212,7.6602354
2020-11-28,3,Algae_Sum,8.998741,7.4740286
2020-11-29,3,Algae_Sum,9.229913,10.650565
2020-11-30,3,Algae_Sum,4.991194,8.644928
2020-12-01,3,Algae_Sum,4.6330485,7.4565473
2020-12-02,3,Algae_Sum,5.1133065,7.3953295
2020-12-03,3,Algae_Sum,4.5701375,5.315458
2020-12-04,3,Algae_Sum,5.052518,5.113432
2020-12-05,3,Algae_Sum,4.2047973,5.6870193
2020-12-06,3,Algae_Sum,4.3188496,5.544906
2020-12-07,3,Algae_Sum,4.5638957,5.6290636
2020-12-08,3,Algae_Sum,4.3974586,5.351593
2020-12-09,3,Algae_Sum,6.298979,5.2695312
2020-12-10,3,Algae_Sum,5.4832077,5.7075577
2020-12-11,3,Algae_Sum,3.929725,5.622831
2020-12-12,3,Algae_Sum,6.609797,6.9598565
2020-12-13,3,Algae_Sum,14.367908,6.9024396
2020-12-14,3,Algae_Sum,4.815441,5.5609045
2020-12-15,3,Algae_Sum,4.2484083,6.913424
2020-12-16,3,Algae_Sum,4.285731,11.509394
2020-12-17,3,Algae_Sum,4.113128,6.031441
2020-12-18,3,Algae_Sum,3.9961796,4.82201
2020-12-19,3,Algae_Sum,4.648864,4.9250255
2020-12-20,3,Algae_Sum,5.3344426,5.7906604
2020-12-21,3,Algae_Sum,5.618892,5.4738493
2020-12-22,3,Algae_Sum,5.4751267,5.785757
2020-12-23,3,Algae_Sum,7.776384,6.602449
2020-12-24,3,Algae_Sum,7.4458003,6.7103662
2020-12-25,3,Algae_Sum,6.071738,6.5785384
2020-12-26,3,Algae_Sum,6.178096,8.081974
2020-12-27,3,Algae_Sum,6.910051,8.058324
2020-12-28,3,Algae_Sum,18.225533,6.93253
2020-12-29,3,Algae_Sum,16.772173,7.256859
2020-12-30,3,Algae_Sum,16.605732,8.242899
2020-12-31,3,Algae_Sum,16.387157,13.907842
2021-01-01,3,Algae_Sum,8.856911,13.270324
2021-01-02,3,Algae_Sum,5.317567,11.724616
2021-01-03,3,Algae_Sum,4.7676196,11.073793
2021-01-04,3,Algae_Sum,4.2526574,7.4979415
2021-01-05,3,Algae_Sum,4.1225705,5.770674
2021-01-06,3,Algae_Sum,5.5991163,5.805752
2021-01-07,3,Algae_Sum,7.6152134,5.8917437
2021-01-08,3,Algae_Sum,4.0434084,5.8987045
2021-01-09,3,Algae_Sum,3.713741,7.0297246
2021-01-10,3,Algae_Sum,3.414877,8.084918
2021-01-11,3,Algae_Sum,3.6629832,5.81214
2021-01-12,3,Algae_Sum,5.2977786,5.3270555
2021-01-13,3,Algae_Sum,6.059045,5.2228537
2021-01-14,3,Algae_Sum,6.5575237,5.3253775
2021-01-15,3,Algae_Sum,6.035286,6.2257037
2021-01-16,3,Algae_Sum,6.2309194,6.779472
2021-01-17,3,Algae_Sum,7.3292184,7.123841
2021-01-18,3,Algae_Sum,7.2281694,6.792616
2021-01-19,3,Algae_Sum,6.791013,6.9137936
2021-01-20,3,Algae_Sum,9.555196,6.77869
2021-01-21,3,Algae_Sum,12.568437,6.956845
2021-01-22,3,Algae_Sum,13.08861,7.057976
2021-01-23,3,Algae_Sum,16.701107,9.956588
2021-01-24,3,Algae_Sum,11.107178,10.844885
2021-01-25,3,Algae_Sum,13.185079,10.803916
2021-01-26,3,Algae_Sum,14.309341,10.788505
2021-01-27,3,Algae_Sum,17.447178,8.996861
2021-01-28,3,Algae_Sum,12.752337,9.508864
2021-01-29,3,Algae_Sum,14.503437,9.526102
2021-01-30,3,Algae_Sum,14.994356,10.108893
2021-01-31,3,Algae_Sum,12.609326,8.562134
2021-02-01,3,Algae_Sum,11.911086,8.779512
2021-02-02,3,Algae_Sum,11.054591,9.39382
2021-02-03,3,Algae_Sum,9.5205145,9.505738
2021-02-04,3,Algae_Sum,10.508161,9.565367
2021-02-05,3,Algae_Sum,10.67833,9.301975
2021-02-06,3,Algae_Sum,10.053758,8.439765
2021-02-07,3,Algae_Sum,9.0949745,9.085068
2021-02-08,3,Algae_Sum,9.740884,9.615614
2021-02-09,3,Algae_Sum,11.113655,9.331433
2021-02-10,3,Algae_Sum,13.788543,8.76671
2021-02-11,3,Algae_Sum,9.672534,8.868888
2021-02-12,3,Algae_Sum,9.084823,9.358611
2021-02-13,3,Algae_Sum,17.508087,10.019647
2021-02-14,3,Algae_Sum,13.146946,8.761747
2021-02-15,3,Algae_Sum,11.419103,8.786241
2021-02-16,3,Algae_Sum,11.980311,12.343525
2021-02-17,3,Algae_Sum,11.245926,10.546609
2021-02-18,3,Algae_Sum,7.9800363,9.2540045
2021-02-19,3,Algae_Sum,9.421471,9.8201065
2021-02-20,3,Algae_Sum,7.99176,9.157026
2021-02-21,3,Algae_Sum,8.2490015,7.6721272
2021-02-22,3,Algae_Sum,7.808769,8.672985
2021-02-23,3,Algae_Sum,8.060869,8.164272
2021-02-24,3,Algae_Sum,7.221506,8.551246
2021-02-25,3,Algae_Sum,9.2095,8.374588
2021-02-26,3,Algae_Sum,9.879594,8.317641
2021-02-27,3,Algae_Sum,8.833722,7.871104
2021-02-28,3,Algae_Sum,8.0143585,8.768101
2021-03-01,3,Algae_Sum,6.0586815,9.107892
2021-03-02,3,Algae_Sum,6.4103456,8.456067
2021-03-03,3,Algae_Sum,8.819653,7.739792
2021-03-04,3,Algae_Sum,6.2930245,6.299554
2021-03-05,3,Algae_Sum,3.0083067,6.291491
2021-03-06,3,Algae_Sum,1.6337553,7.791768
2021-03-07,3,Algae_Sum,1.628278,6.707522
2021-03-08,3,Algae_Sum,2.2676249,4.675982
2021-03-09,3,Algae_Sum,2.4649348,3.714018
2021-03-10,3,Algae_Sum,3.7003834,3.6186097
2021-03-11,3,Algae_Sum,6.6675324,4.4010653
2021-03-12,3,Algae_Sum,10.264775,5.183399
2021-03-13,3,Algae_Sum,19.44618,6.4942517
2021-03-14,3,Algae_Sum,12.759682,9.169921
2021-03-15,3,Algae_Sum,12.029479,11.860661
2021-03-16,3,Algae_Sum,9.745131,14.547909
2021-03-17,3,Algae_Sum,7.7749853,10.202951
2021-03-18,3,Algae_Sum,7.2675614,8.790902
2021-03-19,3,Algae_Sum,5.630832,7.7349916
2021-03-20,3,Algae_Sum,5.568669,6.4631753
2021-03-21,3,Algae_Sum,4.5231113,6.3309655
2021-03-22,3,Algae_Sum,3.0237844,5.773014
2021-03-23,3,Algae_Sum,2.5734901,5.582679
2021-03-24,3,Algae_Sum,2.9237897,5.174187
2021-03-25,3,Algae_Sum,2.8117054,4.583953
2021-03-26,3,Algae_Sum,3.0104342,4.3552036
2021-03-27,3,Algae_Sum,3.8426285,4.473978
2021-03-28,3,Algae_Sum,6.895923,4.6462574
2021-03-29,3,Algae_Sum,13.461354,4.979403
2021-03-30,3,Algae_Sum,17.317652,5.9496903
2021-03-31,3,Algae_Sum,17.391066,8.371783
2021-04-01,3,Algae_Sum,14.776763,12.822244
2021-04-02,3,Algae_Sum,12.928407,13.821065
2021-04-03,3,Algae_Sum,11.813078,12.089479
2021-04-04,3,Algae_Sum,8.532172,9.49336
2021-04-05,3,Algae_Sum,6.315181,7.681308
2021-04-06,3,Algae_Sum,6.0695224,7.7129545
2021-04-07,3,Algae_Sum,6.6027446,6.6080055
2021-04-08,3,Algae_Sum,6.337952,5.894843
2021-04-09,3,Algae_Sum,5.6539507,5.953855
2021-04-10,3,Algae_Sum,5.894414,6.3272557
2021-04-11,3,Algae_Sum,7.030861,6.067064
2021-04-12,3,Algae_Sum,13.461731,6.1636467
2021-04-13,3,Algae_Sum,14.730739,6.572272
2021-04-14,3,Algae_Sum,15.172216,7.5389147
2021-04-15,3,Algae_Sum,13.776918,11.190005
2021-04-16,3,Algae_Sum,13.478327,12.223254
2021-04-17,3,Algae_Sum,17.960876,11.552768
2021-04-18,3,Algae_Sum,13.178813,10.121137
2021-04-19,3,Algae_Sum,12.057459,10.117088
2021-04-20,3,Algae_Sum,11.892882,12.01892
2021-04-21,3,Algae_Sum,12.019044,9.68409
2021-04-22,3,Algae_Sum,14.975033,8.845666
2021-04-23,3,Algae_Sum,16.368479,8.865012
2021-04-24,3,Algae_Sum,15.866011,9.458166
2021-04-25,3,Algae_Sum,21.996445,11.010636
2021-04-26,3,Algae_Sum,17.954536,11.7971325
2021-04-27,3,Algae_Sum,14.3708105,11.475191
2021-04-28,3,Algae_Sum,8.976744,12.189359
2021-04-29,3,Algae_Sum,6.032525,9.553364
2021-04-30,3,Algae_Sum,6.1225615,7.9976807
2021-05-01,3,Algae_Sum,13.055283,6.6487126
2021-05-02,3,Algae_Sum,15.771375,6.3487916
2021-05-03,3,Algae_Sum,17.007025,6.6620007
2021-05-04,3,Algae_Sum,9.339772,10.324976
2021-05-05,3,Algae_Sum,9.40084,11.832911
2021-05-06,3,Algae_Sum,11.735045,12.181575
2021-05-07,3,Algae_Sum,11.6258955,8.308286
2021-05-08,3,Algae_Sum,16.68035,8.588192
2021-05-09,3,Algae_Sum,22.493618,10.427865
2021-05-10,3,Algae_Sum,16.525246,10.607614
2021-05-11,3,Algae_Sum,18.971342,12.542486
2021-05-12,3,Algae_Sum,21.865564,14.577579
2021-05-13,3,Algae_Sum,21.909088,12.094079
2021-05-14,3,Algae_Sum,18.595934,13.492623
2021-05-15,3,Algae_Sum,16.452106,14.461291
2021-05-16,3,Algae_Sum,12.469892,15.171637
2021-05-17,3,Algae_Sum,11.853444,11.488582
2021-05-18,3,Algae_Sum,12.899964,10.425467
2021-05-19,3,Algae_Sum,10.863085,9.244465
2021-05-20,3,Algae_Sum,11.793205,9.593781
2021-05-21,3,Algae_Sum,10.932504,10.69458
2021-05-22,3,Algae_Sum,14.627393,9.386093
2021-05-23,3,Algae_Sum,13.459877,10.2541895
2021-05-24,3,Algae_Sum,18.745737,9.969801
2021-05-25,3,Algae_Sum,12.448503,11.316214
2021-05-26,3,Algae_Sum,11.574566,10.112797
2021-05-27,3,Algae_Sum,18.80346,12.706288
2021-05-28,3,Algae_Sum,22.238157,10.3519335
2021-05-29,3,Algae_Sum,21.29074,9.779114
2021-05-30,3,Algae_Sum,10.020926,12.344483
2021-05-31,3,Algae_Sum,7.060413,13.778388
2021-06-01,3,Algae_Sum,10.506314,11.877128
2021-06-02,3,Algae_Sum,9.201731,8.126767
2021-06-03,3,Algae_Sum,6.931745,7.005759
2021-06-04,3,Algae_Sum,8.3245325,7.664921
2021-06-05,3,Algae_Sum,7.7431645,7.5252123
2021-06-06,3,Algae_Sum,8.018364,6.73936
2021-06-07,3,Algae_Sum,9.928958,7.26589
2021-06-08,3,Algae_Sum,13.749262,7.277277
2021-06-09,3,Algae_Sum,8.666303,7.86863
2021-06-10,3,Algae_Sum,10.037793,9.250873
2021-06-11,3,Algae_Sum,12.12508,11.156446
2021-06-12,3,Algae_Sum,18.209587,8.418916
2021-06-13,3,Algae_Sum,24.054714,9.463557
2021-06-14,3,Algae_Sum,23.002129,10.741734
2021-06-15,3,Algae_Sum,22.791176,13.284176
2021-06-16,3,Algae_Sum,24.818869,14.767355
2021-06-17,3,Algae_Sum,22.894386,13.343062
2021-06-18,3,Algae_Sum,22.643948,14.214919
2021-06-19,3,Algae_Sum,20.487635,14.963491
2021-06-20,3,Algae_Sum,21.67561,13.858224
2021-06-21,3,Algae_Sum,12.94602,12.433493
2021-06-22,3,Algae_Sum,9.037994,11.923151
2021-06-23,3,Algae_Sum,9.579233,12.442598
2021-06-24,3,Algae_Sum,8.6657095,9.88671
2021-06-25,3,Algae_Sum,9.339313,8.80484
2021-06-26,3,Algae_Sum,8.252894,9.386027
2021-06-27,3,Algae_Sum,19.663662,9.418831
2021-06-28,3,Algae_Sum,25.989393,10.217319
2021-06-29,3,Algae_Sum,24.72149,9.358537
2021-06-30,3,Algae_Sum,18.818155,14.073764
2021-07-01,3,Algae_Sum,17.853378,14.805884
2021-07-02,3,Algae_Sum,20.01221,13.451337
2021-07-03,3,Algae_Sum,24.686243,11.658616
2021-07-04,3,Algae_Sum,17.383993,12.263384
2021-07-05,3,Algae_Sum,24.257757,13.325602
2021-07-06,3,Algae_Sum,21.03982,14.618447
2021-07-07,3,Algae_Sum,18.139551,11.264324
2021-07-08,3,Algae_Sum,19.128239,13.177218
2021-07-09,3,Algae_Sum,9.262927,11.935469
2021-07-10,3,Algae_Sum,10.348993,11.160092
2021-07-11,3,Algae_Sum,10.155518,12.1255
2021-07-12,3,Algae_Sum,12.318908,8.167369
2021-07-13,3,Algae_Sum,11.372229,8.541677
2021-07-14,3,Algae_Sum,11.732797,9.190209
2021-07-15,3,Algae_Sum,13.027316,10.462173
2021-07-16,3,Algae_Sum,13.275453,9.856716
2021-07-17,3,Algae_Sum,13.036151,11.858743
2021-07-18,3,Algae_Sum,12.048767,12.5231905
2021-07-19,3,Algae_Sum,12.207481,12.6144285
2021-07-20,3,Algae_Sum,11.366654,12.031903
2021-07-21,3,Algae_Sum,8.354729,11.128616
2021-07-22,3,Algae_Sum,9.270456,10.550222
2021-07-23,3,Algae_Sum,17.47265,9.070046
2021-07-24,3,Algae_Sum,23.949871,8.659962
2021-07-25,3,Algae_Sum,22.02724,9.166921
2021-07-26,3,Algae_Sum,19.4621,13.621019
2021-07-27,3,Algae_Sum,16.015862,15.349008
2021-07-28,3,Algae_Sum,10.80458,13.81735
2021-07-29,3,Algae_Sum,11.944978,11.466575
2021-07-30,3,Algae_Sum,11.576705,10.289967
2021-07-31,3,Algae_Sum,13.812453,8.427438
2021-08-01,3,Algae_Sum,16.956932,9.644696
2021-08-02,3,Algae_Sum,19.797148,10.301729
2021-08-03,3,Algae_Sum,14.188182,11.225996
2021-08-04,3,Algae_Sum,10.745257,12.17333
2021-08-05,3,Algae_Sum,10.256742,12.033386
2021-08-06,3,Algae_Sum,9.348004,10.087726
2021-08-07,3,Algae_Sum,9.657215,8.952451
2021-08-08,3,Algae_Sum,7.870428,8.118911
2021-08-09,3,Algae_Sum,7.9377337,7.464801
2021-08-10,3,Algae_Sum,6.537909,7.653827
2021-08-11,3,Algae_Sum,7.6913457,7.946989
2021-08-12,3,Algae_Sum,9.700195,8.7295265
2021-08-13,3,Algae_Sum,8.763865,7.8023753
2021-08-14,3,Algae_Sum,14.3637705,8.470828
2021-08-15,3,Algae_Sum,19.768396,10.085169
2021-08-16,3,Algae_Sum,14.797129,8.960124
2021-08-17,3,Algae_Sum,13.521683,12.105824
2021-08-18,3,Algae_Sum,16.551445,13.8026495
2021-08-19,3,Algae_Sum,19.159174,10.961762
2021-08-20,3,Algae_Sum,17.454346,9.320584
2021-08-21,3,Algae_Sum,14.43775,11.62712
2021-08-22,3,Algae_Sum,24.444853,12.569031
2021-08-23,3,Algae_Sum,23.654213,12.868003
2021-08-24,3,Algae_Sum,20.174358,11.379853
2021-08-25,3,Algae_Sum,23.570362,13.780861
2021-08-26,3,Algae_Sum,22.163607,14.363019
2021-08-27,3,Algae_Sum,20.888262,12.169193
2021-08-28,3,Algae_Sum,17.96409,13.013812
2021-08-29,3,Algae_Sum,15.920398,12.1784525
2021-08-30,3,Algae_Sum,13.904685,11.752969
2021-08-31,3,Algae_Sum,11.628221,10.628544
2021-09-01,3,Algae_Sum,9.605492,10.1482315
2021-09-02,3,Algae_Sum,8.241238,9.894267
2021-09-03,3,Algae_Sum,6.9375906,9.71333
2021-09-04,3,Algae_Sum,8.669407,8.992865
2021-09-05,3,Algae_Sum,9.813335,8.124265
2021-09-06,3,Algae_Sum,7.5314255,7.650077
2021-09-07,3,Algae_Sum,6.983845,8.918554
2021-09-08,3,Algae_Sum,7.1382346,9.615512
2021-09-09,3,Algae_Sum,13.072077,8.021399
2021-09-10,3,Algae_Sum,12.83738,7.4984145
2021-09-11,3,Algae_Sum,16.002106,7.83082
2021-09-12,3,Algae_Sum,17.835026,10.268862
2021-09-13,3,Algae_Sum,14.486676,10.109837
2021-09-14,3,Algae_Sum,13.53239,11.652616
2021-09-15,3,Algae_Sum,9.934142,12.163965
2021-09-16,3,Algae_Sum,8.631086,10.108001
2021-09-17,3,Algae_Sum,6.440637,9.617753
2021-09-18,3,Algae_Sum,5.292397,8.505027
2021-09-19,3,Algae_Sum,5.922165,8.045636
2021-09-20,3,Algae_Sum,5.691839,7.132412
2021-09-21,3,Algae_Sum,4.662006,6.622686
2021-09-22,3,Algae_Sum,6.1574945,6.97232
2021-09-23,3,Algae_Sum,6.0256524,6.876695
2021-09-24,3,Algae_Sum,5.532701,6.125731
2021-09-25,3,Algae_Sum,5.1589136,6.774561
2021-09-26,3,Algae_Sum,5.3309774,6.870255
2021-09-27,3,Algae_Sum,5.418769,6.466834
2021-09-28,3,Algae_Sum,5.2733235,6.164469
2021-09-29,3,Algae_Sum,5.532158,5.9256597
2021-09-30,3,Algae_Sum,6.4422374,5.947242
2021-10-01,3,Algae_Sum,5.0308905,5.9210825
2021-10-02,3,Algae_Sum,4.317036,5.9708405
2021-10-03,3,Algae_Sum,4.889657,6.1042757
2021-10-04,3,Algae_Sum,5.2936916,5.527457
2021-10-05,3,Algae_Sum,5.697726,5.0694404
2021-10-06,3,Algae_Sum,6.1017604,5.480476
2021-10-07,3,Algae_Sum,6.5057945,5.924606
2021-10-08,3,Algae_Sum,6.909829,6.4066234
2021-10-09,3,Algae_Sum,7.3138633,6.647837
2021-10-10,3,Algae_Sum,7.7178974,7.006983
2021-10-11,3,Algae_Sum,8.121932,7.4662213
2021-10-12,3,Algae_Sum,8.50928,7.22349
2021-10-13,3,Algae_Sum,7.9375234,7.186411
2021-10-14,3,Algae_Sum,7.977364,7.211699
2021-10-15,3,Algae_Sum,15.226336,7.4962063
2021-10-16,3,Algae_Sum,16.438095,7.546083
2021-10-17,3,Algae_Sum,8.294558,7.5371966
2021-10-18,3,Algae_Sum,7.752127,10.361952
2021-10-19,3,Algae_Sum,7.259913,10.687282
2021-10-20,3,Algae_Sum,6.6409698,7.2461486
2021-10-21,3,Algae_Sum,6.6670914,6.886473
2021-10-22,3,Algae_Sum,5.925297,7.3410096
2021-10-23,3,Algae_Sum,5.4903545,6.849051
2021-10-24,3,Algae_Sum,5.6178727,7.0952454
2021-10-25,3,Algae_Sum,5.6348443,6.8627186
2021-10-26,3,Algae_Sum,6.6838927,6.749293
2021-10-27,3,Algae_Sum,12.037207,6.974967
2021-10-28,3,Algae_Sum,17.690195,7.0777025
2021-10-29,3,Algae_Sum,18.624842,7.7083282
2021-10-30,3,Algae_Sum,13.580152,11.290189
2021-10-31,3,Algae_Sum,11.194544,13.412104
2021-11-01,3,Algae_Sum,10.462178,12.168018
2021-11-02,3,Algae_Sum,12.232649,8.9165
2021-11-03,3,Algae_Sum,15.58694,7.960928
2021-11-04,3,Algae_Sum,10.781874,7.7423472
2021-11-05,3,Algae_Sum,5.8879957,9.081908
2021-11-06,3,Algae_Sum,7.3089147,10.422819
2021-11-07,3,Algae_Sum,9.767589,8.601726
2021-11-08,3,Algae_Sum,10.094161,5.968158
2021-11-09,3,Algae_Sum,8.241853,7.1360297
2021-11-10,3,Algae_Sum,8.87005,9.274552
2021-11-11,3,Algae_Sum,6.3899784,9.036684
2021-11-12,3,Algae_Sum,5.1606374,7.961387
2021-11-13,3,Algae_Sum,5.5793633,8.166174
2021-11-14,3,Algae_Sum,4.651657,6.7677307
2021-11-15,3,Algae_Sum,4.554149,5.945976
2021-11-16,3,Algae_Sum,5.022404,6.1716485
2021-11-17,3,Algae_Sum,4.6273074,5.6714725
2021-11-18,3,Algae_Sum,4.374101,5.512266
2021-11-19,3,Algae_Sum,3.9367054,5.786831
2021-11-20,3,Algae_Sum,4.143954,5.708667
2021-11-21,3,Algae_Sum,5.2425346,5.508184
2021-11-22,3,Algae_Sum,5.5534515,5.054242
2021-11-23,3,Algae_Sum,3.9296818,5.0977426
2021-11-24,3,Algae_Sum,3.9628437,5.953117
2021-11-25,3,Algae_Sum,3.9074223,6.137389
2021-11-26,3,Algae_Sum,4.0430174,4.982626
2021-11-27,3,Algae_Sum,4.3520837,4.9166174
2021-11-28,3,Algae_Sum,4.666802,4.9561653
2021-11-29,3,Algae_Sum,5.4313397,5.046408
2021-11-30,3,Algae_Sum,7.180413,5.257568
2021-12-01,3,Algae_Sum,7.4161477,5.444882
2021-12-02,3,Algae_Sum,7.2796235,6.1667504
2021-12-03,3,Algae_Sum,6.8413396,7.427097
2021-12-04,3,Algae_Sum,5.8279667,7.077154
2021-12-05,3,Algae_Sum,5.988748,6.721424
2021-12-06,3,Algae_Sum,5.93862,6.6663556
2021-12-07,3,Algae_Sum,5.536968,6.398363
2021-12-08,3,Algae_Sum,5.703489,6.1952558
2021-12-09,3,Algae_Sum,5.5692935,6.227672
2021-12-10,3,Algae_Sum,5.7963386,6.089995
2021-12-11,3,Algae_Sum,6.7919173,6.1320286
2021-12-12,3,Algae_Sum,6.347567,6.2910376
2021-12-13,3,Algae_Sum,7.157062,6.3437138
2021-12-14,3,Algae_Sum,7.675123,7.2913113
2021-12-15,3,Algae_Sum,8.035453,6.695448
2021-12-16,3,Algae_Sum,8.290507,7.3521276
2021-12-17,3,Algae_Sum,7.857487,7.993178
2021-12-18,3,Algae_Sum,6.9587545,8.3662195
2021-12-19,3,Algae_Sum,7.078501,8.154066
2021-12-20,3,Algae_Sum,6.386708,7.2291474
2021-12-21,3,Algae_Sum,5.7970405,6.711203
2021-12-22,3,Algae_Sum,8.401563,6.721615
2021-12-23,3,Algae_Sum,9.853842,6.1860023
2021-12-24,3,Algae_Sum,10.479891,6.3582864
2021-12-25,3,Algae_Sum,6.79892,7.5175323
2021-12-26,3,Algae_Sum,6.1713023,8.71529
2021-12-27,3,Algae_Sum,5.868709,8.401498
2021-12-28,3,Algae_Sum,6.4871573,6.7878594
2021-12-29,3,Algae_Sum,5.5026603,6.340444
2021-12-30,3,Algae_Sum,5.9895153,6.411006
2021-12-31,3,Algae_Sum,5.2731185,7.1436286
2022-01-01,3,Algae_Sum,5.0462303,6.5815496
2022-01-02,3,Algae_Sum,4.418698,7.068542
2022-01-03,3,Algae_Sum,5.029804,6.5671415
2022-01-04,3,Algae_Sum,6.5712094,6.44712
2022-01-05,3,Algae_Sum,13.401752,5.875027
2022-01-06,3,Algae_Sum,10.879635,6.063583
2022-01-07,3,Algae_Sum,9.090659,7.100231
2022-01-08,3,Algae_Sum,12.60774,10.708025
2022-01-09,3,Algae_Sum,9.901173,9.4223995
2022-01-10,3,Algae_Sum,13.245796,7.5982304
2022-01-11,3,Algae_Sum,15.001737,8.578154
2022-01-12,3,Algae_Sum,7.81225,7.757498
2022-01-13,3,Algae_Sum,5.096939,8.440062
2022-01-14,3,Algae_Sum,3.6971543,8.7083845
2022-01-15,3,Algae_Sum,4.363386,6.338402
2022-01-16,3,Algae_Sum,4.3458104,5.0835724
2022-01-17,3,Algae_Sum,3.8066256,4.504252
2022-01-18,3,Algae_Sum,5.2714844,5.209741
2022-01-19,3,Algae_Sum,4.862216,5.4491
2022-01-20,3,Algae_Sum,5.010956,4.9526153
2022-01-21,3,Algae_Sum,6.06328,6.0718336
2022-01-22,3,Algae_Sum,7.378161,6.0249114
2022-01-23,3,Algae_Sum,14.501929,6.040439
2022-01-24,3,Algae_Sum,14.932735,6.7088895
2022-01-25,3,Algae_Sum,15.1729,7.18327
2022-01-26,3,Algae_Sum,15.917808,10.931023
2022-01-27,3,Algae_Sum,18.156307,10.907209
2022-01-28,3,Algae_Sum,18.664135,10.551522
2022-01-29,3,Algae_Sum,16.769812,10.302997
2022-01-30,3,Algae_Sum,15.78383,10.155402
2022-01-31,3,Algae_Sum,10.025391,10.486348
2022-02-01,3,Algae_Sum,7.953441,8.902736
2022-02-02,3,Algae_Sum,8.797217,8.704064
2022-02-03,3,Algae_Sum,6.8645725,7.2735763
2022-02-04,3,Algae_Sum,8.426436,6.501968
2022-02-05,3,Algae_Sum,8.039783,7.088724
2022-02-06,3,Algae_Sum,6.147427,6.1655087
2022-02-07,3,Algae_Sum,6.8574467,6.93388
2022-02-08,3,Algae_Sum,8.257711,7.1146274
2022-02-09,3,Algae_Sum,7.34981,5.9655523
2022-02-10,3,Algae_Sum,7.8486204,6.4401655
2022-02-11,3,Algae_Sum,6.7274346,7.1260924
2022-02-12,3,Algae_Sum,8.533124,7.2918577
2022-02-13,3,Algae_Sum,10.349507,7.069518
2022-02-14,3,Algae_Sum,8.167533,6.4978013
2022-02-15,3,Algae_Sum,8.175829,7.857564
2022-02-16,3,Algae_Sum,8.894369,8.42523
2022-02-17,3,Algae_Sum,13.571143,7.528254
2022-02-18,3,Algae_Sum,14.202525,7.5236096
2022-02-19,3,Algae_Sum,12.050333,8.047487
2022-02-20,3,Algae_Sum,7.611722,9.979687
2022-02-21,3,Algae_Sum,5.733845,9.7560835
2022-02-22,3,Algae_Sum,5.1310353,8.8119
2022-02-23,3,Algae_Sum,5.166545,6.148435
2022-02-24,3,Algae_Sum,5.3882766,5.2233753
2022-02-25,3,Algae_Sum,5.3518543,5.176372
2022-02-26,3,Algae_Sum,5.315431,5.040665
2022-02-27,3,Algae_Sum,5.2790084,4.770189
2022-02-28,3,Algae_Sum,4.8051047,4.7856517
2022-03-01,3,Algae_Sum,5.7841735,5.1548247
2022-03-02,3,Algae_Sum,6.8599105,5.326848
2022-03-03,3,Algae_Sum,10.313599,5.0244718
2022-03-04,3,Algae_Sum,11.979428,5.6622972
2022-03-05,3,Algae_Sum,16.470217,8.252389
2022-03-06,3,Algae_Sum,15.187589,10.690597
2022-03-07,3,Algae_Sum,16.333487,11.732857
2022-03-08,3,Algae_Sum,10.426647,12.026303
2022-03-09,3,Algae_Sum,8.779225,11.791763
2022-03-10,3,Algae_Sum,8.968824,11.648735
2022-03-11,3,Algae_Sum,14.514039,9.670472
2022-03-12,3,Algae_Sum,16.906658,8.168447
2022-03-13,3,Algae_Sum,21.538147,9.296096
2022-03-14,3,Algae_Sum,21.98083,13.372915
2022-03-15,3,Algae_Sum,22.423656,13.921329
2022-03-16,3,Algae_Sum,21.751425,14.439946
2022-03-17,3,Algae_Sum,21.234648,13.822926
2022-03-18,3,Algae_Sum,21.172113,13.345899
2022-03-19,3,Algae_Sum,21.231165,13.199501
2022-03-20,3,Algae_Sum,21.99963,12.278727
2022-03-21,3,Algae_Sum,15.387169,11.914764
2022-03-22,3,Algae_Sum,14.115964,11.374929
2022-03-23,3,Algae_Sum,9.32958,11.215247
2022-03-24,3,Algae_Sum,6.2985444,8.891478
2022-03-25,3,Algae_Sum,5.0341854,8.443435
2022-03-26,3,Algae_Sum,5.3350325,6.796295
2022-03-27,3,Algae_Sum,8.063283,5.8900623
2022-03-28,3,Algae_Sum,8.366514,6.519098
2022-03-29,3,Algae_Sum,7.6990595,6.2922025
2022-03-30,3,Algae_Sum,5.9430585,5.972619
2022-03-31,3,Algae_Sum,5.8530197,6.4111567
2022-04-01,3,Algae_Sum,6.477286,5.6261554
2022-04-02,3,Algae_Sum,5.3576946,5.2397976
2022-04-03,3,Algae_Sum,4.647618,5.095902
2022-04-04,3,Algae_Sum,4.4466186,6.4205823
2022-04-05,3,Algae_Sum,5.297857,5.7819276
2022-04-06,3,Algae_Sum,5.3500943,5.1619697
2022-04-07,3,Algae_Sum,6.9239364,5.685932
2022-04-08,3,Algae_Sum,9.900731,6.6626906
2022-04-09,3,Algae_Sum,10.458249,6.8161063
2022-04-10,3,Algae_Sum,10.405612,8.087784
2022-04-11,3,Algae_Sum,13.034501,9.989926
2022-04-12,3,Algae_Sum,14.912926,10.798602
2022-04-13,3,Algae_Sum,19.22307,10.7092905
2022-04-14,3,Algae_Sum,22.115847,11.116447
2022-04-15,3,Algae_Sum,17.048006,12.368249
2022-04-16,3,Algae_Sum,15.873261,13.785617
2022-04-17,3,Algae_Sum,14.353713,14.315378
2022-04-18,3,Algae_Sum,14.21864,11.709722
2022-04-19,3,Algae_Sum,8.382399,10.846919
2022-04-20,3,Algae_Sum,8.115786,10.270306
2022-04-21,3,Algae_Sum,9.250902,10.195402
2022-04-22,3,Algae_Sum,11.966703,7.236405
2022-04-23,3,Algae_Sum,18.829271,8.009203
2022-04-24,3,Algae_Sum,20.491673,8.215961
2022-04-25,3,Algae_Sum,20.124477,10.250992
2022-04-26,3,Algae_Sum,19.488195,13.375331
2022-04-27,3,Algae_Sum,20.577866,13.6061735
2022-04-28,3,Algae_Sum,18.024887,12.414392
2022-04-29,3,Algae_Sum,13.731324,11.389364
2022-04-30,3,Algae_Sum,6.8076305,10.995945
2022-05-01,3,Algae_Sum,5.545913,10.849437
2022-05-02,3,Algae_Sum,4.527261,8.983541
2022-05-03,3,Algae_Sum,4.5768986,7.3638735
2022-05-04,3,Algae_Sum,6.6484785,6.563315
2022-05-05,3,Algae_Sum,8.88971,5.6759872
2022-05-06,3,Algae_Sum,16.515461,5.9751005
2022-05-07,3,Algae_Sum,18.791943,7.839987
2022-05-08,3,Algae_Sum,16.122038,9.833082
2022-05-09,3,Algae_Sum,15.634297,13.564566
2022-05-10,3,Algae_Sum,8.94147,13.656632
2022-05-11,3,Algae_Sum,6.6520653,10.666419
2022-05-12,3,Algae_Sum,6.4911146,9.721651
2022-05-13,3,Algae_Sum,7.851319,6.6353726
2022-05-14,3,Algae_Sum,7.917522,6.103983
2022-05-15,3,Algae_Sum,7.553483,6.5732155
2022-05-16,3,Algae_Sum,7.6247973,6.684225
2022-05-17,3,Algae_Sum,6.0722594,6.013497
2022-05-18,3,Algae_Sum,4.699108,5.9237833
2022-05-19,3,Algae_Sum,4.987699,5.6493316
2022-05-20,3,Algae_Sum,7.1548514,5.584387
2022-05-21,3,Algae_Sum,14.222451,5.3971457
2022-05-22,3,Algae_Sum,9.076565,5.185558
2022-05-23,3,Algae_Sum,8.515513,6.6548553
2022-05-24,3,Algae_Sum,9.222708,10.407319
2022-05-25,3,Algae_Sum,5.8090363,8.84971
2022-05-26,3,Algae_Sum,5.7371354,7.7533207
2022-05-27,3,Algae_Sum,5.815767,8.028955
2022-05-28,3,Algae_Sum,5.8063245,6.3148937
2022-05-29,3,Algae_Sum,5.8092227,6.2761545
2022-05-30,3,Algae_Sum,7.214677,5.796719
2022-05-31,3,Algae_Sum,8.897492,5.7320957
2022-06-01,3,Algae_Sum,7.640295,5.559567
2022-06-02,3,Algae_Sum,6.4281363,6.0902023
2022-06-03,3,Algae_Sum,8.640116,6.457427
2022-06-04,3,Algae_Sum,10.549696,6.356055
2022-06-05,3,Algae_Sum,8.642955,6.2440352
2022-06-06,3,Algae_Sum,7.183145,6.4318504
2022-06-07,3,Algae_Sum,6.3926644,6.85563
2022-06-08,3,Algae_Sum,4.962923,6.931601
2022-06-09,3,Algae_Sum,6.037123,6.3868585
2022-06-10,3,Algae_Sum,6.2730803,5.890534
2022-06-11,3,Algae_Sum,7.1472774,4.5813594
2022-06-12,3,Algae_Sum,7.695536,5.024796
2022-06-13,3,Algae_Sum,6.7818556,5.2720103
2022-06-14,3,Algae_Sum,5.2812896,5.823209
2022-06-15,3,Algae_Sum,5.140157,6.0121217
2022-06-16,3,Algae_Sum,6.5858974,5.390565
2022-06-17,3,Algae_Sum,4.191758,4.40411
2022-06-18,3,Algae_Sum,2.9360435,3.8342133
2022-06-19,3,Algae_Sum,2.771842,4.5731664
2022-06-20,3,Algae_Sum,2.4113758,4.8350058
2022-06-21,3,Algae_Sum,2.56336,4.7474775
2022-06-22,3,Algae_Sum,3.3818176,4.821907
2022-06-23,3,Algae_Sum,5.1010637,4.857349
2022-06-24,3,Algae_Sum,4.796023,5.128441
2022-06-25,3,Algae_Sum,5.372781,5.344754
2022-06-26,3,Algae_Sum,5.9620204,4.7932134
2022-06-27,3,Algae_Sum,5.862962,4.9119234
2022-06-28,3,Algae_Sum,5.971693,5.824561
2022-06-29,3,Algae_Sum,6.132315,6.121341
2022-06-30,3,Algae_Sum,7.3189716,6.0794415
2022-07-01,3,Algae_Sum,6.916466,6.418159
2022-07-02,3,Algae_Sum,6.498979,6.264635
2022-07-03,3,Algae_Sum,6.239819,7.098903
2022-07-04,3,Algae_Sum,7.2657785,7.317675
2022-07-05,3,Algae_Sum,6.5255394,6.8231807
2022-07-06,3,Algae_Sum,6.822724,6.4834805
2022-07-07,3,Algae_Sum,5.1665916,6.7514257
2022-07-08,3,Algae_Sum,4.4118934,6.3840966
2022-07-09,3,Algae_Sum,4.431267,6.4654374
2022-07-10,3,Algae_Sum,6.2858663,5.8569613
2022-07-11,3,Algae_Sum,8.517831,5.7441354
2022-07-12,3,Algae_Sum,9.017681,6.011198
2022-07-13,3,Algae_Sum,9.129348,7.607998
2022-07-14,3,Algae_Sum,15.8303175,8.501904
2022-07-15,3,Algae_Sum,19.208462,8.597322
2022-07-16,3,Algae_Sum,15.775275,8.417817
2022-07-17,3,Algae_Sum,15.853436,11.582394
2022-07-18,3,Algae_Sum,12.067487,12.560881
2022-07-19,3,Algae_Sum,6.383169,10.47661
2022-07-20,3,Algae_Sum,5.8032584,10.1171875
2022-07-21,3,Algae_Sum,4.7560263,8.718035
2022-07-22,3,Algae_Sum,4.1545377,6.440684
2022-07-23,3,Algae_Sum,5.9838204,6.066049
2022-07-24,3,Algae_Sum,10.653443,5.1792736
2022-07-25,3,Algae_Sum,4.821376,4.493749
2022-07-26,3,Algae_Sum,2.8720334,5.4933357
2022-07-27,3,Algae_Sum,3.8140726,7.908532
2022-07-28,3,Algae_Sum,4.3796573,5.143068
2022-07-29,3,Algae_Sum,4.5798154,4.1484046
2022-07-30,3,Algae_Sum,4.78831,4.703021
2022-07-31,3,Algae_Sum,4.996805,5.239055
2022-08-01,3,Algae_Sum,5.2053,5.749193
2022-08-02,3,Algae_Sum,5.4137945,5.8984065
2022-08-03,3,Algae_Sum,5.6222897,6.0661516
2022-08-04,3,Algae_Sum,5.8307843,6.504444
2022-08-05,3,Algae_Sum,6.039279,6.805577
2022-08-06,3,Algae_Sum,6.2477736,6.9816194
2022-08-07,3,Algae_Sum,6.456269,6.5933647
2022-08-08,3,Algae_Sum,6.6647635,6.6147847
2022-08-09,3,Algae_Sum,6.873258,6.7676034
2022-08-10,3,Algae_Sum,7.0817533,7.044695
2022-08-11,3,Algae_Sum,7.290248,7.1576624
2022-08-12,3,Algae_Sum,7.4987426,7.388903
2022-08-13,3,Algae_Sum,7.7072377,7.493502
2022-08-14,3,Algae_Sum,7.9157324,7.556384
2022-08-15,3,Algae_Sum,8.124228,7.7742877
2022-08-16,3,Algae_Sum,8.332722,8.420392
2022-08-17,3,Algae_Sum,8.541217,8.275262
2022-08-18,3,Algae_Sum,8.749712,8.192086
2022-08-19,3,Algae_Sum,8.958206,8.341344
2022-08-20,3,Algae_Sum,9.166701,8.539666
2022-08-21,3,Algae_Sum,9.3751955,8.680491
2022-08-22,3,Algae_Sum,9.583691,8.802
2022-08-23,3,Algae_Sum,9.792186,8.8494625
2022-08-24,3,Algae_Sum,10.000681,8.837295
2022-08-25,3,Algae_Sum,10.209175,9.161159
2022-08-26,3,Algae_Sum,10.41767,9.363907
2022-08-27,3,Algae_Sum,10.626164,9.478489
2022-08-28,3,Algae_Sum,10.83466,9.2836
2022-08-29,3,Algae_Sum,11.043155,9.384573
2022-08-30,3,Algae_Sum,11.25165,9.527362
2022-08-31,3,Algae_Sum,11.460144,9.781289
2022-09-01,3,Algae_Sum,11.668639,10.080175
2022-09-02,3,Algae_Sum,11.877133,10.4123535
2022-09-03,3,Algae_Sum,12.0856285,10.5191555
2022-09-04,3,Algae_Sum,12.294124,9.932076
2022-09-05,3,Algae_Sum,12.502618,9.929893
2022-09-06,3,Algae_Sum,12.711113,9.958071
2022-09-07,3,Algae_Sum,12.919608,9.946129
2022-09-08,3,Algae_Sum,13.128102,9.926553
2022-09-09,3,Algae_Sum,13.336597,10.544455
2022-09-10,3,Algae_Sum,13.209601,10.513344
2022-09-11,3,Algae_Sum,17.255486,10.471124
2022-09-12,3,Algae_Sum,15.933509,10.437757
2022-09-13,3,Algae_Sum,16.12013,10.664179
2022-09-14,3,Algae_Sum,17.192202,11.617342
2022-09-15,3,Algae_Sum,13.753511,10.49382
2022-09-16,3,Algae_Sum,9.633491,11.222262
2022-09-17,3,Algae_Sum,7.903886,11.386547
2022-09-18,3,Algae_Sum,12.780203,10.692415
2022-09-19,3,Algae_Sum,9.514808,8.71654
2022-09-20,3,Algae_Sum,4.9406815,8.354852
2022-09-21,3,Algae_Sum,4.6189213,10.005365
2022-09-22,3,Algae_Sum,4.2710423,8.64517
2022-09-23,3,Algae_Sum,4.478864,5.9974723
2022-09-24,3,Algae_Sum,5.996329,5.653714
2022-09-25,3,Algae_Sum,4.585286,5.4526935
2022-09-26,3,Algae_Sum,5.050558,5.4501615
2022-09-27,3,Algae_Sum,5.6589937,6.1073008
2022-09-28,3,Algae_Sum,11.683939,6.063886
2022-09-29,3,Algae_Sum,13.702725,5.7277293
2022-09-30,3,Algae_Sum,15.484778,5.870501
2022-10-01,3,Algae_Sum,6.297031,8.366018
2022-10-02,3,Algae_Sum,7.5642824,9.053135
2022-10-03,3,Algae_Sum,9.665557,8.820155
2022-10-04,3,Algae_Sum,10.83576,5.968658
2022-10-05,3,Algae_Sum,9.383369,5.8759
2022-10-06,3,Algae_Sum,7.674667,6.791731
2022-10-07,3,Algae_Sum,5.521913,7.284117
2022-10-08,3,Algae_Sum,4.48,6.433341
2022-10-09,3,Algae_Sum,6.8713117,5.9325843
2022-10-10,3,Algae_Sum,7.1460843,5.138039
2022-10-11,3,Algae_Sum,5.5755467,5.129532
2022-10-12,3,Algae_Sum,5.4064493,5.750357
2022-10-13,3,Algae_Sum,4.879971,5.9229445
2022-10-14,3,Algae_Sum,5.674562,5.2374473
2022-10-15,3,Algae_Sum,5.4724946,5.1683397
2022-10-16,3,Algae_Sum,6.6296597,4.991014
2022-10-17,3,Algae_Sum,4.734026,5.3184066
2022-10-18,3,Algae_Sum,3.7210355,5.5988207
2022-10-19,3,Algae_Sum,3.343157,6.1109705
2022-10-20,3,Algae_Sum,3.5028074,5.584202
2022-10-21,3,Algae_Sum,4.097507,4.83091
2022-10-22,3,Algae_Sum,11.426301,4.4845285
2022-10-23,3,Algae_Sum,4.9245186,4.981045
2022-10-24,3,Algae_Sum,4.2404847,4.912958
2022-10-25,3,Algae_Sum,3.3743052,8.731971
2022-10-26,3,Algae_Sum,2.8005362,5.675518
2022-10-27,3,Algae_Sum,2.8255353,4.7853274
2022-10-28,3,Algae_Sum,2.950159,4.2964063
2022-10-29,3,Algae_Sum,2.7133744,3.938959
2022-10-30,3,Algae_Sum,2.9389436,3.9994984
2022-10-31,3,Algae_Sum,2.4377353,4.164286
2022-11-01,3,Algae_Sum,2.1923506,4.0690236
2022-11-02,3,Algae_Sum,1.8659608,4.4133544
2022-11-03,3,Algae_Sum,2.044417,4.3718734
2022-11-04,3,Algae_Sum,1.951652,4.2666936
2022-11-05,3,Algae_Sum,1.9406873,4.233289
2022-11-06,3,Algae_Sum,2.6145875,4.6475534
2022-11-07,3,Algae_Sum,2.4995143,4.519673
2022-11-08,3,Algae_Sum,8.139935,4.276117
2022-11-09,3,Algae_Sum,6.696094,4.6369357
2022-11-10,3,Algae_Sum,5.9856873,4.445067
2022-11-11,3,Algae_Sum,10.509102,7.6229777
2022-11-12,3,Algae_Sum,14.771124,7.4518065
2022-11-13,3,Algae_Sum,13.465587,5.9520855
2022-11-14,3,Algae_Sum,11.2327175,6.811366
2022-11-15,3,Algae_Sum,6.898669,8.119029
2022-11-16,3,Algae_Sum,3.4700289,7.5025873
2022-11-17,3,Algae_Sum,2.8613904,6.463391
2022-11-18,3,Algae_Sum,2.724848,4.9029484
2022-11-19,3,Algae_Sum,3.6304276,3.5627944
2022-11-20,3,Algae_Sum,3.5502534,3.3213253
2022-11-21,3,Algae_Sum,3.3286896,3.736429
2022-11-22,3,Algae_Sum,3.6257422,4.3866687
2022-11-23,3,Algae_Sum,4.5511847,4.2152586
2022-11-24,3,Algae_Sum,3.9312737,4.1474032
2022-11-25,3,Algae_Sum,3.0423172,4.2215137
2022-11-26,3,Algae_Sum,4.31301,4.8615804
2022-11-27,3,Algae_Sum,4.874558,4.364574
2022-11-28,3,Algae_Sum,4.187641,3.8947222
2022-11-29,3,Algae_Sum,3.062766,4.511336
2022-11-30,3,Algae_Sum,2.9655862,4.683094
2022-12-01,3,Algae_Sum,3.046997,4.3443727
2022-12-02,3,Algae_Sum,3.228129,3.94926
2022-12-03,3,Algae_Sum,2.7292252,3.9638991
2022-12-04,3,Algae_Sum,2.5665748,3.9247117
2022-12-05,3,Algae_Sum,3.8815446,4.013422
2022-12-06,3,Algae_Sum,3.896229,3.7239418
2022-12-07,3,Algae_Sum,4.304931,3.4815927
2022-12-08,3,Algae_Sum,4.426543,4.1584935
2022-12-09,3,Algae_Sum,5.9125,4.02255
2022-12-10,3,Algae_Sum,4.9952717,4.547273
2022-12-11,3,Algae_Sum,2.0728965,4.759283
2022-12-12,3,Algae_Sum,1.5719752,5.432918
2022-12-13,3,Algae_Sum,1.6050326,4.9458966
2022-12-14,3,Algae_Sum,1.6425452,3.1467237
2022-12-15,3,Algae_Sum,1.637703,2.4835298
2022-12-16,3,Algae_Sum,1.458595,2.3712487
2022-12-17,3,Algae_Sum,1.641593,2.5030031
2022-12-18,3,Algae_Sum,1.779102,2.5565813
2022-12-19,3,Algae_Sum,1.9784131,2.9494035
2022-12-20,3,Algae_Sum,1.5757059,2.6813118
2022-12-21,3,Algae_Sum,1.5353085,2.6749926
2022-12-22,3,Algae_Sum,1.6776015,2.6173646
2022-12-23,3,Algae_Sum,1.4795218,2.8257542
2022-12-24,3,Algae_Sum,1.5386024,3.146987
2022-12-25,3,Algae_Sum,1.6248226,3.3037012
2022-12-26,3,Algae_Sum,1.6183286,3.2647069
2022-12-27,3,Algae_Sum,1.534175,3.2855089
2022-12-28,3,Algae_Sum,1.5190212,3.4838905
2022-12-29,3,Algae_Sum,1.7468524,3.677515
2022-12-30,3,Algae_Sum,1.7356522,3.3915927
2022-12-31,3,Algae_Sum,1.9499927,3.4164793
2023-01-01,3,Algae_Sum,1.4759694,3.736977
2023-01-02,3,Algae_Sum,1.7600508,4.0173407
2023-01-03,3,Algae_Sum,1.7206455,4.270627
2023-01-04,3,Algae_Sum,8.896379,3.8547862
2023-01-05,3,Algae_Sum,13.096349,3.8674777
2023-01-06,3,Algae_Sum,16.414724,3.8551567
2023-01-07,3,Algae_Sum,17.399351,8.8352375
2023-01-08,3,Algae_Sum,18.8251,12.8840275
2023-01-09,3,Algae_Sum,18.063778,12.663043
2023-01-10,3,Algae_Sum,18.789335,12.031759
2023-01-11,3,Algae_Sum,20.129807,11.069625
2023-01-12,3,Algae_Sum,18.094204,9.827106
2023-01-13,3,Algae_Sum,18.975517,10.383648
2023-01-14,3,Algae_Sum,15.918459,10.710825
2023-01-15,3,Algae_Sum,9.626111,9.904143
2023-01-16,3,Algae_Sum,9.645517,9.764859
2023-01-17,3,Algae_Sum,9.760275,9.513124
2023-01-18,3,Algae_Sum,6.7348404,6.8804727
2023-01-19,3,Algae_Sum,5.9381523,7.2927957
2023-01-20,3,Algae_Sum,6.685257,8.112296
2023-01-21,3,Algae_Sum,8.214841,6.873842
2023-01-22,3,Algae_Sum,15.05712,6.5173483
2023-01-23,3,Algae_Sum,14.977919,7.292183
2023-01-24,3,Algae_Sum,10.219479,8.348656
2023-01-25,3,Algae_Sum,9.971166,11.561625
2023-01-26,3,Algae_Sum,10.144937,12.193468
2023-01-27,3,Algae_Sum,10.277494,8.215678
2023-01-28,3,Algae_Sum,8.69824,7.2811394
2023-01-29,3,Algae_Sum,7.9546914,7.554368
2023-01-30,3,Algae_Sum,6.960508,8.136832
2023-01-31,3,Algae_Sum,10.929585,7.353955
2023-02-01,3,Algae_Sum,13.513338,7.409958
2023-02-02,3,Algae_Sum,18.162195,7.159192
2023-02-03,3,Algae_Sum,12.830873,8.946097
2023-02-04,3,Algae_Sum,12.966491,10.229555
2023-02-05,3,Algae_Sum,14.719497,11.1988125
2023-02-06,3,Algae_Sum,15.242263,9.090411
2023-02-07,3,Algae_Sum,19.88965,9.350742
2023-02-08,3,Algae_Sum,17.176598,10.481228
2023-02-09,3,Algae_Sum,14.831988,10.572486
2023-02-10,3,Algae_Sum,8.908835,11.462174
2023-02-11,3,Algae_Sum,10.425544,10.183051
2023-02-12,3,Algae_Sum,8.21172,9.162438
2023-02-13,3,Algae_Sum,6.722426,6.067575
2023-02-14,3,Algae_Sum,8.79247,6.472783
2023-02-15,3,Algae_Sum,6.31114,5.821157
2023-02-16,3,Algae_Sum,5.3742704,5.6373916
2023-02-17,3,Algae_Sum,5.505119,5.713634
2023-02-18,3,Algae_Sum,6.857666,4.938407
2023-02-19,3,Algae_Sum,6.3102674,4.612697
2023-02-20,3,Algae_Sum,6.2405734,4.7796097
2023-02-21,3,Algae_Sum,4.75634,5.4998217
2023-02-22,3,Algae_Sum,3.9756105,5.6750946
2023-02-23,3,Algae_Sum,6.117677,5.6294727
2023-02-24,3,Algae_Sum,5.387982,4.960582
2023-02-25,3,Algae_Sum,4.2622905,4.465448
2023-02-26,3,Algae_Sum,4.313567,5.2949786
2023-02-27,3,Algae_Sum,5.0228467,5.205607
2023-02-28,3,Algae_Sum,7.901806,4.6856833
2023-03-01,3,Algae_Sum,6.708374,4.457894
2023-03-02,3,Algae_Sum,4.613053,4.800673
2023-03-03,3,Algae_Sum,3.809062,6.3336234
2023-03-04,3,Algae_Sum,3.8859296,6.236074
2023-03-05,3,Algae_Sum,3.6423934,5.287136
2023-03-06,3,Algae_Sum,3.4349272,4.7527437
2023-03-07,3,Algae_Sum,4.2332244,4.74903
2023-03-08,3,Algae_Sum,3.8600123,4.653127
2023-03-09,3,Algae_Sum,3.5998406,4.5614057
2023-03-10,3,Algae_Sum,3.3379147,4.9057817
2023-03-11,3,Algae_Sum,3.1682763,4.8049555
2023-03-12,3,Algae_Sum,3.2787595,4.7831297
2023-03-13,3,Algae_Sum,2.8369768,4.8120694
2023-03-14,3,Algae_Sum,2.7873752,4.8431134
2023-03-15,3,Algae_Sum,2.737223,4.9172297
2023-03-16,3,Algae_Sum,2.6558657,5.5145836
2023-03-17,3,Algae_Sum,3.477784,5.2546363
2023-03-18,3,Algae_Sum,3.699724,4.9833183
2023-03-19,3,Algae_Sum,3.1224542,4.9293094
2023-03-20,3,Algae_Sum,3.0024664,4.993021
2023-03-21,3,Algae_Sum,2.6945102,5.175779
2023-03-22,3,Algae_Sum,2.9688792,4.933059
2023-03-23,3,Algae_Sum,5.275051,5.241763
2023-03-24,3,Algae_Sum,6.6684475,4.8508883
2023-03-25,3,Algae_Sum,6.619895,5.379665
2023-03-26,3,Algae_Sum,8.220745,7.072454
2023-03-27,3,Algae_Sum,8.499983,7.614954
2023-03-28,3,Algae_Sum,7.3574233,5.8876963
2023-03-29,3,Algae_Sum,6.047715,5.75781
2023-03-30,3,Algae_Sum,5.453628,5.3865604
2023-03-31,3,Algae_Sum,4.8178,4.982407
2023-04-01,3,Algae_Sum,3.9566126,5.076565
2023-04-02,3,Algae_Sum,3.6214437,4.6041217
2023-04-03,3,Algae_Sum,3.6822062,4.3367558
2023-04-04,3,Algae_Sum,3.4739294,4.3302984
2023-04-05,3,Algae_Sum,4.791823,4.204035
2023-04-06,3,Algae_Sum,6.664732,4.4080524
2023-04-07,3,Algae_Sum,6.9721932,4.378149
2023-04-08,3,Algae_Sum,7.7121773,5.035658
2023-04-09,3,Algae_Sum,6.841786,5.1595154
2023-04-10,3,Algae_Sum,6.226974,5.69255
2023-04-11,3,Algae_Sum,4.9300995,6.487803
2023-04-12,3,Algae_Sum,3.9539886,5.5783024
2023-04-13,3,Algae_Sum,3.7511232,5.3162785
2023-04-14,3,Algae_Sum,3.948584,4.6468782
2023-04-15,3,Algae_Sum,5.2400723,4.4231052
2023-04-16,3,Algae_Sum,5.50955,4.6989136
2023-04-17,3,Algae_Sum,8.75176,5.674713
2023-04-18,3,Algae_Sum,8.948177,6.4453163
2023-04-19,3,Algae_Sum,7.163602,5.8941684
2023-04-20,3,Algae_Sum,5.6216245,7.580899
2023-04-21,3,Algae_Sum,5.2019124,7.527868
2023-04-22,3,Algae_Sum,4.634543,6.7584615
2023-04-23,3,Algae_Sum,4.701191,6.0746346
2023-04-24,3,Algae_Sum,4.874914,6.008113
2023-04-25,3,Algae_Sum,5.603553,5.6041923
2023-04-26,3,Algae_Sum,4.2804728,5.567559
2023-04-27,3,Algae_Sum,3.6347766,4.8580613
2023-04-28,3,Algae_Sum,6.5385237,6.010186
2023-04-29,3,Algae_Sum,14.271435,5.6570163
2023-04-30,3,Algae_Sum,12.956777,5.248215
2023-05-01,3,Algae_Sum,7.4970665,7.1275864
2023-05-02,3,Algae_Sum,11.292253,10.331549
2023-05-03,3,Algae_Sum,9.83611,9.717019
2023-05-04,3,Algae_Sum,11.773096,6.9425354
2023-05-05,3,Algae_Sum,14.601667,8.879432
2023-05-06,3,Algae_Sum,12.448055,8.87554
2023-05-07,3,Algae_Sum,6.291126,10.184032
2023-05-08,3,Algae_Sum,5.0117936,12.03507
2023-05-09,3,Algae_Sum,5.804376,10.839503
2023-05-10,3,Algae_Sum,6.3043756,6.9525027
2023-05-11,3,Algae_Sum,7.088902,5.8267884
2023-05-12,3,Algae_Sum,7.7510343,6.260943
2023-05-13,3,Algae_Sum,8.704016,5.8313255
2023-05-14,3,Algae_Sum,6.7547026,5.591415
2023-05-15,3,Algae_Sum,5.222729,5.7784886
2023-05-16,3,Algae_Sum,4.4986825,5.7370224
2023-05-17,3,Algae_Sum,4.0229225,5.3381824
2023-05-18,3,Algae_Sum,4.6135154,5.0975013
2023-05-19,3,Algae_Sum,3.9889245,5.136597
2023-05-20,3,Algae_Sum,3.652485,4.7068524
2023-05-21,3,Algae_Sum,3.7265778,5.3463893
2023-05-22,3,Algae_Sum,3.2291937,5.114335
2023-05-23,3,Algae_Sum,3.8584538,4.930414
2023-05-24,3,Algae_Sum,4.446563,5.5272217
2023-05-25,3,Algae_Sum,4.0857143,4.8937626
2023-05-26,3,Algae_Sum,4.0087175,5.1113677
2023-05-27,3,Algae_Sum,4.828029,5.23208
2023-05-28,3,Algae_Sum,6.1320353,5.287551
2023-05-29,3,Algae_Sum,7.9067554,5.2460093
2023-05-30,3,Algae_Sum,8.271934,5.7135315
2023-05-31,3,Algae_Sum,12.0165825,7.2964087
2023-06-01,3,Algae_Sum,13.20095,8.271579
2023-06-02,3,Algae_Sum,9.427839,7.982332
2023-06-03,3,Algae_Sum,10.580038,9.367288
2023-06-04,3,Algae_Sum,8.459904,9.263678
2023-06-05,3,Algae_Sum,5.495514,7.5934606
2023-06-06,3,Algae_Sum,8.329729,6.9052105
2023-06-07,3,Algae_Sum,10.058122,6.607725
2023-06-08,3,Algae_Sum,8.31265,5.7936177
2023-06-09,3,Algae_Sum,6.1535554,7.132621
2023-06-10,3,Algae_Sum,4.5677657,8.320093
2023-06-11,3,Algae_Sum,4.7996216,7.9740543
2023-06-12,3,Algae_Sum,5.6931252,6.6477704
2023-06-13,3,Algae_Sum,6.915264,5.760802
2023-06-14,3,Algae_Sum,7.855021,5.781461
2023-06-15,3,Algae_Sum,6.4189825,6.117158
2023-06-16,3,Algae_Sum,4.1020656,6.2495475
2023-06-17,3,Algae_Sum,4.350381,5.9890833
2023-06-18,3,Algae_Sum,4.93138,5.698916
2023-06-19,3,Algae_Sum,3.957721,5.047554
2023-06-20,3,Algae_Sum,5.3548512,5.091818
2023-06-21,3,Algae_Sum,9.287184,6.1479454
2023-06-22,3,Algae_Sum,10.645128,6.1026974
2023-06-23,3,Algae_Sum,11.645772,7.123249
2023-06-24,3,Algae_Sum,11.620409,9.279997
2023-06-25,3,Algae_Sum,11.008908,10.107422
2023-06-26,3,Algae_Sum,12.472473,9.553305
2023-06-27,3,Algae_Sum,13.612487,8.8183365
2023-06-28,3,Algae_Sum,14.570873,8.470023
2023-06-29,3,Algae_Sum,16.603083,8.780451
2023-06-30,3,Algae_Sum,16.828627,9.131088
2023-07-01,3,Algae_Sum,11.07205,11.133359
2023-07-02,3,Algae_Sum,10.102373,11.723194
2023-07-03,3,Algae_Sum,11.606199,10.929899
2023-07-04,3,Algae_Sum,17.047934,9.184214
2023-07-05,3,Algae_Sum,19.302849,8.659912
2023-07-06,3,Algae_Sum,18.339706,9.608255
2023-07-07,3,Algae_Sum,18.408247,11.841143
2023-07-08,3,Algae_Sum,17.667715,12.701458
2023-07-09,3,Algae_Sum,19.730883,12.081865
2023-07-10,3,Algae_Sum,18.000517,12.024042
2023-07-11,3,Algae_Sum,13.325165,12.126949
2023-07-12,3,Algae_Sum,9.572903,12.240336
2023-07-13,3,Algae_Sum,8.623045,11.419164
2023-07-14,3,Algae_Sum,6.3744617,9.680466
2023-07-15,3,Algae_Sum,5.2136755,8.543507
2023-07-16,3,Algae_Sum,4.364538,8.33435
2023-07-17,3,Algae_Sum,4.507408,7.802247
2023-07-18,3,Algae_Sum,4.186809,7.318514
2023-07-19,3,Algae_Sum,4.201817,6.852273
2023-07-20,3,Algae_Sum,5.7306867,7.145672
2023-07-21,3,Algae_Sum,12.8116,6.91988
2023-07-22,3,Algae_Sum,19.579756,6.951161
2023-07-23,3,Algae_Sum,18.616846,8.289129
2023-07-24,3,Algae_Sum,21.267357,11.259481
2023-07-25,3,Algae_Sum,22.591825,13.121177
2023-07-26,3,Algae_Sum,19.576962,12.820625
2023-07-27,3,Algae_Sum,12.689302,12.728755
2023-07-28,3,Algae_Sum,7.021845,12.446458
2023-07-29,3,Algae_Sum,6.46789,10.662851
2023-07-30,3,Algae_Sum,8.131341,9.062337
2023-07-31,3,Algae_Sum,10.473058,7.09029
2023-08-01,3,Algae_Sum,9.347293,7.17211
2023-08-02,3,Algae_Sum,10.365169,8.680918
2023-08-03,3,Algae_Sum,13.959923,9.75308
2023-08-04,3,Algae_Sum,13.29757,10.126632
2023-08-05,3,Algae_Sum,19.390783,11.053785
2023-08-06,3,Algae_Sum,20.012756,12.360596
2023-08-07,3,Algae_Sum,21.812866,11.944171
2023-08-08,3,Algae_Sum,21.698616,12.822349
2023-08-09,3,Algae_Sum,15.952563,12.992076
2023-08-10,3,Algae_Sum,12.506755,12.703449
2023-08-11,3,Algae_Sum,9.76769,12.23912
2023-08-12,3,Algae_Sum,8.628945,11.727682
2023-08-13,3,Algae_Sum,10.753833,9.820715
2023-08-14,3,Algae_Sum,18.312202,9.134989
2023-08-15,3,Algae_Sum,15.357068,8.747568
2023-08-16,3,Algae_Sum,14.4903345,10.527551
2023-08-17,3,Algae_Sum,6.1450768,13.039008
2023-08-18,3,Algae_Sum,6.9899535,11.666672
2023-08-19,3,Algae_Sum,7.427206,10.276582
2023-08-20,3,Algae_Sum,5.591925,6.343425
2023-08-21,3,Algae_Sum,5.112237,6.262603
2023-08-22,3,Algae_Sum,4.8117847,6.5330825
2023-08-23,3,Algae_Sum,4.9052696,6.032328
2023-08-24,3,Algae_Sum,4.682758,5.5149193
2023-08-25,3,Algae_Sum,4.229706,5.1964607
2023-08-26,3,Algae_Sum,5.2838764,5.7003775
2023-08-27,3,Algae_Sum,5.1225586,5.323382
2023-08-28,3,Algae_Sum,5.457451,5.8960786
2023-08-29,3,Algae_Sum,9.769335,6.0357456
2023-08-30,3,Algae_Sum,6.403431,6.591349
2023-08-31,3,Algae_Sum,9.14163,6.192791
2023-09-01,3,Algae_Sum,7.098849,7.4366527
2023-09-02,3,Algae_Sum,6.8927407,6.7497625
2023-09-03,3,Algae_Sum,6.0940366,7.4647694
2023-09-04,3,Algae_Sum,5.8949885,6.7047753
2023-09-05,3,Algae_Sum,8.714047,6.55744
2023-09-06,3,Algae_Sum,10.118848,6.2154126
2023-09-07,3,Algae_Sum,9.202477,6.1578193
2023-09-08,3,Algae_Sum,9.017773,6.3738136
2023-09-09,3,Algae_Sum,5.850143,6.712525
2023-09-10,3,Algae_Sum,4.832357,6.1825767
2023-09-11,3,Algae_Sum,4.02745,6.1743665
2023-09-12,3,Algae_Sum,3.6709762,5.3745794
2023-09-13,3,Algae_Sum,4.0373435,5.404664
2023-09-14,3,Algae_Sum,5.0195746,5.094426
2023-09-15,3,Algae_Sum,6.2175045,5.3119583
2023-09-16,3,Algae_Sum,5.396928,5.2885437
2023-09-17,3,Algae_Sum,4.511211,6.0143757
2023-09-18,3,Algae_Sum,5.9401107,7.293698
2023-09-19,3,Algae_Sum,7.256015,6.760028
2023-09-20,3,Algae_Sum,9.687739,6.238128
2023-09-21,3,Algae_Sum,11.152798,6.857499
2023-09-22,3,Algae_Sum,9.092755,7.5649114
2023-09-23,3,Algae_Sum,9.462845,9.106094
2023-09-24,3,Algae_Sum,9.13481,9.533129
2023-09-25,3,Algae_Sum,6.733803,8.779253
2023-09-26,3,Algae_Sum,9.3901205,8.89473
2023-09-27,3,Algae_Sum,8.797401,8.678409
2023-09-28,3,Algae_Sum,8.627417,7.693232
2023-09-29,3,Algae_Sum,8.13903,8.75216
2023-09-30,3,Algae_Sum,8.805059,8.442374
2023-10-01,3,Algae_Sum,8.873955,8.173843
2023-10-02,3,Algae_Sum,5.967786,7.952092
2023-10-03,3,Algae_Sum,7.2735186,7.777954
2023-10-04,3,Algae_Sum,7.5096498,7.8632507
2023-10-05,3,Algae_Sum,5.9595027,6.67823
2023-10-06,3,Algae_Sum,4.3613086,6.8787003
2023-10-07,3,Algae_Sum,3.5716507,7.1666517
2023-10-08,3,Algae_Sum,3.528187,6.265136
2023-10-09,3,Algae_Sum,3.9179816,5.1279564
2023-10-10,3,Algae_Sum,4.670383,4.5072846
2023-10-11,3,Algae_Sum,4.3853636,4.5017858
2023-10-12,3,Algae_Sum,3.630321,4.9012446
2023-10-13,3,Algae_Sum,6.1506977,5.592454
2023-10-14,3,Algae_Sum,10.862733,5.6579537
2023-10-15,3,Algae_Sum,12.212149,5.88131
2023-10-16,3,Algae_Sum,6.1697555,7.1429677
2023-10-17,3,Algae_Sum,5.6503882,9.34165
2023-10-18,3,Algae_Sum,8.3702,9.57937
2023-10-19,3,Algae_Sum,7.988243,6.8372617
2023-10-20,3,Algae_Sum,8.712761,5.978668
2023-10-21,3,Algae_Sum,6.09467,6.6528206
2023-10-22,3,Algae_Sum,7.1581044,6.0975323
2023-10-23,3,Algae_Sum,5.96391,6.2383814
2023-10-24,3,Algae_Sum,8.6742325,5.302954
2023-10-25,3,Algae_Sum,13.544966,5.6907825
2023-10-26,3,Algae_Sum,10.631577,5.6436205
2023-10-27,3,Algae_Sum,10.541737,6.5196967
2023-10-28,3,Algae_Sum,5.8347054,7.7365036
2023-10-29,3,Algae_Sum,5.825745,7.0260196
2023-10-30,3,Algae_Sum,5.56857,6.534874
2023-10-31,3,Algae_Sum,6.985122,5.4633536
2023-11-01,3,Algae_Sum,8.041882,5.410372
2023-11-02,3,Algae_Sum,6.7011433,5.515584
2023-11-03,3,Algae_Sum,8.279078,5.755597
2023-11-04,3,Algae_Sum,5.83744,6.2410398
2023-11-05,3,Algae_Sum,8.754188,5.6607795
2023-11-06,3,Algae_Sum,10.229152,6.3689823
2023-11-07,3,Algae_Sum,7.655938,5.9185047
2023-11-08,3,Algae_Sum,4.2260113,6.514279
2023-11-09,3,Algae_Sum,4.6493325,7.115887
2023-11-10,3,Algae_Sum,5.1353493,6.164851
2023-11-11,3,Algae_Sum,3.610392,4.8523855
2023-11-12,3,Algae_Sum,3.563171,4.989012
2023-11-13,3,Algae_Sum,2.9885213,5.1781187
2023-11-14,3,Algae_Sum,3.5244007,4.8843026
2023-11-15,3,Algae_Sum,3.460855,4.947529
2023-11-16,3,Algae_Sum,3.3802412,4.5166926
2023-11-17,3,Algae_Sum,3.2781708,4.916273
2023-11-18,3,Algae_Sum,3.6207902,4.9203234
2023-11-19,3,Algae_Sum,2.9817839,4.683355
2023-11-20,3,Algae_Sum,3.663706,4.5347376
2023-11-21,3,Algae_Sum,3.2461529,5.027278
2023-11-22,3,Algae_Sum,4.652809,4.443398
2023-11-23,3,Algae_Sum,11.062335,4.740436
2023-11-24,3,Algae_Sum,7.191083,4.267563
2023-11-25,3,Algae_Sum,4.861382,4.551341
2023-11-26,3,Algae_Sum,3.3599403,6.9852724
2023-11-27,3,Algae_Sum,3.5830445,6.529379
2023-11-28,3,Algae_Sum,5.812014,5.466089
2023-11-29,3,Algae_Sum,5.0685453,4.7349186
2023-11-30,3,Algae_Sum,13.4719305,4.8741055
2023-12-01,3,Algae_Sum,7.98614,5.7616158
2023-12-02,3,Algae_Sum,5.869619,6.289251
2023-12-03,3,Algae_Sum,6.3705707,8.839246
2023-12-04,3,Algae_Sum,5.155445,6.6071773
2023-12-05,3,Algae_Sum,8.696334,5.2577767
2023-12-06,3,Algae_Sum,9.385786,5.399241
2023-12-07,3,Algae_Sum,6.3892965,5.0837793
2023-12-08,3,Algae_Sum,4.352298,6.2643595
2023-12-09,3,Algae_Sum,6.964291,6.379762
2023-12-10,3,Algae_Sum,5.7171173,5.8926606
2023-12-11,3,Algae_Sum,9.130519,5.1455045
2023-12-12,3,Algae_Sum,12.658916,6.5621376
2023-12-13,3,Algae_Sum,11.153771,6.2602057
2023-12-14,3,Algae_Sum,11.911017,8.007215
2023-12-15,3,Algae_Sum,12.863973,9.835644
2023-12-16,3,Algae_Sum,9.227918,8.18479
2023-12-17,3,Algae_Sum,5.000855,7.1485853
2023-12-18,3,Algae_Sum,5.0440235,7.009337
2023-12-19,3,Algae_Sum,7.2128468,6.073646
2023-12-20,3,Algae_Sum,5.3524604,4.526146
2023-12-21,3,Algae_Sum,4.4162736,4.3708887
2023-12-22,3,Algae_Sum,5.4673543,5.3570623
2023-12-23,3,Algae_Sum,5.3069916,4.925031
2023-12-24,3,Algae_Sum,5.0713725,4.6821265
2023-12-25,3,Algae_Sum,6.1313434,5.0949802
2023-12-26,3,Algae_Sum,12.130165,5.2149796
2023-12-27,3,Algae_Sum,14.239751,5.169305
2023-12-28,3,Algae_Sum,12.578621,5.37857
2023-12-29,3,Algae_Sum,8.37809,6.7864366
