date,horizon,target,true_value,pred_value
2020-10-28,1,Algae_Sum,15.520253,10.92794
2020-10-29,1,Algae_Sum,20.664259,13.060249
2020-10-30,1,Algae_Sum,21.884106,14.567582
2020-10-31,1,Algae_Sum,12.073075,15.306774
2020-11-01,1,Algae_Sum,14.822073,11.549118
2020-11-02,1,Algae_Sum,13.792086,12.780187
2020-11-03,1,Algae_Sum,9.761375,12.044583
2020-11-04,1,Algae_Sum,9.380658,10.57088
2020-11-05,1,Algae_Sum,7.6647573,10.354731
2020-11-06,1,Algae_Sum,10.652831,8.941429
2020-11-07,1,Algae_Sum,17.500963,11.295865
2020-11-08,1,Algae_Sum,7.6776447,13.662905
2020-11-09,1,Algae_Sum,6.484938,9.00411
2020-11-10,1,Algae_Sum,5.9227905,7.7587175
2020-11-11,1,Algae_Sum,6.3580694,6.375307
2020-11-12,1,Algae_Sum,7.033241,6.530152
2020-11-13,1,Algae_Sum,7.3596616,7.1914177
2020-11-14,1,Algae_Sum,9.0749035,7.0543675
2020-11-15,1,Algae_Sum,8.515803,8.772275
2020-11-16,1,Algae_Sum,13.417889,8.256369
2020-11-17,1,Algae_Sum,15.102305,12.71705
2020-11-18,1,Algae_Sum,14.956821,12.812161
2020-11-19,1,Algae_Sum,18.823248,13.019821
2020-11-20,1,Algae_Sum,16.920609,13.961182
2020-11-21,1,Algae_Sum,15.183918,13.357845
2020-11-22,1,Algae_Sum,15.901703,12.391665
2020-11-23,1,Algae_Sum,11.166392,12.717109
2020-11-24,1,Algae_Sum,10.60181,10.977273
2020-11-25,1,Algae_Sum,9.785565,10.361553
2020-11-26,1,Algae_Sum,16.66919,9.303964
2020-11-27,1,Algae_Sum,11.014212,12.627586
2020-11-28,1,Algae_Sum,8.998741,10.566123
2020-11-29,1,Algae_Sum,9.229913,9.156734
2020-11-30,1,Algae_Sum,4.991194,8.971221
2020-12-01,1,Algae_Sum,4.6330485,5.4802647
2020-12-02,1,Algae_Sum,5.1133065,4.396116
2020-12-03,1,Algae_Sum,4.5701375,4.5926166
2020-12-04,1,Algae_Sum,5.052518,4.2854223
2020-12-05,1,Algae_Sum,4.2047973,4.459633
2020-12-06,1,Algae_Sum,4.3188496,4.163061
2020-12-07,1,Algae_Sum,4.5638957,4.3270545
2020-12-08,1,Algae_Sum,4.3974586,4.600375
2020-12-09,1,Algae_Sum,6.298979,4.300562
2020-12-10,1,Algae_Sum,5.4832077,6.8815155
2020-12-11,1,Algae_Sum,3.929725,5.3623843
2020-12-12,1,Algae_Sum,6.609797,4.621034
2020-12-13,1,Algae_Sum,14.367908,7.8206396
2020-12-14,1,Algae_Sum,4.815441,13.724455
2020-12-15,1,Algae_Sum,4.2484083,5.7828956
2020-12-16,1,Algae_Sum,4.285731,5.2797127
2020-12-17,1,Algae_Sum,4.113128,4.913704
2020-12-18,1,Algae_Sum,3.9961796,5.2099595
2020-12-19,1,Algae_Sum,4.648864,4.539482
2020-12-20,1,Algae_Sum,5.3344426,5.119343
2020-12-21,1,Algae_Sum,5.618892,5.958619
2020-12-22,1,Algae_Sum,5.4751267,5.7688923
2020-12-23,1,Algae_Sum,7.776384,6.048762
2020-12-24,1,Algae_Sum,7.4458003,10.046959
2020-12-25,1,Algae_Sum,6.071738,8.144201
2020-12-26,1,Algae_Sum,6.178096,7.7958264
2020-12-27,1,Algae_Sum,6.910051,8.581644
2020-12-28,1,Algae_Sum,18.225533,9.671617
2020-12-29,1,Algae_Sum,16.772173,14.418946
2020-12-30,1,Algae_Sum,16.605732,14.253224
2020-12-31,1,Algae_Sum,16.387157,13.740755
2021-01-01,1,Algae_Sum,8.856911,12.985134
2021-01-02,1,Algae_Sum,5.317567,8.929218
2021-01-03,1,Algae_Sum,4.7676196,6.8161974
2021-01-04,1,Algae_Sum,4.2526574,5.4639473
2021-01-05,1,Algae_Sum,4.1225705,4.752237
2021-01-06,1,Algae_Sum,5.5991163,4.5538507
2021-01-07,1,Algae_Sum,7.6152134,5.732033
2021-01-08,1,Algae_Sum,4.0434084,7.1210155
2021-01-09,1,Algae_Sum,3.713741,3.9431489
2021-01-10,1,Algae_Sum,3.414877,3.6897373
2021-01-11,1,Algae_Sum,3.6629832,3.6405673
2021-01-12,1,Algae_Sum,5.2977786,3.5039797
2021-01-13,1,Algae_Sum,6.059045,4.7933297
2021-01-14,1,Algae_Sum,6.5575237,4.895324
2021-01-15,1,Algae_Sum,6.035286,5.8448887
2021-01-16,1,Algae_Sum,6.2309194,5.377082
2021-01-17,1,Algae_Sum,7.3292184,6.2762895
2021-01-18,1,Algae_Sum,7.2281694,6.5559063
2021-01-19,1,Algae_Sum,6.791013,6.9575047
2021-01-20,1,Algae_Sum,9.555196,6.9103913
2021-01-21,1,Algae_Sum,12.568437,12.631474
2021-01-22,1,Algae_Sum,13.08861,12.490433
2021-01-23,1,Algae_Sum,16.701107,12.717636
2021-01-24,1,Algae_Sum,11.107178,13.583056
2021-01-25,1,Algae_Sum,13.185079,11.542274
2021-01-26,1,Algae_Sum,14.309341,12.598118
2021-01-27,1,Algae_Sum,17.447178,12.399006
2021-01-28,1,Algae_Sum,12.752337,13.170614
2021-01-29,1,Algae_Sum,14.503437,11.450672
2021-01-30,1,Algae_Sum,14.994356,12.079103
2021-01-31,1,Algae_Sum,12.609326,12.258766
2021-02-01,1,Algae_Sum,11.911086,11.835195
2021-02-02,1,Algae_Sum,11.054591,11.803684
2021-02-03,1,Algae_Sum,9.5205145,11.495091
2021-02-04,1,Algae_Sum,10.508161,10.67779
2021-02-05,1,Algae_Sum,10.67833,11.471405
2021-02-06,1,Algae_Sum,10.053758,11.665214
2021-02-07,1,Algae_Sum,9.0949745,11.467441
2021-02-08,1,Algae_Sum,9.740884,11.043868
2021-02-09,1,Algae_Sum,11.113655,11.392548
2021-02-10,1,Algae_Sum,13.788543,11.677167
2021-02-11,1,Algae_Sum,9.672534,12.711149
2021-02-12,1,Algae_Sum,9.084823,10.840784
2021-02-13,1,Algae_Sum,17.508087,11.166701
2021-02-14,1,Algae_Sum,13.146946,14.170997
2021-02-15,1,Algae_Sum,11.419103,12.603533
2021-02-16,1,Algae_Sum,11.980311,11.932775
2021-02-17,1,Algae_Sum,11.245926,12.22796
2021-02-18,1,Algae_Sum,7.9800363,11.586614
2021-02-19,1,Algae_Sum,9.421471,9.955039
2021-02-20,1,Algae_Sum,7.99176,11.251063
2021-02-21,1,Algae_Sum,8.2490015,9.3918085
2021-02-22,1,Algae_Sum,7.808769,10.177995
2021-02-23,1,Algae_Sum,8.060869,8.985367
2021-02-24,1,Algae_Sum,7.221506,9.360283
2021-02-25,1,Algae_Sum,9.2095,7.8971295
2021-02-26,1,Algae_Sum,9.879594,10.950936
2021-02-27,1,Algae_Sum,8.833722,10.562221
2021-02-28,1,Algae_Sum,8.0143585,8.913104
2021-03-01,1,Algae_Sum,6.0586815,7.6389894
2021-03-02,1,Algae_Sum,6.4103456,5.4162517
2021-03-03,1,Algae_Sum,8.819653,5.306512
2021-03-04,1,Algae_Sum,6.2930245,8.319369
2021-03-05,1,Algae_Sum,3.0083067,4.9230456
2021-03-06,1,Algae_Sum,1.6337553,3.4541607
2021-03-07,1,Algae_Sum,1.628278,2.73577
2021-03-08,1,Algae_Sum,2.2676249,2.5830235
2021-03-09,1,Algae_Sum,2.4649348,2.983235
2021-03-10,1,Algae_Sum,3.7003834,3.149519
2021-03-11,1,Algae_Sum,6.6675324,4.4546037
2021-03-12,1,Algae_Sum,10.264775,7.5612283
2021-03-13,1,Algae_Sum,19.44618,12.643811
2021-03-14,1,Algae_Sum,12.759682,14.822372
2021-03-15,1,Algae_Sum,12.029479,12.179068
2021-03-16,1,Algae_Sum,9.745131,11.65165
2021-03-17,1,Algae_Sum,7.7749853,9.825513
2021-03-18,1,Algae_Sum,7.2675614,7.5588255
2021-03-19,1,Algae_Sum,5.630832,6.5102863
2021-03-20,1,Algae_Sum,5.568669,5.073892
2021-03-21,1,Algae_Sum,4.5231113,4.665929
2021-03-22,1,Algae_Sum,3.0237844,3.9806387
2021-03-23,1,Algae_Sum,2.5734901,3.2697527
2021-03-24,1,Algae_Sum,2.9237897,2.9745457
2021-03-25,1,Algae_Sum,2.8117054,3.1583345
2021-03-26,1,Algae_Sum,3.0104342,3.1508126
2021-03-27,1,Algae_Sum,3.8426285,3.4139557
2021-03-28,1,Algae_Sum,6.895923,4.2725844
2021-03-29,1,Algae_Sum,13.461354,8.890003
2021-03-30,1,Algae_Sum,17.317652,13.781365
2021-03-31,1,Algae_Sum,17.391066,14.32871
2021-04-01,1,Algae_Sum,14.776763,14.317675
2021-04-02,1,Algae_Sum,12.928407,12.700256
2021-04-03,1,Algae_Sum,11.813078,11.651344
2021-04-04,1,Algae_Sum,8.532172,11.237143
2021-04-05,1,Algae_Sum,6.315181,8.900295
2021-04-06,1,Algae_Sum,6.0695224,6.7326593
2021-04-07,1,Algae_Sum,6.6027446,5.800169
2021-04-08,1,Algae_Sum,6.337952,6.202922
2021-04-09,1,Algae_Sum,5.6539507,5.6926866
2021-04-10,1,Algae_Sum,5.894414,5.535716
2021-04-11,1,Algae_Sum,7.030861,5.810391
2021-04-12,1,Algae_Sum,13.461731,7.142428
2021-04-13,1,Algae_Sum,14.730739,13.342467
2021-04-14,1,Algae_Sum,15.172216,13.229929
2021-04-15,1,Algae_Sum,13.776918,13.413224
2021-04-16,1,Algae_Sum,13.478327,12.535785
2021-04-17,1,Algae_Sum,17.960876,12.440366
2021-04-18,1,Algae_Sum,13.178813,13.985153
2021-04-19,1,Algae_Sum,12.057459,12.413039
2021-04-20,1,Algae_Sum,11.892882,11.832935
2021-04-21,1,Algae_Sum,12.019044,11.522586
2021-04-22,1,Algae_Sum,14.975033,11.516946
2021-04-23,1,Algae_Sum,16.368479,12.826847
2021-04-24,1,Algae_Sum,15.866011,13.636837
2021-04-25,1,Algae_Sum,21.996445,13.570555
2021-04-26,1,Algae_Sum,17.954536,15.029633
2021-04-27,1,Algae_Sum,14.3708105,13.831033
2021-04-28,1,Algae_Sum,8.976744,12.02481
2021-04-29,1,Algae_Sum,6.032525,9.322533
2021-04-30,1,Algae_Sum,6.1225615,7.627376
2021-05-01,1,Algae_Sum,13.055283,6.413923
2021-05-02,1,Algae_Sum,15.771375,12.660883
2021-05-03,1,Algae_Sum,17.007025,13.221273
2021-05-04,1,Algae_Sum,9.339772,14.06811
2021-05-05,1,Algae_Sum,9.40084,11.176194
2021-05-06,1,Algae_Sum,11.735045,11.059369
2021-05-07,1,Algae_Sum,11.6258955,11.709048
2021-05-08,1,Algae_Sum,16.68035,11.588493
2021-05-09,1,Algae_Sum,22.493618,13.73843
2021-05-10,1,Algae_Sum,16.525246,15.399082
2021-05-11,1,Algae_Sum,18.971342,14.408412
2021-05-12,1,Algae_Sum,21.865564,14.882013
2021-05-13,1,Algae_Sum,21.909088,15.277672
2021-05-14,1,Algae_Sum,18.595934,15.921758
2021-05-15,1,Algae_Sum,16.452106,14.8497505
2021-05-16,1,Algae_Sum,12.469892,13.556313
2021-05-17,1,Algae_Sum,11.853444,12.078007
2021-05-18,1,Algae_Sum,12.899964,11.943655
2021-05-19,1,Algae_Sum,10.863085,12.284579
2021-05-20,1,Algae_Sum,11.793205,11.348781
2021-05-21,1,Algae_Sum,10.932504,11.636983
2021-05-22,1,Algae_Sum,14.627393,11.331604
2021-05-23,1,Algae_Sum,13.459877,12.863315
2021-05-24,1,Algae_Sum,18.745737,12.46829
2021-05-25,1,Algae_Sum,12.448503,14.186348
2021-05-26,1,Algae_Sum,11.574566,12.275129
2021-05-27,1,Algae_Sum,18.80346,11.944289
2021-05-28,1,Algae_Sum,22.238157,14.070447
2021-05-29,1,Algae_Sum,21.29074,14.86626
2021-05-30,1,Algae_Sum,10.020926,14.799444
2021-05-31,1,Algae_Sum,7.060413,11.438239
2021-06-01,1,Algae_Sum,10.506314,10.034044
2021-06-02,1,Algae_Sum,9.201731,10.875742
2021-06-03,1,Algae_Sum,6.931745,9.86343
2021-06-04,1,Algae_Sum,8.3245325,8.61234
2021-06-05,1,Algae_Sum,7.7431645,10.350542
2021-06-06,1,Algae_Sum,8.018364,9.471809
2021-06-07,1,Algae_Sum,9.928958,10.3140135
2021-06-08,1,Algae_Sum,13.749262,11.531474
2021-06-09,1,Algae_Sum,8.666303,12.780517
2021-06-10,1,Algae_Sum,10.037793,10.936021
2021-06-11,1,Algae_Sum,12.12508,12.146875
2021-06-12,1,Algae_Sum,18.209587,12.752893
2021-06-13,1,Algae_Sum,24.054714,14.570641
2021-06-14,1,Algae_Sum,23.002129,15.573693
2021-06-15,1,Algae_Sum,22.791176,15.634032
2021-06-16,1,Algae_Sum,24.818869,16.014284
2021-06-17,1,Algae_Sum,22.894386,16.295721
2021-06-18,1,Algae_Sum,22.643948,16.043
2021-06-19,1,Algae_Sum,20.487635,15.502521
2021-06-20,1,Algae_Sum,21.67561,15.058699
2021-06-21,1,Algae_Sum,12.94602,15.068893
2021-06-22,1,Algae_Sum,9.037994,13.133173
2021-06-23,1,Algae_Sum,9.579233,11.95716
2021-06-24,1,Algae_Sum,8.6657095,12.0958395
2021-06-25,1,Algae_Sum,9.339313,11.866295
2021-06-26,1,Algae_Sum,8.252894,12.040776
2021-06-27,1,Algae_Sum,19.663662,11.409992
2021-06-28,1,Algae_Sum,25.989393,14.765806
2021-06-29,1,Algae_Sum,24.72149,15.857816
2021-06-30,1,Algae_Sum,18.818155,15.863793
2021-07-01,1,Algae_Sum,17.853378,14.428539
2021-07-02,1,Algae_Sum,20.01221,14.435453
2021-07-03,1,Algae_Sum,24.686243,14.785106
2021-07-04,1,Algae_Sum,17.383993,15.682603
2021-07-05,1,Algae_Sum,24.257757,14.087258
2021-07-06,1,Algae_Sum,21.03982,15.120369
2021-07-07,1,Algae_Sum,18.139551,14.6643095
2021-07-08,1,Algae_Sum,19.128239,13.712628
2021-07-09,1,Algae_Sum,9.262927,13.981111
2021-07-10,1,Algae_Sum,10.348993,11.093827
2021-07-11,1,Algae_Sum,10.155518,11.714974
2021-07-12,1,Algae_Sum,12.318908,11.556391
2021-07-13,1,Algae_Sum,11.372229,12.594037
2021-07-14,1,Algae_Sum,11.732797,12.158368
2021-07-15,1,Algae_Sum,13.027316,12.725798
2021-07-16,1,Algae_Sum,13.275453,13.007441
2021-07-17,1,Algae_Sum,13.036151,13.277247
2021-07-18,1,Algae_Sum,12.048767,13.230517
2021-07-19,1,Algae_Sum,12.207481,12.398918
2021-07-20,1,Algae_Sum,11.366654,12.039483
2021-07-21,1,Algae_Sum,8.354729,11.6198845
2021-07-22,1,Algae_Sum,9.270456,10.28943
2021-07-23,1,Algae_Sum,17.47265,11.316217
2021-07-24,1,Algae_Sum,23.949871,14.417572
2021-07-25,1,Algae_Sum,22.02724,15.575198
2021-07-26,1,Algae_Sum,19.4621,15.541668
2021-07-27,1,Algae_Sum,16.015862,14.235939
2021-07-28,1,Algae_Sum,10.80458,12.785895
2021-07-29,1,Algae_Sum,11.944978,11.222661
2021-07-30,1,Algae_Sum,11.576705,12.174481
2021-07-31,1,Algae_Sum,13.812453,12.197526
2021-08-01,1,Algae_Sum,16.956932,12.809184
2021-08-02,1,Algae_Sum,19.797148,13.747846
2021-08-03,1,Algae_Sum,14.188182,14.006895
2021-08-04,1,Algae_Sum,10.745257,12.841799
2021-08-05,1,Algae_Sum,10.256742,11.677806
2021-08-06,1,Algae_Sum,9.348004,10.977982
2021-08-07,1,Algae_Sum,9.657215,9.836592
2021-08-08,1,Algae_Sum,7.870428,10.081796
2021-08-09,1,Algae_Sum,7.9377337,9.181161
2021-08-10,1,Algae_Sum,6.537909,9.972195
2021-08-11,1,Algae_Sum,7.6913457,8.426723
2021-08-12,1,Algae_Sum,9.700195,10.377694
2021-08-13,1,Algae_Sum,8.763865,11.865384
2021-08-14,1,Algae_Sum,14.3637705,10.432793
2021-08-15,1,Algae_Sum,19.768396,13.467014
2021-08-16,1,Algae_Sum,14.797129,14.80175
2021-08-17,1,Algae_Sum,13.521683,13.440536
2021-08-18,1,Algae_Sum,16.551445,12.059205
2021-08-19,1,Algae_Sum,19.159174,13.338059
2021-08-20,1,Algae_Sum,17.454346,14.369685
2021-08-21,1,Algae_Sum,14.43775,14.49734
2021-08-22,1,Algae_Sum,24.444853,12.713851
2021-08-23,1,Algae_Sum,23.654213,15.113367
2021-08-24,1,Algae_Sum,20.174358,15.7266245
2021-08-25,1,Algae_Sum,23.570362,14.649209
2021-08-26,1,Algae_Sum,22.163607,14.922404
2021-08-27,1,Algae_Sum,20.888262,14.005096
2021-08-28,1,Algae_Sum,17.96409,13.531041
2021-08-29,1,Algae_Sum,15.920398,12.571428
2021-08-30,1,Algae_Sum,13.904685,12.324103
2021-08-31,1,Algae_Sum,11.628221,11.819048
2021-09-01,1,Algae_Sum,9.605492,11.573305
2021-09-02,1,Algae_Sum,8.241238,10.963263
2021-09-03,1,Algae_Sum,6.9375906,9.764547
2021-09-04,1,Algae_Sum,8.669407,8.159358
2021-09-05,1,Algae_Sum,9.813335,10.395917
2021-09-06,1,Algae_Sum,7.5314255,11.1016865
2021-09-07,1,Algae_Sum,6.983845,8.076104
2021-09-08,1,Algae_Sum,7.1382346,7.613842
2021-09-09,1,Algae_Sum,13.072077,7.7386036
2021-09-10,1,Algae_Sum,12.83738,12.803438
2021-09-11,1,Algae_Sum,16.002106,11.702847
2021-09-12,1,Algae_Sum,17.835026,13.537372
2021-09-13,1,Algae_Sum,14.486676,13.549718
2021-09-14,1,Algae_Sum,13.53239,12.443391
2021-09-15,1,Algae_Sum,9.934142,12.001703
2021-09-16,1,Algae_Sum,8.631086,10.441149
2021-09-17,1,Algae_Sum,6.440637,9.245606
2021-09-18,1,Algae_Sum,5.292397,6.789954
2021-09-19,1,Algae_Sum,5.922165,5.6768765
2021-09-20,1,Algae_Sum,5.691839,5.905482
2021-09-21,1,Algae_Sum,4.662006,5.8804936
2021-09-22,1,Algae_Sum,6.1574945,4.714823
2021-09-23,1,Algae_Sum,6.0256524,6.4078217
2021-09-24,1,Algae_Sum,5.532701,5.617234
2021-09-25,1,Algae_Sum,5.1589136,5.3061404
2021-09-26,1,Algae_Sum,5.3309774,5.100499
2021-09-27,1,Algae_Sum,5.418769,4.9793706
2021-09-28,1,Algae_Sum,5.2733235,4.9568563
2021-09-29,1,Algae_Sum,5.532158,5.103167
2021-09-30,1,Algae_Sum,6.4422374,5.3803387
2021-10-01,1,Algae_Sum,5.0308905,5.833998
2021-10-02,1,Algae_Sum,4.317036,4.564768
2021-10-03,1,Algae_Sum,4.889657,4.1828637
2021-10-04,1,Algae_Sum,5.2936916,5.192975
2021-10-05,1,Algae_Sum,5.697726,5.140012
2021-10-06,1,Algae_Sum,6.1017604,5.907494
2021-10-07,1,Algae_Sum,6.5057945,6.0934463
2021-10-08,1,Algae_Sum,6.909829,6.145772
2021-10-09,1,Algae_Sum,7.3138633,7.0469575
2021-10-10,1,Algae_Sum,7.7178974,6.396417
2021-10-11,1,Algae_Sum,8.121932,6.653555
2021-10-12,1,Algae_Sum,8.50928,7.1148643
2021-10-13,1,Algae_Sum,7.9375234,8.000847
2021-10-14,1,Algae_Sum,7.977364,7.39988
2021-10-15,1,Algae_Sum,15.226336,7.673256
2021-10-16,1,Algae_Sum,16.438095,13.25932
2021-10-17,1,Algae_Sum,8.294558,12.047243
2021-10-18,1,Algae_Sum,7.752127,7.8512673
2021-10-19,1,Algae_Sum,7.259913,7.242891
2021-10-20,1,Algae_Sum,6.6409698,6.8376575
2021-10-21,1,Algae_Sum,6.6670914,6.169275
2021-10-22,1,Algae_Sum,5.925297,6.258204
2021-10-23,1,Algae_Sum,5.4903545,5.518408
2021-10-24,1,Algae_Sum,5.6178727,5.1740108
2021-10-25,1,Algae_Sum,5.6348443,5.3954816
2021-10-26,1,Algae_Sum,6.6838927,5.2521873
2021-10-27,1,Algae_Sum,12.037207,6.526273
2021-10-28,1,Algae_Sum,17.690195,12.95526
2021-10-29,1,Algae_Sum,18.624842,13.955721
2021-10-30,1,Algae_Sum,13.580152,14.162857
2021-10-31,1,Algae_Sum,11.194544,11.553378
2021-11-01,1,Algae_Sum,10.462178,10.918078
2021-11-02,1,Algae_Sum,12.232649,10.3121
2021-11-03,1,Algae_Sum,15.58694,11.230108
2021-11-04,1,Algae_Sum,10.781874,12.394529
2021-11-05,1,Algae_Sum,5.8879957,10.860629
2021-11-06,1,Algae_Sum,7.3089147,7.1859627
2021-11-07,1,Algae_Sum,9.767589,7.061635
2021-11-08,1,Algae_Sum,10.094161,10.378646
2021-11-09,1,Algae_Sum,8.241853,10.324586
2021-11-10,1,Algae_Sum,8.87005,8.340789
2021-11-11,1,Algae_Sum,6.3899784,9.122915
2021-11-12,1,Algae_Sum,5.1606374,6.281555
2021-11-13,1,Algae_Sum,5.5793633,4.980043
2021-11-14,1,Algae_Sum,4.651657,5.0848675
2021-11-15,1,Algae_Sum,4.554149,4.135819
2021-11-16,1,Algae_Sum,5.022404,4.035331
2021-11-17,1,Algae_Sum,4.6273074,4.417133
2021-11-18,1,Algae_Sum,4.374101,4.017818
2021-11-19,1,Algae_Sum,3.9367054,3.9376607
2021-11-20,1,Algae_Sum,4.143954,3.4789872
2021-11-21,1,Algae_Sum,5.2425346,3.657563
2021-11-22,1,Algae_Sum,5.5534515,4.920382
2021-11-23,1,Algae_Sum,3.9296818,4.6489706
2021-11-24,1,Algae_Sum,3.9628437,3.5851452
2021-11-25,1,Algae_Sum,3.9074223,3.851823
2021-11-26,1,Algae_Sum,4.0430174,3.6993668
2021-11-27,1,Algae_Sum,4.3520837,3.9171999
2021-11-28,1,Algae_Sum,4.666802,4.134661
2021-11-29,1,Algae_Sum,5.4313397,4.31808
2021-11-30,1,Algae_Sum,7.180413,5.469553
2021-12-01,1,Algae_Sum,7.4161477,7.259741
2021-12-02,1,Algae_Sum,7.2796235,6.4935393
2021-12-03,1,Algae_Sum,6.8413396,6.5265865
2021-12-04,1,Algae_Sum,5.8279667,6.502415
2021-12-05,1,Algae_Sum,5.988748,6.0174565
2021-12-06,1,Algae_Sum,5.93862,6.024269
2021-12-07,1,Algae_Sum,5.536968,6.093502
2021-12-08,1,Algae_Sum,5.703489,5.5661597
2021-12-09,1,Algae_Sum,5.5692935,5.7221503
2021-12-10,1,Algae_Sum,5.7963386,5.7136164
2021-12-11,1,Algae_Sum,6.7919173,5.952498
2021-12-12,1,Algae_Sum,6.347567,7.487463
2021-12-13,1,Algae_Sum,7.157062,6.154222
2021-12-14,1,Algae_Sum,7.675123,7.5318136
2021-12-15,1,Algae_Sum,8.035453,8.028962
2021-12-16,1,Algae_Sum,8.290507,9.15362
2021-12-17,1,Algae_Sum,7.857487,9.197575
2021-12-18,1,Algae_Sum,6.9587545,8.190054
2021-12-19,1,Algae_Sum,7.078501,7.1535535
2021-12-20,1,Algae_Sum,6.386708,7.226692
2021-12-21,1,Algae_Sum,5.7970405,6.281621
2021-12-22,1,Algae_Sum,8.401563,6.2104945
2021-12-23,1,Algae_Sum,9.853842,7.9876437
2021-12-24,1,Algae_Sum,10.479891,9.994169
2021-12-25,1,Algae_Sum,6.79892,9.846381
2021-12-26,1,Algae_Sum,6.1713023,6.9778557
2021-12-27,1,Algae_Sum,5.868709,6.549025
2021-12-28,1,Algae_Sum,6.4871573,6.0161324
2021-12-29,1,Algae_Sum,5.5026603,6.5597115
2021-12-30,1,Algae_Sum,5.9895153,5.4979386
2021-12-31,1,Algae_Sum,5.2731185,6.191573
2022-01-01,1,Algae_Sum,5.0462303,5.0765114
2022-01-02,1,Algae_Sum,4.418698,4.907241
2022-01-03,1,Algae_Sum,5.029804,4.234713
2022-01-04,1,Algae_Sum,6.5712094,4.605383
2022-01-05,1,Algae_Sum,13.401752,6.3696747
2022-01-06,1,Algae_Sum,10.879635,13.2621355
2022-01-07,1,Algae_Sum,9.090659,10.522032
2022-01-08,1,Algae_Sum,12.60774,9.50652
2022-01-09,1,Algae_Sum,9.901173,11.326095
2022-01-10,1,Algae_Sum,13.245796,9.237141
2022-01-11,1,Algae_Sum,15.001737,11.090463
2022-01-12,1,Algae_Sum,7.81225,11.334639
2022-01-13,1,Algae_Sum,5.096939,7.45256
2022-01-14,1,Algae_Sum,3.6971543,5.496974
2022-01-15,1,Algae_Sum,4.363386,4.2205076
2022-01-16,1,Algae_Sum,4.3458104,4.664151
2022-01-17,1,Algae_Sum,3.8066256,4.8211565
2022-01-18,1,Algae_Sum,5.2714844,4.57265
2022-01-19,1,Algae_Sum,4.862216,6.2384453
2022-01-20,1,Algae_Sum,5.010956,5.688385
2022-01-21,1,Algae_Sum,6.06328,6.2219234
2022-01-22,1,Algae_Sum,7.378161,7.159348
2022-01-23,1,Algae_Sum,14.501929,8.671168
2022-01-24,1,Algae_Sum,14.932735,13.082971
2022-01-25,1,Algae_Sum,15.1729,12.71223
2022-01-26,1,Algae_Sum,15.917808,13.249194
2022-01-27,1,Algae_Sum,18.156307,13.053062
2022-01-28,1,Algae_Sum,18.664135,13.45589
2022-01-29,1,Algae_Sum,16.769812,13.611339
2022-01-30,1,Algae_Sum,15.78383,12.776207
2022-01-31,1,Algae_Sum,10.025391,12.468673
2022-02-01,1,Algae_Sum,7.953441,10.02552
2022-02-02,1,Algae_Sum,8.797217,8.808715
2022-02-03,1,Algae_Sum,6.8645725,9.087601
2022-02-04,1,Algae_Sum,8.426436,7.211825
2022-02-05,1,Algae_Sum,8.039783,8.911818
2022-02-06,1,Algae_Sum,6.147427,8.151793
2022-02-07,1,Algae_Sum,6.8574467,7.0180726
2022-02-08,1,Algae_Sum,8.257711,7.8770843
2022-02-09,1,Algae_Sum,7.34981,8.702459
2022-02-10,1,Algae_Sum,7.8486204,8.100398
2022-02-11,1,Algae_Sum,6.7274346,8.028106
2022-02-12,1,Algae_Sum,8.533124,6.8650546
2022-02-13,1,Algae_Sum,10.349507,9.272471
2022-02-14,1,Algae_Sum,8.167533,10.862152
2022-02-15,1,Algae_Sum,8.175829,8.3685255
2022-02-16,1,Algae_Sum,8.894369,8.835567
2022-02-17,1,Algae_Sum,13.571143,9.384785
2022-02-18,1,Algae_Sum,14.202525,12.649246
2022-02-19,1,Algae_Sum,12.050333,12.353639
2022-02-20,1,Algae_Sum,7.611722,11.642591
2022-02-21,1,Algae_Sum,5.733845,8.719859
2022-02-22,1,Algae_Sum,5.1310353,6.679513
2022-02-23,1,Algae_Sum,5.166545,5.691171
2022-02-24,1,Algae_Sum,5.3882766,5.3521013
2022-02-25,1,Algae_Sum,5.3518543,4.833277
2022-02-26,1,Algae_Sum,5.315431,4.564963
2022-02-27,1,Algae_Sum,5.2790084,4.718995
2022-02-28,1,Algae_Sum,4.8051047,4.576393
2022-03-01,1,Algae_Sum,5.7841735,4.163389
2022-03-02,1,Algae_Sum,6.8599105,4.8874855
2022-03-03,1,Algae_Sum,10.313599,8.897475
2022-03-04,1,Algae_Sum,11.979428,12.219686
2022-03-05,1,Algae_Sum,16.470217,12.743713
2022-03-06,1,Algae_Sum,15.187589,13.751241
2022-03-07,1,Algae_Sum,16.333487,13.28713
2022-03-08,1,Algae_Sum,10.426647,13.439386
2022-03-09,1,Algae_Sum,8.779225,11.067191
2022-03-10,1,Algae_Sum,8.968824,9.819834
2022-03-11,1,Algae_Sum,14.514039,10.748748
2022-03-12,1,Algae_Sum,16.906658,13.599385
2022-03-13,1,Algae_Sum,21.538147,14.071269
2022-03-14,1,Algae_Sum,21.98083,15.315131
2022-03-15,1,Algae_Sum,22.423656,15.420887
2022-03-16,1,Algae_Sum,21.751425,15.346609
2022-03-17,1,Algae_Sum,21.234648,15.092434
2022-03-18,1,Algae_Sum,21.172113,14.594036
2022-03-19,1,Algae_Sum,21.231165,14.44787
2022-03-20,1,Algae_Sum,21.99963,14.230721
2022-03-21,1,Algae_Sum,15.387169,14.240153
2022-03-22,1,Algae_Sum,14.115964,11.667353
2022-03-23,1,Algae_Sum,9.32958,11.403393
2022-03-24,1,Algae_Sum,6.2985444,8.793532
2022-03-25,1,Algae_Sum,5.0341854,6.9742627
2022-03-26,1,Algae_Sum,5.3350325,7.151245
2022-03-27,1,Algae_Sum,8.063283,6.526435
2022-03-28,1,Algae_Sum,8.366514,7.0271616
2022-03-29,1,Algae_Sum,7.6990595,7.180289
2022-03-30,1,Algae_Sum,5.9430585,5.88502
2022-03-31,1,Algae_Sum,5.8530197,4.8952255
2022-04-01,1,Algae_Sum,6.477286,4.8351793
2022-04-02,1,Algae_Sum,5.3576946,6.494238
2022-04-03,1,Algae_Sum,4.647618,4.805666
2022-04-04,1,Algae_Sum,4.4466186,4.761026
2022-04-05,1,Algae_Sum,5.297857,5.3645606
2022-04-06,1,Algae_Sum,5.3500943,6.198255
2022-04-07,1,Algae_Sum,6.9239364,6.0535145
2022-04-08,1,Algae_Sum,9.900731,8.632482
2022-04-09,1,Algae_Sum,10.458249,11.797385
2022-04-10,1,Algae_Sum,10.405612,11.768925
2022-04-11,1,Algae_Sum,13.034501,11.888617
2022-04-12,1,Algae_Sum,14.912926,12.581055
2022-04-13,1,Algae_Sum,19.22307,13.477676
2022-04-14,1,Algae_Sum,22.115847,14.796324
2022-04-15,1,Algae_Sum,17.048006,15.575807
2022-04-16,1,Algae_Sum,15.873261,13.977757
2022-04-17,1,Algae_Sum,14.353713,12.833078
2022-04-18,1,Algae_Sum,14.21864,12.244805
2022-04-19,1,Algae_Sum,8.382399,12.387808
2022-04-20,1,Algae_Sum,8.115786,7.8228755
2022-04-21,1,Algae_Sum,9.250902,8.22897
2022-04-22,1,Algae_Sum,11.966703,8.352799
2022-04-23,1,Algae_Sum,18.829271,12.219732
2022-04-24,1,Algae_Sum,20.491673,14.400781
2022-04-25,1,Algae_Sum,20.124477,15.129562
2022-04-26,1,Algae_Sum,19.488195,14.819553
2022-04-27,1,Algae_Sum,20.577866,14.428972
2022-04-28,1,Algae_Sum,18.024887,13.966005
2022-04-29,1,Algae_Sum,13.731324,13.594814
2022-04-30,1,Algae_Sum,6.8076305,11.599528
2022-05-01,1,Algae_Sum,5.545913,9.424987
2022-05-02,1,Algae_Sum,4.527261,7.623568
2022-05-03,1,Algae_Sum,4.5768986,5.7764745
2022-05-04,1,Algae_Sum,6.6484785,5.772018
2022-05-05,1,Algae_Sum,8.88971,8.110874
2022-05-06,1,Algae_Sum,16.515461,10.437794
2022-05-07,1,Algae_Sum,18.791943,14.310003
2022-05-08,1,Algae_Sum,16.122038,14.698569
2022-05-09,1,Algae_Sum,15.634297,13.316019
2022-05-10,1,Algae_Sum,8.94147,12.523303
2022-05-11,1,Algae_Sum,6.6520653,8.031121
2022-05-12,1,Algae_Sum,6.4911146,6.861493
2022-05-13,1,Algae_Sum,7.851319,6.474884
2022-05-14,1,Algae_Sum,7.917522,6.8374825
2022-05-15,1,Algae_Sum,7.553483,6.0114613
2022-05-16,1,Algae_Sum,7.6247973,6.054746
2022-05-17,1,Algae_Sum,6.0722594,5.4913707
2022-05-18,1,Algae_Sum,4.699108,4.9819407
2022-05-19,1,Algae_Sum,4.987699,4.449236
2022-05-20,1,Algae_Sum,7.1548514,4.2757974
2022-05-21,1,Algae_Sum,14.222451,6.514156
2022-05-22,1,Algae_Sum,9.076565,12.968926
2022-05-23,1,Algae_Sum,8.515513,8.034771
2022-05-24,1,Algae_Sum,9.222708,8.624982
2022-05-25,1,Algae_Sum,5.8090363,8.304
2022-05-26,1,Algae_Sum,5.7371354,5.872807
2022-05-27,1,Algae_Sum,5.815767,5.7626963
2022-05-28,1,Algae_Sum,5.8063245,4.7890396
2022-05-29,1,Algae_Sum,5.8092227,4.9933963
2022-05-30,1,Algae_Sum,7.214677,4.7471695
2022-05-31,1,Algae_Sum,8.897492,6.257063
2022-06-01,1,Algae_Sum,7.640295,6.769806
2022-06-02,1,Algae_Sum,6.4281363,5.995535
2022-06-03,1,Algae_Sum,8.640116,6.4151
2022-06-04,1,Algae_Sum,10.549696,7.095291
2022-06-05,1,Algae_Sum,8.642955,8.538701
2022-06-06,1,Algae_Sum,7.183145,7.0071936
2022-06-07,1,Algae_Sum,6.3926644,6.701877
2022-06-08,1,Algae_Sum,4.962923,6.398393
2022-06-09,1,Algae_Sum,6.037123,5.456146
2022-06-10,1,Algae_Sum,6.2730803,6.051478
2022-06-11,1,Algae_Sum,7.1472774,5.9651313
2022-06-12,1,Algae_Sum,7.695536,6.2710433
2022-06-13,1,Algae_Sum,6.7818556,6.3639274
2022-06-14,1,Algae_Sum,5.2812896,5.4799924
2022-06-15,1,Algae_Sum,5.140157,4.8940096
2022-06-16,1,Algae_Sum,6.5858974,4.7802324
2022-06-17,1,Algae_Sum,4.191758,5.4910345
2022-06-18,1,Algae_Sum,2.9360435,3.8689446
2022-06-19,1,Algae_Sum,2.771842,3.635853
2022-06-20,1,Algae_Sum,2.4113758,3.5898845
2022-06-21,1,Algae_Sum,2.56336,3.3217328
2022-06-22,1,Algae_Sum,3.3818176,3.5926142
2022-06-23,1,Algae_Sum,5.1010637,3.8759818
2022-06-24,1,Algae_Sum,4.796023,4.9719067
2022-06-25,1,Algae_Sum,5.372781,4.3160095
2022-06-26,1,Algae_Sum,5.9620204,5.3687725
2022-06-27,1,Algae_Sum,5.862962,5.7804165
2022-06-28,1,Algae_Sum,5.971693,5.551633
2022-06-29,1,Algae_Sum,6.132315,6.2104445
2022-06-30,1,Algae_Sum,7.3189716,6.158833
2022-07-01,1,Algae_Sum,6.916466,7.7446747
2022-07-02,1,Algae_Sum,6.498979,7.1493363
2022-07-03,1,Algae_Sum,6.239819,7.320891
2022-07-04,1,Algae_Sum,7.2657785,6.739645
2022-07-05,1,Algae_Sum,6.5255394,7.3206577
2022-07-06,1,Algae_Sum,6.822724,6.162996
2022-07-07,1,Algae_Sum,5.1665916,6.495214
2022-07-08,1,Algae_Sum,4.4118934,5.192694
2022-07-09,1,Algae_Sum,4.431267,5.048673
2022-07-10,1,Algae_Sum,6.2858663,4.969463
2022-07-11,1,Algae_Sum,8.517831,8.020304
2022-07-12,1,Algae_Sum,9.017681,8.941594
2022-07-13,1,Algae_Sum,9.129348,9.818444
2022-07-14,1,Algae_Sum,15.8303175,9.97159
2022-07-15,1,Algae_Sum,19.208462,13.037661
2022-07-16,1,Algae_Sum,15.775275,13.009852
2022-07-17,1,Algae_Sum,15.853436,11.968446
2022-07-18,1,Algae_Sum,12.067487,11.500515
2022-07-19,1,Algae_Sum,6.383169,10.5861025
2022-07-20,1,Algae_Sum,5.8032584,7.1203556
2022-07-21,1,Algae_Sum,4.7560263,5.635943
2022-07-22,1,Algae_Sum,4.1545377,4.8178596
2022-07-23,1,Algae_Sum,5.9838204,3.9636598
2022-07-24,1,Algae_Sum,10.653443,5.43223
2022-07-25,1,Algae_Sum,4.821376,10.0521145
2022-07-26,1,Algae_Sum,2.8720334,4.337777
2022-07-27,1,Algae_Sum,3.8140726,3.4746184
2022-07-28,1,Algae_Sum,4.3796573,4.6522107
2022-07-29,1,Algae_Sum,4.5798154,4.1967497
2022-07-30,1,Algae_Sum,4.78831,5.3863106
2022-07-31,1,Algae_Sum,4.996805,4.710972
2022-08-01,1,Algae_Sum,5.2053,5.2900314
2022-08-02,1,Algae_Sum,5.4137945,5.468097
2022-08-03,1,Algae_Sum,5.6222897,5.4444356
2022-08-04,1,Algae_Sum,5.8307843,5.554674
2022-08-05,1,Algae_Sum,6.039279,5.250159
2022-08-06,1,Algae_Sum,6.2477736,5.456301
2022-08-07,1,Algae_Sum,6.456269,5.7858
2022-08-08,1,Algae_Sum,6.6647635,5.8073387
2022-08-09,1,Algae_Sum,6.873258,5.914486
2022-08-10,1,Algae_Sum,7.0817533,6.171809
2022-08-11,1,Algae_Sum,7.290248,6.2163887
2022-08-12,1,Algae_Sum,7.4987426,6.2978616
2022-08-13,1,Algae_Sum,7.7072377,6.3566566
2022-08-14,1,Algae_Sum,7.9157324,7.315544
2022-08-15,1,Algae_Sum,8.124228,6.9733343
2022-08-16,1,Algae_Sum,8.332722,7.118645
2022-08-17,1,Algae_Sum,8.541217,7.316175
2022-08-18,1,Algae_Sum,8.749712,7.616877
2022-08-19,1,Algae_Sum,8.958206,7.833066
2022-08-20,1,Algae_Sum,9.166701,8.080352
2022-08-21,1,Algae_Sum,9.3751955,8.143745
2022-08-22,1,Algae_Sum,9.583691,8.120698
2022-08-23,1,Algae_Sum,9.792186,8.730874
2022-08-24,1,Algae_Sum,10.000681,8.963094
2022-08-25,1,Algae_Sum,10.209175,9.18835
2022-08-26,1,Algae_Sum,10.41767,9.235559
2022-08-27,1,Algae_Sum,10.626164,9.3744135
2022-08-28,1,Algae_Sum,10.83466,9.810975
2022-08-29,1,Algae_Sum,11.043155,10.414836
2022-08-30,1,Algae_Sum,11.25165,10.700425
2022-08-31,1,Algae_Sum,11.460144,11.047751
2022-09-01,1,Algae_Sum,11.668639,11.128563
2022-09-02,1,Algae_Sum,11.877133,10.776803
2022-09-03,1,Algae_Sum,12.0856285,11.100044
2022-09-04,1,Algae_Sum,12.294124,11.1420965
2022-09-05,1,Algae_Sum,12.502618,11.198477
2022-09-06,1,Algae_Sum,12.711113,11.213194
2022-09-07,1,Algae_Sum,12.919608,11.568282
2022-09-08,1,Algae_Sum,13.128102,11.473067
2022-09-09,1,Algae_Sum,13.336597,11.55703
2022-09-10,1,Algae_Sum,13.209601,11.612031
2022-09-11,1,Algae_Sum,17.255486,11.816534
2022-09-12,1,Algae_Sum,15.933509,12.889247
2022-09-13,1,Algae_Sum,16.12013,12.27475
2022-09-14,1,Algae_Sum,17.192202,12.768749
2022-09-15,1,Algae_Sum,13.753511,13.031166
2022-09-16,1,Algae_Sum,9.633491,12.353005
2022-09-17,1,Algae_Sum,7.903886,10.747055
2022-09-18,1,Algae_Sum,12.780203,9.908949
2022-09-19,1,Algae_Sum,9.514808,12.092082
2022-09-20,1,Algae_Sum,4.9406815,9.714806
2022-09-21,1,Algae_Sum,4.6189213,6.4934545
2022-09-22,1,Algae_Sum,4.2710423,5.1237445
2022-09-23,1,Algae_Sum,4.478864,4.42978
2022-09-24,1,Algae_Sum,5.996329,4.1452794
2022-09-25,1,Algae_Sum,4.585286,5.508619
2022-09-26,1,Algae_Sum,5.050558,4.5942273
2022-09-27,1,Algae_Sum,5.6589937,4.2462983
2022-09-28,1,Algae_Sum,11.683939,4.9823875
2022-09-29,1,Algae_Sum,13.702725,11.594389
2022-09-30,1,Algae_Sum,15.484778,9.7720375
2022-10-01,1,Algae_Sum,6.297031,11.416017
2022-10-02,1,Algae_Sum,7.5642824,5.7710233
2022-10-03,1,Algae_Sum,9.665557,5.599212
2022-10-04,1,Algae_Sum,10.83576,7.6407423
2022-10-05,1,Algae_Sum,9.383369,7.92485
2022-10-06,1,Algae_Sum,7.674667,6.57597
2022-10-07,1,Algae_Sum,5.521913,5.9547973
2022-10-08,1,Algae_Sum,4.48,4.5062933
2022-10-09,1,Algae_Sum,6.8713117,4.4186945
2022-10-10,1,Algae_Sum,7.1460843,6.236371
2022-10-11,1,Algae_Sum,5.5755467,5.484591
2022-10-12,1,Algae_Sum,5.4064493,4.5202045
2022-10-13,1,Algae_Sum,4.879971,4.5604935
2022-10-14,1,Algae_Sum,5.674562,4.155264
2022-10-15,1,Algae_Sum,5.4724946,4.946675
2022-10-16,1,Algae_Sum,6.6296597,4.950328
2022-10-17,1,Algae_Sum,4.734026,6.2692904
2022-10-18,1,Algae_Sum,3.7210355,4.456922
2022-10-19,1,Algae_Sum,3.343157,3.8530076
2022-10-20,1,Algae_Sum,3.5028074,3.5983791
2022-10-21,1,Algae_Sum,4.097507,4.3480964
2022-10-22,1,Algae_Sum,11.426301,3.7715309
2022-10-23,1,Algae_Sum,4.9245186,13.2079
2022-10-24,1,Algae_Sum,4.2404847,4.528401
2022-10-25,1,Algae_Sum,3.3743052,4.4741673
2022-10-26,1,Algae_Sum,2.8005362,3.856977
2022-10-27,1,Algae_Sum,2.8255353,3.2863886
2022-10-28,1,Algae_Sum,2.950159,3.371913
2022-10-29,1,Algae_Sum,2.7133744,3.2950246
2022-10-30,1,Algae_Sum,2.9389436,3.0998383
2022-10-31,1,Algae_Sum,2.4377353,3.554263
2022-11-01,1,Algae_Sum,2.1923506,2.9936616
2022-11-02,1,Algae_Sum,1.8659608,2.801288
2022-11-03,1,Algae_Sum,2.044417,2.6010475
2022-11-04,1,Algae_Sum,1.951652,3.0751033
2022-11-05,1,Algae_Sum,1.9406873,2.745786
2022-11-06,1,Algae_Sum,2.6145875,2.6753461
2022-11-07,1,Algae_Sum,2.4995143,2.9362085
2022-11-08,1,Algae_Sum,8.139935,2.5791569
2022-11-09,1,Algae_Sum,6.696094,9.402379
2022-11-10,1,Algae_Sum,5.9856873,4.364281
2022-11-11,1,Algae_Sum,10.509102,4.7581735
2022-11-12,1,Algae_Sum,14.771124,9.974132
2022-11-13,1,Algae_Sum,13.465587,11.853978
2022-11-14,1,Algae_Sum,11.2327175,10.911403
2022-11-15,1,Algae_Sum,6.898669,8.807779
2022-11-16,1,Algae_Sum,3.4700289,5.5455675
2022-11-17,1,Algae_Sum,2.8613904,3.4635699
2022-11-18,1,Algae_Sum,2.724848,2.7595034
2022-11-19,1,Algae_Sum,3.6304276,3.1285775
2022-11-20,1,Algae_Sum,3.5502534,3.3907995
2022-11-21,1,Algae_Sum,3.3286896,2.9665844
2022-11-22,1,Algae_Sum,3.6257422,3.1986809
2022-11-23,1,Algae_Sum,4.5511847,3.3776894
2022-11-24,1,Algae_Sum,3.9312737,4.029514
2022-11-25,1,Algae_Sum,3.0423172,3.33127
2022-11-26,1,Algae_Sum,4.31301,3.0153744
2022-11-27,1,Algae_Sum,4.874558,4.0536957
2022-11-28,1,Algae_Sum,4.187641,3.4267187
2022-11-29,1,Algae_Sum,3.062766,3.1204557
2022-11-30,1,Algae_Sum,2.9655862,2.6514385
2022-12-01,1,Algae_Sum,3.046997,2.537302
2022-12-02,1,Algae_Sum,3.228129,2.4907012
2022-12-03,1,Algae_Sum,2.7292252,2.4424472
2022-12-04,1,Algae_Sum,2.5665748,2.203567
2022-12-05,1,Algae_Sum,3.8815446,2.0732348
2022-12-06,1,Algae_Sum,3.896229,2.3477695
2022-12-07,1,Algae_Sum,4.304931,2.1759543
2022-12-08,1,Algae_Sum,4.426543,2.415477
2022-12-09,1,Algae_Sum,5.9125,2.5035095
2022-12-10,1,Algae_Sum,4.9952717,3.0714357
2022-12-11,1,Algae_Sum,2.0728965,2.5770357
2022-12-12,1,Algae_Sum,1.5719752,2.0219083
2022-12-13,1,Algae_Sum,1.6050326,1.8305242
2022-12-14,1,Algae_Sum,1.6425452,1.7922436
2022-12-15,1,Algae_Sum,1.637703,1.8055785
2022-12-16,1,Algae_Sum,1.458595,1.7977151
2022-12-17,1,Algae_Sum,1.641593,1.9094028
2022-12-18,1,Algae_Sum,1.779102,1.7932682
2022-12-19,1,Algae_Sum,1.9784131,1.7667617
2022-12-20,1,Algae_Sum,1.5757059,1.734537
2022-12-21,1,Algae_Sum,1.5353085,1.7562897
2022-12-22,1,Algae_Sum,1.6776015,1.8184739
2022-12-23,1,Algae_Sum,1.4795218,1.8885221
2022-12-24,1,Algae_Sum,1.5386024,1.8777187
2022-12-25,1,Algae_Sum,1.6248226,1.8709195
2022-12-26,1,Algae_Sum,1.6183286,1.9270003
2022-12-27,1,Algae_Sum,1.534175,1.9871618
2022-12-28,1,Algae_Sum,1.5190212,1.9225421
2022-12-29,1,Algae_Sum,1.7468524,1.9532601
2022-12-30,1,Algae_Sum,1.7356522,2.0458555
2022-12-31,1,Algae_Sum,1.9499927,2.1333685
2023-01-01,1,Algae_Sum,1.4759694,2.2090888
2023-01-02,1,Algae_Sum,1.7600508,2.123677
2023-01-03,1,Algae_Sum,1.7206455,2.1852407
2023-01-04,1,Algae_Sum,8.896379,2.2767403
2023-01-05,1,Algae_Sum,13.096349,9.845359
2023-01-06,1,Algae_Sum,16.414724,12.540439
2023-01-07,1,Algae_Sum,17.399351,13.865828
2023-01-08,1,Algae_Sum,18.8251,14.212043
2023-01-09,1,Algae_Sum,18.063778,14.012157
2023-01-10,1,Algae_Sum,18.789335,13.362403
2023-01-11,1,Algae_Sum,20.129807,13.403827
2023-01-12,1,Algae_Sum,18.094204,13.409742
2023-01-13,1,Algae_Sum,18.975517,12.622625
2023-01-14,1,Algae_Sum,15.918459,13.068452
2023-01-15,1,Algae_Sum,9.626111,12.223896
2023-01-16,1,Algae_Sum,9.645517,8.571059
2023-01-17,1,Algae_Sum,9.760275,8.99553
2023-01-18,1,Algae_Sum,6.7348404,9.424908
2023-01-19,1,Algae_Sum,5.9381523,6.5810423
2023-01-20,1,Algae_Sum,6.685257,5.802224
2023-01-21,1,Algae_Sum,8.214841,6.383614
2023-01-22,1,Algae_Sum,15.05712,8.406748
2023-01-23,1,Algae_Sum,14.977919,13.777605
2023-01-24,1,Algae_Sum,10.219479,13.384523
2023-01-25,1,Algae_Sum,9.971166,10.212229
2023-01-26,1,Algae_Sum,10.144937,9.534377
2023-01-27,1,Algae_Sum,10.277494,9.1495285
2023-01-28,1,Algae_Sum,8.69824,9.616439
2023-01-29,1,Algae_Sum,7.9546914,7.553507
2023-01-30,1,Algae_Sum,6.960508,7.155304
2023-01-31,1,Algae_Sum,10.929585,6.318915
2023-02-01,1,Algae_Sum,13.513338,11.873753
2023-02-02,1,Algae_Sum,18.162195,12.488847
2023-02-03,1,Algae_Sum,12.830873,14.174621
2023-02-04,1,Algae_Sum,12.966491,11.648279
2023-02-05,1,Algae_Sum,14.719497,12.054861
2023-02-06,1,Algae_Sum,15.242263,12.453338
2023-02-07,1,Algae_Sum,19.88965,12.568396
2023-02-08,1,Algae_Sum,17.176598,13.885203
2023-02-09,1,Algae_Sum,14.831988,13.081535
2023-02-10,1,Algae_Sum,8.908835,11.93181
2023-02-11,1,Algae_Sum,10.425544,7.6195846
2023-02-12,1,Algae_Sum,8.21172,7.6221867
2023-02-13,1,Algae_Sum,6.722426,5.954711
2023-02-14,1,Algae_Sum,8.79247,5.069927
2023-02-15,1,Algae_Sum,6.31114,6.5786333
2023-02-16,1,Algae_Sum,5.3742704,4.7306104
2023-02-17,1,Algae_Sum,5.505119,4.272898
2023-02-18,1,Algae_Sum,6.857666,4.5413904
2023-02-19,1,Algae_Sum,6.3102674,5.414425
2023-02-20,1,Algae_Sum,6.2405734,4.8719735
2023-02-21,1,Algae_Sum,4.75634,4.828977
2023-02-22,1,Algae_Sum,3.9756105,3.7225056
2023-02-23,1,Algae_Sum,6.117677,3.200599
2023-02-24,1,Algae_Sum,5.387982,4.6097074
2023-02-25,1,Algae_Sum,4.2622905,3.5372825
2023-02-26,1,Algae_Sum,4.313567,3.2510183
2023-02-27,1,Algae_Sum,5.0228467,3.2046266
2023-02-28,1,Algae_Sum,7.901806,3.7064447
2023-03-01,1,Algae_Sum,6.708374,6.2127705
2023-03-02,1,Algae_Sum,4.613053,4.236242
2023-03-03,1,Algae_Sum,3.809062,3.6473207
2023-03-04,1,Algae_Sum,3.8859296,3.3456297
2023-03-05,1,Algae_Sum,3.6423934,3.371664
2023-03-06,1,Algae_Sum,3.4349272,3.1714458
2023-03-07,1,Algae_Sum,4.2332244,3.1202192
2023-03-08,1,Algae_Sum,3.8600123,3.5561423
2023-03-09,1,Algae_Sum,3.5998406,3.1861863
2023-03-10,1,Algae_Sum,3.3379147,3.276289
2023-03-11,1,Algae_Sum,3.1682763,3.262469
2023-03-12,1,Algae_Sum,3.2787595,3.2666578
2023-03-13,1,Algae_Sum,2.8369768,3.2336628
2023-03-14,1,Algae_Sum,2.7873752,3.910159
2023-03-15,1,Algae_Sum,2.737223,3.361867
2023-03-16,1,Algae_Sum,2.6558657,3.1583004
2023-03-17,1,Algae_Sum,3.477784,3.0582526
2023-03-18,1,Algae_Sum,3.699724,3.1325474
2023-03-19,1,Algae_Sum,3.1224542,3.166892
2023-03-20,1,Algae_Sum,3.0024664,2.886116
2023-03-21,1,Algae_Sum,2.6945102,3.0946991
2023-03-22,1,Algae_Sum,2.9688792,2.8055499
2023-03-23,1,Algae_Sum,5.275051,3.1994233
2023-03-24,1,Algae_Sum,6.6684475,4.7639213
2023-03-25,1,Algae_Sum,6.619895,4.9733424
2023-03-26,1,Algae_Sum,8.220745,3.9847553
2023-03-27,1,Algae_Sum,8.499983,5.1056204
2023-03-28,1,Algae_Sum,7.3574233,4.6325336
2023-03-29,1,Algae_Sum,6.047715,3.9804833
2023-03-30,1,Algae_Sum,5.453628,3.999994
2023-03-31,1,Algae_Sum,4.8178,3.4503186
2023-04-01,1,Algae_Sum,3.9566126,3.309279
2023-04-02,1,Algae_Sum,3.6214437,3.2148814
2023-04-03,1,Algae_Sum,3.6822062,3.1102493
2023-04-04,1,Algae_Sum,3.4739294,3.068992
2023-04-05,1,Algae_Sum,4.791823,3.2868576
2023-04-06,1,Algae_Sum,6.664732,4.1852946
2023-04-07,1,Algae_Sum,6.9721932,5.074986
2023-04-08,1,Algae_Sum,7.7121773,4.7283874
2023-04-09,1,Algae_Sum,6.841786,6.2178593
2023-04-10,1,Algae_Sum,6.226974,4.6990147
2023-04-11,1,Algae_Sum,4.9300995,4.6952424
2023-04-12,1,Algae_Sum,3.9539886,3.6481993
2023-04-13,1,Algae_Sum,3.7511232,3.2375724
2023-04-14,1,Algae_Sum,3.948584,3.1188188
2023-04-15,1,Algae_Sum,5.2400723,4.2929263
2023-04-16,1,Algae_Sum,5.50955,4.751805
2023-04-17,1,Algae_Sum,8.75176,4.138877
2023-04-18,1,Algae_Sum,8.948177,8.509327
2023-04-19,1,Algae_Sum,7.163602,5.93828
2023-04-20,1,Algae_Sum,5.6216245,5.2759604
2023-04-21,1,Algae_Sum,5.2019124,4.3984094
2023-04-22,1,Algae_Sum,4.634543,4.252272
2023-04-23,1,Algae_Sum,4.701191,3.8717835
2023-04-24,1,Algae_Sum,4.874914,3.9772704
2023-04-25,1,Algae_Sum,5.603553,3.453459
2023-04-26,1,Algae_Sum,4.2804728,4.5610433
2023-04-27,1,Algae_Sum,3.6347766,3.7116709
2023-04-28,1,Algae_Sum,6.5385237,3.7098918
2023-04-29,1,Algae_Sum,14.271435,6.6979938
2023-04-30,1,Algae_Sum,12.956777,12.863985
2023-05-01,1,Algae_Sum,7.4970665,9.612039
2023-05-02,1,Algae_Sum,11.292253,6.848522
2023-05-03,1,Algae_Sum,9.83611,11.738729
2023-05-04,1,Algae_Sum,11.773096,9.834338
2023-05-05,1,Algae_Sum,14.601667,12.2356615
2023-05-06,1,Algae_Sum,12.448055,13.296572
2023-05-07,1,Algae_Sum,6.291126,12.414328
2023-05-08,1,Algae_Sum,5.0117936,7.073484
2023-05-09,1,Algae_Sum,5.804376,5.243476
2023-05-10,1,Algae_Sum,6.3043756,4.830764
2023-05-11,1,Algae_Sum,7.088902,4.7313814
2023-05-12,1,Algae_Sum,7.7510343,4.683075
2023-05-13,1,Algae_Sum,8.704016,5.4595966
2023-05-14,1,Algae_Sum,6.7547026,5.5535846
2023-05-15,1,Algae_Sum,5.222729,4.3783875
2023-05-16,1,Algae_Sum,4.4986825,3.9042768
2023-05-17,1,Algae_Sum,4.0229225,3.920369
2023-05-18,1,Algae_Sum,4.6135154,3.4140246
2023-05-19,1,Algae_Sum,3.9889245,4.307866
2023-05-20,1,Algae_Sum,3.652485,3.5441163
2023-05-21,1,Algae_Sum,3.7265778,4.054756
2023-05-22,1,Algae_Sum,3.2291937,4.236018
2023-05-23,1,Algae_Sum,3.8584538,3.343003
2023-05-24,1,Algae_Sum,4.446563,3.9286585
2023-05-25,1,Algae_Sum,4.0857143,3.817806
2023-05-26,1,Algae_Sum,4.0087175,3.730564
2023-05-27,1,Algae_Sum,4.828029,3.8546894
2023-05-28,1,Algae_Sum,6.1320353,4.377034
2023-05-29,1,Algae_Sum,7.9067554,6.1453104
2023-05-30,1,Algae_Sum,8.271934,7.049843
2023-05-31,1,Algae_Sum,12.0165825,6.9989505
2023-06-01,1,Algae_Sum,13.20095,11.84069
2023-06-02,1,Algae_Sum,9.427839,10.424628
2023-06-03,1,Algae_Sum,10.580038,7.8577623
2023-06-04,1,Algae_Sum,8.459904,8.171659
2023-06-05,1,Algae_Sum,5.495514,6.8489885
2023-06-06,1,Algae_Sum,8.329729,5.431093
2023-06-07,1,Algae_Sum,10.058122,7.761323
2023-06-08,1,Algae_Sum,8.31265,8.45059
2023-06-09,1,Algae_Sum,6.1535554,6.9885654
2023-06-10,1,Algae_Sum,4.5677657,5.8699756
2023-06-11,1,Algae_Sum,4.7996216,4.5829577
2023-06-12,1,Algae_Sum,5.6931252,4.467016
2023-06-13,1,Algae_Sum,6.915264,4.656237
2023-06-14,1,Algae_Sum,7.855021,4.875533
2023-06-15,1,Algae_Sum,6.4189825,5.438399
2023-06-16,1,Algae_Sum,4.1020656,4.3285546
2023-06-17,1,Algae_Sum,4.350381,3.6459484
2023-06-18,1,Algae_Sum,4.93138,4.1287155
2023-06-19,1,Algae_Sum,3.957721,5.0568995
2023-06-20,1,Algae_Sum,5.3548512,4.215573
2023-06-21,1,Algae_Sum,9.287184,6.079828
2023-06-22,1,Algae_Sum,10.645128,10.50982
2023-06-23,1,Algae_Sum,11.645772,10.627177
2023-06-24,1,Algae_Sum,11.620409,11.361531
2023-06-25,1,Algae_Sum,11.008908,11.096819
2023-06-26,1,Algae_Sum,12.472473,10.232505
2023-06-27,1,Algae_Sum,13.612487,10.960207
2023-06-28,1,Algae_Sum,14.570873,11.008066
2023-06-29,1,Algae_Sum,16.603083,12.150474
2023-06-30,1,Algae_Sum,16.828627,12.929357
2023-07-01,1,Algae_Sum,11.07205,13.099153
2023-07-02,1,Algae_Sum,10.102373,10.836984
2023-07-03,1,Algae_Sum,11.606199,10.98203
2023-07-04,1,Algae_Sum,17.047934,11.7003
2023-07-05,1,Algae_Sum,19.302849,13.729338
2023-07-06,1,Algae_Sum,18.339706,14.427181
2023-07-07,1,Algae_Sum,18.408247,14.402919
2023-07-08,1,Algae_Sum,17.667715,14.391844
2023-07-09,1,Algae_Sum,19.730883,14.1698885
2023-07-10,1,Algae_Sum,18.000517,14.618228
2023-07-11,1,Algae_Sum,13.325165,13.756806
2023-07-12,1,Algae_Sum,9.572903,11.660931
2023-07-13,1,Algae_Sum,8.623045,10.187558
2023-07-14,1,Algae_Sum,6.3744617,9.39329
2023-07-15,1,Algae_Sum,5.2136755,7.337313
2023-07-16,1,Algae_Sum,4.364538,6.108587
2023-07-17,1,Algae_Sum,4.507408,5.412171
2023-07-18,1,Algae_Sum,4.186809,5.6310573
2023-07-19,1,Algae_Sum,4.201817,4.9400163
2023-07-20,1,Algae_Sum,5.7306867,4.9826455
2023-07-21,1,Algae_Sum,12.8116,6.9942503
2023-07-22,1,Algae_Sum,19.579756,13.177927
2023-07-23,1,Algae_Sum,18.616846,13.957056
2023-07-24,1,Algae_Sum,21.267357,14.429833
2023-07-25,1,Algae_Sum,22.591825,14.6655655
2023-07-26,1,Algae_Sum,19.576962,14.34783
2023-07-27,1,Algae_Sum,12.689302,13.281455
2023-07-28,1,Algae_Sum,7.021845,11.222321
2023-07-29,1,Algae_Sum,6.46789,7.5395794
2023-07-30,1,Algae_Sum,8.131341,6.979177
2023-07-31,1,Algae_Sum,10.473058,10.135683
2023-08-01,1,Algae_Sum,9.347293,11.4775505
2023-08-02,1,Algae_Sum,10.365169,11.047595
2023-08-03,1,Algae_Sum,13.959923,12.361511
2023-08-04,1,Algae_Sum,13.29757,13.77502
2023-08-05,1,Algae_Sum,19.390783,13.250922
2023-08-06,1,Algae_Sum,20.012756,15.103386
2023-08-07,1,Algae_Sum,21.812866,15.112
2023-08-08,1,Algae_Sum,21.698616,15.01106
2023-08-09,1,Algae_Sum,15.952563,14.646373
2023-08-10,1,Algae_Sum,12.506755,13.294764
2023-08-11,1,Algae_Sum,9.76769,11.328944
2023-08-12,1,Algae_Sum,8.628945,10.801168
2023-08-13,1,Algae_Sum,10.753833,9.1777525
2023-08-14,1,Algae_Sum,18.312202,11.896823
2023-08-15,1,Algae_Sum,15.357068,13.986951
2023-08-16,1,Algae_Sum,14.4903345,13.198017
2023-08-17,1,Algae_Sum,6.1450768,12.039535
2023-08-18,1,Algae_Sum,6.9899535,6.571385
2023-08-19,1,Algae_Sum,7.427206,6.0433383
2023-08-20,1,Algae_Sum,5.591925,6.1295424
2023-08-21,1,Algae_Sum,5.112237,4.7405376
2023-08-22,1,Algae_Sum,4.8117847,4.39263
2023-08-23,1,Algae_Sum,4.9052696,4.1617203
2023-08-24,1,Algae_Sum,4.682758,4.580248
2023-08-25,1,Algae_Sum,4.229706,3.972425
2023-08-26,1,Algae_Sum,5.2838764,4.6852846
2023-08-27,1,Algae_Sum,5.1225586,4.603162
2023-08-28,1,Algae_Sum,5.457451,5.2911806
2023-08-29,1,Algae_Sum,9.769335,4.7501955
2023-08-30,1,Algae_Sum,6.403431,8.420902
2023-08-31,1,Algae_Sum,9.14163,4.671464
2023-09-01,1,Algae_Sum,7.098849,8.376949
2023-09-02,1,Algae_Sum,6.8927407,5.084243
2023-09-03,1,Algae_Sum,6.0940366,5.890804
2023-09-04,1,Algae_Sum,5.8949885,4.8880477
2023-09-05,1,Algae_Sum,8.714047,5.112605
2023-09-06,1,Algae_Sum,10.118848,6.672227
2023-09-07,1,Algae_Sum,9.202477,7.603862
2023-09-08,1,Algae_Sum,9.017773,6.202041
2023-09-09,1,Algae_Sum,5.850143,6.08039
2023-09-10,1,Algae_Sum,4.832357,4.44829
2023-09-11,1,Algae_Sum,4.02745,4.6556077
2023-09-12,1,Algae_Sum,3.6709762,4.3972993
2023-09-13,1,Algae_Sum,4.0373435,4.627928
2023-09-14,1,Algae_Sum,5.0195746,4.4515653
2023-09-15,1,Algae_Sum,6.2175045,5.0749836
2023-09-16,1,Algae_Sum,5.396928,6.293167
2023-09-17,1,Algae_Sum,4.511211,4.8462644
2023-09-18,1,Algae_Sum,5.9401107,4.958269
2023-09-19,1,Algae_Sum,7.256015,6.0517926
2023-09-20,1,Algae_Sum,9.687739,6.674153
2023-09-21,1,Algae_Sum,11.152798,10.53453
2023-09-22,1,Algae_Sum,9.092755,10.51569
2023-09-23,1,Algae_Sum,9.462845,8.762941
2023-09-24,1,Algae_Sum,9.13481,9.379553
2023-09-25,1,Algae_Sum,6.733803,8.372191
2023-09-26,1,Algae_Sum,9.3901205,6.4189935
2023-09-27,1,Algae_Sum,8.797401,9.497007
2023-09-28,1,Algae_Sum,8.627417,7.488152
2023-09-29,1,Algae_Sum,8.13903,7.9091525
2023-09-30,1,Algae_Sum,8.805059,7.1554766
2023-10-01,1,Algae_Sum,8.873955,7.5804095
2023-10-02,1,Algae_Sum,5.967786,7.490975
2023-10-03,1,Algae_Sum,7.2735186,5.431039
2023-10-04,1,Algae_Sum,7.5096498,6.685394
2023-10-05,1,Algae_Sum,5.9595027,6.507528
2023-10-06,1,Algae_Sum,4.3613086,5.003034
2023-10-07,1,Algae_Sum,3.5716507,4.09019
2023-10-08,1,Algae_Sum,3.528187,3.6534185
2023-10-09,1,Algae_Sum,3.9179816,3.5569625
2023-10-10,1,Algae_Sum,4.670383,3.7887478
2023-10-11,1,Algae_Sum,4.3853636,4.3876495
2023-10-12,1,Algae_Sum,3.630321,4.0235243
2023-10-13,1,Algae_Sum,6.1506977,4.0281434
2023-10-14,1,Algae_Sum,10.862733,6.294278
2023-10-15,1,Algae_Sum,12.212149,10.4318495
2023-10-16,1,Algae_Sum,6.1697555,9.468961
2023-10-17,1,Algae_Sum,5.6503882,5.6837254
2023-10-18,1,Algae_Sum,8.3702,5.1235423
2023-10-19,1,Algae_Sum,7.988243,7.660013
2023-10-20,1,Algae_Sum,8.712761,5.7728157
2023-10-21,1,Algae_Sum,6.09467,6.8184633
2023-10-22,1,Algae_Sum,7.1581044,4.7646055
2023-10-23,1,Algae_Sum,5.96391,5.676475
2023-10-24,1,Algae_Sum,8.6742325,4.845897
2023-10-25,1,Algae_Sum,13.544966,7.8033204
2023-10-26,1,Algae_Sum,10.631577,10.5767355
2023-10-27,1,Algae_Sum,10.541737,7.2299542
2023-10-28,1,Algae_Sum,5.8347054,7.6348205
2023-10-29,1,Algae_Sum,5.825745,4.918792
2023-10-30,1,Algae_Sum,5.56857,4.805117
2023-10-31,1,Algae_Sum,6.985122,4.806816
2023-11-01,1,Algae_Sum,8.041882,5.424403
2023-11-02,1,Algae_Sum,6.7011433,6.3395786
2023-11-03,1,Algae_Sum,8.279078,4.837808
2023-11-04,1,Algae_Sum,5.83744,6.541176
2023-11-05,1,Algae_Sum,8.754188,4.5371723
2023-11-06,1,Algae_Sum,10.229152,7.244154
2023-11-07,1,Algae_Sum,7.655938,7.4306526
2023-11-08,1,Algae_Sum,4.2260113,5.5358906
2023-11-09,1,Algae_Sum,4.6493325,3.821215
2023-11-10,1,Algae_Sum,5.1353493,4.166729
2023-11-11,1,Algae_Sum,3.610392,4.210298
2023-11-12,1,Algae_Sum,3.563171,3.3791277
2023-11-13,1,Algae_Sum,2.9885213,3.5970912
2023-11-14,1,Algae_Sum,3.5244007,2.971832
2023-11-15,1,Algae_Sum,3.460855,3.5688648
2023-11-16,1,Algae_Sum,3.3802412,3.2514963
2023-11-17,1,Algae_Sum,3.2781708,3.0196278
2023-11-18,1,Algae_Sum,3.6207902,2.978847
2023-11-19,1,Algae_Sum,2.9817839,3.6646502
2023-11-20,1,Algae_Sum,3.663706,2.8799865
2023-11-21,1,Algae_Sum,3.2461529,3.5609982
2023-11-22,1,Algae_Sum,4.652809,2.9600897
2023-11-23,1,Algae_Sum,11.062335,3.6841242
2023-11-24,1,Algae_Sum,7.191083,11.660685
2023-11-25,1,Algae_Sum,4.861382,4.7365775
2023-11-26,1,Algae_Sum,3.3599403,4.4556007
2023-11-27,1,Algae_Sum,3.5830445,3.4887073
2023-11-28,1,Algae_Sum,5.812014,3.6171432
2023-11-29,1,Algae_Sum,5.0685453,4.9698377
2023-11-30,1,Algae_Sum,13.4719305,4.167386
2023-12-01,1,Algae_Sum,7.98614,13.23911
2023-12-02,1,Algae_Sum,5.869619,5.378262
2023-12-03,1,Algae_Sum,6.3705707,5.161308
2023-12-04,1,Algae_Sum,5.155445,5.3643055
2023-12-05,1,Algae_Sum,8.696334,4.285821
2023-12-06,1,Algae_Sum,9.385786,8.288339
2023-12-07,1,Algae_Sum,6.3892965,6.452275
2023-12-08,1,Algae_Sum,4.352298,5.088457
2023-12-09,1,Algae_Sum,6.964291,4.08735
2023-12-10,1,Algae_Sum,5.7171173,6.5953884
2023-12-11,1,Algae_Sum,9.130519,4.705964
2023-12-12,1,Algae_Sum,12.658916,9.83831
2023-12-13,1,Algae_Sum,11.153771,11.58973
2023-12-14,1,Algae_Sum,11.911017,8.935109
2023-12-15,1,Algae_Sum,12.863973,9.613795
2023-12-16,1,Algae_Sum,9.227918,9.058304
2023-12-17,1,Algae_Sum,5.000855,6.637861
2023-12-18,1,Algae_Sum,5.0440235,4.2968097
2023-12-19,1,Algae_Sum,7.2128468,3.8542895
2023-12-20,1,Algae_Sum,5.3524604,5.872534
2023-12-21,1,Algae_Sum,4.4162736,3.8493993
2023-12-22,1,Algae_Sum,5.4673543,3.8337493
2023-12-23,1,Algae_Sum,5.3069916,4.637894
2023-12-24,1,Algae_Sum,5.0713725,4.1902432
2023-12-25,1,Algae_Sum,6.1313434,4.2572336
2023-12-26,1,Algae_Sum,12.130165,4.9036603
2023-12-27,1,Algae_Sum,14.239751,11.376229
2020-10-29,2,Algae_Sum,20.664259,10.5421295
2020-10-30,2,Algae_Sum,21.884106,12.116732
2020-10-31,2,Algae_Sum,12.073075,13.131919
2020-11-01,2,Algae_Sum,14.822073,13.629646
2020-11-02,2,Algae_Sum,13.792086,10.98023
2020-11-03,2,Algae_Sum,9.761375,11.937052
2020-11-04,2,Algae_Sum,9.380658,11.425724
2020-11-05,2,Algae_Sum,7.6647573,10.249977
2020-11-06,2,Algae_Sum,10.652831,10.072063
2020-11-07,2,Algae_Sum,17.500963,9.048348
2020-11-08,2,Algae_Sum,7.6776447,10.797066
2020-11-09,2,Algae_Sum,6.484938,12.529574
2020-11-10,2,Algae_Sum,5.9227905,9.118212
2020-11-11,2,Algae_Sum,6.3580694,7.9644504
2020-11-12,2,Algae_Sum,7.033241,6.6494617
2020-11-13,2,Algae_Sum,7.3596616,6.819698
2020-11-14,2,Algae_Sum,9.0749035,7.478916
2020-11-15,2,Algae_Sum,8.515803,7.3311586
2020-11-16,2,Algae_Sum,13.417889,8.73213
2020-11-17,2,Algae_Sum,15.102305,8.290581
2020-11-18,2,Algae_Sum,14.956821,11.865923
2020-11-19,2,Algae_Sum,18.823248,11.946659
2020-11-20,2,Algae_Sum,16.920609,12.079057
2020-11-21,2,Algae_Sum,15.183918,12.7137985
2020-11-22,2,Algae_Sum,15.901703,12.312573
2020-11-23,2,Algae_Sum,11.166392,11.649451
2020-11-24,2,Algae_Sum,10.60181,11.867986
2020-11-25,2,Algae_Sum,9.785565,10.580058
2020-11-26,2,Algae_Sum,16.66919,10.096199
2020-11-27,2,Algae_Sum,11.014212,9.301672
2020-11-28,2,Algae_Sum,8.998741,11.790972
2020-11-29,2,Algae_Sum,9.229913,10.293809
2020-11-30,2,Algae_Sum,4.991194,9.190927
2020-12-01,2,Algae_Sum,4.6330485,9.016277
2020-12-02,2,Algae_Sum,5.1133065,5.817402
2020-12-03,2,Algae_Sum,4.5701375,4.7310576
2020-12-04,2,Algae_Sum,5.052518,4.861005
2020-12-05,2,Algae_Sum,4.2047973,4.5539904
2020-12-06,2,Algae_Sum,4.3188496,4.7032566
2020-12-07,2,Algae_Sum,4.5638957,4.4272513
2020-12-08,2,Algae_Sum,4.3974586,4.5729184
2020-12-09,2,Algae_Sum,6.298979,4.8345776
2020-12-10,2,Algae_Sum,5.4832077,4.5591493
2020-12-11,2,Algae_Sum,3.929725,6.937489
2020-12-12,2,Algae_Sum,6.609797,5.59162
2020-12-13,2,Algae_Sum,14.367908,4.8701386
2020-12-14,2,Algae_Sum,4.815441,7.7696385
2020-12-15,2,Algae_Sum,4.2484083,12.591487
2020-12-16,2,Algae_Sum,4.285731,5.98429
2020-12-17,2,Algae_Sum,4.113128,5.4722147
2020-12-18,2,Algae_Sum,3.9961796,5.1431346
2020-12-19,2,Algae_Sum,4.648864,5.415634
2020-12-20,2,Algae_Sum,5.3344426,4.797455
2020-12-21,2,Algae_Sum,5.618892,5.3220415
2020-12-22,2,Algae_Sum,5.4751267,6.1232376
2020-12-23,2,Algae_Sum,7.776384,5.9537144
2020-12-24,2,Algae_Sum,7.4458003,6.2166333
2020-12-25,2,Algae_Sum,6.071738,9.6821
2020-12-26,2,Algae_Sum,6.178096,8.139892
2020-12-27,2,Algae_Sum,6.910051,7.824046
2020-12-28,2,Algae_Sum,18.225533,8.490934
2020-12-29,2,Algae_Sum,16.772173,9.396972
2020-12-30,2,Algae_Sum,16.605732,13.007388
2020-12-31,2,Algae_Sum,16.387157,12.895145
2021-01-01,2,Algae_Sum,8.856911,12.544879
2021-01-02,2,Algae_Sum,5.317567,12.036966
2021-01-03,2,Algae_Sum,4.7676196,8.879686
2021-01-04,2,Algae_Sum,4.2526574,6.9658623
2021-01-05,2,Algae_Sum,4.1225705,5.719568
2021-01-06,2,Algae_Sum,5.5991163,5.0257974
2021-01-07,2,Algae_Sum,7.6152134,4.816472
2021-01-08,2,Algae_Sum,4.0434084,5.903023
2021-01-09,2,Algae_Sum,3.713741,7.224413
2021-01-10,2,Algae_Sum,3.414877,4.2585063
2021-01-11,2,Algae_Sum,3.6629832,3.9604003
2021-01-12,2,Algae_Sum,5.2977786,3.9111493
2021-01-13,2,Algae_Sum,6.059045,3.7819104
2021-01-14,2,Algae_Sum,6.5575237,4.981221
2021-01-15,2,Algae_Sum,6.035286,5.11734
2021-01-16,2,Algae_Sum,6.2309194,5.99745
2021-01-17,2,Algae_Sum,7.3292184,5.579751
2021-01-18,2,Algae_Sum,7.2281694,6.3981137
2021-01-19,2,Algae_Sum,6.791013,6.679396
2021-01-20,2,Algae_Sum,9.555196,7.0781116
2021-01-21,2,Algae_Sum,12.568437,7.0392876
2021-01-22,2,Algae_Sum,13.08861,11.742758
2021-01-23,2,Algae_Sum,16.701107,11.687035
2021-01-24,2,Algae_Sum,11.107178,11.812786
2021-01-25,2,Algae_Sum,13.185079,12.392501
2021-01-26,2,Algae_Sum,14.309341,10.860534
2021-01-27,2,Algae_Sum,17.447178,11.753786
2021-01-28,2,Algae_Sum,12.752337,11.63359
2021-01-29,2,Algae_Sum,14.503437,12.161487
2021-01-30,2,Algae_Sum,14.994356,10.926424
2021-01-31,2,Algae_Sum,12.609326,11.42334
2021-02-01,2,Algae_Sum,11.911086,11.553147
2021-02-02,2,Algae_Sum,11.054591,11.262805
2021-02-03,2,Algae_Sum,9.5205145,11.242503
2021-02-04,2,Algae_Sum,10.508161,10.974732
2021-02-05,2,Algae_Sum,10.67833,10.341883
2021-02-06,2,Algae_Sum,10.053758,10.955353
2021-02-07,2,Algae_Sum,9.0949745,11.129882
2021-02-08,2,Algae_Sum,9.740884,10.961011
2021-02-09,2,Algae_Sum,11.113655,10.627773
2021-02-10,2,Algae_Sum,13.788543,10.900334
2021-02-11,2,Algae_Sum,9.672534,11.141035
2021-02-12,2,Algae_Sum,9.084823,11.881322
2021-02-13,2,Algae_Sum,17.508087,10.4792795
2021-02-14,2,Algae_Sum,13.146946,10.705383
2021-02-15,2,Algae_Sum,11.419103,12.863739
2021-02-16,2,Algae_Sum,11.980311,11.81857
2021-02-17,2,Algae_Sum,11.245926,11.342733
2021-02-18,2,Algae_Sum,7.9800363,11.550241
2021-02-19,2,Algae_Sum,9.421471,11.048174
2021-02-20,2,Algae_Sum,7.99176,9.781367
2021-02-21,2,Algae_Sum,8.2490015,10.772787
2021-02-22,2,Algae_Sum,7.808769,9.386783
2021-02-23,2,Algae_Sum,8.060869,9.941364
2021-02-24,2,Algae_Sum,7.221506,9.052166
2021-02-25,2,Algae_Sum,9.2095,9.354918
2021-02-26,2,Algae_Sum,9.879594,8.0949545
2021-02-27,2,Algae_Sum,8.833722,10.496096
2021-02-28,2,Algae_Sum,8.0143585,10.230696
2021-03-01,2,Algae_Sum,6.0586815,8.945826
2021-03-02,2,Algae_Sum,6.4103456,7.839341
2021-03-03,2,Algae_Sum,8.819653,5.711449
2021-03-04,2,Algae_Sum,6.2930245,5.548817
2021-03-05,2,Algae_Sum,3.0083067,8.205585
2021-03-06,2,Algae_Sum,1.6337553,5.185775
2021-03-07,2,Algae_Sum,1.628278,3.76501
2021-03-08,2,Algae_Sum,2.2676249,3.059514
2021-03-09,2,Algae_Sum,2.4649348,2.8971677
2021-03-10,2,Algae_Sum,3.7003834,3.262559
2021-03-11,2,Algae_Sum,6.6675324,3.4303725
2021-03-12,2,Algae_Sum,10.264775,4.653052
2021-03-13,2,Algae_Sum,19.44618,7.5404906
2021-03-14,2,Algae_Sum,12.759682,11.752499
2021-03-15,2,Algae_Sum,12.029479,13.260503
2021-03-16,2,Algae_Sum,9.745131,11.356023
2021-03-17,2,Algae_Sum,7.7749853,10.915457
2021-03-18,2,Algae_Sum,7.2675614,9.4500675
2021-03-19,2,Algae_Sum,5.630832,7.6243534
2021-03-20,2,Algae_Sum,5.568669,6.6377025
2021-03-21,2,Algae_Sum,4.5231113,5.3073654
2021-03-22,2,Algae_Sum,3.0237844,4.9038005
2021-03-23,2,Algae_Sum,2.5734901,4.2485948
2021-03-24,2,Algae_Sum,2.9237897,3.5770123
2021-03-25,2,Algae_Sum,2.8117054,3.282087
2021-03-26,2,Algae_Sum,3.0104342,3.438
2021-03-27,2,Algae_Sum,3.8426285,3.4386022
2021-03-28,2,Algae_Sum,6.895923,3.6804938
2021-03-29,2,Algae_Sum,13.461354,4.495386
2021-03-30,2,Algae_Sum,17.317652,8.642495
2021-03-31,2,Algae_Sum,17.391066,12.629541
2021-04-01,2,Algae_Sum,14.776763,12.939849
2021-04-02,2,Algae_Sum,12.928407,12.917722
2021-04-03,2,Algae_Sum,11.813078,11.822165
2021-04-04,2,Algae_Sum,8.532172,10.948778
2021-04-05,2,Algae_Sum,6.315181,10.671794
2021-04-06,2,Algae_Sum,6.0695224,8.892026
2021-04-07,2,Algae_Sum,6.6027446,6.9036736
2021-04-08,2,Algae_Sum,6.337952,6.036583
2021-04-09,2,Algae_Sum,5.6539507,6.3846107
2021-04-10,2,Algae_Sum,5.894414,5.8988643
2021-04-11,2,Algae_Sum,7.030861,5.736657
2021-04-12,2,Algae_Sum,13.461731,5.9842687
2021-04-13,2,Algae_Sum,14.730739,7.2292767
2021-04-14,2,Algae_Sum,15.172216,12.303158
2021-04-15,2,Algae_Sum,13.776918,12.208594
2021-04-16,2,Algae_Sum,13.478327,12.321533
2021-04-17,2,Algae_Sum,17.960876,11.7441025
2021-04-18,2,Algae_Sum,13.178813,11.685498
2021-04-19,2,Algae_Sum,12.057459,12.729708
2021-04-20,2,Algae_Sum,11.892882,11.673239
2021-04-21,2,Algae_Sum,12.019044,11.2673435
2021-04-22,2,Algae_Sum,14.975033,11.014398
2021-04-23,2,Algae_Sum,16.368479,11.021641
2021-04-24,2,Algae_Sum,15.866011,11.942117
2021-04-25,2,Algae_Sum,21.996445,12.493661
2021-04-26,2,Algae_Sum,17.954536,12.45605
2021-04-27,2,Algae_Sum,14.3708105,13.418839
2021-04-28,2,Algae_Sum,8.976744,12.643361
2021-04-29,2,Algae_Sum,6.032525,11.405529
2021-04-30,2,Algae_Sum,6.1225615,9.316391
2021-05-01,2,Algae_Sum,13.055283,7.8490105
2021-05-02,2,Algae_Sum,15.771375,6.669152
2021-05-03,2,Algae_Sum,17.007025,11.820728
2021-05-04,2,Algae_Sum,9.339772,12.242552
2021-05-05,2,Algae_Sum,9.40084,12.798151
2021-05-06,2,Algae_Sum,11.735045,10.714357
2021-05-07,2,Algae_Sum,11.6258955,10.623709
2021-05-08,2,Algae_Sum,16.68035,11.174539
2021-05-09,2,Algae_Sum,22.493618,11.073334
2021-05-10,2,Algae_Sum,16.525246,12.565431
2021-05-11,2,Algae_Sum,18.971342,13.673175
2021-05-12,2,Algae_Sum,21.865564,13.049139
2021-05-13,2,Algae_Sum,21.909088,13.361104
2021-05-14,2,Algae_Sum,18.595934,13.625379
2021-05-15,2,Algae_Sum,16.452106,14.043528
2021-05-16,2,Algae_Sum,12.469892,13.3500185
2021-05-17,2,Algae_Sum,11.853444,12.473893
2021-05-18,2,Algae_Sum,12.899964,11.450752
2021-05-19,2,Algae_Sum,10.863085,11.350493
2021-05-20,2,Algae_Sum,11.793205,11.582954
2021-05-21,2,Algae_Sum,10.932504,10.873414
2021-05-22,2,Algae_Sum,14.627393,11.120508
2021-05-23,2,Algae_Sum,13.459877,10.86644
2021-05-24,2,Algae_Sum,18.745737,11.975999
2021-05-25,2,Algae_Sum,12.448503,11.713103
2021-05-26,2,Algae_Sum,11.574566,12.87127
2021-05-27,2,Algae_Sum,18.80346,11.584525
2021-05-28,2,Algae_Sum,22.238157,11.351745
2021-05-29,2,Algae_Sum,21.29074,12.795208
2021-05-30,2,Algae_Sum,10.020926,13.339745
2021-05-31,2,Algae_Sum,7.060413,13.308502
2021-06-01,2,Algae_Sum,10.506314,10.899022
2021-06-02,2,Algae_Sum,9.201731,9.827505
2021-06-03,2,Algae_Sum,6.931745,10.462139
2021-06-04,2,Algae_Sum,8.3245325,9.732556
2021-06-05,2,Algae_Sum,7.7431645,8.754262
2021-06-06,2,Algae_Sum,8.018364,10.081509
2021-06-07,2,Algae_Sum,9.928958,9.466704
2021-06-08,2,Algae_Sum,13.749262,10.070609
2021-06-09,2,Algae_Sum,8.666303,10.98054
2021-06-10,2,Algae_Sum,10.037793,11.942571
2021-06-11,2,Algae_Sum,12.12508,10.52582
2021-06-12,2,Algae_Sum,18.209587,11.476892
2021-06-13,2,Algae_Sum,24.054714,11.926231
2021-06-14,2,Algae_Sum,23.002129,13.15256
2021-06-15,2,Algae_Sum,22.791176,13.820267
2021-06-16,2,Algae_Sum,24.818869,13.870702
2021-06-17,2,Algae_Sum,22.894386,14.117481
2021-06-18,2,Algae_Sum,22.643948,14.301364
2021-06-19,2,Algae_Sum,20.487635,14.1442795
2021-06-20,2,Algae_Sum,21.67561,13.793224
2021-06-21,2,Algae_Sum,12.94602,13.49844
2021-06-22,2,Algae_Sum,9.037994,13.502028
2021-06-23,2,Algae_Sum,9.579233,12.196625
2021-06-24,2,Algae_Sum,8.6657095,11.328636
2021-06-25,2,Algae_Sum,9.339313,11.46994
2021-06-26,2,Algae_Sum,8.252894,11.265366
2021-06-27,2,Algae_Sum,19.663662,11.42821
2021-06-28,2,Algae_Sum,25.989393,10.896768
2021-06-29,2,Algae_Sum,24.72149,13.265953
2021-06-30,2,Algae_Sum,18.818155,14.001425
2021-07-01,2,Algae_Sum,17.853378,14.021422
2021-07-02,2,Algae_Sum,20.01221,13.080381
2021-07-03,2,Algae_Sum,24.686243,13.077721
2021-07-04,2,Algae_Sum,17.383993,13.303598
2021-07-05,2,Algae_Sum,24.257757,13.888872
2021-07-06,2,Algae_Sum,21.03982,12.840304
2021-07-07,2,Algae_Sum,18.139551,13.517418
2021-07-08,2,Algae_Sum,19.128239,13.218058
2021-07-09,2,Algae_Sum,9.262927,12.575105
2021-07-10,2,Algae_Sum,10.348993,12.750555
2021-07-11,2,Algae_Sum,10.155518,10.642528
2021-07-12,2,Algae_Sum,12.318908,11.14013
2021-07-13,2,Algae_Sum,11.372229,11.029098
2021-07-14,2,Algae_Sum,11.732797,11.795081
2021-07-15,2,Algae_Sum,13.027316,11.4987135
2021-07-16,2,Algae_Sum,13.275453,11.889067
2021-07-17,2,Algae_Sum,13.036151,12.084284
2021-07-18,2,Algae_Sum,12.048767,12.268122
2021-07-19,2,Algae_Sum,12.207481,12.237175
2021-07-20,2,Algae_Sum,11.366654,11.66805
2021-07-21,2,Algae_Sum,8.354729,11.418316
2021-07-22,2,Algae_Sum,9.270456,11.086578
2021-07-23,2,Algae_Sum,17.47265,10.0374
2021-07-24,2,Algae_Sum,23.949871,10.829661
2021-07-25,2,Algae_Sum,22.02724,13.023101
2021-07-26,2,Algae_Sum,19.4621,13.802968
2021-07-27,2,Algae_Sum,16.015862,13.79564
2021-07-28,2,Algae_Sum,10.80458,12.934792
2021-07-29,2,Algae_Sum,11.944978,11.943866
2021-07-30,2,Algae_Sum,11.576705,10.746905
2021-07-31,2,Algae_Sum,13.812453,11.511081
2021-08-01,2,Algae_Sum,16.956932,11.5297985
2021-08-02,2,Algae_Sum,19.797148,11.951092
2021-08-03,2,Algae_Sum,14.188182,12.592406
2021-08-04,2,Algae_Sum,10.745257,12.7759075
2021-08-05,2,Algae_Sum,10.256742,11.987862
2021-08-06,2,Algae_Sum,9.348004,11.092405
2021-08-07,2,Algae_Sum,9.657215,10.554681
2021-08-08,2,Algae_Sum,7.870428,9.700282
2021-08-09,2,Algae_Sum,7.9377337,9.877591
2021-08-10,2,Algae_Sum,6.537909,9.231123
2021-08-11,2,Algae_Sum,7.6913457,9.808556
2021-08-12,2,Algae_Sum,9.700195,8.602433
2021-08-13,2,Algae_Sum,8.763865,10.113962
2021-08-14,2,Algae_Sum,14.3637705,11.26809
2021-08-15,2,Algae_Sum,19.768396,10.154619
2021-08-16,2,Algae_Sum,14.797129,12.39229
2021-08-17,2,Algae_Sum,13.521683,13.28894
2021-08-18,2,Algae_Sum,16.551445,12.3876
2021-08-19,2,Algae_Sum,19.159174,11.432789
2021-08-20,2,Algae_Sum,17.454346,12.306839
2021-08-21,2,Algae_Sum,14.43775,13.001521
2021-08-22,2,Algae_Sum,24.444853,13.098168
2021-08-23,2,Algae_Sum,23.654213,11.89449
2021-08-24,2,Algae_Sum,20.174358,13.498177
2021-08-25,2,Algae_Sum,23.570362,13.912865
2021-08-26,2,Algae_Sum,22.163607,13.215723
2021-08-27,2,Algae_Sum,20.888262,13.388935
2021-08-28,2,Algae_Sum,17.96409,12.777644
2021-08-29,2,Algae_Sum,15.920398,12.453084
2021-08-30,2,Algae_Sum,13.904685,11.791222
2021-08-31,2,Algae_Sum,11.628221,11.615728
2021-09-01,2,Algae_Sum,9.605492,11.226942
2021-09-02,2,Algae_Sum,8.241238,11.017921
2021-09-03,2,Algae_Sum,6.9375906,10.554339
2021-09-04,2,Algae_Sum,8.669407,9.639331
2021-09-05,2,Algae_Sum,9.813335,8.334576
2021-09-06,2,Algae_Sum,7.5314255,10.089503
2021-09-07,2,Algae_Sum,6.983845,10.656249
2021-09-08,2,Algae_Sum,7.1382346,8.268307
2021-09-09,2,Algae_Sum,13.072077,7.839252
2021-09-10,2,Algae_Sum,12.83738,7.950401
2021-09-11,2,Algae_Sum,16.002106,11.943269
2021-09-12,2,Algae_Sum,17.835026,11.1578045
2021-09-13,2,Algae_Sum,14.486676,12.436226
2021-09-14,2,Algae_Sum,13.53239,12.454052
2021-09-15,2,Algae_Sum,9.934142,11.696889
2021-09-16,2,Algae_Sum,8.631086,11.388271
2021-09-17,2,Algae_Sum,6.440637,10.138512
2021-09-18,2,Algae_Sum,5.292397,9.246231
2021-09-19,2,Algae_Sum,5.922165,7.045187
2021-09-20,2,Algae_Sum,5.691839,6.0027266
2021-09-21,2,Algae_Sum,4.662006,6.1911135
2021-09-22,2,Algae_Sum,6.1574945,6.1228456
2021-09-23,2,Algae_Sum,6.0256524,4.9894824
2021-09-24,2,Algae_Sum,5.532701,6.525029
2021-09-25,2,Algae_Sum,5.1589136,5.8131366
2021-09-26,2,Algae_Sum,5.3309774,5.5040035
2021-09-27,2,Algae_Sum,5.418769,5.3077855
2021-09-28,2,Algae_Sum,5.2733235,5.189569
2021-09-29,2,Algae_Sum,5.532158,5.1648865
2021-09-30,2,Algae_Sum,6.4422374,5.2988224
2021-10-01,2,Algae_Sum,5.0308905,5.5564017
2021-10-02,2,Algae_Sum,4.317036,5.9801674
2021-10-03,2,Algae_Sum,4.889657,4.809585
2021-10-04,2,Algae_Sum,5.2936916,4.4259
2021-10-05,2,Algae_Sum,5.697726,5.3580956
2021-10-06,2,Algae_Sum,6.1017604,5.3373027
2021-10-07,2,Algae_Sum,6.5057945,6.044021
2021-10-08,2,Algae_Sum,6.909829,6.232212
2021-10-09,2,Algae_Sum,7.3138633,6.2793126
2021-10-10,2,Algae_Sum,7.7178974,7.125459
2021-10-11,2,Algae_Sum,8.121932,6.510943
2021-10-12,2,Algae_Sum,8.50928,6.7439923
2021-10-13,2,Algae_Sum,7.9375234,7.1972537
2021-10-14,2,Algae_Sum,7.977364,7.9345255
2021-10-15,2,Algae_Sum,15.226336,7.4664845
2021-10-16,2,Algae_Sum,16.438095,7.6725106
2021-10-17,2,Algae_Sum,8.294558,12.21167
2021-10-18,2,Algae_Sum,7.752127,11.302039
2021-10-19,2,Algae_Sum,7.259913,7.859903
2021-10-20,2,Algae_Sum,6.6409698,7.3037553
2021-10-21,2,Algae_Sum,6.6670914,6.9338684
2021-10-22,2,Algae_Sum,5.925297,6.33156
2021-10-23,2,Algae_Sum,5.4903545,6.4012566
2021-10-24,2,Algae_Sum,5.6178727,5.7163067
2021-10-25,2,Algae_Sum,5.6348443,5.3838153
2021-10-26,2,Algae_Sum,6.6838927,5.581652
2021-10-27,2,Algae_Sum,12.037207,5.452925
2021-10-28,2,Algae_Sum,17.690195,6.6358423
2021-10-29,2,Algae_Sum,18.624842,12.0294285
2021-10-30,2,Algae_Sum,13.580152,12.690667
2021-10-31,2,Algae_Sum,11.194544,12.804788
2021-11-01,2,Algae_Sum,10.462178,10.850078
2021-11-02,2,Algae_Sum,12.232649,10.431891
2021-11-03,2,Algae_Sum,15.58694,9.999624
2021-11-04,2,Algae_Sum,10.781874,10.761559
2021-11-05,2,Algae_Sum,5.8879957,11.637322
2021-11-06,2,Algae_Sum,7.3089147,10.503716
2021-11-07,2,Algae_Sum,9.767589,7.440078
2021-11-08,2,Algae_Sum,10.094161,7.312932
2021-11-09,2,Algae_Sum,8.241853,10.06176
2021-11-10,2,Algae_Sum,8.87005,10.048936
2021-11-11,2,Algae_Sum,6.3899784,8.462269
2021-11-12,2,Algae_Sum,5.1606374,9.087586
2021-11-13,2,Algae_Sum,5.5793633,6.532898
2021-11-14,2,Algae_Sum,4.651657,5.2594137
2021-11-15,2,Algae_Sum,4.554149,5.3155217
2021-11-16,2,Algae_Sum,5.022404,4.4117045
2021-11-17,2,Algae_Sum,4.6273074,4.2916455
2021-11-18,2,Algae_Sum,4.374101,4.648795
2021-11-19,2,Algae_Sum,3.9367054,4.2816606
2021-11-20,2,Algae_Sum,4.143954,4.194211
2021-11-21,2,Algae_Sum,5.2425346,3.7646642
2021-11-22,2,Algae_Sum,5.5534515,3.9141295
2021-11-23,2,Algae_Sum,3.9296818,5.103544
2021-11-24,2,Algae_Sum,3.9628437,4.8888826
2021-11-25,2,Algae_Sum,3.9074223,3.8824012
2021-11-26,2,Algae_Sum,4.0430174,4.0990224
2021-11-27,2,Algae_Sum,4.3520837,3.9644172
2021-11-28,2,Algae_Sum,4.666802,4.165349
2021-11-29,2,Algae_Sum,5.4313397,4.3776875
2021-11-30,2,Algae_Sum,7.180413,4.5558405
2021-12-01,2,Algae_Sum,7.4161477,5.6288147
2021-12-02,2,Algae_Sum,7.2796235,7.3208585
2021-12-03,2,Algae_Sum,6.8413396,6.624265
2021-12-04,2,Algae_Sum,5.8279667,6.6377616
2021-12-05,2,Algae_Sum,5.988748,6.619835
2021-12-06,2,Algae_Sum,5.93862,6.18145
2021-12-07,2,Algae_Sum,5.536968,6.182961
2021-12-08,2,Algae_Sum,5.703489,6.251034
2021-12-09,2,Algae_Sum,5.5692935,5.7564063
2021-12-10,2,Algae_Sum,5.7963386,5.8901815
2021-12-11,2,Algae_Sum,6.7919173,5.8862495
2021-12-12,2,Algae_Sum,6.347567,6.1116395
2021-12-13,2,Algae_Sum,7.157062,7.5307555
2021-12-14,2,Algae_Sum,7.675123,6.320268
2021-12-15,2,Algae_Sum,8.035453,7.56105
2021-12-16,2,Algae_Sum,8.290507,7.9997926
2021-12-17,2,Algae_Sum,7.857487,8.9386425
2021-12-18,2,Algae_Sum,6.9587545,8.9975815
2021-12-19,2,Algae_Sum,7.078501,8.1373625
2021-12-20,2,Algae_Sum,6.386708,7.273333
2021-12-21,2,Algae_Sum,5.7970405,7.3338766
2021-12-22,2,Algae_Sum,8.401563,6.4400992
2021-12-23,2,Algae_Sum,9.853842,6.365239
2021-12-24,2,Algae_Sum,10.479891,7.9475927
2021-12-25,2,Algae_Sum,6.79892,9.647046
2021-12-26,2,Algae_Sum,6.1713023,9.530979
2021-12-27,2,Algae_Sum,5.868709,7.1058145
2021-12-28,2,Algae_Sum,6.4871573,6.675371
2021-12-29,2,Algae_Sum,5.5026603,6.2021627
2021-12-30,2,Algae_Sum,5.9895153,6.7007713
2021-12-31,2,Algae_Sum,5.2731185,5.720564
2022-01-01,2,Algae_Sum,5.0462303,6.3486776
2022-01-02,2,Algae_Sum,4.418698,5.318708
2022-01-03,2,Algae_Sum,5.029804,5.136662
2022-01-04,2,Algae_Sum,6.5712094,4.4994698
2022-01-05,2,Algae_Sum,13.401752,4.8313217
2022-01-06,2,Algae_Sum,10.879635,6.462626
2022-01-07,2,Algae_Sum,9.090659,12.251395
2022-01-08,2,Algae_Sum,12.60774,10.037746
2022-01-09,2,Algae_Sum,9.901173,9.21155
2022-01-10,2,Algae_Sum,13.245796,10.684506
2022-01-11,2,Algae_Sum,15.001737,9.061274
2022-01-12,2,Algae_Sum,7.81225,10.560898
2022-01-13,2,Algae_Sum,5.096939,10.8164425
2022-01-14,2,Algae_Sum,3.6971543,7.6900997
2022-01-15,2,Algae_Sum,4.363386,5.777696
2022-01-16,2,Algae_Sum,4.3458104,4.520147
2022-01-17,2,Algae_Sum,3.8066256,4.9004416
2022-01-18,2,Algae_Sum,5.2714844,5.0546846
2022-01-19,2,Algae_Sum,4.862216,4.822254
2022-01-20,2,Algae_Sum,5.010956,6.3569827
2022-01-21,2,Algae_Sum,6.06328,5.886577
2022-01-22,2,Algae_Sum,7.378161,6.3688884
2022-01-23,2,Algae_Sum,14.501929,7.2761908
2022-01-24,2,Algae_Sum,14.932735,8.568306
2022-01-25,2,Algae_Sum,15.1729,12.135034
2022-01-26,2,Algae_Sum,15.917808,11.858914
2022-01-27,2,Algae_Sum,18.156307,12.209719
2022-01-28,2,Algae_Sum,18.664135,12.0855055
2022-01-29,2,Algae_Sum,16.769812,12.380998
2022-01-30,2,Algae_Sum,15.78383,12.497878
2022-01-31,2,Algae_Sum,10.025391,11.930939
2022-02-01,2,Algae_Sum,7.953441,11.718573
2022-02-02,2,Algae_Sum,8.797217,9.824934
2022-02-03,2,Algae_Sum,6.8645725,8.897943
2022-02-04,2,Algae_Sum,8.426436,9.148913
2022-02-05,2,Algae_Sum,8.039783,7.536044
2022-02-06,2,Algae_Sum,6.147427,8.993296
2022-02-07,2,Algae_Sum,6.8574467,8.359916
2022-02-08,2,Algae_Sum,8.257711,7.365627
2022-02-09,2,Algae_Sum,7.34981,8.0634365
2022-02-10,2,Algae_Sum,7.8486204,8.795486
2022-02-11,2,Algae_Sum,6.7274346,8.247698
2022-02-12,2,Algae_Sum,8.533124,8.16263
2022-02-13,2,Algae_Sum,10.349507,7.150933
2022-02-14,2,Algae_Sum,8.167533,9.201614
2022-02-15,2,Algae_Sum,8.175829,10.4237585
2022-02-16,2,Algae_Sum,8.894369,8.5222225
2022-02-17,2,Algae_Sum,13.571143,8.897585
2022-02-18,2,Algae_Sum,14.202525,9.384577
2022-02-19,2,Algae_Sum,12.050333,11.843654
2022-02-20,2,Algae_Sum,7.611722,11.644215
2022-02-21,2,Algae_Sum,5.733845,11.060155
2022-02-22,2,Algae_Sum,5.1310353,8.848559
2022-02-23,2,Algae_Sum,5.166545,6.962292
2022-02-24,2,Algae_Sum,5.3882766,6.0388
2022-02-25,2,Algae_Sum,5.3518543,5.693684
2022-02-26,2,Algae_Sum,5.315431,5.149433
2022-02-27,2,Algae_Sum,5.2790084,4.848915
2022-02-28,2,Algae_Sum,4.8051047,4.973244
2022-03-01,2,Algae_Sum,5.7841735,4.8365874
2022-03-02,2,Algae_Sum,6.8599105,4.4375687
2022-03-03,2,Algae_Sum,10.313599,5.104461
2022-03-04,2,Algae_Sum,11.979428,8.691614
2022-03-05,2,Algae_Sum,16.470217,11.410691
2022-03-06,2,Algae_Sum,15.187589,11.867748
2022-03-07,2,Algae_Sum,16.333487,12.528773
2022-03-08,2,Algae_Sum,10.426647,12.221394
2022-03-09,2,Algae_Sum,8.779225,12.339279
2022-03-10,2,Algae_Sum,8.968824,10.578065
2022-03-11,2,Algae_Sum,14.514039,9.604866
2022-03-12,2,Algae_Sum,16.906658,10.336054
2022-03-13,2,Algae_Sum,21.538147,12.459546
2022-03-14,2,Algae_Sum,21.98083,12.787667
2022-03-15,2,Algae_Sum,22.423656,13.605525
2022-03-16,2,Algae_Sum,21.751425,13.692488
2022-03-17,2,Algae_Sum,21.234648,13.647097
2022-03-18,2,Algae_Sum,21.172113,13.479691
2022-03-19,2,Algae_Sum,21.231165,13.149373
2022-03-20,2,Algae_Sum,21.99963,13.047035
2022-03-21,2,Algae_Sum,15.387169,12.900567
2022-03-22,2,Algae_Sum,14.115964,12.904903
2022-03-23,2,Algae_Sum,9.32958,11.077395
2022-03-24,2,Algae_Sum,6.2985444,10.883525
2022-03-25,2,Algae_Sum,5.0341854,8.908263
2022-03-26,2,Algae_Sum,5.3350325,7.224904
2022-03-27,2,Algae_Sum,8.063283,7.4201393
2022-03-28,2,Algae_Sum,8.366514,6.8134313
2022-03-29,2,Algae_Sum,7.6990595,7.341964
2022-03-30,2,Algae_Sum,5.9430585,7.4565625
2022-03-31,2,Algae_Sum,5.8530197,6.139264
2022-04-01,2,Algae_Sum,6.477286,5.1671605
2022-04-02,2,Algae_Sum,5.3576946,5.0825105
2022-04-03,2,Algae_Sum,4.647618,6.638159
2022-04-04,2,Algae_Sum,4.4466186,5.076307
2022-04-05,2,Algae_Sum,5.297857,5.000143
2022-04-06,2,Algae_Sum,5.3500943,5.5626683
2022-04-07,2,Algae_Sum,6.9239364,6.348356
2022-04-08,2,Algae_Sum,9.900731,6.2304945
2022-04-09,2,Algae_Sum,10.458249,8.492242
2022-04-10,2,Algae_Sum,10.405612,11.03544
2022-04-11,2,Algae_Sum,13.034501,11.033668
2022-04-12,2,Algae_Sum,14.912926,11.127692
2022-04-13,2,Algae_Sum,19.22307,11.743964
2022-04-14,2,Algae_Sum,22.115847,12.361392
2022-04-15,2,Algae_Sum,17.048006,13.260334
2022-04-16,2,Algae_Sum,15.873261,13.793829
2022-04-17,2,Algae_Sum,14.353713,12.753561
2022-04-18,2,Algae_Sum,14.21864,11.9711075
2022-04-19,2,Algae_Sum,8.382399,11.559888
2022-04-20,2,Algae_Sum,8.115786,11.655544
2022-04-21,2,Algae_Sum,9.250902,8.044445
2022-04-22,2,Algae_Sum,11.966703,8.34203
2022-04-23,2,Algae_Sum,18.829271,8.495366
2022-04-24,2,Algae_Sum,20.491673,11.541413
2022-04-25,2,Algae_Sum,20.124477,13.026438
2022-04-26,2,Algae_Sum,19.488195,13.512102
2022-04-27,2,Algae_Sum,20.577866,13.317286
2022-04-28,2,Algae_Sum,18.024887,13.059851
2022-04-29,2,Algae_Sum,13.731324,12.747681
2022-04-30,2,Algae_Sum,6.8076305,12.496746
2022-05-01,2,Algae_Sum,5.545913,11.02216
2022-05-02,2,Algae_Sum,4.527261,9.380972
2022-05-03,2,Algae_Sum,4.5768986,7.8594046
2022-05-04,2,Algae_Sum,6.6484785,6.1030507
2022-05-05,2,Algae_Sum,8.88971,6.098108
2022-05-06,2,Algae_Sum,16.515461,8.255428
2022-05-07,2,Algae_Sum,18.791943,10.204043
2022-05-08,2,Algae_Sum,16.122038,12.982865
2022-05-09,2,Algae_Sum,15.634297,13.228171
2022-05-10,2,Algae_Sum,8.94147,12.2982
2022-05-11,2,Algae_Sum,6.6520653,11.749605
2022-05-12,2,Algae_Sum,6.4911146,8.231888
2022-05-13,2,Algae_Sum,7.851319,7.102673
2022-05-14,2,Algae_Sum,7.917522,6.7297406
2022-05-15,2,Algae_Sum,7.553483,7.1606865
2022-05-16,2,Algae_Sum,7.6247973,6.29583
2022-05-17,2,Algae_Sum,6.0722594,6.286776
2022-05-18,2,Algae_Sum,4.699108,5.730157
2022-05-19,2,Algae_Sum,4.987699,5.2323685
2022-05-20,2,Algae_Sum,7.1548514,4.716921
2022-05-21,2,Algae_Sum,14.222451,4.5390964
2022-05-22,2,Algae_Sum,9.076565,6.611079
2022-05-23,2,Algae_Sum,8.515513,12.068356
2022-05-24,2,Algae_Sum,9.222708,8.061978
2022-05-25,2,Algae_Sum,5.8090363,8.493218
2022-05-26,2,Algae_Sum,5.7371354,8.245605
2022-05-27,2,Algae_Sum,5.815767,6.0696673
2022-05-28,2,Algae_Sum,5.8063245,5.94689
2022-05-29,2,Algae_Sum,5.8092227,5.043558
2022-05-30,2,Algae_Sum,7.214677,5.2156143
2022-05-31,2,Algae_Sum,8.897492,4.9919515
2022-06-01,2,Algae_Sum,7.640295,6.385183
2022-06-02,2,Algae_Sum,6.4281363,6.9336367
2022-06-03,2,Algae_Sum,8.640116,6.176951
2022-06-04,2,Algae_Sum,10.549696,6.542205
2022-06-05,2,Algae_Sum,8.642955,7.218062
2022-06-06,2,Algae_Sum,7.183145,8.439932
2022-06-07,2,Algae_Sum,6.3926644,7.170966
2022-06-08,2,Algae_Sum,4.962923,6.8360953
2022-06-09,2,Algae_Sum,6.037123,6.541165
2022-06-10,2,Algae_Sum,6.2730803,5.672764
2022-06-11,2,Algae_Sum,7.1472774,6.219157
2022-06-12,2,Algae_Sum,7.695536,6.148948
2022-06-13,2,Algae_Sum,6.7818556,6.4232225
2022-06-14,2,Algae_Sum,5.2812896,6.510657
2022-06-15,2,Algae_Sum,5.140157,5.69422
2022-06-16,2,Algae_Sum,6.5858974,5.1327887
2022-06-17,2,Algae_Sum,4.191758,5.014775
2022-06-18,2,Algae_Sum,2.9360435,5.6707773
2022-06-19,2,Algae_Sum,2.771842,4.166189
2022-06-20,2,Algae_Sum,2.4113758,3.9076884
2022-06-21,2,Algae_Sum,2.56336,3.8618941
2022-06-22,2,Algae_Sum,3.3818176,3.613596
2022-06-23,2,Algae_Sum,5.1010637,3.8544672
2022-06-24,2,Algae_Sum,4.796023,4.134009
2022-06-25,2,Algae_Sum,5.372781,5.167687
2022-06-26,2,Algae_Sum,5.9620204,4.584707
2022-06-27,2,Algae_Sum,5.862962,5.543076
2022-06-28,2,Algae_Sum,5.971693,5.9553337
2022-06-29,2,Algae_Sum,6.132315,5.7445006
2022-06-30,2,Algae_Sum,7.3189716,6.3514843
2022-07-01,2,Algae_Sum,6.916466,6.3184853
2022-07-02,2,Algae_Sum,6.498979,7.747856
2022-07-03,2,Algae_Sum,6.239819,7.2901425
2022-07-04,2,Algae_Sum,7.2657785,7.420193
2022-07-05,2,Algae_Sum,6.5255394,6.8734984
2022-07-06,2,Algae_Sum,6.822724,7.4152884
2022-07-07,2,Algae_Sum,5.1665916,6.3355627
2022-07-08,2,Algae_Sum,4.4118934,6.611892
2022-07-09,2,Algae_Sum,4.431267,5.422337
2022-07-10,2,Algae_Sum,6.2858663,5.265888
2022-07-11,2,Algae_Sum,8.517831,5.1911674
2022-07-12,2,Algae_Sum,9.017681,7.9379253
2022-07-13,2,Algae_Sum,9.129348,8.786829
2022-07-14,2,Algae_Sum,15.8303175,9.50095
2022-07-15,2,Algae_Sum,19.208462,9.590674
2022-07-16,2,Algae_Sum,15.775275,12.056753
2022-07-17,2,Algae_Sum,15.853436,12.037502
2022-07-18,2,Algae_Sum,12.067487,11.232829
2022-07-19,2,Algae_Sum,6.383169,10.871923
2022-07-20,2,Algae_Sum,5.8032584,10.210431
2022-07-21,2,Algae_Sum,4.7560263,7.3362904
2022-07-22,2,Algae_Sum,4.1545377,5.9080176
2022-07-23,2,Algae_Sum,5.9838204,5.098823
2022-07-24,2,Algae_Sum,10.653443,4.2532177
2022-07-25,2,Algae_Sum,4.821376,5.595493
2022-07-26,2,Algae_Sum,2.8720334,9.669785
2022-07-27,2,Algae_Sum,3.8140726,4.6557326
2022-07-28,2,Algae_Sum,4.3796573,3.7722564
2022-07-29,2,Algae_Sum,4.5798154,4.8426056
2022-07-30,2,Algae_Sum,4.78831,4.453372
2022-07-31,2,Algae_Sum,4.996805,5.543855
2022-08-01,2,Algae_Sum,5.2053,4.950268
2022-08-02,2,Algae_Sum,5.4137945,5.469443
2022-08-03,2,Algae_Sum,5.6222897,5.649223
2022-08-04,2,Algae_Sum,5.8307843,5.6286077
2022-08-05,2,Algae_Sum,6.039279,5.728837
2022-08-06,2,Algae_Sum,6.2477736,5.4495053
2022-08-07,2,Algae_Sum,6.456269,5.632941
2022-08-08,2,Algae_Sum,6.6647635,5.94167
2022-08-09,2,Algae_Sum,6.873258,5.966618
2022-08-10,2,Algae_Sum,7.0817533,6.0687203
2022-08-11,2,Algae_Sum,7.290248,6.313255
2022-08-12,2,Algae_Sum,7.4987426,6.357029
2022-08-13,2,Algae_Sum,7.7072377,6.428372
2022-08-14,2,Algae_Sum,7.9157324,6.481323
2022-08-15,2,Algae_Sum,8.124228,7.3761296
2022-08-16,2,Algae_Sum,8.332722,7.099908
2022-08-17,2,Algae_Sum,8.541217,7.2190976
2022-08-18,2,Algae_Sum,8.749712,7.397667
2022-08-19,2,Algae_Sum,8.958206,7.647471
2022-08-20,2,Algae_Sum,9.166701,7.826609
2022-08-21,2,Algae_Sum,9.3751955,8.026866
2022-08-22,2,Algae_Sum,9.583691,8.081583
2022-08-23,2,Algae_Sum,9.792186,8.065322
2022-08-24,2,Algae_Sum,10.000681,8.587672
2022-08-25,2,Algae_Sum,10.209175,8.787577
2022-08-26,2,Algae_Sum,10.41767,8.9884405
2022-08-27,2,Algae_Sum,10.626164,9.050968
2022-08-28,2,Algae_Sum,10.83466,9.177119
2022-08-29,2,Algae_Sum,11.043155,9.518233
2022-08-30,2,Algae_Sum,11.25165,10.004591
2022-08-31,2,Algae_Sum,11.460144,10.289845
2022-09-01,2,Algae_Sum,11.668639,10.6008
2022-09-02,2,Algae_Sum,11.877133,10.683312
2022-09-03,2,Algae_Sum,12.0856285,10.416942
2022-09-04,2,Algae_Sum,12.294124,10.664631
2022-09-05,2,Algae_Sum,12.502618,10.703409
2022-09-06,2,Algae_Sum,12.711113,10.745696
2022-09-07,2,Algae_Sum,12.919608,10.756692
2022-09-08,2,Algae_Sum,13.128102,11.034968
2022-09-09,2,Algae_Sum,13.336597,10.963325
2022-09-10,2,Algae_Sum,13.209601,11.025791
2022-09-11,2,Algae_Sum,17.255486,11.072981
2022-09-12,2,Algae_Sum,15.933509,11.258323
2022-09-13,2,Algae_Sum,16.12013,12.008075
2022-09-14,2,Algae_Sum,17.192202,11.588072
2022-09-15,2,Algae_Sum,13.753511,11.928728
2022-09-16,2,Algae_Sum,9.633491,12.110697
2022-09-17,2,Algae_Sum,7.903886,11.64424
2022-09-18,2,Algae_Sum,12.780203,10.385418
2022-09-19,2,Algae_Sum,9.514808,9.747516
2022-09-20,2,Algae_Sum,4.9406815,11.450481
2022-09-21,2,Algae_Sum,4.6189213,9.639692
2022-09-22,2,Algae_Sum,4.2710423,6.754099
2022-09-23,2,Algae_Sum,4.478864,5.4807787
2022-09-24,2,Algae_Sum,5.996329,4.798308
2022-09-25,2,Algae_Sum,4.585286,4.4740553
2022-09-26,2,Algae_Sum,5.050558,5.700448
2022-09-27,2,Algae_Sum,5.6589937,4.8600607
2022-09-28,2,Algae_Sum,11.683939,4.503256
2022-09-29,2,Algae_Sum,13.702725,5.182417
2022-09-30,2,Algae_Sum,15.484778,10.804239
2022-10-01,2,Algae_Sum,6.297031,9.487824
2022-10-02,2,Algae_Sum,7.5642824,10.719665
2022-10-03,2,Algae_Sum,9.665557,5.958834
2022-10-04,2,Algae_Sum,10.83576,5.765799
2022-10-05,2,Algae_Sum,9.383369,7.6191707
2022-10-06,2,Algae_Sum,7.674667,7.904297
2022-10-07,2,Algae_Sum,5.521913,6.685074
2022-10-08,2,Algae_Sum,4.48,6.1075664
2022-10-09,2,Algae_Sum,6.8713117,4.7546883
2022-10-10,2,Algae_Sum,7.1460843,4.650232
2022-10-11,2,Algae_Sum,5.5755467,6.333171
2022-10-12,2,Algae_Sum,5.4064493,5.6812224
2022-10-13,2,Algae_Sum,4.879971,4.765361
2022-10-14,2,Algae_Sum,5.674562,4.786228
2022-10-15,2,Algae_Sum,5.4724946,4.408789
2022-10-16,2,Algae_Sum,6.6296597,5.137874
2022-10-17,2,Algae_Sum,4.734026,5.165498
2022-10-18,2,Algae_Sum,3.7210355,6.384809
2022-10-19,2,Algae_Sum,3.343157,4.7227902
2022-10-20,2,Algae_Sum,3.5028074,4.1162496
2022-10-21,2,Algae_Sum,4.097507,3.8651989
2022-10-22,2,Algae_Sum,11.426301,4.564023
2022-10-23,2,Algae_Sum,4.9245186,4.042364
2022-10-24,2,Algae_Sum,4.2404847,12.081623
2022-10-25,2,Algae_Sum,3.3743052,4.8540034
2022-10-26,2,Algae_Sum,2.8005362,4.697984
2022-10-27,2,Algae_Sum,2.8255353,4.12299
2022-10-28,2,Algae_Sum,2.950159,3.5857496
2022-10-29,2,Algae_Sum,2.7133744,3.6383188
2022-10-30,2,Algae_Sum,2.9389436,3.5759974
2022-10-31,2,Algae_Sum,2.4377353,3.3959308
2022-11-01,2,Algae_Sum,2.1923506,3.7994163
2022-11-02,2,Algae_Sum,1.8659608,3.307228
2022-11-03,2,Algae_Sum,2.044417,3.1115448
2022-11-04,2,Algae_Sum,1.951652,2.9165058
2022-11-05,2,Algae_Sum,1.9406873,3.3453162
2022-11-06,2,Algae_Sum,2.6145875,3.0616596
2022-11-07,2,Algae_Sum,2.4995143,2.9864843
2022-11-08,2,Algae_Sum,8.139935,3.2237234
2022-11-09,2,Algae_Sum,6.696094,2.898976
2022-11-10,2,Algae_Sum,5.9856873,8.922559
2022-11-11,2,Algae_Sum,10.509102,4.6621485
2022-11-12,2,Algae_Sum,14.771124,4.96396
2022-11-13,2,Algae_Sum,13.465587,9.538895
2022-11-14,2,Algae_Sum,11.2327175,11.096409
2022-11-15,2,Algae_Sum,6.898669,10.307321
2022-11-16,2,Algae_Sum,3.4700289,8.627504
2022-11-17,2,Algae_Sum,2.8613904,5.730328
2022-11-18,2,Algae_Sum,2.724848,3.8035924
2022-11-19,2,Algae_Sum,3.6304276,3.084898
2022-11-20,2,Algae_Sum,3.5502534,3.4000347
2022-11-21,2,Algae_Sum,3.3286896,3.6559637
2022-11-22,2,Algae_Sum,3.6257422,3.2770784
2022-11-23,2,Algae_Sum,4.5511847,3.4719825
2022-11-24,2,Algae_Sum,3.9312737,3.6438372
2022-11-25,2,Algae_Sum,3.0423172,4.259177
2022-11-26,2,Algae_Sum,4.31301,3.6318843
2022-11-27,2,Algae_Sum,4.874558,3.3195953
2022-11-28,2,Algae_Sum,4.187641,4.2669387
2022-11-29,2,Algae_Sum,3.062766,3.7203424
2022-11-30,2,Algae_Sum,2.9655862,3.420253
2022-12-01,2,Algae_Sum,3.046997,2.971751
2022-12-02,2,Algae_Sum,3.228129,2.85317
2022-12-03,2,Algae_Sum,2.7292252,2.8069317
2022-12-04,2,Algae_Sum,2.5665748,2.759795
2022-12-05,2,Algae_Sum,3.8815446,2.5320954
2022-12-06,2,Algae_Sum,3.896229,2.3977258
2022-12-07,2,Algae_Sum,4.304931,2.6584122
2022-12-08,2,Algae_Sum,4.426543,2.502096
2022-12-09,2,Algae_Sum,5.9125,2.7266178
2022-12-10,2,Algae_Sum,4.9952717,2.8187048
2022-12-11,2,Algae_Sum,2.0728965,3.3415234
2022-12-12,2,Algae_Sum,1.5719752,2.9023402
2022-12-13,2,Algae_Sum,1.6050326,2.3578503
2022-12-14,2,Algae_Sum,1.6425452,2.1559567
2022-12-15,2,Algae_Sum,1.637703,2.1128397
2022-12-16,2,Algae_Sum,1.458595,2.1241565
2022-12-17,2,Algae_Sum,1.641593,2.1166756
2022-12-18,2,Algae_Sum,1.779102,2.2238467
2022-12-19,2,Algae_Sum,1.9784131,2.1152747
2022-12-20,2,Algae_Sum,1.5757059,2.0862138
2022-12-21,2,Algae_Sum,1.5353085,2.0542097
2022-12-22,2,Algae_Sum,1.6776015,2.074368
2022-12-23,2,Algae_Sum,1.4795218,2.1350884
2022-12-24,2,Algae_Sum,1.5386024,2.2045832
2022-12-25,2,Algae_Sum,1.6248226,2.196594
2022-12-26,2,Algae_Sum,1.6183286,2.1897137
2022-12-27,2,Algae_Sum,1.534175,2.2434964
2022-12-28,2,Algae_Sum,1.5190212,2.303249
2022-12-29,2,Algae_Sum,1.7468524,2.243357
2022-12-30,2,Algae_Sum,1.7356522,2.2706823
2022-12-31,2,Algae_Sum,1.9499927,2.360528
2023-01-01,2,Algae_Sum,1.4759694,2.4476933
2023-01-02,2,Algae_Sum,1.7600508,2.5250292
2023-01-03,2,Algae_Sum,1.7206455,2.4452283
2023-01-04,2,Algae_Sum,8.896379,2.5003288
2023-01-05,2,Algae_Sum,13.096349,2.5932438
2023-01-06,2,Algae_Sum,16.414724,9.245921
2023-01-07,2,Algae_Sum,17.399351,11.695501
2023-01-08,2,Algae_Sum,18.8251,12.621127
2023-01-09,2,Algae_Sum,18.063778,12.842613
2023-01-10,2,Algae_Sum,18.789335,12.70475
2023-01-11,2,Algae_Sum,20.129807,12.266116
2023-01-12,2,Algae_Sum,18.094204,12.289571
2023-01-13,2,Algae_Sum,18.975517,12.292155
2023-01-14,2,Algae_Sum,15.918459,11.760424
2023-01-15,2,Algae_Sum,9.626111,12.080737
2023-01-16,2,Algae_Sum,9.645517,11.52712
2023-01-17,2,Algae_Sum,9.760275,8.693741
2023-01-18,2,Algae_Sum,6.7348404,9.017883
2023-01-19,2,Algae_Sum,5.9381523,9.372019
2023-01-20,2,Algae_Sum,6.685257,6.834278
2023-01-21,2,Algae_Sum,8.214841,6.1031675
2023-01-22,2,Algae_Sum,15.05712,6.600367
2023-01-23,2,Algae_Sum,14.977919,8.386115
2023-01-24,2,Algae_Sum,10.219479,12.620852
2023-01-25,2,Algae_Sum,9.971166,12.346707
2023-01-26,2,Algae_Sum,10.144937,9.940309
2023-01-27,2,Algae_Sum,10.277494,9.438451
2023-01-28,2,Algae_Sum,8.69824,9.18246
2023-01-29,2,Algae_Sum,7.9546914,9.538059
2023-01-30,2,Algae_Sum,6.960508,7.8194118
2023-01-31,2,Algae_Sum,10.929585,7.4493113
2023-02-01,2,Algae_Sum,13.513338,6.577701
2023-02-02,2,Algae_Sum,18.162195,11.145449
2023-02-03,2,Algae_Sum,12.830873,11.74335
2023-02-04,2,Algae_Sum,12.966491,12.867086
2023-02-05,2,Algae_Sum,14.719497,11.06258
2023-02-06,2,Algae_Sum,15.242263,11.425787
2023-02-07,2,Algae_Sum,19.88965,11.704157
2023-02-08,2,Algae_Sum,17.176598,11.779695
2023-02-09,2,Algae_Sum,14.831988,12.670266
2023-02-10,2,Algae_Sum,8.908835,12.132474
2023-02-11,2,Algae_Sum,10.425544,11.318716
2023-02-12,2,Algae_Sum,8.21172,7.8573065
2023-02-13,2,Algae_Sum,6.722426,7.822198
2023-02-14,2,Algae_Sum,8.79247,6.282322
2023-02-15,2,Algae_Sum,6.31114,5.4305086
2023-02-16,2,Algae_Sum,5.3742704,6.856466
2023-02-17,2,Algae_Sum,5.505119,5.0532064
2023-02-18,2,Algae_Sum,6.857666,4.553638
2023-02-19,2,Algae_Sum,6.3102674,4.787132
2023-02-20,2,Algae_Sum,6.2405734,5.601326
2023-02-21,2,Algae_Sum,4.75634,5.1136165
2023-02-22,2,Algae_Sum,3.9756105,5.057558
2023-02-23,2,Algae_Sum,6.117677,4.0182137
2023-02-24,2,Algae_Sum,5.387982,3.5073886
2023-02-25,2,Algae_Sum,4.2622905,4.7988873
2023-02-26,2,Algae_Sum,4.313567,3.841931
2023-02-27,2,Algae_Sum,5.0228467,3.5450444
2023-02-28,2,Algae_Sum,7.901806,3.4934301
2023-03-01,2,Algae_Sum,6.708374,3.952664
2023-03-02,2,Algae_Sum,4.613053,6.2610717
2023-03-03,2,Algae_Sum,3.809062,4.5159936
2023-03-04,2,Algae_Sum,3.8859296,3.9166663
2023-03-05,2,Algae_Sum,3.6423934,3.6351583
2023-03-06,2,Algae_Sum,3.4349272,3.6433063
2023-03-07,2,Algae_Sum,4.2332244,3.466397
2023-03-08,2,Algae_Sum,3.8600123,3.4120908
2023-03-09,2,Algae_Sum,3.5998406,3.8054457
2023-03-10,2,Algae_Sum,3.3379147,3.4858963
2023-03-11,2,Algae_Sum,3.1682763,3.5524898
2023-03-12,2,Algae_Sum,3.2787595,3.5449362
2023-03-13,2,Algae_Sum,2.8369768,3.5477712
2023-03-14,2,Algae_Sum,2.7873752,3.5180635
2023-03-15,2,Algae_Sum,2.737223,4.1430674
2023-03-16,2,Algae_Sum,2.6558657,3.6562338
2023-03-17,2,Algae_Sum,3.477784,3.451746
2023-03-18,2,Algae_Sum,3.699724,3.3539722
2023-03-19,2,Algae_Sum,3.1224542,3.4177468
2023-03-20,2,Algae_Sum,3.0024664,3.4520187
2023-03-21,2,Algae_Sum,2.6945102,3.197412
2023-03-22,2,Algae_Sum,2.9688792,3.3770807
2023-03-23,2,Algae_Sum,5.275051,3.1208966
2023-03-24,2,Algae_Sum,6.6684475,3.4663293
2023-03-25,2,Algae_Sum,6.619895,4.941145
2023-03-26,2,Algae_Sum,8.220745,5.1896276
2023-03-27,2,Algae_Sum,8.499983,4.2597985
2023-03-28,2,Algae_Sum,7.3574233,5.283485
2023-03-29,2,Algae_Sum,6.047715,4.878159
2023-03-30,2,Algae_Sum,5.453628,4.248137
2023-03-31,2,Algae_Sum,4.8178,4.252419
2023-04-01,2,Algae_Sum,3.9566126,3.7409596
2023-04-02,2,Algae_Sum,3.6214437,3.5941777
2023-04-03,2,Algae_Sum,3.6822062,3.5047925
2023-04-04,2,Algae_Sum,3.4739294,3.406748
2023-04-05,2,Algae_Sum,4.791823,3.3657362
2023-04-06,2,Algae_Sum,6.664732,3.5614421
2023-04-07,2,Algae_Sum,6.9721932,4.412451
2023-04-08,2,Algae_Sum,7.7121773,5.2728825
2023-04-09,2,Algae_Sum,6.841786,4.9719906
2023-04-10,2,Algae_Sum,6.226974,6.3403664
2023-04-11,2,Algae_Sum,4.9300995,4.961299
2023-04-12,2,Algae_Sum,3.9539886,4.924644
2023-04-13,2,Algae_Sum,3.7511232,3.943568
2023-04-14,2,Algae_Sum,3.948584,3.538019
2023-04-15,2,Algae_Sum,5.2400723,3.416005
2023-04-16,2,Algae_Sum,5.50955,4.502817
2023-04-17,2,Algae_Sum,8.75176,4.97528
2023-04-18,2,Algae_Sum,8.948177,4.4070535
2023-04-19,2,Algae_Sum,7.163602,8.295063
2023-04-20,2,Algae_Sum,5.6216245,6.1335797
2023-04-21,2,Algae_Sum,5.2019124,5.4842896
2023-04-22,2,Algae_Sum,4.634543,4.658808
2023-04-23,2,Algae_Sum,4.701191,4.5050282
2023-04-24,2,Algae_Sum,4.874914,4.143045
2023-04-25,2,Algae_Sum,5.603553,4.2335906
2023-04-26,2,Algae_Sum,4.2804728,3.7472064
2023-04-27,2,Algae_Sum,3.6347766,4.766672
2023-04-28,2,Algae_Sum,6.5385237,4.0008397
2023-04-29,2,Algae_Sum,14.271435,3.9735217
2023-04-30,2,Algae_Sum,12.956777,6.7346854
2023-05-01,2,Algae_Sum,7.4970665,11.929922
2023-05-02,2,Algae_Sum,11.292253,9.358955
2023-05-03,2,Algae_Sum,9.83611,6.936868
2023-05-04,2,Algae_Sum,11.773096,10.914156
2023-05-05,2,Algae_Sum,14.601667,9.498741
2023-05-06,2,Algae_Sum,12.448055,11.431791
2023-05-07,2,Algae_Sum,6.291126,12.23792
2023-05-08,2,Algae_Sum,5.0117936,11.605206
2023-05-09,2,Algae_Sum,5.804376,7.162936
2023-05-10,2,Algae_Sum,6.3043756,5.447948
2023-05-11,2,Algae_Sum,7.088902,5.0667257
2023-05-12,2,Algae_Sum,7.7510343,4.9731836
2023-05-13,2,Algae_Sum,8.704016,4.9250193
2023-05-14,2,Algae_Sum,6.7547026,5.6426883
2023-05-15,2,Algae_Sum,5.222729,5.7456565
2023-05-16,2,Algae_Sum,4.4986825,4.645786
2023-05-17,2,Algae_Sum,4.0229225,4.1726966
2023-05-18,2,Algae_Sum,4.6135154,4.1789236
2023-05-19,2,Algae_Sum,3.9889245,3.7071977
2023-05-20,2,Algae_Sum,3.652485,4.528179
2023-05-21,2,Algae_Sum,3.7265778,3.8385854
2023-05-22,2,Algae_Sum,3.2291937,4.2941785
2023-05-23,2,Algae_Sum,3.8584538,4.484241
2023-05-24,2,Algae_Sum,4.446563,3.6513894
2023-05-25,2,Algae_Sum,4.0857143,4.1687474
2023-05-26,2,Algae_Sum,4.0087175,4.086207
2023-05-27,2,Algae_Sum,4.828029,3.9975357
2023-05-28,2,Algae_Sum,6.1320353,4.113287
2023-05-29,2,Algae_Sum,7.9067554,4.6092634
2023-05-30,2,Algae_Sum,8.271934,6.262434
2023-05-31,2,Algae_Sum,12.0165825,7.1738973
2023-06-01,2,Algae_Sum,13.20095,7.1404757
2023-06-02,2,Algae_Sum,9.427839,11.004131
2023-06-03,2,Algae_Sum,10.580038,9.937327
2023-06-04,2,Algae_Sum,8.459904,7.8606815
2023-06-05,2,Algae_Sum,5.495514,8.089209
2023-06-06,2,Algae_Sum,8.329729,6.9658103
2023-06-07,2,Algae_Sum,10.058122,5.6405535
2023-06-08,2,Algae_Sum,8.31265,7.7391334
2023-06-09,2,Algae_Sum,6.1535554,8.371933
2023-06-10,2,Algae_Sum,4.5677657,7.1295514
2023-06-11,2,Algae_Sum,4.7996216,6.0451756
2023-06-12,2,Algae_Sum,5.6931252,4.835987
2023-06-13,2,Algae_Sum,6.915264,4.7071567
2023-06-14,2,Algae_Sum,7.855021,4.8846483
2023-06-15,2,Algae_Sum,6.4189825,5.094773
2023-06-16,2,Algae_Sum,4.1020656,5.6213427
2023-06-17,2,Algae_Sum,4.350381,4.5977726
2023-06-18,2,Algae_Sum,4.93138,3.92673
2023-06-19,2,Algae_Sum,3.957721,4.3658495
2023-06-20,2,Algae_Sum,5.3548512,5.2477465
2023-06-21,2,Algae_Sum,9.287184,4.4836297
2023-06-22,2,Algae_Sum,10.645128,6.1925087
2023-06-23,2,Algae_Sum,11.645772,10.026947
2023-06-24,2,Algae_Sum,11.620409,10.091505
2023-06-25,2,Algae_Sum,11.008908,10.649819
2023-06-26,2,Algae_Sum,12.472473,10.443168
2023-06-27,2,Algae_Sum,13.612487,9.740235
2023-06-28,2,Algae_Sum,14.570873,10.329638
2023-06-29,2,Algae_Sum,16.603083,10.391049
2023-06-30,2,Algae_Sum,16.828627,11.402052
2023-07-01,2,Algae_Sum,11.07205,11.991978
2023-07-02,2,Algae_Sum,10.102373,12.127452
2023-07-03,2,Algae_Sum,11.606199,10.4180565
2023-07-04,2,Algae_Sum,17.047934,10.521563
2023-07-05,2,Algae_Sum,19.302849,11.109834
2023-07-06,2,Algae_Sum,18.339706,12.559654
2023-07-07,2,Algae_Sum,18.408247,13.034889
2023-07-08,2,Algae_Sum,17.667715,13.028328
2023-07-09,2,Algae_Sum,19.730883,13.02384
2023-07-10,2,Algae_Sum,18.000517,12.876799
2023-07-11,2,Algae_Sum,13.325165,13.171885
2023-07-12,2,Algae_Sum,9.572903,12.600135
2023-07-13,2,Algae_Sum,8.623045,11.063528
2023-07-14,2,Algae_Sum,6.3744617,9.920718
2023-07-15,2,Algae_Sum,5.2136755,9.344384
2023-07-16,2,Algae_Sum,4.364538,7.6016345
2023-07-17,2,Algae_Sum,4.507408,6.398215
2023-07-18,2,Algae_Sum,4.186809,5.758024
2023-07-19,2,Algae_Sum,4.201817,5.9395967
2023-07-20,2,Algae_Sum,5.7306867,5.2487316
2023-07-21,2,Algae_Sum,12.8116,5.231595
2023-07-22,2,Algae_Sum,19.579756,7.0878367
2023-07-23,2,Algae_Sum,18.616846,12.209286
2023-07-24,2,Algae_Sum,21.267357,12.719345
2023-07-25,2,Algae_Sum,22.591825,13.036273
2023-07-26,2,Algae_Sum,19.576962,13.206725
2023-07-27,2,Algae_Sum,12.689302,12.999876
2023-07-28,2,Algae_Sum,7.021845,12.2798395
2023-07-29,2,Algae_Sum,6.46789,10.722175
2023-07-30,2,Algae_Sum,8.131341,7.7730484
2023-07-31,2,Algae_Sum,10.473058,7.2354035
2023-08-01,2,Algae_Sum,9.347293,9.9135065
2023-08-02,2,Algae_Sum,10.365169,10.944023
2023-08-03,2,Algae_Sum,13.959923,10.599269
2023-08-04,2,Algae_Sum,13.29757,11.634554
2023-08-05,2,Algae_Sum,19.390783,12.604805
2023-08-06,2,Algae_Sum,20.012756,12.253155
2023-08-07,2,Algae_Sum,21.812866,13.48187
2023-08-08,2,Algae_Sum,21.698616,13.507631
2023-08-09,2,Algae_Sum,15.952563,13.447236
2023-08-10,2,Algae_Sum,12.506755,13.209479
2023-08-11,2,Algae_Sum,9.76769,12.298487
2023-08-12,2,Algae_Sum,8.628945,10.808028
2023-08-13,2,Algae_Sum,10.753833,10.388075
2023-08-14,2,Algae_Sum,18.312202,9.200667
2023-08-15,2,Algae_Sum,15.357068,11.253331
2023-08-16,2,Algae_Sum,14.4903345,12.750265
2023-08-17,2,Algae_Sum,6.1450768,12.221874
2023-08-18,2,Algae_Sum,6.9899535,11.394203
2023-08-19,2,Algae_Sum,7.427206,6.825824
2023-08-20,2,Algae_Sum,5.591925,6.3163
2023-08-21,2,Algae_Sum,5.112237,6.425502
2023-08-22,2,Algae_Sum,4.8117847,5.132033
2023-08-23,2,Algae_Sum,4.9052696,4.755599
2023-08-24,2,Algae_Sum,4.682758,4.482874
2023-08-25,2,Algae_Sum,4.229706,4.83807
2023-08-26,2,Algae_Sum,5.2838764,4.2631917
2023-08-27,2,Algae_Sum,5.1225586,4.914231
2023-08-28,2,Algae_Sum,5.457451,4.85898
2023-08-29,2,Algae_Sum,9.769335,5.4927573
2023-08-30,2,Algae_Sum,6.403431,5.006118
2023-08-31,2,Algae_Sum,9.14163,8.268835
2023-09-01,2,Algae_Sum,7.098849,4.9551167
2023-09-02,2,Algae_Sum,6.8927407,8.208368
2023-09-03,2,Algae_Sum,6.0940366,5.342657
2023-09-04,2,Algae_Sum,5.8949885,6.0486803
2023-09-05,2,Algae_Sum,8.714047,5.136967
2023-09-06,2,Algae_Sum,10.118848,5.323343
2023-09-07,2,Algae_Sum,9.202477,6.798352
2023-09-08,2,Algae_Sum,9.017773,7.671446
2023-09-09,2,Algae_Sum,5.850143,6.3768663
2023-09-10,2,Algae_Sum,4.832357,6.2462482
2023-09-11,2,Algae_Sum,4.02745,4.7194085
2023-09-12,2,Algae_Sum,3.6709762,4.885532
2023-09-13,2,Algae_Sum,4.0373435,4.652426
2023-09-14,2,Algae_Sum,5.0195746,4.8601995
2023-09-15,2,Algae_Sum,6.2175045,4.701305
2023-09-16,2,Algae_Sum,5.396928,5.2755785
2023-09-17,2,Algae_Sum,4.511211,6.4188313
2023-09-18,2,Algae_Sum,5.9401107,5.09744
2023-09-19,2,Algae_Sum,7.256015,5.171434
2023-09-20,2,Algae_Sum,9.687739,6.1967053
2023-09-21,2,Algae_Sum,11.152798,6.828111
2023-09-22,2,Algae_Sum,9.092755,10.020407
2023-09-23,2,Algae_Sum,9.462845,10.006346
2023-09-24,2,Algae_Sum,9.13481,8.623014
2023-09-25,2,Algae_Sum,6.733803,9.127365
2023-09-26,2,Algae_Sum,9.3901205,8.292552
2023-09-27,2,Algae_Sum,8.797401,6.5567207
2023-09-28,2,Algae_Sum,8.627417,9.245427
2023-09-29,2,Algae_Sum,8.13903,7.6085224
2023-09-30,2,Algae_Sum,8.805059,7.9026217
2023-10-01,2,Algae_Sum,8.873955,7.2916102
2023-10-02,2,Algae_Sum,5.967786,7.64156
2023-10-03,2,Algae_Sum,7.2735186,7.5821815
2023-10-04,2,Algae_Sum,7.5096498,5.653431
2023-10-05,2,Algae_Sum,5.9595027,6.820414
2023-10-06,2,Algae_Sum,4.3613086,6.6395645
2023-10-07,2,Algae_Sum,3.5716507,5.243896
2023-10-08,2,Algae_Sum,3.528187,4.359923
2023-10-09,2,Algae_Sum,3.9179816,3.9308908
2023-10-10,2,Algae_Sum,4.670383,3.8296394
2023-10-11,2,Algae_Sum,4.3853636,4.0448
2023-10-12,2,Algae_Sum,3.630321,4.6167283
2023-10-13,2,Algae_Sum,6.1506977,4.290514
2023-10-14,2,Algae_Sum,10.862733,4.283096
2023-10-15,2,Algae_Sum,12.212149,6.378017
2023-10-16,2,Algae_Sum,6.1697555,9.980547
2023-10-17,2,Algae_Sum,5.6503882,9.258865
2023-10-18,2,Algae_Sum,8.3702,5.873734
2023-10-19,2,Algae_Sum,7.988243,5.3300476
2023-10-20,2,Algae_Sum,8.712761,7.6351852
2023-10-21,2,Algae_Sum,6.09467,5.9653587
2023-10-22,2,Algae_Sum,7.1581044,6.9231925
2023-10-23,2,Algae_Sum,5.96391,5.0175695
2023-10-24,2,Algae_Sum,8.6742325,5.828297
2023-10-25,2,Algae_Sum,13.544966,5.084104
2023-10-26,2,Algae_Sum,10.631577,7.7457786
2023-10-27,2,Algae_Sum,10.541737,10.06223
2023-10-28,2,Algae_Sum,5.8347054,7.358989
2023-10-29,2,Algae_Sum,5.825745,7.647073
2023-10-30,2,Algae_Sum,5.56857,5.159901
2023-10-31,2,Algae_Sum,6.985122,5.024309
2023-11-01,2,Algae_Sum,8.041882,5.02914
2023-11-02,2,Algae_Sum,6.7011433,5.6015053
2023-11-03,2,Algae_Sum,8.279078,6.461199
2023-11-04,2,Algae_Sum,5.83744,5.0811477
2023-11-05,2,Algae_Sum,8.754188,6.6389046
2023-11-06,2,Algae_Sum,10.229152,4.7998323
2023-11-07,2,Algae_Sum,7.655938,7.241072
2023-11-08,2,Algae_Sum,4.2260113,7.5095716
2023-11-09,2,Algae_Sum,4.6493325,5.7295146
2023-11-10,2,Algae_Sum,5.1353493,4.116458
2023-11-11,2,Algae_Sum,3.610392,4.3976407
2023-11-12,2,Algae_Sum,3.563171,4.4537244
2023-11-13,2,Algae_Sum,2.9885213,3.6820188
2023-11-14,2,Algae_Sum,3.5244007,3.8510683
2023-11-15,2,Algae_Sum,3.460855,3.2879384
2023-11-16,2,Algae_Sum,3.3802412,3.8117814
2023-11-17,2,Algae_Sum,3.2781708,3.5456467
2023-11-18,2,Algae_Sum,3.6207902,3.3226595
2023-11-19,2,Algae_Sum,2.9817839,3.2778356
2023-11-20,2,Algae_Sum,3.663706,3.905061
2023-11-21,2,Algae_Sum,3.2461529,3.2025023
2023-11-22,2,Algae_Sum,4.652809,3.8001256
2023-11-23,2,Algae_Sum,11.062335,3.277238
2023-11-24,2,Algae_Sum,7.191083,3.91855
2023-11-25,2,Algae_Sum,4.861382,10.852911
2023-11-26,2,Algae_Sum,3.3599403,5.0070825
2023-11-27,2,Algae_Sum,3.5830445,4.6893134
2023-11-28,2,Algae_Sum,5.812014,3.7903023
2023-11-29,2,Algae_Sum,5.0685453,3.8730676
2023-11-30,2,Algae_Sum,13.4719305,5.1446843
2023-12-01,2,Algae_Sum,7.98614,4.434324
2023-12-02,2,Algae_Sum,5.869619,12.125379
2023-12-03,2,Algae_Sum,6.3705707,5.6152716
2023-12-04,2,Algae_Sum,5.155445,5.3563137
2023-12-05,2,Algae_Sum,8.696334,5.5525656
2023-12-06,2,Algae_Sum,9.385786,4.5503917
2023-12-07,2,Algae_Sum,6.3892965,8.116014
2023-12-08,2,Algae_Sum,4.352298,6.6035256
2023-12-09,2,Algae_Sum,6.964291,5.312269
2023-12-10,2,Algae_Sum,5.7171173,4.354272
2023-12-11,2,Algae_Sum,9.130519,6.657256
2023-12-12,2,Algae_Sum,12.658916,4.9681687
2023-12-13,2,Algae_Sum,11.153771,9.434088
2023-12-14,2,Algae_Sum,11.911017,10.868673
2023-12-15,2,Algae_Sum,12.863973,8.756597
2023-12-16,2,Algae_Sum,9.227918,9.290076
2023-12-17,2,Algae_Sum,5.000855,8.851092
2023-12-18,2,Algae_Sum,5.0440235,6.743274
2023-12-19,2,Algae_Sum,7.2128468,4.576938
2023-12-20,2,Algae_Sum,5.3524604,4.1205854
2023-12-21,2,Algae_Sum,4.4162736,6.0025816
2023-12-22,2,Algae_Sum,5.4673543,4.1583624
2023-12-23,2,Algae_Sum,5.3069916,4.0922174
2023-12-24,2,Algae_Sum,5.0713725,4.8531513
2023-12-25,2,Algae_Sum,6.1313434,4.4556384
2023-12-26,2,Algae_Sum,12.130165,4.5047193
2023-12-27,2,Algae_Sum,14.239751,5.1121492
2023-12-28,2,Algae_Sum,12.578621,10.64155
2020-10-30,3,Algae_Sum,21.884106,9.69782
2020-10-31,3,Algae_Sum,12.073075,10.65828
2020-11-01,3,Algae_Sum,14.822073,11.309089
2020-11-02,3,Algae_Sum,13.792086,11.621735
2020-11-03,3,Algae_Sum,9.761375,9.921345
2020-11-04,3,Algae_Sum,9.380658,10.513707
2020-11-05,3,Algae_Sum,7.6647573,10.180236
2020-11-06,3,Algae_Sum,10.652831,9.473804
2020-11-07,3,Algae_Sum,17.500963,9.436058
2020-11-08,3,Algae_Sum,7.6776447,8.842834
2020-11-09,3,Algae_Sum,6.484938,9.876887
2020-11-10,3,Algae_Sum,5.9227905,10.922561
2020-11-11,3,Algae_Sum,6.3580694,8.857995
2020-11-12,3,Algae_Sum,7.033241,7.8305616
2020-11-13,3,Algae_Sum,7.3596616,6.741058
2020-11-14,3,Algae_Sum,9.0749035,6.8872557
2020-11-15,3,Algae_Sum,8.515803,7.4160347
2020-11-16,3,Algae_Sum,13.417889,7.27825
2020-11-17,3,Algae_Sum,15.102305,8.61014
2020-11-18,3,Algae_Sum,14.956821,8.157273
2020-11-19,3,Algae_Sum,18.823248,10.54347
2020-11-20,3,Algae_Sum,16.920609,10.524407
2020-11-21,3,Algae_Sum,15.183918,10.614198
2020-11-22,3,Algae_Sum,15.901703,11.028311
2020-11-23,3,Algae_Sum,11.166392,10.753795
2020-11-24,3,Algae_Sum,10.60181,10.321958
2020-11-25,3,Algae_Sum,9.785565,10.461729
2020-11-26,3,Algae_Sum,16.66919,9.621109
2020-11-27,3,Algae_Sum,11.014212,9.348677
2020-11-28,3,Algae_Sum,8.998741,8.937694
2020-11-29,3,Algae_Sum,9.229913,10.448771
2020-11-30,3,Algae_Sum,4.991194,9.460829
2020-12-01,3,Algae_Sum,4.6330485,8.892099
2020-12-02,3,Algae_Sum,5.1133065,8.802309
2020-12-03,3,Algae_Sum,4.5701375,5.84368
2020-12-04,3,Algae_Sum,5.052518,4.8220534
2020-12-05,3,Algae_Sum,4.2047973,5.035303
2020-12-06,3,Algae_Sum,4.3188496,4.72524
2020-12-07,3,Algae_Sum,4.5638957,4.902371
2020-12-08,3,Algae_Sum,4.3974586,4.60616
2020-12-09,3,Algae_Sum,6.298979,4.7739487
2020-12-10,3,Algae_Sum,5.4832077,5.0530305
2020-12-11,3,Algae_Sum,3.929725,4.7528715
2020-12-12,3,Algae_Sum,6.609797,7.0371494
2020-12-13,3,Algae_Sum,14.367908,5.806162
2020-12-14,3,Algae_Sum,4.815441,5.0732665
2020-12-15,3,Algae_Sum,4.2484083,7.764136
2020-12-16,3,Algae_Sum,4.285731,11.025605
2020-12-17,3,Algae_Sum,4.113128,6.0610223
2020-12-18,3,Algae_Sum,3.9961796,5.6723123
2020-12-19,3,Algae_Sum,4.648864,5.3462977
2020-12-20,3,Algae_Sum,5.3344426,5.6541786
2020-12-21,3,Algae_Sum,5.618892,4.9872537
2020-12-22,3,Algae_Sum,5.4751267,5.57426
2020-12-23,3,Algae_Sum,7.776384,6.3506007
2020-12-24,3,Algae_Sum,7.4458003,6.2026196
2020-12-25,3,Algae_Sum,6.071738,6.428798
2020-12-26,3,Algae_Sum,6.178096,9.431954
2020-12-27,3,Algae_Sum,6.910051,8.037658
2020-12-28,3,Algae_Sum,18.225533,7.7654595
2020-12-29,3,Algae_Sum,16.772173,8.422014
2020-12-30,3,Algae_Sum,16.605732,9.104666
2020-12-31,3,Algae_Sum,16.387157,11.285211
2021-01-01,3,Algae_Sum,8.856911,11.164038
2021-01-02,3,Algae_Sum,5.317567,10.92694
2021-01-03,3,Algae_Sum,4.7676196,10.586873
2021-01-04,3,Algae_Sum,4.2526574,8.67887
2021-01-05,3,Algae_Sum,4.1225705,7.0141387
2021-01-06,3,Algae_Sum,5.5991163,5.865397
2021-01-07,3,Algae_Sum,7.6152134,5.1857653
2021-01-08,3,Algae_Sum,4.0434084,4.995236
2021-01-09,3,Algae_Sum,3.713741,6.1501803
2021-01-10,3,Algae_Sum,3.414877,7.2414365
2021-01-11,3,Algae_Sum,3.6629832,4.370207
2021-01-12,3,Algae_Sum,5.2977786,4.121182
2021-01-13,3,Algae_Sum,6.059045,4.0747232
2021-01-14,3,Algae_Sum,6.5575237,3.9424329
2021-01-15,3,Algae_Sum,6.035286,5.232326
2021-01-16,3,Algae_Sum,6.2309194,5.341098
2021-01-17,3,Algae_Sum,7.3292184,6.24315
2021-01-18,3,Algae_Sum,7.2281694,5.810827
2021-01-19,3,Algae_Sum,6.791013,6.5864277
2021-01-20,3,Algae_Sum,9.555196,6.8099933
2021-01-21,3,Algae_Sum,12.568437,7.1230783
2021-01-22,3,Algae_Sum,13.08861,7.0831833
2021-01-23,3,Algae_Sum,16.701107,10.548046
2021-01-24,3,Algae_Sum,11.107178,10.383968
2021-01-25,3,Algae_Sum,13.185079,10.4732685
2021-01-26,3,Algae_Sum,14.309341,10.850989
2021-01-27,3,Algae_Sum,17.447178,9.833245
2021-01-28,3,Algae_Sum,12.752337,10.392956
2021-01-29,3,Algae_Sum,14.503437,10.30251
2021-01-30,3,Algae_Sum,14.994356,10.659289
2021-01-31,3,Algae_Sum,12.609326,9.855779
2021-02-01,3,Algae_Sum,11.911086,10.183708
2021-02-02,3,Algae_Sum,11.054591,10.265261
2021-02-03,3,Algae_Sum,9.5205145,10.081657
2021-02-04,3,Algae_Sum,10.508161,10.071278
2021-02-05,3,Algae_Sum,10.67833,9.904842
2021-02-06,3,Algae_Sum,10.053758,9.529508
2021-02-07,3,Algae_Sum,9.0949745,9.91725
2021-02-08,3,Algae_Sum,9.740884,10.010823
2021-02-09,3,Algae_Sum,11.113655,9.907799
2021-02-10,3,Algae_Sum,13.788543,9.701621
2021-02-11,3,Algae_Sum,9.672534,9.880504
2021-02-12,3,Algae_Sum,9.084823,10.018443
2021-02-13,3,Algae_Sum,17.508087,10.486505
2021-02-14,3,Algae_Sum,13.146946,9.613709
2021-02-15,3,Algae_Sum,11.419103,9.772241
2021-02-16,3,Algae_Sum,11.980311,11.147194
2021-02-17,3,Algae_Sum,11.245926,10.437908
2021-02-18,3,Algae_Sum,7.9800363,10.135609
2021-02-19,3,Algae_Sum,9.421471,10.26486
2021-02-20,3,Algae_Sum,7.99176,9.947159
2021-02-21,3,Algae_Sum,8.2490015,9.242789
2021-02-22,3,Algae_Sum,7.808769,9.818302
2021-02-23,3,Algae_Sum,8.060869,9.032538
2021-02-24,3,Algae_Sum,7.221506,9.399038
2021-02-25,3,Algae_Sum,9.2095,8.849879
2021-02-26,3,Algae_Sum,9.879594,9.10267
2021-02-27,3,Algae_Sum,8.833722,7.950501
2021-02-28,3,Algae_Sum,8.0143585,9.785643
2021-03-01,3,Algae_Sum,6.0586815,9.536693
2021-03-02,3,Algae_Sum,6.4103456,8.759212
2021-03-03,3,Algae_Sum,8.819653,7.723015
2021-03-04,3,Algae_Sum,6.2930245,5.797237
2021-03-05,3,Algae_Sum,3.0083067,5.714448
2021-03-06,3,Algae_Sum,1.6337553,8.132095
2021-03-07,3,Algae_Sum,1.628278,5.3016376
2021-03-08,3,Algae_Sum,2.2676249,3.8948781
2021-03-09,3,Algae_Sum,2.4649348,3.2028506
2021-03-10,3,Algae_Sum,3.7003834,3.0544705
2021-03-11,3,Algae_Sum,6.6675324,3.4309585
2021-03-12,3,Algae_Sum,10.264775,3.5950441
2021-03-13,3,Algae_Sum,19.44618,4.890825
2021-03-14,3,Algae_Sum,12.759682,7.5342045
2021-03-15,3,Algae_Sum,12.029479,10.538073
2021-03-16,3,Algae_Sum,9.745131,11.442312
2021-03-17,3,Algae_Sum,7.7749853,10.173862
2021-03-18,3,Algae_Sum,7.2675614,9.886567
2021-03-19,3,Algae_Sum,5.630832,8.954322
2021-03-20,3,Algae_Sum,5.568669,7.518858
2021-03-21,3,Algae_Sum,4.5231113,6.7164717
2021-03-22,3,Algae_Sum,3.0237844,5.4267187
2021-03-23,3,Algae_Sum,2.5734901,5.064277
2021-03-24,3,Algae_Sum,2.9237897,4.39774
2021-03-25,3,Algae_Sum,2.8117054,3.7328103
2021-03-26,3,Algae_Sum,3.0104342,3.4444785
2021-03-27,3,Algae_Sum,3.8426285,3.6039565
2021-03-28,3,Algae_Sum,6.895923,3.6026678
2021-03-29,3,Algae_Sum,13.461354,3.8491879
2021-03-30,3,Algae_Sum,17.317652,4.7147026
2021-03-31,3,Algae_Sum,17.391066,8.574062
2021-04-01,3,Algae_Sum,14.776763,11.030362
2021-04-02,3,Algae_Sum,12.928407,11.20377
2021-04-03,3,Algae_Sum,11.813078,11.181341
2021-04-04,3,Algae_Sum,8.532172,10.450746
2021-04-05,3,Algae_Sum,6.315181,9.886089
2021-04-06,3,Algae_Sum,6.0695224,9.6877365
2021-04-07,3,Algae_Sum,6.6027446,8.677057
2021-04-08,3,Algae_Sum,6.337952,6.9380136
2021-04-09,3,Algae_Sum,5.6539507,6.16589
2021-04-10,3,Algae_Sum,5.894414,6.5313625
2021-04-11,3,Algae_Sum,7.030861,6.0849233
2021-04-12,3,Algae_Sum,13.461731,5.9403167
2021-04-13,3,Algae_Sum,14.730739,6.2081304
2021-04-14,3,Algae_Sum,15.172216,7.245354
2021-04-15,3,Algae_Sum,13.776918,10.856064
2021-04-16,3,Algae_Sum,13.478327,10.706893
2021-04-17,3,Algae_Sum,17.960876,10.777433
2021-04-18,3,Algae_Sum,13.178813,10.379566
2021-04-19,3,Algae_Sum,12.057459,10.339941
2021-04-20,3,Algae_Sum,11.892882,11.034438
2021-04-21,3,Algae_Sum,12.019044,10.334264
2021-04-22,3,Algae_Sum,14.975033,10.071741
2021-04-23,3,Algae_Sum,16.368479,9.909384
2021-04-24,3,Algae_Sum,15.866011,9.914767
2021-04-25,3,Algae_Sum,21.996445,10.515298
2021-04-26,3,Algae_Sum,17.954536,10.87544
2021-04-27,3,Algae_Sum,14.3708105,10.842938
2021-04-28,3,Algae_Sum,8.976744,11.494739
2021-04-29,3,Algae_Sum,6.032525,10.954092
2021-04-30,3,Algae_Sum,6.1225615,10.154521
2021-05-01,3,Algae_Sum,13.055283,8.940462
2021-05-02,3,Algae_Sum,15.771375,7.708537
2021-05-03,3,Algae_Sum,17.007025,6.748017
2021-05-04,3,Algae_Sum,9.339772,10.569211
2021-05-05,3,Algae_Sum,9.40084,10.708274
2021-05-06,3,Algae_Sum,11.735045,11.082992
2021-05-07,3,Algae_Sum,11.6258955,9.741804
2021-05-08,3,Algae_Sum,16.68035,9.69108
2021-05-09,3,Algae_Sum,22.493618,10.0315695
2021-05-10,3,Algae_Sum,16.525246,9.96182
2021-05-11,3,Algae_Sum,18.971342,10.939825
2021-05-12,3,Algae_Sum,21.865564,11.670229
2021-05-13,3,Algae_Sum,21.909088,11.218345
2021-05-14,3,Algae_Sum,18.595934,11.426851
2021-05-15,3,Algae_Sum,16.452106,11.599713
2021-05-16,3,Algae_Sum,12.469892,11.880498
2021-05-17,3,Algae_Sum,11.853444,11.402046
2021-05-18,3,Algae_Sum,12.899964,10.838729
2021-05-19,3,Algae_Sum,10.863085,10.185545
2021-05-20,3,Algae_Sum,11.793205,10.122778
2021-05-21,3,Algae_Sum,10.932504,10.272977
2021-05-22,3,Algae_Sum,14.627393,9.816753
2021-05-23,3,Algae_Sum,13.459877,9.986124
2021-05-24,3,Algae_Sum,18.745737,9.821637
2021-05-25,3,Algae_Sum,12.448503,10.543863
2021-05-26,3,Algae_Sum,11.574566,10.362474
2021-05-27,3,Algae_Sum,18.80346,11.131925
2021-05-28,3,Algae_Sum,22.238157,10.281646
2021-05-29,3,Algae_Sum,21.29074,10.131409
2021-05-30,3,Algae_Sum,10.020926,11.082434
2021-05-31,3,Algae_Sum,7.060413,11.426874
2021-06-01,3,Algae_Sum,10.506314,11.392585
2021-06-02,3,Algae_Sum,9.201731,9.863969
2021-06-03,3,Algae_Sum,6.931745,9.315614
2021-06-04,3,Algae_Sum,8.3245325,9.659014
2021-06-05,3,Algae_Sum,7.7431645,9.280277
2021-06-06,3,Algae_Sum,8.018364,8.610571
2021-06-07,3,Algae_Sum,9.928958,9.56411
2021-06-08,3,Algae_Sum,13.749262,9.184023
2021-06-09,3,Algae_Sum,8.666303,9.550464
2021-06-10,3,Algae_Sum,10.037793,10.011205
2021-06-11,3,Algae_Sum,12.12508,10.560287
2021-06-12,3,Algae_Sum,18.209587,9.698289
2021-06-13,3,Algae_Sum,24.054714,10.279195
2021-06-14,3,Algae_Sum,23.002129,10.532955
2021-06-15,3,Algae_Sum,22.791176,11.320844
2021-06-16,3,Algae_Sum,24.818869,11.746993
2021-06-17,3,Algae_Sum,22.894386,11.760855
2021-06-18,3,Algae_Sum,22.643948,11.923794
2021-06-19,3,Algae_Sum,20.487635,12.043259
2021-06-20,3,Algae_Sum,21.67561,11.927585
2021-06-21,3,Algae_Sum,12.94602,11.691098
2021-06-22,3,Algae_Sum,9.037994,11.500537
2021-06-23,3,Algae_Sum,9.579233,11.507738
2021-06-24,3,Algae_Sum,8.6657095,10.672638
2021-06-25,3,Algae_Sum,9.339313,10.131674
2021-06-26,3,Algae_Sum,8.252894,10.226053
2021-06-27,3,Algae_Sum,19.663662,10.102057
2021-06-28,3,Algae_Sum,25.989393,10.206646
2021-06-29,3,Algae_Sum,24.72149,9.881801
2021-06-30,3,Algae_Sum,18.818155,11.41679
2021-07-01,3,Algae_Sum,17.853378,11.869918
2021-07-02,3,Algae_Sum,20.01221,11.857799
2021-07-03,3,Algae_Sum,24.686243,11.231528
2021-07-04,3,Algae_Sum,17.383993,11.232953
2021-07-05,3,Algae_Sum,24.257757,11.386241
2021-07-06,3,Algae_Sum,21.03982,11.780254
2021-07-07,3,Algae_Sum,18.139551,11.078434
2021-07-08,3,Algae_Sum,19.128239,11.531757
2021-07-09,3,Algae_Sum,9.262927,11.326981
2021-07-10,3,Algae_Sum,10.348993,10.912741
2021-07-11,3,Algae_Sum,10.155518,11.030265
2021-07-12,3,Algae_Sum,12.318908,9.685872
2021-07-13,3,Algae_Sum,11.372229,10.016622
2021-07-14,3,Algae_Sum,11.732797,9.935338
2021-07-15,3,Algae_Sum,13.027316,10.4261465
2021-07-16,3,Algae_Sum,13.275453,10.22706
2021-07-17,3,Algae_Sum,13.036151,10.479708
2021-07-18,3,Algae_Sum,12.048767,10.602579
2021-07-19,3,Algae_Sum,12.207481,10.719766
2021-07-20,3,Algae_Sum,11.366654,10.697129
2021-07-21,3,Algae_Sum,8.354729,10.329264
2021-07-22,3,Algae_Sum,9.270456,10.171428
2021-07-23,3,Algae_Sum,17.47265,9.965146
2021-07-24,3,Algae_Sum,23.949871,9.368957
2021-07-25,3,Algae_Sum,22.02724,9.845367
2021-07-26,3,Algae_Sum,19.4621,11.254801
2021-07-27,3,Algae_Sum,16.015862,11.7429695
2021-07-28,3,Algae_Sum,10.80458,11.71184
2021-07-29,3,Algae_Sum,11.944978,11.1375265
2021-07-30,3,Algae_Sum,11.576705,10.505309
2021-07-31,3,Algae_Sum,13.812453,9.749479
2021-08-01,3,Algae_Sum,16.956932,10.242245
2021-08-02,3,Algae_Sum,19.797148,10.245129
2021-08-03,3,Algae_Sum,14.188182,10.520222
2021-08-04,3,Algae_Sum,10.745257,10.938802
2021-08-05,3,Algae_Sum,10.256742,11.054344
2021-08-06,3,Algae_Sum,9.348004,10.54714
2021-08-07,3,Algae_Sum,9.657215,9.991123
2021-08-08,3,Algae_Sum,7.870428,9.679503
2021-08-09,3,Algae_Sum,7.9377337,9.26619
2021-08-10,3,Algae_Sum,6.537909,9.401905
2021-08-11,3,Algae_Sum,7.6913457,9.041614
2021-08-12,3,Algae_Sum,9.700195,9.404179
2021-08-13,3,Algae_Sum,8.763865,8.481236
2021-08-14,3,Algae_Sum,14.3637705,9.606013
2021-08-15,3,Algae_Sum,19.768396,10.170345
2021-08-16,3,Algae_Sum,14.797129,9.509473
2021-08-17,3,Algae_Sum,13.521683,10.848602
2021-08-18,3,Algae_Sum,16.551445,11.411111
2021-08-19,3,Algae_Sum,19.159174,10.802165
2021-08-20,3,Algae_Sum,17.454346,10.189373
2021-08-21,3,Algae_Sum,14.43775,10.752198
2021-08-22,3,Algae_Sum,24.444853,11.208807
2021-08-23,3,Algae_Sum,23.654213,11.260865
2021-08-24,3,Algae_Sum,20.174358,10.482197
2021-08-25,3,Algae_Sum,23.570362,11.543335
2021-08-26,3,Algae_Sum,22.163607,11.7986555
2021-08-27,3,Algae_Sum,20.888262,11.319984
2021-08-28,3,Algae_Sum,17.96409,11.440768
2021-08-29,3,Algae_Sum,15.920398,11.041626
2021-08-30,3,Algae_Sum,13.904685,10.836922
2021-08-31,3,Algae_Sum,11.628221,10.4182205
2021-09-01,3,Algae_Sum,9.605492,10.310806
2021-09-02,3,Algae_Sum,8.241238,10.071032
2021-09-03,3,Algae_Sum,6.9375906,9.944984
2021-09-04,3,Algae_Sum,8.669407,9.663398
2021-09-05,3,Algae_Sum,9.813335,9.207109
2021-09-06,3,Algae_Sum,7.5314255,8.20356
2021-09-07,3,Algae_Sum,6.983845,9.549248
2021-09-08,3,Algae_Sum,7.1382346,9.791549
2021-09-09,3,Algae_Sum,13.072077,8.114251
2021-09-10,3,Algae_Sum,12.83738,7.7280498
2021-09-11,3,Algae_Sum,16.002106,7.83756
2021-09-12,3,Algae_Sum,17.835026,10.607073
2021-09-13,3,Algae_Sum,14.486676,10.041494
2021-09-14,3,Algae_Sum,13.53239,10.862753
2021-09-15,3,Algae_Sum,9.934142,10.854242
2021-09-16,3,Algae_Sum,8.631086,10.365614
2021-09-17,3,Algae_Sum,6.440637,10.169035
2021-09-18,3,Algae_Sum,5.292397,9.423915
2021-09-19,3,Algae_Sum,5.922165,8.988151
2021-09-20,3,Algae_Sum,5.691839,7.057993
2021-09-21,3,Algae_Sum,4.662006,6.1221023
2021-09-22,3,Algae_Sum,6.1574945,6.363396
2021-09-23,3,Algae_Sum,6.0256524,6.317544
2021-09-24,3,Algae_Sum,5.532701,5.145915
2021-09-25,3,Algae_Sum,5.1589136,6.6757746
2021-09-26,3,Algae_Sum,5.3309774,6.0260124
2021-09-27,3,Algae_Sum,5.418769,5.7225137
2021-09-28,3,Algae_Sum,5.2733235,5.526045
2021-09-29,3,Algae_Sum,5.532158,5.4095387
2021-09-30,3,Algae_Sum,6.4422374,5.389019
2021-10-01,3,Algae_Sum,5.0308905,5.536531
2021-10-02,3,Algae_Sum,4.317036,5.811873
2021-10-03,3,Algae_Sum,4.889657,6.2322426
2021-10-04,3,Algae_Sum,5.2936916,4.991999
2021-10-05,3,Algae_Sum,5.697726,4.614555
2021-10-06,3,Algae_Sum,6.1017604,5.6293526
2021-10-07,3,Algae_Sum,6.5057945,5.5758286
2021-10-08,3,Algae_Sum,6.909829,6.2901435
2021-10-09,3,Algae_Sum,7.3138633,6.4437447
2021-10-10,3,Algae_Sum,7.7178974,6.480621
2021-10-11,3,Algae_Sum,8.121932,7.1772566
2021-10-12,3,Algae_Sum,8.50928,6.66633
2021-10-13,3,Algae_Sum,7.9375234,6.8615394
2021-10-14,3,Algae_Sum,7.977364,7.222632
2021-10-15,3,Algae_Sum,15.226336,7.881005
2021-10-16,3,Algae_Sum,16.438095,7.434205
2021-10-17,3,Algae_Sum,8.294558,7.6323457
2021-10-18,3,Algae_Sum,7.752127,10.792177
2021-10-19,3,Algae_Sum,7.259913,10.139286
2021-10-20,3,Algae_Sum,6.6409698,7.7413287
2021-10-21,3,Algae_Sum,6.6670914,7.2749605
2021-10-22,3,Algae_Sum,5.925297,6.980866
2021-10-23,3,Algae_Sum,5.4903545,6.470291
2021-10-24,3,Algae_Sum,5.6178727,6.5502653
2021-10-25,3,Algae_Sum,5.6348443,5.902043
2021-10-26,3,Algae_Sum,6.6838927,5.5800548
2021-10-27,3,Algae_Sum,12.037207,5.8108573
2021-10-28,3,Algae_Sum,17.690195,5.67141
2021-10-29,3,Algae_Sum,18.624842,6.765686
2021-10-30,3,Algae_Sum,13.580152,10.724773
2021-10-31,3,Algae_Sum,11.194544,11.036248
2021-11-01,3,Algae_Sum,10.462178,11.113202
2021-11-02,3,Algae_Sum,12.232649,9.83184
2021-11-03,3,Algae_Sum,15.58694,9.537424
2021-11-04,3,Algae_Sum,10.781874,9.276198
2021-11-05,3,Algae_Sum,5.8879957,9.758177
2021-11-06,3,Algae_Sum,7.3089147,10.316869
2021-11-07,3,Algae_Sum,9.767589,9.57457
2021-11-08,3,Algae_Sum,10.094161,7.3223577
2021-11-09,3,Algae_Sum,8.241853,7.2366195
2021-11-10,3,Algae_Sum,8.87005,9.519446
2021-11-11,3,Algae_Sum,6.3899784,9.405213
2021-11-12,3,Algae_Sum,5.1606374,8.297549
2021-11-13,3,Algae_Sum,5.5793633,8.882575
2021-11-14,3,Algae_Sum,4.651657,6.598115
2021-11-15,3,Algae_Sum,4.554149,5.36137
2021-11-16,3,Algae_Sum,5.022404,5.4936433
2021-11-17,3,Algae_Sum,4.6273074,4.55486
2021-11-18,3,Algae_Sum,4.374101,4.4623594
2021-11-19,3,Algae_Sum,3.9367054,4.8528624
2021-11-20,3,Algae_Sum,4.143954,4.452785
2021-11-21,3,Algae_Sum,5.2425346,4.372315
2021-11-22,3,Algae_Sum,5.5534515,3.9231012
2021-11-23,3,Algae_Sum,3.9296818,4.088548
2021-11-24,3,Algae_Sum,3.9628437,5.363929
2021-11-25,3,Algae_Sum,3.9074223,5.0961123
2021-11-26,3,Algae_Sum,4.0430174,4.037597
2021-11-27,3,Algae_Sum,4.3520837,4.2893043
2021-11-28,3,Algae_Sum,4.666802,4.1364017
2021-11-29,3,Algae_Sum,5.4313397,4.3564267
2021-11-30,3,Algae_Sum,7.180413,4.5783486
2021-12-01,3,Algae_Sum,7.4161477,4.7642183
2021-12-02,3,Algae_Sum,7.2796235,5.915401
2021-12-03,3,Algae_Sum,6.8413396,7.3422365
2021-12-04,3,Algae_Sum,5.8279667,6.761667
2021-12-05,3,Algae_Sum,5.988748,6.7789707
2021-12-06,3,Algae_Sum,5.93862,6.7603
2021-12-07,3,Algae_Sum,5.536968,6.379568
2021-12-08,3,Algae_Sum,5.703489,6.3861213
2021-12-09,3,Algae_Sum,5.5692935,6.4435434
2021-12-10,3,Algae_Sum,5.7963386,5.9749527
2021-12-11,3,Algae_Sum,6.7919173,6.1341805
2021-12-12,3,Algae_Sum,6.347567,6.1277285
2021-12-13,3,Algae_Sum,7.157062,6.3306246
2021-12-14,3,Algae_Sum,7.675123,7.511331
2021-12-15,3,Algae_Sum,8.035453,6.4855905
2021-12-16,3,Algae_Sum,8.290507,7.540064
2021-12-17,3,Algae_Sum,7.857487,7.92037
2021-12-18,3,Algae_Sum,6.9587545,8.811568
2021-12-19,3,Algae_Sum,7.078501,8.830669
2021-12-20,3,Algae_Sum,6.386708,8.016635
2021-12-21,3,Algae_Sum,5.7970405,7.236104
2021-12-22,3,Algae_Sum,8.401563,7.2988696
2021-12-23,3,Algae_Sum,9.853842,6.5620055
2021-12-24,3,Algae_Sum,10.479891,6.514638
2021-12-25,3,Algae_Sum,6.79892,7.8743463
2021-12-26,3,Algae_Sum,6.1713023,9.239516
2021-12-27,3,Algae_Sum,5.868709,9.101312
2021-12-28,3,Algae_Sum,6.4871573,7.095838
2021-12-29,3,Algae_Sum,5.5026603,6.771322
2021-12-30,3,Algae_Sum,5.9895153,6.3672485
2021-12-31,3,Algae_Sum,5.2731185,6.8007383
2022-01-01,3,Algae_Sum,5.0462303,5.891531
2022-01-02,3,Algae_Sum,4.418698,6.514199
2022-01-03,3,Algae_Sum,5.029804,5.4877334
2022-01-04,3,Algae_Sum,6.5712094,5.331971
2022-01-05,3,Algae_Sum,13.401752,4.664687
2022-01-06,3,Algae_Sum,10.879635,5.040978
2022-01-07,3,Algae_Sum,9.090659,6.631045
2022-01-08,3,Algae_Sum,12.60774,10.860545
2022-01-09,3,Algae_Sum,9.901173,9.309856
2022-01-10,3,Algae_Sum,13.245796,8.876728
2022-01-11,3,Algae_Sum,15.001737,9.7705145
2022-01-12,3,Algae_Sum,7.81225,8.725659
2022-01-13,3,Algae_Sum,5.096939,9.672885
2022-01-14,3,Algae_Sum,3.6971543,9.802769
2022-01-15,3,Algae_Sum,4.363386,7.525579
2022-01-16,3,Algae_Sum,4.3458104,5.842973
2022-01-17,3,Algae_Sum,3.8066256,4.626411
2022-01-18,3,Algae_Sum,5.2714844,5.097541
2022-01-19,3,Algae_Sum,4.862216,5.264299
2022-01-20,3,Algae_Sum,5.010956,5.0187664
2022-01-21,3,Algae_Sum,6.06328,6.5481167
2022-01-22,3,Algae_Sum,7.378161,6.124877
2022-01-23,3,Algae_Sum,14.501929,6.558194
2022-01-24,3,Algae_Sum,14.932735,7.2968283
2022-01-25,3,Algae_Sum,15.1729,8.50123
2022-01-26,3,Algae_Sum,15.917808,10.724015
2022-01-27,3,Algae_Sum,18.156307,10.494154
2022-01-28,3,Algae_Sum,18.664135,10.723826
2022-01-29,3,Algae_Sum,16.769812,10.625035
2022-01-30,3,Algae_Sum,15.78383,10.801208
2022-01-31,3,Algae_Sum,10.025391,10.874833
2022-02-01,3,Algae_Sum,7.953441,10.516887
2022-02-02,3,Algae_Sum,8.797217,10.386544
2022-02-03,3,Algae_Sum,6.8645725,9.304693
2022-02-04,3,Algae_Sum,8.426436,8.756196
2022-02-05,3,Algae_Sum,8.039783,8.9844265
2022-02-06,3,Algae_Sum,6.147427,7.4478426
2022-02-07,3,Algae_Sum,6.8574467,8.856166
2022-02-08,3,Algae_Sum,8.257711,8.228996
2022-02-09,3,Algae_Sum,7.34981,7.3004847
2022-02-10,3,Algae_Sum,7.8486204,7.9610367
2022-02-11,3,Algae_Sum,6.7274346,8.673417
2022-02-12,3,Algae_Sum,8.533124,8.115248
2022-02-13,3,Algae_Sum,10.349507,8.043265
2022-02-14,3,Algae_Sum,8.167533,7.130432
2022-02-15,3,Algae_Sum,8.175829,9.045634
2022-02-16,3,Algae_Sum,8.894369,9.697037
2022-02-17,3,Algae_Sum,13.571143,8.392833
2022-02-18,3,Algae_Sum,14.202525,8.756985
2022-02-19,3,Algae_Sum,12.050333,9.164469
2022-02-20,3,Algae_Sum,7.611722,10.518905
2022-02-21,3,Algae_Sum,5.733845,10.354283
2022-02-22,3,Algae_Sum,5.1310353,10.006659
2022-02-23,3,Algae_Sum,5.166545,8.696084
2022-02-24,3,Algae_Sum,5.3882766,7.0051875
2022-02-25,3,Algae_Sum,5.3518543,6.181472
2022-02-26,3,Algae_Sum,5.315431,5.860713
2022-02-27,3,Algae_Sum,5.2790084,5.3168674
2022-02-28,3,Algae_Sum,4.8051047,5.028848
2022-03-01,3,Algae_Sum,5.7841735,5.1779013
2022-03-02,3,Algae_Sum,6.8599105,5.0310187
2022-03-03,3,Algae_Sum,10.313599,4.611153
2022-03-04,3,Algae_Sum,11.979428,5.337938
2022-03-05,3,Algae_Sum,16.470217,8.617038
2022-03-06,3,Algae_Sum,15.187589,10.297611
2022-03-07,3,Algae_Sum,16.333487,10.512635
2022-03-08,3,Algae_Sum,10.426647,10.942694
2022-03-09,3,Algae_Sum,8.779225,10.717402
2022-03-10,3,Algae_Sum,8.968824,10.777443
2022-03-11,3,Algae_Sum,14.514039,9.638573
2022-03-12,3,Algae_Sum,16.906658,9.142124
2022-03-13,3,Algae_Sum,21.538147,9.568702
2022-03-14,3,Algae_Sum,21.98083,10.886001
2022-03-15,3,Algae_Sum,22.423656,11.076881
2022-03-16,3,Algae_Sum,21.751425,11.626047
2022-03-17,3,Algae_Sum,21.234648,11.658523
2022-03-18,3,Algae_Sum,21.172113,11.621368
2022-03-19,3,Algae_Sum,21.231165,11.507288
2022-03-20,3,Algae_Sum,21.99963,11.288602
2022-03-21,3,Algae_Sum,15.387169,11.225557
2022-03-22,3,Algae_Sum,14.115964,11.130842
2022-03-23,3,Algae_Sum,9.32958,11.136384
2022-03-24,3,Algae_Sum,6.2985444,9.96206
2022-03-25,3,Algae_Sum,5.0341854,9.84008
2022-03-26,3,Algae_Sum,5.3350325,8.71485
2022-03-27,3,Algae_Sum,8.063283,7.198965
2022-03-28,3,Algae_Sum,8.366514,7.3765826
2022-03-29,3,Algae_Sum,7.6990595,6.892428
2022-03-30,3,Algae_Sum,5.9430585,7.3017645
2022-03-31,3,Algae_Sum,5.8530197,7.402843
2022-04-01,3,Algae_Sum,6.477286,6.3060436
2022-04-02,3,Algae_Sum,5.3576946,5.329932
2022-04-03,3,Algae_Sum,4.647618,5.282452
2022-04-04,3,Algae_Sum,4.4466186,6.7608495
2022-04-05,3,Algae_Sum,5.297857,5.247141
2022-04-06,3,Algae_Sum,5.3500943,5.2152276
2022-04-07,3,Algae_Sum,6.9239364,5.8246474
2022-04-08,3,Algae_Sum,9.900731,6.541171
2022-04-09,3,Algae_Sum,10.458249,6.435217
2022-04-10,3,Algae_Sum,10.405612,8.431101
2022-04-11,3,Algae_Sum,13.034501,10.094282
2022-04-12,3,Algae_Sum,14.912926,10.005429
2022-04-13,3,Algae_Sum,19.22307,10.048062
2022-04-14,3,Algae_Sum,22.115847,10.418479
2022-04-15,3,Algae_Sum,17.048006,10.806489
2022-04-16,3,Algae_Sum,15.873261,11.390973
2022-04-17,3,Algae_Sum,14.353713,11.730358
2022-04-18,3,Algae_Sum,14.21864,11.024959
2022-04-19,3,Algae_Sum,8.382399,10.526516
2022-04-20,3,Algae_Sum,8.115786,10.267347
2022-04-21,3,Algae_Sum,9.250902,10.3343
2022-04-22,3,Algae_Sum,11.966703,7.8861127
2022-04-23,3,Algae_Sum,18.829271,8.241321
2022-04-24,3,Algae_Sum,20.491673,8.393908
2022-04-25,3,Algae_Sum,20.124477,10.365303
2022-04-26,3,Algae_Sum,19.488195,11.248845
2022-04-27,3,Algae_Sum,20.577866,11.552005
2022-04-28,3,Algae_Sum,18.024887,11.40211
2022-04-29,3,Algae_Sum,13.731324,11.229211
2022-04-30,3,Algae_Sum,6.8076305,11.025287
2022-05-01,3,Algae_Sum,5.545913,10.86581
2022-05-02,3,Algae_Sum,4.527261,9.945004
2022-05-03,3,Algae_Sum,4.5768986,9.061005
2022-05-04,3,Algae_Sum,6.6484785,7.752125
2022-05-05,3,Algae_Sum,8.88971,6.236507
2022-05-06,3,Algae_Sum,16.515461,6.2755494
2022-05-07,3,Algae_Sum,18.791943,8.1573715
2022-05-08,3,Algae_Sum,16.122038,9.674893
2022-05-09,3,Algae_Sum,15.634297,11.230732
2022-05-10,3,Algae_Sum,8.94147,11.3625555
2022-05-11,3,Algae_Sum,6.6520653,10.749321
2022-05-12,3,Algae_Sum,6.4911146,10.394752
2022-05-13,3,Algae_Sum,7.851319,8.074706
2022-05-14,3,Algae_Sum,7.917522,7.109629
2022-05-15,3,Algae_Sum,7.553483,6.833842
2022-05-16,3,Algae_Sum,7.6247973,7.1472125
2022-05-17,3,Algae_Sum,6.0722594,6.4542675
2022-05-18,3,Algae_Sum,4.699108,6.46061
2022-05-19,3,Algae_Sum,4.987699,5.9281807
2022-05-20,3,Algae_Sum,7.1548514,5.422509
2022-05-21,3,Algae_Sum,14.222451,4.893651
2022-05-22,3,Algae_Sum,9.076565,4.722083
2022-05-23,3,Algae_Sum,8.515513,6.746585
2022-05-24,3,Algae_Sum,9.222708,10.741182
2022-05-25,3,Algae_Sum,5.8090363,7.935579
2022-05-26,3,Algae_Sum,5.7371354,8.427501
2022-05-27,3,Algae_Sum,5.815767,8.128611
2022-05-28,3,Algae_Sum,5.8063245,6.2072144
2022-05-29,3,Algae_Sum,5.8092227,6.148588
2022-05-30,3,Algae_Sum,7.214677,5.2086797
2022-05-31,3,Algae_Sum,8.897492,5.431224
2022-06-01,3,Algae_Sum,7.640295,5.193236
2022-06-02,3,Algae_Sum,6.4281363,6.569092
2022-06-03,3,Algae_Sum,8.640116,6.9927826
2022-06-04,3,Algae_Sum,10.549696,6.3750267
2022-06-05,3,Algae_Sum,8.642955,6.7025094
2022-06-06,3,Algae_Sum,7.183145,7.2422333
2022-06-07,3,Algae_Sum,6.3926644,8.357645
2022-06-08,3,Algae_Sum,4.962923,7.1646276
2022-06-09,3,Algae_Sum,6.037123,6.9215684
2022-06-10,3,Algae_Sum,6.2730803,6.6885777
2022-06-11,3,Algae_Sum,7.1472774,5.8768477
2022-06-12,3,Algae_Sum,7.695536,6.422994
2022-06-13,3,Algae_Sum,6.7818556,6.361582
2022-06-14,3,Algae_Sum,5.2812896,6.597578
2022-06-15,3,Algae_Sum,5.140157,6.6695447
2022-06-16,3,Algae_Sum,6.5858974,5.9078436
2022-06-17,3,Algae_Sum,4.191758,5.336734
2022-06-18,3,Algae_Sum,2.9360435,5.231143
2022-06-19,3,Algae_Sum,2.771842,5.943963
2022-06-20,3,Algae_Sum,2.4113758,4.318755
2022-06-21,3,Algae_Sum,2.56336,4.0811377
2022-06-22,3,Algae_Sum,3.3818176,4.036261
2022-06-23,3,Algae_Sum,5.1010637,3.7806795
2022-06-24,3,Algae_Sum,4.796023,4.0340295
2022-06-25,3,Algae_Sum,5.372781,4.32633
2022-06-26,3,Algae_Sum,5.9620204,5.4347563
2022-06-27,3,Algae_Sum,5.862962,4.7761083
2022-06-28,3,Algae_Sum,5.971693,5.8295794
2022-06-29,3,Algae_Sum,6.132315,6.2117324
2022-06-30,3,Algae_Sum,7.3189716,5.9983788
2022-07-01,3,Algae_Sum,6.916466,6.549397
2022-07-02,3,Algae_Sum,6.498979,6.5113845
2022-07-03,3,Algae_Sum,6.239819,7.7187114
2022-07-04,3,Algae_Sum,7.2657785,7.2837024
2022-07-05,3,Algae_Sum,6.5255394,7.4034815
2022-07-06,3,Algae_Sum,6.822724,6.9520993
2022-07-07,3,Algae_Sum,5.1665916,7.4010158
2022-07-08,3,Algae_Sum,4.4118934,6.496505
2022-07-09,3,Algae_Sum,4.431267,6.7532606
2022-07-10,3,Algae_Sum,6.2858663,5.603571
2022-07-11,3,Algae_Sum,8.517831,5.4794226
2022-07-12,3,Algae_Sum,9.017681,5.4091673
2022-07-13,3,Algae_Sum,9.129348,7.8991
2022-07-14,3,Algae_Sum,15.8303175,8.663845
2022-07-15,3,Algae_Sum,19.208462,9.140345
2022-07-16,3,Algae_Sum,15.775275,9.137628
2022-07-17,3,Algae_Sum,15.853436,10.645861
2022-07-18,3,Algae_Sum,12.067487,10.602191
2022-07-19,3,Algae_Sum,6.383169,10.078967
2022-07-20,3,Algae_Sum,5.8032584,9.8324
2022-07-21,3,Algae_Sum,4.7560263,9.408327
2022-07-22,3,Algae_Sum,4.1545377,7.2565074
2022-07-23,3,Algae_Sum,5.9838204,5.99431
2022-07-24,3,Algae_Sum,10.653443,5.222112
2022-07-25,3,Algae_Sum,4.821376,4.382567
2022-07-26,3,Algae_Sum,2.8720334,5.852123
2022-07-27,3,Algae_Sum,3.8140726,9.412882
2022-07-28,3,Algae_Sum,4.3796573,4.725138
2022-07-29,3,Algae_Sum,4.5798154,3.917879
2022-07-30,3,Algae_Sum,4.78831,5.0759997
2022-07-31,3,Algae_Sum,4.996805,4.6268353
2022-08-01,3,Algae_Sum,5.2053,5.8154736
2022-08-02,3,Algae_Sum,5.4137945,5.1433983
2022-08-03,3,Algae_Sum,5.6222897,5.7204328
2022-08-04,3,Algae_Sum,5.8307843,5.8955436
2022-08-05,3,Algae_Sum,6.039279,5.86837
2022-08-06,3,Algae_Sum,6.2477736,5.97542
2022-08-07,3,Algae_Sum,6.456269,5.6725554
2022-08-08,3,Algae_Sum,6.6647635,5.8781714
2022-08-09,3,Algae_Sum,6.873258,6.1895165
2022-08-10,3,Algae_Sum,7.0817533,6.2066026
2022-08-11,3,Algae_Sum,7.290248,6.2924166
2022-08-12,3,Algae_Sum,7.4987426,6.496958
2022-08-13,3,Algae_Sum,7.7072377,6.5302014
2022-08-14,3,Algae_Sum,7.9157324,6.5906787
2022-08-15,3,Algae_Sum,8.124228,6.6344733
2022-08-16,3,Algae_Sum,8.332722,7.369107
2022-08-17,3,Algae_Sum,8.541217,7.1151733
2022-08-18,3,Algae_Sum,8.749712,7.2210336
2022-08-19,3,Algae_Sum,8.958206,7.3681564
2022-08-20,3,Algae_Sum,9.166701,7.592081
2022-08-21,3,Algae_Sum,9.3751955,7.750692
2022-08-22,3,Algae_Sum,9.583691,7.9297466
2022-08-23,3,Algae_Sum,9.792186,7.9732575
2022-08-24,3,Algae_Sum,10.000681,7.9529614
2022-08-25,3,Algae_Sum,10.209175,8.465946
2022-08-26,3,Algae_Sum,10.41767,8.633165
2022-08-27,3,Algae_Sum,10.626164,8.783044
2022-08-28,3,Algae_Sum,10.83466,8.808978
2022-08-29,3,Algae_Sum,11.043155,8.86975
2022-08-30,3,Algae_Sum,11.25165,9.060843
2022-08-31,3,Algae_Sum,11.460144,9.3365
2022-09-01,3,Algae_Sum,11.668639,9.518135
2022-09-02,3,Algae_Sum,11.877133,9.69268
2022-09-03,3,Algae_Sum,12.0856285,9.738613
2022-09-04,3,Algae_Sum,12.294124,9.58558
2022-09-05,3,Algae_Sum,12.502618,9.739274
2022-09-06,3,Algae_Sum,12.711113,9.761172
2022-09-07,3,Algae_Sum,12.919608,9.790412
2022-09-08,3,Algae_Sum,13.128102,9.797474
2022-09-09,3,Algae_Sum,13.336597,9.970019
2022-09-10,3,Algae_Sum,13.209601,9.916564
2022-09-11,3,Algae_Sum,17.255486,9.956624
2022-09-12,3,Algae_Sum,15.933509,9.98278
2022-09-13,3,Algae_Sum,16.12013,10.095525
2022-09-14,3,Algae_Sum,17.192202,10.570537
2022-09-15,3,Algae_Sum,13.753511,10.29791
2022-09-16,3,Algae_Sum,9.633491,10.516251
2022-09-17,3,Algae_Sum,7.903886,10.629092
2022-09-18,3,Algae_Sum,12.780203,10.329856
2022-09-19,3,Algae_Sum,9.514808,9.562891
2022-09-20,3,Algae_Sum,4.9406815,9.276796
2022-09-21,3,Algae_Sum,4.6189213,10.239939
2022-09-22,3,Algae_Sum,4.2710423,9.165602
2022-09-23,3,Algae_Sum,4.478864,6.8046317
2022-09-24,3,Algae_Sum,5.996329,5.5734096
2022-09-25,3,Algae_Sum,4.585286,4.913828
2022-09-26,3,Algae_Sum,5.050558,4.6174974
2022-09-27,3,Algae_Sum,5.6589937,5.9572644
2022-09-28,3,Algae_Sum,11.683939,5.0277305
2022-09-29,3,Algae_Sum,13.702725,4.6736217
2022-09-30,3,Algae_Sum,15.484778,5.411439
2022-10-01,3,Algae_Sum,6.297031,10.089175
2022-10-02,3,Algae_Sum,7.5642824,9.063129
2022-10-03,3,Algae_Sum,9.665557,9.853803
2022-10-04,3,Algae_Sum,10.83576,6.0250006
2022-10-05,3,Algae_Sum,9.383369,5.9326487
2022-10-06,3,Algae_Sum,7.674667,7.585149
2022-10-07,3,Algae_Sum,5.521913,7.812802
2022-10-08,3,Algae_Sum,4.48,6.7756658
2022-10-09,3,Algae_Sum,6.8713117,6.290315
2022-10-10,3,Algae_Sum,7.1460843,4.8963113
2022-10-11,3,Algae_Sum,5.5755467,4.8373866
2022-10-12,3,Algae_Sum,5.4064493,6.5254264
2022-10-13,3,Algae_Sum,4.879971,5.89827
2022-10-14,3,Algae_Sum,5.674562,4.9441986
2022-10-15,3,Algae_Sum,5.4724946,4.9954123
2022-10-16,3,Algae_Sum,6.6296597,4.592382
2022-10-17,3,Algae_Sum,4.734026,5.3892407
2022-10-18,3,Algae_Sum,3.7210355,5.39463
2022-10-19,3,Algae_Sum,3.343157,6.5757904
2022-10-20,3,Algae_Sum,3.5028074,4.886755
2022-10-21,3,Algae_Sum,4.097507,4.2857127
2022-10-22,3,Algae_Sum,11.426301,4.0334992
2022-10-23,3,Algae_Sum,4.9245186,4.78996
2022-10-24,3,Algae_Sum,4.2404847,4.209607
2022-10-25,3,Algae_Sum,3.3743052,10.978315
2022-10-26,3,Algae_Sum,2.8005362,4.9060564
2022-10-27,3,Algae_Sum,2.8255353,4.899218
2022-10-28,3,Algae_Sum,2.950159,4.289971
2022-10-29,3,Algae_Sum,2.7133744,3.7498102
2022-10-30,3,Algae_Sum,2.9389436,3.8089929
2022-10-31,3,Algae_Sum,2.4377353,3.7420328
2022-11-01,3,Algae_Sum,2.1923506,3.5609949
2022-11-02,3,Algae_Sum,1.8659608,3.9778664
2022-11-03,3,Algae_Sum,2.044417,3.4681785
2022-11-04,3,Algae_Sum,1.951652,3.2764616
2022-11-05,3,Algae_Sum,1.9406873,3.0750294
2022-11-06,3,Algae_Sum,2.6145875,3.5144248
2022-11-07,3,Algae_Sum,2.4995143,3.2216225
2022-11-08,3,Algae_Sum,8.139935,3.1511357
2022-11-09,3,Algae_Sum,6.696094,3.3908527
2022-11-10,3,Algae_Sum,5.9856873,3.0536032
2022-11-11,3,Algae_Sum,10.509102,8.884265
2022-11-12,3,Algae_Sum,14.771124,4.7715964
2022-11-13,3,Algae_Sum,13.465587,5.1991544
2022-11-14,3,Algae_Sum,11.2327175,9.371779
2022-11-15,3,Algae_Sum,6.898669,10.103504
2022-11-16,3,Algae_Sum,3.4700289,9.540509
2022-11-17,3,Algae_Sum,2.8613904,8.510127
2022-11-18,3,Algae_Sum,2.724848,5.826097
2022-11-19,3,Algae_Sum,3.6304276,3.902121
2022-11-20,3,Algae_Sum,3.5502534,3.223325
2022-11-21,3,Algae_Sum,3.3286896,3.5690076
2022-11-22,3,Algae_Sum,3.6257422,3.822579
2022-11-23,3,Algae_Sum,4.5511847,3.43888
2022-11-24,3,Algae_Sum,3.9312737,3.6396775
2022-11-25,3,Algae_Sum,3.0423172,3.8122406
2022-11-26,3,Algae_Sum,4.31301,4.4647865
2022-11-27,3,Algae_Sum,4.874558,3.7920926
2022-11-28,3,Algae_Sum,4.187641,3.4857998
2022-11-29,3,Algae_Sum,3.062766,4.487978
2022-11-30,3,Algae_Sum,2.9655862,3.8810718
2022-12-01,3,Algae_Sum,3.046997,3.585795
2022-12-02,3,Algae_Sum,3.228129,3.126417
2022-12-03,3,Algae_Sum,2.7292252,3.012415
2022-12-04,3,Algae_Sum,2.5665748,2.965484
2022-12-05,3,Algae_Sum,3.8815446,2.9160411
2022-12-06,3,Algae_Sum,3.896229,2.6733534
2022-12-07,3,Algae_Sum,4.304931,2.5459445
2022-12-08,3,Algae_Sum,4.426543,2.8197436
2022-12-09,3,Algae_Sum,5.9125,2.6457365
2022-12-10,3,Algae_Sum,4.9952717,2.8886192
2022-12-11,3,Algae_Sum,2.0728965,2.9783285
2022-12-12,3,Algae_Sum,1.5719752,3.5032454
2022-12-13,3,Algae_Sum,1.6050326,3.0512867
2022-12-14,3,Algae_Sum,1.6425452,2.5032072
2022-12-15,3,Algae_Sum,1.637703,2.311892
2022-12-16,3,Algae_Sum,1.458595,2.2721121
2022-12-17,3,Algae_Sum,1.641593,2.2841022
2022-12-18,3,Algae_Sum,1.779102,2.2767081
2022-12-19,3,Algae_Sum,1.9784131,2.3826563
2022-12-20,3,Algae_Sum,1.5757059,2.2741706
2022-12-21,3,Algae_Sum,1.5353085,2.2467647
2022-12-22,3,Algae_Sum,1.6776015,2.2154884
2022-12-23,3,Algae_Sum,1.4795218,2.2358446
2022-12-24,3,Algae_Sum,1.5386024,2.295631
2022-12-25,3,Algae_Sum,1.6248226,2.3633287
2022-12-26,3,Algae_Sum,1.6183286,2.354433
2022-12-27,3,Algae_Sum,1.534175,2.3477366
2022-12-28,3,Algae_Sum,1.5190212,2.4007678
2022-12-29,3,Algae_Sum,1.7468524,2.4587286
2022-12-30,3,Algae_Sum,1.7356522,2.3989651
2022-12-31,3,Algae_Sum,1.9499927,2.4266942
2023-01-01,3,Algae_Sum,1.4759694,2.5145564
2023-01-02,3,Algae_Sum,1.7600508,2.5985332
2023-01-03,3,Algae_Sum,1.7206455,2.6730425
2023-01-04,3,Algae_Sum,8.896379,2.5932362
2023-01-05,3,Algae_Sum,13.096349,2.6487439
2023-01-06,3,Algae_Sum,16.414724,2.7449741
2023-01-07,3,Algae_Sum,17.399351,9.184081
2023-01-08,3,Algae_Sum,18.8251,10.453622
2023-01-09,3,Algae_Sum,18.063778,11.037237
2023-01-10,3,Algae_Sum,18.789335,11.147472
2023-01-11,3,Algae_Sum,20.129807,11.043072
2023-01-12,3,Algae_Sum,18.094204,10.747268
2023-01-13,3,Algae_Sum,18.975517,10.763372
2023-01-14,3,Algae_Sum,15.918459,10.765394
2023-01-15,3,Algae_Sum,9.626111,10.412456
2023-01-16,3,Algae_Sum,9.645517,10.610875
2023-01-17,3,Algae_Sum,9.760275,10.240282
2023-01-18,3,Algae_Sum,6.7348404,8.529456
2023-01-19,3,Algae_Sum,5.9381523,8.862019
2023-01-20,3,Algae_Sum,6.685257,9.116653
2023-01-21,3,Algae_Sum,8.214841,6.8969665
2023-01-22,3,Algae_Sum,15.05712,6.2507954
2023-01-23,3,Algae_Sum,14.977919,6.731545
2023-01-24,3,Algae_Sum,10.219479,8.289209
2023-01-25,3,Algae_Sum,9.971166,11.011494
2023-01-26,3,Algae_Sum,10.144937,10.781525
2023-01-27,3,Algae_Sum,10.277494,9.342473
2023-01-28,3,Algae_Sum,8.69824,9.110683
2023-01-29,3,Algae_Sum,7.9546914,8.968776
2023-01-30,3,Algae_Sum,6.960508,9.191232
2023-01-31,3,Algae_Sum,10.929585,7.6868296
2023-02-01,3,Algae_Sum,13.513338,7.369781
2023-02-02,3,Algae_Sum,18.162195,6.6842594
2023-02-03,3,Algae_Sum,12.830873,10.24242
2023-02-04,3,Algae_Sum,12.966491,10.40654
2023-02-05,3,Algae_Sum,14.719497,11.1405735
2023-02-06,3,Algae_Sum,15.242263,9.9829
2023-02-07,3,Algae_Sum,19.88965,10.205866
2023-02-08,3,Algae_Sum,17.176598,10.372653
2023-02-09,3,Algae_Sum,14.831988,10.420555
2023-02-10,3,Algae_Sum,8.908835,11.002988
2023-02-11,3,Algae_Sum,10.425544,10.644716
2023-02-12,3,Algae_Sum,8.21172,10.127567
2023-02-13,3,Algae_Sum,6.722426,7.7122397
2023-02-14,3,Algae_Sum,8.79247,7.720793
2023-02-15,3,Algae_Sum,6.31114,6.3868027
2023-02-16,3,Algae_Sum,5.3742704,5.547981
2023-02-17,3,Algae_Sum,5.505119,6.9129
2023-02-18,3,Algae_Sum,6.857666,5.181521
2023-02-19,3,Algae_Sum,6.3102674,4.714526
2023-02-20,3,Algae_Sum,6.2405734,4.9841857
2023-02-21,3,Algae_Sum,4.75634,5.8515844
2023-02-22,3,Algae_Sum,3.9756105,5.3057036
2023-02-23,3,Algae_Sum,6.117677,5.2627625
2023-02-24,3,Algae_Sum,5.387982,4.164606
2023-02-25,3,Algae_Sum,4.2622905,3.6655464
2023-02-26,3,Algae_Sum,4.313567,5.04326
2023-02-27,3,Algae_Sum,5.0228467,3.9915302
2023-02-28,3,Algae_Sum,7.901806,3.705165
2023-03-01,3,Algae_Sum,6.708374,3.6555042
2023-03-02,3,Algae_Sum,4.613053,4.134663
2023-03-03,3,Algae_Sum,3.809062,6.470419
2023-03-04,3,Algae_Sum,3.8859296,4.668607
2023-03-05,3,Algae_Sum,3.6423934,4.078108
2023-03-06,3,Algae_Sum,3.4349272,3.7968256
2023-03-07,3,Algae_Sum,4.2332244,3.8089972
2023-03-08,3,Algae_Sum,3.8600123,3.6289787
2023-03-09,3,Algae_Sum,3.5998406,3.5761752
2023-03-10,3,Algae_Sum,3.3379147,3.9817946
2023-03-11,3,Algae_Sum,3.1682763,3.6467113
2023-03-12,3,Algae_Sum,3.2787595,3.7177546
2023-03-13,3,Algae_Sum,2.8369768,3.7087464
2023-03-14,3,Algae_Sum,2.7873752,3.7121158
2023-03-15,3,Algae_Sum,2.737223,3.6824336
2023-03-16,3,Algae_Sum,2.6558657,4.345985
2023-03-17,3,Algae_Sum,3.477784,3.8171306
2023-03-18,3,Algae_Sum,3.699724,3.6174839
2023-03-19,3,Algae_Sum,3.1224542,3.520486
2023-03-20,3,Algae_Sum,3.0024664,3.5848205
2023-03-21,3,Algae_Sum,2.6945102,3.618207
2023-03-22,3,Algae_Sum,2.9688792,3.3621337
2023-03-23,3,Algae_Sum,5.275051,3.5450528
2023-03-24,3,Algae_Sum,6.6684475,3.284561
2023-03-25,3,Algae_Sum,6.619895,3.6357949
2023-03-26,3,Algae_Sum,8.220745,5.2069354
2023-03-27,3,Algae_Sum,8.499983,5.428774
2023-03-28,3,Algae_Sum,7.3574233,4.431128
2023-03-29,3,Algae_Sum,6.047715,5.560648
2023-03-30,3,Algae_Sum,5.453628,5.0900774
2023-03-31,3,Algae_Sum,4.8178,4.4311976
2023-04-01,3,Algae_Sum,3.9566126,4.4547324
2023-04-02,3,Algae_Sum,3.6214437,3.9107482
2023-04-03,3,Algae_Sum,3.6822062,3.7674167
2023-04-04,3,Algae_Sum,3.4739294,3.67665
2023-04-05,3,Algae_Sum,4.791823,3.5769246
2023-04-06,3,Algae_Sum,6.664732,3.5351
2023-04-07,3,Algae_Sum,6.9721932,3.7330754
2023-04-08,3,Algae_Sum,7.7121773,4.635325
2023-04-09,3,Algae_Sum,6.841786,5.5382967
2023-04-10,3,Algae_Sum,6.226974,5.191982
2023-04-11,3,Algae_Sum,4.9300995,6.548994
2023-04-12,3,Algae_Sum,3.9539886,5.1528144
2023-04-13,3,Algae_Sum,3.7511232,5.1539397
2023-04-14,3,Algae_Sum,3.948584,4.105543
2023-04-15,3,Algae_Sum,5.2400723,3.7063434
2023-04-16,3,Algae_Sum,5.50955,3.585083
2023-04-17,3,Algae_Sum,8.75176,4.739865
2023-04-18,3,Algae_Sum,8.948177,5.211257
2023-04-19,3,Algae_Sum,7.163602,4.590185
2023-04-20,3,Algae_Sum,5.6216245,8.246451
2023-04-21,3,Algae_Sum,5.2019124,6.3352365
2023-04-22,3,Algae_Sum,4.634543,5.7131796
2023-04-23,3,Algae_Sum,4.701191,4.8470125
2023-04-24,3,Algae_Sum,4.874914,4.7052546
2023-04-25,3,Algae_Sum,5.603553,4.3204064
2023-04-26,3,Algae_Sum,4.2804728,4.4275465
2023-04-27,3,Algae_Sum,3.6347766,3.910315
2023-04-28,3,Algae_Sum,6.5385237,5.014907
2023-04-29,3,Algae_Sum,14.271435,4.161073
2023-04-30,3,Algae_Sum,12.956777,4.1532693
2023-05-01,3,Algae_Sum,7.4970665,6.8691435
2023-05-02,3,Algae_Sum,11.292253,10.672492
2023-05-03,3,Algae_Sum,9.83611,8.991559
2023-05-04,3,Algae_Sum,11.773096,7.003596
2023-05-05,3,Algae_Sum,14.601667,10.069899
2023-05-06,3,Algae_Sum,12.448055,9.053098
2023-05-07,3,Algae_Sum,6.291126,10.267839
2023-05-08,3,Algae_Sum,5.0117936,10.743264
2023-05-09,3,Algae_Sum,5.804376,10.325325
2023-05-10,3,Algae_Sum,6.3043756,7.1444626
2023-05-11,3,Algae_Sum,7.088902,5.584204
2023-05-12,3,Algae_Sum,7.7510343,5.24023
2023-05-13,3,Algae_Sum,8.704016,5.159366
2023-05-14,3,Algae_Sum,6.7547026,5.1168385
2023-05-15,3,Algae_Sum,5.222729,5.8922505
2023-05-16,3,Algae_Sum,4.4986825,5.9812145
2023-05-17,3,Algae_Sum,4.0229225,4.8096185
2023-05-18,3,Algae_Sum,4.6135154,4.3396873
2023-05-19,3,Algae_Sum,3.9889245,4.3612585
2023-05-20,3,Algae_Sum,3.652485,3.8691669
2023-05-21,3,Algae_Sum,3.7265778,4.7556806
2023-05-22,3,Algae_Sum,3.2291937,3.9983196
2023-05-23,3,Algae_Sum,3.8584538,4.5027566
2023-05-24,3,Algae_Sum,4.446563,4.693279
2023-05-25,3,Algae_Sum,4.0857143,3.8144863
2023-05-26,3,Algae_Sum,4.0087175,4.3758955
2023-05-27,3,Algae_Sum,4.828029,4.2679877
2023-05-28,3,Algae_Sum,6.1320353,4.1770926
2023-05-29,3,Algae_Sum,7.9067554,4.3035617
2023-05-30,3,Algae_Sum,8.271934,4.833946
2023-05-31,3,Algae_Sum,12.0165825,6.479979
2023-06-01,3,Algae_Sum,13.20095,7.2120137
2023-06-02,3,Algae_Sum,9.427839,7.1747847
2023-06-03,3,Algae_Sum,10.580038,10.162664
2023-06-04,3,Algae_Sum,8.459904,9.322059
2023-06-05,3,Algae_Sum,5.495514,7.77732
2023-06-06,3,Algae_Sum,8.329729,8.005581
2023-06-07,3,Algae_Sum,10.058122,7.0153446
2023-06-08,3,Algae_Sum,8.31265,5.8116956
2023-06-09,3,Algae_Sum,6.1535554,7.7116323
2023-06-10,3,Algae_Sum,4.5677657,8.268589
2023-06-11,3,Algae_Sum,4.7996216,7.1318464
2023-06-12,3,Algae_Sum,5.6931252,6.23535
2023-06-13,3,Algae_Sum,6.915264,4.9939466
2023-06-14,3,Algae_Sum,7.855021,4.900977
2023-06-15,3,Algae_Sum,6.4189825,5.101312
2023-06-16,3,Algae_Sum,4.1020656,5.3264065
2023-06-17,3,Algae_Sum,4.350381,5.890409
2023-06-18,3,Algae_Sum,4.93138,4.7779207
2023-06-19,3,Algae_Sum,3.957721,4.0925665
2023-06-20,3,Algae_Sum,5.3548512,4.5789275
2023-06-21,3,Algae_Sum,9.287184,5.516363
2023-06-22,3,Algae_Sum,10.645128,4.6693788
2023-06-23,3,Algae_Sum,11.645772,6.424156
2023-06-24,3,Algae_Sum,11.620409,9.619664
2023-06-25,3,Algae_Sum,11.008908,9.470069
2023-06-26,3,Algae_Sum,12.472473,9.823572
2023-06-27,3,Algae_Sum,13.612487,9.652646
2023-06-28,3,Algae_Sum,14.570873,9.204666
2023-06-29,3,Algae_Sum,16.603083,9.571996
2023-06-30,3,Algae_Sum,16.828627,9.590871
2023-07-01,3,Algae_Sum,11.07205,10.214574
2023-07-02,3,Algae_Sum,10.102373,10.568271
2023-07-03,3,Algae_Sum,11.606199,10.643119
2023-07-04,3,Algae_Sum,17.047934,9.573974
2023-07-05,3,Algae_Sum,19.302849,9.6712675
2023-07-06,3,Algae_Sum,18.339706,10.0290365
2023-07-07,3,Algae_Sum,18.408247,10.9440155
2023-07-08,3,Algae_Sum,17.667715,11.241106
2023-07-09,3,Algae_Sum,19.730883,11.223597
2023-07-10,3,Algae_Sum,18.000517,11.214552
2023-07-11,3,Algae_Sum,13.325165,11.115191
2023-07-12,3,Algae_Sum,9.572903,11.3115425
2023-07-13,3,Algae_Sum,8.623045,10.934123
2023-07-14,3,Algae_Sum,6.3744617,9.96659
2023-07-15,3,Algae_Sum,5.2136755,9.347725
2023-07-16,3,Algae_Sum,4.364538,9.062449
2023-07-17,3,Algae_Sum,4.507408,7.5124598
2023-07-18,3,Algae_Sum,4.186809,6.534203
2023-07-19,3,Algae_Sum,4.201817,5.9115734
2023-07-20,3,Algae_Sum,5.7306867,6.1346326
2023-07-21,3,Algae_Sum,12.8116,5.4267473
2023-07-22,3,Algae_Sum,19.579756,5.447366
2023-07-23,3,Algae_Sum,18.616846,7.1517057
2023-07-24,3,Algae_Sum,21.267357,10.812244
2023-07-25,3,Algae_Sum,22.591825,11.041108
2023-07-26,3,Algae_Sum,19.576962,11.237169
2023-07-27,3,Algae_Sum,12.689302,11.334861
2023-07-28,3,Algae_Sum,7.021845,11.195083
2023-07-29,3,Algae_Sum,6.46789,10.7326
2023-07-30,3,Algae_Sum,8.131341,9.759388
2023-07-31,3,Algae_Sum,10.473058,7.6660457
2023-08-01,3,Algae_Sum,9.347293,7.2400846
2023-08-02,3,Algae_Sum,10.365169,9.558188
2023-08-03,3,Algae_Sum,13.959923,9.995963
2023-08-04,3,Algae_Sum,13.29757,9.780618
2023-08-05,3,Algae_Sum,19.390783,10.378458
2023-08-06,3,Algae_Sum,20.012756,10.969216
2023-08-07,3,Algae_Sum,21.812866,10.732242
2023-08-08,3,Algae_Sum,21.698616,11.54275
2023-08-09,3,Algae_Sum,15.952563,11.53167
2023-08-10,3,Algae_Sum,12.506755,11.484766
2023-08-11,3,Algae_Sum,9.76769,11.32478
2023-08-12,3,Algae_Sum,8.628945,10.739083
2023-08-13,3,Algae_Sum,10.753833,9.811882
2023-08-14,3,Algae_Sum,18.312202,9.598439
2023-08-15,3,Algae_Sum,15.357068,8.995343
2023-08-16,3,Algae_Sum,14.4903345,10.168443
2023-08-17,3,Algae_Sum,6.1450768,11.064132
2023-08-18,3,Algae_Sum,6.9899535,10.710386
2023-08-19,3,Algae_Sum,7.427206,10.19051
2023-08-20,3,Algae_Sum,5.591925,6.870112
2023-08-21,3,Algae_Sum,5.112237,6.4788747
2023-08-22,3,Algae_Sum,4.8117847,6.597468
2023-08-23,3,Algae_Sum,4.9052696,5.2680616
2023-08-24,3,Algae_Sum,4.682758,4.918683
2023-08-25,3,Algae_Sum,4.229706,4.657583
2023-08-26,3,Algae_Sum,5.2838764,5.0586424
2023-08-27,3,Algae_Sum,5.1225586,4.4321737
2023-08-28,3,Algae_Sum,5.457451,5.150775
2023-08-29,3,Algae_Sum,9.769335,5.071408
2023-08-30,3,Algae_Sum,6.403431,5.7627435
2023-08-31,3,Algae_Sum,9.14163,5.2200856
2023-09-01,3,Algae_Sum,7.098849,8.219467
2023-09-02,3,Algae_Sum,6.8927407,5.105173
2023-09-03,3,Algae_Sum,6.0940366,8.181566
2023-09-04,3,Algae_Sum,5.8949885,5.5101156
2023-09-05,3,Algae_Sum,8.714047,6.2984314
2023-09-06,3,Algae_Sum,10.118848,5.3443046
2023-09-07,3,Algae_Sum,9.202477,5.5773325
2023-09-08,3,Algae_Sum,9.017773,6.9166784
2023-09-09,3,Algae_Sum,5.850143,7.6341906
2023-09-10,3,Algae_Sum,4.832357,6.5458255
2023-09-11,3,Algae_Sum,4.02745,6.4505095
2023-09-12,3,Algae_Sum,3.6709762,4.888947
2023-09-13,3,Algae_Sum,4.0373435,5.114821
2023-09-14,3,Algae_Sum,5.0195746,4.8585067
2023-09-15,3,Algae_Sum,6.2175045,5.091832
2023-09-16,3,Algae_Sum,5.396928,4.913665
2023-09-17,3,Algae_Sum,4.511211,5.5389543
2023-09-18,3,Algae_Sum,5.9401107,6.61434
2023-09-19,3,Algae_Sum,7.256015,5.2935038
2023-09-20,3,Algae_Sum,9.687739,5.4132195
2023-09-21,3,Algae_Sum,11.152798,6.4216924
2023-09-22,3,Algae_Sum,9.092755,6.9214225
2023-09-23,3,Algae_Sum,9.462845,9.571475
2023-09-24,3,Algae_Sum,9.13481,9.406156
2023-09-25,3,Algae_Sum,6.733803,8.530132
2023-09-26,3,Algae_Sum,9.3901205,8.945104
2023-09-27,3,Algae_Sum,8.797401,8.193971
2023-09-28,3,Algae_Sum,8.627417,6.678674
2023-09-29,3,Algae_Sum,8.13903,9.094699
2023-09-30,3,Algae_Sum,8.805059,7.5294356
2023-10-01,3,Algae_Sum,8.873955,7.825743
2023-10-02,3,Algae_Sum,5.967786,7.2671685
2023-10-03,3,Algae_Sum,7.2735186,7.5840516
2023-10-04,3,Algae_Sum,7.5096498,7.5198393
2023-10-05,3,Algae_Sum,5.9595027,5.7991133
2023-10-06,3,Algae_Sum,4.3613086,6.9019637
2023-10-07,3,Algae_Sum,3.5716507,6.7655554
2023-10-08,3,Algae_Sum,3.528187,5.4101768
2023-10-09,3,Algae_Sum,3.9179816,4.5191913
2023-10-10,3,Algae_Sum,4.670383,4.094229
2023-10-11,3,Algae_Sum,4.3853636,3.9986546
2023-10-12,3,Algae_Sum,3.630321,4.228342
2023-10-13,3,Algae_Sum,6.1506977,4.838251
2023-10-14,3,Algae_Sum,10.862733,4.472189
2023-10-15,3,Algae_Sum,12.212149,4.4758477
2023-10-16,3,Algae_Sum,6.1697555,6.571948
2023-10-17,3,Algae_Sum,5.6503882,9.566152
2023-10-18,3,Algae_Sum,8.3702,9.006251
2023-10-19,3,Algae_Sum,7.988243,6.023201
2023-10-20,3,Algae_Sum,8.712761,5.5257144
2023-10-21,3,Algae_Sum,6.09467,7.6278005
2023-10-22,3,Algae_Sum,7.1581044,6.1546917
2023-10-23,3,Algae_Sum,5.96391,6.9996133
2023-10-24,3,Algae_Sum,8.6742325,5.1703253
2023-10-25,3,Algae_Sum,13.544966,6.0969744
2023-10-26,3,Algae_Sum,10.631577,5.280005
2023-10-27,3,Algae_Sum,10.541737,7.7342877
2023-10-28,3,Algae_Sum,5.8347054,9.518547
2023-10-29,3,Algae_Sum,5.825745,7.3091464
2023-10-30,3,Algae_Sum,5.56857,7.6075177
2023-10-31,3,Algae_Sum,6.985122,5.287332
2023-11-01,3,Algae_Sum,8.041882,5.2181525
2023-11-02,3,Algae_Sum,6.7011433,5.2357492
2023-11-03,3,Algae_Sum,8.279078,5.853228
2023-11-04,3,Algae_Sum,5.83744,6.6281586
2023-11-05,3,Algae_Sum,8.754188,5.253117
2023-11-06,3,Algae_Sum,10.229152,6.771321
2023-11-07,3,Algae_Sum,7.655938,4.9530125
2023-11-08,3,Algae_Sum,4.2260113,7.295832
2023-11-09,3,Algae_Sum,4.6493325,7.473867
2023-11-10,3,Algae_Sum,5.1353493,5.911605
2023-11-11,3,Algae_Sum,3.610392,4.254398
2023-11-12,3,Algae_Sum,3.563171,4.599246
2023-11-13,3,Algae_Sum,2.9885213,4.649877
2023-11-14,3,Algae_Sum,3.5244007,3.8408875
2023-11-15,3,Algae_Sum,3.460855,4.0269084
2023-11-16,3,Algae_Sum,3.3802412,3.4468384
2023-11-17,3,Algae_Sum,3.2781708,3.99538
2023-11-18,3,Algae_Sum,3.6207902,3.7079072
2023-11-19,3,Algae_Sum,2.9817839,3.4872253
2023-11-20,3,Algae_Sum,3.663706,3.4434075
2023-11-21,3,Algae_Sum,3.2461529,4.0935965
2023-11-22,3,Algae_Sum,4.652809,3.3558402
2023-11-23,3,Algae_Sum,11.062335,3.985984
2023-11-24,3,Algae_Sum,7.191083,3.4374754
2023-11-25,3,Algae_Sum,4.861382,4.1126714
2023-11-26,3,Algae_Sum,3.3599403,10.241903
2023-11-27,3,Algae_Sum,3.5830445,5.1101007
2023-11-28,3,Algae_Sum,5.812014,4.89352
2023-11-29,3,Algae_Sum,5.0685453,3.9504063
2023-11-30,3,Algae_Sum,13.4719305,4.0503135
2023-12-01,3,Algae_Sum,7.98614,5.4167104
2023-12-02,3,Algae_Sum,5.869619,4.6137257
2023-12-03,3,Algae_Sum,6.3705707,10.9730625
2023-12-04,3,Algae_Sum,5.155445,5.706686
2023-12-05,3,Algae_Sum,8.696334,5.573715
2023-12-06,3,Algae_Sum,9.385786,5.796819
2023-12-07,3,Algae_Sum,6.3892965,4.7211857
2023-12-08,3,Algae_Sum,4.352298,8.083646
2023-12-09,3,Algae_Sum,6.964291,6.730756
2023-12-10,3,Algae_Sum,5.7171173,5.500749
2023-12-11,3,Algae_Sum,9.130519,4.5189533
2023-12-12,3,Algae_Sum,12.658916,6.8043013
2023-12-13,3,Algae_Sum,11.153771,5.1377597
2023-12-14,3,Algae_Sum,11.911017,9.308042
2023-12-15,3,Algae_Sum,12.863973,9.969665
2023-12-16,3,Algae_Sum,9.227918,8.629776
2023-12-17,3,Algae_Sum,5.000855,9.00503
2023-12-18,3,Algae_Sum,5.0440235,8.717949
2023-12-19,3,Algae_Sum,7.2128468,6.820281
2023-12-20,3,Algae_Sum,5.3524604,4.6790333
2023-12-21,3,Algae_Sum,4.4162736,4.2757616
2023-12-22,3,Algae_Sum,5.4673543,6.237955
2023-12-23,3,Algae_Sum,5.3069916,4.295722
2023-12-24,3,Algae_Sum,5.0713725,4.268787
2023-12-25,3,Algae_Sum,6.1313434,5.0872235
2023-12-26,3,Algae_Sum,12.130165,4.6382008
2023-12-27,3,Algae_Sum,14.239751,4.7053437
2023-12-28,3,Algae_Sum,12.578621,5.35737
2023-12-29,3,Algae_Sum,8.37809,10.027308
