date,horizon,target,true_value,pred_value
2020-10-28,1,Diatoms,1.6328437,1.6910394
2020-10-29,1,Diatoms,2.244111,2.0748305
2020-10-30,1,Diatoms,2.375431,2.709942
2020-10-31,1,Diatoms,2.506751,2.9383755
2020-11-01,1,Diatoms,3.0380814,2.1929655
2020-11-02,1,Diatoms,2.8482478,2.774379
2020-11-03,1,Diatoms,2.2271326,2.7101686
2020-11-04,1,Diatoms,2.085131,2.0130656
2020-11-05,1,Diatoms,2.0708182,1.9344532
2020-11-06,1,Diatoms,1.713693,1.7685285
2020-11-07,1,Diatoms,2.1728096,1.9726434
2020-11-08,1,Diatoms,1.2744782,2.7323399
2020-11-09,1,Diatoms,1.0231327,1.2472813
2020-11-10,1,Diatoms,0.7810465,1.0669847
2020-11-11,1,Diatoms,0.89373004,0.91618866
2020-11-12,1,Diatoms,1.3485912,1.062932
2020-11-13,1,Diatoms,1.0144191,1.3673115
2020-11-14,1,Diatoms,0.7676627,1.2359898
2020-11-15,1,Diatoms,1.5220684,1.1087147
2020-11-16,1,Diatoms,1.7528968,1.4953052
2020-11-17,1,Diatoms,2.7005594,2.096105
2020-11-18,1,Diatoms,3.551749,2.6453166
2020-11-19,1,Diatoms,3.5550296,2.8900564
2020-11-20,1,Diatoms,3.5583103,3.2880492
2020-11-21,1,Diatoms,3.561591,2.9862163
2020-11-22,1,Diatoms,3.5648715,2.951706
2020-11-23,1,Diatoms,3.5681524,3.2246802
2020-11-24,1,Diatoms,2.877584,2.7433918
2020-11-25,1,Diatoms,2.570984,2.42441
2020-11-26,1,Diatoms,2.99432,2.36446
2020-11-27,1,Diatoms,2.3000507,3.3335738
2020-11-28,1,Diatoms,1.9902606,2.2525659
2020-11-29,1,Diatoms,2.121932,1.933772
2020-11-30,1,Diatoms,1.2250868,2.0215843
2020-12-01,1,Diatoms,0.79758143,1.0879071
2020-12-02,1,Diatoms,0.55146164,0.9088781
2020-12-03,1,Diatoms,0.69141823,0.76120543
2020-12-04,1,Diatoms,0.4592113,0.67509496
2020-12-05,1,Diatoms,0.6877279,0.489809
2020-12-06,1,Diatoms,0.72069466,0.53375834
2020-12-07,1,Diatoms,0.6629616,0.5402327
2020-12-08,1,Diatoms,0.32433745,0.5998385
2020-12-09,1,Diatoms,0.891803,0.41096437
2020-12-10,1,Diatoms,1.0413541,0.84334666
2020-12-11,1,Diatoms,0.50121653,0.8615225
2020-12-12,1,Diatoms,0.45125997,0.51618797
2020-12-13,1,Diatoms,1.5000796,0.72546446
2020-12-14,1,Diatoms,0.68109983,1.906565
2020-12-15,1,Diatoms,1.1050941,0.5572959
2020-12-16,1,Diatoms,1.0165268,0.843206
2020-12-17,1,Diatoms,0.82747287,0.8408905
2020-12-18,1,Diatoms,0.79755604,0.8016289
2020-12-19,1,Diatoms,0.92849493,0.78920925
2020-12-20,1,Diatoms,0.91774964,0.9830982
2020-12-21,1,Diatoms,1.0702823,1.0854418
2020-12-22,1,Diatoms,1.129609,1.1669344
2020-12-23,1,Diatoms,1.5725508,1.2358803
2020-12-24,1,Diatoms,1.0803404,1.8397607
2020-12-25,1,Diatoms,1.1264446,1.430389
2020-12-26,1,Diatoms,1.3128096,1.3992192
2020-12-27,1,Diatoms,1.272882,1.5772839
2020-12-28,1,Diatoms,3.3631935,1.7194742
2020-12-29,1,Diatoms,3.1568608,3.3247015
2020-12-30,1,Diatoms,2.9505284,3.3223631
2020-12-31,1,Diatoms,3.1884804,2.7219176
2021-01-01,1,Diatoms,1.9716499,2.5811076
2021-01-02,1,Diatoms,1.4403403,1.5583799
2021-01-03,1,Diatoms,1.1570333,0.98561287
2021-01-04,1,Diatoms,0.9809848,0.80562377
2021-01-05,1,Diatoms,0.84870386,0.6583642
2021-01-06,1,Diatoms,0.7281101,0.54200804
2021-01-07,1,Diatoms,0.2832947,0.52766615
2021-01-08,1,Diatoms,0.31892332,0.3513608
2021-01-09,1,Diatoms,0.18934155,0.17881362
2021-01-10,1,Diatoms,0.38280752,0.10239541
2021-01-11,1,Diatoms,0.20098482,0.13173546
2021-01-12,1,Diatoms,0.08154123,0.10814611
2021-01-13,1,Diatoms,0.30706948,0.12105721
2021-01-14,1,Diatoms,0.6084967,0.21872415
2021-01-15,1,Diatoms,0.8928965,0.4020424
2021-01-16,1,Diatoms,0.62818974,0.6220279
2021-01-17,1,Diatoms,0.10378436,0.6486342
2021-01-18,1,Diatoms,0.0969537,0.40405616
2021-01-19,1,Diatoms,0.4372576,0.42400208
2021-01-20,1,Diatoms,1.0428437,0.7297309
2021-01-21,1,Diatoms,2.229479,1.8593818
2021-01-22,1,Diatoms,2.2929904,2.8785572
2021-01-23,1,Diatoms,2.4667873,2.9805684
2021-01-24,1,Diatoms,2.4707308,3.3696153
2021-01-25,1,Diatoms,2.4139535,2.6426542
2021-01-26,1,Diatoms,2.5623229,2.9765568
2021-01-27,1,Diatoms,2.6734154,2.8199236
2021-01-28,1,Diatoms,2.784508,3.0740044
2021-01-29,1,Diatoms,1.4483068,2.5005043
2021-01-30,1,Diatoms,1.1406006,1.8300126
2021-01-31,1,Diatoms,1.6360753,1.7004054
2021-02-01,1,Diatoms,2.0243301,1.9124548
2021-02-02,1,Diatoms,1.9407675,2.2424114
2021-02-03,1,Diatoms,1.9504924,1.983514
2021-02-04,1,Diatoms,1.640601,1.7483474
2021-02-05,1,Diatoms,1.878074,1.6946018
2021-02-06,1,Diatoms,1.893273,1.8497657
2021-02-07,1,Diatoms,1.6942288,1.7541082
2021-02-08,1,Diatoms,2.2493556,1.6201334
2021-02-09,1,Diatoms,1.7770494,1.788611
2021-02-10,1,Diatoms,0.68595654,1.6502165
2021-02-11,1,Diatoms,0.9005503,1.0409927
2021-02-12,1,Diatoms,1.81,0.912258
2021-02-13,1,Diatoms,2.2021346,1.2796135
2021-02-14,1,Diatoms,2.594269,1.9915977
2021-02-15,1,Diatoms,2.9864037,1.9568229
2021-02-16,1,Diatoms,2.702113,1.9010024
2021-02-17,1,Diatoms,2.0566425,1.7499734
2021-02-18,1,Diatoms,1.8688567,1.4412097
2021-02-19,1,Diatoms,1.7543334,1.1213286
2021-02-20,1,Diatoms,0.9000724,1.0770481
2021-02-21,1,Diatoms,0.7629161,0.6374782
2021-02-22,1,Diatoms,0.6538233,0.5392481
2021-02-23,1,Diatoms,0.2735771,0.40000576
2021-02-24,1,Diatoms,0.29733527,0.20767105
2021-02-25,1,Diatoms,0.122311585,0.13500926
2021-02-26,1,Diatoms,0.111385085,0.07762856
2021-02-27,1,Diatoms,0.23341587,0.046044946
2021-02-28,1,Diatoms,0.3779776,0.03649611
2021-03-01,1,Diatoms,0.26025468,0.07224984
2021-03-02,1,Diatoms,0.5074762,0.036739703
2021-03-03,1,Diatoms,0.5803401,0.10860739
2021-03-04,1,Diatoms,0.4486614,0.24731012
2021-03-05,1,Diatoms,0.29125902,0.21312244
2021-03-06,1,Diatoms,0.09789437,0.13947597
2021-03-07,1,Diatoms,0.10636036,0.059796184
2021-03-08,1,Diatoms,0.42757422,0.07339561
2021-03-09,1,Diatoms,0.41371924,0.3044051
2021-03-10,1,Diatoms,0.97834295,0.46968222
2021-03-11,1,Diatoms,1.090767,1.0493474
2021-03-12,1,Diatoms,1.6602533,1.6443211
2021-03-13,1,Diatoms,2.7790158,2.6179078
2021-03-14,1,Diatoms,1.716657,3.5949008
2021-03-15,1,Diatoms,2.1587698,1.7973465
2021-03-16,1,Diatoms,1.5231838,2.1131127
2021-03-17,1,Diatoms,0.7664399,1.6029367
2021-03-18,1,Diatoms,0.9175977,0.9724249
2021-03-19,1,Diatoms,0.9093126,1.1488279
2021-03-20,1,Diatoms,0.82787263,0.9650371
2021-03-21,1,Diatoms,0.6657453,0.9097317
2021-03-22,1,Diatoms,0.7944718,0.69789886
2021-03-23,1,Diatoms,0.56832004,0.6824383
2021-03-24,1,Diatoms,0.48747098,0.56408733
2021-03-25,1,Diatoms,0.60059506,0.57078004
2021-03-26,1,Diatoms,0.71678,0.6582737
2021-03-27,1,Diatoms,0.9423606,0.8471557
2021-03-28,1,Diatoms,1.3365387,1.2374098
2021-03-29,1,Diatoms,3.3529541,1.9509473
2021-03-30,1,Diatoms,3.1136181,3.5237281
2021-03-31,1,Diatoms,2.874282,3.664271
2021-04-01,1,Diatoms,2.6349456,3.2484555
2021-04-02,1,Diatoms,1.4991021,2.536323
2021-04-03,1,Diatoms,1.4968718,1.6622261
2021-04-04,1,Diatoms,1.2935481,1.6702759
2021-04-05,1,Diatoms,0.9018379,1.3594456
2021-04-06,1,Diatoms,0.85719246,1.0440774
2021-04-07,1,Diatoms,1.0202751,1.0697349
2021-04-08,1,Diatoms,1.0912663,1.2465305
2021-04-09,1,Diatoms,1.2612445,1.1191214
2021-04-10,1,Diatoms,1.278191,1.3307074
2021-04-11,1,Diatoms,1.2684226,1.4179434
2021-04-12,1,Diatoms,0.7582549,1.6184261
2021-04-13,1,Diatoms,1.1454453,1.8911705
2021-04-14,1,Diatoms,2.0011659,2.1389036
2021-04-15,1,Diatoms,1.1257857,2.394504
2021-04-16,1,Diatoms,0.57763094,1.7484258
2021-04-17,1,Diatoms,0.7711369,1.3003234
2021-04-18,1,Diatoms,2.797393,1.7225462
2021-04-19,1,Diatoms,2.7909703,2.6014588
2021-04-20,1,Diatoms,2.257118,2.574066
2021-04-21,1,Diatoms,1.574142,2.3601716
2021-04-22,1,Diatoms,1.2624112,2.1112242
2021-04-23,1,Diatoms,2.9326358,2.238964
2021-04-24,1,Diatoms,2.0435264,3.3655229
2021-04-25,1,Diatoms,3.5338886,2.7122824
2021-04-26,1,Diatoms,3.7416282,3.6014433
2021-04-27,1,Diatoms,3.7256298,3.0315375
2021-04-28,1,Diatoms,2.3611505,2.6523654
2021-04-29,1,Diatoms,1.3832923,1.8014222
2021-04-30,1,Diatoms,0.93366134,1.1373389
2021-05-01,1,Diatoms,0.55839366,1.039019
2021-05-02,1,Diatoms,1.066165,1.3576759
2021-05-03,1,Diatoms,2.7655473,1.847395
2021-05-04,1,Diatoms,2.1014047,2.9428723
2021-05-05,1,Diatoms,1.7055371,1.7978643
2021-05-06,1,Diatoms,1.1249028,1.7794445
2021-05-07,1,Diatoms,1.056713,1.655087
2021-05-08,1,Diatoms,0.9630414,1.5498886
2021-05-09,1,Diatoms,1.7809696,1.7971575
2021-05-10,1,Diatoms,0.9654414,2.7248552
2021-05-11,1,Diatoms,1.2358177,1.98677
2021-05-12,1,Diatoms,3.711635,2.5019705
2021-05-13,1,Diatoms,3.3949533,3.7100751
2021-05-14,1,Diatoms,3.0782707,3.5756698
2021-05-15,1,Diatoms,2.789964,2.8186145
2021-05-16,1,Diatoms,2.2519102,2.4676692
2021-05-17,1,Diatoms,1.8629305,2.1039948
2021-05-18,1,Diatoms,2.183372,2.0034597
2021-05-19,1,Diatoms,2.1150978,2.2826614
2021-05-20,1,Diatoms,1.7254342,1.9661314
2021-05-21,1,Diatoms,1.5535529,1.8999264
2021-05-22,1,Diatoms,1.9609051,1.7896268
2021-05-23,1,Diatoms,2.031506,2.242305
2021-05-24,1,Diatoms,2.072858,2.0877533
2021-05-25,1,Diatoms,2.2005935,2.4876323
2021-05-26,1,Diatoms,1.9350218,2.1100712
2021-05-27,1,Diatoms,1.0838495,2.0721788
2021-05-28,1,Diatoms,1.3800538,1.9885893
2021-05-29,1,Diatoms,3.183799,2.163291
2021-05-30,1,Diatoms,2.7268162,2.7576997
2021-05-31,1,Diatoms,1.4334034,2.2589786
2021-06-01,1,Diatoms,1.6658363,1.5912948
2021-06-02,1,Diatoms,1.4438957,1.581484
2021-06-03,1,Diatoms,1.0112599,1.4280299
2021-06-04,1,Diatoms,1.4206372,1.2491956
2021-06-05,1,Diatoms,1.228291,1.5797907
2021-06-06,1,Diatoms,1.7269298,1.451249
2021-06-07,1,Diatoms,1.7005137,1.7559512
2021-06-08,1,Diatoms,2.6476555,1.8918113
2021-06-09,1,Diatoms,2.045398,2.60876
2021-06-10,1,Diatoms,1.8383286,1.968835
2021-06-11,1,Diatoms,1.9921997,2.0475519
2021-06-12,1,Diatoms,2.0134249,2.2474258
2021-06-13,1,Diatoms,1.6290804,2.592647
2021-06-14,1,Diatoms,3.1700435,2.4827273
2021-06-15,1,Diatoms,3.3024917,2.9937353
2021-06-16,1,Diatoms,3.4349394,3.5320513
2021-06-17,1,Diatoms,3.5673878,3.870847
2021-06-18,1,Diatoms,3.699836,3.8437178
2021-06-19,1,Diatoms,3.8322835,3.5859249
2021-06-20,1,Diatoms,3.964732,3.4346156
2021-06-21,1,Diatoms,2.9807816,3.4539528
2021-06-22,1,Diatoms,1.9287239,2.81284
2021-06-23,1,Diatoms,1.7428799,2.145252
2021-06-24,1,Diatoms,1.6203545,1.8300413
2021-06-25,1,Diatoms,1.6847974,1.4689058
2021-06-26,1,Diatoms,1.3992257,1.5671268
2021-06-27,1,Diatoms,0.4449783,1.3250408
2021-06-28,1,Diatoms,0.6800145,1.1869793
2021-06-29,1,Diatoms,1.0097902,1.3086665
2021-06-30,1,Diatoms,1.7874533,1.6205214
2021-07-01,1,Diatoms,1.6671201,1.9701096
2021-07-02,1,Diatoms,2.0350435,2.1460912
2021-07-03,1,Diatoms,2.1230752,2.4450183
2021-07-04,1,Diatoms,2.6323733,2.7136545
2021-07-05,1,Diatoms,3.4875107,2.503585
2021-07-06,1,Diatoms,3.787234,3.067149
2021-07-07,1,Diatoms,3.39538,2.9724462
2021-07-08,1,Diatoms,2.5858839,2.8102608
2021-07-09,1,Diatoms,1.502587,2.7663155
2021-07-10,1,Diatoms,1.4255829,1.6361966
2021-07-11,1,Diatoms,1.7508472,1.7276794
2021-07-12,1,Diatoms,1.8505718,1.9021919
2021-07-13,1,Diatoms,1.9810565,2.0571551
2021-07-14,1,Diatoms,1.2432224,2.007858
2021-07-15,1,Diatoms,1.0958611,1.91263
2021-07-16,1,Diatoms,1.8101519,1.6601173
2021-07-17,1,Diatoms,1.3462229,2.044124
2021-07-18,1,Diatoms,1.037178,1.8739765
2021-07-19,1,Diatoms,1.2159377,1.3361889
2021-07-20,1,Diatoms,1.6290152,1.4659266
2021-07-21,1,Diatoms,1.2851557,1.6042991
2021-07-22,1,Diatoms,1.1834251,1.2402326
2021-07-23,1,Diatoms,1.1390948,1.4914749
2021-07-24,1,Diatoms,3.5395947,2.1522243
2021-07-25,1,Diatoms,2.8445039,3.1725295
2021-07-26,1,Diatoms,2.449595,2.772661
2021-07-27,1,Diatoms,1.6523589,2.3404891
2021-07-28,1,Diatoms,1.1892546,1.8001379
2021-07-29,1,Diatoms,1.4342402,1.3564776
2021-07-30,1,Diatoms,2.093664,1.7627082
2021-07-31,1,Diatoms,1.7546382,2.0569177
2021-08-01,1,Diatoms,1.878647,2.112686
2021-08-02,1,Diatoms,1.6647502,2.135037
2021-08-03,1,Diatoms,1.9846995,2.0362735
2021-08-04,1,Diatoms,1.5800145,2.041814
2021-08-05,1,Diatoms,1.7049167,1.6359899
2021-08-06,1,Diatoms,1.9504126,1.3962533
2021-08-07,1,Diatoms,1.6051414,1.3353368
2021-08-08,1,Diatoms,1.2363642,1.2192394
2021-08-09,1,Diatoms,1.4518682,1.1662737
2021-08-10,1,Diatoms,1.1323589,1.3237699
2021-08-11,1,Diatoms,1.3369826,1.1204399
2021-08-12,1,Diatoms,1.7825832,1.2840725
2021-08-13,1,Diatoms,1.5437394,1.7693046
2021-08-14,1,Diatoms,1.2472893,1.5148813
2021-08-15,1,Diatoms,1.7801247,1.7932745
2021-08-16,1,Diatoms,2.076942,2.1835108
2021-08-17,1,Diatoms,2.3432388,1.9169456
2021-08-18,1,Diatoms,0.89847255,1.8766527
2021-08-19,1,Diatoms,0.07596541,1.3004757
2021-08-20,1,Diatoms,0.40249383,0.59239876
2021-08-21,1,Diatoms,0.8349361,0.6607895
2021-08-22,1,Diatoms,0.25167596,0.71728504
2021-08-23,1,Diatoms,0.27531648,0.63582796
2021-08-24,1,Diatoms,0.63730323,0.56098455
2021-08-25,1,Diatoms,0.6758798,0.7007364
2021-08-26,1,Diatoms,0.8884359,0.8154989
2021-08-27,1,Diatoms,1.1485218,0.8959625
2021-08-28,1,Diatoms,1.5655612,1.0594301
2021-08-29,1,Diatoms,1.4311731,1.3118045
2021-08-30,1,Diatoms,1.4924402,1.3578618
2021-08-31,1,Diatoms,1.661136,1.3373969
2021-09-01,1,Diatoms,1.5644573,1.696119
2021-09-02,1,Diatoms,1.5042185,1.5512642
2021-09-03,1,Diatoms,1.3365774,1.3543137
2021-09-04,1,Diatoms,1.3967222,1.2006217
2021-09-05,1,Diatoms,1.4928075,1.4568558
2021-09-06,1,Diatoms,1.3566715,1.5123508
2021-09-07,1,Diatoms,1.2968574,1.2063586
2021-09-08,1,Diatoms,1.142301,1.2008048
2021-09-09,1,Diatoms,1.7800651,1.16056
2021-09-10,1,Diatoms,1.6764327,1.7716994
2021-09-11,1,Diatoms,1.0366064,1.503041
2021-09-12,1,Diatoms,1.1923878,1.3779056
2021-09-13,1,Diatoms,1.3866836,1.4865685
2021-09-14,1,Diatoms,1.4921072,1.4891658
2021-09-15,1,Diatoms,1.5616583,1.5144036
2021-09-16,1,Diatoms,1.3013107,1.3418385
2021-09-17,1,Diatoms,1.0375091,1.2093005
2021-09-18,1,Diatoms,0.8898914,0.9735456
2021-09-19,1,Diatoms,1.0559305,0.93772215
2021-09-20,1,Diatoms,0.92435914,1.0956515
2021-09-21,1,Diatoms,0.7065894,1.005387
2021-09-22,1,Diatoms,0.8529471,0.7226069
2021-09-23,1,Diatoms,0.8713406,0.81392664
2021-09-24,1,Diatoms,0.75830555,0.79370195
2021-09-25,1,Diatoms,0.64507604,0.65599066
2021-09-26,1,Diatoms,0.56325126,0.56737316
2021-09-27,1,Diatoms,0.5061839,0.49405816
2021-09-28,1,Diatoms,0.44725558,0.4909203
2021-09-29,1,Diatoms,0.46624187,0.4321765
2021-09-30,1,Diatoms,0.47655323,0.43845645
2021-10-01,1,Diatoms,0.48111513,0.46906483
2021-10-02,1,Diatoms,0.5479639,0.50678205
2021-10-03,1,Diatoms,0.57537013,0.5029653
2021-10-04,1,Diatoms,0.6069845,0.5293549
2021-10-05,1,Diatoms,0.6385989,0.4912141
2021-10-06,1,Diatoms,0.67021334,0.44613296
2021-10-07,1,Diatoms,0.7018277,0.4575677
2021-10-08,1,Diatoms,0.7334421,0.51332575
2021-10-09,1,Diatoms,0.76505655,0.6368292
2021-10-10,1,Diatoms,0.796671,0.6620465
2021-10-11,1,Diatoms,0.82828534,0.62961614
2021-10-12,1,Diatoms,0.89406615,0.7402314
2021-10-13,1,Diatoms,0.68187547,0.775089
2021-10-14,1,Diatoms,0.68567705,0.6412137
2021-10-15,1,Diatoms,0.39866763,0.6716371
2021-10-16,1,Diatoms,0.69015205,0.65662485
2021-10-17,1,Diatoms,1.0050942,0.8126998
2021-10-18,1,Diatoms,0.83579594,0.69863224
2021-10-19,1,Diatoms,0.79785097,0.68238395
2021-10-20,1,Diatoms,0.7915702,0.691257
2021-10-21,1,Diatoms,0.66277134,0.7562379
2021-10-22,1,Diatoms,0.8927352,0.7753183
2021-10-23,1,Diatoms,0.8913893,0.85632306
2021-10-24,1,Diatoms,1.0786686,0.89860654
2021-10-25,1,Diatoms,1.084113,1.0015717
2021-10-26,1,Diatoms,1.3010275,1.1353085
2021-10-27,1,Diatoms,1.9733285,1.4562522
2021-10-28,1,Diatoms,2.4602606,2.504333
2021-10-29,1,Diatoms,2.9471924,3.0317688
2021-10-30,1,Diatoms,3.4341245,2.9034257
2021-10-31,1,Diatoms,2.537547,2.4934828
2021-11-01,1,Diatoms,2.7887626,2.222624
2021-11-02,1,Diatoms,2.4122794,2.334274
2021-11-03,1,Diatoms,2.988835,2.5134716
2021-11-04,1,Diatoms,2.222851,2.8842018
2021-11-05,1,Diatoms,1.5125543,2.064784
2021-11-06,1,Diatoms,1.3082923,1.2400466
2021-11-07,1,Diatoms,1.3879508,1.5022999
2021-11-08,1,Diatoms,2.011172,1.788109
2021-11-09,1,Diatoms,1.544508,1.9351819
2021-11-10,1,Diatoms,1.2806373,1.5817549
2021-11-11,1,Diatoms,1.221353,1.578951
2021-11-12,1,Diatoms,0.9996886,1.2211902
2021-11-13,1,Diatoms,1.166809,1.0236474
2021-11-14,1,Diatoms,0.9016932,1.2090228
2021-11-15,1,Diatoms,0.82410574,0.9209301
2021-11-16,1,Diatoms,0.9349819,0.8966755
2021-11-17,1,Diatoms,0.94172025,1.0085658
2021-11-18,1,Diatoms,0.92100614,1.0129879
2021-11-19,1,Diatoms,0.8363867,0.9748869
2021-11-20,1,Diatoms,0.9385735,0.82306314
2021-11-21,1,Diatoms,1.2261478,0.95489085
2021-11-22,1,Diatoms,1.0900145,1.3672806
2021-11-23,1,Diatoms,0.8594718,1.2333589
2021-11-24,1,Diatoms,0.8197829,0.8233029
2021-11-25,1,Diatoms,0.8982766,0.8851467
2021-11-26,1,Diatoms,0.93438494,0.89031947
2021-11-27,1,Diatoms,1.194602,0.9354476
2021-11-28,1,Diatoms,1.164385,1.1177123
2021-11-29,1,Diatoms,1.408407,1.1650194
2021-11-30,1,Diatoms,1.8194569,1.5187778
2021-12-01,1,Diatoms,2.0956626,1.92619
2021-12-02,1,Diatoms,1.9123534,1.7892305
2021-12-03,1,Diatoms,1.8349311,1.7104303
2021-12-04,1,Diatoms,1.4541534,1.7734783
2021-12-05,1,Diatoms,1.6142619,1.4673576
2021-12-06,1,Diatoms,1.6233261,1.5756022
2021-12-07,1,Diatoms,1.421165,1.6258715
2021-12-08,1,Diatoms,1.4636773,1.4667944
2021-12-09,1,Diatoms,1.4945264,1.5250053
2021-12-10,1,Diatoms,1.54445,1.539686
2021-12-11,1,Diatoms,1.5230969,1.554415
2021-12-12,1,Diatoms,1.6827589,1.8300906
2021-12-13,1,Diatoms,1.7116281,1.6495987
2021-12-14,1,Diatoms,1.9158539,1.9392159
2021-12-15,1,Diatoms,2.0881534,2.164137
2021-12-16,1,Diatoms,2.3040404,2.3407032
2021-12-17,1,Diatoms,1.8070529,2.3437483
2021-12-18,1,Diatoms,1.6679001,1.8222731
2021-12-19,1,Diatoms,2.2340477,1.702168
2021-12-20,1,Diatoms,2.1134007,1.979203
2021-12-21,1,Diatoms,1.8318379,1.7518306
2021-12-22,1,Diatoms,1.6743126,1.7067856
2021-12-23,1,Diatoms,2.6385167,1.7609935
2021-12-24,1,Diatoms,2.2485156,2.5445282
2021-12-25,1,Diatoms,1.8585145,2.192046
2021-12-26,1,Diatoms,1.891042,1.690366
2021-12-27,1,Diatoms,1.4258013,1.6088165
2021-12-28,1,Diatoms,1.448659,1.4139479
2021-12-29,1,Diatoms,1.2661808,1.5111556
2021-12-30,1,Diatoms,1.6195441,1.2626685
2021-12-31,1,Diatoms,1.2491754,1.516623
2022-01-01,1,Diatoms,1.1136975,1.2392138
2022-01-02,1,Diatoms,0.998314,1.2552146
2022-01-03,1,Diatoms,1.1921651,1.1102333
2022-01-04,1,Diatoms,1.7091818,1.3162943
2022-01-05,1,Diatoms,3.6088486,1.8548217
2022-01-06,1,Diatoms,3.1050832,3.2610722
2022-01-07,1,Diatoms,2.601318,2.9522984
2022-01-08,1,Diatoms,3.0840986,2.3294587
2022-01-09,1,Diatoms,2.192433,2.8639598
2022-01-10,1,Diatoms,1.8787844,2.2009356
2022-01-11,1,Diatoms,2.3994572,2.0383952
2022-01-12,1,Diatoms,1.2720188,2.1067963
2022-01-13,1,Diatoms,1.0562301,1.1993549
2022-01-14,1,Diatoms,0.9689428,0.9520123
2022-01-15,1,Diatoms,0.7713965,0.8055284
2022-01-16,1,Diatoms,0.7500796,0.88784933
2022-01-17,1,Diatoms,0.88829833,0.9051051
2022-01-18,1,Diatoms,0.82818246,0.91140646
2022-01-19,1,Diatoms,0.77960896,1.1177062
2022-01-20,1,Diatoms,0.81703836,1.0875956
2022-01-21,1,Diatoms,0.77738595,1.1670977
2022-01-22,1,Diatoms,1.0765026,1.28073
2022-01-23,1,Diatoms,1.4015352,1.5255959
2022-01-24,1,Diatoms,2.5588784,2.0262594
2022-01-25,1,Diatoms,3.0085673,2.4163435
2022-01-26,1,Diatoms,2.7863743,2.777971
2022-01-27,1,Diatoms,1.4635597,2.7380278
2022-01-28,1,Diatoms,2.8025064,2.0323389
2022-01-29,1,Diatoms,1.1110301,2.7236395
2022-01-30,1,Diatoms,1.3425798,1.5577868
2022-01-31,1,Diatoms,1.4695957,1.6995735
2022-02-01,1,Diatoms,1.4192059,1.5137925
2022-02-02,1,Diatoms,0.7558678,1.3936657
2022-02-03,1,Diatoms,1.2968768,1.1213542
2022-02-04,1,Diatoms,2.18072,1.187227
2022-02-05,1,Diatoms,1.774446,1.7487147
2022-02-06,1,Diatoms,1.6449122,1.6711512
2022-02-07,1,Diatoms,1.4180886,1.4273877
2022-02-08,1,Diatoms,2.0166342,1.5555334
2022-02-09,1,Diatoms,1.566981,1.8407643
2022-02-10,1,Diatoms,1.6986585,1.6878859
2022-02-11,1,Diatoms,1.348436,1.6196935
2022-02-12,1,Diatoms,1.4852914,1.4318188
2022-02-13,1,Diatoms,1.1732615,1.817501
2022-02-14,1,Diatoms,0.8223747,1.6998669
2022-02-15,1,Diatoms,0.9416731,1.2283773
2022-02-16,1,Diatoms,0.8257638,1.3015629
2022-02-17,1,Diatoms,2.2344718,1.2592256
2022-02-18,1,Diatoms,2.3571997,2.162527
2022-02-19,1,Diatoms,2.4799278,2.2845392
2022-02-20,1,Diatoms,1.8584225,2.4447925
2022-02-21,1,Diatoms,1.3062419,1.5538617
2022-02-22,1,Diatoms,1.1708182,1.2604939
2022-02-23,1,Diatoms,1.2594694,1.1573427
2022-02-24,1,Diatoms,1.2043629,1.1584357
2022-02-25,1,Diatoms,1.1634104,1.1408745
2022-02-26,1,Diatoms,1.1224579,1.1281149
2022-02-27,1,Diatoms,1.0815053,1.191402
2022-02-28,1,Diatoms,1.0194421,1.135665
2022-03-01,1,Diatoms,1.0779487,1.0387287
2022-03-02,1,Diatoms,1.3165268,1.2099668
2022-03-03,1,Diatoms,2.2054887,1.8897718
2022-03-04,1,Diatoms,2.7340302,2.5880415
2022-03-05,1,Diatoms,4.0151806,2.9396446
2022-03-06,1,Diatoms,3.2142246,3.5952706
2022-03-07,1,Diatoms,2.413268,3.4407501
2022-03-08,1,Diatoms,1.1411803,2.918379
2022-03-09,1,Diatoms,0.93422884,1.5974619
2022-03-10,1,Diatoms,0.7968505,1.5910017
2022-03-11,1,Diatoms,1.9635824,2.034603
2022-03-12,1,Diatoms,3.8723621,3.67213
2022-03-13,1,Diatoms,3.7886758,4.1045737
2022-03-14,1,Diatoms,3.7049897,4.2504945
2022-03-15,1,Diatoms,3.6213036,4.1708837
2022-03-16,1,Diatoms,3.5376167,4.166468
2022-03-17,1,Diatoms,3.4539306,4.019125
2022-03-18,1,Diatoms,3.3702443,3.917919
2022-03-19,1,Diatoms,3.286558,3.8464265
2022-03-20,1,Diatoms,3.8933792,3.6268377
2022-03-21,1,Diatoms,3.6404781,3.6572552
2022-03-22,1,Diatoms,2.820116,2.8127353
2022-03-23,1,Diatoms,1.9487193,2.3395302
2022-03-24,1,Diatoms,1.2148008,1.5064114
2022-03-25,1,Diatoms,0.802643,1.024342
2022-03-26,1,Diatoms,0.9294931,0.8659073
2022-03-27,1,Diatoms,1.1773057,0.796176
2022-03-28,1,Diatoms,1.2790086,0.8416428
2022-03-29,1,Diatoms,0.85883504,1.0927873
2022-03-30,1,Diatoms,0.7176298,0.6845792
2022-03-31,1,Diatoms,0.7616727,0.6391446
2022-04-01,1,Diatoms,0.97343975,0.7108723
2022-04-02,1,Diatoms,0.60815275,0.8806881
2022-04-03,1,Diatoms,0.5334395,0.5379384
2022-04-04,1,Diatoms,0.59590155,0.51785994
2022-04-05,1,Diatoms,0.6571332,0.60294014
2022-04-06,1,Diatoms,0.7156345,0.74748194
2022-04-07,1,Diatoms,0.74620116,0.71377397
2022-04-08,1,Diatoms,0.95508325,0.9461392
2022-04-09,1,Diatoms,1.3922431,1.3407975
2022-04-10,1,Diatoms,1.1859667,1.7630864
2022-04-11,1,Diatoms,1.46389,1.6708491
2022-04-12,1,Diatoms,1.5720646,1.9857893
2022-04-13,1,Diatoms,2.5351775,2.6330988
2022-04-14,1,Diatoms,3.772026,3.2131023
2022-04-15,1,Diatoms,2.910514,3.810659
2022-04-16,1,Diatoms,2.0152194,2.9066432
2022-04-17,1,Diatoms,1.1619052,2.1189942
2022-04-18,1,Diatoms,0.07279764,1.2892089
2022-04-19,1,Diatoms,0.86195654,0.56546557
2022-04-20,1,Diatoms,0.60821867,0.7755341
2022-04-21,1,Diatoms,0.63115996,0.8102334
2022-04-22,1,Diatoms,0.9451232,0.8594818
2022-04-23,1,Diatoms,3.9995506,1.4289161
2022-04-24,1,Diatoms,1.921622,3.328414
2022-04-25,1,Diatoms,2.3708055,2.624631
2022-04-26,1,Diatoms,2.9904463,2.5995197
2022-04-27,1,Diatoms,3.6100872,2.6068454
2022-04-28,1,Diatoms,2.1844156,2.7743647
2022-04-29,1,Diatoms,1.9158579,2.0876892
2022-04-30,1,Diatoms,1.5144131,1.5815673
2022-05-01,1,Diatoms,1.066942,1.122275
2022-05-02,1,Diatoms,0.9111449,0.8560793
2022-05-03,1,Diatoms,0.7083406,0.73389846
2022-05-04,1,Diatoms,0.7547319,0.77593833
2022-05-05,1,Diatoms,1.0172391,1.1419204
2022-05-06,1,Diatoms,2.4381146,1.4131929
2022-05-07,1,Diatoms,3.9056737,2.6615245
2022-05-08,1,Diatoms,3.2241905,3.3026445
2022-05-09,1,Diatoms,2.5427072,2.6956685
2022-05-10,1,Diatoms,1.8612238,1.9323921
2022-05-11,1,Diatoms,1.4573841,1.170691
2022-05-12,1,Diatoms,1.2311223,1.0708785
2022-05-13,1,Diatoms,1.3280072,1.0177959
2022-05-14,1,Diatoms,1.0765942,0.89145523
2022-05-15,1,Diatoms,0.78812456,0.74328643
2022-05-16,1,Diatoms,0.68083215,0.5985482
2022-05-17,1,Diatoms,0.70321506,0.49914584
2022-05-18,1,Diatoms,0.6518202,0.5545727
2022-05-19,1,Diatoms,0.7445803,0.52561706
2022-05-20,1,Diatoms,1.0043664,0.51203144
2022-05-21,1,Diatoms,0.6750544,0.8570014
2022-05-22,1,Diatoms,1.1354203,0.9992513
2022-05-23,1,Diatoms,1.1735673,0.9446398
2022-05-24,1,Diatoms,1.1492542,0.85910386
2022-05-25,1,Diatoms,1.212029,0.98323286
2022-05-26,1,Diatoms,0.94941264,0.8032029
2022-05-27,1,Diatoms,1.0213025,0.7163349
2022-05-28,1,Diatoms,0.78524256,0.5988278
2022-05-29,1,Diatoms,0.26985496,0.5720298
2022-05-30,1,Diatoms,0.67634517,0.33300757
2022-05-31,1,Diatoms,0.9414565,0.4994907
2022-06-01,1,Diatoms,0.94965315,0.59081227
2022-06-02,1,Diatoms,0.61305296,0.5730328
2022-06-03,1,Diatoms,1.0904568,0.42607892
2022-06-04,1,Diatoms,1.3537029,0.55578583
2022-06-05,1,Diatoms,1.0299783,0.65385956
2022-06-06,1,Diatoms,0.5943043,0.5812067
2022-06-07,1,Diatoms,0.4943406,0.434334
2022-06-08,1,Diatoms,0.04067393,0.3249402
2022-06-09,1,Diatoms,0.07032608,0.08932802
2022-06-10,1,Diatoms,0.16366135,0.095604815
2022-06-11,1,Diatoms,0.18317887,0.09884608
2022-06-12,1,Diatoms,0.6201881,0.11161513
2022-06-13,1,Diatoms,0.32491675,0.2463717
2022-06-14,1,Diatoms,0.0875361,0.17241326
2022-06-15,1,Diatoms,0.00999999,0.041744165
2022-06-16,1,Diatoms,0.070499286,0.011209077
2022-06-17,1,Diatoms,0.31225038,0.081224486
2022-06-18,1,Diatoms,0.2925797,0.17041746
2022-06-19,1,Diatoms,0.31209573,0.21783699
2022-06-20,1,Diatoms,0.18069513,0.27715182
2022-06-21,1,Diatoms,0.2057929,0.25478196
2022-06-22,1,Diatoms,0.41216508,0.31483787
2022-06-23,1,Diatoms,0.12479742,0.39401525
2022-06-24,1,Diatoms,0.16134341,0.1477937
2022-06-25,1,Diatoms,0.5027806,0.25419146
2022-06-26,1,Diatoms,0.67503256,0.6399386
2022-06-27,1,Diatoms,0.65611875,0.5957373
2022-06-28,1,Diatoms,0.6393343,0.5926499
2022-06-29,1,Diatoms,0.77931786,0.6641826
2022-06-30,1,Diatoms,0.70635045,0.6064615
2022-07-01,1,Diatoms,0.6432875,0.66693234
2022-07-02,1,Diatoms,0.84127444,0.60929114
2022-07-03,1,Diatoms,0.65773517,0.6375416
2022-07-04,1,Diatoms,0.673903,0.48691368
2022-07-05,1,Diatoms,0.49931207,0.49668837
2022-07-06,1,Diatoms,0.48018092,0.36819127
2022-07-07,1,Diatoms,0.36509007,0.37711492
2022-07-08,1,Diatoms,0.4210155,0.32510227
2022-07-09,1,Diatoms,0.43833014,0.37120727
2022-07-10,1,Diatoms,0.68257874,0.39941996
2022-07-11,1,Diatoms,0.8123347,0.6434587
2022-07-12,1,Diatoms,0.9596522,0.8364048
2022-07-13,1,Diatoms,1.1758261,0.95542216
2022-07-14,1,Diatoms,1.001128,1.126642
2022-07-15,1,Diatoms,0.636442,1.2460916
2022-07-16,1,Diatoms,2.5314977,1.0157015
2022-07-17,1,Diatoms,2.491003,1.698991
2022-07-18,1,Diatoms,2.4505084,1.7000701
2022-07-19,1,Diatoms,1.1627918,1.5833218
2022-07-20,1,Diatoms,1.0163498,0.91756344
2022-07-21,1,Diatoms,0.6194271,0.81968784
2022-07-22,1,Diatoms,0.48063365,0.6452715
2022-07-23,1,Diatoms,0.6871731,0.4412178
2022-07-24,1,Diatoms,1.1602412,0.56599057
2022-07-25,1,Diatoms,0.6668863,0.96097827
2022-07-26,1,Diatoms,0.3436324,0.48637787
2022-07-27,1,Diatoms,0.35722464,0.30879635
2022-07-28,1,Diatoms,0.43895075,0.31583858
2022-07-29,1,Diatoms,0.43487385,0.33168036
2022-07-30,1,Diatoms,0.44030568,0.40358186
2022-07-31,1,Diatoms,0.4457375,0.37955186
2022-08-01,1,Diatoms,0.45116934,0.39145595
2022-08-02,1,Diatoms,0.45660123,0.39215863
2022-08-03,1,Diatoms,0.46203306,0.37748575
2022-08-04,1,Diatoms,0.4674649,0.3789806
2022-08-05,1,Diatoms,0.47289675,0.37608162
2022-08-06,1,Diatoms,0.47832856,0.3616
2022-08-07,1,Diatoms,0.48376042,0.39741886
2022-08-08,1,Diatoms,0.48919225,0.39428768
2022-08-09,1,Diatoms,0.4946241,0.40818226
2022-08-10,1,Diatoms,0.50005597,0.42888945
2022-08-11,1,Diatoms,0.5054878,0.44104648
2022-08-12,1,Diatoms,0.51091963,0.45485196
2022-08-13,1,Diatoms,0.51635146,0.434342
2022-08-14,1,Diatoms,0.5217833,0.45450392
2022-08-15,1,Diatoms,0.5272152,0.4992407
2022-08-16,1,Diatoms,0.532647,0.50451595
2022-08-17,1,Diatoms,0.53807884,0.50082874
2022-08-18,1,Diatoms,0.5435107,0.50544053
2022-08-19,1,Diatoms,0.5489425,0.50549644
2022-08-20,1,Diatoms,0.5543744,0.49692288
2022-08-21,1,Diatoms,0.5598062,0.50035274
2022-08-22,1,Diatoms,0.56523806,0.4905495
2022-08-23,1,Diatoms,0.5706699,0.50638545
2022-08-24,1,Diatoms,0.5761018,0.5227765
2022-08-25,1,Diatoms,0.58153355,0.5072156
2022-08-26,1,Diatoms,0.58696544,0.5389767
2022-08-27,1,Diatoms,0.5923973,0.5202832
2022-08-28,1,Diatoms,0.5978291,0.52415705
2022-08-29,1,Diatoms,0.60326093,0.518082
2022-08-30,1,Diatoms,0.6086928,0.5410055
2022-08-31,1,Diatoms,0.61412466,0.57553506
2022-09-01,1,Diatoms,0.6195565,0.5732119
2022-09-02,1,Diatoms,0.6249883,0.5134173
2022-09-03,1,Diatoms,0.63042015,0.49546963
2022-09-04,1,Diatoms,0.63585204,0.5183961
2022-09-05,1,Diatoms,0.64128387,0.5342741
2022-09-06,1,Diatoms,0.6467157,0.5666663
2022-09-07,1,Diatoms,0.65214753,0.6588212
2022-09-08,1,Diatoms,0.65757936,0.6550051
2022-09-09,1,Diatoms,0.66301125,0.6361417
2022-09-10,1,Diatoms,0.6463696,0.60566425
2022-09-11,1,Diatoms,0.7992899,0.60816634
2022-09-12,1,Diatoms,0.9156512,0.7586143
2022-09-13,1,Diatoms,0.9179058,0.71587247
2022-09-14,1,Diatoms,1.2582536,0.807826
2022-09-15,1,Diatoms,1.2465967,1.0799031
2022-09-16,1,Diatoms,0.8933671,1.1749052
2022-09-17,1,Diatoms,0.69211286,0.8253638
2022-09-18,1,Diatoms,1.4530001,0.7584808
2022-09-19,1,Diatoms,1.5097682,1.3103472
2022-09-20,1,Diatoms,0.7957029,1.1196514
2022-09-21,1,Diatoms,0.50666904,0.6487306
2022-09-22,1,Diatoms,0.5787265,0.51749074
2022-09-23,1,Diatoms,0.64563674,0.53939104
2022-09-24,1,Diatoms,1.1064084,0.5941911
2022-09-25,1,Diatoms,0.5949674,0.92446405
2022-09-26,1,Diatoms,0.49298552,0.69710934
2022-09-27,1,Diatoms,0.72891384,0.6453043
2022-09-28,1,Diatoms,0.44895002,0.76449627
2022-09-29,1,Diatoms,0.8703324,0.7780721
2022-09-30,1,Diatoms,1.7480268,0.90166754
2022-10-01,1,Diatoms,0.6184287,1.0594245
2022-10-02,1,Diatoms,0.47368115,0.5049498
2022-10-03,1,Diatoms,0.8446382,0.43422523
2022-10-04,1,Diatoms,0.74377716,0.59487504
2022-10-05,1,Diatoms,0.5391014,0.6103518
2022-10-06,1,Diatoms,0.45168117,0.441262
2022-10-07,1,Diatoms,0.39461592,0.38375577
2022-10-08,1,Diatoms,0.33,0.32833683
2022-10-09,1,Diatoms,0.4629638,0.30094126
2022-10-10,1,Diatoms,0.6053952,0.44681817
2022-10-11,1,Diatoms,0.75984794,0.49368078
2022-10-12,1,Diatoms,0.66441303,0.54404646
2022-10-13,1,Diatoms,0.686058,0.5009113
2022-10-14,1,Diatoms,0.80112964,0.48367044
2022-10-15,1,Diatoms,0.98522115,0.5963358
2022-10-16,1,Diatoms,1.3000796,0.765433
2022-10-17,1,Diatoms,0.6061405,1.003351
2022-10-18,1,Diatoms,0.56499636,0.59813523
2022-10-19,1,Diatoms,0.4368863,0.54699576
2022-10-20,1,Diatoms,0.2988061,0.44635418
2022-10-21,1,Diatoms,0.21184783,0.38443035
2022-10-22,1,Diatoms,0.35266715,0.2753815
2022-10-23,1,Diatoms,0.5553931,0.6223078
2022-10-24,1,Diatoms,0.49552098,0.3911902
2022-10-25,1,Diatoms,0.5343777,0.3577599
2022-10-26,1,Diatoms,0.35753626,0.32726246
2022-10-27,1,Diatoms,0.34656295,0.27238777
2022-10-28,1,Diatoms,0.30460203,0.3131798
2022-10-29,1,Diatoms,0.42416367,0.3213643
2022-10-30,1,Diatoms,0.5319609,0.33194003
2022-10-31,1,Diatoms,0.47380608,0.3523297
2022-11-01,1,Diatoms,0.3335658,0.28383517
2022-11-02,1,Diatoms,0.19973171,0.2621164
2022-11-03,1,Diatoms,0.10726287,0.21745184
2022-11-04,1,Diatoms,0.12773186,0.17832679
2022-11-05,1,Diatoms,0.14397249,0.11955571
2022-11-06,1,Diatoms,0.3727062,0.10395125
2022-11-07,1,Diatoms,0.24949883,0.2678098
2022-11-08,1,Diatoms,0.17052859,0.23559359
2022-11-09,1,Diatoms,0.4395582,0.5297281
2022-11-10,1,Diatoms,0.5821635,0.51300174
2022-11-11,1,Diatoms,1.1037074,0.5373932
2022-11-12,1,Diatoms,1.3362005,0.98365337
2022-11-13,1,Diatoms,1.5686936,1.3480607
2022-11-14,1,Diatoms,1.8011867,1.4511428
2022-11-15,1,Diatoms,1.0413604,1.4091355
2022-11-16,1,Diatoms,0.6664446,0.8344368
2022-11-17,1,Diatoms,0.56459814,0.4934632
2022-11-18,1,Diatoms,0.5269682,0.43704996
2022-11-19,1,Diatoms,0.56615216,0.3888183
2022-11-20,1,Diatoms,0.50482637,0.45914796
2022-11-21,1,Diatoms,0.48349023,0.43520054
2022-11-22,1,Diatoms,0.5621144,0.41211832
2022-11-23,1,Diatoms,0.6525436,0.4524861
2022-11-24,1,Diatoms,0.64795226,0.5281529
2022-11-25,1,Diatoms,0.4058798,0.47149768
2022-11-26,1,Diatoms,0.57193923,0.35835466
2022-11-27,1,Diatoms,0.5968768,0.4045104
2022-11-28,1,Diatoms,0.6506368,0.37549868
2022-11-29,1,Diatoms,0.3529761,0.36802137
2022-11-30,1,Diatoms,0.2664327,0.2565613
2022-12-01,1,Diatoms,0.48696816,0.21246952
2022-12-02,1,Diatoms,0.37245104,0.24565598
2022-12-03,1,Diatoms,0.22664014,0.23198551
2022-12-04,1,Diatoms,0.24682838,0.17614304
2022-12-05,1,Diatoms,0.49799857,0.16372982
2022-12-06,1,Diatoms,0.2150834,0.25270385
2022-12-07,1,Diatoms,0.3077118,0.16215006
2022-12-08,1,Diatoms,0.46886232,0.19286789
2022-12-09,1,Diatoms,0.34040272,0.22865193
2022-12-10,1,Diatoms,0.23150615,0.24016269
2022-12-11,1,Diatoms,0.2485228,0.16478407
2022-12-12,1,Diatoms,0.100224294,0.07652743
2022-12-13,1,Diatoms,0.097241126,0.02492184
2022-12-14,1,Diatoms,0.18076141,0.0070012338
2022-12-15,1,Diatoms,0.1364058,0.02375336
2022-12-16,1,Diatoms,0.1688921,0.020645516
2022-12-17,1,Diatoms,0.07955106,0.02013773
2022-12-18,1,Diatoms,0.044279505,0.0028394577
2022-12-19,1,Diatoms,0.059782602,-0.024754714
2022-12-20,1,Diatoms,0.025749467,-0.0121526485
2022-12-21,1,Diatoms,0.041604955,-0.009871695
2022-12-22,1,Diatoms,0.036862336,0.010413683
2022-12-23,1,Diatoms,0.03179711,-0.01626748
2022-12-24,1,Diatoms,0.05029688,-0.022526221
2022-12-25,1,Diatoms,0.027907314,-0.009273556
2022-12-26,1,Diatoms,0.03900145,0.004278594
2022-12-27,1,Diatoms,0.016070925,0.016224239
2022-12-28,1,Diatoms,0.035910055,-0.0132212555
2022-12-29,1,Diatoms,0.040795974,0.020214925
2022-12-30,1,Diatoms,0.08236955,0.047965724
2022-12-31,1,Diatoms,0.041826066,0.075702205
2023-01-01,1,Diatoms,0.023299549,0.0873227
2023-01-02,1,Diatoms,0.03492386,0.090512566
2023-01-03,1,Diatoms,0.011443076,0.09066985
2023-01-04,1,Diatoms,1.25147,0.10698306
2023-01-05,1,Diatoms,2.2523189,1.2113825
2023-01-06,1,Diatoms,1.7352643,2.4563801
2023-01-07,1,Diatoms,2.1625798,2.2305622
2023-01-08,1,Diatoms,2.1771433,2.5342894
2023-01-09,1,Diatoms,2.191707,2.3800547
2023-01-10,1,Diatoms,2.2062707,2.4413164
2023-01-11,1,Diatoms,2.2208343,2.351117
2023-01-12,1,Diatoms,2.2353978,2.2618103
2023-01-13,1,Diatoms,2.3978655,2.1341622
2023-01-14,1,Diatoms,1.806136,2.322683
2023-01-15,1,Diatoms,1.301289,1.8355651
2023-01-16,1,Diatoms,1.0665315,1.1331598
2023-01-17,1,Diatoms,1.3206512,1.183309
2023-01-18,1,Diatoms,0.77586955,1.2974328
2023-01-19,1,Diatoms,0.52627534,0.8143222
2023-01-20,1,Diatoms,0.7003838,0.66190034
2023-01-21,1,Diatoms,0.82269174,0.79607254
2023-01-22,1,Diatoms,1.4449638,0.9217549
2023-01-23,1,Diatoms,1.8569906,1.5868231
2023-01-24,1,Diatoms,0.7206517,2.0516012
2023-01-25,1,Diatoms,0.3520275,0.8910272
2023-01-26,1,Diatoms,0.39130428,0.6151639
2023-01-27,1,Diatoms,0.3816727,0.5781487
2023-01-28,1,Diatoms,0.17257783,0.5658233
2023-01-29,1,Diatoms,0.62386763,0.33301252
2023-01-30,1,Diatoms,0.45021045,0.53796875
2023-01-31,1,Diatoms,0.3675629,0.457744
2023-02-01,1,Diatoms,0.26353857,0.6165446
2023-02-02,1,Diatoms,0.23525697,0.67722154
2023-02-03,1,Diatoms,0.72841716,0.80624896
2023-02-04,1,Diatoms,0.77529854,1.0417799
2023-02-05,1,Diatoms,1.6153374,1.2908525
2023-02-06,1,Diatoms,2.327632,1.8849633
2023-02-07,1,Diatoms,2.7446294,2.1720634
2023-02-08,1,Diatoms,2.4849129,2.472059
2023-02-09,1,Diatoms,1.6499403,2.2827795
2023-02-10,1,Diatoms,1.1325558,1.7933345
2023-02-11,1,Diatoms,1.4423522,1.1867969
2023-02-12,1,Diatoms,1.211661,1.3965982
2023-02-13,1,Diatoms,0.8997852,1.2956457
2023-02-14,1,Diatoms,1.3638128,1.2141217
2023-02-15,1,Diatoms,1.0748056,1.342495
2023-02-16,1,Diatoms,1.0081502,1.1799719
2023-02-17,1,Diatoms,1.0325986,1.1354632
2023-02-18,1,Diatoms,1.1148239,1.1524311
2023-02-19,1,Diatoms,1.0561261,1.2075315
2023-02-20,1,Diatoms,0.93481565,1.1841613
2023-02-21,1,Diatoms,0.6247198,1.0734493
2023-02-22,1,Diatoms,0.54212743,0.8192554
2023-02-23,1,Diatoms,0.6839636,0.675982
2023-02-24,1,Diatoms,0.4634569,0.7261778
2023-02-25,1,Diatoms,0.56888413,0.6083447
2023-02-26,1,Diatoms,0.58474815,0.5793943
2023-02-27,1,Diatoms,0.5983531,0.5600773
2023-02-28,1,Diatoms,0.780646,0.5824939
2023-03-01,1,Diatoms,0.6908178,0.76605344
2023-03-02,1,Diatoms,0.48339912,0.7494898
2023-03-03,1,Diatoms,0.6615258,0.63579893
2023-03-04,1,Diatoms,0.6948343,0.6358132
2023-03-05,1,Diatoms,0.67758507,0.6499491
2023-03-06,1,Diatoms,0.63678294,0.61410433
2023-03-07,1,Diatoms,0.52899224,0.5670167
2023-03-08,1,Diatoms,0.2782095,0.51946187
2023-03-09,1,Diatoms,0.2379022,0.37564397
2023-03-10,1,Diatoms,0.24600475,0.31175324
2023-03-11,1,Diatoms,0.22746606,0.2797902
2023-03-12,1,Diatoms,0.148354,0.24904439
2023-03-13,1,Diatoms,0.20024918,0.19709207
2023-03-14,1,Diatoms,0.21559194,0.17724068
2023-03-15,1,Diatoms,0.12942213,0.15226905
2023-03-16,1,Diatoms,0.0686136,0.12307666
2023-03-17,1,Diatoms,0.046203956,0.11145037
2023-03-18,1,Diatoms,0.06911584,0.08574071
2023-03-19,1,Diatoms,0.06594145,0.09652097
2023-03-20,1,Diatoms,0.08989181,0.083503276
2023-03-21,1,Diatoms,0.085748605,0.12659541
2023-03-22,1,Diatoms,0.28884763,0.09347611
2023-03-23,1,Diatoms,0.2221187,0.20222114
2023-03-24,1,Diatoms,0.21892524,0.28093696
2023-03-25,1,Diatoms,0.21573174,0.21876183
2023-03-26,1,Diatoms,0.21253829,0.12238812
2023-03-27,1,Diatoms,0.2093448,0.15644509
2023-03-28,1,Diatoms,0.20615135,0.13219844
2023-03-29,1,Diatoms,0.20295787,0.1126365
2023-03-30,1,Diatoms,0.19976442,0.10215774
2023-03-31,1,Diatoms,0.19657092,0.067448676
2023-04-01,1,Diatoms,0.19337748,0.07407584
2023-04-02,1,Diatoms,0.19018398,0.11030073
2023-04-03,1,Diatoms,0.18699051,0.113840036
2023-04-04,1,Diatoms,0.18379708,0.12804571
2023-04-05,1,Diatoms,0.18060356,0.10940494
2023-04-06,1,Diatoms,0.17741013,0.124634475
2023-04-07,1,Diatoms,0.17421666,0.098025635
2023-04-08,1,Diatoms,0.17102316,0.08543763
2023-04-09,1,Diatoms,0.16782972,0.11033268
2023-04-10,1,Diatoms,0.16463624,0.10501969
2023-04-11,1,Diatoms,0.16144276,0.09839288
2023-04-12,1,Diatoms,0.1582493,0.075597845
2023-04-13,1,Diatoms,0.15505582,0.071730435
2023-04-14,1,Diatoms,0.15186235,0.077693775
2023-04-15,1,Diatoms,0.1486689,0.16296235
2023-04-16,1,Diatoms,0.14547545,0.1780434
2023-04-17,1,Diatoms,0.14228193,0.110994175
2023-04-18,1,Diatoms,0.13908851,0.14844678
2023-04-19,1,Diatoms,0.135895,0.047505602
2023-04-20,1,Diatoms,0.13270152,0.029162226
2023-04-21,1,Diatoms,0.12950805,0.034638286
2023-04-22,1,Diatoms,0.1263146,0.05043111
2023-04-23,1,Diatoms,0.12312116,0.034880128
2023-04-24,1,Diatoms,0.11992765,0.034264166
2023-04-25,1,Diatoms,0.11673419,0.022160312
2023-04-26,1,Diatoms,0.11354073,0.05518696
2023-04-27,1,Diatoms,0.19252734,0.058774434
2023-04-28,1,Diatoms,0.20898043,0.06994281
2023-04-29,1,Diatoms,0.31545156,0.18171494
2023-04-30,1,Diatoms,0.7253979,0.26616827
2023-05-01,1,Diatoms,0.17739198,0.35699275
2023-05-02,1,Diatoms,0.06145501,0.15330994
2023-05-03,1,Diatoms,0.0011290128,0.17170197
2023-05-04,1,Diatoms,0.013037348,0.105603404
2023-05-05,1,Diatoms,0.001333334,0.10901134
2023-05-06,1,Diatoms,0.0025992414,0.10046356
2023-05-07,1,Diatoms,0.0024023082,0.047196053
2023-05-08,1,Diatoms,0.0022054135,-0.0023260012
2023-05-09,1,Diatoms,0.0020085066,-0.04815888
2023-05-10,1,Diatoms,0.0018115873,-0.052111585
2023-05-11,1,Diatoms,0.0016146557,-0.041322563
2023-05-12,1,Diatoms,0.0014177121,-0.01620655
2023-05-13,1,Diatoms,0.0012208071,0.03659663
2023-05-14,1,Diatoms,0.00102389,0.06822258
2023-05-15,1,Diatoms,0.0008269606,0.055025887
2023-05-16,1,Diatoms,0.00063007005,0.027915573
2023-05-17,1,Diatoms,0.00043311645,0.0339579
2023-05-18,1,Diatoms,0.00023620162,-0.0057053855
2023-05-19,1,Diatoms,3.9274695e-05,0.0023856906
2023-05-20,1,Diatoms,0.014928947,-0.009981805
2023-05-21,1,Diatoms,0.00067082915,-0.01262052
2023-05-22,1,Diatoms,0.0005596996,0.025027178
2023-05-23,1,Diatoms,0.00044858234,-0.015789427
2023-05-24,1,Diatoms,0.00033747742,-0.014731316
2023-05-25,1,Diatoms,0.00022638487,-0.012476455
2023-05-26,1,Diatoms,0.00011525379,0.014434476
2023-05-27,1,Diatoms,0.058466077,0.036294572
2023-05-28,1,Diatoms,0.19238804,0.07711094
2023-05-29,1,Diatoms,0.20135932,0.22991206
2023-05-30,1,Diatoms,0.16988994,0.26630744
2023-05-31,1,Diatoms,0.45917562,0.21035832
2023-06-01,1,Diatoms,0.64845806,0.348952
2023-06-02,1,Diatoms,0.4172468,0.3970376
2023-06-03,1,Diatoms,0.54917574,0.26549524
2023-06-04,1,Diatoms,0.28157726,0.2148822
2023-06-05,1,Diatoms,0.16293786,0.15636323
2023-06-06,1,Diatoms,0.26643953,0.10217848
2023-06-07,1,Diatoms,0.45171347,0.15198971
2023-06-08,1,Diatoms,0.33858457,0.24166568
2023-06-09,1,Diatoms,0.10163539,0.23257537
2023-06-10,1,Diatoms,0.0039979536,0.14318037
2023-06-11,1,Diatoms,0.0020153343,0.06631077
2023-06-12,1,Diatoms,3.2714524e-05,0.038053855
2023-06-13,1,Diatoms,0.00047412192,0.021139951
2023-06-14,1,Diatoms,0.02020927,-0.0028178978
2023-06-15,1,Diatoms,0.046250667,0.022979675
2023-06-16,1,Diatoms,1.0186506e-05,0.049200628
2023-06-17,1,Diatoms,0.04055767,0.05445161
2023-06-18,1,Diatoms,0.18069921,0.08258704
2023-06-19,1,Diatoms,0.08742085,0.17900702
2023-06-20,1,Diatoms,0.1564024,0.15331863
2023-06-21,1,Diatoms,0.27892652,0.16820505
2023-06-22,1,Diatoms,0.46939066,0.22634749
2023-06-23,1,Diatoms,0.71619415,0.29771775
2023-06-24,1,Diatoms,0.55189675,0.3725983
2023-06-25,1,Diatoms,0.38463646,0.33762258
2023-06-26,1,Diatoms,0.504574,0.35695252
2023-06-27,1,Diatoms,0.6774582,0.43469217
2023-06-28,1,Diatoms,0.32230452,0.53265196
2023-06-29,1,Diatoms,0.30768082,0.5745661
2023-06-30,1,Diatoms,0.2930571,0.5176501
2023-07-01,1,Diatoms,0.2784334,0.39299652
2023-07-02,1,Diatoms,0.26380974,0.30630308
2023-07-03,1,Diatoms,0.24918607,0.23309408
2023-07-04,1,Diatoms,0.23456237,0.1726854
2023-07-05,1,Diatoms,0.21993868,0.19208892
2023-07-06,1,Diatoms,0.20531496,0.18249778
2023-07-07,1,Diatoms,0.19069128,0.14531958
2023-07-08,1,Diatoms,0.17606762,0.13442369
2023-07-09,1,Diatoms,0.16144393,0.119833454
2023-07-10,1,Diatoms,0.14682025,0.103791155
2023-07-11,1,Diatoms,0.13219653,0.067398354
2023-07-12,1,Diatoms,0.117572874,0.044219974
2023-07-13,1,Diatoms,0.10294919,0.02827605
2023-07-14,1,Diatoms,0.088325456,0.021999137
2023-07-15,1,Diatoms,0.07370176,-0.0010719841
2023-07-16,1,Diatoms,0.059078086,-0.019893495
2023-07-17,1,Diatoms,0.04445439,-0.03413508
2023-07-18,1,Diatoms,0.029830711,-0.031650875
2023-07-19,1,Diatoms,0.015207016,-0.031878646
2023-07-20,1,Diatoms,0.0005833085,-0.033401445
2023-07-21,1,Diatoms,0.0006266608,0.00089307444
2023-07-22,1,Diatoms,0.000670015,0.031307217
2023-07-23,1,Diatoms,0.00071332016,0.0947549
2023-07-24,1,Diatoms,0.0007566781,0.086742334
2023-07-25,1,Diatoms,0.000799987,0.06838502
2023-07-26,1,Diatoms,0.0008432978,0.07600169
2023-07-27,1,Diatoms,0.00088666135,0.033844337
2023-07-28,1,Diatoms,0.00092997594,-0.012408207
2023-07-29,1,Diatoms,0.00097329234,-0.04591488
2023-07-30,1,Diatoms,0.0010166107,-0.036802974
2023-07-31,1,Diatoms,0.0010599818,-0.011001312
2023-08-01,1,Diatoms,0.0011033037,-0.020453893
2023-08-02,1,Diatoms,0.0011466277,-0.009219849
2023-08-03,1,Diatoms,0.0011899535,0.012342544
2023-08-04,1,Diatoms,0.0012332812,0.046387356
2023-08-05,1,Diatoms,0.0012766108,0.04618028
2023-08-06,1,Diatoms,0.0013199422,0.028279606
2023-08-07,1,Diatoms,0.0013632755,0.013116737
2023-08-08,1,Diatoms,0.0014066106,-0.016764155
2023-08-09,1,Diatoms,0.0014499477,-0.011664754
2023-08-10,1,Diatoms,0.0014932866,-0.0069792895
2023-08-11,1,Diatoms,0.0015365764,-0.026066767
2023-08-12,1,Diatoms,0.0015799191,-0.043527074
2023-08-13,1,Diatoms,0.0016232637,-0.05591058
2023-08-14,1,Diatoms,0.0016666101,-0.04475665
2023-08-15,1,Diatoms,0.0017099074,-0.017586555
2023-08-16,1,Diatoms,0.0017532577,-0.017027967
2023-08-17,1,Diatoms,0.0009180655,-0.016183935
2023-08-18,1,Diatoms,0.00088487996,-0.04734623
2023-08-19,1,Diatoms,0.00085169554,-0.06357543
2023-08-20,1,Diatoms,0.0008184613,-0.05639717
2023-08-21,1,Diatoms,0.0007852791,-0.042066995
2023-08-22,1,Diatoms,0.0007520979,-0.038258903
2023-08-23,1,Diatoms,0.00071891793,-0.030066822
2023-08-24,1,Diatoms,0.0006856881,-0.011028973
2023-08-25,1,Diatoms,0.00065251027,0.0020766347
2023-08-26,1,Diatoms,0.0006193335,0.018024096
2023-08-27,1,Diatoms,0.000586107,0.0025501447
2023-08-28,1,Diatoms,0.00055293244,0.02650917
2023-08-29,1,Diatoms,0.00051970815,0.015847169
2023-08-30,1,Diatoms,0.00048653584,0.030202914
2023-08-31,1,Diatoms,0.0004533646,0.036815625
2023-09-01,1,Diatoms,0.0004201436,0.045432016
2023-09-02,1,Diatoms,0.00038697457,0.021954184
2023-09-03,1,Diatoms,0.00035375578,0.046715986
2023-09-04,1,Diatoms,0.00032053806,0.01393545
2023-09-05,1,Diatoms,0.00028737236,0.010005126
2023-09-06,1,Diatoms,0.00025415685,0.030041153
2023-09-07,1,Diatoms,0.00022099333,0.03690895
2023-09-08,1,Diatoms,0.00018778004,0.017940959
2023-09-09,1,Diatoms,0.00015456785,0.016896369
2023-09-10,1,Diatoms,0.00012140763,0.014939941
2023-09-11,1,Diatoms,8.819765e-05,0.03042915
2023-09-12,1,Diatoms,5.4988774e-05,0.031737875
2023-09-13,1,Diatoms,0.006004396,0.043520022
2023-09-14,1,Diatoms,0.058510374,0.037466235
2023-09-15,1,Diatoms,0.08269159,0.056468137
2023-09-16,1,Diatoms,0.08045972,0.11088666
2023-09-17,1,Diatoms,0.063173585,0.10486264
2023-09-18,1,Diatoms,0.051945228,0.08689443
2023-09-19,1,Diatoms,0.032293275,0.08790697
2023-09-20,1,Diatoms,0.027173372,0.085347004
2023-09-21,1,Diatoms,0.0074045286,0.103781275
2023-09-22,1,Diatoms,0.0032023643,0.08455661
2023-09-23,1,Diatoms,0.021175211,0.06443279
2023-09-24,1,Diatoms,0.014343121,0.047065273
2023-09-25,1,Diatoms,0.00751109,0.02076251
2023-09-26,1,Diatoms,0.0006790219,-0.00022360706
2023-09-27,1,Diatoms,0.00043560928,0.013016639
2023-09-28,1,Diatoms,0.00037298488,0.0093469955
2023-09-29,1,Diatoms,0.0003104153,0.013663761
2023-09-30,1,Diatoms,0.00024779874,0.000924886
2023-10-01,1,Diatoms,0.00018518609,0.0059294016
2023-10-02,1,Diatoms,0.0006172982,0.03458757
2023-10-03,1,Diatoms,9.26222e-05,0.017127804
2023-10-04,1,Diatoms,7.3500174e-05,0.0149795795
2023-10-05,1,Diatoms,0.0038750195,0.02441005
2023-10-06,1,Diatoms,0.0032905224,-0.0050735124
2023-10-07,1,Diatoms,0.03362907,-0.02469044
2023-10-08,1,Diatoms,0.004810269,-0.018091101
2023-10-09,1,Diatoms,0.09438458,-0.0024966556
2023-10-10,1,Diatoms,0.07221674,0.04093428
2023-10-11,1,Diatoms,0.26860738,0.09489931
2023-10-12,1,Diatoms,0.20792258,0.17848535
2023-10-13,1,Diatoms,0.324627,0.22966911
2023-10-14,1,Diatoms,0.7646221,0.3466209
2023-10-15,1,Diatoms,1.1357886,0.6659856
2023-10-16,1,Diatoms,0.80728596,0.8953845
2023-10-17,1,Diatoms,0.6686876,0.734
2023-10-18,1,Diatoms,0.8290776,0.642546
2023-10-19,1,Diatoms,0.831133,0.77038294
2023-10-20,1,Diatoms,0.9008971,0.68920386
2023-10-21,1,Diatoms,0.52625555,0.78813255
2023-10-22,1,Diatoms,0.4897043,0.56460804
2023-10-23,1,Diatoms,0.39428222,0.5786023
2023-10-24,1,Diatoms,0.4919137,0.5202569
2023-10-25,1,Diatoms,1.2589972,0.57861805
2023-10-26,1,Diatoms,1.105689,0.8763466
2023-10-27,1,Diatoms,1.0713496,0.8656227
2023-10-28,1,Diatoms,0.5257695,0.82151985
2023-10-29,1,Diatoms,0.43992317,0.60262555
2023-10-30,1,Diatoms,0.5266566,0.51240337
2023-10-31,1,Diatoms,0.6161855,0.5213071
2023-11-01,1,Diatoms,0.81251514,0.50884265
2023-11-02,1,Diatoms,0.6718127,0.5787032
2023-11-03,1,Diatoms,0.5765434,0.4877418
2023-11-04,1,Diatoms,0.22319983,0.5098386
2023-11-05,1,Diatoms,0.42413625,0.336516
2023-11-06,1,Diatoms,0.2567922,0.38313052
2023-11-07,1,Diatoms,0.2520239,0.36682966
2023-11-08,1,Diatoms,0.00043097974,0.31840086
2023-11-09,1,Diatoms,0.10984439,0.18118402
2023-11-10,1,Diatoms,0.5124347,0.194871
2023-11-11,1,Diatoms,0.33647197,0.29097918
2023-11-12,1,Diatoms,0.66706467,0.28414115
2023-11-13,1,Diatoms,0.15867805,0.4161906
2023-11-14,1,Diatoms,0.10581617,0.2441805
2023-11-15,1,Diatoms,0.052954283,0.23333453
2023-11-16,1,Diatoms,9.241877e-05,0.17883514
2023-11-17,1,Diatoms,0.009337859,0.11823703
2023-11-18,1,Diatoms,0.19977601,0.104470424
2023-11-19,1,Diatoms,0.12343549,0.20853992
2023-11-20,1,Diatoms,0.3071771,0.16196156
2023-11-21,1,Diatoms,0.13698463,0.2524599
2023-11-22,1,Diatoms,0.2949094,0.16385262
2023-11-23,1,Diatoms,1.0000529,0.22295561
2023-11-24,1,Diatoms,0.5650807,0.6132406
2023-11-25,1,Diatoms,0.28637102,0.5164198
2023-11-26,1,Diatoms,0.13317768,0.3766173
2023-11-27,1,Diatoms,0.15024103,0.27837208
2023-11-28,1,Diatoms,0.118733004,0.2773509
2023-11-29,1,Diatoms,0.313295,0.29198354
2023-11-30,1,Diatoms,1.2121061,0.37001944
2023-12-01,1,Diatoms,0.71811897,0.78713435
2023-12-02,1,Diatoms,0.42667028,0.5004197
2023-12-03,1,Diatoms,0.36823797,0.35431272
2023-12-04,1,Diatoms,0.28726888,0.3387179
2023-12-05,1,Diatoms,0.40296897,0.27327162
2023-12-06,1,Diatoms,0.48180538,0.3648932
2023-12-07,1,Diatoms,0.4798209,0.39906797
2023-12-08,1,Diatoms,0.22574307,0.41084364
2023-12-09,1,Diatoms,0.6053398,0.33369103
2023-12-10,1,Diatoms,0.51656085,0.60313594
2023-12-11,1,Diatoms,1.0550815,0.5377161
2023-12-12,1,Diatoms,1.6915069,0.94472486
2023-12-13,1,Diatoms,1.3574413,1.4000924
2023-12-14,1,Diatoms,0.80911356,1.0971504
2023-12-15,1,Diatoms,0.470075,0.80616206
2023-12-16,1,Diatoms,0.33258235,0.59118915
2023-12-17,1,Diatoms,0.0006089024,0.40946242
2023-12-18,1,Diatoms,0.014664732,0.14911123
2023-12-19,1,Diatoms,0.17325234,0.09026548
2023-12-20,1,Diatoms,0.022111505,0.1471188
2023-12-21,1,Diatoms,0.01028164,0.076850906
2023-12-22,1,Diatoms,0.19714954,0.05553789
2023-12-23,1,Diatoms,0.18888706,0.11883632
2023-12-24,1,Diatoms,0.17901944,0.14236273
2023-12-25,1,Diatoms,0.24054842,0.16207181
2023-12-26,1,Diatoms,0.7410379,0.20937186
2023-12-27,1,Diatoms,1.1543852,0.49375185
2020-10-29,2,Diatoms,2.244111,1.6929946
2020-10-30,2,Diatoms,2.375431,2.0554774
2020-10-31,2,Diatoms,2.506751,2.6107082
2020-11-01,2,Diatoms,3.0380814,2.748262
2020-11-02,2,Diatoms,2.8482478,2.0505927
2020-11-03,2,Diatoms,2.2271326,2.6179907
2020-11-04,2,Diatoms,2.085131,2.5248277
2020-11-05,2,Diatoms,2.0708182,1.9049481
2020-11-06,2,Diatoms,1.713693,1.8887175
2020-11-07,2,Diatoms,2.1728096,1.7671701
2020-11-08,2,Diatoms,1.2744782,1.974328
2020-11-09,2,Diatoms,1.0231327,2.6498625
2020-11-10,2,Diatoms,0.7810465,1.2537303
2020-11-11,2,Diatoms,0.89373004,1.1441731
2020-11-12,2,Diatoms,1.3485912,1.031307
2020-11-13,2,Diatoms,1.0144191,1.1888887
2020-11-14,2,Diatoms,0.7676627,1.4858063
2020-11-15,2,Diatoms,1.5220684,1.3510717
2020-11-16,2,Diatoms,1.7528968,1.2278354
2020-11-17,2,Diatoms,2.7005594,1.598882
2020-11-18,2,Diatoms,3.551749,2.1403594
2020-11-19,2,Diatoms,3.5550296,2.5648932
2020-11-20,2,Diatoms,3.5583103,2.6694965
2020-11-21,2,Diatoms,3.561591,2.9269476
2020-11-22,2,Diatoms,3.5648715,2.5757713
2020-11-23,2,Diatoms,3.5681524,2.5280325
2020-11-24,2,Diatoms,2.877584,2.7413747
2020-11-25,2,Diatoms,2.570984,2.30163
2020-11-26,2,Diatoms,2.99432,2.0592752
2020-11-27,2,Diatoms,2.3000507,2.0390286
2020-11-28,2,Diatoms,1.9902606,2.8793774
2020-11-29,2,Diatoms,2.121932,1.9091685
2020-11-30,2,Diatoms,1.2250868,1.6912094
2020-12-01,2,Diatoms,0.79758143,1.8071952
2020-12-02,2,Diatoms,0.55146164,1.0305911
2020-12-03,2,Diatoms,0.69141823,0.90449
2020-12-04,2,Diatoms,0.4592113,0.78532183
2020-12-05,2,Diatoms,0.6877279,0.7117646
2020-12-06,2,Diatoms,0.72069466,0.5422895
2020-12-07,2,Diatoms,0.6629616,0.5809523
2020-12-08,2,Diatoms,0.32433745,0.59165114
2020-12-09,2,Diatoms,0.891803,0.6536181
2020-12-10,2,Diatoms,1.0413541,0.48472425
2020-12-11,2,Diatoms,0.50121653,0.8968611
2020-12-12,2,Diatoms,0.45125997,0.9359072
2020-12-13,2,Diatoms,1.5000796,0.61581975
2020-12-14,2,Diatoms,0.68109983,0.8227005
2020-12-15,2,Diatoms,1.1050941,1.9775183
2020-12-16,2,Diatoms,1.0165268,0.6677579
2020-12-17,2,Diatoms,0.82747287,0.96166563
2020-12-18,2,Diatoms,0.79755604,0.9718684
2020-12-19,2,Diatoms,0.92849493,0.9343597
2020-12-20,2,Diatoms,0.91774964,0.9198454
2020-12-21,2,Diatoms,1.0702823,1.1061778
2020-12-22,2,Diatoms,1.129609,1.2026062
2020-12-23,2,Diatoms,1.5725508,1.2777098
2020-12-24,2,Diatoms,1.0803404,1.3419279
2020-12-25,2,Diatoms,1.1264446,1.9162128
2020-12-26,2,Diatoms,1.3128096,1.5072728
2020-12-27,2,Diatoms,1.272882,1.4932727
2020-12-28,2,Diatoms,3.3631935,1.6758641
2020-12-29,2,Diatoms,3.1568608,1.8040748
2020-12-30,2,Diatoms,2.9505284,3.2736843
2020-12-31,2,Diatoms,3.1884804,3.021604
2021-01-01,2,Diatoms,1.9716499,2.3732357
2021-01-02,2,Diatoms,1.4403403,2.244042
2021-01-03,2,Diatoms,1.1570333,1.3886875
2021-01-04,2,Diatoms,0.9809848,0.93857414
2021-01-05,2,Diatoms,0.84870386,0.79007685
2021-01-06,2,Diatoms,0.7281101,0.6493175
2021-01-07,2,Diatoms,0.2832947,0.53108114
2021-01-08,2,Diatoms,0.31892332,0.5035056
2021-01-09,2,Diatoms,0.18934155,0.3449101
2021-01-10,2,Diatoms,0.38280752,0.19203071
2021-01-11,2,Diatoms,0.20098482,0.12119535
2021-01-12,2,Diatoms,0.08154123,0.14144304
2021-01-13,2,Diatoms,0.30706948,0.12568721
2021-01-14,2,Diatoms,0.6084967,0.14056307
2021-01-15,2,Diatoms,0.8928965,0.2309098
2021-01-16,2,Diatoms,0.62818974,0.40711382
2021-01-17,2,Diatoms,0.10378436,0.63396174
2021-01-18,2,Diatoms,0.0969537,0.69980633
2021-01-19,2,Diatoms,0.4372576,0.50081486
2021-01-20,2,Diatoms,1.0428437,0.5409845
2021-01-21,2,Diatoms,2.229479,0.8658905
2021-01-22,2,Diatoms,2.2929904,2.0037405
2021-01-23,2,Diatoms,2.4667873,2.8756547
2021-01-24,2,Diatoms,2.4707308,2.76523
2021-01-25,2,Diatoms,2.4139535,2.98639
2021-01-26,2,Diatoms,2.5623229,2.2915876
2021-01-27,2,Diatoms,2.6734154,2.6131968
2021-01-28,2,Diatoms,2.784508,2.4393506
2021-01-29,2,Diatoms,1.4483068,2.6372182
2021-01-30,2,Diatoms,1.1406006,2.1317477
2021-01-31,2,Diatoms,1.6360753,1.624357
2021-02-01,2,Diatoms,2.0243301,1.586925
2021-02-02,2,Diatoms,1.9407675,1.8183206
2021-02-03,2,Diatoms,1.9504924,2.1166062
2021-02-04,2,Diatoms,1.640601,1.8645293
2021-02-05,2,Diatoms,1.878074,1.6636407
2021-02-06,2,Diatoms,1.893273,1.6342876
2021-02-07,2,Diatoms,1.6942288,1.781634
2021-02-08,2,Diatoms,2.2493556,1.6857356
2021-02-09,2,Diatoms,1.7770494,1.5592189
2021-02-10,2,Diatoms,0.68595654,1.7012433
2021-02-11,2,Diatoms,0.9005503,1.5605907
2021-02-12,2,Diatoms,1.81,1.0202718
2021-02-13,2,Diatoms,2.2021346,0.9068241
2021-02-14,2,Diatoms,2.594269,1.2293278
2021-02-15,2,Diatoms,2.9864037,1.854673
2021-02-16,2,Diatoms,2.702113,1.7761216
2021-02-17,2,Diatoms,2.0566425,1.6942863
2021-02-18,2,Diatoms,1.8688567,1.5429252
2021-02-19,2,Diatoms,1.7543334,1.2740726
2021-02-20,2,Diatoms,0.9000724,1.0036299
2021-02-21,2,Diatoms,0.7629161,0.9635611
2021-02-22,2,Diatoms,0.6538233,0.5854849
2021-02-23,2,Diatoms,0.2735771,0.48845083
2021-02-24,2,Diatoms,0.29733527,0.36209777
2021-02-25,2,Diatoms,0.122311585,0.19558546
2021-02-26,2,Diatoms,0.111385085,0.12705186
2021-02-27,2,Diatoms,0.23341587,0.07555617
2021-02-28,2,Diatoms,0.3779776,0.04664658
2021-03-01,2,Diatoms,0.26025468,0.03687109
2021-03-02,2,Diatoms,0.5074762,0.06387747
2021-03-03,2,Diatoms,0.5803401,0.0407829
2021-03-04,2,Diatoms,0.4486614,0.100070395
2021-03-05,2,Diatoms,0.29125902,0.22257532
2021-03-06,2,Diatoms,0.09789437,0.2142104
2021-03-07,2,Diatoms,0.10636036,0.16724373
2021-03-08,2,Diatoms,0.42757422,0.11092056
2021-03-09,2,Diatoms,0.41371924,0.13526331
2021-03-10,2,Diatoms,0.97834295,0.3651251
2021-03-11,2,Diatoms,1.090767,0.55892503
2021-03-12,2,Diatoms,1.6602533,1.1573477
2021-03-13,2,Diatoms,2.7790158,1.7512903
2021-03-14,2,Diatoms,1.716657,2.6105368
2021-03-15,2,Diatoms,2.1587698,3.32874
2021-03-16,2,Diatoms,1.5231838,1.6205745
2021-03-17,2,Diatoms,0.7664399,1.9710428
2021-03-18,2,Diatoms,0.9175977,1.5432961
2021-03-19,2,Diatoms,0.9093126,1.017409
2021-03-20,2,Diatoms,0.82787263,1.217107
2021-03-21,2,Diatoms,0.6657453,1.0586843
2021-03-22,2,Diatoms,0.7944718,1.0142164
2021-03-23,2,Diatoms,0.56832004,0.8140535
2021-03-24,2,Diatoms,0.48747098,0.8031581
2021-03-25,2,Diatoms,0.60059506,0.6927906
2021-03-26,2,Diatoms,0.71678,0.703937
2021-03-27,2,Diatoms,0.9423606,0.79952186
2021-03-28,2,Diatoms,1.3365387,1.002006
2021-03-29,2,Diatoms,3.3529541,1.4055674
2021-03-30,2,Diatoms,3.1136181,2.0946112
2021-03-31,2,Diatoms,2.874282,3.4842486
2021-04-01,2,Diatoms,2.6349456,3.3261943
2021-04-02,2,Diatoms,1.4991021,2.828444
2021-04-03,2,Diatoms,1.4968718,2.2143009
2021-04-04,2,Diatoms,1.2935481,1.5369483
2021-04-05,2,Diatoms,0.9018379,1.6278976
2021-04-06,2,Diatoms,0.85719246,1.385172
2021-04-07,2,Diatoms,1.0202751,1.1220334
2021-04-08,2,Diatoms,1.0912663,1.1662385
2021-04-09,2,Diatoms,1.2612445,1.344173
2021-04-10,2,Diatoms,1.278191,1.2250438
2021-04-11,2,Diatoms,1.2684226,1.432883
2021-04-12,2,Diatoms,0.7582549,1.513516
2021-04-13,2,Diatoms,1.1454453,1.6977801
2021-04-14,2,Diatoms,2.0011659,1.9479284
2021-04-15,2,Diatoms,1.1257857,2.163164
2021-04-16,2,Diatoms,0.57763094,2.369026
2021-04-17,2,Diatoms,0.7711369,1.7657722
2021-04-18,2,Diatoms,2.797393,1.4027323
2021-04-19,2,Diatoms,2.7909703,1.8697541
2021-04-20,2,Diatoms,2.257118,2.695077
2021-04-21,2,Diatoms,1.574142,2.5430405
2021-04-22,2,Diatoms,1.2624112,2.2822065
2021-04-23,2,Diatoms,2.9326358,2.0487568
2021-04-24,2,Diatoms,2.0435264,2.1796544
2021-04-25,2,Diatoms,3.5338886,3.1740737
2021-04-26,2,Diatoms,3.7416282,2.4517157
2021-04-27,2,Diatoms,3.7256298,3.2243445
2021-04-28,2,Diatoms,2.3611505,2.6143932
2021-04-29,2,Diatoms,1.3832923,2.2936826
2021-04-30,2,Diatoms,0.93366134,1.6156952
2021-05-01,2,Diatoms,0.55839366,1.112551
2021-05-02,2,Diatoms,1.066165,1.0737606
2021-05-03,2,Diatoms,2.7655473,1.3951569
2021-05-04,2,Diatoms,2.1014047,1.8610736
2021-05-05,2,Diatoms,1.7055371,2.8478868
2021-05-06,2,Diatoms,1.1249028,1.7148433
2021-05-07,2,Diatoms,1.056713,1.7382153
2021-05-08,2,Diatoms,0.9630414,1.6625353
2021-05-09,2,Diatoms,1.7809696,1.6001465
2021-05-10,2,Diatoms,0.9654414,1.8668796
2021-05-11,2,Diatoms,1.2358177,2.7425861
2021-05-12,2,Diatoms,3.711635,1.9936038
2021-05-13,2,Diatoms,3.3949533,2.513426
2021-05-14,2,Diatoms,3.0782707,3.591861
2021-05-15,2,Diatoms,2.789964,3.2427917
2021-05-16,2,Diatoms,2.2519102,2.4876082
2021-05-17,2,Diatoms,1.8629305,2.2135894
2021-05-18,2,Diatoms,2.183372,1.9374032
2021-05-19,2,Diatoms,2.1150978,1.8956336
2021-05-20,2,Diatoms,1.7254342,2.1704144
2021-05-21,2,Diatoms,1.5535529,1.8802458
2021-05-22,2,Diatoms,1.9609051,1.8439308
2021-05-23,2,Diatoms,2.031506,1.7668852
2021-05-24,2,Diatoms,2.072858,2.2003174
2021-05-25,2,Diatoms,2.2005935,2.0383193
2021-05-26,2,Diatoms,1.9350218,2.3990304
2021-05-27,2,Diatoms,1.0838495,2.027566
2021-05-28,2,Diatoms,1.3800538,2.0077958
2021-05-29,2,Diatoms,3.183799,1.9532478
2021-05-30,2,Diatoms,2.7268162,2.1353955
2021-05-31,2,Diatoms,1.4334034,2.6756742
2021-06-01,2,Diatoms,1.6658363,2.1682394
2021-06-02,2,Diatoms,1.4438957,1.5916553
2021-06-03,2,Diatoms,1.0112599,1.6362936
2021-06-04,2,Diatoms,1.4206372,1.5144196
2021-06-05,2,Diatoms,1.228291,1.3626083
2021-06-06,2,Diatoms,1.7269298,1.6997539
2021-06-07,2,Diatoms,1.7005137,1.5735584
2021-06-08,2,Diatoms,2.6476555,1.8671564
2021-06-09,2,Diatoms,2.045398,1.9790156
2021-06-10,2,Diatoms,1.8383286,2.6289983
2021-06-11,2,Diatoms,1.9921997,1.9655634
2021-06-12,2,Diatoms,2.0134249,2.056813
2021-06-13,2,Diatoms,1.6290804,2.2443254
2021-06-14,2,Diatoms,3.1700435,2.5357049
2021-06-15,2,Diatoms,3.3024917,2.3860474
2021-06-16,2,Diatoms,3.4349394,2.8293352
2021-06-17,2,Diatoms,3.5673878,3.2530959
2021-06-18,2,Diatoms,3.699836,3.4603217
2021-06-19,2,Diatoms,3.8322835,3.3412557
2021-06-20,2,Diatoms,3.964732,3.0659065
2021-06-21,2,Diatoms,2.9807816,2.9308317
2021-06-22,2,Diatoms,1.9287239,2.9439802
2021-06-23,2,Diatoms,1.7428799,2.3794675
2021-06-24,2,Diatoms,1.6203545,1.8608803
2021-06-25,2,Diatoms,1.6847974,1.6590639
2021-06-26,2,Diatoms,1.3992257,1.3929006
2021-06-27,2,Diatoms,0.4449783,1.5205675
2021-06-28,2,Diatoms,0.6800145,1.3197955
2021-06-29,2,Diatoms,1.0097902,1.2110251
2021-06-30,2,Diatoms,1.7874533,1.3347243
2021-07-01,2,Diatoms,1.6671201,1.6380681
2021-07-02,2,Diatoms,2.0350435,1.9711185
2021-07-03,2,Diatoms,2.1230752,2.1242387
2021-07-04,2,Diatoms,2.6323733,2.3834405
2021-07-05,2,Diatoms,3.4875107,2.589922
2021-07-06,2,Diatoms,3.787234,2.3458462
2021-07-07,2,Diatoms,3.39538,2.8235896
2021-07-08,2,Diatoms,2.5858839,2.6511078
2021-07-09,2,Diatoms,1.502587,2.473594
2021-07-10,2,Diatoms,1.4255829,2.4259193
2021-07-11,2,Diatoms,1.7508472,1.4802818
2021-07-12,2,Diatoms,1.8505718,1.6297967
2021-07-13,2,Diatoms,1.9810565,1.8140275
2021-07-14,2,Diatoms,1.2432224,1.953355
2021-07-15,2,Diatoms,1.0958611,1.9004622
2021-07-16,2,Diatoms,1.8101519,1.823349
2021-07-17,2,Diatoms,1.3462229,1.6238979
2021-07-18,2,Diatoms,1.037178,2.0030656
2021-07-19,2,Diatoms,1.2159377,1.8615938
2021-07-20,2,Diatoms,1.6290152,1.3987917
2021-07-21,2,Diatoms,1.2851557,1.5725355
2021-07-22,2,Diatoms,1.1834251,1.7311954
2021-07-23,2,Diatoms,1.1390948,1.3842584
2021-07-24,2,Diatoms,3.5395947,1.6458373
2021-07-25,2,Diatoms,2.8445039,2.2751803
2021-07-26,2,Diatoms,2.449595,3.1328223
2021-07-27,2,Diatoms,1.6523589,2.5787356
2021-07-28,2,Diatoms,1.1892546,2.1577315
2021-07-29,2,Diatoms,1.4342402,1.7133172
2021-07-30,2,Diatoms,2.093664,1.3682277
2021-07-31,2,Diatoms,1.7546382,1.7939804
2021-08-01,2,Diatoms,1.878647,2.0694335
2021-08-02,2,Diatoms,1.6647502,2.0979717
2021-08-03,2,Diatoms,1.9846995,2.1094654
2021-08-04,2,Diatoms,1.5800145,2.0235448
2021-08-05,2,Diatoms,1.7049167,2.038789
2021-08-06,2,Diatoms,1.9504126,1.6747413
2021-08-07,2,Diatoms,1.6051414,1.4769381
2021-08-08,2,Diatoms,1.2363642,1.4348437
2021-08-09,2,Diatoms,1.4518682,1.3267918
2021-08-10,2,Diatoms,1.1323589,1.2754155
2021-08-11,2,Diatoms,1.3369826,1.4215784
2021-08-12,2,Diatoms,1.7825832,1.2173345
2021-08-13,2,Diatoms,1.5437394,1.3653184
2021-08-14,2,Diatoms,1.2472893,1.7980613
2021-08-15,2,Diatoms,1.7801247,1.51981
2021-08-16,2,Diatoms,2.076942,1.745879
2021-08-17,2,Diatoms,2.3432388,2.0624945
2021-08-18,2,Diatoms,0.89847255,1.7861668
2021-08-19,2,Diatoms,0.07596541,1.7473167
2021-08-20,2,Diatoms,0.40249383,1.2501233
2021-08-21,2,Diatoms,0.8349361,0.63425976
2021-08-22,2,Diatoms,0.25167596,0.70339704
2021-08-23,2,Diatoms,0.27531648,0.76206565
2021-08-24,2,Diatoms,0.63730323,0.68796
2021-08-25,2,Diatoms,0.6758798,0.61321205
2021-08-26,2,Diatoms,0.8884359,0.7496111
2021-08-27,2,Diatoms,1.1485218,0.87459695
2021-08-28,2,Diatoms,1.5655612,0.9653489
2021-08-29,2,Diatoms,1.4311731,1.1305033
2021-08-30,2,Diatoms,1.4924402,1.3721793
2021-08-31,2,Diatoms,1.661136,1.4100032
2021-09-01,2,Diatoms,1.5644573,1.383253
2021-09-02,2,Diatoms,1.5042185,1.7163764
2021-09-03,2,Diatoms,1.3365774,1.5668237
2021-09-04,2,Diatoms,1.3967222,1.3836272
2021-09-05,2,Diatoms,1.4928075,1.2484031
2021-09-06,2,Diatoms,1.3566715,1.4913259
2021-09-07,2,Diatoms,1.2968574,1.5304317
2021-09-08,2,Diatoms,1.142301,1.240486
2021-09-09,2,Diatoms,1.7800651,1.2410729
2021-09-10,2,Diatoms,1.6764327,1.2052864
2021-09-11,2,Diatoms,1.0366064,1.7713207
2021-09-12,2,Diatoms,1.1923878,1.4977775
2021-09-13,2,Diatoms,1.3866836,1.3807834
2021-09-14,2,Diatoms,1.4921072,1.4896426
2021-09-15,2,Diatoms,1.5616583,1.5010678
2021-09-16,2,Diatoms,1.3013107,1.540041
2021-09-17,2,Diatoms,1.0375091,1.3870791
2021-09-18,2,Diatoms,0.8898914,1.2704425
2021-09-19,2,Diatoms,1.0559305,1.052618
2021-09-20,2,Diatoms,0.92435914,1.0199099
2021-09-21,2,Diatoms,0.7065894,1.1639805
2021-09-22,2,Diatoms,0.8529471,1.0623366
2021-09-23,2,Diatoms,0.8713406,0.7823894
2021-09-24,2,Diatoms,0.75830555,0.8573047
2021-09-25,2,Diatoms,0.64507604,0.8365152
2021-09-26,2,Diatoms,0.56325126,0.7056021
2021-09-27,2,Diatoms,0.5061839,0.61780185
2021-09-28,2,Diatoms,0.44725558,0.5423746
2021-09-29,2,Diatoms,0.46624187,0.53033364
2021-09-30,2,Diatoms,0.47655323,0.46899027
2021-10-01,2,Diatoms,0.48111513,0.46690363
2021-10-02,2,Diatoms,0.5479639,0.48746246
2021-10-03,2,Diatoms,0.57537013,0.5181847
2021-10-04,2,Diatoms,0.6069845,0.5142001
2021-10-05,2,Diatoms,0.6385989,0.5385024
2021-10-06,2,Diatoms,0.67021334,0.50580233
2021-10-07,2,Diatoms,0.7018277,0.4629267
2021-10-08,2,Diatoms,0.7334421,0.47090283
2021-10-09,2,Diatoms,0.76505655,0.52145493
2021-10-10,2,Diatoms,0.796671,0.63826704
2021-10-11,2,Diatoms,0.82828534,0.67311555
2021-10-12,2,Diatoms,0.89406615,0.65041095
2021-10-13,2,Diatoms,0.68187547,0.7571776
2021-10-14,2,Diatoms,0.68567705,0.7964023
2021-10-15,2,Diatoms,0.39866763,0.67517877
2021-10-16,2,Diatoms,0.69015205,0.7033704
2021-10-17,2,Diatoms,1.0050942,0.6879044
2021-10-18,2,Diatoms,0.83579594,0.830133
2021-10-19,2,Diatoms,0.79785097,0.7318965
2021-10-20,2,Diatoms,0.7915702,0.7212971
2021-10-21,2,Diatoms,0.66277134,0.7343166
2021-10-22,2,Diatoms,0.8927352,0.80529696
2021-10-23,2,Diatoms,0.8913893,0.83905673
2021-10-24,2,Diatoms,1.0786686,0.934335
2021-10-25,2,Diatoms,1.084113,0.9940853
2021-10-26,2,Diatoms,1.3010275,1.1056284
2021-10-27,2,Diatoms,1.9733285,1.2423851
2021-10-28,2,Diatoms,2.4602606,1.5499088
2021-10-29,2,Diatoms,2.9471924,2.5038335
2021-10-30,2,Diatoms,3.4341245,2.8469691
2021-10-31,2,Diatoms,2.537547,2.6020334
2021-11-01,2,Diatoms,2.7887626,2.208978
2021-11-02,2,Diatoms,2.4122794,1.9950384
2021-11-03,2,Diatoms,2.988835,2.113323
2021-11-04,2,Diatoms,2.222851,2.2642276
2021-11-05,2,Diatoms,1.5125543,2.5626695
2021-11-06,2,Diatoms,1.3082923,1.8344202
2021-11-07,2,Diatoms,1.3879508,1.1795331
2021-11-08,2,Diatoms,2.011172,1.4722017
2021-11-09,2,Diatoms,1.544508,1.7561604
2021-11-10,2,Diatoms,1.2806373,1.8831977
2021-11-11,2,Diatoms,1.221353,1.5585454
2021-11-12,2,Diatoms,0.9996886,1.5791289
2021-11-13,2,Diatoms,1.166809,1.2704536
2021-11-14,2,Diatoms,0.9016932,1.1110339
2021-11-15,2,Diatoms,0.82410574,1.307968
2021-11-16,2,Diatoms,0.9349819,1.0400914
2021-11-17,2,Diatoms,0.94172025,1.0258136
2021-11-18,2,Diatoms,0.92100614,1.1418155
2021-11-19,2,Diatoms,0.8363867,1.1481353
2021-11-20,2,Diatoms,0.9385735,1.1099089
2021-11-21,2,Diatoms,1.2261478,0.9586247
2021-11-22,2,Diatoms,1.0900145,1.0816429
2021-11-23,2,Diatoms,0.8594718,1.4663662
2021-11-24,2,Diatoms,0.8197829,1.3164017
2021-11-25,2,Diatoms,0.8982766,0.9191663
2021-11-26,2,Diatoms,0.93438494,0.9802415
2021-11-27,2,Diatoms,1.194602,0.9854928
2021-11-28,2,Diatoms,1.164385,1.0277791
2021-11-29,2,Diatoms,1.408407,1.2018393
2021-11-30,2,Diatoms,1.8194569,1.2463778
2021-12-01,2,Diatoms,2.0956626,1.5784256
2021-12-02,2,Diatoms,1.9123534,1.9402436
2021-12-03,2,Diatoms,1.8349311,1.779954
2021-12-04,2,Diatoms,1.4541534,1.7055998
2021-12-05,2,Diatoms,1.6142619,1.7717618
2021-12-06,2,Diatoms,1.6233261,1.4957662
2021-12-07,2,Diatoms,1.421165,1.6123955
2021-12-08,2,Diatoms,1.4636773,1.6607858
2021-12-09,2,Diatoms,1.4945264,1.5111326
2021-12-10,2,Diatoms,1.54445,1.5714933
2021-12-11,2,Diatoms,1.5230969,1.5856386
2021-12-12,2,Diatoms,1.6827589,1.5986717
2021-12-13,2,Diatoms,1.7116281,1.8516543
2021-12-14,2,Diatoms,1.9158539,1.6704303
2021-12-15,2,Diatoms,2.0881534,1.9374772
2021-12-16,2,Diatoms,2.3040404,2.118785
2021-12-17,2,Diatoms,1.8070529,2.2418864
2021-12-18,2,Diatoms,1.6679001,2.2089612
2021-12-19,2,Diatoms,2.2340477,1.7356956
2021-12-20,2,Diatoms,2.1134007,1.6600162
2021-12-21,2,Diatoms,1.8318379,1.9276278
2021-12-22,2,Diatoms,1.6743126,1.7122915
2021-12-23,2,Diatoms,2.6385167,1.67612
2021-12-24,2,Diatoms,2.2485156,1.7301073
2021-12-25,2,Diatoms,1.8585145,2.432013
2021-12-26,2,Diatoms,1.891042,2.0512855
2021-12-27,2,Diatoms,1.4258013,1.6098852
2021-12-28,2,Diatoms,1.448659,1.5691453
2021-12-29,2,Diatoms,1.2661808,1.4130031
2021-12-30,2,Diatoms,1.6195441,1.5157222
2021-12-31,2,Diatoms,1.2491754,1.2889231
2022-01-01,2,Diatoms,1.1136975,1.5260229
2022-01-02,2,Diatoms,0.998314,1.2644056
2022-01-03,2,Diatoms,1.1921651,1.2807832
2022-01-04,2,Diatoms,1.7091818,1.1476018
2022-01-05,2,Diatoms,3.6088486,1.3387733
2022-01-06,2,Diatoms,3.1050832,1.8257055
2022-01-07,2,Diatoms,2.601318,3.0503502
2022-01-08,2,Diatoms,3.0840986,2.5984426
2022-01-09,2,Diatoms,2.192433,2.0341275
2022-01-10,2,Diatoms,1.8787844,2.5247145
2022-01-11,2,Diatoms,2.3994572,1.9350787
2022-01-12,2,Diatoms,1.2720188,1.8399863
2022-01-13,2,Diatoms,1.0562301,1.9291625
2022-01-14,2,Diatoms,0.9689428,1.1537788
2022-01-15,2,Diatoms,0.7713965,0.96771586
2022-01-16,2,Diatoms,0.7500796,0.84904355
2022-01-17,2,Diatoms,0.88829833,0.9328689
2022-01-18,2,Diatoms,0.82818246,0.9570113
2022-01-19,2,Diatoms,0.77960896,0.9732312
2022-01-20,2,Diatoms,0.81703836,1.1840162
2022-01-21,2,Diatoms,0.77738595,1.1733109
2022-01-22,2,Diatoms,1.0765026,1.2683454
2022-01-23,2,Diatoms,1.4015352,1.3962728
2022-01-24,2,Diatoms,2.5588784,1.6445925
2022-01-25,2,Diatoms,3.0085673,2.113494
2022-01-26,2,Diatoms,2.7863743,2.4114718
2022-01-27,2,Diatoms,1.4635597,2.6539762
2022-01-28,2,Diatoms,2.8025064,2.5289538
2022-01-29,2,Diatoms,1.1110301,1.8865235
2022-01-30,2,Diatoms,1.3425798,2.5323415
2022-01-31,2,Diatoms,1.4695957,1.4791132
2022-02-01,2,Diatoms,1.4192059,1.6624675
2022-02-02,2,Diatoms,0.7558678,1.5124911
2022-02-03,2,Diatoms,1.2968768,1.4133118
2022-02-04,2,Diatoms,2.18072,1.1703557
2022-02-05,2,Diatoms,1.774446,1.2396113
2022-02-06,2,Diatoms,1.6449122,1.7647454
2022-02-07,2,Diatoms,1.4180886,1.6711714
2022-02-08,2,Diatoms,2.0166342,1.4440687
2022-02-09,2,Diatoms,1.566981,1.5796133
2022-02-10,2,Diatoms,1.6986585,1.8496068
2022-02-11,2,Diatoms,1.348436,1.6966275
2022-02-12,2,Diatoms,1.4852914,1.6356896
2022-02-13,2,Diatoms,1.1732615,1.4680037
2022-02-14,2,Diatoms,0.8223747,1.8329432
2022-02-15,2,Diatoms,0.9416731,1.712189
2022-02-16,2,Diatoms,0.8257638,1.2801937
2022-02-17,2,Diatoms,2.2344718,1.3698212
2022-02-18,2,Diatoms,2.3571997,1.3395352
2022-02-19,2,Diatoms,2.4799278,2.1866944
2022-02-20,2,Diatoms,1.8584225,2.2352047
2022-02-21,2,Diatoms,1.3062419,2.331317
2022-02-22,2,Diatoms,1.1708182,1.5166243
2022-02-23,2,Diatoms,1.2594694,1.2980261
2022-02-24,2,Diatoms,1.2043629,1.2340964
2022-02-25,2,Diatoms,1.1634104,1.2482051
2022-02-26,2,Diatoms,1.1224579,1.2318573
2022-02-27,2,Diatoms,1.0815053,1.2147658
2022-02-28,2,Diatoms,1.0194421,1.2673522
2022-03-01,2,Diatoms,1.0779487,1.2044289
2022-03-02,2,Diatoms,1.3165268,1.1043861
2022-03-03,2,Diatoms,2.2054887,1.2571489
2022-03-04,2,Diatoms,2.7340302,1.8781976
2022-03-05,2,Diatoms,4.0151806,2.458171
2022-03-06,2,Diatoms,3.2142246,2.6721482
2022-03-07,2,Diatoms,2.413268,3.1493173
2022-03-08,2,Diatoms,1.1411803,2.8996286
2022-03-09,2,Diatoms,0.93422884,2.4496484
2022-03-10,2,Diatoms,0.7968505,1.4305267
2022-03-11,2,Diatoms,1.9635824,1.5382507
2022-03-12,2,Diatoms,3.8723621,1.9870315
2022-03-13,2,Diatoms,3.7886758,3.4145112
2022-03-14,2,Diatoms,3.7049897,3.5306816
2022-03-15,2,Diatoms,3.6213036,3.4856243
2022-03-16,2,Diatoms,3.5376167,3.333122
2022-03-17,2,Diatoms,3.4539306,3.303231
2022-03-18,2,Diatoms,3.3702443,3.1795368
2022-03-19,2,Diatoms,3.286558,3.1062343
2022-03-20,2,Diatoms,3.8933792,3.0570416
2022-03-21,2,Diatoms,3.6404781,2.886208
2022-03-22,2,Diatoms,2.820116,2.9306746
2022-03-23,2,Diatoms,1.9487193,2.2479167
2022-03-24,2,Diatoms,1.2148008,1.9349734
2022-03-25,2,Diatoms,0.802643,1.3229135
2022-03-26,2,Diatoms,0.9294931,0.9827841
2022-03-27,2,Diatoms,1.1773057,0.89529073
2022-03-28,2,Diatoms,1.2790086,0.86397964
2022-03-29,2,Diatoms,0.85883504,0.91583604
2022-03-30,2,Diatoms,0.7176298,1.149187
2022-03-31,2,Diatoms,0.7616727,0.75919247
2022-04-01,2,Diatoms,0.97343975,0.7087601
2022-04-02,2,Diatoms,0.60815275,0.77190983
2022-04-03,2,Diatoms,0.5334395,0.9318646
2022-04-04,2,Diatoms,0.59590155,0.6112618
2022-04-05,2,Diatoms,0.6571332,0.58521026
2022-04-06,2,Diatoms,0.7156345,0.6597116
2022-04-07,2,Diatoms,0.74620116,0.79383594
2022-04-08,2,Diatoms,0.95508325,0.7661189
2022-04-09,2,Diatoms,1.3922431,0.987518
2022-04-10,2,Diatoms,1.1859667,1.3684787
2022-04-11,2,Diatoms,1.46389,1.7602466
2022-04-12,2,Diatoms,1.5720646,1.6631383
2022-04-13,2,Diatoms,2.5351775,1.955393
2022-04-14,2,Diatoms,3.772026,2.5257876
2022-04-15,2,Diatoms,2.910514,2.9599261
2022-04-16,2,Diatoms,2.0152194,3.3591838
2022-04-17,2,Diatoms,1.1619052,2.4781268
2022-04-18,2,Diatoms,0.07279764,1.8682345
2022-04-19,2,Diatoms,0.86195654,1.2525444
2022-04-20,2,Diatoms,0.60821867,0.66572815
2022-04-21,2,Diatoms,0.63115996,0.89681363
2022-04-22,2,Diatoms,0.9451232,0.93290085
2022-04-23,2,Diatoms,3.9995506,0.96865976
2022-04-24,2,Diatoms,1.921622,1.5056973
2022-04-25,2,Diatoms,2.3708055,3.257177
2022-04-26,2,Diatoms,2.9904463,2.397471
2022-04-27,2,Diatoms,3.6100872,2.3536167
2022-04-28,2,Diatoms,2.1844156,2.3617597
2022-04-29,2,Diatoms,1.9158579,2.5036912
2022-04-30,2,Diatoms,1.5144131,1.8929342
2022-05-01,2,Diatoms,1.066942,1.5011647
2022-05-02,2,Diatoms,0.9111449,1.1435264
2022-05-03,2,Diatoms,0.7083406,0.92929584
2022-05-04,2,Diatoms,0.7547319,0.82107085
2022-05-05,2,Diatoms,1.0172391,0.8604185
2022-05-06,2,Diatoms,2.4381146,1.2085857
2022-05-07,2,Diatoms,3.9056737,1.4565843
2022-05-08,2,Diatoms,3.2241905,2.5691903
2022-05-09,2,Diatoms,2.5427072,2.9714298
2022-05-10,2,Diatoms,1.8612238,2.317414
2022-05-11,2,Diatoms,1.4573841,1.6887227
2022-05-12,2,Diatoms,1.2311223,1.101516
2022-05-13,2,Diatoms,1.3280072,1.0592995
2022-05-14,2,Diatoms,1.0765942,1.0327837
2022-05-15,2,Diatoms,0.78812456,0.9237469
2022-05-16,2,Diatoms,0.68083215,0.7829598
2022-05-17,2,Diatoms,0.70321506,0.63750327
2022-05-18,2,Diatoms,0.6518202,0.53088284
2022-05-19,2,Diatoms,0.7445803,0.5676986
2022-05-20,2,Diatoms,1.0043664,0.53724307
2022-05-21,2,Diatoms,0.6750544,0.5211586
2022-05-22,2,Diatoms,1.1354203,0.82809055
2022-05-23,2,Diatoms,1.1735673,0.9654593
2022-05-24,2,Diatoms,1.1492542,0.9225433
2022-05-25,2,Diatoms,1.212029,0.8517264
2022-05-26,2,Diatoms,0.94941264,0.9727992
2022-05-27,2,Diatoms,1.0213025,0.81794703
2022-05-28,2,Diatoms,0.78524256,0.74315745
2022-05-29,2,Diatoms,0.26985496,0.6356738
2022-05-30,2,Diatoms,0.67634517,0.60710853
2022-05-31,2,Diatoms,0.9414565,0.3824305
2022-06-01,2,Diatoms,0.94965315,0.5172118
2022-06-02,2,Diatoms,0.61305296,0.59243166
2022-06-03,2,Diatoms,1.0904568,0.571518
2022-06-04,2,Diatoms,1.3537029,0.43481758
2022-06-05,2,Diatoms,1.0299783,0.5372812
2022-06-06,2,Diatoms,0.5943043,0.61908436
2022-06-07,2,Diatoms,0.4943406,0.5545217
2022-06-08,2,Diatoms,0.04067393,0.42425287
2022-06-09,2,Diatoms,0.07032608,0.32481503
2022-06-10,2,Diatoms,0.16366135,0.11879001
2022-06-11,2,Diatoms,0.18317887,0.112409405
2022-06-12,2,Diatoms,0.6201881,0.11120594
2022-06-13,2,Diatoms,0.32491675,0.120701596
2022-06-14,2,Diatoms,0.0875361,0.23359226
2022-06-15,2,Diatoms,0.00999999,0.18114233
2022-06-16,2,Diatoms,0.070499286,0.07433422
2022-06-17,2,Diatoms,0.31225038,0.04416507
2022-06-18,2,Diatoms,0.2925797,0.0962863
2022-06-19,2,Diatoms,0.31209573,0.17302828
2022-06-20,2,Diatoms,0.18069513,0.2242732
2022-06-21,2,Diatoms,0.2057929,0.2909321
2022-06-22,2,Diatoms,0.41216508,0.29012704
2022-06-23,2,Diatoms,0.12479742,0.35919988
2022-06-24,2,Diatoms,0.16134341,0.4441689
2022-06-25,2,Diatoms,0.5027806,0.22361778
2022-06-26,2,Diatoms,0.67503256,0.30772585
2022-06-27,2,Diatoms,0.65611875,0.6458099
2022-06-28,2,Diatoms,0.6393343,0.60926646
2022-06-29,2,Diatoms,0.77931786,0.60220325
2022-06-30,2,Diatoms,0.70635045,0.6625717
2022-07-01,2,Diatoms,0.6432875,0.6094319
2022-07-02,2,Diatoms,0.84127444,0.6600272
2022-07-03,2,Diatoms,0.65773517,0.6100519
2022-07-04,2,Diatoms,0.673903,0.6376484
2022-07-05,2,Diatoms,0.49931207,0.5067651
2022-07-06,2,Diatoms,0.48018092,0.5148094
2022-07-07,2,Diatoms,0.36509007,0.3988619
2022-07-08,2,Diatoms,0.4210155,0.40180305
2022-07-09,2,Diatoms,0.43833014,0.35329553
2022-07-10,2,Diatoms,0.68257874,0.39261425
2022-07-11,2,Diatoms,0.8123347,0.42004964
2022-07-12,2,Diatoms,0.9596522,0.64264053
2022-07-13,2,Diatoms,1.1758261,0.83133817
2022-07-14,2,Diatoms,1.001128,0.9535624
2022-07-15,2,Diatoms,0.636442,1.1225187
2022-07-16,2,Diatoms,2.5314977,1.2396544
2022-07-17,2,Diatoms,2.491003,1.0263175
2022-07-18,2,Diatoms,2.4505084,1.6518945
2022-07-19,2,Diatoms,1.1627918,1.6287878
2022-07-20,2,Diatoms,1.0163498,1.5080857
2022-07-21,2,Diatoms,0.6194271,0.9130901
2022-07-22,2,Diatoms,0.48063365,0.8197754
2022-07-23,2,Diatoms,0.6871731,0.6500357
2022-07-24,2,Diatoms,1.1602412,0.45322806
2022-07-25,2,Diatoms,0.6668863,0.54571223
2022-07-26,2,Diatoms,0.3436324,0.88444984
2022-07-27,2,Diatoms,0.35722464,0.47588703
2022-07-28,2,Diatoms,0.43895075,0.3130388
2022-07-29,2,Diatoms,0.43487385,0.3112587
2022-07-30,2,Diatoms,0.44030568,0.32189745
2022-07-31,2,Diatoms,0.4457375,0.3834417
2022-08-01,2,Diatoms,0.45116934,0.3686884
2022-08-02,2,Diatoms,0.45660123,0.38310257
2022-08-03,2,Diatoms,0.46203306,0.38913897
2022-08-04,2,Diatoms,0.4674649,0.38077646
2022-08-05,2,Diatoms,0.47289675,0.3844832
2022-08-06,2,Diatoms,0.47832856,0.3827071
2022-08-07,2,Diatoms,0.48376042,0.36903742
2022-08-08,2,Diatoms,0.48919225,0.3986663
2022-08-09,2,Diatoms,0.4946241,0.39664954
2022-08-10,2,Diatoms,0.50005597,0.4088264
2022-08-11,2,Diatoms,0.5054878,0.42730948
2022-08-12,2,Diatoms,0.51091963,0.43881014
2022-08-13,2,Diatoms,0.51635146,0.45200548
2022-08-14,2,Diatoms,0.5217833,0.43373108
2022-08-15,2,Diatoms,0.5272152,0.45015088
2022-08-16,2,Diatoms,0.532647,0.48913231
2022-08-17,2,Diatoms,0.53807884,0.49525937
2022-08-18,2,Diatoms,0.5435107,0.49296764
2022-08-19,2,Diatoms,0.5489425,0.49727374
2022-08-20,2,Diatoms,0.5543744,0.49701476
2022-08-21,2,Diatoms,0.5598062,0.49013627
2022-08-22,2,Diatoms,0.56523806,0.49427512
2022-08-23,2,Diatoms,0.5706699,0.48645014
2022-08-24,2,Diatoms,0.5761018,0.50118005
2022-08-25,2,Diatoms,0.58153355,0.5170701
2022-08-26,2,Diatoms,0.58696544,0.5055277
2022-08-27,2,Diatoms,0.5923973,0.5346276
2022-08-28,2,Diatoms,0.5978291,0.5194984
2022-08-29,2,Diatoms,0.60326093,0.5228485
2022-08-30,2,Diatoms,0.6086928,0.51875156
2022-08-31,2,Diatoms,0.61412466,0.5409901
2022-09-01,2,Diatoms,0.6195565,0.5734582
2022-09-02,2,Diatoms,0.6249883,0.57364506
2022-09-03,2,Diatoms,0.63042015,0.5209413
2022-09-04,2,Diatoms,0.63585204,0.5017013
2022-09-05,2,Diatoms,0.64128387,0.51979715
2022-09-06,2,Diatoms,0.6467157,0.5342568
2022-09-07,2,Diatoms,0.65214753,0.56366056
2022-09-08,2,Diatoms,0.65757936,0.6489866
2022-09-09,2,Diatoms,0.66301125,0.6505167
2022-09-10,2,Diatoms,0.6463696,0.6367148
2022-09-11,2,Diatoms,0.7992899,0.6091751
2022-09-12,2,Diatoms,0.9156512,0.61132294
2022-09-13,2,Diatoms,0.9179058,0.74793535
2022-09-14,2,Diatoms,1.2582536,0.7150473
2022-09-15,2,Diatoms,1.2465967,0.80182385
2022-09-16,2,Diatoms,0.8933671,1.0608742
2022-09-17,2,Diatoms,0.69211286,1.1639923
2022-09-18,2,Diatoms,1.4530001,0.8532334
2022-09-19,2,Diatoms,1.5097682,0.798448
2022-09-20,2,Diatoms,0.7957029,1.321293
2022-09-21,2,Diatoms,0.50666904,1.1423662
2022-09-22,2,Diatoms,0.5787265,0.7010245
2022-09-23,2,Diatoms,0.64563674,0.56922764
2022-09-24,2,Diatoms,1.1064084,0.5757866
2022-09-25,2,Diatoms,0.5949674,0.6119994
2022-09-26,2,Diatoms,0.49298552,0.89401305
2022-09-27,2,Diatoms,0.72891384,0.68446666
2022-09-28,2,Diatoms,0.44895002,0.62582904
2022-09-29,2,Diatoms,0.8703324,0.7180237
2022-09-30,2,Diatoms,1.7480268,0.7197902
2022-10-01,2,Diatoms,0.6184287,0.81589335
2022-10-02,2,Diatoms,0.47368115,0.94951206
2022-10-03,2,Diatoms,0.8446382,0.48115006
2022-10-04,2,Diatoms,0.74377716,0.4135141
2022-10-05,2,Diatoms,0.5391014,0.5447959
2022-10-06,2,Diatoms,0.45168117,0.559125
2022-10-07,2,Diatoms,0.39461592,0.41684154
2022-10-08,2,Diatoms,0.33,0.36614797
2022-10-09,2,Diatoms,0.4629638,0.32046863
2022-10-10,2,Diatoms,0.6053952,0.30023253
2022-10-11,2,Diatoms,0.75984794,0.42622197
2022-10-12,2,Diatoms,0.66441303,0.4730213
2022-10-13,2,Diatoms,0.686058,0.52175826
2022-10-14,2,Diatoms,0.80112964,0.4903467
2022-10-15,2,Diatoms,0.98522115,0.478917
2022-10-16,2,Diatoms,1.3000796,0.57905346
2022-10-17,2,Diatoms,0.6061405,0.7324127
2022-10-18,2,Diatoms,0.56499636,0.9476356
2022-10-19,2,Diatoms,0.4368863,0.5974689
2022-10-20,2,Diatoms,0.2988061,0.5514696
2022-10-21,2,Diatoms,0.21184783,0.4624154
2022-10-22,2,Diatoms,0.35266715,0.4061498
2022-10-23,2,Diatoms,0.5553931,0.30690053
2022-10-24,2,Diatoms,0.49552098,0.6067466
2022-10-25,2,Diatoms,0.5343777,0.40997523
2022-10-26,2,Diatoms,0.35753626,0.37598723
2022-10-27,2,Diatoms,0.34656295,0.34688476
2022-10-28,2,Diatoms,0.30460203,0.29598826
2022-10-29,2,Diatoms,0.42416367,0.32775342
2022-10-30,2,Diatoms,0.5319609,0.334272
2022-10-31,2,Diatoms,0.47380608,0.34309188
2022-11-01,2,Diatoms,0.3335658,0.36248884
2022-11-02,2,Diatoms,0.19973171,0.30648834
2022-11-03,2,Diatoms,0.10726287,0.28830582
2022-11-04,2,Diatoms,0.12773186,0.24905714
2022-11-05,2,Diatoms,0.14397249,0.2133484
2022-11-06,2,Diatoms,0.3727062,0.1617612
2022-11-07,2,Diatoms,0.24949883,0.14858596
2022-11-08,2,Diatoms,0.17052859,0.29450816
2022-11-09,2,Diatoms,0.4395582,0.27943853
2022-11-10,2,Diatoms,0.5821635,0.5468647
2022-11-11,2,Diatoms,1.1037074,0.5450435
2022-11-12,2,Diatoms,1.3362005,0.5687766
2022-11-13,2,Diatoms,1.5686936,0.97148186
2022-11-14,2,Diatoms,1.8011867,1.3035583
2022-11-15,2,Diatoms,1.0413604,1.3879954
2022-11-16,2,Diatoms,0.6664446,1.345079
2022-11-17,2,Diatoms,0.56459814,0.8319061
2022-11-18,2,Diatoms,0.5269682,0.5235523
2022-11-19,2,Diatoms,0.56615216,0.4632953
2022-11-20,2,Diatoms,0.50482637,0.4151089
2022-11-21,2,Diatoms,0.48349023,0.4747823
2022-11-22,2,Diatoms,0.5621144,0.45564002
2022-11-23,2,Diatoms,0.6525436,0.43575117
2022-11-24,2,Diatoms,0.64795226,0.47289994
2022-11-25,2,Diatoms,0.4058798,0.54437584
2022-11-26,2,Diatoms,0.57193923,0.49758756
2022-11-27,2,Diatoms,0.5968768,0.39554638
2022-11-28,2,Diatoms,0.6506368,0.4356069
2022-11-29,2,Diatoms,0.3529761,0.41118002
2022-11-30,2,Diatoms,0.2664327,0.40275288
2022-12-01,2,Diatoms,0.48696816,0.29819942
2022-12-02,2,Diatoms,0.37245104,0.24878919
2022-12-03,2,Diatoms,0.22664014,0.26667812
2022-12-04,2,Diatoms,0.24682838,0.24700485
2022-12-05,2,Diatoms,0.49799857,0.19127014
2022-12-06,2,Diatoms,0.2150834,0.17098582
2022-12-07,2,Diatoms,0.3077118,0.23581298
2022-12-08,2,Diatoms,0.46886232,0.15735313
2022-12-09,2,Diatoms,0.34040272,0.17318702
2022-12-10,2,Diatoms,0.23150615,0.1975629
2022-12-11,2,Diatoms,0.2485228,0.20481768
2022-12-12,2,Diatoms,0.100224294,0.14266507
2022-12-13,2,Diatoms,0.097241126,0.068032205
2022-12-14,2,Diatoms,0.18076141,0.0208845
2022-12-15,2,Diatoms,0.1364058,0.00021509318
2022-12-16,2,Diatoms,0.1688921,0.0077255275
2022-12-17,2,Diatoms,0.07955106,0.0035657084
2022-12-18,2,Diatoms,0.044279505,0.003140842
2022-12-19,2,Diatoms,0.059782602,-0.00907947
2022-12-20,2,Diatoms,0.025749467,-0.02985609
2022-12-21,2,Diatoms,0.041604955,-0.022903224
2022-12-22,2,Diatoms,0.036862336,-0.021010684
2022-12-23,2,Diatoms,0.03179711,-0.0046681706
2022-12-24,2,Diatoms,0.05029688,-0.020618608
2022-12-25,2,Diatoms,0.027907314,-0.022684624
2022-12-26,2,Diatoms,0.03900145,-0.008887767
2022-12-27,2,Diatoms,0.016070925,0.007762579
2022-12-28,2,Diatoms,0.035910055,0.02544786
2022-12-29,2,Diatoms,0.040795974,0.010019969
2022-12-30,2,Diatoms,0.08236955,0.04288757
2022-12-31,2,Diatoms,0.041826066,0.07507835
2023-01-01,2,Diatoms,0.023299549,0.109143645
2023-01-02,2,Diatoms,0.03492386,0.12965527
2023-01-03,2,Diatoms,0.011443076,0.14240171
2023-01-04,2,Diatoms,1.25147,0.15003347
2023-01-05,2,Diatoms,2.2523189,0.16983397
2023-01-06,2,Diatoms,1.7352643,1.1722151
2023-01-07,2,Diatoms,2.1625798,2.3228889
2023-01-08,2,Diatoms,2.1771433,2.0359604
2023-01-09,2,Diatoms,2.191707,2.274915
2023-01-10,2,Diatoms,2.2062707,2.114731
2023-01-11,2,Diatoms,2.2208343,2.1780524
2023-01-12,2,Diatoms,2.2353978,2.0969398
2023-01-13,2,Diatoms,2.3978655,2.018894
2023-01-14,2,Diatoms,1.806136,1.9083313
2023-01-15,2,Diatoms,1.301289,2.071025
2023-01-16,2,Diatoms,1.0665315,1.6433047
2023-01-17,2,Diatoms,1.3206512,1.0647097
2023-01-18,2,Diatoms,0.77586955,1.1317434
2023-01-19,2,Diatoms,0.52627534,1.2420989
2023-01-20,2,Diatoms,0.7003838,0.81270033
2023-01-21,2,Diatoms,0.82269174,0.67222613
2023-01-22,2,Diatoms,1.4449638,0.7864921
2023-01-23,2,Diatoms,1.8569906,0.89729214
2023-01-24,2,Diatoms,0.7206517,1.4975599
2023-01-25,2,Diatoms,0.3520275,1.9010174
2023-01-26,2,Diatoms,0.39130428,0.8714705
2023-01-27,2,Diatoms,0.3816727,0.6379922
2023-01-28,2,Diatoms,0.17257783,0.60348034
2023-01-29,2,Diatoms,0.62386763,0.5883815
2023-01-30,2,Diatoms,0.45021045,0.37125695
2023-01-31,2,Diatoms,0.3675629,0.545231
2023-02-01,2,Diatoms,0.26353857,0.47656184
2023-02-02,2,Diatoms,0.23525697,0.62150466
2023-02-03,2,Diatoms,0.72841716,0.68985635
2023-02-04,2,Diatoms,0.77529854,0.8258042
2023-02-05,2,Diatoms,1.6153374,1.0714397
2023-02-06,2,Diatoms,2.327632,1.3337601
2023-02-07,2,Diatoms,2.7446294,1.8969193
2023-02-08,2,Diatoms,2.4849129,2.1098063
2023-02-09,2,Diatoms,1.6499403,2.3082936
2023-02-10,2,Diatoms,1.1325558,2.0778747
2023-02-11,2,Diatoms,1.4423522,1.6418099
2023-02-12,2,Diatoms,1.211661,1.1318332
2023-02-13,2,Diatoms,0.8997852,1.3239781
2023-02-14,2,Diatoms,1.3638128,1.2218008
2023-02-15,2,Diatoms,1.0748056,1.1350007
2023-02-16,2,Diatoms,1.0081502,1.2298561
2023-02-17,2,Diatoms,1.0325986,1.0756528
2023-02-18,2,Diatoms,1.1148239,1.0278028
2023-02-19,2,Diatoms,1.0561261,1.0347055
2023-02-20,2,Diatoms,0.93481565,1.075065
2023-02-21,2,Diatoms,0.6247198,1.0510283
2023-02-22,2,Diatoms,0.54212743,0.9557326
2023-02-23,2,Diatoms,0.6839636,0.74186903
2023-02-24,2,Diatoms,0.4634569,0.6187903
2023-02-25,2,Diatoms,0.56888413,0.6571735
2023-02-26,2,Diatoms,0.58474815,0.5558743
2023-02-27,2,Diatoms,0.5983531,0.5268052
2023-02-28,2,Diatoms,0.780646,0.50777745
2023-03-01,2,Diatoms,0.6908178,0.52414775
2023-03-02,2,Diatoms,0.48339912,0.6760681
2023-03-03,2,Diatoms,0.6615258,0.6651806
2023-03-04,2,Diatoms,0.6948343,0.57179236
2023-03-05,2,Diatoms,0.67758507,0.57158405
2023-03-06,2,Diatoms,0.63678294,0.58484465
2023-03-07,2,Diatoms,0.52899224,0.5567423
2023-03-08,2,Diatoms,0.2782095,0.51810586
2023-03-09,2,Diatoms,0.2379022,0.47792932
2023-03-10,2,Diatoms,0.24600475,0.35634342
2023-03-11,2,Diatoms,0.22746606,0.298671
2023-03-12,2,Diatoms,0.148354,0.2692056
2023-03-13,2,Diatoms,0.20024918,0.24285273
2023-03-14,2,Diatoms,0.21559194,0.19974415
2023-03-15,2,Diatoms,0.12942213,0.1838312
2023-03-16,2,Diatoms,0.0686136,0.16600952
2023-03-17,2,Diatoms,0.046203956,0.14435673
2023-03-18,2,Diatoms,0.06911584,0.13671969
2023-03-19,2,Diatoms,0.06594145,0.11637808
2023-03-20,2,Diatoms,0.08989181,0.12504248
2023-03-21,2,Diatoms,0.085748605,0.11474576
2023-03-22,2,Diatoms,0.28884763,0.15123871
2023-03-23,2,Diatoms,0.2221187,0.12557708
2023-03-24,2,Diatoms,0.21892524,0.21461658
2023-03-25,2,Diatoms,0.21573174,0.28251877
2023-03-26,2,Diatoms,0.21253829,0.22934324
2023-03-27,2,Diatoms,0.2093448,0.14135174
2023-03-28,2,Diatoms,0.20615135,0.15858826
2023-03-29,2,Diatoms,0.20295787,0.13103147
2023-03-30,2,Diatoms,0.19976442,0.10701813
2023-03-31,2,Diatoms,0.19657092,0.09127522
2023-04-01,2,Diatoms,0.19337748,0.057784706
2023-04-02,2,Diatoms,0.19018398,0.05575536
2023-04-03,2,Diatoms,0.18699051,0.07920126
2023-04-04,2,Diatoms,0.18379708,0.081066914
2023-04-05,2,Diatoms,0.18060356,0.09085655
2023-04-06,2,Diatoms,0.17741013,0.07520951
2023-04-07,2,Diatoms,0.17421666,0.08268796
2023-04-08,2,Diatoms,0.17102316,0.0600273
2023-04-09,2,Diatoms,0.16782972,0.04678556
2023-04-10,2,Diatoms,0.16463624,0.062704355
2023-04-11,2,Diatoms,0.16144276,0.06016121
2023-04-12,2,Diatoms,0.1582493,0.05700116
2023-04-13,2,Diatoms,0.15505582,0.042527746
2023-04-14,2,Diatoms,0.15186235,0.042415787
2023-04-15,2,Diatoms,0.1486689,0.050803754
2023-04-16,2,Diatoms,0.14547545,0.12047343
2023-04-17,2,Diatoms,0.14228193,0.14203258
2023-04-18,2,Diatoms,0.13908851,0.0946371
2023-04-19,2,Diatoms,0.135895,0.12054368
2023-04-20,2,Diatoms,0.13270152,0.04017136
2023-04-21,2,Diatoms,0.12950805,0.017854204
2023-04-22,2,Diatoms,0.1263146,0.01709465
2023-04-23,2,Diatoms,0.12312116,0.028585393
2023-04-24,2,Diatoms,0.11992765,0.019280626
2023-04-25,2,Diatoms,0.11673419,0.019695424
2023-04-26,2,Diatoms,0.11354073,0.010205916
2023-04-27,2,Diatoms,0.19252734,0.033241495
2023-04-28,2,Diatoms,0.20898043,0.03957038
2023-04-29,2,Diatoms,0.31545156,0.053640634
2023-04-30,2,Diatoms,0.7253979,0.14648874
2023-05-01,2,Diatoms,0.17739198,0.22024235
2023-05-02,2,Diatoms,0.06145501,0.29832762
2023-05-03,2,Diatoms,0.0011290128,0.14039709
2023-05-04,2,Diatoms,0.013037348,0.14797692
2023-05-05,2,Diatoms,0.001333334,0.09302991
2023-05-06,2,Diatoms,0.0025992414,0.08981522
2023-05-07,2,Diatoms,0.0024023082,0.07963275
2023-05-08,2,Diatoms,0.0022054135,0.034256697
2023-05-09,2,Diatoms,0.0020085066,-0.008583907
2023-05-10,2,Diatoms,0.0018115873,-0.046808247
2023-05-11,2,Diatoms,0.0016146557,-0.053148042
2023-05-12,2,Diatoms,0.0014177121,-0.046927676
2023-05-13,2,Diatoms,0.0012208071,-0.028587181
2023-05-14,2,Diatoms,0.00102389,0.01151272
2023-05-15,2,Diatoms,0.0008269606,0.03968801
2023-05-16,2,Diatoms,0.00063007005,0.03563016
2023-05-17,2,Diatoms,0.00043311645,0.019451741
2023-05-18,2,Diatoms,0.00023620162,0.026603553
2023-05-19,2,Diatoms,3.9274695e-05,-0.0003160823
2023-05-20,2,Diatoms,0.014928947,0.005351326
2023-05-21,2,Diatoms,0.00067082915,-0.0031072008
2023-05-22,2,Diatoms,0.0005596996,-0.006562094
2023-05-23,2,Diatoms,0.00044858234,0.021494988
2023-05-24,2,Diatoms,0.00033747742,-0.0062777856
2023-05-25,2,Diatoms,0.00022638487,-0.0031908934
2023-05-26,2,Diatoms,0.00011525379,0.0026129563
2023-05-27,2,Diatoms,0.058466077,0.0282829
2023-05-28,2,Diatoms,0.19238804,0.051274363
2023-05-29,2,Diatoms,0.20135932,0.08831206
2023-05-30,2,Diatoms,0.16988994,0.21649355
2023-05-31,2,Diatoms,0.45917562,0.2533842
2023-06-01,2,Diatoms,0.64845806,0.20866545
2023-06-02,2,Diatoms,0.4172468,0.3173727
2023-06-03,2,Diatoms,0.54917574,0.3553561
2023-06-04,2,Diatoms,0.28157726,0.24403606
2023-06-05,2,Diatoms,0.16293786,0.19326049
2023-06-06,2,Diatoms,0.26643953,0.13894515
2023-06-07,2,Diatoms,0.45171347,0.09095796
2023-06-08,2,Diatoms,0.33858457,0.12533721
2023-06-09,2,Diatoms,0.10163539,0.19596107
2023-06-10,2,Diatoms,0.0039979536,0.19490527
2023-06-11,2,Diatoms,0.0020153343,0.12935993
2023-06-12,2,Diatoms,3.2714524e-05,0.06981849
2023-06-13,2,Diatoms,0.00047412192,0.04650086
2023-06-14,2,Diatoms,0.02020927,0.03217249
2023-06-15,2,Diatoms,0.046250667,0.01104382
2023-06-16,2,Diatoms,1.0186506e-05,0.026148947
2023-06-17,2,Diatoms,0.04055767,0.043277223
2023-06-18,2,Diatoms,0.18069921,0.045538932
2023-06-19,2,Diatoms,0.08742085,0.064761296
2023-06-20,2,Diatoms,0.1564024,0.137864
2023-06-21,2,Diatoms,0.27892652,0.12337094
2023-06-22,2,Diatoms,0.46939066,0.13491097
2023-06-23,2,Diatoms,0.71619415,0.17780846
2023-06-24,2,Diatoms,0.55189675,0.23211345
2023-06-25,2,Diatoms,0.38463646,0.2916956
2023-06-26,2,Diatoms,0.504574,0.26895425
2023-06-27,2,Diatoms,0.6774582,0.28684208
2023-06-28,2,Diatoms,0.32230452,0.3507992
2023-06-29,2,Diatoms,0.30768082,0.43442428
2023-06-30,2,Diatoms,0.2930571,0.47516122
2023-07-01,2,Diatoms,0.2784334,0.43446842
2023-07-02,2,Diatoms,0.26380974,0.33490783
2023-07-03,2,Diatoms,0.24918607,0.26265496
2023-07-04,2,Diatoms,0.23456237,0.20075545
2023-07-05,2,Diatoms,0.21993868,0.1481199
2023-07-06,2,Diatoms,0.20531496,0.15625404
2023-07-07,2,Diatoms,0.19069128,0.14458038
2023-07-08,2,Diatoms,0.17606762,0.11163005
2023-07-09,2,Diatoms,0.16144393,0.097684525
2023-07-10,2,Diatoms,0.14682025,0.08282489
2023-07-11,2,Diatoms,0.13219653,0.06759807
2023-07-12,2,Diatoms,0.117572874,0.038136892
2023-07-13,2,Diatoms,0.10294919,0.017799962
2023-07-14,2,Diatoms,0.088325456,0.0036208772
2023-07-15,2,Diatoms,0.07370176,-0.0029638272
2023-07-16,2,Diatoms,0.059078086,-0.019951709
2023-07-17,2,Diatoms,0.04445439,-0.034062434
2023-07-18,2,Diatoms,0.029830711,-0.045163438
2023-07-19,2,Diatoms,0.015207016,-0.043871522
2023-07-20,2,Diatoms,0.0005833085,-0.042032067
2023-07-21,2,Diatoms,0.0006266608,-0.03986976
2023-07-22,2,Diatoms,0.000670015,-0.011604943
2023-07-23,2,Diatoms,0.00071332016,0.013733455
2023-07-24,2,Diatoms,0.0007566781,0.061483514
2023-07-25,2,Diatoms,0.000799987,0.056674242
2023-07-26,2,Diatoms,0.0008432978,0.041259874
2023-07-27,2,Diatoms,0.00088666135,0.044583354
2023-07-28,2,Diatoms,0.00092997594,0.012226824
2023-07-29,2,Diatoms,0.00097329234,-0.025047123
2023-07-30,2,Diatoms,0.0010166107,-0.053699672
2023-07-31,2,Diatoms,0.0010599818,-0.052912176
2023-08-01,2,Diatoms,0.0011033037,-0.037302643
2023-08-02,2,Diatoms,0.0011466277,-0.04203012
2023-08-03,2,Diatoms,0.0011899535,-0.033272162
2023-08-04,2,Diatoms,0.0012332812,-0.015692526
2023-08-05,2,Diatoms,0.0012766108,0.010779639
2023-08-06,2,Diatoms,0.0013199422,0.013457233
2023-08-07,2,Diatoms,0.0013632755,0.00039648765
2023-08-08,2,Diatoms,0.0014066106,-0.013330542
2023-08-09,2,Diatoms,0.0014499477,-0.03726299
2023-08-10,2,Diatoms,0.0014932866,-0.03914263
2023-08-11,2,Diatoms,0.0015365764,-0.038629886
2023-08-12,2,Diatoms,0.0015799191,-0.052168943
2023-08-13,2,Diatoms,0.0016232637,-0.06519499
2023-08-14,2,Diatoms,0.0016666101,-0.07452454
2023-08-15,2,Diatoms,0.0017099074,-0.06819019
2023-08-16,2,Diatoms,0.0017532577,-0.049428668
2023-08-17,2,Diatoms,0.0009180655,-0.047203165
2023-08-18,2,Diatoms,0.00088487996,-0.046560477
2023-08-19,2,Diatoms,0.00085169554,-0.06600514
2023-08-20,2,Diatoms,0.0008184613,-0.07729158
2023-08-21,2,Diatoms,0.0007852791,-0.07341202
2023-08-22,2,Diatoms,0.0007520979,-0.06265131
2023-08-23,2,Diatoms,0.00071891793,-0.057213124
2023-08-24,2,Diatoms,0.0006856881,-0.049571544
2023-08-25,2,Diatoms,0.00065251027,-0.034298327
2023-08-26,2,Diatoms,0.0006193335,-0.021399567
2023-08-27,2,Diatoms,0.000586107,-0.006434678
2023-08-28,2,Diatoms,0.00055293244,-0.01402476
2023-08-29,2,Diatoms,0.00051970815,0.0046719084
2023-08-30,2,Diatoms,0.00048653584,-0.00019701694
2023-08-31,2,Diatoms,0.0004533646,0.010483513
2023-09-01,2,Diatoms,0.0004201436,0.017187752
2023-09-02,2,Diatoms,0.00038697457,0.024656534
2023-09-03,2,Diatoms,0.00035375578,0.008782396
2023-09-04,2,Diatoms,0.00032053806,0.027458297
2023-09-05,2,Diatoms,0.00028737236,0.0064908173
2023-09-06,2,Diatoms,0.00025415685,0.0036102107
2023-09-07,2,Diatoms,0.00022099333,0.017635697
2023-09-08,2,Diatoms,0.00018778004,0.02267306
2023-09-09,2,Diatoms,0.00015456785,0.008127831
2023-09-10,2,Diatoms,0.00012140763,0.005415131
2023-09-11,2,Diatoms,8.819765e-05,0.003354962
2023-09-12,2,Diatoms,5.4988774e-05,0.015695667
2023-09-13,2,Diatoms,0.006004396,0.020595277
2023-09-14,2,Diatoms,0.058510374,0.033933714
2023-09-15,2,Diatoms,0.08269159,0.0333263
2023-09-16,2,Diatoms,0.08045972,0.0487766
2023-09-17,2,Diatoms,0.063173585,0.092046306
2023-09-18,2,Diatoms,0.051945228,0.091898486
2023-09-19,2,Diatoms,0.032293275,0.08044511
2023-09-20,2,Diatoms,0.027173372,0.08075624
2023-09-21,2,Diatoms,0.0074045286,0.07667645
2023-09-22,2,Diatoms,0.0032023643,0.08717375
2023-09-23,2,Diatoms,0.021175211,0.06869398
2023-09-24,2,Diatoms,0.014343121,0.049273085
2023-09-25,2,Diatoms,0.00751109,0.03310069
2023-09-26,2,Diatoms,0.0006790219,0.010896273
2023-09-27,2,Diatoms,0.00043560928,-0.0070552346
2023-09-28,2,Diatoms,0.00037298488,0.00039999787
2023-09-29,2,Diatoms,0.0003104153,-0.0025510318
2023-09-30,2,Diatoms,0.00024779874,0.00061327836
2023-10-01,2,Diatoms,0.00018518609,-0.007396209
2023-10-02,2,Diatoms,0.0006172982,-0.0030571136
2023-10-03,2,Diatoms,9.26222e-05,0.019575078
2023-10-04,2,Diatoms,7.3500174e-05,0.010980532
2023-10-05,2,Diatoms,0.0038750195,0.012272328
2023-10-06,2,Diatoms,0.0032905224,0.022425076
2023-10-07,2,Diatoms,0.03362907,0.0025620237
2023-10-08,2,Diatoms,0.004810269,-0.012330612
2023-10-09,2,Diatoms,0.09438458,-0.0075906743
2023-10-10,2,Diatoms,0.07221674,0.006288667
2023-10-11,2,Diatoms,0.26860738,0.044743363
2023-10-12,2,Diatoms,0.20792258,0.09542081
2023-10-13,2,Diatoms,0.324627,0.17301258
2023-10-14,2,Diatoms,0.7646221,0.228027
2023-10-15,2,Diatoms,1.1357886,0.33609316
2023-10-16,2,Diatoms,0.80728596,0.6150355
2023-10-17,2,Diatoms,0.6686876,0.8186484
2023-10-18,2,Diatoms,0.8290776,0.6853853
2023-10-19,2,Diatoms,0.831133,0.60605747
2023-10-20,2,Diatoms,0.9008971,0.7131722
2023-10-21,2,Diatoms,0.52625555,0.6425968
2023-10-22,2,Diatoms,0.4897043,0.7217392
2023-10-23,2,Diatoms,0.39428222,0.5300274
2023-10-24,2,Diatoms,0.4919137,0.5353124
2023-10-25,2,Diatoms,1.2589972,0.48378342
2023-10-26,2,Diatoms,1.105689,0.5282435
2023-10-27,2,Diatoms,1.0713496,0.7734439
2023-10-28,2,Diatoms,0.5257695,0.76470214
2023-10-29,2,Diatoms,0.43992317,0.7262954
2023-10-30,2,Diatoms,0.5266566,0.5447896
2023-10-31,2,Diatoms,0.6161855,0.4671878
2023-11-01,2,Diatoms,0.81251514,0.47257733
2023-11-02,2,Diatoms,0.6718127,0.4616833
2023-11-03,2,Diatoms,0.5765434,0.5183607
2023-11-04,2,Diatoms,0.22319983,0.44567025
2023-11-05,2,Diatoms,0.42413625,0.46275666
2023-11-06,2,Diatoms,0.2567922,0.32080242
2023-11-07,2,Diatoms,0.2520239,0.35349396
2023-11-08,2,Diatoms,0.00043097974,0.338406
2023-11-09,2,Diatoms,0.10984439,0.29755604
2023-11-10,2,Diatoms,0.5124347,0.18565415
2023-11-11,2,Diatoms,0.33647197,0.19351166
2023-11-12,2,Diatoms,0.66706467,0.2716481
2023-11-13,2,Diatoms,0.15867805,0.27211878
2023-11-14,2,Diatoms,0.10581617,0.3869677
2023-11-15,2,Diatoms,0.052954283,0.25321943
2023-11-16,2,Diatoms,9.241877e-05,0.24539158
2023-11-17,2,Diatoms,0.009337859,0.20222682
2023-11-18,2,Diatoms,0.19977601,0.15066156
2023-11-19,2,Diatoms,0.12343549,0.13609181
2023-11-20,2,Diatoms,0.3071771,0.22110534
2023-11-21,2,Diatoms,0.13698463,0.18555346
2023-11-22,2,Diatoms,0.2949094,0.26125088
2023-11-23,2,Diatoms,1.0000529,0.18818174
2023-11-24,2,Diatoms,0.5650807,0.23350681
2023-11-25,2,Diatoms,0.28637102,0.5642226
2023-11-26,2,Diatoms,0.13317768,0.4943305
2023-11-27,2,Diatoms,0.15024103,0.37793884
2023-11-28,2,Diatoms,0.118733004,0.29412615
2023-11-29,2,Diatoms,0.313295,0.2920276
2023-11-30,2,Diatoms,1.2121061,0.3035472
2023-12-01,2,Diatoms,0.71811897,0.3695486
2023-12-02,2,Diatoms,0.42667028,0.7274081
2023-12-03,2,Diatoms,0.36823797,0.48723593
2023-12-04,2,Diatoms,0.28726888,0.35603648
2023-12-05,2,Diatoms,0.40296897,0.33666497
2023-12-06,2,Diatoms,0.48180538,0.28029916
2023-12-07,2,Diatoms,0.4798209,0.35656828
2023-12-08,2,Diatoms,0.22574307,0.38795164
2023-12-09,2,Diatoms,0.6053398,0.39885518
2023-12-10,2,Diatoms,0.51656085,0.3356645
2023-12-11,2,Diatoms,1.0550815,0.56429416
2023-12-12,2,Diatoms,1.6915069,0.5176206
2023-12-13,2,Diatoms,1.3574413,0.86875093
2023-12-14,2,Diatoms,0.80911356,1.2661189
2023-12-15,2,Diatoms,0.470075,1.0035131
2023-12-16,2,Diatoms,0.33258235,0.75395024
2023-12-17,2,Diatoms,0.0006089024,0.5645868
2023-12-18,2,Diatoms,0.014664732,0.40142214
2023-12-19,2,Diatoms,0.17325234,0.17377028
2023-12-20,2,Diatoms,0.022111505,0.11335167
2023-12-21,2,Diatoms,0.01028164,0.15243372
2023-12-22,2,Diatoms,0.19714954,0.09510802
2023-12-23,2,Diatoms,0.18888706,0.07596453
2023-12-24,2,Diatoms,0.17901944,0.12813641
2023-12-25,2,Diatoms,0.24054842,0.1546259
2023-12-26,2,Diatoms,0.7410379,0.1794392
2023-12-27,2,Diatoms,1.1543852,0.22829431
2023-12-28,2,Diatoms,0.3860073,0.48135743
2020-10-30,3,Diatoms,2.375431,1.6556574
2020-10-31,3,Diatoms,2.506751,1.9771076
2020-11-01,3,Diatoms,3.0380814,2.3904574
2020-11-02,3,Diatoms,2.8482478,2.4347098
2020-11-03,3,Diatoms,2.2271326,1.8790107
2020-11-04,3,Diatoms,2.085131,2.3856595
2020-11-05,3,Diatoms,2.0708182,2.2660985
2020-11-06,3,Diatoms,1.713693,1.7861826
2020-11-07,3,Diatoms,2.1728096,1.8301201
2020-11-08,3,Diatoms,1.2744782,1.7415543
2020-11-09,3,Diatoms,1.0231327,1.9265122
2020-11-10,3,Diatoms,0.7810465,2.4419208
2020-11-11,3,Diatoms,0.89373004,1.2459219
2020-11-12,3,Diatoms,1.3485912,1.2257789
2020-11-13,3,Diatoms,1.0144191,1.1375124
2020-11-14,3,Diatoms,0.7676627,1.2905369
2020-11-15,3,Diatoms,1.5220684,1.5511392
2020-11-16,3,Diatoms,1.7528968,1.4125897
2020-11-17,3,Diatoms,2.7005594,1.3081814
2020-11-18,3,Diatoms,3.551749,1.6473662
2020-11-19,3,Diatoms,3.5550296,2.0769153
2020-11-20,3,Diatoms,3.5583103,2.3472002
2020-11-21,3,Diatoms,3.561591,2.3514159
2020-11-22,3,Diatoms,3.5648715,2.4958127
2020-11-23,3,Diatoms,3.5681524,2.1831715
2020-11-24,3,Diatoms,2.877584,2.1557543
2020-11-25,3,Diatoms,2.570984,2.3021605
2020-11-26,3,Diatoms,2.99432,1.9455308
2020-11-27,3,Diatoms,2.3000507,1.7889097
2020-11-28,3,Diatoms,1.9902606,1.7919172
2020-11-29,3,Diatoms,2.121932,2.4294558
2020-11-30,3,Diatoms,1.2250868,1.6311469
2020-12-01,3,Diatoms,0.79758143,1.5233946
2020-12-02,3,Diatoms,0.55146164,1.6412958
2020-12-03,3,Diatoms,0.69141823,0.9987997
2020-12-04,3,Diatoms,0.4592113,0.92463905
2020-12-05,3,Diatoms,0.6877279,0.8222049
2020-12-06,3,Diatoms,0.72069466,0.75798297
2020-12-07,3,Diatoms,0.6629616,0.6042287
2020-12-08,3,Diatoms,0.32433745,0.6465446
2020-12-09,3,Diatoms,0.891803,0.6611298
2020-12-10,3,Diatoms,1.0413541,0.72584134
2020-12-11,3,Diatoms,0.50121653,0.5725605
2020-12-12,3,Diatoms,0.45125997,0.97467047
2020-12-13,3,Diatoms,1.5000796,1.0098339
2020-12-14,3,Diatoms,0.68109983,0.7186523
2020-12-15,3,Diatoms,1.1050941,0.9336141
2020-12-16,3,Diatoms,1.0165268,1.9798616
2020-12-17,3,Diatoms,0.82747287,0.7631727
2020-12-18,3,Diatoms,0.79755604,1.0907605
2020-12-19,3,Diatoms,0.92849493,1.0959438
2020-12-20,3,Diatoms,0.91774964,1.0555372
2020-12-21,3,Diatoms,1.0702823,1.0389522
2020-12-22,3,Diatoms,1.129609,1.2104744
2020-12-23,3,Diatoms,1.5725508,1.2882258
2020-12-24,3,Diatoms,1.0803404,1.3507506
2020-12-25,3,Diatoms,1.1264446,1.4065509
2020-12-26,3,Diatoms,1.3128096,1.909796
2020-12-27,3,Diatoms,1.272882,1.5261035
2020-12-28,3,Diatoms,3.3631935,1.5463854
2020-12-29,3,Diatoms,3.1568608,1.7180941
2020-12-30,3,Diatoms,2.9505284,1.8163689
2020-12-31,3,Diatoms,3.1884804,2.9592159
2021-01-01,3,Diatoms,1.9716499,2.5630174
2021-01-02,3,Diatoms,1.4403403,2.038587
2021-01-03,3,Diatoms,1.1570333,1.967565
2021-01-04,3,Diatoms,0.9809848,1.2918333
2021-01-05,3,Diatoms,0.84870386,0.9436141
2021-01-06,3,Diatoms,0.7281101,0.8138671
2021-01-07,3,Diatoms,0.2832947,0.66923076
2021-01-08,3,Diatoms,0.31892332,0.54645926
2021-01-09,3,Diatoms,0.18934155,0.51058394
2021-01-10,3,Diatoms,0.38280752,0.3626788
2021-01-11,3,Diatoms,0.20098482,0.22741348
2021-01-12,3,Diatoms,0.08154123,0.16712046
2021-01-13,3,Diatoms,0.30706948,0.18927503
2021-01-14,3,Diatoms,0.6084967,0.18016647
2021-01-15,3,Diatoms,0.8928965,0.19965276
2021-01-16,3,Diatoms,0.62818974,0.28922752
2021-01-17,3,Diatoms,0.10378436,0.46103224
2021-01-18,3,Diatoms,0.0969537,0.68546945
2021-01-19,3,Diatoms,0.4372576,0.77092624
2021-01-20,3,Diatoms,1.0428437,0.60874397
2021-01-21,3,Diatoms,2.229479,0.6748909
2021-01-22,3,Diatoms,2.2929904,1.01231
2021-01-23,3,Diatoms,2.4667873,2.0545568
2021-01-24,3,Diatoms,2.4707308,2.646469
2021-01-25,3,Diatoms,2.4139535,2.4218876
2021-01-26,3,Diatoms,2.5623229,2.5398083
2021-01-27,3,Diatoms,2.6734154,1.9881741
2021-01-28,3,Diatoms,2.784508,2.2826972
2021-01-29,3,Diatoms,1.4483068,2.1095438
2021-01-30,3,Diatoms,1.1406006,2.250051
2021-01-31,3,Diatoms,1.6360753,1.8472369
2021-02-01,3,Diatoms,2.0243301,1.4988794
2021-02-02,3,Diatoms,1.9407675,1.5254658
2021-02-03,3,Diatoms,1.9504924,1.7378153
2021-02-04,3,Diatoms,1.640601,1.9684694
2021-02-05,3,Diatoms,1.878074,1.739345
2021-02-06,3,Diatoms,1.893273,1.5911546
2021-02-07,3,Diatoms,1.6942288,1.5849432
2021-02-08,3,Diatoms,2.2493556,1.7116994
2021-02-09,3,Diatoms,1.7770494,1.6158091
2021-02-10,3,Diatoms,0.68595654,1.5060629
2021-02-11,3,Diatoms,0.9005503,1.622419
2021-02-12,3,Diatoms,1.81,1.4834011
2021-02-13,3,Diatoms,2.2021346,1.0180029
2021-02-14,3,Diatoms,2.594269,0.9276475
2021-02-15,3,Diatoms,2.9864037,1.2073396
2021-02-16,3,Diatoms,2.702113,1.7153766
2021-02-17,3,Diatoms,2.0566425,1.5982258
2021-02-18,3,Diatoms,1.8688567,1.5226555
2021-02-19,3,Diatoms,1.7543334,1.3901774
2021-02-20,3,Diatoms,0.9000724,1.1636926
2021-02-21,3,Diatoms,0.7629161,0.93623644
2021-02-22,3,Diatoms,0.6538233,0.90134895
2021-02-23,3,Diatoms,0.2735771,0.56420875
2021-02-24,3,Diatoms,0.29733527,0.4767983
2021-02-25,3,Diatoms,0.122311585,0.35969806
2021-02-26,3,Diatoms,0.111385085,0.21139328
2021-02-27,3,Diatoms,0.23341587,0.15176114
2021-02-28,3,Diatoms,0.3779776,0.10802079
2021-03-01,3,Diatoms,0.26025468,0.0851629
2021-03-02,3,Diatoms,0.5074762,0.07973965
2021-03-03,3,Diatoms,0.5803401,0.106191985
2021-03-04,3,Diatoms,0.4486614,0.09102831
2021-03-05,3,Diatoms,0.29125902,0.1485734
2021-03-06,3,Diatoms,0.09789437,0.26276627
2021-03-07,3,Diatoms,0.10636036,0.26532975
2021-03-08,3,Diatoms,0.42757422,0.23643209
2021-03-09,3,Diatoms,0.41371924,0.19708118
2021-03-10,3,Diatoms,0.97834295,0.23465876
2021-03-11,3,Diatoms,1.090767,0.4774408
2021-03-12,3,Diatoms,1.6602533,0.6859919
2021-03-13,3,Diatoms,2.7790158,1.2741963
2021-03-14,3,Diatoms,1.716657,1.7879434
2021-03-15,3,Diatoms,2.1587698,2.4396398
2021-03-16,3,Diatoms,1.5231838,2.8491693
2021-03-17,3,Diatoms,0.7664399,1.4681228
2021-03-18,3,Diatoms,0.9175977,1.8647627
2021-03-19,3,Diatoms,0.9093126,1.4989837
2021-03-20,3,Diatoms,0.82787263,1.0720372
2021-03-21,3,Diatoms,0.6657453,1.2846332
2021-03-22,3,Diatoms,0.7944718,1.1342114
2021-03-23,3,Diatoms,0.56832004,1.1005404
2021-03-24,3,Diatoms,0.48747098,0.91766715
2021-03-25,3,Diatoms,0.60059506,0.91808105
2021-03-26,3,Diatoms,0.71678,0.81758606
2021-03-27,3,Diatoms,0.9423606,0.8371005
2021-03-28,3,Diatoms,1.3365387,0.9383955
2021-03-29,3,Diatoms,3.3529541,1.1416997
2021-03-30,3,Diatoms,3.1136181,1.5231321
2021-03-31,3,Diatoms,2.874282,2.1082797
2021-04-01,3,Diatoms,2.6349456,3.1071858
2021-04-02,3,Diatoms,1.4991021,2.775447
2021-04-03,3,Diatoms,1.4968718,2.3702981
2021-04-04,3,Diatoms,1.2935481,1.9446167
2021-04-05,3,Diatoms,0.9018379,1.4724947
2021-04-06,3,Diatoms,0.85719246,1.6160372
2021-04-07,3,Diatoms,1.0202751,1.4121819
2021-04-08,3,Diatoms,1.0912663,1.193257
2021-04-09,3,Diatoms,1.2612445,1.2475867
2021-04-10,3,Diatoms,1.278191,1.4072783
2021-04-11,3,Diatoms,1.2684226,1.2926563
2021-04-12,3,Diatoms,0.7582549,1.4891833
2021-04-13,3,Diatoms,1.1454453,1.5528786
2021-04-14,3,Diatoms,2.0011659,1.7099227
2021-04-15,3,Diatoms,1.1257857,1.9154937
2021-04-16,3,Diatoms,0.57763094,2.0788143
2021-04-17,3,Diatoms,0.7711369,2.2229686
2021-04-18,3,Diatoms,2.797393,1.7242552
2021-04-19,3,Diatoms,2.7909703,1.4701768
2021-04-20,3,Diatoms,2.257118,1.9314337
2021-04-21,3,Diatoms,1.574142,2.5758119
2021-04-22,3,Diatoms,1.2624112,2.3401525
2021-04-23,3,Diatoms,2.9326358,2.115002
2021-04-24,3,Diatoms,2.0435264,1.9417589
2021-04-25,3,Diatoms,3.5338886,2.0658574
2021-04-26,3,Diatoms,3.7416282,2.8019648
2021-04-27,3,Diatoms,3.7256298,2.1386347
2021-04-28,3,Diatoms,2.3611505,2.737896
2021-04-29,3,Diatoms,1.3832923,2.2015789
2021-04-30,3,Diatoms,0.93366134,1.9941986
2021-05-01,3,Diatoms,0.55839366,1.4984448
2021-05-02,3,Diatoms,1.066165,1.1317211
2021-05-03,3,Diatoms,2.7655473,1.1337711
2021-05-04,3,Diatoms,2.1014047,1.4281534
2021-05-05,3,Diatoms,1.7055371,1.8167837
2021-05-06,3,Diatoms,1.1249028,2.579488
2021-05-07,3,Diatoms,1.056713,1.5937505
2021-05-08,3,Diatoms,0.9630414,1.6914625
2021-05-09,3,Diatoms,1.7809696,1.6482736
2021-05-10,3,Diatoms,0.9654414,1.6151639
2021-05-11,3,Diatoms,1.2358177,1.8661429
2021-05-12,3,Diatoms,3.711635,2.5711195
2021-05-13,3,Diatoms,3.3949533,1.8959492
2021-05-14,3,Diatoms,3.0782707,2.379975
2021-05-15,3,Diatoms,2.789964,3.1383674
2021-05-16,3,Diatoms,2.2519102,2.7111182
2021-05-17,3,Diatoms,1.8629305,2.1376815
2021-05-18,3,Diatoms,2.183372,1.9829481
2021-05-19,3,Diatoms,2.1150978,1.7962425
2021-05-20,3,Diatoms,1.7254342,1.7945527
2021-05-21,3,Diatoms,1.5535529,2.0266392
2021-05-22,3,Diatoms,1.9609051,1.77051
2021-05-23,3,Diatoms,2.031506,1.7654182
2021-05-24,3,Diatoms,2.072858,1.714577
2021-05-25,3,Diatoms,2.2005935,2.0871823
2021-05-26,3,Diatoms,1.9350218,1.9241382
2021-05-27,3,Diatoms,1.0838495,2.223314
2021-05-28,3,Diatoms,1.3800538,1.8953915
2021-05-29,3,Diatoms,3.183799,1.9063462
2021-05-30,3,Diatoms,2.7268162,1.8748102
2021-05-31,3,Diatoms,1.4334034,2.0388405
2021-06-01,3,Diatoms,1.6658363,2.4566357
2021-06-02,3,Diatoms,1.4438957,2.0046124
2021-06-03,3,Diatoms,1.0112599,1.573731
2021-06-04,3,Diatoms,1.4206372,1.6667026
2021-06-05,3,Diatoms,1.228291,1.5655069
2021-06-06,3,Diatoms,1.7269298,1.4412588
2021-06-07,3,Diatoms,1.7005137,1.758169
2021-06-08,3,Diatoms,2.6476555,1.6293169
2021-06-09,3,Diatoms,2.045398,1.8926836
2021-06-10,3,Diatoms,1.8383286,1.9659538
2021-06-11,3,Diatoms,1.9921997,2.479774
2021-06-12,3,Diatoms,2.0134249,1.8793005
2021-06-13,3,Diatoms,1.6290804,2.0001762
2021-06-14,3,Diatoms,3.1700435,2.1512473
2021-06-15,3,Diatoms,3.3024917,2.3570924
2021-06-16,3,Diatoms,3.4349394,2.1977336
2021-06-17,3,Diatoms,3.5673878,2.5365775
2021-06-18,3,Diatoms,3.699836,2.7935593
2021-06-19,3,Diatoms,3.8322835,2.8691125
2021-06-20,3,Diatoms,3.964732,2.7281866
2021-06-21,3,Diatoms,2.9807816,2.5165126
2021-06-22,3,Diatoms,1.9287239,2.4316175
2021-06-23,3,Diatoms,1.7428799,2.4435236
2021-06-24,3,Diatoms,1.6203545,2.0209415
2021-06-25,3,Diatoms,1.6847974,1.6680566
2021-06-26,3,Diatoms,1.3992257,1.5570683
2021-06-27,3,Diatoms,0.4449783,1.359517
2021-06-28,3,Diatoms,0.6800145,1.4944928
2021-06-29,3,Diatoms,1.0097902,1.316794
2021-06-30,3,Diatoms,1.7874533,1.2319094
2021-07-01,3,Diatoms,1.6671201,1.3476266
2021-07-02,3,Diatoms,2.0350435,1.6155322
2021-07-03,3,Diatoms,2.1230752,1.8962001
2021-07-04,3,Diatoms,2.6323733,2.0119314
2021-07-05,3,Diatoms,3.4875107,2.215692
2021-07-06,3,Diatoms,3.787234,2.350741
2021-07-07,3,Diatoms,3.39538,2.124318
2021-07-08,3,Diatoms,2.5858839,2.4897032
2021-07-09,3,Diatoms,1.502587,2.289208
2021-07-10,3,Diatoms,1.4255829,2.145942
2021-07-11,3,Diatoms,1.7508472,2.1114485
2021-07-12,3,Diatoms,1.8505718,1.3744682
2021-07-13,3,Diatoms,1.9810565,1.5691302
2021-07-14,3,Diatoms,1.2432224,1.7224544
2021-07-15,3,Diatoms,1.0958611,1.8236861
2021-07-16,3,Diatoms,1.8101519,1.7702583
2021-07-17,3,Diatoms,1.3462229,1.7170537
2021-07-18,3,Diatoms,1.037178,1.5720233
2021-07-19,3,Diatoms,1.2159377,1.9151285
2021-07-20,3,Diatoms,1.6290152,1.7921034
2021-07-21,3,Diatoms,1.2851557,1.4280877
2021-07-22,3,Diatoms,1.1834251,1.6328989
2021-07-23,3,Diatoms,1.1390948,1.7809681
2021-07-24,3,Diatoms,3.5395947,1.4700663
2021-07-25,3,Diatoms,2.8445039,1.7298295
2021-07-26,3,Diatoms,2.449595,2.251827
2021-07-27,3,Diatoms,1.6523589,2.832411
2021-07-28,3,Diatoms,1.1892546,2.2690082
2021-07-29,3,Diatoms,1.4342402,1.9561434
2021-07-30,3,Diatoms,2.093664,1.6351898
2021-07-31,3,Diatoms,1.7546382,1.384928
2021-08-01,3,Diatoms,1.878647,1.7926115
2021-08-02,3,Diatoms,1.6647502,2.0002182
2021-08-03,3,Diatoms,1.9846995,1.998314
2021-08-04,3,Diatoms,1.5800145,2.0069427
2021-08-05,3,Diatoms,1.7049167,1.9438106
2021-08-06,3,Diatoms,1.9504126,1.9679648
2021-08-07,3,Diatoms,1.6051414,1.6690366
2021-08-08,3,Diatoms,1.2363642,1.5261092
2021-08-09,3,Diatoms,1.4518682,1.5018795
2021-08-10,3,Diatoms,1.1323589,1.4028025
2021-08-11,3,Diatoms,1.3369826,1.3548115
2021-08-12,3,Diatoms,1.7825832,1.4813712
2021-08-13,3,Diatoms,1.5437394,1.2815633
2021-08-14,3,Diatoms,1.2472893,1.414579
2021-08-15,3,Diatoms,1.7801247,1.7683551
2021-08-16,3,Diatoms,2.076942,1.485409
2021-08-17,3,Diatoms,2.3432388,1.6698664
2021-08-18,3,Diatoms,0.89847255,1.898966
2021-08-19,3,Diatoms,0.07596541,1.6398448
2021-08-20,3,Diatoms,0.40249383,1.6205175
2021-08-21,3,Diatoms,0.8349361,1.2092634
2021-08-22,3,Diatoms,0.25167596,0.685566
2021-08-23,3,Diatoms,0.27531648,0.7673767
2021-08-24,3,Diatoms,0.63730323,0.82141036
2021-08-25,3,Diatoms,0.6758798,0.7506206
2021-08-26,3,Diatoms,0.8884359,0.6811303
2021-08-27,3,Diatoms,1.1485218,0.8207342
2021-08-28,3,Diatoms,1.5655612,0.94768345
2021-08-29,3,Diatoms,1.4311731,1.039613
2021-08-30,3,Diatoms,1.4924402,1.1967112
2021-08-31,3,Diatoms,1.661136,1.4111623
2021-09-01,3,Diatoms,1.5644573,1.4332812
2021-09-02,3,Diatoms,1.5042185,1.4059784
2021-09-03,3,Diatoms,1.3365774,1.6979644
2021-09-04,3,Diatoms,1.3967222,1.5469966
2021-09-05,3,Diatoms,1.4928075,1.3946466
2021-09-06,3,Diatoms,1.3566715,1.2849487
2021-09-07,3,Diatoms,1.2968574,1.5035533
2021-09-08,3,Diatoms,1.142301,1.5158098
2021-09-09,3,Diatoms,1.7800651,1.2562236
2021-09-10,3,Diatoms,1.6764327,1.2708119
2021-09-11,3,Diatoms,1.0366064,1.2384195
2021-09-12,3,Diatoms,1.1923878,1.7334586
2021-09-13,3,Diatoms,1.3866836,1.4624542
2021-09-14,3,Diatoms,1.4921072,1.3739684
2021-09-15,3,Diatoms,1.5616583,1.4794873
2021-09-16,3,Diatoms,1.3013107,1.4910227
2021-09-17,3,Diatoms,1.0375091,1.5367393
2021-09-18,3,Diatoms,0.8898914,1.4076627
2021-09-19,3,Diatoms,1.0559305,1.3137736
2021-09-20,3,Diatoms,0.92435914,1.120557
2021-09-21,3,Diatoms,0.7065894,1.0951872
2021-09-22,3,Diatoms,0.8529471,1.2201494
2021-09-23,3,Diatoms,0.8713406,1.1074244
2021-09-24,3,Diatoms,0.75830555,0.842717
2021-09-25,3,Diatoms,0.64507604,0.91317403
2021-09-26,3,Diatoms,0.56325126,0.8895669
2021-09-27,3,Diatoms,0.5061839,0.76790124
2021-09-28,3,Diatoms,0.44725558,0.6878732
2021-09-29,3,Diatoms,0.46624187,0.6155955
2021-09-30,3,Diatoms,0.47655323,0.60027486
2021-10-01,3,Diatoms,0.48111513,0.5376466
2021-10-02,3,Diatoms,0.5479639,0.5326445
2021-10-03,3,Diatoms,0.57537013,0.5465536
2021-10-04,3,Diatoms,0.6069845,0.5715029
2021-10-05,3,Diatoms,0.6385989,0.56570184
2021-10-06,3,Diatoms,0.67021334,0.5889782
2021-10-07,3,Diatoms,0.7018277,0.5589122
2021-10-08,3,Diatoms,0.7334421,0.5180834
2021-10-09,3,Diatoms,0.76505655,0.52555287
2021-10-10,3,Diatoms,0.796671,0.57201886
2021-10-11,3,Diatoms,0.82828534,0.6811807
2021-10-12,3,Diatoms,0.89406615,0.7169085
2021-10-13,3,Diatoms,0.68187547,0.6997853
2021-10-14,3,Diatoms,0.68567705,0.80352485
2021-10-15,3,Diatoms,0.39866763,0.8404331
2021-10-16,3,Diatoms,0.69015205,0.7286896
2021-10-17,3,Diatoms,1.0050942,0.75976473
2021-10-18,3,Diatoms,0.83579594,0.7422032
2021-10-19,3,Diatoms,0.79785097,0.871482
2021-10-20,3,Diatoms,0.7915702,0.7814056
2021-10-21,3,Diatoms,0.66277134,0.7802489
2021-10-22,3,Diatoms,0.8927352,0.7975776
2021-10-23,3,Diatoms,0.8913893,0.8720041
2021-10-24,3,Diatoms,1.0786686,0.9139122
2021-10-25,3,Diatoms,1.084113,1.0164922
2021-10-26,3,Diatoms,1.3010275,1.0835134
2021-10-27,3,Diatoms,1.9733285,1.1943123
2021-10-28,3,Diatoms,2.4602606,1.3209032
2021-10-29,3,Diatoms,2.9471924,1.5910798
2021-10-30,3,Diatoms,3.4341245,2.3585212
2021-10-31,3,Diatoms,2.537547,2.5042746
2021-11-01,3,Diatoms,2.7887626,2.2456772
2021-11-02,3,Diatoms,2.4122794,1.9461797
2021-11-03,3,Diatoms,2.988835,1.8066194
2021-11-04,3,Diatoms,2.222851,1.9154329
2021-11-05,3,Diatoms,1.5125543,2.019084
2021-11-06,3,Diatoms,1.3082923,2.2261274
2021-11-07,3,Diatoms,1.3879508,1.6388841
2021-11-08,3,Diatoms,2.011172,1.1557382
2021-11-09,3,Diatoms,1.544508,1.4615057
2021-11-10,3,Diatoms,1.2806373,1.6959482
2021-11-11,3,Diatoms,1.221353,1.7829154
2021-11-12,3,Diatoms,0.9996886,1.5078374
2021-11-13,3,Diatoms,1.166809,1.5556465
2021-11-14,3,Diatoms,0.9016932,1.2988055
2021-11-15,3,Diatoms,0.82410574,1.1809274
2021-11-16,3,Diatoms,0.9349819,1.3763906
2021-11-17,3,Diatoms,0.94172025,1.128353
2021-11-18,3,Diatoms,0.92100614,1.1298769
2021-11-19,3,Diatoms,0.8363867,1.2429981
2021-11-20,3,Diatoms,0.9385735,1.245202
2021-11-21,3,Diatoms,1.2261478,1.2092941
2021-11-22,3,Diatoms,1.0900145,1.0679262
2021-11-23,3,Diatoms,0.8594718,1.1835551
2021-11-24,3,Diatoms,0.8197829,1.5176067
2021-11-25,3,Diatoms,0.8982766,1.3542186
2021-11-26,3,Diatoms,0.93438494,0.99831074
2021-11-27,3,Diatoms,1.194602,1.0696619
2021-11-28,3,Diatoms,1.164385,1.0709652
2021-11-29,3,Diatoms,1.408407,1.1079829
2021-11-30,3,Diatoms,1.8194569,1.2665719
2021-12-01,3,Diatoms,2.0956626,1.3018373
2021-12-02,3,Diatoms,1.9123534,1.5968509
2021-12-03,3,Diatoms,1.8349311,1.8849908
2021-12-04,3,Diatoms,1.4541534,1.7224321
2021-12-05,3,Diatoms,1.6142619,1.6728971
2021-12-06,3,Diatoms,1.6233261,1.7397503
2021-12-07,3,Diatoms,1.421165,1.5040885
2021-12-08,3,Diatoms,1.4636773,1.6241996
2021-12-09,3,Diatoms,1.4945264,1.6590738
2021-12-10,3,Diatoms,1.54445,1.5247507
2021-12-11,3,Diatoms,1.5230969,1.5861342
2021-12-12,3,Diatoms,1.6827589,1.5954665
2021-12-13,3,Diatoms,1.7116281,1.6058292
2021-12-14,3,Diatoms,1.9158539,1.8208653
2021-12-15,3,Diatoms,2.0881534,1.6499625
2021-12-16,3,Diatoms,2.3040404,1.8855225
2021-12-17,3,Diatoms,1.8070529,2.0092404
2021-12-18,3,Diatoms,1.6679001,2.081156
2021-12-19,3,Diatoms,2.2340477,2.0330408
2021-12-20,3,Diatoms,2.1134007,1.6503308
2021-12-21,3,Diatoms,1.8318379,1.6239231
2021-12-22,3,Diatoms,1.6743126,1.8561406
2021-12-23,3,Diatoms,2.6385167,1.6552657
2021-12-24,3,Diatoms,2.2485156,1.6348231
2021-12-25,3,Diatoms,1.8585145,1.683104
2021-12-26,3,Diatoms,1.891042,2.24721
2021-12-27,3,Diatoms,1.4258013,1.8773688
2021-12-28,3,Diatoms,1.448659,1.5395042
2021-12-29,3,Diatoms,1.2661808,1.5401314
2021-12-30,3,Diatoms,1.6195441,1.4131892
2021-12-31,3,Diatoms,1.2491754,1.5101955
2022-01-01,3,Diatoms,1.1136975,1.3026258
2022-01-02,3,Diatoms,0.998314,1.5164112
2022-01-03,3,Diatoms,1.1921651,1.270609
2022-01-04,3,Diatoms,1.7091818,1.2925674
2022-01-05,3,Diatoms,3.6088486,1.170856
2022-01-06,3,Diatoms,3.1050832,1.3428403
2022-01-07,3,Diatoms,2.601318,1.7474979
2022-01-08,3,Diatoms,3.0840986,2.6675265
2022-01-09,3,Diatoms,2.192433,2.1932776
2022-01-10,3,Diatoms,1.8787844,1.7861632
2022-01-11,3,Diatoms,2.3994572,2.209379
2022-01-12,3,Diatoms,1.2720188,1.7198358
2022-01-13,3,Diatoms,1.0562301,1.6934009
2022-01-14,3,Diatoms,0.9689428,1.7817773
2022-01-15,3,Diatoms,0.7713965,1.1349283
2022-01-16,3,Diatoms,0.7500796,1.0094284
2022-01-17,3,Diatoms,0.88829833,0.9091648
2022-01-18,3,Diatoms,0.82818246,0.9899385
2022-01-19,3,Diatoms,0.77960896,1.0120482
2022-01-20,3,Diatoms,0.81703836,1.0347183
2022-01-21,3,Diatoms,0.77738595,1.2419407
2022-01-22,3,Diatoms,1.0765026,1.2408193
2022-01-23,3,Diatoms,1.4015352,1.3458788
2022-01-24,3,Diatoms,2.5588784,1.4746876
2022-01-25,3,Diatoms,3.0085673,1.7024351
2022-01-26,3,Diatoms,2.7863743,2.090601
2022-01-27,3,Diatoms,1.4635597,2.2726283
2022-01-28,3,Diatoms,2.8025064,2.4019287
2022-01-29,3,Diatoms,1.1110301,2.2512825
2022-01-30,3,Diatoms,1.3425798,1.7498598
2022-01-31,3,Diatoms,1.4695957,2.3062594
2022-02-01,3,Diatoms,1.4192059,1.4157081
2022-02-02,3,Diatoms,0.7558678,1.6413515
2022-02-03,3,Diatoms,1.2968768,1.5077395
2022-02-04,3,Diatoms,2.18072,1.426948
2022-02-05,3,Diatoms,1.774446,1.2151713
2022-02-06,3,Diatoms,1.6449122,1.2871526
2022-02-07,3,Diatoms,1.4180886,1.7442293
2022-02-08,3,Diatoms,2.0166342,1.6291593
2022-02-09,3,Diatoms,1.566981,1.442583
2022-02-10,3,Diatoms,1.6986585,1.5845072
2022-02-11,3,Diatoms,1.348436,1.814794
2022-02-12,3,Diatoms,1.4852914,1.6673875
2022-02-13,3,Diatoms,1.1732615,1.6240292
2022-02-14,3,Diatoms,0.8223747,1.4835105
2022-02-15,3,Diatoms,0.9416731,1.8065135
2022-02-16,3,Diatoms,0.8257638,1.6791277
2022-02-17,3,Diatoms,2.2344718,1.311597
2022-02-18,3,Diatoms,2.3571997,1.4183646
2022-02-19,3,Diatoms,2.4799278,1.3891346
2022-02-20,3,Diatoms,1.8584225,2.1154895
2022-02-21,3,Diatoms,1.3062419,2.0801249
2022-02-22,3,Diatoms,1.1708182,2.1371753
2022-02-23,3,Diatoms,1.2594694,1.4720352
2022-02-24,3,Diatoms,1.2043629,1.3427821
2022-02-25,3,Diatoms,1.1634104,1.306863
2022-02-26,3,Diatoms,1.1224579,1.3213062
2022-02-27,3,Diatoms,1.0815053,1.298555
2022-02-28,3,Diatoms,1.0194421,1.2755078
2022-03-01,3,Diatoms,1.0779487,1.3159151
2022-03-02,3,Diatoms,1.3165268,1.2485996
2022-03-03,3,Diatoms,2.2054887,1.1532762
2022-03-04,3,Diatoms,2.7340302,1.2875311
2022-03-05,3,Diatoms,4.0151806,1.8131888
2022-03-06,3,Diatoms,3.2142246,2.2277403
2022-03-07,3,Diatoms,2.413268,2.325109
2022-03-08,3,Diatoms,1.1411803,2.627015
2022-03-09,3,Diatoms,0.93422884,2.3752594
2022-03-10,3,Diatoms,0.7968505,2.0644748
2022-03-11,3,Diatoms,1.9635824,1.346659
2022-03-12,3,Diatoms,3.8723621,1.5379845
2022-03-13,3,Diatoms,3.7886758,1.9260061
2022-03-14,3,Diatoms,3.7049897,2.958564
2022-03-15,3,Diatoms,3.6213036,2.8269188
2022-03-16,3,Diatoms,3.5376167,2.7143095
2022-03-17,3,Diatoms,3.4539306,2.576699
2022-03-18,3,Diatoms,3.3702443,2.552261
2022-03-19,3,Diatoms,3.286558,2.469448
2022-03-20,3,Diatoms,3.8933792,2.4295347
2022-03-21,3,Diatoms,3.6404781,2.4027975
2022-03-22,3,Diatoms,2.820116,2.2903848
2022-03-23,3,Diatoms,1.9487193,2.337531
2022-03-24,3,Diatoms,1.2148008,1.8461759
2022-03-25,3,Diatoms,0.802643,1.6730893
2022-03-26,3,Diatoms,0.9294931,1.230224
2022-03-27,3,Diatoms,1.1773057,0.9950667
2022-03-28,3,Diatoms,1.2790086,0.957044
2022-03-29,3,Diatoms,0.85883504,0.9495598
2022-03-30,3,Diatoms,0.7176298,1.0010021
2022-03-31,3,Diatoms,0.7616727,1.2079678
2022-04-01,3,Diatoms,0.97343975,0.83583593
2022-04-02,3,Diatoms,0.60815275,0.7945565
2022-04-03,3,Diatoms,0.5334395,0.8523956
2022-04-04,3,Diatoms,0.59590155,0.9977208
2022-04-05,3,Diatoms,0.6571332,0.69456434
2022-04-06,3,Diatoms,0.7156345,0.6750686
2022-04-07,3,Diatoms,0.74620116,0.7429262
2022-04-08,3,Diatoms,0.95508325,0.86303425
2022-04-09,3,Diatoms,1.3922431,0.8341903
2022-04-10,3,Diatoms,1.1859667,1.0432965
2022-04-11,3,Diatoms,1.46389,1.3866192
2022-04-12,3,Diatoms,1.5720646,1.714995
2022-04-13,3,Diatoms,2.5351775,1.6203247
2022-04-14,3,Diatoms,3.772026,1.883018
2022-04-15,3,Diatoms,2.910514,2.3238316
2022-04-16,3,Diatoms,2.0152194,2.5811346
2022-04-17,3,Diatoms,1.1619052,2.7816176
2022-04-18,3,Diatoms,0.07279764,2.0845296
2022-04-19,3,Diatoms,0.86195654,1.693812
2022-04-20,3,Diatoms,0.60821867,1.2638421
2022-04-21,3,Diatoms,0.63115996,0.7833224
2022-04-22,3,Diatoms,0.9451232,1.035131
2022-04-23,3,Diatoms,3.9995506,1.0505198
2022-04-24,3,Diatoms,1.921622,1.0648863
2022-04-25,3,Diatoms,2.3708055,1.5448612
2022-04-26,3,Diatoms,2.9904463,2.9266157
2022-04-27,3,Diatoms,3.6100872,2.084189
2022-04-28,3,Diatoms,2.1844156,2.1006951
2022-04-29,3,Diatoms,1.9158579,2.1187303
2022-04-30,3,Diatoms,1.5144131,2.225642
2022-05-01,3,Diatoms,1.066942,1.7349789
2022-05-02,3,Diatoms,0.9111449,1.4633919
2022-05-03,3,Diatoms,0.7083406,1.1916119
2022-05-04,3,Diatoms,0.7547319,1.0186095
2022-05-05,3,Diatoms,1.0172391,0.91898286
2022-05-06,3,Diatoms,2.4381146,0.95344996
2022-05-07,3,Diatoms,3.9056737,1.2706293
2022-05-08,3,Diatoms,3.2241905,1.4691281
2022-05-09,3,Diatoms,2.5427072,2.3596337
2022-05-10,3,Diatoms,1.8612238,2.5248766
2022-05-11,3,Diatoms,1.4573841,1.9682921
2022-05-12,3,Diatoms,1.2311223,1.5225046
2022-05-13,3,Diatoms,1.3280072,1.0862061
2022-05-14,3,Diatoms,1.0765942,1.0856192
2022-05-15,3,Diatoms,0.78812456,1.0661778
2022-05-16,3,Diatoms,0.68083215,0.9660829
2022-05-17,3,Diatoms,0.70321506,0.83513635
2022-05-18,3,Diatoms,0.6518202,0.6953416
2022-05-19,3,Diatoms,0.7445803,0.5886261
2022-05-20,3,Diatoms,1.0043664,0.6162381
2022-05-21,3,Diatoms,0.6750544,0.582924
2022-05-22,3,Diatoms,1.1354203,0.56627494
2022-05-23,3,Diatoms,1.1735673,0.844084
2022-05-24,3,Diatoms,1.1492542,0.9584889
2022-05-25,3,Diatoms,1.212029,0.9224599
2022-05-26,3,Diatoms,0.94941264,0.86934805
2022-05-27,3,Diatoms,1.0213025,0.9887034
2022-05-28,3,Diatoms,0.78524256,0.8518901
2022-05-29,3,Diatoms,0.26985496,0.7928463
2022-05-30,3,Diatoms,0.67634517,0.69642997
2022-05-31,3,Diatoms,0.9414565,0.6701273
2022-06-01,3,Diatoms,0.94965315,0.4548183
2022-06-02,3,Diatoms,0.61305296,0.57637626
2022-06-03,3,Diatoms,1.0904568,0.6337708
2022-06-04,3,Diatoms,1.3537029,0.6062621
2022-06-05,3,Diatoms,1.0299783,0.477922
2022-06-06,3,Diatoms,0.5943043,0.568299
2022-06-07,3,Diatoms,0.4943406,0.63444483
2022-06-08,3,Diatoms,0.04067393,0.5720152
2022-06-09,3,Diatoms,0.07032608,0.45572314
2022-06-10,3,Diatoms,0.16366135,0.36703178
2022-06-11,3,Diatoms,0.18317887,0.17933305
2022-06-12,3,Diatoms,0.6201881,0.17308024
2022-06-13,3,Diatoms,0.32491675,0.17191388
2022-06-14,3,Diatoms,0.0875361,0.18084824
2022-06-15,3,Diatoms,0.00999999,0.2837041
2022-06-16,3,Diatoms,0.070499286,0.23793997
2022-06-17,3,Diatoms,0.31225038,0.14359418
2022-06-18,3,Diatoms,0.2925797,0.116527334
2022-06-19,3,Diatoms,0.31209573,0.16275716
2022-06-20,3,Diatoms,0.18069513,0.2333275
2022-06-21,3,Diatoms,0.2057929,0.28525105
2022-06-22,3,Diatoms,0.41216508,0.35655674
2022-06-23,3,Diatoms,0.12479742,0.367736
2022-06-24,3,Diatoms,0.16134341,0.44483823
2022-06-25,3,Diatoms,0.5027806,0.53176796
2022-06-26,3,Diatoms,0.67503256,0.32008913
2022-06-27,3,Diatoms,0.65611875,0.3965251
2022-06-28,3,Diatoms,0.6393343,0.69912183
2022-06-29,3,Diatoms,0.77931786,0.64831424
2022-06-30,3,Diatoms,0.70635045,0.6394706
2022-07-01,3,Diatoms,0.6432875,0.6916063
2022-07-02,3,Diatoms,0.84127444,0.63996166
2022-07-03,3,Diatoms,0.65773517,0.6856743
2022-07-04,3,Diatoms,0.673903,0.6410097
2022-07-05,3,Diatoms,0.49931207,0.6720734
2022-07-06,3,Diatoms,0.48018092,0.5570472
2022-07-07,3,Diatoms,0.36509007,0.5703361
2022-07-08,3,Diatoms,0.4210155,0.46259353
2022-07-09,3,Diatoms,0.43833014,0.4658013
2022-07-10,3,Diatoms,0.68257874,0.41898945
2022-07-11,3,Diatoms,0.8123347,0.4567451
2022-07-12,3,Diatoms,0.9596522,0.48306343
2022-07-13,3,Diatoms,1.1758261,0.6909191
2022-07-14,3,Diatoms,1.001128,0.8628703
2022-07-15,3,Diatoms,0.636442,0.9762053
2022-07-16,3,Diatoms,2.5314977,1.1342667
2022-07-17,3,Diatoms,2.491003,1.2390382
2022-07-18,3,Diatoms,2.4505084,1.0440037
2022-07-19,3,Diatoms,1.1627918,1.6002262
2022-07-20,3,Diatoms,1.0163498,1.539512
2022-07-21,3,Diatoms,0.6194271,1.4340388
2022-07-22,3,Diatoms,0.48063365,0.92309123
2022-07-23,3,Diatoms,0.6871731,0.84604347
2022-07-24,3,Diatoms,1.1602412,0.6776375
2022-07-25,3,Diatoms,0.6668863,0.48784107
2022-07-26,3,Diatoms,0.3436324,0.56355673
2022-07-27,3,Diatoms,0.35722464,0.85179436
2022-07-28,3,Diatoms,0.43895075,0.484745
2022-07-29,3,Diatoms,0.43487385,0.34599397
2022-07-30,3,Diatoms,0.44030568,0.3455648
2022-07-31,3,Diatoms,0.4457375,0.35255152
2022-08-01,3,Diatoms,0.45116934,0.40667534
2022-08-02,3,Diatoms,0.45660123,0.395184
2022-08-03,3,Diatoms,0.46203306,0.41249454
2022-08-04,3,Diatoms,0.4674649,0.42240018
2022-08-05,3,Diatoms,0.47289675,0.41847816
2022-08-06,3,Diatoms,0.47832856,0.42408666
2022-08-07,3,Diatoms,0.48376042,0.42299035
2022-08-08,3,Diatoms,0.48919225,0.41019547
2022-08-09,3,Diatoms,0.4946241,0.43724036
2022-08-10,3,Diatoms,0.50005597,0.43536615
2022-08-11,3,Diatoms,0.5054878,0.4470065
2022-08-12,3,Diatoms,0.51091963,0.4638417
2022-08-13,3,Diatoms,0.51635146,0.4742197
2022-08-14,3,Diatoms,0.5217833,0.48682034
2022-08-15,3,Diatoms,0.5272152,0.4693849
2022-08-16,3,Diatoms,0.532647,0.484095
2022-08-17,3,Diatoms,0.53807884,0.51829195
2022-08-18,3,Diatoms,0.5435107,0.52298504
2022-08-19,3,Diatoms,0.5489425,0.52126426
2022-08-20,3,Diatoms,0.5543744,0.52535117
2022-08-21,3,Diatoms,0.5598062,0.5242114
2022-08-22,3,Diatoms,0.56523806,0.5183128
2022-08-23,3,Diatoms,0.5706699,0.5232551
2022-08-24,3,Diatoms,0.5761018,0.5166418
2022-08-25,3,Diatoms,0.58153355,0.5310609
2022-08-26,3,Diatoms,0.58696544,0.54594946
2022-08-27,3,Diatoms,0.5923973,0.53672004
2022-08-28,3,Diatoms,0.5978291,0.5648359
2022-08-29,3,Diatoms,0.60326093,0.55170476
2022-08-30,3,Diatoms,0.6086928,0.55630857
2022-08-31,3,Diatoms,0.61412466,0.5545564
2022-09-01,3,Diatoms,0.6195565,0.5768582
2022-09-02,3,Diatoms,0.6249883,0.60642046
2022-09-03,3,Diatoms,0.63042015,0.6066215
2022-09-04,3,Diatoms,0.63585204,0.55928344
2022-09-05,3,Diatoms,0.64128387,0.54170173
2022-09-06,3,Diatoms,0.6467157,0.55796957
2022-09-07,3,Diatoms,0.65214753,0.57175875
2022-09-08,3,Diatoms,0.65757936,0.5994996
2022-09-09,3,Diatoms,0.66301125,0.6788786
2022-09-10,3,Diatoms,0.6463696,0.6807173
2022-09-11,3,Diatoms,0.7992899,0.6711987
2022-09-12,3,Diatoms,0.9156512,0.6470982
2022-09-13,3,Diatoms,0.9179058,0.650617
2022-09-14,3,Diatoms,1.2582536,0.7762935
2022-09-15,3,Diatoms,1.2465967,0.7462404
2022-09-16,3,Diatoms,0.8933671,0.8301588
2022-09-17,3,Diatoms,0.69211286,1.0695286
2022-09-18,3,Diatoms,1.4530001,1.1644814
2022-09-19,3,Diatoms,1.5097682,0.89321417
2022-09-20,3,Diatoms,0.7957029,0.8594366
2022-09-21,3,Diatoms,0.50666904,1.3426843
2022-09-22,3,Diatoms,0.5787265,1.1581666
2022-09-23,3,Diatoms,0.64563674,0.7613163
2022-09-24,3,Diatoms,1.1064084,0.6414943
2022-09-25,3,Diatoms,0.5949674,0.6388021
2022-09-26,3,Diatoms,0.49298552,0.6576513
2022-09-27,3,Diatoms,0.72891384,0.89507115
2022-09-28,3,Diatoms,0.44895002,0.6896991
2022-09-29,3,Diatoms,0.8703324,0.63433486
2022-09-30,3,Diatoms,1.7480268,0.70690405
2022-10-01,3,Diatoms,0.6184287,0.6933303
2022-10-02,3,Diatoms,0.47368115,0.7663334
2022-10-03,3,Diatoms,0.8446382,0.87565076
2022-10-04,3,Diatoms,0.74377716,0.4781888
2022-10-05,3,Diatoms,0.5391014,0.42974582
2022-10-06,3,Diatoms,0.45168117,0.5434086
2022-10-07,3,Diatoms,0.39461592,0.5487592
2022-10-08,3,Diatoms,0.33,0.42568654
2022-10-09,3,Diatoms,0.4629638,0.38660797
2022-10-10,3,Diatoms,0.6053952,0.3507951
2022-10-11,3,Diatoms,0.75984794,0.33845013
2022-10-12,3,Diatoms,0.66441303,0.45361868
2022-10-13,3,Diatoms,0.686058,0.49460638
2022-10-14,3,Diatoms,0.80112964,0.54048556
2022-10-15,3,Diatoms,0.98522115,0.516581
2022-10-16,3,Diatoms,1.3000796,0.5117888
2022-10-17,3,Diatoms,0.6061405,0.603755
2022-10-18,3,Diatoms,0.56499636,0.7390815
2022-10-19,3,Diatoms,0.4368863,0.9250582
2022-10-20,3,Diatoms,0.2988061,0.61702013
2022-10-21,3,Diatoms,0.21184783,0.5876533
2022-10-22,3,Diatoms,0.35266715,0.5077944
2022-10-23,3,Diatoms,0.5553931,0.45820308
2022-10-24,3,Diatoms,0.49552098,0.3675997
2022-10-25,3,Diatoms,0.5343777,0.6426125
2022-10-26,3,Diatoms,0.35753626,0.45805535
2022-10-27,3,Diatoms,0.34656295,0.43241426
2022-10-28,3,Diatoms,0.30460203,0.407201
2022-10-29,3,Diatoms,0.42416367,0.35915253
2022-10-30,3,Diatoms,0.5319609,0.38749558
2022-10-31,3,Diatoms,0.47380608,0.39102793
2022-11-01,3,Diatoms,0.3335658,0.39759475
2022-11-02,3,Diatoms,0.19973171,0.4159116
2022-11-03,3,Diatoms,0.10726287,0.36570564
2022-11-04,3,Diatoms,0.12773186,0.35090107
2022-11-05,3,Diatoms,0.14397249,0.31399328
2022-11-06,3,Diatoms,0.3727062,0.2804011
2022-11-07,3,Diatoms,0.24949883,0.23345037
2022-11-08,3,Diatoms,0.17052859,0.22456715
2022-11-09,3,Diatoms,0.4395582,0.36600864
2022-11-10,3,Diatoms,0.5821635,0.35640082
2022-11-11,3,Diatoms,1.1037074,0.6094332
2022-11-12,3,Diatoms,1.3362005,0.6045081
2022-11-13,3,Diatoms,1.5686936,0.6280254
2022-11-14,3,Diatoms,1.8011867,0.991376
2022-11-15,3,Diatoms,1.0413604,1.2648991
2022-11-16,3,Diatoms,0.6664446,1.3240423
2022-11-17,3,Diatoms,0.56459814,1.2890692
2022-11-18,3,Diatoms,0.5269682,0.8458907
2022-11-19,3,Diatoms,0.56615216,0.5765273
2022-11-20,3,Diatoms,0.50482637,0.51975024
2022-11-21,3,Diatoms,0.48349023,0.47200802
2022-11-22,3,Diatoms,0.5621144,0.5266678
2022-11-23,3,Diatoms,0.6525436,0.50954145
2022-11-24,3,Diatoms,0.64795226,0.49438444
2022-11-25,3,Diatoms,0.4058798,0.5328268
2022-11-26,3,Diatoms,0.57193923,0.60202473
2022-11-27,3,Diatoms,0.5968768,0.5597649
2022-11-28,3,Diatoms,0.6506368,0.46682724
2022-11-29,3,Diatoms,0.3529761,0.50844395
2022-11-30,3,Diatoms,0.2664327,0.4853505
2022-12-01,3,Diatoms,0.48696816,0.47647178
2022-12-02,3,Diatoms,0.37245104,0.37394944
2022-12-03,3,Diatoms,0.22664014,0.32238778
2022-12-04,3,Diatoms,0.24682838,0.33216843
2022-12-05,3,Diatoms,0.49799857,0.30663377
2022-12-06,3,Diatoms,0.2150834,0.24979588
2022-12-07,3,Diatoms,0.3077118,0.22637992
2022-12-08,3,Diatoms,0.46886232,0.27885774
2022-12-09,3,Diatoms,0.34040272,0.20385629
2022-12-10,3,Diatoms,0.23150615,0.21432297
2022-12-11,3,Diatoms,0.2485228,0.23236102
2022-12-12,3,Diatoms,0.100224294,0.23640253
2022-12-13,3,Diatoms,0.097241126,0.18156394
2022-12-14,3,Diatoms,0.18076141,0.11683744
2022-12-15,3,Diatoms,0.1364058,0.07545373
2022-12-16,3,Diatoms,0.1688921,0.056617394
2022-12-17,3,Diatoms,0.07955106,0.062429212
2022-12-18,3,Diatoms,0.044279505,0.05859979
2022-12-19,3,Diatoms,0.059782602,0.059414797
2022-12-20,3,Diatoms,0.025749467,0.049900707
2022-12-21,3,Diatoms,0.041604955,0.03270423
2022-12-22,3,Diatoms,0.036862336,0.0384172
2022-12-23,3,Diatoms,0.03179711,0.04043703
2022-12-24,3,Diatoms,0.05029688,0.05549581
2022-12-25,3,Diatoms,0.027907314,0.04387201
2022-12-26,3,Diatoms,0.03900145,0.044661123
2022-12-27,3,Diatoms,0.016070925,0.059531063
2022-12-28,3,Diatoms,0.035910055,0.0776815
2022-12-29,3,Diatoms,0.040795974,0.0978559
2022-12-30,3,Diatoms,0.08236955,0.08762995
2022-12-31,3,Diatoms,0.041826066,0.121616945
2023-01-01,3,Diatoms,0.023299549,0.15586086
2023-01-02,3,Diatoms,0.03492386,0.19274986
2023-01-03,3,Diatoms,0.011443076,0.21679379
2023-01-04,3,Diatoms,1.25147,0.23418796
2023-01-05,3,Diatoms,2.2523189,0.24537452
2023-01-06,3,Diatoms,1.7352643,0.26705492
2023-01-07,3,Diatoms,2.1625798,1.1889652
2023-01-08,3,Diatoms,2.1771433,2.0997531
2023-01-09,3,Diatoms,2.191707,1.7990026
2023-01-10,3,Diatoms,2.2062707,2.014227
2023-01-11,3,Diatoms,2.2208343,1.8745741
2023-01-12,3,Diatoms,2.2353978,1.941472
2023-01-13,3,Diatoms,2.3978655,1.8717443
2023-01-14,3,Diatoms,1.806136,1.8096579
2023-01-15,3,Diatoms,1.301289,1.718926
2023-01-16,3,Diatoms,1.0665315,1.8480735
2023-01-17,3,Diatoms,1.3206512,1.4877003
2023-01-18,3,Diatoms,0.77586955,1.0284928
2023-01-19,3,Diatoms,0.52627534,1.1119052
2023-01-20,3,Diatoms,0.7003838,1.2019027
2023-01-21,3,Diatoms,0.82269174,0.81861675
2023-01-22,3,Diatoms,1.4449638,0.7006745
2023-01-23,3,Diatoms,1.8569906,0.801762
2023-01-24,3,Diatoms,0.7206517,0.8911363
2023-01-25,3,Diatoms,0.3520275,1.4090583
2023-01-26,3,Diatoms,0.39130428,1.7195512
2023-01-27,3,Diatoms,0.3816727,0.85455024
2023-01-28,3,Diatoms,0.17257783,0.6831025
2023-01-29,3,Diatoms,0.62386763,0.6530775
2023-01-30,3,Diatoms,0.45021045,0.6333208
2023-01-31,3,Diatoms,0.3675629,0.42766413
2023-02-01,3,Diatoms,0.26353857,0.59159297
2023-02-02,3,Diatoms,0.23525697,0.5256111
2023-02-03,3,Diatoms,0.72841716,0.66491276
2023-02-04,3,Diatoms,0.77529854,0.73291296
2023-02-05,3,Diatoms,1.6153374,0.8690588
2023-02-06,3,Diatoms,2.327632,1.1096319
2023-02-07,3,Diatoms,2.7446294,1.3596685
2023-02-08,3,Diatoms,2.4849129,1.8483596
2023-02-09,3,Diatoms,1.6499403,1.9746712
2023-02-10,3,Diatoms,1.1325558,2.0907419
2023-02-11,3,Diatoms,1.4423522,1.8702904
2023-02-12,3,Diatoms,1.211661,1.5231342
2023-02-13,3,Diatoms,0.8997852,1.1101441
2023-02-14,3,Diatoms,1.3638128,1.285319
2023-02-15,3,Diatoms,1.0748056,1.1664288
2023-02-16,3,Diatoms,1.0081502,1.0762262
2023-02-17,3,Diatoms,1.0325986,1.1434997
2023-02-18,3,Diatoms,1.1148239,0.99655515
2023-02-19,3,Diatoms,1.0561261,0.95275503
2023-02-20,3,Diatoms,0.93481565,0.9525692
2023-02-21,3,Diatoms,0.6247198,0.9796122
2023-02-22,3,Diatoms,0.54212743,0.9542739
2023-02-23,3,Diatoms,0.6839636,0.8740259
2023-02-24,3,Diatoms,0.4634569,0.69655824
2023-02-25,3,Diatoms,0.56888413,0.59597296
2023-02-26,3,Diatoms,0.58474815,0.62924844
2023-02-27,3,Diatoms,0.5983531,0.53797626
2023-02-28,3,Diatoms,0.780646,0.5134059
2023-03-01,3,Diatoms,0.6908178,0.49663448
2023-03-02,3,Diatoms,0.48339912,0.5098845
2023-03-03,3,Diatoms,0.6615258,0.6374712
2023-03-04,3,Diatoms,0.6948343,0.6236598
2023-03-05,3,Diatoms,0.67758507,0.5471229
2023-03-06,3,Diatoms,0.63678294,0.55135536
2023-03-07,3,Diatoms,0.52899224,0.5636698
2023-03-08,3,Diatoms,0.2782095,0.54024065
2023-03-09,3,Diatoms,0.2379022,0.50896835
2023-03-10,3,Diatoms,0.24600475,0.47572115
2023-03-11,3,Diatoms,0.22746606,0.37094563
2023-03-12,3,Diatoms,0.148354,0.32217112
2023-03-13,3,Diatoms,0.20024918,0.29718706
2023-03-14,3,Diatoms,0.21559194,0.27553743
2023-03-15,3,Diatoms,0.12942213,0.23973802
2023-03-16,3,Diatoms,0.0686136,0.23012154
2023-03-17,3,Diatoms,0.046203956,0.21922891
2023-03-18,3,Diatoms,0.06911584,0.20404497
2023-03-19,3,Diatoms,0.06594145,0.20099154
2023-03-20,3,Diatoms,0.08989181,0.18477872
2023-03-21,3,Diatoms,0.085748605,0.19415179
2023-03-22,3,Diatoms,0.28884763,0.18561019
2023-03-23,3,Diatoms,0.2221187,0.22021791
2023-03-24,3,Diatoms,0.21892524,0.19711654
2023-03-25,3,Diatoms,0.21573174,0.2770549
2023-03-26,3,Diatoms,0.21253829,0.33479795
2023-03-27,3,Diatoms,0.2093448,0.28320497
2023-03-28,3,Diatoms,0.20615135,0.20121148
2023-03-29,3,Diatoms,0.20295787,0.2130694
2023-03-30,3,Diatoms,0.19976442,0.18298936
2023-03-31,3,Diatoms,0.19657092,0.15739805
2023-04-01,3,Diatoms,0.19337748,0.14033006
2023-04-02,3,Diatoms,0.19018398,0.10818015
2023-04-03,3,Diatoms,0.18699051,0.1036019
2023-04-04,3,Diatoms,0.18379708,0.12142246
2023-04-05,3,Diatoms,0.18060356,0.12142441
2023-04-06,3,Diatoms,0.17741013,0.1283122
2023-04-07,3,Diatoms,0.17421666,0.11336775
2023-04-08,3,Diatoms,0.17102316,0.117319666
2023-04-09,3,Diatoms,0.16782972,0.09662614
2023-04-10,3,Diatoms,0.16463624,0.084210195
2023-04-11,3,Diatoms,0.16144276,0.096460745
2023-04-12,3,Diatoms,0.1582493,0.09463532
2023-04-13,3,Diatoms,0.15505582,0.09345742
2023-04-14,3,Diatoms,0.15186235,0.08380658
2023-04-15,3,Diatoms,0.1486689,0.087023385
2023-04-16,3,Diatoms,0.14547545,0.09693791
2023-04-17,3,Diatoms,0.14228193,0.15783171
2023-04-18,3,Diatoms,0.13908851,0.17844287
2023-04-19,3,Diatoms,0.135895,0.13970192
2023-04-20,3,Diatoms,0.13270152,0.16107173
2023-04-21,3,Diatoms,0.12950805,0.09049798
2023-04-22,3,Diatoms,0.1263146,0.06972971
2023-04-23,3,Diatoms,0.12312116,0.0686398
2023-04-24,3,Diatoms,0.11992765,0.079708576
2023-04-25,3,Diatoms,0.11673419,0.07383085
2023-04-26,3,Diatoms,0.11354073,0.07563602
2023-04-27,3,Diatoms,0.19252734,0.06741307
2023-04-28,3,Diatoms,0.20898043,0.08631297
2023-04-29,3,Diatoms,0.31545156,0.09338358
2023-04-30,3,Diatoms,0.7253979,0.10861602
2023-05-01,3,Diatoms,0.17739198,0.19006059
2023-05-02,3,Diatoms,0.06145501,0.25016558
2023-05-03,3,Diatoms,0.0011290128,0.3140341
2023-05-04,3,Diatoms,0.013037348,0.1790298
2023-05-05,3,Diatoms,0.001333334,0.18596554
2023-05-06,3,Diatoms,0.0025992414,0.13734606
2023-05-07,3,Diatoms,0.0024023082,0.13355877
2023-05-08,3,Diatoms,0.0022054135,0.123819806
2023-05-09,3,Diatoms,0.0020085066,0.083775274
2023-05-10,3,Diatoms,0.0018115873,0.047343146
2023-05-11,3,Diatoms,0.0016146557,0.015713692
2023-05-12,3,Diatoms,0.0014177121,0.011485304
2023-05-13,3,Diatoms,0.0012208071,0.017079651
2023-05-14,3,Diatoms,0.00102389,0.032307606
2023-05-15,3,Diatoms,0.0008269606,0.06512294
2023-05-16,3,Diatoms,0.00063007005,0.08823724
2023-05-17,3,Diatoms,0.00043311645,0.085882224
2023-05-18,3,Diatoms,0.00023620162,0.07446928
2023-05-19,3,Diatoms,3.9274695e-05,0.08312008
2023-05-20,3,Diatoms,0.014928947,0.062492695
2023-05-21,3,Diatoms,0.00067082915,0.068896055
2023-05-22,3,Diatoms,0.0005596996,0.0630986
2023-05-23,3,Diatoms,0.00044858234,0.060202453
2023-05-24,3,Diatoms,0.00033747742,0.085449666
2023-05-25,3,Diatoms,0.00022638487,0.063273445
2023-05-26,3,Diatoms,0.00011525379,0.0692497
2023-05-27,3,Diatoms,0.058466077,0.07730129
2023-05-28,3,Diatoms,0.19238804,0.102570996
2023-05-29,3,Diatoms,0.20135932,0.12476556
2023-05-30,3,Diatoms,0.16988994,0.15782802
2023-05-31,3,Diatoms,0.45917562,0.26986322
2023-06-01,3,Diatoms,0.64845806,0.29804206
2023-06-02,3,Diatoms,0.4172468,0.25555325
2023-06-03,3,Diatoms,0.54917574,0.34597522
2023-06-04,3,Diatoms,0.28157726,0.37014082
2023-06-05,3,Diatoms,0.16293786,0.26931366
2023-06-06,3,Diatoms,0.26643953,0.22286952
2023-06-07,3,Diatoms,0.45171347,0.17387927
2023-06-08,3,Diatoms,0.33858457,0.13277945
2023-06-09,3,Diatoms,0.10163539,0.16232571
2023-06-10,3,Diatoms,0.0039979536,0.22103359
2023-06-11,3,Diatoms,0.0020153343,0.22050403
2023-06-12,3,Diatoms,3.2714524e-05,0.16801348
2023-06-13,3,Diatoms,0.00047412192,0.1206046
2023-06-14,3,Diatoms,0.02020927,0.103222474
2023-06-15,3,Diatoms,0.046250667,0.092295125
2023-06-16,3,Diatoms,1.0186506e-05,0.07337825
2023-06-17,3,Diatoms,0.04055767,0.08447058
2023-06-18,3,Diatoms,0.18069921,0.09644134
2023-06-19,3,Diatoms,0.08742085,0.09606516
2023-06-20,3,Diatoms,0.1564024,0.11015213
2023-06-21,3,Diatoms,0.27892652,0.16919667
2023-06-22,3,Diatoms,0.46939066,0.15674387
2023-06-23,3,Diatoms,0.71619415,0.16607712
2023-06-24,3,Diatoms,0.55189675,0.19875419
2023-06-25,3,Diatoms,0.38463646,0.2396623
2023-06-26,3,Diatoms,0.504574,0.28584436
2023-06-27,3,Diatoms,0.6774582,0.2666606
2023-06-28,3,Diatoms,0.32230452,0.28295553
2023-06-29,3,Diatoms,0.30768082,0.3351735
2023-06-30,3,Diatoms,0.2930571,0.403297
2023-07-01,3,Diatoms,0.2784334,0.4360681
2023-07-02,3,Diatoms,0.26380974,0.4030605
2023-07-03,3,Diatoms,0.24918607,0.32245502
2023-07-04,3,Diatoms,0.23456237,0.26468512
2023-07-05,3,Diatoms,0.21993868,0.21474153
2023-07-06,3,Diatoms,0.20531496,0.17147945
2023-07-07,3,Diatoms,0.19069128,0.17681262
2023-07-08,3,Diatoms,0.17606762,0.16480576
2023-07-09,3,Diatoms,0.16144393,0.13618015
2023-07-10,3,Diatoms,0.14682025,0.123428635
2023-07-11,3,Diatoms,0.13219653,0.11067863
2023-07-12,3,Diatoms,0.117572874,0.0979162
2023-07-13,3,Diatoms,0.10294919,0.074169464
2023-07-14,3,Diatoms,0.088325456,0.05806397
2023-07-15,3,Diatoms,0.07370176,0.047489833
2023-07-16,3,Diatoms,0.059078086,0.043198228
2023-07-17,3,Diatoms,0.04445439,0.031464145
2023-07-18,3,Diatoms,0.029830711,0.022230383
2023-07-19,3,Diatoms,0.015207016,0.01507858
2023-07-20,3,Diatoms,0.0005833085,0.018243516
2023-07-21,3,Diatoms,0.0006266608,0.022545759
2023-07-22,3,Diatoms,0.000670015,0.02721798
2023-07-23,3,Diatoms,0.00071332016,0.053181283
2023-07-24,3,Diatoms,0.0007566781,0.07345042
2023-07-25,3,Diatoms,0.000799987,0.10974619
2023-07-26,3,Diatoms,0.0008432978,0.101825766
2023-07-27,3,Diatoms,0.00088666135,0.08584263
2023-07-28,3,Diatoms,0.00092997594,0.08629435
2023-07-29,3,Diatoms,0.00097329234,0.057907734
2023-07-30,3,Diatoms,0.0010166107,0.026310202
2023-07-31,3,Diatoms,0.0010599818,0.0026652685
2023-08-01,3,Diatoms,0.0011033037,0.0032867978
2023-08-02,3,Diatoms,0.0011466277,0.017205236
2023-08-03,3,Diatoms,0.0011899535,0.014900614
2023-08-04,3,Diatoms,0.0012332812,0.02315474
2023-08-05,3,Diatoms,0.0012766108,0.038162287
2023-08-06,3,Diatoms,0.0013199422,0.05885455
2023-08-07,3,Diatoms,0.0013632755,0.060242835
2023-08-08,3,Diatoms,0.0014066106,0.048099656
2023-08-09,3,Diatoms,0.0014499477,0.03516824
2023-08-10,3,Diatoms,0.0014932866,0.014541162
2023-08-11,3,Diatoms,0.0015365764,0.010983565
2023-08-12,3,Diatoms,0.0015799191,0.010668568
2023-08-13,3,Diatoms,0.0016232637,0.0004284869
2023-08-14,3,Diatoms,0.0016666101,-0.008967396
2023-08-15,3,Diatoms,0.0017099074,-0.015153595
2023-08-16,3,Diatoms,0.0017532577,-0.009193297
2023-08-17,3,Diatoms,0.0009180655,0.005739639
2023-08-18,3,Diatoms,0.00088487996,0.0072024
2023-08-19,3,Diatoms,0.00085169554,0.007077332
2023-08-20,3,Diatoms,0.0008184613,-0.0075602424
2023-08-21,3,Diatoms,0.0007852791,-0.01579428
2023-08-22,3,Diatoms,0.0007520979,-0.012224079
2023-08-23,3,Diatoms,0.00071891793,-0.0023671964
2023-08-24,3,Diatoms,0.0006856881,0.0033040426
2023-08-25,3,Diatoms,0.00065251027,0.010155369
2023-08-26,3,Diatoms,0.0006193335,0.023163794
2023-08-27,3,Diatoms,0.000586107,0.034763936
2023-08-28,3,Diatoms,0.00055293244,0.047928207
2023-08-29,3,Diatoms,0.00051970815,0.042109333
2023-08-30,3,Diatoms,0.00048653584,0.058109704
2023-08-31,3,Diatoms,0.0004533646,0.054472577
2023-09-01,3,Diatoms,0.0004201436,0.062400684
2023-09-02,3,Diatoms,0.00038697457,0.067986205
2023-09-03,3,Diatoms,0.00035375578,0.07353814
2023-09-04,3,Diatoms,0.00032053806,0.06023453
2023-09-05,3,Diatoms,0.00028737236,0.076568924
2023-09-06,3,Diatoms,0.00025415685,0.06052841
2023-09-07,3,Diatoms,0.00022099333,0.059074532
2023-09-08,3,Diatoms,0.00018778004,0.07044507
2023-09-09,3,Diatoms,0.00015456785,0.07393013
2023-09-10,3,Diatoms,0.00012140763,0.060973912
2023-09-11,3,Diatoms,8.819765e-05,0.057891484
2023-09-12,3,Diatoms,5.4988774e-05,0.056326747
2023-09-13,3,Diatoms,0.006004396,0.068225406
2023-09-14,3,Diatoms,0.058510374,0.07511465
2023-09-15,3,Diatoms,0.08269159,0.08973065
2023-09-16,3,Diatoms,0.08045972,0.091301754
2023-09-17,3,Diatoms,0.063173585,0.10453356
2023-09-18,3,Diatoms,0.051945228,0.14083119
2023-09-19,3,Diatoms,0.032293275,0.1409833
2023-09-20,3,Diatoms,0.027173372,0.13234341
2023-09-21,3,Diatoms,0.0074045286,0.13221438
2023-09-22,3,Diatoms,0.0032023643,0.12688085
2023-09-23,3,Diatoms,0.021175211,0.13304228
2023-09-24,3,Diatoms,0.014343121,0.11454069
2023-09-25,3,Diatoms,0.00751109,0.096890666
2023-09-26,3,Diatoms,0.0006790219,0.083093196
2023-09-27,3,Diatoms,0.00043560928,0.06453239
2023-09-28,3,Diatoms,0.00037298488,0.050035473
2023-09-29,3,Diatoms,0.0003104153,0.056467816
2023-09-30,3,Diatoms,0.00024779874,0.05403929
2023-10-01,3,Diatoms,0.00018518609,0.057061307
2023-10-02,3,Diatoms,0.0006172982,0.05129981
2023-10-03,3,Diatoms,9.26222e-05,0.055687174
2023-10-04,3,Diatoms,7.3500174e-05,0.07532089
2023-10-05,3,Diatoms,0.0038750195,0.070246994
2023-10-06,3,Diatoms,0.0032905224,0.07409403
2023-10-07,3,Diatoms,0.03362907,0.08510628
2023-10-08,3,Diatoms,0.004810269,0.06918467
2023-10-09,3,Diatoms,0.09438458,0.057225432
2023-10-10,3,Diatoms,0.07221674,0.062482916
2023-10-11,3,Diatoms,0.26860738,0.076479696
2023-10-12,3,Diatoms,0.20792258,0.11313157
2023-10-13,3,Diatoms,0.324627,0.16088806
2023-10-14,3,Diatoms,0.7646221,0.23268239
2023-10-15,3,Diatoms,1.1357886,0.28531757
2023-10-16,3,Diatoms,0.80728596,0.3836297
2023-10-17,3,Diatoms,0.6686876,0.62583464
2023-10-18,3,Diatoms,0.8290776,0.78903425
2023-10-19,3,Diatoms,0.831133,0.6698512
2023-10-20,3,Diatoms,0.9008971,0.6057207
2023-10-21,3,Diatoms,0.52625555,0.6981251
2023-10-22,3,Diatoms,0.4897043,0.62859464
2023-10-23,3,Diatoms,0.39428222,0.69337016
2023-10-24,3,Diatoms,0.4919137,0.5233938
2023-10-25,3,Diatoms,1.2589972,0.5295673
2023-10-26,3,Diatoms,1.105689,0.4822088
2023-10-27,3,Diatoms,1.0713496,0.51820016
2023-10-28,3,Diatoms,0.5257695,0.7202147
2023-10-29,3,Diatoms,0.43992317,0.70189595
2023-10-30,3,Diatoms,0.5266566,0.67091423
2023-10-31,3,Diatoms,0.6161855,0.5208564
2023-11-01,3,Diatoms,0.81251514,0.45869806
2023-11-02,3,Diatoms,0.6718127,0.46354926
2023-11-03,3,Diatoms,0.5765434,0.45225155
2023-11-04,3,Diatoms,0.22319983,0.4994047
2023-11-05,3,Diatoms,0.42413625,0.43786317
2023-11-06,3,Diatoms,0.2567922,0.45536005
2023-11-07,3,Diatoms,0.2520239,0.33516017
2023-11-08,3,Diatoms,0.00043097974,0.36432904
2023-11-09,3,Diatoms,0.10984439,0.34828776
2023-11-10,3,Diatoms,0.5124347,0.31302586
2023-11-11,3,Diatoms,0.33647197,0.22019136
2023-11-12,3,Diatoms,0.66706467,0.2308595
2023-11-13,3,Diatoms,0.15867805,0.2994073
2023-11-14,3,Diatoms,0.10581617,0.3019692
2023-11-15,3,Diatoms,0.052954283,0.40642148
2023-11-16,3,Diatoms,9.241877e-05,0.2938716
2023-11-17,3,Diatoms,0.009337859,0.2939981
2023-11-18,3,Diatoms,0.19977601,0.25887164
2023-11-19,3,Diatoms,0.12343549,0.21420807
2023-11-20,3,Diatoms,0.3071771,0.20157695
2023-11-21,3,Diatoms,0.13698463,0.27783597
2023-11-22,3,Diatoms,0.2949094,0.24542968
2023-11-23,3,Diatoms,1.0000529,0.31467488
2023-11-24,3,Diatoms,0.5650807,0.24778849
2023-11-25,3,Diatoms,0.28637102,0.28868547
2023-11-26,3,Diatoms,0.13317768,0.5806638
2023-11-27,3,Diatoms,0.15024103,0.51141703
2023-11-28,3,Diatoms,0.118733004,0.41312414
2023-11-29,3,Diatoms,0.313295,0.34210566
2023-11-30,3,Diatoms,1.2121061,0.34157723
2023-12-01,3,Diatoms,0.71811897,0.34992945
2023-12-02,3,Diatoms,0.42667028,0.40734053
2023-12-03,3,Diatoms,0.36823797,0.71832395
2023-12-04,3,Diatoms,0.28726888,0.49927974
2023-12-05,3,Diatoms,0.40296897,0.38977292
2023-12-06,3,Diatoms,0.48180538,0.37430966
2023-12-07,3,Diatoms,0.4798209,0.32425517
2023-12-08,3,Diatoms,0.22574307,0.39330688
2023-12-09,3,Diatoms,0.6053398,0.4185514
2023-12-10,3,Diatoms,0.51656085,0.42607266
2023-12-11,3,Diatoms,1.0550815,0.37100765
2023-12-12,3,Diatoms,1.6915069,0.57413536
2023-12-13,3,Diatoms,1.3574413,0.5285121
2023-12-14,3,Diatoms,0.80911356,0.83500993
2023-12-15,3,Diatoms,0.470075,1.1570947
2023-12-16,3,Diatoms,0.33258235,0.9261139
2023-12-17,3,Diatoms,0.0006089024,0.7272452
2023-12-18,3,Diatoms,0.014664732,0.56533957
2023-12-19,3,Diatoms,0.17325234,0.4195337
2023-12-20,3,Diatoms,0.022111505,0.21806176
2023-12-21,3,Diatoms,0.01028164,0.16524062
2023-12-22,3,Diatoms,0.19714954,0.19998065
2023-12-23,3,Diatoms,0.18888706,0.15052687
2023-12-24,3,Diatoms,0.17901944,0.13694637
2023-12-25,3,Diatoms,0.24054842,0.18713932
2023-12-26,3,Diatoms,0.7410379,0.21506128
2023-12-27,3,Diatoms,1.1543852,0.24277964
2023-12-28,3,Diatoms,0.3860073,0.29258075
2023-12-29,3,Diatoms,0.17713276,0.524287
