date,horizon,target,true_value,pred_value
2020-10-28,1,Diatoms,1.6328437,1.5143626
2020-10-29,1,Diatoms,2.244111,1.8347049
2020-10-30,1,Diatoms,2.375431,2.3539317
2020-10-31,1,Diatoms,2.506751,2.555941
2020-11-01,1,Diatoms,3.0380814,1.9946977
2020-11-02,1,Diatoms,2.8482478,2.448745
2020-11-03,1,Diatoms,2.2271326,2.3804708
2020-11-04,1,Diatoms,2.085131,1.7952899
2020-11-05,1,Diatoms,2.0708182,1.7148273
2020-11-06,1,Diatoms,1.713693,1.5645615
2020-11-07,1,Diatoms,2.1728096,1.7409524
2020-11-08,1,Diatoms,1.2744782,2.3428183
2020-11-09,1,Diatoms,1.0231327,1.1233891
2020-11-10,1,Diatoms,0.7810465,0.8533377
2020-11-11,1,Diatoms,0.89373004,0.68400264
2020-11-12,1,Diatoms,1.3485912,0.80279344
2020-11-13,1,Diatoms,1.0144191,1.187972
2020-11-14,1,Diatoms,0.7676627,1.041603
2020-11-15,1,Diatoms,1.5220684,0.8983692
2020-11-16,1,Diatoms,1.7528968,1.3831863
2020-11-17,1,Diatoms,2.7005594,1.8635571
2020-11-18,1,Diatoms,3.551749,2.3317697
2020-11-19,1,Diatoms,3.5550296,2.6172836
2020-11-20,1,Diatoms,3.5583103,2.9998608
2020-11-21,1,Diatoms,3.561591,2.8463979
2020-11-22,1,Diatoms,3.5648715,2.8003101
2020-11-23,1,Diatoms,3.5681524,3.0627034
2020-11-24,1,Diatoms,2.877584,2.5760548
2020-11-25,1,Diatoms,2.570984,2.1987383
2020-11-26,1,Diatoms,2.99432,2.091551
2020-11-27,1,Diatoms,2.3000507,3.1053205
2020-11-28,1,Diatoms,1.9902606,2.04526
2020-11-29,1,Diatoms,2.121932,1.6580693
2020-11-30,1,Diatoms,1.2250868,1.7253724
2020-12-01,1,Diatoms,0.79758143,0.8993111
2020-12-02,1,Diatoms,0.55146164,0.790762
2020-12-03,1,Diatoms,0.69141823,0.7167713
2020-12-04,1,Diatoms,0.4592113,0.67881066
2020-12-05,1,Diatoms,0.6877279,0.5634541
2020-12-06,1,Diatoms,0.72069466,0.6112825
2020-12-07,1,Diatoms,0.6629616,0.6282336
2020-12-08,1,Diatoms,0.32433745,0.6795645
2020-12-09,1,Diatoms,0.891803,0.5310981
2020-12-10,1,Diatoms,1.0413541,1.0288106
2020-12-11,1,Diatoms,0.50121653,0.9578151
2020-12-12,1,Diatoms,0.45125997,0.57246757
2020-12-13,1,Diatoms,1.5000796,0.724136
2020-12-14,1,Diatoms,0.68109983,1.8489076
2020-12-15,1,Diatoms,1.1050941,0.57369953
2020-12-16,1,Diatoms,1.0165268,0.72733784
2020-12-17,1,Diatoms,0.82747287,0.7769458
2020-12-18,1,Diatoms,0.79755604,0.74120384
2020-12-19,1,Diatoms,0.92849493,0.7884566
2020-12-20,1,Diatoms,0.91774964,1.1063358
2020-12-21,1,Diatoms,1.0702823,1.1981739
2020-12-22,1,Diatoms,1.129609,1.2116456
2020-12-23,1,Diatoms,1.5725508,1.1864278
2020-12-24,1,Diatoms,1.0803404,1.5448087
2020-12-25,1,Diatoms,1.1264446,1.2256457
2020-12-26,1,Diatoms,1.3128096,1.1858982
2020-12-27,1,Diatoms,1.272882,1.4526023
2020-12-28,1,Diatoms,3.3631935,1.6207931
2020-12-29,1,Diatoms,3.1568608,2.9985433
2020-12-30,1,Diatoms,2.9505284,3.0987515
2020-12-31,1,Diatoms,3.1884804,2.5704455
2021-01-01,1,Diatoms,1.9716499,2.2326455
2021-01-02,1,Diatoms,1.4403403,1.303553
2021-01-03,1,Diatoms,1.1570333,0.9114302
2021-01-04,1,Diatoms,0.9809848,0.82809216
2021-01-05,1,Diatoms,0.84870386,0.7185184
2021-01-06,1,Diatoms,0.7281101,0.6242564
2021-01-07,1,Diatoms,0.2832947,0.5979812
2021-01-08,1,Diatoms,0.31892332,0.4276047
2021-01-09,1,Diatoms,0.18934155,0.2841717
2021-01-10,1,Diatoms,0.38280752,0.19257337
2021-01-11,1,Diatoms,0.20098482,0.2361388
2021-01-12,1,Diatoms,0.08154123,0.19515485
2021-01-13,1,Diatoms,0.30706948,0.21660335
2021-01-14,1,Diatoms,0.6084967,0.31409127
2021-01-15,1,Diatoms,0.8928965,0.43996492
2021-01-16,1,Diatoms,0.62818974,0.55277854
2021-01-17,1,Diatoms,0.10378436,0.48718864
2021-01-18,1,Diatoms,0.0969537,0.30591834
2021-01-19,1,Diatoms,0.4372576,0.31486127
2021-01-20,1,Diatoms,1.0428437,0.47346655
2021-01-21,1,Diatoms,2.229479,1.6022507
2021-01-22,1,Diatoms,2.2929904,2.2679224
2021-01-23,1,Diatoms,2.4667873,2.5133
2021-01-24,1,Diatoms,2.4707308,2.881992
2021-01-25,1,Diatoms,2.4139535,2.3381062
2021-01-26,1,Diatoms,2.5623229,2.5503898
2021-01-27,1,Diatoms,2.6734154,2.4103053
2021-01-28,1,Diatoms,2.784508,2.4579782
2021-01-29,1,Diatoms,1.4483068,2.118345
2021-01-30,1,Diatoms,1.1406006,1.5290588
2021-01-31,1,Diatoms,1.6360753,1.5387963
2021-02-01,1,Diatoms,2.0243301,1.724027
2021-02-02,1,Diatoms,1.9407675,1.8939685
2021-02-03,1,Diatoms,1.9504924,1.7356288
2021-02-04,1,Diatoms,1.640601,1.5010556
2021-02-05,1,Diatoms,1.878074,1.4458826
2021-02-06,1,Diatoms,1.893273,1.6251435
2021-02-07,1,Diatoms,1.6942288,1.5476351
2021-02-08,1,Diatoms,2.2493556,1.4419702
2021-02-09,1,Diatoms,1.7770494,1.6084994
2021-02-10,1,Diatoms,0.68595654,1.469383
2021-02-11,1,Diatoms,0.9005503,0.80170774
2021-02-12,1,Diatoms,1.81,0.77597183
2021-02-13,1,Diatoms,2.2021346,1.3280156
2021-02-14,1,Diatoms,2.594269,1.9833926
2021-02-15,1,Diatoms,2.9864037,1.9461657
2021-02-16,1,Diatoms,2.702113,1.9135435
2021-02-17,1,Diatoms,2.0566425,1.8118436
2021-02-18,1,Diatoms,1.8688567,1.3402613
2021-02-19,1,Diatoms,1.7543334,1.0886693
2021-02-20,1,Diatoms,0.9000724,1.0800505
2021-02-21,1,Diatoms,0.7629161,0.6686235
2021-02-22,1,Diatoms,0.6538233,0.6030013
2021-02-23,1,Diatoms,0.2735771,0.4721076
2021-02-24,1,Diatoms,0.29733527,0.31720388
2021-02-25,1,Diatoms,0.122311585,0.2849255
2021-02-26,1,Diatoms,0.111385085,0.23534714
2021-02-27,1,Diatoms,0.23341587,0.22107501
2021-02-28,1,Diatoms,0.3779776,0.21799617
2021-03-01,1,Diatoms,0.26025468,0.26948053
2021-03-02,1,Diatoms,0.5074762,0.1974072
2021-03-03,1,Diatoms,0.5803401,0.3001777
2021-03-04,1,Diatoms,0.4486614,0.3906816
2021-03-05,1,Diatoms,0.29125902,0.2732652
2021-03-06,1,Diatoms,0.09789437,0.19906525
2021-03-07,1,Diatoms,0.10636036,0.119511984
2021-03-08,1,Diatoms,0.42757422,0.13408223
2021-03-09,1,Diatoms,0.41371924,0.3745192
2021-03-10,1,Diatoms,0.97834295,0.50054795
2021-03-11,1,Diatoms,1.090767,1.3031688
2021-03-12,1,Diatoms,1.6602533,1.8278916
2021-03-13,1,Diatoms,2.7790158,2.5400972
2021-03-14,1,Diatoms,1.716657,3.2415228
2021-03-15,1,Diatoms,2.1587698,1.5591629
2021-03-16,1,Diatoms,1.5231838,1.6946362
2021-03-17,1,Diatoms,0.7664399,1.2810997
2021-03-18,1,Diatoms,0.9175977,0.7251417
2021-03-19,1,Diatoms,0.9093126,0.8570937
2021-03-20,1,Diatoms,0.82787263,0.68962204
2021-03-21,1,Diatoms,0.6657453,0.67293954
2021-03-22,1,Diatoms,0.7944718,0.53167576
2021-03-23,1,Diatoms,0.56832004,0.5288662
2021-03-24,1,Diatoms,0.48747098,0.4658836
2021-03-25,1,Diatoms,0.60059506,0.49576122
2021-03-26,1,Diatoms,0.71678,0.63866556
2021-03-27,1,Diatoms,0.9423606,0.8950328
2021-03-28,1,Diatoms,1.3365387,1.4372383
2021-03-29,1,Diatoms,3.3529541,2.072929
2021-03-30,1,Diatoms,3.1136181,3.301675
2021-03-31,1,Diatoms,2.874282,3.4638011
2021-04-01,1,Diatoms,2.6349456,2.9872622
2021-04-02,1,Diatoms,1.4991021,2.193039
2021-04-03,1,Diatoms,1.4968718,1.4764087
2021-04-04,1,Diatoms,1.2935481,1.5552522
2021-04-05,1,Diatoms,0.9018379,1.2325811
2021-04-06,1,Diatoms,0.85719246,0.9178671
2021-04-07,1,Diatoms,1.0202751,0.9018261
2021-04-08,1,Diatoms,1.0912663,1.071581
2021-04-09,1,Diatoms,1.2612445,1.0370052
2021-04-10,1,Diatoms,1.278191,1.2442571
2021-04-11,1,Diatoms,1.2684226,1.3619188
2021-04-12,1,Diatoms,0.7582549,1.5422263
2021-04-13,1,Diatoms,1.1454453,1.7485299
2021-04-14,1,Diatoms,2.0011659,1.9181659
2021-04-15,1,Diatoms,1.1257857,2.1170306
2021-04-16,1,Diatoms,0.57763094,1.5068054
2021-04-17,1,Diatoms,0.7711369,1.0074708
2021-04-18,1,Diatoms,2.797393,1.5209501
2021-04-19,1,Diatoms,2.7909703,2.2549398
2021-04-20,1,Diatoms,2.257118,2.238044
2021-04-21,1,Diatoms,1.574142,2.068231
2021-04-22,1,Diatoms,1.2624112,1.8515595
2021-04-23,1,Diatoms,2.9326358,1.9467582
2021-04-24,1,Diatoms,2.0435264,2.991046
2021-04-25,1,Diatoms,3.5338886,2.41109
2021-04-26,1,Diatoms,3.7416282,3.2296398
2021-04-27,1,Diatoms,3.7256298,2.7509608
2021-04-28,1,Diatoms,2.3611505,2.35604
2021-04-29,1,Diatoms,1.3832923,1.6290685
2021-04-30,1,Diatoms,0.93366134,0.9702884
2021-05-01,1,Diatoms,0.55839366,0.93719953
2021-05-02,1,Diatoms,1.066165,1.1907259
2021-05-03,1,Diatoms,2.7655473,1.5143354
2021-05-04,1,Diatoms,2.1014047,2.3715935
2021-05-05,1,Diatoms,1.7055371,1.6284063
2021-05-06,1,Diatoms,1.1249028,1.5624605
2021-05-07,1,Diatoms,1.056713,1.4370154
2021-05-08,1,Diatoms,0.9630414,1.3994224
2021-05-09,1,Diatoms,1.7809696,1.6003292
2021-05-10,1,Diatoms,0.9654414,2.3378813
2021-05-11,1,Diatoms,1.2358177,1.6689241
2021-05-12,1,Diatoms,3.711635,2.1089134
2021-05-13,1,Diatoms,3.3949533,3.0859275
2021-05-14,1,Diatoms,3.0782707,3.1956806
2021-05-15,1,Diatoms,2.789964,2.3904731
2021-05-16,1,Diatoms,2.2519102,2.1728337
2021-05-17,1,Diatoms,1.8629305,1.8450155
2021-05-18,1,Diatoms,2.183372,1.7657723
2021-05-19,1,Diatoms,2.1150978,1.9784584
2021-05-20,1,Diatoms,1.7254342,1.676792
2021-05-21,1,Diatoms,1.5535529,1.6646421
2021-05-22,1,Diatoms,1.9609051,1.5802891
2021-05-23,1,Diatoms,2.031506,1.9937204
2021-05-24,1,Diatoms,2.072858,1.9230182
2021-05-25,1,Diatoms,2.2005935,2.2928228
2021-05-26,1,Diatoms,1.9350218,2.0404398
2021-05-27,1,Diatoms,1.0838495,1.993033
2021-05-28,1,Diatoms,1.3800538,1.871904
2021-05-29,1,Diatoms,3.183799,2.0068572
2021-05-30,1,Diatoms,2.7268162,2.4557278
2021-05-31,1,Diatoms,1.4334034,2.1217644
2021-06-01,1,Diatoms,1.6658363,1.5187966
2021-06-02,1,Diatoms,1.4438957,1.5136256
2021-06-03,1,Diatoms,1.0112599,1.3831737
2021-06-04,1,Diatoms,1.4206372,1.2532916
2021-06-05,1,Diatoms,1.228291,1.5575465
2021-06-06,1,Diatoms,1.7269298,1.4768251
2021-06-07,1,Diatoms,1.7005137,1.7550102
2021-06-08,1,Diatoms,2.6476555,1.859495
2021-06-09,1,Diatoms,2.045398,2.376024
2021-06-10,1,Diatoms,1.8383286,1.9714093
2021-06-11,1,Diatoms,1.9921997,1.9961728
2021-06-12,1,Diatoms,2.0134249,2.1495256
2021-06-13,1,Diatoms,1.6290804,2.4320626
2021-06-14,1,Diatoms,3.1700435,2.3778105
2021-06-15,1,Diatoms,3.3024917,2.7260363
2021-06-16,1,Diatoms,3.4349394,3.205518
2021-06-17,1,Diatoms,3.5673878,3.5284934
2021-06-18,1,Diatoms,3.699836,3.5294857
2021-06-19,1,Diatoms,3.8322835,3.2473445
2021-06-20,1,Diatoms,3.964732,3.1146536
2021-06-21,1,Diatoms,2.9807816,3.0972939
2021-06-22,1,Diatoms,1.9287239,2.5201914
2021-06-23,1,Diatoms,1.7428799,1.8666886
2021-06-24,1,Diatoms,1.6203545,1.6559113
2021-06-25,1,Diatoms,1.6847974,1.4212569
2021-06-26,1,Diatoms,1.3992257,1.6061519
2021-06-27,1,Diatoms,0.4449783,1.3712629
2021-06-28,1,Diatoms,0.6800145,1.212707
2021-06-29,1,Diatoms,1.0097902,1.2852933
2021-06-30,1,Diatoms,1.7874533,1.4513876
2021-07-01,1,Diatoms,1.6671201,1.7721978
2021-07-02,1,Diatoms,2.0350435,1.9702951
2021-07-03,1,Diatoms,2.1230752,2.266959
2021-07-04,1,Diatoms,2.6323733,2.524117
2021-07-05,1,Diatoms,3.4875107,2.40345
2021-07-06,1,Diatoms,3.787234,2.896148
2021-07-07,1,Diatoms,3.39538,2.8660223
2021-07-08,1,Diatoms,2.5858839,2.688686
2021-07-09,1,Diatoms,1.502587,2.627849
2021-07-10,1,Diatoms,1.4255829,1.5969849
2021-07-11,1,Diatoms,1.7508472,1.6295758
2021-07-12,1,Diatoms,1.8505718,1.760806
2021-07-13,1,Diatoms,1.9810565,1.9199747
2021-07-14,1,Diatoms,1.2432224,1.8948095
2021-07-15,1,Diatoms,1.0958611,1.8147782
2021-07-16,1,Diatoms,1.8101519,1.5905569
2021-07-17,1,Diatoms,1.3462229,1.9119418
2021-07-18,1,Diatoms,1.037178,1.7235314
2021-07-19,1,Diatoms,1.2159377,1.3212533
2021-07-20,1,Diatoms,1.6290152,1.4651827
2021-07-21,1,Diatoms,1.2851557,1.6293409
2021-07-22,1,Diatoms,1.1834251,1.4095474
2021-07-23,1,Diatoms,1.1390948,1.5214217
2021-07-24,1,Diatoms,3.5395947,2.037327
2021-07-25,1,Diatoms,2.8445039,2.8845656
2021-07-26,1,Diatoms,2.449595,2.6041749
2021-07-27,1,Diatoms,1.6523589,2.1800623
2021-07-28,1,Diatoms,1.1892546,1.6837313
2021-07-29,1,Diatoms,1.4342402,1.2433356
2021-07-30,1,Diatoms,2.093664,1.5718843
2021-07-31,1,Diatoms,1.7546382,1.8386185
2021-08-01,1,Diatoms,1.878647,1.8811709
2021-08-02,1,Diatoms,1.6647502,2.0049233
2021-08-03,1,Diatoms,1.9846995,1.9447851
2021-08-04,1,Diatoms,1.5800145,1.9397149
2021-08-05,1,Diatoms,1.7049167,1.5935913
2021-08-06,1,Diatoms,1.9504126,1.4082892
2021-08-07,1,Diatoms,1.6051414,1.3436693
2021-08-08,1,Diatoms,1.2363642,1.2888361
2021-08-09,1,Diatoms,1.4518682,1.2335349
2021-08-10,1,Diatoms,1.1323589,1.4182965
2021-08-11,1,Diatoms,1.3369826,1.2203985
2021-08-12,1,Diatoms,1.7825832,1.3869114
2021-08-13,1,Diatoms,1.5437394,1.7893044
2021-08-14,1,Diatoms,1.2472893,1.4885216
2021-08-15,1,Diatoms,1.7801247,1.5691955
2021-08-16,1,Diatoms,2.076942,1.7392465
2021-08-17,1,Diatoms,2.3432388,1.5191025
2021-08-18,1,Diatoms,0.89847255,1.4684248
2021-08-19,1,Diatoms,0.07596541,1.0200001
2021-08-20,1,Diatoms,0.40249383,0.58542126
2021-08-21,1,Diatoms,0.8349361,0.603879
2021-08-22,1,Diatoms,0.25167596,0.6513118
2021-08-23,1,Diatoms,0.27531648,0.6025002
2021-08-24,1,Diatoms,0.63730323,0.5535896
2021-08-25,1,Diatoms,0.6758798,0.7017536
2021-08-26,1,Diatoms,0.8884359,0.8517281
2021-08-27,1,Diatoms,1.1485218,1.0024736
2021-08-28,1,Diatoms,1.5655612,1.2678726
2021-08-29,1,Diatoms,1.4311731,1.5130163
2021-08-30,1,Diatoms,1.4924402,1.5280771
2021-08-31,1,Diatoms,1.661136,1.567314
2021-09-01,1,Diatoms,1.5644573,1.7104298
2021-09-02,1,Diatoms,1.5042185,1.6168057
2021-09-03,1,Diatoms,1.3365774,1.4130362
2021-09-04,1,Diatoms,1.3967222,1.2513689
2021-09-05,1,Diatoms,1.4928075,1.4893792
2021-09-06,1,Diatoms,1.3566715,1.5446018
2021-09-07,1,Diatoms,1.2968574,1.296604
2021-09-08,1,Diatoms,1.142301,1.3213611
2021-09-09,1,Diatoms,1.7800651,1.2938532
2021-09-10,1,Diatoms,1.6764327,1.7924477
2021-09-11,1,Diatoms,1.0366064,1.5670727
2021-09-12,1,Diatoms,1.1923878,1.4093145
2021-09-13,1,Diatoms,1.3866836,1.5050633
2021-09-14,1,Diatoms,1.4921072,1.4760214
2021-09-15,1,Diatoms,1.5616583,1.5519942
2021-09-16,1,Diatoms,1.3013107,1.4655644
2021-09-17,1,Diatoms,1.0375091,1.2597091
2021-09-18,1,Diatoms,0.8898914,1.0514101
2021-09-19,1,Diatoms,1.0559305,0.95735466
2021-09-20,1,Diatoms,0.92435914,1.1742887
2021-09-21,1,Diatoms,0.7065894,0.982493
2021-09-22,1,Diatoms,0.8529471,0.6867808
2021-09-23,1,Diatoms,0.8713406,0.7399312
2021-09-24,1,Diatoms,0.75830555,0.7112667
2021-09-25,1,Diatoms,0.64507604,0.61161304
2021-09-26,1,Diatoms,0.56325126,0.5425996
2021-09-27,1,Diatoms,0.5061839,0.5049824
2021-09-28,1,Diatoms,0.44725558,0.51851445
2021-09-29,1,Diatoms,0.46624187,0.4716852
2021-09-30,1,Diatoms,0.47655323,0.48998424
2021-10-01,1,Diatoms,0.48111513,0.5270377
2021-10-02,1,Diatoms,0.5479639,0.52535605
2021-10-03,1,Diatoms,0.57537013,0.5200241
2021-10-04,1,Diatoms,0.6069845,0.51682025
2021-10-05,1,Diatoms,0.6385989,0.501754
2021-10-06,1,Diatoms,0.67021334,0.48918706
2021-10-07,1,Diatoms,0.7018277,0.50133026
2021-10-08,1,Diatoms,0.7334421,0.5589644
2021-10-09,1,Diatoms,0.76505655,0.61008435
2021-10-10,1,Diatoms,0.796671,0.6349702
2021-10-11,1,Diatoms,0.82828534,0.631214
2021-10-12,1,Diatoms,0.89406615,0.69123745
2021-10-13,1,Diatoms,0.68187547,0.7287817
2021-10-14,1,Diatoms,0.68567705,0.6168639
2021-10-15,1,Diatoms,0.39866763,0.6155582
2021-10-16,1,Diatoms,0.69015205,0.61300975
2021-10-17,1,Diatoms,1.0050942,0.7892348
2021-10-18,1,Diatoms,0.83579594,0.7050981
2021-10-19,1,Diatoms,0.79785097,0.67384136
2021-10-20,1,Diatoms,0.7915702,0.6570412
2021-10-21,1,Diatoms,0.66277134,0.6790734
2021-10-22,1,Diatoms,0.8927352,0.695763
2021-10-23,1,Diatoms,0.8913893,0.8165085
2021-10-24,1,Diatoms,1.0786686,0.8849634
2021-10-25,1,Diatoms,1.084113,1.0523998
2021-10-26,1,Diatoms,1.3010275,1.1552442
2021-10-27,1,Diatoms,1.9733285,1.4339435
2021-10-28,1,Diatoms,2.4602606,2.2890055
2021-10-29,1,Diatoms,2.9471924,2.6780908
2021-10-30,1,Diatoms,3.4341245,2.5918486
2021-10-31,1,Diatoms,2.537547,2.2281344
2021-11-01,1,Diatoms,2.7887626,1.9835774
2021-11-02,1,Diatoms,2.4122794,2.08318
2021-11-03,1,Diatoms,2.988835,2.233227
2021-11-04,1,Diatoms,2.222851,2.569233
2021-11-05,1,Diatoms,1.5125543,1.856665
2021-11-06,1,Diatoms,1.3082923,1.1050457
2021-11-07,1,Diatoms,1.3879508,1.3738544
2021-11-08,1,Diatoms,2.011172,1.6211776
2021-11-09,1,Diatoms,1.544508,1.743816
2021-11-10,1,Diatoms,1.2806373,1.4325864
2021-11-11,1,Diatoms,1.221353,1.4187154
2021-11-12,1,Diatoms,0.9996886,1.0983155
2021-11-13,1,Diatoms,1.166809,0.8642459
2021-11-14,1,Diatoms,0.9016932,1.1099005
2021-11-15,1,Diatoms,0.82410574,0.7519253
2021-11-16,1,Diatoms,0.9349819,0.7659326
2021-11-17,1,Diatoms,0.94172025,0.94723845
2021-11-18,1,Diatoms,0.92100614,0.97988564
2021-11-19,1,Diatoms,0.8363867,0.9494547
2021-11-20,1,Diatoms,0.9385735,0.7670705
2021-11-21,1,Diatoms,1.2261478,0.9429576
2021-11-22,1,Diatoms,1.0900145,1.3852174
2021-11-23,1,Diatoms,0.8594718,1.2580792
2021-11-24,1,Diatoms,0.8197829,0.7809783
2021-11-25,1,Diatoms,0.8982766,0.81869173
2021-11-26,1,Diatoms,0.93438494,0.8335403
2021-11-27,1,Diatoms,1.194602,0.90641147
2021-11-28,1,Diatoms,1.164385,1.1745958
2021-11-29,1,Diatoms,1.408407,1.2549775
2021-11-30,1,Diatoms,1.8194569,1.6094406
2021-12-01,1,Diatoms,2.0956626,1.958509
2021-12-02,1,Diatoms,1.9123534,1.861239
2021-12-03,1,Diatoms,1.8349311,1.7812954
2021-12-04,1,Diatoms,1.4541534,1.811154
2021-12-05,1,Diatoms,1.6142619,1.5333719
2021-12-06,1,Diatoms,1.6233261,1.5998076
2021-12-07,1,Diatoms,1.421165,1.6254145
2021-12-08,1,Diatoms,1.4636773,1.5119195
2021-12-09,1,Diatoms,1.4945264,1.5583028
2021-12-10,1,Diatoms,1.54445,1.5616292
2021-12-11,1,Diatoms,1.5230969,1.5795758
2021-12-12,1,Diatoms,1.6827589,1.7917001
2021-12-13,1,Diatoms,1.7116281,1.6838458
2021-12-14,1,Diatoms,1.9158539,1.8890922
2021-12-15,1,Diatoms,2.0881534,2.0798523
2021-12-16,1,Diatoms,2.3040404,2.1838667
2021-12-17,1,Diatoms,1.8070529,2.2165205
2021-12-18,1,Diatoms,1.6679001,1.798098
2021-12-19,1,Diatoms,2.2340477,1.6515665
2021-12-20,1,Diatoms,2.1134007,1.8971088
2021-12-21,1,Diatoms,1.8318379,1.7425086
2021-12-22,1,Diatoms,1.6743126,1.7374406
2021-12-23,1,Diatoms,2.6385167,1.7925711
2021-12-24,1,Diatoms,2.2485156,2.3375697
2021-12-25,1,Diatoms,1.8585145,2.096293
2021-12-26,1,Diatoms,1.891042,1.6824319
2021-12-27,1,Diatoms,1.4258013,1.5802009
2021-12-28,1,Diatoms,1.448659,1.4290376
2021-12-29,1,Diatoms,1.2661808,1.5238441
2021-12-30,1,Diatoms,1.6195441,1.3182099
2021-12-31,1,Diatoms,1.2491754,1.546292
2022-01-01,1,Diatoms,1.1136975,1.3270395
2022-01-02,1,Diatoms,0.998314,1.3581051
2022-01-03,1,Diatoms,1.1921651,1.2181951
2022-01-04,1,Diatoms,1.7091818,1.4144427
2022-01-05,1,Diatoms,3.6088486,1.86727
2022-01-06,1,Diatoms,3.1050832,3.0662513
2022-01-07,1,Diatoms,2.601318,2.8419237
2022-01-08,1,Diatoms,3.0840986,2.2353723
2022-01-09,1,Diatoms,2.192433,2.5280814
2022-01-10,1,Diatoms,1.8787844,1.99511
2022-01-11,1,Diatoms,2.3994572,1.8111877
2022-01-12,1,Diatoms,1.2720188,1.8411864
2022-01-13,1,Diatoms,1.0562301,1.0801239
2022-01-14,1,Diatoms,0.9689428,0.837184
2022-01-15,1,Diatoms,0.7713965,0.7054061
2022-01-16,1,Diatoms,0.7500796,0.7195172
2022-01-17,1,Diatoms,0.88829833,0.7502929
2022-01-18,1,Diatoms,0.82818246,0.79244196
2022-01-19,1,Diatoms,0.77960896,1.0463507
2022-01-20,1,Diatoms,0.81703836,1.0027598
2022-01-21,1,Diatoms,0.77738595,1.1017936
2022-01-22,1,Diatoms,1.0765026,1.2162168
2022-01-23,1,Diatoms,1.4015352,1.4865428
2022-01-24,1,Diatoms,2.5588784,1.9752679
2022-01-25,1,Diatoms,3.0085673,2.2922566
2022-01-26,1,Diatoms,2.7863743,2.562858
2022-01-27,1,Diatoms,1.4635597,2.5116663
2022-01-28,1,Diatoms,2.8025064,1.8697138
2022-01-29,1,Diatoms,1.1110301,2.3492658
2022-01-30,1,Diatoms,1.3425798,1.4548167
2022-01-31,1,Diatoms,1.4695957,1.4951501
2022-02-01,1,Diatoms,1.4192059,1.379038
2022-02-02,1,Diatoms,0.7558678,1.2997886
2022-02-03,1,Diatoms,1.2968768,1.0190637
2022-02-04,1,Diatoms,2.18072,1.1651216
2022-02-05,1,Diatoms,1.774446,1.6303151
2022-02-06,1,Diatoms,1.6449122,1.6107005
2022-02-07,1,Diatoms,1.4180886,1.4419595
2022-02-08,1,Diatoms,2.0166342,1.5064104
2022-02-09,1,Diatoms,1.566981,1.7450125
2022-02-10,1,Diatoms,1.6986585,1.6335981
2022-02-11,1,Diatoms,1.348436,1.5680283
2022-02-12,1,Diatoms,1.4852914,1.3877013
2022-02-13,1,Diatoms,1.1732615,1.6340637
2022-02-14,1,Diatoms,0.8223747,1.5698189
2022-02-15,1,Diatoms,0.9416731,1.2272266
2022-02-16,1,Diatoms,0.8257638,1.2878466
2022-02-17,1,Diatoms,2.2344718,1.2915934
2022-02-18,1,Diatoms,2.3571997,2.0070093
2022-02-19,1,Diatoms,2.4799278,2.0840077
2022-02-20,1,Diatoms,1.8584225,2.2043371
2022-02-21,1,Diatoms,1.3062419,1.5870066
2022-02-22,1,Diatoms,1.1708182,1.2245873
2022-02-23,1,Diatoms,1.2594694,1.1012648
2022-02-24,1,Diatoms,1.2043629,1.1136003
2022-02-25,1,Diatoms,1.1634104,1.1488981
2022-02-26,1,Diatoms,1.1224579,1.1722904
2022-02-27,1,Diatoms,1.0815053,1.2242566
2022-02-28,1,Diatoms,1.0194421,1.1765997
2022-03-01,1,Diatoms,1.0779487,1.0445914
2022-03-02,1,Diatoms,1.3165268,1.2180654
2022-03-03,1,Diatoms,2.2054887,1.7988067
2022-03-04,1,Diatoms,2.7340302,2.5018437
2022-03-05,1,Diatoms,4.0151806,2.7506971
2022-03-06,1,Diatoms,3.2142246,3.1490035
2022-03-07,1,Diatoms,2.413268,2.7979312
2022-03-08,1,Diatoms,1.1411803,2.1310122
2022-03-09,1,Diatoms,0.93422884,0.9574876
2022-03-10,1,Diatoms,0.7968505,1.1392034
2022-03-11,1,Diatoms,1.9635824,1.3976834
2022-03-12,1,Diatoms,3.8723621,2.9916859
2022-03-13,1,Diatoms,3.7886758,3.3510997
2022-03-14,1,Diatoms,3.7049897,3.5498374
2022-03-15,1,Diatoms,3.6213036,3.4576154
2022-03-16,1,Diatoms,3.5376167,3.4463644
2022-03-17,1,Diatoms,3.4539306,3.244354
2022-03-18,1,Diatoms,3.3702443,3.2832732
2022-03-19,1,Diatoms,3.286558,3.211773
2022-03-20,1,Diatoms,3.8933792,3.0106082
2022-03-21,1,Diatoms,3.6404781,3.1440587
2022-03-22,1,Diatoms,2.820116,2.3814783
2022-03-23,1,Diatoms,1.9487193,1.92615
2022-03-24,1,Diatoms,1.2148008,1.2840463
2022-03-25,1,Diatoms,0.802643,0.8756222
2022-03-26,1,Diatoms,0.9294931,0.6596313
2022-03-27,1,Diatoms,1.1773057,0.5838496
2022-03-28,1,Diatoms,1.2790086,0.7318779
2022-03-29,1,Diatoms,0.85883504,1.0029662
2022-03-30,1,Diatoms,0.7176298,0.64472526
2022-03-31,1,Diatoms,0.7616727,0.58026516
2022-04-01,1,Diatoms,0.97343975,0.61406356
2022-04-02,1,Diatoms,0.60815275,0.8322379
2022-04-03,1,Diatoms,0.5334395,0.51027834
2022-04-04,1,Diatoms,0.59590155,0.52564585
2022-04-05,1,Diatoms,0.6571332,0.5934964
2022-04-06,1,Diatoms,0.7156345,0.6919743
2022-04-07,1,Diatoms,0.74620116,0.5918613
2022-04-08,1,Diatoms,0.95508325,0.74102825
2022-04-09,1,Diatoms,1.3922431,1.1271666
2022-04-10,1,Diatoms,1.1859667,1.5634284
2022-04-11,1,Diatoms,1.46389,1.4274826
2022-04-12,1,Diatoms,1.5720646,1.7773141
2022-04-13,1,Diatoms,2.5351775,2.270535
2022-04-14,1,Diatoms,3.772026,2.8588161
2022-04-15,1,Diatoms,2.910514,3.304404
2022-04-16,1,Diatoms,2.0152194,2.416141
2022-04-17,1,Diatoms,1.1619052,1.8251925
2022-04-18,1,Diatoms,0.07279764,1.0109328
2022-04-19,1,Diatoms,0.86195654,0.5215006
2022-04-20,1,Diatoms,0.60821867,0.65600777
2022-04-21,1,Diatoms,0.63115996,0.5706303
2022-04-22,1,Diatoms,0.9451232,0.61791
2022-04-23,1,Diatoms,3.9995506,0.8179239
2022-04-24,1,Diatoms,1.921622,2.446426
2022-04-25,1,Diatoms,2.3708055,2.3822463
2022-04-26,1,Diatoms,2.9904463,2.5042639
2022-04-27,1,Diatoms,3.6100872,2.4736395
2022-04-28,1,Diatoms,2.1844156,2.543934
2022-04-29,1,Diatoms,1.9158579,2.1148524
2022-04-30,1,Diatoms,1.5144131,1.5248872
2022-05-01,1,Diatoms,1.066942,0.93528223
2022-05-02,1,Diatoms,0.9111449,0.813746
2022-05-03,1,Diatoms,0.7083406,0.67054445
2022-05-04,1,Diatoms,0.7547319,0.63590443
2022-05-05,1,Diatoms,1.0172391,1.0813287
2022-05-06,1,Diatoms,2.4381146,1.4221222
2022-05-07,1,Diatoms,3.9056737,2.4580126
2022-05-08,1,Diatoms,3.2241905,3.0105548
2022-05-09,1,Diatoms,2.5427072,2.4445133
2022-05-10,1,Diatoms,1.8612238,1.7645377
2022-05-11,1,Diatoms,1.4573841,1.1561538
2022-05-12,1,Diatoms,1.2311223,1.0618881
2022-05-13,1,Diatoms,1.3280072,1.0328364
2022-05-14,1,Diatoms,1.0765942,1.0230682
2022-05-15,1,Diatoms,0.78812456,0.8300665
2022-05-16,1,Diatoms,0.68083215,0.659937
2022-05-17,1,Diatoms,0.70321506,0.5363268
2022-05-18,1,Diatoms,0.6518202,0.5561103
2022-05-19,1,Diatoms,0.7445803,0.5201465
2022-05-20,1,Diatoms,1.0043664,0.5170538
2022-05-21,1,Diatoms,0.6750544,0.85470814
2022-05-22,1,Diatoms,1.1354203,1.0089948
2022-05-23,1,Diatoms,1.1735673,1.0316828
2022-05-24,1,Diatoms,1.1492542,0.94285387
2022-05-25,1,Diatoms,1.212029,1.1310354
2022-05-26,1,Diatoms,0.94941264,0.81210726
2022-05-27,1,Diatoms,1.0213025,0.7501974
2022-05-28,1,Diatoms,0.78524256,0.5989036
2022-05-29,1,Diatoms,0.26985496,0.5503242
2022-05-30,1,Diatoms,0.67634517,0.3553546
2022-05-31,1,Diatoms,0.9414565,0.5566999
2022-06-01,1,Diatoms,0.94965315,0.6537217
2022-06-02,1,Diatoms,0.61305296,0.65410984
2022-06-03,1,Diatoms,1.0904568,0.5298666
2022-06-04,1,Diatoms,1.3537029,0.62656784
2022-06-05,1,Diatoms,1.0299783,0.694729
2022-06-06,1,Diatoms,0.5943043,0.60716534
2022-06-07,1,Diatoms,0.4943406,0.48901093
2022-06-08,1,Diatoms,0.04067393,0.40992424
2022-06-09,1,Diatoms,0.07032608,0.20108919
2022-06-10,1,Diatoms,0.16366135,0.1864883
2022-06-11,1,Diatoms,0.18317887,0.16909666
2022-06-12,1,Diatoms,0.6201881,0.16418403
2022-06-13,1,Diatoms,0.32491675,0.2925539
2022-06-14,1,Diatoms,0.0875361,0.2378399
2022-06-15,1,Diatoms,0.00999999,0.13336787
2022-06-16,1,Diatoms,0.070499286,0.11501874
2022-06-17,1,Diatoms,0.31225038,0.17824487
2022-06-18,1,Diatoms,0.2925797,0.22321174
2022-06-19,1,Diatoms,0.31209573,0.24736784
2022-06-20,1,Diatoms,0.18069513,0.28053576
2022-06-21,1,Diatoms,0.2057929,0.24966002
2022-06-22,1,Diatoms,0.41216508,0.2887125
2022-06-23,1,Diatoms,0.12479742,0.36350268
2022-06-24,1,Diatoms,0.16134341,0.22086328
2022-06-25,1,Diatoms,0.5027806,0.36551186
2022-06-26,1,Diatoms,0.67503256,0.7982131
2022-06-27,1,Diatoms,0.65611875,0.71224916
2022-06-28,1,Diatoms,0.6393343,0.700041
2022-06-29,1,Diatoms,0.77931786,0.7310576
2022-06-30,1,Diatoms,0.70635045,0.65749973
2022-07-01,1,Diatoms,0.6432875,0.6759549
2022-07-02,1,Diatoms,0.84127444,0.59726673
2022-07-03,1,Diatoms,0.65773517,0.59711903
2022-07-04,1,Diatoms,0.673903,0.48946834
2022-07-05,1,Diatoms,0.49931207,0.4814073
2022-07-06,1,Diatoms,0.48018092,0.38839278
2022-07-07,1,Diatoms,0.36509007,0.38573626
2022-07-08,1,Diatoms,0.4210155,0.3713178
2022-07-09,1,Diatoms,0.43833014,0.4134239
2022-07-10,1,Diatoms,0.68257874,0.42697695
2022-07-11,1,Diatoms,0.8123347,0.679876
2022-07-12,1,Diatoms,0.9596522,0.9068287
2022-07-13,1,Diatoms,1.1758261,1.1093918
2022-07-14,1,Diatoms,1.001128,1.3210719
2022-07-15,1,Diatoms,0.636442,1.4213897
2022-07-16,1,Diatoms,2.5314977,1.1498291
2022-07-17,1,Diatoms,2.491003,1.7376165
2022-07-18,1,Diatoms,2.4505084,1.7048526
2022-07-19,1,Diatoms,1.1627918,1.5941749
2022-07-20,1,Diatoms,1.0163498,0.90281373
2022-07-21,1,Diatoms,0.6194271,0.81097126
2022-07-22,1,Diatoms,0.48063365,0.6462738
2022-07-23,1,Diatoms,0.6871731,0.51857436
2022-07-24,1,Diatoms,1.1602412,0.6049916
2022-07-25,1,Diatoms,0.6668863,0.8297254
2022-07-26,1,Diatoms,0.3436324,0.5190192
2022-07-27,1,Diatoms,0.35722464,0.33806908
2022-07-28,1,Diatoms,0.43895075,0.3322898
2022-07-29,1,Diatoms,0.43487385,0.308779
2022-07-30,1,Diatoms,0.44030568,0.35456702
2022-07-31,1,Diatoms,0.4457375,0.3542161
2022-08-01,1,Diatoms,0.45116934,0.37542954
2022-08-02,1,Diatoms,0.45660123,0.37490785
2022-08-03,1,Diatoms,0.46203306,0.36218342
2022-08-04,1,Diatoms,0.4674649,0.36492723
2022-08-05,1,Diatoms,0.47289675,0.40421927
2022-08-06,1,Diatoms,0.47832856,0.3974456
2022-08-07,1,Diatoms,0.48376042,0.42580065
2022-08-08,1,Diatoms,0.48919225,0.4248915
2022-08-09,1,Diatoms,0.4946241,0.44615656
2022-08-10,1,Diatoms,0.50005597,0.46098423
2022-08-11,1,Diatoms,0.5054878,0.47655022
2022-08-12,1,Diatoms,0.51091963,0.49763003
2022-08-13,1,Diatoms,0.51635146,0.4764021
2022-08-14,1,Diatoms,0.5217833,0.4847299
2022-08-15,1,Diatoms,0.5272152,0.5024547
2022-08-16,1,Diatoms,0.532647,0.5170155
2022-08-17,1,Diatoms,0.53807884,0.52197516
2022-08-18,1,Diatoms,0.5435107,0.5177295
2022-08-19,1,Diatoms,0.5489425,0.5034992
2022-08-20,1,Diatoms,0.5543744,0.51092774
2022-08-21,1,Diatoms,0.5598062,0.5139919
2022-08-22,1,Diatoms,0.56523806,0.51215327
2022-08-23,1,Diatoms,0.5706699,0.5245305
2022-08-24,1,Diatoms,0.5761018,0.52309364
2022-08-25,1,Diatoms,0.58153355,0.5342294
2022-08-26,1,Diatoms,0.58696544,0.5572435
2022-08-27,1,Diatoms,0.5923973,0.54842556
2022-08-28,1,Diatoms,0.5978291,0.5504699
2022-08-29,1,Diatoms,0.60326093,0.5377573
2022-08-30,1,Diatoms,0.6086928,0.5262167
2022-08-31,1,Diatoms,0.61412466,0.52537984
2022-09-01,1,Diatoms,0.6195565,0.5205517
2022-09-02,1,Diatoms,0.6249883,0.52035654
2022-09-03,1,Diatoms,0.63042015,0.5320708
2022-09-04,1,Diatoms,0.63585204,0.5597038
2022-09-05,1,Diatoms,0.64128387,0.59927696
2022-09-06,1,Diatoms,0.6467157,0.63762
2022-09-07,1,Diatoms,0.65214753,0.68325466
2022-09-08,1,Diatoms,0.65757936,0.6786071
2022-09-09,1,Diatoms,0.66301125,0.67492676
2022-09-10,1,Diatoms,0.6463696,0.6558563
2022-09-11,1,Diatoms,0.7992899,0.65036505
2022-09-12,1,Diatoms,0.9156512,0.81068957
2022-09-13,1,Diatoms,0.9179058,0.80267215
2022-09-14,1,Diatoms,1.2582536,0.86249065
2022-09-15,1,Diatoms,1.2465967,1.2680097
2022-09-16,1,Diatoms,0.8933671,1.3261712
2022-09-17,1,Diatoms,0.69211286,0.9309737
2022-09-18,1,Diatoms,1.4530001,0.73510987
2022-09-19,1,Diatoms,1.5097682,1.3910035
2022-09-20,1,Diatoms,0.7957029,1.1471405
2022-09-21,1,Diatoms,0.50666904,0.63893205
2022-09-22,1,Diatoms,0.5787265,0.5508699
2022-09-23,1,Diatoms,0.64563674,0.5634771
2022-09-24,1,Diatoms,1.1064084,0.58908045
2022-09-25,1,Diatoms,0.5949674,0.7777456
2022-09-26,1,Diatoms,0.49298552,0.56049097
2022-09-27,1,Diatoms,0.72891384,0.5585491
2022-09-28,1,Diatoms,0.44895002,0.6064814
2022-09-29,1,Diatoms,0.8703324,0.6257978
2022-09-30,1,Diatoms,1.7480268,0.72975993
2022-10-01,1,Diatoms,0.6184287,0.8334297
2022-10-02,1,Diatoms,0.47368115,0.5186708
2022-10-03,1,Diatoms,0.8446382,0.4663442
2022-10-04,1,Diatoms,0.74377716,0.58918643
2022-10-05,1,Diatoms,0.5391014,0.5877054
2022-10-06,1,Diatoms,0.45168117,0.4818064
2022-10-07,1,Diatoms,0.39461592,0.41036835
2022-10-08,1,Diatoms,0.33,0.36944908
2022-10-09,1,Diatoms,0.4629638,0.31634393
2022-10-10,1,Diatoms,0.6053952,0.47379702
2022-10-11,1,Diatoms,0.75984794,0.53515327
2022-10-12,1,Diatoms,0.66441303,0.62225974
2022-10-13,1,Diatoms,0.686058,0.5780528
2022-10-14,1,Diatoms,0.80112964,0.56057626
2022-10-15,1,Diatoms,0.98522115,0.64944893
2022-10-16,1,Diatoms,1.3000796,0.7868065
2022-10-17,1,Diatoms,0.6061405,1.0611968
2022-10-18,1,Diatoms,0.56499636,0.61477876
2022-10-19,1,Diatoms,0.4368863,0.5828294
2022-10-20,1,Diatoms,0.2988061,0.5127397
2022-10-21,1,Diatoms,0.21184783,0.4234907
2022-10-22,1,Diatoms,0.35266715,0.3392123
2022-10-23,1,Diatoms,0.5553931,0.60199857
2022-10-24,1,Diatoms,0.49552098,0.43233666
2022-10-25,1,Diatoms,0.5343777,0.39706475
2022-10-26,1,Diatoms,0.35753626,0.38335177
2022-10-27,1,Diatoms,0.34656295,0.3479045
2022-10-28,1,Diatoms,0.30460203,0.37020794
2022-10-29,1,Diatoms,0.42416367,0.36310974
2022-10-30,1,Diatoms,0.5319609,0.37587646
2022-10-31,1,Diatoms,0.47380608,0.3837497
2022-11-01,1,Diatoms,0.3335658,0.32976678
2022-11-02,1,Diatoms,0.19973171,0.31302086
2022-11-03,1,Diatoms,0.10726287,0.25171176
2022-11-04,1,Diatoms,0.12773186,0.20352055
2022-11-05,1,Diatoms,0.14397249,0.1563497
2022-11-06,1,Diatoms,0.3727062,0.15022004
2022-11-07,1,Diatoms,0.24949883,0.28674224
2022-11-08,1,Diatoms,0.17052859,0.24963625
2022-11-09,1,Diatoms,0.4395582,0.4841975
2022-11-10,1,Diatoms,0.5821635,0.49126756
2022-11-11,1,Diatoms,1.1037074,0.55382717
2022-11-12,1,Diatoms,1.3362005,1.0748061
2022-11-13,1,Diatoms,1.5686936,1.3635118
2022-11-14,1,Diatoms,1.8011867,1.3856416
2022-11-15,1,Diatoms,1.0413604,1.3319637
2022-11-16,1,Diatoms,0.6664446,0.8254739
2022-11-17,1,Diatoms,0.56459814,0.5856076
2022-11-18,1,Diatoms,0.5269682,0.5339158
2022-11-19,1,Diatoms,0.56615216,0.4472983
2022-11-20,1,Diatoms,0.50482637,0.48288667
2022-11-21,1,Diatoms,0.48349023,0.45980662
2022-11-22,1,Diatoms,0.5621144,0.44298556
2022-11-23,1,Diatoms,0.6525436,0.46308646
2022-11-24,1,Diatoms,0.64795226,0.5160935
2022-11-25,1,Diatoms,0.4058798,0.49542716
2022-11-26,1,Diatoms,0.57193923,0.40446746
2022-11-27,1,Diatoms,0.5968768,0.4239246
2022-11-28,1,Diatoms,0.6506368,0.39933792
2022-11-29,1,Diatoms,0.3529761,0.42201504
2022-11-30,1,Diatoms,0.2664327,0.34341368
2022-12-01,1,Diatoms,0.48696816,0.31609857
2022-12-02,1,Diatoms,0.37245104,0.38246763
2022-12-03,1,Diatoms,0.22664014,0.36403316
2022-12-04,1,Diatoms,0.24682838,0.31485206
2022-12-05,1,Diatoms,0.49799857,0.30519035
2022-12-06,1,Diatoms,0.2150834,0.36906886
2022-12-07,1,Diatoms,0.3077118,0.2854882
2022-12-08,1,Diatoms,0.46886232,0.30260408
2022-12-09,1,Diatoms,0.34040272,0.32904926
2022-12-10,1,Diatoms,0.23150615,0.32533467
2022-12-11,1,Diatoms,0.2485228,0.26962814
2022-12-12,1,Diatoms,0.100224294,0.21577086
2022-12-13,1,Diatoms,0.097241126,0.1686477
2022-12-14,1,Diatoms,0.18076141,0.15203828
2022-12-15,1,Diatoms,0.1364058,0.1656898
2022-12-16,1,Diatoms,0.1688921,0.15836504
2022-12-17,1,Diatoms,0.07955106,0.13633466
2022-12-18,1,Diatoms,0.044279505,0.13739765
2022-12-19,1,Diatoms,0.059782602,0.11433089
2022-12-20,1,Diatoms,0.025749467,0.1510207
2022-12-21,1,Diatoms,0.041604955,0.1319536
2022-12-22,1,Diatoms,0.036862336,0.14469388
2022-12-23,1,Diatoms,0.03179711,0.10095243
2022-12-24,1,Diatoms,0.05029688,0.09723845
2022-12-25,1,Diatoms,0.027907314,0.115451284
2022-12-26,1,Diatoms,0.03900145,0.12223328
2022-12-27,1,Diatoms,0.016070925,0.13041106
2022-12-28,1,Diatoms,0.035910055,0.10858935
2022-12-29,1,Diatoms,0.040795974,0.15085894
2022-12-30,1,Diatoms,0.08236955,0.16807781
2022-12-31,1,Diatoms,0.041826066,0.19123192
2023-01-01,1,Diatoms,0.023299549,0.20461276
2023-01-02,1,Diatoms,0.03492386,0.23584792
2023-01-03,1,Diatoms,0.011443076,0.23549636
2023-01-04,1,Diatoms,1.25147,0.26740462
2023-01-05,1,Diatoms,2.2523189,1.6224529
2023-01-06,1,Diatoms,1.7352643,2.319905
2023-01-07,1,Diatoms,2.1625798,2.0819242
2023-01-08,1,Diatoms,2.1771433,2.1768167
2023-01-09,1,Diatoms,2.191707,1.9728161
2023-01-10,1,Diatoms,2.2062707,2.0217476
2023-01-11,1,Diatoms,2.2208343,2.0540948
2023-01-12,1,Diatoms,2.2353978,1.9832888
2023-01-13,1,Diatoms,2.3978655,1.9098241
2023-01-14,1,Diatoms,1.806136,2.0806642
2023-01-15,1,Diatoms,1.301289,1.6007658
2023-01-16,1,Diatoms,1.0665315,1.0616599
2023-01-17,1,Diatoms,1.3206512,1.0074418
2023-01-18,1,Diatoms,0.77586955,1.1330233
2023-01-19,1,Diatoms,0.52627534,0.7281532
2023-01-20,1,Diatoms,0.7003838,0.59670246
2023-01-21,1,Diatoms,0.82269174,0.66600287
2023-01-22,1,Diatoms,1.4449638,0.74045926
2023-01-23,1,Diatoms,1.8569906,1.1933967
2023-01-24,1,Diatoms,0.7206517,1.4941887
2023-01-25,1,Diatoms,0.3520275,0.6650304
2023-01-26,1,Diatoms,0.39130428,0.483422
2023-01-27,1,Diatoms,0.3816727,0.47674042
2023-01-28,1,Diatoms,0.17257783,0.4652373
2023-01-29,1,Diatoms,0.62386763,0.31838712
2023-01-30,1,Diatoms,0.45021045,0.46720946
2023-01-31,1,Diatoms,0.3675629,0.40672076
2023-02-01,1,Diatoms,0.26353857,0.4801168
2023-02-02,1,Diatoms,0.23525697,0.5032292
2023-02-03,1,Diatoms,0.72841716,0.5256057
2023-02-04,1,Diatoms,0.77529854,0.73605627
2023-02-05,1,Diatoms,1.6153374,0.9366873
2023-02-06,1,Diatoms,2.327632,1.5754032
2023-02-07,1,Diatoms,2.7446294,1.8208975
2023-02-08,1,Diatoms,2.4849129,2.0699348
2023-02-09,1,Diatoms,1.6499403,1.942384
2023-02-10,1,Diatoms,1.1325558,1.5578775
2023-02-11,1,Diatoms,1.4423522,1.0620211
2023-02-12,1,Diatoms,1.211661,1.1110644
2023-02-13,1,Diatoms,0.8997852,1.0255218
2023-02-14,1,Diatoms,1.3638128,0.9614275
2023-02-15,1,Diatoms,1.0748056,1.0167946
2023-02-16,1,Diatoms,1.0081502,0.93303335
2023-02-17,1,Diatoms,1.0325986,0.9003511
2023-02-18,1,Diatoms,1.1148239,0.89922494
2023-02-19,1,Diatoms,1.0561261,0.92258406
2023-02-20,1,Diatoms,0.93481565,0.9027628
2023-02-21,1,Diatoms,0.6247198,0.8552728
2023-02-22,1,Diatoms,0.54212743,0.7182318
2023-02-23,1,Diatoms,0.6839636,0.6124193
2023-02-24,1,Diatoms,0.4634569,0.6402311
2023-02-25,1,Diatoms,0.56888413,0.5325617
2023-02-26,1,Diatoms,0.58474815,0.5112779
2023-02-27,1,Diatoms,0.5983531,0.501026
2023-02-28,1,Diatoms,0.780646,0.5264587
2023-03-01,1,Diatoms,0.6908178,0.68870556
2023-03-02,1,Diatoms,0.48339912,0.6708141
2023-03-03,1,Diatoms,0.6615258,0.58509004
2023-03-04,1,Diatoms,0.6948343,0.5996856
2023-03-05,1,Diatoms,0.67758507,0.61427623
2023-03-06,1,Diatoms,0.63678294,0.5829288
2023-03-07,1,Diatoms,0.52899224,0.5439344
2023-03-08,1,Diatoms,0.2782095,0.50804085
2023-03-09,1,Diatoms,0.2379022,0.38580894
2023-03-10,1,Diatoms,0.24600475,0.3399996
2023-03-11,1,Diatoms,0.22746606,0.31541765
2023-03-12,1,Diatoms,0.148354,0.2969918
2023-03-13,1,Diatoms,0.20024918,0.25669128
2023-03-14,1,Diatoms,0.21559194,0.22834146
2023-03-15,1,Diatoms,0.12942213,0.2091186
2023-03-16,1,Diatoms,0.0686136,0.18801975
2023-03-17,1,Diatoms,0.046203956,0.17878084
2023-03-18,1,Diatoms,0.06911584,0.17443217
2023-03-19,1,Diatoms,0.06594145,0.18786952
2023-03-20,1,Diatoms,0.08989181,0.17793053
2023-03-21,1,Diatoms,0.085748605,0.22354545
2023-03-22,1,Diatoms,0.28884763,0.20847385
2023-03-23,1,Diatoms,0.2221187,0.32873717
2023-03-24,1,Diatoms,0.21892524,0.32888013
2023-03-25,1,Diatoms,0.21573174,0.2619467
2023-03-26,1,Diatoms,0.21253829,0.22050573
2023-03-27,1,Diatoms,0.2093448,0.25238207
2023-03-28,1,Diatoms,0.20615135,0.2509068
2023-03-29,1,Diatoms,0.20295787,0.22872093
2023-03-30,1,Diatoms,0.19976442,0.20888013
2023-03-31,1,Diatoms,0.19657092,0.18087424
2023-04-01,1,Diatoms,0.19337748,0.2014105
2023-04-02,1,Diatoms,0.19018398,0.23188922
2023-04-03,1,Diatoms,0.18699051,0.23974375
2023-04-04,1,Diatoms,0.18379708,0.2549745
2023-04-05,1,Diatoms,0.18060356,0.24784583
2023-04-06,1,Diatoms,0.17741013,0.25387427
2023-04-07,1,Diatoms,0.17421666,0.22446503
2023-04-08,1,Diatoms,0.17102316,0.21087489
2023-04-09,1,Diatoms,0.16782972,0.20875196
2023-04-10,1,Diatoms,0.16463624,0.1919056
2023-04-11,1,Diatoms,0.16144276,0.17987777
2023-04-12,1,Diatoms,0.1582493,0.15965597
2023-04-13,1,Diatoms,0.15505582,0.14354713
2023-04-14,1,Diatoms,0.15186235,0.14816695
2023-04-15,1,Diatoms,0.1486689,0.21697697
2023-04-16,1,Diatoms,0.14547545,0.234414
2023-04-17,1,Diatoms,0.14228193,0.20568204
2023-04-18,1,Diatoms,0.13908851,0.23241937
2023-04-19,1,Diatoms,0.135895,0.15824388
2023-04-20,1,Diatoms,0.13270152,0.13501555
2023-04-21,1,Diatoms,0.12950805,0.124503456
2023-04-22,1,Diatoms,0.1263146,0.12049708
2023-04-23,1,Diatoms,0.12312116,0.1135067
2023-04-24,1,Diatoms,0.11992765,0.121792346
2023-04-25,1,Diatoms,0.11673419,0.13763678
2023-04-26,1,Diatoms,0.11354073,0.15991034
2023-04-27,1,Diatoms,0.19252734,0.13337271
2023-04-28,1,Diatoms,0.20898043,0.15014833
2023-04-29,1,Diatoms,0.31545156,0.26766577
2023-04-30,1,Diatoms,0.7253979,0.36692914
2023-05-01,1,Diatoms,0.17739198,0.45239568
2023-05-02,1,Diatoms,0.06145501,0.23685198
2023-05-03,1,Diatoms,0.0011290128,0.21225305
2023-05-04,1,Diatoms,0.013037348,0.14507197
2023-05-05,1,Diatoms,0.001333334,0.15689869
2023-05-06,1,Diatoms,0.0025992414,0.16100034
2023-05-07,1,Diatoms,0.0024023082,0.13025218
2023-05-08,1,Diatoms,0.0022054135,0.08696457
2023-05-09,1,Diatoms,0.0020085066,0.041474663
2023-05-10,1,Diatoms,0.0018115873,0.029671416
2023-05-11,1,Diatoms,0.0016146557,0.06543573
2023-05-12,1,Diatoms,0.0014177121,0.09776189
2023-05-13,1,Diatoms,0.0012208071,0.15103862
2023-05-14,1,Diatoms,0.00102389,0.18584174
2023-05-15,1,Diatoms,0.0008269606,0.14884895
2023-05-16,1,Diatoms,0.00063007005,0.09212028
2023-05-17,1,Diatoms,0.00043311645,0.08410159
2023-05-18,1,Diatoms,0.00023620162,0.05088995
2023-05-19,1,Diatoms,3.9274695e-05,0.060808346
2023-05-20,1,Diatoms,0.014928947,0.05062567
2023-05-21,1,Diatoms,0.00067082915,0.08327354
2023-05-22,1,Diatoms,0.0005596996,0.09780845
2023-05-23,1,Diatoms,0.00044858234,0.039175507
2023-05-24,1,Diatoms,0.00033747742,0.031901058
2023-05-25,1,Diatoms,0.00022638487,0.052114334
2023-05-26,1,Diatoms,0.00011525379,0.09568237
2023-05-27,1,Diatoms,0.058466077,0.13912557
2023-05-28,1,Diatoms,0.19238804,0.20109408
2023-05-29,1,Diatoms,0.20135932,0.36120802
2023-05-30,1,Diatoms,0.16988994,0.37752727
2023-05-31,1,Diatoms,0.45917562,0.3160897
2023-06-01,1,Diatoms,0.64845806,0.4418336
2023-06-02,1,Diatoms,0.4172468,0.47729042
2023-06-03,1,Diatoms,0.54917574,0.35403845
2023-06-04,1,Diatoms,0.28157726,0.33661732
2023-06-05,1,Diatoms,0.16293786,0.25223505
2023-06-06,1,Diatoms,0.26643953,0.17536606
2023-06-07,1,Diatoms,0.45171347,0.22996622
2023-06-08,1,Diatoms,0.33858457,0.3329211
2023-06-09,1,Diatoms,0.10163539,0.27900428
2023-06-10,1,Diatoms,0.0039979536,0.17593181
2023-06-11,1,Diatoms,0.0020153343,0.09942111
2023-06-12,1,Diatoms,3.2714524e-05,0.07443398
2023-06-13,1,Diatoms,0.00047412192,0.060732286
2023-06-14,1,Diatoms,0.02020927,0.05735807
2023-06-15,1,Diatoms,0.046250667,0.10701019
2023-06-16,1,Diatoms,1.0186506e-05,0.14735124
2023-06-17,1,Diatoms,0.04055767,0.16153194
2023-06-18,1,Diatoms,0.18069921,0.20592247
2023-06-19,1,Diatoms,0.08742085,0.29720423
2023-06-20,1,Diatoms,0.1564024,0.25148547
2023-06-21,1,Diatoms,0.27892652,0.27839956
2023-06-22,1,Diatoms,0.46939066,0.34355927
2023-06-23,1,Diatoms,0.71619415,0.4035676
2023-06-24,1,Diatoms,0.55189675,0.46710107
2023-06-25,1,Diatoms,0.38463646,0.40871748
2023-06-26,1,Diatoms,0.504574,0.38040188
2023-06-27,1,Diatoms,0.6774582,0.50330824
2023-06-28,1,Diatoms,0.32230452,0.56061506
2023-06-29,1,Diatoms,0.30768082,0.54286176
2023-06-30,1,Diatoms,0.2930571,0.49257892
2023-07-01,1,Diatoms,0.2784334,0.38183963
2023-07-02,1,Diatoms,0.26380974,0.26401272
2023-07-03,1,Diatoms,0.24918607,0.18249562
2023-07-04,1,Diatoms,0.23456237,0.15262163
2023-07-05,1,Diatoms,0.21993868,0.19200544
2023-07-06,1,Diatoms,0.20531496,0.19988309
2023-07-07,1,Diatoms,0.19069128,0.18683769
2023-07-08,1,Diatoms,0.17606762,0.20380731
2023-07-09,1,Diatoms,0.16144393,0.21661542
2023-07-10,1,Diatoms,0.14682025,0.19878072
2023-07-11,1,Diatoms,0.13219653,0.18366802
2023-07-12,1,Diatoms,0.117572874,0.15384717
2023-07-13,1,Diatoms,0.10294919,0.13047199
2023-07-14,1,Diatoms,0.088325456,0.110621355
2023-07-15,1,Diatoms,0.07370176,0.07986957
2023-07-16,1,Diatoms,0.059078086,0.04801987
2023-07-17,1,Diatoms,0.04445439,0.040389523
2023-07-18,1,Diatoms,0.029830711,0.026374033
2023-07-19,1,Diatoms,0.015207016,0.015428514
2023-07-20,1,Diatoms,0.0005833085,0.016900506
2023-07-21,1,Diatoms,0.0006266608,0.05932192
2023-07-22,1,Diatoms,0.000670015,0.12697949
2023-07-23,1,Diatoms,0.00071332016,0.17928039
2023-07-24,1,Diatoms,0.0007566781,0.1641371
2023-07-25,1,Diatoms,0.000799987,0.15179418
2023-07-26,1,Diatoms,0.0008432978,0.1435562
2023-07-27,1,Diatoms,0.00088666135,0.12292727
2023-07-28,1,Diatoms,0.00092997594,0.08748759
2023-07-29,1,Diatoms,0.00097329234,0.051591534
2023-07-30,1,Diatoms,0.0010166107,0.05166608
2023-07-31,1,Diatoms,0.0010599818,0.048168305
2023-08-01,1,Diatoms,0.0011033037,0.051102024
2023-08-02,1,Diatoms,0.0011466277,0.06475783
2023-08-03,1,Diatoms,0.0011899535,0.08839037
2023-08-04,1,Diatoms,0.0012332812,0.128796
2023-08-05,1,Diatoms,0.0012766108,0.12889932
2023-08-06,1,Diatoms,0.0013199422,0.13614663
2023-08-07,1,Diatoms,0.0013632755,0.14053668
2023-08-08,1,Diatoms,0.0014066106,0.14166781
2023-08-09,1,Diatoms,0.0014499477,0.15718977
2023-08-10,1,Diatoms,0.0014932866,0.10856207
2023-08-11,1,Diatoms,0.0015365764,0.08890124
2023-08-12,1,Diatoms,0.0015799191,0.04821244
2023-08-13,1,Diatoms,0.0016232637,0.024804994
2023-08-14,1,Diatoms,0.0016666101,0.043401904
2023-08-15,1,Diatoms,0.0017099074,0.11222812
2023-08-16,1,Diatoms,0.0017532577,0.11865905
2023-08-17,1,Diatoms,0.0009180655,0.12743352
2023-08-18,1,Diatoms,0.00088487996,0.07907921
2023-08-19,1,Diatoms,0.00085169554,0.04003707
2023-08-20,1,Diatoms,0.0008184613,0.048034526
2023-08-21,1,Diatoms,0.0007852791,0.025333354
2023-08-22,1,Diatoms,0.0007520979,0.056192894
2023-08-23,1,Diatoms,0.00071891793,0.09408421
2023-08-24,1,Diatoms,0.0006856881,0.10241357
2023-08-25,1,Diatoms,0.00065251027,0.10158391
2023-08-26,1,Diatoms,0.0006193335,0.14710912
2023-08-27,1,Diatoms,0.000586107,0.1244449
2023-08-28,1,Diatoms,0.00055293244,0.12473147
2023-08-29,1,Diatoms,0.00051970815,0.12619588
2023-08-30,1,Diatoms,0.00048653584,0.1568738
2023-08-31,1,Diatoms,0.0004533646,0.11705419
2023-09-01,1,Diatoms,0.0004201436,0.1490684
2023-09-02,1,Diatoms,0.00038697457,0.09785222
2023-09-03,1,Diatoms,0.00035375578,0.08330576
2023-09-04,1,Diatoms,0.00032053806,0.055801313
2023-09-05,1,Diatoms,0.00028737236,0.06082248
2023-09-06,1,Diatoms,0.00025415685,0.123560496
2023-09-07,1,Diatoms,0.00022099333,0.117372
2023-09-08,1,Diatoms,0.00018778004,0.10426185
2023-09-09,1,Diatoms,0.00015456785,0.10126936
2023-09-10,1,Diatoms,0.00012140763,0.0743134
2023-09-11,1,Diatoms,8.819765e-05,0.06212865
2023-09-12,1,Diatoms,5.4988774e-05,0.062948965
2023-09-13,1,Diatoms,0.006004396,0.0832309
2023-09-14,1,Diatoms,0.058510374,0.114363074
2023-09-15,1,Diatoms,0.08269159,0.15390198
2023-09-16,1,Diatoms,0.08045972,0.18899584
2023-09-17,1,Diatoms,0.063173585,0.17507765
2023-09-18,1,Diatoms,0.051945228,0.15567842
2023-09-19,1,Diatoms,0.032293275,0.16005209
2023-09-20,1,Diatoms,0.027173372,0.15734513
2023-09-21,1,Diatoms,0.0074045286,0.17192924
2023-09-22,1,Diatoms,0.0032023643,0.16423993
2023-09-23,1,Diatoms,0.021175211,0.13989662
2023-09-24,1,Diatoms,0.014343121,0.12017165
2023-09-25,1,Diatoms,0.00751109,0.10855936
2023-09-26,1,Diatoms,0.0006790219,0.09231757
2023-09-27,1,Diatoms,0.00043560928,0.10643367
2023-09-28,1,Diatoms,0.00037298488,0.10447402
2023-09-29,1,Diatoms,0.0003104153,0.09299122
2023-09-30,1,Diatoms,0.00024779874,0.07027454
2023-10-01,1,Diatoms,0.00018518609,0.085384645
2023-10-02,1,Diatoms,0.0006172982,0.11260679
2023-10-03,1,Diatoms,9.26222e-05,0.0767237
2023-10-04,1,Diatoms,7.3500174e-05,0.08455876
2023-10-05,1,Diatoms,0.0038750195,0.08190747
2023-10-06,1,Diatoms,0.0032905224,0.05707899
2023-10-07,1,Diatoms,0.03362907,0.040905062
2023-10-08,1,Diatoms,0.004810269,0.053218186
2023-10-09,1,Diatoms,0.09438458,0.057793796
2023-10-10,1,Diatoms,0.07221674,0.110138014
2023-10-11,1,Diatoms,0.26860738,0.18238968
2023-10-12,1,Diatoms,0.20792258,0.2950209
2023-10-13,1,Diatoms,0.324627,0.34331504
2023-10-14,1,Diatoms,0.7646221,0.48785734
2023-10-15,1,Diatoms,1.1357886,0.7786363
2023-10-16,1,Diatoms,0.80728596,0.89207035
2023-10-17,1,Diatoms,0.6686876,0.7270234
2023-10-18,1,Diatoms,0.8290776,0.6095978
2023-10-19,1,Diatoms,0.831133,0.68389934
2023-10-20,1,Diatoms,0.9008971,0.62574124
2023-10-21,1,Diatoms,0.52625555,0.68716794
2023-10-22,1,Diatoms,0.4897043,0.5355757
2023-10-23,1,Diatoms,0.39428222,0.52123374
2023-10-24,1,Diatoms,0.4919137,0.5027211
2023-10-25,1,Diatoms,1.2589972,0.5872036
2023-10-26,1,Diatoms,1.105689,0.82247895
2023-10-27,1,Diatoms,1.0713496,0.7875231
2023-10-28,1,Diatoms,0.5257695,0.75523686
2023-10-29,1,Diatoms,0.43992317,0.5663017
2023-10-30,1,Diatoms,0.5266566,0.51347625
2023-10-31,1,Diatoms,0.6161855,0.5345954
2023-11-01,1,Diatoms,0.81251514,0.531399
2023-11-02,1,Diatoms,0.6718127,0.5787417
2023-11-03,1,Diatoms,0.5765434,0.51462823
2023-11-04,1,Diatoms,0.22319983,0.5188767
2023-11-05,1,Diatoms,0.42413625,0.33178392
2023-11-06,1,Diatoms,0.2567922,0.40395707
2023-11-07,1,Diatoms,0.2520239,0.36991248
2023-11-08,1,Diatoms,0.00043097974,0.3277161
2023-11-09,1,Diatoms,0.10984439,0.18658128
2023-11-10,1,Diatoms,0.5124347,0.22514935
2023-11-11,1,Diatoms,0.33647197,0.3588871
2023-11-12,1,Diatoms,0.66706467,0.3092023
2023-11-13,1,Diatoms,0.15867805,0.44513604
2023-11-14,1,Diatoms,0.10581617,0.27861434
2023-11-15,1,Diatoms,0.052954283,0.27369258
2023-11-16,1,Diatoms,9.241877e-05,0.23705855
2023-11-17,1,Diatoms,0.009337859,0.18658291
2023-11-18,1,Diatoms,0.19977601,0.18006943
2023-11-19,1,Diatoms,0.12343549,0.28900132
2023-11-20,1,Diatoms,0.3071771,0.25141633
2023-11-21,1,Diatoms,0.13698463,0.3425558
2023-11-22,1,Diatoms,0.2949094,0.26468036
2023-11-23,1,Diatoms,1.0000529,0.3116052
2023-11-24,1,Diatoms,0.5650807,0.64857286
2023-11-25,1,Diatoms,0.28637102,0.5048681
2023-11-26,1,Diatoms,0.13317768,0.4188126
2023-11-27,1,Diatoms,0.15024103,0.37792233
2023-11-28,1,Diatoms,0.118733004,0.39105245
2023-11-29,1,Diatoms,0.313295,0.42067054
2023-11-30,1,Diatoms,1.2121061,0.4353559
2023-12-01,1,Diatoms,0.71811897,0.74138963
2023-12-02,1,Diatoms,0.42667028,0.4735028
2023-12-03,1,Diatoms,0.36823797,0.35157743
2023-12-04,1,Diatoms,0.28726888,0.3267628
2023-12-05,1,Diatoms,0.40296897,0.26558033
2023-12-06,1,Diatoms,0.48180538,0.39081427
2023-12-07,1,Diatoms,0.4798209,0.48087943
2023-12-08,1,Diatoms,0.22574307,0.48011354
2023-12-09,1,Diatoms,0.6053398,0.46015498
2023-12-10,1,Diatoms,0.51656085,0.74658895
2023-12-11,1,Diatoms,1.0550815,0.6350411
2023-12-12,1,Diatoms,1.6915069,0.84662
2023-12-13,1,Diatoms,1.3574413,0.9562619
2023-12-14,1,Diatoms,0.80911356,0.78695947
2023-12-15,1,Diatoms,0.470075,0.59477854
2023-12-16,1,Diatoms,0.33258235,0.47997475
2023-12-17,1,Diatoms,0.0006089024,0.32961008
2023-12-18,1,Diatoms,0.014664732,0.12009356
2023-12-19,1,Diatoms,0.17325234,0.082515694
2023-12-20,1,Diatoms,0.022111505,0.16749318
2023-12-21,1,Diatoms,0.01028164,0.11811341
2023-12-22,1,Diatoms,0.19714954,0.11620102
2023-12-23,1,Diatoms,0.18888706,0.22041829
2023-12-24,1,Diatoms,0.17901944,0.25020474
2023-12-25,1,Diatoms,0.24054842,0.28780892
2023-12-26,1,Diatoms,0.7410379,0.3501796
2023-12-27,1,Diatoms,1.1543852,0.6565941
2020-10-29,2,Diatoms,2.244111,1.5880247
2020-10-30,2,Diatoms,2.375431,1.9331958
2020-10-31,2,Diatoms,2.506751,2.462355
2020-11-01,2,Diatoms,3.0380814,2.6431475
2020-11-02,2,Diatoms,2.8482478,2.0351973
2020-11-03,2,Diatoms,2.2271326,2.5118299
2020-11-04,2,Diatoms,2.085131,2.3861995
2020-11-05,2,Diatoms,2.0708182,1.7911636
2020-11-06,2,Diatoms,1.713693,1.7420582
2020-11-07,2,Diatoms,2.1728096,1.6057626
2020-11-08,2,Diatoms,1.2744782,1.8099688
2020-11-09,2,Diatoms,1.0231327,2.4275546
2020-11-10,2,Diatoms,0.7810465,1.1501262
2020-11-11,2,Diatoms,0.89373004,0.9032907
2020-11-12,2,Diatoms,1.3485912,0.7200333
2020-11-13,2,Diatoms,1.0144191,0.87829536
2020-11-14,2,Diatoms,0.7676627,1.2670313
2020-11-15,2,Diatoms,1.5220684,1.1350566
2020-11-16,2,Diatoms,1.7528968,0.99073285
2020-11-17,2,Diatoms,2.7005594,1.4679502
2020-11-18,2,Diatoms,3.551749,1.9586325
2020-11-19,2,Diatoms,3.5550296,2.394386
2020-11-20,2,Diatoms,3.5583103,2.616873
2020-11-21,2,Diatoms,3.561591,2.9469273
2020-11-22,2,Diatoms,3.5648715,2.737807
2020-11-23,2,Diatoms,3.5681524,2.6839676
2020-11-24,2,Diatoms,2.877584,2.9293625
2020-11-25,2,Diatoms,2.570984,2.4313846
2020-11-26,2,Diatoms,2.99432,2.0968583
2020-11-27,2,Diatoms,2.3000507,2.024304
2020-11-28,2,Diatoms,1.9902606,3.0557916
2020-11-29,2,Diatoms,2.121932,1.97973
2020-11-30,2,Diatoms,1.2250868,1.6356463
2020-12-01,2,Diatoms,0.79758143,1.7294015
2020-12-02,2,Diatoms,0.55146164,0.8969706
2020-12-03,2,Diatoms,0.69141823,0.80328095
2020-12-04,2,Diatoms,0.4592113,0.74919075
2020-12-05,2,Diatoms,0.6877279,0.7188671
2020-12-06,2,Diatoms,0.72069466,0.61513466
2020-12-07,2,Diatoms,0.6629616,0.65953994
2020-12-08,2,Diatoms,0.32433745,0.6799764
2020-12-09,2,Diatoms,0.891803,0.74507505
2020-12-10,2,Diatoms,1.0413541,0.60177064
2020-12-11,2,Diatoms,0.50121653,1.1097323
2020-12-12,2,Diatoms,0.45125997,1.0488027
2020-12-13,2,Diatoms,1.5000796,0.6520902
2020-12-14,2,Diatoms,0.68109983,0.83544004
2020-12-15,2,Diatoms,1.1050941,2.0382
2020-12-16,2,Diatoms,1.0165268,0.6409466
2020-12-17,2,Diatoms,0.82747287,0.84606904
2020-12-18,2,Diatoms,0.79755604,0.8945493
2020-12-19,2,Diatoms,0.92849493,0.8579745
2020-12-20,2,Diatoms,0.91774964,0.89488435
2020-12-21,2,Diatoms,1.0702823,1.1821684
2020-12-22,2,Diatoms,1.129609,1.2659091
2020-12-23,2,Diatoms,1.5725508,1.279599
2020-12-24,2,Diatoms,1.0803404,1.2614772
2020-12-25,2,Diatoms,1.1264446,1.6946627
2020-12-26,2,Diatoms,1.3128096,1.3848702
2020-12-27,2,Diatoms,1.272882,1.3686205
2020-12-28,2,Diatoms,3.3631935,1.6655535
2020-12-29,2,Diatoms,3.1568608,1.833506
2020-12-30,2,Diatoms,2.9505284,3.217314
2020-12-31,2,Diatoms,3.1884804,3.033301
2021-01-01,2,Diatoms,1.9716499,2.3534732
2021-01-02,2,Diatoms,1.4403403,2.0264642
2021-01-03,2,Diatoms,1.1570333,1.1851577
2021-01-04,2,Diatoms,0.9809848,0.822915
2021-01-05,2,Diatoms,0.84870386,0.7638767
2021-01-06,2,Diatoms,0.7281101,0.68186116
2021-01-07,2,Diatoms,0.2832947,0.60793036
2021-01-08,2,Diatoms,0.31892332,0.58655226
2021-01-09,2,Diatoms,0.18934155,0.44166124
2021-01-10,2,Diatoms,0.38280752,0.31775004
2021-01-11,2,Diatoms,0.20098482,0.23696648
2021-01-12,2,Diatoms,0.08154123,0.270205
2021-01-13,2,Diatoms,0.30706948,0.2360224
2021-01-14,2,Diatoms,0.6084967,0.2599516
2021-01-15,2,Diatoms,0.8928965,0.3627003
2021-01-16,2,Diatoms,0.62818974,0.4993608
2021-01-17,2,Diatoms,0.10378436,0.6270373
2021-01-18,2,Diatoms,0.0969537,0.58105844
2021-01-19,2,Diatoms,0.4372576,0.39307103
2021-01-20,2,Diatoms,1.0428437,0.41479537
2021-01-21,2,Diatoms,2.229479,0.5992524
2021-01-22,2,Diatoms,2.2929904,1.7979423
2021-01-23,2,Diatoms,2.4667873,2.4744463
2021-01-24,2,Diatoms,2.4707308,2.6387663
2021-01-25,2,Diatoms,2.4139535,2.9353561
2021-01-26,2,Diatoms,2.5623229,2.337657
2021-01-27,2,Diatoms,2.6734154,2.5889328
2021-01-28,2,Diatoms,2.784508,2.356337
2021-01-29,2,Diatoms,1.4483068,2.3760371
2021-01-30,2,Diatoms,1.1406006,2.0215678
2021-01-31,2,Diatoms,1.6360753,1.5089394
2021-02-01,2,Diatoms,2.0243301,1.596122
2021-02-02,2,Diatoms,1.9407675,1.8087153
2021-02-03,2,Diatoms,1.9504924,1.9776206
2021-02-04,2,Diatoms,1.640601,1.791744
2021-02-05,2,Diatoms,1.878074,1.5432694
2021-02-06,2,Diatoms,1.893273,1.4927685
2021-02-07,2,Diatoms,1.6942288,1.6968905
2021-02-08,2,Diatoms,2.2493556,1.6046543
2021-02-09,2,Diatoms,1.7770494,1.4847978
2021-02-10,2,Diatoms,0.68595654,1.6580458
2021-02-11,2,Diatoms,0.9005503,1.4986348
2021-02-12,2,Diatoms,1.81,0.8374227
2021-02-13,2,Diatoms,2.2021346,0.829823
2021-02-14,2,Diatoms,2.594269,1.370854
2021-02-15,2,Diatoms,2.9864037,2.0746884
2021-02-16,2,Diatoms,2.702113,1.9648336
2021-02-17,2,Diatoms,2.0566425,1.8769683
2021-02-18,2,Diatoms,1.8688567,1.7146196
2021-02-19,2,Diatoms,1.7543334,1.2518276
2021-02-20,2,Diatoms,0.9000724,1.0013535
2021-02-21,2,Diatoms,0.7629161,1.0045583
2021-02-22,2,Diatoms,0.6538233,0.63545364
2021-02-23,2,Diatoms,0.2735771,0.58366066
2021-02-24,2,Diatoms,0.29733527,0.47124624
2021-02-25,2,Diatoms,0.122311585,0.33930352
2021-02-26,2,Diatoms,0.111385085,0.30675954
2021-02-27,2,Diatoms,0.23341587,0.26215377
2021-02-28,2,Diatoms,0.3779776,0.24811688
2021-03-01,2,Diatoms,0.26025468,0.24284805
2021-03-02,2,Diatoms,0.5074762,0.29110166
2021-03-03,2,Diatoms,0.5803401,0.23164234
2021-03-04,2,Diatoms,0.4486614,0.33811784
2021-03-05,2,Diatoms,0.29125902,0.44133857
2021-03-06,2,Diatoms,0.09789437,0.32510784
2021-03-07,2,Diatoms,0.10636036,0.26293167
2021-03-08,2,Diatoms,0.42757422,0.1957914
2021-03-09,2,Diatoms,0.41371924,0.23094743
2021-03-10,2,Diatoms,0.97834295,0.49652886
2021-03-11,2,Diatoms,1.090767,0.6409179
2021-03-12,2,Diatoms,1.6602533,1.4640944
2021-03-13,2,Diatoms,2.7790158,1.9474139
2021-03-14,2,Diatoms,1.716657,2.6123319
2021-03-15,2,Diatoms,2.1587698,3.1864018
2021-03-16,2,Diatoms,1.5231838,1.4820168
2021-03-17,2,Diatoms,0.7664399,1.6922649
2021-03-18,2,Diatoms,0.9175977,1.300971
2021-03-19,2,Diatoms,0.9093126,0.7427592
2021-03-20,2,Diatoms,0.82787263,0.9425011
2021-03-21,2,Diatoms,0.6657453,0.76736987
2021-03-22,2,Diatoms,0.7944718,0.7658486
2021-03-23,2,Diatoms,0.56832004,0.6125474
2021-03-24,2,Diatoms,0.48747098,0.6316236
2021-03-25,2,Diatoms,0.60059506,0.5784509
2021-03-26,2,Diatoms,0.71678,0.63181996
2021-03-27,2,Diatoms,0.9423606,0.80626756
2021-03-28,2,Diatoms,1.3365387,1.0952301
2021-03-29,2,Diatoms,3.3529541,1.6446176
2021-03-30,2,Diatoms,3.1136181,2.3013947
2021-03-31,2,Diatoms,2.874282,3.417699
2021-04-01,2,Diatoms,2.6349456,3.3177457
2021-04-02,2,Diatoms,1.4991021,2.7785826
2021-04-03,2,Diatoms,1.4968718,2.0612009
2021-04-04,2,Diatoms,1.2935481,1.4640036
2021-04-05,2,Diatoms,0.9018379,1.6090899
2021-04-06,2,Diatoms,0.85719246,1.2981554
2021-04-07,2,Diatoms,1.0202751,1.0059388
2021-04-08,2,Diatoms,1.0912663,1.0006417
2021-04-09,2,Diatoms,1.2612445,1.1692045
2021-04-10,2,Diatoms,1.278191,1.1475375
2021-04-11,2,Diatoms,1.2684226,1.3676237
2021-04-12,2,Diatoms,0.7582549,1.4976617
2021-04-13,2,Diatoms,1.1454453,1.7003629
2021-04-14,2,Diatoms,2.0011659,1.9480362
2021-04-15,2,Diatoms,1.1257857,2.138561
2021-04-16,2,Diatoms,0.57763094,2.3114645
2021-04-17,2,Diatoms,0.7711369,1.6628392
2021-04-18,2,Diatoms,2.797393,1.1836234
2021-04-19,2,Diatoms,2.7909703,1.7762489
2021-04-20,2,Diatoms,2.257118,2.5253317
2021-04-21,2,Diatoms,1.574142,2.39141
2021-04-22,2,Diatoms,1.2624112,2.1797962
2021-04-23,2,Diatoms,2.9326358,1.9590992
2021-04-24,2,Diatoms,2.0435264,2.093435
2021-04-25,2,Diatoms,3.5338886,3.1703987
2021-04-26,2,Diatoms,3.7416282,2.470209
2021-04-27,2,Diatoms,3.7256298,3.2725582
2021-04-28,2,Diatoms,2.3611505,2.6478813
2021-04-29,2,Diatoms,1.3832923,2.247752
2021-04-30,2,Diatoms,0.93366134,1.5771463
2021-05-01,2,Diatoms,0.55839366,0.9793307
2021-05-02,2,Diatoms,1.066165,0.9997887
2021-05-03,2,Diatoms,2.7655473,1.2782904
2021-05-04,2,Diatoms,2.1014047,1.6503758
2021-05-05,2,Diatoms,1.7055371,2.579497
2021-05-06,2,Diatoms,1.1249028,1.7086952
2021-05-07,2,Diatoms,1.056713,1.6586308
2021-05-08,2,Diatoms,0.9630414,1.5630783
2021-05-09,2,Diatoms,1.7809696,1.5466831
2021-05-10,2,Diatoms,0.9654414,1.8004243
2021-05-11,2,Diatoms,1.2358177,2.591374
2021-05-12,2,Diatoms,3.711635,1.8308147
2021-05-13,2,Diatoms,3.3949533,2.3410752
2021-05-14,2,Diatoms,3.0782707,3.2550967
2021-05-15,2,Diatoms,2.789964,3.1368427
2021-05-16,2,Diatoms,2.2519102,2.2817001
2021-05-17,2,Diatoms,1.8629305,2.1091387
2021-05-18,2,Diatoms,2.183372,1.8148187
2021-05-19,2,Diatoms,2.1150978,1.7818619
2021-05-20,2,Diatoms,1.7254342,2.0298486
2021-05-21,2,Diatoms,1.5535529,1.7306103
2021-05-22,2,Diatoms,1.9609051,1.7506889
2021-05-23,2,Diatoms,2.031506,1.6850709
2021-05-24,2,Diatoms,2.072858,2.1411088
2021-05-25,2,Diatoms,2.2005935,2.0435529
2021-05-26,2,Diatoms,1.9350218,2.4294326
2021-05-27,2,Diatoms,1.0838495,2.1341212
2021-05-28,2,Diatoms,1.3800538,2.0916445
2021-05-29,2,Diatoms,3.183799,1.9996418
2021-05-30,2,Diatoms,2.7268162,2.1709402
2021-05-31,2,Diatoms,1.4334034,2.624223
2021-06-01,2,Diatoms,1.6658363,2.219507
2021-06-02,2,Diatoms,1.4438957,1.6086236
2021-06-03,2,Diatoms,1.0112599,1.6212716
2021-06-04,2,Diatoms,1.4206372,1.4758378
2021-06-05,2,Diatoms,1.228291,1.3483071
2021-06-06,2,Diatoms,1.7269298,1.7182775
2021-06-07,2,Diatoms,1.7005137,1.6307006
2021-06-08,2,Diatoms,2.6476555,1.940337
2021-06-09,2,Diatoms,2.045398,2.0312128
2021-06-10,2,Diatoms,1.8383286,2.5562735
2021-06-11,2,Diatoms,1.9921997,2.0795448
2021-06-12,2,Diatoms,2.0134249,2.1220841
2021-06-13,2,Diatoms,1.6290804,2.2858706
2021-06-14,2,Diatoms,3.1700435,2.5727718
2021-06-15,2,Diatoms,3.3024917,2.4970274
2021-06-16,2,Diatoms,3.4349394,2.8542473
2021-06-17,2,Diatoms,3.5673878,3.3262157
2021-06-18,2,Diatoms,3.699836,3.5722623
2021-06-19,2,Diatoms,3.8322835,3.4558222
2021-06-20,2,Diatoms,3.964732,3.108934
2021-06-21,2,Diatoms,2.9807816,2.9546063
2021-06-22,2,Diatoms,1.9287239,2.9115233
2021-06-23,2,Diatoms,1.7428799,2.3271546
2021-06-24,2,Diatoms,1.6203545,1.7483597
2021-06-25,2,Diatoms,1.6847974,1.6063459
2021-06-26,2,Diatoms,1.3992257,1.4235818
2021-06-27,2,Diatoms,0.4449783,1.6527462
2021-06-28,2,Diatoms,0.6800145,1.4176065
2021-06-29,2,Diatoms,1.0097902,1.2700438
2021-06-30,2,Diatoms,1.7874533,1.352402
2021-07-01,2,Diatoms,1.6671201,1.5520853
2021-07-02,2,Diatoms,2.0350435,1.9132109
2021-07-03,2,Diatoms,2.1230752,2.119631
2021-07-04,2,Diatoms,2.6323733,2.4171293
2021-07-05,2,Diatoms,3.4875107,2.64877
2021-07-06,2,Diatoms,3.787234,2.457829
2021-07-07,2,Diatoms,3.39538,2.9279625
2021-07-08,2,Diatoms,2.5858839,2.8007061
2021-07-09,2,Diatoms,1.502587,2.6062684
2021-07-10,2,Diatoms,1.4255829,2.5543213
2021-07-11,2,Diatoms,1.7508472,1.5634462
2021-07-12,2,Diatoms,1.8505718,1.6541389
2021-07-13,2,Diatoms,1.9810565,1.8179135
2021-07-14,2,Diatoms,1.2432224,1.9951969
2021-07-15,2,Diatoms,1.0958611,1.9732158
2021-07-16,2,Diatoms,1.8101519,1.9272518
2021-07-17,2,Diatoms,1.3462229,1.7346048
2021-07-18,2,Diatoms,1.037178,2.0936606
2021-07-19,2,Diatoms,1.2159377,1.9264094
2021-07-20,2,Diatoms,1.6290152,1.5270674
2021-07-21,2,Diatoms,1.2851557,1.7131222
2021-07-22,2,Diatoms,1.1834251,1.8868017
2021-07-23,2,Diatoms,1.1390948,1.5913206
2021-07-24,2,Diatoms,3.5395947,1.7058374
2021-07-25,2,Diatoms,2.8445039,2.2373466
2021-07-26,2,Diatoms,2.449595,2.9880667
2021-07-27,2,Diatoms,1.6523589,2.5768793
2021-07-28,2,Diatoms,1.1892546,2.1452901
2021-07-29,2,Diatoms,1.4342402,1.6870757
2021-07-30,2,Diatoms,2.093664,1.2829437
2021-07-31,2,Diatoms,1.7546382,1.680465
2021-08-01,2,Diatoms,1.878647,1.9767576
2021-08-02,2,Diatoms,1.6647502,2.019015
2021-08-03,2,Diatoms,1.9846995,2.1396441
2021-08-04,2,Diatoms,1.5800145,2.0560713
2021-08-05,2,Diatoms,1.7049167,2.0435402
2021-08-06,2,Diatoms,1.9504126,1.6968277
2021-08-07,2,Diatoms,1.6051414,1.5102528
2021-08-08,2,Diatoms,1.2363642,1.4281306
2021-08-09,2,Diatoms,1.4518682,1.355806
2021-08-10,2,Diatoms,1.1323589,1.2986526
2021-08-11,2,Diatoms,1.3369826,1.4990671
2021-08-12,2,Diatoms,1.7825832,1.2846091
2021-08-13,2,Diatoms,1.5437394,1.4564304
2021-08-14,2,Diatoms,1.2472893,1.8360229
2021-08-15,2,Diatoms,1.7801247,1.490999
2021-08-16,2,Diatoms,2.076942,1.5478905
2021-08-17,2,Diatoms,2.3432388,1.7170475
2021-08-18,2,Diatoms,0.89847255,1.4898454
2021-08-19,2,Diatoms,0.07596541,1.4440863
2021-08-20,2,Diatoms,0.40249383,1.0068702
2021-08-21,2,Diatoms,0.8349361,0.5878962
2021-08-22,2,Diatoms,0.25167596,0.6162063
2021-08-23,2,Diatoms,0.27531648,0.6898681
2021-08-24,2,Diatoms,0.63730323,0.64512813
2021-08-25,2,Diatoms,0.6758798,0.59126765
2021-08-26,2,Diatoms,0.8884359,0.7657989
2021-08-27,2,Diatoms,1.1485218,0.93539006
2021-08-28,2,Diatoms,1.5655612,1.0888829
2021-08-29,2,Diatoms,1.4311731,1.3518635
2021-08-30,2,Diatoms,1.4924402,1.615048
2021-08-31,2,Diatoms,1.661136,1.6201043
2021-09-01,2,Diatoms,1.5644573,1.6441602
2021-09-02,2,Diatoms,1.5042185,1.8030009
2021-09-03,2,Diatoms,1.3365774,1.7034073
2021-09-04,2,Diatoms,1.3967222,1.4918612
2021-09-05,2,Diatoms,1.4928075,1.3303992
2021-09-06,2,Diatoms,1.3566715,1.5895734
2021-09-07,2,Diatoms,1.2968574,1.6300486
2021-09-08,2,Diatoms,1.142301,1.3700818
2021-09-09,2,Diatoms,1.7800651,1.4119519
2021-09-10,2,Diatoms,1.6764327,1.3852481
2021-09-11,2,Diatoms,1.0366064,1.8984939
2021-09-12,2,Diatoms,1.1923878,1.6216073
2021-09-13,2,Diatoms,1.3866836,1.4574505
2021-09-14,2,Diatoms,1.4921072,1.5614095
2021-09-15,2,Diatoms,1.5616583,1.5462025
2021-09-16,2,Diatoms,1.3013107,1.658819
2021-09-17,2,Diatoms,1.0375091,1.5579742
2021-09-18,2,Diatoms,0.8898914,1.3292468
2021-09-19,2,Diatoms,1.0559305,1.1085843
2021-09-20,2,Diatoms,0.92435914,1.0319005
2021-09-21,2,Diatoms,0.7065894,1.2317591
2021-09-22,2,Diatoms,0.8529471,1.019348
2021-09-23,2,Diatoms,0.8713406,0.69956076
2021-09-24,2,Diatoms,0.75830555,0.77284384
2021-09-25,2,Diatoms,0.64507604,0.76249284
2021-09-26,2,Diatoms,0.56325126,0.6598089
2021-09-27,2,Diatoms,0.5061839,0.59119284
2021-09-28,2,Diatoms,0.44725558,0.5512128
2021-09-29,2,Diatoms,0.46624187,0.5651023
2021-09-30,2,Diatoms,0.47655323,0.5059732
2021-10-01,2,Diatoms,0.48111513,0.5217236
2021-10-02,2,Diatoms,0.5479639,0.5436009
2021-10-03,2,Diatoms,0.57537013,0.53356737
2021-10-04,2,Diatoms,0.6069845,0.5203868
2021-10-05,2,Diatoms,0.6385989,0.516058
2021-10-06,2,Diatoms,0.67021334,0.49873134
2021-10-07,2,Diatoms,0.7018277,0.48038742
2021-10-08,2,Diatoms,0.7334421,0.4903949
2021-10-09,2,Diatoms,0.76505655,0.5456861
2021-10-10,2,Diatoms,0.796671,0.6070529
2021-10-11,2,Diatoms,0.82828534,0.64645046
2021-10-12,2,Diatoms,0.89406615,0.6416787
2021-10-13,2,Diatoms,0.68187547,0.70847565
2021-10-14,2,Diatoms,0.68567705,0.7567338
2021-10-15,2,Diatoms,0.39866763,0.628391
2021-10-16,2,Diatoms,0.69015205,0.6383737
2021-10-17,2,Diatoms,1.0050942,0.6290541
2021-10-18,2,Diatoms,0.83579594,0.81317395
2021-10-19,2,Diatoms,0.79785097,0.7359596
2021-10-20,2,Diatoms,0.7915702,0.70942944
2021-10-21,2,Diatoms,0.66277134,0.6947228
2021-10-22,2,Diatoms,0.8927352,0.738875
2021-10-23,2,Diatoms,0.8913893,0.7790707
2021-10-24,2,Diatoms,1.0786686,0.9200636
2021-10-25,2,Diatoms,1.084113,1.0029271
2021-10-26,2,Diatoms,1.3010275,1.1594449
2021-10-27,2,Diatoms,1.9733285,1.2440808
2021-10-28,2,Diatoms,2.4602606,1.51701
2021-10-29,2,Diatoms,2.9471924,2.3866642
2021-10-30,2,Diatoms,3.4341245,2.722233
2021-10-31,2,Diatoms,2.537547,2.5863733
2021-11-01,2,Diatoms,2.7887626,2.2075076
2021-11-02,2,Diatoms,2.4122794,1.9780514
2021-11-03,2,Diatoms,2.988835,2.0852358
2021-11-04,2,Diatoms,2.222851,2.2439735
2021-11-05,2,Diatoms,1.5125543,2.584161
2021-11-06,2,Diatoms,1.3082923,1.866932
2021-11-07,2,Diatoms,1.3879508,1.1523241
2021-11-08,2,Diatoms,2.011172,1.4692227
2021-11-09,2,Diatoms,1.544508,1.7447696
2021-11-10,2,Diatoms,1.2806373,1.8554863
2021-11-11,2,Diatoms,1.221353,1.526436
2021-11-12,2,Diatoms,0.9996886,1.5339423
2021-11-13,2,Diatoms,1.166809,1.205361
2021-11-14,2,Diatoms,0.9016932,0.9936546
2021-11-15,2,Diatoms,0.82410574,1.2335888
2021-11-16,2,Diatoms,0.9349819,0.8824218
2021-11-17,2,Diatoms,0.94172025,0.9011225
2021-11-18,2,Diatoms,0.92100614,1.0827764
2021-11-19,2,Diatoms,0.8363867,1.1101168
2021-11-20,2,Diatoms,0.9385735,1.0753621
2021-11-21,2,Diatoms,1.2261478,0.89011097
2021-11-22,2,Diatoms,1.0900145,1.052767
2021-11-23,2,Diatoms,0.8594718,1.4709648
2021-11-24,2,Diatoms,0.8197829,1.3393927
2021-11-25,2,Diatoms,0.8982766,0.8932523
2021-11-26,2,Diatoms,0.93438494,0.94876
2021-11-27,2,Diatoms,1.194602,0.9708834
2021-11-28,2,Diatoms,1.164385,1.0510722
2021-11-29,2,Diatoms,1.408407,1.318553
2021-11-30,2,Diatoms,1.8194569,1.3882987
2021-12-01,2,Diatoms,2.0956626,1.7515575
2021-12-02,2,Diatoms,1.9123534,2.0819442
2021-12-03,2,Diatoms,1.8349311,1.9200726
2021-12-04,2,Diatoms,1.4541534,1.8288884
2021-12-05,2,Diatoms,1.6142619,1.8652779
2021-12-06,2,Diatoms,1.6233261,1.5878173
2021-12-07,2,Diatoms,1.421165,1.6760305
2021-12-08,2,Diatoms,1.4636773,1.7073759
2021-12-09,2,Diatoms,1.4945264,1.5943322
2021-12-10,2,Diatoms,1.54445,1.6590054
2021-12-11,2,Diatoms,1.5230969,1.6658074
2021-12-12,2,Diatoms,1.6827589,1.6909487
2021-12-13,2,Diatoms,1.7116281,1.922311
2021-12-14,2,Diatoms,1.9158539,1.7890757
2021-12-15,2,Diatoms,2.0881534,1.9966842
2021-12-16,2,Diatoms,2.3040404,2.1537
2021-12-17,2,Diatoms,1.8070529,2.2170181
2021-12-18,2,Diatoms,1.6679001,2.2100143
2021-12-19,2,Diatoms,2.2340477,1.7762074
2021-12-20,2,Diatoms,2.1134007,1.6643289
2021-12-21,2,Diatoms,1.8318379,1.9343964
2021-12-22,2,Diatoms,1.6743126,1.7717185
2021-12-23,2,Diatoms,2.6385167,1.7854214
2021-12-24,2,Diatoms,2.2485156,1.8430665
2021-12-25,2,Diatoms,1.8585145,2.3701758
2021-12-26,2,Diatoms,1.891042,2.0482295
2021-12-27,2,Diatoms,1.4258013,1.6259797
2021-12-28,2,Diatoms,1.448659,1.5441741
2021-12-29,2,Diatoms,1.2661808,1.4148126
2021-12-30,2,Diatoms,1.6195441,1.5333371
2021-12-31,2,Diatoms,1.2491754,1.3279121
2022-01-01,2,Diatoms,1.1136975,1.5873772
2022-01-02,2,Diatoms,0.998314,1.3658934
2022-01-03,2,Diatoms,1.1921651,1.4206681
2022-01-04,2,Diatoms,1.7091818,1.2990437
2022-01-05,2,Diatoms,3.6088486,1.5168666
2022-01-06,2,Diatoms,3.1050832,1.9986683
2022-01-07,2,Diatoms,2.601318,3.1580708
2022-01-08,2,Diatoms,3.0840986,2.7436335
2022-01-09,2,Diatoms,2.192433,2.1193638
2022-01-10,2,Diatoms,1.8787844,2.4305804
2022-01-11,2,Diatoms,2.3994572,1.9094223
2022-01-12,2,Diatoms,1.2720188,1.7800754
2022-01-13,2,Diatoms,1.0562301,1.8290049
2022-01-14,2,Diatoms,0.9689428,1.0766282
2022-01-15,2,Diatoms,0.7713965,0.84612197
2022-01-16,2,Diatoms,0.7500796,0.7150392
2022-01-17,2,Diatoms,0.88829833,0.7753632
2022-01-18,2,Diatoms,0.82818246,0.8401164
2022-01-19,2,Diatoms,0.77960896,0.91035
2022-01-20,2,Diatoms,0.81703836,1.208002
2022-01-21,2,Diatoms,0.77738595,1.1813974
2022-01-22,2,Diatoms,1.0765026,1.2934502
2022-01-23,2,Diatoms,1.4015352,1.4077538
2022-01-24,2,Diatoms,2.5588784,1.6621698
2022-01-25,2,Diatoms,3.0085673,2.1601098
2022-01-26,2,Diatoms,2.7863743,2.3478086
2022-01-27,2,Diatoms,1.4635597,2.5502882
2022-01-28,2,Diatoms,2.8025064,2.4666977
2022-01-29,2,Diatoms,1.1110301,1.8638153
2022-01-30,2,Diatoms,1.3425798,2.3992689
2022-01-31,2,Diatoms,1.4695957,1.4974544
2022-02-01,2,Diatoms,1.4192059,1.6064535
2022-02-02,2,Diatoms,0.7558678,1.5030034
2022-02-03,2,Diatoms,1.2968768,1.4188719
2022-02-04,2,Diatoms,2.18072,1.1408073
2022-02-05,2,Diatoms,1.774446,1.2857932
2022-02-06,2,Diatoms,1.6449122,1.7933681
2022-02-07,2,Diatoms,1.4180886,1.7434367
2022-02-08,2,Diatoms,2.0166342,1.5485992
2022-02-09,2,Diatoms,1.566981,1.6316562
2022-02-10,2,Diatoms,1.6986585,1.862741
2022-02-11,2,Diatoms,1.348436,1.7135566
2022-02-12,2,Diatoms,1.4852914,1.6171569
2022-02-13,2,Diatoms,1.1732615,1.4225956
2022-02-14,2,Diatoms,0.8223747,1.6907625
2022-02-15,2,Diatoms,0.9416731,1.6298013
2022-02-16,2,Diatoms,0.8257638,1.2796531
2022-02-17,2,Diatoms,2.2344718,1.3755487
2022-02-18,2,Diatoms,2.3571997,1.398958
2022-02-19,2,Diatoms,2.4799278,2.1450872
2022-02-20,2,Diatoms,1.8584225,2.1423054
2022-02-21,2,Diatoms,1.3062419,2.2074485
2022-02-22,2,Diatoms,1.1708182,1.5510839
2022-02-23,2,Diatoms,1.2594694,1.2107414
2022-02-24,2,Diatoms,1.2043629,1.1247255
2022-02-25,2,Diatoms,1.1634104,1.1714013
2022-02-26,2,Diatoms,1.1224579,1.2140048
2022-02-27,2,Diatoms,1.0815053,1.241033
2022-02-28,2,Diatoms,1.0194421,1.302981
2022-03-01,2,Diatoms,1.0779487,1.2517829
2022-03-02,2,Diatoms,1.3165268,1.1206198
2022-03-03,2,Diatoms,2.2054887,1.2926656
2022-03-04,2,Diatoms,2.7340302,1.9398261
2022-03-05,2,Diatoms,4.0151806,2.5999527
2022-03-06,2,Diatoms,3.2142246,2.7202606
2022-03-07,2,Diatoms,2.413268,2.9820669
2022-03-08,2,Diatoms,1.1411803,2.5561826
2022-03-09,2,Diatoms,0.93422884,1.9828516
2022-03-10,2,Diatoms,0.7968505,0.99769694
2022-03-11,2,Diatoms,1.9635824,1.2775625
2022-03-12,2,Diatoms,3.8723621,1.6003164
2022-03-13,2,Diatoms,3.7886758,3.2928016
2022-03-14,2,Diatoms,3.7049897,3.3208745
2022-03-15,2,Diatoms,3.6213036,3.3243115
2022-03-16,2,Diatoms,3.5376167,3.1449897
2022-03-17,2,Diatoms,3.4539306,3.1149125
2022-03-18,2,Diatoms,3.3702443,2.9494302
2022-03-19,2,Diatoms,3.286558,2.9999766
2022-03-20,2,Diatoms,3.8933792,2.9264774
2022-03-21,2,Diatoms,3.6404781,2.747477
2022-03-22,2,Diatoms,2.820116,2.874438
2022-03-23,2,Diatoms,1.9487193,2.1384916
2022-03-24,2,Diatoms,1.2148008,1.7675598
2022-03-25,2,Diatoms,0.802643,1.2235055
2022-03-26,2,Diatoms,0.9294931,0.87464553
2022-03-27,2,Diatoms,1.1773057,0.74308527
2022-03-28,2,Diatoms,1.2790086,0.72840047
2022-03-29,2,Diatoms,0.85883504,0.8812916
2022-03-30,2,Diatoms,0.7176298,1.1345363
2022-03-31,2,Diatoms,0.7616727,0.73007405
2022-04-01,2,Diatoms,0.97343975,0.64884603
2022-04-02,2,Diatoms,0.60815275,0.67757064
2022-04-03,2,Diatoms,0.5334395,0.9057043
2022-04-04,2,Diatoms,0.59590155,0.5554401
2022-04-05,2,Diatoms,0.6571332,0.5756811
2022-04-06,2,Diatoms,0.7156345,0.6482861
2022-04-07,2,Diatoms,0.74620116,0.7545692
2022-04-08,2,Diatoms,0.95508325,0.6528115
2022-04-09,2,Diatoms,1.3922431,0.82504106
2022-04-10,2,Diatoms,1.1859667,1.2438215
2022-04-11,2,Diatoms,1.46389,1.7037528
2022-04-12,2,Diatoms,1.5720646,1.5648332
2022-04-13,2,Diatoms,2.5351775,1.9478197
2022-04-14,2,Diatoms,3.772026,2.4261544
2022-04-15,2,Diatoms,2.910514,2.867926
2022-04-16,2,Diatoms,2.0152194,3.0792062
2022-04-17,2,Diatoms,1.1619052,2.166481
2022-04-18,2,Diatoms,0.07279764,1.6736559
2022-04-19,2,Diatoms,0.86195654,0.93804014
2022-04-20,2,Diatoms,0.60821867,0.5157732
2022-04-21,2,Diatoms,0.63115996,0.6395286
2022-04-22,2,Diatoms,0.9451232,0.5562155
2022-04-23,2,Diatoms,3.9995506,0.5940657
2022-04-24,2,Diatoms,1.921622,0.7946915
2022-04-25,2,Diatoms,2.3708055,2.5957527
2022-04-26,2,Diatoms,2.9904463,2.448527
2022-04-27,2,Diatoms,3.6100872,2.5328665
2022-04-28,2,Diatoms,2.1844156,2.4281282
2022-04-29,2,Diatoms,1.9158579,2.4457054
2022-04-30,2,Diatoms,1.5144131,1.9921281
2022-05-01,2,Diatoms,1.066942,1.4461035
2022-05-02,2,Diatoms,0.9111449,0.91061693
2022-05-03,2,Diatoms,0.7083406,0.8442351
2022-05-04,2,Diatoms,0.7547319,0.6944241
2022-05-05,2,Diatoms,1.0172391,0.6921159
2022-05-06,2,Diatoms,2.4381146,1.1873215
2022-05-07,2,Diatoms,3.9056737,1.5142058
2022-05-08,2,Diatoms,3.2241905,2.5507445
2022-05-09,2,Diatoms,2.5427072,2.9204657
2022-05-10,2,Diatoms,1.8612238,2.2698736
2022-05-11,2,Diatoms,1.4573841,1.6419921
2022-05-12,2,Diatoms,1.2311223,1.092147
2022-05-13,2,Diatoms,1.3280072,1.0184689
2022-05-14,2,Diatoms,1.0765942,1.0273256
2022-05-15,2,Diatoms,0.78812456,1.0402094
2022-05-16,2,Diatoms,0.68083215,0.8428255
2022-05-17,2,Diatoms,0.70321506,0.6503264
2022-05-18,2,Diatoms,0.6518202,0.5091083
2022-05-19,2,Diatoms,0.7445803,0.5333001
2022-05-20,2,Diatoms,1.0043664,0.50362927
2022-05-21,2,Diatoms,0.6750544,0.5005722
2022-05-22,2,Diatoms,1.1354203,0.83859456
2022-05-23,2,Diatoms,1.1735673,0.9900115
2022-05-24,2,Diatoms,1.1492542,1.0083985
2022-05-25,2,Diatoms,1.212029,0.924336
2022-05-26,2,Diatoms,0.94941264,1.1120647
2022-05-27,2,Diatoms,1.0213025,0.80546945
2022-05-28,2,Diatoms,0.78524256,0.760456
2022-05-29,2,Diatoms,0.26985496,0.5954363
2022-05-30,2,Diatoms,0.67634517,0.5500855
2022-05-31,2,Diatoms,0.9414565,0.3579709
2022-06-01,2,Diatoms,0.94965315,0.5548493
2022-06-02,2,Diatoms,0.61305296,0.6361286
2022-06-03,2,Diatoms,1.0904568,0.6238559
2022-06-04,2,Diatoms,1.3537029,0.50761783
2022-06-05,2,Diatoms,1.0299783,0.58429205
2022-06-06,2,Diatoms,0.5943043,0.64105386
2022-06-07,2,Diatoms,0.4943406,0.56045634
2022-06-08,2,Diatoms,0.04067393,0.45748308
2022-06-09,2,Diatoms,0.07032608,0.38927433
2022-06-10,2,Diatoms,0.16366135,0.21185061
2022-06-11,2,Diatoms,0.18317887,0.19365084
2022-06-12,2,Diatoms,0.6201881,0.17754042
2022-06-13,2,Diatoms,0.32491675,0.17409885
2022-06-14,2,Diatoms,0.0875361,0.28404343
2022-06-15,2,Diatoms,0.00999999,0.24692957
2022-06-16,2,Diatoms,0.070499286,0.16083404
2022-06-17,2,Diatoms,0.31225038,0.14070135
2022-06-18,2,Diatoms,0.2925797,0.18869682
2022-06-19,2,Diatoms,0.31209573,0.2280127
2022-06-20,2,Diatoms,0.18069513,0.2522043
2022-06-21,2,Diatoms,0.2057929,0.2933313
2022-06-22,2,Diatoms,0.41216508,0.27880397
2022-06-23,2,Diatoms,0.12479742,0.33386806
2022-06-24,2,Diatoms,0.16134341,0.40988755
2022-06-25,2,Diatoms,0.5027806,0.26476267
2022-06-26,2,Diatoms,0.67503256,0.39726245
2022-06-27,2,Diatoms,0.65611875,0.7621928
2022-06-28,2,Diatoms,0.6393343,0.6905453
2022-06-29,2,Diatoms,0.77931786,0.6835347
2022-06-30,2,Diatoms,0.70635045,0.7103048
2022-07-01,2,Diatoms,0.6432875,0.64688563
2022-07-02,2,Diatoms,0.84127444,0.6630237
2022-07-03,2,Diatoms,0.65773517,0.5939536
2022-07-04,2,Diatoms,0.673903,0.6201611
2022-07-05,2,Diatoms,0.49931207,0.5197909
2022-07-06,2,Diatoms,0.48018092,0.5164831
2022-07-07,2,Diatoms,0.36509007,0.4103639
2022-07-08,2,Diatoms,0.4210155,0.4041636
2022-07-09,2,Diatoms,0.43833014,0.39071637
2022-07-10,2,Diatoms,0.68257874,0.44779763
2022-07-11,2,Diatoms,0.8123347,0.46486557
2022-07-12,2,Diatoms,0.9596522,0.72548413
2022-07-13,2,Diatoms,1.1758261,0.95879245
2022-07-14,2,Diatoms,1.001128,1.1570777
2022-07-15,2,Diatoms,0.636442,1.3643829
2022-07-16,2,Diatoms,2.5314977,1.4684818
2022-07-17,2,Diatoms,2.491003,1.1608335
2022-07-18,2,Diatoms,2.4505084,1.7656357
2022-07-19,2,Diatoms,1.1627918,1.6895576
2022-07-20,2,Diatoms,1.0163498,1.5628344
2022-07-21,2,Diatoms,0.6194271,0.8527781
2022-07-22,2,Diatoms,0.48063365,0.75581676
2022-07-23,2,Diatoms,0.6871731,0.6295573
2022-07-24,2,Diatoms,1.1602412,0.52423644
2022-07-25,2,Diatoms,0.6668863,0.59207535
2022-07-26,2,Diatoms,0.3436324,0.77030843
2022-07-27,2,Diatoms,0.35722464,0.5232334
2022-07-28,2,Diatoms,0.43895075,0.36769748
2022-07-29,2,Diatoms,0.43487385,0.357765
2022-07-30,2,Diatoms,0.44030568,0.33230966
2022-07-31,2,Diatoms,0.4457375,0.3711309
2022-08-01,2,Diatoms,0.45116934,0.3729091
2022-08-02,2,Diatoms,0.45660123,0.3938996
2022-08-03,2,Diatoms,0.46203306,0.39698902
2022-08-04,2,Diatoms,0.4674649,0.3876147
2022-08-05,2,Diatoms,0.47289675,0.39184877
2022-08-06,2,Diatoms,0.47832856,0.42066443
2022-08-07,2,Diatoms,0.48376042,0.4101961
2022-08-08,2,Diatoms,0.48919225,0.43161532
2022-08-09,2,Diatoms,0.4946241,0.4310095
2022-08-10,2,Diatoms,0.50005597,0.44885075
2022-08-11,2,Diatoms,0.5054878,0.46243265
2022-08-12,2,Diatoms,0.51091963,0.47639698
2022-08-13,2,Diatoms,0.51635146,0.49508232
2022-08-14,2,Diatoms,0.5217833,0.47653276
2022-08-15,2,Diatoms,0.5272152,0.48268086
2022-08-16,2,Diatoms,0.532647,0.49875456
2022-08-17,2,Diatoms,0.53807884,0.5127194
2022-08-18,2,Diatoms,0.5435107,0.5183687
2022-08-19,2,Diatoms,0.5489425,0.5163887
2022-08-20,2,Diatoms,0.5543744,0.5053942
2022-08-21,2,Diatoms,0.5598062,0.5116683
2022-08-22,2,Diatoms,0.56523806,0.5146508
2022-08-23,2,Diatoms,0.5706699,0.5123645
2022-08-24,2,Diatoms,0.5761018,0.52326417
2022-08-25,2,Diatoms,0.58153355,0.5233364
2022-08-26,2,Diatoms,0.58696544,0.5331369
2022-08-27,2,Diatoms,0.5923973,0.55576396
2022-08-28,2,Diatoms,0.5978291,0.54795766
2022-08-29,2,Diatoms,0.60326093,0.5509263
2022-08-30,2,Diatoms,0.6086928,0.54092777
2022-08-31,2,Diatoms,0.61412466,0.5317459
2022-09-01,2,Diatoms,0.6195565,0.53089523
2022-09-02,2,Diatoms,0.6249883,0.52721864
2022-09-03,2,Diatoms,0.63042015,0.52313775
2022-09-04,2,Diatoms,0.63585204,0.52677417
2022-09-05,2,Diatoms,0.64128387,0.550735
2022-09-06,2,Diatoms,0.6467157,0.5939161
2022-09-07,2,Diatoms,0.65214753,0.63165945
2022-09-08,2,Diatoms,0.65757936,0.68009317
2022-09-09,2,Diatoms,0.66301125,0.6797618
2022-09-10,2,Diatoms,0.6463696,0.681867
2022-09-11,2,Diatoms,0.7992899,0.6611631
2022-09-12,2,Diatoms,0.9156512,0.6615716
2022-09-13,2,Diatoms,0.9179058,0.83353907
2022-09-14,2,Diatoms,1.2582536,0.8264099
2022-09-15,2,Diatoms,1.2465967,0.8901658
2022-09-16,2,Diatoms,0.8933671,1.3050768
2022-09-17,2,Diatoms,0.69211286,1.3819767
2022-09-18,2,Diatoms,1.4530001,0.9836131
2022-09-19,2,Diatoms,1.5097682,0.7888521
2022-09-20,2,Diatoms,0.7957029,1.4707899
2022-09-21,2,Diatoms,0.50666904,1.1795979
2022-09-22,2,Diatoms,0.5787265,0.6409515
2022-09-23,2,Diatoms,0.64563674,0.5590496
2022-09-24,2,Diatoms,1.1064084,0.5649318
2022-09-25,2,Diatoms,0.5949674,0.58165115
2022-09-26,2,Diatoms,0.49298552,0.7392998
2022-09-27,2,Diatoms,0.72891384,0.56788206
2022-09-28,2,Diatoms,0.44895002,0.56624144
2022-09-29,2,Diatoms,0.8703324,0.60632896
2022-09-30,2,Diatoms,1.7480268,0.6217632
2022-10-01,2,Diatoms,0.6184287,0.6999618
2022-10-02,2,Diatoms,0.47368115,0.76848245
2022-10-03,2,Diatoms,0.8446382,0.5264512
2022-10-04,2,Diatoms,0.74377716,0.47576106
2022-10-05,2,Diatoms,0.5391014,0.5695958
2022-10-06,2,Diatoms,0.45168117,0.56845284
2022-10-07,2,Diatoms,0.39461592,0.4817549
2022-10-08,2,Diatoms,0.33,0.42160124
2022-10-09,2,Diatoms,0.4629638,0.3851839
2022-10-10,2,Diatoms,0.6053952,0.34088138
2022-10-11,2,Diatoms,0.75984794,0.48075986
2022-10-12,2,Diatoms,0.66441303,0.540942
2022-10-13,2,Diatoms,0.686058,0.62102526
2022-10-14,2,Diatoms,0.80112964,0.58188784
2022-10-15,2,Diatoms,0.98522115,0.56597644
2022-10-16,2,Diatoms,1.3000796,0.6445582
2022-10-17,2,Diatoms,0.6061405,0.765724
2022-10-18,2,Diatoms,0.56499636,1.0197344
2022-10-19,2,Diatoms,0.4368863,0.6116103
2022-10-20,2,Diatoms,0.2988061,0.59094954
2022-10-21,2,Diatoms,0.21184783,0.5294535
2022-10-22,2,Diatoms,0.35266715,0.45219195
2022-10-23,2,Diatoms,0.5553931,0.3687135
2022-10-24,2,Diatoms,0.49552098,0.6300869
2022-10-25,2,Diatoms,0.5343777,0.44630903
2022-10-26,2,Diatoms,0.35753626,0.40526557
2022-10-27,2,Diatoms,0.34656295,0.38992646
2022-10-28,2,Diatoms,0.30460203,0.35494974
2022-10-29,2,Diatoms,0.42416367,0.37648618
2022-10-30,2,Diatoms,0.5319609,0.37287045
2022-10-31,2,Diatoms,0.47380608,0.38573742
2022-11-01,2,Diatoms,0.3335658,0.39669245
2022-11-02,2,Diatoms,0.19973171,0.35591933
2022-11-03,2,Diatoms,0.10726287,0.34494367
2022-11-04,2,Diatoms,0.12773186,0.2947793
2022-11-05,2,Diatoms,0.14397249,0.2553313
2022-11-06,2,Diatoms,0.3727062,0.21229161
2022-11-07,2,Diatoms,0.24949883,0.20186348
2022-11-08,2,Diatoms,0.17052859,0.3302149
2022-11-09,2,Diatoms,0.4395582,0.29906422
2022-11-10,2,Diatoms,0.5821635,0.53051263
2022-11-11,2,Diatoms,1.1037074,0.5276917
2022-11-12,2,Diatoms,1.3362005,0.5730576
2022-11-13,2,Diatoms,1.5686936,1.0424875
2022-11-14,2,Diatoms,1.8011867,1.3184683
2022-11-15,2,Diatoms,1.0413604,1.3334457
2022-11-16,2,Diatoms,0.6664446,1.2803758
2022-11-17,2,Diatoms,0.56459814,0.77954125
2022-11-18,2,Diatoms,0.5269682,0.58911043
2022-11-19,2,Diatoms,0.56615216,0.54106784
2022-11-20,2,Diatoms,0.50482637,0.46580732
2022-11-21,2,Diatoms,0.48349023,0.5000277
2022-11-22,2,Diatoms,0.5621144,0.47965685
2022-11-23,2,Diatoms,0.6525436,0.46767637
2022-11-24,2,Diatoms,0.64795226,0.4980052
2022-11-25,2,Diatoms,0.4058798,0.54811525
2022-11-26,2,Diatoms,0.57193923,0.52382845
2022-11-27,2,Diatoms,0.5968768,0.42367244
2022-11-28,2,Diatoms,0.6506368,0.45221058
2022-11-29,2,Diatoms,0.3529761,0.4137941
2022-11-30,2,Diatoms,0.2664327,0.42153066
2022-12-01,2,Diatoms,0.48696816,0.3400069
2022-12-02,2,Diatoms,0.37245104,0.31474423
2022-12-03,2,Diatoms,0.22664014,0.3658622
2022-12-04,2,Diatoms,0.24682838,0.34836045
2022-12-05,2,Diatoms,0.49799857,0.30338505
2022-12-06,2,Diatoms,0.2150834,0.28854343
2022-12-07,2,Diatoms,0.3077118,0.3324266
2022-12-08,2,Diatoms,0.46886232,0.25912046
2022-12-09,2,Diatoms,0.34040272,0.26642722
2022-12-10,2,Diatoms,0.23150615,0.2837064
2022-12-11,2,Diatoms,0.2485228,0.2775802
2022-12-12,2,Diatoms,0.100224294,0.23086707
2022-12-13,2,Diatoms,0.097241126,0.18664904
2022-12-14,2,Diatoms,0.18076141,0.14726774
2022-12-15,2,Diatoms,0.1364058,0.13191192
2022-12-16,2,Diatoms,0.1688921,0.14211123
2022-12-17,2,Diatoms,0.07955106,0.13615559
2022-12-18,2,Diatoms,0.044279505,0.120281145
2022-12-19,2,Diatoms,0.059782602,0.12134058
2022-12-20,2,Diatoms,0.025749467,0.10279137
2022-12-21,2,Diatoms,0.041604955,0.13159613
2022-12-22,2,Diatoms,0.036862336,0.11817022
2022-12-23,2,Diatoms,0.03179711,0.1304782
2022-12-24,2,Diatoms,0.05029688,0.09658247
2022-12-25,2,Diatoms,0.027907314,0.09527409
2022-12-26,2,Diatoms,0.03900145,0.11266541
2022-12-27,2,Diatoms,0.016070925,0.12219875
2022-12-28,2,Diatoms,0.035910055,0.13457404
2022-12-29,2,Diatoms,0.040795974,0.1200763
2022-12-30,2,Diatoms,0.08236955,0.15949783
2022-12-31,2,Diatoms,0.041826066,0.18074653
2023-01-01,2,Diatoms,0.023299549,0.20878758
2023-01-02,2,Diatoms,0.03492386,0.22966857
2023-01-03,2,Diatoms,0.011443076,0.26786667
2023-01-04,2,Diatoms,1.25147,0.27930772
2023-01-05,2,Diatoms,2.2523189,0.32315418
2023-01-06,2,Diatoms,1.7352643,1.5897897
2023-01-07,2,Diatoms,2.1625798,2.295262
2023-01-08,2,Diatoms,2.1771433,2.0479443
2023-01-09,2,Diatoms,2.191707,2.173847
2023-01-10,2,Diatoms,2.2062707,1.9744405
2023-01-11,2,Diatoms,2.2208343,2.0596185
2023-01-12,2,Diatoms,2.2353978,2.0690887
2023-01-13,2,Diatoms,2.3978655,1.9721017
2023-01-14,2,Diatoms,1.806136,1.8703102
2023-01-15,2,Diatoms,1.301289,2.0176442
2023-01-16,2,Diatoms,1.0665315,1.5248966
2023-01-17,2,Diatoms,1.3206512,0.9810971
2023-01-18,2,Diatoms,0.77586955,0.93308914
2023-01-19,2,Diatoms,0.52627534,1.0644681
2023-01-20,2,Diatoms,0.7003838,0.6790539
2023-01-21,2,Diatoms,0.82269174,0.5713603
2023-01-22,2,Diatoms,1.4449638,0.6305837
2023-01-23,2,Diatoms,1.8569906,0.6915956
2023-01-24,2,Diatoms,0.7206517,1.0841876
2023-01-25,2,Diatoms,0.3520275,1.4221928
2023-01-26,2,Diatoms,0.39130428,0.6255088
2023-01-27,2,Diatoms,0.3816727,0.4723234
2023-01-28,2,Diatoms,0.17257783,0.455781
2023-01-29,2,Diatoms,0.62386763,0.43908235
2023-01-30,2,Diatoms,0.45021045,0.312777
2023-01-31,2,Diatoms,0.3675629,0.43541095
2023-02-01,2,Diatoms,0.26353857,0.38070038
2023-02-02,2,Diatoms,0.23525697,0.450592
2023-02-03,2,Diatoms,0.72841716,0.47865152
2023-02-04,2,Diatoms,0.77529854,0.5087756
2023-02-05,2,Diatoms,1.6153374,0.72094834
2023-02-06,2,Diatoms,2.327632,0.927442
2023-02-07,2,Diatoms,2.7446294,1.5673646
2023-02-08,2,Diatoms,2.4849129,1.7561029
2023-02-09,2,Diatoms,1.6499403,1.9563106
2023-02-10,2,Diatoms,1.1325558,1.8152653
2023-02-11,2,Diatoms,1.4423522,1.4562215
2023-02-12,2,Diatoms,1.211661,0.9709287
2023-02-13,2,Diatoms,0.8997852,1.0131143
2023-02-14,2,Diatoms,1.3638128,0.92316717
2023-02-15,2,Diatoms,1.0748056,0.862272
2023-02-16,2,Diatoms,1.0081502,0.90788335
2023-02-17,2,Diatoms,1.0325986,0.8416218
2023-02-18,2,Diatoms,1.1148239,0.81584954
2023-02-19,2,Diatoms,1.0561261,0.8175638
2023-02-20,2,Diatoms,0.93481565,0.8363862
2023-02-21,2,Diatoms,0.6247198,0.8216416
2023-02-22,2,Diatoms,0.54212743,0.7794281
2023-02-23,2,Diatoms,0.6839636,0.6665639
2023-02-24,2,Diatoms,0.4634569,0.5764207
2023-02-25,2,Diatoms,0.56888413,0.59220153
2023-02-26,2,Diatoms,0.58474815,0.4977367
2023-02-27,2,Diatoms,0.5983531,0.47607204
2023-02-28,2,Diatoms,0.780646,0.46513274
2023-03-01,2,Diatoms,0.6908178,0.48607555
2023-03-02,2,Diatoms,0.48339912,0.6201139
2023-03-03,2,Diatoms,0.6615258,0.6092013
2023-03-04,2,Diatoms,0.6948343,0.5431931
2023-03-05,2,Diatoms,0.67758507,0.5595672
2023-03-06,2,Diatoms,0.63678294,0.57535386
2023-03-07,2,Diatoms,0.52899224,0.55110633
2023-03-08,2,Diatoms,0.2782095,0.51884496
2023-03-09,2,Diatoms,0.2379022,0.48787534
2023-03-10,2,Diatoms,0.24600475,0.38531515
2023-03-11,2,Diatoms,0.22746606,0.3444603
2023-03-12,2,Diatoms,0.148354,0.32267505
2023-03-13,2,Diatoms,0.20024918,0.30745977
2023-03-14,2,Diatoms,0.21559194,0.27330676
2023-03-15,2,Diatoms,0.12942213,0.25143468
2023-03-16,2,Diatoms,0.0686136,0.23648569
2023-03-17,2,Diatoms,0.046203956,0.21764697
2023-03-18,2,Diatoms,0.06911584,0.20898405
2023-03-19,2,Diatoms,0.06594145,0.2011598
2023-03-20,2,Diatoms,0.08989181,0.2093263
2023-03-21,2,Diatoms,0.085748605,0.1990102
2023-03-22,2,Diatoms,0.28884763,0.2373335
2023-03-23,2,Diatoms,0.2221187,0.22534785
2023-03-24,2,Diatoms,0.21892524,0.32052922
2023-03-25,2,Diatoms,0.21573174,0.31239882
2023-03-26,2,Diatoms,0.21253829,0.24749056
2023-03-27,2,Diatoms,0.2093448,0.20486817
2023-03-28,2,Diatoms,0.20615135,0.22265474
2023-03-29,2,Diatoms,0.20295787,0.2163985
2023-03-30,2,Diatoms,0.19976442,0.19530205
2023-03-31,2,Diatoms,0.19657092,0.1765659
2023-04-01,2,Diatoms,0.19337748,0.15275872
2023-04-02,2,Diatoms,0.19018398,0.16760242
2023-04-03,2,Diatoms,0.18699051,0.19279711
2023-04-04,2,Diatoms,0.18379708,0.20054786
2023-04-05,2,Diatoms,0.18060356,0.21401763
2023-04-06,2,Diatoms,0.17741013,0.20724322
2023-04-07,2,Diatoms,0.17421666,0.20982333
2023-04-08,2,Diatoms,0.17102316,0.18426171
2023-04-09,2,Diatoms,0.16782972,0.17196536
2023-04-10,2,Diatoms,0.16463624,0.17083761
2023-04-11,2,Diatoms,0.16144276,0.15868996
2023-04-12,2,Diatoms,0.1582493,0.14942116
2023-04-13,2,Diatoms,0.15505582,0.1335024
2023-04-14,2,Diatoms,0.15186235,0.12250541
2023-04-15,2,Diatoms,0.1486689,0.12823658
2023-04-16,2,Diatoms,0.14547545,0.18683068
2023-04-17,2,Diatoms,0.14228193,0.20512253
2023-04-18,2,Diatoms,0.13908851,0.18052588
2023-04-19,2,Diatoms,0.135895,0.19651932
2023-04-20,2,Diatoms,0.13270152,0.13329686
2023-04-21,2,Diatoms,0.12950805,0.11115283
2023-04-22,2,Diatoms,0.1263146,0.10213734
2023-04-23,2,Diatoms,0.12312116,0.100476265
2023-04-24,2,Diatoms,0.11992765,0.095999286
2023-04-25,2,Diatoms,0.11673419,0.102720596
2023-04-26,2,Diatoms,0.11354073,0.11444649
2023-04-27,2,Diatoms,0.19252734,0.13165149
2023-04-28,2,Diatoms,0.20898043,0.11565613
2023-04-29,2,Diatoms,0.31545156,0.1344702
2023-04-30,2,Diatoms,0.7253979,0.23283266
2023-05-01,2,Diatoms,0.17739198,0.3140648
2023-05-02,2,Diatoms,0.06145501,0.3845696
2023-05-03,2,Diatoms,0.0011290128,0.21166414
2023-05-04,2,Diatoms,0.013037348,0.18694548
2023-05-05,2,Diatoms,0.001333334,0.12845404
2023-05-06,2,Diatoms,0.0025992414,0.13293402
2023-05-07,2,Diatoms,0.0024023082,0.133648
2023-05-08,2,Diatoms,0.0022054135,0.10666505
2023-05-09,2,Diatoms,0.0020085066,0.07250385
2023-05-10,2,Diatoms,0.0018115873,0.03707796
2023-05-11,2,Diatoms,0.0016146557,0.02965754
2023-05-12,2,Diatoms,0.0014177121,0.059290893
2023-05-13,2,Diatoms,0.0012208071,0.08847727
2023-05-14,2,Diatoms,0.00102389,0.13522983
2023-05-15,2,Diatoms,0.0008269606,0.16852945
2023-05-16,2,Diatoms,0.00063007005,0.14264625
2023-05-17,2,Diatoms,0.00043311645,0.097157605
2023-05-18,2,Diatoms,0.00023620162,0.08919819
2023-05-19,2,Diatoms,3.9274695e-05,0.05842108
2023-05-20,2,Diatoms,0.014928947,0.062328294
2023-05-21,2,Diatoms,0.00067082915,0.05231199
2023-05-22,2,Diatoms,0.0005596996,0.07534561
2023-05-23,2,Diatoms,0.00044858234,0.086886965
2023-05-24,2,Diatoms,0.00033747742,0.041063182
2023-05-25,2,Diatoms,0.00022638487,0.037769422
2023-05-26,2,Diatoms,0.00011525379,0.0572864
2023-05-27,2,Diatoms,0.058466077,0.097290955
2023-05-28,2,Diatoms,0.19238804,0.1382981
2023-05-29,2,Diatoms,0.20135932,0.19351962
2023-05-30,2,Diatoms,0.16988994,0.33160844
2023-05-31,2,Diatoms,0.45917562,0.35057813
2023-06-01,2,Diatoms,0.64845806,0.30152202
2023-06-02,2,Diatoms,0.4172468,0.40469623
2023-06-03,2,Diatoms,0.54917574,0.43466768
2023-06-04,2,Diatoms,0.28157726,0.32919186
2023-06-05,2,Diatoms,0.16293786,0.30546516
2023-06-06,2,Diatoms,0.26643953,0.23052737
2023-06-07,2,Diatoms,0.45171347,0.16366678
2023-06-08,2,Diatoms,0.33858457,0.20522046
2023-06-09,2,Diatoms,0.10163539,0.28883117
2023-06-10,2,Diatoms,0.0039979536,0.25402778
2023-06-11,2,Diatoms,0.0020153343,0.1757474
2023-06-12,2,Diatoms,3.2714524e-05,0.11178128
2023-06-13,2,Diatoms,0.00047412192,0.0870246
2023-06-14,2,Diatoms,0.02020927,0.07144261
2023-06-15,2,Diatoms,0.046250667,0.064579874
2023-06-16,2,Diatoms,1.0186506e-05,0.10185905
2023-06-17,2,Diatoms,0.04055767,0.1344522
2023-06-18,2,Diatoms,0.18069921,0.1471036
2023-06-19,2,Diatoms,0.08742085,0.18420607
2023-06-20,2,Diatoms,0.1564024,0.26020375
2023-06-21,2,Diatoms,0.27892652,0.22821142
2023-06-22,2,Diatoms,0.46939066,0.24772793
2023-06-23,2,Diatoms,0.71619415,0.2959958
2023-06-24,2,Diatoms,0.55189675,0.34254947
2023-06-25,2,Diatoms,0.38463646,0.39467168
2023-06-26,2,Diatoms,0.504574,0.35059085
2023-06-27,2,Diatoms,0.6774582,0.33341324
2023-06-28,2,Diatoms,0.32230452,0.43807805
2023-06-29,2,Diatoms,0.30768082,0.49518842
2023-06-30,2,Diatoms,0.2930571,0.48969793
2023-07-01,2,Diatoms,0.2784334,0.45179117
2023-07-02,2,Diatoms,0.26380974,0.35907367
2023-07-03,2,Diatoms,0.24918607,0.25777826
2023-07-04,2,Diatoms,0.23456237,0.18114029
2023-07-05,2,Diatoms,0.21993868,0.14621407
2023-07-06,2,Diatoms,0.20531496,0.17025249
2023-07-07,2,Diatoms,0.19069128,0.17242596
2023-07-08,2,Diatoms,0.17606762,0.15862408
2023-07-09,2,Diatoms,0.16144393,0.16943374
2023-07-10,2,Diatoms,0.14682025,0.17980458
2023-07-11,2,Diatoms,0.13219653,0.1662724
2023-07-12,2,Diatoms,0.117572874,0.15426783
2023-07-13,2,Diatoms,0.10294919,0.13026609
2023-07-14,2,Diatoms,0.088325456,0.11123572
2023-07-15,2,Diatoms,0.07370176,0.095021255
2023-07-16,2,Diatoms,0.059078086,0.0695476
2023-07-17,2,Diatoms,0.04445439,0.043214623
2023-07-18,2,Diatoms,0.029830711,0.03570821
2023-07-19,2,Diatoms,0.015207016,0.024287116
2023-07-20,2,Diatoms,0.0005833085,0.01625442
2023-07-21,2,Diatoms,0.0006266608,0.01840534
2023-07-22,2,Diatoms,0.000670015,0.053444654
2023-07-23,2,Diatoms,0.00071332016,0.10713827
2023-07-24,2,Diatoms,0.0007566781,0.14915903
2023-07-25,2,Diatoms,0.000799987,0.1375444
2023-07-26,2,Diatoms,0.0008432978,0.1278971
2023-07-27,2,Diatoms,0.00088666135,0.1233955
2023-07-28,2,Diatoms,0.00092997594,0.10610502
2023-07-29,2,Diatoms,0.00097329234,0.07440033
2023-07-30,2,Diatoms,0.0010166107,0.042482793
2023-07-31,2,Diatoms,0.0010599818,0.04007044
2023-08-01,2,Diatoms,0.0011033037,0.036564473
2023-08-02,2,Diatoms,0.0011466277,0.04006991
2023-08-03,2,Diatoms,0.0011899535,0.0515017
2023-08-04,2,Diatoms,0.0012332812,0.07236452
2023-08-05,2,Diatoms,0.0012766108,0.10540057
2023-08-06,2,Diatoms,0.0013199422,0.106196426
2023-08-07,2,Diatoms,0.0013632755,0.10981583
2023-08-08,2,Diatoms,0.0014066106,0.11118244
2023-08-09,2,Diatoms,0.0014499477,0.110967055
2023-08-10,2,Diatoms,0.0014932866,0.121726915
2023-08-11,2,Diatoms,0.0015365764,0.083923645
2023-08-12,2,Diatoms,0.0015799191,0.067638464
2023-08-13,2,Diatoms,0.0016232637,0.03430235
2023-08-14,2,Diatoms,0.0016666101,0.015086116
2023-08-15,2,Diatoms,0.0017099074,0.029804632
2023-08-16,2,Diatoms,0.0017532577,0.0855487
2023-08-17,2,Diatoms,0.0009180655,0.09073851
2023-08-18,2,Diatoms,0.00088487996,0.099307954
2023-08-19,2,Diatoms,0.00085169554,0.063672125
2023-08-20,2,Diatoms,0.0008184613,0.032714523
2023-08-21,2,Diatoms,0.0007852791,0.038505442
2023-08-22,2,Diatoms,0.0007520979,0.02262272
2023-08-23,2,Diatoms,0.00071891793,0.047303736
2023-08-24,2,Diatoms,0.0006856881,0.078093804
2023-08-25,2,Diatoms,0.00065251027,0.08695407
2023-08-26,2,Diatoms,0.0006193335,0.08967524
2023-08-27,2,Diatoms,0.000586107,0.12703943
2023-08-28,2,Diatoms,0.00055293244,0.10982034
2023-08-29,2,Diatoms,0.00051970815,0.11093276
2023-08-30,2,Diatoms,0.00048653584,0.11154334
2023-08-31,2,Diatoms,0.0004533646,0.13518226
2023-09-01,2,Diatoms,0.0004201436,0.105841644
2023-09-02,2,Diatoms,0.00038697457,0.13045807
2023-09-03,2,Diatoms,0.00035375578,0.089828245
2023-09-04,2,Diatoms,0.00032053806,0.07921926
2023-09-05,2,Diatoms,0.00028737236,0.05655797
2023-09-06,2,Diatoms,0.00025415685,0.059229
2023-09-07,2,Diatoms,0.00022099333,0.10916091
2023-09-08,2,Diatoms,0.00018778004,0.10535965
2023-09-09,2,Diatoms,0.00015456785,0.094894744
2023-09-10,2,Diatoms,0.00012140763,0.09269468
2023-09-11,2,Diatoms,8.819765e-05,0.0715233
2023-09-12,2,Diatoms,5.4988774e-05,0.06310433
2023-09-13,2,Diatoms,0.006004396,0.06638733
2023-09-14,2,Diatoms,0.058510374,0.08537543
2023-09-15,2,Diatoms,0.08269159,0.11108672
2023-09-16,2,Diatoms,0.08045972,0.14200965
2023-09-17,2,Diatoms,0.063173585,0.17229903
2023-09-18,2,Diatoms,0.051945228,0.16521016
2023-09-19,2,Diatoms,0.032293275,0.15122794
2023-09-20,2,Diatoms,0.027173372,0.15263334
2023-09-21,2,Diatoms,0.0074045286,0.14677458
2023-09-22,2,Diatoms,0.0032023643,0.15479822
2023-09-23,2,Diatoms,0.021175211,0.14490515
2023-09-24,2,Diatoms,0.014343121,0.123955145
2023-09-25,2,Diatoms,0.00751109,0.10737836
2023-09-26,2,Diatoms,0.0006790219,0.0965058
2023-09-27,2,Diatoms,0.00043560928,0.08335793
2023-09-28,2,Diatoms,0.00037298488,0.09502816
2023-09-29,2,Diatoms,0.0003104153,0.09431285
2023-09-30,2,Diatoms,0.00024779874,0.0861836
2023-10-01,2,Diatoms,0.00018518609,0.06895009
2023-10-02,2,Diatoms,0.0006172982,0.0820678
2023-10-03,2,Diatoms,9.26222e-05,0.10639777
2023-10-04,2,Diatoms,7.3500174e-05,0.08064512
2023-10-05,2,Diatoms,0.0038750195,0.08824648
2023-10-06,2,Diatoms,0.0032905224,0.0874496
2023-10-07,2,Diatoms,0.03362907,0.06518578
2023-10-08,2,Diatoms,0.004810269,0.049048953
2023-10-09,2,Diatoms,0.09438458,0.057344683
2023-10-10,2,Diatoms,0.07221674,0.062087655
2023-10-11,2,Diatoms,0.26860738,0.10784298
2023-10-12,2,Diatoms,0.20792258,0.17296463
2023-10-13,2,Diatoms,0.324627,0.27361968
2023-10-14,2,Diatoms,0.7646221,0.3277587
2023-10-15,2,Diatoms,1.1357886,0.4618196
2023-10-16,2,Diatoms,0.80728596,0.6957484
2023-10-17,2,Diatoms,0.6686876,0.7862571
2023-10-18,2,Diatoms,0.8290776,0.68277276
2023-10-19,2,Diatoms,0.831133,0.58882374
2023-10-20,2,Diatoms,0.9008971,0.65368384
2023-10-21,2,Diatoms,0.52625555,0.6044731
2023-10-22,2,Diatoms,0.4897043,0.65553457
2023-10-23,2,Diatoms,0.39428222,0.52316743
2023-10-24,2,Diatoms,0.4919137,0.5082453
2023-10-25,2,Diatoms,1.2589972,0.49145973
2023-10-26,2,Diatoms,1.105689,0.56170726
2023-10-27,2,Diatoms,1.0713496,0.7521233
2023-10-28,2,Diatoms,0.5257695,0.7225528
2023-10-29,2,Diatoms,0.43992317,0.69627476
2023-10-30,2,Diatoms,0.5266566,0.54574484
2023-10-31,2,Diatoms,0.6161855,0.50050795
2023-11-01,2,Diatoms,0.81251514,0.51725435
2023-11-02,2,Diatoms,0.6718127,0.51181483
2023-11-03,2,Diatoms,0.5765434,0.55080205
2023-11-04,2,Diatoms,0.22319983,0.4963429
2023-11-05,2,Diatoms,0.42413625,0.4996003
2023-11-06,2,Diatoms,0.2567922,0.34479
2023-11-07,2,Diatoms,0.2520239,0.40034035
2023-11-08,2,Diatoms,0.00043097974,0.3707235
2023-11-09,2,Diatoms,0.10984439,0.33558142
2023-11-10,2,Diatoms,0.5124347,0.21717684
2023-11-11,2,Diatoms,0.33647197,0.24650808
2023-11-12,2,Diatoms,0.66706467,0.3516466
2023-11-13,2,Diatoms,0.15867805,0.3141124
2023-11-14,2,Diatoms,0.10581617,0.4301186
2023-11-15,2,Diatoms,0.052954283,0.29679716
2023-11-16,2,Diatoms,9.241877e-05,0.29331526
2023-11-17,2,Diatoms,0.009337859,0.26270097
2023-11-18,2,Diatoms,0.19977601,0.21682397
2023-11-19,2,Diatoms,0.12343549,0.20751558
2023-11-20,2,Diatoms,0.3071771,0.2982812
2023-11-21,2,Diatoms,0.13698463,0.26850352
2023-11-22,2,Diatoms,0.2949094,0.34431127
2023-11-23,2,Diatoms,1.0000529,0.27531305
2023-11-24,2,Diatoms,0.5650807,0.305478
2023-11-25,2,Diatoms,0.28637102,0.5774808
2023-11-26,2,Diatoms,0.13317768,0.47835892
2023-11-27,2,Diatoms,0.15024103,0.41574216
2023-11-28,2,Diatoms,0.118733004,0.39007086
2023-11-29,2,Diatoms,0.313295,0.40705913
2023-11-30,2,Diatoms,1.2121061,0.43270585
2023-12-01,2,Diatoms,0.71811897,0.43939513
2023-12-02,2,Diatoms,0.42667028,0.68149817
2023-12-03,2,Diatoms,0.36823797,0.45590758
2023-12-04,2,Diatoms,0.28726888,0.34616596
2023-12-05,2,Diatoms,0.40296897,0.31708613
2023-12-06,2,Diatoms,0.48180538,0.26813787
2023-12-07,2,Diatoms,0.4798209,0.37582675
2023-12-08,2,Diatoms,0.22574307,0.45842463
2023-12-09,2,Diatoms,0.6053398,0.4648906
2023-12-10,2,Diatoms,0.51656085,0.4559349
2023-12-11,2,Diatoms,1.0550815,0.7046767
2023-12-12,2,Diatoms,1.6915069,0.6220243
2023-12-13,2,Diatoms,1.3574413,0.7736518
2023-12-14,2,Diatoms,0.80911356,0.8455702
2023-12-15,2,Diatoms,0.470075,0.7295058
2023-12-16,2,Diatoms,0.33258235,0.5844385
2023-12-17,2,Diatoms,0.0006089024,0.48150343
2023-12-18,2,Diatoms,0.014664732,0.3459116
2023-12-19,2,Diatoms,0.17325234,0.15926647
2023-12-20,2,Diatoms,0.022111505,0.11430063
2023-12-21,2,Diatoms,0.01028164,0.17621212
2023-12-22,2,Diatoms,0.19714954,0.13323404
2023-12-23,2,Diatoms,0.18888706,0.13153513
2023-12-24,2,Diatoms,0.17901944,0.22014497
2023-12-25,2,Diatoms,0.24054842,0.25260514
2023-12-26,2,Diatoms,0.7410379,0.2928254
2023-12-27,2,Diatoms,1.1543852,0.35403338
2023-12-28,2,Diatoms,0.3860073,0.6163946
2020-10-30,3,Diatoms,2.375431,1.5425014
2020-10-31,3,Diatoms,2.506751,1.825071
2020-11-01,3,Diatoms,3.0380814,2.2308028
2020-11-02,3,Diatoms,2.8482478,2.3555825
2020-11-03,3,Diatoms,2.2271326,1.8755466
2020-11-04,3,Diatoms,2.085131,2.2562404
2020-11-05,3,Diatoms,2.0708182,2.1317875
2020-11-06,3,Diatoms,1.713693,1.6633524
2020-11-07,3,Diatoms,2.1728096,1.638999
2020-11-08,3,Diatoms,1.2744782,1.5359534
2020-11-09,3,Diatoms,1.0231327,1.7090176
2020-11-10,3,Diatoms,0.7810465,2.1845152
2020-11-11,3,Diatoms,0.89373004,1.1492372
2020-11-12,3,Diatoms,1.3485912,0.94279015
2020-11-13,3,Diatoms,1.0144191,0.7693012
2020-11-14,3,Diatoms,0.7676627,0.92639035
2020-11-15,3,Diatoms,1.5220684,1.3092645
2020-11-16,3,Diatoms,1.7528968,1.1890646
2020-11-17,3,Diatoms,2.7005594,1.0585494
2020-11-18,3,Diatoms,3.551749,1.5093302
2020-11-19,3,Diatoms,3.5550296,1.8730397
2020-11-20,3,Diatoms,3.5583103,2.1754625
2020-11-21,3,Diatoms,3.561591,2.3025422
2020-11-22,3,Diatoms,3.5648715,2.5235023
2020-11-23,3,Diatoms,3.5681524,2.33792
2020-11-24,3,Diatoms,2.877584,2.2901502
2020-11-25,3,Diatoms,2.570984,2.4651618
2020-11-26,3,Diatoms,2.99432,2.0842178
2020-11-27,3,Diatoms,2.3000507,1.8429987
2020-11-28,3,Diatoms,1.9902606,1.7987746
2020-11-29,3,Diatoms,2.121932,2.59416
2020-11-30,3,Diatoms,1.2250868,1.7630303
2020-12-01,3,Diatoms,0.79758143,1.516695
2020-12-02,3,Diatoms,0.55146164,1.6119146
2020-12-03,3,Diatoms,0.69141823,0.9731549
2020-12-04,3,Diatoms,0.4592113,0.89701504
2020-12-05,3,Diatoms,0.6877279,0.8329251
2020-12-06,3,Diatoms,0.72069466,0.7988325
2020-12-07,3,Diatoms,0.6629616,0.6981981
2020-12-08,3,Diatoms,0.32433745,0.7385666
2020-12-09,3,Diatoms,0.891803,0.7657916
2020-12-10,3,Diatoms,1.0413541,0.8400289
2020-12-11,3,Diatoms,0.50121653,0.69447386
2020-12-12,3,Diatoms,0.45125997,1.2541902
2020-12-13,3,Diatoms,1.5000796,1.1867151
2020-12-14,3,Diatoms,0.68109983,0.7613571
2020-12-15,3,Diatoms,1.1050941,0.9737378
2020-12-16,3,Diatoms,1.0165268,2.055371
2020-12-17,3,Diatoms,0.82747287,0.76098645
2020-12-18,3,Diatoms,0.79755604,0.9976614
2020-12-19,3,Diatoms,0.92849493,1.0502301
2020-12-20,3,Diatoms,0.91774964,1.00857
2020-12-21,3,Diatoms,1.0702823,1.0402352
2020-12-22,3,Diatoms,1.129609,1.3112395
2020-12-23,3,Diatoms,1.5725508,1.359641
2020-12-24,3,Diatoms,1.0803404,1.3627872
2020-12-25,3,Diatoms,1.1264446,1.3489805
2020-12-26,3,Diatoms,1.3128096,1.7409934
2020-12-27,3,Diatoms,1.272882,1.5064247
2020-12-28,3,Diatoms,3.3631935,1.536568
2020-12-29,3,Diatoms,3.1568608,1.8035327
2020-12-30,3,Diatoms,2.9505284,1.924282
2020-12-31,3,Diatoms,3.1884804,2.9252975
2021-01-01,3,Diatoms,1.9716499,2.6389506
2021-01-02,3,Diatoms,1.4403403,2.0372393
2021-01-03,3,Diatoms,1.1570333,1.7596424
2021-01-04,3,Diatoms,0.9809848,1.0942812
2021-01-05,3,Diatoms,0.84870386,0.8339087
2021-01-06,3,Diatoms,0.7281101,0.765819
2021-01-07,3,Diatoms,0.2832947,0.6738796
2021-01-08,3,Diatoms,0.31892332,0.59582114
2021-01-09,3,Diatoms,0.18934155,0.5687755
2021-01-10,3,Diatoms,0.38280752,0.44012445
2021-01-11,3,Diatoms,0.20098482,0.32441834
2021-01-12,3,Diatoms,0.08154123,0.24824849
2021-01-13,3,Diatoms,0.30706948,0.28742543
2021-01-14,3,Diatoms,0.6084967,0.26420984
2021-01-15,3,Diatoms,0.8928965,0.29907507
2021-01-16,3,Diatoms,0.62818974,0.4100638
2021-01-17,3,Diatoms,0.10378436,0.5585991
2021-01-18,3,Diatoms,0.0969537,0.7005543
2021-01-19,3,Diatoms,0.4372576,0.6610288
2021-01-20,3,Diatoms,1.0428437,0.47379932
2021-01-21,3,Diatoms,2.229479,0.49259156
2021-01-22,3,Diatoms,2.2929904,0.70367795
2021-01-23,3,Diatoms,2.4667873,1.9006844
2021-01-24,3,Diatoms,2.4707308,2.369319
2021-01-25,3,Diatoms,2.4139535,2.4334505
2021-01-26,3,Diatoms,2.5623229,2.6260283
2021-01-27,3,Diatoms,2.6734154,2.149109
2021-01-28,3,Diatoms,2.784508,2.3703382
2021-01-29,3,Diatoms,1.4483068,2.1366398
2021-01-30,3,Diatoms,1.1406006,2.1273446
2021-01-31,3,Diatoms,1.6360753,1.8322022
2021-02-01,3,Diatoms,2.0243301,1.4520653
2021-02-02,3,Diatoms,1.9407675,1.5603884
2021-02-03,3,Diatoms,1.9504924,1.7343223
2021-02-04,3,Diatoms,1.640601,1.8539888
2021-02-05,3,Diatoms,1.878074,1.6877435
2021-02-06,3,Diatoms,1.893273,1.4807891
2021-02-07,3,Diatoms,1.6942288,1.448517
2021-02-08,3,Diatoms,2.2493556,1.618033
2021-02-09,3,Diatoms,1.7770494,1.5366906
2021-02-10,3,Diatoms,0.68595654,1.4382206
2021-02-11,3,Diatoms,0.9005503,1.5713198
2021-02-12,3,Diatoms,1.81,1.4374795
2021-02-13,3,Diatoms,2.2021346,0.83925235
2021-02-14,3,Diatoms,2.594269,0.8259342
2021-02-15,3,Diatoms,2.9864037,1.3423032
2021-02-16,3,Diatoms,2.702113,1.9251689
2021-02-17,3,Diatoms,2.0566425,1.7876315
2021-02-18,3,Diatoms,1.8688567,1.6842847
2021-02-19,3,Diatoms,1.7543334,1.5179719
2021-02-20,3,Diatoms,0.9000724,1.1419704
2021-02-21,3,Diatoms,0.7629161,0.9199924
2021-02-22,3,Diatoms,0.6538233,0.9219811
2021-02-23,3,Diatoms,0.2735771,0.6240301
2021-02-24,3,Diatoms,0.29733527,0.55840576
2021-02-25,3,Diatoms,0.122311585,0.45330015
2021-02-26,3,Diatoms,0.111385085,0.3263605
2021-02-27,3,Diatoms,0.23341587,0.29654896
2021-02-28,3,Diatoms,0.3779776,0.25883627
2021-03-01,3,Diatoms,0.26025468,0.2525368
2021-03-02,3,Diatoms,0.5074762,0.2553006
2021-03-03,3,Diatoms,0.5803401,0.3109158
2021-03-04,3,Diatoms,0.4486614,0.26197588
2021-03-05,3,Diatoms,0.29125902,0.37322703
2021-03-06,3,Diatoms,0.09789437,0.48993197
2021-03-07,3,Diatoms,0.10636036,0.377852
2021-03-08,3,Diatoms,0.42757422,0.32417864
2021-03-09,3,Diatoms,0.41371924,0.26325846
2021-03-10,3,Diatoms,0.97834295,0.304085
2021-03-11,3,Diatoms,1.090767,0.63790315
2021-03-12,3,Diatoms,1.6602533,0.79727805
2021-03-13,3,Diatoms,2.7790158,1.604937
2021-03-14,3,Diatoms,1.716657,1.9421254
2021-03-15,3,Diatoms,2.1587698,2.3760672
2021-03-16,3,Diatoms,1.5231838,2.7136874
2021-03-17,3,Diatoms,0.7664399,1.3762212
2021-03-18,3,Diatoms,0.9175977,1.5697843
2021-03-19,3,Diatoms,0.9093126,1.269272
2021-03-20,3,Diatoms,0.82787263,0.81629443
2021-03-21,3,Diatoms,0.6657453,0.99683386
2021-03-22,3,Diatoms,0.7944718,0.8248795
2021-03-23,3,Diatoms,0.56832004,0.83612937
2021-03-24,3,Diatoms,0.48747098,0.69035584
2021-03-25,3,Diatoms,0.60059506,0.72929764
2021-03-26,3,Diatoms,0.71678,0.6877732
2021-03-27,3,Diatoms,0.9423606,0.7734307
2021-03-28,3,Diatoms,1.3365387,0.981895
2021-03-29,3,Diatoms,3.3529541,1.29869
2021-03-30,3,Diatoms,3.1136181,1.8003788
2021-03-31,3,Diatoms,2.874282,2.283162
2021-04-01,3,Diatoms,2.6349456,3.0213594
2021-04-02,3,Diatoms,1.4991021,2.825917
2021-04-03,3,Diatoms,1.4968718,2.3791132
2021-04-04,3,Diatoms,1.2935481,1.8317863
2021-04-05,3,Diatoms,0.9018379,1.396719
2021-04-06,3,Diatoms,0.85719246,1.5450898
2021-04-07,3,Diatoms,1.0202751,1.3078828
2021-04-08,3,Diatoms,1.0912663,1.0666373
2021-04-09,3,Diatoms,1.2612445,1.0730736
2021-04-10,3,Diatoms,1.278191,1.2544595
2021-04-11,3,Diatoms,1.2684226,1.2480859
2021-04-12,3,Diatoms,0.7582549,1.4651685
2021-04-13,3,Diatoms,1.1454453,1.5758604
2021-04-14,3,Diatoms,2.0011659,1.7383513
2021-04-15,3,Diatoms,1.1257857,1.9436724
2021-04-16,3,Diatoms,0.57763094,2.0893438
2021-04-17,3,Diatoms,0.7711369,2.1964865
2021-04-18,3,Diatoms,2.797393,1.6811055
2021-04-19,3,Diatoms,2.7909703,1.3113325
2021-04-20,3,Diatoms,2.257118,1.843427
2021-04-21,3,Diatoms,1.574142,2.3943226
2021-04-22,3,Diatoms,1.2624112,2.218838
2021-04-23,3,Diatoms,2.9326358,2.0340602
2021-04-24,3,Diatoms,2.0435264,1.8606272
2021-04-25,3,Diatoms,3.5338886,1.9815351
2021-04-26,3,Diatoms,3.7416282,2.795624
2021-04-27,3,Diatoms,3.7256298,2.2120736
2021-04-28,3,Diatoms,2.3611505,2.8123448
2021-04-29,3,Diatoms,1.3832923,2.288127
2021-04-30,3,Diatoms,0.93366134,1.9759413
2021-05-01,3,Diatoms,0.55839366,1.4670091
2021-05-02,3,Diatoms,1.066165,1.0237335
2021-05-03,3,Diatoms,2.7655473,1.0427392
2021-05-04,3,Diatoms,2.1014047,1.3170525
2021-05-05,3,Diatoms,1.7055371,1.655371
2021-05-06,3,Diatoms,1.1249028,2.3923728
2021-05-07,3,Diatoms,1.056713,1.649961
2021-05-08,3,Diatoms,0.9630414,1.6256772
2021-05-09,3,Diatoms,1.7809696,1.5746158
2021-05-10,3,Diatoms,0.9654414,1.5874679
2021-05-11,3,Diatoms,1.2358177,1.8178647
2021-05-12,3,Diatoms,3.711635,2.439262
2021-05-13,3,Diatoms,3.3949533,1.8134787
2021-05-14,3,Diatoms,3.0782707,2.2495484
2021-05-15,3,Diatoms,2.789964,2.881214
2021-05-16,3,Diatoms,2.2519102,2.676713
2021-05-17,3,Diatoms,1.8629305,1.9894006
2021-05-18,3,Diatoms,2.183372,1.8643925
2021-05-19,3,Diatoms,2.1150978,1.647985
2021-05-20,3,Diatoms,1.7254342,1.6490352
2021-05-21,3,Diatoms,1.5535529,1.8645344
2021-05-22,3,Diatoms,1.9609051,1.6383022
2021-05-23,3,Diatoms,2.031506,1.6813364
2021-05-24,3,Diatoms,2.072858,1.6515474
2021-05-25,3,Diatoms,2.2005935,2.036751
2021-05-26,3,Diatoms,1.9350218,1.9516996
2021-05-27,3,Diatoms,1.0838495,2.253144
2021-05-28,3,Diatoms,1.3800538,2.0042489
2021-05-29,3,Diatoms,3.183799,1.9759398
2021-05-30,3,Diatoms,2.7268162,1.9272033
2021-05-31,3,Diatoms,1.4334034,2.084714
2021-06-01,3,Diatoms,1.6658363,2.4311242
2021-06-02,3,Diatoms,1.4438957,2.08731
2021-06-03,3,Diatoms,1.0112599,1.6106324
2021-06-04,3,Diatoms,1.4206372,1.6353017
2021-06-05,3,Diatoms,1.228291,1.5120693
2021-06-06,3,Diatoms,1.7269298,1.4281293
2021-06-07,3,Diatoms,1.7005137,1.7620956
2021-06-08,3,Diatoms,2.6476555,1.6923335
2021-06-09,3,Diatoms,2.045398,1.9462717
2021-06-10,3,Diatoms,1.8383286,2.0061054
2021-06-11,3,Diatoms,1.9921997,2.4064577
2021-06-12,3,Diatoms,2.0134249,2.0025022
2021-06-13,3,Diatoms,1.6290804,2.0456696
2021-06-14,3,Diatoms,3.1700435,2.174183
2021-06-15,3,Diatoms,3.3024917,2.3850462
2021-06-16,3,Diatoms,3.4349394,2.3100326
2021-06-17,3,Diatoms,3.5673878,2.578783
2021-06-18,3,Diatoms,3.699836,2.9219067
2021-06-19,3,Diatoms,3.8322835,3.0682714
2021-06-20,3,Diatoms,3.964732,2.9377916
2021-06-21,3,Diatoms,2.9807816,2.6500297
2021-06-22,3,Diatoms,1.9287239,2.520327
2021-06-23,3,Diatoms,1.7428799,2.4691782
2021-06-24,3,Diatoms,1.6203545,2.0054135
2021-06-25,3,Diatoms,1.6847974,1.5656431
2021-06-26,3,Diatoms,1.3992257,1.4837286
2021-06-27,3,Diatoms,0.4449783,1.3633058
2021-06-28,3,Diatoms,0.6800145,1.5758104
2021-06-29,3,Diatoms,1.0097902,1.3980056
2021-06-30,3,Diatoms,1.7874533,1.3023391
2021-07-01,3,Diatoms,1.6671201,1.3847797
2021-07-02,3,Diatoms,2.0350435,1.5741382
2021-07-03,3,Diatoms,2.1230752,1.8840775
2021-07-04,3,Diatoms,2.6323733,2.0459683
2021-07-05,3,Diatoms,3.4875107,2.270176
2021-07-06,3,Diatoms,3.787234,2.4234211
2021-07-07,3,Diatoms,3.39538,2.2327416
2021-07-08,3,Diatoms,2.5858839,2.57018
2021-07-09,3,Diatoms,1.502587,2.4282353
2021-07-10,3,Diatoms,1.4255829,2.2703414
2021-07-11,3,Diatoms,1.7508472,2.22741
2021-07-12,3,Diatoms,1.8505718,1.4716332
2021-07-13,3,Diatoms,1.9810565,1.5844826
2021-07-14,3,Diatoms,1.2432224,1.7362751
2021-07-15,3,Diatoms,1.0958611,1.8852781
2021-07-16,3,Diatoms,1.8101519,1.869026
2021-07-17,3,Diatoms,1.3462229,1.8489803
2021-07-18,3,Diatoms,1.037178,1.724602
2021-07-19,3,Diatoms,1.2159377,2.022477
2021-07-20,3,Diatoms,1.6290152,1.9127647
2021-07-21,3,Diatoms,1.2851557,1.6149914
2021-07-22,3,Diatoms,1.1834251,1.8074572
2021-07-23,3,Diatoms,1.1390948,1.9512795
2021-07-24,3,Diatoms,3.5395947,1.6827693
2021-07-25,3,Diatoms,2.8445039,1.770423
2021-07-26,3,Diatoms,2.449595,2.1712475
2021-07-27,3,Diatoms,1.6523589,2.6552873
2021-07-28,3,Diatoms,1.1892546,2.2635305
2021-07-29,3,Diatoms,1.4342402,1.9222779
2021-07-30,3,Diatoms,2.093664,1.584345
2021-07-31,3,Diatoms,1.7546382,1.290245
2021-08-01,3,Diatoms,1.878647,1.6582594
2021-08-02,3,Diatoms,1.6647502,1.904029
2021-08-03,3,Diatoms,1.9846995,1.9393008
2021-08-04,3,Diatoms,1.5800145,2.039007
2021-08-05,3,Diatoms,1.7049167,1.9699231
2021-08-06,3,Diatoms,1.9504126,1.9553988
2021-08-07,3,Diatoms,1.6051414,1.6832215
2021-08-08,3,Diatoms,1.2363642,1.5360799
2021-08-09,3,Diatoms,1.4518682,1.4650565
2021-08-10,3,Diatoms,1.1323589,1.402018
2021-08-11,3,Diatoms,1.3369826,1.3565179
2021-08-12,3,Diatoms,1.7825832,1.5206399
2021-08-13,3,Diatoms,1.5437394,1.340496
2021-08-14,3,Diatoms,1.2472893,1.4785832
2021-08-15,3,Diatoms,1.7801247,1.7571071
2021-08-16,3,Diatoms,2.076942,1.4391398
2021-08-17,3,Diatoms,2.3432388,1.4639283
2021-08-18,3,Diatoms,0.89847255,1.5968899
2021-08-19,3,Diatoms,0.07596541,1.4184507
2021-08-20,3,Diatoms,0.40249383,1.3923422
2021-08-21,3,Diatoms,0.8349361,1.0536755
2021-08-22,3,Diatoms,0.25167596,0.6617038
2021-08-23,3,Diatoms,0.27531648,0.6723437
2021-08-24,3,Diatoms,0.63730323,0.76824486
2021-08-25,3,Diatoms,0.6758798,0.7225358
2021-08-26,3,Diatoms,0.8884359,0.6557484
2021-08-27,3,Diatoms,1.1485218,0.8654165
2021-08-28,3,Diatoms,1.5655612,1.0535429
2021-08-29,3,Diatoms,1.4311731,1.2044048
2021-08-30,3,Diatoms,1.4924402,1.4451252
2021-08-31,3,Diatoms,1.661136,1.6530062
2021-09-01,3,Diatoms,1.5644573,1.6401458
2021-09-02,3,Diatoms,1.5042185,1.6460509
2021-09-03,3,Diatoms,1.3365774,1.7722838
2021-09-04,3,Diatoms,1.3967222,1.680272
2021-09-05,3,Diatoms,1.4928075,1.5057015
2021-09-06,3,Diatoms,1.3566715,1.3815333
2021-09-07,3,Diatoms,1.2968574,1.598117
2021-09-08,3,Diatoms,1.142301,1.6135666
2021-09-09,3,Diatoms,1.7800651,1.4026042
2021-09-10,3,Diatoms,1.6764327,1.4567864
2021-09-11,3,Diatoms,1.0366064,1.4402272
2021-09-12,3,Diatoms,1.1923878,1.8394216
2021-09-13,3,Diatoms,1.3866836,1.5811374
2021-09-14,3,Diatoms,1.4921072,1.4426731
2021-09-15,3,Diatoms,1.5616583,1.5327537
2021-09-16,3,Diatoms,1.3013107,1.5302962
2021-09-17,3,Diatoms,1.0375091,1.6489948
2021-09-18,3,Diatoms,0.8898914,1.5622228
2021-09-19,3,Diatoms,1.0559305,1.3729515
2021-09-20,3,Diatoms,0.92435914,1.1821208
2021-09-21,3,Diatoms,0.7065894,1.1121405
2021-09-22,3,Diatoms,0.8529471,1.3037504
2021-09-23,3,Diatoms,0.8713406,1.0757277
2021-09-24,3,Diatoms,0.75830555,0.7562865
2021-09-25,3,Diatoms,0.64507604,0.82161033
2021-09-26,3,Diatoms,0.56325126,0.8241212
2021-09-27,3,Diatoms,0.5061839,0.72026825
2021-09-28,3,Diatoms,0.44725558,0.6545112
2021-09-29,3,Diatoms,0.46624187,0.6122283
2021-09-30,3,Diatoms,0.47655323,0.6183056
2021-10-01,3,Diatoms,0.48111513,0.5529872
2021-10-02,3,Diatoms,0.5479639,0.5609068
2021-10-03,3,Diatoms,0.57537013,0.5722509
2021-10-04,3,Diatoms,0.6069845,0.5573828
2021-10-05,3,Diatoms,0.6385989,0.54052156
2021-10-06,3,Diatoms,0.67021334,0.53302366
2021-10-07,3,Diatoms,0.7018277,0.51434636
2021-10-08,3,Diatoms,0.7334421,0.49417284
2021-10-09,3,Diatoms,0.76505655,0.50463086
2021-10-10,3,Diatoms,0.796671,0.5582322
2021-10-11,3,Diatoms,0.82828534,0.62286705
2021-10-12,3,Diatoms,0.89406615,0.6713585
2021-10-13,3,Diatoms,0.68187547,0.67208576
2021-10-14,3,Diatoms,0.68567705,0.74876726
2021-10-15,3,Diatoms,0.39866763,0.8034347
2021-10-16,3,Diatoms,0.69015205,0.6742418
2021-10-17,3,Diatoms,1.0050942,0.68623275
2021-10-18,3,Diatoms,0.83579594,0.6737626
2021-10-19,3,Diatoms,0.79785097,0.86291236
2021-10-20,3,Diatoms,0.7915702,0.78859717
2021-10-21,3,Diatoms,0.66277134,0.7651772
2021-10-22,3,Diatoms,0.8927352,0.74936527
2021-10-23,3,Diatoms,0.8913893,0.8055208
2021-10-24,3,Diatoms,1.0786686,0.86269325
2021-10-25,3,Diatoms,1.084113,1.016252
2021-10-26,3,Diatoms,1.3010275,1.1065688
2021-10-27,3,Diatoms,1.9733285,1.2419275
2021-10-28,3,Diatoms,2.4602606,1.3083179
2021-10-29,3,Diatoms,2.9471924,1.5439585
2021-10-30,3,Diatoms,3.4341245,2.2062094
2021-10-31,3,Diatoms,2.537547,2.402745
2021-11-01,3,Diatoms,2.7887626,2.2662995
2021-11-02,3,Diatoms,2.4122794,1.9698691
2021-11-03,3,Diatoms,2.988835,1.7993448
2021-11-04,3,Diatoms,2.222851,1.8889737
2021-11-05,3,Diatoms,1.5125543,2.0131814
2021-11-06,3,Diatoms,1.3082923,2.2730403
2021-11-07,3,Diatoms,1.3879508,1.7211794
2021-11-08,3,Diatoms,2.011172,1.1786723
2021-11-09,3,Diatoms,1.544508,1.4802786
2021-11-10,3,Diatoms,1.2806373,1.7118465
2021-11-11,3,Diatoms,1.221353,1.7878727
2021-11-12,3,Diatoms,0.9996886,1.518238
2021-11-13,3,Diatoms,1.166809,1.5425558
2021-11-14,3,Diatoms,0.9016932,1.2788384
2021-11-15,3,Diatoms,0.82410574,1.0927216
2021-11-16,3,Diatoms,0.9349819,1.3287959
2021-11-17,3,Diatoms,0.94172025,0.9900066
2021-11-18,3,Diatoms,0.92100614,1.0156455
2021-11-19,3,Diatoms,0.8363867,1.202983
2021-11-20,3,Diatoms,0.9385735,1.2287277
2021-11-21,3,Diatoms,1.2261478,1.1958057
2021-11-22,3,Diatoms,1.0900145,1.0113283
2021-11-23,3,Diatoms,0.8594718,1.1735212
2021-11-24,3,Diatoms,0.8197829,1.5343958
2021-11-25,3,Diatoms,0.8982766,1.4096153
2021-11-26,3,Diatoms,0.93438494,1.0143274
2021-11-27,3,Diatoms,1.194602,1.0880892
2021-11-28,3,Diatoms,1.164385,1.118679
2021-11-29,3,Diatoms,1.408407,1.2048881
2021-11-30,3,Diatoms,1.8194569,1.4558766
2021-12-01,3,Diatoms,2.0956626,1.5067031
2021-12-02,3,Diatoms,1.9123534,1.8013111
2021-12-03,3,Diatoms,1.8349311,2.0258214
2021-12-04,3,Diatoms,1.4541534,1.8565615
2021-12-05,3,Diatoms,1.6142619,1.7764955
2021-12-06,3,Diatoms,1.6233261,1.8064317
2021-12-07,3,Diatoms,1.421165,1.5831288
2021-12-08,3,Diatoms,1.4636773,1.6640819
2021-12-09,3,Diatoms,1.4945264,1.690694
2021-12-10,3,Diatoms,1.54445,1.6036872
2021-12-11,3,Diatoms,1.5230969,1.6687824
2021-12-12,3,Diatoms,1.6827589,1.678067
2021-12-13,3,Diatoms,1.7116281,1.7035185
2021-12-14,3,Diatoms,1.9158539,1.8895613
2021-12-15,3,Diatoms,2.0881534,1.7730523
2021-12-16,3,Diatoms,2.3040404,1.9358978
2021-12-17,3,Diatoms,1.8070529,2.0330071
2021-12-18,3,Diatoms,1.6679001,2.0562274
2021-12-19,3,Diatoms,2.2340477,2.0278976
2021-12-20,3,Diatoms,2.1134007,1.6748338
2021-12-21,3,Diatoms,1.8318379,1.6017109
2021-12-22,3,Diatoms,1.6743126,1.8256222
2021-12-23,3,Diatoms,2.6385167,1.6935964
2021-12-24,3,Diatoms,2.2485156,1.7133592
2021-12-25,3,Diatoms,1.8585145,1.7586483
2021-12-26,3,Diatoms,1.891042,2.1554592
2021-12-27,3,Diatoms,1.4258013,1.8624341
2021-12-28,3,Diatoms,1.448659,1.5205356
2021-12-29,3,Diatoms,1.2661808,1.4645783
2021-12-30,3,Diatoms,1.6195441,1.3735462
2021-12-31,3,Diatoms,1.2491754,1.4837484
2022-01-01,3,Diatoms,1.1136975,1.3287807
2022-01-02,3,Diatoms,0.998314,1.5542512
2022-01-03,3,Diatoms,1.1921651,1.3835331
2022-01-04,3,Diatoms,1.7091818,1.450533
2022-01-05,3,Diatoms,3.6088486,1.3662674
2022-01-06,3,Diatoms,3.1050832,1.5670742
2022-01-07,3,Diatoms,2.601318,1.9501921
2022-01-08,3,Diatoms,3.0840986,2.7963452
2022-01-09,3,Diatoms,2.192433,2.4067895
2022-01-10,3,Diatoms,1.8787844,1.9162252
2022-01-11,3,Diatoms,2.3994572,2.1566465
2022-01-12,3,Diatoms,1.2720188,1.7358911
2022-01-13,3,Diatoms,1.0562301,1.6488442
2022-01-14,3,Diatoms,0.9689428,1.6902468
2022-01-15,3,Diatoms,0.7713965,1.0795157
2022-01-16,3,Diatoms,0.7500796,0.8798773
2022-01-17,3,Diatoms,0.88829833,0.7551581
2022-01-18,3,Diatoms,0.82818246,0.8212209
2022-01-19,3,Diatoms,0.77960896,0.91573834
2022-01-20,3,Diatoms,0.81703836,1.0245833
2022-01-21,3,Diatoms,0.77738595,1.3605844
2022-01-22,3,Diatoms,1.0765026,1.3629782
2022-01-23,3,Diatoms,1.4015352,1.4899722
2022-01-24,3,Diatoms,2.5588784,1.5995753
2022-01-25,3,Diatoms,3.0085673,1.8057736
2022-01-26,3,Diatoms,2.7863743,2.1492937
2022-01-27,3,Diatoms,1.4635597,2.1972268
2022-01-28,3,Diatoms,2.8025064,2.3058598
2022-01-29,3,Diatoms,1.1110301,2.2114592
2022-01-30,3,Diatoms,1.3425798,1.7517066
2022-01-31,3,Diatoms,1.4695957,2.1893938
2022-02-01,3,Diatoms,1.4192059,1.4824296
2022-02-02,3,Diatoms,0.7558678,1.6165143
2022-02-03,3,Diatoms,1.2968768,1.5525912
2022-02-04,3,Diatoms,2.18072,1.4967668
2022-02-05,3,Diatoms,1.774446,1.2749137
2022-02-06,3,Diatoms,1.6449122,1.4143255
2022-02-07,3,Diatoms,1.4180886,1.8318274
2022-02-08,3,Diatoms,2.0166342,1.7647423
2022-02-09,3,Diatoms,1.566981,1.6019256
2022-02-10,3,Diatoms,1.6986585,1.6859893
2022-02-11,3,Diatoms,1.348436,1.863185
2022-02-12,3,Diatoms,1.4852914,1.7213942
2022-02-13,3,Diatoms,1.1732615,1.6265706
2022-02-14,3,Diatoms,0.8223747,1.4617298
2022-02-15,3,Diatoms,0.9416731,1.6887774
2022-02-16,3,Diatoms,0.8257638,1.6426919
2022-02-17,3,Diatoms,2.2344718,1.3656545
2022-02-18,3,Diatoms,2.3571997,1.472341
2022-02-19,3,Diatoms,2.4799278,1.5088005
2022-02-20,3,Diatoms,1.8584225,2.100724
2022-02-21,3,Diatoms,1.3062419,2.0508873
2022-02-22,3,Diatoms,1.1708182,2.0699675
2022-02-23,3,Diatoms,1.2594694,1.5305072
2022-02-24,3,Diatoms,1.2043629,1.2779068
2022-02-25,3,Diatoms,1.1634104,1.2444236
2022-02-26,3,Diatoms,1.1224579,1.3020226
2022-02-27,3,Diatoms,1.0815053,1.3418531
2022-02-28,3,Diatoms,1.0194421,1.3647662
2022-03-01,3,Diatoms,1.0779487,1.4163833
2022-03-02,3,Diatoms,1.3165268,1.3722665
2022-03-03,3,Diatoms,2.2054887,1.2555449
2022-03-04,3,Diatoms,2.7340302,1.4019252
2022-03-05,3,Diatoms,4.0151806,1.9268352
2022-03-06,3,Diatoms,3.2142246,2.3906817
2022-03-07,3,Diatoms,2.413268,2.414724
2022-03-08,3,Diatoms,1.1411803,2.5522459
2022-03-09,3,Diatoms,0.93422884,2.1884928
2022-03-10,3,Diatoms,0.7968505,1.772531
2022-03-11,3,Diatoms,1.9635824,1.0854127
2022-03-12,3,Diatoms,3.8723621,1.3808637
2022-03-13,3,Diatoms,3.7886758,1.666743
2022-03-14,3,Diatoms,3.7049897,2.9441988
2022-03-15,3,Diatoms,3.6213036,2.8145127
2022-03-16,3,Diatoms,3.5376167,2.7483423
2022-03-17,3,Diatoms,3.4539306,2.5832207
2022-03-18,3,Diatoms,3.3702443,2.5509694
2022-03-19,3,Diatoms,3.286558,2.4462268
2022-03-20,3,Diatoms,3.8933792,2.487966
2022-03-21,3,Diatoms,3.6404781,2.429468
2022-03-22,3,Diatoms,2.820116,2.29987
2022-03-23,3,Diatoms,1.9487193,2.3908155
2022-03-24,3,Diatoms,1.2148008,1.8283503
2022-03-25,3,Diatoms,0.802643,1.5641998
2022-03-26,3,Diatoms,0.9294931,1.166812
2022-03-27,3,Diatoms,1.1773057,0.94604325
2022-03-28,3,Diatoms,1.2790086,0.87167096
2022-03-29,3,Diatoms,0.85883504,0.87515384
2022-03-30,3,Diatoms,0.7176298,1.0288223
2022-03-31,3,Diatoms,0.7616727,1.2660512
2022-04-01,3,Diatoms,0.97343975,0.8348954
2022-04-02,3,Diatoms,0.60815275,0.74318016
2022-04-03,3,Diatoms,0.5334395,0.77511
2022-04-04,3,Diatoms,0.59590155,1.0180619
2022-04-05,3,Diatoms,0.6571332,0.64971495
2022-04-06,3,Diatoms,0.7156345,0.6612085
2022-04-07,3,Diatoms,0.74620116,0.7328412
2022-04-08,3,Diatoms,0.95508325,0.8438938
2022-04-09,3,Diatoms,1.3922431,0.73418045
2022-04-10,3,Diatoms,1.1859667,0.9251217
2022-04-11,3,Diatoms,1.46389,1.3526008
2022-04-12,3,Diatoms,1.5720646,1.755792
2022-04-13,3,Diatoms,2.5351775,1.6302333
2022-04-14,3,Diatoms,3.772026,1.9368846
2022-04-15,3,Diatoms,2.910514,2.2771325
2022-04-16,3,Diatoms,2.0152194,2.526544
2022-04-17,3,Diatoms,1.1619052,2.5840926
2022-04-18,3,Diatoms,0.07279764,1.859027
2022-04-19,3,Diatoms,0.86195654,1.4859309
2022-04-20,3,Diatoms,0.60821867,0.9330692
2022-04-21,3,Diatoms,0.63115996,0.5792358
2022-04-22,3,Diatoms,0.9451232,0.65369236
2022-04-23,3,Diatoms,3.9995506,0.5729709
2022-04-24,3,Diatoms,1.921622,0.5965491
2022-04-25,3,Diatoms,2.3708055,0.79833275
2022-04-26,3,Diatoms,2.9904463,2.3988037
2022-04-27,3,Diatoms,3.6100872,2.225907
2022-04-28,3,Diatoms,2.1844156,2.2794569
2022-04-29,3,Diatoms,1.9158579,2.1791992
2022-04-30,3,Diatoms,1.5144131,2.1739984
2022-05-01,3,Diatoms,1.066942,1.7933949
2022-05-02,3,Diatoms,0.9111449,1.362448
2022-05-03,3,Diatoms,0.7083406,0.9769978
2022-05-04,3,Diatoms,0.7547319,0.927461
2022-05-05,3,Diatoms,1.0172391,0.77603626
2022-05-06,3,Diatoms,2.4381146,0.765977
2022-05-07,3,Diatoms,3.9056737,1.2595326
2022-05-08,3,Diatoms,3.2241905,1.5507935
2022-05-09,3,Diatoms,2.5427072,2.3133712
2022-05-10,3,Diatoms,1.8612238,2.4831836
2022-05-11,3,Diatoms,1.4573841,1.954016
2022-05-12,3,Diatoms,1.2311223,1.4742872
2022-05-13,3,Diatoms,1.3280072,1.065897
2022-05-14,3,Diatoms,1.0765942,1.0300379
2022-05-15,3,Diatoms,0.78812456,1.0509939
2022-05-16,3,Diatoms,0.68083215,1.0762292
2022-05-17,3,Diatoms,0.70321506,0.9026074
2022-05-18,3,Diatoms,0.6518202,0.7172656
2022-05-19,3,Diatoms,0.7445803,0.5660166
2022-05-20,3,Diatoms,1.0043664,0.57721585
2022-05-21,3,Diatoms,0.6750544,0.5468752
2022-05-22,3,Diatoms,1.1354203,0.54003084
2022-05-23,3,Diatoms,1.1735673,0.88234085
2022-05-24,3,Diatoms,1.1492542,1.0219434
2022-05-25,3,Diatoms,1.212029,1.0357808
2022-05-26,3,Diatoms,0.94941264,0.9605239
2022-05-27,3,Diatoms,1.0213025,1.1402696
2022-05-28,3,Diatoms,0.78524256,0.8593118
2022-05-29,3,Diatoms,0.26985496,0.8279628
2022-05-30,3,Diatoms,0.67634517,0.6711278
2022-05-31,3,Diatoms,0.9414565,0.6215151
2022-06-01,3,Diatoms,0.94965315,0.4222787
2022-06-02,3,Diatoms,0.61305296,0.5941307
2022-06-03,3,Diatoms,1.0904568,0.66497093
2022-06-04,3,Diatoms,1.3537029,0.6492304
2022-06-05,3,Diatoms,1.0299783,0.54561216
2022-06-06,3,Diatoms,0.5943043,0.5995492
2022-06-07,3,Diatoms,0.4943406,0.6527122
2022-06-08,3,Diatoms,0.04067393,0.584914
2022-06-09,3,Diatoms,0.07032608,0.49327454
2022-06-10,3,Diatoms,0.16366135,0.4224219
2022-06-11,3,Diatoms,0.18317887,0.24199927
2022-06-12,3,Diatoms,0.6201881,0.21880147
2022-06-13,3,Diatoms,0.32491675,0.20307349
2022-06-14,3,Diatoms,0.0875361,0.20022556
2022-06-15,3,Diatoms,0.00999999,0.3132408
2022-06-16,3,Diatoms,0.070499286,0.28049234
2022-06-17,3,Diatoms,0.31225038,0.19371817
2022-06-18,3,Diatoms,0.2925797,0.16977626
2022-06-19,3,Diatoms,0.31209573,0.2144115
2022-06-20,3,Diatoms,0.18069513,0.256861
2022-06-21,3,Diatoms,0.2057929,0.2867551
2022-06-22,3,Diatoms,0.41216508,0.3353303
2022-06-23,3,Diatoms,0.12479742,0.3291891
2022-06-24,3,Diatoms,0.16134341,0.3905019
2022-06-25,3,Diatoms,0.5027806,0.47415414
2022-06-26,3,Diatoms,0.67503256,0.33192477
2022-06-27,3,Diatoms,0.65611875,0.45781305
2022-06-28,3,Diatoms,0.6393343,0.7971755
2022-06-29,3,Diatoms,0.77931786,0.7315413
2022-06-30,3,Diatoms,0.70635045,0.7310777
2022-07-01,3,Diatoms,0.6432875,0.75734043
2022-07-02,3,Diatoms,0.84127444,0.7005334
2022-07-03,3,Diatoms,0.65773517,0.7035835
2022-07-04,3,Diatoms,0.673903,0.63785654
2022-07-05,3,Diatoms,0.49931207,0.6702141
2022-07-06,3,Diatoms,0.48018092,0.5797538
2022-07-07,3,Diatoms,0.36509007,0.5791227
2022-07-08,3,Diatoms,0.4210155,0.46806917
2022-07-09,3,Diatoms,0.43833014,0.4561621
2022-07-10,3,Diatoms,0.68257874,0.43923974
2022-07-11,3,Diatoms,0.8123347,0.4937325
2022-07-12,3,Diatoms,0.9596522,0.5103521
2022-07-13,3,Diatoms,1.1758261,0.7887777
2022-07-14,3,Diatoms,1.001128,1.0242602
2022-07-15,3,Diatoms,0.636442,1.2041675
2022-07-16,3,Diatoms,2.5314977,1.3939722
2022-07-17,3,Diatoms,2.491003,1.4780825
2022-07-18,3,Diatoms,2.4505084,1.181473
2022-07-19,3,Diatoms,1.1627918,1.6894262
2022-07-20,3,Diatoms,1.0163498,1.5947722
2022-07-21,3,Diatoms,0.6194271,1.4798154
2022-07-22,3,Diatoms,0.48063365,0.8970797
2022-07-23,3,Diatoms,0.6871731,0.8034226
2022-07-24,3,Diatoms,1.1602412,0.66201884
2022-07-25,3,Diatoms,0.6668863,0.5453767
2022-07-26,3,Diatoms,0.3436324,0.59746677
2022-07-27,3,Diatoms,0.35722464,0.7781334
2022-07-28,3,Diatoms,0.43895075,0.54166913
2022-07-29,3,Diatoms,0.43487385,0.3821997
2022-07-30,3,Diatoms,0.44030568,0.3651403
2022-07-31,3,Diatoms,0.4457375,0.3390536
2022-08-01,3,Diatoms,0.45116934,0.37799358
2022-08-02,3,Diatoms,0.45660123,0.38390705
2022-08-03,3,Diatoms,0.46203306,0.40927067
2022-08-04,3,Diatoms,0.4674649,0.4177081
2022-08-05,3,Diatoms,0.47289675,0.41127777
2022-08-06,3,Diatoms,0.47832856,0.41619357
2022-08-07,3,Diatoms,0.48376042,0.4437711
2022-08-08,3,Diatoms,0.48919225,0.43248913
2022-08-09,3,Diatoms,0.4946241,0.4541892
2022-08-10,3,Diatoms,0.50005597,0.4551291
2022-08-11,3,Diatoms,0.5054878,0.47357202
2022-08-12,3,Diatoms,0.51091963,0.4875931
2022-08-13,3,Diatoms,0.51635146,0.5021656
2022-08-14,3,Diatoms,0.5217833,0.5230088
2022-08-15,3,Diatoms,0.5272152,0.50346655
2022-08-16,3,Diatoms,0.532647,0.5102601
2022-08-17,3,Diatoms,0.53807884,0.52747273
2022-08-18,3,Diatoms,0.5435107,0.54246044
2022-08-19,3,Diatoms,0.5489425,0.54890335
2022-08-20,3,Diatoms,0.5543744,0.5472276
2022-08-21,3,Diatoms,0.5598062,0.5349935
2022-08-22,3,Diatoms,0.56523806,0.54173493
2022-08-23,3,Diatoms,0.5706699,0.54626137
2022-08-24,3,Diatoms,0.5761018,0.54423004
2022-08-25,3,Diatoms,0.58153355,0.55596644
2022-08-26,3,Diatoms,0.58696544,0.5570724
2022-08-27,3,Diatoms,0.5923973,0.5679913
2022-08-28,3,Diatoms,0.5978291,0.5913714
2022-08-29,3,Diatoms,0.60326093,0.5840071
2022-08-30,3,Diatoms,0.6086928,0.5867302
2022-08-31,3,Diatoms,0.61412466,0.57761306
2022-09-01,3,Diatoms,0.6195565,0.5683605
2022-09-02,3,Diatoms,0.6249883,0.5655595
2022-09-03,3,Diatoms,0.63042015,0.5613487
2022-09-04,3,Diatoms,0.63585204,0.5569874
2022-09-05,3,Diatoms,0.64128387,0.559212
2022-09-06,3,Diatoms,0.6467157,0.5819842
2022-09-07,3,Diatoms,0.65214753,0.6274825
2022-09-08,3,Diatoms,0.65757936,0.666477
2022-09-09,3,Diatoms,0.66301125,0.71712524
2022-09-10,3,Diatoms,0.6463696,0.7166345
2022-09-11,3,Diatoms,0.7992899,0.72122633
2022-09-12,3,Diatoms,0.9156512,0.700096
2022-09-13,3,Diatoms,0.9179058,0.70278317
2022-09-14,3,Diatoms,1.2582536,0.88254166
2022-09-15,3,Diatoms,1.2465967,0.8790494
2022-09-16,3,Diatoms,0.8933671,0.9427194
2022-09-17,3,Diatoms,0.69211286,1.3505759
2022-09-18,3,Diatoms,1.4530001,1.4212673
2022-09-19,3,Diatoms,1.5097682,1.0456798
2022-09-20,3,Diatoms,0.7957029,0.8653396
2022-09-21,3,Diatoms,0.50666904,1.5181154
2022-09-22,3,Diatoms,0.5787265,1.2152795
2022-09-23,3,Diatoms,0.64563674,0.694591
2022-09-24,3,Diatoms,1.1064084,0.5977293
2022-09-25,3,Diatoms,0.5949674,0.5906959
2022-09-26,3,Diatoms,0.49298552,0.60084057
2022-09-27,3,Diatoms,0.72891384,0.74789333
2022-09-28,3,Diatoms,0.44895002,0.5889803
2022-09-29,3,Diatoms,0.8703324,0.5792514
2022-09-30,3,Diatoms,1.7480268,0.6126246
2022-10-01,3,Diatoms,0.6184287,0.6250214
2022-10-02,3,Diatoms,0.47368115,0.71108764
2022-10-03,3,Diatoms,0.8446382,0.80622834
2022-10-04,3,Diatoms,0.74377716,0.5542636
2022-10-05,3,Diatoms,0.5391014,0.49827328
2022-10-06,3,Diatoms,0.45168117,0.589079
2022-10-07,3,Diatoms,0.39461592,0.59201235
2022-10-08,3,Diatoms,0.33,0.51166743
2022-10-09,3,Diatoms,0.4629638,0.45400667
2022-10-10,3,Diatoms,0.6053952,0.42012522
2022-10-11,3,Diatoms,0.75984794,0.37994912
2022-10-12,3,Diatoms,0.66441303,0.52122396
2022-10-13,3,Diatoms,0.686058,0.5837173
2022-10-14,3,Diatoms,0.80112964,0.6632133
2022-10-15,3,Diatoms,0.98522115,0.6299779
2022-10-16,3,Diatoms,1.3000796,0.61667675
2022-10-17,3,Diatoms,0.6061405,0.6877287
2022-10-18,3,Diatoms,0.56499636,0.80126226
2022-10-19,3,Diatoms,0.4368863,1.0545782
2022-10-20,3,Diatoms,0.2988061,0.6828395
2022-10-21,3,Diatoms,0.21184783,0.6538509
2022-10-22,3,Diatoms,0.35266715,0.5856681
2022-10-23,3,Diatoms,0.5553931,0.50358367
2022-10-24,3,Diatoms,0.49552098,0.41459212
2022-10-25,3,Diatoms,0.5343777,0.6812753
2022-10-26,3,Diatoms,0.35753626,0.48454705
2022-10-27,3,Diatoms,0.34656295,0.4396157
2022-10-28,3,Diatoms,0.30460203,0.41937214
2022-10-29,3,Diatoms,0.42416367,0.38057867
2022-10-30,3,Diatoms,0.5319609,0.39611778
2022-10-31,3,Diatoms,0.47380608,0.3896586
2022-11-01,3,Diatoms,0.3335658,0.40005815
2022-11-02,3,Diatoms,0.19973171,0.4115605
2022-11-03,3,Diatoms,0.10726287,0.37526658
2022-11-04,3,Diatoms,0.12773186,0.36661187
2022-11-05,3,Diatoms,0.14397249,0.3182284
2022-11-06,3,Diatoms,0.3727062,0.2793896
2022-11-07,3,Diatoms,0.24949883,0.23871553
2022-11-08,3,Diatoms,0.17052859,0.23229037
2022-11-09,3,Diatoms,0.4395582,0.36577117
2022-11-10,3,Diatoms,0.5821635,0.34384513
2022-11-11,3,Diatoms,1.1037074,0.5800378
2022-11-12,3,Diatoms,1.3362005,0.57542014
2022-11-13,3,Diatoms,1.5686936,0.6170746
2022-11-14,3,Diatoms,1.8011867,1.0800152
2022-11-15,3,Diatoms,1.0413604,1.3178712
2022-11-16,3,Diatoms,0.6664446,1.3115427
2022-11-17,3,Diatoms,0.56459814,1.2634491
2022-11-18,3,Diatoms,0.5269682,0.8486029
2022-11-19,3,Diatoms,0.56615216,0.64476436
2022-11-20,3,Diatoms,0.50482637,0.5825511
2022-11-21,3,Diatoms,0.48349023,0.50407773
2022-11-22,3,Diatoms,0.5621144,0.53527933
2022-11-23,3,Diatoms,0.6525436,0.51743156
2022-11-24,3,Diatoms,0.64795226,0.50457436
2022-11-25,3,Diatoms,0.4058798,0.53626263
2022-11-26,3,Diatoms,0.57193923,0.5904699
2022-11-27,3,Diatoms,0.5968768,0.5624045
2022-11-28,3,Diatoms,0.6506368,0.46588653
2022-11-29,3,Diatoms,0.3529761,0.49277997
2022-11-30,3,Diatoms,0.2664327,0.45666805
2022-12-01,3,Diatoms,0.48696816,0.4617208
2022-12-02,3,Diatoms,0.37245104,0.38246113
2022-12-03,3,Diatoms,0.22664014,0.35488722
2022-12-04,3,Diatoms,0.24682838,0.40132704
2022-12-05,3,Diatoms,0.49799857,0.37945646
2022-12-06,3,Diatoms,0.2150834,0.32921174
2022-12-07,3,Diatoms,0.3077118,0.3086447
2022-12-08,3,Diatoms,0.46886232,0.34661606
2022-12-09,3,Diatoms,0.34040272,0.2699528
2022-12-10,3,Diatoms,0.23150615,0.2733289
2022-12-11,3,Diatoms,0.2485228,0.28874224
2022-12-12,3,Diatoms,0.100224294,0.28152695
2022-12-13,3,Diatoms,0.097241126,0.23468015
2022-12-14,3,Diatoms,0.18076141,0.19073626
2022-12-15,3,Diatoms,0.1364058,0.1513931
2022-12-16,3,Diatoms,0.1688921,0.1356605
2022-12-17,3,Diatoms,0.07955106,0.14621803
2022-12-18,3,Diatoms,0.044279505,0.14090718
2022-12-19,3,Diatoms,0.059782602,0.12730126
2022-12-20,3,Diatoms,0.025749467,0.1290553
2022-12-21,3,Diatoms,0.041604955,0.1104525
2022-12-22,3,Diatoms,0.036862336,0.13831286
2022-12-23,3,Diatoms,0.03179711,0.12614124
2022-12-24,3,Diatoms,0.05029688,0.1401274
2022-12-25,3,Diatoms,0.027907314,0.10775656
2022-12-26,3,Diatoms,0.03900145,0.10874185
2022-12-27,3,Diatoms,0.016070925,0.12854293
2022-12-28,3,Diatoms,0.035910055,0.14114143
2022-12-29,3,Diatoms,0.040795974,0.15789601
2022-12-30,3,Diatoms,0.08236955,0.14500925
2022-12-31,3,Diatoms,0.041826066,0.18713714
2023-01-01,3,Diatoms,0.023299549,0.21265706
2023-01-02,3,Diatoms,0.03492386,0.24636897
2023-01-03,3,Diatoms,0.011443076,0.27300096
2023-01-04,3,Diatoms,1.25147,0.31829414
2023-01-05,3,Diatoms,2.2523189,0.3350302
2023-01-06,3,Diatoms,1.7352643,0.3834734
2023-01-07,3,Diatoms,2.1625798,1.6177467
2023-01-08,3,Diatoms,2.1771433,2.1011992
2023-01-09,3,Diatoms,2.191707,1.870305
2023-01-10,3,Diatoms,2.2062707,1.9706072
2023-01-11,3,Diatoms,2.2208343,1.8115772
2023-01-12,3,Diatoms,2.2353978,1.900097
2023-01-13,3,Diatoms,2.3978655,1.8933527
2023-01-14,3,Diatoms,1.806136,1.7972492
2023-01-15,3,Diatoms,1.301289,1.6968942
2023-01-16,3,Diatoms,1.0665315,1.796122
2023-01-17,3,Diatoms,1.3206512,1.396091
2023-01-18,3,Diatoms,0.77586955,0.9774564
2023-01-19,3,Diatoms,0.52627534,0.9314942
2023-01-20,3,Diatoms,0.7003838,1.0388511
2023-01-21,3,Diatoms,0.82269174,0.7147989
2023-01-22,3,Diatoms,1.4449638,0.59535146
2023-01-23,3,Diatoms,1.8569906,0.63337284
2023-01-24,3,Diatoms,0.7206517,0.6786637
2023-01-25,3,Diatoms,0.3520275,1.0583293
2023-01-26,3,Diatoms,0.39130428,1.3551852
2023-01-27,3,Diatoms,0.3816727,0.67530435
2023-01-28,3,Diatoms,0.17257783,0.508026
2023-01-29,3,Diatoms,0.62386763,0.48239434
2023-01-30,3,Diatoms,0.45021045,0.46542296
2023-01-31,3,Diatoms,0.3675629,0.3385619
2023-02-01,3,Diatoms,0.26353857,0.45711073
2023-02-02,3,Diatoms,0.23525697,0.4099465
2023-02-03,3,Diatoms,0.72841716,0.47350782
2023-02-04,3,Diatoms,0.77529854,0.5009419
2023-02-05,3,Diatoms,1.6153374,0.5289705
2023-02-06,3,Diatoms,2.327632,0.75930315
2023-02-07,3,Diatoms,2.7446294,0.9641185
2023-02-08,3,Diatoms,2.4849129,1.5477747
2023-02-09,3,Diatoms,1.6499403,1.6353528
2023-02-10,3,Diatoms,1.1325558,1.7544055
2023-02-11,3,Diatoms,1.4423522,1.6283889
2023-02-12,3,Diatoms,1.211661,1.3488581
2023-02-13,3,Diatoms,0.8997852,0.97140306
2023-02-14,3,Diatoms,1.3638128,0.9868866
2023-02-15,3,Diatoms,1.0748056,0.92108196
2023-02-16,3,Diatoms,1.0081502,0.88406783
2023-02-17,3,Diatoms,1.0325986,0.894219
2023-02-18,3,Diatoms,1.1148239,0.8566246
2023-02-19,3,Diatoms,1.0561261,0.8300532
2023-02-20,3,Diatoms,0.93481565,0.8223755
2023-02-21,3,Diatoms,0.6247198,0.82819295
2023-02-22,3,Diatoms,0.54212743,0.8154267
2023-02-23,3,Diatoms,0.6839636,0.77845705
2023-02-24,3,Diatoms,0.4634569,0.66743714
2023-02-25,3,Diatoms,0.56888413,0.5726631
2023-02-26,3,Diatoms,0.58474815,0.57922226
2023-02-27,3,Diatoms,0.5983531,0.49508148
2023-02-28,3,Diatoms,0.780646,0.47297063
2023-03-01,3,Diatoms,0.6908178,0.46342576
2023-03-02,3,Diatoms,0.48339912,0.48171914
2023-03-03,3,Diatoms,0.6615258,0.5919217
2023-03-04,3,Diatoms,0.6948343,0.58766055
2023-03-05,3,Diatoms,0.67758507,0.5362752
2023-03-06,3,Diatoms,0.63678294,0.5483508
2023-03-07,3,Diatoms,0.52899224,0.5617786
2023-03-08,3,Diatoms,0.2782095,0.5424554
2023-03-09,3,Diatoms,0.2379022,0.5144101
2023-03-10,3,Diatoms,0.24600475,0.48674428
2023-03-11,3,Diatoms,0.22746606,0.39008868
2023-03-12,3,Diatoms,0.148354,0.34979853
2023-03-13,3,Diatoms,0.20024918,0.33014604
2023-03-14,3,Diatoms,0.21559194,0.317831
2023-03-15,3,Diatoms,0.12942213,0.286197
2023-03-16,3,Diatoms,0.0686136,0.26809117
2023-03-17,3,Diatoms,0.046203956,0.2578896
2023-03-18,3,Diatoms,0.06911584,0.24186891
2023-03-19,3,Diatoms,0.06594145,0.23618321
2023-03-20,3,Diatoms,0.08989181,0.22893548
2023-03-21,3,Diatoms,0.085748605,0.2374946
2023-03-22,3,Diatoms,0.28884763,0.22736964
2023-03-23,3,Diatoms,0.2221187,0.26697853
2023-03-24,3,Diatoms,0.21892524,0.25517523
2023-03-25,3,Diatoms,0.21573174,0.34486675
2023-03-26,3,Diatoms,0.21253829,0.330371
2023-03-27,3,Diatoms,0.2093448,0.26058036
2023-03-28,3,Diatoms,0.20615135,0.21509668
2023-03-29,3,Diatoms,0.20295787,0.22939265
2023-03-30,3,Diatoms,0.19976442,0.2207864
2023-03-31,3,Diatoms,0.19657092,0.19919038
2023-04-01,3,Diatoms,0.19337748,0.18031698
2023-04-02,3,Diatoms,0.19018398,0.15669434
2023-04-03,3,Diatoms,0.18699051,0.17049953
2023-04-04,3,Diatoms,0.18379708,0.19539535
2023-04-05,3,Diatoms,0.18060356,0.20290636
2023-04-06,3,Diatoms,0.17741013,0.21606223
2023-04-07,3,Diatoms,0.17421666,0.20602879
2023-04-08,3,Diatoms,0.17102316,0.20587356
2023-04-09,3,Diatoms,0.16782972,0.17920777
2023-04-10,3,Diatoms,0.16463624,0.16638047
2023-04-11,3,Diatoms,0.16144276,0.1659753
2023-04-12,3,Diatoms,0.1582493,0.15557547
2023-04-13,3,Diatoms,0.15505582,0.14744996
2023-04-14,3,Diatoms,0.15186235,0.13308693
2023-04-15,3,Diatoms,0.1486689,0.1250958
2023-04-16,3,Diatoms,0.14547545,0.13265112
2023-04-17,3,Diatoms,0.14228193,0.19259162
2023-04-18,3,Diatoms,0.13908851,0.212115
2023-04-19,3,Diatoms,0.135895,0.18495706
2023-04-20,3,Diatoms,0.13270152,0.19664747
2023-04-21,3,Diatoms,0.12950805,0.13290532
2023-04-22,3,Diatoms,0.1263146,0.11036424
2023-04-23,3,Diatoms,0.12312116,0.10292165
2023-04-24,3,Diatoms,0.11992765,0.10429212
2023-04-25,3,Diatoms,0.11673419,0.10168856
2023-04-26,3,Diatoms,0.11354073,0.10885225
2023-04-27,3,Diatoms,0.19252734,0.11947652
2023-04-28,3,Diatoms,0.20898043,0.13556325
2023-04-29,3,Diatoms,0.31545156,0.123572096
2023-04-30,3,Diatoms,0.7253979,0.1454253
2023-05-01,3,Diatoms,0.17739198,0.24266444
2023-05-02,3,Diatoms,0.06145501,0.31187993
2023-05-03,3,Diatoms,0.0011290128,0.37006855
2023-05-04,3,Diatoms,0.013037348,0.21382521
2023-05-05,3,Diatoms,0.001333334,0.18541643
2023-05-06,3,Diatoms,0.0025992414,0.1274963
2023-05-07,3,Diatoms,0.0024023082,0.13121945
2023-05-08,3,Diatoms,0.0022054135,0.13275105
2023-05-09,3,Diatoms,0.0020085066,0.10593016
2023-05-10,3,Diatoms,0.0018115873,0.074060604
2023-05-11,3,Diatoms,0.0016146557,0.041252512
2023-05-12,3,Diatoms,0.0014177121,0.03701879
2023-05-13,3,Diatoms,0.0012208071,0.0666091
2023-05-14,3,Diatoms,0.00102389,0.09657344
2023-05-15,3,Diatoms,0.0008269606,0.14250419
2023-05-16,3,Diatoms,0.00063007005,0.17560469
2023-05-17,3,Diatoms,0.00043311645,0.1507948
2023-05-18,3,Diatoms,0.00023620162,0.10649967
2023-05-19,3,Diatoms,3.9274695e-05,0.09913473
2023-05-20,3,Diatoms,0.014928947,0.06901831
2023-05-21,3,Diatoms,0.00067082915,0.072736435
2023-05-22,3,Diatoms,0.0005596996,0.06413929
2023-05-23,3,Diatoms,0.00044858234,0.08523756
2023-05-24,3,Diatoms,0.00033747742,0.09725921
2023-05-25,3,Diatoms,0.00022638487,0.05441649
2023-05-26,3,Diatoms,0.00011525379,0.0547249
2023-05-27,3,Diatoms,0.058466077,0.07651183
2023-05-28,3,Diatoms,0.19238804,0.11840707
2023-05-29,3,Diatoms,0.20135932,0.16051987
2023-05-30,3,Diatoms,0.16988994,0.21387114
2023-05-31,3,Diatoms,0.45917562,0.34271783
2023-06-01,3,Diatoms,0.64845806,0.36002037
2023-06-02,3,Diatoms,0.4172468,0.31263125
2023-06-03,3,Diatoms,0.54917574,0.40431762
2023-06-04,3,Diatoms,0.28157726,0.43140575
2023-06-05,3,Diatoms,0.16293786,0.32981548
2023-06-06,3,Diatoms,0.26643953,0.30229667
2023-06-07,3,Diatoms,0.45171347,0.22781497
2023-06-08,3,Diatoms,0.33858457,0.16313794
2023-06-09,3,Diatoms,0.10163539,0.20457122
2023-06-10,3,Diatoms,0.0039979536,0.2863461
2023-06-11,3,Diatoms,0.0020153343,0.25506392
2023-06-12,3,Diatoms,3.2714524e-05,0.1796756
2023-06-13,3,Diatoms,0.00047412192,0.11716388
2023-06-14,3,Diatoms,0.02020927,0.093918875
2023-06-15,3,Diatoms,0.046250667,0.07973652
2023-06-16,3,Diatoms,1.0186506e-05,0.0729205
2023-06-17,3,Diatoms,0.04055767,0.10790664
2023-06-18,3,Diatoms,0.18069921,0.13868698
2023-06-19,3,Diatoms,0.08742085,0.14945365
2023-06-20,3,Diatoms,0.1564024,0.18382573
2023-06-21,3,Diatoms,0.27892652,0.25584292
2023-06-22,3,Diatoms,0.46939066,0.22435199
2023-06-23,3,Diatoms,0.71619415,0.23942313
2023-06-24,3,Diatoms,0.55189675,0.28014785
2023-06-25,3,Diatoms,0.38463646,0.31831554
2023-06-26,3,Diatoms,0.504574,0.3615937
2023-06-27,3,Diatoms,0.6774582,0.33086208
2023-06-28,3,Diatoms,0.32230452,0.31601387
2023-06-29,3,Diatoms,0.30768082,0.40499747
2023-06-30,3,Diatoms,0.2930571,0.4569435
2023-07-01,3,Diatoms,0.2784334,0.4609525
2023-07-02,3,Diatoms,0.26380974,0.43189576
2023-07-03,3,Diatoms,0.24918607,0.3455789
2023-07-04,3,Diatoms,0.23456237,0.24669594
2023-07-05,3,Diatoms,0.21993868,0.17193419
2023-07-06,3,Diatoms,0.20531496,0.13806687
2023-07-07,3,Diatoms,0.19069128,0.16256198
2023-07-08,3,Diatoms,0.17606762,0.1659472
2023-07-09,3,Diatoms,0.16144393,0.1525232
2023-07-10,3,Diatoms,0.14682025,0.1626405
2023-07-11,3,Diatoms,0.13219653,0.17348863
2023-07-12,3,Diatoms,0.117572874,0.1605682
2023-07-13,3,Diatoms,0.10294919,0.14876336
2023-07-14,3,Diatoms,0.088325456,0.12492052
2023-07-15,3,Diatoms,0.07370176,0.10634742
2023-07-16,3,Diatoms,0.059078086,0.0912725
2023-07-17,3,Diatoms,0.04445439,0.06792956
2023-07-18,3,Diatoms,0.029830711,0.043817334
2023-07-19,3,Diatoms,0.015207016,0.03690821
2023-07-20,3,Diatoms,0.0005833085,0.027394295
2023-07-21,3,Diatoms,0.0006266608,0.021485949
2023-07-22,3,Diatoms,0.000670015,0.025158646
2023-07-23,3,Diatoms,0.00071332016,0.05982717
2023-07-24,3,Diatoms,0.0007566781,0.110131525
2023-07-25,3,Diatoms,0.000799987,0.14835323
2023-07-26,3,Diatoms,0.0008432978,0.13453227
2023-07-27,3,Diatoms,0.00088666135,0.123272456
2023-07-28,3,Diatoms,0.00092997594,0.11847868
2023-07-29,3,Diatoms,0.00097329234,0.10001798
2023-07-30,3,Diatoms,0.0010166107,0.06730554
2023-07-31,3,Diatoms,0.0010599818,0.03640356
2023-08-01,3,Diatoms,0.0011033037,0.035343077
2023-08-02,3,Diatoms,0.0011466277,0.03470758
2023-08-03,3,Diatoms,0.0011899535,0.04094402
2023-08-04,3,Diatoms,0.0012332812,0.052822143
2023-08-05,3,Diatoms,0.0012766108,0.07391183
2023-08-06,3,Diatoms,0.0013199422,0.10509128
2023-08-07,3,Diatoms,0.0013632755,0.10514534
2023-08-08,3,Diatoms,0.0014066106,0.106378585
2023-08-09,3,Diatoms,0.0014499477,0.10536072
2023-08-10,3,Diatoms,0.0014932866,0.1039732
2023-08-11,3,Diatoms,0.0015365764,0.11218638
2023-08-12,3,Diatoms,0.0015799191,0.07535485
2023-08-13,3,Diatoms,0.0016232637,0.05955687
2023-08-14,3,Diatoms,0.0016666101,0.027812393
2023-08-15,3,Diatoms,0.0017099074,0.011220596
2023-08-16,3,Diatoms,0.0017532577,0.027300362
2023-08-17,3,Diatoms,0.0009180655,0.082782656
2023-08-18,3,Diatoms,0.00088487996,0.08584319
2023-08-19,3,Diatoms,0.00085169554,0.0942961
2023-08-20,3,Diatoms,0.0008184613,0.061027113
2023-08-21,3,Diatoms,0.0007852791,0.031477045
2023-08-22,3,Diatoms,0.0007520979,0.037789054
2023-08-23,3,Diatoms,0.00071891793,0.025655946
2023-08-24,3,Diatoms,0.0006856881,0.051012497
2023-08-25,3,Diatoms,0.00065251027,0.081628405
2023-08-26,3,Diatoms,0.0006193335,0.090725474
2023-08-27,3,Diatoms,0.000586107,0.09590504
2023-08-28,3,Diatoms,0.00055293244,0.1314745
2023-08-29,3,Diatoms,0.00051970815,0.11370609
2023-08-30,3,Diatoms,0.00048653584,0.11485784
2023-08-31,3,Diatoms,0.0004533646,0.11491799
2023-09-01,3,Diatoms,0.0004201436,0.13634853
2023-09-02,3,Diatoms,0.00038697457,0.108362466
2023-09-03,3,Diatoms,0.00035375578,0.13060807
2023-09-04,3,Diatoms,0.00032053806,0.09059925
2023-09-05,3,Diatoms,0.00028737236,0.08224781
2023-09-06,3,Diatoms,0.00025415685,0.0612116
2023-09-07,3,Diatoms,0.00022099333,0.06482205
2023-09-08,3,Diatoms,0.00018778004,0.11402612
2023-09-09,3,Diatoms,0.00015456785,0.11045493
2023-09-10,3,Diatoms,0.00012140763,0.0993202
2023-09-11,3,Diatoms,8.819765e-05,0.09704753
2023-09-12,3,Diatoms,5.4988774e-05,0.0771432
2023-09-13,3,Diatoms,0.006004396,0.07139766
2023-09-14,3,Diatoms,0.058510374,0.077745564
2023-09-15,3,Diatoms,0.08269159,0.098896146
2023-09-16,3,Diatoms,0.08045972,0.12393743
2023-09-17,3,Diatoms,0.063173585,0.15162404
2023-09-18,3,Diatoms,0.051945228,0.1807254
2023-09-19,3,Diatoms,0.032293275,0.17461273
2023-09-20,3,Diatoms,0.027173372,0.16019249
2023-09-21,3,Diatoms,0.0074045286,0.15859492
2023-09-22,3,Diatoms,0.0032023643,0.14995903
2023-09-23,3,Diatoms,0.021175211,0.15499902
2023-09-24,3,Diatoms,0.014343121,0.14411722
2023-09-25,3,Diatoms,0.00751109,0.123742834
2023-09-26,3,Diatoms,0.0006790219,0.10833924
2023-09-27,3,Diatoms,0.00043560928,0.09872522
2023-09-28,3,Diatoms,0.00037298488,0.08715324
2023-09-29,3,Diatoms,0.0003104153,0.0988387
2023-09-30,3,Diatoms,0.00024779874,0.09861063
2023-10-01,3,Diatoms,0.00018518609,0.090708286
2023-10-02,3,Diatoms,0.0006172982,0.074664526
2023-10-03,3,Diatoms,9.26222e-05,0.088582166
2023-10-04,3,Diatoms,7.3500174e-05,0.1128715
2023-10-05,3,Diatoms,0.0038750195,0.090175286
2023-10-06,3,Diatoms,0.0032905224,0.099263184
2023-10-07,3,Diatoms,0.03362907,0.098825686
2023-10-08,3,Diatoms,0.004810269,0.07639764
2023-10-09,3,Diatoms,0.09438458,0.06071702
2023-10-10,3,Diatoms,0.07221674,0.069655135
2023-10-11,3,Diatoms,0.26860738,0.076503836
2023-10-12,3,Diatoms,0.20792258,0.124188304
2023-10-13,3,Diatoms,0.324627,0.19106995
2023-10-14,3,Diatoms,0.7646221,0.29305518
2023-10-15,3,Diatoms,1.1357886,0.3476829
2023-10-16,3,Diatoms,0.80728596,0.46423894
2023-10-17,3,Diatoms,0.6686876,0.67104584
2023-10-18,3,Diatoms,0.8290776,0.7629871
2023-10-19,3,Diatoms,0.831133,0.68519497
2023-10-20,3,Diatoms,0.9008971,0.60625875
2023-10-21,3,Diatoms,0.52625555,0.6624199
2023-10-22,3,Diatoms,0.4897043,0.619238
2023-10-23,3,Diatoms,0.39428222,0.6649277
2023-10-24,3,Diatoms,0.4919137,0.5446046
2023-10-25,3,Diatoms,1.2589972,0.5264569
2023-10-26,3,Diatoms,1.105689,0.5093357
2023-10-27,3,Diatoms,1.0713496,0.56750506
2023-10-28,3,Diatoms,0.5257695,0.7367722
2023-10-29,3,Diatoms,0.43992317,0.7180772
2023-10-30,3,Diatoms,0.5266566,0.69363093
2023-10-31,3,Diatoms,0.6161855,0.55234677
2023-11-01,3,Diatoms,0.81251514,0.50096583
2023-11-02,3,Diatoms,0.6718127,0.5093655
2023-11-03,3,Diatoms,0.5765434,0.50124294
2023-11-04,3,Diatoms,0.22319983,0.53217137
2023-11-05,3,Diatoms,0.42413625,0.48995396
2023-11-06,3,Diatoms,0.2567922,0.49401334
2023-11-07,3,Diatoms,0.2520239,0.35272107
2023-11-08,3,Diatoms,0.00043097974,0.39624763
2023-11-09,3,Diatoms,0.10984439,0.37121415
2023-11-10,3,Diatoms,0.5124347,0.3395531
2023-11-11,3,Diatoms,0.33647197,0.2286303
2023-11-12,3,Diatoms,0.66706467,0.25485218
2023-11-13,3,Diatoms,0.15867805,0.35525477
2023-11-14,3,Diatoms,0.10581617,0.3246344
2023-11-15,3,Diatoms,0.052954283,0.4384521
2023-11-16,3,Diatoms,9.241877e-05,0.3176744
2023-11-17,3,Diatoms,0.009337859,0.31538388
2023-11-18,3,Diatoms,0.19977601,0.28740713
2023-11-19,3,Diatoms,0.12343549,0.24165402
2023-11-20,3,Diatoms,0.3071771,0.23150016
2023-11-21,3,Diatoms,0.13698463,0.32105237
2023-11-22,3,Diatoms,0.2949094,0.29257658
2023-11-23,3,Diatoms,1.0000529,0.3671214
2023-11-24,3,Diatoms,0.5650807,0.2958415
2023-11-25,3,Diatoms,0.28637102,0.32172173
2023-11-26,3,Diatoms,0.13317768,0.56225157
2023-11-27,3,Diatoms,0.15024103,0.4878417
2023-11-28,3,Diatoms,0.118733004,0.434126
2023-11-29,3,Diatoms,0.313295,0.4112576
2023-11-30,3,Diatoms,1.2121061,0.42792383
2023-12-01,3,Diatoms,0.71811897,0.45088753
2023-12-02,3,Diatoms,0.42667028,0.45184457
2023-12-03,3,Diatoms,0.36823797,0.6585224
2023-12-04,3,Diatoms,0.28726888,0.464973
2023-12-05,3,Diatoms,0.40296897,0.35169327
2023-12-06,3,Diatoms,0.48180538,0.3223389
2023-12-07,3,Diatoms,0.4798209,0.28018805
2023-12-08,3,Diatoms,0.22574307,0.38940606
2023-12-09,3,Diatoms,0.6053398,0.46653056
2023-12-10,3,Diatoms,0.51656085,0.47686663
2023-12-11,3,Diatoms,1.0550815,0.47535592
2023-12-12,3,Diatoms,1.6915069,0.6796875
2023-12-13,3,Diatoms,1.3574413,0.62781626
2023-12-14,3,Diatoms,0.80911356,0.77308017
2023-12-15,3,Diatoms,0.470075,0.84045565
2023-12-16,3,Diatoms,0.33258235,0.75459784
2023-12-17,3,Diatoms,0.0006089024,0.604258
2023-12-18,3,Diatoms,0.014664732,0.50078857
2023-12-19,3,Diatoms,0.17325234,0.36647922
2023-12-20,3,Diatoms,0.022111505,0.17873521
2023-12-21,3,Diatoms,0.01028164,0.1313524
2023-12-22,3,Diatoms,0.19714954,0.19127028
2023-12-23,3,Diatoms,0.18888706,0.15260814
2023-12-24,3,Diatoms,0.17901944,0.1542369
2023-12-25,3,Diatoms,0.24054842,0.24553491
2023-12-26,3,Diatoms,0.7410379,0.28198817
2023-12-27,3,Diatoms,1.1543852,0.32518303
2023-12-28,3,Diatoms,0.3860073,0.3884565
2023-12-29,3,Diatoms,0.17713276,0.62275696
