date,horizon,target,true_value,pred_value
2020-10-28,1,Cryptophyta,2.931903,1.2425792
2020-10-29,1,Cryptophyta,4.774588,2.0882893
2020-10-30,1,Cryptophyta,6.4135556,3.0340407
2020-10-31,1,Cryptophyta,2.063502,3.66192
2020-11-01,1,Cryptophyta,2.9815042,1.6935797
2020-11-02,1,Cryptophyta,2.4898262,1.8911467
2020-11-03,1,Cryptophyta,1.4050977,1.3754613
2020-11-04,1,Cryptophyta,1.058533,0.84396505
2020-11-05,1,Cryptophyta,0.4326792,0.74962837
2020-11-06,1,Cryptophyta,2.0832295,0.442096
2020-11-07,1,Cryptophyta,4.693758,1.4780867
2020-11-08,1,Cryptophyta,1.0451305,2.7315075
2020-11-09,1,Cryptophyta,0.93248004,1.1399996
2020-11-10,1,Cryptophyta,0.7796366,1.0210657
2020-11-11,1,Cryptophyta,0.9081858,0.84620976
2020-11-12,1,Cryptophyta,0.9168905,0.9716454
2020-11-13,1,Cryptophyta,1.4211985,1.0504119
2020-11-14,1,Cryptophyta,2.0446377,1.4246976
2020-11-15,1,Cryptophyta,1.2189211,1.7922404
2020-11-16,1,Cryptophyta,2.869199,1.6636579
2020-11-17,1,Cryptophyta,2.9393878,3.1392362
2020-11-18,1,Cryptophyta,2.1355057,2.7725708
2020-11-19,1,Cryptophyta,5.508126,2.5026085
2020-11-20,1,Cryptophyta,2.4160047,2.9796767
2020-11-21,1,Cryptophyta,3.1686294,2.0687087
2020-11-22,1,Cryptophyta,2.8650892,2.270179
2020-11-23,1,Cryptophyta,1.2395797,2.1977007
2020-11-24,1,Cryptophyta,1.531438,1.3571138
2020-11-25,1,Cryptophyta,1.414658,1.2364489
2020-11-26,1,Cryptophyta,4.4915557,1.0865306
2020-11-27,1,Cryptophyta,1.921042,2.9740095
2020-11-28,1,Cryptophyta,1.37678,1.5817803
2020-11-29,1,Cryptophyta,1.6549928,1.3968564
2020-11-30,1,Cryptophyta,0.13129526,1.2192138
2020-12-01,1,Cryptophyta,0.28309917,0.24475211
2020-12-02,1,Cryptophyta,0.8165774,0.31643793
2020-12-03,1,Cryptophyta,0.39298117,0.6657087
2020-12-04,1,Cryptophyta,0.7697974,0.3602214
2020-12-05,1,Cryptophyta,0.27719247,0.61864394
2020-12-06,1,Cryptophyta,0.2930608,0.33292928
2020-12-07,1,Cryptophyta,0.45009413,0.41591412
2020-12-08,1,Cryptophyta,0.70262855,0.62778753
2020-12-09,1,Cryptophyta,1.2964157,0.80014294
2020-12-10,1,Cryptophyta,0.8849384,1.504851
2020-12-11,1,Cryptophyta,0.4182911,1.3428364
2020-12-12,1,Cryptophyta,1.2485663,0.8336745
2020-12-13,1,Cryptophyta,4.7039027,1.8096033
2020-12-14,1,Cryptophyta,0.6753835,3.8702044
2020-12-15,1,Cryptophyta,0.16052096,0.9122917
2020-12-16,1,Cryptophyta,0.20374095,0.47223806
2020-12-17,1,Cryptophyta,0.33086172,0.391086
2020-12-18,1,Cryptophyta,0.36293116,0.45942333
2020-12-19,1,Cryptophyta,0.6879812,0.47857133
2020-12-20,1,Cryptophyta,1.0289001,0.8096897
2020-12-21,1,Cryptophyta,1.52769,1.2222198
2020-12-22,1,Cryptophyta,1.4272194,1.6664468
2020-12-23,1,Cryptophyta,3.3130145,1.7444541
2020-12-24,1,Cryptophyta,2.4671543,2.948557
2020-12-25,1,Cryptophyta,1.2202317,2.2727947
2020-12-26,1,Cryptophyta,1.075974,1.6086851
2020-12-27,1,Cryptophyta,1.2043954,1.5697619
2020-12-28,1,Cryptophyta,5.7440696,1.7700257
2020-12-29,1,Cryptophyta,5.131,4.3066483
2020-12-30,1,Cryptophyta,4.5179305,3.8842635
2020-12-31,1,Cryptophyta,5.8423734,3.4310973
2021-01-01,1,Cryptophyta,2.6449928,2.666836
2021-01-02,1,Cryptophyta,1.2774583,1.5067229
2021-01-03,1,Cryptophyta,1.0863966,0.80196315
2021-01-04,1,Cryptophyta,1.0671253,0.7794259
2021-01-05,1,Cryptophyta,0.94905144,0.8262641
2021-01-06,1,Cryptophyta,1.8335047,0.81437564
2021-01-07,1,Cryptophyta,3.0565534,1.6802135
2021-01-08,1,Cryptophyta,1.30677,2.4649048
2021-01-09,1,Cryptophyta,0.993589,1.4361854
2021-01-10,1,Cryptophyta,0.8233068,1.5618721
2021-01-11,1,Cryptophyta,1.050239,1.2704309
2021-01-12,1,Cryptophyta,2.0137553,1.4954005
2021-01-13,1,Cryptophyta,2.547916,2.178929
2021-01-14,1,Cryptophyta,2.8340523,2.426082
2021-01-15,1,Cryptophyta,2.6274946,2.8363588
2021-01-16,1,Cryptophyta,3.0504706,2.7525492
2021-01-17,1,Cryptophyta,3.0277352,3.1467679
2021-01-18,1,Cryptophyta,2.7913675,2.8547308
2021-01-19,1,Cryptophyta,2.3570838,2.9049559
2021-01-20,1,Cryptophyta,3.5750723,2.5684748
2021-01-21,1,Cryptophyta,4.109334,3.866875
2021-01-22,1,Cryptophyta,3.7022157,3.8378081
2021-01-23,1,Cryptophyta,4.783394,4.11476
2021-01-24,1,Cryptophyta,2.2128148,4.4815555
2021-01-25,1,Cryptophyta,3.627907,3.0919533
2021-01-26,1,Cryptophyta,3.7955356,3.8300102
2021-01-27,1,Cryptophyta,5.924356,4.135907
2021-01-28,1,Cryptophyta,3.6009696,3.8816636
2021-01-29,1,Cryptophyta,4.706469,3.5648546
2021-01-30,1,Cryptophyta,5.1016426,3.6103864
2021-01-31,1,Cryptophyta,3.963237,4.116537
2021-02-01,1,Cryptophyta,3.4826646,3.877137
2021-02-02,1,Cryptophyta,3.2203693,3.4494228
2021-02-03,1,Cryptophyta,2.5164735,3.5396357
2021-02-04,1,Cryptophyta,3.3825343,2.760548
2021-02-05,1,Cryptophyta,3.3017147,3.4299529
2021-02-06,1,Cryptophyta,2.9269514,3.2795117
2021-02-07,1,Cryptophyta,2.3131208,3.1870565
2021-02-08,1,Cryptophyta,1.9849964,2.6622176
2021-02-09,1,Cryptophyta,3.425029,2.5777307
2021-02-10,1,Cryptophyta,5.069283,3.219493
2021-02-11,1,Cryptophyta,3.250572,3.6487668
2021-02-12,1,Cryptophyta,2.8851557,3.0325484
2021-02-13,1,Cryptophyta,6.569689,3.0584762
2021-02-14,1,Cryptophyta,5.033589,5.24502
2021-02-15,1,Cryptophyta,3.6312373,4.1235523
2021-02-16,1,Cryptophyta,4.1591535,3.238295
2021-02-17,1,Cryptophyta,3.4927206,4.2621512
2021-02-18,1,Cryptophyta,2.1676483,2.4106355
2021-02-19,1,Cryptophyta,2.7191303,2.1693146
2021-02-20,1,Cryptophyta,2.3670385,2.3892293
2021-02-21,1,Cryptophyta,2.7633286,1.9779782
2021-02-22,1,Cryptophyta,2.4508183,2.5266695
2021-02-23,1,Cryptophyta,2.3480086,2.2924988
2021-02-24,1,Cryptophyta,1.872853,2.3711686
2021-02-25,1,Cryptophyta,3.0860362,2.0963547
2021-02-26,1,Cryptophyta,3.569427,2.942511
2021-02-27,1,Cryptophyta,3.2749453,2.9843695
2021-02-28,1,Cryptophyta,2.9949775,2.9813275
2021-03-01,1,Cryptophyta,1.9386367,2.7376742
2021-03-02,1,Cryptophyta,2.0704148,1.942964
2021-03-03,1,Cryptophyta,3.985123,2.205576
2021-03-04,1,Cryptophyta,2.5256224,3.7060225
2021-03-05,1,Cryptophyta,0.966932,1.968118
2021-03-06,1,Cryptophyta,0.52926195,0.9970625
2021-03-07,1,Cryptophyta,0.5995007,0.65509707
2021-03-08,1,Cryptophyta,0.46934107,0.68875283
2021-03-09,1,Cryptophyta,0.53188133,0.8258497
2021-03-10,1,Cryptophyta,0.67051375,1.0550467
2021-03-11,1,Cryptophyta,1.7803546,1.483952
2021-03-12,1,Cryptophyta,2.5919247,2.9044976
2021-03-13,1,Cryptophyta,6.490051,3.548098
2021-03-14,1,Cryptophyta,3.7538712,5.120631
2021-03-15,1,Cryptophyta,3.1785095,3.2295747
2021-03-16,1,Cryptophyta,2.4393127,2.6946206
2021-03-17,1,Cryptophyta,1.4057163,1.9178324
2021-03-18,1,Cryptophyta,1.2176338,1.0211692
2021-03-19,1,Cryptophyta,0.5862518,0.86684
2021-03-20,1,Cryptophyta,0.23516648,0.4546928
2021-03-21,1,Cryptophyta,0.024312591,0.26347667
2021-03-22,1,Cryptophyta,0.20230821,0.052052237
2021-03-23,1,Cryptophyta,0.41667634,0.105085105
2021-03-24,1,Cryptophyta,0.2692962,0.29159284
2021-03-25,1,Cryptophyta,0.32939044,0.24853154
2021-03-26,1,Cryptophyta,0.32711288,0.44323948
2021-03-27,1,Cryptophyta,0.45832005,0.69974893
2021-03-28,1,Cryptophyta,0.7455974,1.1881615
2021-03-29,1,Cryptophyta,2.5559523,1.8943471
2021-03-30,1,Cryptophyta,3.8826284,3.5735753
2021-03-31,1,Cryptophyta,3.3377802,3.5937018
2021-04-01,1,Cryptophyta,1.2241564,2.5224419
2021-04-02,1,Cryptophyta,0.2549022,1.2224243
2021-04-03,1,Cryptophyta,0.23659663,0.40880078
2021-04-04,1,Cryptophyta,0.053678524,0.53953296
2021-04-05,1,Cryptophyta,0.013581768,0.19616556
2021-04-06,1,Cryptophyta,0.05430536,0.14356571
2021-04-07,1,Cryptophyta,0.032896426,0.22614199
2021-04-08,1,Cryptophyta,0.05452243,0.29935405
2021-04-09,1,Cryptophyta,0.111700416,0.34115663
2021-04-10,1,Cryptophyta,0.36037627,0.50696325
2021-04-11,1,Cryptophyta,0.9309045,0.93595874
2021-04-12,1,Cryptophyta,4.4353657,1.5577615
2021-04-13,1,Cryptophyta,4.5296745,3.3769884
2021-04-14,1,Cryptophyta,4.7901015,3.574329
2021-04-15,1,Cryptophyta,4.097689,3.8286023
2021-04-16,1,Cryptophyta,3.4052775,2.8214843
2021-04-17,1,Cryptophyta,6.085865,2.312178
2021-04-18,1,Cryptophyta,0.7100869,3.2631114
2021-04-19,1,Cryptophyta,0.6453512,1.1079254
2021-04-20,1,Cryptophyta,0.84328747,1.0368335
2021-04-21,1,Cryptophyta,1.7741998,1.0319793
2021-04-22,1,Cryptophyta,3.597625,1.6996391
2021-04-23,1,Cryptophyta,2.9359233,2.5949438
2021-04-24,1,Cryptophyta,3.833693,2.4573839
2021-04-25,1,Cryptophyta,4.4633455,2.6258116
2021-04-26,1,Cryptophyta,1.0418307,2.77147
2021-04-27,1,Cryptophyta,0.21408828,0.7738715
2021-04-28,1,Cryptophyta,0.014493498,0.3637332
2021-04-29,1,Cryptophyta,0.039790172,0.2419231
2021-04-30,1,Cryptophyta,0.28643999,0.3456568
2021-05-01,1,Cryptophyta,2.2824168,0.4495178
2021-05-02,1,Cryptophyta,2.6909986,1.7572316
2021-05-03,1,Cryptophyta,2.769449,2.0412989
2021-05-04,1,Cryptophyta,0.42055428,2.3819597
2021-05-05,1,Cryptophyta,1.0409683,0.923862
2021-05-06,1,Cryptophyta,2.7422197,1.1114277
2021-05-07,1,Cryptophyta,2.4887962,1.8638024
2021-05-08,1,Cryptophyta,4.2748013,1.7817124
2021-05-09,1,Cryptophyta,6.8061724,2.9324589
2021-05-10,1,Cryptophyta,4.8118887,3.7696164
2021-05-11,1,Cryptophyta,6.5926557,2.9561338
2021-05-12,1,Cryptophyta,6.2209406,3.1894042
2021-05-13,1,Cryptophyta,5.8229237,2.7618423
2021-05-14,1,Cryptophyta,1.5781838,3.0573483
2021-05-15,1,Cryptophyta,1.0210347,1.2754855
2021-05-16,1,Cryptophyta,0.43799567,0.8021416
2021-05-17,1,Cryptophyta,0.6316715,0.5187785
2021-05-18,1,Cryptophyta,0.9674602,0.7787292
2021-05-19,1,Cryptophyta,0.525887,1.1126815
2021-05-20,1,Cryptophyta,1.4451882,0.6782189
2021-05-21,1,Cryptophyta,1.1084154,1.1891823
2021-05-22,1,Cryptophyta,1.0994352,0.97604245
2021-05-23,1,Cryptophyta,0.3843736,1.1867392
2021-05-24,1,Cryptophyta,1.8047323,0.74436563
2021-05-25,1,Cryptophyta,0.6530318,1.6104623
2021-05-26,1,Cryptophyta,0.57416064,0.87086475
2021-05-27,1,Cryptophyta,2.3588858,0.94669
2021-05-28,1,Cryptophyta,3.7486877,1.6271789
2021-05-29,1,Cryptophyta,0.98348767,1.568405
2021-05-30,1,Cryptophyta,0.11463098,0.7758034
2021-05-31,1,Cryptophyta,0.027501792,0.15475766
2021-06-01,1,Cryptophyta,0.009999991,-0.004981415
2021-06-02,1,Cryptophyta,0.009999991,-0.07084215
2021-06-03,1,Cryptophyta,0.009999991,-0.07822876
2021-06-04,1,Cryptophyta,0.011448221,-0.07743978
2021-06-05,1,Cryptophyta,0.009999991,-0.062306937
2021-06-06,1,Cryptophyta,0.22102822,-0.016914
2021-06-07,1,Cryptophyta,1.2524167,0.23602186
2021-06-08,1,Cryptophyta,2.9655645,0.899383
2021-06-09,1,Cryptophyta,0.59876263,1.789255
2021-06-10,1,Cryptophyta,0.90918237,1.235804
2021-06-11,1,Cryptophyta,1.1005427,1.9594926
2021-06-12,1,Cryptophyta,2.717328,2.3689432
2021-06-13,1,Cryptophyta,6.692701,3.7149684
2021-06-14,1,Cryptophyta,3.8272846,4.9267344
2021-06-15,1,Cryptophyta,5.550228,4.758757
2021-06-16,1,Cryptophyta,7.2731714,4.7540245
2021-06-17,1,Cryptophyta,3.9749167,3.3586285
2021-06-18,1,Cryptophyta,1.4805058,1.6468589
2021-06-19,1,Cryptophyta,0.7167053,0.5512372
2021-06-20,1,Cryptophyta,1.0034058,0.3837364
2021-06-21,1,Cryptophyta,0.36990592,0.5488165
2021-06-22,1,Cryptophyta,0.63429683,0.24522907
2021-06-23,1,Cryptophyta,0.8823589,0.38594046
2021-06-24,1,Cryptophyta,0.4316136,0.48286673
2021-06-25,1,Cryptophyta,1.4246527,0.51651347
2021-06-26,1,Cryptophyta,0.8443198,1.4572669
2021-06-27,1,Cryptophyta,5.683697,1.2615362
2021-06-28,1,Cryptophyta,5.1820374,3.4396236
2021-06-29,1,Cryptophyta,4.680376,3.845679
2021-06-30,1,Cryptophyta,2.233973,3.6968646
2021-07-01,1,Cryptophyta,2.7452605,2.8258908
2021-07-02,1,Cryptophyta,3.114732,3.0667596
2021-07-03,1,Cryptophyta,4.5960784,2.4203396
2021-07-04,1,Cryptophyta,1.1919392,2.5027752
2021-07-05,1,Cryptophyta,2.188618,1.0195129
2021-07-06,1,Cryptophyta,0.89488775,1.3333955
2021-07-07,1,Cryptophyta,1.1724837,0.8502911
2021-07-08,1,Cryptophyta,2.041239,0.68039227
2021-07-09,1,Cryptophyta,0.09234785,1.1664335
2021-07-10,1,Cryptophyta,0.11277334,0.2269677
2021-07-11,1,Cryptophyta,0.11111517,0.33941844
2021-07-12,1,Cryptophyta,0.19445011,0.4135403
2021-07-13,1,Cryptophyta,0.14789437,0.6033077
2021-07-14,1,Cryptophyta,2.0088196,0.5851432
2021-07-15,1,Cryptophyta,3.3283792,1.9348716
2021-07-16,1,Cryptophyta,2.9782705,2.1336408
2021-07-17,1,Cryptophyta,3.991751,2.8974762
2021-07-18,1,Cryptophyta,2.4407308,2.7178626
2021-07-19,1,Cryptophyta,1.8509196,1.8194697
2021-07-20,1,Cryptophyta,0.30619845,1.0695262
2021-07-21,1,Cryptophyta,0.5183273,0.29174006
2021-07-22,1,Cryptophyta,0.29636496,0.48497948
2021-07-23,1,Cryptophyta,2.2086678,0.3468658
2021-07-24,1,Cryptophyta,2.187364,1.9511783
2021-07-25,1,Cryptophyta,2.1352136,1.700693
2021-07-26,1,Cryptophyta,1.2728292,1.7847259
2021-07-27,1,Cryptophyta,0.7636324,0.85715234
2021-07-28,1,Cryptophyta,0.08968883,0.3063366
2021-07-29,1,Cryptophyta,0.35649782,0.08561853
2021-07-30,1,Cryptophyta,0.28621292,0.45492083
2021-07-31,1,Cryptophyta,0.8985962,0.58291674
2021-08-01,1,Cryptophyta,1.3469175,1.0071448
2021-08-02,1,Cryptophyta,1.7300363,0.87041706
2021-08-03,1,Cryptophyta,0.32100654,0.7945537
2021-08-04,1,Cryptophyta,0.14803037,0.22390309
2021-08-05,1,Cryptophyta,0.009999991,0.035248883
2021-08-06,1,Cryptophyta,0.009999991,-0.13862173
2021-08-07,1,Cryptophyta,0.009999991,-0.1533546
2021-08-08,1,Cryptophyta,0.009999991,-0.14780328
2021-08-09,1,Cryptophyta,0.23199858,-0.103074275
2021-08-10,1,Cryptophyta,0.034522396,0.1497662
2021-08-11,1,Cryptophyta,0.045955125,0.19653216
2021-08-12,1,Cryptophyta,0.33081767,0.54847205
2021-08-13,1,Cryptophyta,0.2818487,1.3842144
2021-08-14,1,Cryptophyta,3.3812597,1.4011177
2021-08-15,1,Cryptophyta,4.7306323,3.5648863
2021-08-16,1,Cryptophyta,1.2108259,3.2529714
2021-08-17,1,Cryptophyta,0.8421241,2.0939715
2021-08-18,1,Cryptophyta,3.8678281,1.3465834
2021-08-19,1,Cryptophyta,6.1408067,2.534153
2021-08-20,1,Cryptophyta,4.1655927,3.1170027
2021-08-21,1,Cryptophyta,1.9573146,3.336566
2021-08-22,1,Cryptophyta,6.7205424,2.6151927
2021-08-23,1,Cryptophyta,6.412621,3.7142112
2021-08-24,1,Cryptophyta,4.911873,4.225764
2021-08-25,1,Cryptophyta,5.530123,3.6243496
2021-08-26,1,Cryptophyta,4.9580812,3.3887072
2021-08-27,1,Cryptophyta,3.6376522,2.3840067
2021-08-28,1,Cryptophyta,2.0945258,1.6169995
2021-08-29,1,Cryptophyta,1.1689283,1.0281986
2021-08-30,1,Cryptophyta,0.895105,0.4312417
2021-08-31,1,Cryptophyta,0.98863244,0.4722171
2021-09-01,1,Cryptophyta,0.47985527,0.39950258
2021-09-02,1,Cryptophyta,0.16972502,0.40901655
2021-09-03,1,Cryptophyta,0.16249637,0.15910812
2021-09-04,1,Cryptophyta,0.40104917,0.10309561
2021-09-05,1,Cryptophyta,0.5010926,0.47597685
2021-09-06,1,Cryptophyta,0.21408828,0.54059875
2021-09-07,1,Cryptophyta,0.09729903,0.24165963
2021-09-08,1,Cryptophyta,0.18883504,0.23634647
2021-09-09,1,Cryptophyta,0.8836324,0.40677574
2021-09-10,1,Cryptophyta,0.94916064,0.9621022
2021-09-11,1,Cryptophyta,2.8891752,0.872165
2021-09-12,1,Cryptophyta,3.9723084,1.7999654
2021-09-13,1,Cryptophyta,1.3835337,1.6142129
2021-09-14,1,Cryptophyta,0.8942071,0.8488591
2021-09-15,1,Cryptophyta,0.11826209,0.34940085
2021-09-16,1,Cryptophyta,0.03495292,0.07024298
2021-09-17,1,Cryptophyta,0.021180328,-0.039596707
2021-09-18,1,Cryptophyta,0.014590886,-0.04263836
2021-09-19,1,Cryptophyta,0.027762465,0.019199915
2021-09-20,1,Cryptophyta,0.014923933,0.17133085
2021-09-21,1,Cryptophyta,0.013330923,0.41244274
2021-09-22,1,Cryptophyta,0.02899346,0.086339
2021-09-23,1,Cryptophyta,0.031630408,0.17251654
2021-09-24,1,Cryptophyta,0.016531473,0.088923365
2021-09-25,1,Cryptophyta,0.025249824,0.03667804
2021-09-26,1,Cryptophyta,0.020209959,0.017204968
2021-09-27,1,Cryptophyta,0.016162232,0.0014152701
2021-09-28,1,Cryptophyta,0.012722697,-0.03341272
2021-09-29,1,Cryptophyta,0.014996384,0.04057264
2021-09-30,1,Cryptophyta,0.027639415,0.0020106197
2021-10-01,1,Cryptophyta,0.0215858,0.012109407
2021-10-02,1,Cryptophyta,0.009999991,-0.060023777
2021-10-03,1,Cryptophyta,0.04314291,-0.03709452
2021-10-04,1,Cryptophyta,0.06171007,0.054041613
2021-10-05,1,Cryptophyta,0.08027723,0.068896115
2021-10-06,1,Cryptophyta,0.09884436,0.13165796
2021-10-07,1,Cryptophyta,0.11741151,0.051240325
2021-10-08,1,Cryptophyta,0.13597873,0.055790137
2021-10-09,1,Cryptophyta,0.15454592,0.06415879
2021-10-10,1,Cryptophyta,0.17311302,0.07754695
2021-10-11,1,Cryptophyta,0.19168025,0.17386878
2021-10-12,1,Cryptophyta,0.08330738,0.06340111
2021-10-13,1,Cryptophyta,0.20564081,0.129603
2021-10-14,1,Cryptophyta,0.45210716,0.23831019
2021-10-15,1,Cryptophyta,1.9633454,0.27192882
2021-10-16,1,Cryptophyta,2.402042,1.1933477
2021-10-17,1,Cryptophyta,0.18239857,0.67877877
2021-10-18,1,Cryptophyta,0.14306079,-0.007752167
2021-10-19,1,Cryptophyta,0.1371925,0.10481641
2021-10-20,1,Cryptophyta,0.10953692,0.1955235
2021-10-21,1,Cryptophyta,0.33654124,0.093670085
2021-10-22,1,Cryptophyta,0.09678729,0.30296993
2021-10-23,1,Cryptophyta,0.12801735,0.18586585
2021-10-24,1,Cryptophyta,0.15230823,0.3288766
2021-10-25,1,Cryptophyta,0.3744026,0.5348607
2021-10-26,1,Cryptophyta,0.5011505,0.5772209
2021-10-27,1,Cryptophyta,2.2271852,0.858646
2021-10-28,1,Cryptophyta,5.092771,2.5634086
2021-10-29,1,Cryptophyta,4.4250436,3.448766
2021-10-30,1,Cryptophyta,1.6537554,2.8309426
2021-10-31,1,Cryptophyta,1.1526773,1.2991867
2021-11-01,1,Cryptophyta,0.999602,1.1695455
2021-11-02,1,Cryptophyta,2.287547,0.97224414
2021-11-03,1,Cryptophyta,3.3543994,1.8141044
2021-11-04,1,Cryptophyta,1.814754,2.0617757
2021-11-05,1,Cryptophyta,0.28529662,1.2738322
2021-11-06,1,Cryptophyta,0.8264255,0.37416685
2021-11-07,1,Cryptophyta,1.651774,1.0033844
2021-11-08,1,Cryptophyta,0.8663386,1.6149732
2021-11-09,1,Cryptophyta,0.98232996,1.0164187
2021-11-10,1,Cryptophyta,1.3961767,1.0637854
2021-11-11,1,Cryptophyta,0.55808246,1.304277
2021-11-12,1,Cryptophyta,0.2808545,0.6054241
2021-11-13,1,Cryptophyta,0.22812591,0.44578463
2021-11-14,1,Cryptophyta,0.060130253,0.48606208
2021-11-15,1,Cryptophyta,0.064438835,0.27745
2021-11-16,1,Cryptophyta,0.12549599,0.28624153
2021-11-17,1,Cryptophyta,0.12162303,0.36340764
2021-11-18,1,Cryptophyta,0.13411672,0.39649814
2021-11-19,1,Cryptophyta,0.038276628,0.39466694
2021-11-20,1,Cryptophyta,0.037277333,0.26754618
2021-11-21,1,Cryptophyta,0.14311372,0.33608764
2021-11-22,1,Cryptophyta,0.31098408,0.5498602
2021-11-23,1,Cryptophyta,0.028777102,0.57700634
2021-11-24,1,Cryptophyta,0.11981185,0.16782022
2021-11-25,1,Cryptophyta,0.089210704,0.26838887
2021-11-26,1,Cryptophyta,0.026425505,0.22338605
2021-11-27,1,Cryptophyta,0.080904454,0.16821112
2021-11-28,1,Cryptophyta,0.079240225,0.22666803
2021-11-29,1,Cryptophyta,0.13870382,0.25031015
2021-11-30,1,Cryptophyta,0.70564806,0.3717557
2021-12-01,1,Cryptophyta,0.46112964,0.79772586
2021-12-02,1,Cryptophyta,0.56976104,0.40730473
2021-12-03,1,Cryptophyta,0.44613323,0.42719936
2021-12-04,1,Cryptophyta,0.114030406,0.4045202
2021-12-05,1,Cryptophyta,0.13754705,0.25200766
2021-12-06,1,Cryptophyta,0.13356574,0.28579774
2021-12-07,1,Cryptophyta,0.13945727,0.27945155
2021-12-08,1,Cryptophyta,0.18000004,0.2754934
2021-12-09,1,Cryptophyta,0.22572987,0.31164956
2021-12-10,1,Cryptophyta,0.1674964,0.38799408
2021-12-11,1,Cryptophyta,0.536042,0.28685018
2021-12-12,1,Cryptophyta,0.33448946,0.68332344
2021-12-13,1,Cryptophyta,0.8888133,0.38766956
2021-12-14,1,Cryptophyta,1.109754,0.860621
2021-12-15,1,Cryptophyta,1.157719,1.0727897
2021-12-16,1,Cryptophyta,0.9222013,1.1173747
2021-12-17,1,Cryptophyta,0.2394569,0.9587222
2021-12-18,1,Cryptophyta,0.17299783,0.38811922
2021-12-19,1,Cryptophyta,0.19939901,0.32456008
2021-12-20,1,Cryptophyta,0.0508104,0.36436534
2021-12-21,1,Cryptophyta,0.012547057,0.17897016
2021-12-22,1,Cryptophyta,1.1247612,0.20481841
2021-12-23,1,Cryptophyta,3.3235745,0.8932033
2021-12-24,1,Cryptophyta,5.3787045,1.7210103
2021-12-25,1,Cryptophyta,1.9026159,2.2297173
2021-12-26,1,Cryptophyta,1.5518523,1.1671515
2021-12-27,1,Cryptophyta,1.4961421,0.97398627
2021-12-28,1,Cryptophyta,2.0434694,0.9432376
2021-12-29,1,Cryptophyta,1.3157945,1.3299528
2021-12-30,1,Cryptophyta,1.7633647,0.96522593
2021-12-31,1,Cryptophyta,0.99547976,1.4528126
2022-01-01,1,Cryptophyta,0.90334296,1.0032841
2022-01-02,1,Cryptophyta,0.460246,1.0544618
2022-01-03,1,Cryptophyta,0.49183202,0.66141605
2022-01-04,1,Cryptophyta,0.8021434,0.7729877
2022-01-05,1,Cryptophyta,2.411108,1.0636383
2022-01-06,1,Cryptophyta,1.9298986,2.3528702
2022-01-07,1,Cryptophyta,1.4486893,1.7654048
2022-01-08,1,Cryptophyta,2.254236,1.24317
2022-01-09,1,Cryptophyta,1.9260247,1.6038473
2022-01-10,1,Cryptophyta,3.8141894,1.365737
2022-01-11,1,Cryptophyta,3.3248262,2.0413773
2022-01-12,1,Cryptophyta,1.8018959,1.6887152
2022-01-13,1,Cryptophyta,0.6656151,1.072117
2022-01-14,1,Cryptophyta,0.16721943,0.4913602
2022-01-15,1,Cryptophyta,0.40709117,0.12855168
2022-01-16,1,Cryptophyta,0.41276413,0.34495053
2022-01-17,1,Cryptophyta,0.12125267,0.33951044
2022-01-18,1,Cryptophyta,0.50808835,0.13931942
2022-01-19,1,Cryptophyta,0.29482982,0.5393643
2022-01-20,1,Cryptophyta,0.28364226,0.4669607
2022-01-21,1,Cryptophyta,0.73514116,0.62598073
2022-01-22,1,Cryptophyta,0.8555467,1.1869968
2022-01-23,1,Cryptophyta,6.0838957,1.3557155
2022-01-24,1,Cryptophyta,2.5067077,3.6482122
2022-01-25,1,Cryptophyta,3.2794752,3.3532915
2022-01-26,1,Cryptophyta,4.0522428,4.5169578
2022-01-27,1,Cryptophyta,7.7161593,4.618201
2022-01-28,1,Cryptophyta,6.604,5.0602107
2022-01-29,1,Cryptophyta,6.2652764,4.3676753
2022-01-30,1,Cryptophyta,4.679468,3.5835137
2022-01-31,1,Cryptophyta,2.0781941,2.804281
2022-02-01,1,Cryptophyta,1.1183823,1.585379
2022-02-02,1,Cryptophyta,2.0167906,0.9195655
2022-02-03,1,Cryptophyta,1.0336812,1.2214365
2022-02-04,1,Cryptophyta,1.8221382,0.565145
2022-02-05,1,Cryptophyta,2.1748297,1.0426395
2022-02-06,1,Cryptophyta,0.7498538,1.2167078
2022-02-07,1,Cryptophyta,1.6242288,0.6779556
2022-02-08,1,Cryptophyta,2.812573,1.2629128
2022-02-09,1,Cryptophyta,2.1546009,1.710949
2022-02-10,1,Cryptophyta,2.7654421,1.7303224
2022-02-11,1,Cryptophyta,1.6416949,2.1869426
2022-02-12,1,Cryptophyta,3.2547395,1.9731312
2022-02-13,1,Cryptophyta,4.4726844,2.9230447
2022-02-14,1,Cryptophyta,3.2693677,3.211507
2022-02-15,1,Cryptophyta,3.0681496,3.103934
2022-02-16,1,Cryptophyta,3.5129151,3.0593534
2022-02-17,1,Cryptophyta,6.3626266,3.3357954
2022-02-18,1,Cryptophyta,5.7419825,4.2217655
2022-02-19,1,Cryptophyta,5.121339,3.0145903
2022-02-20,1,Cryptophyta,1.3447684,2.1169586
2022-02-21,1,Cryptophyta,0.34763938,0.6588188
2022-02-22,1,Cryptophyta,0.11295442,0.22841918
2022-02-23,1,Cryptophyta,0.010837298,0.09653981
2022-02-24,1,Cryptophyta,0.2931932,0.030153364
2022-02-25,1,Cryptophyta,0.3498264,0.17058061
2022-02-26,1,Cryptophyta,0.40645963,0.17158143
2022-02-27,1,Cryptophyta,0.46309286,0.24942979
2022-02-28,1,Cryptophyta,0.23080894,0.3588541
2022-03-01,1,Cryptophyta,0.66084886,0.28469598
2022-03-02,1,Cryptophyta,1.4105,0.70529497
2022-03-03,1,Cryptophyta,2.6836133,1.5594722
2022-03-04,1,Cryptophyta,3.074573,2.843473
2022-03-05,1,Cryptophyta,4.616686,3.862581
2022-03-06,1,Cryptophyta,4.4455137,4.9237313
2022-03-07,1,Cryptophyta,5.2407317,5.8173704
2022-03-08,1,Cryptophyta,3.0426722,6.181572
2022-03-09,1,Cryptophyta,2.6120565,4.088394
2022-03-10,1,Cryptophyta,3.1026852,3.8033717
2022-03-11,1,Cryptophyta,5.934228,4.7249365
2022-03-12,1,Cryptophyta,5.9608407,7.5851
2022-03-13,1,Cryptophyta,8.2981825,7.7722454
2022-03-14,1,Cryptophyta,8.111037,8.762436
2022-03-15,1,Cryptophyta,7.923893,8.281225
2022-03-16,1,Cryptophyta,7.6927795,8.062369
2022-03-17,1,Cryptophyta,7.4616656,7.7758713
2022-03-18,1,Cryptophyta,7.230552,6.836912
2022-03-19,1,Cryptophyta,6.9994383,6.3436236
2022-03-20,1,Cryptophyta,6.768325,5.121802
2022-03-21,1,Cryptophyta,2.956575,4.453084
2022-03-22,1,Cryptophyta,3.0413914,2.0900185
2022-03-23,1,Cryptophyta,1.2712663,1.5337791
2022-03-24,1,Cryptophyta,0.48071688,0.5964439
2022-03-25,1,Cryptophyta,0.24598116,0.1370316
2022-03-26,1,Cryptophyta,0.17334539,-0.013652381
2022-03-27,1,Cryptophyta,0.014066844,-0.059421927
2022-03-28,1,Cryptophyta,0.009999991,-0.13838553
2022-03-29,1,Cryptophyta,0.009999991,-0.050582334
2022-03-30,1,Cryptophyta,0.011354405,-0.07582277
2022-03-31,1,Cryptophyta,0.011491702,-0.08350852
2022-04-01,1,Cryptophyta,0.0132873645,-0.09324691
2022-04-02,1,Cryptophyta,0.009999991,-0.029371928
2022-04-03,1,Cryptophyta,0.0104561765,-0.062355306
2022-04-04,1,Cryptophyta,0.058059365,-0.032530367
2022-04-05,1,Cryptophyta,0.5978168,0.17279883
2022-04-06,1,Cryptophyta,0.5055185,0.8723765
2022-04-07,1,Cryptophyta,1.6158104,0.9671781
2022-04-08,1,Cryptophyta,3.517357,2.320887
2022-04-09,1,Cryptophyta,3.552728,3.706352
2022-04-10,1,Cryptophyta,3.648052,4.3630853
2022-04-11,1,Cryptophyta,4.8602524,4.9835386
2022-04-12,1,Cryptophyta,5.7928276,5.5746913
2022-04-13,1,Cryptophyta,7.0250325,6.81342
2022-04-14,1,Cryptophyta,7.4662733,6.7993445
2022-04-15,1,Cryptophyta,6.0537853,6.810763
2022-04-16,1,Cryptophyta,5.7560816,5.415897
2022-04-17,1,Cryptophyta,5.326953,3.8905168
2022-04-18,1,Cryptophyta,6.1952877,3.686029
2022-04-19,1,Cryptophyta,1.519471,3.8189995
2022-04-20,1,Cryptophyta,1.9496597,1.5506912
2022-04-21,1,Cryptophyta,2.6454587,2.2308002
2022-04-22,1,Cryptophyta,4.0942683,2.524588
2022-04-23,1,Cryptophyta,5.363492,3.9224005
2022-04-24,1,Cryptophyta,6.632715,5.328028
2022-04-25,1,Cryptophyta,5.4636426,5.370016
2022-04-26,1,Cryptophyta,5.049073,4.6861424
2022-04-27,1,Cryptophyta,4.6345043,3.5978498
2022-04-28,1,Cryptophyta,4.219935,2.6448433
2022-04-29,1,Cryptophyta,3.26207,1.8573945
2022-04-30,1,Cryptophyta,0.3818768,1.26604
2022-05-01,1,Cryptophyta,0.3872826,0.1254168
2022-05-02,1,Cryptophyta,0.08944931,0.0819794
2022-05-03,1,Cryptophyta,0.25981158,-0.05982172
2022-05-04,1,Cryptophyta,1.3497682,0.13499282
2022-05-05,1,Cryptophyta,2.010942,0.8929399
2022-05-06,1,Cryptophyta,4.4939523,1.3983365
2022-05-07,1,Cryptophyta,4.4601665,3.083011
2022-05-08,1,Cryptophyta,3.5489104,3.2341137
2022-05-09,1,Cryptophyta,2.6376543,2.3771622
2022-05-10,1,Cryptophyta,1.0043664,1.4083223
2022-05-11,1,Cryptophyta,0.4831377,0.4231038
2022-05-12,1,Cryptophyta,0.5559877,0.17122155
2022-05-13,1,Cryptophyta,0.073652156,0.205989
2022-05-14,1,Cryptophyta,0.009999991,-0.07827012
2022-05-15,1,Cryptophyta,0.009999991,-0.10299178
2022-05-16,1,Cryptophyta,0.009999991,-0.08910606
2022-05-17,1,Cryptophyta,0.009999991,-0.06894659
2022-05-18,1,Cryptophyta,0.013930398,0.015953781
2022-05-19,1,Cryptophyta,0.032872636,0.064170875
2022-05-20,1,Cryptophyta,0.58060104,0.12600335
2022-05-21,1,Cryptophyta,5.506287,0.61045337
2022-05-22,1,Cryptophyta,1.7813116,2.1919782
2022-05-23,1,Cryptophyta,1.5250723,0.9803971
2022-05-24,1,Cryptophyta,2.5719986,0.87988967
2022-05-25,1,Cryptophyta,0.094826125,1.185137
2022-05-26,1,Cryptophyta,0.38431472,0.14329307
2022-05-27,1,Cryptophyta,0.016613582,0.307146
2022-05-28,1,Cryptophyta,0.009999991,0.00015549758
2022-05-29,1,Cryptophyta,0.009999991,-0.043790974
2022-05-30,1,Cryptophyta,0.009999991,-0.04723494
2022-05-31,1,Cryptophyta,0.009999991,0.004397461
2022-06-01,1,Cryptophyta,0.041579302,-0.022047866
2022-06-02,1,Cryptophyta,0.009999991,-0.022244623
2022-06-03,1,Cryptophyta,0.009999991,-0.0020207132
2022-06-04,1,Cryptophyta,0.009999991,-0.010801125
2022-06-05,1,Cryptophyta,0.009999991,-0.06307619
2022-06-06,1,Cryptophyta,0.009999991,-0.00838364
2022-06-07,1,Cryptophyta,0.009999991,0.0028436757
2022-06-08,1,Cryptophyta,0.009999991,-0.03968079
2022-06-09,1,Cryptophyta,0.009999991,-0.11005408
2022-06-10,1,Cryptophyta,0.009999991,-0.066287875
2022-06-11,1,Cryptophyta,0.009999991,-0.05804033
2022-06-12,1,Cryptophyta,0.009999991,-0.022876352
2022-06-13,1,Cryptophyta,0.009999991,-0.025845183
2022-06-14,1,Cryptophyta,0.009999991,-0.06800222
2022-06-15,1,Cryptophyta,0.009999991,-0.14243671
2022-06-16,1,Cryptophyta,0.009999991,-0.1455783
2022-06-17,1,Cryptophyta,0.0147973765,-0.055820584
2022-06-18,1,Cryptophyta,0.073159404,-0.029285796
2022-06-19,1,Cryptophyta,0.06849167,0.04881885
2022-06-20,1,Cryptophyta,0.14291817,0.08337616
2022-06-21,1,Cryptophyta,0.20932655,0.15452342
2022-06-22,1,Cryptophyta,0.23238957,0.24553782
2022-06-23,1,Cryptophyta,0.017235858,0.2708216
2022-06-24,1,Cryptophyta,0.040120743,0.010063248
2022-06-25,1,Cryptophyta,0.2839175,0.13617346
2022-06-26,1,Cryptophyta,0.035959456,0.49930382
2022-06-27,1,Cryptophyta,0.06081824,0.17818026
2022-06-28,1,Cryptophyta,0.27052093,0.15861635
2022-06-29,1,Cryptophyta,0.012525414,0.32108495
2022-06-30,1,Cryptophyta,0.6139971,0.11669386
2022-07-01,1,Cryptophyta,0.59884864,0.4958755
2022-07-02,1,Cryptophyta,0.026125995,0.45390344
2022-07-03,1,Cryptophyta,0.010289456,0.10919409
2022-07-04,1,Cryptophyta,0.009999991,0.104432695
2022-07-05,1,Cryptophyta,0.009999991,0.089328416
2022-07-06,1,Cryptophyta,0.009999991,0.060401715
2022-07-07,1,Cryptophyta,0.009999991,0.0409478
2022-07-08,1,Cryptophyta,0.02234078,0.055132207
2022-07-09,1,Cryptophyta,0.10539345,0.09335863
2022-07-10,1,Cryptophyta,0.24793312,0.18687506
2022-07-11,1,Cryptophyta,0.51225203,0.38139567
2022-07-12,1,Cryptophyta,0.3178261,0.5290194
2022-07-13,1,Cryptophyta,0.12300002,0.40995675
2022-07-14,1,Cryptophyta,1.7812928,0.2684752
2022-07-15,1,Cryptophyta,4.1484494,1.0660697
2022-07-16,1,Cryptophyta,0.7352533,1.2877787
2022-07-17,1,Cryptophyta,0.92751086,0.44882277
2022-07-18,1,Cryptophyta,0.22509077,0.41017562
2022-07-19,1,Cryptophyta,0.020543884,0.16834815
2022-07-20,1,Cryptophyta,0.043882452,0.009221886
2022-07-21,1,Cryptophyta,0.011791171,0.07202658
2022-07-22,1,Cryptophyta,0.010043729,-0.09369645
2022-07-23,1,Cryptophyta,0.012169442,-0.121124886
2022-07-24,1,Cryptophyta,0.40781432,-0.061271496
2022-07-25,1,Cryptophyta,0.016661854,0.15509927
2022-07-26,1,Cryptophyta,0.022054957,-0.08887641
2022-07-27,1,Cryptophyta,0.020608686,-0.08272797
2022-07-28,1,Cryptophyta,0.010642375,-0.0906289
2022-07-29,1,Cryptophyta,0.07021444,0.009996168
2022-07-30,1,Cryptophyta,0.103735305,0.014682201
2022-07-31,1,Cryptophyta,0.1372561,0.05796206
2022-08-01,1,Cryptophyta,0.17077692,0.12670167
2022-08-02,1,Cryptophyta,0.20429775,0.21180783
2022-08-03,1,Cryptophyta,0.2378185,0.24374841
2022-08-04,1,Cryptophyta,0.27133936,0.24145143
2022-08-05,1,Cryptophyta,0.30486017,0.24494044
2022-08-06,1,Cryptophyta,0.33838093,0.24767761
2022-08-07,1,Cryptophyta,0.37190175,0.26267388
2022-08-08,1,Cryptophyta,0.40542254,0.32027096
2022-08-09,1,Cryptophyta,0.43894336,0.3193007
2022-08-10,1,Cryptophyta,0.47246417,0.34170926
2022-08-11,1,Cryptophyta,0.505985,0.3706978
2022-08-12,1,Cryptophyta,0.5395058,0.4293838
2022-08-13,1,Cryptophyta,0.5730266,0.43506938
2022-08-14,1,Cryptophyta,0.6065474,0.5156711
2022-08-15,1,Cryptophyta,0.6400682,0.53971064
2022-08-16,1,Cryptophyta,0.67358905,0.53572446
2022-08-17,1,Cryptophyta,0.70710987,0.5679574
2022-08-18,1,Cryptophyta,0.7406306,0.6014102
2022-08-19,1,Cryptophyta,0.77415144,0.5911882
2022-08-20,1,Cryptophyta,0.80767226,0.628511
2022-08-21,1,Cryptophyta,0.8411931,0.6597423
2022-08-22,1,Cryptophyta,0.87471384,0.6967805
2022-08-23,1,Cryptophyta,0.90823466,0.73821497
2022-08-24,1,Cryptophyta,0.9417555,0.8067814
2022-08-25,1,Cryptophyta,0.97527635,0.8339039
2022-08-26,1,Cryptophyta,1.008797,0.8874529
2022-08-27,1,Cryptophyta,1.042318,0.89946645
2022-08-28,1,Cryptophyta,1.0758387,0.9401632
2022-08-29,1,Cryptophyta,1.1093595,1.0172122
2022-08-30,1,Cryptophyta,1.1428803,1.0880538
2022-08-31,1,Cryptophyta,1.1764011,1.1073889
2022-09-01,1,Cryptophyta,1.209922,1.1505222
2022-09-02,1,Cryptophyta,1.2434428,1.1045029
2022-09-03,1,Cryptophyta,1.2769636,1.2053003
2022-09-04,1,Cryptophyta,1.3104844,1.0960982
2022-09-05,1,Cryptophyta,1.3440052,1.1042658
2022-09-06,1,Cryptophyta,1.377526,1.043372
2022-09-07,1,Cryptophyta,1.4110469,1.0874994
2022-09-08,1,Cryptophyta,1.4445677,1.0479814
2022-09-09,1,Cryptophyta,1.4780885,0.9994312
2022-09-10,1,Cryptophyta,1.5513841,1.0596048
2022-09-11,1,Cryptophyta,1.6445435,1.0802139
2022-09-12,1,Cryptophyta,1.056165,1.2288837
2022-09-13,1,Cryptophyta,1.3345797,0.85498303
2022-09-14,1,Cryptophyta,2.154297,0.9993901
2022-09-15,1,Cryptophyta,1.5098189,1.2454553
2022-09-16,1,Cryptophyta,0.62335265,0.8901036
2022-09-17,1,Cryptophyta,0.5262518,0.42064077
2022-09-18,1,Cryptophyta,0.5816812,0.40997583
2022-09-19,1,Cryptophyta,0.26104993,0.49635363
2022-09-20,1,Cryptophyta,0.011123174,0.26880965
2022-09-21,1,Cryptophyta,0.051745083,0.094789594
2022-09-22,1,Cryptophyta,0.030354569,0.10636499
2022-09-23,1,Cryptophyta,0.042973924,0.064880304
2022-09-24,1,Cryptophyta,0.13725565,0.08147037
2022-09-25,1,Cryptophyta,0.0662491,0.111697346
2022-09-26,1,Cryptophyta,0.19330437,0.07340626
2022-09-27,1,Cryptophyta,0.1107241,0.12133776
2022-09-28,1,Cryptophyta,1.4748371,0.042144604
2022-09-29,1,Cryptophyta,1.4093351,0.4915201
2022-09-30,1,Cryptophyta,0.43673825,0.40794557
2022-10-01,1,Cryptophyta,0.009999991,0.13701187
2022-10-02,1,Cryptophyta,0.0148912715,-0.013357867
2022-10-03,1,Cryptophyta,0.07116495,-0.049045395
2022-10-04,1,Cryptophyta,0.19286546,-0.0020469255
2022-10-05,1,Cryptophyta,0.009999991,-0.008304014
2022-10-06,1,Cryptophyta,0.009999991,-0.13170676
2022-10-07,1,Cryptophyta,0.009999991,-0.15201046
2022-10-08,1,Cryptophyta,0.009999991,-0.13783121
2022-10-09,1,Cryptophyta,0.018630426,-0.10046768
2022-10-10,1,Cryptophyta,0.013161731,0.042232234
2022-10-11,1,Cryptophyta,0.024279546,0.07495499
2022-10-12,1,Cryptophyta,0.15063044,0.046662893
2022-10-13,1,Cryptophyta,0.012413051,0.12490499
2022-10-14,1,Cryptophyta,0.010152084,0.029846918
2022-10-15,1,Cryptophyta,0.010290094,0.08044893
2022-10-16,1,Cryptophyta,0.01853731,0.12984964
2022-10-17,1,Cryptophyta,0.028262116,0.18301715
2022-10-18,1,Cryptophyta,0.010137582,0.11347792
2022-10-19,1,Cryptophyta,0.05505431,0.10788297
2022-10-20,1,Cryptophyta,0.1891751,0.13629408
2022-10-21,1,Cryptophyta,0.30444208,0.2597001
2022-10-22,1,Cryptophyta,3.1631176,0.30268312
2022-10-23,1,Cryptophyta,0.263108,1.4886205
2022-10-24,1,Cryptophyta,0.21729375,0.21924414
2022-10-25,1,Cryptophyta,0.059153363,0.11803049
2022-10-26,1,Cryptophyta,0.059789892,-0.020670386
2022-10-27,1,Cryptophyta,0.047026042,-0.032023303
2022-10-28,1,Cryptophyta,0.107351705,-0.046459448
2022-10-29,1,Cryptophyta,0.0664518,-0.0016720159
2022-10-30,1,Cryptophyta,0.05750361,-0.019746322
2022-10-31,1,Cryptophyta,0.066642515,0.020005425
2022-11-01,1,Cryptophyta,0.09764286,0.026155457
2022-11-02,1,Cryptophyta,0.11699055,0.07986438
2022-11-03,1,Cryptophyta,0.17307027,0.092005506
2022-11-04,1,Cryptophyta,0.085826114,0.13984129
2022-11-05,1,Cryptophyta,0.06902318,0.0635167
2022-11-06,1,Cryptophyta,0.055853847,0.031599652
2022-11-07,1,Cryptophyta,0.1524133,0.13574302
2022-11-08,1,Cryptophyta,2.7645764,0.18274239
2022-11-09,1,Cryptophyta,1.2183956,1.5957104
2022-11-10,1,Cryptophyta,0.56341535,0.7729649
2022-11-11,1,Cryptophyta,0.70662564,0.5101935
2022-11-12,1,Cryptophyta,0.9455072,0.57846165
2022-11-13,1,Cryptophyta,0.2735725,0.71210885
2022-11-14,1,Cryptophyta,0.19732274,0.31438974
2022-11-15,1,Cryptophyta,0.21539077,0.17607412
2022-11-16,1,Cryptophyta,0.09860967,0.029746197
2022-11-17,1,Cryptophyta,0.08582912,-0.09525136
2022-11-18,1,Cryptophyta,0.05319826,-0.12578715
2022-11-19,1,Cryptophyta,0.24602175,-0.09875114
2022-11-20,1,Cryptophyta,0.22234443,0.07788128
2022-11-21,1,Cryptophyta,0.14946416,0.024504818
2022-11-22,1,Cryptophyta,0.13514844,-0.0013495849
2022-11-23,1,Cryptophyta,0.32496366,0.0138164405
2022-11-24,1,Cryptophyta,0.04255429,0.14463499
2022-11-25,1,Cryptophyta,0.13866036,-0.030444393
2022-11-26,1,Cryptophyta,0.011700435,-0.009119681
2022-11-27,1,Cryptophyta,0.051456515,-0.0634259
2022-11-28,1,Cryptophyta,0.07280031,-0.023814712
2022-11-29,1,Cryptophyta,0.01386674,0.028776372
2022-11-30,1,Cryptophyta,0.13835019,0.015194389
2022-12-01,1,Cryptophyta,0.025166452,0.120327264
2022-12-02,1,Cryptophyta,0.15414065,0.10117693
2022-12-03,1,Cryptophyta,0.16071686,0.2519327
2022-12-04,1,Cryptophyta,0.14975378,0.27296448
2022-12-05,1,Cryptophyta,0.7071791,0.25595355
2022-12-06,1,Cryptophyta,0.8909427,0.5990886
2022-12-07,1,Cryptophyta,1.0464518,0.57771915
2022-12-08,1,Cryptophyta,0.9203116,0.6820793
2022-12-09,1,Cryptophyta,1.654772,0.6117847
2022-12-10,1,Cryptophyta,1.3442216,0.943143
2022-12-11,1,Cryptophyta,0.2558943,0.6981411
2022-12-12,1,Cryptophyta,0.23369749,0.066188805
2022-12-13,1,Cryptophyta,0.18690802,0.004871802
2022-12-14,1,Cryptophyta,0.08117475,-0.004960224
2022-12-15,1,Cryptophyta,0.12455794,-0.046632946
2022-12-16,1,Cryptophyta,0.06581464,-0.011141642
2022-12-17,1,Cryptophyta,0.13824038,-0.0012979894
2022-12-18,1,Cryptophyta,0.18520641,0.054065555
2022-12-19,1,Cryptophyta,0.12663768,0.09780053
2022-12-20,1,Cryptophyta,0.1604924,0.10773005
2022-12-21,1,Cryptophyta,0.1743573,0.14620575
2022-12-22,1,Cryptophyta,0.23126812,0.17128946
2022-12-23,1,Cryptophyta,0.1509928,0.1628343
2022-12-24,1,Cryptophyta,0.1620203,0.15823203
2022-12-25,1,Cryptophyta,0.21839248,0.17856516
2022-12-26,1,Cryptophyta,0.23416787,0.21100405
2022-12-27,1,Cryptophyta,0.21106365,0.23650406
2022-12-28,1,Cryptophyta,0.19214647,0.16997397
2022-12-29,1,Cryptophyta,0.3410203,0.18993135
2022-12-30,1,Cryptophyta,0.35081884,0.31215173
2022-12-31,1,Cryptophyta,0.49809423,0.35337055
2023-01-01,1,Cryptophyta,0.18109258,0.4973361
2023-01-02,1,Cryptophyta,0.31292963,0.2535745
2023-01-03,1,Cryptophyta,0.07629438,0.43832877
2023-01-04,1,Cryptophyta,3.205677,0.32456434
2023-01-05,1,Cryptophyta,4.054281,3.4931414
2023-01-06,1,Cryptophyta,4.902886,3.5113196
2023-01-07,1,Cryptophyta,5.75149,4.733447
2023-01-08,1,Cryptophyta,6.600094,5.5381403
2023-01-09,1,Cryptophyta,6.476336,5.3498254
2023-01-10,1,Cryptophyta,6.3525777,5.6692986
2023-01-11,1,Cryptophyta,7.391216,5.6565466
2023-01-12,1,Cryptophyta,6.5247107,6.0708575
2023-01-13,1,Cryptophyta,6.205655,6.1386056
2023-01-14,1,Cryptophyta,5.886599,5.8477345
2023-01-15,1,Cryptophyta,3.070391,5.31278
2023-01-16,1,Cryptophyta,3.2330124,3.0826674
2023-01-17,1,Cryptophyta,3.5090666,2.8778076
2023-01-18,1,Cryptophyta,1.8202682,3.3368452
2023-01-19,1,Cryptophyta,1.4881377,1.9258066
2023-01-20,1,Cryptophyta,1.890601,1.9519147
2023-01-21,1,Cryptophyta,2.4779377,2.4589217
2023-01-22,1,Cryptophyta,5.5649133,2.8727093
2023-01-23,1,Cryptophyta,6.253169,4.895902
2023-01-24,1,Cryptophyta,2.7285879,4.449826
2023-01-25,1,Cryptophyta,3.2420566,3.1651661
2023-01-26,1,Cryptophyta,3.3563943,3.4014049
2023-01-27,1,Cryptophyta,3.5607386,3.1021118
2023-01-28,1,Cryptophyta,2.948197,3.4499617
2023-01-29,1,Cryptophyta,2.329044,2.8517401
2023-01-30,1,Cryptophyta,1.9131858,2.865572
2023-01-31,1,Cryptophyta,4.070152,2.696947
2023-02-01,1,Cryptophyta,5.226647,3.527809
2023-02-02,1,Cryptophyta,7.453282,3.9907336
2023-02-03,1,Cryptophyta,4.521753,4.4685497
2023-02-04,1,Cryptophyta,4.6141877,3.734862
2023-02-05,1,Cryptophyta,4.706622,4.2838187
2023-02-06,1,Cryptophyta,4.7990575,4.404956
2023-02-07,1,Cryptophyta,6.802565,4.7887993
2023-02-08,1,Cryptophyta,5.860838,5.2736754
2023-02-09,1,Cryptophyta,4.919111,4.8994784
2023-02-10,1,Cryptophyta,4.0689564,4.457677
2023-02-11,1,Cryptophyta,5.0742173,3.373801
2023-02-12,1,Cryptophyta,3.9877925,4.0036902
2023-02-13,1,Cryptophyta,3.0906606,2.9544597
2023-02-14,1,Cryptophyta,4.7804313,2.767347
2023-02-15,1,Cryptophyta,3.154463,2.9900577
2023-02-16,1,Cryptophyta,2.5376039,2.251434
2023-02-17,1,Cryptophyta,2.6187308,2.150187
2023-02-18,1,Cryptophyta,3.3592136,2.092469
2023-02-19,1,Cryptophyta,2.9372036,2.597178
2023-02-20,1,Cryptophyta,2.8396633,2.2977831
2023-02-21,1,Cryptophyta,2.0213537,2.4680128
2023-02-22,1,Cryptophyta,1.5460931,1.8067094
2023-02-23,1,Cryptophyta,3.0472844,1.6112741
2023-02-24,1,Cryptophyta,2.540876,2.4664237
2023-02-25,1,Cryptophyta,1.6696993,2.0367787
2023-02-26,1,Cryptophyta,1.8506247,1.6823033
2023-02-27,1,Cryptophyta,2.4273033,1.7752287
2023-02-28,1,Cryptophyta,4.0576186,2.074078
2023-03-01,1,Cryptophyta,3.1774063,3.1066062
2023-03-02,1,Cryptophyta,1.9276384,2.489596
2023-03-03,1,Cryptophyta,1.4349824,1.9322387
2023-03-04,1,Cryptophyta,1.4693632,1.6871418
2023-03-05,1,Cryptophyta,1.3964868,1.6636785
2023-03-06,1,Cryptophyta,1.3642833,1.5647287
2023-03-07,1,Cryptophyta,2.018636,1.4958904
2023-03-08,1,Cryptophyta,2.042899,1.905677
2023-03-09,1,Cryptophyta,1.9240745,1.8543266
2023-03-10,1,Cryptophyta,1.8107322,1.8390894
2023-03-11,1,Cryptophyta,1.7866005,1.8129221
2023-03-12,1,Cryptophyta,1.9636885,1.785661
2023-03-13,1,Cryptophyta,1.6649137,1.8903133
2023-03-14,1,Cryptophyta,1.6280838,1.7895898
2023-03-15,1,Cryptophyta,1.6098557,1.652291
2023-03-16,1,Cryptophyta,1.5768707,1.6389618
2023-03-17,1,Cryptophyta,2.1391935,1.6313753
2023-03-18,1,Cryptophyta,2.3038106,1.83538
2023-03-19,1,Cryptophyta,1.9287786,2.0139475
2023-03-20,1,Cryptophyta,1.5824027,1.7408506
2023-03-21,1,Cryptophyta,1.5820714,1.7637148
2023-03-22,1,Cryptophyta,1.3658339,1.4937296
2023-03-23,1,Cryptophyta,2.0884864,1.6469445
2023-03-24,1,Cryptophyta,3.786341,2.4808953
2023-03-25,1,Cryptophyta,2.1906228,2.8650355
2023-03-26,1,Cryptophyta,2.1829119,1.7201959
2023-03-27,1,Cryptophyta,2.6158876,2.2977593
2023-03-28,1,Cryptophyta,2.740476,2.2050018
2023-03-29,1,Cryptophyta,2.5346584,2.1392174
2023-03-30,1,Cryptophyta,2.3052733,1.8865769
2023-03-31,1,Cryptophyta,2.1105404,1.3646295
2023-04-01,1,Cryptophyta,1.7814717,1.0705189
2023-04-02,1,Cryptophyta,1.6399796,0.9994372
2023-04-03,1,Cryptophyta,1.7084769,0.9848706
2023-04-04,1,Cryptophyta,1.6054392,1.1620697
2023-04-05,1,Cryptophyta,1.1882055,1.2167112
2023-04-06,1,Cryptophyta,0.2286157,1.382353
2023-04-07,1,Cryptophyta,1.8078315,0.9981057
2023-04-08,1,Cryptophyta,2.489018,2.0444884
2023-04-09,1,Cryptophyta,2.4789941,2.3052685
2023-04-10,1,Cryptophyta,2.4197881,2.0731456
2023-04-11,1,Cryptophyta,2.1295638,2.06377
2023-04-12,1,Cryptophyta,1.8207544,1.7383478
2023-04-13,1,Cryptophyta,1.8472507,1.5864997
2023-04-14,1,Cryptophyta,2.0092578,1.7792847
2023-04-15,1,Cryptophyta,2.939332,1.9877753
2023-04-16,1,Cryptophyta,3.1336887,2.5413125
2023-04-17,1,Cryptophyta,5.1471896,2.482567
2023-04-18,1,Cryptophyta,5.275001,3.7750847
2023-04-19,1,Cryptophyta,3.3519037,3.929795
2023-04-20,1,Cryptophyta,2.5430167,2.6340933
2023-04-21,1,Cryptophyta,2.4620326,2.5680182
2023-04-22,1,Cryptophyta,2.2683303,2.5572877
2023-04-23,1,Cryptophyta,2.4192183,2.1942835
2023-04-24,1,Cryptophyta,2.5424767,2.25419
2023-04-25,1,Cryptophyta,3.0996997,2.0082128
2023-04-26,1,Cryptophyta,2.0676734,2.7528923
2023-04-27,1,Cryptophyta,1.418416,2.0711396
2023-04-28,1,Cryptophyta,3.1601994,1.8265297
2023-04-29,1,Cryptophyta,8.067172,3.3632495
2023-04-30,1,Cryptophyta,5.9201818,4.880874
2023-05-01,1,Cryptophyta,3.7731922,4.421485
2023-05-02,1,Cryptophyta,5.453592,4.012327
2023-05-03,1,Cryptophyta,3.5497632,5.178296
2023-05-04,1,Cryptophyta,4.6637454,3.962928
2023-05-05,1,Cryptophyta,7.1205983,4.5042
2023-05-06,1,Cryptophyta,4.6055446,5.1132016
2023-05-07,1,Cryptophyta,1.0466392,3.8271074
2023-05-08,1,Cryptophyta,0.8512937,1.0335366
2023-05-09,1,Cryptophyta,1.2092457,0.7851092
2023-05-10,1,Cryptophyta,0.48372468,1.0026549
2023-05-11,1,Cryptophyta,0.27442262,0.4666046
2023-05-12,1,Cryptophyta,0.54694,0.4989385
2023-05-13,1,Cryptophyta,1.3488332,0.61436397
2023-05-14,1,Cryptophyta,1.972228,0.96030635
2023-05-15,1,Cryptophyta,1.8265859,1.3441856
2023-05-16,1,Cryptophyta,1.8002838,1.4323016
2023-05-17,1,Cryptophyta,1.6562451,1.5407594
2023-05-18,1,Cryptophyta,2.0616684,1.4479307
2023-05-19,1,Cryptophyta,1.6782538,1.9621352
2023-05-20,1,Cryptophyta,1.5077107,1.6164685
2023-05-21,1,Cryptophyta,1.4706587,1.7394465
2023-05-22,1,Cryptophyta,1.3920453,1.9777546
2023-05-23,1,Cryptophyta,1.6479505,1.7069813
2023-05-24,1,Cryptophyta,1.9610981,1.8412141
2023-05-25,1,Cryptophyta,1.7397623,1.9395437
2023-05-26,1,Cryptophyta,1.7409996,1.9267719
2023-05-27,1,Cryptophyta,2.1646082,1.9524493
2023-05-28,1,Cryptophyta,2.4318943,2.3835688
2023-05-29,1,Cryptophyta,2.874541,3.035148
2023-05-30,1,Cryptophyta,2.9939795,3.438514
2023-05-31,1,Cryptophyta,4.768519,3.4467483
2023-06-01,1,Cryptophyta,5.5222354,4.480927
2023-06-02,1,Cryptophyta,3.4842105,4.596905
2023-06-03,1,Cryptophyta,5.0643554,3.403412
2023-06-04,1,Cryptophyta,4.144578,3.5603702
2023-06-05,1,Cryptophyta,2.5872154,3.2472084
2023-06-06,1,Cryptophyta,3.6343513,2.5410612
2023-06-07,1,Cryptophyta,3.7011142,3.279732
2023-06-08,1,Cryptophyta,2.9802804,3.4321222
2023-06-09,1,Cryptophyta,2.7695792,3.4164302
2023-06-10,1,Cryptophyta,1.9076351,2.8033473
2023-06-11,1,Cryptophyta,1.9823658,2.0094085
2023-06-12,1,Cryptophyta,2.399869,1.9382012
2023-06-13,1,Cryptophyta,3.1885514,2.1213248
2023-06-14,1,Cryptophyta,4.228957,2.3939981
2023-06-15,1,Cryptophyta,3.2900848,2.456383
2023-06-16,1,Cryptophyta,1.8680872,2.4334
2023-06-17,1,Cryptophyta,2.042923,1.6124339
2023-06-18,1,Cryptophyta,2.1622174,1.8035549
2023-06-19,1,Cryptophyta,1.5457335,2.1202815
2023-06-20,1,Cryptophyta,1.8699645,1.8762721
2023-06-21,1,Cryptophyta,3.3475523,2.5215647
2023-06-22,1,Cryptophyta,4.0936656,4.0273542
2023-06-23,1,Cryptophyta,5.212351,4.463425
2023-06-24,1,Cryptophyta,6.072758,5.0602317
2023-06-25,1,Cryptophyta,5.693322,5.4757295
2023-06-26,1,Cryptophyta,5.938072,4.782639
2023-06-27,1,Cryptophyta,6.255651,4.7603736
2023-06-28,1,Cryptophyta,6.574,5.0132337
2023-06-29,1,Cryptophyta,7.6921687,6.243608
2023-06-30,1,Cryptophyta,9.32456,6.5108223
2023-07-01,1,Cryptophyta,6.118696,6.701116
2023-07-02,1,Cryptophyta,5.874047,5.885778
2023-07-03,1,Cryptophyta,6.4657016,5.68414
2023-07-04,1,Cryptophyta,9.029866,5.727477
2023-07-05,1,Cryptophyta,9.039206,6.9415083
2023-07-06,1,Cryptophyta,9.048546,7.891747
2023-07-07,1,Cryptophyta,8.390148,7.4372377
2023-07-08,1,Cryptophyta,8.070246,7.5448923
2023-07-09,1,Cryptophyta,9.251422,7.047702
2023-07-10,1,Cryptophyta,7.703793,7.1893535
2023-07-11,1,Cryptophyta,5.677761,5.952603
2023-07-12,1,Cryptophyta,4.203484,4.6685543
2023-07-13,1,Cryptophyta,3.7054465,3.7687268
2023-07-14,1,Cryptophyta,2.8924713,2.9565296
2023-07-15,1,Cryptophyta,2.5350773,2.5949144
2023-07-16,1,Cryptophyta,2.1989539,2.1533263
2023-07-17,1,Cryptophyta,2.3571,1.9107013
2023-07-18,1,Cryptophyta,2.2635317,2.295438
2023-07-19,1,Cryptophyta,2.2437925,2.3225431
2023-07-20,1,Cryptophyta,2.896344,2.5925994
2023-07-21,1,Cryptophyta,6.2929935,3.380118
2023-07-22,1,Cryptophyta,6.738102,5.677118
2023-07-23,1,Cryptophyta,7.183211,6.4492574
2023-07-24,1,Cryptophyta,7.685931,7.1946983
2023-07-25,1,Cryptophyta,8.0122,7.684657
2023-07-26,1,Cryptophyta,9.50315,7.1876884
2023-07-27,1,Cryptophyta,6.242461,6.6731586
2023-07-28,1,Cryptophyta,3.7934585,5.6676574
2023-07-29,1,Cryptophyta,3.7060483,3.2261987
2023-07-30,1,Cryptophyta,4.798678,2.9731972
2023-07-31,1,Cryptophyta,5.312769,4.118443
2023-08-01,1,Cryptophyta,4.807978,4.083009
2023-08-02,1,Cryptophyta,5.1036863,4.825478
2023-08-03,1,Cryptophyta,7.267846,5.4962564
2023-08-04,1,Cryptophyta,6.624954,5.9724236
2023-08-05,1,Cryptophyta,9.552635,6.043073
2023-08-06,1,Cryptophyta,9.511289,7.315385
2023-08-07,1,Cryptophyta,9.469944,7.5674734
2023-08-08,1,Cryptophyta,9.428597,7.5467
2023-08-09,1,Cryptophyta,7.984899,7.167472
2023-08-10,1,Cryptophyta,6.058531,7.6678205
2023-08-11,1,Cryptophyta,5.654987,5.0191946
2023-08-12,1,Cryptophyta,5.1433764,5.160133
2023-08-13,1,Cryptophyta,6.11593,3.9060657
2023-08-14,1,Cryptophyta,8.257987,4.9561214
2023-08-15,1,Cryptophyta,7.4124427,5.808863
2023-08-16,1,Cryptophyta,6.184389,5.8994412
2023-08-17,1,Cryptophyta,2.5512493,4.710323
2023-08-18,1,Cryptophyta,3.1742585,2.6680257
2023-08-19,1,Cryptophyta,3.7459614,2.6765366
2023-08-20,1,Cryptophyta,2.7918842,2.5486686
2023-08-21,1,Cryptophyta,2.5527868,1.8924074
2023-08-22,1,Cryptophyta,2.5006547,1.6340408
2023-08-23,1,Cryptophyta,2.5931542,1.6098709
2023-08-24,1,Cryptophyta,2.4038517,1.8980147
2023-08-25,1,Cryptophyta,2.12962,1.4964925
2023-08-26,1,Cryptophyta,2.6475,1.934903
2023-08-27,1,Cryptophyta,2.5876358,1.9853309
2023-08-28,1,Cryptophyta,2.6450179,2.1434333
2023-08-29,1,Cryptophyta,3.403212,1.9977169
2023-08-30,1,Cryptophyta,2.8871322,2.9826572
2023-08-31,1,Cryptophyta,2.8458216,2.5653806
2023-09-01,1,Cryptophyta,2.9603746,2.8381457
2023-09-02,1,Cryptophyta,2.9794774,2.7962368
2023-09-03,1,Cryptophyta,2.8369246,2.51571
2023-09-04,1,Cryptophyta,2.7218082,2.3785722
2023-09-05,1,Cryptophyta,2.112845,1.9139549
2023-09-06,1,Cryptophyta,0.04749515,1.6509076
2023-09-07,1,Cryptophyta,0.26601022,0.823372
2023-09-08,1,Cryptophyta,2.5536625,1.0538424
2023-09-09,1,Cryptophyta,2.6093724,2.1125736
2023-09-10,1,Cryptophyta,2.316723,1.6298715
2023-09-11,1,Cryptophyta,1.9911342,1.6565199
2023-09-12,1,Cryptophyta,1.7458469,1.4720827
2023-09-13,1,Cryptophyta,1.8351148,1.5878466
2023-09-14,1,Cryptophyta,2.1095014,1.7240773
2023-09-15,1,Cryptophyta,2.5304284,2.288573
2023-09-16,1,Cryptophyta,2.2723098,2.8447907
2023-09-17,1,Cryptophyta,1.7500002,2.6712847
2023-09-18,1,Cryptophyta,2.5075011,2.3348475
2023-09-19,1,Cryptophyta,3.096033,3.037899
2023-09-20,1,Cryptophyta,4.1011615,3.1865172
2023-09-21,1,Cryptophyta,4.6832166,4.225275
2023-09-22,1,Cryptophyta,3.7967741,4.122332
2023-09-23,1,Cryptophyta,4.1924467,3.9022863
2023-09-24,1,Cryptophyta,4.0289173,4.2963395
2023-09-25,1,Cryptophyta,2.756178,3.8710876
2023-09-26,1,Cryptophyta,4.132515,2.924279
2023-09-27,1,Cryptophyta,3.435256,3.527359
2023-09-28,1,Cryptophyta,3.4994173,2.9674938
2023-09-29,1,Cryptophyta,3.4379761,3.217305
2023-09-30,1,Cryptophyta,3.7087204,3.4962106
2023-10-01,1,Cryptophyta,3.5299013,3.2976575
2023-10-02,1,Cryptophyta,2.4059725,3.3606129
2023-10-03,1,Cryptophyta,2.6663723,2.8569393
2023-10-04,1,Cryptophyta,2.8094635,2.612924
2023-10-05,1,Cryptophyta,2.406531,2.5787992
2023-10-06,1,Cryptophyta,2.0393844,2.3125458
2023-10-07,1,Cryptophyta,1.8184012,1.7898675
2023-10-08,1,Cryptophyta,1.8670961,1.5616767
2023-10-09,1,Cryptophyta,2.1665063,1.6622359
2023-10-10,1,Cryptophyta,2.4892564,1.9518615
2023-10-11,1,Cryptophyta,2.2086902,2.4118085
2023-10-12,1,Cryptophyta,1.6117432,2.2891626
2023-10-13,1,Cryptophyta,3.1600454,2.2505343
2023-10-14,1,Cryptophyta,5.4156017,3.281066
2023-10-15,1,Cryptophyta,5.559093,4.38169
2023-10-16,1,Cryptophyta,2.1519644,4.6166396
2023-10-17,1,Cryptophyta,2.2487733,3.1247733
2023-10-18,1,Cryptophyta,4.1400843,3.0887282
2023-10-19,1,Cryptophyta,3.5796912,3.4958928
2023-10-20,1,Cryptophyta,4.094905,2.9876468
2023-10-21,1,Cryptophyta,2.643748,3.4301157
2023-10-22,1,Cryptophyta,3.6341314,2.5235765
2023-10-23,1,Cryptophyta,2.7132502,3.2913892
2023-10-24,1,Cryptophyta,4.40684,2.610831
2023-10-25,1,Cryptophyta,6.3353786,3.5385368
2023-10-26,1,Cryptophyta,5.0694957,4.0714464
2023-10-27,1,Cryptophyta,4.7068067,3.950263
2023-10-28,1,Cryptophyta,2.4397392,3.920325
2023-10-29,1,Cryptophyta,2.5866666,2.9789126
2023-10-30,1,Cryptophyta,2.3783805,2.899859
2023-10-31,1,Cryptophyta,3.3042376,2.540985
2023-11-01,1,Cryptophyta,3.6788993,3.0271895
2023-11-02,1,Cryptophyta,2.9372442,3.1920972
2023-11-03,1,Cryptophyta,4.0153823,2.836303
2023-11-04,1,Cryptophyta,2.9691207,3.6565366
2023-11-05,1,Cryptophyta,4.6212864,3.0060077
2023-11-06,1,Cryptophyta,5.682647,3.8872757
2023-11-07,1,Cryptophyta,4.430414,4.3484316
2023-11-08,1,Cryptophyta,2.5491812,3.748295
2023-11-09,1,Cryptophyta,2.577175,2.7296176
2023-11-10,1,Cryptophyta,2.1634166,2.677074
2023-11-11,1,Cryptophyta,1.5053525,2.1448433
2023-11-12,1,Cryptophyta,1.0600724,1.8424667
2023-11-13,1,Cryptophyta,1.2939341,1.5639257
2023-11-14,1,Cryptophyta,1.9473946,1.5288228
2023-11-15,1,Cryptophyta,1.9738972,2.0557654
2023-11-16,1,Cryptophyta,1.8247457,1.9071922
2023-11-17,1,Cryptophyta,1.657275,1.8571559
2023-11-18,1,Cryptophyta,1.5474409,1.7313771
2023-11-19,1,Cryptophyta,1.0971582,1.9077512
2023-11-20,1,Cryptophyta,1.2624784,1.3738421
2023-11-21,1,Cryptophyta,0.9482711,1.755703
2023-11-22,1,Cryptophyta,1.8767328,1.2666873
2023-11-23,1,Cryptophyta,6.3925285,1.861164
2023-11-24,1,Cryptophyta,4.2654333,3.8338637
2023-11-25,1,Cryptophyta,2.7321594,3.338953
2023-11-26,1,Cryptophyta,1.7029,2.9392862
2023-11-27,1,Cryptophyta,1.9832858,2.1587925
2023-11-28,1,Cryptophyta,3.521314,2.3489435
2023-11-29,1,Cryptophyta,2.7741783,2.961505
2023-11-30,1,Cryptophyta,6.872362,2.8159995
2023-12-01,1,Cryptophyta,3.9785435,4.4332466
2023-12-02,1,Cryptophyta,3.0168524,3.4021287
2023-12-03,1,Cryptophyta,3.5640304,2.8772147
2023-12-04,1,Cryptophyta,2.9545367,3.1404715
2023-12-05,1,Cryptophyta,5.5100183,2.7659554
2023-12-06,1,Cryptophyta,6.003167,4.007768
2023-12-07,1,Cryptophyta,3.810038,3.8621154
2023-12-08,1,Cryptophyta,2.5102015,3.8150628
2023-12-09,1,Cryptophyta,3.9716225,2.5762281
2023-12-10,1,Cryptophyta,3.3053324,3.9246624
2023-12-11,1,Cryptophyta,4.866557,3.2180362
2023-12-12,1,Cryptophyta,6.099259,4.6424665
2023-12-13,1,Cryptophyta,5.3320804,5.3928056
2023-12-14,1,Cryptophyta,6.7810683,4.862
2023-12-15,1,Cryptophyta,6.163149,5.254137
2023-12-16,1,Cryptophyta,5.54523,5.114949
2023-12-17,1,Cryptophyta,3.1431665,5.074103
2023-12-18,1,Cryptophyta,3.3976405,3.329365
2023-12-19,1,Cryptophyta,4.9305954,3.0948906
2023-12-20,1,Cryptophyta,3.6816366,3.635638
2023-12-21,1,Cryptophyta,3.0250509,2.8361337
2023-12-22,1,Cryptophyta,3.5993946,2.697652
2023-12-23,1,Cryptophyta,3.5110064,2.9766097
2023-12-24,1,Cryptophyta,3.3612518,2.985908
2023-12-25,1,Cryptophyta,4.143041,2.9730346
2023-12-26,1,Cryptophyta,8.3693905,3.3477972
2023-12-27,1,Cryptophyta,7.794155,4.618089
2020-10-29,2,Cryptophyta,4.774588,1.3114117
2020-10-30,2,Cryptophyta,6.4135556,1.9474843
2020-10-31,2,Cryptophyta,2.063502,2.6921222
2020-11-01,2,Cryptophyta,2.9815042,3.1420712
2020-11-02,2,Cryptophyta,2.4898262,1.5362945
2020-11-03,2,Cryptophyta,1.4050977,1.5739131
2020-11-04,2,Cryptophyta,1.058533,1.2329779
2020-11-05,2,Cryptophyta,0.4326792,0.85195196
2020-11-06,2,Cryptophyta,2.0832295,0.8015566
2020-11-07,2,Cryptophyta,4.693758,0.5872154
2020-11-08,2,Cryptophyta,1.0451305,1.4498923
2020-11-09,2,Cryptophyta,0.93248004,2.5221102
2020-11-10,2,Cryptophyta,0.7796366,1.3010182
2020-11-11,2,Cryptophyta,0.9081858,1.1397954
2020-11-12,2,Cryptophyta,0.9168905,0.99046576
2020-11-13,2,Cryptophyta,1.4211985,1.0993891
2020-11-14,2,Cryptophyta,2.0446377,1.1721275
2020-11-15,2,Cryptophyta,1.2189211,1.4890922
2020-11-16,2,Cryptophyta,2.869199,1.8197166
2020-11-17,2,Cryptophyta,2.9393878,1.7962987
2020-11-18,2,Cryptophyta,2.1355057,2.9608064
2020-11-19,2,Cryptophyta,5.508126,2.6492102
2020-11-20,2,Cryptophyta,2.4160047,2.231906
2020-11-21,2,Cryptophyta,3.1686294,2.4750457
2020-11-22,2,Cryptophyta,2.8650892,1.8440015
2020-11-23,2,Cryptophyta,1.2395797,1.9873189
2020-11-24,2,Cryptophyta,1.531438,1.9712963
2020-11-25,2,Cryptophyta,1.414658,1.327552
2020-11-26,2,Cryptophyta,4.4915557,1.198605
2020-11-27,2,Cryptophyta,1.921042,1.0856398
2020-11-28,2,Cryptophyta,1.37678,2.508996
2020-11-29,2,Cryptophyta,1.6549928,1.501239
2020-11-30,2,Cryptophyta,0.13129526,1.2925242
2020-12-01,2,Cryptophyta,0.28309917,1.1633261
2020-12-02,2,Cryptophyta,0.8165774,0.37802875
2020-12-03,2,Cryptophyta,0.39298117,0.4258605
2020-12-04,2,Cryptophyta,0.7697974,0.7297836
2020-12-05,2,Cryptophyta,0.27719247,0.4926052
2020-12-06,2,Cryptophyta,0.2930608,0.6923213
2020-12-07,2,Cryptophyta,0.45009413,0.47988963
2020-12-08,2,Cryptophyta,0.70262855,0.55090475
2020-12-09,2,Cryptophyta,1.2964157,0.76285803
2020-12-10,2,Cryptophyta,0.8849384,0.9469349
2020-12-11,2,Cryptophyta,0.4182911,1.5949675
2020-12-12,2,Cryptophyta,1.2485663,1.5409327
2020-12-13,2,Cryptophyta,4.7039027,1.0789889
2020-12-14,2,Cryptophyta,0.6753835,1.8739308
2020-12-15,2,Cryptophyta,0.16052096,3.543873
2020-12-16,2,Cryptophyta,0.20374095,1.1732949
2020-12-17,2,Cryptophyta,0.33086172,0.64525944
2020-12-18,2,Cryptophyta,0.36293116,0.5406696
2020-12-19,2,Cryptophyta,0.6879812,0.6374135
2020-12-20,2,Cryptophyta,1.0289001,0.6801011
2020-12-21,2,Cryptophyta,1.52769,0.99552405
2020-12-22,2,Cryptophyta,1.4272194,1.4271864
2020-12-23,2,Cryptophyta,3.3130145,1.874663
2020-12-24,2,Cryptophyta,2.4671543,1.9917984
2020-12-25,2,Cryptophyta,1.2202317,2.9391177
2020-12-26,2,Cryptophyta,1.075974,2.4577959
2020-12-27,2,Cryptophyta,1.2043954,1.8564956
2020-12-28,2,Cryptophyta,5.7440696,1.776776
2020-12-29,2,Cryptophyta,5.131,1.9684588
2020-12-30,2,Cryptophyta,4.5179305,3.978819
2020-12-31,2,Cryptophyta,5.8423734,3.6790247
2021-01-01,2,Cryptophyta,2.6449928,2.9390569
2021-01-02,2,Cryptophyta,1.2774583,2.1883256
2021-01-03,2,Cryptophyta,1.0863966,1.3232634
2021-01-04,2,Cryptophyta,1.0671253,0.8133984
2021-01-05,2,Cryptophyta,0.94905144,0.8345267
2021-01-06,2,Cryptophyta,1.8335047,0.9336495
2021-01-07,2,Cryptophyta,3.0565534,0.9775497
2021-01-08,2,Cryptophyta,1.30677,1.7854795
2021-01-09,2,Cryptophyta,0.993589,2.5930226
2021-01-10,2,Cryptophyta,0.8233068,1.8180351
2021-01-11,2,Cryptophyta,1.050239,1.8819342
2021-01-12,2,Cryptophyta,2.0137553,1.6307632
2021-01-13,2,Cryptophyta,2.547916,1.8040416
2021-01-14,2,Cryptophyta,2.8340523,2.3866074
2021-01-15,2,Cryptophyta,2.6274946,2.6573763
2021-01-16,2,Cryptophyta,3.0504706,3.0348973
2021-01-17,2,Cryptophyta,3.0277352,3.028775
2021-01-18,2,Cryptophyta,2.7913675,3.3420208
2021-01-19,2,Cryptophyta,2.3570838,3.1238105
2021-01-20,2,Cryptophyta,3.5750723,3.1331441
2021-01-21,2,Cryptophyta,4.109334,2.8595402
2021-01-22,2,Cryptophyta,3.7022157,3.8434641
2021-01-23,2,Cryptophyta,4.783394,3.9904354
2021-01-24,2,Cryptophyta,2.2128148,4.2576976
2021-01-25,2,Cryptophyta,3.627907,4.553467
2021-01-26,2,Cryptophyta,3.7955356,3.3745365
2021-01-27,2,Cryptophyta,5.924356,3.8288784
2021-01-28,2,Cryptophyta,3.6009696,4.041233
2021-01-29,2,Cryptophyta,4.706469,3.9609568
2021-01-30,2,Cryptophyta,5.1016426,3.7022035
2021-01-31,2,Cryptophyta,3.963237,3.7042255
2021-02-01,2,Cryptophyta,3.4826646,4.143805
2021-02-02,2,Cryptophyta,3.2203693,4.039657
2021-02-03,2,Cryptophyta,2.5164735,3.7720695
2021-02-04,2,Cryptophyta,3.3825343,3.801535
2021-02-05,2,Cryptophyta,3.3017147,3.09604
2021-02-06,2,Cryptophyta,2.9269514,3.5797522
2021-02-07,2,Cryptophyta,2.3131208,3.5016692
2021-02-08,2,Cryptophyta,1.9849964,3.42036
2021-02-09,2,Cryptophyta,3.425029,2.9674134
2021-02-10,2,Cryptophyta,5.069283,2.7939136
2021-02-11,2,Cryptophyta,3.250572,3.260636
2021-02-12,2,Cryptophyta,2.8851557,3.6325982
2021-02-13,2,Cryptophyta,6.569689,3.2003202
2021-02-14,2,Cryptophyta,5.033589,3.2230973
2021-02-15,2,Cryptophyta,3.6312373,4.8934283
2021-02-16,2,Cryptophyta,4.1591535,4.0308146
2021-02-17,2,Cryptophyta,3.4927206,3.1242979
2021-02-18,2,Cryptophyta,2.1676483,3.7097821
2021-02-19,2,Cryptophyta,2.7191303,2.3600914
2021-02-20,2,Cryptophyta,2.3670385,2.109948
2021-02-21,2,Cryptophyta,2.7633286,2.2941062
2021-02-22,2,Cryptophyta,2.4508183,2.04195
2021-02-23,2,Cryptophyta,2.3480086,2.5507925
2021-02-24,2,Cryptophyta,1.872853,2.4655714
2021-02-25,2,Cryptophyta,3.0860362,2.5833979
2021-02-26,2,Cryptophyta,3.569427,2.3838902
2021-02-27,2,Cryptophyta,3.2749453,3.1128922
2021-02-28,2,Cryptophyta,2.9949775,3.2039123
2021-03-01,2,Cryptophyta,1.9386367,3.1930494
2021-03-02,2,Cryptophyta,2.0704148,2.99649
2021-03-03,2,Cryptophyta,3.985123,2.2952013
2021-03-04,2,Cryptophyta,2.5256224,2.4552226
2021-03-05,2,Cryptophyta,0.966932,3.6294568
2021-03-06,2,Cryptophyta,0.52926195,2.3395715
2021-03-07,2,Cryptophyta,0.5995007,1.408368
2021-03-08,2,Cryptophyta,0.46934107,1.0528537
2021-03-09,2,Cryptophyta,0.53188133,1.050235
2021-03-10,2,Cryptophyta,0.67051375,1.1831961
2021-03-11,2,Cryptophyta,1.7803546,1.4220216
2021-03-12,2,Cryptophyta,2.5919247,1.8394474
2021-03-13,2,Cryptophyta,6.490051,3.0319262
2021-03-14,2,Cryptophyta,3.7538712,3.6590903
2021-03-15,2,Cryptophyta,3.1785095,4.6797404
2021-03-16,2,Cryptophyta,2.4393127,3.0175216
2021-03-17,2,Cryptophyta,1.4057163,2.403102
2021-03-18,2,Cryptophyta,1.2176338,1.7869124
2021-03-19,2,Cryptophyta,0.5862518,1.0594178
2021-03-20,2,Cryptophyta,0.23516648,0.9200814
2021-03-21,2,Cryptophyta,0.024312591,0.5814968
2021-03-22,2,Cryptophyta,0.20230821,0.40077636
2021-03-23,2,Cryptophyta,0.41667634,0.19731954
2021-03-24,2,Cryptophyta,0.2692962,0.28221586
2021-03-25,2,Cryptophyta,0.32939044,0.48413363
2021-03-26,2,Cryptophyta,0.32711288,0.48046678
2021-03-27,2,Cryptophyta,0.45832005,0.7026434
2021-03-28,2,Cryptophyta,0.7455974,1.0066602
2021-03-29,2,Cryptophyta,2.5559523,1.5172824
2021-03-30,2,Cryptophyta,3.8826284,2.1712236
2021-03-31,2,Cryptophyta,3.3377802,3.4540014
2021-04-01,2,Cryptophyta,1.2241564,3.233168
2021-04-02,2,Cryptophyta,0.2549022,2.1593084
2021-04-03,2,Cryptophyta,0.23659663,1.1156507
2021-04-04,2,Cryptophyta,0.053678524,0.50651777
2021-04-05,2,Cryptophyta,0.013581768,0.647135
2021-04-06,2,Cryptophyta,0.05430536,0.37962148
2021-04-07,2,Cryptophyta,0.032896426,0.34016258
2021-04-08,2,Cryptophyta,0.05452243,0.43638375
2021-04-09,2,Cryptophyta,0.111700416,0.53391296
2021-04-10,2,Cryptophyta,0.36037627,0.5785447
2021-04-11,2,Cryptophyta,0.9309045,0.7679813
2021-04-12,2,Cryptophyta,4.4353657,1.2050761
2021-04-13,2,Cryptophyta,4.5296745,1.8043544
2021-04-14,2,Cryptophyta,4.7901015,3.3461125
2021-04-15,2,Cryptophyta,4.097689,3.5830545
2021-04-16,2,Cryptophyta,3.4052775,3.5249655
2021-04-17,2,Cryptophyta,6.085865,2.5445676
2021-04-18,2,Cryptophyta,0.7100869,2.136575
2021-04-19,2,Cryptophyta,0.6453512,2.8688183
2021-04-20,2,Cryptophyta,0.84328747,1.2132748
2021-04-21,2,Cryptophyta,1.7741998,1.1268598
2021-04-22,2,Cryptophyta,3.597625,1.1450665
2021-04-23,2,Cryptophyta,2.9359233,1.6974438
2021-04-24,2,Cryptophyta,3.833693,2.4495041
2021-04-25,2,Cryptophyta,4.4633455,2.3555446
2021-04-26,2,Cryptophyta,1.0418307,2.3487542
2021-04-27,2,Cryptophyta,0.21408828,2.241119
2021-04-28,2,Cryptophyta,0.014493498,0.75237817
2021-04-29,2,Cryptophyta,0.039790172,0.45993257
2021-04-30,2,Cryptophyta,0.28643999,0.37786528
2021-05-01,2,Cryptophyta,2.2824168,0.52772015
2021-05-02,2,Cryptophyta,2.6909986,0.6166237
2021-05-03,2,Cryptophyta,2.769449,1.6784521
2021-05-04,2,Cryptophyta,0.42055428,2.0098436
2021-05-05,2,Cryptophyta,1.0409683,2.2441237
2021-05-06,2,Cryptophyta,2.7422197,1.0586439
2021-05-07,2,Cryptophyta,2.4887962,1.1666939
2021-05-08,2,Cryptophyta,4.2748013,1.7669542
2021-05-09,2,Cryptophyta,6.8061724,1.758344
2021-05-10,2,Cryptophyta,4.8118887,2.6572504
2021-05-11,2,Cryptophyta,6.5926557,3.2910223
2021-05-12,2,Cryptophyta,6.2209406,2.6024666
2021-05-13,2,Cryptophyta,5.8229237,2.63072
2021-05-14,2,Cryptophyta,1.5781838,2.1957197
2021-05-15,2,Cryptophyta,1.0210347,2.4715266
2021-05-16,2,Cryptophyta,0.43799567,1.2011263
2021-05-17,2,Cryptophyta,0.6316715,0.8172807
2021-05-18,2,Cryptophyta,0.9674602,0.6421531
2021-05-19,2,Cryptophyta,0.525887,0.9094588
2021-05-20,2,Cryptophyta,1.4451882,1.2129864
2021-05-21,2,Cryptophyta,1.1084154,0.8251254
2021-05-22,2,Cryptophyta,1.0994352,1.1915174
2021-05-23,2,Cryptophyta,0.3843736,1.0288141
2021-05-24,2,Cryptophyta,1.8047323,1.1802741
2021-05-25,2,Cryptophyta,0.6530318,0.8037222
2021-05-26,2,Cryptophyta,0.57416064,1.4488062
2021-05-27,2,Cryptophyta,2.3588858,0.9290622
2021-05-28,2,Cryptophyta,3.7486877,0.9963171
2021-05-29,2,Cryptophyta,0.98348767,1.4422555
2021-05-30,2,Cryptophyta,0.11463098,1.3310673
2021-05-31,2,Cryptophyta,0.027501792,0.6851232
2021-06-01,2,Cryptophyta,0.009999991,0.20384225
2021-06-02,2,Cryptophyta,0.009999991,0.08745427
2021-06-03,2,Cryptophyta,0.009999991,0.012314435
2021-06-04,2,Cryptophyta,0.011448221,0.0036079185
2021-06-05,2,Cryptophyta,0.009999991,0.012932084
2021-06-06,2,Cryptophyta,0.22102822,0.037195764
2021-06-07,2,Cryptophyta,1.2524167,0.120301105
2021-06-08,2,Cryptophyta,2.9655645,0.42216262
2021-06-09,2,Cryptophyta,0.59876263,1.1264616
2021-06-10,2,Cryptophyta,0.90918237,2.0235093
2021-06-11,2,Cryptophyta,1.1005427,1.7050996
2021-06-12,2,Cryptophyta,2.717328,2.3838885
2021-06-13,2,Cryptophyta,6.692701,2.7804432
2021-06-14,2,Cryptophyta,3.8272846,3.8356843
2021-06-15,2,Cryptophyta,5.550228,4.6343794
2021-06-16,2,Cryptophyta,7.2731714,4.301402
2021-06-17,2,Cryptophyta,3.9749167,3.7860959
2021-06-18,2,Cryptophyta,1.4805058,2.437206
2021-06-19,2,Cryptophyta,0.7167053,1.2019842
2021-06-20,2,Cryptophyta,1.0034058,0.45046735
2021-06-21,2,Cryptophyta,0.36990592,0.3476717
2021-06-22,2,Cryptophyta,0.63429683,0.513243
2021-06-23,2,Cryptophyta,0.8823589,0.31069344
2021-06-24,2,Cryptophyta,0.4316136,0.47106758
2021-06-25,2,Cryptophyta,1.4246527,0.6031296
2021-06-26,2,Cryptophyta,0.8443198,0.74147844
2021-06-27,2,Cryptophyta,5.683697,1.6356475
2021-06-28,2,Cryptophyta,5.1820374,1.5111959
2021-06-29,2,Cryptophyta,4.680376,3.1678076
2021-06-30,2,Cryptophyta,2.233973,3.5690796
2021-07-01,2,Cryptophyta,2.7452605,3.5181005
2021-07-02,2,Cryptophyta,3.114732,2.7061434
2021-07-03,2,Cryptophyta,4.5960784,2.6928306
2021-07-04,2,Cryptophyta,1.1919392,2.0176013
2021-07-05,2,Cryptophyta,2.188618,1.9036485
2021-07-06,2,Cryptophyta,0.89488775,0.8504688
2021-07-07,2,Cryptophyta,1.1724837,1.0491058
2021-07-08,2,Cryptophyta,2.041239,0.7096875
2021-07-09,2,Cryptophyta,0.09234785,0.6140902
2021-07-10,2,Cryptophyta,0.11277334,1.034285
2021-07-11,2,Cryptophyta,0.11111517,0.34958208
2021-07-12,2,Cryptophyta,0.19445011,0.46436626
2021-07-13,2,Cryptophyta,0.14789437,0.5723626
2021-07-14,2,Cryptophyta,2.0088196,0.75805736
2021-07-15,2,Cryptophyta,3.3283792,0.7411541
2021-07-16,2,Cryptophyta,2.9782705,1.881036
2021-07-17,2,Cryptophyta,3.991751,2.1088302
2021-07-18,2,Cryptophyta,2.4407308,2.633269
2021-07-19,2,Cryptophyta,1.8509196,2.4738095
2021-07-20,2,Cryptophyta,0.30619845,1.722082
2021-07-21,2,Cryptophyta,0.5183273,1.0243357
2021-07-22,2,Cryptophyta,0.29636496,0.37183684
2021-07-23,2,Cryptophyta,2.2086678,0.512821
2021-07-24,2,Cryptophyta,2.187364,0.43567106
2021-07-25,2,Cryptophyta,2.1352136,1.7106827
2021-07-26,2,Cryptophyta,1.2728292,1.5804267
2021-07-27,2,Cryptophyta,0.7636324,1.5693251
2021-07-28,2,Cryptophyta,0.08968883,0.7607091
2021-07-29,2,Cryptophyta,0.35649782,0.31035137
2021-07-30,2,Cryptophyta,0.28621292,0.17438944
2021-07-31,2,Cryptophyta,0.8985962,0.5342605
2021-08-01,2,Cryptophyta,1.3469175,0.7351216
2021-08-02,2,Cryptophyta,1.7300363,1.0514176
2021-08-03,2,Cryptophyta,0.32100654,0.8444766
2021-08-04,2,Cryptophyta,0.14803037,0.67198163
2021-08-05,2,Cryptophyta,0.009999991,0.2418562
2021-08-06,2,Cryptophyta,0.009999991,0.09961506
2021-08-07,2,Cryptophyta,0.009999991,-0.047233887
2021-08-08,2,Cryptophyta,0.009999991,-0.055708423
2021-08-09,2,Cryptophyta,0.23199858,-0.05291629
2021-08-10,2,Cryptophyta,0.034522396,0.03194089
2021-08-11,2,Cryptophyta,0.045955125,0.3312403
2021-08-12,2,Cryptophyta,0.33081767,0.4733295
2021-08-13,2,Cryptophyta,0.2818487,0.88155764
2021-08-14,2,Cryptophyta,3.3812597,1.7338909
2021-08-15,2,Cryptophyta,4.7306323,1.8093251
2021-08-16,2,Cryptophyta,1.2108259,3.4610307
2021-08-17,2,Cryptophyta,0.8421241,3.2537513
2021-08-18,2,Cryptophyta,3.8678281,2.2489982
2021-08-19,2,Cryptophyta,6.1408067,1.3938946
2021-08-20,2,Cryptophyta,4.1655927,2.196676
2021-08-21,2,Cryptophyta,1.9573146,2.7768672
2021-08-22,2,Cryptophyta,6.7205424,3.1632009
2021-08-23,2,Cryptophyta,6.412621,2.660687
2021-08-24,2,Cryptophyta,4.911873,3.235824
2021-08-25,2,Cryptophyta,5.530123,3.6419234
2021-08-26,2,Cryptophyta,4.9580812,3.2353094
2021-08-27,2,Cryptophyta,3.6376522,2.898852
2021-08-28,2,Cryptophyta,2.0945258,1.9501365
2021-08-29,2,Cryptophyta,1.1689283,1.2639477
2021-08-30,2,Cryptophyta,0.895105,0.78531486
2021-08-31,2,Cryptophyta,0.98863244,0.3733313
2021-09-01,2,Cryptophyta,0.47985527,0.40003362
2021-09-02,2,Cryptophyta,0.16972502,0.42316127
2021-09-03,2,Cryptophyta,0.16249637,0.48434332
2021-09-04,2,Cryptophyta,0.40104917,0.28557333
2021-09-05,2,Cryptophyta,0.5010926,0.24342659
2021-09-06,2,Cryptophyta,0.21408828,0.5790049
2021-09-07,2,Cryptophyta,0.09729903,0.65302503
2021-09-08,2,Cryptophyta,0.18883504,0.39507186
2021-09-09,2,Cryptophyta,0.8836324,0.36153948
2021-09-10,2,Cryptophyta,0.94916064,0.48137674
2021-09-11,2,Cryptophyta,2.8891752,0.8836937
2021-09-12,2,Cryptophyta,3.9723084,0.7482815
2021-09-13,2,Cryptophyta,1.3835337,1.3331099
2021-09-14,2,Cryptophyta,0.8942071,1.216466
2021-09-15,2,Cryptophyta,0.11826209,0.66091275
2021-09-16,2,Cryptophyta,0.03495292,0.27345335
2021-09-17,2,Cryptophyta,0.021180328,0.07654993
2021-09-18,2,Cryptophyta,0.014590886,0.030666858
2021-09-19,2,Cryptophyta,0.027762465,0.06400301
2021-09-20,2,Cryptophyta,0.014923933,0.16026652
2021-09-21,2,Cryptophyta,0.013330923,0.33148167
2021-09-22,2,Cryptophyta,0.02899346,0.54012674
2021-09-23,2,Cryptophyta,0.031630408,0.22924323
2021-09-24,2,Cryptophyta,0.016531473,0.23980656
2021-09-25,2,Cryptophyta,0.025249824,0.13986269
2021-09-26,2,Cryptophyta,0.020209959,0.07190381
2021-09-27,2,Cryptophyta,0.016162232,0.04346459
2021-09-28,2,Cryptophyta,0.012722697,0.009805787
2021-09-29,2,Cryptophyta,0.014996384,-0.01141904
2021-09-30,2,Cryptophyta,0.027639415,0.035140447
2021-10-01,2,Cryptophyta,0.0215858,-0.0076836045
2021-10-02,2,Cryptophyta,0.009999991,-0.01827338
2021-10-03,2,Cryptophyta,0.04314291,-0.06190361
2021-10-04,2,Cryptophyta,0.06171007,-0.030875003
2021-10-05,2,Cryptophyta,0.08027723,0.038665295
2021-10-06,2,Cryptophyta,0.09884436,0.03981273
2021-10-07,2,Cryptophyta,0.11741151,0.06703398
2021-10-08,2,Cryptophyta,0.13597873,0.0016387515
2021-10-09,2,Cryptophyta,0.15454592,0.029917102
2021-10-10,2,Cryptophyta,0.17311302,0.08069866
2021-10-11,2,Cryptophyta,0.19168025,0.104729965
2021-10-12,2,Cryptophyta,0.08330738,0.1595754
2021-10-13,2,Cryptophyta,0.20564081,0.08238759
2021-10-14,2,Cryptophyta,0.45210716,0.1343598
2021-10-15,2,Cryptophyta,1.9633454,0.21833943
2021-10-16,2,Cryptophyta,2.402042,0.2414478
2021-10-17,2,Cryptophyta,0.18239857,0.8334127
2021-10-18,2,Cryptophyta,0.14306079,0.48972952
2021-10-19,2,Cryptophyta,0.1371925,0.014626819
2021-10-20,2,Cryptophyta,0.10953692,0.120379046
2021-10-21,2,Cryptophyta,0.33654124,0.22449394
2021-10-22,2,Cryptophyta,0.09678729,0.15648606
2021-10-23,2,Cryptophyta,0.12801735,0.33370447
2021-10-24,2,Cryptophyta,0.15230823,0.30447602
2021-10-25,2,Cryptophyta,0.3744026,0.46873042
2021-10-26,2,Cryptophyta,0.5011505,0.66392535
2021-10-27,2,Cryptophyta,2.2271852,0.7258946
2021-10-28,2,Cryptophyta,5.092771,0.98426044
2021-10-29,2,Cryptophyta,4.4250436,2.3528008
2021-10-30,2,Cryptophyta,1.6537554,3.0546315
2021-10-31,2,Cryptophyta,1.1526773,2.4671314
2021-11-01,2,Cryptophyta,0.999602,1.2086813
2021-11-02,2,Cryptophyta,2.287547,1.1068962
2021-11-03,2,Cryptophyta,3.3543994,0.99397165
2021-11-04,2,Cryptophyta,1.814754,1.671288
2021-11-05,2,Cryptophyta,0.28529662,1.8338022
2021-11-06,2,Cryptophyta,0.8264255,1.2242749
2021-11-07,2,Cryptophyta,1.651774,0.5104581
2021-11-08,2,Cryptophyta,0.8663386,1.0635849
2021-11-09,2,Cryptophyta,0.98232996,1.6290125
2021-11-10,2,Cryptophyta,1.3961767,1.1209022
2021-11-11,2,Cryptophyta,0.55808246,1.1140848
2021-11-12,2,Cryptophyta,0.2808545,1.3063682
2021-11-13,2,Cryptophyta,0.22812591,0.7421204
2021-11-14,2,Cryptophyta,0.060130253,0.6004063
2021-11-15,2,Cryptophyta,0.064438835,0.64441293
2021-11-16,2,Cryptophyta,0.12549599,0.46294868
2021-11-17,2,Cryptophyta,0.12162303,0.4601402
2021-11-18,2,Cryptophyta,0.13411672,0.52586097
2021-11-19,2,Cryptophyta,0.038276628,0.5609631
2021-11-20,2,Cryptophyta,0.037277333,0.55657816
2021-11-21,2,Cryptophyta,0.14311372,0.42420653
2021-11-22,2,Cryptophyta,0.31098408,0.4563212
2021-11-23,2,Cryptophyta,0.028777102,0.62405074
2021-11-24,2,Cryptophyta,0.11981185,0.6018555
2021-11-25,2,Cryptophyta,0.089210704,0.23032081
2021-11-26,2,Cryptophyta,0.026425505,0.2843281
2021-11-27,2,Cryptophyta,0.080904454,0.2445653
2021-11-28,2,Cryptophyta,0.079240225,0.19361605
2021-11-29,2,Cryptophyta,0.13870382,0.23065032
2021-11-30,2,Cryptophyta,0.70564806,0.24596328
2021-12-01,2,Cryptophyta,0.46112964,0.34107855
2021-12-02,2,Cryptophyta,0.56976104,0.6584769
2021-12-03,2,Cryptophyta,0.44613323,0.3546929
2021-12-04,2,Cryptophyta,0.114030406,0.34606153
2021-12-05,2,Cryptophyta,0.13754705,0.35392576
2021-12-06,2,Cryptophyta,0.13356574,0.2709042
2021-12-07,2,Cryptophyta,0.13945727,0.30470076
2021-12-08,2,Cryptophyta,0.18000004,0.3060605
2021-12-09,2,Cryptophyta,0.22572987,0.30305246
2021-12-10,2,Cryptophyta,0.1674964,0.32944188
2021-12-11,2,Cryptophyta,0.536042,0.3839524
2021-12-12,2,Cryptophyta,0.33448946,0.29918557
2021-12-13,2,Cryptophyta,0.8888133,0.6091836
2021-12-14,2,Cryptophyta,1.109754,0.3845524
2021-12-15,2,Cryptophyta,1.157719,0.73588866
2021-12-16,2,Cryptophyta,0.9222013,0.92763823
2021-12-17,2,Cryptophyta,0.2394569,0.9929245
2021-12-18,2,Cryptophyta,0.17299783,0.8692232
2021-12-19,2,Cryptophyta,0.19939901,0.39923292
2021-12-20,2,Cryptophyta,0.0508104,0.34145063
2021-12-21,2,Cryptophyta,0.012547057,0.38028085
2021-12-22,2,Cryptophyta,1.1247612,0.22730967
2021-12-23,2,Cryptophyta,3.3235745,0.24403982
2021-12-24,2,Cryptophyta,5.3787045,0.71802217
2021-12-25,2,Cryptophyta,1.9026159,1.3546422
2021-12-26,2,Cryptophyta,1.5518523,1.7882154
2021-12-27,2,Cryptophyta,1.4961421,1.0245926
2021-12-28,2,Cryptophyta,2.0434694,0.83333147
2021-12-29,2,Cryptophyta,1.3157945,0.81436557
2021-12-30,2,Cryptophyta,1.7633647,1.1383663
2021-12-31,2,Cryptophyta,0.99547976,0.907713
2022-01-01,2,Cryptophyta,0.90334296,1.3265095
2022-01-02,2,Cryptophyta,0.460246,1.007475
2022-01-03,2,Cryptophyta,0.49183202,1.0328368
2022-01-04,2,Cryptophyta,0.8021434,0.71824425
2022-01-05,2,Cryptophyta,2.411108,0.78556013
2022-01-06,2,Cryptophyta,1.9298986,1.0189275
2022-01-07,2,Cryptophyta,1.4486893,1.9742105
2022-01-08,2,Cryptophyta,2.254236,1.5488234
2022-01-09,2,Cryptophyta,1.9260247,1.086607
2022-01-10,2,Cryptophyta,3.8141894,1.3237612
2022-01-11,2,Cryptophyta,3.3248262,1.1983628
2022-01-12,2,Cryptophyta,1.8018959,1.6541047
2022-01-13,2,Cryptophyta,0.6656151,1.3735768
2022-01-14,2,Cryptophyta,0.16721943,0.93725425
2022-01-15,2,Cryptophyta,0.40709117,0.4931259
2022-01-16,2,Cryptophyta,0.41276413,0.19454263
2022-01-17,2,Cryptophyta,0.12125267,0.3826132
2022-01-18,2,Cryptophyta,0.50808835,0.41737714
2022-01-19,2,Cryptophyta,0.29482982,0.25745448
2022-01-20,2,Cryptophyta,0.28364226,0.6342215
2022-01-21,2,Cryptophyta,0.73514116,0.66040975
2022-01-22,2,Cryptophyta,0.8555467,0.8640151
2022-01-23,2,Cryptophyta,6.0838957,1.4442577
2022-01-24,2,Cryptophyta,2.5067077,1.6666552
2022-01-25,2,Cryptophyta,3.2794752,3.605188
2022-01-26,2,Cryptophyta,4.0522428,3.6171324
2022-01-27,2,Cryptophyta,7.7161593,4.45795
2022-01-28,2,Cryptophyta,6.604,4.310793
2022-01-29,2,Cryptophyta,6.2652764,4.2523856
2022-01-30,2,Cryptophyta,4.679468,3.5269496
2022-01-31,2,Cryptophyta,2.0781941,2.7837832
2022-02-01,2,Cryptophyta,1.1183823,2.1666067
2022-02-02,2,Cryptophyta,2.0167906,1.3049049
2022-02-03,2,Cryptophyta,1.0336812,0.8070658
2022-02-04,2,Cryptophyta,1.8221382,1.051825
2022-02-05,2,Cryptophyta,2.1748297,0.5791436
2022-02-06,2,Cryptophyta,0.7498538,0.9752781
2022-02-07,2,Cryptophyta,1.6242288,1.2661723
2022-02-08,2,Cryptophyta,2.812573,0.89176315
2022-02-09,2,Cryptophyta,2.1546009,1.4487152
2022-02-10,2,Cryptophyta,2.7654421,1.927112
2022-02-11,2,Cryptophyta,1.6416949,2.0503886
2022-02-12,2,Cryptophyta,3.2547395,2.4448645
2022-02-13,2,Cryptophyta,4.4726844,2.2445974
2022-02-14,2,Cryptophyta,3.2693677,2.9533098
2022-02-15,2,Cryptophyta,3.0681496,3.1436996
2022-02-16,2,Cryptophyta,3.5129151,3.046544
2022-02-17,2,Cryptophyta,6.3626266,2.9350545
2022-02-18,2,Cryptophyta,5.7419825,3.0283968
2022-02-19,2,Cryptophyta,5.121339,3.4897282
2022-02-20,2,Cryptophyta,1.3447684,2.3568597
2022-02-21,2,Cryptophyta,0.34763938,1.5535591
2022-02-22,2,Cryptophyta,0.11295442,0.469282
2022-02-23,2,Cryptophyta,0.010837298,0.16059493
2022-02-24,2,Cryptophyta,0.2931932,0.099320725
2022-02-25,2,Cryptophyta,0.3498264,0.07350312
2022-02-26,2,Cryptophyta,0.40645963,0.1689697
2022-02-27,2,Cryptophyta,0.46309286,0.16897081
2022-02-28,2,Cryptophyta,0.23080894,0.246059
2022-03-01,2,Cryptophyta,0.66084886,0.35436895
2022-03-02,2,Cryptophyta,1.4105,0.30990735
2022-03-03,2,Cryptophyta,2.6836133,0.6308475
2022-03-04,2,Cryptophyta,3.074573,1.412589
2022-03-05,2,Cryptophyta,4.616686,2.6443737
2022-03-06,2,Cryptophyta,4.4455137,3.747652
2022-03-07,2,Cryptophyta,5.2407317,4.7443733
2022-03-08,2,Cryptophyta,3.0426722,5.625641
2022-03-09,2,Cryptophyta,2.6120565,6.043082
2022-03-10,2,Cryptophyta,3.1026852,4.389342
2022-03-11,2,Cryptophyta,5.934228,4.1216664
2022-03-12,2,Cryptophyta,5.9608407,5.0306067
2022-03-13,2,Cryptophyta,8.2981825,7.6145453
2022-03-14,2,Cryptophyta,8.111037,7.9174304
2022-03-15,2,Cryptophyta,7.923893,8.48469
2022-03-16,2,Cryptophyta,7.6927795,7.96049
2022-03-17,2,Cryptophyta,7.4616656,7.6741943
2022-03-18,2,Cryptophyta,7.230552,7.218352
2022-03-19,2,Cryptophyta,6.9994383,6.250575
2022-03-20,2,Cryptophyta,6.768325,5.5097103
2022-03-21,2,Cryptophyta,2.956575,4.2470193
2022-03-22,2,Cryptophyta,3.0413914,3.4257045
2022-03-23,2,Cryptophyta,1.2712663,1.6116512
2022-03-24,2,Cryptophyta,0.48071688,1.159368
2022-03-25,2,Cryptophyta,0.24598116,0.49364784
2022-03-26,2,Cryptophyta,0.17334539,0.14424819
2022-03-27,2,Cryptophyta,0.014066844,0.027667219
2022-03-28,2,Cryptophyta,0.009999991,-0.008523322
2022-03-29,2,Cryptophyta,0.009999991,-0.08670534
2022-03-30,2,Cryptophyta,0.011354405,-0.026207406
2022-03-31,2,Cryptophyta,0.011491702,-0.05591963
2022-04-01,2,Cryptophyta,0.0132873645,-0.054739732
2022-04-02,2,Cryptophyta,0.009999991,-0.05415509
2022-04-03,2,Cryptophyta,0.0104561765,0.050514963
2022-04-04,2,Cryptophyta,0.058059365,0.057255406
2022-04-05,2,Cryptophyta,0.5978168,0.111850806
2022-04-06,2,Cryptophyta,0.5055185,0.35476482
2022-04-07,2,Cryptophyta,1.6158104,1.067114
2022-04-08,2,Cryptophyta,3.517357,1.2648937
2022-04-09,2,Cryptophyta,3.552728,2.467211
2022-04-10,2,Cryptophyta,3.648052,3.7464347
2022-04-11,2,Cryptophyta,4.8602524,4.5141406
2022-04-12,2,Cryptophyta,5.7928276,5.1930923
2022-04-13,2,Cryptophyta,7.0250325,5.6748033
2022-04-14,2,Cryptophyta,7.4662733,6.70382
2022-04-15,2,Cryptophyta,6.0537853,6.6020155
2022-04-16,2,Cryptophyta,5.7560816,6.2494407
2022-04-17,2,Cryptophyta,5.326953,4.863173
2022-04-18,2,Cryptophyta,6.1952877,3.465396
2022-04-19,2,Cryptophyta,1.519471,3.1545908
2022-04-20,2,Cryptophyta,1.9496597,3.5593235
2022-04-21,2,Cryptophyta,2.6454587,1.774978
2022-04-22,2,Cryptophyta,4.0942683,2.3281372
2022-04-23,2,Cryptophyta,5.363492,2.5523498
2022-04-24,2,Cryptophyta,6.632715,3.7018182
2022-04-25,2,Cryptophyta,5.4636426,4.7980604
2022-04-26,2,Cryptophyta,5.049073,4.8057947
2022-04-27,2,Cryptophyta,4.6345043,4.0557785
2022-04-28,2,Cryptophyta,4.219935,2.9004264
2022-04-29,2,Cryptophyta,3.26207,1.8436553
2022-04-30,2,Cryptophyta,0.3818768,1.2900753
2022-05-01,2,Cryptophyta,0.3872826,0.8618108
2022-05-02,2,Cryptophyta,0.08944931,0.16742374
2022-05-03,2,Cryptophyta,0.25981158,0.15178744
2022-05-04,2,Cryptophyta,1.3497682,0.04229652
2022-05-05,2,Cryptophyta,2.010942,0.18807733
2022-05-06,2,Cryptophyta,4.4939523,0.79008746
2022-05-07,2,Cryptophyta,4.4601665,1.2201997
2022-05-08,2,Cryptophyta,3.5489104,2.4140537
2022-05-09,2,Cryptophyta,2.6376543,2.576838
2022-05-10,2,Cryptophyta,1.0043664,1.7682414
2022-05-11,2,Cryptophyta,0.4831377,1.0771
2022-05-12,2,Cryptophyta,0.5559877,0.33690432
2022-05-13,2,Cryptophyta,0.073652156,0.14964542
2022-05-14,2,Cryptophyta,0.009999991,0.18327752
2022-05-15,2,Cryptophyta,0.009999991,-0.0504509
2022-05-16,2,Cryptophyta,0.009999991,-0.0994314
2022-05-17,2,Cryptophyta,0.009999991,-0.08798699
2022-05-18,2,Cryptophyta,0.013930398,-0.04961993
2022-05-19,2,Cryptophyta,0.032872636,0.03968733
2022-05-20,2,Cryptophyta,0.58060104,0.10477807
2022-05-21,2,Cryptophyta,5.506287,0.14950633
2022-05-22,2,Cryptophyta,1.7813116,0.4990186
2022-05-23,2,Cryptophyta,1.5250723,1.548368
2022-05-24,2,Cryptophyta,2.5719986,0.7468714
2022-05-25,2,Cryptophyta,0.094826125,0.60253537
2022-05-26,2,Cryptophyta,0.38431472,0.76404417
2022-05-27,2,Cryptophyta,0.016613582,0.11981044
2022-05-28,2,Cryptophyta,0.009999991,0.2235389
2022-05-29,2,Cryptophyta,0.009999991,0.0051503615
2022-05-30,2,Cryptophyta,0.009999991,-0.029134413
2022-05-31,2,Cryptophyta,0.009999991,-0.009619837
2022-06-01,2,Cryptophyta,0.041579302,0.0018280662
2022-06-02,2,Cryptophyta,0.009999991,-0.046593994
2022-06-03,2,Cryptophyta,0.009999991,-0.043635067
2022-06-04,2,Cryptophyta,0.009999991,-0.037675135
2022-06-05,2,Cryptophyta,0.009999991,-0.057036992
2022-06-06,2,Cryptophyta,0.009999991,-0.100317605
2022-06-07,2,Cryptophyta,0.009999991,-0.042036485
2022-06-08,2,Cryptophyta,0.009999991,-0.019968048
2022-06-09,2,Cryptophyta,0.009999991,-0.048098627
2022-06-10,2,Cryptophyta,0.009999991,-0.11044962
2022-06-11,2,Cryptophyta,0.009999991,-0.08434416
2022-06-12,2,Cryptophyta,0.009999991,-0.08383853
2022-06-13,2,Cryptophyta,0.009999991,-0.057532065
2022-06-14,2,Cryptophyta,0.009999991,-0.05048655
2022-06-15,2,Cryptophyta,0.009999991,-0.08223708
2022-06-16,2,Cryptophyta,0.009999991,-0.14309771
2022-06-17,2,Cryptophyta,0.0147973765,-0.16357495
2022-06-18,2,Cryptophyta,0.073159404,-0.10540924
2022-06-19,2,Cryptophyta,0.06849167,-0.04246051
2022-06-20,2,Cryptophyta,0.14291817,0.077262774
2022-06-21,2,Cryptophyta,0.20932655,0.15976803
2022-06-22,2,Cryptophyta,0.23238957,0.25425255
2022-06-23,2,Cryptophyta,0.017235858,0.3548314
2022-06-24,2,Cryptophyta,0.040120743,0.36689574
2022-06-25,2,Cryptophyta,0.2839175,0.10038187
2022-06-26,2,Cryptophyta,0.035959456,0.16404977
2022-06-27,2,Cryptophyta,0.06081824,0.4370026
2022-06-28,2,Cryptophyta,0.27052093,0.18045983
2022-06-29,2,Cryptophyta,0.012525414,0.16180667
2022-06-30,2,Cryptophyta,0.6139971,0.2948762
2022-07-01,2,Cryptophyta,0.59884864,0.123295374
2022-07-02,2,Cryptophyta,0.026125995,0.3703361
2022-07-03,2,Cryptophyta,0.010289456,0.35200927
2022-07-04,2,Cryptophyta,0.009999991,0.09546094
2022-07-05,2,Cryptophyta,0.009999991,0.08256945
2022-07-06,2,Cryptophyta,0.009999991,0.07404398
2022-07-07,2,Cryptophyta,0.009999991,0.049320627
2022-07-08,2,Cryptophyta,0.02234078,0.041411962
2022-07-09,2,Cryptophyta,0.10539345,0.050605614
2022-07-10,2,Cryptophyta,0.24793312,0.09870231
2022-07-11,2,Cryptophyta,0.51225203,0.17725301
2022-07-12,2,Cryptophyta,0.3178261,0.33714798
2022-07-13,2,Cryptophyta,0.12300002,0.43906468
2022-07-14,2,Cryptophyta,1.7812928,0.33972052
2022-07-15,2,Cryptophyta,4.1484494,0.23346864
2022-07-16,2,Cryptophyta,0.7352533,0.7530455
2022-07-17,2,Cryptophyta,0.92751086,0.8665444
2022-07-18,2,Cryptophyta,0.22509077,0.30202004
2022-07-19,2,Cryptophyta,0.020543884,0.26442018
2022-07-20,2,Cryptophyta,0.043882452,0.116194025
2022-07-21,2,Cryptophyta,0.011791171,0.032003563
2022-07-22,2,Cryptophyta,0.010043729,0.07931404
2022-07-23,2,Cryptophyta,0.012169442,-0.046028614
2022-07-24,2,Cryptophyta,0.40781432,-0.08459395
2022-07-25,2,Cryptophyta,0.016661854,-0.05266122
2022-07-26,2,Cryptophyta,0.022054957,0.098841146
2022-07-27,2,Cryptophyta,0.020608686,-0.074727595
2022-07-28,2,Cryptophyta,0.010642375,-0.07494265
2022-07-29,2,Cryptophyta,0.07021444,-0.06393084
2022-07-30,2,Cryptophyta,0.103735305,0.010228975
2022-07-31,2,Cryptophyta,0.1372561,0.03817271
2022-08-01,2,Cryptophyta,0.17077692,0.093319826
2022-08-02,2,Cryptophyta,0.20429775,0.16341476
2022-08-03,2,Cryptophyta,0.2378185,0.24394199
2022-08-04,2,Cryptophyta,0.27133936,0.27572635
2022-08-05,2,Cryptophyta,0.30486017,0.28852403
2022-08-06,2,Cryptophyta,0.33838093,0.26005277
2022-08-07,2,Cryptophyta,0.37190175,0.23636557
2022-08-08,2,Cryptophyta,0.40542254,0.24568793
2022-08-09,2,Cryptophyta,0.43894336,0.29417992
2022-08-10,2,Cryptophyta,0.47246417,0.2986565
2022-08-11,2,Cryptophyta,0.505985,0.32314005
2022-08-12,2,Cryptophyta,0.5395058,0.3508713
2022-08-13,2,Cryptophyta,0.5730266,0.39286113
2022-08-14,2,Cryptophyta,0.6065474,0.39356756
2022-08-15,2,Cryptophyta,0.6400682,0.47868702
2022-08-16,2,Cryptophyta,0.67358905,0.5124535
2022-08-17,2,Cryptophyta,0.70710987,0.51132685
2022-08-18,2,Cryptophyta,0.7406306,0.5380796
2022-08-19,2,Cryptophyta,0.77415144,0.572037
2022-08-20,2,Cryptophyta,0.80767226,0.5773195
2022-08-21,2,Cryptophyta,0.8411931,0.6203865
2022-08-22,2,Cryptophyta,0.87471384,0.66307014
2022-08-23,2,Cryptophyta,0.90823466,0.695108
2022-08-24,2,Cryptophyta,0.9417555,0.7514389
2022-08-25,2,Cryptophyta,0.97527635,0.8366685
2022-08-26,2,Cryptophyta,1.008797,0.8739148
2022-08-27,2,Cryptophyta,1.042318,0.91511303
2022-08-28,2,Cryptophyta,1.0758387,0.9096162
2022-08-29,2,Cryptophyta,1.1093595,0.93246686
2022-08-30,2,Cryptophyta,1.1428803,1.0146174
2022-08-31,2,Cryptophyta,1.1764011,1.1258768
2022-09-01,2,Cryptophyta,1.209922,1.179787
2022-09-02,2,Cryptophyta,1.2434428,1.2325838
2022-09-03,2,Cryptophyta,1.2769636,1.146072
2022-09-04,2,Cryptophyta,1.3104844,1.1734831
2022-09-05,2,Cryptophyta,1.3440052,1.0641146
2022-09-06,2,Cryptophyta,1.377526,1.032097
2022-09-07,2,Cryptophyta,1.4110469,0.95626456
2022-09-08,2,Cryptophyta,1.4445677,1.0403788
2022-09-09,2,Cryptophyta,1.4780885,1.0167713
2022-09-10,2,Cryptophyta,1.5513841,0.957218
2022-09-11,2,Cryptophyta,1.6445435,0.96920073
2022-09-12,2,Cryptophyta,1.056165,0.99547935
2022-09-13,2,Cryptophyta,1.3345797,1.1032609
2022-09-14,2,Cryptophyta,2.154297,0.775807
2022-09-15,2,Cryptophyta,1.5098189,0.8711806
2022-09-16,2,Cryptophyta,0.62335265,1.012023
2022-09-17,2,Cryptophyta,0.5262518,0.77811426
2022-09-18,2,Cryptophyta,0.5816812,0.4173711
2022-09-19,2,Cryptophyta,0.26104993,0.4391187
2022-09-20,2,Cryptophyta,0.011123174,0.517947
2022-09-21,2,Cryptophyta,0.051745083,0.34790954
2022-09-22,2,Cryptophyta,0.030354569,0.20406732
2022-09-23,2,Cryptophyta,0.042973924,0.2050406
2022-09-24,2,Cryptophyta,0.13725565,0.16540594
2022-09-25,2,Cryptophyta,0.0662491,0.15870756
2022-09-26,2,Cryptophyta,0.19330437,0.15339431
2022-09-27,2,Cryptophyta,0.1107241,0.14153413
2022-09-28,2,Cryptophyta,1.4748371,0.15115894
2022-09-29,2,Cryptophyta,1.4093351,0.06540321
2022-09-30,2,Cryptophyta,0.43673825,0.3517947
2022-10-01,2,Cryptophyta,0.009999991,0.27961123
2022-10-02,2,Cryptophyta,0.0148912715,0.07622748
2022-10-03,2,Cryptophyta,0.07116495,-0.024630547
2022-10-04,2,Cryptophyta,0.19286546,-0.052183922
2022-10-05,2,Cryptophyta,0.009999991,-0.022227425
2022-10-06,2,Cryptophyta,0.009999991,-0.02493577
2022-10-07,2,Cryptophyta,0.009999991,-0.11880014
2022-10-08,2,Cryptophyta,0.009999991,-0.12846847
2022-10-09,2,Cryptophyta,0.018630426,-0.103131294
2022-10-10,2,Cryptophyta,0.013161731,-0.03173733
2022-10-11,2,Cryptophyta,0.024279546,0.09846878
2022-10-12,2,Cryptophyta,0.15063044,0.11564646
2022-10-13,2,Cryptophyta,0.012413051,0.0824009
2022-10-14,2,Cryptophyta,0.010152084,0.13898212
2022-10-15,2,Cryptophyta,0.010290094,0.065203644
2022-10-16,2,Cryptophyta,0.01853731,0.10379155
2022-10-17,2,Cryptophyta,0.028262116,0.15513006
2022-10-18,2,Cryptophyta,0.010137582,0.19468813
2022-10-19,2,Cryptophyta,0.05505431,0.1539464
2022-10-20,2,Cryptophyta,0.1891751,0.1534761
2022-10-21,2,Cryptophyta,0.30444208,0.16046952
2022-10-22,2,Cryptophyta,3.1631176,0.25524187
2022-10-23,2,Cryptophyta,0.263108,0.2611677
2022-10-24,2,Cryptophyta,0.21729375,1.0271319
2022-10-25,2,Cryptophyta,0.059153363,0.16982013
2022-10-26,2,Cryptophyta,0.059789892,0.0439489
2022-10-27,2,Cryptophyta,0.047026042,-0.06348743
2022-10-28,2,Cryptophyta,0.107351705,-0.070632376
2022-10-29,2,Cryptophyta,0.0664518,-0.06753964
2022-10-30,2,Cryptophyta,0.05750361,-0.021857936
2022-10-31,2,Cryptophyta,0.066642515,-0.02457546
2022-11-01,2,Cryptophyta,0.09764286,0.016137144
2022-11-02,2,Cryptophyta,0.11699055,0.04979954
2022-11-03,2,Cryptophyta,0.17307027,0.10703312
2022-11-04,2,Cryptophyta,0.085826114,0.12540606
2022-11-05,2,Cryptophyta,0.06902318,0.1580318
2022-11-06,2,Cryptophyta,0.055853847,0.096142195
2022-11-07,2,Cryptophyta,0.1524133,0.07750581
2022-11-08,2,Cryptophyta,2.7645764,0.17444427
2022-11-09,2,Cryptophyta,1.2183956,0.2036274
2022-11-10,2,Cryptophyta,0.56341535,1.1965703
2022-11-11,2,Cryptophyta,0.70662564,0.6862017
2022-11-12,2,Cryptophyta,0.9455072,0.44115987
2022-11-13,2,Cryptophyta,0.2735725,0.4423747
2022-11-14,2,Cryptophyta,0.19732274,0.5140173
2022-11-15,2,Cryptophyta,0.21539077,0.22793917
2022-11-16,2,Cryptophyta,0.09860967,0.12805569
2022-11-17,2,Cryptophyta,0.08582912,0.021652684
2022-11-18,2,Cryptophyta,0.05319826,-0.08069824
2022-11-19,2,Cryptophyta,0.24602175,-0.10482755
2022-11-20,2,Cryptophyta,0.22234443,-0.06615133
2022-11-21,2,Cryptophyta,0.14946416,0.08292507
2022-11-22,2,Cryptophyta,0.13514844,0.024881456
2022-11-23,2,Cryptophyta,0.32496366,-0.007976996
2022-11-24,2,Cryptophyta,0.04255429,-0.0039629666
2022-11-25,2,Cryptophyta,0.13866036,0.09270702
2022-11-26,2,Cryptophyta,0.011700435,-0.04339402
2022-11-27,2,Cryptophyta,0.051456515,-0.04346321
2022-11-28,2,Cryptophyta,0.07280031,-0.07273355
2022-11-29,2,Cryptophyta,0.01386674,-0.029010195
2022-11-30,2,Cryptophyta,0.13835019,0.03646023
2022-12-01,2,Cryptophyta,0.025166452,0.0514663
2022-12-02,2,Cryptophyta,0.15414065,0.15339823
2022-12-03,2,Cryptophyta,0.16071686,0.15510127
2022-12-04,2,Cryptophyta,0.14975378,0.2771404
2022-12-05,2,Cryptophyta,0.7071791,0.28649408
2022-12-06,2,Cryptophyta,0.8909427,0.24419358
2022-12-07,2,Cryptophyta,1.0464518,0.46893612
2022-12-08,2,Cryptophyta,0.9203116,0.4305869
2022-12-09,2,Cryptophyta,1.654772,0.48198047
2022-12-10,2,Cryptophyta,1.3442216,0.42880413
2022-12-11,2,Cryptophyta,0.2558943,0.64029396
2022-12-12,2,Cryptophyta,0.23369749,0.47816813
2022-12-13,2,Cryptophyta,0.18690802,0.028802987
2022-12-14,2,Cryptophyta,0.08117475,-0.030580431
2022-12-15,2,Cryptophyta,0.12455794,-0.033812445
2022-12-16,2,Cryptophyta,0.06581464,-0.051909663
2022-12-17,2,Cryptophyta,0.13824038,-0.016714077
2022-12-18,2,Cryptophyta,0.18520641,0.026453357
2022-12-19,2,Cryptophyta,0.12663768,0.07302719
2022-12-20,2,Cryptophyta,0.1604924,0.106779315
2022-12-21,2,Cryptophyta,0.1743573,0.10215111
2022-12-22,2,Cryptophyta,0.23126812,0.13528705
2022-12-23,2,Cryptophyta,0.1509928,0.16370827
2022-12-24,2,Cryptophyta,0.1620203,0.1817102
2022-12-25,2,Cryptophyta,0.21839248,0.19149247
2022-12-26,2,Cryptophyta,0.23416787,0.20725329
2022-12-27,2,Cryptophyta,0.21106365,0.23807676
2022-12-28,2,Cryptophyta,0.19214647,0.26941866
2022-12-29,2,Cryptophyta,0.3410203,0.22161971
2022-12-30,2,Cryptophyta,0.35081884,0.24425374
2022-12-31,2,Cryptophyta,0.49809423,0.36159673
2023-01-01,2,Cryptophyta,0.18109258,0.42971954
2023-01-02,2,Cryptophyta,0.31292963,0.5845497
2023-01-03,2,Cryptophyta,0.07629438,0.41653058
2023-01-04,2,Cryptophyta,3.205677,0.5856987
2023-01-05,2,Cryptophyta,4.054281,0.52415365
2023-01-06,2,Cryptophyta,4.902886,3.0223682
2023-01-07,2,Cryptophyta,5.75149,3.547073
2023-01-08,2,Cryptophyta,6.600094,4.605654
2023-01-09,2,Cryptophyta,6.476336,5.346485
2023-01-10,2,Cryptophyta,6.3525777,5.278202
2023-01-11,2,Cryptophyta,7.391216,5.393586
2023-01-12,2,Cryptophyta,6.5247107,5.42597
2023-01-13,2,Cryptophyta,6.205655,5.7969284
2023-01-14,2,Cryptophyta,5.886599,5.7880254
2023-01-15,2,Cryptophyta,3.070391,5.3517394
2023-01-16,2,Cryptophyta,3.2330124,4.976596
2023-01-17,2,Cryptophyta,3.5090666,3.084997
2023-01-18,2,Cryptophyta,1.8202682,2.886284
2023-01-19,2,Cryptophyta,1.4881377,3.2884161
2023-01-20,2,Cryptophyta,1.890601,2.2187057
2023-01-21,2,Cryptophyta,2.4779377,2.2060175
2023-01-22,2,Cryptophyta,5.5649133,2.6348047
2023-01-23,2,Cryptophyta,6.253169,2.9831676
2023-01-24,2,Cryptophyta,2.7285879,4.4724097
2023-01-25,2,Cryptophyta,3.2420566,4.4680295
2023-01-26,2,Cryptophyta,3.3563943,3.442966
2023-01-27,2,Cryptophyta,3.5607386,3.4795897
2023-01-28,2,Cryptophyta,2.948197,3.202815
2023-01-29,2,Cryptophyta,2.329044,3.4631023
2023-01-30,2,Cryptophyta,1.9131858,3.0035877
2023-01-31,2,Cryptophyta,4.070152,2.9810197
2023-02-01,2,Cryptophyta,5.226647,2.817187
2023-02-02,2,Cryptophyta,7.453282,3.4332697
2023-02-03,2,Cryptophyta,4.521753,3.863428
2023-02-04,2,Cryptophyta,4.6141877,4.3348475
2023-02-05,2,Cryptophyta,4.706622,3.7972395
2023-02-06,2,Cryptophyta,4.7990575,4.1438856
2023-02-07,2,Cryptophyta,6.802565,4.2496724
2023-02-08,2,Cryptophyta,5.860838,4.5392575
2023-02-09,2,Cryptophyta,4.919111,4.8331895
2023-02-10,2,Cryptophyta,4.0689564,4.4846597
2023-02-11,2,Cryptophyta,5.0742173,4.1255546
2023-02-12,2,Cryptophyta,3.9877925,3.1364834
2023-02-13,2,Cryptophyta,3.0906606,3.5287697
2023-02-14,2,Cryptophyta,4.7804313,2.758771
2023-02-15,2,Cryptophyta,3.154463,2.5505788
2023-02-16,2,Cryptophyta,2.5376039,2.693664
2023-02-17,2,Cryptophyta,2.6187308,2.171642
2023-02-18,2,Cryptophyta,3.3592136,2.0577397
2023-02-19,2,Cryptophyta,2.9372036,2.0233405
2023-02-20,2,Cryptophyta,2.8396633,2.389382
2023-02-21,2,Cryptophyta,2.0213537,2.2337635
2023-02-22,2,Cryptophyta,1.5460931,2.359684
2023-02-23,2,Cryptophyta,3.0472844,1.8753569
2023-02-24,2,Cryptophyta,2.540876,1.6742264
2023-02-25,2,Cryptophyta,1.6696993,2.2914069
2023-02-26,2,Cryptophyta,1.8506247,2.0148513
2023-02-27,2,Cryptophyta,2.4273033,1.7291414
2023-02-28,2,Cryptophyta,4.0576186,1.7654194
2023-03-01,2,Cryptophyta,3.1774063,1.9981381
2023-03-02,2,Cryptophyta,1.9276384,2.7722507
2023-03-03,2,Cryptophyta,1.4349824,2.422305
2023-03-04,2,Cryptophyta,1.4693632,2.0229383
2023-03-05,2,Cryptophyta,1.3964868,1.8219874
2023-03-06,2,Cryptophyta,1.3642833,1.7886773
2023-03-07,2,Cryptophyta,2.018636,1.6949883
2023-03-08,2,Cryptophyta,2.042899,1.629676
2023-03-09,2,Cryptophyta,1.9240745,1.9534456
2023-03-10,2,Cryptophyta,1.8107322,1.9523834
2023-03-11,2,Cryptophyta,1.7866005,1.9663801
2023-03-12,2,Cryptophyta,1.9636885,1.9735672
2023-03-13,2,Cryptophyta,1.6649137,1.9789572
2023-03-14,2,Cryptophyta,1.6280838,2.0721052
2023-03-15,2,Cryptophyta,1.6098557,2.0159595
2023-03-16,2,Cryptophyta,1.5768707,1.9212279
2023-03-17,2,Cryptophyta,2.1391935,1.9066951
2023-03-18,2,Cryptophyta,2.3038106,1.9002393
2023-03-19,2,Cryptophyta,1.9287786,2.0353317
2023-03-20,2,Cryptophyta,1.5824027,2.175318
2023-03-21,2,Cryptophyta,1.5820714,1.9622945
2023-03-22,2,Cryptophyta,1.3658339,1.9805549
2023-03-23,2,Cryptophyta,2.0884864,1.7440772
2023-03-24,2,Cryptophyta,3.786341,1.8471972
2023-03-25,2,Cryptophyta,2.1906228,2.5182028
2023-03-26,2,Cryptophyta,2.1829119,2.861006
2023-03-27,2,Cryptophyta,2.6158876,1.9258524
2023-03-28,2,Cryptophyta,2.740476,2.2794664
2023-03-29,2,Cryptophyta,2.5346584,2.169233
2023-03-30,2,Cryptophyta,2.3052733,2.0688727
2023-03-31,2,Cryptophyta,2.1105404,1.8484777
2023-04-01,2,Cryptophyta,1.7814717,1.4071977
2023-04-02,2,Cryptophyta,1.6399796,1.1542566
2023-04-03,2,Cryptophyta,1.7084769,1.1260622
2023-04-04,2,Cryptophyta,1.6054392,1.1311175
2023-04-05,2,Cryptophyta,1.1882055,1.2751133
2023-04-06,2,Cryptophyta,0.2286157,1.327607
2023-04-07,2,Cryptophyta,1.8078315,1.4648907
2023-04-08,2,Cryptophyta,2.489018,1.123293
2023-04-09,2,Cryptophyta,2.4789941,1.8402388
2023-04-10,2,Cryptophyta,2.4197881,2.1338847
2023-04-11,2,Cryptophyta,2.1295638,2.003425
2023-04-12,2,Cryptophyta,1.8207544,2.009513
2023-04-13,2,Cryptophyta,1.8472507,1.7653271
2023-04-14,2,Cryptophyta,2.0092578,1.6609696
2023-04-15,2,Cryptophyta,2.939332,1.8210176
2023-04-16,2,Cryptophyta,3.1336887,2.0776775
2023-04-17,2,Cryptophyta,5.1471896,2.5731835
2023-04-18,2,Cryptophyta,5.275001,2.4984846
2023-04-19,2,Cryptophyta,3.3519037,3.4274225
2023-04-20,2,Cryptophyta,2.5430167,3.5092468
2023-04-21,2,Cryptophyta,2.4620326,2.579104
2023-04-22,2,Cryptophyta,2.2683303,2.529725
2023-04-23,2,Cryptophyta,2.4192183,2.575952
2023-04-24,2,Cryptophyta,2.5424767,2.2635005
2023-04-25,2,Cryptophyta,3.0996997,2.2650063
2023-04-26,2,Cryptophyta,2.0676734,1.9965172
2023-04-27,2,Cryptophyta,1.418416,2.5845604
2023-04-28,2,Cryptophyta,3.1601994,2.1972427
2023-04-29,2,Cryptophyta,8.067172,2.0069468
2023-04-30,2,Cryptophyta,5.9201818,3.2047083
2023-05-01,2,Cryptophyta,3.7731922,4.314047
2023-05-02,2,Cryptophyta,5.453592,4.0784864
2023-05-03,2,Cryptophyta,3.5497632,3.7683656
2023-05-04,2,Cryptophyta,4.6637454,4.675189
2023-05-05,2,Cryptophyta,7.1205983,3.854316
2023-05-06,2,Cryptophyta,4.6055446,4.167169
2023-05-07,2,Cryptophyta,1.0466392,4.5464916
2023-05-08,2,Cryptophyta,0.8512937,3.46179
2023-05-09,2,Cryptophyta,1.2092457,1.1314499
2023-05-10,2,Cryptophyta,0.48372468,0.81703943
2023-05-11,2,Cryptophyta,0.27442262,0.9889003
2023-05-12,2,Cryptophyta,0.54694,0.5447403
2023-05-13,2,Cryptophyta,1.3488332,0.51595384
2023-05-14,2,Cryptophyta,1.972228,0.6071978
2023-05-15,2,Cryptophyta,1.8265859,0.8874399
2023-05-16,2,Cryptophyta,1.8002838,1.2455248
2023-05-17,2,Cryptophyta,1.6562451,1.4242532
2023-05-18,2,Cryptophyta,2.0616684,1.6398505
2023-05-19,2,Cryptophyta,1.6782538,1.5987414
2023-05-20,2,Cryptophyta,1.5077107,2.0472445
2023-05-21,2,Cryptophyta,1.4706587,1.822196
2023-05-22,2,Cryptophyta,1.3920453,1.8888943
2023-05-23,2,Cryptophyta,1.6479505,2.147054
2023-05-24,2,Cryptophyta,1.9610981,1.9382732
2023-05-25,2,Cryptophyta,1.7397623,2.0267603
2023-05-26,2,Cryptophyta,1.7409996,2.0831623
2023-05-27,2,Cryptophyta,2.1646082,2.0761213
2023-05-28,2,Cryptophyta,2.4318943,2.0970256
2023-05-29,2,Cryptophyta,2.874541,2.429313
2023-05-30,2,Cryptophyta,2.9939795,2.9983423
2023-05-31,2,Cryptophyta,4.768519,3.3354886
2023-06-01,2,Cryptophyta,5.5222354,3.331104
2023-06-02,2,Cryptophyta,3.4842105,4.060194
2023-06-03,2,Cryptophyta,5.0643554,4.1396284
2023-06-04,2,Cryptophyta,4.144578,3.1805687
2023-06-05,2,Cryptophyta,2.5872154,3.146419
2023-06-06,2,Cryptophyta,3.6343513,2.9740376
2023-06-07,2,Cryptophyta,3.7011142,2.5056937
2023-06-08,2,Cryptophyta,2.9802804,3.0662246
2023-06-09,2,Cryptophyta,2.7695792,3.2065117
2023-06-10,2,Cryptophyta,1.9076351,3.2489583
2023-06-11,2,Cryptophyta,1.9823658,2.8006296
2023-06-12,2,Cryptophyta,2.399869,2.1523001
2023-06-13,2,Cryptophyta,3.1885514,2.0517297
2023-06-14,2,Cryptophyta,4.228957,2.1865215
2023-06-15,2,Cryptophyta,3.2900848,2.3295925
2023-06-16,2,Cryptophyta,1.8680872,2.3756635
2023-06-17,2,Cryptophyta,2.042923,2.3508446
2023-06-18,2,Cryptophyta,2.1622174,1.7414018
2023-06-19,2,Cryptophyta,1.5457335,1.8542675
2023-06-20,2,Cryptophyta,1.8699645,2.1848886
2023-06-21,2,Cryptophyta,3.3475523,2.0527215
2023-06-22,2,Cryptophyta,4.0936656,2.5594215
2023-06-23,2,Cryptophyta,5.212351,3.7149525
2023-06-24,2,Cryptophyta,6.072758,4.167785
2023-06-25,2,Cryptophyta,5.693322,4.6700635
2023-06-26,2,Cryptophyta,5.938072,4.953174
2023-06-27,2,Cryptophyta,6.255651,4.5146046
2023-06-28,2,Cryptophyta,6.574,4.4116106
2023-06-29,2,Cryptophyta,7.6921687,4.6017127
2023-06-30,2,Cryptophyta,9.32456,5.5584254
2023-07-01,2,Cryptophyta,6.118696,5.8506603
2023-07-02,2,Cryptophyta,5.874047,5.9736285
2023-07-03,2,Cryptophyta,6.4657016,5.4875464
2023-07-04,2,Cryptophyta,9.029866,5.3536935
2023-07-05,2,Cryptophyta,9.039206,5.365993
2023-07-06,2,Cryptophyta,9.048546,6.271545
2023-07-07,2,Cryptophyta,8.390148,7.0858226
2023-07-08,2,Cryptophyta,8.070246,6.820827
2023-07-09,2,Cryptophyta,9.251422,6.811539
2023-07-10,2,Cryptophyta,7.703793,6.339738
2023-07-11,2,Cryptophyta,5.677761,6.322952
2023-07-12,2,Cryptophyta,4.203484,5.2970643
2023-07-13,2,Cryptophyta,3.7054465,4.2587776
2023-07-14,2,Cryptophyta,2.8924713,3.5359116
2023-07-15,2,Cryptophyta,2.5350773,2.8910024
2023-07-16,2,Cryptophyta,2.1989539,2.597386
2023-07-17,2,Cryptophyta,2.3571,2.27433
2023-07-18,2,Cryptophyta,2.2635317,2.089644
2023-07-19,2,Cryptophyta,2.2437925,2.4974468
2023-07-20,2,Cryptophyta,2.896344,2.628275
2023-07-21,2,Cryptophyta,6.2929935,2.874383
2023-07-22,2,Cryptophyta,6.738102,3.5436497
2023-07-23,2,Cryptophyta,7.183211,5.2302456
2023-07-24,2,Cryptophyta,7.685931,6.019301
2023-07-25,2,Cryptophyta,8.0122,6.6503105
2023-07-26,2,Cryptophyta,9.50315,6.958941
2023-07-27,2,Cryptophyta,6.242461,6.526813
2023-07-28,2,Cryptophyta,3.7934585,5.841665
2023-07-29,2,Cryptophyta,3.7060483,4.9733105
2023-07-30,2,Cryptophyta,4.798678,3.094615
2023-07-31,2,Cryptophyta,5.312769,2.873786
2023-08-01,2,Cryptophyta,4.807978,3.872087
2023-08-02,2,Cryptophyta,5.1036863,3.9094737
2023-08-03,2,Cryptophyta,7.267846,4.5095305
2023-08-04,2,Cryptophyta,6.624954,5.111883
2023-08-05,2,Cryptophyta,9.552635,5.563592
2023-08-06,2,Cryptophyta,9.511289,5.702339
2023-08-07,2,Cryptophyta,9.469944,6.545233
2023-08-08,2,Cryptophyta,9.428597,6.782838
2023-08-09,2,Cryptophyta,7.984899,6.61077
2023-08-10,2,Cryptophyta,6.058531,6.2953773
2023-08-11,2,Cryptophyta,5.654987,6.8069477
2023-08-12,2,Cryptophyta,5.1433764,4.7227135
2023-08-13,2,Cryptophyta,6.11593,4.7076993
2023-08-14,2,Cryptophyta,8.257987,3.7558827
2023-08-15,2,Cryptophyta,7.4124427,4.5364585
2023-08-16,2,Cryptophyta,6.184389,5.1265917
2023-08-17,2,Cryptophyta,2.5512493,5.2089696
2023-08-18,2,Cryptophyta,3.1742585,4.3704834
2023-08-19,2,Cryptophyta,3.7459614,2.6929207
2023-08-20,2,Cryptophyta,2.7918842,2.5411534
2023-08-21,2,Cryptophyta,2.5527868,2.4205623
2023-08-22,2,Cryptophyta,2.5006547,1.971192
2023-08-23,2,Cryptophyta,2.5931542,1.7180816
2023-08-24,2,Cryptophyta,2.4038517,1.6626661
2023-08-25,2,Cryptophyta,2.12962,1.9219855
2023-08-26,2,Cryptophyta,2.6475,1.6256989
2023-08-27,2,Cryptophyta,2.5876358,1.980006
2023-08-28,2,Cryptophyta,2.6450179,2.0086644
2023-08-29,2,Cryptophyta,3.403212,2.1809618
2023-08-30,2,Cryptophyta,2.8871322,2.0726547
2023-08-31,2,Cryptophyta,2.8458216,2.77033
2023-09-01,2,Cryptophyta,2.9603746,2.554805
2023-09-02,2,Cryptophyta,2.9794774,2.746723
2023-09-03,2,Cryptophyta,2.8369246,2.7155116
2023-09-04,2,Cryptophyta,2.7218082,2.5626173
2023-09-05,2,Cryptophyta,2.112845,2.4020905
2023-09-06,2,Cryptophyta,0.04749515,2.0145187
2023-09-07,2,Cryptophyta,0.26601022,1.776673
2023-09-08,2,Cryptophyta,2.5536625,1.0959052
2023-09-09,2,Cryptophyta,2.6093724,1.2113324
2023-09-10,2,Cryptophyta,2.316723,1.9896051
2023-09-11,2,Cryptophyta,1.9911342,1.7100928
2023-09-12,2,Cryptophyta,1.7458469,1.764745
2023-09-13,2,Cryptophyta,1.8351148,1.6695995
2023-09-14,2,Cryptophyta,2.1095014,1.7880185
2023-09-15,2,Cryptophyta,2.5304284,1.896057
2023-09-16,2,Cryptophyta,2.2723098,2.3346996
2023-09-17,2,Cryptophyta,1.7500002,2.835497
2023-09-18,2,Cryptophyta,2.5075011,2.7625854
2023-09-19,2,Cryptophyta,3.096033,2.4901803
2023-09-20,2,Cryptophyta,4.1011615,2.9915287
2023-09-21,2,Cryptophyta,4.6832166,3.1340706
2023-09-22,2,Cryptophyta,3.7967741,3.9480824
2023-09-23,2,Cryptophyta,4.1924467,3.9169729
2023-09-24,2,Cryptophyta,4.0289173,3.7794368
2023-09-25,2,Cryptophyta,2.756178,4.0394535
2023-09-26,2,Cryptophyta,4.132515,3.6311364
2023-09-27,2,Cryptophyta,3.435256,2.8412251
2023-09-28,2,Cryptophyta,3.4994173,3.2410476
2023-09-29,2,Cryptophyta,3.4379761,2.8566701
2023-09-30,2,Cryptophyta,3.7087204,3.0781999
2023-10-01,2,Cryptophyta,3.5299013,3.327784
2023-10-02,2,Cryptophyta,2.4059725,3.1856754
2023-10-03,2,Cryptophyta,2.6663723,3.261404
2023-10-04,2,Cryptophyta,2.8094635,2.8843606
2023-10-05,2,Cryptophyta,2.406531,2.6062608
2023-10-06,2,Cryptophyta,2.0393844,2.5666962
2023-10-07,2,Cryptophyta,1.8184012,2.322276
2023-10-08,2,Cryptophyta,1.8670961,1.8784004
2023-10-09,2,Cryptophyta,2.1665063,1.6760911
2023-10-10,2,Cryptophyta,2.4892564,1.7780753
2023-10-11,2,Cryptophyta,2.2086902,2.057738
2023-10-12,2,Cryptophyta,1.6117432,2.4634228
2023-10-13,2,Cryptophyta,3.1600454,2.38734
2023-10-14,2,Cryptophyta,5.4156017,2.384306
2023-10-15,2,Cryptophyta,5.559093,3.1705554
2023-10-16,2,Cryptophyta,2.1519644,4.0048003
2023-10-17,2,Cryptophyta,2.2487733,4.2003093
2023-10-18,2,Cryptophyta,4.1400843,3.1393623
2023-10-19,2,Cryptophyta,3.5796912,3.0196145
2023-10-20,2,Cryptophyta,4.094905,3.3051364
2023-10-21,2,Cryptophyta,2.643748,2.9078636
2023-10-22,2,Cryptophyta,3.6341314,3.233588
2023-10-23,2,Cryptophyta,2.7132502,2.5138388
2023-10-24,2,Cryptophyta,4.40684,3.07972
2023-10-25,2,Cryptophyta,6.3353786,2.6242044
2023-10-26,2,Cryptophyta,5.0694957,3.2670245
2023-10-27,2,Cryptophyta,4.7068067,3.7085686
2023-10-28,2,Cryptophyta,2.4397392,3.6873262
2023-10-29,2,Cryptophyta,2.5866666,3.660576
2023-10-30,2,Cryptophyta,2.3783805,2.9863951
2023-10-31,2,Cryptophyta,3.3042376,2.8786042
2023-11-01,2,Cryptophyta,3.6788993,2.608864
2023-11-02,2,Cryptophyta,2.9372442,2.9396381
2023-11-03,2,Cryptophyta,4.0153823,3.108974
2023-11-04,2,Cryptophyta,2.9691207,2.83634
2023-11-05,2,Cryptophyta,4.6212864,3.3975737
2023-11-06,2,Cryptophyta,5.682647,2.998944
2023-11-07,2,Cryptophyta,4.430414,3.6205528
2023-11-08,2,Cryptophyta,2.5491812,3.9809415
2023-11-09,2,Cryptophyta,2.577175,3.5998085
2023-11-10,2,Cryptophyta,2.1634166,2.8226128
2023-11-11,2,Cryptophyta,1.5053525,2.7308419
2023-11-12,2,Cryptophyta,1.0600724,2.2582421
2023-11-13,2,Cryptophyta,1.2939341,2.0084376
2023-11-14,2,Cryptophyta,1.9473946,1.7764349
2023-11-15,2,Cryptophyta,1.9738972,1.7147506
2023-11-16,2,Cryptophyta,1.8247457,2.1559598
2023-11-17,2,Cryptophyta,1.657275,2.0855868
2023-11-18,2,Cryptophyta,1.5474409,2.0317252
2023-11-19,2,Cryptophyta,1.0971582,1.9168714
2023-11-20,2,Cryptophyta,1.2624784,2.0738585
2023-11-21,2,Cryptophyta,0.9482711,1.633769
2023-11-22,2,Cryptophyta,1.8767328,1.9084624
2023-11-23,2,Cryptophyta,6.3925285,1.4733047
2023-11-24,2,Cryptophyta,4.2654333,1.8854934
2023-11-25,2,Cryptophyta,2.7321594,3.387269
2023-11-26,2,Cryptophyta,1.7029,3.2764745
2023-11-27,2,Cryptophyta,1.9832858,3.0240319
2023-11-28,2,Cryptophyta,3.521314,2.3905034
2023-11-29,2,Cryptophyta,2.7741783,2.4848752
2023-11-30,2,Cryptophyta,6.872362,2.9253068
2023-12-01,2,Cryptophyta,3.9785435,2.869777
2023-12-02,2,Cryptophyta,3.0168524,4.0405064
2023-12-03,2,Cryptophyta,3.5640304,3.3761175
2023-12-04,2,Cryptophyta,2.9545367,2.920872
2023-12-05,2,Cryptophyta,5.5100183,3.0901687
2023-12-06,2,Cryptophyta,6.003167,2.8503428
2023-12-07,2,Cryptophyta,3.810038,3.7620745
2023-12-08,2,Cryptophyta,2.5102015,3.6870368
2023-12-09,2,Cryptophyta,3.9716225,3.6339262
2023-12-10,2,Cryptophyta,3.3053324,2.718049
2023-12-11,2,Cryptophyta,4.866557,3.716145
2023-12-12,2,Cryptophyta,6.099259,3.287163
2023-12-13,2,Cryptophyta,5.3320804,4.3521404
2023-12-14,2,Cryptophyta,6.7810683,5.0174403
2023-12-15,2,Cryptophyta,6.163149,4.6796236
2023-12-16,2,Cryptophyta,5.54523,4.9231577
2023-12-17,2,Cryptophyta,3.1431665,4.7825036
2023-12-18,2,Cryptophyta,3.3976405,4.7317476
2023-12-19,2,Cryptophyta,4.9305954,3.3861244
2023-12-20,2,Cryptophyta,3.6816366,3.0875485
2023-12-21,2,Cryptophyta,3.0250509,3.4592865
2023-12-22,2,Cryptophyta,3.5993946,2.8748484
2023-12-23,2,Cryptophyta,3.5110064,2.7534974
2023-12-24,2,Cryptophyta,3.3612518,2.9707787
2023-12-25,2,Cryptophyta,4.143041,3.0060062
2023-12-26,2,Cryptophyta,8.3693905,3.0098372
2023-12-27,2,Cryptophyta,7.794155,3.2890656
2023-12-28,2,Cryptophyta,7.2189183,4.226054
2020-10-30,3,Cryptophyta,6.4135556,1.3367708
2020-10-31,3,Cryptophyta,2.063502,1.8422914
2020-11-01,3,Cryptophyta,2.9815042,2.3778064
2020-11-02,3,Cryptophyta,2.4898262,2.6307993
2020-11-03,3,Cryptophyta,1.4050977,1.2921686
2020-11-04,3,Cryptophyta,1.058533,1.3749614
2020-11-05,3,Cryptophyta,0.4326792,1.1340064
2020-11-06,3,Cryptophyta,2.0832295,0.8891957
2020-11-07,3,Cryptophyta,4.693758,0.90903205
2020-11-08,3,Cryptophyta,1.0451305,0.7555552
2020-11-09,3,Cryptophyta,0.93248004,1.5257133
2020-11-10,3,Cryptophyta,0.7796366,2.337266
2020-11-11,3,Cryptophyta,0.9081858,1.3058757
2020-11-12,3,Cryptophyta,0.9168905,1.2458055
2020-11-13,3,Cryptophyta,1.4211985,1.1244133
2020-11-14,3,Cryptophyta,2.0446377,1.2318801
2020-11-15,3,Cryptophyta,1.2189211,1.2720201
2020-11-16,3,Cryptophyta,2.869199,1.5345232
2020-11-17,3,Cryptophyta,2.9393878,1.8105922
2020-11-18,3,Cryptophyta,2.1355057,1.8168634
2020-11-19,3,Cryptophyta,5.508126,2.7207913
2020-11-20,3,Cryptophyta,2.4160047,2.305504
2020-11-21,3,Cryptophyta,3.1686294,1.8612279
2020-11-22,3,Cryptophyta,2.8650892,2.0174098
2020-11-23,3,Cryptophyta,1.2395797,1.5320412
2020-11-24,3,Cryptophyta,1.531438,1.6722099
2020-11-25,3,Cryptophyta,1.414658,1.6590108
2020-11-26,3,Cryptophyta,4.4915557,1.1773932
2020-11-27,3,Cryptophyta,1.921042,1.1161603
2020-11-28,3,Cryptophyta,1.37678,1.0448796
2020-11-29,3,Cryptophyta,1.6549928,2.1289983
2020-11-30,3,Cryptophyta,0.13129526,1.2579893
2020-12-01,3,Cryptophyta,0.28309917,1.1546105
2020-12-02,3,Cryptophyta,0.8165774,1.090412
2020-12-03,3,Cryptophyta,0.39298117,0.46452168
2020-12-04,3,Cryptophyta,0.7697974,0.5766278
2020-12-05,3,Cryptophyta,0.27719247,0.8474894
2020-12-06,3,Cryptophyta,0.2930608,0.624791
2020-12-07,3,Cryptophyta,0.45009413,0.8317892
2020-12-08,3,Cryptophyta,0.70262855,0.64909714
2020-12-09,3,Cryptophyta,1.2964157,0.74578696
2020-12-10,3,Cryptophyta,0.8849384,0.9527842
2020-12-11,3,Cryptophyta,0.4182911,1.1177619
2020-12-12,3,Cryptophyta,1.2485663,1.6986934
2020-12-13,3,Cryptophyta,4.7039027,1.6161022
2020-12-14,3,Cryptophyta,0.6753835,1.2206484
2020-12-15,3,Cryptophyta,0.16052096,1.9188783
2020-12-16,3,Cryptophyta,0.20374095,3.1570392
2020-12-17,3,Cryptophyta,0.33086172,1.1642656
2020-12-18,3,Cryptophyta,0.36293116,0.78681594
2020-12-19,3,Cryptophyta,0.6879812,0.70185775
2020-12-20,3,Cryptophyta,1.0289001,0.8384873
2020-12-21,3,Cryptophyta,1.52769,0.8835116
2020-12-22,3,Cryptophyta,1.4272194,1.1929122
2020-12-23,3,Cryptophyta,3.3130145,1.6069314
2020-12-24,3,Cryptophyta,2.4671543,1.989564
2020-12-25,3,Cryptophyta,1.2202317,2.0801218
2020-12-26,3,Cryptophyta,1.075974,2.8775344
2020-12-27,3,Cryptophyta,1.2043954,2.45951
2020-12-28,3,Cryptophyta,5.7440696,1.9628983
2020-12-29,3,Cryptophyta,5.131,1.9162304
2020-12-30,3,Cryptophyta,4.5179305,2.0936222
2020-12-31,3,Cryptophyta,5.8423734,3.7150779
2021-01-01,3,Cryptophyta,2.6449928,3.1452208
2021-01-02,3,Cryptophyta,1.2774583,2.3614345
2021-01-03,3,Cryptophyta,1.0863966,1.8038054
2021-01-04,3,Cryptophyta,1.0671253,1.1970283
2021-01-05,3,Cryptophyta,0.94905144,0.87579846
2021-01-06,3,Cryptophyta,1.8335047,0.96373034
2021-01-07,3,Cryptophyta,3.0565534,1.0777656
2021-01-08,3,Cryptophyta,1.30677,1.1456414
2021-01-09,3,Cryptophyta,0.993589,1.9123805
2021-01-10,3,Cryptophyta,0.8233068,2.6342504
2021-01-11,3,Cryptophyta,1.050239,2.0010912
2021-01-12,3,Cryptophyta,2.0137553,2.1018689
2021-01-13,3,Cryptophyta,2.547916,1.8566988
2021-01-14,3,Cryptophyta,2.8340523,2.0055282
2021-01-15,3,Cryptophyta,2.6274946,2.4983141
2021-01-16,3,Cryptophyta,3.0504706,2.7452695
2021-01-17,3,Cryptophyta,3.0277352,3.0900068
2021-01-18,3,Cryptophyta,2.7913675,3.1049042
2021-01-19,3,Cryptophyta,2.3570838,3.3579159
2021-01-20,3,Cryptophyta,3.5750723,3.19704
2021-01-21,3,Cryptophyta,4.109334,3.2080572
2021-01-22,3,Cryptophyta,3.7022157,2.9643362
2021-01-23,3,Cryptophyta,4.783394,3.7450247
2021-01-24,3,Cryptophyta,2.2128148,3.906467
2021-01-25,3,Cryptophyta,3.627907,4.106493
2021-01-26,3,Cryptophyta,3.7955356,4.3247313
2021-01-27,3,Cryptophyta,5.924356,3.2813544
2021-01-28,3,Cryptophyta,3.6009696,3.6528862
2021-01-29,3,Cryptophyta,4.706469,3.8130896
2021-01-30,3,Cryptophyta,5.1016426,3.863454
2021-01-31,3,Cryptophyta,3.963237,3.6032362
2021-02-01,3,Cryptophyta,3.4826646,3.6225815
2021-02-02,3,Cryptophyta,3.2203693,4.0637364
2021-02-03,3,Cryptophyta,2.5164735,3.991395
2021-02-04,3,Cryptophyta,3.3825343,3.8092651
2021-02-05,3,Cryptophyta,3.3017147,3.7935622
2021-02-06,3,Cryptophyta,2.9269514,3.1189618
2021-02-07,3,Cryptophyta,2.3131208,3.5421152
2021-02-08,3,Cryptophyta,1.9849964,3.4571574
2021-02-09,3,Cryptophyta,3.425029,3.3666286
2021-02-10,3,Cryptophyta,5.069283,2.9689655
2021-02-11,3,Cryptophyta,3.250572,2.7449243
2021-02-12,3,Cryptophyta,2.8851557,3.1015306
2021-02-13,3,Cryptophyta,6.569689,3.4327009
2021-02-14,3,Cryptophyta,5.033589,3.1228302
2021-02-15,3,Cryptophyta,3.6312373,3.169931
2021-02-16,3,Cryptophyta,4.1591535,4.446084
2021-02-17,3,Cryptophyta,3.4927206,3.5212114
2021-02-18,3,Cryptophyta,2.1676483,2.7451987
2021-02-19,3,Cryptophyta,2.7191303,3.166254
2021-02-20,3,Cryptophyta,2.3670385,2.1506574
2021-02-21,3,Cryptophyta,2.7633286,1.9989679
2021-02-22,3,Cryptophyta,2.4508183,2.1440692
2021-02-23,3,Cryptophyta,2.3480086,1.9620891
2021-02-24,3,Cryptophyta,1.872853,2.4488008
2021-02-25,3,Cryptophyta,3.0860362,2.4005415
2021-02-26,3,Cryptophyta,3.569427,2.5615764
2021-02-27,3,Cryptophyta,3.2749453,2.409521
2021-02-28,3,Cryptophyta,2.9949775,3.0640242
2021-03-01,3,Cryptophyta,1.9386367,3.1162171
2021-03-02,3,Cryptophyta,2.0704148,3.123115
2021-03-03,3,Cryptophyta,3.985123,2.9755793
2021-03-04,3,Cryptophyta,2.5256224,2.3683655
2021-03-05,3,Cryptophyta,0.966932,2.4999278
2021-03-06,3,Cryptophyta,0.52926195,3.4632268
2021-03-07,3,Cryptophyta,0.5995007,2.4252515
2021-03-08,3,Cryptophyta,0.46934107,1.6666393
2021-03-09,3,Cryptophyta,0.53188133,1.385517
2021-03-10,3,Cryptophyta,0.67051375,1.3769003
2021-03-11,3,Cryptophyta,1.7803546,1.4998655
2021-03-12,3,Cryptophyta,2.5919247,1.722721
2021-03-13,3,Cryptophyta,6.490051,2.0643315
2021-03-14,3,Cryptophyta,3.7538712,2.9516435
2021-03-15,3,Cryptophyta,3.1785095,3.2984324
2021-03-16,3,Cryptophyta,2.4393127,3.8053067
2021-03-17,3,Cryptophyta,1.4057163,2.4275775
2021-03-18,3,Cryptophyta,1.2176338,2.0181186
2021-03-19,3,Cryptophyta,0.5862518,1.582279
2021-03-20,3,Cryptophyta,0.23516648,1.0206838
2021-03-21,3,Cryptophyta,0.024312591,0.9528543
2021-03-22,3,Cryptophyta,0.20230821,0.6782261
2021-03-23,3,Cryptophyta,0.41667634,0.5508793
2021-03-24,3,Cryptophyta,0.2692962,0.38388965
2021-03-25,3,Cryptophyta,0.32939044,0.54601747
2021-03-26,3,Cryptophyta,0.32711288,0.76894253
2021-03-27,3,Cryptophyta,0.45832005,0.7922515
2021-03-28,3,Cryptophyta,0.7455974,1.0710621
2021-03-29,3,Cryptophyta,2.5559523,1.391695
2021-03-30,3,Cryptophyta,3.8826284,1.8594632
2021-03-31,3,Cryptophyta,3.3377802,2.331805
2021-04-01,3,Cryptophyta,1.2241564,3.108734
2021-04-02,3,Cryptophyta,0.2549022,2.5774047
2021-04-03,3,Cryptophyta,0.23659663,1.6676977
2021-04-04,3,Cryptophyta,0.053678524,0.9478405
2021-04-05,3,Cryptophyta,0.013581768,0.5846976
2021-04-06,3,Cryptophyta,0.05430536,0.7822322
2021-04-07,3,Cryptophyta,0.032896426,0.5495325
2021-04-08,3,Cryptophyta,0.05452243,0.5631966
2021-04-09,3,Cryptophyta,0.111700416,0.69196725
2021-04-10,3,Cryptophyta,0.36037627,0.810101
2021-04-11,3,Cryptophyta,0.9309045,0.85963535
2021-04-12,3,Cryptophyta,4.4353657,1.08062
2021-04-13,3,Cryptophyta,4.5296745,1.4908875
2021-04-14,3,Cryptophyta,4.7901015,1.9907349
2021-04-15,3,Cryptophyta,4.097689,3.2363355
2021-04-16,3,Cryptophyta,3.4052775,3.2633128
2021-04-17,3,Cryptophyta,6.085865,2.9610562
2021-04-18,3,Cryptophyta,0.7100869,2.093821
2021-04-19,3,Cryptophyta,0.6453512,1.8583091
2021-04-20,3,Cryptophyta,0.84328747,2.4305916
2021-04-21,3,Cryptophyta,1.7741998,1.1037096
2021-04-22,3,Cryptophyta,3.597625,1.123504
2021-04-23,3,Cryptophyta,2.9359233,1.163578
2021-04-24,3,Cryptophyta,3.833693,1.6075927
2021-04-25,3,Cryptophyta,4.4633455,2.16477
2021-04-26,3,Cryptophyta,1.0418307,1.9908365
2021-04-27,3,Cryptophyta,0.21408828,1.8909752
2021-04-28,3,Cryptophyta,0.014493498,1.7236829
2021-04-29,3,Cryptophyta,0.039790172,0.68025905
2021-04-30,3,Cryptophyta,0.28643999,0.6011204
2021-05-01,3,Cryptophyta,2.2824168,0.5645893
2021-05-02,3,Cryptophyta,2.6909986,0.73999864
2021-05-03,3,Cryptophyta,2.769449,0.79014134
2021-05-04,3,Cryptophyta,0.42055428,1.6906465
2021-05-05,3,Cryptophyta,1.0409683,1.9024603
2021-05-06,3,Cryptophyta,2.7422197,2.0220466
2021-05-07,3,Cryptophyta,2.4887962,1.0437791
2021-05-08,3,Cryptophyta,4.2748013,1.1899718
2021-05-09,3,Cryptophyta,6.8061724,1.6731324
2021-05-10,3,Cryptophyta,4.8118887,1.6594963
2021-05-11,3,Cryptophyta,6.5926557,2.3857877
2021-05-12,3,Cryptophyta,6.2209406,2.7729402
2021-05-13,3,Cryptophyta,5.8229237,2.1407952
2021-05-14,3,Cryptophyta,1.5781838,2.1390483
2021-05-15,3,Cryptophyta,1.0210347,1.723454
2021-05-16,3,Cryptophyta,0.43799567,1.9439352
2021-05-17,3,Cryptophyta,0.6316715,1.0107063
2021-05-18,3,Cryptophyta,0.9674602,0.8204219
2021-05-19,3,Cryptophyta,0.525887,0.77128917
2021-05-20,3,Cryptophyta,1.4451882,1.0465554
2021-05-21,3,Cryptophyta,1.1084154,1.2635974
2021-05-22,3,Cryptophyta,1.0994352,0.90259033
2021-05-23,3,Cryptophyta,0.3843736,1.2187903
2021-05-24,3,Cryptophyta,1.8047323,1.0610638
2021-05-25,3,Cryptophyta,0.6530318,1.1918918
2021-05-26,3,Cryptophyta,0.57416064,0.84682715
2021-05-27,3,Cryptophyta,2.3588858,1.3761798
2021-05-28,3,Cryptophyta,3.7486877,0.93040633
2021-05-29,3,Cryptophyta,0.98348767,1.032453
2021-05-30,3,Cryptophyta,0.11463098,1.3223351
2021-05-31,3,Cryptophyta,0.027501792,1.1942744
2021-06-01,3,Cryptophyta,0.009999991,0.66776705
2021-06-02,3,Cryptophyta,0.009999991,0.31722444
2021-06-03,3,Cryptophyta,0.009999991,0.2711412
2021-06-04,3,Cryptophyta,0.011448221,0.192973
2021-06-05,3,Cryptophyta,0.009999991,0.19593754
2021-06-06,3,Cryptophyta,0.22102822,0.22153097
2021-06-07,3,Cryptophyta,1.2524167,0.26605725
2021-06-08,3,Cryptophyta,2.9655645,0.39806214
2021-06-09,3,Cryptophyta,0.59876263,0.77209437
2021-06-10,3,Cryptophyta,0.90918237,1.5654554
2021-06-11,3,Cryptophyta,1.1005427,2.5161664
2021-06-12,3,Cryptophyta,2.717328,2.3139844
2021-06-13,3,Cryptophyta,6.692701,3.02832
2021-06-14,3,Cryptophyta,3.8272846,3.2873816
2021-06-15,3,Cryptophyta,5.550228,4.0288057
2021-06-16,3,Cryptophyta,7.2731714,4.40851
2021-06-17,3,Cryptophyta,3.9749167,3.7504168
2021-06-18,3,Cryptophyta,1.4805058,2.9329064
2021-06-19,3,Cryptophyta,0.7167053,1.7685133
2021-06-20,3,Cryptophyta,1.0034058,0.925239
2021-06-21,3,Cryptophyta,0.36990592,0.47221246
2021-06-22,3,Cryptophyta,0.63429683,0.47672445
2021-06-23,3,Cryptophyta,0.8823589,0.65340835
2021-06-24,3,Cryptophyta,0.4316136,0.48328787
2021-06-25,3,Cryptophyta,1.4246527,0.70252097
2021-06-26,3,Cryptophyta,0.8443198,0.8460271
2021-06-27,3,Cryptophyta,5.683697,1.062529
2021-06-28,3,Cryptophyta,5.1820374,1.9123834
2021-06-29,3,Cryptophyta,4.680376,1.7225741
2021-06-30,3,Cryptophyta,2.233973,3.1994598
2021-07-01,3,Cryptophyta,2.7452605,3.463986
2021-07-02,3,Cryptophyta,3.114732,3.4129212
2021-07-03,3,Cryptophyta,4.5960784,2.4928164
2021-07-04,3,Cryptophyta,1.1919392,2.3122106
2021-07-05,3,Cryptophyta,2.188618,1.6293327
2021-07-06,3,Cryptophyta,0.89488775,1.4815439
2021-07-07,3,Cryptophyta,1.1724837,0.70439786
2021-07-08,3,Cryptophyta,2.041239,0.90537125
2021-07-09,3,Cryptophyta,0.09234785,0.6218995
2021-07-10,3,Cryptophyta,0.11277334,0.6015169
2021-07-11,3,Cryptophyta,0.11111517,0.9806517
2021-07-12,3,Cryptophyta,0.19445011,0.44078195
2021-07-13,3,Cryptophyta,0.14789437,0.63031816
2021-07-14,3,Cryptophyta,2.0088196,0.746321
2021-07-15,3,Cryptophyta,3.3283792,0.91266125
2021-07-16,3,Cryptophyta,2.9782705,0.8767427
2021-07-17,3,Cryptophyta,3.991751,1.84269
2021-07-18,3,Cryptophyta,2.4407308,1.9390817
2021-07-19,3,Cryptophyta,1.8509196,2.2731936
2021-07-20,3,Cryptophyta,0.30619845,2.0731728
2021-07-21,3,Cryptophyta,0.5183273,1.469231
2021-07-22,3,Cryptophyta,0.29636496,0.9412686
2021-07-23,3,Cryptophyta,2.2086678,0.46532342
2021-07-24,3,Cryptophyta,2.187364,0.63631606
2021-07-25,3,Cryptophyta,2.1352136,0.5708821
2021-07-26,3,Cryptophyta,1.2728292,1.6403708
2021-07-27,3,Cryptophyta,0.7636324,1.3817476
2021-07-28,3,Cryptophyta,0.08968883,1.3248537
2021-07-29,3,Cryptophyta,0.35649782,0.66623384
2021-07-30,3,Cryptophyta,0.28621292,0.38256386
2021-07-31,3,Cryptophyta,0.8985962,0.34497496
2021-08-01,3,Cryptophyta,1.3469175,0.7212863
2021-08-02,3,Cryptophyta,1.7300363,0.9079441
2021-08-03,3,Cryptophyta,0.32100654,1.1142228
2021-08-04,3,Cryptophyta,0.14803037,0.8677798
2021-08-05,3,Cryptophyta,0.009999991,0.6919485
2021-08-06,3,Cryptophyta,0.009999991,0.35331097
2021-08-07,3,Cryptophyta,0.009999991,0.25924075
2021-08-08,3,Cryptophyta,0.009999991,0.12326623
2021-08-09,3,Cryptophyta,0.23199858,0.13355304
2021-08-10,3,Cryptophyta,0.034522396,0.14325637
2021-08-11,3,Cryptophyta,0.045955125,0.29070023
2021-08-12,3,Cryptophyta,0.33081767,0.6729326
2021-08-13,3,Cryptophyta,0.2818487,0.88758945
2021-08-14,3,Cryptophyta,3.3812597,1.3760943
2021-08-15,3,Cryptophyta,4.7306323,2.1993964
2021-08-16,3,Cryptophyta,1.2108259,2.1583173
2021-08-17,3,Cryptophyta,0.8421241,3.4470365
2021-08-18,3,Cryptophyta,3.8678281,3.1121707
2021-08-19,3,Cryptophyta,6.1408067,2.1981535
2021-08-20,3,Cryptophyta,4.1655927,1.3575648
2021-08-21,3,Cryptophyta,1.9573146,2.0032794
2021-08-22,3,Cryptophyta,6.7205424,2.5143335
2021-08-23,3,Cryptophyta,6.412621,2.9374
2021-08-24,3,Cryptophyta,4.911873,2.4600518
2021-08-25,3,Cryptophyta,5.530123,2.78132
2021-08-26,3,Cryptophyta,4.9580812,3.120178
2021-08-27,3,Cryptophyta,3.6376522,2.7260878
2021-08-28,3,Cryptophyta,2.0945258,2.3674943
2021-08-29,3,Cryptophyta,1.1689283,1.5336231
2021-08-30,3,Cryptophyta,0.895105,1.0018665
2021-08-31,3,Cryptophyta,0.98863244,0.6356577
2021-09-01,3,Cryptophyta,0.47985527,0.37059596
2021-09-02,3,Cryptophyta,0.16972502,0.42595807
2021-09-03,3,Cryptophyta,0.16249637,0.5070823
2021-09-04,3,Cryptophyta,0.40104917,0.596629
2021-09-05,3,Cryptophyta,0.5010926,0.4325019
2021-09-06,3,Cryptophyta,0.21408828,0.4392243
2021-09-07,3,Cryptophyta,0.09729903,0.7714525
2021-09-08,3,Cryptophyta,0.18883504,0.8073986
2021-09-09,3,Cryptophyta,0.8836324,0.58084786
2021-09-10,3,Cryptophyta,0.94916064,0.55815786
2021-09-11,3,Cryptophyta,2.8891752,0.6439978
2021-09-12,3,Cryptophyta,3.9723084,0.9337695
2021-09-13,3,Cryptophyta,1.3835337,0.7135305
2021-09-14,3,Cryptophyta,0.8942071,1.1524911
2021-09-15,3,Cryptophyta,0.11826209,1.0165724
2021-09-16,3,Cryptophyta,0.03495292,0.5693005
2021-09-17,3,Cryptophyta,0.021180328,0.2735932
2021-09-18,3,Cryptophyta,0.014590886,0.14988084
2021-09-19,3,Cryptophyta,0.027762465,0.16490415
2021-09-20,3,Cryptophyta,0.014923933,0.23883548
2021-09-21,3,Cryptophyta,0.013330923,0.37502137
2021-09-22,3,Cryptophyta,0.02899346,0.57231873
2021-09-23,3,Cryptophyta,0.031630408,0.7169833
2021-09-24,3,Cryptophyta,0.016531473,0.39027292
2021-09-25,3,Cryptophyta,0.025249824,0.36422098
2021-09-26,3,Cryptophyta,0.020209959,0.23244478
2021-09-27,3,Cryptophyta,0.016162232,0.15519239
2021-09-28,3,Cryptophyta,0.012722697,0.12307637
2021-09-29,3,Cryptophyta,0.014996384,0.07510838
2021-09-30,3,Cryptophyta,0.027639415,0.070993535
2021-10-01,3,Cryptophyta,0.0215858,0.09904086
2021-10-02,3,Cryptophyta,0.009999991,0.04871247
2021-10-03,3,Cryptophyta,0.04314291,0.030364648
2021-10-04,3,Cryptophyta,0.06171007,0.006746154
2021-10-05,3,Cryptophyta,0.08027723,0.049011458
2021-10-06,3,Cryptophyta,0.09884436,0.10359498
2021-10-07,3,Cryptophyta,0.11741151,0.08631064
2021-10-08,3,Cryptophyta,0.13597873,0.08748651
2021-10-09,3,Cryptophyta,0.15454592,0.02085634
2021-10-10,3,Cryptophyta,0.17311302,0.07005855
2021-10-11,3,Cryptophyta,0.19168025,0.14638151
2021-10-12,3,Cryptophyta,0.08330738,0.17242886
2021-10-13,3,Cryptophyta,0.20564081,0.20571423
2021-10-14,3,Cryptophyta,0.45210716,0.15549311
2021-10-15,3,Cryptophyta,1.9633454,0.20910041
2021-10-16,3,Cryptophyta,2.402042,0.2765301
2021-10-17,3,Cryptophyta,0.18239857,0.28765312
2021-10-18,3,Cryptophyta,0.14306079,0.7363141
2021-10-19,3,Cryptophyta,0.1371925,0.4323903
2021-10-20,3,Cryptophyta,0.10953692,0.093806915
2021-10-21,3,Cryptophyta,0.33654124,0.24606018
2021-10-22,3,Cryptophyta,0.09678729,0.3495488
2021-10-23,3,Cryptophyta,0.12801735,0.29518947
2021-10-24,3,Cryptophyta,0.15230823,0.48036164
2021-10-25,3,Cryptophyta,0.3744026,0.48982605
2021-10-26,3,Cryptophyta,0.5011505,0.67893356
2021-10-27,3,Cryptophyta,2.2271852,0.8339984
2021-10-28,3,Cryptophyta,5.092771,0.891201
2021-10-29,3,Cryptophyta,4.4250436,1.1126906
2021-10-30,3,Cryptophyta,1.6537554,2.142929
2021-10-31,3,Cryptophyta,1.1526773,2.514071
2021-11-01,3,Cryptophyta,0.999602,1.9642178
2021-11-02,3,Cryptophyta,2.287547,1.0231649
2021-11-03,3,Cryptophyta,3.3543994,1.0250003
2021-11-04,3,Cryptophyta,1.814754,0.96405256
2021-11-05,3,Cryptophyta,0.28529662,1.5017481
2021-11-06,3,Cryptophyta,0.8264255,1.5427002
2021-11-07,3,Cryptophyta,1.651774,1.0884902
2021-11-08,3,Cryptophyta,0.8663386,0.5960362
2021-11-09,3,Cryptophyta,0.98232996,1.1519523
2021-11-10,3,Cryptophyta,1.3961767,1.5495962
2021-11-11,3,Cryptophyta,0.55808246,1.0779345
2021-11-12,3,Cryptophyta,0.2808545,1.0970203
2021-11-13,3,Cryptophyta,0.22812591,1.252608
2021-11-14,3,Cryptophyta,0.060130253,0.79727614
2021-11-15,3,Cryptophyta,0.064438835,0.73761195
2021-11-16,3,Cryptophyta,0.12549599,0.795055
2021-11-17,3,Cryptophyta,0.12162303,0.6317168
2021-11-18,3,Cryptophyta,0.13411672,0.6478976
2021-11-19,3,Cryptophyta,0.038276628,0.7064445
2021-11-20,3,Cryptophyta,0.037277333,0.7346351
2021-11-21,3,Cryptophyta,0.14311372,0.72446907
2021-11-22,3,Cryptophyta,0.31098408,0.58834827
2021-11-23,3,Cryptophyta,0.028777102,0.607375
2021-11-24,3,Cryptophyta,0.11981185,0.7305874
2021-11-25,3,Cryptophyta,0.089210704,0.6546456
2021-11-26,3,Cryptophyta,0.026425505,0.31540754
2021-11-27,3,Cryptophyta,0.080904454,0.38129395
2021-11-28,3,Cryptophyta,0.079240225,0.3301921
2021-11-29,3,Cryptophyta,0.13870382,0.28311256
2021-11-30,3,Cryptophyta,0.70564806,0.3108722
2021-12-01,3,Cryptophyta,0.46112964,0.31659803
2021-12-02,3,Cryptophyta,0.56976104,0.39740393
2021-12-03,3,Cryptophyta,0.44613323,0.6507943
2021-12-04,3,Cryptophyta,0.114030406,0.36159548
2021-12-05,3,Cryptophyta,0.13754705,0.37487736
2021-12-06,3,Cryptophyta,0.13356574,0.4061934
2021-12-07,3,Cryptophyta,0.13945727,0.36302134
2021-12-08,3,Cryptophyta,0.18000004,0.40795445
2021-12-09,3,Cryptophyta,0.22572987,0.4102694
2021-12-10,3,Cryptophyta,0.1674964,0.40864345
2021-12-11,3,Cryptophyta,0.536042,0.43172613
2021-12-12,3,Cryptophyta,0.33448946,0.4697078
2021-12-13,3,Cryptophyta,0.8888133,0.38488746
2021-12-14,3,Cryptophyta,1.109754,0.6625553
2021-12-15,3,Cryptophyta,1.157719,0.43422386
2021-12-16,3,Cryptophyta,0.9222013,0.75532943
2021-12-17,3,Cryptophyta,0.2394569,0.8871228
2021-12-18,3,Cryptophyta,0.17299783,0.9387298
2021-12-19,3,Cryptophyta,0.19939901,0.82187164
2021-12-20,3,Cryptophyta,0.0508104,0.43373042
2021-12-21,3,Cryptophyta,0.012547057,0.43104848
2021-12-22,3,Cryptophyta,1.1247612,0.47193918
2021-12-23,3,Cryptophyta,3.3235745,0.33019614
2021-12-24,3,Cryptophyta,5.3787045,0.36172095
2021-12-25,3,Cryptophyta,1.9026159,0.7342889
2021-12-26,3,Cryptophyta,1.5518523,1.2412645
2021-12-27,3,Cryptophyta,1.4961421,1.5599048
2021-12-28,3,Cryptophyta,2.0434694,0.92340606
2021-12-29,3,Cryptophyta,1.3157945,0.807579
2021-12-30,3,Cryptophyta,1.7633647,0.80953616
2021-12-31,3,Cryptophyta,0.99547976,1.0921109
2022-01-01,3,Cryptophyta,0.90334296,0.89153475
2022-01-02,3,Cryptophyta,0.460246,1.2783195
2022-01-03,3,Cryptophyta,0.49183202,0.9818264
2022-01-04,3,Cryptophyta,0.8021434,1.024086
2022-01-05,3,Cryptophyta,2.411108,0.76241
2022-01-06,3,Cryptophyta,1.9298986,0.8298057
2022-01-07,3,Cryptophyta,1.4486893,1.0050001
2022-01-08,3,Cryptophyta,2.254236,1.6864733
2022-01-09,3,Cryptophyta,1.9260247,1.2646142
2022-01-10,3,Cryptophyta,3.8141894,0.9309426
2022-01-11,3,Cryptophyta,3.3248262,1.1616836
2022-01-12,3,Cryptophyta,1.8018959,1.0868421
2022-01-13,3,Cryptophyta,0.6656151,1.4423738
2022-01-14,3,Cryptophyta,0.16721943,1.1833733
2022-01-15,3,Cryptophyta,0.40709117,0.8900661
2022-01-16,3,Cryptophyta,0.41276413,0.5623917
2022-01-17,3,Cryptophyta,0.12125267,0.3378127
2022-01-18,3,Cryptophyta,0.50808835,0.5576116
2022-01-19,3,Cryptophyta,0.29482982,0.59580636
2022-01-20,3,Cryptophyta,0.28364226,0.46148923
2022-01-21,3,Cryptophyta,0.73514116,0.88366854
2022-01-22,3,Cryptophyta,0.8555467,0.9299977
2022-01-23,3,Cryptophyta,6.0838957,1.1903589
2022-01-24,3,Cryptophyta,2.5067077,1.7903316
2022-01-25,3,Cryptophyta,3.2794752,1.9923192
2022-01-26,3,Cryptophyta,4.0522428,3.8001604
2022-01-27,3,Cryptophyta,7.7161593,3.7093694
2022-01-28,3,Cryptophyta,6.604,4.210071
2022-01-29,3,Cryptophyta,6.2652764,3.7140355
2022-01-30,3,Cryptophyta,4.679468,3.4291143
2022-01-31,3,Cryptophyta,2.0781941,2.7679691
2022-02-01,3,Cryptophyta,1.1183823,2.1933987
2022-02-02,3,Cryptophyta,2.0167906,1.7606966
2022-02-03,3,Cryptophyta,1.0336812,1.1369891
2022-02-04,3,Cryptophyta,1.8221382,0.78307873
2022-02-05,3,Cryptophyta,2.1748297,1.0416093
2022-02-06,3,Cryptophyta,0.7498538,0.64230645
2022-02-07,3,Cryptophyta,1.6242288,1.0685349
2022-02-08,3,Cryptophyta,2.812573,1.402531
2022-02-09,3,Cryptophyta,2.1546009,1.1288254
2022-02-10,3,Cryptophyta,2.7654421,1.7948139
2022-02-11,3,Cryptophyta,1.6416949,2.2969997
2022-02-12,3,Cryptophyta,3.2547395,2.497633
2022-02-13,3,Cryptophyta,4.4726844,2.8345568
2022-02-14,3,Cryptophyta,3.2693677,2.5376308
2022-02-15,3,Cryptophyta,3.0681496,3.09085
2022-02-16,3,Cryptophyta,3.5129151,3.076069
2022-02-17,3,Cryptophyta,6.3626266,2.9013243
2022-02-18,3,Cryptophyta,5.7419825,2.6954749
2022-02-19,3,Cryptophyta,5.121339,2.6419363
2022-02-20,3,Cryptophyta,1.3447684,2.820081
2022-02-21,3,Cryptophyta,0.34763938,1.7798598
2022-02-22,3,Cryptophyta,0.11295442,1.2014936
2022-02-23,3,Cryptophyta,0.010837298,0.38846213
2022-02-24,3,Cryptophyta,0.2931932,0.21527861
2022-02-25,3,Cryptophyta,0.3498264,0.21199614
2022-02-26,3,Cryptophyta,0.40645963,0.20911281
2022-02-27,3,Cryptophyta,0.46309286,0.28561732
2022-02-28,3,Cryptophyta,0.23080894,0.28397816
2022-03-01,3,Cryptophyta,0.66084886,0.38192722
2022-03-02,3,Cryptophyta,1.4105,0.491197
2022-03-03,3,Cryptophyta,2.6836133,0.44492316
2022-03-04,3,Cryptophyta,3.074573,0.72234684
2022-03-05,3,Cryptophyta,4.616686,1.4332665
2022-03-06,3,Cryptophyta,4.4455137,2.4805832
2022-03-07,3,Cryptophyta,5.2407317,3.427172
2022-03-08,3,Cryptophyta,3.0426722,4.265387
2022-03-09,3,Cryptophyta,2.6120565,5.041442
2022-03-10,3,Cryptophyta,3.1026852,5.43217
2022-03-11,3,Cryptophyta,5.934228,4.156475
2022-03-12,3,Cryptophyta,5.9608407,4.0793095
2022-03-13,3,Cryptophyta,8.2981825,4.96729
2022-03-14,3,Cryptophyta,8.111037,7.177447
2022-03-15,3,Cryptophyta,7.923893,7.0574007
2022-03-16,3,Cryptophyta,7.6927795,7.2724466
2022-03-17,3,Cryptophyta,7.4616656,6.737649
2022-03-18,3,Cryptophyta,7.230552,6.479365
2022-03-19,3,Cryptophyta,6.9994383,5.9833174
2022-03-20,3,Cryptophyta,6.768325,5.146294
2022-03-21,3,Cryptophyta,2.956575,4.4781485
2022-03-22,3,Cryptophyta,3.0413914,3.432862
2022-03-23,3,Cryptophyta,1.2712663,2.7220898
2022-03-24,3,Cryptophyta,0.48071688,1.308539
2022-03-25,3,Cryptophyta,0.24598116,1.0043725
2022-03-26,3,Cryptophyta,0.17334539,0.48632398
2022-03-27,3,Cryptophyta,0.014066844,0.2265587
2022-03-28,3,Cryptophyta,0.009999991,0.14547025
2022-03-29,3,Cryptophyta,0.009999991,0.12465694
2022-03-30,3,Cryptophyta,0.011354405,0.043604847
2022-03-31,3,Cryptophyta,0.011491702,0.093763866
2022-04-01,3,Cryptophyta,0.0132873645,0.05390178
2022-04-02,3,Cryptophyta,0.009999991,0.071394786
2022-04-03,3,Cryptophyta,0.0104561765,0.09062962
2022-04-04,3,Cryptophyta,0.058059365,0.25757766
2022-04-05,3,Cryptophyta,0.5978168,0.28511852
2022-04-06,3,Cryptophyta,0.5055185,0.38230774
2022-04-07,3,Cryptophyta,1.6158104,0.69550943
2022-04-08,3,Cryptophyta,3.517357,1.4513553
2022-04-09,3,Cryptophyta,3.552728,1.6081314
2022-04-10,3,Cryptophyta,3.648052,2.7248778
2022-04-11,3,Cryptophyta,4.8602524,3.7720494
2022-04-12,3,Cryptophyta,5.7928276,4.445077
2022-04-13,3,Cryptophyta,7.0250325,5.032455
2022-04-14,3,Cryptophyta,7.4662733,5.2448807
2022-04-15,3,Cryptophyta,6.0537853,5.981707
2022-04-16,3,Cryptophyta,5.7560816,5.642136
2022-04-17,3,Cryptophyta,5.326953,5.0501313
2022-04-18,3,Cryptophyta,6.1952877,3.8736577
2022-04-19,3,Cryptophyta,1.519471,2.880335
2022-04-20,3,Cryptophyta,1.9496597,2.6662338
2022-04-21,3,Cryptophyta,2.6454587,3.305188
2022-04-22,3,Cryptophyta,4.0942683,1.7937626
2022-04-23,3,Cryptophyta,5.363492,2.3838851
2022-04-24,3,Cryptophyta,6.632715,2.396937
2022-04-25,3,Cryptophyta,5.4636426,3.3742156
2022-04-26,3,Cryptophyta,5.049073,4.121131
2022-04-27,3,Cryptophyta,4.6345043,4.0549674
2022-04-28,3,Cryptophyta,4.219935,3.3423135
2022-04-29,3,Cryptophyta,3.26207,2.3392596
2022-04-30,3,Cryptophyta,0.3818768,1.3680972
2022-05-01,3,Cryptophyta,0.3872826,1.0294526
2022-05-02,3,Cryptophyta,0.08944931,0.7043304
2022-05-03,3,Cryptophyta,0.25981158,0.24734148
2022-05-04,3,Cryptophyta,1.3497682,0.30983087
2022-05-05,3,Cryptophyta,2.010942,0.20531714
2022-05-06,3,Cryptophyta,4.4939523,0.3240053
2022-05-07,3,Cryptophyta,4.4601665,0.85024905
2022-05-08,3,Cryptophyta,3.5489104,1.1660166
2022-05-09,3,Cryptophyta,2.6376543,2.0173252
2022-05-10,3,Cryptophyta,1.0043664,2.0215547
2022-05-11,3,Cryptophyta,0.4831377,1.3221229
2022-05-12,3,Cryptophyta,0.5559877,0.89423
2022-05-13,3,Cryptophyta,0.073652156,0.33712113
2022-05-14,3,Cryptophyta,0.009999991,0.2323609
2022-05-15,3,Cryptophyta,0.009999991,0.27539364
2022-05-16,3,Cryptophyta,0.009999991,0.047046605
2022-05-17,3,Cryptophyta,0.009999991,-0.0027371717
2022-05-18,3,Cryptophyta,0.013930398,0.013060405
2022-05-19,3,Cryptophyta,0.032872636,0.06641908
2022-05-20,3,Cryptophyta,0.58060104,0.16457884
2022-05-21,3,Cryptophyta,5.506287,0.23680137
2022-05-22,3,Cryptophyta,1.7813116,0.26306912
2022-05-23,3,Cryptophyta,1.5250723,0.5470892
2022-05-24,3,Cryptophyta,2.5719986,1.3404675
2022-05-25,3,Cryptophyta,0.094826125,0.61638284
2022-05-26,3,Cryptophyta,0.38431472,0.5143207
2022-05-27,3,Cryptophyta,0.016613582,0.6303486
2022-05-28,3,Cryptophyta,0.009999991,0.14683752
2022-05-29,3,Cryptophyta,0.009999991,0.2724176
2022-05-30,3,Cryptophyta,0.009999991,0.07670882
2022-05-31,3,Cryptophyta,0.009999991,0.06696471
2022-06-01,3,Cryptophyta,0.041579302,0.1006119
2022-06-02,3,Cryptophyta,0.009999991,0.07730169
2022-06-03,3,Cryptophyta,0.009999991,0.012192994
2022-06-04,3,Cryptophyta,0.009999991,0.023698015
2022-06-05,3,Cryptophyta,0.009999991,0.022063905
2022-06-06,3,Cryptophyta,0.009999991,-0.0044888896
2022-06-07,3,Cryptophyta,0.009999991,-0.043262575
2022-06-08,3,Cryptophyta,0.009999991,0.02537097
2022-06-09,3,Cryptophyta,0.009999991,0.04956647
2022-06-10,3,Cryptophyta,0.009999991,0.03030857
2022-06-11,3,Cryptophyta,0.009999991,-0.024205474
2022-06-12,3,Cryptophyta,0.009999991,0.0026362957
2022-06-13,3,Cryptophyta,0.009999991,-0.008425406
2022-06-14,3,Cryptophyta,0.009999991,0.010730943
2022-06-15,3,Cryptophyta,0.009999991,0.019339643
2022-06-16,3,Cryptophyta,0.009999991,-0.0094779655
2022-06-17,3,Cryptophyta,0.0147973765,-0.059548188
2022-06-18,3,Cryptophyta,0.073159404,-0.082526304
2022-06-19,3,Cryptophyta,0.06849167,-0.032217976
2022-06-20,3,Cryptophyta,0.14291817,0.052381143
2022-06-21,3,Cryptophyta,0.20932655,0.20626451
2022-06-22,3,Cryptophyta,0.23238957,0.31925985
2022-06-23,3,Cryptophyta,0.017235858,0.4319289
2022-06-24,3,Cryptophyta,0.040120743,0.53621304
2022-06-25,3,Cryptophyta,0.2839175,0.5216706
2022-06-26,3,Cryptophyta,0.035959456,0.23526274
2022-06-27,3,Cryptophyta,0.06081824,0.28223044
2022-06-28,3,Cryptophyta,0.27052093,0.49210927
2022-06-29,3,Cryptophyta,0.012525414,0.22474217
2022-06-30,3,Cryptophyta,0.6139971,0.22868353
2022-07-01,3,Cryptophyta,0.59884864,0.34858617
2022-07-02,3,Cryptophyta,0.026125995,0.17741458
2022-07-03,3,Cryptophyta,0.010289456,0.38294297
2022-07-04,3,Cryptophyta,0.009999991,0.35368484
2022-07-05,3,Cryptophyta,0.009999991,0.14255889
2022-07-06,3,Cryptophyta,0.009999991,0.14897911
2022-07-07,3,Cryptophyta,0.009999991,0.14006896
2022-07-08,3,Cryptophyta,0.02234078,0.11557263
2022-07-09,3,Cryptophyta,0.10539345,0.11885709
2022-07-10,3,Cryptophyta,0.24793312,0.12937991
2022-07-11,3,Cryptophyta,0.51225203,0.19008715
2022-07-12,3,Cryptophyta,0.3178261,0.25729915
2022-07-13,3,Cryptophyta,0.12300002,0.39711842
2022-07-14,3,Cryptophyta,1.7812928,0.45520172
2022-07-15,3,Cryptophyta,4.1484494,0.35294107
2022-07-16,3,Cryptophyta,0.7352533,0.27603742
2022-07-17,3,Cryptophyta,0.92751086,0.68024313
2022-07-18,3,Cryptophyta,0.22509077,0.7192191
2022-07-19,3,Cryptophyta,0.020543884,0.2658925
2022-07-20,3,Cryptophyta,0.043882452,0.26572475
2022-07-21,3,Cryptophyta,0.011791171,0.16008578
2022-07-22,3,Cryptophyta,0.010043729,0.13000365
2022-07-23,3,Cryptophyta,0.012169442,0.17409879
2022-07-24,3,Cryptophyta,0.40781432,0.0663385
2022-07-25,3,Cryptophyta,0.016661854,0.02800853
2022-07-26,3,Cryptophyta,0.022054957,0.043294396
2022-07-27,3,Cryptophyta,0.020608686,0.15876111
2022-07-28,3,Cryptophyta,0.010642375,0.008278628
2022-07-29,3,Cryptophyta,0.07021444,0.024601793
2022-07-30,3,Cryptophyta,0.103735305,0.05515293
2022-07-31,3,Cryptophyta,0.1372561,0.10975853
2022-08-01,3,Cryptophyta,0.17077692,0.1482758
2022-08-02,3,Cryptophyta,0.20429775,0.20697527
2022-08-03,3,Cryptophyta,0.2378185,0.27465454
2022-08-04,3,Cryptophyta,0.27133936,0.35735753
2022-08-05,3,Cryptophyta,0.30486017,0.38957572
2022-08-06,3,Cryptophyta,0.33838093,0.4091534
2022-08-07,3,Cryptophyta,0.37190175,0.35844997
2022-08-08,3,Cryptophyta,0.40542254,0.32110423
2022-08-09,3,Cryptophyta,0.43894336,0.33008036
2022-08-10,3,Cryptophyta,0.47246417,0.37116352
2022-08-11,3,Cryptophyta,0.505985,0.37252504
2022-08-12,3,Cryptophyta,0.5395058,0.3998541
2022-08-13,3,Cryptophyta,0.5730266,0.42704374
2022-08-14,3,Cryptophyta,0.6065474,0.46417522
2022-08-15,3,Cryptophyta,0.6400682,0.45650467
2022-08-16,3,Cryptophyta,0.67358905,0.5564035
2022-08-17,3,Cryptophyta,0.70710987,0.5844465
2022-08-18,3,Cryptophyta,0.7406306,0.5781906
2022-08-19,3,Cryptophyta,0.77415144,0.6015532
2022-08-20,3,Cryptophyta,0.80767226,0.6333134
2022-08-21,3,Cryptophyta,0.8411931,0.64077723
2022-08-22,3,Cryptophyta,0.87471384,0.68992895
2022-08-23,3,Cryptophyta,0.90823466,0.7358495
2022-08-24,3,Cryptophyta,0.9417555,0.75716364
2022-08-25,3,Cryptophyta,0.97527635,0.8239987
2022-08-26,3,Cryptophyta,1.008797,0.9091971
2022-08-27,3,Cryptophyta,1.042318,0.93860763
2022-08-28,3,Cryptophyta,1.0758387,0.9698225
2022-08-29,3,Cryptophyta,1.1093595,0.9553153
2022-08-30,3,Cryptophyta,1.1428803,0.9734671
2022-08-31,3,Cryptophyta,1.1764011,1.0472277
2022-09-01,3,Cryptophyta,1.209922,1.1501424
2022-09-02,3,Cryptophyta,1.2434428,1.2041385
2022-09-03,3,Cryptophyta,1.2769636,1.2686744
2022-09-04,3,Cryptophyta,1.3104844,1.1593994
2022-09-05,3,Cryptophyta,1.3440052,1.1592948
2022-09-06,3,Cryptophyta,1.377526,1.0520242
2022-09-07,3,Cryptophyta,1.4110469,1.0025663
2022-09-08,3,Cryptophyta,1.4445677,0.9126103
2022-09-09,3,Cryptophyta,1.4780885,1.021218
2022-09-10,3,Cryptophyta,1.5513841,0.99160856
2022-09-11,3,Cryptophyta,1.6445435,0.9437729
2022-09-12,3,Cryptophyta,1.056165,0.942128
2022-09-13,3,Cryptophyta,1.3345797,0.9803547
2022-09-14,3,Cryptophyta,2.154297,1.0528752
2022-09-15,3,Cryptophyta,1.5098189,0.7426573
2022-09-16,3,Cryptophyta,0.62335265,0.8420243
2022-09-17,3,Cryptophyta,0.5262518,0.9026679
2022-09-18,3,Cryptophyta,0.5816812,0.72744685
2022-09-19,3,Cryptophyta,0.26104993,0.4558524
2022-09-20,3,Cryptophyta,0.011123174,0.5402847
2022-09-21,3,Cryptophyta,0.051745083,0.6057159
2022-09-22,3,Cryptophyta,0.030354569,0.46269074
2022-09-23,3,Cryptophyta,0.042973924,0.35867918
2022-09-24,3,Cryptophyta,0.13725565,0.3716074
2022-09-25,3,Cryptophyta,0.0662491,0.32964936
2022-09-26,3,Cryptophyta,0.19330437,0.30197537
2022-09-27,3,Cryptophyta,0.1107241,0.2628664
2022-09-28,3,Cryptophyta,1.4748371,0.27327538
2022-09-29,3,Cryptophyta,1.4093351,0.24789187
2022-09-30,3,Cryptophyta,0.43673825,0.15089057
2022-10-01,3,Cryptophyta,0.009999991,0.36828646
2022-10-02,3,Cryptophyta,0.0148912715,0.28253236
2022-10-03,3,Cryptophyta,0.07116495,0.11584808
2022-10-04,3,Cryptophyta,0.19286546,0.043763727
2022-10-05,3,Cryptophyta,0.009999991,0.020796917
2022-10-06,3,Cryptophyta,0.009999991,0.04148762
2022-10-07,3,Cryptophyta,0.009999991,0.032623045
2022-10-08,3,Cryptophyta,0.009999991,-0.04901779
2022-10-09,3,Cryptophyta,0.018630426,-0.044879977
2022-10-10,3,Cryptophyta,0.013161731,-0.0047756108
2022-10-11,3,Cryptophyta,0.024279546,0.108617336
2022-10-12,3,Cryptophyta,0.15063044,0.23522064
2022-10-13,3,Cryptophyta,0.012413051,0.22844292
2022-10-14,3,Cryptophyta,0.010152084,0.18781975
2022-10-15,3,Cryptophyta,0.010290094,0.23717779
2022-10-16,3,Cryptophyta,0.01853731,0.16489662
2022-10-17,3,Cryptophyta,0.028262116,0.20443368
2022-10-18,3,Cryptophyta,0.010137582,0.25064808
2022-10-19,3,Cryptophyta,0.05505431,0.27122223
2022-10-20,3,Cryptophyta,0.1891751,0.24620703
2022-10-21,3,Cryptophyta,0.30444208,0.25366357
2022-10-22,3,Cryptophyta,3.1631176,0.2467579
2022-10-23,3,Cryptophyta,0.263108,0.334613
2022-10-24,3,Cryptophyta,0.21729375,0.30701858
2022-10-25,3,Cryptophyta,0.059153363,0.918519
2022-10-26,3,Cryptophyta,0.059789892,0.16219336
2022-10-27,3,Cryptophyta,0.047026042,0.076285884
2022-10-28,3,Cryptophyta,0.107351705,-0.014333667
2022-10-29,3,Cryptophyta,0.0664518,-0.011157242
2022-10-30,3,Cryptophyta,0.05750361,0.0034844354
2022-10-31,3,Cryptophyta,0.066642515,0.052086674
2022-11-01,3,Cryptophyta,0.09764286,0.05352395
2022-11-02,3,Cryptophyta,0.11699055,0.09738905
2022-11-03,3,Cryptophyta,0.17307027,0.14486966
2022-11-04,3,Cryptophyta,0.085826114,0.20310204
2022-11-05,3,Cryptophyta,0.06902318,0.22041585
2022-11-06,3,Cryptophyta,0.055853847,0.2452496
2022-11-07,3,Cryptophyta,0.1524133,0.19047058
2022-11-08,3,Cryptophyta,2.7645764,0.18663093
2022-11-09,3,Cryptophyta,1.2183956,0.27717063
2022-11-10,3,Cryptophyta,0.56341535,0.2789289
2022-11-11,3,Cryptophyta,0.70662564,1.1003176
2022-11-12,3,Cryptophyta,0.9455072,0.6427664
2022-11-13,3,Cryptophyta,0.2735725,0.445125
2022-11-14,3,Cryptophyta,0.19732274,0.42906234
2022-11-15,3,Cryptophyta,0.21539077,0.46560076
2022-11-16,3,Cryptophyta,0.09860967,0.22263573
2022-11-17,3,Cryptophyta,0.08582912,0.16798621
2022-11-18,3,Cryptophyta,0.05319826,0.08919138
2022-11-19,3,Cryptophyta,0.24602175,0.009069616
2022-11-20,3,Cryptophyta,0.22234443,0.0052390033
2022-11-21,3,Cryptophyta,0.14946416,0.066482
2022-11-22,3,Cryptophyta,0.13514844,0.21374741
2022-11-23,3,Cryptophyta,0.32496366,0.12519962
2022-11-24,3,Cryptophyta,0.04255429,0.09751742
2022-11-25,3,Cryptophyta,0.13866036,0.09871921
2022-11-26,3,Cryptophyta,0.011700435,0.17850575
2022-11-27,3,Cryptophyta,0.051456515,0.040439848
2022-11-28,3,Cryptophyta,0.07280031,0.040700357
2022-11-29,3,Cryptophyta,0.01386674,0.024996577
2022-11-30,3,Cryptophyta,0.13835019,0.076986484
2022-12-01,3,Cryptophyta,0.025166452,0.15497136
2022-12-02,3,Cryptophyta,0.15414065,0.18738744
2022-12-03,3,Cryptophyta,0.16071686,0.29967877
2022-12-04,3,Cryptophyta,0.14975378,0.30054396
2022-12-05,3,Cryptophyta,0.7071791,0.40373474
2022-12-06,3,Cryptophyta,0.8909427,0.37763962
2022-12-07,3,Cryptophyta,1.0464518,0.30829602
2022-12-08,3,Cryptophyta,0.9203116,0.47364885
2022-12-09,3,Cryptophyta,1.654772,0.3994926
2022-12-10,3,Cryptophyta,1.3442216,0.4396755
2022-12-11,3,Cryptophyta,0.2558943,0.3911949
2022-12-12,3,Cryptophyta,0.23369749,0.5591182
2022-12-13,3,Cryptophyta,0.18690802,0.41433927
2022-12-14,3,Cryptophyta,0.08117475,0.063448414
2022-12-15,3,Cryptophyta,0.12455794,0.041000348
2022-12-16,3,Cryptophyta,0.06581464,0.04408782
2022-12-17,3,Cryptophyta,0.13824038,0.041270196
2022-12-18,3,Cryptophyta,0.18520641,0.08128767
2022-12-19,3,Cryptophyta,0.12663768,0.15120535
2022-12-20,3,Cryptophyta,0.1604924,0.18433975
2022-12-21,3,Cryptophyta,0.1743573,0.2069172
2022-12-22,3,Cryptophyta,0.23126812,0.18924639
2022-12-23,3,Cryptophyta,0.1509928,0.22281975
2022-12-24,3,Cryptophyta,0.1620203,0.25307435
2022-12-25,3,Cryptophyta,0.21839248,0.2880377
2022-12-26,3,Cryptophyta,0.23416787,0.3058077
2022-12-27,3,Cryptophyta,0.21106365,0.3177929
2022-12-28,3,Cryptophyta,0.19214647,0.35141775
2022-12-29,3,Cryptophyta,0.3410203,0.3877192
2022-12-30,3,Cryptophyta,0.35081884,0.3472693
2022-12-31,3,Cryptophyta,0.49809423,0.38411775
2023-01-01,3,Cryptophyta,0.18109258,0.5031621
2023-01-02,3,Cryptophyta,0.31292963,0.5809328
2023-01-03,3,Cryptophyta,0.07629438,0.74819493
2023-01-04,3,Cryptophyta,3.205677,0.6194935
2023-01-05,3,Cryptophyta,4.054281,0.8063231
2023-01-06,3,Cryptophyta,4.902886,0.7646967
2023-01-07,3,Cryptophyta,5.75149,2.9390085
2023-01-08,3,Cryptophyta,6.600094,3.383424
2023-01-09,3,Cryptophyta,6.476336,4.3081574
2023-01-10,3,Cryptophyta,6.3525777,4.893955
2023-01-11,3,Cryptophyta,7.391216,4.853651
2023-01-12,3,Cryptophyta,6.5247107,4.866674
2023-01-13,3,Cryptophyta,6.205655,4.964255
2023-01-14,3,Cryptophyta,5.886599,5.290885
2023-01-15,3,Cryptophyta,3.070391,5.1640015
2023-01-16,3,Cryptophyta,3.2330124,4.6885533
2023-01-17,3,Cryptophyta,3.5090666,4.4878163
2023-01-18,3,Cryptophyta,1.8202682,2.9068487
2023-01-19,3,Cryptophyta,1.4881377,2.903798
2023-01-20,3,Cryptophyta,1.890601,3.267999
2023-01-21,3,Cryptophyta,2.4779377,2.344288
2023-01-22,3,Cryptophyta,5.5649133,2.3752751
2023-01-23,3,Cryptophyta,6.253169,2.7079384
2023-01-24,3,Cryptophyta,2.7285879,2.9689093
2023-01-25,3,Cryptophyta,3.2420566,4.177222
2023-01-26,3,Cryptophyta,3.3563943,4.2681665
2023-01-27,3,Cryptophyta,3.5607386,3.409002
2023-01-28,3,Cryptophyta,2.948197,3.432645
2023-01-29,3,Cryptophyta,2.329044,3.1814551
2023-01-30,3,Cryptophyta,1.9131858,3.4323692
2023-01-31,3,Cryptophyta,4.070152,3.0358198
2023-02-01,3,Cryptophyta,5.226647,3.019587
2023-02-02,3,Cryptophyta,7.453282,2.8491693
2023-02-03,3,Cryptophyta,4.521753,3.385163
2023-02-04,3,Cryptophyta,4.6141877,3.7757256
2023-02-05,3,Cryptophyta,4.706622,4.2639565
2023-02-06,3,Cryptophyta,4.7990575,3.7400584
2023-02-07,3,Cryptophyta,6.802565,4.000587
2023-02-08,3,Cryptophyta,5.860838,4.0504107
2023-02-09,3,Cryptophyta,4.919111,4.208983
2023-02-10,3,Cryptophyta,4.0689564,4.3506527
2023-02-11,3,Cryptophyta,5.0742173,3.9938319
2023-02-12,3,Cryptophyta,3.9877925,3.744712
2023-02-13,3,Cryptophyta,3.0906606,2.894788
2023-02-14,3,Cryptophyta,4.7804313,3.286503
2023-02-15,3,Cryptophyta,3.154463,2.61926
2023-02-16,3,Cryptophyta,2.5376039,2.4483395
2023-02-17,3,Cryptophyta,2.6187308,2.580628
2023-02-18,3,Cryptophyta,3.3592136,2.1366258
2023-02-19,3,Cryptophyta,2.9372036,2.0312915
2023-02-20,3,Cryptophyta,2.8396633,2.0043802
2023-02-21,3,Cryptophyta,2.0213537,2.2833176
2023-02-22,3,Cryptophyta,1.5460931,2.1686068
2023-02-23,3,Cryptophyta,3.0472844,2.2720516
2023-02-24,3,Cryptophyta,2.540876,1.8683729
2023-02-25,3,Cryptophyta,1.6696993,1.6890191
2023-02-26,3,Cryptophyta,1.8506247,2.1749418
2023-02-27,3,Cryptophyta,2.4273033,1.9350497
2023-02-28,3,Cryptophyta,4.0576186,1.7308723
2023-03-01,3,Cryptophyta,3.1774063,1.7547385
2023-03-02,3,Cryptophyta,1.9276384,1.9501725
2023-03-03,3,Cryptophyta,1.4349824,2.589541
2023-03-04,3,Cryptophyta,1.4693632,2.3330903
2023-03-05,3,Cryptophyta,1.3964868,2.0554705
2023-03-06,3,Cryptophyta,1.3642833,1.8942091
2023-03-07,3,Cryptophyta,2.018636,1.8490183
2023-03-08,3,Cryptophyta,2.042899,1.7519002
2023-03-09,3,Cryptophyta,1.9240745,1.6978493
2023-03-10,3,Cryptophyta,1.8107322,1.9782377
2023-03-11,3,Cryptophyta,1.7866005,1.9889568
2023-03-12,3,Cryptophyta,1.9636885,2.0400949
2023-03-13,3,Cryptophyta,1.6649137,2.0726948
2023-03-14,3,Cryptophyta,1.6280838,2.098569
2023-03-15,3,Cryptophyta,1.6098557,2.1791432
2023-03-16,3,Cryptophyta,1.5768707,2.1333377
2023-03-17,3,Cryptophyta,2.1391935,2.0963497
2023-03-18,3,Cryptophyta,2.3038106,2.0844493
2023-03-19,3,Cryptophyta,1.9287786,2.0660577
2023-03-20,3,Cryptophyta,1.5824027,2.1492338
2023-03-21,3,Cryptophyta,1.5820714,2.2597897
2023-03-22,3,Cryptophyta,1.3658339,2.0832965
2023-03-23,3,Cryptophyta,2.0884864,2.1168587
2023-03-24,3,Cryptophyta,3.786341,1.8921132
2023-03-25,3,Cryptophyta,2.1906228,1.9683287
2023-03-26,3,Cryptophyta,2.1829119,2.4858298
2023-03-27,3,Cryptophyta,2.6158876,2.7453156
2023-03-28,3,Cryptophyta,2.740476,1.9490467
2023-03-29,3,Cryptophyta,2.5346584,2.238987
2023-03-30,3,Cryptophyta,2.3052733,2.0689864
2023-03-31,3,Cryptophyta,2.1105404,1.9763323
2023-04-01,3,Cryptophyta,1.7814717,1.8023088
2023-04-02,3,Cryptophyta,1.6399796,1.4516988
2023-04-03,3,Cryptophyta,1.7084769,1.2770212
2023-04-04,3,Cryptophyta,1.6054392,1.3138392
2023-04-05,3,Cryptophyta,1.1882055,1.3315558
2023-04-06,3,Cryptophyta,0.2286157,1.4506127
2023-04-07,3,Cryptophyta,1.8078315,1.4838486
2023-04-08,3,Cryptophyta,2.489018,1.5918378
2023-04-09,3,Cryptophyta,2.4789941,1.2234458
2023-04-10,3,Cryptophyta,2.4197881,1.7766318
2023-04-11,3,Cryptophyta,2.1295638,2.0192194
2023-04-12,3,Cryptophyta,1.8207544,1.9192832
2023-04-13,3,Cryptophyta,1.8472507,1.9428087
2023-04-14,3,Cryptophyta,2.0092578,1.7269996
2023-04-15,3,Cryptophyta,2.939332,1.677337
2023-04-16,3,Cryptophyta,3.1336887,1.8258387
2023-04-17,3,Cryptophyta,5.1471896,2.1309333
2023-04-18,3,Cryptophyta,5.275001,2.576232
2023-04-19,3,Cryptophyta,3.3519037,2.406855
2023-04-20,3,Cryptophyta,2.5430167,3.1452005
2023-04-21,3,Cryptophyta,2.4620326,3.0940757
2023-04-22,3,Cryptophyta,2.2683303,2.3918355
2023-04-23,3,Cryptophyta,2.4192183,2.4031663
2023-04-24,3,Cryptophyta,2.5424767,2.443618
2023-04-25,3,Cryptophyta,3.0996997,2.1585073
2023-04-26,3,Cryptophyta,2.0676734,2.1768513
2023-04-27,3,Cryptophyta,1.418416,1.8967273
2023-04-28,3,Cryptophyta,3.1601994,2.4400373
2023-04-29,3,Cryptophyta,8.067172,2.1806788
2023-04-30,3,Cryptophyta,5.9201818,2.062168
2023-05-01,3,Cryptophyta,3.7731922,3.0715795
2023-05-02,3,Cryptophyta,5.453592,3.9295847
2023-05-03,3,Cryptophyta,3.5497632,3.7434802
2023-05-04,3,Cryptophyta,4.6637454,3.479092
2023-05-05,3,Cryptophyta,7.1205983,4.2897964
2023-05-06,3,Cryptophyta,4.6055446,3.4979355
2023-05-07,3,Cryptophyta,1.0466392,3.6583903
2023-05-08,3,Cryptophyta,0.8512937,3.806533
2023-05-09,3,Cryptophyta,1.2092457,2.8170087
2023-05-10,3,Cryptophyta,0.48372468,1.0508808
2023-05-11,3,Cryptophyta,0.27442262,0.879749
2023-05-12,3,Cryptophyta,0.54694,1.0421749
2023-05-13,3,Cryptophyta,1.3488332,0.6342898
2023-05-14,3,Cryptophyta,1.972228,0.6060073
2023-05-15,3,Cryptophyta,1.8265859,0.6877873
2023-05-16,3,Cryptophyta,1.8002838,0.92525595
2023-05-17,3,Cryptophyta,1.6562451,1.2338907
2023-05-18,3,Cryptophyta,2.0616684,1.4288954
2023-05-19,3,Cryptophyta,1.6782538,1.7127854
2023-05-20,3,Cryptophyta,1.5077107,1.6819228
2023-05-21,3,Cryptophyta,1.4706587,2.1155446
2023-05-22,3,Cryptophyta,1.3920453,1.9158907
2023-05-23,3,Cryptophyta,1.6479505,1.9710582
2023-05-24,3,Cryptophyta,1.9610981,2.240703
2023-05-25,3,Cryptophyta,1.7397623,2.013652
2023-05-26,3,Cryptophyta,1.7409996,2.0879648
2023-05-27,3,Cryptophyta,2.1646082,2.1120958
2023-05-28,3,Cryptophyta,2.4318943,2.1170897
2023-05-29,3,Cryptophyta,2.874541,2.1485126
2023-05-30,3,Cryptophyta,2.9939795,2.4150424
2023-05-31,3,Cryptophyta,4.768519,2.8851082
2023-06-01,3,Cryptophyta,5.5222354,3.0902793
2023-06-02,3,Cryptophyta,3.4842105,3.043555
2023-06-03,3,Cryptophyta,5.0643554,3.6069026
2023-06-04,3,Cryptophyta,4.144578,3.6148827
2023-06-05,3,Cryptophyta,2.5872154,2.8277578
2023-06-06,3,Cryptophyta,3.6343513,2.8243294
2023-06-07,3,Cryptophyta,3.7011142,2.75022
2023-06-08,3,Cryptophyta,2.9802804,2.4066818
2023-06-09,3,Cryptophyta,2.7695792,2.8764148
2023-06-10,3,Cryptophyta,1.9076351,2.9384027
2023-06-11,3,Cryptophyta,1.9823658,3.000152
2023-06-12,3,Cryptophyta,2.399869,2.6669843
2023-06-13,3,Cryptophyta,3.1885514,2.1559324
2023-06-14,3,Cryptophyta,4.228957,2.0793257
2023-06-15,3,Cryptophyta,3.2900848,2.1765575
2023-06-16,3,Cryptophyta,1.8680872,2.230497
2023-06-17,3,Cryptophyta,2.042923,2.292787
2023-06-18,3,Cryptophyta,2.1622174,2.2715771
2023-06-19,3,Cryptophyta,1.5457335,1.7953502
2023-06-20,3,Cryptophyta,1.8699645,1.9188656
2023-06-21,3,Cryptophyta,3.3475523,2.238362
2023-06-22,3,Cryptophyta,4.0936656,2.1087754
2023-06-23,3,Cryptophyta,5.212351,2.5183566
2023-06-24,3,Cryptophyta,6.072758,3.4007485
2023-06-25,3,Cryptophyta,5.693322,3.7630856
2023-06-26,3,Cryptophyta,5.938072,4.20745
2023-06-27,3,Cryptophyta,6.255651,4.3789635
2023-06-28,3,Cryptophyta,6.574,4.073124
2023-06-29,3,Cryptophyta,7.6921687,4.0066986
2023-06-30,3,Cryptophyta,9.32456,4.1840982
2023-07-01,3,Cryptophyta,6.118696,4.9525423
2023-07-02,3,Cryptophyta,5.874047,5.1674623
2023-07-03,3,Cryptophyta,6.4657016,5.229134
2023-07-04,3,Cryptophyta,9.029866,4.8439627
2023-07-05,3,Cryptophyta,9.039206,4.8070703
2023-07-06,3,Cryptophyta,9.048546,4.83642
2023-07-07,3,Cryptophyta,8.390148,5.602323
2023-07-08,3,Cryptophyta,8.070246,6.2629824
2023-07-09,3,Cryptophyta,9.251422,5.9133825
2023-07-10,3,Cryptophyta,7.703793,5.759653
2023-07-11,3,Cryptophyta,5.677761,5.2792597
2023-07-12,3,Cryptophyta,4.203484,5.245646
2023-07-13,3,Cryptophyta,3.7054465,4.3895764
2023-07-14,3,Cryptophyta,2.8924713,3.6011672
2023-07-15,3,Cryptophyta,2.5350773,3.0743186
2023-07-16,3,Cryptophyta,2.1989539,2.6137304
2023-07-17,3,Cryptophyta,2.3571,2.3971748
2023-07-18,3,Cryptophyta,2.2635317,2.1777363
2023-07-19,3,Cryptophyta,2.2437925,2.086301
2023-07-20,3,Cryptophyta,2.896344,2.5208347
2023-07-21,3,Cryptophyta,6.2929935,2.6605654
2023-07-22,3,Cryptophyta,6.738102,2.8616364
2023-07-23,3,Cryptophyta,7.183211,3.4109857
2023-07-24,3,Cryptophyta,7.685931,4.7695894
2023-07-25,3,Cryptophyta,8.0122,5.502609
2023-07-26,3,Cryptophyta,9.50315,5.8997893
2023-07-27,3,Cryptophyta,6.242461,5.9629626
2023-07-28,3,Cryptophyta,3.7934585,5.5199447
2023-07-29,3,Cryptophyta,3.7060483,4.878199
2023-07-30,3,Cryptophyta,4.798678,4.175577
2023-07-31,3,Cryptophyta,5.312769,2.7303128
2023-08-01,3,Cryptophyta,4.807978,2.6826863
2023-08-02,3,Cryptophyta,5.1036863,3.5813231
2023-08-03,3,Cryptophyta,7.267846,3.5923326
2023-08-04,3,Cryptophyta,6.624954,4.09807
2023-08-05,3,Cryptophyta,9.552635,4.621082
2023-08-06,3,Cryptophyta,9.511289,5.0172076
2023-08-07,3,Cryptophyta,9.469944,5.0902452
2023-08-08,3,Cryptophyta,9.428597,5.65732
2023-08-09,3,Cryptophyta,7.984899,5.843428
2023-08-10,3,Cryptophyta,6.058531,5.598872
2023-08-11,3,Cryptophyta,5.654987,5.3582106
2023-08-12,3,Cryptophyta,5.1433764,5.7686744
2023-08-13,3,Cryptophyta,6.11593,3.9899487
2023-08-14,3,Cryptophyta,8.257987,4.027175
2023-08-15,3,Cryptophyta,7.4124427,3.2968876
2023-08-16,3,Cryptophyta,6.184389,4.006562
2023-08-17,3,Cryptophyta,2.5512493,4.447637
2023-08-18,3,Cryptophyta,3.1742585,4.5428486
2023-08-19,3,Cryptophyta,3.7459614,3.9378808
2023-08-20,3,Cryptophyta,2.7918842,2.5139766
2023-08-21,3,Cryptophyta,2.5527868,2.380796
2023-08-22,3,Cryptophyta,2.5006547,2.2908301
2023-08-23,3,Cryptophyta,2.5931542,1.9769691
2023-08-24,3,Cryptophyta,2.4038517,1.7473646
2023-08-25,3,Cryptophyta,2.12962,1.6959265
2023-08-26,3,Cryptophyta,2.6475,1.9698275
2023-08-27,3,Cryptophyta,2.5876358,1.7012975
2023-08-28,3,Cryptophyta,2.6450179,2.0438762
2023-08-29,3,Cryptophyta,3.403212,2.0187488
2023-08-30,3,Cryptophyta,2.8871322,2.2152216
2023-08-31,3,Cryptophyta,2.8458216,2.0914807
2023-09-01,3,Cryptophyta,2.9603746,2.6323092
2023-09-02,3,Cryptophyta,2.9794774,2.4511185
2023-09-03,3,Cryptophyta,2.8369246,2.62639
2023-09-04,3,Cryptophyta,2.7218082,2.580485
2023-09-05,3,Cryptophyta,2.112845,2.5001721
2023-09-06,3,Cryptophyta,0.04749515,2.331396
2023-09-07,3,Cryptophyta,0.26601022,2.0299597
2023-09-08,3,Cryptophyta,2.5536625,1.8388389
2023-09-09,3,Cryptophyta,2.6093724,1.2436697
2023-09-10,3,Cryptophyta,2.316723,1.3106583
2023-09-11,3,Cryptophyta,1.9911342,1.9065992
2023-09-12,3,Cryptophyta,1.7458469,1.707033
2023-09-13,3,Cryptophyta,1.8351148,1.8400763
2023-09-14,3,Cryptophyta,2.1095014,1.8207548
2023-09-15,3,Cryptophyta,2.5304284,1.9441803
2023-09-16,3,Cryptophyta,2.2723098,2.0206563
2023-09-17,3,Cryptophyta,1.7500002,2.3645754
2023-09-18,3,Cryptophyta,2.5075011,2.7868423
2023-09-19,3,Cryptophyta,3.096033,2.7048025
2023-09-20,3,Cryptophyta,4.1011615,2.4697466
2023-09-21,3,Cryptophyta,4.6832166,2.8794692
2023-09-22,3,Cryptophyta,3.7967741,2.9814932
2023-09-23,3,Cryptophyta,4.1924467,3.676778
2023-09-24,3,Cryptophyta,4.0289173,3.6143062
2023-09-25,3,Cryptophyta,2.756178,3.4811409
2023-09-26,3,Cryptophyta,4.132515,3.6159637
2023-09-27,3,Cryptophyta,3.435256,3.1844854
2023-09-28,3,Cryptophyta,3.4994173,2.5419452
2023-09-29,3,Cryptophyta,3.4379761,2.9263546
2023-09-30,3,Cryptophyta,3.7087204,2.6368823
2023-10-01,3,Cryptophyta,3.5299013,2.8814502
2023-10-02,3,Cryptophyta,2.4059725,3.0913627
2023-10-03,3,Cryptophyta,2.6663723,2.986236
2023-10-04,3,Cryptophyta,2.8094635,3.0726206
2023-10-05,3,Cryptophyta,2.406531,2.732295
2023-10-06,3,Cryptophyta,2.0393844,2.4626374
2023-10-07,3,Cryptophyta,1.8184012,2.4697583
2023-10-08,3,Cryptophyta,1.8670961,2.2476275
2023-10-09,3,Cryptophyta,2.1665063,1.8811543
2023-10-10,3,Cryptophyta,2.4892564,1.7427005
2023-10-11,3,Cryptophyta,2.2086902,1.8673087
2023-10-12,3,Cryptophyta,1.6117432,2.121573
2023-10-13,3,Cryptophyta,3.1600454,2.459832
2023-10-14,3,Cryptophyta,5.4156017,2.3773236
2023-10-15,3,Cryptophyta,5.559093,2.400002
2023-10-16,3,Cryptophyta,2.1519644,3.035831
2023-10-17,3,Cryptophyta,2.2487733,3.670975
2023-10-18,3,Cryptophyta,4.1400843,3.7828405
2023-10-19,3,Cryptophyta,3.5796912,2.9247127
2023-10-20,3,Cryptophyta,4.094905,2.8208923
2023-10-21,3,Cryptophyta,2.643748,3.072259
2023-10-22,3,Cryptophyta,3.6341314,2.760709
2023-10-23,3,Cryptophyta,2.7132502,3.0720425
2023-10-24,3,Cryptophyta,4.40684,2.4422042
2023-10-25,3,Cryptophyta,6.3353786,2.9741933
2023-10-26,3,Cryptophyta,5.0694957,2.586877
2023-10-27,3,Cryptophyta,4.7068067,3.1468418
2023-10-28,3,Cryptophyta,2.4397392,3.5236833
2023-10-29,3,Cryptophyta,2.5866666,3.5176377
2023-10-30,3,Cryptophyta,2.3783805,3.470876
2023-10-31,3,Cryptophyta,3.3042376,2.898802
2023-11-01,3,Cryptophyta,3.6788993,2.799313
2023-11-02,3,Cryptophyta,2.9372442,2.5679808
2023-11-03,3,Cryptophyta,4.0153823,2.8100615
2023-11-04,3,Cryptophyta,2.9691207,2.9526165
2023-11-05,3,Cryptophyta,4.6212864,2.720283
2023-11-06,3,Cryptophyta,5.682647,3.1702046
2023-11-07,3,Cryptophyta,4.430414,2.8899705
2023-11-08,3,Cryptophyta,2.5491812,3.4196205
2023-11-09,3,Cryptophyta,2.577175,3.7225313
2023-11-10,3,Cryptophyta,2.1634166,3.4446533
2023-11-11,3,Cryptophyta,1.5053525,2.8050504
2023-11-12,3,Cryptophyta,1.0600724,2.728748
2023-11-13,3,Cryptophyta,1.2939341,2.2680223
2023-11-14,3,Cryptophyta,1.9473946,2.068256
2023-11-15,3,Cryptophyta,1.9738972,1.857771
2023-11-16,3,Cryptophyta,1.8247457,1.7884889
2023-11-17,3,Cryptophyta,1.657275,2.1876266
2023-11-18,3,Cryptophyta,1.5474409,2.1485908
2023-11-19,3,Cryptophyta,1.0971582,2.1135712
2023-11-20,3,Cryptophyta,1.2624784,2.021049
2023-11-21,3,Cryptophyta,0.9482711,2.1890333
2023-11-22,3,Cryptophyta,1.8767328,1.7881893
2023-11-23,3,Cryptophyta,6.3925285,2.0198693
2023-11-24,3,Cryptophyta,4.2654333,1.5841571
2023-11-25,3,Cryptophyta,2.7321594,1.9337373
2023-11-26,3,Cryptophyta,1.7029,3.1928968
2023-11-27,3,Cryptophyta,1.9832858,3.168457
2023-11-28,3,Cryptophyta,3.521314,3.0181108
2023-11-29,3,Cryptophyta,2.7741783,2.4787266
2023-11-30,3,Cryptophyta,6.872362,2.5528643
2023-12-01,3,Cryptophyta,3.9785435,2.894502
2023-12-02,3,Cryptophyta,3.0168524,2.867097
2023-12-03,3,Cryptophyta,3.5640304,3.8843973
2023-12-04,3,Cryptophyta,2.9545367,3.3147638
2023-12-05,3,Cryptophyta,5.5100183,2.9302888
2023-12-06,3,Cryptophyta,6.003167,3.0736399
2023-12-07,3,Cryptophyta,3.810038,2.8635995
2023-12-08,3,Cryptophyta,2.5102015,3.6426723
2023-12-09,3,Cryptophyta,3.9716225,3.5724235
2023-12-10,3,Cryptophyta,3.3053324,3.522685
2023-12-11,3,Cryptophyta,4.866557,2.7837434
2023-12-12,3,Cryptophyta,6.099259,3.6517677
2023-12-13,3,Cryptophyta,5.3320804,3.2734847
2023-12-14,3,Cryptophyta,6.7810683,4.175183
2023-12-15,3,Cryptophyta,6.163149,4.690805
2023-12-16,3,Cryptophyta,5.54523,4.399738
2023-12-17,3,Cryptophyta,3.1431665,4.6128635
2023-12-18,3,Cryptophyta,3.3976405,4.468646
2023-12-19,3,Cryptophyta,4.9305954,4.4270587
2023-12-20,3,Cryptophyta,3.6816366,3.2984297
2023-12-21,3,Cryptophyta,3.0250509,3.0654733
2023-12-22,3,Cryptophyta,3.5993946,3.3982491
2023-12-23,3,Cryptophyta,3.5110064,2.90185
2023-12-24,3,Cryptophyta,3.3612518,2.8353953
2023-12-25,3,Cryptophyta,4.143041,3.0229418
2023-12-26,3,Cryptophyta,8.3693905,3.0491157
2023-12-27,3,Cryptophyta,7.794155,3.0554466
2023-12-28,3,Cryptophyta,7.2189183,3.2902474
2023-12-29,3,Cryptophyta,4.318471,4.0923753
