date,horizon,target,true_value,pred_value
2020-10-28,1,Cryptophyta,2.931903,1.229873
2020-10-29,1,Cryptophyta,4.774588,2.1348
2020-10-30,1,Cryptophyta,6.4135556,2.8021274
2020-10-31,1,Cryptophyta,2.063502,2.9117818
2020-11-01,1,Cryptophyta,2.9815042,1.4666
2020-11-02,1,Cryptophyta,2.4898262,2.114537
2020-11-03,1,Cryptophyta,1.4050977,1.9988782
2020-11-04,1,Cryptophyta,1.058533,0.9546769
2020-11-05,1,Cryptophyta,0.4326792,0.7084624
2020-11-06,1,Cryptophyta,2.0832295,0.4051921
2020-11-07,1,Cryptophyta,4.693758,1.4515324
2020-11-08,1,Cryptophyta,1.0451305,2.7823122
2020-11-09,1,Cryptophyta,0.93248004,0.82420737
2020-11-10,1,Cryptophyta,0.7796366,0.5852619
2020-11-11,1,Cryptophyta,0.9081858,0.5718506
2020-11-12,1,Cryptophyta,0.9168905,0.6891272
2020-11-13,1,Cryptophyta,1.4211985,0.6988963
2020-11-14,1,Cryptophyta,2.0446377,1.1251692
2020-11-15,1,Cryptophyta,1.2189211,1.7601296
2020-11-16,1,Cryptophyta,2.869199,1.1922096
2020-11-17,1,Cryptophyta,2.9393878,2.4078362
2020-11-18,1,Cryptophyta,2.1355057,2.3728077
2020-11-19,1,Cryptophyta,5.508126,1.9756291
2020-11-20,1,Cryptophyta,2.4160047,2.763873
2020-11-21,1,Cryptophyta,3.1686294,2.0053449
2020-11-22,1,Cryptophyta,2.8650892,2.313687
2020-11-23,1,Cryptophyta,1.2395797,2.3367689
2020-11-24,1,Cryptophyta,1.531438,1.1196018
2020-11-25,1,Cryptophyta,1.414658,1.3513392
2020-11-26,1,Cryptophyta,4.4915557,1.1939119
2020-11-27,1,Cryptophyta,1.921042,2.882721
2020-11-28,1,Cryptophyta,1.37678,1.9881345
2020-11-29,1,Cryptophyta,1.6549928,1.2280766
2020-11-30,1,Cryptophyta,0.13129526,1.8107855
2020-12-01,1,Cryptophyta,0.28309917,0.4442665
2020-12-02,1,Cryptophyta,0.8165774,0.34109983
2020-12-03,1,Cryptophyta,0.39298117,0.707829
2020-12-04,1,Cryptophyta,0.7697974,0.50479245
2020-12-05,1,Cryptophyta,0.27719247,0.66702706
2020-12-06,1,Cryptophyta,0.2930608,0.40713733
2020-12-07,1,Cryptophyta,0.45009413,0.42999393
2020-12-08,1,Cryptophyta,0.70262855,0.4936847
2020-12-09,1,Cryptophyta,1.2964157,0.79033154
2020-12-10,1,Cryptophyta,0.8849384,1.7612872
2020-12-11,1,Cryptophyta,0.4182911,1.0973109
2020-12-12,1,Cryptophyta,1.2485663,0.54976296
2020-12-13,1,Cryptophyta,4.7039027,1.569836
2020-12-14,1,Cryptophyta,0.6753835,2.9279778
2020-12-15,1,Cryptophyta,0.16052096,0.72666013
2020-12-16,1,Cryptophyta,0.20374095,0.31690422
2020-12-17,1,Cryptophyta,0.33086172,0.30471247
2020-12-18,1,Cryptophyta,0.36293116,0.5159402
2020-12-19,1,Cryptophyta,0.6879812,0.55002016
2020-12-20,1,Cryptophyta,1.0289001,0.74119085
2020-12-21,1,Cryptophyta,1.52769,1.3914063
2020-12-22,1,Cryptophyta,1.4272194,1.7286228
2020-12-23,1,Cryptophyta,3.3130145,1.4977839
2020-12-24,1,Cryptophyta,2.4671543,2.3855374
2020-12-25,1,Cryptophyta,1.2202317,2.1348207
2020-12-26,1,Cryptophyta,1.075974,1.2953953
2020-12-27,1,Cryptophyta,1.2043954,1.10182
2020-12-28,1,Cryptophyta,5.7440696,1.5715685
2020-12-29,1,Cryptophyta,5.131,3.000558
2020-12-30,1,Cryptophyta,4.5179305,2.8407166
2020-12-31,1,Cryptophyta,5.8423734,2.7006319
2021-01-01,1,Cryptophyta,2.6449928,2.9818842
2021-01-02,1,Cryptophyta,1.2774583,1.8298243
2021-01-03,1,Cryptophyta,1.0863966,0.8095024
2021-01-04,1,Cryptophyta,1.0671253,0.7571512
2021-01-05,1,Cryptophyta,0.94905144,0.91117394
2021-01-06,1,Cryptophyta,1.8335047,0.8523166
2021-01-07,1,Cryptophyta,3.0565534,1.955255
2021-01-08,1,Cryptophyta,1.30677,2.617912
2021-01-09,1,Cryptophyta,0.993589,1.239402
2021-01-10,1,Cryptophyta,0.8233068,0.86190915
2021-01-11,1,Cryptophyta,1.050239,0.721633
2021-01-12,1,Cryptophyta,2.0137553,1.0834397
2021-01-13,1,Cryptophyta,2.547916,2.0497513
2021-01-14,1,Cryptophyta,2.8340523,2.336171
2021-01-15,1,Cryptophyta,2.6274946,2.3943126
2021-01-16,1,Cryptophyta,3.0504706,2.315211
2021-01-17,1,Cryptophyta,3.0277352,2.5327158
2021-01-18,1,Cryptophyta,2.7913675,2.6394396
2021-01-19,1,Cryptophyta,2.3570838,2.4392707
2021-01-20,1,Cryptophyta,3.5750723,2.2892551
2021-01-21,1,Cryptophyta,4.109334,2.726153
2021-01-22,1,Cryptophyta,3.7022157,2.8702333
2021-01-23,1,Cryptophyta,4.783394,2.6257515
2021-01-24,1,Cryptophyta,2.2128148,2.8898146
2021-01-25,1,Cryptophyta,3.627907,1.6689336
2021-01-26,1,Cryptophyta,3.7955356,2.38396
2021-01-27,1,Cryptophyta,5.924356,2.626051
2021-01-28,1,Cryptophyta,3.6009696,2.9098933
2021-01-29,1,Cryptophyta,4.706469,2.3199582
2021-01-30,1,Cryptophyta,5.1016426,2.6956542
2021-01-31,1,Cryptophyta,3.963237,2.812451
2021-02-01,1,Cryptophyta,3.4826646,2.5664382
2021-02-02,1,Cryptophyta,3.2203693,2.4003203
2021-02-03,1,Cryptophyta,2.5164735,2.4810956
2021-02-04,1,Cryptophyta,3.3825343,1.9825729
2021-02-05,1,Cryptophyta,3.3017147,2.3962224
2021-02-06,1,Cryptophyta,2.9269514,2.5934267
2021-02-07,1,Cryptophyta,2.3131208,2.3131096
2021-02-08,1,Cryptophyta,1.9849964,2.091651
2021-02-09,1,Cryptophyta,3.425029,1.9127283
2021-02-10,1,Cryptophyta,5.069283,2.614888
2021-02-11,1,Cryptophyta,3.250572,2.9657547
2021-02-12,1,Cryptophyta,2.8851557,2.3459435
2021-02-13,1,Cryptophyta,6.569689,2.2900124
2021-02-14,1,Cryptophyta,5.033589,3.256421
2021-02-15,1,Cryptophyta,3.6312373,3.0609233
2021-02-16,1,Cryptophyta,4.1591535,2.646517
2021-02-17,1,Cryptophyta,3.4927206,2.9870105
2021-02-18,1,Cryptophyta,2.1676483,2.7492218
2021-02-19,1,Cryptophyta,2.7191303,2.284575
2021-02-20,1,Cryptophyta,2.3670385,2.432391
2021-02-21,1,Cryptophyta,2.7633286,2.1222477
2021-02-22,1,Cryptophyta,2.4508183,2.5832705
2021-02-23,1,Cryptophyta,2.3480086,2.3164043
2021-02-24,1,Cryptophyta,1.872853,2.1151729
2021-02-25,1,Cryptophyta,3.0860362,1.9982086
2021-02-26,1,Cryptophyta,3.569427,2.4920347
2021-02-27,1,Cryptophyta,3.2749453,2.7509167
2021-02-28,1,Cryptophyta,2.9949775,2.5360034
2021-03-01,1,Cryptophyta,1.9386367,2.3207061
2021-03-02,1,Cryptophyta,2.0704148,1.7724276
2021-03-03,1,Cryptophyta,3.985123,1.7128184
2021-03-04,1,Cryptophyta,2.5256224,2.7521896
2021-03-05,1,Cryptophyta,0.966932,2.0045977
2021-03-06,1,Cryptophyta,0.52926195,0.7244401
2021-03-07,1,Cryptophyta,0.5995007,0.38328996
2021-03-08,1,Cryptophyta,0.46934107,0.42169163
2021-03-09,1,Cryptophyta,0.53188133,0.40461317
2021-03-10,1,Cryptophyta,0.67051375,0.46978936
2021-03-11,1,Cryptophyta,1.7803546,0.680717
2021-03-12,1,Cryptophyta,2.5919247,2.0491266
2021-03-13,1,Cryptophyta,6.490051,2.617946
2021-03-14,1,Cryptophyta,3.7538712,3.03264
2021-03-15,1,Cryptophyta,3.1785095,2.4278488
2021-03-16,1,Cryptophyta,2.4393127,2.3186095
2021-03-17,1,Cryptophyta,1.4057163,2.0642633
2021-03-18,1,Cryptophyta,1.2176338,1.4382952
2021-03-19,1,Cryptophyta,0.5862518,1.1272396
2021-03-20,1,Cryptophyta,0.23516648,0.72858274
2021-03-21,1,Cryptophyta,0.024312591,0.51631033
2021-03-22,1,Cryptophyta,0.20230821,0.26499847
2021-03-23,1,Cryptophyta,0.41667634,0.30894318
2021-03-24,1,Cryptophyta,0.2692962,0.37989792
2021-03-25,1,Cryptophyta,0.32939044,0.31356046
2021-03-26,1,Cryptophyta,0.32711288,0.32660803
2021-03-27,1,Cryptophyta,0.45832005,0.46333426
2021-03-28,1,Cryptophyta,0.7455974,0.7502868
2021-03-29,1,Cryptophyta,2.5559523,1.3718448
2021-03-30,1,Cryptophyta,3.8826284,2.6037889
2021-03-31,1,Cryptophyta,3.3377802,2.8246243
2021-04-01,1,Cryptophyta,1.2241564,2.482791
2021-04-02,1,Cryptophyta,0.2549022,1.3593894
2021-04-03,1,Cryptophyta,0.23659663,0.5576578
2021-04-04,1,Cryptophyta,0.053678524,0.5244247
2021-04-05,1,Cryptophyta,0.013581768,0.38049123
2021-04-06,1,Cryptophyta,0.05430536,0.34185043
2021-04-07,1,Cryptophyta,0.032896426,0.3394273
2021-04-08,1,Cryptophyta,0.05452243,0.32587352
2021-04-09,1,Cryptophyta,0.111700416,0.34076008
2021-04-10,1,Cryptophyta,0.36037627,0.32141396
2021-04-11,1,Cryptophyta,0.9309045,0.451473
2021-04-12,1,Cryptophyta,4.4353657,1.0744947
2021-04-13,1,Cryptophyta,4.5296745,2.755644
2021-04-14,1,Cryptophyta,4.7901015,2.652749
2021-04-15,1,Cryptophyta,4.097689,2.583753
2021-04-16,1,Cryptophyta,3.4052775,2.5453084
2021-04-17,1,Cryptophyta,6.085865,2.348589
2021-04-18,1,Cryptophyta,0.7100869,2.8757198
2021-04-19,1,Cryptophyta,0.6453512,0.96723765
2021-04-20,1,Cryptophyta,0.84328747,0.7978372
2021-04-21,1,Cryptophyta,1.7741998,1.184979
2021-04-22,1,Cryptophyta,3.597625,2.0780766
2021-04-23,1,Cryptophyta,2.9359233,2.7813952
2021-04-24,1,Cryptophyta,3.833693,2.4952614
2021-04-25,1,Cryptophyta,4.4633455,2.578709
2021-04-26,1,Cryptophyta,1.0418307,2.6476595
2021-04-27,1,Cryptophyta,0.21408828,1.0459229
2021-04-28,1,Cryptophyta,0.014493498,0.50029415
2021-04-29,1,Cryptophyta,0.039790172,0.33480144
2021-04-30,1,Cryptophyta,0.28643999,0.2816857
2021-05-01,1,Cryptophyta,2.2824168,0.3293445
2021-05-02,1,Cryptophyta,2.6909986,1.9332396
2021-05-03,1,Cryptophyta,2.769449,2.4161534
2021-05-04,1,Cryptophyta,0.42055428,2.2240615
2021-05-05,1,Cryptophyta,1.0409683,0.64775604
2021-05-06,1,Cryptophyta,2.7422197,0.8894465
2021-05-07,1,Cryptophyta,2.4887962,2.298002
2021-05-08,1,Cryptophyta,4.2748013,2.2207592
2021-05-09,1,Cryptophyta,6.8061724,2.7344954
2021-05-10,1,Cryptophyta,4.8118887,2.9178448
2021-05-11,1,Cryptophyta,6.5926557,2.5536067
2021-05-12,1,Cryptophyta,6.2209406,2.818526
2021-05-13,1,Cryptophyta,5.8229237,2.719346
2021-05-14,1,Cryptophyta,1.5781838,2.823261
2021-05-15,1,Cryptophyta,1.0210347,1.4224958
2021-05-16,1,Cryptophyta,0.43799567,0.872911
2021-05-17,1,Cryptophyta,0.6316715,0.6048468
2021-05-18,1,Cryptophyta,0.9674602,0.70885724
2021-05-19,1,Cryptophyta,0.525887,0.98686916
2021-05-20,1,Cryptophyta,1.4451882,0.61254376
2021-05-21,1,Cryptophyta,1.1084154,1.1206324
2021-05-22,1,Cryptophyta,1.0994352,1.1206781
2021-05-23,1,Cryptophyta,0.3843736,1.1427199
2021-05-24,1,Cryptophyta,1.8047323,0.6129763
2021-05-25,1,Cryptophyta,0.6530318,1.6884457
2021-05-26,1,Cryptophyta,0.57416064,0.80939394
2021-05-27,1,Cryptophyta,2.3588858,0.68381155
2021-05-28,1,Cryptophyta,3.7486877,1.9466798
2021-05-29,1,Cryptophyta,0.98348767,2.1310363
2021-05-30,1,Cryptophyta,0.11463098,0.72247434
2021-05-31,1,Cryptophyta,0.027501792,0.2300726
2021-06-01,1,Cryptophyta,0.009999991,0.14559212
2021-06-02,1,Cryptophyta,0.009999991,0.105360836
2021-06-03,1,Cryptophyta,0.009999991,0.077073134
2021-06-04,1,Cryptophyta,0.011448221,0.08953439
2021-06-05,1,Cryptophyta,0.009999991,0.10423322
2021-06-06,1,Cryptophyta,0.22102822,0.09978125
2021-06-07,1,Cryptophyta,1.2524167,0.22259253
2021-06-08,1,Cryptophyta,2.9655645,0.5833166
2021-06-09,1,Cryptophyta,0.59876263,1.5568448
2021-06-10,1,Cryptophyta,0.90918237,0.55042505
2021-06-11,1,Cryptophyta,1.1005427,0.5847128
2021-06-12,1,Cryptophyta,2.717328,0.7515675
2021-06-13,1,Cryptophyta,6.692701,1.7703074
2021-06-14,1,Cryptophyta,3.8272846,2.5379162
2021-06-15,1,Cryptophyta,5.550228,2.0302315
2021-06-16,1,Cryptophyta,7.2731714,2.592429
2021-06-17,1,Cryptophyta,3.9749167,2.720747
2021-06-18,1,Cryptophyta,1.4805058,2.0221593
2021-06-19,1,Cryptophyta,0.7167053,0.7754475
2021-06-20,1,Cryptophyta,1.0034058,0.5082415
2021-06-21,1,Cryptophyta,0.36990592,0.63599324
2021-06-22,1,Cryptophyta,0.63429683,0.3881395
2021-06-23,1,Cryptophyta,0.8823589,0.4523006
2021-06-24,1,Cryptophyta,0.4316136,0.56582946
2021-06-25,1,Cryptophyta,1.4246527,0.47739038
2021-06-26,1,Cryptophyta,0.8443198,0.93356615
2021-06-27,1,Cryptophyta,5.683697,0.6218534
2021-06-28,1,Cryptophyta,5.1820374,2.3551352
2021-06-29,1,Cryptophyta,4.680376,2.2302494
2021-06-30,1,Cryptophyta,2.233973,2.054555
2021-07-01,1,Cryptophyta,2.7452605,1.2597542
2021-07-02,1,Cryptophyta,3.114732,2.0282218
2021-07-03,1,Cryptophyta,4.5960784,2.2371821
2021-07-04,1,Cryptophyta,1.1919392,2.4561386
2021-07-05,1,Cryptophyta,2.188618,0.9814806
2021-07-06,1,Cryptophyta,0.89488775,1.6054869
2021-07-07,1,Cryptophyta,1.1724837,0.8478313
2021-07-08,1,Cryptophyta,2.041239,0.92889285
2021-07-09,1,Cryptophyta,0.09234785,1.8569653
2021-07-10,1,Cryptophyta,0.11277334,0.49747795
2021-07-11,1,Cryptophyta,0.11111517,0.3847029
2021-07-12,1,Cryptophyta,0.19445011,0.44486925
2021-07-13,1,Cryptophyta,0.14789437,0.58132106
2021-07-14,1,Cryptophyta,2.0088196,0.48974556
2021-07-15,1,Cryptophyta,3.3283792,1.9836516
2021-07-16,1,Cryptophyta,2.9782705,2.5216863
2021-07-17,1,Cryptophyta,3.991751,2.0974684
2021-07-18,1,Cryptophyta,2.4407308,2.463987
2021-07-19,1,Cryptophyta,1.8509196,1.9396552
2021-07-20,1,Cryptophyta,0.30619845,1.136631
2021-07-21,1,Cryptophyta,0.5183273,0.42112428
2021-07-22,1,Cryptophyta,0.29636496,0.36059013
2021-07-23,1,Cryptophyta,2.2086678,0.38598138
2021-07-24,1,Cryptophyta,2.187364,1.9161631
2021-07-25,1,Cryptophyta,2.1352136,1.9310389
2021-07-26,1,Cryptophyta,1.2728292,1.653617
2021-07-27,1,Cryptophyta,0.7636324,0.85629547
2021-07-28,1,Cryptophyta,0.08968883,0.61026776
2021-07-29,1,Cryptophyta,0.35649782,0.27701035
2021-07-30,1,Cryptophyta,0.28621292,0.38861486
2021-07-31,1,Cryptophyta,0.8985962,0.502295
2021-08-01,1,Cryptophyta,1.3469175,0.7368219
2021-08-02,1,Cryptophyta,1.7300363,1.0266821
2021-08-03,1,Cryptophyta,0.32100654,0.86671644
2021-08-04,1,Cryptophyta,0.14803037,0.3397368
2021-08-05,1,Cryptophyta,0.009999991,0.15713298
2021-08-06,1,Cryptophyta,0.009999991,0.07269606
2021-08-07,1,Cryptophyta,0.009999991,0.04543187
2021-08-08,1,Cryptophyta,0.009999991,0.06058139
2021-08-09,1,Cryptophyta,0.23199858,0.08828058
2021-08-10,1,Cryptophyta,0.034522396,0.17996494
2021-08-11,1,Cryptophyta,0.045955125,0.13514064
2021-08-12,1,Cryptophyta,0.33081767,0.15805948
2021-08-13,1,Cryptophyta,0.2818487,0.3023589
2021-08-14,1,Cryptophyta,3.3812597,0.24573962
2021-08-15,1,Cryptophyta,4.7306323,1.7652253
2021-08-16,1,Cryptophyta,1.2108259,2.5278738
2021-08-17,1,Cryptophyta,0.8421241,0.9245253
2021-08-18,1,Cryptophyta,3.8678281,0.5136882
2021-08-19,1,Cryptophyta,6.1408067,2.0590754
2021-08-20,1,Cryptophyta,4.1655927,2.763624
2021-08-21,1,Cryptophyta,1.9573146,2.3256116
2021-08-22,1,Cryptophyta,6.7205424,1.2140712
2021-08-23,1,Cryptophyta,6.412621,2.4742262
2021-08-24,1,Cryptophyta,4.911873,2.5990906
2021-08-25,1,Cryptophyta,5.530123,2.3422885
2021-08-26,1,Cryptophyta,4.9580812,2.357439
2021-08-27,1,Cryptophyta,3.6376522,2.0968978
2021-08-28,1,Cryptophyta,2.0945258,1.8679421
2021-08-29,1,Cryptophyta,1.1689283,1.0052431
2021-08-30,1,Cryptophyta,0.895105,0.64853525
2021-08-31,1,Cryptophyta,0.98863244,0.53320575
2021-09-01,1,Cryptophyta,0.47985527,0.56913626
2021-09-02,1,Cryptophyta,0.16972502,0.42077005
2021-09-03,1,Cryptophyta,0.16249637,0.2505283
2021-09-04,1,Cryptophyta,0.40104917,0.19145092
2021-09-05,1,Cryptophyta,0.5010926,0.28845105
2021-09-06,1,Cryptophyta,0.21408828,0.3473517
2021-09-07,1,Cryptophyta,0.09729903,0.23972775
2021-09-08,1,Cryptophyta,0.18883504,0.17672077
2021-09-09,1,Cryptophyta,0.8836324,0.19969545
2021-09-10,1,Cryptophyta,0.94916064,0.47218785
2021-09-11,1,Cryptophyta,2.8891752,0.5183931
2021-09-12,1,Cryptophyta,3.9723084,1.5717384
2021-09-13,1,Cryptophyta,1.3835337,2.0332232
2021-09-14,1,Cryptophyta,0.8942071,0.7876878
2021-09-15,1,Cryptophyta,0.11826209,0.42290327
2021-09-16,1,Cryptophyta,0.03495292,0.19467492
2021-09-17,1,Cryptophyta,0.021180328,0.10988205
2021-09-18,1,Cryptophyta,0.014590886,0.1238592
2021-09-19,1,Cryptophyta,0.027762465,0.11009725
2021-09-20,1,Cryptophyta,0.014923933,0.1460706
2021-09-21,1,Cryptophyta,0.013330923,0.12577416
2021-09-22,1,Cryptophyta,0.02899346,0.10199751
2021-09-23,1,Cryptophyta,0.031630408,0.15629643
2021-09-24,1,Cryptophyta,0.016531473,0.09658288
2021-09-25,1,Cryptophyta,0.025249824,0.09780989
2021-09-26,1,Cryptophyta,0.020209959,0.09572209
2021-09-27,1,Cryptophyta,0.016162232,0.08912308
2021-09-28,1,Cryptophyta,0.012722697,0.106000796
2021-09-29,1,Cryptophyta,0.014996384,0.1244209
2021-09-30,1,Cryptophyta,0.027639415,0.14125748
2021-10-01,1,Cryptophyta,0.0215858,0.15278503
2021-10-02,1,Cryptophyta,0.009999991,0.18369134
2021-10-03,1,Cryptophyta,0.04314291,0.1938829
2021-10-04,1,Cryptophyta,0.06171007,0.19271785
2021-10-05,1,Cryptophyta,0.08027723,0.17487474
2021-10-06,1,Cryptophyta,0.09884436,0.1713582
2021-10-07,1,Cryptophyta,0.11741151,0.16302446
2021-10-08,1,Cryptophyta,0.13597873,0.18160023
2021-10-09,1,Cryptophyta,0.15454592,0.20202392
2021-10-10,1,Cryptophyta,0.17311302,0.18151915
2021-10-11,1,Cryptophyta,0.19168025,0.15867046
2021-10-12,1,Cryptophyta,0.08330738,0.19521132
2021-10-13,1,Cryptophyta,0.20564081,0.15204877
2021-10-14,1,Cryptophyta,0.45210716,0.178604
2021-10-15,1,Cryptophyta,1.9633454,0.25627813
2021-10-16,1,Cryptophyta,2.402042,0.8227459
2021-10-17,1,Cryptophyta,0.18239857,1.1846337
2021-10-18,1,Cryptophyta,0.14306079,0.3201227
2021-10-19,1,Cryptophyta,0.1371925,0.15374582
2021-10-20,1,Cryptophyta,0.10953692,0.16782455
2021-10-21,1,Cryptophyta,0.33654124,0.17589371
2021-10-22,1,Cryptophyta,0.09678729,0.2601441
2021-10-23,1,Cryptophyta,0.12801735,0.22999752
2021-10-24,1,Cryptophyta,0.15230823,0.20698155
2021-10-25,1,Cryptophyta,0.3744026,0.20034145
2021-10-26,1,Cryptophyta,0.5011505,0.31417194
2021-10-27,1,Cryptophyta,2.2271852,0.47366372
2021-10-28,1,Cryptophyta,5.092771,1.8947858
2021-10-29,1,Cryptophyta,4.4250436,2.5610938
2021-10-30,1,Cryptophyta,1.6537554,2.324527
2021-10-31,1,Cryptophyta,1.1526773,1.1160076
2021-11-01,1,Cryptophyta,0.999602,0.82322156
2021-11-02,1,Cryptophyta,2.287547,0.8328865
2021-11-03,1,Cryptophyta,3.3543994,2.0268195
2021-11-04,1,Cryptophyta,1.814754,2.326621
2021-11-05,1,Cryptophyta,0.28529662,1.4525946
2021-11-06,1,Cryptophyta,0.8264255,0.4256849
2021-11-07,1,Cryptophyta,1.651774,0.7596918
2021-11-08,1,Cryptophyta,0.8663386,1.9861509
2021-11-09,1,Cryptophyta,0.98232996,0.9903821
2021-11-10,1,Cryptophyta,1.3961767,0.85536283
2021-11-11,1,Cryptophyta,0.55808246,1.502232
2021-11-12,1,Cryptophyta,0.2808545,0.65629023
2021-11-13,1,Cryptophyta,0.22812591,0.37433302
2021-11-14,1,Cryptophyta,0.060130253,0.29671234
2021-11-15,1,Cryptophyta,0.064438835,0.22495472
2021-11-16,1,Cryptophyta,0.12549599,0.22333036
2021-11-17,1,Cryptophyta,0.12162303,0.2413437
2021-11-18,1,Cryptophyta,0.13411672,0.25781336
2021-11-19,1,Cryptophyta,0.038276628,0.25795296
2021-11-20,1,Cryptophyta,0.037277333,0.19468246
2021-11-21,1,Cryptophyta,0.14311372,0.2324858
2021-11-22,1,Cryptophyta,0.31098408,0.37677416
2021-11-23,1,Cryptophyta,0.028777102,0.45044416
2021-11-24,1,Cryptophyta,0.11981185,0.23177995
2021-11-25,1,Cryptophyta,0.089210704,0.24016267
2021-11-26,1,Cryptophyta,0.026425505,0.23563498
2021-11-27,1,Cryptophyta,0.080904454,0.23015119
2021-11-28,1,Cryptophyta,0.079240225,0.21879703
2021-11-29,1,Cryptophyta,0.13870382,0.23850779
2021-11-30,1,Cryptophyta,0.70564806,0.31991246
2021-12-01,1,Cryptophyta,0.46112964,0.73277074
2021-12-02,1,Cryptophyta,0.56976104,0.47200218
2021-12-03,1,Cryptophyta,0.44613323,0.43093115
2021-12-04,1,Cryptophyta,0.114030406,0.4573449
2021-12-05,1,Cryptophyta,0.13754705,0.31500095
2021-12-06,1,Cryptophyta,0.13356574,0.288665
2021-12-07,1,Cryptophyta,0.13945727,0.31928754
2021-12-08,1,Cryptophyta,0.18000004,0.30460113
2021-12-09,1,Cryptophyta,0.22572987,0.33356562
2021-12-10,1,Cryptophyta,0.1674964,0.37356088
2021-12-11,1,Cryptophyta,0.536042,0.31154102
2021-12-12,1,Cryptophyta,0.33448946,0.5822267
2021-12-13,1,Cryptophyta,0.8888133,0.55610925
2021-12-14,1,Cryptophyta,1.109754,0.9647926
2021-12-15,1,Cryptophyta,1.157719,1.5080523
2021-12-16,1,Cryptophyta,0.9222013,1.5477561
2021-12-17,1,Cryptophyta,0.2394569,1.3546311
2021-12-18,1,Cryptophyta,0.17299783,0.5859046
2021-12-19,1,Cryptophyta,0.19939901,0.44730407
2021-12-20,1,Cryptophyta,0.0508104,0.48477176
2021-12-21,1,Cryptophyta,0.012547057,0.35910246
2021-12-22,1,Cryptophyta,1.1247612,0.24403933
2021-12-23,1,Cryptophyta,3.3235745,0.7741229
2021-12-24,1,Cryptophyta,5.3787045,2.3947098
2021-12-25,1,Cryptophyta,1.9026159,2.7086215
2021-12-26,1,Cryptophyta,1.5518523,1.588943
2021-12-27,1,Cryptophyta,1.4961421,1.1833794
2021-12-28,1,Cryptophyta,2.0434694,1.401106
2021-12-29,1,Cryptophyta,1.3157945,2.0210345
2021-12-30,1,Cryptophyta,1.7633647,1.5962707
2021-12-31,1,Cryptophyta,0.99547976,1.93297
2022-01-01,1,Cryptophyta,0.90334296,1.3309623
2022-01-02,1,Cryptophyta,0.460246,1.1529721
2022-01-03,1,Cryptophyta,0.49183202,0.7306304
2022-01-04,1,Cryptophyta,0.8021434,0.7709669
2022-01-05,1,Cryptophyta,2.411108,1.3883373
2022-01-06,1,Cryptophyta,1.9298986,2.6397362
2022-01-07,1,Cryptophyta,1.4486893,2.3105686
2022-01-08,1,Cryptophyta,2.254236,1.7801203
2022-01-09,1,Cryptophyta,1.9260247,2.2530491
2022-01-10,1,Cryptophyta,3.8141894,2.0859673
2022-01-11,1,Cryptophyta,3.3248262,2.747586
2022-01-12,1,Cryptophyta,1.8018959,2.4237864
2022-01-13,1,Cryptophyta,0.6656151,1.3338321
2022-01-14,1,Cryptophyta,0.16721943,0.67850995
2022-01-15,1,Cryptophyta,0.40709117,0.3816458
2022-01-16,1,Cryptophyta,0.41276413,0.4819048
2022-01-17,1,Cryptophyta,0.12125267,0.5904367
2022-01-18,1,Cryptophyta,0.50808835,0.45189732
2022-01-19,1,Cryptophyta,0.29482982,0.60181075
2022-01-20,1,Cryptophyta,0.28364226,0.5629223
2022-01-21,1,Cryptophyta,0.73514116,0.5834848
2022-01-22,1,Cryptophyta,0.8555467,1.1351129
2022-01-23,1,Cryptophyta,6.0838957,1.5590374
2022-01-24,1,Cryptophyta,2.5067077,3.0267503
2022-01-25,1,Cryptophyta,3.2794752,2.3292363
2022-01-26,1,Cryptophyta,4.0522428,2.6892114
2022-01-27,1,Cryptophyta,7.7161593,2.8650868
2022-01-28,1,Cryptophyta,6.604,3.1818666
2022-01-29,1,Cryptophyta,6.2652764,3.1229131
2022-01-30,1,Cryptophyta,4.679468,3.039946
2022-01-31,1,Cryptophyta,2.0781941,2.9081702
2022-02-01,1,Cryptophyta,1.1183823,2.0914776
2022-02-02,1,Cryptophyta,2.0167906,1.400537
2022-02-03,1,Cryptophyta,1.0336812,2.1145568
2022-02-04,1,Cryptophyta,1.8221382,1.2059728
2022-02-05,1,Cryptophyta,2.1748297,1.8047861
2022-02-06,1,Cryptophyta,0.7498538,2.0381775
2022-02-07,1,Cryptophyta,1.6242288,0.7918237
2022-02-08,1,Cryptophyta,2.812573,1.2359903
2022-02-09,1,Cryptophyta,2.1546009,2.3256211
2022-02-10,1,Cryptophyta,2.7654421,2.1102276
2022-02-11,1,Cryptophyta,1.6416949,2.218527
2022-02-12,1,Cryptophyta,3.2547395,1.7085253
2022-02-13,1,Cryptophyta,4.4726844,2.3880494
2022-02-14,1,Cryptophyta,3.2693677,2.7216008
2022-02-15,1,Cryptophyta,3.0681496,2.5100334
2022-02-16,1,Cryptophyta,3.5129151,2.6133018
2022-02-17,1,Cryptophyta,6.3626266,2.6533866
2022-02-18,1,Cryptophyta,5.7419825,2.9992216
2022-02-19,1,Cryptophyta,5.121339,2.894814
2022-02-20,1,Cryptophyta,1.3447684,2.7506335
2022-02-21,1,Cryptophyta,0.34763938,1.4233471
2022-02-22,1,Cryptophyta,0.11295442,0.6506311
2022-02-23,1,Cryptophyta,0.010837298,0.40415865
2022-02-24,1,Cryptophyta,0.2931932,0.3639063
2022-02-25,1,Cryptophyta,0.3498264,0.53777784
2022-02-26,1,Cryptophyta,0.40645963,0.6335622
2022-02-27,1,Cryptophyta,0.46309286,0.656161
2022-02-28,1,Cryptophyta,0.23080894,0.76588595
2022-03-01,1,Cryptophyta,0.66084886,0.6310653
2022-03-02,1,Cryptophyta,1.4105,1.0490603
2022-03-03,1,Cryptophyta,2.6836133,2.1681414
2022-03-04,1,Cryptophyta,3.074573,2.9652088
2022-03-05,1,Cryptophyta,4.616686,2.8481226
2022-03-06,1,Cryptophyta,4.4455137,3.137902
2022-03-07,1,Cryptophyta,5.2407317,3.0384693
2022-03-08,1,Cryptophyta,3.0426722,3.1164212
2022-03-09,1,Cryptophyta,2.6120565,2.606893
2022-03-10,1,Cryptophyta,3.1026852,2.6242118
2022-03-11,1,Cryptophyta,5.934228,2.9752946
2022-03-12,1,Cryptophyta,5.9608407,3.561184
2022-03-13,1,Cryptophyta,8.2981825,3.4764876
2022-03-14,1,Cryptophyta,8.111037,3.6389344
2022-03-15,1,Cryptophyta,7.923893,3.6413465
2022-03-16,1,Cryptophyta,7.6927795,3.693185
2022-03-17,1,Cryptophyta,7.4616656,3.6417544
2022-03-18,1,Cryptophyta,7.230552,3.6059656
2022-03-19,1,Cryptophyta,6.9994383,3.4811158
2022-03-20,1,Cryptophyta,6.768325,3.3562994
2022-03-21,1,Cryptophyta,2.956575,3.2696228
2022-03-22,1,Cryptophyta,3.0413914,2.2628791
2022-03-23,1,Cryptophyta,1.2712663,2.2224953
2022-03-24,1,Cryptophyta,0.48071688,0.9755465
2022-03-25,1,Cryptophyta,0.24598116,0.49369636
2022-03-26,1,Cryptophyta,0.17334539,0.50441176
2022-03-27,1,Cryptophyta,0.014066844,0.40926018
2022-03-28,1,Cryptophyta,0.009999991,0.25955883
2022-03-29,1,Cryptophyta,0.009999991,0.2749187
2022-03-30,1,Cryptophyta,0.011354405,0.26394296
2022-03-31,1,Cryptophyta,0.011491702,0.30329978
2022-04-01,1,Cryptophyta,0.0132873645,0.28763005
2022-04-02,1,Cryptophyta,0.009999991,0.43971774
2022-04-03,1,Cryptophyta,0.0104561765,0.36404672
2022-04-04,1,Cryptophyta,0.058059365,0.29634932
2022-04-05,1,Cryptophyta,0.5978168,0.3884423
2022-04-06,1,Cryptophyta,0.5055185,0.7698225
2022-04-07,1,Cryptophyta,1.6158104,0.99798214
2022-04-08,1,Cryptophyta,3.517357,1.9951149
2022-04-09,1,Cryptophyta,3.552728,2.883934
2022-04-10,1,Cryptophyta,3.648052,2.843786
2022-04-11,1,Cryptophyta,4.8602524,3.0586376
2022-04-12,1,Cryptophyta,5.7928276,3.2704618
2022-04-13,1,Cryptophyta,7.0250325,3.3342588
2022-04-14,1,Cryptophyta,7.4662733,3.4886127
2022-04-15,1,Cryptophyta,6.0537853,3.5016885
2022-04-16,1,Cryptophyta,5.7560816,3.343995
2022-04-17,1,Cryptophyta,5.326953,3.3329725
2022-04-18,1,Cryptophyta,6.1952877,3.0439749
2022-04-19,1,Cryptophyta,1.519471,3.1035595
2022-04-20,1,Cryptophyta,1.9496597,1.2957598
2022-04-21,1,Cryptophyta,2.6454587,1.7656164
2022-04-22,1,Cryptophyta,4.0942683,2.2530887
2022-04-23,1,Cryptophyta,5.363492,2.677529
2022-04-24,1,Cryptophyta,6.632715,3.0432703
2022-04-25,1,Cryptophyta,5.4636426,2.903611
2022-04-26,1,Cryptophyta,5.049073,2.2617557
2022-04-27,1,Cryptophyta,4.6345043,2.596471
2022-04-28,1,Cryptophyta,4.219935,2.020108
2022-04-29,1,Cryptophyta,3.26207,2.4549294
2022-04-30,1,Cryptophyta,0.3818768,2.1076791
2022-05-01,1,Cryptophyta,0.3872826,0.6246045
2022-05-02,1,Cryptophyta,0.08944931,0.4037652
2022-05-03,1,Cryptophyta,0.25981158,0.23697142
2022-05-04,1,Cryptophyta,1.3497682,0.2630553
2022-05-05,1,Cryptophyta,2.010942,0.8816069
2022-05-06,1,Cryptophyta,4.4939523,2.1671715
2022-05-07,1,Cryptophyta,4.4601665,2.920211
2022-05-08,1,Cryptophyta,3.5489104,2.8654413
2022-05-09,1,Cryptophyta,2.6376543,2.2163646
2022-05-10,1,Cryptophyta,1.0043664,1.9934151
2022-05-11,1,Cryptophyta,0.4831377,0.8030367
2022-05-12,1,Cryptophyta,0.5559877,0.47839475
2022-05-13,1,Cryptophyta,0.073652156,0.4894395
2022-05-14,1,Cryptophyta,0.009999991,0.28524575
2022-05-15,1,Cryptophyta,0.009999991,0.22615737
2022-05-16,1,Cryptophyta,0.009999991,0.19567779
2022-05-17,1,Cryptophyta,0.009999991,0.29699212
2022-05-18,1,Cryptophyta,0.013930398,0.24312454
2022-05-19,1,Cryptophyta,0.032872636,0.15882994
2022-05-20,1,Cryptophyta,0.58060104,0.12093796
2022-05-21,1,Cryptophyta,5.506287,0.63594633
2022-05-22,1,Cryptophyta,1.7813116,2.7485442
2022-05-23,1,Cryptophyta,1.5250723,1.5398256
2022-05-24,1,Cryptophyta,2.5719986,1.0192565
2022-05-25,1,Cryptophyta,0.094826125,2.0071206
2022-05-26,1,Cryptophyta,0.38431472,0.51124537
2022-05-27,1,Cryptophyta,0.016613582,0.4032734
2022-05-28,1,Cryptophyta,0.009999991,0.24517348
2022-05-29,1,Cryptophyta,0.009999991,0.20875342
2022-05-30,1,Cryptophyta,0.009999991,0.089225054
2022-05-31,1,Cryptophyta,0.009999991,0.038049478
2022-06-01,1,Cryptophyta,0.041579302,0.049507447
2022-06-02,1,Cryptophyta,0.009999991,0.10309448
2022-06-03,1,Cryptophyta,0.009999991,0.06259234
2022-06-04,1,Cryptophyta,0.009999991,0.040090553
2022-06-05,1,Cryptophyta,0.009999991,0.11062195
2022-06-06,1,Cryptophyta,0.009999991,0.10893778
2022-06-07,1,Cryptophyta,0.009999991,0.12497278
2022-06-08,1,Cryptophyta,0.009999991,0.07403407
2022-06-09,1,Cryptophyta,0.009999991,0.03551732
2022-06-10,1,Cryptophyta,0.009999991,0.032881353
2022-06-11,1,Cryptophyta,0.009999991,0.0430195
2022-06-12,1,Cryptophyta,0.009999991,0.030061144
2022-06-13,1,Cryptophyta,0.009999991,0.0544865
2022-06-14,1,Cryptophyta,0.009999991,0.034091886
2022-06-15,1,Cryptophyta,0.009999991,0.02092712
2022-06-16,1,Cryptophyta,0.009999991,0.017517846
2022-06-17,1,Cryptophyta,0.0147973765,0.042169098
2022-06-18,1,Cryptophyta,0.073159404,0.09649795
2022-06-19,1,Cryptophyta,0.06849167,0.16717845
2022-06-20,1,Cryptophyta,0.14291817,0.33492738
2022-06-21,1,Cryptophyta,0.20932655,0.21231958
2022-06-22,1,Cryptophyta,0.23238957,0.26411954
2022-06-23,1,Cryptophyta,0.017235858,0.23852782
2022-06-24,1,Cryptophyta,0.040120743,0.059199564
2022-06-25,1,Cryptophyta,0.2839175,0.05570395
2022-06-26,1,Cryptophyta,0.035959456,0.2504565
2022-06-27,1,Cryptophyta,0.06081824,0.13066804
2022-06-28,1,Cryptophyta,0.27052093,0.13548917
2022-06-29,1,Cryptophyta,0.012525414,0.19537848
2022-06-30,1,Cryptophyta,0.6139971,0.11562252
2022-07-01,1,Cryptophyta,0.59884864,0.28243676
2022-07-02,1,Cryptophyta,0.026125995,0.39071393
2022-07-03,1,Cryptophyta,0.010289456,0.17077811
2022-07-04,1,Cryptophyta,0.009999991,0.10131139
2022-07-05,1,Cryptophyta,0.009999991,0.08554481
2022-07-06,1,Cryptophyta,0.009999991,0.07963886
2022-07-07,1,Cryptophyta,0.009999991,0.07962873
2022-07-08,1,Cryptophyta,0.02234078,0.09879669
2022-07-09,1,Cryptophyta,0.10539345,0.112804405
2022-07-10,1,Cryptophyta,0.24793312,0.1527163
2022-07-11,1,Cryptophyta,0.51225203,0.25248206
2022-07-12,1,Cryptophyta,0.3178261,0.40771216
2022-07-13,1,Cryptophyta,0.12300002,0.36219475
2022-07-14,1,Cryptophyta,1.7812928,0.27052635
2022-07-15,1,Cryptophyta,4.1484494,0.94555545
2022-07-16,1,Cryptophyta,0.7352533,2.0796568
2022-07-17,1,Cryptophyta,0.92751086,0.6655688
2022-07-18,1,Cryptophyta,0.22509077,0.459792
2022-07-19,1,Cryptophyta,0.020543884,0.310312
2022-07-20,1,Cryptophyta,0.043882452,0.21801591
2022-07-21,1,Cryptophyta,0.011791171,0.20102835
2022-07-22,1,Cryptophyta,0.010043729,0.16039757
2022-07-23,1,Cryptophyta,0.012169442,0.123728365
2022-07-24,1,Cryptophyta,0.40781432,0.119664885
2022-07-25,1,Cryptophyta,0.016661854,0.30085605
2022-07-26,1,Cryptophyta,0.022054957,0.1616301
2022-07-27,1,Cryptophyta,0.020608686,0.15436552
2022-07-28,1,Cryptophyta,0.010642375,0.10957438
2022-07-29,1,Cryptophyta,0.07021444,0.10492926
2022-07-30,1,Cryptophyta,0.103735305,0.12665074
2022-07-31,1,Cryptophyta,0.1372561,0.14404404
2022-08-01,1,Cryptophyta,0.17077692,0.17481598
2022-08-02,1,Cryptophyta,0.20429775,0.24274494
2022-08-03,1,Cryptophyta,0.2378185,0.24625686
2022-08-04,1,Cryptophyta,0.27133936,0.23202413
2022-08-05,1,Cryptophyta,0.30486017,0.20747831
2022-08-06,1,Cryptophyta,0.33838093,0.21548118
2022-08-07,1,Cryptophyta,0.37190175,0.24561611
2022-08-08,1,Cryptophyta,0.40542254,0.28543186
2022-08-09,1,Cryptophyta,0.43894336,0.27122182
2022-08-10,1,Cryptophyta,0.47246417,0.27709106
2022-08-11,1,Cryptophyta,0.505985,0.2912613
2022-08-12,1,Cryptophyta,0.5395058,0.35974497
2022-08-13,1,Cryptophyta,0.5730266,0.25013167
2022-08-14,1,Cryptophyta,0.6065474,0.34628662
2022-08-15,1,Cryptophyta,0.6400682,0.39799842
2022-08-16,1,Cryptophyta,0.67358905,0.3719128
2022-08-17,1,Cryptophyta,0.70710987,0.4104875
2022-08-18,1,Cryptophyta,0.7406306,0.44360277
2022-08-19,1,Cryptophyta,0.77415144,0.3916303
2022-08-20,1,Cryptophyta,0.80767226,0.5104761
2022-08-21,1,Cryptophyta,0.8411931,0.565746
2022-08-22,1,Cryptophyta,0.87471384,0.49546054
2022-08-23,1,Cryptophyta,0.90823466,0.514853
2022-08-24,1,Cryptophyta,0.9417555,0.5979952
2022-08-25,1,Cryptophyta,0.97527635,0.708847
2022-08-26,1,Cryptophyta,1.008797,0.70430154
2022-08-27,1,Cryptophyta,1.042318,0.6429785
2022-08-28,1,Cryptophyta,1.0758387,0.6549808
2022-08-29,1,Cryptophyta,1.1093595,0.7232866
2022-08-30,1,Cryptophyta,1.1428803,0.76541513
2022-08-31,1,Cryptophyta,1.1764011,0.7552875
2022-09-01,1,Cryptophyta,1.209922,0.80267024
2022-09-02,1,Cryptophyta,1.2434428,0.713876
2022-09-03,1,Cryptophyta,1.2769636,0.72302026
2022-09-04,1,Cryptophyta,1.3104844,0.75591445
2022-09-05,1,Cryptophyta,1.3440052,0.8450711
2022-09-06,1,Cryptophyta,1.377526,0.7701166
2022-09-07,1,Cryptophyta,1.4110469,0.8652639
2022-09-08,1,Cryptophyta,1.4445677,0.8103309
2022-09-09,1,Cryptophyta,1.4780885,0.8284888
2022-09-10,1,Cryptophyta,1.5513841,0.80436975
2022-09-11,1,Cryptophyta,1.6445435,0.88521105
2022-09-12,1,Cryptophyta,1.056165,1.0082341
2022-09-13,1,Cryptophyta,1.3345797,0.6904699
2022-09-14,1,Cryptophyta,2.154297,0.76138854
2022-09-15,1,Cryptophyta,1.5098189,1.3577437
2022-09-16,1,Cryptophyta,0.62335265,0.9157383
2022-09-17,1,Cryptophyta,0.5262518,0.38331828
2022-09-18,1,Cryptophyta,0.5816812,0.35860685
2022-09-19,1,Cryptophyta,0.26104993,0.40301093
2022-09-20,1,Cryptophyta,0.011123174,0.24454713
2022-09-21,1,Cryptophyta,0.051745083,0.14986978
2022-09-22,1,Cryptophyta,0.030354569,0.15006661
2022-09-23,1,Cryptophyta,0.042973924,0.16707683
2022-09-24,1,Cryptophyta,0.13725565,0.18865688
2022-09-25,1,Cryptophyta,0.0662491,0.20162417
2022-09-26,1,Cryptophyta,0.19330437,0.23746052
2022-09-27,1,Cryptophyta,0.1107241,0.26257697
2022-09-28,1,Cryptophyta,1.4748371,0.23361371
2022-09-29,1,Cryptophyta,1.4093351,0.8007288
2022-09-30,1,Cryptophyta,0.43673825,1.0534989
2022-10-01,1,Cryptophyta,0.009999991,0.29371852
2022-10-02,1,Cryptophyta,0.0148912715,0.06126406
2022-10-03,1,Cryptophyta,0.07116495,0.05010256
2022-10-04,1,Cryptophyta,0.19286546,0.07935149
2022-10-05,1,Cryptophyta,0.009999991,0.066964455
2022-10-06,1,Cryptophyta,0.009999991,0.035985522
2022-10-07,1,Cryptophyta,0.009999991,0.029609427
2022-10-08,1,Cryptophyta,0.009999991,0.03796785
2022-10-09,1,Cryptophyta,0.018630426,0.06526632
2022-10-10,1,Cryptophyta,0.013161731,0.078128114
2022-10-11,1,Cryptophyta,0.024279546,0.054283075
2022-10-12,1,Cryptophyta,0.15063044,0.054861344
2022-10-13,1,Cryptophyta,0.012413051,0.07510906
2022-10-14,1,Cryptophyta,0.010152084,0.054611765
2022-10-15,1,Cryptophyta,0.010290094,0.05191491
2022-10-16,1,Cryptophyta,0.01853731,0.07420259
2022-10-17,1,Cryptophyta,0.028262116,0.08738238
2022-10-18,1,Cryptophyta,0.010137582,0.08552143
2022-10-19,1,Cryptophyta,0.05505431,0.080186054
2022-10-20,1,Cryptophyta,0.1891751,0.089862205
2022-10-21,1,Cryptophyta,0.30444208,0.1660344
2022-10-22,1,Cryptophyta,3.1631176,0.20182693
2022-10-23,1,Cryptophyta,0.263108,1.4370029
2022-10-24,1,Cryptophyta,0.21729375,0.37474295
2022-10-25,1,Cryptophyta,0.059153363,0.16134234
2022-10-26,1,Cryptophyta,0.059789892,0.067265026
2022-10-27,1,Cryptophyta,0.047026042,0.059497945
2022-10-28,1,Cryptophyta,0.107351705,0.120061666
2022-10-29,1,Cryptophyta,0.0664518,0.124441214
2022-10-30,1,Cryptophyta,0.05750361,0.14730284
2022-10-31,1,Cryptophyta,0.066642515,0.14546889
2022-11-01,1,Cryptophyta,0.09764286,0.14162022
2022-11-02,1,Cryptophyta,0.11699055,0.1845536
2022-11-03,1,Cryptophyta,0.17307027,0.21707667
2022-11-04,1,Cryptophyta,0.085826114,0.2036032
2022-11-05,1,Cryptophyta,0.06902318,0.14500114
2022-11-06,1,Cryptophyta,0.055853847,0.12732828
2022-11-07,1,Cryptophyta,0.1524133,0.18249603
2022-11-08,1,Cryptophyta,2.7645764,0.19308169
2022-11-09,1,Cryptophyta,1.2183956,1.6132327
2022-11-10,1,Cryptophyta,0.56341535,1.1639463
2022-11-11,1,Cryptophyta,0.70662564,0.46209574
2022-11-12,1,Cryptophyta,0.9455072,0.41636747
2022-11-13,1,Cryptophyta,0.2735725,0.6409954
2022-11-14,1,Cryptophyta,0.19732274,0.3634912
2022-11-15,1,Cryptophyta,0.21539077,0.2164542
2022-11-16,1,Cryptophyta,0.09860967,0.13624874
2022-11-17,1,Cryptophyta,0.08582912,0.08805107
2022-11-18,1,Cryptophyta,0.05319826,0.08319673
2022-11-19,1,Cryptophyta,0.24602175,0.10677058
2022-11-20,1,Cryptophyta,0.22234443,0.1649239
2022-11-21,1,Cryptophyta,0.14946416,0.0746086
2022-11-22,1,Cryptophyta,0.13514844,0.10041581
2022-11-23,1,Cryptophyta,0.32496366,0.11682475
2022-11-24,1,Cryptophyta,0.04255429,0.15048242
2022-11-25,1,Cryptophyta,0.13866036,0.095843956
2022-11-26,1,Cryptophyta,0.011700435,0.08350785
2022-11-27,1,Cryptophyta,0.051456515,0.07174842
2022-11-28,1,Cryptophyta,0.07280031,0.087697804
2022-11-29,1,Cryptophyta,0.01386674,0.13640755
2022-11-30,1,Cryptophyta,0.13835019,0.16976506
2022-12-01,1,Cryptophyta,0.025166452,0.23295632
2022-12-02,1,Cryptophyta,0.15414065,0.2210053
2022-12-03,1,Cryptophyta,0.16071686,0.2777782
2022-12-04,1,Cryptophyta,0.14975378,0.2792
2022-12-05,1,Cryptophyta,0.7071791,0.21767431
2022-12-06,1,Cryptophyta,0.8909427,0.45118988
2022-12-07,1,Cryptophyta,1.0464518,0.6395665
2022-12-08,1,Cryptophyta,0.9203116,0.7535787
2022-12-09,1,Cryptophyta,1.654772,0.6389363
2022-12-10,1,Cryptophyta,1.3442216,1.2434111
2022-12-11,1,Cryptophyta,0.2558943,0.9581244
2022-12-12,1,Cryptophyta,0.23369749,0.2545218
2022-12-13,1,Cryptophyta,0.18690802,0.098209485
2022-12-14,1,Cryptophyta,0.08117475,0.11083046
2022-12-15,1,Cryptophyta,0.12455794,0.10667753
2022-12-16,1,Cryptophyta,0.06581464,0.1497021
2022-12-17,1,Cryptophyta,0.13824038,0.17538555
2022-12-18,1,Cryptophyta,0.18520641,0.19623019
2022-12-19,1,Cryptophyta,0.12663768,0.17214647
2022-12-20,1,Cryptophyta,0.1604924,0.15459545
2022-12-21,1,Cryptophyta,0.1743573,0.1557272
2022-12-22,1,Cryptophyta,0.23126812,0.16824926
2022-12-23,1,Cryptophyta,0.1509928,0.2626906
2022-12-24,1,Cryptophyta,0.1620203,0.21520002
2022-12-25,1,Cryptophyta,0.21839248,0.16613549
2022-12-26,1,Cryptophyta,0.23416787,0.16268069
2022-12-27,1,Cryptophyta,0.21106365,0.20720282
2022-12-28,1,Cryptophyta,0.19214647,0.22200482
2022-12-29,1,Cryptophyta,0.3410203,0.25567997
2022-12-30,1,Cryptophyta,0.35081884,0.34832415
2022-12-31,1,Cryptophyta,0.49809423,0.35550112
2023-01-01,1,Cryptophyta,0.18109258,0.42121837
2023-01-02,1,Cryptophyta,0.31292963,0.34890145
2023-01-03,1,Cryptophyta,0.07629438,0.36804053
2023-01-04,1,Cryptophyta,3.205677,0.29707438
2023-01-05,1,Cryptophyta,4.054281,2.3358526
2023-01-06,1,Cryptophyta,4.902886,3.057607
2023-01-07,1,Cryptophyta,5.75149,3.2435813
2023-01-08,1,Cryptophyta,6.600094,3.4410574
2023-01-09,1,Cryptophyta,6.476336,3.4050753
2023-01-10,1,Cryptophyta,6.3525777,3.1991582
2023-01-11,1,Cryptophyta,7.391216,3.1977708
2023-01-12,1,Cryptophyta,6.5247107,3.2521808
2023-01-13,1,Cryptophyta,6.205655,3.1171901
2023-01-14,1,Cryptophyta,5.886599,3.1033835
2023-01-15,1,Cryptophyta,3.070391,3.0082543
2023-01-16,1,Cryptophyta,3.2330124,2.4976947
2023-01-17,1,Cryptophyta,3.5090666,2.48348
2023-01-18,1,Cryptophyta,1.8202682,2.808595
2023-01-19,1,Cryptophyta,1.4881377,1.8761445
2023-01-20,1,Cryptophyta,1.890601,1.5801673
2023-01-21,1,Cryptophyta,2.4779377,2.1917768
2023-01-22,1,Cryptophyta,5.5649133,2.408565
2023-01-23,1,Cryptophyta,6.253169,3.1525002
2023-01-24,1,Cryptophyta,2.7285879,3.1188436
2023-01-25,1,Cryptophyta,3.2420566,2.316233
2023-01-26,1,Cryptophyta,3.3563943,2.5447621
2023-01-27,1,Cryptophyta,3.5607386,2.6825442
2023-01-28,1,Cryptophyta,2.948197,2.765283
2023-01-29,1,Cryptophyta,2.329044,2.440088
2023-01-30,1,Cryptophyta,1.9131858,2.2989233
2023-01-31,1,Cryptophyta,4.070152,2.0461254
2023-02-01,1,Cryptophyta,5.226647,2.9425871
2023-02-02,1,Cryptophyta,7.453282,3.085219
2023-02-03,1,Cryptophyta,4.521753,3.1561143
2023-02-04,1,Cryptophyta,4.6141877,2.6571062
2023-02-05,1,Cryptophyta,4.706622,2.870096
2023-02-06,1,Cryptophyta,4.7990575,2.8694837
2023-02-07,1,Cryptophyta,6.802565,2.9189312
2023-02-08,1,Cryptophyta,5.860838,3.1520722
2023-02-09,1,Cryptophyta,4.919111,3.026728
2023-02-10,1,Cryptophyta,4.0689564,2.949336
2023-02-11,1,Cryptophyta,5.0742173,2.289327
2023-02-12,1,Cryptophyta,3.9877925,2.6201031
2023-02-13,1,Cryptophyta,3.0906606,2.3941653
2023-02-14,1,Cryptophyta,4.7804313,2.2259102
2023-02-15,1,Cryptophyta,3.154463,2.3869846
2023-02-16,1,Cryptophyta,2.5376039,2.0392404
2023-02-17,1,Cryptophyta,2.6187308,1.7936106
2023-02-18,1,Cryptophyta,3.3592136,1.8741859
2023-02-19,1,Cryptophyta,2.9372036,2.3230395
2023-02-20,1,Cryptophyta,2.8396633,2.2926867
2023-02-21,1,Cryptophyta,2.0213537,2.2569733
2023-02-22,1,Cryptophyta,1.5460931,1.9923023
2023-02-23,1,Cryptophyta,3.0472844,1.6972958
2023-02-24,1,Cryptophyta,2.540876,2.3558638
2023-02-25,1,Cryptophyta,1.6696993,2.1985667
2023-02-26,1,Cryptophyta,1.8506247,1.6308535
2023-02-27,1,Cryptophyta,2.4273033,1.6491877
2023-02-28,1,Cryptophyta,4.0576186,1.9369811
2023-03-01,1,Cryptophyta,3.1774063,2.5755894
2023-03-02,1,Cryptophyta,1.9276384,2.3526318
2023-03-03,1,Cryptophyta,1.4349824,1.9254687
2023-03-04,1,Cryptophyta,1.4693632,1.4735842
2023-03-05,1,Cryptophyta,1.3964868,1.5315821
2023-03-06,1,Cryptophyta,1.3642833,1.5147955
2023-03-07,1,Cryptophyta,2.018636,1.394585
2023-03-08,1,Cryptophyta,2.042899,1.8807935
2023-03-09,1,Cryptophyta,1.9240745,1.935641
2023-03-10,1,Cryptophyta,1.8107322,1.8566267
2023-03-11,1,Cryptophyta,1.7866005,1.82157
2023-03-12,1,Cryptophyta,1.9636885,1.9224763
2023-03-13,1,Cryptophyta,1.6649137,2.1010106
2023-03-14,1,Cryptophyta,1.6280838,1.8554777
2023-03-15,1,Cryptophyta,1.6098557,1.8686208
2023-03-16,1,Cryptophyta,1.5768707,1.9542187
2023-03-17,1,Cryptophyta,2.1391935,2.0050244
2023-03-18,1,Cryptophyta,2.3038106,2.196384
2023-03-19,1,Cryptophyta,1.9287786,2.3013825
2023-03-20,1,Cryptophyta,1.5824027,2.0457466
2023-03-21,1,Cryptophyta,1.5820714,1.9563401
2023-03-22,1,Cryptophyta,1.3658339,1.7894974
2023-03-23,1,Cryptophyta,2.0884864,1.847507
2023-03-24,1,Cryptophyta,3.786341,2.7429066
2023-03-25,1,Cryptophyta,2.1906228,2.9792147
2023-03-26,1,Cryptophyta,2.1829119,1.43252
2023-03-27,1,Cryptophyta,2.6158876,1.5899429
2023-03-28,1,Cryptophyta,2.740476,1.8477169
2023-03-29,1,Cryptophyta,2.5346584,2.2657168
2023-03-30,1,Cryptophyta,2.3052733,1.9201427
2023-03-31,1,Cryptophyta,2.1105404,1.8681166
2023-04-01,1,Cryptophyta,1.7814717,1.9757905
2023-04-02,1,Cryptophyta,1.6399796,1.8255247
2023-04-03,1,Cryptophyta,1.7084769,1.8992252
2023-04-04,1,Cryptophyta,1.6054392,1.9999343
2023-04-05,1,Cryptophyta,1.1882055,1.5017672
2023-04-06,1,Cryptophyta,0.2286157,1.3127744
2023-04-07,1,Cryptophyta,1.8078315,0.6998471
2023-04-08,1,Cryptophyta,2.489018,1.3420635
2023-04-09,1,Cryptophyta,2.4789941,1.9968534
2023-04-10,1,Cryptophyta,2.4197881,1.8828523
2023-04-11,1,Cryptophyta,2.1295638,2.0471814
2023-04-12,1,Cryptophyta,1.8207544,2.023791
2023-04-13,1,Cryptophyta,1.8472507,1.973739
2023-04-14,1,Cryptophyta,2.0092578,1.7944657
2023-04-15,1,Cryptophyta,2.939332,1.9882876
2023-04-16,1,Cryptophyta,3.1336887,2.650967
2023-04-17,1,Cryptophyta,5.1471896,2.6559284
2023-04-18,1,Cryptophyta,5.275001,3.2157724
2023-04-19,1,Cryptophyta,3.3519037,3.0306506
2023-04-20,1,Cryptophyta,2.5430167,2.4765017
2023-04-21,1,Cryptophyta,2.4620326,2.3433201
2023-04-22,1,Cryptophyta,2.2683303,2.5223067
2023-04-23,1,Cryptophyta,2.4192183,2.231896
2023-04-24,1,Cryptophyta,2.5424767,2.0846364
2023-04-25,1,Cryptophyta,3.0996997,2.0498562
2023-04-26,1,Cryptophyta,2.0676734,2.694451
2023-04-27,1,Cryptophyta,1.418416,2.2583826
2023-04-28,1,Cryptophyta,3.1601994,1.675331
2023-04-29,1,Cryptophyta,8.067172,2.8054101
2023-04-30,1,Cryptophyta,5.9201818,3.5098207
2023-05-01,1,Cryptophyta,3.7731922,3.2151177
2023-05-02,1,Cryptophyta,5.453592,2.774564
2023-05-03,1,Cryptophyta,3.5497632,3.406061
2023-05-04,1,Cryptophyta,4.6637454,3.0883574
2023-05-05,1,Cryptophyta,7.1205983,3.171605
2023-05-06,1,Cryptophyta,4.6055446,3.2892885
2023-05-07,1,Cryptophyta,1.0466392,3.1738932
2023-05-08,1,Cryptophyta,0.8512937,1.6689954
2023-05-09,1,Cryptophyta,1.2092457,0.99810123
2023-05-10,1,Cryptophyta,0.48372468,1.5148494
2023-05-11,1,Cryptophyta,0.27442262,0.7177472
2023-05-12,1,Cryptophyta,0.54694,0.50044113
2023-05-13,1,Cryptophyta,1.3488332,0.52671117
2023-05-14,1,Cryptophyta,1.972228,0.8350702
2023-05-15,1,Cryptophyta,1.8265859,1.8730536
2023-05-16,1,Cryptophyta,1.8002838,1.9873695
2023-05-17,1,Cryptophyta,1.6562451,1.875405
2023-05-18,1,Cryptophyta,2.0616684,1.9025706
2023-05-19,1,Cryptophyta,1.6782538,2.114856
2023-05-20,1,Cryptophyta,1.5077107,1.8689829
2023-05-21,1,Cryptophyta,1.4706587,1.3803635
2023-05-22,1,Cryptophyta,1.3920453,1.5915965
2023-05-23,1,Cryptophyta,1.6479505,1.70427
2023-05-24,1,Cryptophyta,1.9610981,1.8730804
2023-05-25,1,Cryptophyta,1.7397623,1.8172541
2023-05-26,1,Cryptophyta,1.7409996,1.5311164
2023-05-27,1,Cryptophyta,2.1646082,1.4876759
2023-05-28,1,Cryptophyta,2.4318943,2.1021135
2023-05-29,1,Cryptophyta,2.874541,2.6085587
2023-05-30,1,Cryptophyta,2.9939795,2.8187397
2023-05-31,1,Cryptophyta,4.768519,2.7908783
2023-06-01,1,Cryptophyta,5.5222354,3.3038666
2023-06-02,1,Cryptophyta,3.4842105,3.1795285
2023-06-03,1,Cryptophyta,5.0643554,2.4848526
2023-06-04,1,Cryptophyta,4.144578,2.677261
2023-06-05,1,Cryptophyta,2.5872154,2.6745613
2023-06-06,1,Cryptophyta,3.6343513,1.932137
2023-06-07,1,Cryptophyta,3.7011142,2.4598267
2023-06-08,1,Cryptophyta,2.9802804,2.488673
2023-06-09,1,Cryptophyta,2.7695792,2.078862
2023-06-10,1,Cryptophyta,1.9076351,2.0050566
2023-06-11,1,Cryptophyta,1.9823658,1.2479479
2023-06-12,1,Cryptophyta,2.399869,1.288919
2023-06-13,1,Cryptophyta,3.1885514,1.5987066
2023-06-14,1,Cryptophyta,4.228957,2.0121262
2023-06-15,1,Cryptophyta,3.2900848,2.007171
2023-06-16,1,Cryptophyta,1.8680872,2.0067961
2023-06-17,1,Cryptophyta,2.042923,1.0135056
2023-06-18,1,Cryptophyta,2.1622174,0.99891573
2023-06-19,1,Cryptophyta,1.5457335,1.2967249
2023-06-20,1,Cryptophyta,1.8699645,0.91023105
2023-06-21,1,Cryptophyta,3.3475523,1.4705122
2023-06-22,1,Cryptophyta,4.0936656,2.4037971
2023-06-23,1,Cryptophyta,5.212351,2.6335995
2023-06-24,1,Cryptophyta,6.072758,2.5751965
2023-06-25,1,Cryptophyta,5.693322,2.7852643
2023-06-26,1,Cryptophyta,5.938072,2.7323759
2023-06-27,1,Cryptophyta,6.255651,2.45584
2023-06-28,1,Cryptophyta,6.574,2.897242
2023-06-29,1,Cryptophyta,7.6921687,3.5461283
2023-06-30,1,Cryptophyta,9.32456,3.9065382
2023-07-01,1,Cryptophyta,6.118696,3.9104831
2023-07-02,1,Cryptophyta,5.874047,4.087393
2023-07-03,1,Cryptophyta,6.4657016,3.9120104
2023-07-04,1,Cryptophyta,9.029866,4.2323484
2023-07-05,1,Cryptophyta,9.039206,4.5371304
2023-07-06,1,Cryptophyta,9.048546,4.495516
2023-07-07,1,Cryptophyta,8.390148,4.5786695
2023-07-08,1,Cryptophyta,8.070246,4.570409
2023-07-09,1,Cryptophyta,9.251422,4.517836
2023-07-10,1,Cryptophyta,7.703793,4.4695134
2023-07-11,1,Cryptophyta,5.677761,3.0345218
2023-07-12,1,Cryptophyta,4.203484,4.121808
2023-07-13,1,Cryptophyta,3.7054465,3.3142023
2023-07-14,1,Cryptophyta,2.8924713,3.2340574
2023-07-15,1,Cryptophyta,2.5350773,3.1702607
2023-07-16,1,Cryptophyta,2.1989539,2.8009515
2023-07-17,1,Cryptophyta,2.3571,2.4393966
2023-07-18,1,Cryptophyta,2.2635317,2.8774345
2023-07-19,1,Cryptophyta,2.2437925,2.788421
2023-07-20,1,Cryptophyta,2.896344,2.860799
2023-07-21,1,Cryptophyta,6.2929935,3.2342572
2023-07-22,1,Cryptophyta,6.738102,3.8734438
2023-07-23,1,Cryptophyta,7.183211,3.9962447
2023-07-24,1,Cryptophyta,7.685931,3.7664478
2023-07-25,1,Cryptophyta,8.0122,4.115828
2023-07-26,1,Cryptophyta,9.50315,4.124108
2023-07-27,1,Cryptophyta,6.242461,4.1870537
2023-07-28,1,Cryptophyta,3.7934585,3.219123
2023-07-29,1,Cryptophyta,3.7060483,3.233531
2023-07-30,1,Cryptophyta,4.798678,3.2355142
2023-07-31,1,Cryptophyta,5.312769,3.6921937
2023-08-01,1,Cryptophyta,4.807978,3.5291576
2023-08-02,1,Cryptophyta,5.1036863,3.7415986
2023-08-03,1,Cryptophyta,7.267846,3.7211246
2023-08-04,1,Cryptophyta,6.624954,3.9650366
2023-08-05,1,Cryptophyta,9.552635,3.7757978
2023-08-06,1,Cryptophyta,9.511289,4.096848
2023-08-07,1,Cryptophyta,9.469944,4.1103024
2023-08-08,1,Cryptophyta,9.428597,3.9720945
2023-08-09,1,Cryptophyta,7.984899,3.8425298
2023-08-10,1,Cryptophyta,6.058531,4.002094
2023-08-11,1,Cryptophyta,5.654987,3.8027909
2023-08-12,1,Cryptophyta,5.1433764,4.179087
2023-08-13,1,Cryptophyta,6.11593,4.05143
2023-08-14,1,Cryptophyta,8.257987,4.1465063
2023-08-15,1,Cryptophyta,7.4124427,4.203298
2023-08-16,1,Cryptophyta,6.184389,4.2411838
2023-08-17,1,Cryptophyta,2.5512493,3.8455596
2023-08-18,1,Cryptophyta,3.1742585,2.2558296
2023-08-19,1,Cryptophyta,3.7459614,2.1723995
2023-08-20,1,Cryptophyta,2.7918842,2.5863755
2023-08-21,1,Cryptophyta,2.5527868,2.7252433
2023-08-22,1,Cryptophyta,2.5006547,2.412725
2023-08-23,1,Cryptophyta,2.5931542,2.1582808
2023-08-24,1,Cryptophyta,2.4038517,2.1723409
2023-08-25,1,Cryptophyta,2.12962,2.5384336
2023-08-26,1,Cryptophyta,2.6475,1.8103058
2023-08-27,1,Cryptophyta,2.5876358,2.3372724
2023-08-28,1,Cryptophyta,2.6450179,2.3815405
2023-08-29,1,Cryptophyta,3.403212,2.4509847
2023-08-30,1,Cryptophyta,2.8871322,2.5017874
2023-08-31,1,Cryptophyta,2.8458216,2.601359
2023-09-01,1,Cryptophyta,2.9603746,2.3242893
2023-09-02,1,Cryptophyta,2.9794774,2.2929418
2023-09-03,1,Cryptophyta,2.8369246,2.53532
2023-09-04,1,Cryptophyta,2.7218082,2.3699496
2023-09-05,1,Cryptophyta,2.112845,2.4828656
2023-09-06,1,Cryptophyta,0.04749515,1.8032501
2023-09-07,1,Cryptophyta,0.26601022,0.69280994
2023-09-08,1,Cryptophyta,2.5536625,0.5906384
2023-09-09,1,Cryptophyta,2.6093724,1.9381218
2023-09-10,1,Cryptophyta,2.316723,2.5629933
2023-09-11,1,Cryptophyta,1.9911342,2.2042751
2023-09-12,1,Cryptophyta,1.7458469,2.1393785
2023-09-13,1,Cryptophyta,1.8351148,1.9274348
2023-09-14,1,Cryptophyta,2.1095014,2.1096265
2023-09-15,1,Cryptophyta,2.5304284,1.9789999
2023-09-16,1,Cryptophyta,2.2723098,2.8789327
2023-09-17,1,Cryptophyta,1.7500002,2.0352356
2023-09-18,1,Cryptophyta,2.5075011,1.4873446
2023-09-19,1,Cryptophyta,3.096033,2.3091633
2023-09-20,1,Cryptophyta,4.1011615,2.7695875
2023-09-21,1,Cryptophyta,4.6832166,3.1382463
2023-09-22,1,Cryptophyta,3.7967741,3.2944622
2023-09-23,1,Cryptophyta,4.1924467,2.9464123
2023-09-24,1,Cryptophyta,4.0289173,3.1829422
2023-09-25,1,Cryptophyta,2.756178,3.2347052
2023-09-26,1,Cryptophyta,4.132515,2.6377823
2023-09-27,1,Cryptophyta,3.435256,2.999916
2023-09-28,1,Cryptophyta,3.4994173,3.0987532
2023-09-29,1,Cryptophyta,3.4379761,2.8385515
2023-09-30,1,Cryptophyta,3.7087204,3.746678
2023-10-01,1,Cryptophyta,3.5299013,2.8292494
2023-10-02,1,Cryptophyta,2.4059725,2.662402
2023-10-03,1,Cryptophyta,2.6663723,2.648322
2023-10-04,1,Cryptophyta,2.8094635,2.2669923
2023-10-05,1,Cryptophyta,2.406531,2.0398448
2023-10-06,1,Cryptophyta,2.0393844,1.9576613
2023-10-07,1,Cryptophyta,1.8184012,1.8977282
2023-10-08,1,Cryptophyta,1.8670961,1.91323
2023-10-09,1,Cryptophyta,2.1665063,1.984068
2023-10-10,1,Cryptophyta,2.4892564,2.3116627
2023-10-11,1,Cryptophyta,2.2086902,2.2394655
2023-10-12,1,Cryptophyta,1.6117432,2.2742307
2023-10-13,1,Cryptophyta,3.1600454,2.0278587
2023-10-14,1,Cryptophyta,5.4156017,2.9320679
2023-10-15,1,Cryptophyta,5.559093,3.4792056
2023-10-16,1,Cryptophyta,2.1519644,3.2812903
2023-10-17,1,Cryptophyta,2.2487733,2.607003
2023-10-18,1,Cryptophyta,4.1400843,2.3974736
2023-10-19,1,Cryptophyta,3.5796912,3.2464547
2023-10-20,1,Cryptophyta,4.094905,2.8844151
2023-10-21,1,Cryptophyta,2.643748,3.1403575
2023-10-22,1,Cryptophyta,3.6341314,2.2980874
2023-10-23,1,Cryptophyta,2.7132502,2.9494083
2023-10-24,1,Cryptophyta,4.40684,2.4419672
2023-10-25,1,Cryptophyta,6.3353786,2.9665768
2023-10-26,1,Cryptophyta,5.0694957,3.3291798
2023-10-27,1,Cryptophyta,4.7068067,3.266077
2023-10-28,1,Cryptophyta,2.4397392,3.1365223
2023-10-29,1,Cryptophyta,2.5866666,2.3805552
2023-10-30,1,Cryptophyta,2.3783805,2.5221584
2023-10-31,1,Cryptophyta,3.3042376,2.796713
2023-11-01,1,Cryptophyta,3.6788993,3.1714702
2023-11-02,1,Cryptophyta,2.9372442,3.2742665
2023-11-03,1,Cryptophyta,4.0153823,3.1102986
2023-11-04,1,Cryptophyta,2.9691207,3.6510866
2023-11-05,1,Cryptophyta,4.6212864,2.0071578
2023-11-06,1,Cryptophyta,5.682647,2.4145699
2023-11-07,1,Cryptophyta,4.430414,2.972006
2023-11-08,1,Cryptophyta,2.5491812,2.642798
2023-11-09,1,Cryptophyta,2.577175,2.1891332
2023-11-10,1,Cryptophyta,2.1634166,2.1105928
2023-11-11,1,Cryptophyta,1.5053525,1.4631346
2023-11-12,1,Cryptophyta,1.0600724,1.9790716
2023-11-13,1,Cryptophyta,1.2939341,1.4887578
2023-11-14,1,Cryptophyta,1.9473946,1.5297983
2023-11-15,1,Cryptophyta,1.9738972,2.0212822
2023-11-16,1,Cryptophyta,1.8247457,2.2511797
2023-11-17,1,Cryptophyta,1.657275,2.1734133
2023-11-18,1,Cryptophyta,1.5474409,2.0558746
2023-11-19,1,Cryptophyta,1.0971582,1.8926421
2023-11-20,1,Cryptophyta,1.2624784,1.5857358
2023-11-21,1,Cryptophyta,0.9482711,1.5438195
2023-11-22,1,Cryptophyta,1.8767328,1.1207364
2023-11-23,1,Cryptophyta,6.3925285,1.5141288
2023-11-24,1,Cryptophyta,4.2654333,3.6266708
2023-11-25,1,Cryptophyta,2.7321594,3.5267332
2023-11-26,1,Cryptophyta,1.7029,2.7205722
2023-11-27,1,Cryptophyta,1.9832858,2.0443254
2023-11-28,1,Cryptophyta,3.521314,2.2690942
2023-11-29,1,Cryptophyta,2.7741783,3.248418
2023-11-30,1,Cryptophyta,6.872362,3.1572442
2023-12-01,1,Cryptophyta,3.9785435,3.7463331
2023-12-02,1,Cryptophyta,3.0168524,2.9497027
2023-12-03,1,Cryptophyta,3.5640304,2.4299576
2023-12-04,1,Cryptophyta,2.9545367,2.9847465
2023-12-05,1,Cryptophyta,5.5100183,2.868654
2023-12-06,1,Cryptophyta,6.003167,3.3686976
2023-12-07,1,Cryptophyta,3.810038,3.3490105
2023-12-08,1,Cryptophyta,2.5102015,2.707542
2023-12-09,1,Cryptophyta,3.9716225,2.105987
2023-12-10,1,Cryptophyta,3.3053324,2.6955423
2023-12-11,1,Cryptophyta,4.866557,2.3932354
2023-12-12,1,Cryptophyta,6.099259,2.915729
2023-12-13,1,Cryptophyta,5.3320804,3.0771127
2023-12-14,1,Cryptophyta,6.7810683,2.926015
2023-12-15,1,Cryptophyta,6.163149,3.0471382
2023-12-16,1,Cryptophyta,5.54523,3.104384
2023-12-17,1,Cryptophyta,3.1431665,3.1045282
2023-12-18,1,Cryptophyta,3.3976405,2.4282057
2023-12-19,1,Cryptophyta,4.9305954,2.3848107
2023-12-20,1,Cryptophyta,3.6816366,2.7971768
2023-12-21,1,Cryptophyta,3.0250509,2.4793851
2023-12-22,1,Cryptophyta,3.5993946,2.3041446
2023-12-23,1,Cryptophyta,3.5110064,2.750624
2023-12-24,1,Cryptophyta,3.3612518,2.7553906
2023-12-25,1,Cryptophyta,4.143041,2.625439
2023-12-26,1,Cryptophyta,8.3693905,2.7175717
2023-12-27,1,Cryptophyta,7.794155,3.2438564
2020-10-29,2,Cryptophyta,4.774588,1.2689009
2020-10-30,2,Cryptophyta,6.4135556,2.0662014
2020-10-31,2,Cryptophyta,2.063502,2.6434267
2020-11-01,2,Cryptophyta,2.9815042,2.7348514
2020-11-02,2,Cryptophyta,2.4898262,1.484729
2020-11-03,2,Cryptophyta,1.4050977,2.0476015
2020-11-04,2,Cryptophyta,1.058533,1.9461627
2020-11-05,2,Cryptophyta,0.4326792,1.0219461
2020-11-06,2,Cryptophyta,2.0832295,0.78253084
2020-11-07,2,Cryptophyta,4.693758,0.4824302
2020-11-08,2,Cryptophyta,1.0451305,1.4710956
2020-11-09,2,Cryptophyta,0.93248004,2.6276429
2020-11-10,2,Cryptophyta,0.7796366,0.8972658
2020-11-11,2,Cryptophyta,0.9081858,0.6615438
2020-11-12,2,Cryptophyta,0.9168905,0.6476559
2020-11-13,2,Cryptophyta,1.4211985,0.76270986
2020-11-14,2,Cryptophyta,2.0446377,0.7725703
2020-11-15,2,Cryptophyta,1.2189211,1.1743712
2020-11-16,2,Cryptophyta,2.869199,1.7363874
2020-11-17,2,Cryptophyta,2.9393878,1.2355633
2020-11-18,2,Cryptophyta,2.1355057,2.3059988
2020-11-19,2,Cryptophyta,5.508126,2.271559
2020-11-20,2,Cryptophyta,2.4160047,1.9256712
2020-11-21,2,Cryptophyta,3.1686294,2.6109111
2020-11-22,2,Cryptophyta,2.8650892,1.949796
2020-11-23,2,Cryptophyta,1.2395797,2.221293
2020-11-24,2,Cryptophyta,1.531438,2.240508
2020-11-25,2,Cryptophyta,1.414658,1.1727537
2020-11-26,2,Cryptophyta,4.4915557,1.3826638
2020-11-27,2,Cryptophyta,1.921042,1.2366177
2020-11-28,2,Cryptophyta,1.37678,2.7135494
2020-11-29,2,Cryptophyta,1.6549928,1.9355669
2020-11-30,2,Cryptophyta,0.13129526,1.2685666
2020-12-01,2,Cryptophyta,0.28309917,1.7817472
2020-12-02,2,Cryptophyta,0.8165774,0.5218621
2020-12-03,2,Cryptophyta,0.39298117,0.4179151
2020-12-04,2,Cryptophyta,0.7697974,0.7804578
2020-12-05,2,Cryptophyta,0.27719247,0.5816885
2020-12-06,2,Cryptophyta,0.2930608,0.74090016
2020-12-07,2,Cryptophyta,0.45009413,0.48424807
2020-12-08,2,Cryptophyta,0.70262855,0.5065874
2020-12-09,2,Cryptophyta,1.2964157,0.5699632
2020-12-10,2,Cryptophyta,0.8849384,0.86155856
2020-12-11,2,Cryptophyta,0.4182911,1.7384081
2020-12-12,2,Cryptophyta,1.2485663,1.1518817
2020-12-13,2,Cryptophyta,4.7039027,0.6268185
2020-12-14,2,Cryptophyta,0.6753835,1.5737398
2020-12-15,2,Cryptophyta,0.16052096,2.7512226
2020-12-16,2,Cryptophyta,0.20374095,0.80214185
2020-12-17,2,Cryptophyta,0.33086172,0.394018
2020-12-18,2,Cryptophyta,0.36293116,0.38112253
2020-12-19,2,Cryptophyta,0.6879812,0.5917931
2020-12-20,2,Cryptophyta,1.0289001,0.6259965
2020-12-21,2,Cryptophyta,1.52769,0.8136034
2020-12-22,2,Cryptophyta,1.4272194,1.4179553
2020-12-23,2,Cryptophyta,3.3130145,1.709622
2020-12-24,2,Cryptophyta,2.4671543,1.5114783
2020-12-25,2,Cryptophyta,1.2202317,2.2862701
2020-12-26,2,Cryptophyta,1.075974,2.0629482
2020-12-27,2,Cryptophyta,1.2043954,1.3299712
2020-12-28,2,Cryptophyta,5.7440696,1.1553819
2020-12-29,2,Cryptophyta,5.131,1.5757132
2020-12-30,2,Cryptophyta,4.5179305,2.8131607
2020-12-31,2,Cryptophyta,5.8423734,2.6747303
2021-01-01,2,Cryptophyta,2.6449928,2.555869
2021-01-02,2,Cryptophyta,1.2774583,2.7957773
2021-01-03,2,Cryptophyta,1.0863966,1.7971114
2021-01-04,2,Cryptophyta,1.0671253,0.88218457
2021-01-05,2,Cryptophyta,0.94905144,0.8298134
2021-01-06,2,Cryptophyta,1.8335047,0.9802418
2021-01-07,2,Cryptophyta,3.0565534,0.92360103
2021-01-08,2,Cryptophyta,1.30677,1.9124361
2021-01-09,2,Cryptophyta,0.993589,2.487717
2021-01-10,2,Cryptophyta,0.8233068,1.2789408
2021-01-11,2,Cryptophyta,1.050239,0.9333988
2021-01-12,2,Cryptophyta,2.0137553,0.79513544
2021-01-13,2,Cryptophyta,2.547916,1.1378175
2021-01-14,2,Cryptophyta,2.8340523,1.9927473
2021-01-15,2,Cryptophyta,2.6274946,2.2418928
2021-01-16,2,Cryptophyta,3.0504706,2.291846
2021-01-17,2,Cryptophyta,3.0277352,2.222239
2021-01-18,2,Cryptophyta,2.7913675,2.4132104
2021-01-19,2,Cryptophyta,2.3570838,2.504496
2021-01-20,2,Cryptophyta,3.5750723,2.3307295
2021-01-21,2,Cryptophyta,4.109334,2.1998158
2021-01-22,2,Cryptophyta,3.7022157,2.5797176
2021-01-23,2,Cryptophyta,4.783394,2.7017858
2021-01-24,2,Cryptophyta,2.2128148,2.4927275
2021-01-25,2,Cryptophyta,3.627907,2.718096
2021-01-26,2,Cryptophyta,3.7955356,1.6584767
2021-01-27,2,Cryptophyta,5.924356,2.285188
2021-01-28,2,Cryptophyta,3.6009696,2.494216
2021-01-29,2,Cryptophyta,4.706469,2.735389
2021-01-30,2,Cryptophyta,5.1016426,2.225305
2021-01-31,2,Cryptophyta,3.963237,2.5534465
2021-02-01,2,Cryptophyta,3.4826646,2.6522346
2021-02-02,2,Cryptophyta,3.2203693,2.4412138
2021-02-03,2,Cryptophyta,2.5164735,2.2963965
2021-02-04,2,Cryptophyta,3.3825343,2.3678887
2021-02-05,2,Cryptophyta,3.3017147,1.9325676
2021-02-06,2,Cryptophyta,2.9269514,2.2954073
2021-02-07,2,Cryptophyta,2.3131208,2.4659169
2021-02-08,2,Cryptophyta,1.9849964,2.2203333
2021-02-09,2,Cryptophyta,3.425029,2.0261133
2021-02-10,2,Cryptophyta,5.069283,1.872972
2021-02-11,2,Cryptophyta,3.250572,2.4851694
2021-02-12,2,Cryptophyta,2.8851557,2.7825272
2021-02-13,2,Cryptophyta,6.569689,2.2482605
2021-02-14,2,Cryptophyta,5.033589,2.2013452
2021-02-15,2,Cryptophyta,3.6312373,3.0287025
2021-02-16,2,Cryptophyta,4.1591535,2.8631032
2021-02-17,2,Cryptophyta,3.4927206,2.5110967
2021-02-18,2,Cryptophyta,2.1676483,2.8017228
2021-02-19,2,Cryptophyta,2.7191303,2.5993907
2021-02-20,2,Cryptophyta,2.3670385,2.196547
2021-02-21,2,Cryptophyta,2.7633286,2.3277063
2021-02-22,2,Cryptophyta,2.4508183,2.0545719
2021-02-23,2,Cryptophyta,2.3480086,2.4586363
2021-02-24,2,Cryptophyta,1.872853,2.2245214
2021-02-25,2,Cryptophyta,3.0860362,2.048571
2021-02-26,2,Cryptophyta,3.569427,1.948395
2021-02-27,2,Cryptophyta,3.2749453,2.3798974
2021-02-28,2,Cryptophyta,2.9949775,2.6008277
2021-03-01,2,Cryptophyta,1.9386367,2.4163296
2021-03-02,2,Cryptophyta,2.0704148,2.2279634
2021-03-03,2,Cryptophyta,3.985123,1.7470899
2021-03-04,2,Cryptophyta,2.5256224,1.6951774
2021-03-05,2,Cryptophyta,0.966932,2.6029494
2021-03-06,2,Cryptophyta,0.52926195,1.9513096
2021-03-07,2,Cryptophyta,0.5995007,0.79913455
2021-03-08,2,Cryptophyta,0.46934107,0.4606084
2021-03-09,2,Cryptophyta,0.53188133,0.49822912
2021-03-10,2,Cryptophyta,0.67051375,0.48123816
2021-03-11,2,Cryptophyta,1.7803546,0.54621834
2021-03-12,2,Cryptophyta,2.5919247,0.7544023
2021-03-13,2,Cryptophyta,6.490051,1.9938838
2021-03-14,2,Cryptophyta,3.7538712,2.4878292
2021-03-15,2,Cryptophyta,3.1785095,2.8392663
2021-03-16,2,Cryptophyta,2.4393127,2.3206906
2021-03-17,2,Cryptophyta,1.4057163,2.2265317
2021-03-18,2,Cryptophyta,1.2176338,2.0038598
2021-03-19,2,Cryptophyta,0.5862518,1.4590565
2021-03-20,2,Cryptophyta,0.23516648,1.177215
2021-03-21,2,Cryptophyta,0.024312591,0.80231106
2021-03-22,2,Cryptophyta,0.20230821,0.59299624
2021-03-23,2,Cryptophyta,0.41667634,0.34138238
2021-03-24,2,Cryptophyta,0.2692962,0.38535634
2021-03-25,2,Cryptophyta,0.32939044,0.45633695
2021-03-26,2,Cryptophyta,0.32711288,0.39003477
2021-03-27,2,Cryptophyta,0.45832005,0.40311176
2021-03-28,2,Cryptophyta,0.7455974,0.53954524
2021-03-29,2,Cryptophyta,2.5559523,0.82239044
2021-03-30,2,Cryptophyta,3.8826284,1.399929
2021-03-31,2,Cryptophyta,3.3377802,2.477218
2021-04-01,2,Cryptophyta,1.2241564,2.6626887
2021-04-02,2,Cryptophyta,0.2549022,2.3683324
2021-04-03,2,Cryptophyta,0.23659663,1.3891829
2021-04-04,2,Cryptophyta,0.053678524,0.63481784
2021-04-05,2,Cryptophyta,0.013581768,0.6009084
2021-04-06,2,Cryptophyta,0.05430536,0.45745617
2021-04-07,2,Cryptophyta,0.032896426,0.41855708
2021-04-08,2,Cryptophyta,0.05452243,0.41596177
2021-04-09,2,Cryptophyta,0.111700416,0.40231642
2021-04-10,2,Cryptophyta,0.36037627,0.41714886
2021-04-11,2,Cryptophyta,0.9309045,0.39781737
2021-04-12,2,Cryptophyta,4.4353657,0.5274752
2021-04-13,2,Cryptophyta,4.5296745,1.1289374
2021-04-14,2,Cryptophyta,4.7901015,2.6074786
2021-04-15,2,Cryptophyta,4.097689,2.5162804
2021-04-16,2,Cryptophyta,3.4052775,2.4568973
2021-04-17,2,Cryptophyta,6.085865,2.423489
2021-04-18,2,Cryptophyta,0.7100869,2.2510824
2021-04-19,2,Cryptophyta,0.6453512,2.7065792
2021-04-20,2,Cryptophyta,0.84328747,1.0341
2021-04-21,2,Cryptophyta,1.7741998,0.8701034
2021-04-22,2,Cryptophyta,3.597625,1.2276417
2021-04-23,2,Cryptophyta,2.9359233,2.0174465
2021-04-24,2,Cryptophyta,3.833693,2.6269495
2021-04-25,2,Cryptophyta,4.4633455,2.379067
2021-04-26,2,Cryptophyta,1.0418307,2.4525292
2021-04-27,2,Cryptophyta,0.21408828,2.511426
2021-04-28,2,Cryptophyta,0.014493498,1.1061363
2021-04-29,2,Cryptophyta,0.039790172,0.57778406
2021-04-30,2,Cryptophyta,0.28643999,0.41171038
2021-05-01,2,Cryptophyta,2.2824168,0.3579651
2021-05-02,2,Cryptophyta,2.6909986,0.4057551
2021-05-03,2,Cryptophyta,2.769449,1.8952408
2021-05-04,2,Cryptophyta,0.42055428,2.3123834
2021-05-05,2,Cryptophyta,1.0409683,2.1417582
2021-05-06,2,Cryptophyta,2.7422197,0.7244228
2021-05-07,2,Cryptophyta,2.4887962,0.95955175
2021-05-08,2,Cryptophyta,4.2748013,2.2110486
2021-05-09,2,Cryptophyta,6.8061724,2.1389046
2021-05-10,2,Cryptophyta,4.8118887,2.5859828
2021-05-11,2,Cryptophyta,6.5926557,2.7405994
2021-05-12,2,Cryptophyta,6.2209406,2.4290648
2021-05-13,2,Cryptophyta,5.8229237,2.657032
2021-05-14,2,Cryptophyta,1.5781838,2.5719297
2021-05-15,2,Cryptophyta,1.0210347,2.6611083
2021-05-16,2,Cryptophyta,0.43799567,1.4461573
2021-05-17,2,Cryptophyta,0.6316715,0.94429064
2021-05-18,2,Cryptophyta,0.9674602,0.6808375
2021-05-19,2,Cryptophyta,0.525887,0.78212947
2021-05-20,2,Cryptophyta,1.4451882,1.0501864
2021-05-21,2,Cryptophyta,1.1084154,0.6884189
2021-05-22,2,Cryptophyta,1.0994352,1.1700714
2021-05-23,2,Cryptophyta,0.3843736,1.1717038
2021-05-24,2,Cryptophyta,1.8047323,1.190848
2021-05-25,2,Cryptophyta,0.6530318,0.6890565
2021-05-26,2,Cryptophyta,0.57416064,1.6752644
2021-05-27,2,Cryptophyta,2.3588858,0.88166124
2021-05-28,2,Cryptophyta,3.7486877,0.7580886
2021-05-29,2,Cryptophyta,0.98348767,1.9048649
2021-05-30,2,Cryptophyta,0.11463098,2.0606194
2021-05-31,2,Cryptophyta,0.027501792,0.7973787
2021-06-01,2,Cryptophyta,0.009999991,0.3064581
2021-06-02,2,Cryptophyta,0.009999991,0.22066943
2021-06-03,2,Cryptophyta,0.009999991,0.17982228
2021-06-04,2,Cryptophyta,0.011448221,0.15102667
2021-06-05,2,Cryptophyta,0.009999991,0.16361465
2021-06-06,2,Cryptophyta,0.22102822,0.1784946
2021-06-07,2,Cryptophyta,1.2524167,0.173976
2021-06-08,2,Cryptophyta,2.9655645,0.2982027
2021-06-09,2,Cryptophyta,0.59876263,0.658143
2021-06-10,2,Cryptophyta,0.90918237,1.5633724
2021-06-11,2,Cryptophyta,1.1005427,0.6274203
2021-06-12,2,Cryptophyta,2.717328,0.6602476
2021-06-13,2,Cryptophyta,6.692701,0.82383573
2021-06-14,2,Cryptophyta,3.8272846,1.7496372
2021-06-15,2,Cryptophyta,5.550228,2.4194365
2021-06-16,2,Cryptophyta,7.2731714,1.972314
2021-06-17,2,Cryptophyta,3.9749167,2.4653223
2021-06-18,2,Cryptophyta,1.4805058,2.5734544
2021-06-19,2,Cryptophyta,0.7167053,1.9647334
2021-06-20,2,Cryptophyta,1.0034058,0.84923214
2021-06-21,2,Cryptophyta,0.36990592,0.5853777
2021-06-22,2,Cryptophyta,0.63429683,0.71059215
2021-06-23,2,Cryptophyta,0.8823589,0.46521014
2021-06-24,2,Cryptophyta,0.4316136,0.52879333
2021-06-25,2,Cryptophyta,1.4246527,0.64140296
2021-06-26,2,Cryptophyta,0.8443198,0.55407166
2021-06-27,2,Cryptophyta,5.683697,1.0000719
2021-06-28,2,Cryptophyta,5.1820374,0.6974592
2021-06-29,2,Cryptophyta,4.680376,2.2620614
2021-06-30,2,Cryptophyta,2.233973,2.147161
2021-07-01,2,Cryptophyta,2.7452605,1.9934784
2021-07-02,2,Cryptophyta,3.114732,1.2978271
2021-07-03,2,Cryptophyta,4.5960784,1.9733063
2021-07-04,2,Cryptophyta,1.1919392,2.1538916
2021-07-05,2,Cryptophyta,2.188618,2.345543
2021-07-06,2,Cryptophyta,0.89488775,1.0471644
2021-07-07,2,Cryptophyta,1.1724837,1.604989
2021-07-08,2,Cryptophyta,2.041239,0.9195219
2021-07-09,2,Cryptophyta,0.09234785,0.99680156
2021-07-10,2,Cryptophyta,0.11277334,1.8240114
2021-07-11,2,Cryptophyta,0.11111517,0.57509196
2021-07-12,2,Cryptophyta,0.19445011,0.4617467
2021-07-13,2,Cryptophyta,0.14789437,0.5214325
2021-07-14,2,Cryptophyta,2.0088196,0.6568323
2021-07-15,2,Cryptophyta,3.3283792,0.56629896
2021-07-16,2,Cryptophyta,2.9782705,1.9384909
2021-07-17,2,Cryptophyta,3.991751,2.4050853
2021-07-18,2,Cryptophyta,2.4407308,2.029769
2021-07-19,2,Cryptophyta,1.8509196,2.3526816
2021-07-20,2,Cryptophyta,0.30619845,1.8946573
2021-07-21,2,Cryptophyta,0.5183273,1.1873275
2021-07-22,2,Cryptophyta,0.29636496,0.4986501
2021-07-23,2,Cryptophyta,2.2086678,0.437437
2021-07-24,2,Cryptophyta,2.187364,0.4627141
2021-07-25,2,Cryptophyta,2.1352136,1.8795516
2021-07-26,2,Cryptophyta,1.2728292,1.8887564
2021-07-27,2,Cryptophyta,0.7636324,1.6458218
2021-07-28,2,Cryptophyta,0.08968883,0.9277522
2021-07-29,2,Cryptophyta,0.35649782,0.6861965
2021-07-30,2,Cryptophyta,0.28621292,0.35348573
2021-07-31,2,Cryptophyta,0.8985962,0.46504334
2021-08-01,2,Cryptophyta,1.3469175,0.5785077
2021-08-02,2,Cryptophyta,1.7300363,0.8093841
2021-08-03,2,Cryptophyta,0.32100654,1.086204
2021-08-04,2,Cryptophyta,0.14803037,0.9374188
2021-08-05,2,Cryptophyta,0.009999991,0.4167996
2021-08-06,2,Cryptophyta,0.009999991,0.23239297
2021-08-07,2,Cryptophyta,0.009999991,0.14667831
2021-08-08,2,Cryptophyta,0.009999991,0.118860275
2021-08-09,2,Cryptophyta,0.23199858,0.13418561
2021-08-10,2,Cryptophyta,0.034522396,0.16223489
2021-08-11,2,Cryptophyta,0.045955125,0.25491518
2021-08-12,2,Cryptophyta,0.33081767,0.20976752
2021-08-13,2,Cryptophyta,0.2818487,0.23284954
2021-08-14,2,Cryptophyta,3.3812597,0.3780758
2021-08-15,2,Cryptophyta,4.7306323,0.32150063
2021-08-16,2,Cryptophyta,1.2108259,1.7475837
2021-08-17,2,Cryptophyta,0.8421241,2.4109461
2021-08-18,2,Cryptophyta,3.8678281,0.9937361
2021-08-19,2,Cryptophyta,6.1408067,0.5907166
2021-08-20,2,Cryptophyta,4.1655927,2.0040379
2021-08-21,2,Cryptophyta,1.9573146,2.6118484
2021-08-22,2,Cryptophyta,6.7205424,2.229491
2021-08-23,2,Cryptophyta,6.412621,1.2565767
2021-08-24,2,Cryptophyta,4.911873,2.3647025
2021-08-25,2,Cryptophyta,5.530123,2.469997
2021-08-26,2,Cryptophyta,4.9580812,2.2448206
2021-08-27,2,Cryptophyta,3.6376522,2.2591853
2021-08-28,2,Cryptophyta,2.0945258,2.0307806
2021-08-29,2,Cryptophyta,1.1689283,1.8336312
2021-08-30,2,Cryptophyta,0.895105,1.0685917
2021-08-31,2,Cryptophyta,0.98863244,0.72387993
2021-09-01,2,Cryptophyta,0.47985527,0.60984766
2021-09-02,2,Cryptophyta,0.16972502,0.6449542
2021-09-03,2,Cryptophyta,0.16249637,0.49782473
2021-09-04,2,Cryptophyta,0.40104917,0.32669133
2021-09-05,2,Cryptophyta,0.5010926,0.26692066
2021-09-06,2,Cryptophyta,0.21408828,0.36453527
2021-09-07,2,Cryptophyta,0.09729903,0.42386588
2021-09-08,2,Cryptophyta,0.18883504,0.31568637
2021-09-09,2,Cryptophyta,0.8836324,0.25201073
2021-09-10,2,Cryptophyta,0.94916064,0.27510244
2021-09-11,2,Cryptophyta,2.8891752,0.54787207
2021-09-12,2,Cryptophyta,3.9723084,0.59441346
2021-09-13,2,Cryptophyta,1.3835337,1.5763379
2021-09-14,2,Cryptophyta,0.8942071,1.9774415
2021-09-15,2,Cryptophyta,0.11826209,0.8610951
2021-09-16,2,Cryptophyta,0.03495292,0.500206
2021-09-17,2,Cryptophyta,0.021180328,0.27034035
2021-09-18,2,Cryptophyta,0.014590886,0.18430659
2021-09-19,2,Cryptophyta,0.027762465,0.19842678
2021-09-20,2,Cryptophyta,0.014923933,0.18439281
2021-09-21,2,Cryptophyta,0.013330923,0.22074068
2021-09-22,2,Cryptophyta,0.02899346,0.20019074
2021-09-23,2,Cryptophyta,0.031630408,0.1761964
2021-09-24,2,Cryptophyta,0.016531473,0.23118752
2021-09-25,2,Cryptophyta,0.025249824,0.1706348
2021-09-26,2,Cryptophyta,0.020209959,0.17190759
2021-09-27,2,Cryptophyta,0.016162232,0.16977492
2021-09-28,2,Cryptophyta,0.012722697,0.16308363
2021-09-29,2,Cryptophyta,0.014996384,0.18016516
2021-09-30,2,Cryptophyta,0.027639415,0.19882198
2021-10-01,2,Cryptophyta,0.0215858,0.21584104
2021-10-02,2,Cryptophyta,0.009999991,0.22751763
2021-10-03,2,Cryptophyta,0.04314291,0.25873697
2021-10-04,2,Cryptophyta,0.06171007,0.26905945
2021-10-05,2,Cryptophyta,0.08027723,0.26788405
2021-10-06,2,Cryptophyta,0.09884436,0.24988773
2021-10-07,2,Cryptophyta,0.11741151,0.2463421
2021-10-08,2,Cryptophyta,0.13597873,0.23789397
2021-10-09,2,Cryptophyta,0.15454592,0.25659713
2021-10-10,2,Cryptophyta,0.17311302,0.27722743
2021-10-11,2,Cryptophyta,0.19168025,0.25656837
2021-10-12,2,Cryptophyta,0.08330738,0.23351136
2021-10-13,2,Cryptophyta,0.20564081,0.2704123
2021-10-14,2,Cryptophyta,0.45210716,0.22683746
2021-10-15,2,Cryptophyta,1.9633454,0.2536165
2021-10-16,2,Cryptophyta,2.402042,0.33189604
2021-10-17,2,Cryptophyta,0.18239857,0.8928673
2021-10-18,2,Cryptophyta,0.14306079,1.2295917
2021-10-19,2,Cryptophyta,0.1371925,0.3969251
2021-10-20,2,Cryptophyta,0.10953692,0.22881272
2021-10-21,2,Cryptophyta,0.33654124,0.24280347
2021-10-22,2,Cryptophyta,0.09678729,0.2509241
2021-10-23,2,Cryptophyta,0.12801735,0.33581573
2021-10-24,2,Cryptophyta,0.15230823,0.30556673
2021-10-25,2,Cryptophyta,0.3744026,0.2823257
2021-10-26,2,Cryptophyta,0.5011505,0.27560672
2021-10-27,2,Cryptophyta,2.2271852,0.38997006
2021-10-28,2,Cryptophyta,5.092771,0.5491111
2021-10-29,2,Cryptophyta,4.4250436,1.8639377
2021-10-30,2,Cryptophyta,1.6537554,2.4398437
2021-10-31,2,Cryptophyta,1.1526773,2.2296689
2021-11-01,2,Cryptophyta,0.999602,1.1695061
2021-11-02,2,Cryptophyta,2.287547,0.89494693
2021-11-03,2,Cryptophyta,3.3543994,0.9039331
2021-11-04,2,Cryptophyta,1.814754,1.9735886
2021-11-05,2,Cryptophyta,0.28529662,2.233341
2021-11-06,2,Cryptophyta,0.8264255,1.4733857
2021-11-07,2,Cryptophyta,1.651774,0.5031563
2021-11-08,2,Cryptophyta,0.8663386,0.83148617
2021-11-09,2,Cryptophyta,0.98232996,1.9388082
2021-11-10,2,Cryptophyta,1.3961767,1.054829
2021-11-11,2,Cryptophyta,0.55808246,0.92648596
2021-11-12,2,Cryptophyta,0.2808545,1.5154524
2021-11-13,2,Cryptophyta,0.22812591,0.73190314
2021-11-14,2,Cryptophyta,0.060130253,0.45138082
2021-11-15,2,Cryptophyta,0.064438835,0.37299848
2021-11-16,2,Cryptophyta,0.12549599,0.3007588
2021-11-17,2,Cryptophyta,0.12162303,0.29902142
2021-11-18,2,Cryptophyta,0.13411672,0.31709525
2021-11-19,2,Cryptophyta,0.038276628,0.33367854
2021-11-20,2,Cryptophyta,0.037277333,0.33386084
2021-11-21,2,Cryptophyta,0.14311372,0.27007547
2021-11-22,2,Cryptophyta,0.31098408,0.308108
2021-11-23,2,Cryptophyta,0.028777102,0.45275524
2021-11-24,2,Cryptophyta,0.11981185,0.5264865
2021-11-25,2,Cryptophyta,0.089210704,0.30769205
2021-11-26,2,Cryptophyta,0.026425505,0.31583902
2021-11-27,2,Cryptophyta,0.080904454,0.31130344
2021-11-28,2,Cryptophyta,0.079240225,0.30587405
2021-11-29,2,Cryptophyta,0.13870382,0.29428762
2021-11-30,2,Cryptophyta,0.70564806,0.3140644
2021-12-01,2,Cryptophyta,0.46112964,0.39581367
2021-12-02,2,Cryptophyta,0.56976104,0.804943
2021-12-03,2,Cryptophyta,0.44613323,0.5485938
2021-12-04,2,Cryptophyta,0.114030406,0.50713396
2021-12-05,2,Cryptophyta,0.13754705,0.5332409
2021-12-06,2,Cryptophyta,0.13356574,0.391391
2021-12-07,2,Cryptophyta,0.13945727,0.36472934
2021-12-08,2,Cryptophyta,0.18000004,0.39536867
2021-12-09,2,Cryptophyta,0.22572987,0.38071543
2021-12-10,2,Cryptophyta,0.1674964,0.40963605
2021-12-11,2,Cryptophyta,0.536042,0.44960818
2021-12-12,2,Cryptophyta,0.33448946,0.38777027
2021-12-13,2,Cryptophyta,0.8888133,0.6568531
2021-12-14,2,Cryptophyta,1.109754,0.6316767
2021-12-15,2,Cryptophyta,1.157719,1.0290718
2021-12-16,2,Cryptophyta,0.9222013,1.5222815
2021-12-17,2,Cryptophyta,0.2394569,1.5574105
2021-12-18,2,Cryptophyta,0.17299783,1.3855507
2021-12-19,2,Cryptophyta,0.19939901,0.6626177
2021-12-20,2,Cryptophyta,0.0508104,0.5240982
2021-12-21,2,Cryptophyta,0.012547057,0.5609906
2021-12-22,2,Cryptophyta,1.1247612,0.43578216
2021-12-23,2,Cryptophyta,3.3235745,0.31998503
2021-12-24,2,Cryptophyta,5.3787045,0.8450349
2021-12-25,2,Cryptophyta,1.9026159,2.2969854
2021-12-26,2,Cryptophyta,1.5518523,2.5642664
2021-12-27,2,Cryptophyta,1.4961421,1.5917523
2021-12-28,2,Cryptophyta,2.0434694,1.2277513
2021-12-29,2,Cryptophyta,1.3157945,1.4273179
2021-12-30,2,Cryptophyta,1.7633647,1.9675626
2021-12-31,2,Cryptophyta,0.99547976,1.5976388
2022-01-01,2,Cryptophyta,0.90334296,1.8919604
2022-01-02,2,Cryptophyta,0.460246,1.364095
2022-01-03,2,Cryptophyta,0.49183202,1.2001475
2022-01-04,2,Cryptophyta,0.8021434,0.8043642
2022-01-05,2,Cryptophyta,2.411108,0.8431757
2022-01-06,2,Cryptophyta,1.9298986,1.4156967
2022-01-07,2,Cryptophyta,1.4486893,2.5067134
2022-01-08,2,Cryptophyta,2.254236,2.2168033
2022-01-09,2,Cryptophyta,1.9260247,1.7533256
2022-01-10,2,Cryptophyta,3.8141894,2.1693943
2022-01-11,2,Cryptophyta,3.3248262,2.0209932
2022-01-12,2,Cryptophyta,1.8018959,2.5976398
2022-01-13,2,Cryptophyta,0.6656151,2.316777
2022-01-14,2,Cryptophyta,0.16721943,1.3660091
2022-01-15,2,Cryptophyta,0.40709117,0.75355405
2022-01-16,2,Cryptophyta,0.41276413,0.45883095
2022-01-17,2,Cryptophyta,0.12125267,0.55816036
2022-01-18,2,Cryptophyta,0.50808835,0.66563535
2022-01-19,2,Cryptophyta,0.29482982,0.52881205
2022-01-20,2,Cryptophyta,0.28364226,0.6767661
2022-01-21,2,Cryptophyta,0.73514116,0.638746
2022-01-22,2,Cryptophyta,0.8555467,0.65922177
2022-01-23,2,Cryptophyta,6.0838957,1.1823556
2022-01-24,2,Cryptophyta,2.5067077,1.563632
2022-01-25,2,Cryptophyta,3.2794752,2.8363705
2022-01-26,2,Cryptophyta,4.0522428,2.233426
2022-01-27,2,Cryptophyta,7.7161593,2.5481522
2022-01-28,2,Cryptophyta,6.604,2.6976624
2022-01-29,2,Cryptophyta,6.2652764,2.965113
2022-01-30,2,Cryptophyta,4.679468,2.914641
2022-01-31,2,Cryptophyta,2.0781941,2.844503
2022-02-01,2,Cryptophyta,1.1183823,2.7329812
2022-02-02,2,Cryptophyta,2.0167906,2.0245636
2022-02-03,2,Cryptophyta,1.0336812,1.4263549
2022-02-04,2,Cryptophyta,1.8221382,2.0497599
2022-02-05,2,Cryptophyta,2.1748297,1.2477883
2022-02-06,2,Cryptophyta,0.7498538,1.7785072
2022-02-07,2,Cryptophyta,1.6242288,1.9827496
2022-02-08,2,Cryptophyta,2.812573,0.8648515
2022-02-09,2,Cryptophyta,2.1546009,1.2733938
2022-02-10,2,Cryptophyta,2.7654421,2.235152
2022-02-11,2,Cryptophyta,1.6416949,2.0439544
2022-02-12,2,Cryptophyta,3.2547395,2.138814
2022-02-13,2,Cryptophyta,4.4726844,1.6915088
2022-02-14,2,Cryptophyta,3.2693677,2.288578
2022-02-15,2,Cryptophyta,3.0681496,2.5751798
2022-02-16,2,Cryptophyta,3.5129151,2.392516
2022-02-17,2,Cryptophyta,6.3626266,2.4822495
2022-02-18,2,Cryptophyta,5.7419825,2.516485
2022-02-19,2,Cryptophyta,5.121339,2.8104353
2022-02-20,2,Cryptophyta,1.3447684,2.7213173
2022-02-21,2,Cryptophyta,0.34763938,2.5991545
2022-02-22,2,Cryptophyta,0.11295442,1.4458159
2022-02-23,2,Cryptophyta,0.010837298,0.72638947
2022-02-24,2,Cryptophyta,0.2931932,0.48122337
2022-02-25,2,Cryptophyta,0.3498264,0.44067478
2022-02-26,2,Cryptophyta,0.40645963,0.6135568
2022-02-27,2,Cryptophyta,0.46309286,0.7082402
2022-02-28,2,Cryptophyta,0.23080894,0.7304868
2022-03-01,2,Cryptophyta,0.66084886,0.8380239
2022-03-02,2,Cryptophyta,1.4105,0.7061351
2022-03-03,2,Cryptophyta,2.6836133,1.1059055
2022-03-04,2,Cryptophyta,3.074573,2.098022
2022-03-05,2,Cryptophyta,4.616686,2.7836325
2022-03-06,2,Cryptophyta,4.4455137,2.6830766
2022-03-07,2,Cryptophyta,5.2407317,2.9279804
2022-03-08,2,Cryptophyta,3.0426722,2.8440692
2022-03-09,2,Cryptophyta,2.6120565,2.90993
2022-03-10,2,Cryptophyta,3.1026852,2.4765096
2022-03-11,2,Cryptophyta,5.934228,2.4920964
2022-03-12,2,Cryptophyta,5.9608407,2.7904704
2022-03-13,2,Cryptophyta,8.2981825,3.280225
2022-03-14,2,Cryptophyta,8.111037,3.2081916
2022-03-15,2,Cryptophyta,7.923893,3.3417358
2022-03-16,2,Cryptophyta,7.6927795,3.34344
2022-03-17,2,Cryptophyta,7.4616656,3.3862665
2022-03-18,2,Cryptophyta,7.230552,3.344221
2022-03-19,2,Cryptophyta,6.9994383,3.314804
2022-03-20,2,Cryptophyta,6.768325,3.2111583
2022-03-21,2,Cryptophyta,2.956575,3.1070826
2022-03-22,2,Cryptophyta,3.0413914,3.0349817
2022-03-23,2,Cryptophyta,1.2712663,2.173977
2022-03-24,2,Cryptophyta,0.48071688,2.1420634
2022-03-25,2,Cryptophyta,0.24598116,1.0412077
2022-03-26,2,Cryptophyta,0.17334539,0.5711137
2022-03-27,2,Cryptophyta,0.014066844,0.58109796
2022-03-28,2,Cryptophyta,0.009999991,0.48612627
2022-03-29,2,Cryptophyta,0.009999991,0.33589622
2022-03-30,2,Cryptophyta,0.011354405,0.35122445
2022-03-31,2,Cryptophyta,0.011491702,0.34015062
2022-04-01,2,Cryptophyta,0.0132873645,0.3797519
2022-04-02,2,Cryptophyta,0.009999991,0.36388233
2022-04-03,2,Cryptophyta,0.0104561765,0.5159093
2022-04-04,2,Cryptophyta,0.058059365,0.44084185
2022-04-05,2,Cryptophyta,0.5978168,0.37288725
2022-04-06,2,Cryptophyta,0.5055185,0.46480808
2022-04-07,2,Cryptophyta,1.6158104,0.8413033
2022-04-08,2,Cryptophyta,3.517357,1.05981
2022-04-09,2,Cryptophyta,3.552728,1.9480311
2022-04-10,2,Cryptophyta,3.648052,2.7150123
2022-04-11,2,Cryptophyta,4.8602524,2.6776588
2022-04-12,2,Cryptophyta,5.7928276,2.858611
2022-04-13,2,Cryptophyta,7.0250325,3.0351985
2022-04-14,2,Cryptophyta,7.4662733,3.087861
2022-04-15,2,Cryptophyta,6.0537853,3.2170398
2022-04-16,2,Cryptophyta,5.7560816,3.2276523
2022-04-17,2,Cryptophyta,5.326953,3.0957847
2022-04-18,2,Cryptophyta,6.1952877,3.0868967
2022-04-19,2,Cryptophyta,1.519471,2.8445497
2022-04-20,2,Cryptophyta,1.9496597,2.8962517
2022-04-21,2,Cryptophyta,2.6454587,1.3294656
2022-04-22,2,Cryptophyta,4.0942683,1.7432371
2022-04-23,2,Cryptophyta,5.363492,2.1711366
2022-04-24,2,Cryptophyta,6.632715,2.5392678
2022-04-25,2,Cryptophyta,5.4636426,2.8486936
2022-04-26,2,Cryptophyta,5.049073,2.7303314
2022-04-27,2,Cryptophyta,4.6345043,2.1742108
2022-04-28,2,Cryptophyta,4.219935,2.4690933
2022-04-29,2,Cryptophyta,3.26207,1.9640653
2022-04-30,2,Cryptophyta,0.3818768,2.3465145
2022-05-01,2,Cryptophyta,0.3872826,2.0398028
2022-05-02,2,Cryptophyta,0.08944931,0.7014855
2022-05-03,2,Cryptophyta,0.25981158,0.48112747
2022-05-04,2,Cryptophyta,1.3497682,0.31308663
2022-05-05,2,Cryptophyta,2.010942,0.3390858
2022-05-06,2,Cryptophyta,4.4939523,0.95109415
2022-05-07,2,Cryptophyta,4.4601665,2.0961132
2022-05-08,2,Cryptophyta,3.5489104,2.745094
2022-05-09,2,Cryptophyta,2.6376543,2.6973724
2022-05-10,2,Cryptophyta,1.0043664,2.1346104
2022-05-11,2,Cryptophyta,0.4831377,1.9428977
2022-05-12,2,Cryptophyta,0.5559877,0.8759069
2022-05-13,2,Cryptophyta,0.073652156,0.55548775
2022-05-14,2,Cryptophyta,0.009999991,0.56578237
2022-05-15,2,Cryptophyta,0.009999991,0.36186478
2022-05-16,2,Cryptophyta,0.009999991,0.30217052
2022-05-17,2,Cryptophyta,0.009999991,0.27131158
2022-05-18,2,Cryptophyta,0.013930398,0.37343997
2022-05-19,2,Cryptophyta,0.032872636,0.3190759
2022-05-20,2,Cryptophyta,0.58060104,0.23381378
2022-05-21,2,Cryptophyta,5.506287,0.19535623
2022-05-22,2,Cryptophyta,1.7813116,0.7099679
2022-05-23,2,Cryptophyta,1.5250723,2.6012673
2022-05-24,2,Cryptophyta,2.5719986,1.546811
2022-05-25,2,Cryptophyta,0.094826125,1.0800555
2022-05-26,2,Cryptophyta,0.38431472,1.957223
2022-05-27,2,Cryptophyta,0.016613582,0.58886725
2022-05-28,2,Cryptophyta,0.009999991,0.4801921
2022-05-29,2,Cryptophyta,0.009999991,0.32136676
2022-05-30,2,Cryptophyta,0.009999991,0.2845447
2022-05-31,2,Cryptophyta,0.009999991,0.16330446
2022-06-01,2,Cryptophyta,0.041579302,0.11129511
2022-06-02,2,Cryptophyta,0.009999991,0.12290285
2022-06-03,2,Cryptophyta,0.009999991,0.1772725
2022-06-04,2,Cryptophyta,0.009999991,0.13619308
2022-06-05,2,Cryptophyta,0.009999991,0.11333688
2022-06-06,2,Cryptophyta,0.009999991,0.18505123
2022-06-07,2,Cryptophyta,0.009999991,0.18322152
2022-06-08,2,Cryptophyta,0.009999991,0.19952655
2022-06-09,2,Cryptophyta,0.009999991,0.14786603
2022-06-10,2,Cryptophyta,0.009999991,0.10877265
2022-06-11,2,Cryptophyta,0.009999991,0.10605785
2022-06-12,2,Cryptophyta,0.009999991,0.116365895
2022-06-13,2,Cryptophyta,0.009999991,0.103221
2022-06-14,2,Cryptophyta,0.009999991,0.12800391
2022-06-15,2,Cryptophyta,0.009999991,0.1073697
2022-06-16,2,Cryptophyta,0.009999991,0.09401089
2022-06-17,2,Cryptophyta,0.0147973765,0.090540156
2022-06-18,2,Cryptophyta,0.073159404,0.11556603
2022-06-19,2,Cryptophyta,0.06849167,0.17061208
2022-06-20,2,Cryptophyta,0.14291817,0.24205506
2022-06-21,2,Cryptophyta,0.20932655,0.410803
2022-06-22,2,Cryptophyta,0.23238957,0.28774533
2022-06-23,2,Cryptophyta,0.017235858,0.3399124
2022-06-24,2,Cryptophyta,0.040120743,0.3142406
2022-06-25,2,Cryptophyta,0.2839175,0.13312502
2022-06-26,2,Cryptophyta,0.035959456,0.12937635
2022-06-27,2,Cryptophyta,0.06081824,0.32596833
2022-06-28,2,Cryptophyta,0.27052093,0.20545425
2022-06-29,2,Cryptophyta,0.012525414,0.21016864
2022-06-30,2,Cryptophyta,0.6139971,0.27056894
2022-07-01,2,Cryptophyta,0.59884864,0.19014667
2022-07-02,2,Cryptophyta,0.026125995,0.35815257
2022-07-03,2,Cryptophyta,0.010289456,0.46658203
2022-07-04,2,Cryptophyta,0.009999991,0.24603128
2022-07-05,2,Cryptophyta,0.009999991,0.17556848
2022-07-06,2,Cryptophyta,0.009999991,0.15952912
2022-07-07,2,Cryptophyta,0.009999991,0.15351759
2022-07-08,2,Cryptophyta,0.02234078,0.15350004
2022-07-09,2,Cryptophyta,0.10539345,0.17291512
2022-07-10,2,Cryptophyta,0.24793312,0.18706849
2022-07-11,2,Cryptophyta,0.51225203,0.22744076
2022-07-12,2,Cryptophyta,0.3178261,0.32803127
2022-07-13,2,Cryptophyta,0.12300002,0.48337197
2022-07-14,2,Cryptophyta,1.7812928,0.43845484
2022-07-15,2,Cryptophyta,4.1484494,0.34654278
2022-07-16,2,Cryptophyta,0.7352533,1.0104573
2022-07-17,2,Cryptophyta,0.92751086,2.0230684
2022-07-18,2,Cryptophyta,0.22509077,0.7416683
2022-07-19,2,Cryptophyta,0.020543884,0.53652924
2022-07-20,2,Cryptophyta,0.043882452,0.38680258
2022-07-21,2,Cryptophyta,0.011791171,0.29372054
2022-07-22,2,Cryptophyta,0.010043729,0.27643675
2022-07-23,2,Cryptophyta,0.012169442,0.23538326
2022-07-24,2,Cryptophyta,0.40781432,0.19826497
2022-07-25,2,Cryptophyta,0.016661854,0.19406079
2022-07-26,2,Cryptophyta,0.022054957,0.3764358
2022-07-27,2,Cryptophyta,0.020608686,0.23664178
2022-07-28,2,Cryptophyta,0.010642375,0.22919331
2022-07-29,2,Cryptophyta,0.07021444,0.18386006
2022-07-30,2,Cryptophyta,0.103735305,0.17910473
2022-07-31,2,Cryptophyta,0.1372561,0.20105013
2022-08-01,2,Cryptophyta,0.17077692,0.21865937
2022-08-02,2,Cryptophyta,0.20429775,0.24976274
2022-08-03,2,Cryptophyta,0.2378185,0.31828004
2022-08-04,2,Cryptophyta,0.27133936,0.32190675
2022-08-05,2,Cryptophyta,0.30486017,0.3076116
2022-08-06,2,Cryptophyta,0.33838093,0.28284094
2022-08-07,2,Cryptophyta,0.37190175,0.29088163
2022-08-08,2,Cryptophyta,0.40542254,0.32123435
2022-08-09,2,Cryptophyta,0.43894336,0.36133125
2022-08-10,2,Cryptophyta,0.47246417,0.3470614
2022-08-11,2,Cryptophyta,0.505985,0.35296586
2022-08-12,2,Cryptophyta,0.5395058,0.3672221
2022-08-13,2,Cryptophyta,0.5730266,0.4357012
2022-08-14,2,Cryptophyta,0.6065474,0.32584623
2022-08-15,2,Cryptophyta,0.6400682,0.422079
2022-08-16,2,Cryptophyta,0.67358905,0.47421253
2022-08-17,2,Cryptophyta,0.70710987,0.44813052
2022-08-18,2,Cryptophyta,0.7406306,0.48651907
2022-08-19,2,Cryptophyta,0.77415144,0.5195719
2022-08-20,2,Cryptophyta,0.80767226,0.4678134
2022-08-21,2,Cryptophyta,0.8411931,0.5860422
2022-08-22,2,Cryptophyta,0.87471384,0.6411609
2022-08-23,2,Cryptophyta,0.90823466,0.5714272
2022-08-24,2,Cryptophyta,0.9417555,0.59049267
2022-08-25,2,Cryptophyta,0.97527635,0.67321223
2022-08-26,2,Cryptophyta,1.008797,0.7821362
2022-08-27,2,Cryptophyta,1.042318,0.77772355
2022-08-28,2,Cryptophyta,1.0758387,0.71765196
2022-08-29,2,Cryptophyta,1.1093595,0.7293243
2022-08-30,2,Cryptophyta,1.1428803,0.7962893
2022-08-31,2,Cryptophyta,1.1764011,0.83763546
2022-09-01,2,Cryptophyta,1.209922,0.82786936
2022-09-02,2,Cryptophyta,1.2434428,0.8740648
2022-09-03,2,Cryptophyta,1.2769636,0.7873705
2022-09-04,2,Cryptophyta,1.3104844,0.7961444
2022-09-05,2,Cryptophyta,1.3440052,0.82836163
2022-09-06,2,Cryptophyta,1.377526,0.9155245
2022-09-07,2,Cryptophyta,1.4110469,0.8425364
2022-09-08,2,Cryptophyta,1.4445677,0.9352931
2022-09-09,2,Cryptophyta,1.4780885,0.8818011
2022-09-10,2,Cryptophyta,1.5513841,0.89942396
2022-09-11,2,Cryptophyta,1.6445435,0.8759792
2022-09-12,2,Cryptophyta,1.056165,0.9546822
2022-09-13,2,Cryptophyta,1.3345797,1.0700526
2022-09-14,2,Cryptophyta,2.154297,0.76481247
2022-09-15,2,Cryptophyta,1.5098189,0.83370477
2022-09-16,2,Cryptophyta,0.62335265,1.3881223
2022-09-17,2,Cryptophyta,0.5262518,0.9847037
2022-09-18,2,Cryptophyta,0.5816812,0.46044797
2022-09-19,2,Cryptophyta,0.26104993,0.43524835
2022-09-20,2,Cryptophyta,0.011123174,0.4793522
2022-09-21,2,Cryptophyta,0.051745083,0.32052457
2022-09-22,2,Cryptophyta,0.030354569,0.22484526
2022-09-23,2,Cryptophyta,0.042973924,0.22486071
2022-09-24,2,Cryptophyta,0.13725565,0.24203566
2022-09-25,2,Cryptophyta,0.0662491,0.26379144
2022-09-26,2,Cryptophyta,0.19330437,0.27687448
2022-09-27,2,Cryptophyta,0.1107241,0.31299466
2022-09-28,2,Cryptophyta,1.4748371,0.33834484
2022-09-29,2,Cryptophyta,1.4093351,0.30921403
2022-09-30,2,Cryptophyta,0.43673825,0.8711915
2022-10-01,2,Cryptophyta,0.009999991,1.1109996
2022-10-02,2,Cryptophyta,0.0148912715,0.37031022
2022-10-03,2,Cryptophyta,0.07116495,0.13512516
2022-10-04,2,Cryptophyta,0.19286546,0.12355554
2022-10-05,2,Cryptophyta,0.009999991,0.1531638
2022-10-06,2,Cryptophyta,0.009999991,0.1406322
2022-10-07,2,Cryptophyta,0.009999991,0.10919794
2022-10-08,2,Cryptophyta,0.009999991,0.102668405
2022-10-09,2,Cryptophyta,0.018630426,0.111137696
2022-10-10,2,Cryptophyta,0.013161731,0.13878493
2022-10-11,2,Cryptophyta,0.024279546,0.15189375
2022-10-12,2,Cryptophyta,0.15063044,0.12773044
2022-10-13,2,Cryptophyta,0.012413051,0.12832987
2022-10-14,2,Cryptophyta,0.010152084,0.14880912
2022-10-15,2,Cryptophyta,0.010290094,0.12810169
2022-10-16,2,Cryptophyta,0.01853731,0.12535058
2022-10-17,2,Cryptophyta,0.028262116,0.14793321
2022-10-18,2,Cryptophyta,0.010137582,0.16130331
2022-10-19,2,Cryptophyta,0.05505431,0.15943135
2022-10-20,2,Cryptophyta,0.1891751,0.15404361
2022-10-21,2,Cryptophyta,0.30444208,0.16385183
2022-10-22,2,Cryptophyta,3.1631176,0.24082693
2022-10-23,2,Cryptophyta,0.263108,0.27702639
2022-10-24,2,Cryptophyta,0.21729375,1.4572692
2022-10-25,2,Cryptophyta,0.059153363,0.4517717
2022-10-26,2,Cryptophyta,0.059789892,0.23653449
2022-10-27,2,Cryptophyta,0.047026042,0.14103255
2022-10-28,2,Cryptophyta,0.107351705,0.13303225
2022-10-29,2,Cryptophyta,0.0664518,0.19445124
2022-10-30,2,Cryptophyta,0.05750361,0.19885063
2022-10-31,2,Cryptophyta,0.066642515,0.22201657
2022-11-01,2,Cryptophyta,0.09764286,0.22018129
2022-11-02,2,Cryptophyta,0.11699055,0.21623756
2022-11-03,2,Cryptophyta,0.17307027,0.25955722
2022-11-04,2,Cryptophyta,0.085826114,0.2923929
2022-11-05,2,Cryptophyta,0.06902318,0.27891964
2022-11-06,2,Cryptophyta,0.055853847,0.2197497
2022-11-07,2,Cryptophyta,0.1524133,0.20181821
2022-11-08,2,Cryptophyta,2.7645764,0.2574877
2022-11-09,2,Cryptophyta,1.2183956,0.2681881
2022-11-10,2,Cryptophyta,0.56341535,1.613523
2022-11-11,2,Cryptophyta,0.70662564,1.2121174
2022-11-12,2,Cryptophyta,0.9455072,0.5392533
2022-11-13,2,Cryptophyta,0.2735725,0.49274608
2022-11-14,2,Cryptophyta,0.19732274,0.7150719
2022-11-15,2,Cryptophyta,0.21539077,0.4402829
2022-11-16,2,Cryptophyta,0.09860967,0.29212078
2022-11-17,2,Cryptophyta,0.08582912,0.2110199
2022-11-18,2,Cryptophyta,0.05319826,0.1621292
2022-11-19,2,Cryptophyta,0.24602175,0.15709794
2022-11-20,2,Cryptophyta,0.22234443,0.18093254
2022-11-21,2,Cryptophyta,0.14946416,0.23970222
2022-11-22,2,Cryptophyta,0.13514844,0.14835812
2022-11-23,2,Cryptophyta,0.32496366,0.1745271
2022-11-24,2,Cryptophyta,0.04255429,0.19115052
2022-11-25,2,Cryptophyta,0.13866036,0.2251447
2022-11-26,2,Cryptophyta,0.011700435,0.169989
2022-11-27,2,Cryptophyta,0.051456515,0.15739222
2022-11-28,2,Cryptophyta,0.07280031,0.14547358
2022-11-29,2,Cryptophyta,0.01386674,0.16161974
2022-11-30,2,Cryptophyta,0.13835019,0.21089287
2022-12-01,2,Cryptophyta,0.025166452,0.24467613
2022-12-02,2,Cryptophyta,0.15414065,0.308447
2022-12-03,2,Cryptophyta,0.16071686,0.29652172
2022-12-04,2,Cryptophyta,0.14975378,0.35356772
2022-12-05,2,Cryptophyta,0.7071791,0.3550921
2022-12-06,2,Cryptophyta,0.8909427,0.29315707
2022-12-07,2,Cryptophyta,1.0464518,0.52640295
2022-12-08,2,Cryptophyta,0.9203116,0.7138579
2022-12-09,2,Cryptophyta,1.654772,0.8259217
2022-12-10,2,Cryptophyta,1.3442216,0.71371055
2022-12-11,2,Cryptophyta,0.2558943,1.2818905
2022-12-12,2,Cryptophyta,0.23369749,1.0237162
2022-12-13,2,Cryptophyta,0.18690802,0.3309688
2022-12-14,2,Cryptophyta,0.08117475,0.17252272
2022-12-15,2,Cryptophyta,0.12455794,0.18509787
2022-12-16,2,Cryptophyta,0.06581464,0.18090107
2022-12-17,2,Cryptophyta,0.13824038,0.22442865
2022-12-18,2,Cryptophyta,0.18520641,0.25035256
2022-12-19,2,Cryptophyta,0.12663768,0.27142036
2022-12-20,2,Cryptophyta,0.1604924,0.24708316
2022-12-21,2,Cryptophyta,0.1743573,0.22944309
2022-12-22,2,Cryptophyta,0.23126812,0.23047853
2022-12-23,2,Cryptophyta,0.1509928,0.24313062
2022-12-24,2,Cryptophyta,0.1620203,0.3383051
2022-12-25,2,Cryptophyta,0.21839248,0.2906246
2022-12-26,2,Cryptophyta,0.23416787,0.24112783
2022-12-27,2,Cryptophyta,0.21106365,0.2375065
2022-12-28,2,Cryptophyta,0.19214647,0.2824919
2022-12-29,2,Cryptophyta,0.3410203,0.29751366
2022-12-30,2,Cryptophyta,0.35081884,0.33152393
2022-12-31,2,Cryptophyta,0.49809423,0.42420235
2023-01-01,2,Cryptophyta,0.18109258,0.43143243
2023-01-02,2,Cryptophyta,0.31292963,0.49699694
2023-01-03,2,Cryptophyta,0.07629438,0.42523673
2023-01-04,2,Cryptophyta,3.205677,0.4441406
2023-01-05,2,Cryptophyta,4.054281,0.37339056
2023-01-06,2,Cryptophyta,4.902886,2.2474022
2023-01-07,2,Cryptophyta,5.75149,2.8606899
2023-01-08,2,Cryptophyta,6.600094,3.0140107
2023-01-09,2,Cryptophyta,6.476336,3.178385
2023-01-10,2,Cryptophyta,6.3525777,3.1490383
2023-01-11,2,Cryptophyta,7.391216,2.978892
2023-01-12,2,Cryptophyta,6.5247107,2.9778967
2023-01-13,2,Cryptophyta,6.205655,3.0242987
2023-01-14,2,Cryptophyta,5.886599,2.91095
2023-01-15,2,Cryptophyta,3.070391,2.8992662
2023-01-16,2,Cryptophyta,3.2330124,2.819637
2023-01-17,2,Cryptophyta,3.5090666,2.381532
2023-01-18,2,Cryptophyta,1.8202682,2.3712983
2023-01-19,2,Cryptophyta,1.4881377,2.6500242
2023-01-20,2,Cryptophyta,1.890601,1.8405205
2023-01-21,2,Cryptophyta,2.4779377,1.5839663
2023-01-22,2,Cryptophyta,5.5649133,2.1178098
2023-01-23,2,Cryptophyta,6.253169,2.3063674
2023-01-24,2,Cryptophyta,2.7285879,2.9416738
2023-01-25,2,Cryptophyta,3.2420566,2.9124637
2023-01-26,2,Cryptophyta,3.3563943,2.2218676
2023-01-27,2,Cryptophyta,3.5607386,2.4241571
2023-01-28,2,Cryptophyta,2.948197,2.5421605
2023-01-29,2,Cryptophyta,2.329044,2.612209
2023-01-30,2,Cryptophyta,1.9131858,2.3313775
2023-01-31,2,Cryptophyta,4.070152,2.2080486
2023-02-01,2,Cryptophyta,5.226647,1.9870683
2023-02-02,2,Cryptophyta,7.453282,2.7636642
2023-02-03,2,Cryptophyta,4.521753,2.8832414
2023-02-04,2,Cryptophyta,4.6141877,2.943698
2023-02-05,2,Cryptophyta,4.706622,2.5200477
2023-02-06,2,Cryptophyta,4.7990575,2.7026591
2023-02-07,2,Cryptophyta,6.802565,2.7015097
2023-02-08,2,Cryptophyta,5.860838,2.7432053
2023-02-09,2,Cryptophyta,4.919111,2.9395797
2023-02-10,2,Cryptophyta,4.0689564,2.8332782
2023-02-11,2,Cryptophyta,5.0742173,2.7679167
2023-02-12,2,Cryptophyta,3.9877925,2.1988275
2023-02-13,2,Cryptophyta,3.0906606,2.4889174
2023-02-14,2,Cryptophyta,4.7804313,2.2920911
2023-02-15,2,Cryptophyta,3.154463,2.1447244
2023-02-16,2,Cryptophyta,2.5376039,2.2871695
2023-02-17,2,Cryptophyta,2.6187308,1.9824278
2023-02-18,2,Cryptophyta,3.3592136,1.7662007
2023-02-19,2,Cryptophyta,2.9372036,1.8391699
2023-02-20,2,Cryptophyta,2.8396633,2.2323666
2023-02-21,2,Cryptophyta,2.0213537,2.204193
2023-02-22,2,Cryptophyta,1.5460931,2.1726675
2023-02-23,2,Cryptophyta,3.0472844,1.9429843
2023-02-24,2,Cryptophyta,2.540876,1.6811165
2023-02-25,2,Cryptophyta,1.6696993,2.2613356
2023-02-26,2,Cryptophyta,1.8506247,2.121499
2023-02-27,2,Cryptophyta,2.4273033,1.6259092
2023-02-28,2,Cryptophyta,4.0576186,1.6417012
2023-03-01,2,Cryptophyta,3.1774063,1.8969144
2023-03-02,2,Cryptophyta,1.9276384,2.4525838
2023-03-03,2,Cryptophyta,1.4349824,2.2566113
2023-03-04,2,Cryptophyta,1.4693632,1.8852981
2023-03-05,2,Cryptophyta,1.3964868,1.4887649
2023-03-06,2,Cryptophyta,1.3642833,1.538445
2023-03-07,2,Cryptophyta,2.018636,1.5235463
2023-03-08,2,Cryptophyta,2.042899,1.4191855
2023-03-09,2,Cryptophyta,1.9240745,1.8448284
2023-03-10,2,Cryptophyta,1.8107322,1.8935844
2023-03-11,2,Cryptophyta,1.7866005,1.8218365
2023-03-12,2,Cryptophyta,1.9636885,1.7904199
2023-03-13,2,Cryptophyta,1.6649137,1.8818469
2023-03-14,2,Cryptophyta,1.6280838,2.0367079
2023-03-15,2,Cryptophyta,1.6098557,1.8207108
2023-03-16,2,Cryptophyta,1.5768707,1.8327658
2023-03-17,2,Cryptophyta,2.1391935,1.9096981
2023-03-18,2,Cryptophyta,2.3038106,1.9542079
2023-03-19,2,Cryptophyta,1.9287786,2.1198199
2023-03-20,2,Cryptophyta,1.5824027,2.211896
2023-03-21,2,Cryptophyta,1.5820714,1.9878435
2023-03-22,2,Cryptophyta,1.3658339,1.9106771
2023-03-23,2,Cryptophyta,2.0884864,1.760457
2023-03-24,2,Cryptophyta,3.786341,1.8133172
2023-03-25,2,Cryptophyta,2.1906228,2.5949562
2023-03-26,2,Cryptophyta,2.1829119,2.7938824
2023-03-27,2,Cryptophyta,2.6158876,1.4526278
2023-03-28,2,Cryptophyta,2.740476,1.588106
2023-03-29,2,Cryptophyta,2.5346584,1.8135108
2023-03-30,2,Cryptophyta,2.3052733,2.1815588
2023-03-31,2,Cryptophyta,2.1105404,1.87802
2023-04-01,2,Cryptophyta,1.7814717,1.8314874
2023-04-02,2,Cryptophyta,1.6399796,1.9291351
2023-04-03,2,Cryptophyta,1.7084769,1.7940648
2023-04-04,2,Cryptophyta,1.6054392,1.861375
2023-04-05,2,Cryptophyta,1.1882055,1.9504412
2023-04-06,2,Cryptophyta,0.2286157,1.5131323
2023-04-07,2,Cryptophyta,1.8078315,1.3442024
2023-04-08,2,Cryptophyta,2.489018,0.77422976
2023-04-09,2,Cryptophyta,2.4789941,1.3716587
2023-04-10,2,Cryptophyta,2.4197881,1.9484553
2023-04-11,2,Cryptophyta,2.1295638,1.8466833
2023-04-12,2,Cryptophyta,1.8207544,1.9904668
2023-04-13,2,Cryptophyta,1.8472507,1.9700763
2023-04-14,2,Cryptophyta,2.0092578,1.9274428
2023-04-15,2,Cryptophyta,2.939332,1.7662774
2023-04-16,2,Cryptophyta,3.1336887,1.940166
2023-04-17,2,Cryptophyta,5.1471896,2.5163503
2023-04-18,2,Cryptophyta,5.275001,2.5191207
2023-04-19,2,Cryptophyta,3.3519037,2.993162
2023-04-20,2,Cryptophyta,2.5430167,2.836499
2023-04-21,2,Cryptophyta,2.4620326,2.36408
2023-04-22,2,Cryptophyta,2.2683303,2.2487695
2023-04-23,2,Cryptophyta,2.4192183,2.4051163
2023-04-24,2,Cryptophyta,2.5424767,2.1503596
2023-04-25,2,Cryptophyta,3.0996997,2.0217113
2023-04-26,2,Cryptophyta,2.0676734,1.9920164
2023-04-27,2,Cryptophyta,1.418416,2.5530508
2023-04-28,2,Cryptophyta,3.1601994,2.1722794
2023-04-29,2,Cryptophyta,8.067172,1.6603264
2023-04-30,2,Cryptophyta,5.9201818,2.647292
2023-05-01,2,Cryptophyta,3.7731922,3.2374516
2023-05-02,2,Cryptophyta,5.453592,2.9901464
2023-05-03,2,Cryptophyta,3.5497632,2.6183472
2023-05-04,2,Cryptophyta,4.6637454,3.1515956
2023-05-05,2,Cryptophyta,7.1205983,2.8847263
2023-05-06,2,Cryptophyta,4.6055446,2.9556205
2023-05-07,2,Cryptophyta,1.0466392,3.0550659
2023-05-08,2,Cryptophyta,0.8512937,2.9575615
2023-05-09,2,Cryptophyta,1.2092457,1.6558658
2023-05-10,2,Cryptophyta,0.48372468,1.061049
2023-05-11,2,Cryptophyta,0.27442262,1.5245066
2023-05-12,2,Cryptophyta,0.54694,0.7919086
2023-05-13,2,Cryptophyta,1.3488332,0.5773104
2023-05-14,2,Cryptophyta,1.972228,0.60299796
2023-05-15,2,Cryptophyta,1.8265859,0.9061215
2023-05-16,2,Cryptophyta,1.8002838,1.8401636
2023-05-17,2,Cryptophyta,1.6562451,1.9394227
2023-05-18,2,Cryptophyta,2.0616684,1.8381952
2023-05-19,2,Cryptophyta,1.6782538,1.8633273
2023-05-20,2,Cryptophyta,1.5077107,2.0496964
2023-05-21,2,Cryptophyta,1.4706587,1.8342239
2023-05-22,2,Cryptophyta,1.3920453,1.4079974
2023-05-23,2,Cryptophyta,1.6479505,1.592051
2023-05-24,2,Cryptophyta,1.9610981,1.6874971
2023-05-25,2,Cryptophyta,1.7397623,1.8381239
2023-05-26,2,Cryptophyta,1.7409996,1.787161
2023-05-27,2,Cryptophyta,2.1646082,1.5391358
2023-05-28,2,Cryptophyta,2.4318943,1.5020024
2023-05-29,2,Cryptophyta,2.874541,2.0364957
2023-05-30,2,Cryptophyta,2.9939795,2.4774475
2023-05-31,2,Cryptophyta,4.768519,2.6557753
2023-06-01,2,Cryptophyta,5.5222354,2.6314304
2023-06-02,2,Cryptophyta,3.4842105,3.0647418
2023-06-03,2,Cryptophyta,5.0643554,2.9599247
2023-06-04,2,Cryptophyta,4.144578,2.3693125
2023-06-05,2,Cryptophyta,2.5872154,2.53604
2023-06-06,2,Cryptophyta,3.6343513,2.533488
2023-06-07,2,Cryptophyta,3.7011142,1.8903375
2023-06-08,2,Cryptophyta,2.9802804,2.3512664
2023-06-09,2,Cryptophyta,2.7695792,2.374876
2023-06-10,2,Cryptophyta,1.9076351,2.015233
2023-06-11,2,Cryptophyta,1.9823658,1.9532757
2023-06-12,2,Cryptophyta,2.399869,1.2860775
2023-06-13,2,Cryptophyta,3.1885514,1.322976
2023-06-14,2,Cryptophyta,4.228957,1.5983897
2023-06-15,2,Cryptophyta,3.2900848,1.9598285
2023-06-16,2,Cryptophyta,1.8680872,1.9549265
2023-06-17,2,Cryptophyta,2.042923,1.9542927
2023-06-18,2,Cryptophyta,2.1622174,1.0759721
2023-06-19,2,Cryptophyta,1.5457335,1.0617046
2023-06-20,2,Cryptophyta,1.8699645,1.3296449
2023-06-21,2,Cryptophyta,3.3475523,0.9798263
2023-06-22,2,Cryptophyta,4.0936656,1.487547
2023-06-23,2,Cryptophyta,5.212351,2.303302
2023-06-24,2,Cryptophyta,6.072758,2.4997725
2023-06-25,2,Cryptophyta,5.693322,2.4493299
2023-06-26,2,Cryptophyta,5.938072,2.629042
2023-06-27,2,Cryptophyta,6.255651,2.5834093
2023-06-28,2,Cryptophyta,6.574,2.3453462
2023-06-29,2,Cryptophyta,7.6921687,2.7250779
2023-06-30,2,Cryptophyta,9.32456,3.2681222
2023-07-01,2,Cryptophyta,6.118696,3.5649152
2023-07-02,2,Cryptophyta,5.874047,3.624778
2023-07-03,2,Cryptophyta,6.4657016,3.789888
2023-07-04,2,Cryptophyta,9.029866,3.6441588
2023-07-05,2,Cryptophyta,9.039206,3.9125955
2023-07-06,2,Cryptophyta,9.048546,4.1657515
2023-07-07,2,Cryptophyta,8.390148,4.131001
2023-07-08,2,Cryptophyta,8.070246,4.2003293
2023-07-09,2,Cryptophyta,9.251422,4.1933312
2023-07-10,2,Cryptophyta,7.703793,4.149122
2023-07-11,2,Cryptophyta,5.677761,4.105213
2023-07-12,2,Cryptophyta,4.203484,2.8514671
2023-07-13,2,Cryptophyta,3.7054465,3.8121963
2023-07-14,2,Cryptophyta,2.8924713,3.0741615
2023-07-15,2,Cryptophyta,2.5350773,3.0072124
2023-07-16,2,Cryptophyta,2.1989539,2.9539154
2023-07-17,2,Cryptophyta,2.3571,2.6419723
2023-07-18,2,Cryptophyta,2.2635317,2.3323216
2023-07-19,2,Cryptophyta,2.2437925,2.7665093
2023-07-20,2,Cryptophyta,2.896344,2.6877296
2023-07-21,2,Cryptophyta,6.2929935,2.7512922
2023-07-22,2,Cryptophyta,6.738102,3.0082426
2023-07-23,2,Cryptophyta,7.183211,3.6143713
2023-07-24,2,Cryptophyta,7.685931,3.7154882
2023-07-25,2,Cryptophyta,8.0122,3.4509978
2023-07-26,2,Cryptophyta,9.50315,3.8144848
2023-07-27,2,Cryptophyta,6.242461,3.8215134
2023-07-28,2,Cryptophyta,3.7934585,3.8741148
2023-07-29,2,Cryptophyta,3.7060483,3.0005403
2023-07-30,2,Cryptophyta,4.798678,3.006836
2023-07-31,2,Cryptophyta,5.312769,3.0088205
2023-08-01,2,Cryptophyta,4.807978,3.3911428
2023-08-02,2,Cryptophyta,5.1036863,3.3232274
2023-08-03,2,Cryptophyta,7.267846,3.4314058
2023-08-04,2,Cryptophyta,6.624954,3.414995
2023-08-05,2,Cryptophyta,9.552635,3.6168158
2023-08-06,2,Cryptophyta,9.511289,3.4587092
2023-08-07,2,Cryptophyta,9.469944,3.7226315
2023-08-08,2,Cryptophyta,9.428597,3.7352154
2023-08-09,2,Cryptophyta,7.984899,3.621781
2023-08-10,2,Cryptophyta,6.058531,3.5132465
2023-08-11,2,Cryptophyta,5.654987,3.642873
2023-08-12,2,Cryptophyta,5.1433764,3.4797418
2023-08-13,2,Cryptophyta,6.11593,3.86395
2023-08-14,2,Cryptophyta,8.257987,3.754806
2023-08-15,2,Cryptophyta,7.4124427,3.840579
2023-08-16,2,Cryptophyta,6.184389,3.8875651
2023-08-17,2,Cryptophyta,2.5512493,3.9189544
2023-08-18,2,Cryptophyta,3.1742585,3.5887034
2023-08-19,2,Cryptophyta,3.7459614,2.2154813
2023-08-20,2,Cryptophyta,2.7918842,2.144045
2023-08-21,2,Cryptophyta,2.5527868,2.5130086
2023-08-22,2,Cryptophyta,2.5006547,2.6334584
2023-08-23,2,Cryptophyta,2.5931542,2.3581455
2023-08-24,2,Cryptophyta,2.4038517,2.1307814
2023-08-25,2,Cryptophyta,2.12962,2.1440866
2023-08-26,2,Cryptophyta,2.6475,2.470359
2023-08-27,2,Cryptophyta,2.5876358,1.7795792
2023-08-28,2,Cryptophyta,2.6450179,2.2438526
2023-08-29,2,Cryptophyta,3.403212,2.332084
2023-08-30,2,Cryptophyta,2.8871322,2.34254
2023-08-31,2,Cryptophyta,2.8458216,2.387343
2023-09-01,2,Cryptophyta,2.9603746,2.4716327
2023-09-02,2,Cryptophyta,2.9794774,2.2317271
2023-09-03,2,Cryptophyta,2.8369246,2.2053688
2023-09-04,2,Cryptophyta,2.7218082,2.416397
2023-09-05,2,Cryptophyta,2.112845,2.2717576
2023-09-06,2,Cryptophyta,0.04749515,2.3697762
2023-09-07,2,Cryptophyta,0.26601022,1.767746
2023-09-08,2,Cryptophyta,2.5536625,0.7672779
2023-09-09,2,Cryptophyta,2.6093724,0.6660613
2023-09-10,2,Cryptophyta,2.316723,1.8950523
2023-09-11,2,Cryptophyta,1.9911342,2.439496
2023-09-12,2,Cryptophyta,1.7458469,2.1252534
2023-09-13,2,Cryptophyta,1.8351148,2.0677981
2023-09-14,2,Cryptophyta,2.1095014,1.8814015
2023-09-15,2,Cryptophyta,2.5304284,2.0424285
2023-09-16,2,Cryptophyta,2.2723098,1.9557756
2023-09-17,2,Cryptophyta,1.7500002,2.7076735
2023-09-18,2,Cryptophyta,2.5075011,1.9807404
2023-09-19,2,Cryptophyta,3.096033,1.5056659
2023-09-20,2,Cryptophyta,4.1011615,2.2200792
2023-09-21,2,Cryptophyta,4.6832166,2.6169455
2023-09-22,2,Cryptophyta,3.7967741,2.9280205
2023-09-23,2,Cryptophyta,4.1924467,3.057353
2023-09-24,2,Cryptophyta,4.0289173,2.7654943
2023-09-25,2,Cryptophyta,2.756178,2.963912
2023-09-26,2,Cryptophyta,4.132515,3.0085075
2023-09-27,2,Cryptophyta,3.435256,2.5019827
2023-09-28,2,Cryptophyta,3.4994173,2.8120854
2023-09-29,2,Cryptophyta,3.4379761,2.8935838
2023-09-30,2,Cryptophyta,3.7087204,2.6731172
2023-10-01,2,Cryptophyta,3.5299013,3.5025315
2023-10-02,2,Cryptophyta,2.4059725,2.665832
2023-10-03,2,Cryptophyta,2.6663723,2.523687
2023-10-04,2,Cryptophyta,2.8094635,2.5112674
2023-10-05,2,Cryptophyta,2.406531,2.1802983
2023-10-06,2,Cryptophyta,2.0393844,1.9825896
2023-10-07,2,Cryptophyta,1.8184012,1.9127959
2023-10-08,2,Cryptophyta,1.8670961,1.8592837
2023-10-09,2,Cryptophyta,2.1665063,1.8717504
2023-10-10,2,Cryptophyta,2.4892564,1.9364091
2023-10-11,2,Cryptophyta,2.2086902,2.2215824
2023-10-12,2,Cryptophyta,1.6117432,2.1573324
2023-10-13,2,Cryptophyta,3.1600454,2.187623
2023-10-14,2,Cryptophyta,5.4156017,1.9730784
2023-10-15,2,Cryptophyta,5.559093,2.7543087
2023-10-16,2,Cryptophyta,2.1519644,3.2114336
2023-10-17,2,Cryptophyta,2.2487733,3.0463326
2023-10-18,2,Cryptophyta,4.1400843,2.525493
2023-10-19,2,Cryptophyta,3.5796912,2.3444345
2023-10-20,2,Cryptophyta,4.094905,3.0861392
2023-10-21,2,Cryptophyta,2.643748,2.7693362
2023-10-22,2,Cryptophyta,3.6341314,2.9286764
2023-10-23,2,Cryptophyta,2.7132502,2.251207
2023-10-24,2,Cryptophyta,4.40684,2.7677095
2023-10-25,2,Cryptophyta,6.3353786,2.334582
2023-10-26,2,Cryptophyta,5.0694957,2.7828026
2023-10-27,2,Cryptophyta,4.7068067,3.152134
2023-10-28,2,Cryptophyta,2.4397392,3.099666
2023-10-29,2,Cryptophyta,2.5866666,2.9892242
2023-10-30,2,Cryptophyta,2.3783805,2.3280642
2023-10-31,2,Cryptophyta,3.3042376,2.4558005
2023-11-01,2,Cryptophyta,3.6788993,2.6974587
2023-11-02,2,Cryptophyta,2.9372442,3.022984
2023-11-03,2,Cryptophyta,4.0153823,3.1112597
2023-11-04,2,Cryptophyta,2.9691207,2.9688492
2023-11-05,2,Cryptophyta,4.6212864,3.4283683
2023-11-06,2,Cryptophyta,5.682647,1.9549428
2023-11-07,2,Cryptophyta,4.430414,2.3120303
2023-11-08,2,Cryptophyta,2.5491812,2.787944
2023-11-09,2,Cryptophyta,2.577175,2.5066695
2023-11-10,2,Cryptophyta,2.1634166,2.1109486
2023-11-11,2,Cryptophyta,1.5053525,2.0436275
2023-11-12,2,Cryptophyta,1.0600724,1.482659
2023-11-13,2,Cryptophyta,1.2939341,1.9260174
2023-11-14,2,Cryptophyta,1.9473946,1.4995494
2023-11-15,2,Cryptophyta,1.9738972,1.5354618
2023-11-16,2,Cryptophyta,1.8247457,1.9692161
2023-11-17,2,Cryptophyta,1.657275,2.169031
2023-11-18,2,Cryptophyta,1.5474409,2.0982137
2023-11-19,2,Cryptophyta,1.0971582,1.9952533
2023-11-20,2,Cryptophyta,1.2624784,1.8487227
2023-11-21,2,Cryptophyta,0.9482711,1.582591
2023-11-22,2,Cryptophyta,1.8767328,1.5479264
2023-11-23,2,Cryptophyta,6.3925285,1.1707771
2023-11-24,2,Cryptophyta,4.2654333,1.5380939
2023-11-25,2,Cryptophyta,2.7321594,3.4090824
2023-11-26,2,Cryptophyta,1.7029,3.3201005
2023-11-27,2,Cryptophyta,1.9832858,2.625126
2023-11-28,2,Cryptophyta,3.521314,2.0284393
2023-11-29,2,Cryptophyta,2.7741783,2.2319925
2023-11-30,2,Cryptophyta,6.872362,3.0892606
2023-12-01,2,Cryptophyta,3.9785435,3.0072541
2023-12-02,2,Cryptophyta,3.0168524,3.5073256
2023-12-03,2,Cryptophyta,3.5640304,2.8256478
2023-12-04,2,Cryptophyta,2.9545367,2.3711255
2023-12-05,2,Cryptophyta,5.5100183,2.8596184
2023-12-06,2,Cryptophyta,6.003167,2.751279
2023-12-07,2,Cryptophyta,3.810038,3.1192203
2023-12-08,2,Cryptophyta,2.5102015,3.1014109
2023-12-09,2,Cryptophyta,3.9716225,2.562044
2023-12-10,2,Cryptophyta,3.3053324,2.038118
2023-12-11,2,Cryptophyta,4.866557,2.553882
2023-12-12,2,Cryptophyta,6.099259,2.291117
2023-12-13,2,Cryptophyta,5.3320804,2.740476
2023-12-14,2,Cryptophyta,6.7810683,2.8760679
2023-12-15,2,Cryptophyta,6.163149,2.7482555
2023-12-16,2,Cryptophyta,5.54523,2.8508039
2023-12-17,2,Cryptophyta,3.1431665,2.8986979
2023-12-18,2,Cryptophyta,3.3976405,2.8988242
2023-12-19,2,Cryptophyta,4.9305954,2.3205504
2023-12-20,2,Cryptophyta,3.6816366,2.2842283
2023-12-21,2,Cryptophyta,3.0250509,2.6396658
2023-12-22,2,Cryptophyta,3.5993946,2.3663046
2023-12-23,2,Cryptophyta,3.5110064,2.2139084
2023-12-24,2,Cryptophyta,3.3612518,2.5998588
2023-12-25,2,Cryptophyta,4.143041,2.6041765
2023-12-26,2,Cryptophyta,8.3693905,2.4929924
2023-12-27,2,Cryptophyta,7.794155,2.5718954
2023-12-28,2,Cryptophyta,7.2189183,3.0170283
2020-10-30,3,Cryptophyta,6.4135556,1.2869391
2020-10-31,3,Cryptophyta,2.063502,1.9947852
2020-11-01,3,Cryptophyta,2.9815042,2.4846096
2020-11-02,3,Cryptophyta,2.4898262,2.5609922
2020-11-03,3,Cryptophyta,1.4050977,1.485342
2020-11-04,3,Cryptophyta,1.058533,1.9786859
2020-11-05,3,Cryptophyta,0.4326792,1.8884572
2020-11-06,3,Cryptophyta,2.0832295,1.0564111
2020-11-07,3,Cryptophyta,4.693758,0.8338322
2020-11-08,3,Cryptophyta,1.0451305,0.5484665
2020-11-09,3,Cryptophyta,0.93248004,1.4710565
2020-11-10,3,Cryptophyta,0.7796366,2.471404
2020-11-11,3,Cryptophyta,0.9081858,0.940585
2020-11-12,3,Cryptophyta,0.9168905,0.71921927
2020-11-13,3,Cryptophyta,1.4211985,0.70626426
2020-11-14,3,Cryptophyta,2.0446377,0.81562227
2020-11-15,3,Cryptophyta,1.2189211,0.8247898
2020-11-16,3,Cryptophyta,2.869199,1.2006724
2020-11-17,3,Cryptophyta,2.9393878,1.7054585
2020-11-18,3,Cryptophyta,2.1355057,1.257146
2020-11-19,3,Cryptophyta,5.508126,2.2001686
2020-11-20,3,Cryptophyta,2.4160047,2.1711931
2020-11-21,3,Cryptophyta,3.1686294,1.8705758
2020-11-22,3,Cryptophyta,2.8650892,2.457173
2020-11-23,3,Cryptophyta,1.2395797,1.8916365
2020-11-24,3,Cryptophyta,1.531438,2.129266
2020-11-25,3,Cryptophyta,1.414658,2.1453383
2020-11-26,3,Cryptophyta,4.4915557,1.198125
2020-11-27,3,Cryptophyta,1.921042,1.3891976
2020-11-28,3,Cryptophyta,1.37678,1.2580305
2020-11-29,3,Cryptophyta,1.6549928,2.544065
2020-11-30,3,Cryptophyta,0.13129526,1.8791175
2020-12-01,3,Cryptophyta,0.28309917,1.2875532
2020-12-02,3,Cryptophyta,0.8165774,1.7451291
2020-12-03,3,Cryptophyta,0.39298117,0.58562005
2020-12-04,3,Cryptophyta,0.7697974,0.48706725
2020-12-05,3,Cryptophyta,0.27719247,0.83276206
2020-12-06,3,Cryptophyta,0.2930608,0.64320767
2020-12-07,3,Cryptophyta,0.45009413,0.7951432
2020-12-08,3,Cryptophyta,0.70262855,0.5503244
2020-12-09,3,Cryptophyta,1.2964157,0.57200855
2020-12-10,3,Cryptophyta,0.8849384,0.6326618
2020-12-11,3,Cryptophyta,0.4182911,0.90938234
2020-12-12,3,Cryptophyta,1.2485663,1.7072717
2020-12-13,3,Cryptophyta,4.7039027,1.1787686
2020-12-14,3,Cryptophyta,0.6753835,0.6858348
2020-12-15,3,Cryptophyta,0.16052096,1.5638392
2020-12-16,3,Cryptophyta,0.20374095,2.5754786
2020-12-17,3,Cryptophyta,0.33086172,0.850589
2020-12-18,3,Cryptophyta,0.36293116,0.4640158
2020-12-19,3,Cryptophyta,0.6879812,0.45185503
2020-12-20,3,Cryptophyta,1.0289001,0.6535011
2020-12-21,3,Cryptophyta,1.52769,0.6857966
2020-12-22,3,Cryptophyta,1.4272194,0.8640111
2020-12-23,3,Cryptophyta,3.3130145,1.4243066
2020-12-24,3,Cryptophyta,2.4671543,1.6836704
2020-12-25,3,Cryptophyta,1.2202317,1.509998
2020-12-26,3,Cryptophyta,1.075974,2.184118
2020-12-27,3,Cryptophyta,1.2043954,1.9924735
2020-12-28,3,Cryptophyta,5.7440696,1.34327
2020-12-29,3,Cryptophyta,5.131,1.182358
2020-12-30,3,Cryptophyta,4.5179305,1.5660764
2020-12-31,3,Cryptophyta,5.8423734,2.6279063
2021-01-01,3,Cryptophyta,2.6449928,2.5106874
2021-01-02,3,Cryptophyta,1.2774583,2.410558
2021-01-03,3,Cryptophyta,1.0863966,2.6125987
2021-01-04,3,Cryptophyta,1.0671253,1.7604253
2021-01-05,3,Cryptophyta,0.94905144,0.9273997
2021-01-06,3,Cryptophyta,1.8335047,0.878843
2021-01-07,3,Cryptophyta,3.0565534,1.0181532
2021-01-08,3,Cryptophyta,1.30677,0.9662866
2021-01-09,3,Cryptophyta,0.993589,1.8588307
2021-01-10,3,Cryptophyta,0.8233068,2.353219
2021-01-11,3,Cryptophyta,1.050239,1.2971417
2021-01-12,3,Cryptophyta,2.0137553,0.97553456
2021-01-13,3,Cryptophyta,2.547916,0.84591585
2021-01-14,3,Cryptophyta,2.8340523,1.1658369
2021-01-15,3,Cryptophyta,2.6274946,1.9295156
2021-01-16,3,Cryptophyta,3.0504706,2.1463428
2021-01-17,3,Cryptophyta,3.0277352,2.1881611
2021-01-18,3,Cryptophyta,2.7913675,2.1299427
2021-01-19,3,Cryptophyta,2.3570838,2.2895505
2021-01-20,3,Cryptophyta,3.5750723,2.366797
2021-01-21,3,Cryptophyta,4.109334,2.2206283
2021-01-22,3,Cryptophyta,3.7022157,2.1105833
2021-01-23,3,Cryptophyta,4.783394,2.4306421
2021-01-24,3,Cryptophyta,2.2128148,2.5333014
2021-01-25,3,Cryptophyta,3.627907,2.3564749
2021-01-26,3,Cryptophyta,3.7955356,2.5470045
2021-01-27,3,Cryptophyta,5.924356,1.6391076
2021-01-28,3,Cryptophyta,3.6009696,2.1826653
2021-01-29,3,Cryptophyta,4.706469,2.3581026
2021-01-30,3,Cryptophyta,5.1016426,2.5616539
2021-01-31,3,Cryptophyta,3.963237,2.1320875
2021-02-01,3,Cryptophyta,3.4826646,2.4084044
2021-02-02,3,Cryptophyta,3.2203693,2.4916089
2021-02-03,3,Cryptophyta,2.5164735,2.3130026
2021-02-04,3,Cryptophyta,3.3825343,2.1919825
2021-02-05,3,Cryptophyta,3.3017147,2.251737
2021-02-06,3,Cryptophyta,2.9269514,1.876814
2021-02-07,3,Cryptophyta,2.3131208,2.191255
2021-02-08,3,Cryptophyta,1.9849964,2.3340588
2021-02-09,3,Cryptophyta,3.425029,2.128025
2021-02-10,3,Cryptophyta,5.069283,1.9595137
2021-02-11,3,Cryptophyta,3.250572,1.8248235
2021-02-12,3,Cryptophyta,2.8851557,2.3510618
2021-02-13,3,Cryptophyta,6.569689,2.601283
2021-02-14,3,Cryptophyta,5.033589,2.1511552
2021-02-15,3,Cryptophyta,3.6312373,2.1116512
2021-02-16,3,Cryptophyta,4.1591535,2.8070326
2021-02-17,3,Cryptophyta,3.4927206,2.6681828
2021-02-18,3,Cryptophyta,2.1676483,2.3717937
2021-02-19,3,Cryptophyta,2.7191303,2.617118
2021-02-20,3,Cryptophyta,2.3670385,2.4465873
2021-02-21,3,Cryptophyta,2.7633286,2.1073873
2021-02-22,3,Cryptophyta,2.4508183,2.217736
2021-02-23,3,Cryptophyta,2.3480086,1.9845146
2021-02-24,3,Cryptophyta,1.872853,2.3279786
2021-02-25,3,Cryptophyta,3.0860362,2.1309497
2021-02-26,3,Cryptophyta,3.569427,1.9792982
2021-02-27,3,Cryptophyta,3.2749453,1.890567
2021-02-28,3,Cryptophyta,2.9949775,2.2613456
2021-03-01,3,Cryptophyta,1.9386367,2.4480255
2021-03-02,3,Cryptophyta,2.0704148,2.2914762
2021-03-03,3,Cryptophyta,3.985123,2.1339054
2021-03-04,3,Cryptophyta,2.5256224,1.717464
2021-03-05,3,Cryptophyta,0.966932,1.6712276
2021-03-06,3,Cryptophyta,0.52926195,2.4505203
2021-03-07,3,Cryptophyta,0.5995007,1.89288
2021-03-08,3,Cryptophyta,0.46934107,0.8486796
2021-03-09,3,Cryptophyta,0.53188133,0.5274098
2021-03-10,3,Cryptophyta,0.67051375,0.5638344
2021-03-11,3,Cryptophyta,1.7803546,0.5476347
2021-03-12,3,Cryptophyta,2.5919247,0.60974264
2021-03-13,3,Cryptophyta,6.490051,0.8078145
2021-03-14,3,Cryptophyta,3.7538712,1.9303964
2021-03-15,3,Cryptophyta,3.1785095,2.3530395
2021-03-16,3,Cryptophyta,2.4393127,2.6489472
2021-03-17,3,Cryptophyta,1.4057163,2.2119026
2021-03-18,3,Cryptophyta,1.2176338,2.1329696
2021-03-19,3,Cryptophyta,0.5862518,1.9401017
2021-03-20,3,Cryptophyta,0.23516648,1.4638343
2021-03-21,3,Cryptophyta,0.024312591,1.2032131
2021-03-22,3,Cryptophyta,0.20230821,0.8524053
2021-03-23,3,Cryptophyta,0.41667634,0.6539214
2021-03-24,3,Cryptophyta,0.2692962,0.41357684
2021-03-25,3,Cryptophyta,0.32939044,0.45582163
2021-03-26,3,Cryptophyta,0.32711288,0.5239559
2021-03-27,3,Cryptophyta,0.45832005,0.46036574
2021-03-28,3,Cryptophyta,0.7455974,0.47288212
2021-03-29,3,Cryptophyta,2.5559523,0.6035631
2021-03-30,3,Cryptophyta,3.8826284,0.8723179
2021-03-31,3,Cryptophyta,3.3377802,1.4075655
2021-04-01,3,Cryptophyta,1.2241564,2.3447886
2021-04-02,3,Cryptophyta,0.2549022,2.501028
2021-04-03,3,Cryptophyta,0.23659663,2.2528725
2021-04-04,3,Cryptophyta,0.053678524,1.3991468
2021-04-05,3,Cryptophyta,0.013581768,0.6934474
2021-04-06,3,Cryptophyta,0.05430536,0.6618937
2021-04-07,3,Cryptophyta,0.032896426,0.52487737
2021-04-08,3,Cryptophyta,0.05452243,0.4877805
2021-04-09,3,Cryptophyta,0.111700416,0.4853937
2021-04-10,3,Cryptophyta,0.36037627,0.4723917
2021-04-11,3,Cryptophyta,0.9309045,0.48664036
2021-04-12,3,Cryptophyta,4.4353657,0.46800226
2021-04-13,3,Cryptophyta,4.5296745,0.59241277
2021-04-14,3,Cryptophyta,4.7901015,1.1586899
2021-04-15,3,Cryptophyta,4.097689,2.4553432
2021-04-16,3,Cryptophyta,3.4052775,2.377497
2021-04-17,3,Cryptophyta,6.085865,2.3272228
2021-04-18,3,Cryptophyta,0.7100869,2.2994196
2021-04-19,3,Cryptophyta,0.6453512,2.1552694
2021-04-20,3,Cryptophyta,0.84328747,2.5386324
2021-04-21,3,Cryptophyta,1.7741998,1.0681125
2021-04-22,3,Cryptophyta,3.597625,0.9167944
2021-04-23,3,Cryptophyta,2.9359233,1.250618
2021-04-24,3,Cryptophyta,3.833693,1.952188
2021-04-25,3,Cryptophyta,4.4633455,2.4713507
2021-04-26,3,Cryptophyta,1.0418307,2.2617328
2021-04-27,3,Cryptophyta,0.21408828,2.3233285
2021-04-28,3,Cryptophyta,0.014493498,2.373163
2021-04-29,3,Cryptophyta,0.039790172,1.1355382
2021-04-30,3,Cryptophyta,0.28643999,0.63912
2021-05-01,3,Cryptophyta,2.2824168,0.4809067
2021-05-02,3,Cryptophyta,2.6909986,0.42966378
2021-05-03,3,Cryptophyta,2.769449,0.47561017
2021-05-04,3,Cryptophyta,0.42055428,1.8431867
2021-05-05,3,Cryptophyta,1.0409683,2.206166
2021-05-06,3,Cryptophyta,2.7422197,2.062169
2021-05-07,3,Cryptophyta,2.4887962,0.77764684
2021-05-08,3,Cryptophyta,4.2748013,0.9996897
2021-05-09,3,Cryptophyta,6.8061724,2.1207054
2021-05-10,3,Cryptophyta,4.8118887,2.058966
2021-05-11,3,Cryptophyta,6.5926557,2.4362535
2021-05-12,3,Cryptophyta,6.2209406,2.5660517
2021-05-13,3,Cryptophyta,5.8229237,2.302844
2021-05-14,3,Cryptophyta,1.5781838,2.49582
2021-05-15,3,Cryptophyta,1.0210347,2.4237885
2021-05-16,3,Cryptophyta,0.43799567,2.4990902
2021-05-17,3,Cryptophyta,0.6316715,1.4509369
2021-05-18,3,Cryptophyta,0.9674602,0.98563856
2021-05-19,3,Cryptophyta,0.525887,0.73734385
2021-05-20,3,Cryptophyta,1.4451882,0.8339306
2021-05-21,3,Cryptophyta,1.1084154,1.0829039
2021-05-22,3,Cryptophyta,1.0994352,0.7444653
2021-05-23,3,Cryptophyta,0.3843736,1.1966896
2021-05-24,3,Cryptophyta,1.8047323,1.1975764
2021-05-25,3,Cryptophyta,0.6530318,1.2158307
2021-05-26,3,Cryptophyta,0.57416064,0.7449594
2021-05-27,3,Cryptophyta,2.3588858,1.6530662
2021-05-28,3,Cryptophyta,3.7486877,0.92701167
2021-05-29,3,Cryptophyta,0.98348767,0.81093705
2021-05-30,3,Cryptophyta,0.11463098,1.8519106
2021-05-31,3,Cryptophyta,0.027501792,1.9898185
2021-06-01,3,Cryptophyta,0.009999991,0.8468725
2021-06-02,3,Cryptophyta,0.009999991,0.3801233
2021-06-03,3,Cryptophyta,0.009999991,0.29755634
2021-06-04,3,Cryptophyta,0.011448221,0.25806192
2021-06-05,3,Cryptophyta,0.009999991,0.23024502
2021-06-06,3,Cryptophyta,0.22102822,0.24248119
2021-06-07,3,Cryptophyta,1.2524167,0.25689194
2021-06-08,3,Cryptophyta,2.9655645,0.25249857
2021-06-09,3,Cryptophyta,0.59876263,0.37231514
2021-06-10,3,Cryptophyta,0.90918237,0.7169563
2021-06-11,3,Cryptophyta,1.1005427,1.5594878
2021-06-12,3,Cryptophyta,2.717328,0.6862941
2021-06-13,3,Cryptophyta,6.692701,0.7187731
2021-06-14,3,Cryptophyta,3.8272846,0.87407416
2021-06-15,3,Cryptophyta,5.550228,1.7255526
2021-06-16,3,Cryptophyta,7.2731714,2.2977374
2021-06-17,3,Cryptophyta,3.9749167,1.9144242
2021-06-18,3,Cryptophyta,1.4805058,2.335063
2021-06-19,3,Cryptophyta,0.7167053,2.4259267
2021-06-20,3,Cryptophyta,1.0034058,1.9060359
2021-06-21,3,Cryptophyta,0.36990592,0.89621705
2021-06-22,3,Cryptophyta,0.63429683,0.64675134
2021-06-23,3,Cryptophyta,0.8823589,0.7662927
2021-06-24,3,Cryptophyta,0.4316136,0.53220725
2021-06-25,3,Cryptophyta,1.4246527,0.5933002
2021-06-26,3,Cryptophyta,0.8443198,0.70071507
2021-06-27,3,Cryptophyta,5.683697,0.6172625
2021-06-28,3,Cryptophyta,5.1820374,1.0374777
2021-06-29,3,Cryptophyta,4.680376,0.7534491
2021-06-30,3,Cryptophyta,2.233973,2.163968
2021-07-01,3,Cryptophyta,2.7452605,2.0673957
2021-07-02,3,Cryptophyta,3.114732,1.9315233
2021-07-03,3,Cryptophyta,4.5960784,1.3134168
2021-07-04,3,Cryptophyta,1.1919392,1.9131175
2021-07-05,3,Cryptophyta,2.188618,2.0723372
2021-07-06,3,Cryptophyta,0.89488775,2.2334673
2021-07-07,3,Cryptophyta,1.1724837,1.0797963
2021-07-08,3,Cryptophyta,2.041239,1.5913948
2021-07-09,3,Cryptophyta,0.09234785,0.96231735
2021-07-10,3,Cryptophyta,0.11277334,1.0337162
2021-07-11,3,Cryptophyta,0.11111517,1.7820187
2021-07-12,3,Cryptophyta,0.19445011,0.6361193
2021-07-13,3,Cryptophyta,0.14789437,0.5288724
2021-07-14,3,Cryptophyta,2.0088196,0.58608156
2021-07-15,3,Cryptophyta,3.3283792,0.7151216
2021-07-16,3,Cryptophyta,2.9782705,0.62880385
2021-07-17,3,Cryptophyta,3.991751,1.8812774
2021-07-18,3,Cryptophyta,2.4407308,2.2828956
2021-07-19,3,Cryptophyta,1.8509196,1.9628499
2021-07-20,3,Cryptophyta,0.30619845,2.239393
2021-07-21,3,Cryptophyta,0.5183273,1.8436487
2021-07-22,3,Cryptophyta,0.29636496,1.2120521
2021-07-23,3,Cryptophyta,2.2086678,0.56388474
2021-07-24,3,Cryptophyta,2.187364,0.5057896
2021-07-25,3,Cryptophyta,2.1352136,0.52999395
2021-07-26,3,Cryptophyta,1.2728292,1.8293016
2021-07-27,3,Cryptophyta,0.7636324,1.8382832
2021-07-28,3,Cryptophyta,0.08968883,1.6274109
2021-07-29,3,Cryptophyta,0.35649782,0.97037977
2021-07-30,3,Cryptophyta,0.28621292,0.74256736
2021-07-31,3,Cryptophyta,0.8985962,0.42533576
2021-08-01,3,Cryptophyta,1.3469175,0.5324701
2021-08-02,3,Cryptophyta,1.7300363,0.6407525
2021-08-03,3,Cryptophyta,0.32100654,0.8600431
2021-08-04,3,Cryptophyta,0.14803037,1.1175958
2021-08-05,3,Cryptophyta,0.009999991,0.9797765
2021-08-06,3,Cryptophyta,0.009999991,0.48589924
2021-08-07,3,Cryptophyta,0.009999991,0.30891716
2021-08-08,3,Cryptophyta,0.009999991,0.22594877
2021-08-09,3,Cryptophyta,0.23199858,0.19897328
2021-08-10,3,Cryptophyta,0.034522396,0.21393459
2021-08-11,3,Cryptophyta,0.045955125,0.2412183
2021-08-12,3,Cryptophyta,0.33081767,0.33096123
2021-08-13,3,Cryptophyta,0.2818487,0.28724003
2021-08-14,3,Cryptophyta,3.3812597,0.30961394
2021-08-15,3,Cryptophyta,4.7306323,0.44953567
2021-08-16,3,Cryptophyta,1.2108259,0.3949719
2021-08-17,3,Cryptophyta,0.8421241,1.7261935
2021-08-18,3,Cryptophyta,3.8678281,2.2913773
2021-08-19,3,Cryptophyta,6.1408067,1.0315742
2021-08-20,3,Cryptophyta,4.1655927,0.6521098
2021-08-21,3,Cryptophyta,1.9573146,1.9435626
2021-08-22,3,Cryptophyta,6.7205424,2.4594746
2021-08-23,3,Cryptophyta,6.412621,2.1374228
2021-08-24,3,Cryptophyta,4.911873,1.2772034
2021-08-25,3,Cryptophyta,5.530123,2.2507095
2021-08-26,3,Cryptophyta,4.9580812,2.3386326
2021-08-27,3,Cryptophyta,3.6376522,2.1501203
2021-08-28,3,Cryptophyta,2.0945258,2.1623487
2021-08-29,3,Cryptophyta,1.1689283,1.9651636
2021-08-30,3,Cryptophyta,0.895105,1.7918802
2021-08-31,3,Cryptophyta,0.98863244,1.1004031
2021-09-01,3,Cryptophyta,0.47985527,0.77833676
2021-09-02,3,Cryptophyta,0.16972502,0.6701287
2021-09-03,3,Cryptophyta,0.16249637,0.70376617
2021-09-04,3,Cryptophyta,0.40104917,0.5633726
2021-09-05,3,Cryptophyta,0.5010926,0.39980727
2021-09-06,3,Cryptophyta,0.21408828,0.34237984
2021-09-07,3,Cryptophyta,0.09729903,0.4363257
2021-09-08,3,Cryptophyta,0.18883504,0.4930423
2021-09-09,3,Cryptophyta,0.8836324,0.38929856
2021-09-10,3,Cryptophyta,0.94916064,0.32799786
2021-09-11,3,Cryptophyta,2.8891752,0.3503437
2021-09-12,3,Cryptophyta,3.9723084,0.6121693
2021-09-13,3,Cryptophyta,1.3835337,0.65615445
2021-09-14,3,Cryptophyta,0.8942071,1.5694762
2021-09-15,3,Cryptophyta,0.11826209,1.9184475
2021-09-16,3,Cryptophyta,0.03495292,0.907401
2021-09-17,3,Cryptophyta,0.021180328,0.565613
2021-09-18,3,Cryptophyta,0.014590886,0.3455719
2021-09-19,3,Cryptophyta,0.027762465,0.26250547
2021-09-20,3,Cryptophyta,0.014923933,0.276145
2021-09-21,3,Cryptophyta,0.013330923,0.26265764
2021-09-22,3,Cryptophyta,0.02899346,0.29791173
2021-09-23,3,Cryptophyta,0.031630408,0.27808526
2021-09-24,3,Cryptophyta,0.016531473,0.2547868
2021-09-25,3,Cryptophyta,0.025249824,0.30782843
2021-09-26,3,Cryptophyta,0.020209959,0.24935105
2021-09-27,3,Cryptophyta,0.016162232,0.2505573
2021-09-28,3,Cryptophyta,0.012722697,0.24851006
2021-09-29,3,Cryptophyta,0.014996384,0.24202938
2021-09-30,3,Cryptophyta,0.027639415,0.25864643
2021-10-01,3,Cryptophyta,0.0215858,0.27672243
2021-10-02,3,Cryptophyta,0.009999991,0.29322612
2021-10-03,3,Cryptophyta,0.04314291,0.30451894
2021-10-04,3,Cryptophyta,0.06171007,0.33467194
2021-10-05,3,Cryptophyta,0.08027723,0.34461862
2021-10-06,3,Cryptophyta,0.09884436,0.3434862
2021-10-07,3,Cryptophyta,0.11741151,0.32611135
2021-10-08,3,Cryptophyta,0.13597873,0.32269058
2021-10-09,3,Cryptophyta,0.15454592,0.31452972
2021-10-10,3,Cryptophyta,0.17311302,0.33262444
2021-10-11,3,Cryptophyta,0.19168025,0.35249206
2021-10-12,3,Cryptophyta,0.08330738,0.33253866
2021-10-13,3,Cryptophyta,0.20564081,0.31020492
2021-10-14,3,Cryptophyta,0.45210716,0.34581003
2021-10-15,3,Cryptophyta,1.9633454,0.30380574
2021-10-16,3,Cryptophyta,2.402042,0.32973078
2021-10-17,3,Cryptophyta,0.18239857,0.4051312
2021-10-18,3,Cryptophyta,0.14306079,0.9398456
2021-10-19,3,Cryptophyta,0.1371925,1.2553226
2021-10-20,3,Cryptophyta,0.10953692,0.46715492
2021-10-21,3,Cryptophyta,0.33654124,0.30565065
2021-10-22,3,Cryptophyta,0.09678729,0.31926516
2021-10-23,3,Cryptophyta,0.12801735,0.32712808
2021-10-24,3,Cryptophyta,0.15230823,0.40889218
2021-10-25,3,Cryptophyta,0.3744026,0.3797555
2021-10-26,3,Cryptophyta,0.5011505,0.35738328
2021-10-27,3,Cryptophyta,2.2271852,0.35092545
2021-10-28,3,Cryptophyta,5.092771,0.4609997
2021-10-29,3,Cryptophyta,4.4250436,0.6136375
2021-10-30,3,Cryptophyta,1.6537554,1.8229384
2021-10-31,3,Cryptophyta,1.1526773,2.316132
2021-11-01,3,Cryptophyta,0.999602,2.1389527
2021-11-02,3,Cryptophyta,2.287547,1.1965156
2021-11-03,3,Cryptophyta,3.3543994,0.94041187
2021-11-04,3,Cryptophyta,1.814754,0.9489509
2021-11-05,3,Cryptophyta,0.28529662,1.914683
2021-11-06,3,Cryptophyta,0.8264255,2.140892
2021-11-07,3,Cryptophyta,1.651774,1.4755462
2021-11-08,3,Cryptophyta,0.8663386,0.5683191
2021-11-09,3,Cryptophyta,0.98232996,0.8811218
2021-11-10,3,Cryptophyta,1.3961767,1.8825053
2021-11-11,3,Cryptophyta,0.55808246,1.0874411
2021-11-12,3,Cryptophyta,0.2808545,0.96946734
2021-11-13,3,Cryptophyta,0.22812591,1.5120581
2021-11-14,3,Cryptophyta,0.060130253,0.7855088
2021-11-15,3,Cryptophyta,0.064438835,0.51909184
2021-11-16,3,Cryptophyta,0.12549599,0.44432202
2021-11-17,3,Cryptophyta,0.12162303,0.37493646
2021-11-18,3,Cryptophyta,0.13411672,0.37333295
2021-11-19,3,Cryptophyta,0.038276628,0.39077145
2021-11-20,3,Cryptophyta,0.037277333,0.40671393
2021-11-21,3,Cryptophyta,0.14311372,0.40684974
2021-11-22,3,Cryptophyta,0.31098408,0.34544417
2021-11-23,3,Cryptophyta,0.028777102,0.3821134
2021-11-24,3,Cryptophyta,0.11981185,0.52110106
2021-11-25,3,Cryptophyta,0.089210704,0.59152895
2021-11-26,3,Cryptophyta,0.026425505,0.38154566
2021-11-27,3,Cryptophyta,0.080904454,0.38951826
2021-11-28,3,Cryptophyta,0.079240225,0.38509127
2021-11-29,3,Cryptophyta,0.13870382,0.37974066
2021-11-30,3,Cryptophyta,0.70564806,0.36870375
2021-12-01,3,Cryptophyta,0.46112964,0.38783875
2021-12-02,3,Cryptophyta,0.56976104,0.46646133
2021-12-03,3,Cryptophyta,0.44613323,0.85674703
2021-12-04,3,Cryptophyta,0.114030406,0.61218005
2021-12-05,3,Cryptophyta,0.13754705,0.57294214
2021-12-06,3,Cryptophyta,0.13356574,0.59813166
2021-12-07,3,Cryptophyta,0.13945727,0.46197867
2021-12-08,3,Cryptophyta,0.18000004,0.43647072
2021-12-09,3,Cryptophyta,0.22572987,0.4659401
2021-12-10,3,Cryptophyta,0.1674964,0.45181552
2021-12-11,3,Cryptophyta,0.536042,0.4796953
2021-12-12,3,Cryptophyta,0.33448946,0.5181027
2021-12-13,3,Cryptophyta,0.8888133,0.4585656
2021-12-14,3,Cryptophyta,1.109754,0.71634984
2021-12-15,3,Cryptophyta,1.157719,0.6919173
2021-12-16,3,Cryptophyta,0.9222013,1.0655465
2021-12-17,3,Cryptophyta,0.2394569,1.5248662
2021-12-18,3,Cryptophyta,0.17299783,1.5549291
2021-12-19,3,Cryptophyta,0.19939901,1.3974148
2021-12-20,3,Cryptophyta,0.0508104,0.7200669
2021-12-21,3,Cryptophyta,0.012547057,0.5887855
2021-12-22,3,Cryptophyta,1.1247612,0.62425613
2021-12-23,3,Cryptophyta,3.3235745,0.50430137
2021-12-24,3,Cryptophyta,5.3787045,0.39340892
2021-12-25,3,Cryptophyta,1.9026159,0.89471745
2021-12-26,3,Cryptophyta,1.5518523,2.1948192
2021-12-27,3,Cryptophyta,1.4961421,2.4185488
2021-12-28,3,Cryptophyta,2.0434694,1.581715
2021-12-29,3,Cryptophyta,1.3157945,1.2509298
2021-12-30,3,Cryptophyta,1.7633647,1.4326377
2021-12-31,3,Cryptophyta,0.99547976,1.9083091
2022-01-01,3,Cryptophyta,0.90334296,1.5860527
2022-01-02,3,Cryptophyta,0.460246,1.8417457
2022-01-03,3,Cryptophyta,0.49183202,1.372869
2022-01-04,3,Cryptophyta,0.8021434,1.2248563
2022-01-05,3,Cryptophyta,2.411108,0.8543743
2022-01-06,3,Cryptophyta,1.9298986,0.8914889
2022-01-07,3,Cryptophyta,1.4486893,1.4206591
2022-01-08,3,Cryptophyta,2.254236,2.3695474
2022-01-09,3,Cryptophyta,1.9260247,2.125227
2022-01-10,3,Cryptophyta,3.8141894,1.7220592
2022-01-11,3,Cryptophyta,3.3248262,2.0855303
2022-01-12,3,Cryptophyta,1.8018959,1.9550453
2022-01-13,3,Cryptophyta,0.6656151,2.4459836
2022-01-14,3,Cryptophyta,0.16721943,2.2090225
2022-01-15,3,Cryptophyta,0.40709117,1.3762643
2022-01-16,3,Cryptophyta,0.41276413,0.8061419
2022-01-17,3,Cryptophyta,0.12125267,0.5258213
2022-01-18,3,Cryptophyta,0.50808835,0.6212484
2022-01-19,3,Cryptophyta,0.29482982,0.72354
2022-01-20,3,Cryptophyta,0.28364226,0.59285307
2022-01-21,3,Cryptophyta,0.73514116,0.73427725
2022-01-22,3,Cryptophyta,0.8555467,0.6979648
2022-01-23,3,Cryptophyta,6.0838957,0.7172046
2022-01-24,3,Cryptophyta,2.5067077,1.2086675
2022-01-25,3,Cryptophyta,3.2794752,1.5563375
2022-01-26,3,Cryptophyta,4.0522428,2.6470897
2022-01-27,3,Cryptophyta,7.7161593,2.1388233
2022-01-28,3,Cryptophyta,6.604,2.4038982
2022-01-29,3,Cryptophyta,6.2652764,2.5297136
2022-01-30,3,Cryptophyta,4.679468,2.753609
2022-01-31,3,Cryptophyta,2.0781941,2.7113118
2022-02-01,3,Cryptophyta,1.1183823,2.652775
2022-02-02,3,Cryptophyta,2.0167906,2.5591927
2022-02-03,3,Cryptophyta,1.0336812,1.9580638
2022-02-04,3,Cryptophyta,1.8221382,1.432287
2022-02-05,3,Cryptophyta,2.1748297,1.9805648
2022-02-06,3,Cryptophyta,0.7498538,1.2699383
2022-02-07,3,Cryptophyta,1.6242288,1.7433048
2022-02-08,3,Cryptophyta,2.812573,1.9210837
2022-02-09,3,Cryptophyta,2.1546009,0.91081035
2022-02-10,3,Cryptophyta,2.7654421,1.2924408
2022-02-11,3,Cryptophyta,1.6416949,2.1398892
2022-02-12,3,Cryptophyta,3.2547395,1.975146
2022-02-13,3,Cryptophyta,4.4726844,2.0589764
2022-02-14,3,Cryptophyta,3.2693677,1.6675067
2022-02-15,3,Cryptophyta,3.0681496,2.1856759
2022-02-16,3,Cryptophyta,3.5129151,2.426877
2022-02-17,3,Cryptophyta,6.3626266,2.2720776
2022-02-18,3,Cryptophyta,5.7419825,2.3477826
2022-02-19,3,Cryptophyta,5.121339,2.376812
2022-02-20,3,Cryptophyta,1.3447684,2.6244993
2022-02-21,3,Cryptophyta,0.34763938,2.549348
2022-02-22,3,Cryptophyta,0.11295442,2.446332
2022-02-23,3,Cryptophyta,0.010837298,1.4519743
2022-02-24,3,Cryptophyta,0.2931932,0.7799532
2022-02-25,3,Cryptophyta,0.3498264,0.54705656
2022-02-26,3,Cryptophyta,0.40645963,0.50838476
2022-02-27,3,Cryptophyta,0.46309286,0.67371607
2022-02-28,3,Cryptophyta,0.23080894,0.7634683
2022-03-01,3,Cryptophyta,0.66084886,0.78461665
2022-03-02,3,Cryptophyta,1.4105,0.8862918
2022-03-03,3,Cryptophyta,2.6836133,0.7613663
2022-03-04,3,Cryptophyta,3.074573,1.1359885
2022-03-05,3,Cryptophyta,4.616686,2.022443
2022-03-06,3,Cryptophyta,4.4455137,2.6021688
2022-03-07,3,Cryptophyta,5.2407317,2.51737
2022-03-08,3,Cryptophyta,3.0426722,2.7225382
2022-03-09,3,Cryptophyta,2.6120565,2.652452
2022-03-10,3,Cryptophyta,3.1026852,2.7077787
2022-03-11,3,Cryptophyta,5.934228,2.341947
2022-03-12,3,Cryptophyta,5.9608407,2.3552458
2022-03-13,3,Cryptophyta,8.2981825,2.6064699
2022-03-14,3,Cryptophyta,8.111037,3.0135536
2022-03-15,3,Cryptophyta,7.923893,2.9528396
2022-03-16,3,Cryptophyta,7.6927795,3.0618227
2022-03-17,3,Cryptophyta,7.4616656,3.0632234
2022-03-18,3,Cryptophyta,7.230552,3.0989633
2022-03-19,3,Cryptophyta,6.9994383,3.0641026
2022-03-20,3,Cryptophyta,6.768325,3.0400622
2022-03-21,3,Cryptophyta,2.956575,2.9545233
2022-03-22,3,Cryptophyta,3.0413914,2.868252
2022-03-23,3,Cryptophyta,1.2712663,2.8086588
2022-03-24,3,Cryptophyta,0.48071688,2.0863414
2022-03-25,3,Cryptophyta,0.24598116,2.0611033
2022-03-26,3,Cryptophyta,0.17334539,1.0741585
2022-03-27,3,Cryptophyta,0.014066844,0.63274044
2022-03-28,3,Cryptophyta,0.009999991,0.6425866
2022-03-29,3,Cryptophyta,0.009999991,0.55196995
2022-03-30,3,Cryptophyta,0.011354405,0.40817592
2022-03-31,3,Cryptophyta,0.011491702,0.42298213
2022-04-01,3,Cryptophyta,0.0132873645,0.41238296
2022-04-02,3,Cryptophyta,0.009999991,0.4503037
2022-04-03,3,Cryptophyta,0.0104561765,0.43526962
2022-04-04,3,Cryptophyta,0.058059365,0.5809722
2022-04-05,3,Cryptophyta,0.5978168,0.5086145
2022-04-06,3,Cryptophyta,0.5055185,0.4435127
2022-04-07,3,Cryptophyta,1.6158104,0.5319253
2022-04-08,3,Cryptophyta,3.517357,0.8900839
2022-04-09,3,Cryptophyta,3.552728,1.0921767
2022-04-10,3,Cryptophyta,3.648052,1.8894585
2022-04-11,3,Cryptophyta,4.8602524,2.5443046
2022-04-12,3,Cryptophyta,5.7928276,2.511018
2022-04-13,3,Cryptophyta,7.0250325,2.6621494
2022-04-14,3,Cryptophyta,7.4662733,2.8084848
2022-04-15,3,Cryptophyta,6.0537853,2.8518248
2022-04-16,3,Cryptophyta,5.7560816,2.9580407
2022-04-17,3,Cryptophyta,5.326953,2.966717
2022-04-18,3,Cryptophyta,6.1952877,2.8577409
2022-04-19,3,Cryptophyta,1.519471,2.850518
2022-04-20,3,Cryptophyta,1.9496597,2.649372
2022-04-21,3,Cryptophyta,2.6454587,2.6936874
2022-04-22,3,Cryptophyta,4.0942683,1.3438879
2022-04-23,3,Cryptophyta,5.363492,1.712801
2022-04-24,3,Cryptophyta,6.632715,2.0878646
2022-04-25,3,Cryptophyta,5.4636426,2.3977473
2022-04-26,3,Cryptophyta,5.049073,2.6572766
2022-04-27,3,Cryptophyta,4.6345043,2.558489
2022-04-28,3,Cryptophyta,4.219935,2.0906286
2022-04-29,3,Cryptophyta,3.26207,2.338151
2022-04-30,3,Cryptophyta,0.3818768,1.90546
2022-05-01,3,Cryptophyta,0.3872826,2.2350051
2022-05-02,3,Cryptophyta,0.08944931,1.9719656
2022-05-03,3,Cryptophyta,0.25981158,0.7559395
2022-05-04,3,Cryptophyta,1.3497682,0.54724675
2022-05-05,3,Cryptophyta,2.010942,0.38652143
2022-05-06,3,Cryptophyta,4.4939523,0.4117039
2022-05-07,3,Cryptophyta,4.4601665,0.9919585
2022-05-08,3,Cryptophyta,3.5489104,2.020611
2022-05-09,3,Cryptophyta,2.6376543,2.5701852
2022-05-10,3,Cryptophyta,1.0043664,2.5292637
2022-05-11,3,Cryptophyta,0.4831377,2.0554037
2022-05-12,3,Cryptophyta,0.5559877,1.8860893
2022-05-13,3,Cryptophyta,0.073652156,0.9212362
2022-05-14,3,Cryptophyta,0.009999991,0.6180135
2022-05-15,3,Cryptophyta,0.009999991,0.62831974
2022-05-16,3,Cryptophyta,0.009999991,0.43296084
2022-05-17,3,Cryptophyta,0.009999991,0.37572902
2022-05-18,3,Cryptophyta,0.013930398,0.34614414
2022-05-19,3,Cryptophyta,0.032872636,0.444185
2022-05-20,3,Cryptophyta,0.58060104,0.39221975
2022-05-21,3,Cryptophyta,5.506287,0.31032804
2022-05-22,3,Cryptophyta,1.7813116,0.27325943
2022-05-23,3,Cryptophyta,1.5250723,0.76600415
2022-05-24,3,Cryptophyta,2.5719986,2.4482489
2022-05-25,3,Cryptophyta,0.094826125,1.5425161
2022-05-26,3,Cryptophyta,0.38431472,1.1114465
2022-05-27,3,Cryptophyta,0.016613582,1.89752
2022-05-28,3,Cryptophyta,0.009999991,0.64871037
2022-05-29,3,Cryptophyta,0.009999991,0.5463398
2022-05-30,3,Cryptophyta,0.009999991,0.3941878
2022-05-31,3,Cryptophyta,0.009999991,0.35890585
2022-06-01,3,Cryptophyta,0.041579302,0.24218526
2022-06-02,3,Cryptophyta,0.009999991,0.19166493
2022-06-03,3,Cryptophyta,0.009999991,0.202993
2022-06-04,3,Cryptophyta,0.009999991,0.2557888
2022-06-05,3,Cryptophyta,0.009999991,0.21588305
2022-06-06,3,Cryptophyta,0.009999991,0.19361247
2022-06-07,3,Cryptophyta,0.009999991,0.2630248
2022-06-08,3,Cryptophyta,0.009999991,0.26137134
2022-06-09,3,Cryptophyta,0.009999991,0.27708358
2022-06-10,3,Cryptophyta,0.009999991,0.22706817
2022-06-11,3,Cryptophyta,0.009999991,0.18908092
2022-06-12,3,Cryptophyta,0.009999991,0.18651386
2022-06-13,3,Cryptophyta,0.009999991,0.19656341
2022-06-14,3,Cryptophyta,0.009999991,0.18377574
2022-06-15,3,Cryptophyta,0.009999991,0.20791441
2022-06-16,3,Cryptophyta,0.009999991,0.18780006
2022-06-17,3,Cryptophyta,0.0147973765,0.17476289
2022-06-18,3,Cryptophyta,0.073159404,0.17138712
2022-06-19,3,Cryptophyta,0.06849167,0.19582285
2022-06-20,3,Cryptophyta,0.14291817,0.24935263
2022-06-21,3,Cryptophyta,0.20932655,0.318468
2022-06-22,3,Cryptophyta,0.23238957,0.48065066
2022-06-23,3,Cryptophyta,0.017235858,0.3624846
2022-06-24,3,Cryptophyta,0.040120743,0.41261938
2022-06-25,3,Cryptophyta,0.2839175,0.3878964
2022-06-26,3,Cryptophyta,0.035959456,0.21272825
2022-06-27,3,Cryptophyta,0.06081824,0.20921047
2022-06-28,3,Cryptophyta,0.27052093,0.39941293
2022-06-29,3,Cryptophyta,0.012525414,0.2830337
2022-06-30,3,Cryptophyta,0.6139971,0.28769404
2022-07-01,3,Cryptophyta,0.59884864,0.34608027
2022-07-02,3,Cryptophyta,0.026125995,0.26823533
2022-07-03,3,Cryptophyta,0.010289456,0.4303499
2022-07-04,3,Cryptophyta,0.009999991,0.5345536
2022-07-05,3,Cryptophyta,0.009999991,0.32226375
2022-07-06,3,Cryptophyta,0.009999991,0.25412
2022-07-07,3,Cryptophyta,0.009999991,0.2386012
2022-07-08,3,Cryptophyta,0.02234078,0.23277399
2022-07-09,3,Cryptophyta,0.10539345,0.23276271
2022-07-10,3,Cryptophyta,0.24793312,0.25163877
2022-07-11,3,Cryptophyta,0.51225203,0.26537648
2022-07-12,3,Cryptophyta,0.3178261,0.3044853
2022-07-13,3,Cryptophyta,0.12300002,0.40146303
2022-07-14,3,Cryptophyta,1.7812928,0.55076355
2022-07-15,3,Cryptophyta,4.1484494,0.5073673
2022-07-16,3,Cryptophyta,0.7352533,0.4191366
2022-07-17,3,Cryptophyta,0.92751086,1.0486584
2022-07-18,3,Cryptophyta,0.22509077,1.9651313
2022-07-19,3,Cryptophyta,0.020543884,0.7948184
2022-07-20,3,Cryptophyta,0.043882452,0.60097617
2022-07-21,3,Cryptophyta,0.011791171,0.45763305
2022-07-22,3,Cryptophyta,0.010043729,0.36830887
2022-07-23,3,Cryptophyta,0.012169442,0.35174415
2022-07-24,3,Cryptophyta,0.40781432,0.31211448
2022-07-25,3,Cryptophyta,0.016661854,0.27622926
2022-07-26,3,Cryptophyta,0.022054957,0.27218708
2022-07-27,3,Cryptophyta,0.020608686,0.44819328
2022-07-28,3,Cryptophyta,0.010642375,0.31329334
2022-07-29,3,Cryptophyta,0.07021444,0.30614322
2022-07-30,3,Cryptophyta,0.103735305,0.26224062
2022-07-31,3,Cryptophyta,0.1372561,0.2576602
2022-08-01,3,Cryptophyta,0.17077692,0.2789382
2022-08-02,3,Cryptophyta,0.20429775,0.29597124
2022-08-03,3,Cryptophyta,0.2378185,0.32603997
2022-08-04,3,Cryptophyta,0.27133936,0.3920654
2022-08-05,3,Cryptophyta,0.30486017,0.39552227
2022-08-06,3,Cryptophyta,0.33838093,0.38175812
2022-08-07,3,Cryptophyta,0.37190175,0.35790426
2022-08-08,3,Cryptophyta,0.40542254,0.365668
2022-08-09,3,Cryptophyta,0.43894336,0.39488173
2022-08-10,3,Cryptophyta,0.47246417,0.43338403
2022-08-11,3,Cryptophyta,0.505985,0.41967258
2022-08-12,3,Cryptophyta,0.5395058,0.42531502
2022-08-13,3,Cryptophyta,0.5730266,0.4389937
2022-08-14,3,Cryptophyta,0.6065474,0.50489783
2022-08-15,3,Cryptophyta,0.6400682,0.399258
2022-08-16,3,Cryptophyta,0.67358905,0.4918987
2022-08-17,3,Cryptophyta,0.70710987,0.541661
2022-08-18,3,Cryptophyta,0.7406306,0.51665056
2022-08-19,3,Cryptophyta,0.77415144,0.55356663
2022-08-20,3,Cryptophyta,0.80767226,0.58522767
2022-08-21,3,Cryptophyta,0.8411931,0.535639
2022-08-22,3,Cryptophyta,0.87471384,0.6488062
2022-08-23,3,Cryptophyta,0.90823466,0.70116884
2022-08-24,3,Cryptophyta,0.9417555,0.6346205
2022-08-25,3,Cryptophyta,0.97527635,0.65293866
2022-08-26,3,Cryptophyta,1.008797,0.73167145
2022-08-27,3,Cryptophyta,1.042318,0.8350086
2022-08-28,3,Cryptophyta,1.0758387,0.83068883
2022-08-29,3,Cryptophyta,1.1093595,0.7737056
2022-08-30,3,Cryptophyta,1.1428803,0.7847891
2022-08-31,3,Cryptophyta,1.1764011,0.84823203
2022-09-01,3,Cryptophyta,1.209922,0.8872407
2022-09-02,3,Cryptophyta,1.2434428,0.87787825
2022-09-03,3,Cryptophyta,1.2769636,0.92157686
2022-09-04,3,Cryptophyta,1.3104844,0.83948815
2022-09-05,3,Cryptophyta,1.3440052,0.84792703
2022-09-06,3,Cryptophyta,1.377526,0.8783567
2022-09-07,3,Cryptophyta,1.4110469,0.9602916
2022-09-08,3,Cryptophyta,1.4445677,0.8914219
2022-09-09,3,Cryptophyta,1.4780885,0.97866833
2022-09-10,3,Cryptophyta,1.5513841,0.9284796
2022-09-11,3,Cryptophyta,1.6445435,0.94511545
2022-09-12,3,Cryptophyta,1.056165,0.92290676
2022-09-13,3,Cryptophyta,1.3345797,0.9964294
2022-09-14,3,Cryptophyta,2.154297,1.1026781
2022-09-15,3,Cryptophyta,1.5098189,0.8175863
2022-09-16,3,Cryptophyta,0.62335265,0.8831847
2022-09-17,3,Cryptophyta,0.5262518,1.397669
2022-09-18,3,Cryptophyta,0.5816812,1.0232346
2022-09-19,3,Cryptophyta,0.26104993,0.52781755
2022-09-20,3,Cryptophyta,0.011123174,0.503966
2022-09-21,3,Cryptophyta,0.051745083,0.5464435
2022-09-22,3,Cryptophyta,0.030354569,0.39404717
2022-09-23,3,Cryptophyta,0.042973924,0.30182052
2022-09-24,3,Cryptophyta,0.13725565,0.30193523
2022-09-25,3,Cryptophyta,0.0662491,0.31853026
2022-09-26,3,Cryptophyta,0.19330437,0.3395511
2022-09-27,3,Cryptophyta,0.1107241,0.35216445
2022-09-28,3,Cryptophyta,1.4748371,0.3869621
2022-09-29,3,Cryptophyta,1.4093351,0.41129163
2022-09-30,3,Cryptophyta,0.43673825,0.3832878
2022-10-01,3,Cryptophyta,0.009999991,0.9195439
2022-10-02,3,Cryptophyta,0.0148912715,1.14278
2022-10-03,3,Cryptophyta,0.07116495,0.4416953
2022-10-04,3,Cryptophyta,0.19286546,0.21472862
2022-10-05,3,Cryptophyta,0.009999991,0.20360765
2022-10-06,3,Cryptophyta,0.009999991,0.23244314
2022-10-07,3,Cryptophyta,0.009999991,0.22023903
2022-10-08,3,Cryptophyta,0.009999991,0.18962644
2022-10-09,3,Cryptophyta,0.018630426,0.18328676
2022-10-10,3,Cryptophyta,0.013161731,0.19154894
2022-10-11,3,Cryptophyta,0.024279546,0.21850406
2022-10-12,3,Cryptophyta,0.15063044,0.23121588
2022-10-13,3,Cryptophyta,0.012413051,0.20769073
2022-10-14,3,Cryptophyta,0.010152084,0.20825678
2022-10-15,3,Cryptophyta,0.010290094,0.22821969
2022-10-16,3,Cryptophyta,0.01853731,0.20800503
2022-10-17,3,Cryptophyta,0.028262116,0.20535688
2022-10-18,3,Cryptophyta,0.010137582,0.22735527
2022-10-19,3,Cryptophyta,0.05505431,0.24035421
2022-10-20,3,Cryptophyta,0.1891751,0.23851942
2022-10-21,3,Cryptophyta,0.30444208,0.2332766
2022-10-22,3,Cryptophyta,3.1631176,0.24281994
2022-10-23,3,Cryptophyta,0.263108,0.31744286
2022-10-24,3,Cryptophyta,0.21729375,0.35234413
2022-10-25,3,Cryptophyta,0.059153363,1.4704006
2022-10-26,3,Cryptophyta,0.059789892,0.51973486
2022-10-27,3,Cryptophyta,0.047026042,0.31314915
2022-10-28,3,Cryptophyta,0.107351705,0.22062476
2022-10-29,3,Cryptophyta,0.0664518,0.21286573
2022-10-30,3,Cryptophyta,0.05750361,0.27255067
2022-10-31,3,Cryptophyta,0.066642515,0.2767483
2022-11-01,3,Cryptophyta,0.09764286,0.29916775
2022-11-02,3,Cryptophyta,0.11699055,0.2974112
2022-11-03,3,Cryptophyta,0.17307027,0.29361543
2022-11-04,3,Cryptophyta,0.085826114,0.33549193
2022-11-05,3,Cryptophyta,0.06902318,0.36714816
2022-11-06,3,Cryptophyta,0.055853847,0.35413155
2022-11-07,3,Cryptophyta,0.1524133,0.2969743
2022-11-08,3,Cryptophyta,2.7645764,0.27963534
2022-11-09,3,Cryptophyta,1.2183956,0.33351865
2022-11-10,3,Cryptophyta,0.56341535,0.3438186
2022-11-11,3,Cryptophyta,0.70662564,1.6102157
2022-11-12,3,Cryptophyta,0.9455072,1.2381417
2022-11-13,3,Cryptophyta,0.2735725,0.6029561
2022-11-14,3,Cryptophyta,0.19732274,0.55933404
2022-11-15,3,Cryptophyta,0.21539077,0.77153504
2022-11-16,3,Cryptophyta,0.09860967,0.50876296
2022-11-17,3,Cryptophyta,0.08582912,0.3667224
2022-11-18,3,Cryptophyta,0.05319826,0.2884782
2022-11-19,3,Cryptophyta,0.24602175,0.24110346
2022-11-20,3,Cryptophyta,0.22234443,0.23627518
2022-11-21,3,Cryptophyta,0.14946416,0.25944605
2022-11-22,3,Cryptophyta,0.13514844,0.31632656
2022-11-23,3,Cryptophyta,0.32496366,0.227723
2022-11-24,3,Cryptophyta,0.04255429,0.253166
2022-11-25,3,Cryptophyta,0.13866036,0.2692796
2022-11-26,3,Cryptophyta,0.011700435,0.30224106
2022-11-27,3,Cryptophyta,0.051456515,0.24872299
2022-11-28,3,Cryptophyta,0.07280031,0.23654678
2022-11-29,3,Cryptophyta,0.01386674,0.22496681
2022-11-30,3,Cryptophyta,0.13835019,0.24066752
2022-12-01,3,Cryptophyta,0.025166452,0.28846416
2022-12-02,3,Cryptophyta,0.15414065,0.3211246
2022-12-03,3,Cryptophyta,0.16071686,0.38257658
2022-12-04,3,Cryptophyta,0.14975378,0.37103835
2022-12-05,3,Cryptophyta,0.7071791,0.42596802
2022-12-06,3,Cryptophyta,0.8909427,0.42735133
2022-12-07,3,Cryptophyta,1.0464518,0.36781216
2022-12-08,3,Cryptophyta,0.9203116,0.59213734
2022-12-09,3,Cryptophyta,1.654772,0.7703325
2022-12-10,3,Cryptophyta,1.3442216,0.87629443
2022-12-11,3,Cryptophyta,0.2558943,0.7698479
2022-12-12,3,Cryptophyta,0.23369749,1.3038118
2022-12-13,3,Cryptophyta,0.18690802,1.0604519
2022-12-14,3,Cryptophyta,0.08117475,0.40364268
2022-12-15,3,Cryptophyta,0.12455794,0.25105122
2022-12-16,3,Cryptophyta,0.06581464,0.26336178
2022-12-17,3,Cryptophyta,0.13824038,0.2593181
2022-12-18,3,Cryptophyta,0.18520641,0.3015007
2022-12-19,3,Cryptophyta,0.12663768,0.32657632
2022-12-20,3,Cryptophyta,0.1604924,0.3468958
2022-12-21,3,Cryptophyta,0.1743573,0.32339686
2022-12-22,3,Cryptophyta,0.23126812,0.30625314
2022-12-23,3,Cryptophyta,0.1509928,0.30734965
2022-12-24,3,Cryptophyta,0.1620203,0.3195735
2022-12-25,3,Cryptophyta,0.21839248,0.4112302
2022-12-26,3,Cryptophyta,0.23416787,0.36534527
2022-12-27,3,Cryptophyta,0.21106365,0.31757742
2022-12-28,3,Cryptophyta,0.19214647,0.31416416
2022-12-29,3,Cryptophyta,0.3410203,0.35754675
2022-12-30,3,Cryptophyta,0.35081884,0.3719266
2022-12-31,3,Cryptophyta,0.49809423,0.40457726
2023-01-01,3,Cryptophyta,0.18109258,0.4938701
2023-01-02,3,Cryptophyta,0.31292963,0.50077915
2023-01-03,3,Cryptophyta,0.07629438,0.5636833
2023-01-04,3,Cryptophyta,3.205677,0.49448025
2023-01-05,3,Cryptophyta,4.054281,0.512794
2023-01-06,3,Cryptophyta,4.902886,0.44446978
2023-01-07,3,Cryptophyta,5.75149,2.151947
2023-01-08,3,Cryptophyta,6.600094,2.6669006
2023-01-09,3,Cryptophyta,6.476336,2.7915702
2023-01-10,3,Cryptophyta,6.3525777,2.9263296
2023-01-11,3,Cryptophyta,7.391216,2.9026432
2023-01-12,3,Cryptophyta,6.5247107,2.764195
2023-01-13,3,Cryptophyta,6.205655,2.7635186
2023-01-14,3,Cryptophyta,5.886599,2.8021712
2023-01-15,3,Cryptophyta,3.070391,2.7087753
2023-01-16,3,Cryptophyta,3.2330124,2.6991754
2023-01-17,3,Cryptophyta,3.5090666,2.633517
2023-01-18,3,Cryptophyta,1.8202682,2.2623107
2023-01-19,3,Cryptophyta,1.4881377,2.2543347
2023-01-20,3,Cryptophyta,1.890601,2.4899309
2023-01-21,3,Cryptophyta,2.4779377,1.7973071
2023-01-22,3,Cryptophyta,5.5649133,1.5735992
2023-01-23,3,Cryptophyta,6.253169,2.0411243
2023-01-24,3,Cryptophyta,2.7285879,2.201059
2023-01-25,3,Cryptophyta,3.2420566,2.7349863
2023-01-26,3,Cryptophyta,3.3563943,2.7099464
2023-01-27,3,Cryptophyta,3.5607386,2.1296272
2023-01-28,3,Cryptophyta,2.948197,2.2988305
2023-01-29,3,Cryptophyta,2.329044,2.3990626
2023-01-30,3,Cryptophyta,1.9131858,2.457988
2023-01-31,3,Cryptophyta,4.070152,2.220831
2023-02-01,3,Cryptophyta,5.226647,2.1170292
2023-02-02,3,Cryptophyta,7.453282,1.9244448
2023-02-03,3,Cryptophyta,4.521753,2.5854979
2023-02-04,3,Cryptophyta,4.6141877,2.6852732
2023-02-05,3,Cryptophyta,4.706622,2.7358549
2023-02-06,3,Cryptophyta,4.7990575,2.379317
2023-02-07,3,Cryptophyta,6.802565,2.5339766
2023-02-08,3,Cryptophyta,5.860838,2.5326211
2023-02-09,3,Cryptophyta,4.919111,2.567492
2023-02-10,3,Cryptophyta,4.0689564,2.731712
2023-02-11,3,Cryptophyta,5.0742173,2.6423547
2023-02-12,3,Cryptophyta,3.9877925,2.58749
2023-02-13,3,Cryptophyta,3.0906606,2.1085043
2023-02-14,3,Cryptophyta,4.7804313,2.352699
2023-02-15,3,Cryptophyta,3.154463,2.1869469
2023-02-16,3,Cryptophyta,2.5376039,2.0628655
2023-02-17,3,Cryptophyta,2.6187308,2.1830842
2023-02-18,3,Cryptophyta,3.3592136,1.9201238
2023-02-19,3,Cryptophyta,2.9372036,1.7331617
2023-02-20,3,Cryptophyta,2.8396633,1.7959172
2023-02-21,3,Cryptophyta,2.0213537,2.1377313
2023-02-22,3,Cryptophyta,1.5460931,2.1136315
2023-02-23,3,Cryptophyta,3.0472844,2.087036
2023-02-24,3,Cryptophyta,2.540876,1.8852687
2023-02-25,3,Cryptophyta,1.6696993,1.6594404
2023-02-26,3,Cryptophyta,1.8506247,2.1617887
2023-02-27,3,Cryptophyta,2.4273033,2.0432239
2023-02-28,3,Cryptophyta,4.0576186,1.6118286
2023-03-01,3,Cryptophyta,3.1774063,1.6251097
2023-03-02,3,Cryptophyta,1.9276384,1.84548
2023-03-03,3,Cryptophyta,1.4349824,2.323028
2023-03-04,3,Cryptophyta,1.4693632,2.1582563
2023-03-05,3,Cryptophyta,1.3964868,1.8356035
2023-03-06,3,Cryptophyta,1.3642833,1.489976
2023-03-07,3,Cryptophyta,2.018636,1.5343521
2023-03-08,3,Cryptophyta,2.042899,1.52118
2023-03-09,3,Cryptophyta,1.9240745,1.4258076
2023-03-10,3,Cryptophyta,1.8107322,1.8004994
2023-03-11,3,Cryptophyta,1.7866005,1.8422995
2023-03-12,3,Cryptophyta,1.9636885,1.7805976
2023-03-13,3,Cryptophyta,1.6649137,1.753548
2023-03-14,3,Cryptophyta,1.6280838,1.832349
2023-03-15,3,Cryptophyta,1.6098557,1.967945
2023-03-16,3,Cryptophyta,1.5768707,1.7797227
2023-03-17,3,Cryptophyta,2.1391935,1.7901119
2023-03-18,3,Cryptophyta,2.3038106,1.8561298
2023-03-19,3,Cryptophyta,1.9287786,1.8945125
2023-03-20,3,Cryptophyta,1.5824027,2.04051
2023-03-21,3,Cryptophyta,1.5820714,2.1192794
2023-03-22,3,Cryptophyta,1.3658339,1.9239997
2023-03-23,3,Cryptophyta,2.0884864,1.8568307
2023-03-24,3,Cryptophyta,3.786341,1.7273594
2023-03-25,3,Cryptophyta,2.1906228,1.77292
2023-03-26,3,Cryptophyta,2.1829119,2.4427247
2023-03-27,3,Cryptophyta,2.6158876,2.6094594
2023-03-28,3,Cryptophyta,2.740476,1.4568934
2023-03-29,3,Cryptophyta,2.5346584,1.5777817
2023-03-30,3,Cryptophyta,2.3052733,1.7728819
2023-03-31,3,Cryptophyta,2.1105404,2.093804
2023-04-01,3,Cryptophyta,1.7814717,1.8286831
2023-04-02,3,Cryptophyta,1.6399796,1.7887381
2023-04-03,3,Cryptophyta,1.7084769,1.8726599
2023-04-04,3,Cryptophyta,1.6054392,1.756309
2023-04-05,3,Cryptophyta,1.1882055,1.8145779
2023-04-06,3,Cryptophyta,0.2286157,1.8915921
2023-04-07,3,Cryptophyta,1.8078315,1.5116435
2023-04-08,3,Cryptophyta,2.489018,1.3555744
2023-04-09,3,Cryptophyta,2.4789941,0.8255061
2023-04-10,3,Cryptophyta,2.4197881,1.3798264
2023-04-11,3,Cryptophyta,2.1295638,1.8899254
2023-04-12,3,Cryptophyta,1.8207544,1.8019549
2023-04-13,3,Cryptophyta,1.8472507,1.9272602
2023-04-14,3,Cryptophyta,2.0092578,1.908693
2023-04-15,3,Cryptophyta,2.939332,1.8716211
2023-04-16,3,Cryptophyta,3.1336887,1.732024
2023-04-17,3,Cryptophyta,5.1471896,1.8828385
2023-04-18,3,Cryptophyta,5.275001,2.3767884
2023-04-19,3,Cryptophyta,3.3519037,2.378398
2023-04-20,3,Cryptophyta,2.5430167,2.7766125
2023-04-21,3,Cryptophyta,2.4620326,2.6454024
2023-04-22,3,Cryptophyta,2.2683303,2.2473094
2023-04-23,3,Cryptophyta,2.4192183,2.1509242
2023-04-24,3,Cryptophyta,2.5424767,2.2814965
2023-04-25,3,Cryptophyta,3.0996997,2.0675464
2023-04-26,3,Cryptophyta,2.0676734,1.9553989
2023-04-27,3,Cryptophyta,1.418416,1.9289341
2023-04-28,3,Cryptophyta,3.1601994,2.4073038
2023-04-29,3,Cryptophyta,8.067172,2.0853143
2023-04-30,3,Cryptophyta,5.9201818,1.640327
2023-05-01,3,Cryptophyta,3.7731922,2.486002
2023-05-02,3,Cryptophyta,5.453592,2.9779136
2023-05-03,3,Cryptophyta,3.5497632,2.771993
2023-05-04,3,Cryptophyta,4.6637454,2.4605472
2023-05-05,3,Cryptophyta,7.1205983,2.90718
2023-05-06,3,Cryptophyta,4.6055446,2.6848288
2023-05-07,3,Cryptophyta,1.0466392,2.7449036
2023-05-08,3,Cryptophyta,0.8512937,2.827619
2023-05-09,3,Cryptophyta,1.2092457,2.746488
2023-05-10,3,Cryptophyta,0.48372468,1.6375078
2023-05-11,3,Cryptophyta,0.27442262,1.0929102
2023-05-12,3,Cryptophyta,0.54694,1.5206407
2023-05-13,3,Cryptophyta,1.3488332,0.84206396
2023-05-14,3,Cryptophyta,1.972228,0.63894725
2023-05-15,3,Cryptophyta,1.8265859,0.6636407
2023-05-16,3,Cryptophyta,1.8002838,0.95020586
2023-05-17,3,Cryptophyta,1.6562451,1.7959509
2023-05-18,3,Cryptophyta,2.0616684,1.8814323
2023-05-19,3,Cryptophyta,1.6782538,1.7944893
2023-05-20,3,Cryptophyta,1.5077107,1.8160894
2023-05-21,3,Cryptophyta,1.4706587,1.9798614
2023-05-22,3,Cryptophyta,1.3920453,1.7915268
2023-05-23,3,Cryptophyta,1.6479505,1.4145736
2023-05-24,3,Cryptophyta,1.9610981,1.5808605
2023-05-25,3,Cryptophyta,1.7397623,1.6641369
2023-05-26,3,Cryptophyta,1.7409996,1.7947949
2023-05-27,3,Cryptophyta,2.1646082,1.7501856
2023-05-28,3,Cryptophyta,2.4318943,1.5336072
2023-05-29,3,Cryptophyta,2.874541,1.5000935
2023-05-30,3,Cryptophyta,2.9939795,1.9662777
2023-05-31,3,Cryptophyta,4.768519,2.341446
2023-06-01,3,Cryptophyta,5.5222354,2.4915686
2023-06-02,3,Cryptophyta,3.4842105,2.4707594
2023-06-03,3,Cryptophyta,5.0643554,2.8337111
2023-06-04,3,Cryptophyta,4.144578,2.7463484
2023-06-05,3,Cryptophyta,2.5872154,2.2489724
2023-06-06,3,Cryptophyta,3.6343513,2.391168
2023-06-07,3,Cryptophyta,3.7011142,2.3889432
2023-06-08,3,Cryptophyta,2.9802804,1.8397379
2023-06-09,3,Cryptophyta,2.7695792,2.236959
2023-06-10,3,Cryptophyta,1.9076351,2.2556965
2023-06-11,3,Cryptophyta,1.9823658,1.9491627
2023-06-12,3,Cryptophyta,2.399869,1.894087
2023-06-13,3,Cryptophyta,3.1885514,1.3022904
2023-06-14,3,Cryptophyta,4.228957,1.3352053
2023-06-15,3,Cryptophyta,3.2900848,1.5854692
2023-06-16,3,Cryptophyta,1.8680872,1.9001744
2023-06-17,3,Cryptophyta,2.042923,1.8962588
2023-06-18,3,Cryptophyta,2.1622174,1.8954257
2023-06-19,3,Cryptophyta,1.5457335,1.106627
2023-06-20,3,Cryptophyta,1.8699645,1.0934722
2023-06-21,3,Cryptophyta,3.3475523,1.3411217
2023-06-22,3,Cryptophyta,4.0936656,1.0177612
2023-06-23,3,Cryptophyta,5.212351,1.4863063
2023-06-24,3,Cryptophyta,6.072758,2.1977324
2023-06-25,3,Cryptophyta,5.693322,2.3628836
2023-06-26,3,Cryptophyta,5.938072,2.3201022
2023-06-27,3,Cryptophyta,6.255651,2.4721737
2023-06-28,3,Cryptophyta,6.574,2.4333005
2023-06-29,3,Cryptophyta,7.6921687,2.2328434
2023-06-30,3,Cryptophyta,9.32456,2.5524309
2023-07-01,3,Cryptophyta,6.118696,3.0036619
2023-07-02,3,Cryptophyta,5.874047,3.2476466
2023-07-03,3,Cryptophyta,6.4657016,3.319605
2023-07-04,3,Cryptophyta,9.029866,3.4705245
2023-07-05,3,Cryptophyta,9.039206,3.3482158
2023-07-06,3,Cryptophyta,9.048546,3.574723
2023-07-07,3,Cryptophyta,8.390148,3.7861972
2023-07-08,3,Cryptophyta,8.070246,3.7570245
2023-07-09,3,Cryptophyta,9.251422,3.8150566
2023-07-10,3,Cryptophyta,7.703793,3.8091743
2023-07-11,3,Cryptophyta,5.677761,3.7722092
2023-07-12,3,Cryptophyta,4.203484,3.7327454
2023-07-13,3,Cryptophyta,3.7054465,2.6596048
2023-07-14,3,Cryptophyta,2.8924713,3.483719
2023-07-15,3,Cryptophyta,2.5350773,2.8423913
2023-07-16,3,Cryptophyta,2.1989539,2.7867134
2023-07-17,3,Cryptophyta,2.3571,2.742454
2023-07-18,3,Cryptophyta,2.2635317,2.481338
2023-07-19,3,Cryptophyta,2.2437925,2.2198637
2023-07-20,3,Cryptophyta,2.896344,2.6100016
2023-07-21,3,Cryptophyta,6.2929935,2.5436344
2023-07-22,3,Cryptophyta,6.738102,2.597065
2023-07-23,3,Cryptophyta,7.183211,2.7879732
2023-07-24,3,Cryptophyta,7.685931,3.3244393
2023-07-25,3,Cryptophyta,8.0122,3.408637
2023-07-26,3,Cryptophyta,9.50315,3.1545146
2023-07-27,3,Cryptophyta,6.242461,3.4915054
2023-07-28,3,Cryptophyta,3.7934585,3.4974773
2023-07-29,3,Cryptophyta,3.7060483,3.5417712
2023-07-30,3,Cryptophyta,4.798678,2.7827485
2023-07-31,3,Cryptophyta,5.312769,2.7866206
2023-08-01,3,Cryptophyta,4.807978,2.7881424
2023-08-02,3,Cryptophyta,5.1036863,3.1061165
2023-08-03,3,Cryptophyta,7.267846,3.0765913
2023-08-04,3,Cryptophyta,6.624954,3.1389627
2023-08-05,3,Cryptophyta,9.552635,3.1260657
2023-08-06,3,Cryptophyta,9.511289,3.293795
2023-08-07,3,Cryptophyta,9.469944,3.1613917
2023-08-08,3,Cryptophyta,9.428597,3.380953
2023-08-09,3,Cryptophyta,7.984899,3.394075
2023-08-10,3,Cryptophyta,6.058531,3.2966008
2023-08-11,3,Cryptophyta,5.654987,3.2060215
2023-08-12,3,Cryptophyta,5.1433764,3.3129547
2023-08-13,3,Cryptophyta,6.11593,3.1768594
2023-08-14,3,Cryptophyta,8.257987,3.5310075
2023-08-15,3,Cryptophyta,7.4124427,3.4361317
2023-08-16,3,Cryptophyta,6.184389,3.5134556
2023-08-17,3,Cryptophyta,2.5512493,3.5527227
2023-08-18,3,Cryptophyta,3.1742585,3.5790093
2023-08-19,3,Cryptophyta,3.7459614,3.3009613
2023-08-20,3,Cryptophyta,2.7918842,2.143284
2023-08-21,3,Cryptophyta,2.5527868,2.0833945
2023-08-22,3,Cryptophyta,2.5006547,2.3977287
2023-08-23,3,Cryptophyta,2.5931542,2.4985583
2023-08-24,3,Cryptophyta,2.4038517,2.2660005
2023-08-25,3,Cryptophyta,2.12962,2.0715942
2023-08-26,3,Cryptophyta,2.6475,2.0834105
2023-08-27,3,Cryptophyta,2.5876358,2.3614511
2023-08-28,3,Cryptophyta,2.6450179,1.7436987
2023-08-29,3,Cryptophyta,3.403212,2.1443572
2023-08-30,3,Cryptophyta,2.8871322,2.2442439
2023-08-31,3,Cryptophyta,2.8458216,2.2276366
2023-09-01,3,Cryptophyta,2.9603746,2.2663379
2023-09-02,3,Cryptophyta,2.9794774,2.3372154
2023-09-03,3,Cryptophyta,2.8369246,2.1343327
2023-09-04,3,Cryptophyta,2.7218082,2.1134305
2023-09-05,3,Cryptophyta,2.112845,2.2910793
2023-09-06,3,Cryptophyta,0.04749515,2.1690557
2023-09-07,3,Cryptophyta,0.26601022,2.2508135
2023-09-08,3,Cryptophyta,2.5536625,1.7314949
2023-09-09,3,Cryptophyta,2.6093724,0.81756854
2023-09-10,3,Cryptophyta,2.316723,0.7229657
2023-09-11,3,Cryptophyta,1.9911342,1.8425399
2023-09-12,3,Cryptophyta,1.7458469,2.3100593
2023-09-13,3,Cryptophyta,1.8351148,2.0436196
2023-09-14,3,Cryptophyta,2.1095014,1.9921005
2023-09-15,3,Cryptophyta,2.5304284,1.8312055
2023-09-16,3,Cryptophyta,2.2723098,1.969583
2023-09-17,3,Cryptophyta,1.7500002,1.9065075
2023-09-18,3,Cryptophyta,2.5075011,2.5356588
2023-09-19,3,Cryptophyta,3.096033,1.9211016
2023-09-20,3,Cryptophyta,4.1011615,1.5037171
2023-09-21,3,Cryptophyta,4.6832166,2.1269612
2023-09-22,3,Cryptophyta,3.7967741,2.4614177
2023-09-23,3,Cryptophyta,4.1924467,2.7219658
2023-09-24,3,Cryptophyta,4.0289173,2.8287566
2023-09-25,3,Cryptophyta,2.756178,2.5858052
2023-09-26,3,Cryptophyta,4.132515,2.751229
2023-09-27,3,Cryptophyta,3.435256,2.7888224
2023-09-28,3,Cryptophyta,3.4994173,2.3636682
2023-09-29,3,Cryptophyta,3.4379761,2.625417
2023-09-30,3,Cryptophyta,3.7087204,2.6920376
2023-10-01,3,Cryptophyta,3.5299013,2.5077393
2023-10-02,3,Cryptophyta,2.4059725,3.2251894
2023-10-03,3,Cryptophyta,2.6663723,2.5023465
2023-10-04,3,Cryptophyta,2.8094635,2.3823218
2023-10-05,3,Cryptophyta,2.406531,2.3708186
2023-10-06,3,Cryptophyta,2.0393844,2.0928586
2023-10-07,3,Cryptophyta,1.8184012,1.9203206
2023-10-08,3,Cryptophyta,1.8670961,1.859531
2023-10-09,3,Cryptophyta,2.1665063,1.8129323
2023-10-10,3,Cryptophyta,2.4892564,1.8233947
2023-10-11,3,Cryptophyta,2.2086902,1.8790936
2023-10-12,3,Cryptophyta,1.6117432,2.1276135
2023-10-13,3,Cryptophyta,3.1600454,2.0738232
2023-10-14,3,Cryptophyta,5.4156017,2.0994859
2023-10-15,3,Cryptophyta,5.559093,1.9115148
2023-10-16,3,Cryptophyta,2.1519644,2.575982
2023-10-17,3,Cryptophyta,2.2487733,2.955574
2023-10-18,3,Cryptophyta,4.1400843,2.8194263
2023-10-19,3,Cryptophyta,3.5796912,2.4059234
2023-10-20,3,Cryptophyta,4.094905,2.2544634
2023-10-21,3,Cryptophyta,2.643748,2.8767476
2023-10-22,3,Cryptophyta,3.6341314,2.6113374
2023-10-23,3,Cryptophyta,2.7132502,2.7211342
2023-10-24,3,Cryptophyta,4.40684,2.1730185
2023-10-25,3,Cryptophyta,6.3353786,2.586268
2023-10-26,3,Cryptophyta,5.0694957,2.2215106
2023-10-27,3,Cryptophyta,4.7068067,2.5995002
2023-10-28,3,Cryptophyta,2.4397392,2.9298978
2023-10-29,3,Cryptophyta,2.5866666,2.8861036
2023-10-30,3,Cryptophyta,2.3783805,2.795051
2023-10-31,3,Cryptophyta,3.3042376,2.2398877
2023-11-01,3,Cryptophyta,3.6788993,2.3493083
2023-11-02,3,Cryptophyta,2.9372442,2.5530522
2023-11-03,3,Cryptophyta,4.0153823,2.8247318
2023-11-04,3,Cryptophyta,2.9691207,2.897754
2023-11-05,3,Cryptophyta,4.6212864,2.7792647
2023-11-06,3,Cryptophyta,5.682647,3.1666634
2023-11-07,3,Cryptophyta,4.430414,1.8977214
2023-11-08,3,Cryptophyta,2.5491812,2.2058878
2023-11-09,3,Cryptophyta,2.577175,2.6058376
2023-11-10,3,Cryptophyta,2.1634166,2.368017
2023-11-11,3,Cryptophyta,1.5053525,2.0330663
2023-11-12,3,Cryptophyta,1.0600724,1.974232
2023-11-13,3,Cryptophyta,1.2939341,1.4821196
2023-11-14,3,Cryptophyta,1.9473946,1.8692901
2023-11-15,3,Cryptophyta,1.9738972,1.4979972
2023-11-16,3,Cryptophyta,1.8247457,1.5308777
2023-11-17,3,Cryptophyta,1.657275,1.9081295
2023-11-18,3,Cryptophyta,1.5474409,2.0837111
2023-11-19,3,Cryptophyta,1.0971582,2.0200264
2023-11-20,3,Cryptophyta,1.2624784,1.9290925
2023-11-21,3,Cryptophyta,0.9482711,1.802651
2023-11-22,3,Cryptophyta,1.8767328,1.5716857
2023-11-23,3,Cryptophyta,6.3925285,1.5417506
2023-11-24,3,Cryptophyta,4.2654333,1.1938615
2023-11-25,3,Cryptophyta,2.7321594,1.5439421
2023-11-26,3,Cryptophyta,1.7029,3.151894
2023-11-27,3,Cryptophyta,1.9832858,3.0730426
2023-11-28,3,Cryptophyta,3.521314,2.489773
2023-11-29,3,Cryptophyta,2.7741783,1.980986
2023-11-30,3,Cryptophyta,6.872362,2.1596193
2023-12-01,3,Cryptophyta,3.9785435,2.8794763
2023-12-02,3,Cryptophyta,3.0168524,2.8102138
2023-12-03,3,Cryptophyta,3.5640304,3.2332513
2023-12-04,3,Cryptophyta,2.9545367,2.6582096
2023-12-05,3,Cryptophyta,5.5100183,2.2762647
2023-12-06,3,Cryptophyta,6.003167,2.6881702
2023-12-07,3,Cryptophyta,3.810038,2.5944433
2023-12-08,3,Cryptophyta,2.5102015,2.8777888
2023-12-09,3,Cryptophyta,3.9716225,2.8634923
2023-12-10,3,Cryptophyta,3.3053324,2.414503
2023-12-11,3,Cryptophyta,4.866557,1.9694089
2023-12-12,3,Cryptophyta,6.099259,2.408743
2023-12-13,3,Cryptophyta,5.3320804,2.187629
2023-12-14,3,Cryptophyta,6.7810683,2.566242
2023-12-15,3,Cryptophyta,6.163149,2.6794407
2023-12-16,3,Cryptophyta,5.54523,2.5724041
2023-12-17,3,Cryptophyta,3.1431665,2.6581168
2023-12-18,3,Cryptophyta,3.3976405,2.6976006
2023-12-19,3,Cryptophyta,4.9305954,2.6977525
2023-12-20,3,Cryptophyta,3.6816366,2.2116332
2023-12-21,3,Cryptophyta,3.0250509,2.18124
2023-12-22,3,Cryptophyta,3.5993946,2.480875
2023-12-23,3,Cryptophyta,3.5110064,2.2496293
2023-12-24,3,Cryptophyta,3.3612518,2.121937
2023-12-25,3,Cryptophyta,4.143041,2.4459116
2023-12-26,3,Cryptophyta,8.3693905,2.4499557
2023-12-27,3,Cryptophyta,7.794155,2.3563197
2023-12-28,3,Cryptophyta,7.2189183,2.4234855
2023-12-29,3,Cryptophyta,4.318471,2.7967215
