date,horizon,target,true_value,pred_value
2020-10-28,1,Cyanobacteria,2.785,1.8486538
2020-10-29,1,Cyanobacteria,1.9198873,2.3050177
2020-10-30,1,Cyanobacteria,0.9165894,1.9927121
2020-10-31,1,Cyanobacteria,1.3927351,1.4493573
2020-11-01,1,Cyanobacteria,1.3244635,1.543915
2020-11-02,1,Cyanobacteria,1.4207313,1.5678192
2020-11-03,1,Cyanobacteria,1.6778421,1.5680279
2020-11-04,1,Cyanobacteria,1.990452,1.6373761
2020-11-05,1,Cyanobacteria,2.022165,1.7910372
2020-11-06,1,Cyanobacteria,2.008798,1.8051678
2020-11-07,1,Cyanobacteria,1.885076,1.795812
2020-11-08,1,Cyanobacteria,1.9127102,1.6698694
2020-11-09,1,Cyanobacteria,1.7077882,1.5118883
2020-11-10,1,Cyanobacteria,1.6468678,1.4545074
2020-11-11,1,Cyanobacteria,1.6813062,1.393109
2020-11-12,1,Cyanobacteria,1.9224818,1.394579
2020-11-13,1,Cyanobacteria,1.6967794,1.4925457
2020-11-14,1,Cyanobacteria,2.2499926,1.4446421
2020-11-15,1,Cyanobacteria,2.0681548,1.6752573
2020-11-16,1,Cyanobacteria,1.7629341,1.6036968
2020-11-17,1,Cyanobacteria,1.6316327,1.5138445
2020-11-18,1,Cyanobacteria,1.4976882,1.3889613
2020-11-19,1,Cyanobacteria,1.2110482,1.405158
2020-11-20,1,Cyanobacteria,1.6200837,1.1982116
2020-11-21,1,Cyanobacteria,1.108683,1.4535029
2020-11-22,1,Cyanobacteria,1.0693725,1.2781932
2020-11-23,1,Cyanobacteria,1.2781522,1.2478647
2020-11-24,1,Cyanobacteria,1.5949926,1.3546739
2020-11-25,1,Cyanobacteria,1.621545,1.4704425
2020-11-26,1,Cyanobacteria,0.6157164,1.4772984
2020-11-27,1,Cyanobacteria,1.1531911,1.1748979
2020-11-28,1,Cyanobacteria,1.334508,1.292605
2020-11-29,1,Cyanobacteria,1.2755716,1.3449819
2020-11-30,1,Cyanobacteria,1.4539436,1.3655928
2020-12-01,1,Cyanobacteria,1.416155,1.4384805
2020-12-02,1,Cyanobacteria,1.3794355,1.4942664
2020-12-03,1,Cyanobacteria,1.5929089,1.4689265
2020-12-04,1,Cyanobacteria,1.6844646,1.5503839
2020-12-05,1,Cyanobacteria,1.6305789,1.6702635
2020-12-06,1,Cyanobacteria,1.537851,1.5735203
2020-12-07,1,Cyanobacteria,1.4415424,1.5823586
2020-12-08,1,Cyanobacteria,1.3017017,1.4334267
2020-12-09,1,Cyanobacteria,1.1760101,1.3771205
2020-12-10,1,Cyanobacteria,1.2858943,1.2957817
2020-12-11,1,Cyanobacteria,1.2478929,1.3075643
2020-12-12,1,Cyanobacteria,1.1700652,1.2906996
2020-12-13,1,Cyanobacteria,0.7562853,1.2152177
2020-12-14,1,Cyanobacteria,1.4720767,1.0371081
2020-12-15,1,Cyanobacteria,1.6189508,1.3323166
2020-12-16,1,Cyanobacteria,1.7228365,1.4878571
2020-12-17,1,Cyanobacteria,1.7015278,1.599664
2020-12-18,1,Cyanobacteria,1.5606419,1.5150794
2020-12-19,1,Cyanobacteria,1.410767,1.4535313
2020-12-20,1,Cyanobacteria,1.231288,1.3816398
2020-12-21,1,Cyanobacteria,1.0281318,1.2472587
2020-12-22,1,Cyanobacteria,0.94908035,1.1423339
2020-12-23,1,Cyanobacteria,0.5109782,1.0776631
2020-12-24,1,Cyanobacteria,0.7968573,0.82285005
2020-12-25,1,Cyanobacteria,0.9004562,0.8182778
2020-12-26,1,Cyanobacteria,1.0766836,0.924932
2020-12-27,1,Cyanobacteria,0.95042,1.0143026
2020-12-28,1,Cyanobacteria,0.5107458,0.9741009
2020-12-29,1,Cyanobacteria,0.2183068,0.7957977
2020-12-30,1,Cyanobacteria,1.2127858,0.78257966
2020-12-31,1,Cyanobacteria,0.92782927,1.0405493
2021-01-01,1,Cyanobacteria,1.2508177,1.1690979
2021-01-02,1,Cyanobacteria,1.2944026,1.2478687
2021-01-03,1,Cyanobacteria,1.232453,1.2847393
2021-01-04,1,Cyanobacteria,1.0558363,1.2172539
2021-01-05,1,Cyanobacteria,1.1140188,1.1046773
2021-01-06,1,Cyanobacteria,1.0396379,1.0720166
2021-01-07,1,Cyanobacteria,1.0007603,0.9940647
2021-01-08,1,Cyanobacteria,1.133749,0.93916035
2021-01-09,1,Cyanobacteria,1.1601809,1.0006722
2021-01-10,1,Cyanobacteria,1.2568814,0.9998173
2021-01-11,1,Cyanobacteria,1.1985952,1.0073396
2021-01-12,1,Cyanobacteria,1.1570984,0.9789875
2021-01-13,1,Cyanobacteria,1.1095513,0.9265397
2021-01-14,1,Cyanobacteria,1.023268,0.8690726
2021-01-15,1,Cyanobacteria,0.7892397,0.8277576
2021-01-16,1,Cyanobacteria,0.5160029,0.74405855
2021-01-17,1,Cyanobacteria,0.6644501,0.705094
2021-01-18,1,Cyanobacteria,0.72609264,0.70040876
2021-01-19,1,Cyanobacteria,0.80248195,0.74780715
2021-01-20,1,Cyanobacteria,0.5337771,0.79635787
2021-01-21,1,Cyanobacteria,0.47094068,0.80122745
2021-01-22,1,Cyanobacteria,0.73403335,0.636464
2021-01-23,1,Cyanobacteria,0.5746165,0.73734105
2021-01-24,1,Cyanobacteria,0.9917221,0.72628725
2021-01-25,1,Cyanobacteria,0.90726936,1.037068
2021-01-26,1,Cyanobacteria,1.368466,1.1308976
2021-01-27,1,Cyanobacteria,1.1996093,1.1110858
2021-01-28,1,Cyanobacteria,1.1409117,0.93338954
2021-01-29,1,Cyanobacteria,1.1614038,1.009133
2021-01-30,1,Cyanobacteria,0.9247902,1.0572822
2021-01-31,1,Cyanobacteria,0.8163143,0.95431083
2021-02-01,1,Cyanobacteria,0.68247646,0.88179946
2021-02-02,1,Cyanobacteria,0.7478566,0.7457841
2021-02-03,1,Cyanobacteria,0.9111803,0.70421547
2021-02-04,1,Cyanobacteria,0.80073136,0.74908143
2021-02-05,1,Cyanobacteria,0.7012689,0.7346028
2021-02-06,1,Cyanobacteria,0.6910789,0.6886937
2021-02-07,1,Cyanobacteria,0.677118,0.65928316
2021-02-08,1,Cyanobacteria,0.8998841,0.60292655
2021-02-09,1,Cyanobacteria,0.6313663,0.6426172
2021-02-10,1,Cyanobacteria,0.74432606,0.598876
2021-02-11,1,Cyanobacteria,0.8625417,0.61085045
2021-02-12,1,Cyanobacteria,0.97663283,0.63828516
2021-02-13,1,Cyanobacteria,0.55862415,0.59024
2021-02-14,1,Cyanobacteria,0.37615052,0.44882545
2021-02-15,1,Cyanobacteria,0.6475181,0.44368878
2021-02-16,1,Cyanobacteria,0.53772795,0.48117873
2021-02-17,1,Cyanobacteria,0.71482635,0.5525825
2021-02-18,1,Cyanobacteria,0.59031117,0.64937055
2021-02-19,1,Cyanobacteria,0.70318836,0.78544754
2021-02-20,1,Cyanobacteria,0.69292545,0.83057684
2021-02-21,1,Cyanobacteria,0.635275,0.81163794
2021-02-22,1,Cyanobacteria,0.7406807,0.75009304
2021-02-23,1,Cyanobacteria,0.875916,0.7459845
2021-02-24,1,Cyanobacteria,0.83096313,0.7745185
2021-02-25,1,Cyanobacteria,0.85622466,0.8095382
2021-02-26,1,Cyanobacteria,1.0751342,0.7989683
2021-02-27,1,Cyanobacteria,1.2290095,0.8668874
2021-02-28,1,Cyanobacteria,1.2229925,0.924907
2021-03-01,1,Cyanobacteria,1.253146,0.9260402
2021-03-02,1,Cyanobacteria,1.3632498,1.0108415
2021-03-03,1,Cyanobacteria,0.8552822,1.0743028
2021-03-04,1,Cyanobacteria,1.1125977,0.8884285
2021-03-05,1,Cyanobacteria,0.81280756,0.9008789
2021-03-06,1,Cyanobacteria,0.8352894,0.8675853
2021-03-07,1,Cyanobacteria,0.7107815,0.7782834
2021-03-08,1,Cyanobacteria,0.8574656,0.80035055
2021-03-09,1,Cyanobacteria,0.77764106,0.78715354
2021-03-10,1,Cyanobacteria,0.89971054,0.7376012
2021-03-11,1,Cyanobacteria,0.7533502,0.7428666
2021-03-12,1,Cyanobacteria,0.3883647,0.72064584
2021-03-13,1,Cyanobacteria,0.3952388,0.61052597
2021-03-14,1,Cyanobacteria,1.1506295,0.5820887
2021-03-15,1,Cyanobacteria,1.0597106,0.96422434
2021-03-16,1,Cyanobacteria,1.0960565,1.1448088
2021-03-17,1,Cyanobacteria,1.274508,1.1965888
2021-03-18,1,Cyanobacteria,1.3935528,1.2834553
2021-03-19,1,Cyanobacteria,1.3325905,1.2880486
2021-03-20,1,Cyanobacteria,1.3198698,1.261461
2021-03-21,1,Cyanobacteria,1.3761505,1.2775857
2021-03-22,1,Cyanobacteria,1.1251593,1.3256135
2021-03-23,1,Cyanobacteria,0.9094642,1.1764057
2021-03-24,1,Cyanobacteria,1.1613843,1.0659825
2021-03-25,1,Cyanobacteria,1.0459361,1.1427073
2021-03-26,1,Cyanobacteria,0.8975687,1.0875709
2021-03-27,1,Cyanobacteria,0.6828747,0.9866427
2021-03-28,1,Cyanobacteria,0.7303548,0.862446
2021-03-29,1,Cyanobacteria,0.41225198,0.86247426
2021-03-30,1,Cyanobacteria,0.111810274,0.76977694
2021-03-31,1,Cyanobacteria,0.5293086,0.8273624
2021-04-01,1,Cyanobacteria,1.298798,1.0447652
2021-04-02,1,Cyanobacteria,1.4947647,1.399298
2021-04-03,1,Cyanobacteria,1.5875887,1.5975602
2021-04-04,1,Cyanobacteria,1.6624764,1.6355735
2021-04-05,1,Cyanobacteria,1.5121635,1.5747246
2021-04-06,1,Cyanobacteria,1.4354631,1.4503332
2021-04-07,1,Cyanobacteria,1.4178132,1.3527374
2021-04-08,1,Cyanobacteria,1.4679812,1.318044
2021-04-09,1,Cyanobacteria,1.3545152,1.3997889
2021-04-10,1,Cyanobacteria,1.2440883,1.2379694
2021-04-11,1,Cyanobacteria,1.0756367,1.1218114
2021-04-12,1,Cyanobacteria,0.7194786,1.028966
2021-04-13,1,Cyanobacteria,0.7790297,0.85767066
2021-04-14,1,Cyanobacteria,0.8630123,0.84603775
2021-04-15,1,Cyanobacteria,0.56722665,0.909062
2021-04-16,1,Cyanobacteria,1.0409226,0.9769515
2021-04-17,1,Cyanobacteria,0.69225204,1.0758613
2021-04-18,1,Cyanobacteria,1.2849385,1.0247462
2021-04-19,1,Cyanobacteria,1.2466329,1.236456
2021-04-20,1,Cyanobacteria,1.3180811,1.2857276
2021-04-21,1,Cyanobacteria,1.1071904,1.3237522
2021-04-22,1,Cyanobacteria,0.6878566,1.2185626
2021-04-23,1,Cyanobacteria,0.5611079,1.0431219
2021-04-24,1,Cyanobacteria,0.8025344,0.9801434
2021-04-25,1,Cyanobacteria,0.78728455,1.025911
2021-04-26,1,Cyanobacteria,1.6280825,1.184389
2021-04-27,1,Cyanobacteria,1.9490377,1.5472089
2021-04-28,1,Cyanobacteria,1.6121202,1.6708353
2021-04-29,1,Cyanobacteria,1.4643126,1.6600531
2021-04-30,1,Cyanobacteria,1.5555934,1.4689738
2021-05-01,1,Cyanobacteria,1.5656585,1.4115099
2021-05-02,1,Cyanobacteria,1.2381549,1.4618039
2021-05-03,1,Cyanobacteria,1.0236812,1.406457
2021-05-04,1,Cyanobacteria,1.7144799,1.3570371
2021-05-05,1,Cyanobacteria,1.3347807,1.3010887
2021-05-06,1,Cyanobacteria,1.2243872,1.1919674
2021-05-07,1,Cyanobacteria,1.3597454,1.184097
2021-05-08,1,Cyanobacteria,1.0678822,1.2395055
2021-05-09,1,Cyanobacteria,1.0264472,1.292844
2021-05-10,1,Cyanobacteria,0.76781476,1.3421854
2021-05-11,1,Cyanobacteria,0.6906947,1.3300847
2021-05-12,1,Cyanobacteria,1.008741,1.3452885
2021-05-13,1,Cyanobacteria,1.2948915,1.571815
2021-05-14,1,Cyanobacteria,2.0710855,1.6335793
2021-05-15,1,Cyanobacteria,2.2474167,1.988823
2021-05-16,1,Cyanobacteria,1.9920912,2.163255
2021-05-17,1,Cyanobacteria,1.6489002,1.9790033
2021-05-18,1,Cyanobacteria,1.794537,1.8106536
2021-05-19,1,Cyanobacteria,2.0734396,1.836208
2021-05-20,1,Cyanobacteria,2.1479883,1.9488487
2021-05-21,1,Cyanobacteria,2.0209045,2.1253197
2021-05-22,1,Cyanobacteria,2.2535193,2.1289873
2021-05-23,1,Cyanobacteria,2.2723534,2.508862
2021-05-24,1,Cyanobacteria,2.63233,2.5892
2021-05-25,1,Cyanobacteria,2.3065703,3.0596185
2021-05-26,1,Cyanobacteria,1.9421636,2.5760076
2021-05-27,1,Cyanobacteria,2.2319682,2.3311553
2021-05-28,1,Cyanobacteria,4.1579432,3.0593698
2021-05-29,1,Cyanobacteria,4.3492618,4.445933
2021-05-30,1,Cyanobacteria,2.6183937,4.3606906
2021-05-31,1,Cyanobacteria,2.6154816,2.9502277
2021-06-01,1,Cyanobacteria,5.352636,2.9163842
2021-06-02,1,Cyanobacteria,4.717726,4.58094
2021-06-03,1,Cyanobacteria,2.962998,4.1031303
2021-06-04,1,Cyanobacteria,3.0213976,2.9973676
2021-06-05,1,Cyanobacteria,2.9233599,3.082826
2021-06-06,1,Cyanobacteria,2.5688848,2.8054368
2021-06-07,1,Cyanobacteria,2.928039,2.5876892
2021-06-08,1,Cyanobacteria,2.7149856,2.8049755
2021-06-09,1,Cyanobacteria,2.3156078,2.9780943
2021-06-10,1,Cyanobacteria,2.2857888,2.3610322
2021-06-11,1,Cyanobacteria,2.4744864,2.270692
2021-06-12,1,Cyanobacteria,3.0040839,2.3942378
2021-06-13,1,Cyanobacteria,4.336705,2.7959988
2021-06-14,1,Cyanobacteria,3.6870964,3.6299183
2021-06-15,1,Cyanobacteria,1.1724981,3.275364
2021-06-16,1,Cyanobacteria,0.89654595,2.2483048
2021-06-17,1,Cyanobacteria,1.6896162,2.0622463
2021-06-18,1,Cyanobacteria,3.3528886,2.4680073
2021-06-19,1,Cyanobacteria,3.2436857,3.3969424
2021-06-20,1,Cyanobacteria,3.6387465,3.545938
2021-06-21,1,Cyanobacteria,2.835984,3.7699077
2021-06-22,1,Cyanobacteria,1.9431771,3.2315352
2021-06-23,1,Cyanobacteria,2.2497613,2.733586
2021-06-24,1,Cyanobacteria,2.3033574,2.8066182
2021-06-25,1,Cyanobacteria,1.9838712,2.636016
2021-06-26,1,Cyanobacteria,2.2046309,2.424367
2021-06-27,1,Cyanobacteria,4.0340667,2.6397073
2021-06-28,1,Cyanobacteria,5.868067,4.4572787
2021-06-29,1,Cyanobacteria,5.3050866,5.780168
2021-06-30,1,Cyanobacteria,4.742106,5.007422
2021-07-01,1,Cyanobacteria,3.2076483,4.4061313
2021-07-02,1,Cyanobacteria,3.4847536,3.2772098
2021-07-03,1,Cyanobacteria,4.0390015,3.5800068
2021-07-04,1,Cyanobacteria,3.948705,4.044195
2021-07-05,1,Cyanobacteria,4.7784224,3.548161
2021-07-06,1,Cyanobacteria,4.2812166,4.1581893
2021-07-07,1,Cyanobacteria,3.7561839,3.7545054
2021-07-08,1,Cyanobacteria,3.5484276,3.263843
2021-07-09,1,Cyanobacteria,2.1638117,3.2687619
2021-07-10,1,Cyanobacteria,1.9270601,2.3356445
2021-07-11,1,Cyanobacteria,1.9104345,2.1999245
2021-07-12,1,Cyanobacteria,2.2324965,2.1232069
2021-07-13,1,Cyanobacteria,2.087728,2.3853588
2021-07-14,1,Cyanobacteria,1.2980666,2.270502
2021-07-15,1,Cyanobacteria,1.3932489,1.7769908
2021-07-16,1,Cyanobacteria,1.2500651,1.7197622
2021-07-17,1,Cyanobacteria,0.43407384,1.5796599
2021-07-18,1,Cyanobacteria,1.2796165,1.2732898
2021-07-19,1,Cyanobacteria,1.8222448,1.5158956
2021-07-20,1,Cyanobacteria,2.0859232,1.9286122
2021-07-21,1,Cyanobacteria,1.8950905,2.572497
2021-07-22,1,Cyanobacteria,2.1339176,2.4125023
2021-07-23,1,Cyanobacteria,2.1493194,2.5396059
2021-07-24,1,Cyanobacteria,4.662006,2.9011989
2021-07-25,1,Cyanobacteria,3.9590297,4.4440594
2021-07-26,1,Cyanobacteria,4.2673516,4.010389
2021-07-27,1,Cyanobacteria,4.232916,4.139291
2021-07-28,1,Cyanobacteria,2.8703907,4.0792065
2021-07-29,1,Cyanobacteria,2.1993053,3.1197104
2021-07-30,1,Cyanobacteria,2.0899277,2.8417456
2021-07-31,1,Cyanobacteria,2.1685455,2.5068676
2021-08-01,1,Cyanobacteria,3.3460565,3.092976
2021-08-02,1,Cyanobacteria,5.6828313,4.215395
2021-08-03,1,Cyanobacteria,4.7732515,5.5219393
2021-08-04,1,Cyanobacteria,4.0578346,4.573821
2021-08-05,1,Cyanobacteria,5.5061984,4.2400436
2021-08-06,1,Cyanobacteria,5.3274107,4.78114
2021-08-07,1,Cyanobacteria,5.148622,4.4432645
2021-08-08,1,Cyanobacteria,3.2820683,4.291577
2021-08-09,1,Cyanobacteria,2.7275743,3.039962
2021-08-10,1,Cyanobacteria,2.468589,2.7625384
2021-08-11,1,Cyanobacteria,2.8743272,2.422248
2021-08-12,1,Cyanobacteria,2.9775615,2.7796607
2021-08-13,1,Cyanobacteria,2.9190001,2.8521423
2021-08-14,1,Cyanobacteria,2.5640225,2.8047092
2021-08-15,1,Cyanobacteria,2.6541495,2.6336842
2021-08-16,1,Cyanobacteria,2.9796264,2.758594
2021-08-17,1,Cyanobacteria,3.3871398,2.7540176
2021-08-18,1,Cyanobacteria,2.8336039,2.98636
2021-08-19,1,Cyanobacteria,1.4002497,2.9399257
2021-08-20,1,Cyanobacteria,2.1858518,2.525106
2021-08-21,1,Cyanobacteria,3.8102813,2.725052
2021-08-22,1,Cyanobacteria,4.623089,3.5147178
2021-08-23,1,Cyanobacteria,3.8476396,4.7049394
2021-08-24,1,Cyanobacteria,3.6913338,4.2054873
2021-08-25,1,Cyanobacteria,5.2736855,3.9780579
2021-08-26,1,Cyanobacteria,5.886749,4.8984494
2021-08-27,1,Cyanobacteria,6.328652,4.8969646
2021-08-28,1,Cyanobacteria,5.913598,5.02949
2021-08-29,1,Cyanobacteria,5.4985447,4.5831785
2021-08-30,1,Cyanobacteria,4.998421,4.362479
2021-08-31,1,Cyanobacteria,3.173958,4.0810137
2021-09-01,1,Cyanobacteria,2.4867873,2.818117
2021-09-02,1,Cyanobacteria,2.2553763,2.4728985
2021-09-03,1,Cyanobacteria,2.089725,2.3502986
2021-09-04,1,Cyanobacteria,2.1701736,2.2284997
2021-09-05,1,Cyanobacteria,2.752026,2.357977
2021-09-06,1,Cyanobacteria,2.4418018,2.7976148
2021-09-07,1,Cyanobacteria,2.3925562,2.53246
2021-09-08,1,Cyanobacteria,2.2696092,2.579434
2021-09-09,1,Cyanobacteria,3.9620116,2.6249523
2021-09-10,1,Cyanobacteria,3.368864,3.8809273
2021-09-11,1,Cyanobacteria,3.444725,3.7831976
2021-09-12,1,Cyanobacteria,4.387453,3.790507
2021-09-13,1,Cyanobacteria,3.7823026,4.1854134
2021-09-14,1,Cyanobacteria,3.6403475,3.7957377
2021-09-15,1,Cyanobacteria,3.4074223,3.556825
2021-09-16,1,Cyanobacteria,2.904714,3.0986135
2021-09-17,1,Cyanobacteria,2.246401,2.6977823
2021-09-18,1,Cyanobacteria,1.8525054,2.2671535
2021-09-19,1,Cyanobacteria,1.9603258,1.9839306
2021-09-20,1,Cyanobacteria,1.8784577,1.9559207
2021-09-21,1,Cyanobacteria,1.6022085,2.0278249
2021-09-22,1,Cyanobacteria,1.6334975,1.8633177
2021-09-23,1,Cyanobacteria,1.6335725,2.1196444
2021-09-24,1,Cyanobacteria,1.7263433,2.1511705
2021-09-25,1,Cyanobacteria,1.7499204,2.10547
2021-09-26,1,Cyanobacteria,1.902614,2.0415018
2021-09-27,1,Cyanobacteria,1.9976249,2.1235387
2021-09-28,1,Cyanobacteria,2.0052354,1.9997817
2021-09-29,1,Cyanobacteria,1.9031209,2.1015253
2021-09-30,1,Cyanobacteria,2.1214771,2.0466814
2021-10-01,1,Cyanobacteria,1.6440406,2.1297941
2021-10-02,1,Cyanobacteria,1.4304897,1.7866678
2021-10-03,1,Cyanobacteria,1.5464485,1.6032925
2021-10-04,1,Cyanobacteria,1.6624073,1.6242825
2021-10-05,1,Cyanobacteria,1.7783661,1.7061632
2021-10-06,1,Cyanobacteria,1.8943249,1.8829871
2021-10-07,1,Cyanobacteria,2.0102837,2.1075966
2021-10-08,1,Cyanobacteria,2.1262426,2.1007495
2021-10-09,1,Cyanobacteria,2.2422013,2.0667589
2021-10-10,1,Cyanobacteria,2.3581603,2.1976123
2021-10-11,1,Cyanobacteria,2.474119,2.4199104
2021-10-12,1,Cyanobacteria,2.5900779,2.520752
2021-10-13,1,Cyanobacteria,2.376394,2.6886463
2021-10-14,1,Cyanobacteria,2.2953513,2.502123
2021-10-15,1,Cyanobacteria,4.095699,2.4572413
2021-10-16,1,Cyanobacteria,5.2911153,4.091771
2021-10-17,1,Cyanobacteria,3.2535,4.64239
2021-10-18,1,Cyanobacteria,3.1076484,2.8620925
2021-10-19,1,Cyanobacteria,2.6348336,2.671465
2021-10-20,1,Cyanobacteria,2.2041533,2.3982713
2021-10-21,1,Cyanobacteria,2.0151665,2.142625
2021-10-22,1,Cyanobacteria,1.8319536,1.9849175
2021-10-23,1,Cyanobacteria,1.7161505,1.7022309
2021-10-24,1,Cyanobacteria,1.7125037,1.5971104
2021-10-25,1,Cyanobacteria,1.5120782,1.5971917
2021-10-26,1,Cyanobacteria,1.6121708,1.4552581
2021-10-27,1,Cyanobacteria,1.3440738,1.4729543
2021-10-28,1,Cyanobacteria,1.1399204,1.3615505
2021-10-29,1,Cyanobacteria,1.698126,1.252199
2021-10-30,1,Cyanobacteria,2.3341606,1.5117294
2021-10-31,1,Cyanobacteria,1.9348481,1.84882
2021-11-01,1,Cyanobacteria,1.7935673,1.7294962
2021-11-02,1,Cyanobacteria,1.2920767,1.5602192
2021-11-03,1,Cyanobacteria,1.3757019,1.3477445
2021-11-04,1,Cyanobacteria,1.350919,1.3351493
2021-11-05,1,Cyanobacteria,1.281809,1.3202423
2021-11-06,1,Cyanobacteria,1.0622793,1.2491964
2021-11-07,1,Cyanobacteria,0.91401154,1.1513376
2021-11-08,1,Cyanobacteria,1.5847178,1.0956529
2021-11-09,1,Cyanobacteria,1.2513965,1.3179554
2021-11-10,1,Cyanobacteria,1.065916,1.2763838
2021-11-11,1,Cyanobacteria,1.2520332,1.1862756
2021-11-12,1,Cyanobacteria,1.2013613,1.1949611
2021-11-13,1,Cyanobacteria,1.2783864,1.1734343
2021-11-14,1,Cyanobacteria,1.3271418,1.1840129
2021-11-15,1,Cyanobacteria,1.343092,1.2269907
2021-11-16,1,Cyanobacteria,1.420963,1.260335
2021-11-17,1,Cyanobacteria,1.2887958,1.3186721
2021-11-18,1,Cyanobacteria,1.3203533,1.2551619
2021-11-19,1,Cyanobacteria,1.3825127,1.2541548
2021-11-20,1,Cyanobacteria,1.2764591,1.3455195
2021-11-21,1,Cyanobacteria,1.1090586,1.3474923
2021-11-22,1,Cyanobacteria,1.129356,1.2757803
2021-11-23,1,Cyanobacteria,1.2800362,1.3080009
2021-11-24,1,Cyanobacteria,1.1554124,1.3856156
2021-11-25,1,Cyanobacteria,1.1848153,1.3071742
2021-11-26,1,Cyanobacteria,1.2934299,1.2940621
2021-11-27,1,Cyanobacteria,1.2571418,1.3373585
2021-11-28,1,Cyanobacteria,1.2306077,1.3544543
2021-11-29,1,Cyanobacteria,1.0336133,1.3400888
2021-11-30,1,Cyanobacteria,0.86162925,1.2279861
2021-12-01,1,Cyanobacteria,1.5704707,1.1143936
2021-12-02,1,Cyanobacteria,1.5914989,1.5069059
2021-12-03,1,Cyanobacteria,1.3629906,1.6164416
2021-12-04,1,Cyanobacteria,1.3497757,1.372357
2021-12-05,1,Cyanobacteria,1.1732706,1.1918899
2021-12-06,1,Cyanobacteria,1.1404066,1.0332687
2021-12-07,1,Cyanobacteria,1.1583865,0.9918397
2021-12-08,1,Cyanobacteria,1.128018,0.9693544
2021-12-09,1,Cyanobacteria,0.9754814,0.9569399
2021-12-10,1,Cyanobacteria,1.0479378,0.9368677
2021-12-11,1,Cyanobacteria,0.8021346,0.95099807
2021-12-12,1,Cyanobacteria,0.8941274,0.83465403
2021-12-13,1,Cyanobacteria,0.6927569,0.8637228
2021-12-14,1,Cyanobacteria,0.43221417,0.7848154
2021-12-15,1,Cyanobacteria,0.36057928,0.67282164
2021-12-16,1,Cyanobacteria,0.40863866,0.6345194
2021-12-17,1,Cyanobacteria,0.9727516,0.68329245
2021-12-18,1,Cyanobacteria,0.9826068,0.9224624
2021-12-19,1,Cyanobacteria,0.9490369,1.0022572
2021-12-20,1,Cyanobacteria,1.178531,1.0191892
2021-12-21,1,Cyanobacteria,1.2478871,1.1303668
2021-12-22,1,Cyanobacteria,1.3445659,1.1344023
2021-12-23,1,Cyanobacteria,0.59661365,1.2314104
2021-12-24,1,Cyanobacteria,0.46170765,0.82200027
2021-12-25,1,Cyanobacteria,0.85164493,0.61670405
2021-12-26,1,Cyanobacteria,0.97535455,0.74235976
2021-12-27,1,Cyanobacteria,0.95947784,0.87278825
2021-12-28,1,Cyanobacteria,0.76329446,0.9332954
2021-12-29,1,Cyanobacteria,0.85634834,0.8616421
2021-12-30,1,Cyanobacteria,0.6464471,0.9414951
2021-12-31,1,Cyanobacteria,0.90151423,0.8978733
2022-01-01,1,Cyanobacteria,0.776013,1.0367709
2022-01-02,1,Cyanobacteria,0.83620113,1.0332537
2022-01-03,1,Cyanobacteria,0.80412745,1.0508631
2022-01-04,1,Cyanobacteria,0.6765098,1.0508192
2022-01-05,1,Cyanobacteria,0.4595076,0.99027795
2022-01-06,1,Cyanobacteria,0.19878344,0.8955409
2022-01-07,1,Cyanobacteria,0.67120206,0.8556266
2022-01-08,1,Cyanobacteria,0.95592326,0.9973787
2022-01-09,1,Cyanobacteria,0.9327444,1.1412488
2022-01-10,1,Cyanobacteria,1.0224385,1.0907898
2022-01-11,1,Cyanobacteria,2.1481042,1.1765279
2022-01-12,1,Cyanobacteria,1.6652243,1.6024258
2022-01-13,1,Cyanobacteria,1.291042,1.462978
2022-01-14,1,Cyanobacteria,1.2574656,1.3303725
2022-01-15,1,Cyanobacteria,1.032084,1.2617073
2022-01-16,1,Cyanobacteria,0.9674892,1.1051657
2022-01-17,1,Cyanobacteria,0.94616944,1.0207278
2022-01-18,1,Cyanobacteria,0.92269367,1.0588881
2022-01-19,1,Cyanobacteria,0.8611079,0.9909359
2022-01-20,1,Cyanobacteria,0.82545257,0.9534185
2022-01-21,1,Cyanobacteria,0.8182259,0.89797884
2022-01-22,1,Cyanobacteria,1.1027879,0.8516622
2022-01-23,1,Cyanobacteria,0.7645185,0.9860887
2022-01-24,1,Cyanobacteria,1.7065123,0.74258107
2022-01-25,1,Cyanobacteria,0.64539075,1.0980816
2022-01-26,1,Cyanobacteria,0.76089376,1.0627214
2022-01-27,1,Cyanobacteria,0.5794614,1.1179719
2022-01-28,1,Cyanobacteria,0.7816709,1.1171199
2022-01-29,1,Cyanobacteria,0.8387186,1.1614221
2022-01-30,1,Cyanobacteria,1.1281649,1.3080233
2022-01-31,1,Cyanobacteria,1.231159,1.4688159
2022-02-01,1,Cyanobacteria,1.4238236,1.5080832
2022-02-02,1,Cyanobacteria,1.3295317,1.5068777
2022-02-03,1,Cyanobacteria,1.784645,1.445523
2022-02-04,1,Cyanobacteria,1.5408581,1.5656607
2022-02-05,1,Cyanobacteria,1.3269008,1.4600664
2022-02-06,1,Cyanobacteria,1.6413742,1.3020359
2022-02-07,1,Cyanobacteria,1.3831661,1.4277824
2022-02-08,1,Cyanobacteria,1.1718699,1.3479953
2022-02-09,1,Cyanobacteria,1.0272319,1.0827936
2022-02-10,1,Cyanobacteria,0.8104344,0.870467
2022-02-11,1,Cyanobacteria,1.0283359,0.6979378
2022-02-12,1,Cyanobacteria,0.6661383,0.8299881
2022-02-13,1,Cyanobacteria,0.37995383,0.71903515
2022-02-14,1,Cyanobacteria,0.6274094,0.6309185
2022-02-15,1,Cyanobacteria,0.6364919,0.6648936
2022-02-16,1,Cyanobacteria,0.35820666,0.7300755
2022-02-17,1,Cyanobacteria,0.08358897,0.66011643
2022-02-18,1,Cyanobacteria,0.010000016,0.52126056
2022-02-19,1,Cyanobacteria,0.3175398,0.84977794
2022-02-20,1,Cyanobacteria,1.462207,1.0950855
2022-02-21,1,Cyanobacteria,1.7990876,1.6986083
2022-02-22,1,Cyanobacteria,1.8775308,1.5864149
2022-02-23,1,Cyanobacteria,2.0480778,1.5305862
2022-02-24,1,Cyanobacteria,1.9205097,1.6066287
2022-02-25,1,Cyanobacteria,1.7929416,1.5450616
2022-02-26,1,Cyanobacteria,1.6653734,1.4297367
2022-02-27,1,Cyanobacteria,1.5378052,1.364237
2022-02-28,1,Cyanobacteria,1.4102371,1.2757069
2022-03-01,1,Cyanobacteria,1.1535721,1.2025256
2022-03-02,1,Cyanobacteria,0.7581607,1.0680493
2022-03-03,1,Cyanobacteria,0.4490297,0.90989274
2022-03-04,1,Cyanobacteria,0.2850868,0.6594083
2022-03-05,1,Cyanobacteria,0.06812587,0.5214561
2022-03-06,1,Cyanobacteria,0.120933406,0.22986045
2022-03-07,1,Cyanobacteria,0.05522464,0.18748814
2022-03-08,1,Cyanobacteria,0.50354815,0.19669797
2022-03-09,1,Cyanobacteria,0.66335267,0.42231044
2022-03-10,1,Cyanobacteria,0.40285924,0.42156127
2022-03-11,1,Cyanobacteria,0.014387229,0.2897656
2022-03-12,1,Cyanobacteria,0.015565208,0.017850263
2022-03-13,1,Cyanobacteria,0.010000016,-0.013597992
2022-03-14,1,Cyanobacteria,0.010050719,-0.011057051
2022-03-15,1,Cyanobacteria,0.010246022,0.06847745
2022-03-16,1,Cyanobacteria,0.036085412,0.20985515
2022-03-17,1,Cyanobacteria,0.21737875,0.53555346
2022-03-18,1,Cyanobacteria,0.42973912,0.7662765
2022-03-19,1,Cyanobacteria,0.7636884,1.0209751
2022-03-20,1,Cyanobacteria,1.1165409,1.2691473
2022-03-21,1,Cyanobacteria,1.9101883,1.4862069
2022-03-22,1,Cyanobacteria,2.1433985,1.8619157
2022-03-23,1,Cyanobacteria,2.1262445,2.0771198
2022-03-24,1,Cyanobacteria,1.9198624,2.151252
2022-03-25,1,Cyanobacteria,1.8753512,2.3180337
2022-03-26,1,Cyanobacteria,1.8713034,2.9812446
2022-03-27,1,Cyanobacteria,4.2593026,2.9281015
2022-03-28,1,Cyanobacteria,4.0173755,3.7386515
2022-03-29,1,Cyanobacteria,3.7754486,3.536652
2022-03-30,1,Cyanobacteria,2.644808,3.0780041
2022-03-31,1,Cyanobacteria,2.3579507,2.232227
2022-04-01,1,Cyanobacteria,2.3900943,2.09271
2022-04-02,1,Cyanobacteria,2.480131,2.2973993
2022-04-03,1,Cyanobacteria,2.149906,2.492191
2022-04-04,1,Cyanobacteria,1.8740696,2.042016
2022-04-05,1,Cyanobacteria,1.7214473,1.6203076
2022-04-06,1,Cyanobacteria,1.5688252,1.3919324
2022-04-07,1,Cyanobacteria,1.2899711,1.2828635
2022-04-08,1,Cyanobacteria,1.008827,1.020672
2022-04-09,1,Cyanobacteria,1.0090086,0.74579823
2022-04-10,1,Cyanobacteria,0.6801231,0.5048188
2022-04-11,1,Cyanobacteria,0.4421845,0.2940505
2022-04-12,1,Cyanobacteria,0.20424601,0.17636667
2022-04-13,1,Cyanobacteria,0.16290368,0.07707386
2022-04-14,1,Cyanobacteria,0.13675833,0.09389871
2022-04-15,1,Cyanobacteria,0.0103894295,0.17553306
2022-04-16,1,Cyanobacteria,0.47120208,0.39773998
2022-04-17,1,Cyanobacteria,0.9320147,0.6968
2022-04-18,1,Cyanobacteria,1.3928274,1.2572691
2022-04-19,1,Cyanobacteria,2.2509274,1.3514872
2022-04-20,1,Cyanobacteria,2.0586097,1.7854143
2022-04-21,1,Cyanobacteria,1.6260804,1.6933731
2022-04-22,1,Cyanobacteria,1.0518768,1.691455
2022-04-23,1,Cyanobacteria,0.91195065,1.4971333
2022-04-24,1,Cyanobacteria,1.1896162,1.439436
2022-04-25,1,Cyanobacteria,1.9769739,1.5219223
2022-04-26,1,Cyanobacteria,1.4171904,2.3088799
2022-04-27,1,Cyanobacteria,2.58336,2.0522077
2022-04-28,1,Cyanobacteria,2.152193,2.739773
2022-04-29,1,Cyanobacteria,2.1626146,2.55052
2022-04-30,1,Cyanobacteria,2.1730363,2.5281775
2022-05-01,1,Cyanobacteria,2.1815941,2.5328078
2022-05-02,1,Cyanobacteria,2.0878696,2.6826916
2022-05-03,1,Cyanobacteria,1.9130652,2.2075894
2022-05-04,1,Cyanobacteria,1.6117319,2.4023793
2022-05-05,1,Cyanobacteria,1.836971,1.9540192
2022-05-06,1,Cyanobacteria,2.0369325,1.6916668
2022-05-07,1,Cyanobacteria,1.9392464,1.642526
2022-05-08,1,Cyanobacteria,1.3235699,1.5782664
2022-05-09,1,Cyanobacteria,2.890058,1.6779437
2022-05-10,1,Cyanobacteria,2.2893047,2.4658678
2022-05-11,1,Cyanobacteria,2.080232,2.44673
2022-05-12,1,Cyanobacteria,2.0300615,2.376712
2022-05-13,1,Cyanobacteria,2.7703042,2.5463674
2022-05-14,1,Cyanobacteria,3.278558,3.3635519
2022-05-15,1,Cyanobacteria,3.915648,3.3009007
2022-05-16,1,Cyanobacteria,4.275109,3.6928008
2022-05-17,1,Cyanobacteria,2.8151412,3.2736535
2022-05-18,1,Cyanobacteria,2.0774837,2.3697276
2022-05-19,1,Cyanobacteria,1.9749783,2.0193994
2022-05-20,1,Cyanobacteria,1.7361549,2.0568507
2022-05-21,1,Cyanobacteria,1.4398187,1.983183
2022-05-22,1,Cyanobacteria,2.053594,1.8174855
2022-05-23,1,Cyanobacteria,1.9373734,2.3412998
2022-05-24,1,Cyanobacteria,1.7527878,2.4657187
2022-05-25,1,Cyanobacteria,1.9877247,2.5339205
2022-05-26,1,Cyanobacteria,1.7746773,2.0820105
2022-05-27,1,Cyanobacteria,2.4411938,2.6422024
2022-05-28,1,Cyanobacteria,3.1183374,3.145389
2022-05-29,1,Cyanobacteria,3.795481,3.3642757
2022-05-30,1,Cyanobacteria,4.472625,3.5521226
2022-05-31,1,Cyanobacteria,5.1497684,4.3122993
2022-06-01,1,Cyanobacteria,4.1820073,4.48189
2022-06-02,1,Cyanobacteria,3.2975852,3.5786047
2022-06-03,1,Cyanobacteria,4.2176213,3.9260066
2022-06-04,1,Cyanobacteria,6.272964,3.9899728
2022-06-05,1,Cyanobacteria,4.386336,5.062485
2022-06-06,1,Cyanobacteria,3.5452392,3.6828616
2022-06-07,1,Cyanobacteria,3.8714397,3.3203015
2022-06-08,1,Cyanobacteria,4.1976404,3.7870574
2022-06-09,1,Cyanobacteria,4.523841,4.020915
2022-06-10,1,Cyanobacteria,4.8500414,4.2235236
2022-06-11,1,Cyanobacteria,5.176242,4.437876
2022-06-12,1,Cyanobacteria,5.1198487,4.3831306
2022-06-13,1,Cyanobacteria,5.0634556,4.0326047
2022-06-14,1,Cyanobacteria,5.0070624,3.9866076
2022-06-15,1,Cyanobacteria,4.9506693,4.15137
2022-06-16,1,Cyanobacteria,4.894276,4.215141
2022-06-17,1,Cyanobacteria,2.3731694,4.0465975
2022-06-18,1,Cyanobacteria,1.219232,1.9772403
2022-06-19,1,Cyanobacteria,0.9798187,1.4547293
2022-06-20,1,Cyanobacteria,0.78918177,1.479087
2022-06-21,1,Cyanobacteria,0.83319336,1.5064372
2022-06-22,1,Cyanobacteria,1.5494641,1.576187
2022-06-23,1,Cyanobacteria,4.7543416,2.0259635
2022-06-24,1,Cyanobacteria,3.66243,4.32951
2022-06-25,1,Cyanobacteria,1.9184504,3.282796
2022-06-26,1,Cyanobacteria,2.8912816,1.9107403
2022-06-27,1,Cyanobacteria,2.743483,2.882897
2022-06-28,1,Cyanobacteria,2.3900073,2.7610834
2022-06-29,1,Cyanobacteria,2.7020102,2.3892639
2022-06-30,1,Cyanobacteria,2.2068284,2.933704
2022-07-01,1,Cyanobacteria,2.0284288,2.757731
2022-07-02,1,Cyanobacteria,2.504562,2.5259979
2022-07-03,1,Cyanobacteria,2.6843994,2.9320624
2022-07-04,1,Cyanobacteria,3.274656,3.1278474
2022-07-05,1,Cyanobacteria,3.1509414,3.4500372
2022-07-06,1,Cyanobacteria,3.4092262,3.3325067
2022-07-07,1,Cyanobacteria,2.602117,3.409944
2022-07-08,1,Cyanobacteria,2.0531843,2.755372
2022-07-09,1,Cyanobacteria,1.7956238,2.2090967
2022-07-10,1,Cyanobacteria,2.0568504,2.073519
2022-07-11,1,Cyanobacteria,2.372128,2.2584152
2022-07-12,1,Cyanobacteria,2.6012175,2.6993072
2022-07-13,1,Cyanobacteria,2.828348,3.099617
2022-07-14,1,Cyanobacteria,3.8188338,3.3035796
2022-07-15,1,Cyanobacteria,6.297978,4.709571
2022-07-16,1,Cyanobacteria,5.4864035,6.009366
2022-07-17,1,Cyanobacteria,6.516273,4.887485
2022-07-18,1,Cyanobacteria,4.57671,5.314882
2022-07-19,1,Cyanobacteria,3.2610588,3.958099
2022-07-20,1,Cyanobacteria,3.2007184,2.941079
2022-07-21,1,Cyanobacteria,3.3733938,3.0670264
2022-07-22,1,Cyanobacteria,3.3644865,2.9579108
2022-07-23,1,Cyanobacteria,3.8821256,3.138329
2022-07-24,1,Cyanobacteria,4.914276,3.635844
2022-07-25,1,Cyanobacteria,3.6174076,4.4833775
2022-07-26,1,Cyanobacteria,2.4253619,3.440493
2022-07-27,1,Cyanobacteria,3.0902102,2.8629925
2022-07-28,1,Cyanobacteria,3.2870235,3.073939
2022-07-29,1,Cyanobacteria,3.320978,3.4957767
2022-07-30,1,Cyanobacteria,3.3549325,3.1633496
2022-07-31,1,Cyanobacteria,3.3888872,3.2563498
2022-08-01,1,Cyanobacteria,3.4228415,3.1985824
2022-08-02,1,Cyanobacteria,3.4567962,3.265144
2022-08-03,1,Cyanobacteria,3.4907506,3.2901592
2022-08-04,1,Cyanobacteria,3.5247052,3.182411
2022-08-05,1,Cyanobacteria,3.5586596,3.583458
2022-08-06,1,Cyanobacteria,3.592614,3.6576278
2022-08-07,1,Cyanobacteria,3.6265686,3.581342
2022-08-08,1,Cyanobacteria,3.6605232,3.6611712
2022-08-09,1,Cyanobacteria,3.6944776,3.715864
2022-08-10,1,Cyanobacteria,3.728432,3.753398
2022-08-11,1,Cyanobacteria,3.7623866,3.8192317
2022-08-12,1,Cyanobacteria,3.796341,3.910586
2022-08-13,1,Cyanobacteria,3.8302956,3.9494925
2022-08-14,1,Cyanobacteria,3.8642502,4.1115384
2022-08-15,1,Cyanobacteria,3.8982048,3.902033
2022-08-16,1,Cyanobacteria,3.9321592,3.9307847
2022-08-17,1,Cyanobacteria,3.9661138,3.9712927
2022-08-18,1,Cyanobacteria,4.000068,3.936283
2022-08-19,1,Cyanobacteria,4.0340223,3.8626702
2022-08-20,1,Cyanobacteria,4.0679774,3.956878
2022-08-21,1,Cyanobacteria,4.1019316,3.9141362
2022-08-22,1,Cyanobacteria,4.135886,3.9602995
2022-08-23,1,Cyanobacteria,4.169841,3.998094
2022-08-24,1,Cyanobacteria,4.203795,3.9465444
2022-08-25,1,Cyanobacteria,4.2377496,4.1024766
2022-08-26,1,Cyanobacteria,4.271704,4.1053953
2022-08-27,1,Cyanobacteria,4.305659,4.271584
2022-08-28,1,Cyanobacteria,4.339613,4.369424
2022-08-29,1,Cyanobacteria,4.3735676,4.1128254
2022-08-30,1,Cyanobacteria,4.407522,3.9718611
2022-08-31,1,Cyanobacteria,4.441477,4.022287
2022-09-01,1,Cyanobacteria,4.475431,4.118813
2022-09-02,1,Cyanobacteria,4.5093856,4.3835983
2022-09-03,1,Cyanobacteria,4.54334,4.519072
2022-09-04,1,Cyanobacteria,4.577295,4.5320582
2022-09-05,1,Cyanobacteria,4.6112494,4.5933642
2022-09-06,1,Cyanobacteria,4.6452036,4.5198393
2022-09-07,1,Cyanobacteria,4.679158,4.4181647
2022-09-08,1,Cyanobacteria,4.713113,4.526752
2022-09-09,1,Cyanobacteria,4.7470675,4.6738715
2022-09-10,1,Cyanobacteria,4.781022,4.8357663
2022-09-11,1,Cyanobacteria,6.1217318,4.774595
2022-09-12,1,Cyanobacteria,6.153777,5.6876154
2022-09-13,1,Cyanobacteria,5.5154853,5.493087
2022-09-14,1,Cyanobacteria,4.42329,5.028402
2022-09-15,1,Cyanobacteria,3.8892832,4.335933
2022-09-16,1,Cyanobacteria,3.7135918,3.821861
2022-09-17,1,Cyanobacteria,2.9347034,3.5576348
2022-09-18,1,Cyanobacteria,4.431348,2.9557943
2022-09-19,1,Cyanobacteria,4.227647,4.0306597
2022-09-20,1,Cyanobacteria,2.5538044,3.5960305
2022-09-21,1,Cyanobacteria,2.390876,2.4269407
2022-09-22,1,Cyanobacteria,2.1660202,2.2327235
2022-09-23,1,Cyanobacteria,2.1745803,2.1074002
2022-09-24,1,Cyanobacteria,2.6702752,2.2370508
2022-09-25,1,Cyanobacteria,2.3401449,2.6750183
2022-09-26,1,Cyanobacteria,2.3833406,2.4808664
2022-09-27,1,Cyanobacteria,2.510181,2.6393695
2022-09-28,1,Cyanobacteria,4.2074294,2.7734675
2022-09-29,1,Cyanobacteria,4.753896,4.1828146
2022-09-30,1,Cyanobacteria,6.1951814,4.646246
2022-10-01,1,Cyanobacteria,3.065192,5.3629403
2022-10-02,1,Cyanobacteria,3.7090797,3.1564837
2022-10-03,1,Cyanobacteria,4.398922,3.6127443
2022-10-04,1,Cyanobacteria,5.0918016,4.185787
2022-10-05,1,Cyanobacteria,4.849297,4.462866
2022-10-06,1,Cyanobacteria,4.0219636,4.2517858
2022-10-07,1,Cyanobacteria,2.7237463,3.7360797
2022-10-08,1,Cyanobacteria,2.32,2.660324
2022-10-09,1,Cyanobacteria,3.2219276,2.2132301
2022-10-10,1,Cyanobacteria,3.2224002,2.7911563
2022-10-11,1,Cyanobacteria,2.4283636,2.9949653
2022-10-12,1,Cyanobacteria,2.2486668,2.4078252
2022-10-13,1,Cyanobacteria,2.2341595,2.419806
2022-10-14,1,Cyanobacteria,2.4454308,2.476147
2022-10-15,1,Cyanobacteria,2.189485,2.521917
2022-10-16,1,Cyanobacteria,2.4336784,2.2781749
2022-10-17,1,Cyanobacteria,2.1963432,2.5179482
2022-10-18,1,Cyanobacteria,1.77874,2.2837837
2022-10-19,1,Cyanobacteria,1.6230702,1.8979195
2022-10-20,1,Cyanobacteria,1.579081,1.8570169
2022-10-21,1,Cyanobacteria,1.7665725,1.8141958
2022-10-22,1,Cyanobacteria,2.6929433,1.9308655
2022-10-23,1,Cyanobacteria,2.4712858,2.4913347
2022-10-24,1,Cyanobacteria,2.1828291,2.1204693
2022-10-25,1,Cyanobacteria,1.9161577,1.9735174
2022-10-26,1,Cyanobacteria,1.6670797,1.6108303
2022-10-27,1,Cyanobacteria,1.6202025,1.3899637
2022-10-28,1,Cyanobacteria,1.552974,1.2496833
2022-10-29,1,Cyanobacteria,1.5037726,1.1938761
2022-10-30,1,Cyanobacteria,1.6090738,1.2109711
2022-10-31,1,Cyanobacteria,1.5013676,1.2832928
2022-11-01,1,Cyanobacteria,1.3019855,1.2527307
2022-11-02,1,Cyanobacteria,1.1026033,1.2635876
2022-11-03,1,Cyanobacteria,1.1929109,1.249786
2022-11-04,1,Cyanobacteria,1.2192972,1.3131434
2022-11-05,1,Cyanobacteria,1.2108177,1.4066708
2022-11-06,1,Cyanobacteria,1.1931765,1.5059239
2022-11-07,1,Cyanobacteria,1.1273862,1.5641363
2022-11-08,1,Cyanobacteria,1.5220854,1.6459401
2022-11-09,1,Cyanobacteria,1.8338467,1.7747527
2022-11-10,1,Cyanobacteria,2.1456077,2.0206962
2022-11-11,1,Cyanobacteria,3.645496,2.3847868
2022-11-12,1,Cyanobacteria,3.7778358,3.4663382
2022-11-13,1,Cyanobacteria,3.9101756,3.7577963
2022-11-14,1,Cyanobacteria,4.0425153,3.530736
2022-11-15,1,Cyanobacteria,4.174855,3.191663
2022-11-16,1,Cyanobacteria,2.4362636,2.9604704
2022-11-17,1,Cyanobacteria,1.8813034,2.1367157
2022-11-18,1,Cyanobacteria,1.7065123,1.7958279
2022-11-19,1,Cyanobacteria,1.7963116,1.6918616
2022-11-20,1,Cyanobacteria,1.7562879,1.6706585
2022-11-21,1,Cyanobacteria,1.716068,1.8056532
2022-11-22,1,Cyanobacteria,1.8579218,1.7200465
2022-11-23,1,Cyanobacteria,2.309513,1.749597
2022-11-24,1,Cyanobacteria,2.2426267,1.8886144
2022-11-25,1,Cyanobacteria,1.6817813,1.9281448
2022-11-26,1,Cyanobacteria,2.334812,1.7463453
2022-11-27,1,Cyanobacteria,2.538623,2.1081023
2022-11-28,1,Cyanobacteria,2.067699,2.2595923
2022-11-29,1,Cyanobacteria,1.609312,1.6774176
2022-11-30,1,Cyanobacteria,1.4803835,1.4276137
2022-12-01,1,Cyanobacteria,1.5265702,1.4026978
2022-12-02,1,Cyanobacteria,1.5021827,1.4227135
2022-12-03,1,Cyanobacteria,1.3033888,1.472737
2022-12-04,1,Cyanobacteria,1.2186893,1.4190588
2022-12-05,1,Cyanobacteria,1.2566932,1.4197851
2022-12-06,1,Cyanobacteria,1.2839594,1.3987337
2022-12-07,1,Cyanobacteria,1.2833816,1.4343811
2022-12-08,1,Cyanobacteria,1.264826,1.4666193
2022-12-09,1,Cyanobacteria,1.1665274,1.4219387
2022-12-10,1,Cyanobacteria,1.1783273,1.3689066
2022-12-11,1,Cyanobacteria,1.162433,1.3684798
2022-12-12,1,Cyanobacteria,1.0775615,1.319506
2022-12-13,1,Cyanobacteria,1.0522738,1.3351505
2022-12-14,1,Cyanobacteria,1.0630385,1.3291863
2022-12-15,1,Cyanobacteria,0.9643116,1.270612
2022-12-16,1,Cyanobacteria,0.9429254,1.2257088
2022-12-17,1,Cyanobacteria,0.9599493,1.0903722
2022-12-18,1,Cyanobacteria,1.066546,1.1262705
2022-12-19,1,Cyanobacteria,1.2629783,1.1304685
2022-12-20,1,Cyanobacteria,0.976756,1.2757267
2022-12-21,1,Cyanobacteria,0.92862743,1.1568449
2022-12-22,1,Cyanobacteria,0.971029,1.1429267
2022-12-23,1,Cyanobacteria,1.0265797,1.0093144
2022-12-24,1,Cyanobacteria,1.063063,1.0782226
2022-12-25,1,Cyanobacteria,1.0813106,1.1382554
2022-12-26,1,Cyanobacteria,1.0943778,1.1329547
2022-12-27,1,Cyanobacteria,1.0884805,1.1234697
2022-12-28,1,Cyanobacteria,1.1312981,1.0513164
2022-12-29,1,Cyanobacteria,1.1201302,1.0729672
2022-12-30,1,Cyanobacteria,1.0986956,1.0518539
2022-12-31,1,Cyanobacteria,1.1218044,1.0223964
2023-01-01,1,Cyanobacteria,1.1762229,1.0111656
2023-01-02,1,Cyanobacteria,1.3408847,1.0355469
2023-01-03,1,Cyanobacteria,1.5967512,1.0592121
2023-01-04,1,Cyanobacteria,1.1869442,1.1326214
2023-01-05,1,Cyanobacteria,0.5527029,0.8622568
2023-01-06,1,Cyanobacteria,0.5547719,0.5484868
2023-01-07,1,Cyanobacteria,0.25931886,0.5718581
2023-01-08,1,Cyanobacteria,0.8177391,0.56821984
2023-01-09,1,Cyanobacteria,0.1614521,0.8117089
2023-01-10,1,Cyanobacteria,0.992042,0.95209724
2023-01-11,1,Cyanobacteria,1.275152,1.2777436
2023-01-12,1,Cyanobacteria,1.3251085,1.461618
2023-01-13,1,Cyanobacteria,1.0189146,1.603712
2023-01-14,1,Cyanobacteria,1.2738205,1.63226
2023-01-15,1,Cyanobacteria,1.3461332,1.6493074
2023-01-16,1,Cyanobacteria,1.4476104,1.8533356
2023-01-17,1,Cyanobacteria,1.2679595,1.6856115
2023-01-18,1,Cyanobacteria,1.4467247,1.6048236
2023-01-19,1,Cyanobacteria,1.4130435,1.5315826
2023-01-20,1,Cyanobacteria,1.1790079,1.417044
2023-01-21,1,Cyanobacteria,1.253741,1.2940755
2023-01-22,1,Cyanobacteria,0.74572355,1.3231766
2023-01-23,1,Cyanobacteria,0.6302901,1.2056006
2023-01-24,1,Cyanobacteria,1.5968212,0.97138166
2023-01-25,1,Cyanobacteria,1.5914844,1.4800487
2023-01-26,1,Cyanobacteria,1.4528313,1.6252022
2023-01-27,1,Cyanobacteria,1.3141781,1.5428755
2023-01-28,1,Cyanobacteria,1.4395945,1.4239534
2023-01-29,1,Cyanobacteria,1.4727279,1.4412992
2023-01-30,1,Cyanobacteria,1.3791581,1.4531941
2023-01-31,1,Cyanobacteria,1.1787742,1.4232452
2023-02-01,1,Cyanobacteria,0.9783902,1.2674899
2023-02-02,1,Cyanobacteria,1.3512114,1.1930866
2023-02-03,1,Cyanobacteria,1.5657766,1.3121014
2023-02-04,1,Cyanobacteria,1.615985,1.6642138
2023-02-05,1,Cyanobacteria,2.4904246,1.774097
2023-02-06,1,Cyanobacteria,2.262368,2.069854
2023-02-07,1,Cyanobacteria,2.1824055,2.0344834
2023-02-08,1,Cyanobacteria,1.5520464,2.0873804
2023-02-09,1,Cyanobacteria,1.8653886,1.9844044
2023-02-10,1,Cyanobacteria,2.283535,2.0559747
2023-02-11,1,Cyanobacteria,2.7620409,2.1489768
2023-02-12,1,Cyanobacteria,2.2324486,2.2379117
2023-02-13,1,Cyanobacteria,1.8255773,2.0391874
2023-02-14,1,Cyanobacteria,2.4639304,1.90727
2023-02-15,1,Cyanobacteria,1.9916799,2.050266
2023-02-16,1,Cyanobacteria,1.7593039,1.8619168
2023-02-17,1,Cyanobacteria,1.7566204,1.7692486
2023-02-18,1,Cyanobacteria,1.8478105,1.7365571
2023-02-19,1,Cyanobacteria,1.577091,1.7867938
2023-02-20,1,Cyanobacteria,1.5175421,1.6696099
2023-02-21,1,Cyanobacteria,1.2222602,1.6460779
2023-02-22,1,Cyanobacteria,1.1143904,1.4825402
2023-02-23,1,Cyanobacteria,1.5166937,1.383357
2023-02-24,1,Cyanobacteria,1.4491328,1.5392907
2023-02-25,1,Cyanobacteria,1.4799918,1.52993
2023-02-26,1,Cyanobacteria,1.5221559,1.5449826
2023-02-27,1,Cyanobacteria,1.712296,1.5900247
2023-02-28,1,Cyanobacteria,2.1366403,1.6392082
2023-03-01,1,Cyanobacteria,1.7858219,1.8511047
2023-03-02,1,Cyanobacteria,1.3755527,1.6388257
2023-03-03,1,Cyanobacteria,1.2984917,1.4213904
2023-03-04,1,Cyanobacteria,1.2888846,1.3766464
2023-03-05,1,Cyanobacteria,1.2217515,1.3632407
2023-03-06,1,Cyanobacteria,1.191564,1.3343477
2023-03-07,1,Cyanobacteria,1.3979748,1.2836652
2023-03-08,1,Cyanobacteria,1.3001692,1.3192403
2023-03-09,1,Cyanobacteria,1.2327971,1.2866756
2023-03-10,1,Cyanobacteria,1.1577052,1.2070149
2023-03-11,1,Cyanobacteria,1.0726924,1.1538712
2023-03-12,1,Cyanobacteria,1.0191824,1.0672314
2023-03-13,1,Cyanobacteria,0.8894389,0.9902753
2023-03-14,1,Cyanobacteria,0.90746105,0.98315835
2023-03-15,1,Cyanobacteria,0.87925994,0.8912488
2023-03-16,1,Cyanobacteria,0.83830166,0.8268337
2023-03-17,1,Cyanobacteria,1.0444053,0.8464973
2023-03-18,1,Cyanobacteria,1.0910829,0.96532995
2023-03-19,1,Cyanobacteria,0.9658961,1.0724897
2023-03-20,1,Cyanobacteria,0.92234516,1.1031121
2023-03-21,1,Cyanobacteria,0.9250495,1.2108133
2023-03-22,1,Cyanobacteria,0.80815005,1.2729412
2023-03-23,1,Cyanobacteria,0.27196577,1.3314772
2023-03-24,1,Cyanobacteria,0.7134048,1.1919972
2023-03-25,1,Cyanobacteria,2.8818572,1.3795083
2023-03-26,1,Cyanobacteria,3.2467968,3.1809552
2023-03-27,1,Cyanobacteria,3.6117365,3.45435
2023-03-28,1,Cyanobacteria,2.6727736,3.187015
2023-03-29,1,Cyanobacteria,1.9372687,2.2610295
2023-03-30,1,Cyanobacteria,1.7760023,2.1356537
2023-03-31,1,Cyanobacteria,1.5423425,1.645764
2023-04-01,1,Cyanobacteria,1.2678039,1.3954586
2023-04-02,1,Cyanobacteria,1.108106,1.2423365
2023-04-03,1,Cyanobacteria,1.0268787,1.2054511
2023-04-04,1,Cyanobacteria,1.0073328,1.2711803
2023-04-05,1,Cyanobacteria,1.5883657,1.2866584
2023-04-06,1,Cyanobacteria,2.1693985,1.8652319
2023-04-07,1,Cyanobacteria,2.7504315,2.5348225
2023-04-08,1,Cyanobacteria,3.3314643,2.565105
2023-04-09,1,Cyanobacteria,2.7729766,2.7180402
2023-04-10,1,Cyanobacteria,2.417534,2.1154463
2023-04-11,1,Cyanobacteria,1.7742348,1.8372871
2023-04-12,1,Cyanobacteria,1.4090321,1.4873967
2023-04-13,1,Cyanobacteria,1.2431421,1.1989077
2023-04-14,1,Cyanobacteria,1.120989,1.1825461
2023-04-15,1,Cyanobacteria,1.1054552,1.2194642
2023-04-16,1,Cyanobacteria,1.0206532,1.1503539
2023-04-17,1,Cyanobacteria,0.772153,1.0874211
2023-04-18,1,Cyanobacteria,1.0562845,1.0007915
2023-04-19,1,Cyanobacteria,1.5799931,1.2619679
2023-04-20,1,Cyanobacteria,1.3164134,1.6401598
2023-04-21,1,Cyanobacteria,1.2170826,1.3306429
2023-04-22,1,Cyanobacteria,1.2514278,1.3068895
2023-04-23,1,Cyanobacteria,1.1737871,1.3766373
2023-04-24,1,Cyanobacteria,1.1448725,1.3644
2023-04-25,1,Cyanobacteria,1.0627111,1.3023094
2023-04-26,1,Cyanobacteria,1.4576253,1.3032595
2023-04-27,1,Cyanobacteria,1.7456878,1.4037033
2023-04-28,1,Cyanobacteria,1.8548379,1.7293812
2023-04-29,1,Cyanobacteria,2.6361527,1.719257
2023-04-30,1,Cyanobacteria,3.1612911,2.1616127
2023-05-01,1,Cyanobacteria,1.9083881,2.319141
2023-05-02,1,Cyanobacteria,1.5850003,1.6187066
2023-05-03,1,Cyanobacteria,0.7557995,1.3575174
2023-05-04,1,Cyanobacteria,0.83305645,1.0188419
2023-05-05,1,Cyanobacteria,0.64165354,1.0695331
2023-05-06,1,Cyanobacteria,0.42700356,1.1095834
2023-05-07,1,Cyanobacteria,1.1629804,1.2572721
2023-05-08,1,Cyanobacteria,1.8989573,1.7811236
2023-05-09,1,Cyanobacteria,2.634934,2.3893988
2023-05-10,1,Cyanobacteria,3.370911,3.1589837
2023-05-11,1,Cyanobacteria,4.106888,3.523414
2023-05-12,1,Cyanobacteria,4.8428645,3.8881235
2023-05-13,1,Cyanobacteria,5.5788417,4.0101047
2023-05-14,1,Cyanobacteria,3.4932373,4.1052094
2023-05-15,1,Cyanobacteria,2.3829908,2.7330995
2023-05-16,1,Cyanobacteria,1.6760406,2.1539893
2023-05-17,1,Cyanobacteria,1.5048957,1.7611332
2023-05-18,1,Cyanobacteria,1.3905042,1.6848565
2023-05-19,1,Cyanobacteria,1.3446171,1.6250463
2023-05-20,1,Cyanobacteria,1.3385532,1.5906856
2023-05-21,1,Cyanobacteria,1.2489344,1.8620952
2023-05-22,1,Cyanobacteria,1.2775736,1.6140254
2023-05-23,1,Cyanobacteria,1.7400788,1.4877518
2023-05-24,1,Cyanobacteria,2.1723888,1.849716
2023-05-25,1,Cyanobacteria,2.054791,2.1698947
2023-05-26,1,Cyanobacteria,2.0169272,2.149311
2023-05-27,1,Cyanobacteria,2.1836193,2.0504801
2023-05-28,1,Cyanobacteria,2.1190135,2.10683
2023-05-29,1,Cyanobacteria,2.2845416,2.1381648
2023-05-30,1,Cyanobacteria,2.8546731,2.3584876
2023-05-31,1,Cyanobacteria,3.6820343,2.9473755
2023-06-01,1,Cyanobacteria,4.2432837,3.4105325
2023-06-02,1,Cyanobacteria,3.1228824,3.5697367
2023-06-03,1,Cyanobacteria,3.9125252,2.8570151
2023-06-04,1,Cyanobacteria,3.0990682,3.3745046
2023-06-05,1,Cyanobacteria,2.2573907,2.739714
2023-06-06,1,Cyanobacteria,3.5290446,2.1591387
2023-06-07,1,Cyanobacteria,4.5944915,2.905418
2023-06-08,1,Cyanobacteria,3.974097,3.98536
2023-06-09,1,Cyanobacteria,2.817865,3.628832
2023-06-10,1,Cyanobacteria,2.1575139,2.7549798
2023-06-11,1,Cyanobacteria,2.202399,2.368889
2023-06-12,1,Cyanobacteria,2.613506,2.540857
2023-06-13,1,Cyanobacteria,3.0178857,2.9561894
2023-06-14,1,Cyanobacteria,3.2518442,3.0717418
2023-06-15,1,Cyanobacteria,2.6697867,2.808361
2023-06-16,1,Cyanobacteria,1.9534781,2.4265695
2023-06-17,1,Cyanobacteria,2.036473,2.2191126
2023-06-18,1,Cyanobacteria,2.074111,2.3724866
2023-06-19,1,Cyanobacteria,1.7520274,2.3870306
2023-06-20,1,Cyanobacteria,1.9095271,2.4494452
2023-06-21,1,Cyanobacteria,2.6224213,2.6267493
2023-06-22,1,Cyanobacteria,2.9754727,3.2441773
2023-06-23,1,Cyanobacteria,3.7797623,3.4975243
2023-06-24,1,Cyanobacteria,3.8032756,3.8273413
2023-06-25,1,Cyanobacteria,3.9180677,3.2374027
2023-06-26,1,Cyanobacteria,4.7419147,3.1968722
2023-06-27,1,Cyanobacteria,5.532881,3.9235241
2023-06-28,1,Cyanobacteria,3.5055287,4.2303476
2023-06-29,1,Cyanobacteria,3.4548762,3.0198703
2023-06-30,1,Cyanobacteria,2.7937806,2.9336646
2023-07-01,1,Cyanobacteria,1.5995938,2.4325953
2023-07-02,1,Cyanobacteria,1.5965191,1.8761318
2023-07-03,1,Cyanobacteria,1.7737297,1.926149
2023-07-04,1,Cyanobacteria,2.776571,2.0427897
2023-07-05,1,Cyanobacteria,3.2304816,2.6329794
2023-07-06,1,Cyanobacteria,1.984966,3.0363977
2023-07-07,1,Cyanobacteria,1.9826539,2.1268728
2023-07-08,1,Cyanobacteria,2.2500691,2.013187
2023-07-09,1,Cyanobacteria,2.3913074,2.149393
2023-07-10,1,Cyanobacteria,2.655939,2.1308131
2023-07-11,1,Cyanobacteria,1.9692372,2.1617172
2023-07-12,1,Cyanobacteria,1.2298373,1.7845616
2023-07-13,1,Cyanobacteria,1.0929966,1.4652979
2023-07-14,1,Cyanobacteria,0.5992144,1.2985438
2023-07-15,1,Cyanobacteria,0.6014617,1.2344044
2023-07-16,1,Cyanobacteria,0.609786,1.2440479
2023-07-17,1,Cyanobacteria,0.70679635,1.4104667
2023-07-18,1,Cyanobacteria,0.8659262,1.526466
2023-07-19,1,Cyanobacteria,0.9241884,1.6482093
2023-07-20,1,Cyanobacteria,1.0990573,1.8630213
2023-07-21,1,Cyanobacteria,2.9751103,2.0110118
2023-07-22,1,Cyanobacteria,4.6228127,3.492547
2023-07-23,1,Cyanobacteria,2.8313358,4.7097483
2023-07-24,1,Cyanobacteria,4.548409,2.9915879
2023-07-25,1,Cyanobacteria,5.784873,3.7629025
2023-07-26,1,Cyanobacteria,3.7234683,4.057456
2023-07-27,1,Cyanobacteria,1.6620638,2.461618
2023-07-28,1,Cyanobacteria,0.8556233,1.6243943
2023-07-29,1,Cyanobacteria,0.89116377,1.2693946
2023-07-30,1,Cyanobacteria,1.1886462,1.2317096
2023-07-31,1,Cyanobacteria,2.471676,1.6054087
2023-08-01,1,Cyanobacteria,1.6940145,2.2140243
2023-08-02,1,Cyanobacteria,1.9481753,2.059404
2023-08-03,1,Cyanobacteria,1.7617489,2.2856712
2023-08-04,1,Cyanobacteria,1.0801963,2.1625898
2023-08-05,1,Cyanobacteria,1.292281,1.8995482
2023-08-06,1,Cyanobacteria,1.7215066,1.9664208
2023-08-07,1,Cyanobacteria,3.3288689,2.182217
2023-08-08,1,Cyanobacteria,3.0218735,3.0381913
2023-08-09,1,Cyanobacteria,1.651122,2.7056758
2023-08-10,1,Cyanobacteria,1.442921,1.8526003
2023-08-11,1,Cyanobacteria,0.7765467,1.6919608
2023-08-12,1,Cyanobacteria,0.9314234,1.4247417
2023-08-13,1,Cyanobacteria,1.5715406,1.5126753
2023-08-14,1,Cyanobacteria,4.173333,1.959986
2023-08-15,1,Cyanobacteria,1.9116304,3.647123
2023-08-16,1,Cyanobacteria,3.6171675,2.4817002
2023-08-17,1,Cyanobacteria,2.3501623,3.2754276
2023-08-18,1,Cyanobacteria,2.9149249,2.5189679
2023-08-19,1,Cyanobacteria,3.0159187,3.366231
2023-08-20,1,Cyanobacteria,2.285934,3.352609
2023-08-21,1,Cyanobacteria,2.103505,2.5077033
2023-08-22,1,Cyanobacteria,2.0100663,2.3578293
2023-08-23,1,Cyanobacteria,2.030845,2.382031
2023-08-24,1,Cyanobacteria,1.9803014,2.4394665
2023-08-25,1,Cyanobacteria,1.8590924,2.4244468
2023-08-26,1,Cyanobacteria,2.186416,2.4868464
2023-08-27,1,Cyanobacteria,2.1218035,2.8196583
2023-08-28,1,Cyanobacteria,2.2880745,2.802904
2023-08-29,1,Cyanobacteria,4.906969,2.723462
2023-08-30,1,Cyanobacteria,2.747103,4.4879208
2023-08-31,1,Cyanobacteria,4.8251433,2.6811135
2023-09-01,1,Cyanobacteria,3.1461823,4.350397
2023-09-02,1,Cyanobacteria,2.997252,2.9103353
2023-09-03,1,Cyanobacteria,2.551028,2.8521874
2023-09-04,1,Cyanobacteria,2.49856,2.7403758
2023-09-05,1,Cyanobacteria,5.2166624,2.8222716
2023-09-06,1,Cyanobacteria,5.1275606,4.4269915
2023-09-07,1,Cyanobacteria,5.0384583,4.5219445
2023-09-08,1,Cyanobacteria,4.9493566,3.982099
2023-09-09,1,Cyanobacteria,2.5999234,3.7309833
2023-09-10,1,Cyanobacteria,2.1791236,2.2539952
2023-09-11,1,Cyanobacteria,1.9352801,2.23932
2023-09-12,1,Cyanobacteria,1.8269101,2.0068598
2023-09-13,1,Cyanobacteria,1.9009577,2.13165
2023-09-14,1,Cyanobacteria,2.1442535,2.095136
2023-09-15,1,Cyanobacteria,2.3835835,2.2829733
2023-09-16,1,Cyanobacteria,2.215428,2.438058
2023-09-17,1,Cyanobacteria,1.9896855,2.341409
2023-09-18,1,Cyanobacteria,2.0334396,2.327362
2023-09-19,1,Cyanobacteria,2.1670406,2.2551935
2023-09-20,1,Cyanobacteria,2.404295,2.2954555
2023-09-21,1,Cyanobacteria,2.4283464,2.4714367
2023-09-22,1,Cyanobacteria,2.1776288,2.5131125
2023-09-23,1,Cyanobacteria,2.2079122,2.2030983
2023-09-24,1,Cyanobacteria,2.0656526,2.2360704
2023-09-25,1,Cyanobacteria,1.8197497,2.4033804
2023-09-26,1,Cyanobacteria,2.788784,2.3289304
2023-09-27,1,Cyanobacteria,2.862572,2.9329922
2023-09-28,1,Cyanobacteria,2.8470044,3.0980287
2023-09-29,1,Cyanobacteria,2.7773497,3.0030222
2023-09-30,1,Cyanobacteria,3.3597028,3.0965939
2023-10-01,1,Cyanobacteria,3.2632625,3.3895144
2023-10-02,1,Cyanobacteria,2.1856651,3.1250672
2023-10-03,1,Cyanobacteria,3.234886,2.611397
2023-10-04,1,Cyanobacteria,3.1014996,3.4505413
2023-10-05,1,Cyanobacteria,2.354695,3.0501053
2023-10-06,1,Cyanobacteria,1.8833472,2.4505813
2023-10-07,1,Cyanobacteria,1.6806661,2.1824946
2023-10-08,1,Cyanobacteria,1.6510261,2.0172594
2023-10-09,1,Cyanobacteria,1.65687,1.9568043
2023-10-10,1,Cyanobacteria,2.0349479,1.9370399
2023-10-11,1,Cyanobacteria,1.9036157,2.285977
2023-10-12,1,Cyanobacteria,1.5963961,2.387664
2023-10-13,1,Cyanobacteria,2.2419574,2.228314
2023-10-14,1,Cyanobacteria,3.478502,2.5798097
2023-10-15,1,Cyanobacteria,3.9786897,3.4720404
2023-10-16,1,Cyanobacteria,2.291187,3.8266017
2023-10-17,1,Cyanobacteria,2.2361436,2.876836
2023-10-18,1,Cyanobacteria,3.1238363,2.7538583
2023-10-19,1,Cyanobacteria,3.5173097,3.3470192
2023-10-20,1,Cyanobacteria,3.7166374,3.4331255
2023-10-21,1,Cyanobacteria,2.9234288,3.4758275
2023-10-22,1,Cyanobacteria,3.0309916,3.1802828
2023-10-23,1,Cyanobacteria,2.8510609,3.074443
2023-10-24,1,Cyanobacteria,3.768123,3.0895772
2023-10-25,1,Cyanobacteria,5.941194,3.6915839
2023-10-26,1,Cyanobacteria,4.4449563,4.7199273
2023-10-27,1,Cyanobacteria,4.763434,3.7042897
2023-10-28,1,Cyanobacteria,2.8690472,3.7554128
2023-10-29,1,Cyanobacteria,2.7990034,2.7201786
2023-10-30,1,Cyanobacteria,2.6598368,2.6024933
2023-10-31,1,Cyanobacteria,3.064641,2.5667493
2023-11-01,1,Cyanobacteria,3.5453944,2.7994318
2023-11-02,1,Cyanobacteria,3.0826712,3.1065717
2023-11-03,1,Cyanobacteria,3.453603,2.8143795
2023-11-04,1,Cyanobacteria,2.4549444,3.110525
2023-11-05,1,Cyanobacteria,3.4141028,2.4262044
2023-11-06,1,Cyanobacteria,3.7630842,2.747496
2023-11-07,1,Cyanobacteria,2.8241215,3.1917927
2023-11-08,1,Cyanobacteria,1.6250529,2.5140018
2023-11-09,1,Cyanobacteria,1.9600605,1.875225
2023-11-10,1,Cyanobacteria,2.4557483,2.0954375
2023-11-11,1,Cyanobacteria,1.7682997,2.449516
2023-11-12,1,Cyanobacteria,1.8357332,2.2035034
2023-11-13,1,Cyanobacteria,1.5355757,2.2684166
2023-11-14,1,Cyanobacteria,1.4568228,2.1374722
2023-11-15,1,Cyanobacteria,1.3942672,2.1329918
2023-11-16,1,Cyanobacteria,1.4696076,2.043791
2023-11-17,1,Cyanobacteria,1.5879126,2.0902238
2023-11-18,1,Cyanobacteria,1.8608291,2.178402
2023-11-19,1,Cyanobacteria,1.7472198,2.3893952
2023-11-20,1,Cyanobacteria,2.048946,2.294906
2023-11-21,1,Cyanobacteria,2.0148678,2.515333
2023-11-22,1,Cyanobacteria,2.2934241,2.5507212
2023-11-23,1,Cyanobacteria,3.542967,2.4888353
2023-11-24,1,Cyanobacteria,2.294738,2.9039295
2023-11-25,1,Cyanobacteria,1.8379765,2.1757548
2023-11-26,1,Cyanobacteria,1.510859,1.9161214
2023-11-27,1,Cyanobacteria,1.4485191,1.7778502
2023-11-28,1,Cyanobacteria,1.7754028,1.8123125
2023-11-29,1,Cyanobacteria,1.1889424,1.942024
2023-11-30,1,Cyanobacteria,4.1997676,1.761992
2023-12-01,1,Cyanobacteria,2.7477224,3.3748326
2023-12-02,1,Cyanobacteria,2.1429226,2.741251
2023-12-03,1,Cyanobacteria,2.1683147,2.153914
2023-12-04,1,Cyanobacteria,1.8719982,1.9846402
2023-12-05,1,Cyanobacteria,2.7758234,1.7854383
2023-12-06,1,Cyanobacteria,2.8993187,2.2710278
2023-12-07,1,Cyanobacteria,2.0482368,2.4636767
2023-12-08,1,Cyanobacteria,1.585169,2.259815
2023-12-09,1,Cyanobacteria,2.0673146,1.9402143
2023-12-10,1,Cyanobacteria,1.7040033,2.1457431
2023-12-11,1,Cyanobacteria,2.2543254,1.995322
2023-12-12,1,Cyanobacteria,2.8514695,2.2442362
2023-12-13,1,Cyanobacteria,2.631844,2.7231843
2023-12-14,1,Cyanobacteria,2.930671,2.5108378
2023-12-15,1,Cyanobacteria,4.081218,2.3800461
2023-12-16,1,Cyanobacteria,2.122142,3.0988235
2023-12-17,1,Cyanobacteria,1.3384718,2.1459033
2023-12-18,1,Cyanobacteria,1.4121481,1.6668087
2023-12-19,1,Cyanobacteria,1.8288468,1.6162692
2023-12-20,1,Cyanobacteria,1.4450092,1.8297881
2023-12-21,1,Cyanobacteria,1.3191619,1.7216653
2023-12-22,1,Cyanobacteria,1.6237926,1.7014338
2023-12-23,1,Cyanobacteria,1.574842,1.818911
2023-12-24,1,Cyanobacteria,1.5136062,1.8084726
2023-12-25,1,Cyanobacteria,1.7450206,1.7636577
2023-12-26,1,Cyanobacteria,3.017767,1.8480345
2023-12-27,1,Cyanobacteria,3.659146,2.3855433
2020-10-29,2,Cyanobacteria,1.9198873,1.873954
2020-10-30,2,Cyanobacteria,0.9165894,2.2578816
2020-10-31,2,Cyanobacteria,1.3927351,1.9960592
2020-11-01,2,Cyanobacteria,1.3244635,1.5248164
2020-11-02,2,Cyanobacteria,1.4207313,1.5934129
2020-11-03,2,Cyanobacteria,1.6778421,1.61108
2020-11-04,2,Cyanobacteria,1.990452,1.6132718
2020-11-05,2,Cyanobacteria,2.022165,1.6732563
2020-11-06,2,Cyanobacteria,2.008798,1.8060538
2020-11-07,2,Cyanobacteria,1.885076,1.8093181
2020-11-08,2,Cyanobacteria,1.9127102,1.7985042
2020-11-09,2,Cyanobacteria,1.7077882,1.683025
2020-11-10,2,Cyanobacteria,1.6468678,1.5322638
2020-11-11,2,Cyanobacteria,1.6813062,1.4684103
2020-11-12,2,Cyanobacteria,1.9224818,1.4067558
2020-11-13,2,Cyanobacteria,1.6967794,1.3988596
2020-11-14,2,Cyanobacteria,2.2499926,1.4724252
2020-11-15,2,Cyanobacteria,2.0681548,1.4172802
2020-11-16,2,Cyanobacteria,1.7629341,1.6054183
2020-11-17,2,Cyanobacteria,1.6316327,1.5420277
2020-11-18,2,Cyanobacteria,1.4976882,1.4636383
2020-11-19,2,Cyanobacteria,1.2110482,1.3676126
2020-11-20,2,Cyanobacteria,1.6200837,1.3842994
2020-11-21,2,Cyanobacteria,1.108683,1.2192878
2020-11-22,2,Cyanobacteria,1.0693725,1.4547651
2020-11-23,2,Cyanobacteria,1.2781522,1.3028672
2020-11-24,2,Cyanobacteria,1.5949926,1.2783431
2020-11-25,2,Cyanobacteria,1.621545,1.3777422
2020-11-26,2,Cyanobacteria,0.6157164,1.4692427
2020-11-27,2,Cyanobacteria,1.1531911,1.4715425
2020-11-28,2,Cyanobacteria,1.334508,1.208819
2020-11-29,2,Cyanobacteria,1.2755716,1.3074297
2020-11-30,2,Cyanobacteria,1.4539436,1.3543037
2020-12-01,2,Cyanobacteria,1.416155,1.3677824
2020-12-02,2,Cyanobacteria,1.3794355,1.4314611
2020-12-03,2,Cyanobacteria,1.5929089,1.4732463
2020-12-04,2,Cyanobacteria,1.6844646,1.4456606
2020-12-05,2,Cyanobacteria,1.6305789,1.5060384
2020-12-06,2,Cyanobacteria,1.537851,1.5950006
2020-12-07,2,Cyanobacteria,1.4415424,1.5061259
2020-12-08,2,Cyanobacteria,1.3017017,1.4941362
2020-12-09,2,Cyanobacteria,1.1760101,1.3624086
2020-12-10,2,Cyanobacteria,1.2858943,1.3006667
2020-12-11,2,Cyanobacteria,1.2478929,1.221362
2020-12-12,2,Cyanobacteria,1.1700652,1.2139603
2020-12-13,2,Cyanobacteria,0.7562853,1.1992859
2020-12-14,2,Cyanobacteria,1.4720767,1.1393301
2020-12-15,2,Cyanobacteria,1.6189508,0.99446464
2020-12-16,2,Cyanobacteria,1.7228365,1.247429
2020-12-17,2,Cyanobacteria,1.7015278,1.3820739
2020-12-18,2,Cyanobacteria,1.5606419,1.4720812
2020-12-19,2,Cyanobacteria,1.410767,1.3827932
2020-12-20,2,Cyanobacteria,1.231288,1.3262341
2020-12-21,2,Cyanobacteria,1.0281318,1.2627764
2020-12-22,2,Cyanobacteria,0.94908035,1.1443723
2020-12-23,2,Cyanobacteria,0.5109782,1.055785
2020-12-24,2,Cyanobacteria,0.7968573,1.0043218
2020-12-25,2,Cyanobacteria,0.9004562,0.7907809
2020-12-26,2,Cyanobacteria,1.0766836,0.7886757
2020-12-27,2,Cyanobacteria,0.95042,0.88373667
2020-12-28,2,Cyanobacteria,0.5107458,0.95881015
2020-12-29,2,Cyanobacteria,0.2183068,0.92476666
2020-12-30,2,Cyanobacteria,1.2127858,0.80795795
2020-12-31,2,Cyanobacteria,0.92782927,0.8230463
2021-01-01,2,Cyanobacteria,1.2508177,1.0608801
2021-01-02,2,Cyanobacteria,1.2944026,1.1831028
2021-01-03,2,Cyanobacteria,1.232453,1.2451221
2021-01-04,2,Cyanobacteria,1.0558363,1.2595352
2021-01-05,2,Cyanobacteria,1.1140188,1.1867738
2021-01-06,2,Cyanobacteria,1.0396379,1.0760262
2021-01-07,2,Cyanobacteria,1.0007603,1.0293877
2021-01-08,2,Cyanobacteria,1.133749,0.9516989
2021-01-09,2,Cyanobacteria,1.1601809,0.9020806
2021-01-10,2,Cyanobacteria,1.2568814,0.9424425
2021-01-11,2,Cyanobacteria,1.1985952,0.92732966
2021-01-12,2,Cyanobacteria,1.1570984,0.9199812
2021-01-13,2,Cyanobacteria,1.1095513,0.8873042
2021-01-14,2,Cyanobacteria,1.023268,0.839729
2021-01-15,2,Cyanobacteria,0.7892397,0.7925242
2021-01-16,2,Cyanobacteria,0.5160029,0.7587689
2021-01-17,2,Cyanobacteria,0.6644501,0.6913067
2021-01-18,2,Cyanobacteria,0.72609264,0.65873015
2021-01-19,2,Cyanobacteria,0.80248195,0.6512627
2021-01-20,2,Cyanobacteria,0.5337771,0.68957895
2021-01-21,2,Cyanobacteria,0.47094068,0.7270887
2021-01-22,2,Cyanobacteria,0.73403335,0.74193054
2021-01-23,2,Cyanobacteria,0.5746165,0.6088616
2021-01-24,2,Cyanobacteria,0.9917221,0.71083707
2021-01-25,2,Cyanobacteria,0.90726936,0.7202268
2021-01-26,2,Cyanobacteria,1.368466,0.99826276
2021-01-27,2,Cyanobacteria,1.1996093,1.0818939
2021-01-28,2,Cyanobacteria,1.1409117,1.0406694
2021-01-29,2,Cyanobacteria,1.1614038,0.8981529
2021-01-30,2,Cyanobacteria,0.9247902,0.96270865
2021-01-31,2,Cyanobacteria,0.8163143,1.0005689
2021-02-01,2,Cyanobacteria,0.68247646,0.91374874
2021-02-02,2,Cyanobacteria,0.7478566,0.85503787
2021-02-03,2,Cyanobacteria,0.9111803,0.7414292
2021-02-04,2,Cyanobacteria,0.80073136,0.6975834
2021-02-05,2,Cyanobacteria,0.7012689,0.7337241
2021-02-06,2,Cyanobacteria,0.6910789,0.7209928
2021-02-07,2,Cyanobacteria,0.677118,0.68151784
2021-02-08,2,Cyanobacteria,0.8998841,0.65705943
2021-02-09,2,Cyanobacteria,0.6313663,0.6066753
2021-02-10,2,Cyanobacteria,0.74432606,0.6425641
2021-02-11,2,Cyanobacteria,0.8625417,0.6086572
2021-02-12,2,Cyanobacteria,0.97663283,0.622677
2021-02-13,2,Cyanobacteria,0.55862415,0.6427591
2021-02-14,2,Cyanobacteria,0.37615052,0.6011438
2021-02-15,2,Cyanobacteria,0.6475181,0.49938527
2021-02-16,2,Cyanobacteria,0.53772795,0.50497055
2021-02-17,2,Cyanobacteria,0.71482635,0.54578465
2021-02-18,2,Cyanobacteria,0.59031117,0.6169074
2021-02-19,2,Cyanobacteria,0.70318836,0.7080135
2021-02-20,2,Cyanobacteria,0.69292545,0.81750524
2021-02-21,2,Cyanobacteria,0.635275,0.8512398
2021-02-22,2,Cyanobacteria,0.7406807,0.8255136
2021-02-23,2,Cyanobacteria,0.875916,0.7605516
2021-02-24,2,Cyanobacteria,0.83096313,0.7507413
2021-02-25,2,Cyanobacteria,0.85622466,0.768461
2021-02-26,2,Cyanobacteria,1.0751342,0.7888871
2021-02-27,2,Cyanobacteria,1.2290095,0.7773251
2021-02-28,2,Cyanobacteria,1.2229925,0.8329345
2021-03-01,2,Cyanobacteria,1.253146,0.8748574
2021-03-02,2,Cyanobacteria,1.3632498,0.8766413
2021-03-03,2,Cyanobacteria,0.8552822,0.9451938
2021-03-04,2,Cyanobacteria,1.1125977,0.99280304
2021-03-05,2,Cyanobacteria,0.81280756,0.83896273
2021-03-06,2,Cyanobacteria,0.8352894,0.85230774
2021-03-07,2,Cyanobacteria,0.7107815,0.82668877
2021-03-08,2,Cyanobacteria,0.8574656,0.74736017
2021-03-09,2,Cyanobacteria,0.77764106,0.7556253
2021-03-10,2,Cyanobacteria,0.89971054,0.7424847
2021-03-11,2,Cyanobacteria,0.7533502,0.7050821
2021-03-12,2,Cyanobacteria,0.3883647,0.71224076
2021-03-13,2,Cyanobacteria,0.3952388,0.70656365
2021-03-14,2,Cyanobacteria,1.1506295,0.63399374
2021-03-15,2,Cyanobacteria,1.0597106,0.64343226
2021-03-16,2,Cyanobacteria,1.0960565,0.97681344
2021-03-17,2,Cyanobacteria,1.274508,1.1344011
2021-03-18,2,Cyanobacteria,1.3935528,1.1709874
2021-03-19,2,Cyanobacteria,1.3325905,1.2369738
2021-03-20,2,Cyanobacteria,1.3198698,1.2307183
2021-03-21,2,Cyanobacteria,1.3761505,1.2000655
2021-03-22,2,Cyanobacteria,1.1251593,1.2125648
2021-03-23,2,Cyanobacteria,0.9094642,1.2442979
2021-03-24,2,Cyanobacteria,1.1613843,1.1032
2021-03-25,2,Cyanobacteria,1.0459361,0.9990655
2021-03-26,2,Cyanobacteria,0.8975687,1.0571169
2021-03-27,2,Cyanobacteria,0.6828747,1.0083982
2021-03-28,2,Cyanobacteria,0.7303548,0.9251468
2021-03-29,2,Cyanobacteria,0.41225198,0.8278206
2021-03-30,2,Cyanobacteria,0.111810274,0.8476101
2021-03-31,2,Cyanobacteria,0.5293086,0.79684526
2021-04-01,2,Cyanobacteria,1.298798,0.8777456
2021-04-02,2,Cyanobacteria,1.4947647,1.0803627
2021-04-03,2,Cyanobacteria,1.5875887,1.3818598
2021-04-04,2,Cyanobacteria,1.6624764,1.5394127
2021-04-05,2,Cyanobacteria,1.5121635,1.5611182
2021-04-06,2,Cyanobacteria,1.4354631,1.5023186
2021-04-07,2,Cyanobacteria,1.4178132,1.3861037
2021-04-08,2,Cyanobacteria,1.4679812,1.2938757
2021-04-09,2,Cyanobacteria,1.3545152,1.2603517
2021-04-10,2,Cyanobacteria,1.2440883,1.3218712
2021-04-11,2,Cyanobacteria,1.0756367,1.1793591
2021-04-12,2,Cyanobacteria,0.7194786,1.0730479
2021-04-13,2,Cyanobacteria,0.7790297,0.997431
2021-04-14,2,Cyanobacteria,0.8630123,0.86862016
2021-04-15,2,Cyanobacteria,0.56722665,0.87313086
2021-04-16,2,Cyanobacteria,1.0409226,0.9510879
2021-04-17,2,Cyanobacteria,0.69225204,1.0205564
2021-04-18,2,Cyanobacteria,1.2849385,1.1070983
2021-04-19,2,Cyanobacteria,1.2466329,1.0744107
2021-04-20,2,Cyanobacteria,1.3180811,1.2553489
2021-04-21,2,Cyanobacteria,1.1071904,1.2844051
2021-04-22,2,Cyanobacteria,0.6878566,1.3080491
2021-04-23,2,Cyanobacteria,0.5611079,1.2096909
2021-04-24,2,Cyanobacteria,0.8025344,1.0616243
2021-04-25,2,Cyanobacteria,0.78728455,1.0149382
2021-04-26,2,Cyanobacteria,1.6280825,1.0571578
2021-04-27,2,Cyanobacteria,1.9490377,1.2371488
2021-04-28,2,Cyanobacteria,1.6121202,1.5633072
2021-04-29,2,Cyanobacteria,1.4643126,1.669081
2021-04-30,2,Cyanobacteria,1.5555934,1.6888702
2021-05-01,2,Cyanobacteria,1.5656585,1.4849315
2021-05-02,2,Cyanobacteria,1.2381549,1.417957
2021-05-03,2,Cyanobacteria,1.0236812,1.4739605
2021-05-04,2,Cyanobacteria,1.7144799,1.4602754
2021-05-05,2,Cyanobacteria,1.3347807,1.4494851
2021-05-06,2,Cyanobacteria,1.2243872,1.339443
2021-05-07,2,Cyanobacteria,1.3597454,1.238323
2021-05-08,2,Cyanobacteria,1.0678822,1.2175896
2021-05-09,2,Cyanobacteria,1.0264472,1.2762403
2021-05-10,2,Cyanobacteria,0.76781476,1.351577
2021-05-11,2,Cyanobacteria,0.6906947,1.4372848
2021-05-12,2,Cyanobacteria,1.008741,1.453186
2021-05-13,2,Cyanobacteria,1.2948915,1.505183
2021-05-14,2,Cyanobacteria,2.0710855,1.7475839
2021-05-15,2,Cyanobacteria,2.2474167,1.7362249
2021-05-16,2,Cyanobacteria,1.9920912,1.9995477
2021-05-17,2,Cyanobacteria,1.6489002,2.126561
2021-05-18,2,Cyanobacteria,1.794537,1.9644107
2021-05-19,2,Cyanobacteria,2.0734396,1.833723
2021-05-20,2,Cyanobacteria,2.1479883,1.8652124
2021-05-21,2,Cyanobacteria,2.0209045,1.9768909
2021-05-22,2,Cyanobacteria,2.2535193,2.1616507
2021-05-23,2,Cyanobacteria,2.2723534,2.1969354
2021-05-24,2,Cyanobacteria,2.63233,2.5504155
2021-05-25,2,Cyanobacteria,2.3065703,2.6235871
2021-05-26,2,Cyanobacteria,1.9421636,3.0080686
2021-05-27,2,Cyanobacteria,2.2319682,2.62514
2021-05-28,2,Cyanobacteria,4.1579432,2.4237654
2021-05-29,2,Cyanobacteria,4.3492618,3.0645626
2021-05-30,2,Cyanobacteria,2.6183937,4.0754395
2021-05-31,2,Cyanobacteria,2.6154816,4.036778
2021-06-01,2,Cyanobacteria,5.352636,3.0460083
2021-06-02,2,Cyanobacteria,4.717726,3.0153306
2021-06-03,2,Cyanobacteria,2.962998,4.13377
2021-06-04,2,Cyanobacteria,3.0213976,3.7525737
2021-06-05,2,Cyanobacteria,2.9233599,2.9449291
2021-06-06,2,Cyanobacteria,2.5688848,2.9653416
2021-06-07,2,Cyanobacteria,2.928039,2.6873229
2021-06-08,2,Cyanobacteria,2.7149856,2.470687
2021-06-09,2,Cyanobacteria,2.3156078,2.6128495
2021-06-10,2,Cyanobacteria,2.2857888,2.76196
2021-06-11,2,Cyanobacteria,2.4744864,2.251546
2021-06-12,2,Cyanobacteria,3.0040839,2.15864
2021-06-13,2,Cyanobacteria,4.336705,2.25116
2021-06-14,2,Cyanobacteria,3.6870964,2.5652494
2021-06-15,2,Cyanobacteria,1.1724981,3.132847
2021-06-16,2,Cyanobacteria,0.89654595,2.9394689
2021-06-17,2,Cyanobacteria,1.6896162,2.245027
2021-06-18,2,Cyanobacteria,3.3528886,2.138504
2021-06-19,2,Cyanobacteria,3.2436857,2.494604
2021-06-20,2,Cyanobacteria,3.6387465,3.2200904
2021-06-21,2,Cyanobacteria,2.835984,3.369848
2021-06-22,2,Cyanobacteria,1.9431771,3.5671942
2021-06-23,2,Cyanobacteria,2.2497613,3.2537184
2021-06-24,2,Cyanobacteria,2.3033574,2.8949735
2021-06-25,2,Cyanobacteria,1.9838712,2.9694333
2021-06-26,2,Cyanobacteria,2.2046309,2.7831504
2021-06-27,2,Cyanobacteria,4.0340667,2.5658112
2021-06-28,2,Cyanobacteria,5.868067,2.719419
2021-06-29,2,Cyanobacteria,5.3050866,3.9779387
2021-06-30,2,Cyanobacteria,4.742106,4.7681727
2021-07-01,2,Cyanobacteria,3.2076483,4.332244
2021-07-02,2,Cyanobacteria,3.4847536,4.027393
2021-07-03,2,Cyanobacteria,4.0390015,3.2241948
2021-07-04,2,Cyanobacteria,3.948705,3.3881533
2021-07-05,2,Cyanobacteria,4.7784224,3.6342397
2021-07-06,2,Cyanobacteria,4.2812166,3.268368
2021-07-07,2,Cyanobacteria,3.7561839,3.6176496
2021-07-08,2,Cyanobacteria,3.5484276,3.3465285
2021-07-09,2,Cyanobacteria,2.1638117,3.0273306
2021-07-10,2,Cyanobacteria,1.9270601,3.0464456
2021-07-11,2,Cyanobacteria,1.9104345,2.3711348
2021-07-12,2,Cyanobacteria,2.2324965,2.2642188
2021-07-13,2,Cyanobacteria,2.087728,2.1922019
2021-07-14,2,Cyanobacteria,1.2980666,2.4238703
2021-07-15,2,Cyanobacteria,1.3932489,2.3156161
2021-07-16,2,Cyanobacteria,1.2500651,1.8771808
2021-07-17,2,Cyanobacteria,0.43407384,1.8288323
2021-07-18,2,Cyanobacteria,1.2796165,1.6992785
2021-07-19,2,Cyanobacteria,1.8222448,1.4038409
2021-07-20,2,Cyanobacteria,2.0859232,1.6171585
2021-07-21,2,Cyanobacteria,1.8950905,2.028065
2021-07-22,2,Cyanobacteria,2.1339176,2.6478074
2021-07-23,2,Cyanobacteria,2.1493194,2.568911
2021-07-24,2,Cyanobacteria,4.662006,2.7133434
2021-07-25,2,Cyanobacteria,3.9590297,3.0506773
2021-07-26,2,Cyanobacteria,4.2673516,4.086652
2021-07-27,2,Cyanobacteria,4.232916,3.7376006
2021-07-28,2,Cyanobacteria,2.8703907,3.7688196
2021-07-29,2,Cyanobacteria,2.1993053,3.7368345
2021-07-30,2,Cyanobacteria,2.0899277,3.133157
2021-07-31,2,Cyanobacteria,2.1685455,2.96662
2021-08-01,2,Cyanobacteria,3.3460565,2.6453414
2021-08-02,2,Cyanobacteria,5.6828313,3.2176764
2021-08-03,2,Cyanobacteria,4.7732515,4.129455
2021-08-04,2,Cyanobacteria,4.0578346,5.005462
2021-08-05,2,Cyanobacteria,5.5061984,4.3083906
2021-08-06,2,Cyanobacteria,5.3274107,4.027328
2021-08-07,2,Cyanobacteria,5.148622,4.284099
2021-08-08,2,Cyanobacteria,3.2820683,3.9795604
2021-08-09,2,Cyanobacteria,2.7275743,3.799034
2021-08-10,2,Cyanobacteria,2.468589,2.9396734
2021-08-11,2,Cyanobacteria,2.8743272,2.7223043
2021-08-12,2,Cyanobacteria,2.9775615,2.4408317
2021-08-13,2,Cyanobacteria,2.9190001,2.6958048
2021-08-14,2,Cyanobacteria,2.5640225,2.7230673
2021-08-15,2,Cyanobacteria,2.6541495,2.6708252
2021-08-16,2,Cyanobacteria,2.9796264,2.5372627
2021-08-17,2,Cyanobacteria,3.3871398,2.6536589
2021-08-18,2,Cyanobacteria,2.8336039,2.661666
2021-08-19,2,Cyanobacteria,1.4002497,2.871989
2021-08-20,2,Cyanobacteria,2.1858518,2.861015
2021-08-21,2,Cyanobacteria,3.8102813,2.6194057
2021-08-22,2,Cyanobacteria,4.623089,2.770983
2021-08-23,2,Cyanobacteria,3.8476396,3.28748
2021-08-24,2,Cyanobacteria,3.6913338,4.1018877
2021-08-25,2,Cyanobacteria,5.2736855,3.7811134
2021-08-26,2,Cyanobacteria,5.886749,3.5755787
2021-08-27,2,Cyanobacteria,6.328652,4.1019096
2021-08-28,2,Cyanobacteria,5.913598,4.0339103
2021-08-29,2,Cyanobacteria,5.4985447,4.114414
2021-08-30,2,Cyanobacteria,4.998421,3.821292
2021-08-31,2,Cyanobacteria,3.173958,3.7131693
2021-09-01,2,Cyanobacteria,2.4867873,3.5411186
2021-09-02,2,Cyanobacteria,2.2553763,2.7350554
2021-09-03,2,Cyanobacteria,2.089725,2.4581223
2021-09-04,2,Cyanobacteria,2.1701736,2.3431723
2021-09-05,2,Cyanobacteria,2.752026,2.2440264
2021-09-06,2,Cyanobacteria,2.4418018,2.3582163
2021-09-07,2,Cyanobacteria,2.3925562,2.7059705
2021-09-08,2,Cyanobacteria,2.2696092,2.5178342
2021-09-09,2,Cyanobacteria,3.9620116,2.5900075
2021-09-10,2,Cyanobacteria,3.368864,2.6743119
2021-09-11,2,Cyanobacteria,3.444725,3.5962
2021-09-12,2,Cyanobacteria,4.387453,3.5267243
2021-09-13,2,Cyanobacteria,3.7823026,3.5187445
2021-09-14,2,Cyanobacteria,3.6403475,3.725918
2021-09-15,2,Cyanobacteria,3.4074223,3.4636307
2021-09-16,2,Cyanobacteria,2.904714,3.2828708
2021-09-17,2,Cyanobacteria,2.246401,2.9309874
2021-09-18,2,Cyanobacteria,1.8525054,2.620356
2021-09-19,2,Cyanobacteria,1.9603258,2.275312
2021-09-20,2,Cyanobacteria,1.8784577,2.0136395
2021-09-21,2,Cyanobacteria,1.6022085,2.0017152
2021-09-22,2,Cyanobacteria,1.6334975,2.0592084
2021-09-23,2,Cyanobacteria,1.6335725,1.9090064
2021-09-24,2,Cyanobacteria,1.7263433,2.1318479
2021-09-25,2,Cyanobacteria,1.7499204,2.1542335
2021-09-26,2,Cyanobacteria,1.902614,2.1086845
2021-09-27,2,Cyanobacteria,1.9976249,2.048425
2021-09-28,2,Cyanobacteria,2.0052354,2.1125085
2021-09-29,2,Cyanobacteria,1.9031209,2.0529642
2021-09-30,2,Cyanobacteria,2.1214771,2.1297796
2021-10-01,2,Cyanobacteria,1.6440406,2.0788577
2021-10-02,2,Cyanobacteria,1.4304897,2.179075
2021-10-03,2,Cyanobacteria,1.5464485,1.8894423
2021-10-04,2,Cyanobacteria,1.6624073,1.7517353
2021-10-05,2,Cyanobacteria,1.7783661,1.7354147
2021-10-06,2,Cyanobacteria,1.8943249,1.800638
2021-10-07,2,Cyanobacteria,2.0102837,1.9583658
2021-10-08,2,Cyanobacteria,2.1262426,2.140549
2021-10-09,2,Cyanobacteria,2.2422013,2.1439054
2021-10-10,2,Cyanobacteria,2.3581603,2.1134481
2021-10-11,2,Cyanobacteria,2.474119,2.2182655
2021-10-12,2,Cyanobacteria,2.5900779,2.4144437
2021-10-13,2,Cyanobacteria,2.376394,2.5203223
2021-10-14,2,Cyanobacteria,2.2953513,2.6551125
2021-10-15,2,Cyanobacteria,4.095699,2.5132225
2021-10-16,2,Cyanobacteria,5.2911153,2.459467
2021-10-17,2,Cyanobacteria,3.2535,3.5993423
2021-10-18,2,Cyanobacteria,3.1076484,3.9029844
2021-10-19,2,Cyanobacteria,2.6348336,2.7606962
2021-10-20,2,Cyanobacteria,2.2041533,2.6213236
2021-10-21,2,Cyanobacteria,2.0151665,2.4092822
2021-10-22,2,Cyanobacteria,1.8319536,2.17293
2021-10-23,2,Cyanobacteria,1.7161505,2.0114677
2021-10-24,2,Cyanobacteria,1.7125037,1.7339004
2021-10-25,2,Cyanobacteria,1.5120782,1.6272894
2021-10-26,2,Cyanobacteria,1.6121708,1.588089
2021-10-27,2,Cyanobacteria,1.3440738,1.4646883
2021-10-28,2,Cyanobacteria,1.1399204,1.4757698
2021-10-29,2,Cyanobacteria,1.698126,1.3681141
2021-10-30,2,Cyanobacteria,2.3341606,1.2724084
2021-10-31,2,Cyanobacteria,1.9348481,1.5081128
2021-11-01,2,Cyanobacteria,1.7935673,1.797607
2021-11-02,2,Cyanobacteria,1.2920767,1.6849321
2021-11-03,2,Cyanobacteria,1.3757019,1.5299573
2021-11-04,2,Cyanobacteria,1.350919,1.3398261
2021-11-05,2,Cyanobacteria,1.281809,1.33506
2021-11-06,2,Cyanobacteria,1.0622793,1.3190137
2021-11-07,2,Cyanobacteria,0.91401154,1.2494276
2021-11-08,2,Cyanobacteria,1.5847178,1.1602336
2021-11-09,2,Cyanobacteria,1.2513965,1.1114043
2021-11-10,2,Cyanobacteria,1.065916,1.3054023
2021-11-11,2,Cyanobacteria,1.2520332,1.2677954
2021-11-12,2,Cyanobacteria,1.2013613,1.1872079
2021-11-13,2,Cyanobacteria,1.2783864,1.1891289
2021-11-14,2,Cyanobacteria,1.3271418,1.1644053
2021-11-15,2,Cyanobacteria,1.343092,1.1692475
2021-11-16,2,Cyanobacteria,1.420963,1.2033348
2021-11-17,2,Cyanobacteria,1.2887958,1.2290958
2021-11-18,2,Cyanobacteria,1.3203533,1.2781366
2021-11-19,2,Cyanobacteria,1.3825127,1.2219543
2021-11-20,2,Cyanobacteria,1.2764591,1.2200047
2021-11-21,2,Cyanobacteria,1.1090586,1.3050727
2021-11-22,2,Cyanobacteria,1.129356,1.317288
2021-11-23,2,Cyanobacteria,1.2800362,1.2645884
2021-11-24,2,Cyanobacteria,1.1554124,1.3005236
2021-11-25,2,Cyanobacteria,1.1848153,1.3707615
2021-11-26,2,Cyanobacteria,1.2934299,1.3021212
2021-11-27,2,Cyanobacteria,1.2571418,1.291838
2021-11-28,2,Cyanobacteria,1.2306077,1.3358829
2021-11-29,2,Cyanobacteria,1.0336133,1.3503495
2021-11-30,2,Cyanobacteria,0.86162925,1.3419882
2021-12-01,2,Cyanobacteria,1.5704707,1.2258577
2021-12-02,2,Cyanobacteria,1.5914989,1.1225653
2021-12-03,2,Cyanobacteria,1.3629906,1.4583452
2021-12-04,2,Cyanobacteria,1.3497757,1.5440367
2021-12-05,2,Cyanobacteria,1.1732706,1.3124294
2021-12-06,2,Cyanobacteria,1.1404066,1.1195785
2021-12-07,2,Cyanobacteria,1.1583865,0.9716549
2021-12-08,2,Cyanobacteria,1.128018,0.9206494
2021-12-09,2,Cyanobacteria,0.9754814,0.89400697
2021-12-10,2,Cyanobacteria,1.0479378,0.88368577
2021-12-11,2,Cyanobacteria,0.8021346,0.8549405
2021-12-12,2,Cyanobacteria,0.8941274,0.86315995
2021-12-13,2,Cyanobacteria,0.6927569,0.76492256
2021-12-14,2,Cyanobacteria,0.43221417,0.7945889
2021-12-15,2,Cyanobacteria,0.36057928,0.7391839
2021-12-16,2,Cyanobacteria,0.40863866,0.66055435
2021-12-17,2,Cyanobacteria,0.9727516,0.63802546
2021-12-18,2,Cyanobacteria,0.9826068,0.6955065
2021-12-19,2,Cyanobacteria,0.9490369,0.90821713
2021-12-20,2,Cyanobacteria,1.178531,0.9758291
2021-12-21,2,Cyanobacteria,1.2478871,0.99318933
2021-12-22,2,Cyanobacteria,1.3445659,1.0852963
2021-12-23,2,Cyanobacteria,0.59661365,1.0890677
2021-12-24,2,Cyanobacteria,0.46170765,1.1746906
2021-12-25,2,Cyanobacteria,0.85164493,0.82185143
2021-12-26,2,Cyanobacteria,0.97535455,0.6609392
2021-12-27,2,Cyanobacteria,0.95947784,0.77106655
2021-12-28,2,Cyanobacteria,0.76329446,0.88813126
2021-12-29,2,Cyanobacteria,0.85634834,0.94376093
2021-12-30,2,Cyanobacteria,0.6464471,0.8937602
2021-12-31,2,Cyanobacteria,0.90151423,0.9705821
2022-01-01,2,Cyanobacteria,0.776013,0.93623626
2022-01-02,2,Cyanobacteria,0.83620113,1.0587437
2022-01-03,2,Cyanobacteria,0.80412745,1.0523593
2022-01-04,2,Cyanobacteria,0.6765098,1.0676955
2022-01-05,2,Cyanobacteria,0.4595076,1.068574
2022-01-06,2,Cyanobacteria,0.19878344,1.0176536
2022-01-07,2,Cyanobacteria,0.67120206,0.9441969
2022-01-08,2,Cyanobacteria,0.95592326,0.91761756
2022-01-09,2,Cyanobacteria,0.9327444,1.0516346
2022-01-10,2,Cyanobacteria,1.0224385,1.1578261
2022-01-11,2,Cyanobacteria,2.1481042,1.0989339
2022-01-12,2,Cyanobacteria,1.6652243,1.1646533
2022-01-13,2,Cyanobacteria,1.291042,1.5326103
2022-01-14,2,Cyanobacteria,1.2574656,1.4066068
2022-01-15,2,Cyanobacteria,1.032084,1.2766072
2022-01-16,2,Cyanobacteria,0.9674892,1.1959026
2022-01-17,2,Cyanobacteria,0.94616944,1.039647
2022-01-18,2,Cyanobacteria,0.92269367,0.94670177
2022-01-19,2,Cyanobacteria,0.8611079,0.9572837
2022-01-20,2,Cyanobacteria,0.82545257,0.886918
2022-01-21,2,Cyanobacteria,0.8182259,0.84426445
2022-01-22,2,Cyanobacteria,1.1027879,0.79737145
2022-01-23,2,Cyanobacteria,0.7645185,0.7622894
2022-01-24,2,Cyanobacteria,1.7065123,0.88459784
2022-01-25,2,Cyanobacteria,0.64539075,0.7023685
2022-01-26,2,Cyanobacteria,0.76089376,1.0344654
2022-01-27,2,Cyanobacteria,0.5794614,1.0412853
2022-01-28,2,Cyanobacteria,0.7816709,1.1114473
2022-01-29,2,Cyanobacteria,0.8387186,1.1342757
2022-01-30,2,Cyanobacteria,1.1281649,1.1936345
2022-01-31,2,Cyanobacteria,1.231159,1.331306
2022-02-01,2,Cyanobacteria,1.4238236,1.4709685
2022-02-02,2,Cyanobacteria,1.3295317,1.4940788
2022-02-03,2,Cyanobacteria,1.784645,1.477827
2022-02-04,2,Cyanobacteria,1.5408581,1.4029448
2022-02-05,2,Cyanobacteria,1.3269008,1.4882184
2022-02-06,2,Cyanobacteria,1.6413742,1.3764452
2022-02-07,2,Cyanobacteria,1.3831661,1.215625
2022-02-08,2,Cyanobacteria,1.1718699,1.2964648
2022-02-09,2,Cyanobacteria,1.0272319,1.2047486
2022-02-10,2,Cyanobacteria,0.8104344,0.9718864
2022-02-11,2,Cyanobacteria,1.0283359,0.7906407
2022-02-12,2,Cyanobacteria,0.6661383,0.6721131
2022-02-13,2,Cyanobacteria,0.37995383,0.8004685
2022-02-14,2,Cyanobacteria,0.6274094,0.7206558
2022-02-15,2,Cyanobacteria,0.6364919,0.6718892
2022-02-16,2,Cyanobacteria,0.35820666,0.70806223
2022-02-17,2,Cyanobacteria,0.08358897,0.7646789
2022-02-18,2,Cyanobacteria,0.010000016,0.7143081
2022-02-19,2,Cyanobacteria,0.3175398,0.6232705
2022-02-20,2,Cyanobacteria,1.462207,0.9605109
2022-02-21,2,Cyanobacteria,1.7990876,1.2109693
2022-02-22,2,Cyanobacteria,1.8775308,1.7296613
2022-02-23,2,Cyanobacteria,2.0480778,1.5849566
2022-02-24,2,Cyanobacteria,1.9205097,1.512552
2022-02-25,2,Cyanobacteria,1.7929416,1.5450715
2022-02-26,2,Cyanobacteria,1.6653734,1.4512839
2022-02-27,2,Cyanobacteria,1.5378052,1.3382444
2022-02-28,2,Cyanobacteria,1.4102371,1.2589791
2022-03-01,2,Cyanobacteria,1.1535721,1.1750287
2022-03-02,2,Cyanobacteria,0.7581607,1.1148978
2022-03-03,2,Cyanobacteria,0.4490297,1.0002984
2022-03-04,2,Cyanobacteria,0.2850868,0.8086792
2022-03-05,2,Cyanobacteria,0.06812587,0.57295215
2022-03-06,2,Cyanobacteria,0.120933406,0.4423509
2022-03-07,2,Cyanobacteria,0.05522464,0.21615487
2022-03-08,2,Cyanobacteria,0.50354815,0.1820956
2022-03-09,2,Cyanobacteria,0.66335267,0.1909789
2022-03-10,2,Cyanobacteria,0.40285924,0.35919997
2022-03-11,2,Cyanobacteria,0.014387229,0.35130012
2022-03-12,2,Cyanobacteria,0.015565208,0.24806865
2022-03-13,2,Cyanobacteria,0.010000016,0.046569884
2022-03-14,2,Cyanobacteria,0.010050719,0.045030057
2022-03-15,2,Cyanobacteria,0.010246022,0.07279116
2022-03-16,2,Cyanobacteria,0.036085412,0.17308255
2022-03-17,2,Cyanobacteria,0.21737875,0.33572927
2022-03-18,2,Cyanobacteria,0.42973912,0.66989595
2022-03-19,2,Cyanobacteria,0.7636884,0.8958401
2022-03-20,2,Cyanobacteria,1.1165409,1.1400253
2022-03-21,2,Cyanobacteria,1.9101883,1.3682317
2022-03-22,2,Cyanobacteria,2.1433985,1.5787258
2022-03-23,2,Cyanobacteria,2.1262445,1.9142436
2022-03-24,2,Cyanobacteria,1.9198624,2.1131802
2022-03-25,2,Cyanobacteria,1.8753512,2.1690793
2022-03-26,2,Cyanobacteria,1.8713034,2.3118358
2022-03-27,2,Cyanobacteria,4.2593026,2.887891
2022-03-28,2,Cyanobacteria,4.0173755,2.7683733
2022-03-29,2,Cyanobacteria,3.7754486,3.2497284
2022-03-30,2,Cyanobacteria,2.644808,3.0573893
2022-03-31,2,Cyanobacteria,2.3579507,2.7462034
2022-04-01,2,Cyanobacteria,2.3900943,2.135506
2022-04-02,2,Cyanobacteria,2.480131,1.9539605
2022-04-03,2,Cyanobacteria,2.149906,2.0543013
2022-04-04,2,Cyanobacteria,1.8740696,2.1482568
2022-04-05,2,Cyanobacteria,1.7214473,1.7502033
2022-04-06,2,Cyanobacteria,1.5688252,1.3713937
2022-04-07,2,Cyanobacteria,1.2899711,1.1533841
2022-04-08,2,Cyanobacteria,1.008827,1.0360634
2022-04-09,2,Cyanobacteria,1.0090086,0.8162391
2022-04-10,2,Cyanobacteria,0.6801231,0.601077
2022-04-11,2,Cyanobacteria,0.4421845,0.41624904
2022-04-12,2,Cyanobacteria,0.20424601,0.2568898
2022-04-13,2,Cyanobacteria,0.16290368,0.18806724
2022-04-14,2,Cyanobacteria,0.13675833,0.12880337
2022-04-15,2,Cyanobacteria,0.0103894295,0.17530039
2022-04-16,2,Cyanobacteria,0.47120208,0.29489243
2022-04-17,2,Cyanobacteria,0.9320147,0.5214346
2022-04-18,2,Cyanobacteria,1.3928274,0.80446684
2022-04-19,2,Cyanobacteria,2.2509274,1.3093668
2022-04-20,2,Cyanobacteria,2.0586097,1.3740207
2022-04-21,2,Cyanobacteria,1.6260804,1.7303811
2022-04-22,2,Cyanobacteria,1.0518768,1.6578963
2022-04-23,2,Cyanobacteria,0.91195065,1.6714019
2022-04-24,2,Cyanobacteria,1.1896162,1.5280222
2022-04-25,2,Cyanobacteria,1.9769739,1.5127208
2022-04-26,2,Cyanobacteria,1.4171904,1.6123897
2022-04-27,2,Cyanobacteria,2.58336,2.3717752
2022-04-28,2,Cyanobacteria,2.152193,2.1400356
2022-04-29,2,Cyanobacteria,2.1626146,2.7608323
2022-04-30,2,Cyanobacteria,2.1730363,2.5818863
2022-05-01,2,Cyanobacteria,2.1815941,2.5487187
2022-05-02,2,Cyanobacteria,2.0878696,2.554336
2022-05-03,2,Cyanobacteria,1.9130652,2.6519594
2022-05-04,2,Cyanobacteria,1.6117319,2.2297873
2022-05-05,2,Cyanobacteria,1.836971,2.36038
2022-05-06,2,Cyanobacteria,2.0369325,1.9320097
2022-05-07,2,Cyanobacteria,1.9392464,1.6826859
2022-05-08,2,Cyanobacteria,1.3235699,1.6472689
2022-05-09,2,Cyanobacteria,2.890058,1.5898649
2022-05-10,2,Cyanobacteria,2.2893047,1.7121887
2022-05-11,2,Cyanobacteria,2.080232,2.3536851
2022-05-12,2,Cyanobacteria,2.0300615,2.360846
2022-05-13,2,Cyanobacteria,2.7703042,2.3148358
2022-05-14,2,Cyanobacteria,3.278558,2.4446342
2022-05-15,2,Cyanobacteria,3.915648,3.1213105
2022-05-16,2,Cyanobacteria,4.275109,3.0801275
2022-05-17,2,Cyanobacteria,2.8151412,3.423625
2022-05-18,2,Cyanobacteria,2.0774837,3.1120403
2022-05-19,2,Cyanobacteria,1.9749783,2.4123406
2022-05-20,2,Cyanobacteria,1.7361549,2.1267586
2022-05-21,2,Cyanobacteria,1.4398187,2.173101
2022-05-22,2,Cyanobacteria,2.053594,2.1206818
2022-05-23,2,Cyanobacteria,1.9373734,1.9830811
2022-05-24,2,Cyanobacteria,1.7527878,2.4684608
2022-05-25,2,Cyanobacteria,1.9877247,2.652125
2022-05-26,2,Cyanobacteria,1.7746773,2.7253451
2022-05-27,2,Cyanobacteria,2.4411938,2.2729151
2022-05-28,2,Cyanobacteria,3.1183374,2.8388932
2022-05-29,2,Cyanobacteria,3.795481,3.1894975
2022-05-30,2,Cyanobacteria,4.472625,3.2793736
2022-05-31,2,Cyanobacteria,5.1497684,3.3360288
2022-06-01,2,Cyanobacteria,4.1820073,3.7665167
2022-06-02,2,Cyanobacteria,3.2975852,3.804542
2022-06-03,2,Cyanobacteria,4.2176213,3.2276313
2022-06-04,2,Cyanobacteria,6.272964,3.569316
2022-06-05,2,Cyanobacteria,4.386336,3.6326077
2022-06-06,2,Cyanobacteria,3.5452392,4.2769012
2022-06-07,2,Cyanobacteria,3.8714397,3.4280684
2022-06-08,2,Cyanobacteria,4.1976404,3.2151546
2022-06-09,2,Cyanobacteria,4.523841,3.5626068
2022-06-10,2,Cyanobacteria,4.8500414,3.713792
2022-06-11,2,Cyanobacteria,5.176242,3.8153145
2022-06-12,2,Cyanobacteria,5.1198487,3.903045
2022-06-13,2,Cyanobacteria,5.0634556,3.827477
2022-06-14,2,Cyanobacteria,5.0070624,3.528118
2022-06-15,2,Cyanobacteria,4.9506693,3.4563568
2022-06-16,2,Cyanobacteria,4.894276,3.5918918
2022-06-17,2,Cyanobacteria,2.3731694,3.6341898
2022-06-18,2,Cyanobacteria,1.219232,3.508326
2022-06-19,2,Cyanobacteria,0.9798187,2.0030742
2022-06-20,2,Cyanobacteria,0.78918177,1.5573581
2022-06-21,2,Cyanobacteria,0.83319336,1.5819312
2022-06-22,2,Cyanobacteria,1.5494641,1.612859
2022-06-23,2,Cyanobacteria,4.7543416,1.6813337
2022-06-24,2,Cyanobacteria,3.66243,2.0813465
2022-06-25,2,Cyanobacteria,1.9184504,3.7083752
2022-06-26,2,Cyanobacteria,2.8912816,2.9893796
2022-06-27,2,Cyanobacteria,2.743483,1.927056
2022-06-28,2,Cyanobacteria,2.3900073,2.7253423
2022-06-29,2,Cyanobacteria,2.7020102,2.649289
2022-06-30,2,Cyanobacteria,2.2068284,2.376404
2022-07-01,2,Cyanobacteria,2.0284288,2.853492
2022-07-02,2,Cyanobacteria,2.504562,2.7922
2022-07-03,2,Cyanobacteria,2.6843994,2.6860123
2022-07-04,2,Cyanobacteria,3.274656,3.0579267
2022-07-05,2,Cyanobacteria,3.1509414,3.2606578
2022-07-06,2,Cyanobacteria,3.4092262,3.5141037
2022-07-07,2,Cyanobacteria,2.602117,3.3746297
2022-07-08,2,Cyanobacteria,2.0531843,3.3736966
2022-07-09,2,Cyanobacteria,1.7956238,2.8411071
2022-07-10,2,Cyanobacteria,2.0568504,2.400051
2022-07-11,2,Cyanobacteria,2.372128,2.2725854
2022-07-12,2,Cyanobacteria,2.6012175,2.4805093
2022-07-13,2,Cyanobacteria,2.828348,2.924763
2022-07-14,2,Cyanobacteria,3.8188338,3.3175702
2022-07-15,2,Cyanobacteria,6.297978,3.520624
2022-07-16,2,Cyanobacteria,5.4864035,4.673641
2022-07-17,2,Cyanobacteria,6.516273,5.493869
2022-07-18,2,Cyanobacteria,4.57671,4.563694
2022-07-19,2,Cyanobacteria,3.2610588,4.7406807
2022-07-20,2,Cyanobacteria,3.2007184,3.8231025
2022-07-21,2,Cyanobacteria,3.3733938,3.0747848
2022-07-22,2,Cyanobacteria,3.3644865,3.2024093
2022-07-23,2,Cyanobacteria,3.8821256,3.1029198
2022-07-24,2,Cyanobacteria,4.914276,3.2750463
2022-07-25,2,Cyanobacteria,3.6174076,3.679461
2022-07-26,2,Cyanobacteria,2.4253619,4.291511
2022-07-27,2,Cyanobacteria,3.0902102,3.5775855
2022-07-28,2,Cyanobacteria,3.2870235,3.1390154
2022-07-29,2,Cyanobacteria,3.320978,3.330992
2022-07-30,2,Cyanobacteria,3.3549325,3.6868658
2022-07-31,2,Cyanobacteria,3.3888872,3.4214869
2022-08-01,2,Cyanobacteria,3.4228415,3.5382726
2022-08-02,2,Cyanobacteria,3.4567962,3.4849946
2022-08-03,2,Cyanobacteria,3.4907506,3.5125031
2022-08-04,2,Cyanobacteria,3.5247052,3.5292304
2022-08-05,2,Cyanobacteria,3.5586596,3.4456086
2022-08-06,2,Cyanobacteria,3.592614,3.8068361
2022-08-07,2,Cyanobacteria,3.6265686,3.8953695
2022-08-08,2,Cyanobacteria,3.6605232,3.8212967
2022-08-09,2,Cyanobacteria,3.6944776,3.8620348
2022-08-10,2,Cyanobacteria,3.728432,3.9131136
2022-08-11,2,Cyanobacteria,3.7623866,3.9554484
2022-08-12,2,Cyanobacteria,3.796341,4.014958
2022-08-13,2,Cyanobacteria,3.8302956,4.043077
2022-08-14,2,Cyanobacteria,3.8642502,4.102402
2022-08-15,2,Cyanobacteria,3.8982048,4.254444
2022-08-16,2,Cyanobacteria,3.9321592,4.0718746
2022-08-17,2,Cyanobacteria,3.9661138,4.076087
2022-08-18,2,Cyanobacteria,4.000068,4.0986795
2022-08-19,2,Cyanobacteria,4.0340223,4.054128
2022-08-20,2,Cyanobacteria,4.0679774,4.0059743
2022-08-21,2,Cyanobacteria,4.1019316,4.067773
2022-08-22,2,Cyanobacteria,4.135886,4.032974
2022-08-23,2,Cyanobacteria,4.169841,4.063065
2022-08-24,2,Cyanobacteria,4.203795,4.1033564
2022-08-25,2,Cyanobacteria,4.2377496,4.0777817
2022-08-26,2,Cyanobacteria,4.271704,4.242411
2022-08-27,2,Cyanobacteria,4.305659,4.2041063
2022-08-28,2,Cyanobacteria,4.339613,4.367428
2022-08-29,2,Cyanobacteria,4.3735676,4.4673114
2022-08-30,2,Cyanobacteria,4.407522,4.2331142
2022-08-31,2,Cyanobacteria,4.441477,4.0868683
2022-09-01,2,Cyanobacteria,4.475431,4.156078
2022-09-02,2,Cyanobacteria,4.5093856,4.244736
2022-09-03,2,Cyanobacteria,4.54334,4.4513927
2022-09-04,2,Cyanobacteria,4.577295,4.521121
2022-09-05,2,Cyanobacteria,4.6112494,4.5202007
2022-09-06,2,Cyanobacteria,4.6452036,4.5318494
2022-09-07,2,Cyanobacteria,4.679158,4.452284
2022-09-08,2,Cyanobacteria,4.713113,4.3432403
2022-09-09,2,Cyanobacteria,4.7470675,4.4338574
2022-09-10,2,Cyanobacteria,4.781022,4.5768447
2022-09-11,2,Cyanobacteria,6.1217318,4.72191
2022-09-12,2,Cyanobacteria,6.153777,4.6932073
2022-09-13,2,Cyanobacteria,5.5154853,5.270388
2022-09-14,2,Cyanobacteria,4.42329,4.9551325
2022-09-15,2,Cyanobacteria,3.8892832,4.6358695
2022-09-16,2,Cyanobacteria,3.7135918,4.1243496
2022-09-17,2,Cyanobacteria,2.9347034,3.761866
2022-09-18,2,Cyanobacteria,4.431348,3.5453606
2022-09-19,2,Cyanobacteria,4.227647,3.0723977
2022-09-20,2,Cyanobacteria,2.5538044,3.8150797
2022-09-21,2,Cyanobacteria,2.390876,3.5212286
2022-09-22,2,Cyanobacteria,2.1660202,2.5647805
2022-09-23,2,Cyanobacteria,2.1745803,2.394604
2022-09-24,2,Cyanobacteria,2.6702752,2.2940898
2022-09-25,2,Cyanobacteria,2.3401449,2.4178092
2022-09-26,2,Cyanobacteria,2.3833406,2.808233
2022-09-27,2,Cyanobacteria,2.510181,2.6907032
2022-09-28,2,Cyanobacteria,4.2074294,2.845572
2022-09-29,2,Cyanobacteria,4.753896,2.9442284
2022-09-30,2,Cyanobacteria,6.1951814,3.9944625
2022-10-01,2,Cyanobacteria,3.065192,4.304122
2022-10-02,2,Cyanobacteria,3.7090797,4.741956
2022-10-03,2,Cyanobacteria,4.398922,3.1928623
2022-10-04,2,Cyanobacteria,5.0918016,3.4869845
2022-10-05,2,Cyanobacteria,4.849297,3.7937112
2022-10-06,2,Cyanobacteria,4.0219636,3.8888352
2022-10-07,2,Cyanobacteria,2.7237463,3.7069504
2022-10-08,2,Cyanobacteria,2.32,3.370554
2022-10-09,2,Cyanobacteria,3.2219276,2.591681
2022-10-10,2,Cyanobacteria,3.2224002,2.2485676
2022-10-11,2,Cyanobacteria,2.4283636,2.696357
2022-10-12,2,Cyanobacteria,2.2486668,2.830757
2022-10-13,2,Cyanobacteria,2.2341595,2.3660455
2022-10-14,2,Cyanobacteria,2.4454308,2.384411
2022-10-15,2,Cyanobacteria,2.189485,2.4237432
2022-10-16,2,Cyanobacteria,2.4336784,2.4731154
2022-10-17,2,Cyanobacteria,2.1963432,2.2805572
2022-10-18,2,Cyanobacteria,1.77874,2.4779134
2022-10-19,2,Cyanobacteria,1.6230702,2.3090143
2022-10-20,2,Cyanobacteria,1.579081,1.9845912
2022-10-21,2,Cyanobacteria,1.7665725,1.9661305
2022-10-22,2,Cyanobacteria,2.6929433,1.9435567
2022-10-23,2,Cyanobacteria,2.4712858,2.0686812
2022-10-24,2,Cyanobacteria,2.1828291,2.5531332
2022-10-25,2,Cyanobacteria,1.9161577,2.2197316
2022-10-26,2,Cyanobacteria,1.6670797,1.9998945
2022-10-27,2,Cyanobacteria,1.6202025,1.6319311
2022-10-28,2,Cyanobacteria,1.552974,1.410539
2022-10-29,2,Cyanobacteria,1.5037726,1.2733859
2022-10-30,2,Cyanobacteria,1.6090738,1.2216899
2022-10-31,2,Cyanobacteria,1.5013676,1.245606
2022-11-01,2,Cyanobacteria,1.3019855,1.2934141
2022-11-02,2,Cyanobacteria,1.1026033,1.2815051
2022-11-03,2,Cyanobacteria,1.1929109,1.3141085
2022-11-04,2,Cyanobacteria,1.2192972,1.3359561
2022-11-05,2,Cyanobacteria,1.2108177,1.3856299
2022-11-06,2,Cyanobacteria,1.1931765,1.4809179
2022-11-07,2,Cyanobacteria,1.1273862,1.6023291
2022-11-08,2,Cyanobacteria,1.5220854,1.6766502
2022-11-09,2,Cyanobacteria,1.8338467,1.7578927
2022-11-10,2,Cyanobacteria,2.1456077,1.8787735
2022-11-11,2,Cyanobacteria,3.645496,2.1339328
2022-11-12,2,Cyanobacteria,3.7778358,2.4312756
2022-11-13,2,Cyanobacteria,3.9101756,3.2462478
2022-11-14,2,Cyanobacteria,4.0425153,3.4242299
2022-11-15,2,Cyanobacteria,4.174855,3.1772337
2022-11-16,2,Cyanobacteria,2.4362636,2.9100752
2022-11-17,2,Cyanobacteria,1.8813034,2.6955838
2022-11-18,2,Cyanobacteria,1.7065123,2.0463226
2022-11-19,2,Cyanobacteria,1.7963116,1.745073
2022-11-20,2,Cyanobacteria,1.7562879,1.6327134
2022-11-21,2,Cyanobacteria,1.716068,1.6111032
2022-11-22,2,Cyanobacteria,1.8579218,1.706206
2022-11-23,2,Cyanobacteria,2.309513,1.621737
2022-11-24,2,Cyanobacteria,2.2426267,1.6399125
2022-11-25,2,Cyanobacteria,1.6817813,1.7283984
2022-11-26,2,Cyanobacteria,2.334812,1.7681922
2022-11-27,2,Cyanobacteria,2.538623,1.6172485
2022-11-28,2,Cyanobacteria,2.067699,1.9020152
2022-11-29,2,Cyanobacteria,1.609312,2.0167117
2022-11-30,2,Cyanobacteria,1.4803835,1.6052765
2022-12-01,2,Cyanobacteria,1.5265702,1.4096617
2022-12-02,2,Cyanobacteria,1.5021827,1.3971151
2022-12-03,2,Cyanobacteria,1.3033888,1.4579679
2022-12-04,2,Cyanobacteria,1.2186893,1.5405576
2022-12-05,2,Cyanobacteria,1.2566932,1.4988741
2022-12-06,2,Cyanobacteria,1.2839594,1.485483
2022-12-07,2,Cyanobacteria,1.2833816,1.4703135
2022-12-08,2,Cyanobacteria,1.264826,1.5012155
2022-12-09,2,Cyanobacteria,1.1665274,1.4967468
2022-12-10,2,Cyanobacteria,1.1783273,1.4392442
2022-12-11,2,Cyanobacteria,1.162433,1.3747659
2022-12-12,2,Cyanobacteria,1.0775615,1.3621767
2022-12-13,2,Cyanobacteria,1.0522738,1.3220096
2022-12-14,2,Cyanobacteria,1.0630385,1.326747
2022-12-15,2,Cyanobacteria,0.9643116,1.3141631
2022-12-16,2,Cyanobacteria,0.9429254,1.239627
2022-12-17,2,Cyanobacteria,0.9599493,1.1921574
2022-12-18,2,Cyanobacteria,1.066546,1.0604464
2022-12-19,2,Cyanobacteria,1.2629783,1.0961848
2022-12-20,2,Cyanobacteria,0.976756,1.1154486
2022-12-21,2,Cyanobacteria,0.92862743,1.2335415
2022-12-22,2,Cyanobacteria,0.971029,1.1087611
2022-12-23,2,Cyanobacteria,1.0265797,1.0653611
2022-12-24,2,Cyanobacteria,1.063063,0.96862286
2022-12-25,2,Cyanobacteria,1.0813106,1.011916
2022-12-26,2,Cyanobacteria,1.0943778,1.0449021
2022-12-27,2,Cyanobacteria,1.0884805,1.0206028
2022-12-28,2,Cyanobacteria,1.1312981,0.9870267
2022-12-29,2,Cyanobacteria,1.1201302,0.93876714
2022-12-30,2,Cyanobacteria,1.0986956,0.9498854
2022-12-31,2,Cyanobacteria,1.1218044,0.92194736
2023-01-01,2,Cyanobacteria,1.1762229,0.88355094
2023-01-02,2,Cyanobacteria,1.3408847,0.8654072
2023-01-03,2,Cyanobacteria,1.5967512,0.87983876
2023-01-04,2,Cyanobacteria,1.1869442,0.88899946
2023-01-05,2,Cyanobacteria,0.5527029,0.9400332
2023-01-06,2,Cyanobacteria,0.5547719,0.732615
2023-01-07,2,Cyanobacteria,0.25931886,0.5118316
2023-01-08,2,Cyanobacteria,0.8177391,0.560886
2023-01-09,2,Cyanobacteria,0.1614521,0.5954845
2023-01-10,2,Cyanobacteria,0.992042,0.84301656
2023-01-11,2,Cyanobacteria,1.275152,1.0034472
2023-01-12,2,Cyanobacteria,1.3251085,1.2986358
2023-01-13,2,Cyanobacteria,1.0189146,1.4670948
2023-01-14,2,Cyanobacteria,1.2738205,1.588238
2023-01-15,2,Cyanobacteria,1.3461332,1.6287947
2023-01-16,2,Cyanobacteria,1.4476104,1.6371334
2023-01-17,2,Cyanobacteria,1.2679595,1.8220835
2023-01-18,2,Cyanobacteria,1.4467247,1.6802822
2023-01-19,2,Cyanobacteria,1.4130435,1.609183
2023-01-20,2,Cyanobacteria,1.1790079,1.5356747
2023-01-21,2,Cyanobacteria,1.253741,1.4208299
2023-01-22,2,Cyanobacteria,0.74572355,1.3009579
2023-01-23,2,Cyanobacteria,0.6302901,1.3182803
2023-01-24,2,Cyanobacteria,1.5968212,1.2151787
2023-01-25,2,Cyanobacteria,1.5914844,1.0265763
2023-01-26,2,Cyanobacteria,1.4528313,1.4710238
2023-01-27,2,Cyanobacteria,1.3141781,1.5980365
2023-01-28,2,Cyanobacteria,1.4395945,1.5407565
2023-01-29,2,Cyanobacteria,1.4727279,1.434123
2023-01-30,2,Cyanobacteria,1.3791581,1.4530802
2023-01-31,2,Cyanobacteria,1.1787742,1.444559
2023-02-01,2,Cyanobacteria,0.9783902,1.3956312
2023-02-02,2,Cyanobacteria,1.3512114,1.2682991
2023-02-03,2,Cyanobacteria,1.5657766,1.2192543
2023-02-04,2,Cyanobacteria,1.615985,1.3620037
2023-02-05,2,Cyanobacteria,2.4904246,1.6863045
2023-02-06,2,Cyanobacteria,2.262368,1.7616136
2023-02-07,2,Cyanobacteria,2.1824055,1.9799297
2023-02-08,2,Cyanobacteria,1.5520464,1.940874
2023-02-09,2,Cyanobacteria,1.8653886,1.998148
2023-02-10,2,Cyanobacteria,2.283535,1.9292674
2023-02-11,2,Cyanobacteria,2.7620409,1.9814428
2023-02-12,2,Cyanobacteria,2.2324486,2.0754318
2023-02-13,2,Cyanobacteria,1.8255773,2.1357691
2023-02-14,2,Cyanobacteria,2.4639304,1.9984524
2023-02-15,2,Cyanobacteria,1.9916799,1.9122169
2023-02-16,2,Cyanobacteria,1.7593039,2.03515
2023-02-17,2,Cyanobacteria,1.7566204,1.8904967
2023-02-18,2,Cyanobacteria,1.8478105,1.8190045
2023-02-19,2,Cyanobacteria,1.577091,1.7866136
2023-02-20,2,Cyanobacteria,1.5175421,1.8405726
2023-02-21,2,Cyanobacteria,1.2222602,1.7268517
2023-02-22,2,Cyanobacteria,1.1143904,1.698565
2023-02-23,2,Cyanobacteria,1.5166937,1.5501319
2023-02-24,2,Cyanobacteria,1.4491328,1.4552065
2023-02-25,2,Cyanobacteria,1.4799918,1.5813165
2023-02-26,2,Cyanobacteria,1.5221559,1.5629858
2023-02-27,2,Cyanobacteria,1.712296,1.563103
2023-02-28,2,Cyanobacteria,2.1366403,1.5821954
2023-03-01,2,Cyanobacteria,1.7858219,1.6040609
2023-03-02,2,Cyanobacteria,1.3755527,1.7668861
2023-03-03,2,Cyanobacteria,1.2984917,1.5987345
2023-03-04,2,Cyanobacteria,1.2888846,1.4092494
2023-03-05,2,Cyanobacteria,1.2217515,1.3564142
2023-03-06,2,Cyanobacteria,1.191564,1.3281913
2023-03-07,2,Cyanobacteria,1.3979748,1.2861435
2023-03-08,2,Cyanobacteria,1.3001692,1.227231
2023-03-09,2,Cyanobacteria,1.2327971,1.2440978
2023-03-10,2,Cyanobacteria,1.1577052,1.2033191
2023-03-11,2,Cyanobacteria,1.0726924,1.1271342
2023-03-12,2,Cyanobacteria,1.0191824,1.0653938
2023-03-13,2,Cyanobacteria,0.8894389,0.98100305
2023-03-14,2,Cyanobacteria,0.90746105,0.9194425
2023-03-15,2,Cyanobacteria,0.87925994,0.8761066
2023-03-16,2,Cyanobacteria,0.83830166,0.7801933
2023-03-17,2,Cyanobacteria,1.0444053,0.73182434
2023-03-18,2,Cyanobacteria,1.0910829,0.75402516
2023-03-19,2,Cyanobacteria,0.9658961,0.8812639
2023-03-20,2,Cyanobacteria,0.92234516,0.9966999
2023-03-21,2,Cyanobacteria,0.9250495,1.0605645
2023-03-22,2,Cyanobacteria,0.80815005,1.1734258
2023-03-23,2,Cyanobacteria,0.27196577,1.2778193
2023-03-24,2,Cyanobacteria,0.7134048,1.3825238
2023-03-25,2,Cyanobacteria,2.8818572,1.3197755
2023-03-26,2,Cyanobacteria,3.2467968,1.5381998
2023-03-27,2,Cyanobacteria,3.6117365,2.9967532
2023-03-28,2,Cyanobacteria,2.6727736,3.0829945
2023-03-29,2,Cyanobacteria,1.9372687,2.8306491
2023-03-30,2,Cyanobacteria,1.7760023,2.1102288
2023-03-31,2,Cyanobacteria,1.5423425,1.988269
2023-04-01,2,Cyanobacteria,1.2678039,1.5768096
2023-04-02,2,Cyanobacteria,1.108106,1.3648989
2023-04-03,2,Cyanobacteria,1.0268787,1.2329094
2023-04-04,2,Cyanobacteria,1.0073328,1.2111131
2023-04-05,2,Cyanobacteria,1.5883657,1.2593421
2023-04-06,2,Cyanobacteria,2.1693985,1.3194746
2023-04-07,2,Cyanobacteria,2.7504315,1.8354132
2023-04-08,2,Cyanobacteria,3.3314643,2.4042485
2023-04-09,2,Cyanobacteria,2.7729766,2.3855867
2023-04-10,2,Cyanobacteria,2.417534,2.4019513
2023-04-11,2,Cyanobacteria,1.7742348,1.919394
2023-04-12,2,Cyanobacteria,1.4090321,1.6973898
2023-04-13,2,Cyanobacteria,1.2431421,1.4290941
2023-04-14,2,Cyanobacteria,1.120989,1.187307
2023-04-15,2,Cyanobacteria,1.1054552,1.1729776
2023-04-16,2,Cyanobacteria,1.0206532,1.1796662
2023-04-17,2,Cyanobacteria,0.772153,1.1340041
2023-04-18,2,Cyanobacteria,1.0562845,1.1474123
2023-04-19,2,Cyanobacteria,1.5799931,1.0922925
2023-04-20,2,Cyanobacteria,1.3164134,1.3567636
2023-04-21,2,Cyanobacteria,1.2170826,1.7061987
2023-04-22,2,Cyanobacteria,1.2514278,1.4381291
2023-04-23,2,Cyanobacteria,1.1737871,1.4029715
2023-04-24,2,Cyanobacteria,1.1448725,1.4753542
2023-04-25,2,Cyanobacteria,1.0627111,1.4662864
2023-04-26,2,Cyanobacteria,1.4576253,1.4482932
2023-04-27,2,Cyanobacteria,1.7456878,1.419717
2023-04-28,2,Cyanobacteria,1.8548379,1.4921856
2023-04-29,2,Cyanobacteria,2.6361527,1.7561162
2023-04-30,2,Cyanobacteria,3.1612911,1.734763
2023-05-01,2,Cyanobacteria,1.9083881,2.0989125
2023-05-02,2,Cyanobacteria,1.5850003,2.2177265
2023-05-03,2,Cyanobacteria,0.7557995,1.6450931
2023-05-04,2,Cyanobacteria,0.83305645,1.4042639
2023-05-05,2,Cyanobacteria,0.64165354,1.1508791
2023-05-06,2,Cyanobacteria,0.42700356,1.2365681
2023-05-07,2,Cyanobacteria,1.1629804,1.3088195
2023-05-08,2,Cyanobacteria,1.8989573,1.5017766
2023-05-09,2,Cyanobacteria,2.634934,2.0283637
2023-05-10,2,Cyanobacteria,3.370911,2.5861745
2023-05-11,2,Cyanobacteria,4.106888,3.15016
2023-05-12,2,Cyanobacteria,4.8428645,3.3719864
2023-05-13,2,Cyanobacteria,5.5788417,3.494462
2023-05-14,2,Cyanobacteria,3.4932373,3.46477
2023-05-15,2,Cyanobacteria,2.3829908,3.435368
2023-05-16,2,Cyanobacteria,1.6760406,2.4971843
2023-05-17,2,Cyanobacteria,1.5048957,2.0615988
2023-05-18,2,Cyanobacteria,1.3905042,1.7519776
2023-05-19,2,Cyanobacteria,1.3446171,1.7103925
2023-05-20,2,Cyanobacteria,1.3385532,1.6760223
2023-05-21,2,Cyanobacteria,1.2489344,1.6684515
2023-05-22,2,Cyanobacteria,1.2775736,1.9527729
2023-05-23,2,Cyanobacteria,1.7400788,1.6993854
2023-05-24,2,Cyanobacteria,2.1723888,1.5911852
2023-05-25,2,Cyanobacteria,2.054791,1.8879595
2023-05-26,2,Cyanobacteria,2.0169272,2.1716547
2023-05-27,2,Cyanobacteria,2.1836193,2.1464682
2023-05-28,2,Cyanobacteria,2.1190135,2.076048
2023-05-29,2,Cyanobacteria,2.2845416,2.1591005
2023-05-30,2,Cyanobacteria,2.8546731,2.20084
2023-05-31,2,Cyanobacteria,3.6820343,2.4124157
2023-06-01,2,Cyanobacteria,4.2432837,2.8697112
2023-06-02,2,Cyanobacteria,3.1228824,3.1589324
2023-06-03,2,Cyanobacteria,3.9125252,3.1955335
2023-06-04,2,Cyanobacteria,3.0990682,2.74756
2023-06-05,2,Cyanobacteria,2.2573907,3.1554575
2023-06-06,2,Cyanobacteria,3.5290446,2.7095304
2023-06-07,2,Cyanobacteria,4.5944915,2.2640755
2023-06-08,2,Cyanobacteria,3.974097,2.859084
2023-06-09,2,Cyanobacteria,2.817865,3.5716925
2023-06-10,2,Cyanobacteria,2.1575139,3.2900789
2023-06-11,2,Cyanobacteria,2.202399,2.6841378
2023-06-12,2,Cyanobacteria,2.613506,2.4127686
2023-06-13,2,Cyanobacteria,3.0178857,2.5670676
2023-06-14,2,Cyanobacteria,3.2518442,2.8793347
2023-06-15,2,Cyanobacteria,2.6697867,2.9440656
2023-06-16,2,Cyanobacteria,1.9534781,2.7403495
2023-06-17,2,Cyanobacteria,2.036473,2.4452763
2023-06-18,2,Cyanobacteria,2.074111,2.3116245
2023-06-19,2,Cyanobacteria,1.7520274,2.4624143
2023-06-20,2,Cyanobacteria,1.9095271,2.483277
2023-06-21,2,Cyanobacteria,2.6224213,2.5419087
2023-06-22,2,Cyanobacteria,2.9754727,2.7113347
2023-06-23,2,Cyanobacteria,3.7797623,3.1975455
2023-06-24,2,Cyanobacteria,3.8032756,3.3556142
2023-06-25,2,Cyanobacteria,3.9180677,3.5285347
2023-06-26,2,Cyanobacteria,4.7419147,3.041352
2023-06-27,2,Cyanobacteria,5.532881,2.978734
2023-06-28,2,Cyanobacteria,3.5055287,3.4285424
2023-06-29,2,Cyanobacteria,3.4548762,3.544026
2023-06-30,2,Cyanobacteria,2.7937806,2.748336
2023-07-01,2,Cyanobacteria,1.5995938,2.6801512
2023-07-02,2,Cyanobacteria,1.5965191,2.3112967
2023-07-03,2,Cyanobacteria,1.7737297,1.8978121
2023-07-04,2,Cyanobacteria,2.776571,1.9845268
2023-07-05,2,Cyanobacteria,3.2304816,2.110538
2023-07-06,2,Cyanobacteria,1.984966,2.5573597
2023-07-07,2,Cyanobacteria,1.9826539,2.783324
2023-07-08,2,Cyanobacteria,2.2500691,2.0879211
2023-07-09,2,Cyanobacteria,2.3913074,1.9921935
2023-07-10,2,Cyanobacteria,2.655939,2.0771003
2023-07-11,2,Cyanobacteria,1.9692372,2.0378673
2023-07-12,2,Cyanobacteria,1.2298373,2.0483236
2023-07-13,2,Cyanobacteria,1.0929966,1.7636735
2023-07-14,2,Cyanobacteria,0.5992144,1.5219312
2023-07-15,2,Cyanobacteria,0.6014617,1.4255451
2023-07-16,2,Cyanobacteria,0.609786,1.4135695
2023-07-17,2,Cyanobacteria,0.70679635,1.4765975
2023-07-18,2,Cyanobacteria,0.8659262,1.6818295
2023-07-19,2,Cyanobacteria,0.9241884,1.8128752
2023-07-20,2,Cyanobacteria,1.0990573,1.9551134
2023-07-21,2,Cyanobacteria,2.9751103,2.1709538
2023-07-22,2,Cyanobacteria,4.6228127,2.3160865
2023-07-23,2,Cyanobacteria,2.8313358,3.5076826
2023-07-24,2,Cyanobacteria,4.548409,4.163884
2023-07-25,2,Cyanobacteria,5.784873,2.9033704
2023-07-26,2,Cyanobacteria,3.7234683,3.2946796
2023-07-27,2,Cyanobacteria,1.6620638,3.3333948
2023-07-28,2,Cyanobacteria,0.8556233,2.2464387
2023-07-29,2,Cyanobacteria,0.89116377,1.6440992
2023-07-30,2,Cyanobacteria,1.1886462,1.4297979
2023-07-31,2,Cyanobacteria,2.471676,1.4454424
2023-08-01,2,Cyanobacteria,1.6940145,1.7912704
2023-08-02,2,Cyanobacteria,1.9481753,2.3076694
2023-08-03,2,Cyanobacteria,1.7617489,2.1617455
2023-08-04,2,Cyanobacteria,1.0801963,2.334876
2023-08-05,2,Cyanobacteria,1.292281,2.2242608
2023-08-06,2,Cyanobacteria,1.7215066,2.0153348
2023-08-07,2,Cyanobacteria,3.3288689,2.0751903
2023-08-08,2,Cyanobacteria,3.0218735,2.2386842
2023-08-09,2,Cyanobacteria,1.651122,2.8531578
2023-08-10,2,Cyanobacteria,1.442921,2.5682142
2023-08-11,2,Cyanobacteria,0.7765467,1.8739017
2023-08-12,2,Cyanobacteria,0.9314234,1.7926254
2023-08-13,2,Cyanobacteria,1.5715406,1.5900658
2023-08-14,2,Cyanobacteria,4.173333,1.7098503
2023-08-15,2,Cyanobacteria,1.9116304,2.1258657
2023-08-16,2,Cyanobacteria,3.6171675,3.34772
2023-08-17,2,Cyanobacteria,2.3501623,2.4815216
2023-08-18,2,Cyanobacteria,2.9149249,3.057132
2023-08-19,2,Cyanobacteria,3.0159187,2.5421665
2023-08-20,2,Cyanobacteria,2.285934,3.1706097
2023-08-21,2,Cyanobacteria,2.103505,3.142509
2023-08-22,2,Cyanobacteria,2.0100663,2.517922
2023-08-23,2,Cyanobacteria,2.030845,2.4303567
2023-08-24,2,Cyanobacteria,1.9803014,2.4777493
2023-08-25,2,Cyanobacteria,1.8590924,2.545199
2023-08-26,2,Cyanobacteria,2.186416,2.524412
2023-08-27,2,Cyanobacteria,2.1218035,2.5873072
2023-08-28,2,Cyanobacteria,2.2880745,2.8529243
2023-08-29,2,Cyanobacteria,4.906969,2.8109157
2023-08-30,2,Cyanobacteria,2.747103,2.726511
2023-08-31,2,Cyanobacteria,4.8251433,3.8555872
2023-09-01,2,Cyanobacteria,3.1461823,2.6139174
2023-09-02,2,Cyanobacteria,2.997252,3.7014413
2023-09-03,2,Cyanobacteria,2.551028,2.7491176
2023-09-04,2,Cyanobacteria,2.49856,2.6908643
2023-09-05,2,Cyanobacteria,5.2166624,2.6236124
2023-09-06,2,Cyanobacteria,5.1275606,2.693536
2023-09-07,2,Cyanobacteria,5.0384583,3.6925018
2023-09-08,2,Cyanobacteria,4.9493566,3.7405775
2023-09-09,2,Cyanobacteria,2.5999234,3.39336
2023-09-10,2,Cyanobacteria,2.1791236,3.1945667
2023-09-11,2,Cyanobacteria,1.9352801,2.1556666
2023-09-12,2,Cyanobacteria,1.8269101,2.1574156
2023-09-13,2,Cyanobacteria,1.9009577,1.9636959
2023-09-14,2,Cyanobacteria,2.1442535,2.0625014
2023-09-15,2,Cyanobacteria,2.3835835,2.0405679
2023-09-16,2,Cyanobacteria,2.215428,2.210989
2023-09-17,2,Cyanobacteria,1.9896855,2.3335469
2023-09-18,2,Cyanobacteria,2.0334396,2.2579277
2023-09-19,2,Cyanobacteria,2.1670406,2.2497022
2023-09-20,2,Cyanobacteria,2.404295,2.2099538
2023-09-21,2,Cyanobacteria,2.4283464,2.274203
2023-09-22,2,Cyanobacteria,2.1776288,2.4298422
2023-09-23,2,Cyanobacteria,2.2079122,2.4857097
2023-09-24,2,Cyanobacteria,2.0656526,2.249998
2023-09-25,2,Cyanobacteria,1.8197497,2.2952592
2023-09-26,2,Cyanobacteria,2.788784,2.4546583
2023-09-27,2,Cyanobacteria,2.862572,2.4191186
2023-09-28,2,Cyanobacteria,2.8470044,2.9121466
2023-09-29,2,Cyanobacteria,2.7773497,3.057318
2023-09-30,2,Cyanobacteria,3.3597028,3.00233
2023-10-01,2,Cyanobacteria,3.2632625,3.0587072
2023-10-02,2,Cyanobacteria,2.1856651,3.2392385
2023-10-03,2,Cyanobacteria,3.234886,3.0316446
2023-10-04,2,Cyanobacteria,3.1014996,2.6377168
2023-10-05,2,Cyanobacteria,2.354695,3.2406824
2023-10-06,2,Cyanobacteria,1.8833472,2.9256995
2023-10-07,2,Cyanobacteria,1.6806661,2.4849944
2023-10-08,2,Cyanobacteria,1.6510261,2.2774324
2023-10-09,2,Cyanobacteria,1.65687,2.1472008
2023-10-10,2,Cyanobacteria,2.0349479,2.099227
2023-10-11,2,Cyanobacteria,1.9036157,2.110356
2023-10-12,2,Cyanobacteria,1.5963961,2.4165363
2023-10-13,2,Cyanobacteria,2.2419574,2.5036397
2023-10-14,2,Cyanobacteria,3.478502,2.374672
2023-10-15,2,Cyanobacteria,3.9786897,2.6836016
2023-10-16,2,Cyanobacteria,2.291187,3.3203967
2023-10-17,2,Cyanobacteria,2.2361436,3.4873986
2023-10-18,2,Cyanobacteria,3.1238363,2.822011
2023-10-19,2,Cyanobacteria,3.5173097,2.7302604
2023-10-20,2,Cyanobacteria,3.7166374,3.1327245
2023-10-21,2,Cyanobacteria,2.9234288,3.1597981
2023-10-22,2,Cyanobacteria,3.0309916,3.1611452
2023-10-23,2,Cyanobacteria,2.8510609,2.970249
2023-10-24,2,Cyanobacteria,3.768123,2.880953
2023-10-25,2,Cyanobacteria,5.941194,2.898453
2023-10-26,2,Cyanobacteria,4.4449563,3.2822661
2023-10-27,2,Cyanobacteria,4.763434,3.837035
2023-10-28,2,Cyanobacteria,2.8690472,3.1966581
2023-10-29,2,Cyanobacteria,2.7990034,3.2235389
2023-10-30,2,Cyanobacteria,2.6598368,2.5626535
2023-10-31,2,Cyanobacteria,3.064641,2.505482
2023-11-01,2,Cyanobacteria,3.5453944,2.500452
2023-11-02,2,Cyanobacteria,3.0826712,2.6820884
2023-11-03,2,Cyanobacteria,3.453603,2.8819695
2023-11-04,2,Cyanobacteria,2.4549444,2.6611493
2023-11-05,2,Cyanobacteria,3.4141028,2.8447282
2023-11-06,2,Cyanobacteria,3.7630842,2.355231
2023-11-07,2,Cyanobacteria,2.8241215,2.596917
2023-11-08,2,Cyanobacteria,1.6250529,2.8715754
2023-11-09,2,Cyanobacteria,1.9600605,2.3890028
2023-11-10,2,Cyanobacteria,2.4557483,1.9164164
2023-11-11,2,Cyanobacteria,1.7682997,2.1318293
2023-11-12,2,Cyanobacteria,1.8357332,2.4703038
2023-11-13,2,Cyanobacteria,1.5355757,2.2940407
2023-11-14,2,Cyanobacteria,1.4568228,2.3697598
2023-11-15,2,Cyanobacteria,1.3942672,2.288676
2023-11-16,2,Cyanobacteria,1.4696076,2.2720232
2023-11-17,2,Cyanobacteria,1.5879126,2.1993299
2023-11-18,2,Cyanobacteria,1.8608291,2.252321
2023-11-19,2,Cyanobacteria,1.7472198,2.3340602
2023-11-20,2,Cyanobacteria,2.048946,2.484669
2023-11-21,2,Cyanobacteria,2.0148678,2.3976655
2023-11-22,2,Cyanobacteria,2.2934241,2.5318756
2023-11-23,2,Cyanobacteria,3.542967,2.5408225
2023-11-24,2,Cyanobacteria,2.294738,2.4506676
2023-11-25,2,Cyanobacteria,1.8379765,2.6846578
2023-11-26,2,Cyanobacteria,1.510859,2.10973
2023-11-27,2,Cyanobacteria,1.4485191,1.8977095
2023-11-28,2,Cyanobacteria,1.7754028,1.7940805
2023-11-29,2,Cyanobacteria,1.1889424,1.8247908
2023-11-30,2,Cyanobacteria,4.1997676,1.950596
2023-12-01,2,Cyanobacteria,2.7477224,1.7862805
2023-12-02,2,Cyanobacteria,2.1429226,2.9766552
2023-12-03,2,Cyanobacteria,2.1683147,2.5311162
2023-12-04,2,Cyanobacteria,1.8719982,2.1007981
2023-12-05,2,Cyanobacteria,2.7758234,1.9615782
2023-12-06,2,Cyanobacteria,2.8993187,1.78941
2023-12-07,2,Cyanobacteria,2.0482368,2.1694071
2023-12-08,2,Cyanobacteria,1.585169,2.3133714
2023-12-09,2,Cyanobacteria,2.0673146,2.1695266
2023-12-10,2,Cyanobacteria,1.7040033,1.9313684
2023-12-11,2,Cyanobacteria,2.2543254,2.0994618
2023-12-12,2,Cyanobacteria,2.8514695,1.9810531
2023-12-13,2,Cyanobacteria,2.631844,2.1810603
2023-12-14,2,Cyanobacteria,2.930671,2.538316
2023-12-15,2,Cyanobacteria,4.081218,2.356336
2023-12-16,2,Cyanobacteria,2.122142,2.2443924
2023-12-17,2,Cyanobacteria,1.3384718,2.7241092
2023-12-18,2,Cyanobacteria,1.4121481,2.0424519
2023-12-19,2,Cyanobacteria,1.8288468,1.6778281
2023-12-20,2,Cyanobacteria,1.4450092,1.6601732
2023-12-21,2,Cyanobacteria,1.3191619,1.8512356
2023-12-22,2,Cyanobacteria,1.6237926,1.7806505
2023-12-23,2,Cyanobacteria,1.574842,1.7660837
2023-12-24,2,Cyanobacteria,1.5136062,1.8630242
2023-12-25,2,Cyanobacteria,1.7450206,1.84803
2023-12-26,2,Cyanobacteria,3.017767,1.8031105
2023-12-27,2,Cyanobacteria,3.659146,1.8594427
2023-12-28,2,Cyanobacteria,2.284695,2.2528226
2020-10-30,3,Cyanobacteria,0.9165894,1.9179229
2020-10-31,3,Cyanobacteria,1.3927351,2.24261
2020-11-01,3,Cyanobacteria,1.3244635,2.021797
2020-11-02,3,Cyanobacteria,1.4207313,1.6202871
2020-11-03,3,Cyanobacteria,1.6778421,1.6599208
2020-11-04,3,Cyanobacteria,1.990452,1.671496
2020-11-05,3,Cyanobacteria,2.022165,1.6759752
2020-11-06,3,Cyanobacteria,2.008798,1.7268282
2020-11-07,3,Cyanobacteria,1.885076,1.8396946
2020-11-08,3,Cyanobacteria,1.9127102,1.8288841
2020-11-09,3,Cyanobacteria,1.7077882,1.8186799
2020-11-10,3,Cyanobacteria,1.6468678,1.7156876
2020-11-11,3,Cyanobacteria,1.6813062,1.568571
2020-11-12,3,Cyanobacteria,1.9224818,1.4972278
2020-11-13,3,Cyanobacteria,1.6967794,1.4331052
2020-11-14,3,Cyanobacteria,2.2499926,1.4148295
2020-11-15,3,Cyanobacteria,2.0681548,1.460928
2020-11-16,3,Cyanobacteria,1.7629341,1.3987939
2020-11-17,3,Cyanobacteria,1.6316327,1.5482132
2020-11-18,3,Cyanobacteria,1.4976882,1.4959967
2020-11-19,3,Cyanobacteria,1.2110482,1.4321315
2020-11-20,3,Cyanobacteria,1.6200837,1.3648112
2020-11-21,3,Cyanobacteria,1.108683,1.372076
2020-11-22,3,Cyanobacteria,1.0693725,1.2530463
2020-11-23,3,Cyanobacteria,1.2781522,1.4550921
2020-11-24,3,Cyanobacteria,1.5949926,1.3346626
2020-11-25,3,Cyanobacteria,1.621545,1.3139586
2020-11-26,3,Cyanobacteria,0.6157164,1.3945719
2020-11-27,3,Cyanobacteria,1.1531911,1.4732373
2020-11-28,3,Cyanobacteria,1.334508,1.4767699
2020-11-29,3,Cyanobacteria,1.2755716,1.2525066
2020-11-30,3,Cyanobacteria,1.4539436,1.3352733
2020-12-01,3,Cyanobacteria,1.416155,1.3743169
2020-12-02,3,Cyanobacteria,1.3794355,1.38475
2020-12-03,3,Cyanobacteria,1.5929089,1.4390209
2020-12-04,3,Cyanobacteria,1.6844646,1.4664353
2020-12-05,3,Cyanobacteria,1.6305789,1.4374529
2020-12-06,3,Cyanobacteria,1.537851,1.477376
2020-12-07,3,Cyanobacteria,1.4415424,1.5400746
2020-12-08,3,Cyanobacteria,1.3017017,1.457226
2020-12-09,3,Cyanobacteria,1.1760101,1.4311126
2020-12-10,3,Cyanobacteria,1.2858943,1.3145163
2020-12-11,3,Cyanobacteria,1.2478929,1.2503949
2020-12-12,3,Cyanobacteria,1.1700652,1.175752
2020-12-13,3,Cyanobacteria,0.7562853,1.1439042
2020-12-14,3,Cyanobacteria,1.4720767,1.1345553
2020-12-15,3,Cyanobacteria,1.6189508,1.0905762
2020-12-16,3,Cyanobacteria,1.7228365,0.9645984
2020-12-17,3,Cyanobacteria,1.7015278,1.1793869
2020-12-18,3,Cyanobacteria,1.5606419,1.2977442
2020-12-19,3,Cyanobacteria,1.410767,1.3722589
2020-12-20,3,Cyanobacteria,1.231288,1.2890302
2020-12-21,3,Cyanobacteria,1.0281318,1.2329721
2020-12-22,3,Cyanobacteria,0.94908035,1.1742785
2020-12-23,3,Cyanobacteria,0.5109782,1.0725636
2020-12-24,3,Cyanobacteria,0.7968573,0.9926565
2020-12-25,3,Cyanobacteria,0.9004562,0.9459479
2020-12-26,3,Cyanobacteria,1.0766836,0.760132
2020-12-27,3,Cyanobacteria,0.95042,0.75515544
2020-12-28,3,Cyanobacteria,0.5107458,0.8343261
2020-12-29,3,Cyanobacteria,0.2183068,0.901673
2020-12-30,3,Cyanobacteria,1.2127858,0.8752322
2020-12-31,3,Cyanobacteria,0.92782927,0.81163216
2021-01-01,3,Cyanobacteria,1.2508177,0.8584571
2021-01-02,3,Cyanobacteria,1.2944026,1.0784068
2021-01-03,3,Cyanobacteria,1.232453,1.2089385
2021-01-04,3,Cyanobacteria,1.0558363,1.2597301
2021-01-05,3,Cyanobacteria,1.1140188,1.2520584
2021-01-06,3,Cyanobacteria,1.0396379,1.1761096
2021-01-07,3,Cyanobacteria,1.0007603,1.0650275
2021-01-08,3,Cyanobacteria,1.133749,1.0028932
2021-01-09,3,Cyanobacteria,1.1601809,0.9251602
2021-01-10,3,Cyanobacteria,1.2568814,0.881923
2021-01-11,3,Cyanobacteria,1.1985952,0.90059084
2021-01-12,3,Cyanobacteria,1.1570984,0.8704858
2021-01-13,3,Cyanobacteria,1.1095513,0.84945387
2021-01-14,3,Cyanobacteria,1.023268,0.81581116
2021-01-15,3,Cyanobacteria,0.7892397,0.77249414
2021-01-16,3,Cyanobacteria,0.5160029,0.7330718
2021-01-17,3,Cyanobacteria,0.6644501,0.6987248
2021-01-18,3,Cyanobacteria,0.72609264,0.64598763
2021-01-19,3,Cyanobacteria,0.80248195,0.6069656
2021-01-20,3,Cyanobacteria,0.5337771,0.60533
2021-01-21,3,Cyanobacteria,0.47094068,0.6253024
2021-01-22,3,Cyanobacteria,0.73403335,0.6512434
2021-01-23,3,Cyanobacteria,0.5746165,0.6542496
2021-01-24,3,Cyanobacteria,0.9917221,0.5721518
2021-01-25,3,Cyanobacteria,0.90726936,0.6619412
2021-01-26,3,Cyanobacteria,1.368466,0.69402117
2021-01-27,3,Cyanobacteria,1.1996093,0.91512054
2021-01-28,3,Cyanobacteria,1.1409117,0.9850865
2021-01-29,3,Cyanobacteria,1.1614038,0.94975513
2021-01-30,3,Cyanobacteria,0.9247902,0.8576142
2021-01-31,3,Cyanobacteria,0.8163143,0.90761846
2021-02-01,3,Cyanobacteria,0.68247646,0.9368038
2021-02-02,3,Cyanobacteria,0.7478566,0.8678824
2021-02-03,3,Cyanobacteria,0.9111803,0.8170169
2021-02-04,3,Cyanobacteria,0.80073136,0.7228905
2021-02-05,3,Cyanobacteria,0.7012689,0.6756189
2021-02-06,3,Cyanobacteria,0.6910789,0.6942148
2021-02-07,3,Cyanobacteria,0.677118,0.67420083
2021-02-08,3,Cyanobacteria,0.8998841,0.63797224
2021-02-09,3,Cyanobacteria,0.6313663,0.61354405
2021-02-10,3,Cyanobacteria,0.74432606,0.57176423
2021-02-11,3,Cyanobacteria,0.8625417,0.5921545
2021-02-12,3,Cyanobacteria,0.97663283,0.5697773
2021-02-13,3,Cyanobacteria,0.55862415,0.58315754
2021-02-14,3,Cyanobacteria,0.37615052,0.5986318
2021-02-15,3,Cyanobacteria,0.6475181,0.5673051
2021-02-16,3,Cyanobacteria,0.53772795,0.5058701
2021-02-17,3,Cyanobacteria,0.71482635,0.5284028
2021-02-18,3,Cyanobacteria,0.59031117,0.5686281
2021-02-19,3,Cyanobacteria,0.70318836,0.63621396
2021-02-20,3,Cyanobacteria,0.69292545,0.72792107
2021-02-21,3,Cyanobacteria,0.635275,0.81476796
2021-02-22,3,Cyanobacteria,0.7406807,0.839855
2021-02-23,3,Cyanobacteria,0.875916,0.8106787
2021-02-24,3,Cyanobacteria,0.83096313,0.75072265
2021-02-25,3,Cyanobacteria,0.85622466,0.7358579
2021-02-26,3,Cyanobacteria,1.0751342,0.74051595
2021-02-27,3,Cyanobacteria,1.2290095,0.74828327
2021-02-28,3,Cyanobacteria,1.2229925,0.7383902
2021-03-01,3,Cyanobacteria,1.253146,0.7825894
2021-03-02,3,Cyanobacteria,1.3632498,0.8136563
2021-03-03,3,Cyanobacteria,0.8552822,0.8198443
2021-03-04,3,Cyanobacteria,1.1125977,0.87351847
2021-03-05,3,Cyanobacteria,0.81280756,0.9086535
2021-03-06,3,Cyanobacteria,0.8352894,0.7885817
2021-03-07,3,Cyanobacteria,0.7107815,0.803952
2021-03-08,3,Cyanobacteria,0.8574656,0.77874476
2021-03-09,3,Cyanobacteria,0.77764106,0.71649224
2021-03-10,3,Cyanobacteria,0.89971054,0.7140952
2021-03-11,3,Cyanobacteria,0.7533502,0.70032674
2021-03-12,3,Cyanobacteria,0.3883647,0.6760318
2021-03-13,3,Cyanobacteria,0.3952388,0.6821535
2021-03-14,3,Cyanobacteria,1.1506295,0.69294184
2021-03-15,3,Cyanobacteria,1.0597106,0.6540777
2021-03-16,3,Cyanobacteria,1.0960565,0.70125866
2021-03-17,3,Cyanobacteria,1.274508,0.9756409
2021-03-18,3,Cyanobacteria,1.3935528,1.111135
2021-03-19,3,Cyanobacteria,1.3325905,1.1429679
2021-03-20,3,Cyanobacteria,1.3198698,1.1932799
2021-03-21,3,Cyanobacteria,1.3761505,1.1823875
2021-03-22,3,Cyanobacteria,1.1251593,1.1498988
2021-03-23,3,Cyanobacteria,0.9094642,1.1616673
2021-03-24,3,Cyanobacteria,1.1613843,1.1732738
2021-03-25,3,Cyanobacteria,1.0459361,1.0478518
2021-03-26,3,Cyanobacteria,0.8975687,0.9478569
2021-03-27,3,Cyanobacteria,0.6828747,0.9900655
2021-03-28,3,Cyanobacteria,0.7303548,0.94791996
2021-03-29,3,Cyanobacteria,0.41225198,0.8797508
2021-03-30,3,Cyanobacteria,0.111810274,0.8057634
2021-03-31,3,Cyanobacteria,0.5293086,0.8426375
2021-04-01,3,Cyanobacteria,1.298798,0.8273524
2021-04-02,3,Cyanobacteria,1.4947647,0.93666095
2021-04-03,3,Cyanobacteria,1.5875887,1.1245216
2021-04-04,3,Cyanobacteria,1.6624764,1.3586597
2021-04-05,3,Cyanobacteria,1.5121635,1.4909271
2021-04-06,3,Cyanobacteria,1.4354631,1.5006931
2021-04-07,3,Cyanobacteria,1.4178132,1.4523036
2021-04-08,3,Cyanobacteria,1.4679812,1.3478581
2021-04-09,3,Cyanobacteria,1.3545152,1.2616171
2021-04-10,3,Cyanobacteria,1.2440883,1.2276355
2021-04-11,3,Cyanobacteria,1.0756367,1.269418
2021-04-12,3,Cyanobacteria,0.7194786,1.1443423
2021-04-13,3,Cyanobacteria,0.7790297,1.045031
2021-04-14,3,Cyanobacteria,0.8630123,0.98385566
2021-04-15,3,Cyanobacteria,0.56722665,0.899181
2021-04-16,3,Cyanobacteria,1.0409226,0.9159436
2021-04-17,3,Cyanobacteria,0.69225204,1.0124015
2021-04-18,3,Cyanobacteria,1.2849385,1.0888687
2021-04-19,3,Cyanobacteria,1.2466329,1.1675766
2021-04-20,3,Cyanobacteria,1.3180811,1.15857
2021-04-21,3,Cyanobacteria,1.1071904,1.3032376
2021-04-22,3,Cyanobacteria,0.6878566,1.3070812
2021-04-23,3,Cyanobacteria,0.5611079,1.3103468
2021-04-24,3,Cyanobacteria,0.8025344,1.2188439
2021-04-25,3,Cyanobacteria,0.78728455,1.1031115
2021-04-26,3,Cyanobacteria,1.6280825,1.0731567
2021-04-27,3,Cyanobacteria,1.9490377,1.112842
2021-04-28,3,Cyanobacteria,1.6121202,1.2775158
2021-04-29,3,Cyanobacteria,1.4643126,1.5667547
2021-04-30,3,Cyanobacteria,1.5555934,1.6596756
2021-05-01,3,Cyanobacteria,1.5656585,1.6985161
2021-05-02,3,Cyanobacteria,1.2381549,1.4950093
2021-05-03,3,Cyanobacteria,1.0236812,1.4285046
2021-05-04,3,Cyanobacteria,1.7144799,1.4911104
2021-05-05,3,Cyanobacteria,1.3347807,1.5095533
2021-05-06,3,Cyanobacteria,1.2243872,1.5235449
2021-05-07,3,Cyanobacteria,1.3597454,1.3786173
2021-05-08,3,Cyanobacteria,1.0678822,1.3025478
2021-05-09,3,Cyanobacteria,1.0264472,1.2717158
2021-05-10,3,Cyanobacteria,0.76781476,1.3331202
2021-05-11,3,Cyanobacteria,0.6906947,1.4344301
2021-05-12,3,Cyanobacteria,1.008741,1.5466285
2021-05-13,3,Cyanobacteria,1.2948915,1.5842279
2021-05-14,3,Cyanobacteria,2.0710855,1.6639975
2021-05-15,3,Cyanobacteria,2.2474167,1.9003099
2021-05-16,3,Cyanobacteria,1.9920912,1.8532734
2021-05-17,3,Cyanobacteria,1.6489002,2.047627
2021-05-18,3,Cyanobacteria,1.794537,2.1534836
2021-05-19,3,Cyanobacteria,2.0734396,2.002187
2021-05-20,3,Cyanobacteria,2.1479883,1.9007343
2021-05-21,3,Cyanobacteria,2.0209045,1.9370824
2021-05-22,3,Cyanobacteria,2.2535193,2.0458515
2021-05-23,3,Cyanobacteria,2.2723534,2.236282
2021-05-24,3,Cyanobacteria,2.63233,2.2938616
2021-05-25,3,Cyanobacteria,2.3065703,2.622589
2021-05-26,3,Cyanobacteria,1.9421636,2.6854477
2021-05-27,3,Cyanobacteria,2.2319682,3.0180695
2021-05-28,3,Cyanobacteria,4.1579432,2.7016647
2021-05-29,3,Cyanobacteria,4.3492618,2.5332065
2021-05-30,3,Cyanobacteria,2.6183937,3.1071646
2021-05-31,3,Cyanobacteria,2.6154816,3.9617014
2021-06-01,3,Cyanobacteria,5.352636,3.9376812
2021-06-02,3,Cyanobacteria,4.717726,3.1374235
2021-06-03,3,Cyanobacteria,2.962998,3.1097996
2021-06-04,3,Cyanobacteria,3.0213976,3.9490297
2021-06-05,3,Cyanobacteria,2.9233599,3.5745168
2021-06-06,3,Cyanobacteria,2.5688848,2.9068017
2021-06-07,3,Cyanobacteria,2.928039,2.888761
2021-06-08,3,Cyanobacteria,2.7149856,2.6063256
2021-06-09,3,Cyanobacteria,2.3156078,2.3851264
2021-06-10,3,Cyanobacteria,2.2857888,2.4806504
2021-06-11,3,Cyanobacteria,2.4744864,2.6249464
2021-06-12,3,Cyanobacteria,3.0040839,2.1739566
2021-06-13,3,Cyanobacteria,4.336705,2.0802464
2021-06-14,3,Cyanobacteria,3.6870964,2.1534572
2021-06-15,3,Cyanobacteria,1.1724981,2.4226463
2021-06-16,3,Cyanobacteria,0.89654595,2.9019885
2021-06-17,3,Cyanobacteria,1.6896162,2.7921078
2021-06-18,3,Cyanobacteria,3.3528886,2.2791967
2021-06-19,3,Cyanobacteria,3.2436857,2.237077
2021-06-20,3,Cyanobacteria,3.6387465,2.5615292
2021-06-21,3,Cyanobacteria,2.835984,3.1765196
2021-06-22,3,Cyanobacteria,1.9431771,3.324912
2021-06-23,3,Cyanobacteria,2.2497613,3.5147514
2021-06-24,3,Cyanobacteria,2.3033574,3.3128314
2021-06-25,3,Cyanobacteria,1.9838712,3.0498872
2021-06-26,3,Cyanobacteria,2.2046309,3.1335728
2021-06-27,3,Cyanobacteria,4.0340667,2.9364843
2021-06-28,3,Cyanobacteria,5.868067,2.7147815
2021-06-29,3,Cyanobacteria,5.3050866,2.8208325
2021-06-30,3,Cyanobacteria,4.742106,3.8257422
2021-07-01,3,Cyanobacteria,3.2076483,4.4186683
2021-07-02,3,Cyanobacteria,3.4847536,4.103363
2021-07-03,3,Cyanobacteria,4.0390015,3.8990204
2021-07-04,3,Cyanobacteria,3.948705,3.240543
2021-07-05,3,Cyanobacteria,4.7784224,3.350063
2021-07-06,3,Cyanobacteria,4.2812166,3.5179598
2021-07-07,3,Cyanobacteria,3.7561839,3.1817136
2021-07-08,3,Cyanobacteria,3.5484276,3.433024
2021-07-09,3,Cyanobacteria,2.1638117,3.2012677
2021-07-10,3,Cyanobacteria,1.9270601,2.952423
2021-07-11,3,Cyanobacteria,1.9104345,2.979576
2021-07-12,3,Cyanobacteria,2.2324965,2.4340482
2021-07-13,3,Cyanobacteria,2.087728,2.3508368
2021-07-14,3,Cyanobacteria,1.2980666,2.287195
2021-07-15,3,Cyanobacteria,1.3932489,2.495614
2021-07-16,3,Cyanobacteria,1.2500651,2.3904016
2021-07-17,3,Cyanobacteria,0.43407384,2.0126605
2021-07-18,3,Cyanobacteria,1.2796165,1.9861431
2021-07-19,3,Cyanobacteria,1.8222448,1.8668888
2021-07-20,3,Cyanobacteria,2.0859232,1.5807374
2021-07-21,3,Cyanobacteria,1.8950905,1.7608519
2021-07-22,3,Cyanobacteria,2.1339176,2.151663
2021-07-23,3,Cyanobacteria,2.1493194,2.7043464
2021-07-24,3,Cyanobacteria,4.662006,2.7003608
2021-07-25,3,Cyanobacteria,3.9590297,2.869384
2021-07-26,3,Cyanobacteria,4.2673516,3.1940207
2021-07-27,3,Cyanobacteria,4.232916,3.9930074
2021-07-28,3,Cyanobacteria,2.8703907,3.6663973
2021-07-29,3,Cyanobacteria,2.1993053,3.6403315
2021-07-30,3,Cyanobacteria,2.0899277,3.601113
2021-07-31,3,Cyanobacteria,2.1685455,3.1545408
2021-08-01,3,Cyanobacteria,3.3460565,3.069429
2021-08-02,3,Cyanobacteria,5.6828313,2.77947
2021-08-03,3,Cyanobacteria,4.7732515,3.324354
2021-08-04,3,Cyanobacteria,4.0578346,4.146853
2021-08-05,3,Cyanobacteria,5.5061984,4.8592076
2021-08-06,3,Cyanobacteria,5.3274107,4.2202444
2021-08-07,3,Cyanobacteria,5.148622,3.937988
2021-08-08,3,Cyanobacteria,3.2820683,4.0604396
2021-08-09,3,Cyanobacteria,2.7275743,3.7475412
2021-08-10,3,Cyanobacteria,2.468589,3.5420945
2021-08-11,3,Cyanobacteria,2.8743272,2.874765
2021-08-12,3,Cyanobacteria,2.9775615,2.7076075
2021-08-13,3,Cyanobacteria,2.9190001,2.469717
2021-08-14,3,Cyanobacteria,2.5640225,2.6659784
2021-08-15,3,Cyanobacteria,2.6541495,2.66172
2021-08-16,3,Cyanobacteria,2.9796264,2.5890117
2021-08-17,3,Cyanobacteria,3.3871398,2.5008676
2021-08-18,3,Cyanobacteria,2.8336039,2.6361933
2021-08-19,3,Cyanobacteria,1.4002497,2.65026
2021-08-20,3,Cyanobacteria,2.1858518,2.8404667
2021-08-21,3,Cyanobacteria,3.8102813,2.8664339
2021-08-22,3,Cyanobacteria,4.623089,2.7388563
2021-08-23,3,Cyanobacteria,3.8476396,2.8641498
2021-08-24,3,Cyanobacteria,3.6913338,3.223326
2021-08-25,3,Cyanobacteria,5.2736855,3.9035203
2021-08-26,3,Cyanobacteria,5.886749,3.6483014
2021-08-27,3,Cyanobacteria,6.328652,3.424953
2021-08-28,3,Cyanobacteria,5.913598,3.8147545
2021-08-29,3,Cyanobacteria,5.4985447,3.7171025
2021-08-30,3,Cyanobacteria,4.998421,3.7758865
2021-08-31,3,Cyanobacteria,3.173958,3.5217454
2021-09-01,3,Cyanobacteria,2.4867873,3.4518726
2021-09-02,3,Cyanobacteria,2.2553763,3.3143377
2021-09-03,3,Cyanobacteria,2.089725,2.7157943
2021-09-04,3,Cyanobacteria,2.1701736,2.476913
2021-09-05,3,Cyanobacteria,2.752026,2.3710759
2021-09-06,3,Cyanobacteria,2.4418018,2.290382
2021-09-07,3,Cyanobacteria,2.3925562,2.3942225
2021-09-08,3,Cyanobacteria,2.2696092,2.6802373
2021-09-09,3,Cyanobacteria,3.9620116,2.5367978
2021-09-10,3,Cyanobacteria,3.368864,2.6209857
2021-09-11,3,Cyanobacteria,3.444725,2.7218783
2021-09-12,3,Cyanobacteria,4.387453,3.4434223
2021-09-13,3,Cyanobacteria,3.7823026,3.3839993
2021-09-14,3,Cyanobacteria,3.6403475,3.388288
2021-09-15,3,Cyanobacteria,3.4074223,3.5481107
2021-09-16,3,Cyanobacteria,2.904714,3.305567
2021-09-17,3,Cyanobacteria,2.246401,3.1527762
2021-09-18,3,Cyanobacteria,1.8525054,2.8515553
2021-09-19,3,Cyanobacteria,1.9603258,2.59757
2021-09-20,3,Cyanobacteria,1.8784577,2.3116553
2021-09-21,3,Cyanobacteria,1.6022085,2.0663147
2021-09-22,3,Cyanobacteria,1.6334975,2.073073
2021-09-23,3,Cyanobacteria,1.6335725,2.100482
2021-09-24,3,Cyanobacteria,1.7263433,1.970834
2021-09-25,3,Cyanobacteria,1.7499204,2.1583245
2021-09-26,3,Cyanobacteria,1.902614,2.1646862
2021-09-27,3,Cyanobacteria,1.9976249,2.1172068
2021-09-28,3,Cyanobacteria,2.0052354,2.0574088
2021-09-29,3,Cyanobacteria,1.9031209,2.1025362
2021-09-30,3,Cyanobacteria,2.1214771,2.1065145
2021-10-01,3,Cyanobacteria,1.6440406,2.1511748
2021-10-02,3,Cyanobacteria,1.4304897,2.10746
2021-10-03,3,Cyanobacteria,1.5464485,2.2234695
2021-10-04,3,Cyanobacteria,1.6624073,1.9959956
2021-10-05,3,Cyanobacteria,1.7783661,1.9115222
2021-10-06,3,Cyanobacteria,1.8943249,1.8591323
2021-10-07,3,Cyanobacteria,2.0102837,1.905291
2021-10-08,3,Cyanobacteria,2.1262426,2.0373423
2021-10-09,3,Cyanobacteria,2.2422013,2.1673443
2021-10-10,3,Cyanobacteria,2.3581603,2.1992025
2021-10-11,3,Cyanobacteria,2.474119,2.1714811
2021-10-12,3,Cyanobacteria,2.5900779,2.2497323
2021-10-13,3,Cyanobacteria,2.376394,2.4245546
2021-10-14,3,Cyanobacteria,2.2953513,2.5395598
2021-10-15,3,Cyanobacteria,4.095699,2.6386805
2021-10-16,3,Cyanobacteria,5.2911153,2.530663
2021-10-17,3,Cyanobacteria,3.2535,2.4694443
2021-10-18,3,Cyanobacteria,3.1076484,3.345727
2021-10-19,3,Cyanobacteria,2.6348336,3.5656588
2021-10-20,3,Cyanobacteria,2.2041533,2.7072802
2021-10-21,3,Cyanobacteria,2.0151665,2.6041965
2021-10-22,3,Cyanobacteria,1.8319536,2.4355867
2021-10-23,3,Cyanobacteria,1.7161505,2.2199955
2021-10-24,3,Cyanobacteria,1.7125037,2.057684
2021-10-25,3,Cyanobacteria,1.5120782,1.7979575
2021-10-26,3,Cyanobacteria,1.6121708,1.6951213
2021-10-27,3,Cyanobacteria,1.3440738,1.6176093
2021-10-28,3,Cyanobacteria,1.1399204,1.516093
2021-10-29,3,Cyanobacteria,1.698126,1.5241007
2021-10-30,3,Cyanobacteria,2.3341606,1.4179524
2021-10-31,3,Cyanobacteria,1.9348481,1.3262767
2021-11-01,3,Cyanobacteria,1.7935673,1.5438648
2021-11-02,3,Cyanobacteria,1.2920767,1.7983801
2021-11-03,3,Cyanobacteria,1.3757019,1.6839103
2021-11-04,3,Cyanobacteria,1.350919,1.5418979
2021-11-05,3,Cyanobacteria,1.281809,1.3714434
2021-11-06,3,Cyanobacteria,1.0622793,1.3702753
2021-11-07,3,Cyanobacteria,0.91401154,1.3536932
2021-11-08,3,Cyanobacteria,1.5847178,1.284791
2021-11-09,3,Cyanobacteria,1.2513965,1.2029474
2021-11-10,3,Cyanobacteria,1.065916,1.1603851
2021-11-11,3,Cyanobacteria,1.2520332,1.3249798
2021-11-12,3,Cyanobacteria,1.2013613,1.2914613
2021-11-13,3,Cyanobacteria,1.2783864,1.2201655
2021-11-14,3,Cyanobacteria,1.3271418,1.2143399
2021-11-15,3,Cyanobacteria,1.343092,1.1858878
2021-11-16,3,Cyanobacteria,1.420963,1.1835333
2021-11-17,3,Cyanobacteria,1.2887958,1.2081516
2021-11-18,3,Cyanobacteria,1.3203533,1.2256562
2021-11-19,3,Cyanobacteria,1.3825127,1.2646017
2021-11-20,3,Cyanobacteria,1.2764591,1.2142708
2021-11-21,3,Cyanobacteria,1.1090586,1.2106698
2021-11-22,3,Cyanobacteria,1.129356,1.2874773
2021-11-23,3,Cyanobacteria,1.2800362,1.3049289
2021-11-24,3,Cyanobacteria,1.1554124,1.2676779
2021-11-25,3,Cyanobacteria,1.1848153,1.3015238
2021-11-26,3,Cyanobacteria,1.2934299,1.3615888
2021-11-27,3,Cyanobacteria,1.2571418,1.3033032
2021-11-28,3,Cyanobacteria,1.2306077,1.2949783
2021-11-29,3,Cyanobacteria,1.0336133,1.3387991
2021-11-30,3,Cyanobacteria,0.86162925,1.3487443
2021-12-01,3,Cyanobacteria,1.5704707,1.3469203
2021-12-02,3,Cyanobacteria,1.5914989,1.226258
2021-12-03,3,Cyanobacteria,1.3629906,1.133584
2021-12-04,3,Cyanobacteria,1.3497757,1.4066958
2021-12-05,3,Cyanobacteria,1.1732706,1.4701734
2021-12-06,3,Cyanobacteria,1.1404066,1.2528563
2021-12-07,3,Cyanobacteria,1.1583865,1.0481074
2021-12-08,3,Cyanobacteria,1.128018,0.9098048
2021-12-09,3,Cyanobacteria,0.9754814,0.8489081
2021-12-10,3,Cyanobacteria,1.0479378,0.8180455
2021-12-11,3,Cyanobacteria,0.8021346,0.8085468
2021-12-12,3,Cyanobacteria,0.8941274,0.76553315
2021-12-13,3,Cyanobacteria,0.6927569,0.76836437
2021-12-14,3,Cyanobacteria,0.43221417,0.68324375
2021-12-15,3,Cyanobacteria,0.36057928,0.717094
2021-12-16,3,Cyanobacteria,0.40863866,0.6840153
2021-12-17,3,Cyanobacteria,0.9727516,0.63683766
2021-12-18,3,Cyanobacteria,0.9826068,0.6261647
2021-12-19,3,Cyanobacteria,0.9490369,0.69269973
2021-12-20,3,Cyanobacteria,1.178531,0.8744494
2021-12-21,3,Cyanobacteria,1.2478871,0.93130016
2021-12-22,3,Cyanobacteria,1.3445659,0.9496288
2021-12-23,3,Cyanobacteria,0.59661365,1.0234364
2021-12-24,3,Cyanobacteria,0.46170765,1.0051864
2021-12-25,3,Cyanobacteria,0.85164493,1.0757636
2021-12-26,3,Cyanobacteria,0.97535455,0.7940256
2021-12-27,3,Cyanobacteria,0.95947784,0.6866415
2021-12-28,3,Cyanobacteria,0.76329446,0.7817062
2021-12-29,3,Cyanobacteria,0.85634834,0.8893292
2021-12-30,3,Cyanobacteria,0.6464471,0.9462389
2021-12-31,3,Cyanobacteria,0.90151423,0.92458105
2022-01-01,3,Cyanobacteria,0.776013,1.0055443
2022-01-02,3,Cyanobacteria,0.83620113,0.9855452
2022-01-03,3,Cyanobacteria,0.80412745,1.095067
2022-01-04,3,Cyanobacteria,0.6765098,1.0866295
2022-01-05,3,Cyanobacteria,0.4595076,1.0993074
2022-01-06,3,Cyanobacteria,0.19878344,1.1007005
2022-01-07,3,Cyanobacteria,0.67120206,1.0585216
2022-01-08,3,Cyanobacteria,0.95592326,1.0057242
2022-01-09,3,Cyanobacteria,0.9327444,0.99155915
2022-01-10,3,Cyanobacteria,1.0224385,1.1154912
2022-01-11,3,Cyanobacteria,2.1481042,1.1785994
2022-01-12,3,Cyanobacteria,1.6652243,1.1160754
2022-01-13,3,Cyanobacteria,1.291042,1.1639777
2022-01-14,3,Cyanobacteria,1.2574656,1.4746094
2022-01-15,3,Cyanobacteria,1.032084,1.3560207
2022-01-16,3,Cyanobacteria,0.9674892,1.2251222
2022-01-17,3,Cyanobacteria,0.94616944,1.1335273
2022-01-18,3,Cyanobacteria,0.92269367,0.9747898
2022-01-19,3,Cyanobacteria,0.8611079,0.8706858
2022-01-20,3,Cyanobacteria,0.82545257,0.85566443
2022-01-21,3,Cyanobacteria,0.8182259,0.77910614
2022-01-22,3,Cyanobacteria,1.1027879,0.72978455
2022-01-23,3,Cyanobacteria,0.7645185,0.686799
2022-01-24,3,Cyanobacteria,1.7065123,0.65691704
2022-01-25,3,Cyanobacteria,0.64539075,0.7559695
2022-01-26,3,Cyanobacteria,0.76089376,0.65705115
2022-01-27,3,Cyanobacteria,0.5794614,0.96404785
2022-01-28,3,Cyanobacteria,0.7816709,1.0189881
2022-01-29,3,Cyanobacteria,0.8387186,1.1034005
2022-01-30,3,Cyanobacteria,1.1281649,1.165096
2022-01-31,3,Cyanobacteria,1.231159,1.2407688
2022-02-01,3,Cyanobacteria,1.4238236,1.3795217
2022-02-02,3,Cyanobacteria,1.3295317,1.499877
2022-02-03,3,Cyanobacteria,1.784645,1.5019242
2022-02-04,3,Cyanobacteria,1.5408581,1.4628844
2022-02-05,3,Cyanobacteria,1.3269008,1.3728192
2022-02-06,3,Cyanobacteria,1.6413742,1.4181917
2022-02-07,3,Cyanobacteria,1.3831661,1.300125
2022-02-08,3,Cyanobacteria,1.1718699,1.1389796
2022-02-09,3,Cyanobacteria,1.0272319,1.1767308
2022-02-10,3,Cyanobacteria,0.8104344,1.0727847
2022-02-11,3,Cyanobacteria,1.0283359,0.8678419
2022-02-12,3,Cyanobacteria,0.6661383,0.71265537
2022-02-13,3,Cyanobacteria,0.37995383,0.6287008
2022-02-14,3,Cyanobacteria,0.6274094,0.7513059
2022-02-15,3,Cyanobacteria,0.6364919,0.6981307
2022-02-16,3,Cyanobacteria,0.35820666,0.6805985
2022-02-17,3,Cyanobacteria,0.08358897,0.7246414
2022-02-18,3,Cyanobacteria,0.010000016,0.782721
2022-02-19,3,Cyanobacteria,0.3175398,0.7529764
2022-02-20,3,Cyanobacteria,1.462207,0.70900315
2022-02-21,3,Cyanobacteria,1.7990876,1.0551076
2022-02-22,3,Cyanobacteria,1.8775308,1.3060845
2022-02-23,3,Cyanobacteria,2.0480778,1.7453928
2022-02-24,3,Cyanobacteria,1.9205097,1.5765948
2022-02-25,3,Cyanobacteria,1.7929416,1.4857614
2022-02-26,3,Cyanobacteria,1.6653734,1.475086
2022-02-27,3,Cyanobacteria,1.5378052,1.34944
2022-02-28,3,Cyanobacteria,1.4102371,1.2369095
2022-03-01,3,Cyanobacteria,1.1535721,1.152705
2022-03-02,3,Cyanobacteria,0.7581607,1.0720178
2022-03-03,3,Cyanobacteria,0.4490297,1.018973
2022-03-04,3,Cyanobacteria,0.2850868,0.9203149
2022-03-05,3,Cyanobacteria,0.06812587,0.7072714
2022-03-06,3,Cyanobacteria,0.120933406,0.48334128
2022-03-07,3,Cyanobacteria,0.05522464,0.3480925
2022-03-08,3,Cyanobacteria,0.50354815,0.19350284
2022-03-09,3,Cyanobacteria,0.66335267,0.15432613
2022-03-10,3,Cyanobacteria,0.40285924,0.15706865
2022-03-11,3,Cyanobacteria,0.014387229,0.262589
2022-03-12,3,Cyanobacteria,0.015565208,0.26340953
2022-03-13,3,Cyanobacteria,0.010000016,0.1900184
2022-03-14,3,Cyanobacteria,0.010050719,0.05746869
2022-03-15,3,Cyanobacteria,0.010246022,0.07843946
2022-03-16,3,Cyanobacteria,0.036085412,0.13488361
2022-03-17,3,Cyanobacteria,0.21737875,0.24663936
2022-03-18,3,Cyanobacteria,0.42973912,0.41289598
2022-03-19,3,Cyanobacteria,0.7636884,0.7318475
2022-03-20,3,Cyanobacteria,1.1165409,0.97074467
2022-03-21,3,Cyanobacteria,1.9101883,1.2034827
2022-03-22,3,Cyanobacteria,2.1433985,1.4187558
2022-03-23,3,Cyanobacteria,2.1262445,1.6326933
2022-03-24,3,Cyanobacteria,1.9198624,1.9450514
2022-03-25,3,Cyanobacteria,1.8753512,2.1323135
2022-03-26,3,Cyanobacteria,1.8713034,2.168824
2022-03-27,3,Cyanobacteria,4.2593026,2.2805138
2022-03-28,3,Cyanobacteria,4.0173755,2.765339
2022-03-29,3,Cyanobacteria,3.7754486,2.6090019
2022-03-30,3,Cyanobacteria,2.644808,2.9289918
2022-03-31,3,Cyanobacteria,2.3579507,2.7340474
2022-04-01,3,Cyanobacteria,2.3900943,2.4767113
2022-04-02,3,Cyanobacteria,2.480131,2.00565
2022-04-03,3,Cyanobacteria,2.149906,1.803902
2022-04-04,3,Cyanobacteria,1.8740696,1.8433331
2022-04-05,3,Cyanobacteria,1.7214473,1.849729
2022-04-06,3,Cyanobacteria,1.5688252,1.4901692
2022-04-07,3,Cyanobacteria,1.2899711,1.1607729
2022-04-08,3,Cyanobacteria,1.008827,0.9583229
2022-04-09,3,Cyanobacteria,1.0090086,0.8304772
2022-04-10,3,Cyanobacteria,0.6801231,0.64245737
2022-04-11,3,Cyanobacteria,0.4421845,0.46475136
2022-04-12,3,Cyanobacteria,0.20424601,0.3251723
2022-04-13,3,Cyanobacteria,0.16290368,0.21963608
2022-04-14,3,Cyanobacteria,0.13675833,0.20069315
2022-04-15,3,Cyanobacteria,0.0103894295,0.15926114
2022-04-16,3,Cyanobacteria,0.47120208,0.23210199
2022-04-17,3,Cyanobacteria,0.9320147,0.3731971
2022-04-18,3,Cyanobacteria,1.3928274,0.5913912
2022-04-19,3,Cyanobacteria,2.2509274,0.8802755
2022-04-20,3,Cyanobacteria,2.0586097,1.2979972
2022-04-21,3,Cyanobacteria,1.6260804,1.3633168
2022-04-22,3,Cyanobacteria,1.0518768,1.6832858
2022-04-23,3,Cyanobacteria,0.91195065,1.6487545
2022-04-24,3,Cyanobacteria,1.1896162,1.672717
2022-04-25,3,Cyanobacteria,1.9769739,1.5583755
2022-04-26,3,Cyanobacteria,1.4171904,1.56863
2022-04-27,3,Cyanobacteria,2.58336,1.6748875
2022-04-28,3,Cyanobacteria,2.152193,2.3687618
2022-04-29,3,Cyanobacteria,2.1626146,2.1861265
2022-04-30,3,Cyanobacteria,2.1730363,2.7431543
2022-05-01,3,Cyanobacteria,2.1815941,2.5997713
2022-05-02,3,Cyanobacteria,2.0878696,2.5626884
2022-05-03,3,Cyanobacteria,1.9130652,2.550919
2022-05-04,3,Cyanobacteria,1.6117319,2.619848
2022-05-05,3,Cyanobacteria,1.836971,2.2440925
2022-05-06,3,Cyanobacteria,2.0369325,2.3230097
2022-05-07,3,Cyanobacteria,1.9392464,1.9174572
2022-05-08,3,Cyanobacteria,1.3235699,1.6881692
2022-05-09,3,Cyanobacteria,2.890058,1.6756434
2022-05-10,3,Cyanobacteria,2.2893047,1.6307778
2022-05-11,3,Cyanobacteria,2.080232,1.7450923
2022-05-12,3,Cyanobacteria,2.0300615,2.295449
2022-05-13,3,Cyanobacteria,2.7703042,2.3113854
2022-05-14,3,Cyanobacteria,3.278558,2.2668471
2022-05-15,3,Cyanobacteria,3.915648,2.3593214
2022-05-16,3,Cyanobacteria,4.275109,2.9344475
2022-05-17,3,Cyanobacteria,2.8151412,2.887957
2022-05-18,3,Cyanobacteria,2.0774837,3.2038217
2022-05-19,3,Cyanobacteria,1.9749783,2.9466257
2022-05-20,3,Cyanobacteria,1.7361549,2.3939285
2022-05-21,3,Cyanobacteria,1.4398187,2.1721954
2022-05-22,3,Cyanobacteria,2.053594,2.2217174
2022-05-23,3,Cyanobacteria,1.9373734,2.1906557
2022-05-24,3,Cyanobacteria,1.7527878,2.1006033
2022-05-25,3,Cyanobacteria,1.9877247,2.552944
2022-05-26,3,Cyanobacteria,1.7746773,2.7642672
2022-05-27,3,Cyanobacteria,2.4411938,2.843853
2022-05-28,3,Cyanobacteria,3.1183374,2.4110045
2022-05-29,3,Cyanobacteria,3.795481,2.9567585
2022-05-30,3,Cyanobacteria,4.472625,3.1809835
2022-05-31,3,Cyanobacteria,5.1497684,3.1876752
2022-06-01,3,Cyanobacteria,4.1820073,3.168961
2022-06-02,3,Cyanobacteria,3.2975852,3.4290016
2022-06-03,3,Cyanobacteria,4.2176213,3.3950408
2022-06-04,3,Cyanobacteria,6.272964,2.9697986
2022-06-05,3,Cyanobacteria,4.386336,3.3130612
2022-06-06,3,Cyanobacteria,3.5452392,3.3794599
2022-06-07,3,Cyanobacteria,3.8714397,3.843871
2022-06-08,3,Cyanobacteria,4.1976404,3.2206576
2022-06-09,3,Cyanobacteria,4.523841,3.0949156
2022-06-10,3,Cyanobacteria,4.8500414,3.3904424
2022-06-11,3,Cyanobacteria,5.176242,3.4993918
2022-06-12,3,Cyanobacteria,5.1198487,3.553485
2022-06-13,3,Cyanobacteria,5.0634556,3.576669
2022-06-14,3,Cyanobacteria,5.0070624,3.4886668
2022-06-15,3,Cyanobacteria,4.9506693,3.208504
2022-06-16,3,Cyanobacteria,4.894276,3.115327
2022-06-17,3,Cyanobacteria,2.3731694,3.2302568
2022-06-18,3,Cyanobacteria,1.219232,3.2510939
2022-06-19,3,Cyanobacteria,0.9798187,3.1413913
2022-06-20,3,Cyanobacteria,0.78918177,1.9830204
2022-06-21,3,Cyanobacteria,0.83319336,1.6239161
2022-06-22,3,Cyanobacteria,1.5494641,1.6604244
2022-06-23,3,Cyanobacteria,4.7543416,1.6977589
2022-06-24,3,Cyanobacteria,3.66243,1.7670627
2022-06-25,3,Cyanobacteria,1.9184504,2.1168063
2022-06-26,3,Cyanobacteria,2.8912816,3.342705
2022-06-27,3,Cyanobacteria,2.743483,2.779754
2022-06-28,3,Cyanobacteria,2.3900073,1.9237932
2022-06-29,3,Cyanobacteria,2.7020102,2.6076758
2022-06-30,3,Cyanobacteria,2.2068284,2.5616183
2022-07-01,3,Cyanobacteria,2.0284288,2.3595917
2022-07-02,3,Cyanobacteria,2.504562,2.7842453
2022-07-03,3,Cyanobacteria,2.6843994,2.792828
2022-07-04,3,Cyanobacteria,3.274656,2.7801163
2022-07-05,3,Cyanobacteria,3.1509414,3.1224408
2022-07-06,3,Cyanobacteria,3.4092262,3.3311512
2022-07-07,3,Cyanobacteria,2.602117,3.5463738
2022-07-08,3,Cyanobacteria,2.0531843,3.3857312
2022-07-09,3,Cyanobacteria,1.7956238,3.336302
2022-07-10,3,Cyanobacteria,2.0568504,2.8804133
2022-07-11,3,Cyanobacteria,2.372128,2.537546
2022-07-12,3,Cyanobacteria,2.6012175,2.4261346
2022-07-13,3,Cyanobacteria,2.828348,2.6531112
2022-07-14,3,Cyanobacteria,3.8188338,3.100834
2022-07-15,3,Cyanobacteria,6.297978,3.4859776
2022-07-16,3,Cyanobacteria,5.4864035,3.6960876
2022-07-17,3,Cyanobacteria,6.516273,4.7585115
2022-07-18,3,Cyanobacteria,4.57671,5.3531585
2022-07-19,3,Cyanobacteria,3.2610588,4.460511
2022-07-20,3,Cyanobacteria,3.2007184,4.5147567
2022-07-21,3,Cyanobacteria,3.3733938,3.7638056
2022-07-22,3,Cyanobacteria,3.3644865,3.1719792
2022-07-23,3,Cyanobacteria,3.8821256,3.3063173
2022-07-24,3,Cyanobacteria,4.914276,3.233274
2022-07-25,3,Cyanobacteria,3.6174076,3.4031494
2022-07-26,3,Cyanobacteria,2.4253619,3.7525449
2022-07-27,3,Cyanobacteria,3.0902102,4.261881
2022-07-28,3,Cyanobacteria,3.2870235,3.697089
2022-07-29,3,Cyanobacteria,3.320978,3.3506389
2022-07-30,3,Cyanobacteria,3.3549325,3.538166
2022-07-31,3,Cyanobacteria,3.3888872,3.8325515
2022-08-01,3,Cyanobacteria,3.4228415,3.6262965
2022-08-02,3,Cyanobacteria,3.4567962,3.7647638
2022-08-03,3,Cyanobacteria,3.4907506,3.7199101
2022-08-04,3,Cyanobacteria,3.5247052,3.7132444
2022-08-05,3,Cyanobacteria,3.5586596,3.7194982
2022-08-06,3,Cyanobacteria,3.592614,3.656112
2022-08-07,3,Cyanobacteria,3.6265686,3.9823217
2022-08-08,3,Cyanobacteria,3.6605232,4.077525
2022-08-09,3,Cyanobacteria,3.6944776,4.0149984
2022-08-10,3,Cyanobacteria,3.728432,4.0321484
2022-08-11,3,Cyanobacteria,3.7623866,4.0820775
2022-08-12,3,Cyanobacteria,3.796341,4.1262813
2022-08-13,3,Cyanobacteria,3.8302956,4.1832476
2022-08-14,3,Cyanobacteria,3.8642502,4.170707
2022-08-15,3,Cyanobacteria,3.8982048,4.2372527
2022-08-16,3,Cyanobacteria,3.9321592,4.3805947
2022-08-17,3,Cyanobacteria,3.9661138,4.2184796
2022-08-18,3,Cyanobacteria,4.000068,4.210415
2022-08-19,3,Cyanobacteria,4.0340223,4.2205925
2022-08-20,3,Cyanobacteria,4.0679774,4.165217
2022-08-21,3,Cyanobacteria,4.1019316,4.135122
2022-08-22,3,Cyanobacteria,4.135886,4.1807837
2022-08-23,3,Cyanobacteria,4.169841,4.15161
2022-08-24,3,Cyanobacteria,4.203795,4.17461
2022-08-25,3,Cyanobacteria,4.2377496,4.2181234
2022-08-26,3,Cyanobacteria,4.271704,4.2103825
2022-08-27,3,Cyanobacteria,4.305659,4.3907943
2022-08-28,3,Cyanobacteria,4.339613,4.320742
2022-08-29,3,Cyanobacteria,4.3735676,4.47667
2022-08-30,3,Cyanobacteria,4.407522,4.5665364
2022-08-31,3,Cyanobacteria,4.441477,4.3554344
2022-09-01,3,Cyanobacteria,4.475431,4.212029
2022-09-02,3,Cyanobacteria,4.5093856,4.2901154
2022-09-03,3,Cyanobacteria,4.54334,4.365641
2022-09-04,3,Cyanobacteria,4.577295,4.5481577
2022-09-05,3,Cyanobacteria,4.6112494,4.5819163
2022-09-06,3,Cyanobacteria,4.6452036,4.5814824
2022-09-07,3,Cyanobacteria,4.679158,4.569286
2022-09-08,3,Cyanobacteria,4.713113,4.482402
2022-09-09,3,Cyanobacteria,4.7470675,4.3609047
2022-09-10,3,Cyanobacteria,4.781022,4.433453
2022-09-11,3,Cyanobacteria,6.1217318,4.568398
2022-09-12,3,Cyanobacteria,6.153777,4.696088
2022-09-13,3,Cyanobacteria,5.5154853,4.686097
2022-09-14,3,Cyanobacteria,4.42329,5.079819
2022-09-15,3,Cyanobacteria,3.8892832,4.685392
2022-09-16,3,Cyanobacteria,3.7135918,4.4393525
2022-09-17,3,Cyanobacteria,2.9347034,4.0305486
2022-09-18,3,Cyanobacteria,4.431348,3.750183
2022-09-19,3,Cyanobacteria,4.227647,3.5573575
2022-09-20,3,Cyanobacteria,2.5538044,3.169127
2022-09-21,3,Cyanobacteria,2.390876,3.7288857
2022-09-22,3,Cyanobacteria,2.1660202,3.5020416
2022-09-23,3,Cyanobacteria,2.1745803,2.6856678
2022-09-24,3,Cyanobacteria,2.6702752,2.546753
2022-09-25,3,Cyanobacteria,2.3401449,2.4740448
2022-09-26,3,Cyanobacteria,2.3833406,2.586448
2022-09-27,3,Cyanobacteria,2.510181,2.9290335
2022-09-28,3,Cyanobacteria,4.2074294,2.8743188
2022-09-29,3,Cyanobacteria,4.753896,3.0233867
2022-09-30,3,Cyanobacteria,6.1951814,3.0842283
2022-10-01,3,Cyanobacteria,3.065192,3.9410498
2022-10-02,3,Cyanobacteria,3.7090797,4.196843
2022-10-03,3,Cyanobacteria,4.398922,4.528291
2022-10-04,3,Cyanobacteria,5.0918016,3.2212055
2022-10-05,3,Cyanobacteria,4.849297,3.4157565
2022-10-06,3,Cyanobacteria,4.0219636,3.5887349
2022-10-07,3,Cyanobacteria,2.7237463,3.6138163
2022-10-08,3,Cyanobacteria,2.32,3.431994
2022-10-09,3,Cyanobacteria,3.2219276,3.1569924
2022-10-10,3,Cyanobacteria,3.2224002,2.5357463
2022-10-11,3,Cyanobacteria,2.4283636,2.277319
2022-10-12,3,Cyanobacteria,2.2486668,2.635883
2022-10-13,3,Cyanobacteria,2.2341595,2.7220297
2022-10-14,3,Cyanobacteria,2.4454308,2.3334823
2022-10-15,3,Cyanobacteria,2.189485,2.3588889
2022-10-16,3,Cyanobacteria,2.4336784,2.3843718
2022-10-17,3,Cyanobacteria,2.1963432,2.434146
2022-10-18,3,Cyanobacteria,1.77874,2.2803595
2022-10-19,3,Cyanobacteria,1.6230702,2.449857
2022-10-20,3,Cyanobacteria,1.579081,2.3274236
2022-10-21,3,Cyanobacteria,1.7665725,2.0547225
2022-10-22,3,Cyanobacteria,2.6929433,2.0565407
2022-10-23,3,Cyanobacteria,2.4712858,2.0506089
2022-10-24,3,Cyanobacteria,2.1828291,2.1705327
2022-10-25,3,Cyanobacteria,1.9161577,2.5725198
2022-10-26,3,Cyanobacteria,1.6670797,2.2780757
2022-10-27,3,Cyanobacteria,1.6202025,2.0005965
2022-10-28,3,Cyanobacteria,1.552974,1.6418236
2022-10-29,3,Cyanobacteria,1.5037726,1.4335014
2022-10-30,3,Cyanobacteria,1.6090738,1.3073564
2022-10-31,3,Cyanobacteria,1.5013676,1.2635087
2022-11-01,3,Cyanobacteria,1.3019855,1.2964673
2022-11-02,3,Cyanobacteria,1.1026033,1.3165087
2022-11-03,3,Cyanobacteria,1.1929109,1.3280858
2022-11-04,3,Cyanobacteria,1.2192972,1.3853419
2022-11-05,3,Cyanobacteria,1.2108177,1.4443622
2022-11-06,3,Cyanobacteria,1.1931765,1.4660295
2022-11-07,3,Cyanobacteria,1.1273862,1.5642459
2022-11-08,3,Cyanobacteria,1.5220854,1.7100823
2022-11-09,3,Cyanobacteria,1.8338467,1.7971183
2022-11-10,3,Cyanobacteria,2.1456077,1.8718754
2022-11-11,3,Cyanobacteria,3.645496,1.9869537
2022-11-12,3,Cyanobacteria,3.7778358,2.248523
2022-11-13,3,Cyanobacteria,3.9101756,2.4759283
2022-11-14,3,Cyanobacteria,4.0425153,3.1258166
2022-11-15,3,Cyanobacteria,4.174855,3.2557173
2022-11-16,3,Cyanobacteria,2.4362636,2.9778066
2022-11-17,3,Cyanobacteria,1.8813034,2.7455363
2022-11-18,3,Cyanobacteria,1.7065123,2.5219212
2022-11-19,3,Cyanobacteria,1.7963116,1.9650626
2022-11-20,3,Cyanobacteria,1.7562879,1.6983734
2022-11-21,3,Cyanobacteria,1.716068,1.5865831
2022-11-22,3,Cyanobacteria,1.8579218,1.5680821
2022-11-23,3,Cyanobacteria,2.309513,1.61427
2022-11-24,3,Cyanobacteria,2.2426267,1.5325338
2022-11-25,3,Cyanobacteria,1.6817813,1.5380791
2022-11-26,3,Cyanobacteria,2.334812,1.5858382
2022-11-27,3,Cyanobacteria,2.538623,1.6250937
2022-11-28,3,Cyanobacteria,2.067699,1.494296
2022-11-29,3,Cyanobacteria,1.609312,1.7246667
2022-11-30,3,Cyanobacteria,1.4803835,1.8175114
2022-12-01,3,Cyanobacteria,1.5265702,1.5247278
2022-12-02,3,Cyanobacteria,1.5021827,1.3854852
2022-12-03,3,Cyanobacteria,1.3033888,1.3904648
2022-12-04,3,Cyanobacteria,1.2186893,1.4810125
2022-12-05,3,Cyanobacteria,1.2566932,1.5859115
2022-12-06,3,Cyanobacteria,1.2839594,1.5534017
2022-12-07,3,Cyanobacteria,1.2833816,1.5231177
2022-12-08,3,Cyanobacteria,1.264826,1.514061
2022-12-09,3,Cyanobacteria,1.1665274,1.5311784
2022-12-10,3,Cyanobacteria,1.1783273,1.5046372
2022-12-11,3,Cyanobacteria,1.162433,1.4394746
2022-12-12,3,Cyanobacteria,1.0775615,1.370139
2022-12-13,3,Cyanobacteria,1.0522738,1.3437815
2022-12-14,3,Cyanobacteria,1.0630385,1.305466
2022-12-15,3,Cyanobacteria,0.9643116,1.2980149
2022-12-16,3,Cyanobacteria,0.9429254,1.2783015
2022-12-17,3,Cyanobacteria,0.9599493,1.1964079
2022-12-18,3,Cyanobacteria,1.066546,1.1454301
2022-12-19,3,Cyanobacteria,1.2629783,1.0307846
2022-12-20,3,Cyanobacteria,0.976756,1.0534031
2022-12-21,3,Cyanobacteria,0.92862743,1.0809038
2022-12-22,3,Cyanobacteria,0.971029,1.1682358
2022-12-23,3,Cyanobacteria,1.0265797,1.0477302
2022-12-24,3,Cyanobacteria,1.063063,0.9858832
2022-12-25,3,Cyanobacteria,1.0813106,0.92857987
2022-12-26,3,Cyanobacteria,1.0943778,0.94845986
2022-12-27,3,Cyanobacteria,1.0884805,0.95806134
2022-12-28,3,Cyanobacteria,1.1312981,0.9253484
2022-12-29,3,Cyanobacteria,1.1201302,0.87702197
2022-12-30,3,Cyanobacteria,1.0986956,0.8477516
2022-12-31,3,Cyanobacteria,1.1218044,0.8558113
2023-01-01,3,Cyanobacteria,1.1762229,0.82764864
2023-01-02,3,Cyanobacteria,1.3408847,0.786027
2023-01-03,3,Cyanobacteria,1.5967512,0.76618433
2023-01-04,3,Cyanobacteria,1.1869442,0.7802951
2023-01-05,3,Cyanobacteria,0.5527029,0.7766341
2023-01-06,3,Cyanobacteria,0.5547719,0.8149347
2023-01-07,3,Cyanobacteria,0.25931886,0.6527737
2023-01-08,3,Cyanobacteria,0.8177391,0.50865084
2023-01-09,3,Cyanobacteria,0.1614521,0.58713394
2023-01-10,3,Cyanobacteria,0.992042,0.65904874
2023-01-11,3,Cyanobacteria,1.275152,0.91064024
2023-01-12,3,Cyanobacteria,1.3251085,1.0828925
2023-01-13,3,Cyanobacteria,1.0189146,1.344426
2023-01-14,3,Cyanobacteria,1.2738205,1.503187
2023-01-15,3,Cyanobacteria,1.3461332,1.6144167
2023-01-16,3,Cyanobacteria,1.4476104,1.663888
2023-01-17,3,Cyanobacteria,1.2679595,1.678855
2023-01-18,3,Cyanobacteria,1.4467247,1.8511833
2023-01-19,3,Cyanobacteria,1.4130435,1.7207775
2023-01-20,3,Cyanobacteria,1.1790079,1.6592442
2023-01-21,3,Cyanobacteria,1.253741,1.5801576
2023-01-22,3,Cyanobacteria,0.74572355,1.4606812
2023-01-23,3,Cyanobacteria,0.6302901,1.3432049
2023-01-24,3,Cyanobacteria,1.5968212,1.3477576
2023-01-25,3,Cyanobacteria,1.5914844,1.2720926
2023-01-26,3,Cyanobacteria,1.4528313,1.1305618
2023-01-27,3,Cyanobacteria,1.3141781,1.5186715
2023-01-28,3,Cyanobacteria,1.4395945,1.6242303
2023-01-29,3,Cyanobacteria,1.4727279,1.5824931
2023-01-30,3,Cyanobacteria,1.3791581,1.4850146
2023-01-31,3,Cyanobacteria,1.1787742,1.4994448
2023-02-01,3,Cyanobacteria,0.9783902,1.4704294
2023-02-02,3,Cyanobacteria,1.3512114,1.4027894
2023-02-03,3,Cyanobacteria,1.5657766,1.3045225
2023-02-04,3,Cyanobacteria,1.615985,1.2812185
2023-02-05,3,Cyanobacteria,2.4904246,1.4371797
2023-02-06,3,Cyanobacteria,2.262368,1.7296839
2023-02-07,3,Cyanobacteria,2.1824055,1.7805122
2023-02-08,3,Cyanobacteria,1.5520464,1.9593856
2023-02-09,3,Cyanobacteria,1.8653886,1.9340698
2023-02-10,3,Cyanobacteria,2.283535,2.0012467
2023-02-11,3,Cyanobacteria,2.7620409,1.9576833
2023-02-12,3,Cyanobacteria,2.2324486,2.003037
2023-02-13,3,Cyanobacteria,1.8255773,2.083834
2023-02-14,3,Cyanobacteria,2.4639304,2.1249378
2023-02-15,3,Cyanobacteria,1.9916799,2.0168927
2023-02-16,3,Cyanobacteria,1.7593039,1.9578768
2023-02-17,3,Cyanobacteria,1.7566204,2.0719428
2023-02-18,3,Cyanobacteria,1.8478105,1.9523938
2023-02-19,3,Cyanobacteria,1.577091,1.8953068
2023-02-20,3,Cyanobacteria,1.5175421,1.8660868
2023-02-21,3,Cyanobacteria,1.2222602,1.9198154
2023-02-22,3,Cyanobacteria,1.1143904,1.8140898
2023-02-23,3,Cyanobacteria,1.5166937,1.780833
2023-02-24,3,Cyanobacteria,1.4491328,1.6433792
2023-02-25,3,Cyanobacteria,1.4799918,1.5487483
2023-02-26,3,Cyanobacteria,1.5221559,1.6485568
2023-02-27,3,Cyanobacteria,1.712296,1.6220107
2023-02-28,3,Cyanobacteria,2.1366403,1.6068466
2023-03-01,3,Cyanobacteria,1.7858219,1.6022404
2023-03-02,3,Cyanobacteria,1.3755527,1.6016284
2023-03-03,3,Cyanobacteria,1.2984917,1.7338363
2023-03-04,3,Cyanobacteria,1.2888846,1.6044465
2023-03-05,3,Cyanobacteria,1.2217515,1.440586
2023-03-06,3,Cyanobacteria,1.191564,1.3792962
2023-03-07,3,Cyanobacteria,1.3979748,1.3356974
2023-03-08,3,Cyanobacteria,1.3001692,1.2799823
2023-03-09,3,Cyanobacteria,1.2327971,1.2113566
2023-03-10,3,Cyanobacteria,1.1577052,1.2121905
2023-03-11,3,Cyanobacteria,1.0726924,1.1641095
2023-03-12,3,Cyanobacteria,1.0191824,1.091813
2023-03-13,3,Cyanobacteria,0.8894389,1.0245491
2023-03-14,3,Cyanobacteria,0.90746105,0.94313437
2023-03-15,3,Cyanobacteria,0.87925994,0.89532804
2023-03-16,3,Cyanobacteria,0.83830166,0.8014586
2023-03-17,3,Cyanobacteria,1.0444053,0.7091025
2023-03-18,3,Cyanobacteria,1.0910829,0.68111485
2023-03-19,3,Cyanobacteria,0.9658961,0.7075119
2023-03-20,3,Cyanobacteria,0.92234516,0.8470137
2023-03-21,3,Cyanobacteria,0.9250495,0.9684046
2023-03-22,3,Cyanobacteria,0.80815005,1.0595438
2023-03-23,3,Cyanobacteria,0.27196577,1.1749767
2023-03-24,3,Cyanobacteria,0.7134048,1.3164786
2023-03-25,3,Cyanobacteria,2.8818572,1.4633876
2023-03-26,3,Cyanobacteria,3.2467968,1.4729578
2023-03-27,3,Cyanobacteria,3.6117365,1.7193438
2023-03-28,3,Cyanobacteria,2.6727736,2.909938
2023-03-29,3,Cyanobacteria,1.9372687,2.863452
2023-03-30,3,Cyanobacteria,1.7760023,2.5916717
2023-03-31,3,Cyanobacteria,1.5423425,1.9742919
2023-04-01,3,Cyanobacteria,1.2678039,1.8417875
2023-04-02,3,Cyanobacteria,1.108106,1.4904106
2023-04-03,3,Cyanobacteria,1.0268787,1.3224049
2023-04-04,3,Cyanobacteria,1.0073328,1.2180501
2023-04-05,3,Cyanobacteria,1.5883657,1.2100248
2023-04-06,3,Cyanobacteria,2.1693985,1.2430389
2023-04-07,3,Cyanobacteria,2.7504315,1.3284794
2023-04-08,3,Cyanobacteria,3.3314643,1.7672733
2023-04-09,3,Cyanobacteria,2.7729766,2.2234373
2023-04-10,3,Cyanobacteria,2.417534,2.169204
2023-04-11,3,Cyanobacteria,1.7742348,2.1249588
2023-04-12,3,Cyanobacteria,1.4090321,1.7279936
2023-04-13,3,Cyanobacteria,1.2431421,1.5591608
2023-04-14,3,Cyanobacteria,1.120989,1.358974
2023-04-15,3,Cyanobacteria,1.1054552,1.1662291
2023-04-16,3,Cyanobacteria,1.0206532,1.1556818
2023-04-17,3,Cyanobacteria,0.772153,1.1510985
2023-04-18,3,Cyanobacteria,1.0562845,1.1310742
2023-04-19,3,Cyanobacteria,1.5799931,1.1945031
2023-04-20,3,Cyanobacteria,1.3164134,1.170351
2023-04-21,3,Cyanobacteria,1.2170826,1.4241898
2023-04-22,3,Cyanobacteria,1.2514278,1.7504374
2023-04-23,3,Cyanobacteria,1.1737871,1.5240785
2023-04-24,3,Cyanobacteria,1.1448725,1.4892987
2023-04-25,3,Cyanobacteria,1.0627111,1.5591489
2023-04-26,3,Cyanobacteria,1.4576253,1.5514914
2023-04-27,3,Cyanobacteria,1.7456878,1.5512358
2023-04-28,3,Cyanobacteria,1.8548379,1.5155488
2023-04-29,3,Cyanobacteria,2.6361527,1.5696373
2023-04-30,3,Cyanobacteria,3.1612911,1.7793306
2023-05-01,3,Cyanobacteria,1.9083881,1.754773
2023-05-02,3,Cyanobacteria,1.5850003,2.061853
2023-05-03,3,Cyanobacteria,0.7557995,2.161404
2023-05-04,3,Cyanobacteria,0.83305645,1.6830791
2023-05-05,3,Cyanobacteria,0.64165354,1.479734
2023-05-06,3,Cyanobacteria,0.42700356,1.3058717
2023-05-07,3,Cyanobacteria,1.1629804,1.4365797
2023-05-08,3,Cyanobacteria,1.8989573,1.5559802
2023-05-09,3,Cyanobacteria,2.634934,1.793165
2023-05-10,3,Cyanobacteria,3.370911,2.2903244
2023-05-11,3,Cyanobacteria,4.106888,2.762877
2023-05-12,3,Cyanobacteria,4.8428645,3.1476297
2023-05-13,3,Cyanobacteria,5.5788417,3.246267
2023-05-14,3,Cyanobacteria,3.4932373,3.204427
2023-05-15,3,Cyanobacteria,2.3829908,3.0944116
2023-05-16,3,Cyanobacteria,1.6760406,3.005522
2023-05-17,3,Cyanobacteria,1.5048957,2.3015509
2023-05-18,3,Cyanobacteria,1.3905042,1.9696447
2023-05-19,3,Cyanobacteria,1.3446171,1.731432
2023-05-20,3,Cyanobacteria,1.3385532,1.7205317
2023-05-21,3,Cyanobacteria,1.2489344,1.7161313
2023-05-22,3,Cyanobacteria,1.2775736,1.730888
2023-05-23,3,Cyanobacteria,1.7400788,2.0091202
2023-05-24,3,Cyanobacteria,2.1723888,1.7673012
2023-05-25,3,Cyanobacteria,2.054791,1.6804918
2023-05-26,3,Cyanobacteria,2.0169272,1.9210914
2023-05-27,3,Cyanobacteria,2.1836193,2.1663046
2023-05-28,3,Cyanobacteria,2.1190135,2.136842
2023-05-29,3,Cyanobacteria,2.2845416,2.0900767
2023-05-30,3,Cyanobacteria,2.8546731,2.1929412
2023-05-31,3,Cyanobacteria,3.6820343,2.2527761
2023-06-01,3,Cyanobacteria,4.2432837,2.459951
2023-06-02,3,Cyanobacteria,3.1228824,2.832401
2023-06-03,3,Cyanobacteria,3.9125252,3.0382054
2023-06-04,3,Cyanobacteria,3.0990682,3.021723
2023-06-05,3,Cyanobacteria,2.2573907,2.6975737
2023-06-06,3,Cyanobacteria,3.5290446,3.0518818
2023-06-07,3,Cyanobacteria,4.5944915,2.7135239
2023-06-08,3,Cyanobacteria,3.974097,2.3661692
2023-06-09,3,Cyanobacteria,2.817865,2.863396
2023-06-10,3,Cyanobacteria,2.1575139,3.3807948
2023-06-11,3,Cyanobacteria,2.202399,3.1110885
2023-06-12,3,Cyanobacteria,2.613506,2.6387498
2023-06-13,3,Cyanobacteria,3.0178857,2.4401813
2023-06-14,3,Cyanobacteria,3.2518442,2.5825424
2023-06-15,3,Cyanobacteria,2.6697867,2.8239968
2023-06-16,3,Cyanobacteria,1.9534781,2.8519433
2023-06-17,3,Cyanobacteria,2.036473,2.6940377
2023-06-18,3,Cyanobacteria,2.074111,2.4579954
2023-06-19,3,Cyanobacteria,1.7520274,2.3725874
2023-06-20,3,Cyanobacteria,1.9095271,2.5217886
2023-06-21,3,Cyanobacteria,2.6224213,2.5581892
2023-06-22,3,Cyanobacteria,2.9754727,2.6059701
2023-06-23,3,Cyanobacteria,3.7797623,2.7620173
2023-06-24,3,Cyanobacteria,3.8032756,3.1560988
2023-06-25,3,Cyanobacteria,3.9180677,3.270136
2023-06-26,3,Cyanobacteria,4.7419147,3.3737917
2023-06-27,3,Cyanobacteria,5.532881,2.9542644
2023-06-28,3,Cyanobacteria,3.5055287,2.8981447
2023-06-29,3,Cyanobacteria,3.4548762,3.218758
2023-06-30,3,Cyanobacteria,2.7937806,3.24977
2023-07-01,3,Cyanobacteria,1.5995938,2.6605406
2023-07-02,3,Cyanobacteria,1.5965191,2.6185584
2023-07-03,3,Cyanobacteria,1.7737297,2.333612
2023-07-04,3,Cyanobacteria,2.776571,2.0072677
2023-07-05,3,Cyanobacteria,3.2304816,2.1158285
2023-07-06,3,Cyanobacteria,1.984966,2.2516592
2023-07-07,3,Cyanobacteria,1.9826539,2.619249
2023-07-08,3,Cyanobacteria,2.2500691,2.742435
2023-07-09,3,Cyanobacteria,2.3913074,2.153631
2023-07-10,3,Cyanobacteria,2.655939,2.0680528
2023-07-11,3,Cyanobacteria,1.9692372,2.1244292
2023-07-12,3,Cyanobacteria,1.2298373,2.059799
2023-07-13,3,Cyanobacteria,1.0929966,2.0488312
2023-07-14,3,Cyanobacteria,0.5992144,1.8085984
2023-07-15,3,Cyanobacteria,0.6014617,1.6240156
2023-07-16,3,Cyanobacteria,0.609786,1.5855567
2023-07-17,3,Cyanobacteria,0.70679635,1.6262316
2023-07-18,3,Cyanobacteria,0.8659262,1.7317519
2023-07-19,3,Cyanobacteria,0.9241884,1.9563866
2023-07-20,3,Cyanobacteria,1.0990573,2.087446
2023-07-21,3,Cyanobacteria,2.9751103,2.2363462
2023-07-22,3,Cyanobacteria,4.6228127,2.4365118
2023-07-23,3,Cyanobacteria,2.8313358,2.5753033
2023-07-24,3,Cyanobacteria,4.548409,3.5693836
2023-07-25,3,Cyanobacteria,5.784873,3.975984
2023-07-26,3,Cyanobacteria,3.7234683,2.8926463
2023-07-27,3,Cyanobacteria,1.6620638,3.1096702
2023-07-28,3,Cyanobacteria,0.8556233,3.0214849
2023-07-29,3,Cyanobacteria,0.89116377,2.1559308
2023-07-30,3,Cyanobacteria,1.1886462,1.6841756
2023-07-31,3,Cyanobacteria,2.471676,1.5833174
2023-08-01,3,Cyanobacteria,1.6940145,1.6642934
2023-08-02,3,Cyanobacteria,1.9481753,1.9655399
2023-08-03,3,Cyanobacteria,1.7617489,2.419081
2023-08-04,3,Cyanobacteria,1.0801963,2.2893946
2023-08-05,3,Cyanobacteria,1.292281,2.4345138
2023-08-06,3,Cyanobacteria,1.7215066,2.3520944
2023-08-07,3,Cyanobacteria,3.3288689,2.193853
2023-08-08,3,Cyanobacteria,3.0218735,2.256828
2023-08-09,3,Cyanobacteria,1.651122,2.3801453
2023-08-10,3,Cyanobacteria,1.442921,2.8329551
2023-08-11,3,Cyanobacteria,0.7765467,2.56524
2023-08-12,3,Cyanobacteria,0.9314234,1.9714127
2023-08-13,3,Cyanobacteria,1.5715406,1.9530653
2023-08-14,3,Cyanobacteria,4.173333,1.8074803
2023-08-15,3,Cyanobacteria,1.9116304,1.955476
2023-08-16,3,Cyanobacteria,3.6171675,2.3450463
2023-08-17,3,Cyanobacteria,2.3501623,3.2699685
2023-08-18,3,Cyanobacteria,2.9149249,2.5615168
2023-08-19,3,Cyanobacteria,3.0159187,3.0124562
2023-08-20,3,Cyanobacteria,2.285934,2.608972
2023-08-21,3,Cyanobacteria,2.103505,3.0873706
2023-08-22,3,Cyanobacteria,2.0100663,3.0360954
2023-08-23,3,Cyanobacteria,2.030845,2.5410612
2023-08-24,3,Cyanobacteria,1.9803014,2.4889948
2023-08-25,3,Cyanobacteria,1.8590924,2.5474913
2023-08-26,3,Cyanobacteria,2.186416,2.619665
2023-08-27,3,Cyanobacteria,2.1218035,2.596838
2023-08-28,3,Cyanobacteria,2.2880745,2.6561475
2023-08-29,3,Cyanobacteria,4.906969,2.8594382
2023-08-30,3,Cyanobacteria,2.747103,2.8065403
2023-08-31,3,Cyanobacteria,4.8251433,2.7167876
2023-09-01,3,Cyanobacteria,3.1461823,3.4956343
2023-09-02,3,Cyanobacteria,2.997252,2.551102
2023-09-03,3,Cyanobacteria,2.551028,3.330746
2023-09-04,3,Cyanobacteria,2.49856,2.620377
2023-09-05,3,Cyanobacteria,5.2166624,2.577968
2023-09-06,3,Cyanobacteria,5.1275606,2.5364485
2023-09-07,3,Cyanobacteria,5.0384583,2.6013188
2023-09-08,3,Cyanobacteria,4.9493566,3.2729182
2023-09-09,3,Cyanobacteria,2.5999234,3.2567751
2023-09-10,3,Cyanobacteria,2.1791236,2.970222
2023-09-11,3,Cyanobacteria,1.9352801,2.8152063
2023-09-12,3,Cyanobacteria,1.8269101,2.0536442
2023-09-13,3,Cyanobacteria,1.9009577,2.0748534
2023-09-14,3,Cyanobacteria,2.1442535,1.9193343
2023-09-15,3,Cyanobacteria,2.3835835,2.0003355
2023-09-16,3,Cyanobacteria,2.215428,1.9900172
2023-09-17,3,Cyanobacteria,1.9896855,2.146138
2023-09-18,3,Cyanobacteria,2.0334396,2.2544415
2023-09-19,3,Cyanobacteria,2.1670406,2.1945655
2023-09-20,3,Cyanobacteria,2.404295,2.188238
2023-09-21,3,Cyanobacteria,2.4283464,2.1743429
2023-09-22,3,Cyanobacteria,2.1776288,2.2634447
2023-09-23,3,Cyanobacteria,2.2079122,2.415201
2023-09-24,3,Cyanobacteria,2.0656526,2.4980786
2023-09-25,3,Cyanobacteria,1.8197497,2.321685
2023-09-26,3,Cyanobacteria,2.788784,2.3808804
2023-09-27,3,Cyanobacteria,2.862572,2.542206
2023-09-28,3,Cyanobacteria,2.8470044,2.5282376
2023-09-29,3,Cyanobacteria,2.7773497,2.9407787
2023-09-30,3,Cyanobacteria,3.3597028,3.0664544
2023-10-01,3,Cyanobacteria,3.2632625,3.0266445
2023-10-02,3,Cyanobacteria,2.1856651,3.0511162
2023-10-03,3,Cyanobacteria,3.234886,3.1668208
2023-10-04,3,Cyanobacteria,3.1014996,2.9838653
2023-10-05,3,Cyanobacteria,2.354695,2.656621
2023-10-06,3,Cyanobacteria,1.8833472,3.095062
2023-10-07,3,Cyanobacteria,1.6806661,2.8267167
2023-10-08,3,Cyanobacteria,1.6510261,2.494976
2023-10-09,3,Cyanobacteria,1.65687,2.3445344
2023-10-10,3,Cyanobacteria,2.0349479,2.249301
2023-10-11,3,Cyanobacteria,1.9036157,2.2167492
2023-10-12,3,Cyanobacteria,1.5963961,2.256029
2023-10-13,3,Cyanobacteria,2.2419574,2.525391
2023-10-14,3,Cyanobacteria,3.478502,2.606662
2023-10-15,3,Cyanobacteria,3.9786897,2.4971251
2023-10-16,3,Cyanobacteria,2.291187,2.7733176
2023-10-17,3,Cyanobacteria,2.2361436,3.2687356
2023-10-18,3,Cyanobacteria,3.1238363,3.3490407
2023-10-19,3,Cyanobacteria,3.5173097,2.8134604
2023-10-20,3,Cyanobacteria,3.7166374,2.7344973
2023-10-21,3,Cyanobacteria,2.9234288,3.0207167
2023-10-22,3,Cyanobacteria,3.0309916,3.01674
2023-10-23,3,Cyanobacteria,2.8510609,3.0044646
2023-10-24,3,Cyanobacteria,3.768123,2.859031
2023-10-25,3,Cyanobacteria,5.941194,2.7795217
2023-10-26,3,Cyanobacteria,4.4449563,2.7956178
2023-10-27,3,Cyanobacteria,4.763434,3.0741832
2023-10-28,3,Cyanobacteria,2.8690472,3.4367535
2023-10-29,3,Cyanobacteria,2.7990034,2.9496646
2023-10-30,3,Cyanobacteria,2.6598368,2.9703984
2023-10-31,3,Cyanobacteria,3.064641,2.480733
2023-11-01,3,Cyanobacteria,3.5453944,2.4584293
2023-11-02,3,Cyanobacteria,3.0826712,2.4714031
2023-11-03,3,Cyanobacteria,3.453603,2.6203282
2023-11-04,3,Cyanobacteria,2.4549444,2.7595398
2023-11-05,3,Cyanobacteria,3.4141028,2.5715473
2023-11-06,3,Cyanobacteria,3.7630842,2.7044044
2023-11-07,3,Cyanobacteria,2.8241215,2.3125687
2023-11-08,3,Cyanobacteria,1.6250529,2.516472
2023-11-09,3,Cyanobacteria,1.9600605,2.7191935
2023-11-10,3,Cyanobacteria,2.4557483,2.3376484
2023-11-11,3,Cyanobacteria,1.7682997,1.9689957
2023-11-12,3,Cyanobacteria,1.8357332,2.1869066
2023-11-13,3,Cyanobacteria,1.5355757,2.5112205
2023-11-14,3,Cyanobacteria,1.4568228,2.3794813
2023-11-15,3,Cyanobacteria,1.3942672,2.4608846
2023-11-16,3,Cyanobacteria,1.4696076,2.4132767
2023-11-17,3,Cyanobacteria,1.5879126,2.3868458
2023-11-18,3,Cyanobacteria,1.8608291,2.3298843
2023-11-19,3,Cyanobacteria,1.7472198,2.3828964
2023-11-20,3,Cyanobacteria,2.048946,2.4563706
2023-11-21,3,Cyanobacteria,2.0148678,2.5601702
2023-11-22,3,Cyanobacteria,2.2934241,2.4825711
2023-11-23,3,Cyanobacteria,3.542967,2.548196
2023-11-24,3,Cyanobacteria,2.294738,2.5254781
2023-11-25,3,Cyanobacteria,1.8379765,2.4203367
2023-11-26,3,Cyanobacteria,1.510859,2.5758286
2023-11-27,3,Cyanobacteria,1.4485191,2.1008315
2023-11-28,3,Cyanobacteria,1.7754028,1.9191328
2023-11-29,3,Cyanobacteria,1.1889424,1.8376538
2023-11-30,3,Cyanobacteria,4.1997676,1.8638155
2023-12-01,3,Cyanobacteria,2.7477224,1.9897573
2023-12-02,3,Cyanobacteria,2.1429226,1.8351896
2023-12-03,3,Cyanobacteria,2.1683147,2.7872436
2023-12-04,3,Cyanobacteria,1.8719982,2.4289913
2023-12-05,3,Cyanobacteria,2.7758234,2.0886853
2023-12-06,3,Cyanobacteria,2.8993187,1.9747311
2023-12-07,3,Cyanobacteria,2.0482368,1.8247753
2023-12-08,3,Cyanobacteria,1.585169,2.1412835
2023-12-09,3,Cyanobacteria,2.0673146,2.2599976
2023-12-10,3,Cyanobacteria,1.7040033,2.153491
2023-12-11,3,Cyanobacteria,2.2543254,1.9640937
2023-12-12,3,Cyanobacteria,2.8514695,2.1060824
2023-12-13,3,Cyanobacteria,2.631844,2.0055673
2023-12-14,3,Cyanobacteria,2.930671,2.178824
2023-12-15,3,Cyanobacteria,4.081218,2.459409
2023-12-16,3,Cyanobacteria,2.122142,2.2999856
2023-12-17,3,Cyanobacteria,1.3384718,2.2023737
2023-12-18,3,Cyanobacteria,1.4121481,2.566882
2023-12-19,3,Cyanobacteria,1.8288468,2.0190382
2023-12-20,3,Cyanobacteria,1.4450092,1.7244663
2023-12-21,3,Cyanobacteria,1.3191619,1.7331133
2023-12-22,3,Cyanobacteria,1.6237926,1.9135265
2023-12-23,3,Cyanobacteria,1.574842,1.8661212
2023-12-24,3,Cyanobacteria,1.5136062,1.853714
2023-12-25,3,Cyanobacteria,1.7450206,1.9341457
2023-12-26,3,Cyanobacteria,3.017767,1.914078
2023-12-27,3,Cyanobacteria,3.659146,1.8692416
2023-12-28,3,Cyanobacteria,2.284695,1.9065696
2023-12-29,3,Cyanobacteria,1.6734831,2.221282
