date,horizon,target,true_value,pred_value
2020-10-28,1,Green_Algae,8.1705065,4.890754
2020-10-29,1,Green_Algae,11.725673,6.2470427
2020-10-30,1,Green_Algae,12.17853,8.457957
2020-10-31,1,Green_Algae,6.110087,9.837033
2020-11-01,1,Green_Algae,7.4780245,6.106463
2020-11-02,1,Green_Algae,7.0332804,5.9491854
2020-11-03,1,Green_Algae,4.4513035,6.151125
2020-11-04,1,Green_Algae,4.2465425,4.652127
2020-11-05,1,Green_Algae,3.1390948,4.0176697
2020-11-06,1,Green_Algae,4.8471107,3.352303
2020-11-07,1,Green_Algae,8.74932,4.5446005
2020-11-08,1,Green_Algae,3.445326,7.1098228
2020-11-09,1,Green_Algae,2.8215373,4.8893776
2020-11-10,1,Green_Algae,2.7152398,3.0967736
2020-11-11,1,Green_Algae,2.8748477,2.5468204
2020-11-12,1,Green_Algae,2.8452773,2.8206937
2020-11-13,1,Green_Algae,3.2272646,3.2232935
2020-11-14,1,Green_Algae,4.012611,3.6328404
2020-11-15,1,Green_Algae,3.7066593,4.057884
2020-11-16,1,Green_Algae,7.032859,4.3107157
2020-11-17,1,Green_Algae,7.8307257,5.956947
2020-11-18,1,Green_Algae,7.7718787,7.2283654
2020-11-19,1,Green_Algae,8.549044,6.8260975
2020-11-20,1,Green_Algae,9.32621,7.796888
2020-11-21,1,Green_Algae,7.3450155,7.055574
2020-11-22,1,Green_Algae,8.40237,6.2746243
2020-11-23,1,Green_Algae,5.0805078,6.5107646
2020-11-24,1,Green_Algae,4.5977955,4.8506403
2020-11-25,1,Green_Algae,4.178378,4.0078998
2020-11-26,1,Green_Algae,8.567597,3.7904332
2020-11-27,1,Green_Algae,5.6399274,6.230919
2020-11-28,1,Green_Algae,4.2971926,5.761497
2020-11-29,1,Green_Algae,4.177417,4.3238463
2020-11-30,1,Green_Algae,2.1808684,3.900041
2020-12-01,1,Green_Algae,2.1362128,2.2303843
2020-12-02,1,Green_Algae,2.365832,1.9122012
2020-12-03,1,Green_Algae,1.8928292,2.1119606
2020-12-04,1,Green_Algae,2.1390448,2.133942
2020-12-05,1,Green_Algae,1.6092981,2.155635
2020-12-06,1,Green_Algae,1.7672431,2.0482936
2020-12-07,1,Green_Algae,2.0092976,2.008104
2020-12-08,1,Green_Algae,2.0687907,2.223247
2020-12-09,1,Green_Algae,2.93475,2.2709389
2020-12-10,1,Green_Algae,2.2710211,3.4398854
2020-12-11,1,Green_Algae,1.7623245,3.4668062
2020-12-12,1,Green_Algae,3.7399058,2.321671
2020-12-13,1,Green_Algae,7.407639,3.357813
2020-12-14,1,Green_Algae,1.9868814,6.483059
2020-12-15,1,Green_Algae,1.3638422,3.5825114
2020-12-16,1,Green_Algae,1.3426266,1.8570687
2020-12-17,1,Green_Algae,1.2532657,1.6081071
2020-12-18,1,Green_Algae,1.2750503,1.8193897
2020-12-19,1,Green_Algae,1.6216208,1.8401182
2020-12-20,1,Green_Algae,2.156505,2.0431247
2020-12-21,1,Green_Algae,1.9927878,2.8514302
2020-12-22,1,Green_Algae,1.9692179,3.2829206
2020-12-23,1,Green_Algae,2.3798406,3.2056684
2020-12-24,1,Green_Algae,3.1014483,4.1255856
2020-12-25,1,Green_Algae,2.8246055,4.233343
2020-12-26,1,Green_Algae,2.7126286,3.4750428
2020-12-27,1,Green_Algae,3.4823534,3.3052614
2020-12-28,1,Green_Algae,8.607523,3.9704523
2020-12-29,1,Green_Algae,8.2660055,7.283448
2020-12-30,1,Green_Algae,7.924486,9.265321
2020-12-31,1,Green_Algae,6.428473,7.5606046
2021-01-01,1,Green_Algae,2.98945,6.3987546
2021-01-02,1,Green_Algae,1.3053657,3.2386
2021-01-03,1,Green_Algae,1.2917366,1.7208291
2021-01-04,1,Green_Algae,1.1487111,1.5113806
2021-01-05,1,Green_Algae,1.2107966,1.5905784
2021-01-06,1,Green_Algae,1.9978639,1.7204324
2021-01-07,1,Green_Algae,3.2746053,2.3151157
2021-01-08,1,Green_Algae,1.283966,3.6882148
2021-01-09,1,Green_Algae,1.3706295,2.2299082
2021-01-10,1,Green_Algae,0.95188135,1.7631887
2021-01-11,1,Green_Algae,1.2131643,1.5486058
2021-01-12,1,Green_Algae,2.0453835,1.5692363
2021-01-13,1,Green_Algae,2.094508,2.0183153
2021-01-14,1,Green_Algae,2.0917065,2.6743636
2021-01-15,1,Green_Algae,1.7256553,3.067226
2021-01-16,1,Green_Algae,2.0362563,2.8694594
2021-01-17,1,Green_Algae,3.533249,2.8692768
2021-01-18,1,Green_Algae,3.6137555,3.2558928
2021-01-19,1,Green_Algae,3.1941895,3.5514517
2021-01-20,1,Green_Algae,4.403502,3.5481994
2021-01-21,1,Green_Algae,5.758683,4.840128
2021-01-22,1,Green_Algae,6.35937,6.0876417
2021-01-23,1,Green_Algae,8.876309,6.1609454
2021-01-24,1,Green_Algae,5.43191,6.5300937
2021-01-25,1,Green_Algae,6.235949,4.883954
2021-01-26,1,Green_Algae,6.5830173,4.8752813
2021-01-27,1,Green_Algae,7.649797,5.176924
2021-01-28,1,Green_Algae,5.225948,5.935013
2021-01-29,1,Green_Algae,7.1872573,4.9458704
2021-01-30,1,Green_Algae,7.827323,4.8785706
2021-01-31,1,Green_Algae,6.1937,5.3690915
2021-02-01,1,Green_Algae,5.721615,5.396463
2021-02-02,1,Green_Algae,5.1455975,5.372705
2021-02-03,1,Green_Algae,4.142368,5.0776887
2021-02-04,1,Green_Algae,4.6842937,4.3282986
2021-02-05,1,Green_Algae,4.7972736,4.447365
2021-02-06,1,Green_Algae,4.5424547,4.9160786
2021-02-07,1,Green_Algae,4.4105067,4.984496
2021-02-08,1,Green_Algae,4.6066475,4.7967105
2021-02-09,1,Green_Algae,5.280211,4.6682076
2021-02-10,1,Green_Algae,7.288978,4.923356
2021-02-11,1,Green_Algae,4.65887,5.4452744
2021-02-12,1,Green_Algae,3.413034,4.773694
2021-02-13,1,Green_Algae,8.17764,4.2566633
2021-02-14,1,Green_Algae,5.1429377,6.1890655
2021-02-15,1,Green_Algae,4.1539435,6.260734
2021-02-16,1,Green_Algae,4.581317,5.12371
2021-02-17,1,Green_Algae,4.9817367,4.879227
2021-02-18,1,Green_Algae,3.35322,4.791602
2021-02-19,1,Green_Algae,4.2448187,3.9673505
2021-02-20,1,Green_Algae,4.0317235,4.2648034
2021-02-21,1,Green_Algae,4.087482,4.224676
2021-02-22,1,Green_Algae,3.9634469,4.4500175
2021-02-23,1,Green_Algae,4.5633674,4.404232
2021-02-24,1,Green_Algae,4.220355,4.417094
2021-02-25,1,Green_Algae,5.1449275,4.2590156
2021-02-26,1,Green_Algae,5.1236477,4.7250686
2021-02-27,1,Green_Algae,4.096351,5.0304008
2021-02-28,1,Green_Algae,3.4184105,4.6013517
2021-03-01,1,Green_Algae,2.6066442,3.9515083
2021-03-02,1,Green_Algae,2.469205,2.6353161
2021-03-03,1,Green_Algae,3.3989074,2.3423789
2021-03-04,1,Green_Algae,2.2061434,3.7003546
2021-03-05,1,Green_Algae,0.93730825,3.3183026
2021-03-06,1,Green_Algae,0.17130968,1.8138345
2021-03-07,1,Green_Algae,0.21163534,1.0794677
2021-03-08,1,Green_Algae,0.51324403,0.84724003
2021-03-09,1,Green_Algae,0.7416932,1.030418
2021-03-10,1,Green_Algae,1.1518161,1.4390078
2021-03-11,1,Green_Algae,3.0430608,2.1523125
2021-03-12,1,Green_Algae,5.624233,4.735561
2021-03-13,1,Green_Algae,9.781874,7.3448133
2021-03-14,1,Green_Algae,6.138524,10.323495
2021-03-15,1,Green_Algae,5.632489,7.3046546
2021-03-16,1,Green_Algae,4.6865773,5.4278164
2021-03-17,1,Green_Algae,4.3283215,4.5214744
2021-03-18,1,Green_Algae,3.7387772,3.5626063
2021-03-19,1,Green_Algae,2.8026774,3.2829857
2021-03-20,1,Green_Algae,3.1857598,2.7574043
2021-03-21,1,Green_Algae,2.456903,2.707325
2021-03-22,1,Green_Algae,0.9018451,2.3712053
2021-03-23,1,Green_Algae,0.6790297,1.8957274
2021-03-24,1,Green_Algae,1.005638,1.5813489
2021-03-25,1,Green_Algae,0.83578366,1.5480603
2021-03-26,1,Green_Algae,1.0689725,1.6241766
2021-03-27,1,Green_Algae,1.7590731,1.8609743
2021-03-28,1,Green_Algae,4.083432,2.8252912
2021-03-29,1,Green_Algae,7.1401954,5.1021056
2021-03-30,1,Green_Algae,10.209595,8.281649
2021-03-31,1,Green_Algae,10.649694,10.715453
2021-04-01,1,Green_Algae,9.618863,9.972319
2021-04-02,1,Green_Algae,9.679638,6.938262
2021-04-03,1,Green_Algae,8.492021,5.3274984
2021-04-04,1,Green_Algae,5.522469,5.1415343
2021-04-05,1,Green_Algae,3.8875976,4.3891745
2021-04-06,1,Green_Algae,3.7225616,3.57654
2021-04-07,1,Green_Algae,4.1317596,3.5101235
2021-04-08,1,Green_Algae,3.7241824,3.9726956
2021-04-09,1,Green_Algae,2.9264905,3.89624
2021-04-10,1,Green_Algae,3.0117583,3.7584026
2021-04-11,1,Green_Algae,3.7558973,3.9163628
2021-04-12,1,Green_Algae,7.548631,4.5749106
2021-04-13,1,Green_Algae,8.276589,7.2653275
2021-04-14,1,Green_Algae,7.5179367,9.36594
2021-04-15,1,Green_Algae,7.9862165,8.899963
2021-04-16,1,Green_Algae,8.454495,7.6404486
2021-04-17,1,Green_Algae,10.411622,7.2003474
2021-04-18,1,Green_Algae,8.3863945,8.761128
2021-04-19,1,Green_Algae,7.374504,7.3336043
2021-04-20,1,Green_Algae,7.4743953,6.008531
2021-04-21,1,Green_Algae,7.563512,5.6979966
2021-04-22,1,Green_Algae,9.42714,6.218219
2021-04-23,1,Green_Algae,9.938813,8.058905
2021-04-24,1,Green_Algae,9.186256,9.731912
2021-04-25,1,Green_Algae,13.211926,9.678268
2021-04-26,1,Green_Algae,11.542995,9.27969
2021-04-27,1,Green_Algae,8.482055,7.179197
2021-04-28,1,Green_Algae,4.98898,5.3286996
2021-04-29,1,Green_Algae,3.1451302,3.7637577
2021-04-30,1,Green_Algae,3.3468668,3.0291083
2021-05-01,1,Green_Algae,8.648813,3.17038
2021-05-02,1,Green_Algae,10.776056,5.8095245
2021-05-03,1,Green_Algae,10.448346,8.296113
2021-05-04,1,Green_Algae,5.103333,9.281911
2021-05-05,1,Green_Algae,5.319554,5.7698975
2021-05-06,1,Green_Algae,6.643535,5.042579
2021-05-07,1,Green_Algae,6.72064,6.082563
2021-05-08,1,Green_Algae,10.374625,6.6322813
2021-05-09,1,Green_Algae,12.880029,8.41256
2021-05-10,1,Green_Algae,9.980102,10.908101
2021-05-11,1,Green_Algae,10.452174,9.720718
2021-05-12,1,Green_Algae,10.924248,10.430044
2021-05-13,1,Green_Algae,11.39632,11.09804
2021-05-14,1,Green_Algae,11.868393,12.304729
2021-05-15,1,Green_Algae,10.393691,9.306024
2021-05-16,1,Green_Algae,7.7878942,7.582121
2021-05-17,1,Green_Algae,7.7099423,6.40682
2021-05-18,1,Green_Algae,7.9545946,6.648629
2021-05-19,1,Green_Algae,6.14866,7.559542
2021-05-20,1,Green_Algae,6.4745946,6.4295087
2021-05-21,1,Green_Algae,6.249631,6.421623
2021-05-22,1,Green_Algae,9.313534,6.310437
2021-05-23,1,Green_Algae,8.771644,7.498569
2021-05-24,1,Green_Algae,12.235818,6.9912777
2021-05-25,1,Green_Algae,7.2883067,8.822299
2021-05-26,1,Green_Algae,7.12322,7.5018563
2021-05-27,1,Green_Algae,13.128756,6.643308
2021-05-28,1,Green_Algae,12.951473,8.665312
2021-05-29,1,Green_Algae,12.77419,10.502003
2021-05-30,1,Green_Algae,4.561085,8.964548
2021-05-31,1,Green_Algae,2.984026,4.9283895
2021-06-01,1,Green_Algae,3.477842,3.0015554
2021-06-02,1,Green_Algae,3.0301087,2.6484969
2021-06-03,1,Green_Algae,2.9474874,2.6964362
2021-06-04,1,Green_Algae,3.87105,2.7172477
2021-06-05,1,Green_Algae,3.5815134,3.5405507
2021-06-06,1,Green_Algae,3.5015206,3.946264
2021-06-07,1,Green_Algae,4.0479884,4.413522
2021-06-08,1,Green_Algae,5.4210563,5.0076456
2021-06-09,1,Green_Algae,3.706534,6.313075
2021-06-10,1,Green_Algae,5.004493,5.0628285
2021-06-11,1,Green_Algae,6.557851,5.321504
2021-06-12,1,Green_Algae,10.4747505,6.345526
2021-06-13,1,Green_Algae,11.396228,8.425148
2021-06-14,1,Green_Algae,12.317705,10.133624
2021-06-15,1,Green_Algae,12.765958,9.640505
2021-06-16,1,Green_Algae,13.214211,11.526841
2021-06-17,1,Green_Algae,13.662464,13.051877
2021-06-18,1,Green_Algae,14.110718,11.897939
2021-06-19,1,Green_Algae,12.694961,9.744909
2021-06-20,1,Green_Algae,13.068725,8.838446
2021-06-21,1,Green_Algae,6.759349,9.370889
2021-06-22,1,Green_Algae,4.531797,6.9257574
2021-06-23,1,Green_Algae,4.704233,5.4108
2021-06-24,1,Green_Algae,4.3103833,5.315395
2021-06-25,1,Green_Algae,4.245991,5.501606
2021-06-26,1,Green_Algae,3.8047178,5.918409
2021-06-27,1,Green_Algae,9.500919,5.2292047
2021-06-28,1,Green_Algae,14.259275,8.197569
2021-06-29,1,Green_Algae,13.726238,10.428363
2021-06-30,1,Green_Algae,10.054623,10.417096
2021-07-01,1,Green_Algae,10.233351,8.054039
2021-07-02,1,Green_Algae,11.377681,8.239364
2021-07-03,1,Green_Algae,13.92809,9.375312
2021-07-04,1,Green_Algae,9.610976,11.10851
2021-07-05,1,Green_Algae,13.8032055,8.310492
2021-07-06,1,Green_Algae,12.07648,9.791334
2021-07-07,1,Green_Algae,9.815504,9.20362
2021-07-08,1,Green_Algae,10.952688,8.444035
2021-07-09,1,Green_Algae,5.504181,9.344362
2021-07-10,1,Green_Algae,6.883577,6.0157037
2021-07-11,1,Green_Algae,6.383121,5.9164443
2021-07-12,1,Green_Algae,8.041389,6.5836987
2021-07-13,1,Green_Algae,7.1555495,7.833997
2021-07-14,1,Green_Algae,7.182688,7.617741
2021-07-15,1,Green_Algae,7.2098265,9.480709
2021-07-16,1,Green_Algae,7.2369647,10.546828
2021-07-17,1,Green_Algae,7.2641034,10.288917
2021-07-18,1,Green_Algae,7.291241,10.07263
2021-07-19,1,Green_Algae,7.3183794,8.842788
2021-07-20,1,Green_Algae,7.345518,7.601144
2021-07-21,1,Green_Algae,4.656155,5.9396386
2021-07-22,1,Green_Algae,5.656749,5.1592493
2021-07-23,1,Green_Algae,11.975569,5.5429096
2021-07-24,1,Green_Algae,13.560905,9.226482
2021-07-25,1,Green_Algae,13.088494,12.255351
2021-07-26,1,Green_Algae,11.472322,11.965245
2021-07-27,1,Green_Algae,9.366954,9.294225
2021-07-28,1,Green_Algae,6.655246,7.6565466
2021-07-29,1,Green_Algae,7.9549346,5.8228908
2021-07-30,1,Green_Algae,7.1069007,6.764303
2021-07-31,1,Green_Algae,8.990673,7.4486785
2021-08-01,1,Green_Algae,10.385311,8.026523
2021-08-02,1,Green_Algae,10.719529,8.4326315
2021-08-03,1,Green_Algae,7.1092253,7.7053046
2021-08-04,1,Green_Algae,4.9593773,6.190139
2021-08-05,1,Green_Algae,3.0356264,5.026687
2021-08-06,1,Green_Algae,2.0601811,3.6252263
2021-08-07,1,Green_Algae,2.8934517,2.574794
2021-08-08,1,Green_Algae,3.3419957,2.6838198
2021-08-09,1,Green_Algae,3.5262926,3.833526
2021-08-10,1,Green_Algae,2.9024384,4.951484
2021-08-11,1,Green_Algae,3.434081,4.6675053
2021-08-12,1,Green_Algae,4.609233,4.703651
2021-08-13,1,Green_Algae,4.0192776,5.606195
2021-08-14,1,Green_Algae,7.171199,5.1380587
2021-08-15,1,Green_Algae,10.603491,7.1757693
2021-08-16,1,Green_Algae,8.529735,10.174219
2021-08-17,1,Green_Algae,6.9491796,8.822723
2021-08-18,1,Green_Algae,8.951539,6.187321
2021-08-19,1,Green_Algae,11.542151,7.3906245
2021-08-20,1,Green_Algae,10.700407,9.440608
2021-08-21,1,Green_Algae,7.8352175,10.16831
2021-08-22,1,Green_Algae,12.8495455,8.138586
2021-08-23,1,Green_Algae,13.118637,9.587631
2021-08-24,1,Green_Algae,10.933848,11.335804
2021-08-25,1,Green_Algae,12.0906725,9.213835
2021-08-26,1,Green_Algae,10.43034,9.80947
2021-08-27,1,Green_Algae,9.773435,8.927611
2021-08-28,1,Green_Algae,8.390406,8.082882
2021-08-29,1,Green_Algae,7.821752,6.807126
2021-08-30,1,Green_Algae,6.5187182,6.6751547
2021-08-31,1,Green_Algae,5.8044934,6.3494616
2021-09-01,1,Green_Algae,5.0743923,6.76506
2021-09-02,1,Green_Algae,4.311918,6.3541346
2021-09-03,1,Green_Algae,3.3487916,5.543795
2021-09-04,1,Green_Algae,4.701462,4.9504175
2021-09-05,1,Green_Algae,5.0674095,5.704156
2021-09-06,1,Green_Algae,3.518864,6.3012114
2021-09-07,1,Green_Algae,3.1971326,5.20862
2021-09-08,1,Green_Algae,3.5374892,4.32579
2021-09-09,1,Green_Algae,6.4463677,4.4231896
2021-09-10,1,Green_Algae,6.842923,5.9179773
2021-09-11,1,Green_Algae,8.631598,6.293058
2021-09-12,1,Green_Algae,8.282877,7.5488915
2021-09-13,1,Green_Algae,7.9341564,8.383556
2021-09-14,1,Green_Algae,7.505728,7.0973635
2021-09-15,1,Green_Algae,4.8467994,6.5923553
2021-09-16,1,Green_Algae,4.3901086,5.498881
2021-09-17,1,Green_Algae,3.1355467,5.1169887
2021-09-18,1,Green_Algae,2.5354092,4.47202
2021-09-19,1,Green_Algae,2.8781462,3.8940885
2021-09-20,1,Green_Algae,2.8740985,4.153623
2021-09-21,1,Green_Algae,2.339877,4.06274
2021-09-22,1,Green_Algae,3.6420565,3.5833442
2021-09-23,1,Green_Algae,3.4891088,4.2682905
2021-09-24,1,Green_Algae,3.0315206,4.592011
2021-09-25,1,Green_Algae,2.7386677,4.3455973
2021-09-26,1,Green_Algae,2.8449023,3.9592452
2021-09-27,1,Green_Algae,2.898798,3.603798
2021-09-28,1,Green_Algae,2.80811,3.7792733
2021-09-29,1,Green_Algae,3.1477988,3.696388
2021-09-30,1,Green_Algae,3.8165677,3.8236754
2021-10-01,1,Green_Algae,2.884149,4.1090584
2021-10-02,1,Green_Algae,2.3285825,3.8008807
2021-10-03,1,Green_Algae,2.7246957,3.2567453
2021-10-04,1,Green_Algae,2.9625897,3.381672
2021-10-05,1,Green_Algae,3.2004838,3.7413073
2021-10-06,1,Green_Algae,3.4383776,4.1822023
2021-10-07,1,Green_Algae,3.6762717,4.3284206
2021-10-08,1,Green_Algae,3.9141655,4.708919
2021-10-09,1,Green_Algae,4.1520596,5.104733
2021-10-10,1,Green_Algae,4.3899536,4.9036922
2021-10-11,1,Green_Algae,4.6278477,4.8013363
2021-10-12,1,Green_Algae,4.9418287,4.967814
2021-10-13,1,Green_Algae,4.673613,5.114662
2021-10-14,1,Green_Algae,4.5442286,5.2735667
2021-10-15,1,Green_Algae,8.768624,5.2554226
2021-10-16,1,Green_Algae,8.054786,6.926708
2021-10-17,1,Green_Algae,3.8535652,7.776915
2021-10-18,1,Green_Algae,3.6656222,5.117088
2021-10-19,1,Green_Algae,3.690036,3.8727314
2021-10-20,1,Green_Algae,3.5357091,4.139165
2021-10-21,1,Green_Algae,3.6526122,4.100571
2021-10-22,1,Green_Algae,3.1038206,4.3216925
2021-10-23,1,Green_Algae,2.7547975,4.3964467
2021-10-24,1,Green_Algae,2.6743922,4.295025
2021-10-25,1,Green_Algae,2.6642506,4.271872
2021-10-26,1,Green_Algae,3.2695441,4.4950156
2021-10-27,1,Green_Algae,6.4926195,5.002137
2021-10-28,1,Green_Algae,8.997244,7.478544
2021-10-29,1,Green_Algae,9.55448,10.134361
2021-10-30,1,Green_Algae,6.1581116,10.090228
2021-10-31,1,Green_Algae,5.569472,6.725446
2021-11-01,1,Green_Algae,4.880246,5.160303
2021-11-02,1,Green_Algae,6.240745,4.939933
2021-11-03,1,Green_Algae,7.868003,6.2514653
2021-11-04,1,Green_Algae,5.39335,7.7121677
2021-11-05,1,Green_Algae,2.8083358,6.5202355
2021-11-06,1,Green_Algae,4.1119175,3.7422168
2021-11-07,1,Green_Algae,5.8138523,4.357817
2021-11-08,1,Green_Algae,5.6319323,6.248407
2021-11-09,1,Green_Algae,4.463618,6.4789667
2021-11-10,1,Green_Algae,5.127321,5.5862436
2021-11-11,1,Green_Algae,3.3585093,5.589514
2021-11-12,1,Green_Algae,2.6787329,4.493895
2021-11-13,1,Green_Algae,2.9060419,3.4655304
2021-11-14,1,Green_Algae,2.3626916,3.4921672
2021-11-15,1,Green_Algae,2.3225126,3.1029785
2021-11-16,1,Green_Algae,2.5409632,2.8833811
2021-11-17,1,Green_Algae,2.2751682,3.124847
2021-11-18,1,Green_Algae,1.9986252,3.1283453
2021-11-19,1,Green_Algae,1.6795293,2.8156536
2021-11-20,1,Green_Algae,1.8916438,2.176962
2021-11-21,1,Green_Algae,2.7642143,1.9858699
2021-11-22,1,Green_Algae,3.023097,2.4633102
2021-11-23,1,Green_Algae,1.7613965,2.9055917
2021-11-24,1,Green_Algae,1.8678365,2.090775
2021-11-25,1,Green_Algae,1.7351195,1.8777862
2021-11-26,1,Green_Algae,1.7887771,1.8083857
2021-11-27,1,Green_Algae,1.8194356,1.81473
2021-11-28,1,Green_Algae,2.1925688,1.9019573
2021-11-29,1,Green_Algae,2.8506155,2.06174
2021-11-30,1,Green_Algae,3.7936785,2.6533504
2021-12-01,1,Green_Algae,3.2888849,3.963739
2021-12-02,1,Green_Algae,3.20601,3.7422526
2021-12-03,1,Green_Algae,3.1972845,3.2235918
2021-12-04,1,Green_Algae,2.9100072,3.0741189
2021-12-05,1,Green_Algae,3.0636685,2.808331
2021-12-06,1,Green_Algae,3.0413218,2.7040243
2021-12-07,1,Green_Algae,2.8179595,2.7555397
2021-12-08,1,Green_Algae,2.9317937,2.6279979
2021-12-09,1,Green_Algae,2.873556,2.6206567
2021-12-10,1,Green_Algae,3.0364544,2.7203689
2021-12-11,1,Green_Algae,3.930644,2.7891462
2021-12-12,1,Green_Algae,3.436191,3.5987093
2021-12-13,1,Green_Algae,3.863864,3.4839125
2021-12-14,1,Green_Algae,4.217301,3.7935143
2021-12-15,1,Green_Algae,4.429001,4.276358
2021-12-16,1,Green_Algae,4.6556263,4.60481
2021-12-17,1,Green_Algae,4.838226,4.5582037
2021-12-18,1,Green_Algae,4.1352496,3.8831773
2021-12-19,1,Green_Algae,3.6960173,3.290927
2021-12-20,1,Green_Algae,3.0439653,3.1354017
2021-12-21,1,Green_Algae,2.7047684,2.6869748
2021-12-22,1,Green_Algae,4.257923,2.5332441
2021-12-23,1,Green_Algae,3.2951374,3.176031
2021-12-24,1,Green_Algae,2.3909624,4.2098236
2021-12-25,1,Green_Algae,2.1861448,4.160516
2021-12-26,1,Green_Algae,1.7530535,2.8054366
2021-12-27,1,Green_Algae,1.9872879,2.109827
2021-12-28,1,Green_Algae,2.2317348,2.0241127
2021-12-29,1,Green_Algae,2.0643368,2.4279501
2021-12-30,1,Green_Algae,1.9601592,2.4014482
2021-12-31,1,Green_Algae,2.126949,2.7509596
2022-01-01,1,Green_Algae,2.2531767,2.4764895
2022-01-02,1,Green_Algae,2.1239364,2.3837276
2022-01-03,1,Green_Algae,2.5416799,2.193259
2022-01-04,1,Green_Algae,3.3833745,2.3481348
2022-01-05,1,Green_Algae,6.9222884,3.4248002
2022-01-06,1,Green_Algae,5.645869,5.8472195
2022-01-07,1,Green_Algae,4.3694496,6.1487265
2022-01-08,1,Green_Algae,6.313483,4.5247684
2022-01-09,1,Green_Algae,4.849971,4.452093
2022-01-10,1,Green_Algae,6.5303836,4.060005
2022-01-11,1,Green_Algae,7.1293488,4.3317256
2022-01-12,1,Green_Algae,3.0731115,4.334877
2022-01-13,1,Green_Algae,2.084052,2.502152
2022-01-14,1,Green_Algae,1.3035264,1.6847126
2022-01-15,1,Green_Algae,2.1528146,1.2729671
2022-01-16,1,Green_Algae,2.2154775,1.4952254
2022-01-17,1,Green_Algae,1.8509052,1.7782763
2022-01-18,1,Green_Algae,3.0125198,1.7338511
2022-01-19,1,Green_Algae,2.9266691,2.2665577
2022-01-20,1,Green_Algae,3.0848227,2.6103985
2022-01-21,1,Green_Algae,3.732527,2.7071946
2022-01-22,1,Green_Algae,4.3433237,3.111303
2022-01-23,1,Green_Algae,6.2519803,3.4305506
2022-01-24,1,Green_Algae,8.160637,5.4394226
2022-01-25,1,Green_Algae,8.239467,5.92647
2022-01-26,1,Green_Algae,8.318296,6.204584
2022-01-27,1,Green_Algae,8.397126,5.937584
2022-01-28,1,Green_Algae,8.475957,5.6139574
2022-01-29,1,Green_Algae,8.554788,5.6232095
2022-01-30,1,Green_Algae,8.633616,4.6473722
2022-01-31,1,Green_Algae,5.246442,4.188174
2022-02-01,1,Green_Algae,3.9920294,3.016785
2022-02-02,1,Green_Algae,4.695028,2.2318883
2022-02-03,1,Green_Algae,2.7493696,2.3670344
2022-02-04,1,Green_Algae,2.88272,2.0214655
2022-02-05,1,Green_Algae,2.763606,2.2802258
2022-02-06,1,Green_Algae,2.1112866,2.7277741
2022-02-07,1,Green_Algae,2.4319632,2.1479015
2022-02-08,1,Green_Algae,2.2566342,2.2349393
2022-02-09,1,Green_Algae,2.6009963,2.6999772
2022-02-10,1,Green_Algae,2.5740855,3.1661758
2022-02-11,1,Green_Algae,2.7089677,3.1344092
2022-02-12,1,Green_Algae,3.126954,2.5219707
2022-02-13,1,Green_Algae,4.3236074,3.376314
2022-02-14,1,Green_Algae,3.448381,4.328385
2022-02-15,1,Green_Algae,3.5295143,3.9387083
2022-02-16,1,Green_Algae,4.1974835,3.513201
2022-02-17,1,Green_Algae,4.8904557,3.969469
2022-02-18,1,Green_Algae,6.0933433,5.408287
2022-02-19,1,Green_Algae,4.131527,5.883045
2022-02-20,1,Green_Algae,2.946324,4.929003
2022-02-21,1,Green_Algae,2.2808762,2.2498314
2022-02-22,1,Green_Algae,1.969732,1.5591556
2022-02-23,1,Green_Algae,1.8481604,1.472134
2022-02-24,1,Green_Algae,1.970211,1.5452335
2022-02-25,1,Green_Algae,2.0456758,1.5584166
2022-02-26,1,Green_Algae,2.1211405,1.6415735
2022-02-27,1,Green_Algae,2.1966052,1.830313
2022-02-28,1,Green_Algae,2.1446164,1.9515258
2022-03-01,1,Green_Algae,2.8918037,1.898265
2022-03-02,1,Green_Algae,3.3747232,2.2400851
2022-03-03,1,Green_Algae,4.975467,4.0683665
2022-03-04,1,Green_Algae,5.8857384,5.590083
2022-03-05,1,Green_Algae,7.7702246,6.3422756
2022-03-06,1,Green_Algae,7.406918,6.968323
2022-03-07,1,Green_Algae,8.624261,6.5453696
2022-03-08,1,Green_Algae,5.739247,6.235835
2022-03-09,1,Green_Algae,4.569587,4.747393
2022-03-10,1,Green_Algae,4.6664295,3.739921
2022-03-11,1,Green_Algae,6.601842,4.1298566
2022-03-12,1,Green_Algae,7.0578914,6.29263
2022-03-13,1,Green_Algae,9.441289,7.4781075
2022-03-14,1,Green_Algae,10.154751,8.350633
2022-03-15,1,Green_Algae,10.868213,8.497388
2022-03-16,1,Green_Algae,10.484943,8.445951
2022-03-17,1,Green_Algae,10.101673,7.8480716
2022-03-18,1,Green_Algae,10.141577,7.606821
2022-03-19,1,Green_Algae,10.18148,7.1835055
2022-03-20,1,Green_Algae,10.221386,6.675251
2022-03-21,1,Green_Algae,6.8799276,6.286455
2022-03-22,1,Green_Algae,6.111058,4.5261335
2022-03-23,1,Green_Algae,3.9833503,3.830696
2022-03-24,1,Green_Algae,2.6831644,2.5945675
2022-03-25,1,Green_Algae,2.11021,2.0453718
2022-03-26,1,Green_Algae,2.3608906,2.152368
2022-03-27,1,Green_Algae,2.612607,2.0934947
2022-03-28,1,Green_Algae,3.0601304,1.8470932
2022-03-29,1,Green_Algae,3.0547757,1.9993132
2022-03-30,1,Green_Algae,2.5692663,1.8886632
2022-03-31,1,Green_Algae,2.7219045,1.8208103
2022-04-01,1,Green_Algae,3.1004643,1.8358232
2022-04-02,1,Green_Algae,2.2594109,2.4025242
2022-04-03,1,Green_Algae,1.953816,2.1895308
2022-04-04,1,Green_Algae,1.918588,1.9055227
2022-04-05,1,Green_Algae,2.3214595,2.0226831
2022-04-06,1,Green_Algae,2.560116,2.442376
2022-04-07,1,Green_Algae,3.2719536,2.73633
2022-04-08,1,Green_Algae,4.419464,3.6278331
2022-04-09,1,Green_Algae,4.504269,4.7970376
2022-04-10,1,Green_Algae,4.89147,5.4985666
2022-04-11,1,Green_Algae,6.268174,5.7512145
2022-04-12,1,Green_Algae,7.3437877,6.2621965
2022-04-13,1,Green_Algae,9.499956,7.104923
2022-04-14,1,Green_Algae,10.740788,8.667329
2022-04-15,1,Green_Algae,8.073318,9.835626
2022-04-16,1,Green_Algae,7.630758,7.9307694
2022-04-17,1,Green_Algae,6.9328403,6.648989
2022-04-18,1,Green_Algae,6.5577283,5.128848
2022-04-19,1,Green_Algae,3.7500434,4.8796177
2022-04-20,1,Green_Algae,3.4992976,2.6904416
2022-04-21,1,Green_Algae,4.348203,2.6941214
2022-04-22,1,Green_Algae,5.875435,3.0452461
2022-04-23,1,Green_Algae,8.554278,4.76985
2022-04-24,1,Green_Algae,10.74772,7.197802
2022-04-25,1,Green_Algae,10.313055,8.6943245
2022-04-26,1,Green_Algae,10.031486,7.3121347
2022-04-27,1,Green_Algae,9.749915,6.7563505
2022-04-28,1,Green_Algae,9.468344,5.679112
2022-04-29,1,Green_Algae,6.3907814,5.846567
2022-04-30,1,Green_Algae,2.7383044,4.560841
2022-05-01,1,Green_Algae,1.9100943,3.1254659
2022-05-02,1,Green_Algae,1.4387971,2.1835136
2022-05-03,1,Green_Algae,1.6956812,1.708129
2022-05-04,1,Green_Algae,2.9322464,1.7636197
2022-05-05,1,Green_Algae,4.024558,2.6139162
2022-05-06,1,Green_Algae,7.546461,4.528498
2022-05-07,1,Green_Algae,8.4868555,7.315656
2022-05-08,1,Green_Algae,8.025366,9.079155
2022-05-09,1,Green_Algae,7.563878,7.271969
2022-05-10,1,Green_Algae,3.786575,5.3840175
2022-05-11,1,Green_Algae,2.6313117,2.450039
2022-05-12,1,Green_Algae,2.673943,1.8490988
2022-05-13,1,Green_Algae,3.6793551,1.9644419
2022-05-14,1,Green_Algae,3.5523696,2.2159996
2022-05-15,1,Green_Algae,2.8397105,2.1602018
2022-05-16,1,Green_Algae,2.6588566,2.0251696
2022-05-17,1,Green_Algae,2.5439029,1.9066906
2022-05-18,1,Green_Algae,1.9558738,1.988213
2022-05-19,1,Green_Algae,2.2352676,1.999867
2022-05-20,1,Green_Algae,3.8337293,1.9856567
2022-05-21,1,Green_Algae,6.6012907,2.991729
2022-05-22,1,Green_Algae,4.1062393,5.646168
2022-05-23,1,Green_Algae,3.8795009,5.1713333
2022-05-24,1,Green_Algae,3.7486677,3.804907
2022-05-25,1,Green_Algae,2.5144565,3.3470397
2022-05-26,1,Green_Algae,2.628731,2.3189774
2022-05-27,1,Green_Algae,2.336657,2.1274233
2022-05-28,1,Green_Algae,1.8927444,1.9728475
2022-05-29,1,Green_Algae,1.7338868,1.8033665
2022-05-30,1,Green_Algae,2.055707,1.5849625
2022-05-31,1,Green_Algae,2.7962682,1.5807095
2022-06-01,1,Green_Algae,2.4670553,1.7447653
2022-06-02,1,Green_Algae,2.5074983,1.8846287
2022-06-03,1,Green_Algae,3.3220377,1.9362702
2022-06-04,1,Green_Algae,2.913029,2.0573864
2022-06-05,1,Green_Algae,3.21664,2.0541737
2022-06-06,1,Green_Algae,3.0336015,2.1807141
2022-06-07,1,Green_Algae,2.016884,2.1603136
2022-06-08,1,Green_Algae,0.71460867,1.878255
2022-06-09,1,Green_Algae,1.4329565,1.1494601
2022-06-10,1,Green_Algae,1.2493777,1.036344
2022-06-11,1,Green_Algae,1.7778566,1.0155138
2022-06-12,1,Green_Algae,1.9454993,1.1836687
2022-06-13,1,Green_Algae,1.383483,1.4125837
2022-06-14,1,Green_Algae,0.17669071,1.2606114
2022-06-15,1,Green_Algae,0.1694878,0.75622106
2022-06-16,1,Green_Algae,1.6111215,0.4485676
2022-06-17,1,Green_Algae,1.4915413,0.6412519
2022-06-18,1,Green_Algae,1.3510724,1.0754141
2022-06-19,1,Green_Algae,1.4114358,1.4934586
2022-06-20,1,Green_Algae,1.2985806,1.7880293
2022-06-21,1,Green_Algae,1.315047,1.9034507
2022-06-22,1,Green_Algae,1.1877986,1.9962894
2022-06-23,1,Green_Algae,0.20468882,1.9085569
2022-06-24,1,Green_Algae,0.9321283,1.129199
2022-06-25,1,Green_Algae,2.667632,1.057967
2022-06-26,1,Green_Algae,2.3597465,1.765259
2022-06-27,1,Green_Algae,2.4025416,2.384103
2022-06-28,1,Green_Algae,2.6718307,2.7578702
2022-06-29,1,Green_Algae,2.6384616,3.1353548
2022-06-30,1,Green_Algae,3.7917957,2.8462992
2022-07-01,1,Green_Algae,3.6459014,3.5219657
2022-07-02,1,Green_Algae,3.1270165,3.9190414
2022-07-03,1,Green_Algae,2.8873951,3.2845113
2022-07-04,1,Green_Algae,3.3072195,2.5684874
2022-07-05,1,Green_Algae,2.865286,2.4489076
2022-07-06,1,Green_Algae,2.9233165,2.2545683
2022-07-07,1,Green_Algae,2.1893845,2.2679758
2022-07-08,1,Green_Algae,1.9153528,2.0793478
2022-07-09,1,Green_Algae,2.0919194,2.04969
2022-07-10,1,Green_Algae,3.2985039,2.1795435
2022-07-11,1,Green_Algae,4.8211155,3.423814
2022-07-12,1,Green_Algae,5.138985,4.586171
2022-07-13,1,Green_Algae,5.002174,4.904518
2022-07-14,1,Green_Algae,9.229062,4.7490764
2022-07-15,1,Green_Algae,8.125591,6.2857447
2022-07-16,1,Green_Algae,7.02212,7.296921
2022-07-17,1,Green_Algae,5.9186487,6.212196
2022-07-18,1,Green_Algae,4.815178,5.3243203
2022-07-19,1,Green_Algae,1.9387745,4.156134
2022-07-20,1,Green_Algae,1.5423076,2.1130004
2022-07-21,1,Green_Algae,0.75141406,1.6952884
2022-07-22,1,Green_Algae,0.29937363,1.3619534
2022-07-23,1,Green_Algae,1.4023521,0.9702197
2022-07-24,1,Green_Algae,4.171111,1.2624788
2022-07-25,1,Green_Algae,0.52041996,2.924156
2022-07-26,1,Green_Algae,0.0809841,1.6815788
2022-07-27,1,Green_Algae,0.34602904,0.9464071
2022-07-28,1,Green_Algae,0.6430407,0.90535307
2022-07-29,1,Green_Algae,0.75374895,1.107299
2022-07-30,1,Green_Algae,0.8893367,1.4081966
2022-07-31,1,Green_Algae,1.0249244,1.6084332
2022-08-01,1,Green_Algae,1.160512,1.7386211
2022-08-02,1,Green_Algae,1.2960997,1.8782469
2022-08-03,1,Green_Algae,1.4316874,2.012527
2022-08-04,1,Green_Algae,1.5672749,2.2553015
2022-08-05,1,Green_Algae,1.7028626,2.0941954
2022-08-06,1,Green_Algae,1.8384502,2.066822
2022-08-07,1,Green_Algae,1.9740379,2.1572115
2022-08-08,1,Green_Algae,2.1096256,2.3628418
2022-08-09,1,Green_Algae,2.2452133,2.5665858
2022-08-10,1,Green_Algae,2.380801,2.8628008
2022-08-11,1,Green_Algae,2.5163884,3.0373127
2022-08-12,1,Green_Algae,2.651976,2.9553027
2022-08-13,1,Green_Algae,2.7875638,3.1316473
2022-08-14,1,Green_Algae,2.9231515,3.713114
2022-08-15,1,Green_Algae,3.0587392,3.7481897
2022-08-16,1,Green_Algae,3.1943269,3.630532
2022-08-17,1,Green_Algae,3.3299146,3.686485
2022-08-18,1,Green_Algae,3.465502,3.894709
2022-08-19,1,Green_Algae,3.6010897,4.2188745
2022-08-20,1,Green_Algae,3.7366774,4.3600492
2022-08-21,1,Green_Algae,3.872265,4.378022
2022-08-22,1,Green_Algae,4.0078526,4.344927
2022-08-23,1,Green_Algae,4.1434402,4.5867815
2022-08-24,1,Green_Algae,4.279028,4.824415
2022-08-25,1,Green_Algae,4.4146156,4.913833
2022-08-26,1,Green_Algae,4.5502033,4.731746
2022-08-27,1,Green_Algae,4.685791,4.669946
2022-08-28,1,Green_Algae,4.8213787,4.7087717
2022-08-29,1,Green_Algae,4.9569664,4.885631
2022-08-30,1,Green_Algae,5.092554,5.280733
2022-08-31,1,Green_Algae,5.2281413,5.7318125
2022-09-01,1,Green_Algae,5.3637295,5.874513
2022-09-02,1,Green_Algae,5.499317,5.254239
2022-09-03,1,Green_Algae,5.634905,4.9828215
2022-09-04,1,Green_Algae,5.770492,4.9763365
2022-09-05,1,Green_Algae,5.9060802,4.867112
2022-09-06,1,Green_Algae,6.0416675,4.799773
2022-09-07,1,Green_Algae,6.177255,5.4640193
2022-09-08,1,Green_Algae,6.312843,5.6518497
2022-09-09,1,Green_Algae,6.4484305,5.5300407
2022-09-10,1,Green_Algae,6.230826,5.3635793
2022-09-11,1,Green_Algae,8.68992,5.5086
2022-09-12,1,Green_Algae,7.807916,6.3311243
2022-09-13,1,Green_Algae,8.3521595,5.6829696
2022-09-14,1,Green_Algae,9.356362,6.1651044
2022-09-15,1,Green_Algae,7.107813,6.456783
2022-09-16,1,Green_Algae,4.4031787,6.2562933
2022-09-17,1,Green_Algae,3.7508175,4.4821453
2022-09-18,1,Green_Algae,6.3141737,3.7818007
2022-09-19,1,Green_Algae,3.516343,4.945424
2022-09-20,1,Green_Algae,1.5800507,4.2931886
2022-09-21,1,Green_Algae,1.6696308,2.0734231
2022-09-22,1,Green_Algae,1.4959407,1.6794795
2022-09-23,1,Green_Algae,1.615673,1.646604
2022-09-24,1,Green_Algae,2.0823896,1.7573183
2022-09-25,1,Green_Algae,1.5839247,2.0762088
2022-09-26,1,Green_Algae,1.9809276,2.3078542
2022-09-27,1,Green_Algae,2.3091745,2.1504004
2022-09-28,1,Green_Algae,5.5527225,2.141234
2022-09-29,1,Green_Algae,6.6691623,3.7226822
2022-09-30,1,Green_Algae,7.104832,4.7244196
2022-10-01,1,Green_Algae,2.6034105,4.821308
2022-10-02,1,Green_Algae,3.3666306,2.630834
2022-10-03,1,Green_Algae,4.350832,2.2504416
2022-10-04,1,Green_Algae,4.8073153,2.9710093
2022-10-05,1,Green_Algae,3.984971,4.028482
2022-10-06,1,Green_Algae,3.1910217,3.6570165
2022-10-07,1,Green_Algae,2.3935506,2.9736066
2022-10-08,1,Green_Algae,1.82,2.3397055
2022-10-09,1,Green_Algae,3.16779,2.2799716
2022-10-10,1,Green_Algae,3.305127,2.5950212
2022-10-11,1,Green_Algae,2.3630557,2.8594487
2022-10-12,1,Green_Algae,2.342739,2.380949
2022-10-13,1,Green_Algae,1.9473406,2.2825224
2022-10-14,1,Green_Algae,2.4178493,2.123182
2022-10-15,1,Green_Algae,2.2874982,2.2787871
2022-10-16,1,Green_Algae,2.8773642,2.5648434
2022-10-17,1,Green_Algae,1.9032803,3.066552
2022-10-18,1,Green_Algae,1.3671615,2.6051447
2022-10-19,1,Green_Algae,1.2281462,2.0190268
2022-10-20,1,Green_Algae,1.4357452,1.6891617
2022-10-21,1,Green_Algae,1.8146449,1.7765326
2022-10-22,1,Green_Algae,5.2175727,1.7878056
2022-10-23,1,Green_Algae,1.6347319,4.0064917
2022-10-24,1,Green_Algae,1.3448409,2.3575306
2022-10-25,1,Green_Algae,0.8646165,1.5154272
2022-10-26,1,Green_Algae,0.7161304,1.117659
2022-10-27,1,Green_Algae,0.8117439,0.9083134
2022-10-28,1,Green_Algae,0.9852315,0.90396714
2022-10-29,1,Green_Algae,0.7189863,1.0113223
2022-10-30,1,Green_Algae,0.74040526,1.0119388
2022-10-31,1,Green_Algae,0.3959189,1.0685505
2022-11-01,1,Green_Algae,0.45915672,0.9846224
2022-11-02,1,Green_Algae,0.44663528,0.90604264
2022-11-03,1,Green_Algae,0.5711731,0.8943506
2022-11-04,1,Green_Algae,0.5187971,0.9661482
2022-11-05,1,Green_Algae,0.5168741,0.9149883
2022-11-06,1,Green_Algae,0.99285096,0.8912064
2022-11-07,1,Green_Algae,0.97021586,1.152002
2022-11-08,1,Green_Algae,3.6827445,1.2144053
2022-11-09,1,Green_Algae,3.2042935,3.0881226
2022-11-10,1,Green_Algae,2.6945007,4.1836076
2022-11-11,1,Green_Algae,5.053273,2.6032233
2022-11-12,1,Green_Algae,8.711579,2.9234054
2022-11-13,1,Green_Algae,7.713145,4.698906
2022-11-14,1,Green_Algae,5.1916933,4.9067826
2022-11-15,1,Green_Algae,1.4670622,3.9362564
2022-11-16,1,Green_Algae,0.26871106,1.7013447
2022-11-17,1,Green_Algae,0.32965964,0.76039976
2022-11-18,1,Green_Algae,0.4381694,0.5126706
2022-11-19,1,Green_Algae,1.021942,0.60311055
2022-11-20,1,Green_Algae,1.0667945,0.9264062
2022-11-21,1,Green_Algae,0.9796669,0.99335545
2022-11-22,1,Green_Algae,1.0705576,1.0115556
2022-11-23,1,Green_Algae,1.2641643,1.0551112
2022-11-24,1,Green_Algae,0.9981404,1.2024848
2022-11-25,1,Green_Algae,0.8159957,1.072797
2022-11-26,1,Green_Algae,1.3945585,0.93666697
2022-11-27,1,Green_Algae,1.6876014,1.1906629
2022-11-28,1,Green_Algae,1.396505,1.3995912
2022-11-29,1,Green_Algae,1.0866112,1.4671662
2022-11-30,1,Green_Algae,1.0804197,1.3531078
2022-12-01,1,Green_Algae,1.0082923,1.3184153
2022-12-02,1,Green_Algae,1.1993546,1.2997155
2022-12-03,1,Green_Algae,1.0384793,1.3368199
2022-12-04,1,Green_Algae,0.9513034,1.1748751
2022-12-05,1,Green_Algae,1.4196737,0.98285466
2022-12-06,1,Green_Algae,1.5062437,1.2415739
2022-12-07,1,Green_Algae,1.6673859,1.2438409
2022-12-08,1,Green_Algae,1.7725435,1.3859653
2022-12-09,1,Green_Algae,2.750798,1.4841284
2022-12-10,1,Green_Algae,2.2412164,1.9072559
2022-12-11,1,Green_Algae,0.4060463,1.7589834
2022-12-12,1,Green_Algae,0.160492,0.8125125
2022-12-13,1,Green_Algae,0.2686097,0.40750557
2022-12-14,1,Green_Algae,0.31757072,0.3400524
2022-12-15,1,Green_Algae,0.41242754,0.4045489
2022-12-16,1,Green_Algae,0.2809631,0.4830207
2022-12-17,1,Green_Algae,0.4638523,0.6286762
2022-12-18,1,Green_Algae,0.48307028,0.5795098
2022-12-19,1,Green_Algae,0.52901447,0.5653785
2022-12-20,1,Green_Algae,0.41270813,0.51878524
2022-12-21,1,Green_Algae,0.39071897,0.565302
2022-12-22,1,Green_Algae,0.43844205,0.6290916
2022-12-23,1,Green_Algae,0.27015212,0.7151876
2022-12-24,1,Green_Algae,0.26322237,0.65459013
2022-12-25,1,Green_Algae,0.29721218,0.59386873
2022-12-26,1,Green_Algae,0.25078148,0.6202828
2022-12-27,1,Green_Algae,0.21856004,0.64386886
2022-12-28,1,Green_Algae,0.15966643,0.5930243
2022-12-29,1,Green_Algae,0.24490596,0.57317114
2022-12-30,1,Green_Algae,0.20376809,0.6391526
2022-12-31,1,Green_Algae,0.2882681,0.7100549
2023-01-01,1,Green_Algae,0.09535451,0.796477
2023-01-02,1,Green_Algae,0.071312584,0.63388675
2023-01-03,1,Green_Algae,0.036156602,0.58638513
2023-01-04,1,Green_Algae,3.252288,0.5280973
2023-01-05,1,Green_Algae,6.237046,2.6121466
2023-01-06,1,Green_Algae,9.221804,7.7232437
2023-01-07,1,Green_Algae,9.225964,9.644108
2023-01-08,1,Green_Algae,9.2301235,9.166402
2023-01-09,1,Green_Algae,9.234284,7.568794
2023-01-10,1,Green_Algae,9.238444,6.587719
2023-01-11,1,Green_Algae,9.242605,6.224734
2023-01-12,1,Green_Algae,8.008986,6.180562
2023-01-13,1,Green_Algae,9.353083,5.5033007
2023-01-14,1,Green_Algae,6.951903,5.468048
2023-01-15,1,Green_Algae,3.9082983,5.238929
2023-01-16,1,Green_Algae,3.8983636,2.8753726
2023-01-17,1,Green_Algae,3.6625977,2.5787098
2023-01-18,1,Green_Algae,2.6919782,3.1457071
2023-01-19,1,Green_Algae,2.5106957,2.4839816
2023-01-20,1,Green_Algae,2.9152644,2.1775472
2023-01-21,1,Green_Algae,3.6604702,2.6928978
2023-01-22,1,Green_Algae,7.30152,3.694185
2023-01-23,1,Green_Algae,6.2374687,5.9495006
2023-01-24,1,Green_Algae,5.173418,7.4226093
2023-01-25,1,Green_Algae,4.7855973,4.6040215
2023-01-26,1,Green_Algae,4.944407,2.9234972
2023-01-27,1,Green_Algae,5.020905,2.9298427
2023-01-28,1,Green_Algae,4.1378713,3.6081882
2023-01-29,1,Green_Algae,3.5290515,3.1703784
2023-01-30,1,Green_Algae,3.2179534,2.8706043
2023-01-31,1,Green_Algae,5.3130965,2.5648925
2023-02-01,1,Green_Algae,7.0447626,4.0479355
2023-02-02,1,Green_Algae,9.122445,5.499644
2023-02-03,1,Green_Algae,6.014926,6.4080224
2023-02-04,1,Green_Algae,5.961019,4.824697
2023-02-05,1,Green_Algae,5.907112,4.287619
2023-02-06,1,Green_Algae,5.853205,4.609744
2023-02-07,1,Green_Algae,8.160051,4.82883
2023-02-08,1,Green_Algae,7.2787995,5.630301
2023-02-09,1,Green_Algae,6.3975487,5.368299
2023-02-10,1,Green_Algae,1.4237877,4.482906
2023-02-11,1,Green_Algae,1.1469333,1.3887098
2023-02-12,1,Green_Algae,0.77981836,0.86814743
2023-02-13,1,Green_Algae,0.90640306,0.60957724
2023-02-14,1,Green_Algae,0.18429561,0.58653253
2023-02-15,1,Green_Algae,0.09019138,0.44745722
2023-02-16,1,Green_Algae,0.06921226,0.30003813
2023-02-17,1,Green_Algae,0.09716904,0.2411305
2023-02-18,1,Green_Algae,0.5358182,0.26310802
2023-02-19,1,Green_Algae,0.73984677,0.44901922
2023-02-20,1,Green_Algae,0.9485524,0.6526317
2023-02-21,1,Green_Algae,0.88800627,0.76451635
2023-02-22,1,Green_Algae,0.77299947,0.71182877
2023-02-23,1,Green_Algae,0.8697355,0.650036
2023-02-24,1,Green_Algae,0.9345164,0.7576768
2023-02-25,1,Green_Algae,0.5437155,0.7813206
2023-02-26,1,Green_Algae,0.35603827,0.59101826
2023-02-27,1,Green_Algae,0.2848945,0.4315818
2023-02-28,1,Green_Algae,0.9269008,0.40375274
2023-03-01,1,Green_Algae,1.0543281,0.7073273
2023-03-02,1,Green_Algae,0.82646257,0.9016553
2023-03-03,1,Green_Algae,0.41406226,0.79999053
2023-03-04,1,Green_Algae,0.43284735,0.5783593
2023-03-05,1,Green_Algae,0.34657025,0.5107276
2023-03-06,1,Green_Algae,0.24229686,0.4647669
2023-03-07,1,Green_Algae,0.28762135,0.42495236
2023-03-08,1,Green_Algae,0.23873465,0.45042416
2023-03-09,1,Green_Algae,0.20506701,0.43108335
2023-03-10,1,Green_Algae,0.12347253,0.43449903
2023-03-11,1,Green_Algae,0.08151744,0.43168643
2023-03-12,1,Green_Algae,0.14753455,0.43015796
2023-03-13,1,Green_Algae,0.08237493,0.46966827
2023-03-14,1,Green_Algae,0.036238365,0.5830459
2023-03-15,1,Green_Algae,0.1186852,0.51579696
2023-03-16,1,Green_Algae,0.17207983,0.5090793
2023-03-17,1,Green_Algae,0.24798092,0.5405685
2023-03-18,1,Green_Algae,0.23571466,0.56920755
2023-03-19,1,Green_Algae,0.16183792,0.6062874
2023-03-20,1,Green_Algae,0.40782675,0.5845211
2023-03-21,1,Green_Algae,0.101640604,0.7092472
2023-03-22,1,Green_Algae,0.5060475,0.62865376
2023-03-23,1,Green_Algae,2.69248,0.86253697
2023-03-24,1,Green_Algae,1.9497765,2.2567146
2023-03-25,1,Green_Algae,1.3316832,3.0790837
2023-03-26,1,Green_Algae,2.578498,1.4096205
2023-03-27,1,Green_Algae,2.0630136,1.1554307
2023-03-28,1,Green_Algae,1.7380223,1.011653
2023-03-29,1,Green_Algae,1.37283,0.9351484
2023-03-30,1,Green_Algae,1.1725881,1.0193803
2023-03-31,1,Green_Algae,0.9683462,0.99723583
2023-04-01,1,Green_Algae,0.71395975,0.97596836
2023-04-02,1,Green_Algae,0.683174,0.96360755
2023-04-03,1,Green_Algae,0.75986,0.8896955
2023-04-04,1,Green_Algae,0.6773602,0.91486925
2023-04-05,1,Green_Algae,1.834648,0.84066933
2023-04-06,1,Green_Algae,4.089308,1.0294747
2023-04-07,1,Green_Algae,2.2397137,1.3153794
2023-04-08,1,Green_Algae,1.7206718,1.3493025
2023-04-09,1,Green_Algae,1.4219851,1.3473883
2023-04-10,1,Green_Algae,1.2250155,1.0663965
2023-04-11,1,Green_Algae,0.8648579,0.9362979
2023-04-12,1,Green_Algae,0.56595254,0.7985175
2023-04-13,1,Green_Algae,0.50567454,0.75633323
2023-04-14,1,Green_Algae,0.66647476,0.8479958
2023-04-15,1,Green_Algae,1.0466163,1.0869374
2023-04-16,1,Green_Algae,1.2097328,1.3650162
2023-04-17,1,Green_Algae,2.6901345,1.360061
2023-04-18,1,Green_Algae,2.477803,2.2886558
2023-04-19,1,Green_Algae,2.09581,2.6034245
2023-04-20,1,Green_Algae,1.6294928,1.9586074
2023-04-21,1,Green_Algae,1.3932893,1.6076667
2023-04-22,1,Green_Algae,0.9884703,1.4901189
2023-04-23,1,Green_Algae,0.9850644,1.2274173
2023-04-24,1,Green_Algae,1.0676374,1.1241355
2023-04-25,1,Green_Algae,1.3244078,0.9669753
2023-04-26,1,Green_Algae,0.6416333,1.2655989
2023-04-27,1,Green_Algae,0.27814546,1.1075919
2023-04-28,1,Green_Algae,1.3145058,0.7780569
2023-04-29,1,Green_Algae,3.2526584,1.1566788
2023-04-30,1,Green_Algae,3.1499057,2.5053837
2023-05-01,1,Green_Algae,1.6380941,3.2268283
2023-05-02,1,Green_Algae,4.1922054,1.7161717
2023-05-03,1,Green_Algae,5.529419,2.6574743
2023-05-04,1,Green_Algae,6.2632565,4.442858
2023-05-05,1,Green_Algae,6.8380823,5.830492
2023-05-06,1,Green_Algae,7.412908,7.3548183
2023-05-07,1,Green_Algae,4.079104,7.0046444
2023-05-08,1,Green_Algae,2.2593377,3.2385166
2023-05-09,1,Green_Algae,1.9581879,1.5237613
2023-05-10,1,Green_Algae,2.4479287,1.2791765
2023-05-11,1,Green_Algae,2.7059772,1.1832994
2023-05-12,1,Green_Algae,2.3598123,1.1808423
2023-05-13,1,Green_Algae,1.7751207,1.2061176
2023-05-14,1,Green_Algae,1.2882135,1.0601529
2023-05-15,1,Green_Algae,1.0123258,0.93104255
2023-05-16,1,Green_Algae,1.0217282,0.9186501
2023-05-17,1,Green_Algae,0.8613485,1.0954272
2023-05-18,1,Green_Algae,1.1611063,1.0633279
2023-05-19,1,Green_Algae,0.9660143,1.2954493
2023-05-20,1,Green_Algae,0.79129213,1.2697774
2023-05-21,1,Green_Algae,1.006314,1.1012498
2023-05-22,1,Green_Algae,0.55901504,1.2203972
2023-05-23,1,Green_Algae,0.46997598,0.98478264
2023-05-24,1,Green_Algae,0.31273833,0.87716484
2023-05-25,1,Green_Algae,0.29093453,0.7675261
2023-05-26,1,Green_Algae,0.25067583,0.7139852
2023-05-27,1,Green_Algae,0.42133546,0.6752522
2023-05-28,1,Green_Algae,1.3887391,0.78600156
2023-05-29,1,Green_Algae,2.5463135,1.4168359
2023-05-30,1,Green_Algae,2.2533908,2.4715414
2023-05-31,1,Green_Algae,3.1068542,2.5858147
2023-06-01,1,Green_Algae,2.7869723,3.363101
2023-06-02,1,Green_Algae,2.4034996,3.0621915
2023-06-03,1,Green_Algae,1.0539821,1.9680566
2023-06-04,1,Green_Algae,0.93468004,1.170327
2023-06-05,1,Green_Algae,0.4879697,0.87083554
2023-06-06,1,Green_Algae,0.8998942,0.66592646
2023-06-07,1,Green_Algae,1.3108021,0.83485234
2023-06-08,1,Green_Algae,1.019688,1.1599545
2023-06-09,1,Green_Algae,0.46447587,1.3012573
2023-06-10,1,Green_Algae,0.49861857,1.0343239
2023-06-11,1,Green_Algae,0.61284125,0.8419386
2023-06-12,1,Green_Algae,0.6797172,0.8468517
2023-06-13,1,Green_Algae,0.7083528,0.94192344
2023-06-14,1,Green_Algae,0.35401052,1.0409675
2023-06-15,1,Green_Algae,0.41286027,0.9286791
2023-06-16,1,Green_Algae,0.2804898,0.8765597
2023-06-17,1,Green_Algae,0.2304269,0.76953095
2023-06-18,1,Green_Algae,0.5143521,0.7009847
2023-06-19,1,Green_Algae,0.5725395,0.9115903
2023-06-20,1,Green_Algae,1.4189571,1.0405587
2023-06-21,1,Green_Algae,3.0382833,1.4673991
2023-06-22,1,Green_Algae,3.1065986,2.7488904
2023-06-23,1,Green_Algae,1.9374653,4.0882835
2023-06-24,1,Green_Algae,1.1924785,3.2787983
2023-06-25,1,Green_Algae,1.0128819,2.0416958
2023-06-26,1,Green_Algae,1.2879117,1.7205999
2023-06-27,1,Green_Algae,1.1464972,1.6435572
2023-06-28,1,Green_Algae,4.1690407,1.6645504
2023-06-29,1,Green_Algae,5.1483574,4.169787
2023-06-30,1,Green_Algae,4.417229,6.2652287
2023-07-01,1,Green_Algae,3.0753262,6.1293025
2023-07-02,1,Green_Algae,2.3679974,4.7289214
2023-07-03,1,Green_Algae,3.1175823,3.352091
2023-07-04,1,Green_Algae,5.006934,3.750119
2023-07-05,1,Green_Algae,6.813222,5.3787184
2023-07-06,1,Green_Algae,7.1008797,6.6920977
2023-07-07,1,Green_Algae,7.8447523,7.3495946
2023-07-08,1,Green_Algae,7.1713324,7.6718416
2023-07-09,1,Green_Algae,7.92671,7.832339
2023-07-10,1,Green_Algae,7.4939637,7.640685
2023-07-11,1,Green_Algae,5.54597,6.772687
2023-07-12,1,Green_Algae,4.022008,5.309018
2023-07-13,1,Green_Algae,3.7216525,4.3303885
2023-07-14,1,Green_Algae,2.7944505,4.0941463
2023-07-15,1,Green_Algae,2.0034344,3.840455
2023-07-16,1,Green_Algae,1.4967204,3.2007828
2023-07-17,1,Green_Algae,1.3990573,2.4551868
2023-07-18,1,Green_Algae,1.0275207,2.3836172
2023-07-19,1,Green_Algae,1.0186292,2.0632977
2023-07-20,1,Green_Algae,1.734702,1.9329531
2023-07-21,1,Green_Algae,3.5428689,2.6617908
2023-07-22,1,Green_Algae,8.218171,4.305376
2023-07-23,1,Green_Algae,8.601586,6.1348667
2023-07-24,1,Green_Algae,9.032261,7.4651613
2023-07-25,1,Green_Algae,8.793951,7.5318184
2023-07-26,1,Green_Algae,6.349499,7.072226
2023-07-27,1,Green_Algae,4.783891,5.3133397
2023-07-28,1,Green_Algae,2.371833,4.002305
2023-07-29,1,Green_Algae,1.8697046,2.461522
2023-07-30,1,Green_Algae,2.1430004,2.126036
2023-07-31,1,Green_Algae,2.687552,2.6719277
2023-08-01,1,Green_Algae,2.8441966,3.1553319
2023-08-02,1,Green_Algae,3.3121603,4.3610086
2023-08-03,1,Green_Algae,4.9291377,5.428337
2023-08-04,1,Green_Algae,5.591187,6.6746664
2023-08-05,1,Green_Algae,8.544591,7.174138
2023-08-06,1,Green_Algae,8.778641,7.4743714
2023-08-07,1,Green_Algae,9.01269,7.4728436
2023-08-08,1,Green_Algae,9.246739,6.5535226
2023-08-09,1,Green_Algae,6.3150916,6.163574
2023-08-10,1,Green_Algae,5.0038095,6.362468
2023-08-11,1,Green_Algae,3.3346193,4.8249583
2023-08-12,1,Green_Algae,2.5525656,4.003602
2023-08-13,1,Green_Algae,3.0647385,3.3203712
2023-08-14,1,Green_Algae,5.879216,4.1040807
2023-08-15,1,Green_Algae,6.031285,5.3476787
2023-08-16,1,Green_Algae,4.687024,5.675196
2023-08-17,1,Green_Algae,1.2427475,4.2197394
2023-08-18,1,Green_Algae,0.8998853,1.3279276
2023-08-19,1,Green_Algae,0.66447395,0.8391975
2023-08-20,1,Green_Algae,0.51328796,0.7588685
2023-08-21,1,Green_Algae,0.45516005,0.79771835
2023-08-22,1,Green_Algae,0.3003116,0.74213666
2023-08-23,1,Green_Algae,0.28055164,0.6359314
2023-08-24,1,Green_Algae,0.2979189,0.70919085
2023-08-25,1,Green_Algae,0.2403409,0.6697422
2023-08-26,1,Green_Algae,0.44934124,0.7195372
2023-08-27,1,Green_Algae,0.41253313,0.76674855
2023-08-28,1,Green_Algae,0.5238057,0.9268488
2023-08-29,1,Green_Algae,1.458634,0.8690254
2023-08-30,1,Green_Algae,0.76870924,1.038938
2023-08-31,1,Green_Algae,1.4702122,1.137837
2023-09-01,1,Green_Algae,0.9918718,1.2291937
2023-09-02,1,Green_Algae,0.91562474,1.1906772
2023-09-03,1,Green_Algae,0.70573056,1.2125845
2023-09-04,1,Green_Algae,0.6742999,1.1148142
2023-09-05,1,Green_Algae,1.3842525,1.0571668
2023-09-06,1,Green_Algae,4.9435377,0.9633835
2023-09-07,1,Green_Algae,3.897788,1.4176829
2023-09-08,1,Green_Algae,1.5145657,1.5425875
2023-09-09,1,Green_Algae,0.6406925,1.2891607
2023-09-10,1,Green_Algae,0.33638895,0.9759446
2023-09-11,1,Green_Algae,0.10094779,0.8580605
2023-09-12,1,Green_Algae,0.09816431,0.6805118
2023-09-13,1,Green_Algae,0.2952668,0.6221195
2023-09-14,1,Green_Algae,0.7073095,0.57761925
2023-09-15,1,Green_Algae,1.220801,0.74872035
2023-09-16,1,Green_Algae,0.82873017,1.1736367
2023-09-17,1,Green_Algae,0.7083514,1.1754991
2023-09-18,1,Green_Algae,1.3472247,1.0190024
2023-09-19,1,Green_Algae,1.9606476,1.2334373
2023-09-20,1,Green_Algae,3.1551094,1.6222187
2023-09-21,1,Green_Algae,4.03383,2.8384752
2023-09-22,1,Green_Algae,3.11515,3.838858
2023-09-23,1,Green_Algae,3.0413108,3.4694088
2023-09-24,1,Green_Algae,3.025897,3.0428746
2023-09-25,1,Green_Algae,2.150364,2.492636
2023-09-26,1,Green_Algae,2.4681423,1.9046643
2023-09-27,1,Green_Algae,2.4991379,1.9880924
2023-09-28,1,Green_Algae,2.2806215,1.9328063
2023-09-29,1,Green_Algae,1.9233941,1.8809032
2023-09-30,1,Green_Algae,1.7363886,1.7532274
2023-10-01,1,Green_Algae,2.0806055,1.5237476
2023-10-02,1,Green_Algae,1.3755308,1.5905386
2023-10-03,1,Green_Algae,1.3721676,1.3244476
2023-10-04,1,Green_Algae,1.5986129,1.1214501
2023-10-05,1,Green_Algae,1.1944014,1.2564657
2023-10-06,1,Green_Algae,0.4352867,1.1241286
2023-10-07,1,Green_Algae,0.038954273,0.70467156
2023-10-08,1,Green_Algae,0.005254514,0.39637232
2023-10-09,1,Green_Algae,0.00022059257,0.28059033
2023-10-10,1,Green_Algae,0.07396206,0.3101512
2023-10-11,1,Green_Algae,0.0044502877,0.37187105
2023-10-12,1,Green_Algae,0.21425903,0.3646922
2023-10-13,1,Green_Algae,0.4240678,0.46458462
2023-10-14,1,Green_Algae,1.2040071,0.6689671
2023-10-15,1,Green_Algae,1.538577,1.1498824
2023-10-16,1,Green_Algae,0.91931796,1.4831574
2023-10-17,1,Green_Algae,0.49678364,1.0198035
2023-10-18,1,Green_Algae,0.27720237,0.66200066
2023-10-19,1,Green_Algae,0.060109414,0.49528256
2023-10-20,1,Green_Algae,0.0003220112,0.29825544
2023-10-21,1,Green_Algae,0.0012375681,0.22459416
2023-10-22,1,Green_Algae,0.0032772026,0.10421088
2023-10-23,1,Green_Algae,0.0053168214,0.10336411
2023-10-24,1,Green_Algae,0.0073564914,0.096268
2023-10-25,1,Green_Algae,0.009396112,0.13406688
2023-10-26,1,Green_Algae,0.01143575,0.21196242
2023-10-27,1,Green_Algae,0.00014706633,0.21941407
2023-10-28,1,Green_Algae,0.00014947286,0.17746206
2023-10-29,1,Green_Algae,0.00015179641,0.13438825
2023-10-30,1,Green_Algae,0.0036961709,0.16663915
2023-10-31,1,Green_Algae,5.8028803e-05,0.21823755
2023-11-01,1,Green_Algae,0.005072786,0.2634494
2023-11-02,1,Green_Algae,0.009415459,0.31691843
2023-11-03,1,Green_Algae,0.23354869,0.26782754
2023-11-04,1,Green_Algae,0.19017506,0.34006307
2023-11-05,1,Green_Algae,0.29466212,0.39091608
2023-11-06,1,Green_Algae,0.52662814,0.52840275
2023-11-07,1,Green_Algae,0.14937869,0.6337456
2023-11-08,1,Green_Algae,0.051346254,0.49563172
2023-11-09,1,Green_Algae,0.0022525839,0.3378213
2023-11-10,1,Green_Algae,0.0037495536,0.2776768
2023-11-11,1,Green_Algae,0.00026789785,0.28775662
2023-11-12,1,Green_Algae,0.00030059792,0.29540128
2023-11-13,1,Green_Algae,0.00033329905,0.3383451
2023-11-14,1,Green_Algae,0.014367214,0.33351907
2023-11-15,1,Green_Algae,0.03973635,0.4011711
2023-11-16,1,Green_Algae,0.08579548,0.44401607
2023-11-17,1,Green_Algae,0.023645498,0.4503699
2023-11-18,1,Green_Algae,0.012744074,0.4250303
2023-11-19,1,Green_Algae,0.013970377,0.44519696
2023-11-20,1,Green_Algae,0.045104496,0.3446922
2023-11-21,1,Green_Algae,0.14602937,0.31944472
2023-11-22,1,Green_Algae,0.18774286,0.26549187
2023-11-23,1,Green_Algae,0.12678686,0.29222438
2023-11-24,1,Green_Algae,0.06583095,0.5022575
2023-11-25,1,Green_Algae,0.0048749987,0.5159567
2023-11-26,1,Green_Algae,0.01300342,0.39014134
2023-11-27,1,Green_Algae,0.0009985091,0.30982327
2023-11-28,1,Green_Algae,0.3965642,0.31921834
2023-11-29,1,Green_Algae,0.7921298,0.4877112
2023-11-30,1,Green_Algae,1.1876955,0.80312884
2023-12-01,1,Green_Algae,0.5417547,1.226923
2023-12-02,1,Green_Algae,0.28317368,0.8335706
2023-12-03,1,Green_Algae,0.26998764,0.50875664
2023-12-04,1,Green_Algae,0.041641086,0.44276434
2023-12-05,1,Green_Algae,0.007523836,0.35271668
2023-12-06,1,Green_Algae,0.0014946325,0.3585628
2023-12-07,1,Green_Algae,0.051200677,0.30935866
2023-12-08,1,Green_Algae,0.031184377,0.30407405
2023-12-09,1,Green_Algae,0.320014,0.2821702
2023-12-10,1,Green_Algae,0.19122079,0.4740899
2023-12-11,1,Green_Algae,0.9545549,0.51907283
2023-12-12,1,Green_Algae,2.0166812,0.9418474
2023-12-13,1,Green_Algae,1.8324066,1.7084914
2023-12-14,1,Green_Algae,1.3901647,1.7217233
2023-12-15,1,Green_Algae,2.1495306,1.4134415
2023-12-16,1,Green_Algae,1.2279633,1.2220597
2023-12-17,1,Green_Algae,0.5186076,0.9395327
2023-12-18,1,Green_Algae,0.2195702,0.5456849
2023-12-19,1,Green_Algae,0.2801519,0.3853223
2023-12-20,1,Green_Algae,0.20370297,0.44470972
2023-12-21,1,Green_Algae,0.061779305,0.40511215
2023-12-22,1,Green_Algae,0.047017764,0.34676868
2023-12-23,1,Green_Algae,0.0322563,0.35335806
2023-12-24,1,Green_Algae,0.017494831,0.35839093
2023-12-25,1,Green_Algae,0.0027333545,0.3541142
2023-12-26,1,Green_Algae,0.0019698853,0.35467473
2023-12-27,1,Green_Algae,1.632065,0.41781488
2020-10-29,2,Green_Algae,11.725673,4.645895
2020-10-30,2,Green_Algae,12.17853,5.821966
2020-10-31,2,Green_Algae,6.110087,7.7877645
2020-11-01,2,Green_Algae,7.4780245,8.998482
2020-11-02,2,Green_Algae,7.0332804,5.7496214
2020-11-03,2,Green_Algae,4.4513035,5.632845
2020-11-04,2,Green_Algae,4.2465425,5.8093543
2020-11-05,2,Green_Algae,3.1390948,4.5475965
2020-11-06,2,Green_Algae,4.8471107,4.035221
2020-11-07,2,Green_Algae,8.74932,3.5101876
2020-11-08,2,Green_Algae,3.445326,4.3577065
2020-11-09,2,Green_Algae,2.8215373,6.6002035
2020-11-10,2,Green_Algae,2.7152398,4.656407
2020-11-11,2,Green_Algae,2.8748477,3.2873445
2020-11-12,2,Green_Algae,2.8452773,2.7370255
2020-11-13,2,Green_Algae,3.2272646,2.982385
2020-11-14,2,Green_Algae,4.012611,3.3341098
2020-11-15,2,Green_Algae,3.7066593,3.6361353
2020-11-16,2,Green_Algae,7.032859,3.9341722
2020-11-17,2,Green_Algae,7.8307257,4.1211185
2020-11-18,2,Green_Algae,7.7718787,5.5256495
2020-11-19,2,Green_Algae,8.549044,6.653984
2020-11-20,2,Green_Algae,9.32621,6.285662
2020-11-21,2,Green_Algae,7.3450155,7.151426
2020-11-22,2,Green_Algae,8.40237,6.4969163
2020-11-23,2,Green_Algae,5.0805078,5.8291063
2020-11-24,2,Green_Algae,4.5977955,6.032217
2020-11-25,2,Green_Algae,4.178378,4.6030273
2020-11-26,2,Green_Algae,8.567597,3.9199297
2020-11-27,2,Green_Algae,5.6399274,3.7130454
2020-11-28,2,Green_Algae,4.2971926,5.7407494
2020-11-29,2,Green_Algae,4.177417,5.3339
2020-11-30,2,Green_Algae,2.1808684,4.1108055
2020-12-01,2,Green_Algae,2.1362128,3.7791886
2020-12-02,2,Green_Algae,2.365832,2.3587596
2020-12-03,2,Green_Algae,1.8928292,1.9988618
2020-12-04,2,Green_Algae,2.1390448,2.2013824
2020-12-05,2,Green_Algae,1.6092981,2.2246792
2020-12-06,2,Green_Algae,1.7672431,2.2477734
2020-12-07,2,Green_Algae,2.0092976,2.1387339
2020-12-08,2,Green_Algae,2.0687907,2.1000457
2020-12-09,2,Green_Algae,2.93475,2.3327594
2020-12-10,2,Green_Algae,2.2710211,2.3888118
2020-12-11,2,Green_Algae,1.7623245,3.4794312
2020-12-12,2,Green_Algae,3.7399058,3.5057454
2020-12-13,2,Green_Algae,7.407639,2.478383
2020-12-14,2,Green_Algae,1.9868814,3.430497
2020-12-15,2,Green_Algae,1.3638422,6.0347705
2020-12-16,2,Green_Algae,1.3426266,3.5798924
2020-12-17,2,Green_Algae,1.2532657,1.9973838
2020-12-18,2,Green_Algae,1.2750503,1.721104
2020-12-19,2,Green_Algae,1.6216208,1.9491699
2020-12-20,2,Green_Algae,2.156505,1.9692805
2020-12-21,2,Green_Algae,1.9927878,2.188635
2020-12-22,2,Green_Algae,1.9692179,2.9608634
2020-12-23,2,Green_Algae,2.3798406,3.3826997
2020-12-24,2,Green_Algae,3.1014483,3.3273995
2020-12-25,2,Green_Algae,2.8246055,4.008305
2020-12-26,2,Green_Algae,2.7126286,4.10528
2020-12-27,2,Green_Algae,3.4823534,3.5169518
2020-12-28,2,Green_Algae,8.607523,3.4019809
2020-12-29,2,Green_Algae,8.2660055,3.8940294
2020-12-30,2,Green_Algae,7.924486,6.8152704
2020-12-31,2,Green_Algae,6.428473,8.542171
2021-01-01,2,Green_Algae,2.98945,6.982088
2021-01-02,2,Green_Algae,1.3053657,5.956854
2021-01-03,2,Green_Algae,1.2917366,3.3971593
2021-01-04,2,Green_Algae,1.1487111,1.9016157
2021-01-05,2,Green_Algae,1.2107966,1.6528412
2021-01-06,2,Green_Algae,1.9978639,1.7078393
2021-01-07,2,Green_Algae,3.2746053,1.836473
2021-01-08,2,Green_Algae,1.283966,2.442729
2021-01-09,2,Green_Algae,1.3706295,3.6646974
2021-01-10,2,Green_Algae,0.95188135,2.3835924
2021-01-11,2,Green_Algae,1.2131643,1.8607725
2021-01-12,2,Green_Algae,2.0453835,1.6320895
2021-01-13,2,Green_Algae,2.094508,1.6405277
2021-01-14,2,Green_Algae,2.0917065,2.1093326
2021-01-15,2,Green_Algae,1.7256553,2.7412286
2021-01-16,2,Green_Algae,2.0362563,3.123561
2021-01-17,2,Green_Algae,3.533249,2.968496
2021-01-18,2,Green_Algae,3.6137555,2.9796896
2021-01-19,2,Green_Algae,3.1941895,3.2934287
2021-01-20,2,Green_Algae,4.403502,3.4912953
2021-01-21,2,Green_Algae,5.758683,3.478809
2021-01-22,2,Green_Algae,6.35937,4.515025
2021-01-23,2,Green_Algae,8.876309,5.6313996
2021-01-24,2,Green_Algae,5.43191,5.676347
2021-01-25,2,Green_Algae,6.235949,5.9960217
2021-01-26,2,Green_Algae,6.5830173,4.5540066
2021-01-27,2,Green_Algae,7.649797,4.555761
2021-01-28,2,Green_Algae,5.225948,4.8106256
2021-01-29,2,Green_Algae,7.1872573,5.4812913
2021-01-30,2,Green_Algae,7.827323,4.6164875
2021-01-31,2,Green_Algae,6.1937,4.5726724
2021-02-01,2,Green_Algae,5.721615,5.0148673
2021-02-02,2,Green_Algae,5.1455975,5.044561
2021-02-03,2,Green_Algae,4.142368,5.0297017
2021-02-04,2,Green_Algae,4.6842937,4.7727604
2021-02-05,2,Green_Algae,4.7972736,4.1303687
2021-02-06,2,Green_Algae,4.5424547,4.229637
2021-02-07,2,Green_Algae,4.4105067,4.6373634
2021-02-08,2,Green_Algae,4.6066475,4.69538
2021-02-09,2,Green_Algae,5.280211,4.529026
2021-02-10,2,Green_Algae,7.288978,4.413249
2021-02-11,2,Green_Algae,4.65887,4.638743
2021-02-12,2,Green_Algae,3.413034,5.1019125
2021-02-13,2,Green_Algae,8.17764,4.5164895
2021-02-14,2,Green_Algae,5.1429377,4.084881
2021-02-15,2,Green_Algae,4.1539435,5.7621365
2021-02-16,2,Green_Algae,4.581317,5.821493
2021-02-17,2,Green_Algae,4.9817367,4.818689
2021-02-18,2,Green_Algae,3.35322,4.598703
2021-02-19,2,Green_Algae,4.2448187,4.518695
2021-02-20,2,Green_Algae,4.0317235,3.8550284
2021-02-21,2,Green_Algae,4.087482,4.0747156
2021-02-22,2,Green_Algae,3.9634469,4.0435295
2021-02-23,2,Green_Algae,4.5633674,4.2271705
2021-02-24,2,Green_Algae,4.220355,4.1876044
2021-02-25,2,Green_Algae,5.1449275,4.1917596
2021-02-26,2,Green_Algae,5.1236477,4.052442
2021-02-27,2,Green_Algae,4.096351,4.4316096
2021-02-28,2,Green_Algae,3.4184105,4.688836
2021-03-01,2,Green_Algae,2.6066442,4.309016
2021-03-02,2,Green_Algae,2.469205,3.7924426
2021-03-03,2,Green_Algae,3.3989074,2.7504666
2021-03-04,2,Green_Algae,2.2061434,2.438297
2021-03-05,2,Green_Algae,0.93730825,3.5945
2021-03-06,2,Green_Algae,0.17130968,3.3290403
2021-03-07,2,Green_Algae,0.21163534,1.8935546
2021-03-08,2,Green_Algae,0.51324403,1.2216055
2021-03-09,2,Green_Algae,0.7416932,0.98560786
2021-03-10,2,Green_Algae,1.1518161,1.1251312
2021-03-11,2,Green_Algae,3.0430608,1.513067
2021-03-12,2,Green_Algae,5.624233,2.2453425
2021-03-13,2,Green_Algae,9.781874,4.469939
2021-03-14,2,Green_Algae,6.138524,6.766455
2021-03-15,2,Green_Algae,5.632489,9.36577
2021-03-16,2,Green_Algae,4.6865773,6.686876
2021-03-17,2,Green_Algae,4.3283215,5.0747237
2021-03-18,2,Green_Algae,3.7387772,4.337198
2021-03-19,2,Green_Algae,2.8026774,3.610415
2021-03-20,2,Green_Algae,3.1857598,3.3852315
2021-03-21,2,Green_Algae,2.456903,2.9447505
2021-03-22,2,Green_Algae,0.9018451,2.873161
2021-03-23,2,Green_Algae,0.6790297,2.5313652
2021-03-24,2,Green_Algae,1.005638,2.0259178
2021-03-25,2,Green_Algae,0.83578366,1.6896124
2021-03-26,2,Green_Algae,1.0689725,1.6563691
2021-03-27,2,Green_Algae,1.7590731,1.7447394
2021-03-28,2,Green_Algae,4.083432,2.0100205
2021-03-29,2,Green_Algae,7.1401954,2.9420521
2021-03-30,2,Green_Algae,10.209595,4.8167677
2021-03-31,2,Green_Algae,10.649694,7.664713
2021-04-01,2,Green_Algae,9.618863,9.785551
2021-04-02,2,Green_Algae,9.679638,9.093573
2021-04-03,2,Green_Algae,8.492021,6.451383
2021-04-04,2,Green_Algae,5.522469,5.088428
2021-04-05,2,Green_Algae,3.8875976,4.907108
2021-04-06,2,Green_Algae,3.7225616,4.266721
2021-04-07,2,Green_Algae,4.1317596,3.6335342
2021-04-08,2,Green_Algae,3.7241824,3.5546646
2021-04-09,2,Green_Algae,2.9264905,3.8546338
2021-04-10,2,Green_Algae,3.0117583,3.797659
2021-04-11,2,Green_Algae,3.7558973,3.7011678
2021-04-12,2,Green_Algae,7.548631,3.8106468
2021-04-13,2,Green_Algae,8.276589,4.347407
2021-04-14,2,Green_Algae,7.5179367,6.737811
2021-04-15,2,Green_Algae,7.9862165,8.5794
2021-04-16,2,Green_Algae,8.454495,8.143877
2021-04-17,2,Green_Algae,10.411622,7.0618925
2021-04-18,2,Green_Algae,8.3863945,6.704399
2021-04-19,2,Green_Algae,7.374504,8.065657
2021-04-20,2,Green_Algae,7.4743953,6.811115
2021-04-21,2,Green_Algae,7.563512,5.6603756
2021-04-22,2,Green_Algae,9.42714,5.381683
2021-04-23,2,Green_Algae,9.938813,5.8159757
2021-04-24,2,Green_Algae,9.186256,7.4280767
2021-04-25,2,Green_Algae,13.211926,8.883671
2021-04-26,2,Green_Algae,11.542995,8.818259
2021-04-27,2,Green_Algae,8.482055,8.479272
2021-04-28,2,Green_Algae,4.98898,6.674201
2021-04-29,2,Green_Algae,3.1451302,5.1046586
2021-04-30,2,Green_Algae,3.3468668,3.8544364
2021-05-01,2,Green_Algae,8.648813,3.234795
2021-05-02,2,Green_Algae,10.776056,3.3079247
2021-05-03,2,Green_Algae,10.448346,5.394776
2021-05-04,2,Green_Algae,5.103333,7.635017
2021-05-05,2,Green_Algae,5.319554,8.503128
2021-05-06,2,Green_Algae,6.643535,5.425082
2021-05-07,2,Green_Algae,6.72064,4.8349743
2021-05-08,2,Green_Algae,10.374625,5.7008963
2021-05-09,2,Green_Algae,12.880029,6.190526
2021-05-10,2,Green_Algae,9.980102,7.768225
2021-05-11,2,Green_Algae,10.452174,9.965327
2021-05-12,2,Green_Algae,10.924248,8.923225
2021-05-13,2,Green_Algae,11.39632,9.582463
2021-05-14,2,Green_Algae,11.868393,10.186469
2021-05-15,2,Green_Algae,10.393691,11.212547
2021-05-16,2,Green_Algae,7.7878942,8.578613
2021-05-17,2,Green_Algae,7.7099423,7.110582
2021-05-18,2,Green_Algae,7.9545946,6.097551
2021-05-19,2,Green_Algae,6.14866,6.271115
2021-05-20,2,Green_Algae,6.4745946,7.0529356
2021-05-21,2,Green_Algae,6.249631,6.0770187
2021-05-22,2,Green_Algae,9.313534,6.064562
2021-05-23,2,Green_Algae,8.771644,5.975864
2021-05-24,2,Green_Algae,12.235818,7.001926
2021-05-25,2,Green_Algae,7.2883067,6.5771923
2021-05-26,2,Green_Algae,7.12322,8.178172
2021-05-27,2,Green_Algae,13.128756,7.026216
2021-05-28,2,Green_Algae,12.951473,6.2981634
2021-05-29,2,Green_Algae,12.77419,8.056223
2021-05-30,2,Green_Algae,4.561085,9.697257
2021-05-31,2,Green_Algae,2.984026,8.361517
2021-06-01,2,Green_Algae,3.477842,4.9949756
2021-06-02,2,Green_Algae,3.0301087,3.3215182
2021-06-03,2,Green_Algae,2.9474874,2.8803856
2021-06-04,2,Green_Algae,3.87105,2.8646584
2021-06-05,2,Green_Algae,3.5815134,2.8591223
2021-06-06,2,Green_Algae,3.5015206,3.6262429
2021-06-07,2,Green_Algae,4.0479884,4.039894
2021-06-08,2,Green_Algae,5.4210563,4.412234
2021-06-09,2,Green_Algae,3.706534,4.9148455
2021-06-10,2,Green_Algae,5.004493,6.029348
2021-06-11,2,Green_Algae,6.557851,5.0015197
2021-06-12,2,Green_Algae,10.4747505,5.2103395
2021-06-13,2,Green_Algae,11.396228,6.069719
2021-06-14,2,Green_Algae,12.317705,7.916409
2021-06-15,2,Green_Algae,12.765958,9.393978
2021-06-16,2,Green_Algae,13.214211,8.941844
2021-06-17,2,Green_Algae,13.662464,10.629128
2021-06-18,2,Green_Algae,14.110718,11.974718
2021-06-19,2,Green_Algae,12.694961,10.968404
2021-06-20,2,Green_Algae,13.068725,9.118006
2021-06-21,2,Green_Algae,6.759349,8.368429
2021-06-22,2,Green_Algae,4.531797,8.824383
2021-06-23,2,Green_Algae,4.704233,6.719662
2021-06-24,2,Green_Algae,4.3103833,5.404699
2021-06-25,2,Green_Algae,4.245991,5.2965803
2021-06-26,2,Green_Algae,3.8047178,5.4156957
2021-06-27,2,Green_Algae,9.500919,5.732531
2021-06-28,2,Green_Algae,14.259275,5.1389203
2021-06-29,2,Green_Algae,13.726238,7.6569505
2021-06-30,2,Green_Algae,10.054623,9.621215
2021-07-01,2,Green_Algae,10.233351,9.594075
2021-07-02,2,Green_Algae,11.377681,7.574194
2021-07-03,2,Green_Algae,13.92809,7.760429
2021-07-04,2,Green_Algae,9.610976,8.731227
2021-07-05,2,Green_Algae,13.8032055,10.2328415
2021-07-06,2,Green_Algae,12.07648,7.7793527
2021-07-07,2,Green_Algae,9.815504,9.056071
2021-07-08,2,Green_Algae,10.952688,8.537771
2021-07-09,2,Green_Algae,5.504181,7.888829
2021-07-10,2,Green_Algae,6.883577,8.661475
2021-07-11,2,Green_Algae,6.383121,5.8253274
2021-07-12,2,Green_Algae,8.041389,5.726687
2021-07-13,2,Green_Algae,7.1555495,6.265008
2021-07-14,2,Green_Algae,7.182688,7.3304605
2021-07-15,2,Green_Algae,7.2098265,7.1466923
2021-07-16,2,Green_Algae,7.2369647,8.784947
2021-07-17,2,Green_Algae,7.2641034,9.713958
2021-07-18,2,Green_Algae,7.291241,9.476221
2021-07-19,2,Green_Algae,7.3183794,9.29431
2021-07-20,2,Green_Algae,7.345518,8.226105
2021-07-21,2,Green_Algae,4.656155,7.1673365
2021-07-22,2,Green_Algae,5.656749,5.7422366
2021-07-23,2,Green_Algae,11.975569,5.0645194
2021-07-24,2,Green_Algae,13.560905,5.3559923
2021-07-25,2,Green_Algae,13.088494,8.535027
2021-07-26,2,Green_Algae,11.472322,11.167028
2021-07-27,2,Green_Algae,9.366954,10.852138
2021-07-28,2,Green_Algae,6.655246,8.557771
2021-07-29,2,Green_Algae,7.9549346,7.202339
2021-07-30,2,Green_Algae,7.1069007,5.663411
2021-07-31,2,Green_Algae,8.990673,6.4450264
2021-08-01,2,Green_Algae,10.385311,7.0133696
2021-08-02,2,Green_Algae,10.719529,7.517176
2021-08-03,2,Green_Algae,7.1092253,7.877007
2021-08-04,2,Green_Algae,4.9593773,7.2680407
2021-08-05,2,Green_Algae,3.0356264,5.9934235
2021-08-06,2,Green_Algae,2.0601811,5.015497
2021-08-07,2,Green_Algae,2.8934517,3.8927622
2021-08-08,2,Green_Algae,3.3419957,2.8183377
2021-08-09,2,Green_Algae,3.5262926,2.856165
2021-08-10,2,Green_Algae,2.9024384,3.9184499
2021-08-11,2,Green_Algae,3.434081,4.786956
2021-08-12,2,Green_Algae,4.609233,4.555532
2021-08-13,2,Green_Algae,4.0192776,4.5754123
2021-08-14,2,Green_Algae,7.171199,5.299277
2021-08-15,2,Green_Algae,10.603491,4.89429
2021-08-16,2,Green_Algae,8.529735,6.6476984
2021-08-17,2,Green_Algae,6.9491796,9.273867
2021-08-18,2,Green_Algae,8.951539,8.070467
2021-08-19,2,Green_Algae,11.542151,5.84447
2021-08-20,2,Green_Algae,10.700407,6.8930593
2021-08-21,2,Green_Algae,7.8352175,8.704408
2021-08-22,2,Green_Algae,12.8495455,9.359608
2021-08-23,2,Green_Algae,13.118637,7.590227
2021-08-24,2,Green_Algae,10.933848,8.853832
2021-08-25,2,Green_Algae,12.0906725,10.391407
2021-08-26,2,Green_Algae,10.43034,8.521091
2021-08-27,2,Green_Algae,9.773435,9.02547
2021-08-28,2,Green_Algae,8.390406,8.277858
2021-08-29,2,Green_Algae,7.821752,7.54185
2021-08-30,2,Green_Algae,6.5187182,6.4674687
2021-08-31,2,Green_Algae,5.8044934,6.356656
2021-09-01,2,Green_Algae,5.0743923,6.0851116
2021-09-02,2,Green_Algae,4.311918,6.44253
2021-09-03,2,Green_Algae,3.3487916,6.0930414
2021-09-04,2,Green_Algae,4.701462,5.393132
2021-09-05,2,Green_Algae,5.0674095,4.873985
2021-09-06,2,Green_Algae,3.518864,5.4794354
2021-09-07,2,Green_Algae,3.1971326,5.955846
2021-09-08,2,Green_Algae,3.5374892,5.059106
2021-09-09,2,Green_Algae,6.4463677,4.351947
2021-09-10,2,Green_Algae,6.842923,4.4010515
2021-09-11,2,Green_Algae,8.631598,5.5849137
2021-09-12,2,Green_Algae,8.282877,5.909887
2021-09-13,2,Green_Algae,7.9341564,7.012199
2021-09-14,2,Green_Algae,7.505728,7.7574153
2021-09-15,2,Green_Algae,4.8467994,6.6586075
2021-09-16,2,Green_Algae,4.3901086,6.258359
2021-09-17,2,Green_Algae,3.1355467,5.3379555
2021-09-18,2,Green_Algae,2.5354092,4.9973254
2021-09-19,2,Green_Algae,2.8781462,4.4839773
2021-09-20,2,Green_Algae,2.8740985,4.027148
2021-09-21,2,Green_Algae,2.339877,4.178465
2021-09-22,2,Green_Algae,3.6420565,4.0547523
2021-09-23,2,Green_Algae,3.4891088,3.6533282
2021-09-24,2,Green_Algae,3.0315206,4.134479
2021-09-25,2,Green_Algae,2.7386677,4.383901
2021-09-26,2,Green_Algae,2.8449023,4.181745
2021-09-27,2,Green_Algae,2.898798,3.8959672
2021-09-28,2,Green_Algae,2.80811,3.6362388
2021-09-29,2,Green_Algae,3.1477988,3.7690501
2021-09-30,2,Green_Algae,3.8165677,3.7004492
2021-10-01,2,Green_Algae,2.884149,3.7933161
2021-10-02,2,Green_Algae,2.3285825,3.9915578
2021-10-03,2,Green_Algae,2.7246957,3.7771902
2021-10-04,2,Green_Algae,2.9625897,3.2829537
2021-10-05,2,Green_Algae,3.2004838,3.3797572
2021-10-06,2,Green_Algae,3.4383776,3.7118728
2021-10-07,2,Green_Algae,3.6762717,4.0218563
2021-10-08,2,Green_Algae,3.9141655,4.116356
2021-10-09,2,Green_Algae,4.1520596,4.4283104
2021-10-10,2,Green_Algae,4.3899536,4.7544355
2021-10-11,2,Green_Algae,4.6278477,4.6052217
2021-10-12,2,Green_Algae,4.9418287,4.526339
2021-10-13,2,Green_Algae,4.673613,4.675754
2021-10-14,2,Green_Algae,4.5442286,4.8041697
2021-10-15,2,Green_Algae,8.768624,4.938296
2021-10-16,2,Green_Algae,8.054786,4.93674
2021-10-17,2,Green_Algae,3.8535652,6.3821287
2021-10-18,2,Green_Algae,3.6656222,7.152703
2021-10-19,2,Green_Algae,3.690036,4.913799
2021-10-20,2,Green_Algae,3.5357091,3.98121
2021-10-21,2,Green_Algae,3.6526122,4.1541805
2021-10-22,2,Green_Algae,3.1038206,4.105822
2021-10-23,2,Green_Algae,2.7547975,4.2546477
2021-10-24,2,Green_Algae,2.6743922,4.2922378
2021-10-25,2,Green_Algae,2.6642506,4.204141
2021-10-26,2,Green_Algae,3.2695441,4.159264
2021-10-27,2,Green_Algae,6.4926195,4.322432
2021-10-28,2,Green_Algae,8.997244,4.7376585
2021-10-29,2,Green_Algae,9.55448,6.903453
2021-10-30,2,Green_Algae,6.1581116,9.217441
2021-10-31,2,Green_Algae,5.569472,9.143762
2021-11-01,2,Green_Algae,4.880246,6.255555
2021-11-02,2,Green_Algae,6.240745,4.969856
2021-11-03,2,Green_Algae,7.868003,4.771311
2021-11-04,2,Green_Algae,5.39335,5.840537
2021-11-05,2,Green_Algae,2.8083358,7.1261563
2021-11-06,2,Green_Algae,4.1119175,6.0889893
2021-11-07,2,Green_Algae,5.8138523,3.8586397
2021-11-08,2,Green_Algae,5.6319323,4.2836084
2021-11-09,2,Green_Algae,4.463618,5.827637
2021-11-10,2,Green_Algae,5.127321,6.0313153
2021-11-11,2,Green_Algae,3.3585093,5.257435
2021-11-12,2,Green_Algae,2.6787329,5.2660346
2021-11-13,2,Green_Algae,2.9060419,4.37056
2021-11-14,2,Green_Algae,2.3626916,3.5993814
2021-11-15,2,Green_Algae,2.3225126,3.5933166
2021-11-16,2,Green_Algae,2.5409632,3.2824266
2021-11-17,2,Green_Algae,2.2751682,3.0758975
2021-11-18,2,Green_Algae,1.9986252,3.2691517
2021-11-19,2,Green_Algae,1.6795293,3.2604487
2021-11-20,2,Green_Algae,1.8916438,2.9832265
2021-11-21,2,Green_Algae,2.7642143,2.3242936
2021-11-22,2,Green_Algae,3.023097,2.093566
2021-11-23,2,Green_Algae,1.7613965,2.5655637
2021-11-24,2,Green_Algae,1.8678365,2.974032
2021-11-25,2,Green_Algae,1.7351195,2.1743214
2021-11-26,2,Green_Algae,1.7887771,1.9453657
2021-11-27,2,Green_Algae,1.8194356,1.8687984
2021-11-28,2,Green_Algae,2.1925688,1.8752147
2021-11-29,2,Green_Algae,2.8506155,1.9692173
2021-11-30,2,Green_Algae,3.7936785,2.1410193
2021-12-01,2,Green_Algae,3.2888849,2.7244546
2021-12-02,2,Green_Algae,3.20601,3.8201942
2021-12-03,2,Green_Algae,3.1972845,3.6588068
2021-12-04,2,Green_Algae,2.9100072,3.28804
2021-12-05,2,Green_Algae,3.0636685,3.179154
2021-12-06,2,Green_Algae,3.0413218,2.9457328
2021-12-07,2,Green_Algae,2.8179595,2.844398
2021-12-08,2,Green_Algae,2.9317937,2.8852684
2021-12-09,2,Green_Algae,2.873556,2.7604287
2021-12-10,2,Green_Algae,3.0364544,2.7481833
2021-12-11,2,Green_Algae,3.930644,2.8411267
2021-12-12,2,Green_Algae,3.436191,2.9031243
2021-12-13,2,Green_Algae,3.863864,3.4930441
2021-12-14,2,Green_Algae,4.217301,3.4129007
2021-12-15,2,Green_Algae,4.429001,3.648533
2021-12-16,2,Green_Algae,4.6556263,4.0477066
2021-12-17,2,Green_Algae,4.838226,4.340457
2021-12-18,2,Green_Algae,4.1352496,4.298733
2021-12-19,2,Green_Algae,3.6960173,3.7239532
2021-12-20,2,Green_Algae,3.0439653,3.2700741
2021-12-21,2,Green_Algae,2.7047684,3.139406
2021-12-22,2,Green_Algae,4.257923,2.8159883
2021-12-23,2,Green_Algae,3.2951374,2.6832032
2021-12-24,2,Green_Algae,2.3909624,3.1882818
2021-12-25,2,Green_Algae,2.1861448,3.9893398
2021-12-26,2,Green_Algae,1.7530535,3.9728763
2021-12-27,2,Green_Algae,1.9872879,2.943005
2021-12-28,2,Green_Algae,2.2317348,2.2517238
2021-12-29,2,Green_Algae,2.0643368,2.1495
2021-12-30,2,Green_Algae,1.9601592,2.5504081
2021-12-31,2,Green_Algae,2.126949,2.520803
2022-01-01,2,Green_Algae,2.2531767,2.84678
2022-01-02,2,Green_Algae,2.1239364,2.5858047
2022-01-03,2,Green_Algae,2.5416799,2.492344
2022-01-04,2,Green_Algae,3.3833745,2.283293
2022-01-05,2,Green_Algae,6.9222884,2.4388425
2022-01-06,2,Green_Algae,5.645869,3.3823354
2022-01-07,2,Green_Algae,4.3694496,5.3873487
2022-01-08,2,Green_Algae,6.313483,5.671123
2022-01-09,2,Green_Algae,4.849971,4.2378035
2022-01-10,2,Green_Algae,6.5303836,4.182858
2022-01-11,2,Green_Algae,7.1293488,3.8680985
2022-01-12,2,Green_Algae,3.0731115,4.0991926
2022-01-13,2,Green_Algae,2.084052,4.1100245
2022-01-14,2,Green_Algae,1.3035264,2.6480632
2022-01-15,2,Green_Algae,2.1528146,1.7808983
2022-01-16,2,Green_Algae,2.2154775,1.3847771
2022-01-17,2,Green_Algae,1.8509052,1.5577261
2022-01-18,2,Green_Algae,3.0125198,1.8599895
2022-01-19,2,Green_Algae,2.9266691,1.8194182
2022-01-20,2,Green_Algae,3.0848227,2.3790452
2022-01-21,2,Green_Algae,3.732527,2.7343955
2022-01-22,2,Green_Algae,4.3433237,2.8505955
2022-01-23,2,Green_Algae,6.2519803,3.255847
2022-01-24,2,Green_Algae,8.160637,3.524466
2022-01-25,2,Green_Algae,8.239467,5.1403685
2022-01-26,2,Green_Algae,8.318296,5.5641656
2022-01-27,2,Green_Algae,8.397126,5.791793
2022-01-28,2,Green_Algae,8.475957,5.542855
2022-01-29,2,Green_Algae,8.554788,5.2606015
2022-01-30,2,Green_Algae,8.633616,5.265727
2022-01-31,2,Green_Algae,5.246442,4.4227557
2022-02-01,2,Green_Algae,3.9920294,4.034026
2022-02-02,2,Green_Algae,4.695028,3.121098
2022-02-03,2,Green_Algae,2.7493696,2.3415904
2022-02-04,2,Green_Algae,2.88272,2.4725919
2022-02-05,2,Green_Algae,2.763606,2.101447
2022-02-06,2,Green_Algae,2.1112866,2.3792806
2022-02-07,2,Green_Algae,2.4319632,2.8168213
2022-02-08,2,Green_Algae,2.2566342,2.2728035
2022-02-09,2,Green_Algae,2.6009963,2.3779454
2022-02-10,2,Green_Algae,2.5740855,2.8303893
2022-02-11,2,Green_Algae,2.7089677,3.298563
2022-02-12,2,Green_Algae,3.126954,3.2727294
2022-02-13,2,Green_Algae,4.3236074,2.6643255
2022-02-14,2,Green_Algae,3.448381,3.4503014
2022-02-15,2,Green_Algae,3.5295143,4.176319
2022-02-16,2,Green_Algae,4.1974835,3.8603032
2022-02-17,2,Green_Algae,4.8904557,3.5546508
2022-02-18,2,Green_Algae,6.0933433,3.8776278
2022-02-19,2,Green_Algae,4.131527,5.055682
2022-02-20,2,Green_Algae,2.946324,5.501391
2022-02-21,2,Green_Algae,2.2808762,4.6796894
2022-02-22,2,Green_Algae,1.969732,2.4263775
2022-02-23,2,Green_Algae,1.8481604,1.6630342
2022-02-24,2,Green_Algae,1.970211,1.554036
2022-02-25,2,Green_Algae,2.0456758,1.6151958
2022-02-26,2,Green_Algae,2.1211405,1.6129757
2022-02-27,2,Green_Algae,2.1966052,1.6896806
2022-02-28,2,Green_Algae,2.1446164,1.8874621
2022-03-01,2,Green_Algae,2.8918037,2.0147083
2022-03-02,2,Green_Algae,3.3747232,1.9545953
2022-03-03,2,Green_Algae,4.975467,2.3031046
2022-03-04,2,Green_Algae,5.8857384,3.9135084
2022-03-05,2,Green_Algae,7.7702246,5.210752
2022-03-06,2,Green_Algae,7.406918,5.8782177
2022-03-07,2,Green_Algae,8.624261,6.417833
2022-03-08,2,Green_Algae,5.739247,6.025283
2022-03-09,2,Green_Algae,4.569587,5.7473917
2022-03-10,2,Green_Algae,4.6664295,4.446755
2022-03-11,2,Green_Algae,6.601842,3.6058009
2022-03-12,2,Green_Algae,7.0578914,3.8938556
2022-03-13,2,Green_Algae,9.441289,5.787153
2022-03-14,2,Green_Algae,10.154751,6.8254533
2022-03-15,2,Green_Algae,10.868213,7.5864887
2022-03-16,2,Green_Algae,10.484943,7.713569
2022-03-17,2,Green_Algae,10.101673,7.6724744
2022-03-18,2,Green_Algae,10.141577,7.1589494
2022-03-19,2,Green_Algae,10.18148,6.9531736
2022-03-20,2,Green_Algae,10.221386,6.587647
2022-03-21,2,Green_Algae,6.8799276,6.1551657
2022-03-22,2,Green_Algae,6.111058,5.817562
2022-03-23,2,Green_Algae,3.9833503,4.3031874
2022-03-24,2,Green_Algae,2.6831644,3.735683
2022-03-25,2,Green_Algae,2.11021,2.728188
2022-03-26,2,Green_Algae,2.3608906,2.1348188
2022-03-27,2,Green_Algae,2.612607,2.2573752
2022-03-28,2,Green_Algae,3.0601304,2.1962767
2022-03-29,2,Green_Algae,3.0547757,1.9232184
2022-03-30,2,Green_Algae,2.5692663,2.0803401
2022-03-31,2,Green_Algae,2.7219045,1.9589295
2022-04-01,2,Green_Algae,3.1004643,1.8900042
2022-04-02,2,Green_Algae,2.2594109,1.9076736
2022-04-03,2,Green_Algae,1.953816,2.4966972
2022-04-04,2,Green_Algae,1.918588,2.2946074
2022-04-05,2,Green_Algae,2.3214595,1.995536
2022-04-06,2,Green_Algae,2.560116,2.1286988
2022-04-07,2,Green_Algae,3.2719536,2.5549483
2022-04-08,2,Green_Algae,4.419464,2.8394527
2022-04-09,2,Green_Algae,4.504269,3.53949
2022-04-10,2,Green_Algae,4.89147,4.4960876
2022-04-11,2,Green_Algae,6.268174,5.128217
2022-04-12,2,Green_Algae,7.3437877,5.3373966
2022-04-13,2,Green_Algae,9.499956,5.7852297
2022-04-14,2,Green_Algae,10.740788,6.537231
2022-04-15,2,Green_Algae,8.073318,7.916714
2022-04-16,2,Green_Algae,7.630758,8.936696
2022-04-17,2,Green_Algae,6.9328403,7.268227
2022-04-18,2,Green_Algae,6.5577283,6.171739
2022-04-19,2,Green_Algae,3.7500434,4.8708334
2022-04-20,2,Green_Algae,3.4992976,4.633821
2022-04-21,2,Green_Algae,4.348203,2.8668427
2022-04-22,2,Green_Algae,5.875435,2.8286953
2022-04-23,2,Green_Algae,8.554278,3.1271675
2022-04-24,2,Green_Algae,10.74772,4.4556446
2022-04-25,2,Green_Algae,10.313055,6.615948
2022-04-26,2,Green_Algae,10.031486,7.955774
2022-04-27,2,Green_Algae,9.749915,6.723948
2022-04-28,2,Green_Algae,9.468344,6.2412357
2022-04-29,2,Green_Algae,6.3907814,5.318202
2022-04-30,2,Green_Algae,2.7383044,5.454561
2022-05-01,2,Green_Algae,1.9100943,4.36101
2022-05-02,2,Green_Algae,1.4387971,3.2253933
2022-05-03,2,Green_Algae,1.6956812,2.3031864
2022-05-04,2,Green_Algae,2.9322464,1.7858704
2022-05-05,2,Green_Algae,4.024558,1.8235933
2022-05-06,2,Green_Algae,7.546461,2.679736
2022-05-07,2,Green_Algae,8.4868555,4.252342
2022-05-08,2,Green_Algae,8.025366,6.6996975
2022-05-09,2,Green_Algae,7.563878,8.245084
2022-05-10,2,Green_Algae,3.786575,6.6559544
2022-05-11,2,Green_Algae,2.6313117,5.041924
2022-05-12,2,Green_Algae,2.673943,2.6200428
2022-05-13,2,Green_Algae,3.6793551,1.9344475
2022-05-14,2,Green_Algae,3.5523696,2.0362518
2022-05-15,2,Green_Algae,2.8397105,2.2923017
2022-05-16,2,Green_Algae,2.6588566,2.2286854
2022-05-17,2,Green_Algae,2.5439029,2.0826519
2022-05-18,2,Green_Algae,1.9558738,1.9468737
2022-05-19,2,Green_Algae,2.2352676,2.028043
2022-05-20,2,Green_Algae,3.8337293,2.045142
2022-05-21,2,Green_Algae,6.6012907,2.0275748
2022-05-22,2,Green_Algae,4.1062393,2.9720826
2022-05-23,2,Green_Algae,3.8795009,5.200475
2022-05-24,2,Green_Algae,3.7486677,4.81937
2022-05-25,2,Green_Algae,2.5144565,3.7363608
2022-05-26,2,Green_Algae,2.628731,3.4026577
2022-05-27,2,Green_Algae,2.336657,2.4233158
2022-05-28,2,Green_Algae,1.8927444,2.2049258
2022-05-29,2,Green_Algae,1.7338868,2.0302286
2022-05-30,2,Green_Algae,2.055707,1.8484712
2022-05-31,2,Green_Algae,2.7962682,1.6229699
2022-06-01,2,Green_Algae,2.4670553,1.608175
2022-06-02,2,Green_Algae,2.5074983,1.7601998
2022-06-03,2,Green_Algae,3.3220377,1.901478
2022-06-04,2,Green_Algae,2.913029,1.9605207
2022-06-05,2,Green_Algae,3.21664,2.0866566
2022-06-06,2,Green_Algae,3.0336015,2.0787868
2022-06-07,2,Green_Algae,2.016884,2.2071447
2022-06-08,2,Green_Algae,0.71460867,2.1915526
2022-06-09,2,Green_Algae,1.4329565,1.9061803
2022-06-10,2,Green_Algae,1.2493777,1.2279075
2022-06-11,2,Green_Algae,1.7778566,1.1085454
2022-06-12,2,Green_Algae,1.9454993,1.0742368
2022-06-13,2,Green_Algae,1.383483,1.2176142
2022-06-14,2,Green_Algae,0.17669071,1.4221703
2022-06-15,2,Green_Algae,0.1694878,1.2844483
2022-06-16,2,Green_Algae,1.6111215,0.8401803
2022-06-17,2,Green_Algae,1.4915413,0.5472806
2022-06-18,2,Green_Algae,1.3510724,0.6916165
2022-06-19,2,Green_Algae,1.4114358,1.0799012
2022-06-20,2,Green_Algae,1.2985806,1.49866
2022-06-21,2,Green_Algae,1.315047,1.8281989
2022-06-22,2,Green_Algae,1.1877986,1.9716305
2022-06-23,2,Green_Algae,0.20468882,2.0823495
2022-06-24,2,Green_Algae,0.9321283,1.9837388
2022-06-25,2,Green_Algae,2.667632,1.2426164
2022-06-26,2,Green_Algae,2.3597465,1.150918
2022-06-27,2,Green_Algae,2.4025416,1.7692424
2022-06-28,2,Green_Algae,2.6718307,2.3572392
2022-06-29,2,Green_Algae,2.6384616,2.7145362
2022-06-30,2,Green_Algae,3.7917957,3.0936162
2022-07-01,2,Green_Algae,3.6459014,2.8579478
2022-07-02,2,Green_Algae,3.1270165,3.4632323
2022-07-03,2,Green_Algae,2.8873951,3.782099
2022-07-04,2,Green_Algae,3.3072195,3.3250403
2022-07-05,2,Green_Algae,2.865286,2.6648169
2022-07-06,2,Green_Algae,2.9233165,2.537029
2022-07-07,2,Green_Algae,2.1893845,2.3321414
2022-07-08,2,Green_Algae,1.9153528,2.331469
2022-07-09,2,Green_Algae,2.0919194,2.1298435
2022-07-10,2,Green_Algae,3.2985039,2.1025226
2022-07-11,2,Green_Algae,4.8211155,2.2381322
2022-07-12,2,Green_Algae,5.138985,3.3848271
2022-07-13,2,Green_Algae,5.002174,4.2857847
2022-07-14,2,Green_Algae,9.229062,4.5622363
2022-07-15,2,Green_Algae,8.125591,4.451171
2022-07-16,2,Green_Algae,7.02212,5.7722898
2022-07-17,2,Green_Algae,5.9186487,6.6717625
2022-07-18,2,Green_Algae,4.815178,5.752779
2022-07-19,2,Green_Algae,1.9387745,5.0171456
2022-07-20,2,Green_Algae,1.5423076,4.111807
2022-07-21,2,Green_Algae,0.75141406,2.2224252
2022-07-22,2,Green_Algae,0.29937363,1.7296585
2022-07-23,2,Green_Algae,1.4023521,1.3824797
2022-07-24,2,Green_Algae,4.171111,1.0107324
2022-07-25,2,Green_Algae,0.52041996,1.2312895
2022-07-26,2,Green_Algae,0.0809841,2.6613886
2022-07-27,2,Green_Algae,0.34602904,1.6192023
2022-07-28,2,Green_Algae,0.6430407,0.964384
2022-07-29,2,Green_Algae,0.75374895,0.9071864
2022-07-30,2,Green_Algae,0.8893367,1.0657103
2022-07-31,2,Green_Algae,1.0249244,1.3302413
2022-08-01,2,Green_Algae,1.160512,1.5309908
2022-08-02,2,Green_Algae,1.2960997,1.6716888
2022-08-03,2,Green_Algae,1.4316874,1.8196247
2022-08-04,2,Green_Algae,1.5672749,1.9587998
2022-08-05,2,Green_Algae,1.7028626,2.1911542
2022-08-06,2,Green_Algae,1.8384502,2.0523798
2022-08-07,2,Green_Algae,1.9740379,2.02229
2022-08-08,2,Green_Algae,2.1096256,2.1086028
2022-08-09,2,Green_Algae,2.2452133,2.2930064
2022-08-10,2,Green_Algae,2.380801,2.4713936
2022-08-11,2,Green_Algae,2.5163884,2.7371004
2022-08-12,2,Green_Algae,2.651976,2.908237
2022-08-13,2,Green_Algae,2.7875638,2.8405035
2022-08-14,2,Green_Algae,2.9231515,3.0033817
2022-08-15,2,Green_Algae,3.0587392,3.5471716
2022-08-16,2,Green_Algae,3.1943269,3.5945992
2022-08-17,2,Green_Algae,3.3299146,3.510119
2022-08-18,2,Green_Algae,3.465502,3.5649233
2022-08-19,2,Green_Algae,3.6010897,3.7397876
2022-08-20,2,Green_Algae,3.7366774,3.9732556
2022-08-21,2,Green_Algae,3.872265,4.0801373
2022-08-22,2,Green_Algae,4.0078526,4.1018763
2022-08-23,2,Green_Algae,4.1434402,4.082341
2022-08-24,2,Green_Algae,4.279028,4.272616
2022-08-25,2,Green_Algae,4.4146156,4.475054
2022-08-26,2,Green_Algae,4.5502033,4.554829
2022-08-27,2,Green_Algae,4.685791,4.411357
2022-08-28,2,Green_Algae,4.8213787,4.374072
2022-08-29,2,Green_Algae,4.9569664,4.421427
2022-08-30,2,Green_Algae,5.092554,4.5806627
2022-08-31,2,Green_Algae,5.2281413,4.906355
2022-09-01,2,Green_Algae,5.3637295,5.2947245
2022-09-02,2,Green_Algae,5.499317,5.4265957
2022-09-03,2,Green_Algae,5.634905,4.9073133
2022-09-04,2,Green_Algae,5.770492,4.6833906
2022-09-05,2,Green_Algae,5.9060802,4.6855526
2022-09-06,2,Green_Algae,6.0416675,4.6069603
2022-09-07,2,Green_Algae,6.177255,4.568461
2022-09-08,2,Green_Algae,6.312843,5.119822
2022-09-09,2,Green_Algae,6.4484305,5.286683
2022-09-10,2,Green_Algae,6.230826,5.2015786
2022-09-11,2,Green_Algae,8.68992,5.0711255
2022-09-12,2,Green_Algae,7.807916,5.2015495
2022-09-13,2,Green_Algae,8.3521595,5.8995166
2022-09-14,2,Green_Algae,9.356362,5.366693
2022-09-15,2,Green_Algae,7.107813,5.771341
2022-09-16,2,Green_Algae,4.4031787,6.0381975
2022-09-17,2,Green_Algae,3.7508175,5.8796825
2022-09-18,2,Green_Algae,6.3141737,4.4497447
2022-09-19,2,Green_Algae,3.516343,3.9008367
2022-09-20,2,Green_Algae,1.5800507,4.734015
2022-09-21,2,Green_Algae,1.6696308,4.2060523
2022-09-22,2,Green_Algae,1.4959407,2.1914573
2022-09-23,2,Green_Algae,1.615673,1.7368735
2022-09-24,2,Green_Algae,2.0823896,1.6633347
2022-09-25,2,Green_Algae,1.5839247,1.733305
2022-09-26,2,Green_Algae,1.9809276,2.0108294
2022-09-27,2,Green_Algae,2.3091745,2.2226372
2022-09-28,2,Green_Algae,5.5527225,2.061097
2022-09-29,2,Green_Algae,6.6691623,2.0390515
2022-09-30,2,Green_Algae,7.104832,3.4138832
2022-10-01,2,Green_Algae,2.6034105,4.247864
2022-10-02,2,Green_Algae,3.3666306,4.358234
2022-10-03,2,Green_Algae,4.350832,2.5718522
2022-10-04,2,Green_Algae,4.8073153,2.1972022
2022-10-05,2,Green_Algae,3.984971,2.835759
2022-10-06,2,Green_Algae,3.1910217,3.7594783
2022-10-07,2,Green_Algae,2.3935506,3.4828863
2022-10-08,2,Green_Algae,1.82,2.9231918
2022-10-09,2,Green_Algae,3.16779,2.3285067
2022-10-10,2,Green_Algae,3.305127,2.2763002
2022-10-11,2,Green_Algae,2.3630557,2.5784512
2022-10-12,2,Green_Algae,2.342739,2.811695
2022-10-13,2,Green_Algae,1.9473406,2.3795831
2022-10-14,2,Green_Algae,2.4178493,2.2835844
2022-10-15,2,Green_Algae,2.2874982,2.1248167
2022-10-16,2,Green_Algae,2.8773642,2.2891788
2022-10-17,2,Green_Algae,1.9032803,2.5683718
2022-10-18,2,Green_Algae,1.3671615,3.0317514
2022-10-19,2,Green_Algae,1.2281462,2.631228
2022-10-20,2,Green_Algae,1.4357452,2.0384367
2022-10-21,2,Green_Algae,1.8146449,1.7192755
2022-10-22,2,Green_Algae,5.2175727,1.7966089
2022-10-23,2,Green_Algae,1.6347319,1.8045762
2022-10-24,2,Green_Algae,1.3448409,3.8265371
2022-10-25,2,Green_Algae,0.8646165,2.3895233
2022-10-26,2,Green_Algae,0.7161304,1.5388565
2022-10-27,2,Green_Algae,0.8117439,1.1708595
2022-10-28,2,Green_Algae,0.9852315,0.9584125
2022-10-29,2,Green_Algae,0.7189863,0.9282914
2022-10-30,2,Green_Algae,0.74040526,1.0102048
2022-10-31,2,Green_Algae,0.3959189,1.0049597
2022-11-01,2,Green_Algae,0.45915672,1.0554644
2022-11-02,2,Green_Algae,0.44663528,0.9858599
2022-11-03,2,Green_Algae,0.5711731,0.914746
2022-11-04,2,Green_Algae,0.5187971,0.8986894
2022-11-05,2,Green_Algae,0.5168741,0.95958483
2022-11-06,2,Green_Algae,0.99285096,0.91741276
2022-11-07,2,Green_Algae,0.97021586,0.9030321
2022-11-08,2,Green_Algae,3.6827445,1.1404655
2022-11-09,2,Green_Algae,3.2042935,1.2046304
2022-11-10,2,Green_Algae,2.6945007,2.870099
2022-11-11,2,Green_Algae,5.053273,3.96035
2022-11-12,2,Green_Algae,8.711579,2.584217
2022-11-13,2,Green_Algae,7.713145,2.8440828
2022-11-14,2,Green_Algae,5.1916933,4.3794456
2022-11-15,2,Green_Algae,1.4670622,4.5675807
2022-11-16,2,Green_Algae,0.26871106,3.808973
2022-11-17,2,Green_Algae,0.32965964,1.7171926
2022-11-18,2,Green_Algae,0.4381694,0.86053807
2022-11-19,2,Green_Algae,1.021942,0.59663165
2022-11-20,2,Green_Algae,1.0667945,0.6477513
2022-11-21,2,Green_Algae,0.9796669,0.9193239
2022-11-22,2,Green_Algae,1.0705576,0.9778827
2022-11-23,2,Green_Algae,1.2641643,0.99861866
2022-11-24,2,Green_Algae,0.9981404,1.0415148
2022-11-25,2,Green_Algae,0.8159957,1.1753573
2022-11-26,2,Green_Algae,1.3945585,1.0678277
2022-11-27,2,Green_Algae,1.6876014,0.950913
2022-11-28,2,Green_Algae,1.396505,1.183009
2022-11-29,2,Green_Algae,1.0866112,1.3946501
2022-11-30,2,Green_Algae,1.0804197,1.4655218
2022-12-01,2,Green_Algae,1.0082923,1.3523885
2022-12-02,2,Green_Algae,1.1993546,1.312943
2022-12-03,2,Green_Algae,1.0384793,1.2902315
2022-12-04,2,Green_Algae,0.9513034,1.3233659
2022-12-05,2,Green_Algae,1.4196737,1.1734039
2022-12-06,2,Green_Algae,1.5062437,0.994889
2022-12-07,2,Green_Algae,1.6673859,1.2126973
2022-12-08,2,Green_Algae,1.7725435,1.2096903
2022-12-09,2,Green_Algae,2.750798,1.3469664
2022-12-10,2,Green_Algae,2.2412164,1.4451506
2022-12-11,2,Green_Algae,0.4060463,1.8658212
2022-12-12,2,Green_Algae,0.160492,1.7389325
2022-12-13,2,Green_Algae,0.2686097,0.8439849
2022-12-14,2,Green_Algae,0.31757072,0.47026482
2022-12-15,2,Green_Algae,0.41242754,0.3861928
2022-12-16,2,Green_Algae,0.2809631,0.42810717
2022-12-17,2,Green_Algae,0.4638523,0.49439314
2022-12-18,2,Green_Algae,0.48307028,0.6304397
2022-12-19,2,Green_Algae,0.52901447,0.5916487
2022-12-20,2,Green_Algae,0.41270813,0.5811417
2022-12-21,2,Green_Algae,0.39071897,0.5384934
2022-12-22,2,Green_Algae,0.43844205,0.5818767
2022-12-23,2,Green_Algae,0.27015212,0.6442327
2022-12-24,2,Green_Algae,0.26322237,0.72864115
2022-12-25,2,Green_Algae,0.29721218,0.6823426
2022-12-26,2,Green_Algae,0.25078148,0.6312798
2022-12-27,2,Green_Algae,0.21856004,0.65764356
2022-12-28,2,Green_Algae,0.15966643,0.6823944
2022-12-29,2,Green_Algae,0.24490596,0.6373305
2022-12-30,2,Green_Algae,0.20376809,0.6196765
2022-12-31,2,Green_Algae,0.2882681,0.6796249
2023-01-01,2,Green_Algae,0.09535451,0.7468767
2023-01-02,2,Green_Algae,0.071312584,0.8273721
2023-01-03,2,Green_Algae,0.036156602,0.6859381
2023-01-04,2,Green_Algae,3.252288,0.6407665
2023-01-05,2,Green_Algae,6.237046,0.5865994
2023-01-06,2,Green_Algae,9.221804,2.4286635
2023-01-07,2,Green_Algae,9.225964,7.007547
2023-01-08,2,Green_Algae,9.2301235,8.764274
2023-01-09,2,Green_Algae,9.234284,8.319632
2023-01-10,2,Green_Algae,9.238444,6.909035
2023-01-11,2,Green_Algae,9.242605,6.0953183
2023-01-12,2,Green_Algae,8.008986,5.789645
2023-01-13,2,Green_Algae,9.353083,5.738912
2023-01-14,2,Green_Algae,6.951903,5.137102
2023-01-15,2,Green_Algae,3.9082983,5.0998583
2023-01-16,2,Green_Algae,3.8983636,4.890102
2023-01-17,2,Green_Algae,3.6625977,3.0017617
2023-01-18,2,Green_Algae,2.6919782,2.6788914
2023-01-19,2,Green_Algae,2.5106957,3.212054
2023-01-20,2,Green_Algae,2.9152644,2.574213
2023-01-21,2,Green_Algae,3.6604702,2.261727
2023-01-22,2,Green_Algae,7.30152,2.7535489
2023-01-23,2,Green_Algae,6.2374687,3.613755
2023-01-24,2,Green_Algae,5.173418,5.4843893
2023-01-25,2,Green_Algae,4.7855973,6.7905955
2023-01-26,2,Green_Algae,4.944407,4.334457
2023-01-27,2,Green_Algae,5.020905,3.0438473
2023-01-28,2,Green_Algae,4.1378713,3.0254118
2023-01-29,2,Green_Algae,3.5290515,3.592945
2023-01-30,2,Green_Algae,3.2179534,3.2183232
2023-01-31,2,Green_Algae,5.3130965,2.929353
2023-02-01,2,Green_Algae,7.0447626,2.6151266
2023-02-02,2,Green_Algae,9.122445,3.9275255
2023-02-03,2,Green_Algae,6.014926,5.108667
2023-02-04,2,Green_Algae,5.961019,5.9350343
2023-02-05,2,Green_Algae,5.907112,4.6017513
2023-02-06,2,Green_Algae,5.853205,4.170937
2023-02-07,2,Green_Algae,8.160051,4.4134173
2023-02-08,2,Green_Algae,7.2787995,4.5750365
2023-02-09,2,Green_Algae,6.3975487,5.222865
2023-02-10,2,Green_Algae,1.4237877,5.013861
2023-02-11,2,Green_Algae,1.1469333,4.284864
2023-02-12,2,Green_Algae,0.77981836,1.4499834
2023-02-13,2,Green_Algae,0.90640306,0.9141851
2023-02-14,2,Green_Algae,0.18429561,0.62870103
2023-02-15,2,Green_Algae,0.09019138,0.56710297
2023-02-16,2,Green_Algae,0.06921226,0.42889643
2023-02-17,2,Green_Algae,0.09716904,0.29289562
2023-02-18,2,Green_Algae,0.5358182,0.23303562
2023-02-19,2,Green_Algae,0.73984677,0.24375376
2023-02-20,2,Green_Algae,0.9485524,0.39320102
2023-02-21,2,Green_Algae,0.88800627,0.5696046
2023-02-22,2,Green_Algae,0.77299947,0.67358464
2023-02-23,2,Green_Algae,0.8697355,0.64260036
2023-02-24,2,Green_Algae,0.9345164,0.59897137
2023-02-25,2,Green_Algae,0.5437155,0.6925498
2023-02-26,2,Green_Algae,0.35603827,0.71607846
2023-02-27,2,Green_Algae,0.2848945,0.55701035
2023-02-28,2,Green_Algae,0.9269008,0.4166043
2023-03-01,2,Green_Algae,1.0543281,0.3864959
2023-03-02,2,Green_Algae,0.82646257,0.6369876
2023-03-03,2,Green_Algae,0.41406226,0.8049857
2023-03-04,2,Green_Algae,0.43284735,0.7315335
2023-03-05,2,Green_Algae,0.34657025,0.54943687
2023-03-06,2,Green_Algae,0.24229686,0.4906665
2023-03-07,2,Green_Algae,0.28762135,0.44972873
2023-03-08,2,Green_Algae,0.23873465,0.41524366
2023-03-09,2,Green_Algae,0.20506701,0.43594912
2023-03-10,2,Green_Algae,0.12347253,0.42068875
2023-03-11,2,Green_Algae,0.08151744,0.42560858
2023-03-12,2,Green_Algae,0.14753455,0.4261657
2023-03-13,2,Green_Algae,0.08237493,0.42840225
2023-03-14,2,Green_Algae,0.036238365,0.46545836
2023-03-15,2,Green_Algae,0.1186852,0.5704757
2023-03-16,2,Green_Algae,0.17207983,0.5196134
2023-03-17,2,Green_Algae,0.24798092,0.51772004
2023-03-18,2,Green_Algae,0.23571466,0.5481586
2023-03-19,2,Green_Algae,0.16183792,0.5742567
2023-03-20,2,Green_Algae,0.40782675,0.6082061
2023-03-21,2,Green_Algae,0.101640604,0.5918278
2023-03-22,2,Green_Algae,0.5060475,0.70450026
2023-03-23,2,Green_Algae,2.69248,0.637259
2023-03-24,2,Green_Algae,1.9497765,0.8433476
2023-03-25,2,Green_Algae,1.3316832,2.0786035
2023-03-26,2,Green_Algae,2.578498,2.8517103
2023-03-27,2,Green_Algae,2.0630136,1.3989476
2023-03-28,2,Green_Algae,1.7380223,1.1566561
2023-03-29,2,Green_Algae,1.37283,1.0147407
2023-03-30,2,Green_Algae,1.1725881,0.9324805
2023-03-31,2,Green_Algae,0.9683462,1.0012499
2023-04-01,2,Green_Algae,0.71395975,0.9801319
2023-04-02,2,Green_Algae,0.683174,0.9612469
2023-04-03,2,Green_Algae,0.75986,0.9548194
2023-04-04,2,Green_Algae,0.6773602,0.89036655
2023-04-05,2,Green_Algae,1.834648,0.9080211
2023-04-06,2,Green_Algae,4.089308,0.84085083
2023-04-07,2,Green_Algae,2.2397137,1.004029
2023-04-08,2,Green_Algae,1.7206718,1.2654673
2023-04-09,2,Green_Algae,1.4219851,1.2983739
2023-04-10,2,Green_Algae,1.2250155,1.2986566
2023-04-11,2,Green_Algae,0.8648579,1.0489088
2023-04-12,2,Green_Algae,0.56595254,0.9331514
2023-04-13,2,Green_Algae,0.50567454,0.8104376
2023-04-14,2,Green_Algae,0.66647476,0.7724603
2023-04-15,2,Green_Algae,1.0466163,0.8515393
2023-04-16,2,Green_Algae,1.2097328,1.065383
2023-04-17,2,Green_Algae,2.6901345,1.3244479
2023-04-18,2,Green_Algae,2.477803,1.3250644
2023-04-19,2,Green_Algae,2.09581,2.1865356
2023-04-20,2,Green_Algae,1.6294928,2.4850633
2023-04-21,2,Green_Algae,1.3932893,1.9467167
2023-04-22,2,Green_Algae,0.9884703,1.6042627
2023-04-23,2,Green_Algae,0.9850644,1.4924988
2023-04-24,2,Green_Algae,1.0676374,1.2460096
2023-04-25,2,Green_Algae,1.3244078,1.145299
2023-04-26,2,Green_Algae,0.6416333,0.99010783
2023-04-27,2,Green_Algae,0.27814546,1.2442815
2023-04-28,2,Green_Algae,1.3145058,1.1076937
2023-04-29,2,Green_Algae,3.2526584,0.8133562
2023-04-30,2,Green_Algae,3.1499057,1.1347952
2023-05-01,2,Green_Algae,1.6380941,2.320106
2023-05-02,2,Green_Algae,4.1922054,2.969587
2023-05-03,2,Green_Algae,5.529419,1.6736721
2023-05-04,2,Green_Algae,6.2632565,2.5235121
2023-05-05,2,Green_Algae,6.8380823,4.1716714
2023-05-06,2,Green_Algae,7.412908,5.387503
2023-05-07,2,Green_Algae,4.079104,6.738384
2023-05-08,2,Green_Algae,2.2593377,6.4423304
2023-05-09,2,Green_Algae,1.9581879,3.3455722
2023-05-10,2,Green_Algae,2.4479287,1.5963088
2023-05-11,2,Green_Algae,2.7059772,1.3225259
2023-05-12,2,Green_Algae,2.3598123,1.1915697
2023-05-13,2,Green_Algae,1.7751207,1.1566813
2023-05-14,2,Green_Algae,1.2882135,1.1636732
2023-05-15,2,Green_Algae,1.0123258,1.0297028
2023-05-16,2,Green_Algae,1.0217282,0.91448814
2023-05-17,2,Green_Algae,0.8613485,0.9043193
2023-05-18,2,Green_Algae,1.1611063,1.0700772
2023-05-19,2,Green_Algae,0.9660143,1.0527267
2023-05-20,2,Green_Algae,0.79129213,1.2652131
2023-05-21,2,Green_Algae,1.006314,1.2534316
2023-05-22,2,Green_Algae,0.55901504,1.1095207
2023-05-23,2,Green_Algae,0.46997598,1.2213589
2023-05-24,2,Green_Algae,0.31273833,1.0147794
2023-05-25,2,Green_Algae,0.29093453,0.91369504
2023-05-26,2,Green_Algae,0.25067583,0.8074889
2023-05-27,2,Green_Algae,0.42133546,0.75116205
2023-05-28,2,Green_Algae,1.3887391,0.7083694
2023-05-29,2,Green_Algae,2.5463135,0.79578805
2023-05-30,2,Green_Algae,2.2533908,1.3542469
2023-05-31,2,Green_Algae,3.1068542,2.2788775
2023-06-01,2,Green_Algae,2.7869723,2.4212685
2023-06-02,2,Green_Algae,2.4034996,3.1097996
2023-06-03,2,Green_Algae,1.0539821,2.8602576
2023-06-04,2,Green_Algae,0.93468004,1.9126669
2023-06-05,2,Green_Algae,0.4879697,1.1534541
2023-06-06,2,Green_Algae,0.8998942,0.8661706
2023-06-07,2,Green_Algae,1.3108021,0.6709094
2023-06-08,2,Green_Algae,1.019688,0.79713726
2023-06-09,2,Green_Algae,0.46447587,1.066316
2023-06-10,2,Green_Algae,0.49861857,1.1947396
2023-06-11,2,Green_Algae,0.61284125,0.9810447
2023-06-12,2,Green_Algae,0.6797172,0.8219068
2023-06-13,2,Green_Algae,0.7083528,0.8279888
2023-06-14,2,Green_Algae,0.35401052,0.91265035
2023-06-15,2,Green_Algae,0.41286027,0.9951431
2023-06-16,2,Green_Algae,0.2804898,0.89515376
2023-06-17,2,Green_Algae,0.2304269,0.84371626
2023-06-18,2,Green_Algae,0.5143521,0.74909556
2023-06-19,2,Green_Algae,0.5725395,0.68545276
2023-06-20,2,Green_Algae,1.4189571,0.8670035
2023-06-21,2,Green_Algae,3.0382833,0.98643154
2023-06-22,2,Green_Algae,3.1065986,1.3760619
2023-06-23,2,Green_Algae,1.9374653,2.4790146
2023-06-24,2,Green_Algae,1.1924785,3.6920063
2023-06-25,2,Green_Algae,1.0128819,3.0548122
2023-06-26,2,Green_Algae,1.2879117,1.9675456
2023-06-27,2,Green_Algae,1.1464972,1.6356825
2023-06-28,2,Green_Algae,4.1690407,1.5407703
2023-06-29,2,Green_Algae,5.1483574,1.5441062
2023-06-30,2,Green_Algae,4.417229,3.6601648
2023-07-01,2,Green_Algae,3.0753262,5.6237297
2023-07-02,2,Green_Algae,2.3679974,5.5433636
2023-07-03,2,Green_Algae,3.1175823,4.426538
2023-07-04,2,Green_Algae,5.006934,3.2710242
2023-07-05,2,Green_Algae,6.813222,3.5995753
2023-07-06,2,Green_Algae,7.1008797,4.932649
2023-07-07,2,Green_Algae,7.8447523,6.056159
2023-07-08,2,Green_Algae,7.1713324,6.653526
2023-07-09,2,Green_Algae,7.92671,6.945416
2023-07-10,2,Green_Algae,7.4939637,7.091116
2023-07-11,2,Green_Algae,5.54597,6.9254227
2023-07-12,2,Green_Algae,4.022008,6.161622
2023-07-13,2,Green_Algae,3.7216525,4.958477
2023-07-14,2,Green_Algae,2.7944505,4.1806774
2023-07-15,2,Green_Algae,2.0034344,3.9645345
2023-07-16,2,Green_Algae,1.4967204,3.7420824
2023-07-17,2,Green_Algae,1.3990573,3.1540744
2023-07-18,2,Green_Algae,1.0275207,2.463552
2023-07-19,2,Green_Algae,1.0186292,2.3787541
2023-07-20,2,Green_Algae,1.734702,2.0660622
2023-07-21,2,Green_Algae,3.5428689,1.9209632
2023-07-22,2,Green_Algae,8.218171,2.5600207
2023-07-23,2,Green_Algae,8.601586,4.003429
2023-07-24,2,Green_Algae,9.032261,5.556671
2023-07-25,2,Green_Algae,8.793951,6.755517
2023-07-26,2,Green_Algae,6.349499,6.822636
2023-07-27,2,Green_Algae,4.783891,6.401918
2023-07-28,2,Green_Algae,2.371833,4.918397
2023-07-29,2,Green_Algae,1.8697046,3.8880563
2023-07-30,2,Green_Algae,2.1430004,2.4720998
2023-07-31,2,Green_Algae,2.687552,2.1335104
2023-08-01,2,Green_Algae,2.8441966,2.6148849
2023-08-02,2,Green_Algae,3.3121603,3.0241668
2023-08-03,2,Green_Algae,4.9291377,4.101451
2023-08-04,2,Green_Algae,5.591187,4.9756956
2023-08-05,2,Green_Algae,8.544591,6.048837
2023-08-06,2,Green_Algae,8.778641,6.5034814
2023-08-07,2,Green_Algae,9.01269,6.7800007
2023-08-08,2,Green_Algae,9.246739,6.796118
2023-08-09,2,Green_Algae,6.3150916,5.9962883
2023-08-10,2,Green_Algae,5.0038095,5.6825
2023-08-11,2,Green_Algae,3.3346193,5.8423605
2023-08-12,2,Green_Algae,2.5525656,4.611496
2023-08-13,2,Green_Algae,3.0647385,3.9369607
2023-08-14,2,Green_Algae,5.879216,3.3015494
2023-08-15,2,Green_Algae,6.031285,3.960369
2023-08-16,2,Green_Algae,4.687024,4.91871
2023-08-17,2,Green_Algae,1.2427475,5.1939487
2023-08-18,2,Green_Algae,0.8998853,4.015505
2023-08-19,2,Green_Algae,0.66447395,1.3475976
2023-08-20,2,Green_Algae,0.51328796,0.8775538
2023-08-21,2,Green_Algae,0.45516005,0.7691951
2023-08-22,2,Green_Algae,0.3003116,0.7872902
2023-08-23,2,Green_Algae,0.28055164,0.7303461
2023-08-24,2,Green_Algae,0.2979189,0.63065684
2023-08-25,2,Green_Algae,0.2403409,0.6922412
2023-08-26,2,Green_Algae,0.44934124,0.65478855
2023-08-27,2,Green_Algae,0.41253313,0.700084
2023-08-28,2,Green_Algae,0.5238057,0.7408713
2023-08-29,2,Green_Algae,1.458634,0.8856099
2023-08-30,2,Green_Algae,0.76870924,0.83962744
2023-08-31,2,Green_Algae,1.4702122,0.9802113
2023-09-01,2,Green_Algae,0.9918718,1.0733953
2023-09-02,2,Green_Algae,0.91562474,1.1564665
2023-09-03,2,Green_Algae,0.70573056,1.1324544
2023-09-04,2,Green_Algae,0.6742999,1.1612346
2023-09-05,2,Green_Algae,1.3842525,1.0816075
2023-09-06,2,Green_Algae,4.9435377,1.0331732
2023-09-07,2,Green_Algae,3.897788,0.94331026
2023-09-08,2,Green_Algae,1.5145657,1.3418397
2023-09-09,2,Green_Algae,0.6406925,1.4639738
2023-09-10,2,Green_Algae,0.33638895,1.2348922
2023-09-11,2,Green_Algae,0.10094779,0.96675175
2023-09-12,2,Green_Algae,0.09816431,0.8658492
2023-09-13,2,Green_Algae,0.2952668,0.70991087
2023-09-14,2,Green_Algae,0.7073095,0.65245885
2023-09-15,2,Green_Algae,1.220801,0.60127246
2023-09-16,2,Green_Algae,0.82873017,0.7383083
2023-09-17,2,Green_Algae,0.7083514,1.1026233
2023-09-18,2,Green_Algae,1.3472247,1.1120763
2023-09-19,2,Green_Algae,1.9606476,0.98429084
2023-09-20,2,Green_Algae,3.1551094,1.1682134
2023-09-21,2,Green_Algae,4.03383,1.5294149
2023-09-22,2,Green_Algae,3.11515,2.5749345
2023-09-23,2,Green_Algae,3.0413108,3.4910517
2023-09-24,2,Green_Algae,3.025897,3.2423525
2023-09-25,2,Green_Algae,2.150364,2.8844056
2023-09-26,2,Green_Algae,2.4681423,2.4029434
2023-09-27,2,Green_Algae,2.4991379,1.859235
2023-09-28,2,Green_Algae,2.2806215,1.9235587
2023-09-29,2,Green_Algae,1.9233941,1.859345
2023-09-30,2,Green_Algae,1.7363886,1.8086892
2023-10-01,2,Green_Algae,2.0806055,1.6784505
2023-10-02,2,Green_Algae,1.3755308,1.4446507
2023-10-03,2,Green_Algae,1.3721676,1.5014957
2023-10-04,2,Green_Algae,1.5986129,1.2610368
2023-10-05,2,Green_Algae,1.1944014,1.0771401
2023-10-06,2,Green_Algae,0.4352867,1.1905985
2023-10-07,2,Green_Algae,0.038954273,1.0748187
2023-10-08,2,Green_Algae,0.005254514,0.7065785
2023-10-09,2,Green_Algae,0.00022059257,0.43155888
2023-10-10,2,Green_Algae,0.07396206,0.31663537
2023-10-11,2,Green_Algae,0.0044502877,0.33056074
2023-10-12,2,Green_Algae,0.21425903,0.3760851
2023-10-13,2,Green_Algae,0.4240678,0.36604485
2023-10-14,2,Green_Algae,1.2040071,0.45187816
2023-10-15,2,Green_Algae,1.538577,0.62851876
2023-10-16,2,Green_Algae,0.91931796,1.0350305
2023-10-17,2,Green_Algae,0.49678364,1.3391402
2023-10-18,2,Green_Algae,0.27720237,0.94637823
2023-10-19,2,Green_Algae,0.060109414,0.639003
2023-10-20,2,Green_Algae,0.0003220112,0.48760346
2023-10-21,2,Green_Algae,0.0012375681,0.30963746
2023-10-22,2,Green_Algae,0.0032772026,0.23273876
2023-10-23,2,Green_Algae,0.0053168214,0.122409806
2023-10-24,2,Green_Algae,0.0073564914,0.11207383
2023-10-25,2,Green_Algae,0.009396112,0.10182224
2023-10-26,2,Green_Algae,0.01143575,0.12793328
2023-10-27,2,Green_Algae,0.00014706633,0.18715082
2023-10-28,2,Green_Algae,0.00014947286,0.1946097
2023-10-29,2,Green_Algae,0.00015179641,0.16221182
2023-10-30,2,Green_Algae,0.0036961709,0.13130328
2023-10-31,2,Green_Algae,5.8028803e-05,0.16095755
2023-11-01,2,Green_Algae,0.005072786,0.20770332
2023-11-02,2,Green_Algae,0.009415459,0.24847059
2023-11-03,2,Green_Algae,0.23354869,0.2966197
2023-11-04,2,Green_Algae,0.19017506,0.2607526
2023-11-05,2,Green_Algae,0.29466212,0.31661066
2023-11-06,2,Green_Algae,0.52662814,0.36415708
2023-11-07,2,Green_Algae,0.14937869,0.48382208
2023-11-08,2,Green_Algae,0.051346254,0.5742062
2023-11-09,2,Green_Algae,0.0022525839,0.46112385
2023-11-10,2,Green_Algae,0.0037495536,0.3342265
2023-11-11,2,Green_Algae,0.00026789785,0.28242373
2023-11-12,2,Green_Algae,0.00030059792,0.2861723
2023-11-13,2,Green_Algae,0.00033329905,0.29434356
2023-11-14,2,Green_Algae,0.014367214,0.3328325
2023-11-15,2,Green_Algae,0.03973635,0.33474278
2023-11-16,2,Green_Algae,0.08579548,0.3969361
2023-11-17,2,Green_Algae,0.023645498,0.44020212
2023-11-18,2,Green_Algae,0.012744074,0.45075634
2023-11-19,2,Green_Algae,0.013970377,0.43289384
2023-11-20,2,Green_Algae,0.045104496,0.4514437
2023-11-21,2,Green_Algae,0.14602937,0.3675275
2023-11-22,2,Green_Algae,0.18774286,0.34164253
2023-11-23,2,Green_Algae,0.12678686,0.29132074
2023-11-24,2,Green_Algae,0.06583095,0.30732346
2023-11-25,2,Green_Algae,0.0048749987,0.477728
2023-11-26,2,Green_Algae,0.01300342,0.49295887
2023-11-27,2,Green_Algae,0.0009985091,0.39123833
2023-11-28,2,Green_Algae,0.3965642,0.32658064
2023-11-29,2,Green_Algae,0.7921298,0.33389255
2023-11-30,2,Green_Algae,1.1876955,0.4732226
2023-12-01,2,Green_Algae,0.5417547,0.7522046
2023-12-02,2,Green_Algae,0.28317368,1.1208131
2023-12-03,2,Green_Algae,0.26998764,0.79630363
2023-12-04,2,Green_Algae,0.041641086,0.5163569
2023-12-05,2,Green_Algae,0.007523836,0.4527901
2023-12-06,2,Green_Algae,0.0014946325,0.37295088
2023-12-07,2,Green_Algae,0.051200677,0.3699569
2023-12-08,2,Green_Algae,0.031184377,0.32120878
2023-12-09,2,Green_Algae,0.320014,0.31002685
2023-12-10,2,Green_Algae,0.19122079,0.2914776
2023-12-11,2,Green_Algae,0.9545549,0.45218453
2023-12-12,2,Green_Algae,2.0166812,0.49860352
2023-12-13,2,Green_Algae,1.8324066,0.86550075
2023-12-14,2,Green_Algae,1.3901647,1.5562886
2023-12-15,2,Green_Algae,2.1495306,1.6090883
2023-12-16,2,Green_Algae,1.2279633,1.330186
2023-12-17,2,Green_Algae,0.5186076,1.1584402
2023-12-18,2,Green_Algae,0.2195702,0.9069411
2023-12-19,2,Green_Algae,0.2801519,0.565165
2023-12-20,2,Green_Algae,0.20370297,0.4156373
2023-12-21,2,Green_Algae,0.061779305,0.45269382
2023-12-22,2,Green_Algae,0.047017764,0.41609782
2023-12-23,2,Green_Algae,0.0322563,0.3671723
2023-12-24,2,Green_Algae,0.017494831,0.37124366
2023-12-25,2,Green_Algae,0.0027333545,0.37639853
2023-12-26,2,Green_Algae,0.0019698853,0.37436062
2023-12-27,2,Green_Algae,1.632065,0.37493205
2023-12-28,2,Green_Algae,2.6889994,0.42264238
2020-10-30,3,Green_Algae,12.17853,4.58002
2020-10-31,3,Green_Algae,6.110087,5.537152
2020-11-01,3,Green_Algae,7.4780245,7.023987
2020-11-02,3,Green_Algae,7.0332804,7.921083
2020-11-03,3,Green_Algae,4.4513035,5.467226
2020-11-04,3,Green_Algae,4.2465425,5.3161364
2020-11-05,3,Green_Algae,3.1390948,5.4574676
2020-11-06,3,Green_Algae,4.8471107,4.407124
2020-11-07,3,Green_Algae,8.74932,3.9493182
2020-11-08,3,Green_Algae,3.445326,3.4784899
2020-11-09,3,Green_Algae,2.8215373,4.318836
2020-11-10,3,Green_Algae,2.7152398,6.1248164
2020-11-11,3,Green_Algae,2.8748477,4.600112
2020-11-12,3,Green_Algae,2.8452773,3.2606726
2020-11-13,3,Green_Algae,3.2272646,2.78957
2020-11-14,3,Green_Algae,4.012611,3.0235817
2020-11-15,3,Green_Algae,3.7066593,3.3638208
2020-11-16,3,Green_Algae,7.032859,3.6793315
2020-11-17,3,Green_Algae,7.8307257,3.9627237
2020-11-18,3,Green_Algae,7.7718787,4.147363
2020-11-19,3,Green_Algae,8.549044,5.322117
2020-11-20,3,Green_Algae,9.32621,6.1968136
2020-11-21,3,Green_Algae,7.3450155,5.915408
2020-11-22,3,Green_Algae,8.40237,6.538018
2020-11-23,3,Green_Algae,5.0805078,6.022897
2020-11-24,3,Green_Algae,4.5977955,5.4688635
2020-11-25,3,Green_Algae,4.178378,5.6095853
2020-11-26,3,Green_Algae,8.567597,4.447658
2020-11-27,3,Green_Algae,5.6399274,3.8428037
2020-11-28,3,Green_Algae,4.2971926,3.6960385
2020-11-29,3,Green_Algae,4.177417,5.4116106
2020-11-30,3,Green_Algae,2.1808684,5.121236
2020-12-01,3,Green_Algae,2.1362128,4.093086
2020-12-02,3,Green_Algae,2.365832,3.795584
2020-12-03,3,Green_Algae,1.8928292,2.5297747
2020-12-04,3,Green_Algae,2.1390448,2.2292826
2020-12-05,3,Green_Algae,1.6092981,2.4070942
2020-12-06,3,Green_Algae,1.7672431,2.4290113
2020-12-07,3,Green_Algae,2.0092976,2.43673
2020-12-08,3,Green_Algae,2.0687907,2.3342834
2020-12-09,3,Green_Algae,2.93475,2.2841432
2020-12-10,3,Green_Algae,2.2710211,2.4994404
2020-12-11,3,Green_Algae,1.7623245,2.5529354
2020-12-12,3,Green_Algae,3.7399058,3.5739932
2020-12-13,3,Green_Algae,7.407639,3.6287625
2020-12-14,3,Green_Algae,1.9868814,2.6296453
2020-12-15,3,Green_Algae,1.3638422,3.5278206
2020-12-16,3,Green_Algae,1.3426266,5.7502046
2020-12-17,3,Green_Algae,1.2532657,3.7311032
2020-12-18,3,Green_Algae,1.2750503,2.1929128
2020-12-19,3,Green_Algae,1.6216208,1.9267772
2020-12-20,3,Green_Algae,2.156505,2.1464503
2020-12-21,3,Green_Algae,1.9927878,2.1663888
2020-12-22,3,Green_Algae,1.9692179,2.3562706
2020-12-23,3,Green_Algae,2.3798406,3.1048696
2020-12-24,3,Green_Algae,3.1014483,3.4905884
2020-12-25,3,Green_Algae,2.8246055,3.4446483
2020-12-26,3,Green_Algae,2.7126286,4.0984154
2020-12-27,3,Green_Algae,3.4823534,4.1570277
2020-12-28,3,Green_Algae,8.607523,3.609122
2020-12-29,3,Green_Algae,8.2660055,3.462688
2020-12-30,3,Green_Algae,7.924486,3.9527721
2020-12-31,3,Green_Algae,6.428473,6.265724
2021-01-01,3,Green_Algae,2.98945,7.5885653
2021-01-02,3,Green_Algae,1.3053657,6.457011
2021-01-03,3,Green_Algae,1.2917366,5.625493
2021-01-04,3,Green_Algae,1.1487111,3.359402
2021-01-05,3,Green_Algae,1.2107966,2.0694296
2021-01-06,3,Green_Algae,1.9978639,1.8533394
2021-01-07,3,Green_Algae,3.2746053,1.9158881
2021-01-08,3,Green_Algae,1.283966,2.0317762
2021-01-09,3,Green_Algae,1.3706295,2.589578
2021-01-10,3,Green_Algae,0.95188135,3.724333
2021-01-11,3,Green_Algae,1.2131643,2.5484674
2021-01-12,3,Green_Algae,2.0453835,2.0949655
2021-01-13,3,Green_Algae,2.094508,1.8820932
2021-01-14,3,Green_Algae,2.0917065,1.8861223
2021-01-15,3,Green_Algae,1.7256553,2.303096
2021-01-16,3,Green_Algae,2.0362563,2.9077425
2021-01-17,3,Green_Algae,3.533249,3.253876
2021-01-18,3,Green_Algae,3.6137555,3.1067278
2021-01-19,3,Green_Algae,3.1941895,3.1077912
2021-01-20,3,Green_Algae,4.403502,3.3926775
2021-01-21,3,Green_Algae,5.758683,3.6084301
2021-01-22,3,Green_Algae,6.35937,3.5981908
2021-01-23,3,Green_Algae,8.876309,4.4476066
2021-01-24,3,Green_Algae,5.43191,5.3034534
2021-01-25,3,Green_Algae,6.235949,5.342972
2021-01-26,3,Green_Algae,6.5830173,5.5695014
2021-01-27,3,Green_Algae,7.649797,4.415919
2021-01-28,3,Green_Algae,5.225948,4.384517
2021-01-29,3,Green_Algae,7.1872573,4.5937004
2021-01-30,3,Green_Algae,7.827323,5.121158
2021-01-31,3,Green_Algae,6.1937,4.453197
2021-02-01,3,Green_Algae,5.721615,4.411402
2021-02-02,3,Green_Algae,5.1455975,4.770352
2021-02-03,3,Green_Algae,4.142368,4.802697
2021-02-04,3,Green_Algae,4.6842937,4.789407
2021-02-05,3,Green_Algae,4.7972736,4.585954
2021-02-06,3,Green_Algae,4.5424547,4.0520043
2021-02-07,3,Green_Algae,4.4105067,4.1308675
2021-02-08,3,Green_Algae,4.6066475,4.4682794
2021-02-09,3,Green_Algae,5.280211,4.5216136
2021-02-10,3,Green_Algae,7.288978,4.3924694
2021-02-11,3,Green_Algae,4.65887,4.295658
2021-02-12,3,Green_Algae,3.413034,4.4712234
2021-02-13,3,Green_Algae,8.17764,4.840384
2021-02-14,3,Green_Algae,5.1429377,4.379402
2021-02-15,3,Green_Algae,4.1539435,4.0036864
2021-02-16,3,Green_Algae,4.581317,5.3430004
2021-02-17,3,Green_Algae,4.9817367,5.4005775
2021-02-18,3,Green_Algae,3.35322,4.611315
2021-02-19,3,Green_Algae,4.2448187,4.415576
2021-02-20,3,Green_Algae,4.0317235,4.348849
2021-02-21,3,Green_Algae,4.087482,3.7873886
2021-02-22,3,Green_Algae,3.9634469,3.9936194
2021-02-23,3,Green_Algae,4.5633674,3.9825146
2021-02-24,3,Green_Algae,4.220355,4.157819
2021-02-25,3,Green_Algae,5.1449275,4.132855
2021-02-26,3,Green_Algae,5.1236477,4.1430025
2021-02-27,3,Green_Algae,4.096351,4.0266776
2021-02-28,3,Green_Algae,3.4184105,4.3540554
2021-03-01,3,Green_Algae,2.6066442,4.5662317
2021-03-02,3,Green_Algae,2.469205,4.2552896
2021-03-03,3,Green_Algae,3.3989074,3.8162467
2021-03-04,3,Green_Algae,2.2061434,2.8317435
2021-03-05,3,Green_Algae,0.93730825,2.5971987
2021-03-06,3,Green_Algae,0.17130968,3.6529212
2021-03-07,3,Green_Algae,0.21163534,3.403546
2021-03-08,3,Green_Algae,0.51324403,2.1225708
2021-03-09,3,Green_Algae,0.7416932,1.391352
2021-03-10,3,Green_Algae,1.1518161,1.1397449
2021-03-11,3,Green_Algae,3.0430608,1.3106729
2021-03-12,3,Green_Algae,5.624233,1.6690985
2021-03-13,3,Green_Algae,9.781874,2.3750334
2021-03-14,3,Green_Algae,6.138524,4.471377
2021-03-15,3,Green_Algae,5.632489,6.2683473
2021-03-16,3,Green_Algae,4.6865773,8.184591
2021-03-17,3,Green_Algae,4.3283215,6.247217
2021-03-18,3,Green_Algae,3.7387772,4.9030404
2021-03-19,3,Green_Algae,2.8026774,4.2257056
2021-03-20,3,Green_Algae,3.1857598,3.578432
2021-03-21,3,Green_Algae,2.456903,3.390431
2021-03-22,3,Green_Algae,0.9018451,3.0111923
2021-03-23,3,Green_Algae,0.6790297,2.9725313
2021-03-24,3,Green_Algae,1.005638,2.6825817
2021-03-25,3,Green_Algae,0.83578366,2.237519
2021-03-26,3,Green_Algae,1.0689725,1.9152888
2021-03-27,3,Green_Algae,1.7590731,1.8615137
2021-03-28,3,Green_Algae,4.083432,1.9237665
2021-03-29,3,Green_Algae,7.1401954,2.1504872
2021-03-30,3,Green_Algae,10.209595,3.0744495
2021-03-31,3,Green_Algae,10.649694,4.806494
2021-04-01,3,Green_Algae,9.618863,6.9894676
2021-04-02,3,Green_Algae,9.679638,8.577612
2021-04-03,3,Green_Algae,8.492021,8.087147
2021-04-04,3,Green_Algae,5.522469,6.0492363
2021-04-05,3,Green_Algae,3.8875976,4.8889513
2021-04-06,3,Green_Algae,3.7225616,4.735783
2021-04-07,3,Green_Algae,4.1317596,4.2059937
2021-04-08,3,Green_Algae,3.7241824,3.6609745
2021-04-09,3,Green_Algae,2.9264905,3.6320858
2021-04-10,3,Green_Algae,3.0117583,3.945912
2021-04-11,3,Green_Algae,3.7558973,3.9140697
2021-04-12,3,Green_Algae,7.548631,3.8308024
2021-04-13,3,Green_Algae,8.276589,3.9376082
2021-04-14,3,Green_Algae,7.5179367,4.4042115
2021-04-15,3,Green_Algae,7.9862165,6.297716
2021-04-16,3,Green_Algae,8.454495,7.685624
2021-04-17,3,Green_Algae,10.411622,7.3721843
2021-04-18,3,Green_Algae,8.3863945,6.5233874
2021-04-19,3,Green_Algae,7.374504,6.1988897
2021-04-20,3,Green_Algae,7.4743953,7.2114396
2021-04-21,3,Green_Algae,7.563512,6.2905517
2021-04-22,3,Green_Algae,9.42714,5.370183
2021-04-23,3,Green_Algae,9.938813,5.1360364
2021-04-24,3,Green_Algae,9.186256,5.492272
2021-04-25,3,Green_Algae,13.211926,6.735561
2021-04-26,3,Green_Algae,11.542995,7.837446
2021-04-27,3,Green_Algae,8.482055,7.818023
2021-04-28,3,Green_Algae,4.98898,7.51957
2021-04-29,3,Green_Algae,3.1451302,6.120643
2021-04-30,3,Green_Algae,3.3468668,4.824498
2021-05-01,3,Green_Algae,8.648813,3.6727736
2021-05-02,3,Green_Algae,10.776056,3.1522443
2021-05-03,3,Green_Algae,10.448346,3.2899232
2021-05-04,3,Green_Algae,5.103333,5.177769
2021-05-05,3,Green_Algae,5.319554,6.8799376
2021-05-06,3,Green_Algae,6.643535,7.5424156
2021-05-07,3,Green_Algae,6.72064,5.20083
2021-05-08,3,Green_Algae,10.374625,4.6522346
2021-05-09,3,Green_Algae,12.880029,5.386043
2021-05-10,3,Green_Algae,9.980102,5.7891526
2021-05-11,3,Green_Algae,10.452174,6.9928346
2021-05-12,3,Green_Algae,10.924248,8.592075
2021-05-13,3,Green_Algae,11.39632,7.8783064
2021-05-14,3,Green_Algae,11.868393,8.327125
2021-05-15,3,Green_Algae,10.393691,8.748843
2021-05-16,3,Green_Algae,7.7878942,9.495562
2021-05-17,3,Green_Algae,7.7099423,7.640832
2021-05-18,3,Green_Algae,7.9545946,6.4930496
2021-05-19,3,Green_Algae,6.14866,5.6802874
2021-05-20,3,Green_Algae,6.4745946,5.8683834
2021-05-21,3,Green_Algae,6.249631,6.5085206
2021-05-22,3,Green_Algae,9.313534,5.754198
2021-05-23,3,Green_Algae,8.771644,5.7459507
2021-05-24,3,Green_Algae,12.235818,5.674784
2021-05-25,3,Green_Algae,7.2883067,6.499919
2021-05-26,3,Green_Algae,7.12322,6.175619
2021-05-27,3,Green_Algae,13.128756,7.4069667
2021-05-28,3,Green_Algae,12.951473,6.5587273
2021-05-29,3,Green_Algae,12.77419,5.9613304
2021-05-30,3,Green_Algae,4.561085,7.3307476
2021-05-31,3,Green_Algae,2.984026,8.543197
2021-06-01,3,Green_Algae,3.477842,7.5836854
2021-06-02,3,Green_Algae,3.0301087,4.667776
2021-06-03,3,Green_Algae,2.9474874,3.0208123
2021-06-04,3,Green_Algae,3.87105,2.693607
2021-06-05,3,Green_Algae,3.5815134,2.7333703
2021-06-06,3,Green_Algae,3.5015206,2.7634268
2021-06-07,3,Green_Algae,4.0479884,3.4826558
2021-06-08,3,Green_Algae,5.4210563,3.9457536
2021-06-09,3,Green_Algae,3.706534,4.371286
2021-06-10,3,Green_Algae,5.004493,4.86488
2021-06-11,3,Green_Algae,6.557851,5.8213
2021-06-12,3,Green_Algae,10.4747505,4.9370537
2021-06-13,3,Green_Algae,11.396228,5.120588
2021-06-14,3,Green_Algae,12.317705,5.8629427
2021-06-15,3,Green_Algae,12.765958,7.296767
2021-06-16,3,Green_Algae,13.214211,8.416878
2021-06-17,3,Green_Algae,13.662464,8.087632
2021-06-18,3,Green_Algae,14.110718,9.281363
2021-06-19,3,Green_Algae,12.694961,10.220469
2021-06-20,3,Green_Algae,13.068725,9.502482
2021-06-21,3,Green_Algae,6.759349,8.126145
2021-06-22,3,Green_Algae,4.531797,7.534465
2021-06-23,3,Green_Algae,4.704233,7.8888283
2021-06-24,3,Green_Algae,4.3103833,6.2442327
2021-06-25,3,Green_Algae,4.245991,5.1019363
2021-06-26,3,Green_Algae,3.8047178,5.0603676
2021-06-27,3,Green_Algae,9.500919,5.216327
2021-06-28,3,Green_Algae,14.259275,5.519633
2021-06-29,3,Green_Algae,13.726238,5.0137973
2021-06-30,3,Green_Algae,10.054623,7.074861
2021-07-01,3,Green_Algae,10.233351,8.536629
2021-07-02,3,Green_Algae,11.377681,8.531372
2021-07-03,3,Green_Algae,13.92809,6.9643526
2021-07-04,3,Green_Algae,9.610976,7.0747433
2021-07-05,3,Green_Algae,13.8032055,7.828675
2021-07-06,3,Green_Algae,12.07648,8.942899
2021-07-07,3,Green_Algae,9.815504,7.131921
2021-07-08,3,Green_Algae,10.952688,8.088113
2021-07-09,3,Green_Algae,5.504181,7.7308345
2021-07-10,3,Green_Algae,6.883577,7.236749
2021-07-11,3,Green_Algae,6.383121,7.8218765
2021-07-12,3,Green_Algae,8.041389,5.504555
2021-07-13,3,Green_Algae,7.1555495,5.450667
2021-07-14,3,Green_Algae,7.182688,5.957334
2021-07-15,3,Green_Algae,7.2098265,6.8312926
2021-07-16,3,Green_Algae,7.2369647,6.6982794
2021-07-17,3,Green_Algae,7.2641034,7.9327426
2021-07-18,3,Green_Algae,7.291241,8.631842
2021-07-19,3,Green_Algae,7.3183794,8.441263
2021-07-20,3,Green_Algae,7.345518,8.265988
2021-07-21,3,Green_Algae,4.656155,7.443918
2021-07-22,3,Green_Algae,5.656749,6.590694
2021-07-23,3,Green_Algae,11.975569,5.394736
2021-07-24,3,Green_Algae,13.560905,4.816263
2021-07-25,3,Green_Algae,13.088494,5.1237535
2021-07-26,3,Green_Algae,11.472322,7.6356325
2021-07-27,3,Green_Algae,9.366954,9.573276
2021-07-28,3,Green_Algae,6.655246,9.4212265
2021-07-29,3,Green_Algae,7.9549346,7.741128
2021-07-30,3,Green_Algae,7.1069007,6.634725
2021-07-31,3,Green_Algae,8.990673,5.319288
2021-08-01,3,Green_Algae,10.385311,6.037412
2021-08-02,3,Green_Algae,10.719529,6.518179
2021-08-03,3,Green_Algae,7.1092253,6.9084973
2021-08-04,3,Green_Algae,4.9593773,7.1870537
2021-08-05,3,Green_Algae,3.0356264,6.7167826
2021-08-06,3,Green_Algae,2.0601811,5.6517897
2021-08-07,3,Green_Algae,2.8934517,4.792451
2021-08-08,3,Green_Algae,3.3419957,3.6206584
2021-08-09,3,Green_Algae,3.5262926,2.693486
2021-08-10,3,Green_Algae,2.9024384,2.7726848
2021-08-11,3,Green_Algae,3.434081,3.8461974
2021-08-12,3,Green_Algae,4.609233,4.7843356
2021-08-13,3,Green_Algae,4.0192776,4.5968537
2021-08-14,3,Green_Algae,7.171199,4.6205406
2021-08-15,3,Green_Algae,10.603491,5.262239
2021-08-16,3,Green_Algae,8.529735,4.892598
2021-08-17,3,Green_Algae,6.9491796,6.2862463
2021-08-18,3,Green_Algae,8.951539,8.248286
2021-08-19,3,Green_Algae,11.542151,7.395372
2021-08-20,3,Green_Algae,10.700407,5.551668
2021-08-21,3,Green_Algae,7.8352175,6.367417
2021-08-22,3,Green_Algae,12.8495455,7.7497263
2021-08-23,3,Green_Algae,13.118637,8.255238
2021-08-24,3,Green_Algae,10.933848,6.962123
2021-08-25,3,Green_Algae,12.0906725,7.889822
2021-08-26,3,Green_Algae,10.43034,8.994484
2021-08-27,3,Green_Algae,9.773435,7.6632385
2021-08-28,3,Green_Algae,8.390406,8.019618
2021-08-29,3,Green_Algae,7.821752,7.4701037
2021-08-30,3,Green_Algae,6.5187182,6.894964
2021-08-31,3,Green_Algae,5.8044934,6.0008903
2021-09-01,3,Green_Algae,5.0743923,5.9406357
2021-09-02,3,Green_Algae,4.311918,5.743465
2021-09-03,3,Green_Algae,3.3487916,6.0959125
2021-09-04,3,Green_Algae,4.701462,5.817846
2021-09-05,3,Green_Algae,5.0674095,5.2184896
2021-09-06,3,Green_Algae,3.518864,4.7669115
2021-09-07,3,Green_Algae,3.1971326,5.3294926
2021-09-08,3,Green_Algae,3.5374892,5.753382
2021-09-09,3,Green_Algae,6.4463677,4.9699664
2021-09-10,3,Green_Algae,6.842923,4.255867
2021-09-11,3,Green_Algae,8.631598,4.318606
2021-09-12,3,Green_Algae,8.282877,5.400093
2021-09-13,3,Green_Algae,7.9341564,5.6571817
2021-09-14,3,Green_Algae,7.505728,6.509153
2021-09-15,3,Green_Algae,4.8467994,7.081012
2021-09-16,3,Green_Algae,4.3901086,6.22906
2021-09-17,3,Green_Algae,3.1355467,5.9058332
2021-09-18,3,Green_Algae,2.5354092,5.1160283
2021-09-19,3,Green_Algae,2.8781462,4.8481627
2021-09-20,3,Green_Algae,2.8740985,4.331513
2021-09-21,3,Green_Algae,2.339877,3.8983088
2021-09-22,3,Green_Algae,3.6420565,4.1015844
2021-09-23,3,Green_Algae,3.4891088,4.0017385
2021-09-24,3,Green_Algae,3.0315206,3.614034
2021-09-25,3,Green_Algae,2.7386677,4.1458745
2021-09-26,3,Green_Algae,2.8449023,4.3953304
2021-09-27,3,Green_Algae,2.898798,4.217873
2021-09-28,3,Green_Algae,2.80811,3.9222827
2021-09-29,3,Green_Algae,3.1477988,3.6446037
2021-09-30,3,Green_Algae,3.8165677,3.7714558
2021-10-01,3,Green_Algae,2.884149,3.6936274
2021-10-02,3,Green_Algae,2.3285825,3.7768033
2021-10-03,3,Green_Algae,2.7246957,3.9625704
2021-10-04,3,Green_Algae,2.9625897,3.727809
2021-10-05,3,Green_Algae,3.2004838,3.2280374
2021-10-06,3,Green_Algae,3.4383776,3.3209786
2021-10-07,3,Green_Algae,3.6762717,3.6522098
2021-10-08,3,Green_Algae,3.9141655,3.9914496
2021-10-09,3,Green_Algae,4.1520596,4.1071005
2021-10-10,3,Green_Algae,4.3899536,4.416906
2021-10-11,3,Green_Algae,4.6278477,4.714718
2021-10-12,3,Green_Algae,4.9418287,4.5837483
2021-10-13,3,Green_Algae,4.673613,4.5136847
2021-10-14,3,Green_Algae,4.5442286,4.64633
2021-10-15,3,Green_Algae,8.768624,4.7581863
2021-10-16,3,Green_Algae,8.054786,4.8739533
2021-10-17,3,Green_Algae,3.8535652,4.8656225
2021-10-18,3,Green_Algae,3.6656222,6.032959
2021-10-19,3,Green_Algae,3.690036,6.6348457
2021-10-20,3,Green_Algae,3.5357091,4.7837343
2021-10-21,3,Green_Algae,3.6526122,3.7977314
2021-10-22,3,Green_Algae,3.1038206,4.0172687
2021-10-23,3,Green_Algae,2.7547975,4.0181417
2021-10-24,3,Green_Algae,2.6743922,4.207783
2021-10-25,3,Green_Algae,2.6642506,4.2828503
2021-10-26,3,Green_Algae,3.2695441,4.2265024
2021-10-27,3,Green_Algae,6.4926195,4.2077484
2021-10-28,3,Green_Algae,8.997244,4.3682413
2021-10-29,3,Green_Algae,9.55448,4.7449455
2021-10-30,3,Green_Algae,6.1581116,6.4743795
2021-10-31,3,Green_Algae,5.569472,8.200656
2021-11-01,3,Green_Algae,4.880246,8.1605835
2021-11-02,3,Green_Algae,6.240745,5.9343433
2021-11-03,3,Green_Algae,7.868003,4.770943
2021-11-04,3,Green_Algae,5.39335,4.617304
2021-11-05,3,Green_Algae,2.8083358,5.5481777
2021-11-06,3,Green_Algae,4.1119175,6.556176
2021-11-07,3,Green_Algae,5.8138523,5.774303
2021-11-08,3,Green_Algae,5.6319323,3.7440763
2021-11-09,3,Green_Algae,4.463618,4.2204323
2021-11-10,3,Green_Algae,5.127321,5.577884
2021-11-11,3,Green_Algae,3.3585093,5.764438
2021-11-12,3,Green_Algae,2.6787329,5.1432557
2021-11-13,3,Green_Algae,2.9060419,5.133264
2021-11-14,3,Green_Algae,2.3626916,4.3409505
2021-11-15,3,Green_Algae,2.3225126,3.6036034
2021-11-16,3,Green_Algae,2.5409632,3.6280112
2021-11-17,3,Green_Algae,2.2751682,3.3306458
2021-11-18,3,Green_Algae,1.9986252,3.1686223
2021-11-19,3,Green_Algae,1.6795293,3.3670974
2021-11-20,3,Green_Algae,1.8916438,3.3801599
2021-11-21,3,Green_Algae,2.7642143,3.126182
2021-11-22,3,Green_Algae,3.023097,2.5153556
2021-11-23,3,Green_Algae,1.7613965,2.3178563
2021-11-24,3,Green_Algae,1.8678365,2.7591226
2021-11-25,3,Green_Algae,1.7351195,3.1286688
2021-11-26,3,Green_Algae,1.7887771,2.3982284
2021-11-27,3,Green_Algae,1.8194356,2.1779563
2021-11-28,3,Green_Algae,2.1925688,2.0918171
2021-11-29,3,Green_Algae,2.8506155,2.0845802
2021-11-30,3,Green_Algae,3.7936785,2.160228
2021-12-01,3,Green_Algae,3.2888849,2.3075156
2021-12-02,3,Green_Algae,3.20601,2.849855
2021-12-03,3,Green_Algae,3.1972845,3.9012015
2021-12-04,3,Green_Algae,2.9100072,3.7610004
2021-12-05,3,Green_Algae,3.0636685,3.3897448
2021-12-06,3,Green_Algae,3.0413218,3.2711456
2021-12-07,3,Green_Algae,2.8179595,3.0870001
2021-12-08,3,Green_Algae,2.9317937,3.0173426
2021-12-09,3,Green_Algae,2.873556,3.0567799
2021-12-10,3,Green_Algae,3.0364544,2.9594119
2021-12-11,3,Green_Algae,3.930644,2.9501753
2021-12-12,3,Green_Algae,3.436191,3.0274253
2021-12-13,3,Green_Algae,3.863864,3.0786018
2021-12-14,3,Green_Algae,4.217301,3.6338317
2021-12-15,3,Green_Algae,4.429001,3.5612063
2021-12-16,3,Green_Algae,4.6556263,3.7621272
2021-12-17,3,Green_Algae,4.838226,4.0929847
2021-12-18,3,Green_Algae,4.1352496,4.32837
2021-12-19,3,Green_Algae,3.6960173,4.290782
2021-12-20,3,Green_Algae,3.0439653,3.7965508
2021-12-21,3,Green_Algae,2.7047684,3.4011369
2021-12-22,3,Green_Algae,4.257923,3.2874086
2021-12-23,3,Green_Algae,3.2951374,3.0021026
2021-12-24,3,Green_Algae,2.3909624,2.905234
2021-12-25,3,Green_Algae,2.1861448,3.315656
2021-12-26,3,Green_Algae,1.7530535,4.03491
2021-12-27,3,Green_Algae,1.9872879,3.9969027
2021-12-28,3,Green_Algae,2.2317348,3.0609446
2021-12-29,3,Green_Algae,2.0643368,2.4759848
2021-12-30,3,Green_Algae,1.9601592,2.3622344
2021-12-31,3,Green_Algae,2.126949,2.6939049
2022-01-01,3,Green_Algae,2.2531767,2.6644118
2022-01-02,3,Green_Algae,2.1239364,2.9549432
2022-01-03,3,Green_Algae,2.5416799,2.734619
2022-01-04,3,Green_Algae,3.3833745,2.6564543
2022-01-05,3,Green_Algae,6.9222884,2.4974697
2022-01-06,3,Green_Algae,5.645869,2.6269548
2022-01-07,3,Green_Algae,4.3694496,3.4968882
2022-01-08,3,Green_Algae,6.313483,5.1682324
2022-01-09,3,Green_Algae,4.849971,5.4049377
2022-01-10,3,Green_Algae,6.5303836,4.2452974
2022-01-11,3,Green_Algae,7.1293488,4.1594954
2022-01-12,3,Green_Algae,3.0731115,3.865209
2022-01-13,3,Green_Algae,2.084052,4.0608926
2022-01-14,3,Green_Algae,1.3035264,4.066073
2022-01-15,3,Green_Algae,2.1528146,2.7587562
2022-01-16,3,Green_Algae,2.2154775,1.9866041
2022-01-17,3,Green_Algae,1.8509052,1.5582869
2022-01-18,3,Green_Algae,3.0125198,1.7498053
2022-01-19,3,Green_Algae,2.9266691,2.0107772
2022-01-20,3,Green_Algae,3.0848227,1.9650822
2022-01-21,3,Green_Algae,3.732527,2.477684
2022-01-22,3,Green_Algae,4.3433237,2.8066401
2022-01-23,3,Green_Algae,6.2519803,2.9222622
2022-01-24,3,Green_Algae,8.160637,3.2756097
2022-01-25,3,Green_Algae,8.239467,3.525697
2022-01-26,3,Green_Algae,8.318296,4.9700246
2022-01-27,3,Green_Algae,8.397126,5.309831
2022-01-28,3,Green_Algae,8.475957,5.4989567
2022-01-29,3,Green_Algae,8.554788,5.2905993
2022-01-30,3,Green_Algae,8.633616,5.031601
2022-01-31,3,Green_Algae,5.246442,5.0003014
2022-02-01,3,Green_Algae,3.9920294,4.291678
2022-02-02,3,Green_Algae,4.695028,3.947059
2022-02-03,3,Green_Algae,2.7493696,3.1062367
2022-02-04,3,Green_Algae,2.88272,2.4974835
2022-02-05,3,Green_Algae,2.763606,2.588773
2022-02-06,3,Green_Algae,2.1112866,2.2791154
2022-02-07,3,Green_Algae,2.4319632,2.4948814
2022-02-08,3,Green_Algae,2.2566342,2.895809
2022-02-09,3,Green_Algae,2.6009963,2.4126122
2022-02-10,3,Green_Algae,2.5740855,2.4922175
2022-02-11,3,Green_Algae,2.7089677,2.8959992
2022-02-12,3,Green_Algae,3.126954,3.295421
2022-02-13,3,Green_Algae,4.3236074,3.2798264
2022-02-14,3,Green_Algae,3.448381,2.745334
2022-02-15,3,Green_Algae,3.5295143,3.4326775
2022-02-16,3,Green_Algae,4.1974835,4.131515
2022-02-17,3,Green_Algae,4.8904557,3.8618996
2022-02-18,3,Green_Algae,6.0933433,3.5546758
2022-02-19,3,Green_Algae,4.131527,3.8690171
2022-02-20,3,Green_Algae,2.946324,4.882434
2022-02-21,3,Green_Algae,2.2808762,5.2163973
2022-02-22,3,Green_Algae,1.969732,4.539169
2022-02-23,3,Green_Algae,1.8481604,2.5064173
2022-02-24,3,Green_Algae,1.970211,1.821126
2022-02-25,3,Green_Algae,2.0456758,1.7318317
2022-02-26,3,Green_Algae,2.1211405,1.793835
2022-02-27,3,Green_Algae,2.1966052,1.7835543
2022-02-28,3,Green_Algae,2.1446164,1.8408775
2022-03-01,3,Green_Algae,2.8918037,2.0138373
2022-03-02,3,Green_Algae,3.3747232,2.1331494
2022-03-03,3,Green_Algae,4.975467,2.0914712
2022-03-04,3,Green_Algae,5.8857384,2.397367
2022-03-05,3,Green_Algae,7.7702246,3.9435105
2022-03-06,3,Green_Algae,7.406918,5.0099797
2022-03-07,3,Green_Algae,8.624261,5.5063715
2022-03-08,3,Green_Algae,5.739247,5.910705
2022-03-09,3,Green_Algae,4.569587,5.582348
2022-03-10,3,Green_Algae,4.6664295,5.330599
2022-03-11,3,Green_Algae,6.601842,4.2878265
2022-03-12,3,Green_Algae,7.0578914,3.593903
2022-03-13,3,Green_Algae,9.441289,3.8430865
2022-03-14,3,Green_Algae,10.154751,5.317198
2022-03-15,3,Green_Algae,10.868213,6.1014795
2022-03-16,3,Green_Algae,10.484943,6.674624
2022-03-17,3,Green_Algae,10.101673,6.7700167
2022-03-18,3,Green_Algae,10.141577,6.7273636
2022-03-19,3,Green_Algae,10.18148,6.33395
2022-03-20,3,Green_Algae,10.221386,6.1765256
2022-03-21,3,Green_Algae,6.8799276,5.9011536
2022-03-22,3,Green_Algae,6.111058,5.5655184
2022-03-23,3,Green_Algae,3.9833503,5.299885
2022-03-24,3,Green_Algae,2.6831644,4.09435
2022-03-25,3,Green_Algae,2.11021,3.615512
2022-03-26,3,Green_Algae,2.3608906,2.7632945
2022-03-27,3,Green_Algae,2.612607,2.3390477
2022-03-28,3,Green_Algae,3.0601304,2.455764
2022-03-29,3,Green_Algae,3.0547757,2.4155476
2022-03-30,3,Green_Algae,2.5692663,2.1597083
2022-03-31,3,Green_Algae,2.7219045,2.2865443
2022-04-01,3,Green_Algae,3.1004643,2.1606433
2022-04-02,3,Green_Algae,2.2594109,2.085361
2022-04-03,3,Green_Algae,1.953816,2.0871122
2022-04-04,3,Green_Algae,1.918588,2.6478007
2022-04-05,3,Green_Algae,2.3214595,2.4683821
2022-04-06,3,Green_Algae,2.560116,2.216277
2022-04-07,3,Green_Algae,3.2719536,2.347401
2022-04-08,3,Green_Algae,4.419464,2.7567763
2022-04-09,3,Green_Algae,4.504269,3.0161178
2022-04-10,3,Green_Algae,4.89147,3.6862218
2022-04-11,3,Green_Algae,6.268174,4.47626
2022-04-12,3,Green_Algae,7.3437877,4.956424
2022-04-13,3,Green_Algae,9.499956,5.111924
2022-04-14,3,Green_Algae,10.740788,5.4426236
2022-04-15,3,Green_Algae,8.073318,5.9780674
2022-04-16,3,Green_Algae,7.630758,6.9775286
2022-04-17,3,Green_Algae,6.9328403,7.713762
2022-04-18,3,Green_Algae,6.5577283,6.505118
2022-04-19,3,Green_Algae,3.7500434,5.6465883
2022-04-20,3,Green_Algae,3.4992976,4.587988
2022-04-21,3,Green_Algae,4.348203,4.405874
2022-04-22,3,Green_Algae,5.875435,2.8424942
2022-04-23,3,Green_Algae,8.554278,2.8611662
2022-04-24,3,Green_Algae,10.74772,3.1416626
2022-04-25,3,Green_Algae,10.313055,4.3827996
2022-04-26,3,Green_Algae,10.031486,6.0348225
2022-04-27,3,Green_Algae,9.749915,7.031813
2022-04-28,3,Green_Algae,9.468344,6.118635
2022-04-29,3,Green_Algae,6.3907814,5.718595
2022-04-30,3,Green_Algae,2.7383044,4.95248
2022-05-01,3,Green_Algae,1.9100943,5.0547724
2022-05-02,3,Green_Algae,1.4387971,4.176101
2022-05-03,3,Green_Algae,1.6956812,3.151783
2022-05-04,3,Green_Algae,2.9322464,2.4502835
2022-05-05,3,Green_Algae,4.024558,2.0026424
2022-05-06,3,Green_Algae,7.546461,2.0286918
2022-05-07,3,Green_Algae,8.4868555,2.7971501
2022-05-08,3,Green_Algae,8.025366,4.2589793
2022-05-09,3,Green_Algae,7.563878,6.1764035
2022-05-10,3,Green_Algae,3.786575,7.3526316
2022-05-11,3,Green_Algae,2.6313117,6.172782
2022-05-12,3,Green_Algae,2.673943,4.8389363
2022-05-13,3,Green_Algae,3.6793551,2.5770822
2022-05-14,3,Green_Algae,3.5523696,2.0520823
2022-05-15,3,Green_Algae,2.8397105,2.1492677
2022-05-16,3,Green_Algae,2.6588566,2.3755558
2022-05-17,3,Green_Algae,2.5439029,2.3173792
2022-05-18,3,Green_Algae,1.9558738,2.184279
2022-05-19,3,Green_Algae,2.2352676,2.0673664
2022-05-20,3,Green_Algae,3.8337293,2.14644
2022-05-21,3,Green_Algae,6.6012907,2.1809204
2022-05-22,3,Green_Algae,4.1062393,2.173925
2022-05-23,3,Green_Algae,3.8795009,3.0713975
2022-05-24,3,Green_Algae,3.7486677,5.0755267
2022-05-25,3,Green_Algae,2.5144565,4.759373
2022-05-26,3,Green_Algae,2.628731,3.7468233
2022-05-27,3,Green_Algae,2.336657,3.362404
2022-05-28,3,Green_Algae,1.8927444,2.4832253
2022-05-29,3,Green_Algae,1.7338868,2.3116956
2022-05-30,3,Green_Algae,2.055707,2.1676207
2022-05-31,3,Green_Algae,2.7962682,2.0114102
2022-06-01,3,Green_Algae,2.4670553,1.8233954
2022-06-02,3,Green_Algae,2.5074983,1.8035233
2022-06-03,3,Green_Algae,3.3220377,1.926675
2022-06-04,3,Green_Algae,2.913029,2.0520887
2022-06-05,3,Green_Algae,3.21664,2.1036658
2022-06-06,3,Green_Algae,3.0336015,2.2045414
2022-06-07,3,Green_Algae,2.016884,2.1900568
2022-06-08,3,Green_Algae,0.71460867,2.3088508
2022-06-09,3,Green_Algae,1.4329565,2.3023574
2022-06-10,3,Green_Algae,1.2493777,2.0531309
2022-06-11,3,Green_Algae,1.7778566,1.3623326
2022-06-12,3,Green_Algae,1.9454993,1.241481
2022-06-13,3,Green_Algae,1.383483,1.2138793
2022-06-14,3,Green_Algae,0.17669071,1.3571208
2022-06-15,3,Green_Algae,0.1694878,1.5548333
2022-06-16,3,Green_Algae,1.6111215,1.4366088
2022-06-17,3,Green_Algae,1.4915413,0.95005083
2022-06-18,3,Green_Algae,1.3510724,0.6170874
2022-06-19,3,Green_Algae,1.4114358,0.7858175
2022-06-20,3,Green_Algae,1.2985806,1.1771883
2022-06-21,3,Green_Algae,1.315047,1.587935
2022-06-22,3,Green_Algae,1.1877986,1.9268885
2022-06-23,3,Green_Algae,0.20468882,2.1078033
2022-06-24,3,Green_Algae,0.9321283,2.2543013
2022-06-25,3,Green_Algae,2.667632,2.1979375
2022-06-26,3,Green_Algae,2.3597465,1.43207
2022-06-27,3,Green_Algae,2.4025416,1.3334498
2022-06-28,3,Green_Algae,2.6718307,1.9606138
2022-06-29,3,Green_Algae,2.6384616,2.5316224
2022-06-30,3,Green_Algae,3.7917957,2.8943157
2022-07-01,3,Green_Algae,3.6459014,3.252022
2022-07-02,3,Green_Algae,3.1270165,3.0123677
2022-07-03,3,Green_Algae,2.8873951,3.5828424
2022-07-04,3,Green_Algae,3.3072195,3.869241
2022-07-05,3,Green_Algae,2.865286,3.3995483
2022-07-06,3,Green_Algae,2.9233165,2.7639432
2022-07-07,3,Green_Algae,2.1893845,2.6460152
2022-07-08,3,Green_Algae,1.9153528,2.4495308
2022-07-09,3,Green_Algae,2.0919194,2.4584594
2022-07-10,3,Green_Algae,3.2985039,2.2742836
2022-07-11,3,Green_Algae,4.8211155,2.2464433
2022-07-12,3,Green_Algae,5.138985,2.369635
2022-07-13,3,Green_Algae,5.002174,3.4650662
2022-07-14,3,Green_Algae,9.229062,4.3288164
2022-07-15,3,Green_Algae,8.125591,4.5646815
2022-07-16,3,Green_Algae,7.02212,4.4516377
2022-07-17,3,Green_Algae,5.9186487,5.5262933
2022-07-18,3,Green_Algae,4.815178,6.2093687
2022-07-19,3,Green_Algae,1.9387745,5.475855
2022-07-20,3,Green_Algae,1.5423076,4.817081
2022-07-21,3,Green_Algae,0.75141406,3.8907661
2022-07-22,3,Green_Algae,0.29937363,2.1888545
2022-07-23,3,Green_Algae,1.4023521,1.814068
2022-07-24,3,Green_Algae,4.171111,1.5075464
2022-07-25,3,Green_Algae,0.52041996,1.1122048
2022-07-26,3,Green_Algae,0.0809841,1.3467137
2022-07-27,3,Green_Algae,0.34602904,2.6686008
2022-07-28,3,Green_Algae,0.6430407,1.7073097
2022-07-29,3,Green_Algae,0.75374895,1.0577147
2022-07-30,3,Green_Algae,0.8893367,1.0093559
2022-07-31,3,Green_Algae,1.0249244,1.1779648
2022-08-01,3,Green_Algae,1.160512,1.4288089
2022-08-02,3,Green_Algae,1.2960997,1.6214788
2022-08-03,3,Green_Algae,1.4316874,1.7605538
2022-08-04,3,Green_Algae,1.5672749,1.902845
2022-08-05,3,Green_Algae,1.7028626,2.0380073
2022-08-06,3,Green_Algae,1.8384502,2.26422
2022-08-07,3,Green_Algae,1.9740379,2.1478505
2022-08-08,3,Green_Algae,2.1096256,2.115732
2022-08-09,3,Green_Algae,2.2452133,2.1812685
2022-08-10,3,Green_Algae,2.380801,2.3456342
2022-08-11,3,Green_Algae,2.5163884,2.5188491
2022-08-12,3,Green_Algae,2.651976,2.7779574
2022-08-13,3,Green_Algae,2.7875638,2.9357657
2022-08-14,3,Green_Algae,2.9231515,2.8639355
2022-08-15,3,Green_Algae,3.0587392,3.0117052
2022-08-16,3,Green_Algae,3.1943269,3.5210097
2022-08-17,3,Green_Algae,3.3299146,3.574502
2022-08-18,3,Green_Algae,3.465502,3.4814107
2022-08-19,3,Green_Algae,3.6010897,3.5332398
2022-08-20,3,Green_Algae,3.7366774,3.7190197
2022-08-21,3,Green_Algae,3.872265,3.9731338
2022-08-22,3,Green_Algae,4.0078526,4.0892444
2022-08-23,3,Green_Algae,4.1434402,4.1082993
2022-08-24,3,Green_Algae,4.279028,4.0806894
2022-08-25,3,Green_Algae,4.4146156,4.265233
2022-08-26,3,Green_Algae,4.5502033,4.4464183
2022-08-27,3,Green_Algae,4.685791,4.513451
2022-08-28,3,Green_Algae,4.8213787,4.3719482
2022-08-29,3,Green_Algae,4.9569664,4.325285
2022-08-30,3,Green_Algae,5.092554,4.358709
2022-08-31,3,Green_Algae,5.2281413,4.501087
2022-09-01,3,Green_Algae,5.3637295,4.7971945
2022-09-02,3,Green_Algae,5.499317,5.114043
2022-09-03,3,Green_Algae,5.634905,5.2129297
2022-09-04,3,Green_Algae,5.770492,4.7672024
2022-09-05,3,Green_Algae,5.9060802,4.5563035
2022-09-06,3,Green_Algae,6.0416675,4.5567603
2022-09-07,3,Green_Algae,6.177255,4.486236
2022-09-08,3,Green_Algae,6.312843,4.437827
2022-09-09,3,Green_Algae,6.4484305,4.961758
2022-09-10,3,Green_Algae,6.230826,5.1095805
2022-09-11,3,Green_Algae,8.68992,5.0240517
2022-09-12,3,Green_Algae,7.807916,4.8947306
2022-09-13,3,Green_Algae,8.3521595,5.0059867
2022-09-14,3,Green_Algae,9.356362,5.5888777
2022-09-15,3,Green_Algae,7.107813,5.1398363
2022-09-16,3,Green_Algae,4.4031787,5.4866724
2022-09-17,3,Green_Algae,3.7508175,5.6999164
2022-09-18,3,Green_Algae,6.3141737,5.5723424
2022-09-19,3,Green_Algae,3.516343,4.2173777
2022-09-20,3,Green_Algae,1.5800507,3.6886492
2022-09-21,3,Green_Algae,1.6696308,4.6156464
2022-09-22,3,Green_Algae,1.4959407,4.0926027
2022-09-23,3,Green_Algae,1.615673,2.2216763
2022-09-24,3,Green_Algae,2.0823896,1.8631585
2022-09-25,3,Green_Algae,1.5839247,1.8145053
2022-09-26,3,Green_Algae,1.9809276,1.8871657
2022-09-27,3,Green_Algae,2.3091745,2.13438
2022-09-28,3,Green_Algae,5.5527225,2.3200016
2022-09-29,3,Green_Algae,6.6691623,2.216736
2022-09-30,3,Green_Algae,7.104832,2.200289
2022-10-01,3,Green_Algae,2.6034105,3.4052372
2022-10-02,3,Green_Algae,3.3666306,4.223539
2022-10-03,3,Green_Algae,4.350832,4.3109655
2022-10-04,3,Green_Algae,4.8073153,2.5778918
2022-10-05,3,Green_Algae,3.984971,2.3049126
2022-10-06,3,Green_Algae,3.1910217,2.8696399
2022-10-07,3,Green_Algae,2.3935506,3.816408
2022-10-08,3,Green_Algae,1.82,3.548597
2022-10-09,3,Green_Algae,3.16779,3.0020897
2022-10-10,3,Green_Algae,3.305127,2.4746637
2022-10-11,3,Green_Algae,2.3630557,2.448299
2022-10-12,3,Green_Algae,2.342739,2.7375915
2022-10-13,3,Green_Algae,1.9473406,2.9646583
2022-10-14,3,Green_Algae,2.4178493,2.5380123
2022-10-15,3,Green_Algae,2.2874982,2.4548776
2022-10-16,3,Green_Algae,2.8773642,2.3154867
2022-10-17,3,Green_Algae,1.9032803,2.4555905
2022-10-18,3,Green_Algae,1.3671615,2.7337036
2022-10-19,3,Green_Algae,1.2281462,3.1858482
2022-10-20,3,Green_Algae,1.4357452,2.8044379
2022-10-21,3,Green_Algae,1.8146449,2.2747164
2022-10-22,3,Green_Algae,5.2175727,1.9566619
2022-10-23,3,Green_Algae,1.6347319,2.0282965
2022-10-24,3,Green_Algae,1.3448409,2.0078096
2022-10-25,3,Green_Algae,0.8646165,3.8490334
2022-10-26,3,Green_Algae,0.7161304,2.476734
2022-10-27,3,Green_Algae,0.8117439,1.6992251
2022-10-28,3,Green_Algae,0.9852315,1.3023108
2022-10-29,3,Green_Algae,0.7189863,1.0745685
2022-10-30,3,Green_Algae,0.74040526,1.0504181
2022-10-31,3,Green_Algae,0.3959189,1.1255462
2022-11-01,3,Green_Algae,0.45915672,1.1162759
2022-11-02,3,Green_Algae,0.44663528,1.1624037
2022-11-03,3,Green_Algae,0.5711731,1.1064286
2022-11-04,3,Green_Algae,0.5187971,1.0399585
2022-11-05,3,Green_Algae,0.5168741,1.0272305
2022-11-06,3,Green_Algae,0.99285096,1.0885607
2022-11-07,3,Green_Algae,0.97021586,1.0513916
2022-11-08,3,Green_Algae,3.6827445,1.0389955
2022-11-09,3,Green_Algae,3.2042935,1.2710986
2022-11-10,3,Green_Algae,2.6945007,1.33679
2022-11-11,3,Green_Algae,5.053273,2.9173212
2022-11-12,3,Green_Algae,8.711579,3.9265792
2022-11-13,3,Green_Algae,7.713145,2.609407
2022-11-14,3,Green_Algae,5.1916933,2.8400931
2022-11-15,3,Green_Algae,1.4670622,4.3427935
2022-11-16,3,Green_Algae,0.26871106,4.5131774
2022-11-17,3,Green_Algae,0.32965964,3.7582164
2022-11-18,3,Green_Algae,0.4381694,1.8104717
2022-11-19,3,Green_Algae,1.021942,0.90737516
2022-11-20,3,Green_Algae,1.0667945,0.64456886
2022-11-21,3,Green_Algae,0.9796669,0.72243214
2022-11-22,3,Green_Algae,1.0705576,1.0043119
2022-11-23,3,Green_Algae,1.2641643,1.0519722
2022-11-24,3,Green_Algae,0.9981404,1.0669267
2022-11-25,3,Green_Algae,0.8159957,1.1027023
2022-11-26,3,Green_Algae,1.3945585,1.2255274
2022-11-27,3,Green_Algae,1.6876014,1.1335945
2022-11-28,3,Green_Algae,1.396505,1.0262041
2022-11-29,3,Green_Algae,1.0866112,1.2441491
2022-11-30,3,Green_Algae,1.0804197,1.4472929
2022-12-01,3,Green_Algae,1.0082923,1.5266252
2022-12-02,3,Green_Algae,1.1993546,1.4409263
2022-12-03,3,Green_Algae,1.0384793,1.412916
2022-12-04,3,Green_Algae,0.9513034,1.3940423
2022-12-05,3,Green_Algae,1.4196737,1.4213451
2022-12-06,3,Green_Algae,1.5062437,1.2790672
2022-12-07,3,Green_Algae,1.6673859,1.1006818
2022-12-08,3,Green_Algae,1.7725435,1.2860156
2022-12-09,3,Green_Algae,2.750798,1.2713379
2022-12-10,3,Green_Algae,2.2412164,1.3800318
2022-12-11,3,Green_Algae,0.4060463,1.460498
2022-12-12,3,Green_Algae,0.160492,1.8117793
2022-12-13,3,Green_Algae,0.2686097,1.7022941
2022-12-14,3,Green_Algae,0.31757072,0.9080708
2022-12-15,3,Green_Algae,0.41242754,0.50165796
2022-12-16,3,Green_Algae,0.2809631,0.41719753
2022-12-17,3,Green_Algae,0.4638523,0.46963596
2022-12-18,3,Green_Algae,0.48307028,0.5379779
2022-12-19,3,Green_Algae,0.52901447,0.6729399
2022-12-20,3,Green_Algae,0.41270813,0.6419121
2022-12-21,3,Green_Algae,0.39071897,0.63511354
2022-12-22,3,Green_Algae,0.43844205,0.5935626
2022-12-23,3,Green_Algae,0.27015212,0.6375332
2022-12-24,3,Green_Algae,0.26322237,0.7022896
2022-12-25,3,Green_Algae,0.29721218,0.7907726
2022-12-26,3,Green_Algae,0.25078148,0.7577943
2022-12-27,3,Green_Algae,0.21856004,0.7143678
2022-12-28,3,Green_Algae,0.15966643,0.7450413
2022-12-29,3,Green_Algae,0.24490596,0.77495635
2022-12-30,3,Green_Algae,0.20376809,0.7328647
2022-12-31,3,Green_Algae,0.2882681,0.7154354
2023-01-01,3,Green_Algae,0.09535451,0.7813098
2023-01-02,3,Green_Algae,0.071312584,0.8520359
2023-01-03,3,Green_Algae,0.036156602,0.9346934
2023-01-04,3,Green_Algae,3.252288,0.79759246
2023-01-05,3,Green_Algae,6.237046,0.7487138
2023-01-06,3,Green_Algae,9.221804,0.68646276
2023-01-07,3,Green_Algae,9.225964,2.4660919
2023-01-08,3,Green_Algae,9.2301235,6.400383
2023-01-09,3,Green_Algae,9.234284,7.70269
2023-01-10,3,Green_Algae,9.238444,7.4406624
2023-01-11,3,Green_Algae,9.242605,6.366801
2023-01-12,3,Green_Algae,8.008986,5.670817
2023-01-13,3,Green_Algae,9.353083,5.387476
2023-01-14,3,Green_Algae,6.951903,5.338229
2023-01-15,3,Green_Algae,3.9082983,4.8643703
2023-01-16,3,Green_Algae,3.8983636,4.828724
2023-01-17,3,Green_Algae,3.6625977,4.669916
2023-01-18,3,Green_Algae,2.6919782,2.9238524
2023-01-19,3,Green_Algae,2.5106957,2.6886702
2023-01-20,3,Green_Algae,2.9152644,3.1636152
2023-01-21,3,Green_Algae,3.6604702,2.640945
2023-01-22,3,Green_Algae,7.30152,2.394343
2023-01-23,3,Green_Algae,6.2374687,2.8321805
2023-01-24,3,Green_Algae,5.173418,3.6528084
2023-01-25,3,Green_Algae,4.7855973,5.21966
2023-01-26,3,Green_Algae,4.944407,6.2201085
2023-01-27,3,Green_Algae,5.020905,4.2933564
2023-01-28,3,Green_Algae,4.1378713,2.9999938
2023-01-29,3,Green_Algae,3.5290515,2.9846342
2023-01-30,3,Green_Algae,3.2179534,3.552182
2023-01-31,3,Green_Algae,5.3130965,3.1780343
2023-02-01,3,Green_Algae,7.0447626,2.9123745
2023-02-02,3,Green_Algae,9.122445,2.6428583
2023-02-03,3,Green_Algae,6.014926,3.855056
2023-02-04,3,Green_Algae,5.961019,4.90216
2023-02-05,3,Green_Algae,5.907112,5.530442
2023-02-06,3,Green_Algae,5.853205,4.4326096
2023-02-07,3,Green_Algae,8.160051,3.995838
2023-02-08,3,Green_Algae,7.2787995,4.245245
2023-02-09,3,Green_Algae,6.3975487,4.40338
2023-02-10,3,Green_Algae,1.4237877,4.9664426
2023-02-11,3,Green_Algae,1.1469333,4.799333
2023-02-12,3,Green_Algae,0.77981836,4.1615076
2023-02-13,3,Green_Algae,0.90640306,1.5032005
2023-02-14,3,Green_Algae,0.18429561,0.9550763
2023-02-15,3,Green_Algae,0.09019138,0.6604991
2023-02-16,3,Green_Algae,0.06921226,0.60253394
2023-02-17,3,Green_Algae,0.09716904,0.44922253
2023-02-18,3,Green_Algae,0.5358182,0.29926246
2023-02-19,3,Green_Algae,0.73984677,0.23487206
2023-02-20,3,Green_Algae,0.9485524,0.24794272
2023-02-21,3,Green_Algae,0.88800627,0.40278113
2023-02-22,3,Green_Algae,0.77299947,0.563672
2023-02-23,3,Green_Algae,0.8697355,0.6609681
2023-02-24,3,Green_Algae,0.9345164,0.6406396
2023-02-25,3,Green_Algae,0.5437155,0.6077205
2023-02-26,3,Green_Algae,0.35603827,0.69286525
2023-02-27,3,Green_Algae,0.2848945,0.717504
2023-02-28,3,Green_Algae,0.9269008,0.5788791
2023-03-01,3,Green_Algae,1.0543281,0.4402246
2023-03-02,3,Green_Algae,0.82646257,0.40938175
2023-03-03,3,Green_Algae,0.41406226,0.6396511
2023-03-04,3,Green_Algae,0.43284735,0.792641
2023-03-05,3,Green_Algae,0.34657025,0.73591703
2023-03-06,3,Green_Algae,0.24229686,0.5781926
2023-03-07,3,Green_Algae,0.28762135,0.5228498
2023-03-08,3,Green_Algae,0.23873465,0.4837379
2023-03-09,3,Green_Algae,0.20506701,0.45053932
2023-03-10,3,Green_Algae,0.12347253,0.4736016
2023-03-11,3,Green_Algae,0.08151744,0.4599893
2023-03-12,3,Green_Algae,0.14753455,0.4675299
2023-03-13,3,Green_Algae,0.08237493,0.4707647
2023-03-14,3,Green_Algae,0.036238365,0.47584692
2023-03-15,3,Green_Algae,0.1186852,0.5169528
2023-03-16,3,Green_Algae,0.17207983,0.6214238
2023-03-17,3,Green_Algae,0.24798092,0.580412
2023-03-18,3,Green_Algae,0.23571466,0.58263916
2023-03-19,3,Green_Algae,0.16183792,0.61736697
2023-03-20,3,Green_Algae,0.40782675,0.64287823
2023-03-21,3,Green_Algae,0.101640604,0.67607385
2023-03-22,3,Green_Algae,0.5060475,0.6643712
2023-03-23,3,Green_Algae,2.69248,0.77361554
2023-03-24,3,Green_Algae,1.9497765,0.7165848
2023-03-25,3,Green_Algae,1.3316832,0.90886354
2023-03-26,3,Green_Algae,2.578498,2.0592933
2023-03-27,3,Green_Algae,2.0630136,2.7861638
2023-03-28,3,Green_Algae,1.7380223,1.4511594
2023-03-29,3,Green_Algae,1.37283,1.2189405
2023-03-30,3,Green_Algae,1.1725881,1.0728824
2023-03-31,3,Green_Algae,0.9683462,0.9841725
2023-04-01,3,Green_Algae,0.71395975,1.0420719
2023-04-02,3,Green_Algae,0.683174,1.0243162
2023-04-03,3,Green_Algae,0.75986,1.0071082
2023-04-04,3,Green_Algae,0.6773602,1.007888
2023-04-05,3,Green_Algae,1.834648,0.9537072
2023-04-06,3,Green_Algae,4.089308,0.97108454
2023-04-07,3,Green_Algae,2.2397137,0.90773773
2023-04-08,3,Green_Algae,1.7206718,1.0511748
2023-04-09,3,Green_Algae,1.4219851,1.282656
2023-04-10,3,Green_Algae,1.2250155,1.3166564
2023-04-11,3,Green_Algae,0.8648579,1.326754
2023-04-12,3,Green_Algae,0.56595254,1.106429
2023-04-13,3,Green_Algae,0.50567454,0.99700904
2023-04-14,3,Green_Algae,0.66647476,0.88305944
2023-04-15,3,Green_Algae,1.0466163,0.85276765
2023-04-16,3,Green_Algae,1.2097328,0.93580997
2023-04-17,3,Green_Algae,2.6901345,1.144803
2023-04-18,3,Green_Algae,2.477803,1.3901539
2023-04-19,3,Green_Algae,2.09581,1.3915203
2023-04-20,3,Green_Algae,1.6294928,2.1558197
2023-04-21,3,Green_Algae,1.3932893,2.423978
2023-04-22,3,Green_Algae,0.9884703,1.9196
2023-04-23,3,Green_Algae,0.9850644,1.6522856
2023-04-24,3,Green_Algae,1.0676374,1.573723
2023-04-25,3,Green_Algae,1.3244078,1.3605977
2023-04-26,3,Green_Algae,0.6416333,1.261777
2023-04-27,3,Green_Algae,0.27814546,1.0985342
2023-04-28,3,Green_Algae,1.3145058,1.3195196
2023-04-29,3,Green_Algae,3.2526584,1.2053648
2023-04-30,3,Green_Algae,3.1499057,0.920083
2023-05-01,3,Green_Algae,1.6380941,1.2247149
2023-05-02,3,Green_Algae,4.1922054,2.2931948
2023-05-03,3,Green_Algae,5.529419,2.8645432
2023-05-04,3,Green_Algae,6.2632565,1.680994
2023-05-05,3,Green_Algae,6.8380823,2.4234626
2023-05-06,3,Green_Algae,7.412908,3.9357822
2023-05-07,3,Green_Algae,4.079104,5.109827
2023-05-08,3,Green_Algae,2.2593377,6.162258
2023-05-09,3,Green_Algae,1.9581879,5.947199
2023-05-10,3,Green_Algae,2.4479287,3.1723766
2023-05-11,3,Green_Algae,2.7059772,1.7028824
2023-05-12,3,Green_Algae,2.3598123,1.4514846
2023-05-13,3,Green_Algae,1.7751207,1.3255341
2023-05-14,3,Green_Algae,1.2882135,1.2845421
2023-05-15,3,Green_Algae,1.0123258,1.2808747
2023-05-16,3,Green_Algae,1.0217282,1.1403877
2023-05-17,3,Green_Algae,0.8613485,1.0135125
2023-05-18,3,Green_Algae,1.1611063,1.0033704
2023-05-19,3,Green_Algae,0.9660143,1.1638759
2023-05-20,3,Green_Algae,0.79129213,1.1517409
2023-05-21,3,Green_Algae,1.006314,1.3484211
2023-05-22,3,Green_Algae,0.55901504,1.344584
2023-05-23,3,Green_Algae,0.46997598,1.2075837
2023-05-24,3,Green_Algae,0.31273833,1.3085339
2023-05-25,3,Green_Algae,0.29093453,1.1231263
2023-05-26,3,Green_Algae,0.25067583,1.0288593
2023-05-27,3,Green_Algae,0.42133546,0.9196946
2023-05-28,3,Green_Algae,1.3887391,0.8594351
2023-05-29,3,Green_Algae,2.5463135,0.8110921
2023-05-30,3,Green_Algae,2.2533908,0.897937
2023-05-31,3,Green_Algae,3.1068542,1.4040356
2023-06-01,3,Green_Algae,2.7869723,2.2849607
2023-06-02,3,Green_Algae,2.4034996,2.4045312
2023-06-03,3,Green_Algae,1.0539821,3.0287771
2023-06-04,3,Green_Algae,0.93468004,2.7679477
2023-06-05,3,Green_Algae,0.4879697,1.8855994
2023-06-06,3,Green_Algae,0.8998942,1.2057222
2023-06-07,3,Green_Algae,1.3108021,0.910555
2023-06-08,3,Green_Algae,1.019688,0.7106869
2023-06-09,3,Green_Algae,0.46447587,0.8288845
2023-06-10,3,Green_Algae,0.49861857,1.064011
2023-06-11,3,Green_Algae,0.61284125,1.1927745
2023-06-12,3,Green_Algae,0.6797172,1.0196449
2023-06-13,3,Green_Algae,0.7083528,0.8836986
2023-06-14,3,Green_Algae,0.35401052,0.89159757
2023-06-15,3,Green_Algae,0.41286027,0.97325546
2023-06-16,3,Green_Algae,0.2804898,1.0496279
2023-06-17,3,Green_Algae,0.2304269,0.9538168
2023-06-18,3,Green_Algae,0.5143521,0.9005295
2023-06-19,3,Green_Algae,0.5725395,0.81086516
2023-06-20,3,Green_Algae,1.4189571,0.74561375
2023-06-21,3,Green_Algae,3.0382833,0.90825814
2023-06-22,3,Green_Algae,3.1065986,1.0234213
2023-06-23,3,Green_Algae,1.9374653,1.3695558
2023-06-24,3,Green_Algae,1.1924785,2.400246
2023-06-25,3,Green_Algae,1.0128819,3.474299
2023-06-26,3,Green_Algae,1.2879117,2.8826911
2023-06-27,3,Green_Algae,1.1464972,1.8930079
2023-06-28,3,Green_Algae,4.1690407,1.6262201
2023-06-29,3,Green_Algae,5.1483574,1.5309355
2023-06-30,3,Green_Algae,4.417229,1.5225154
2023-07-01,3,Green_Algae,3.0753262,3.4188833
2023-07-02,3,Green_Algae,2.3679974,5.3095202
2023-07-03,3,Green_Algae,3.1175823,5.2246604
2023-07-04,3,Green_Algae,5.006934,4.1887264
2023-07-05,3,Green_Algae,6.813222,3.0461617
2023-07-06,3,Green_Algae,7.1008797,3.3501353
2023-07-07,3,Green_Algae,7.8447523,4.7006407
2023-07-08,3,Green_Algae,7.1713324,5.6402044
2023-07-09,3,Green_Algae,7.92671,6.100327
2023-07-10,3,Green_Algae,7.4939637,6.3164845
2023-07-11,3,Green_Algae,5.54597,6.419396
2023-07-12,3,Green_Algae,4.022008,6.268788
2023-07-13,3,Green_Algae,3.7216525,5.6492205
2023-07-14,3,Green_Algae,2.7944505,4.6086893
2023-07-15,3,Green_Algae,2.0034344,3.8070343
2023-07-16,3,Green_Algae,1.4967204,3.648191
2023-07-17,3,Green_Algae,1.3990573,3.4882085
2023-07-18,3,Green_Algae,1.0275207,3.0289235
2023-07-19,3,Green_Algae,1.0186292,2.434329
2023-07-20,3,Green_Algae,1.734702,2.3854249
2023-07-21,3,Green_Algae,3.5428689,2.1361759
2023-07-22,3,Green_Algae,8.218171,2.020164
2023-07-23,3,Green_Algae,8.601586,2.5979242
2023-07-24,3,Green_Algae,9.032261,3.8881707
2023-07-25,3,Green_Algae,8.793951,5.2689023
2023-07-26,3,Green_Algae,6.349499,6.1827393
2023-07-27,3,Green_Algae,4.783891,6.22996
2023-07-28,3,Green_Algae,2.371833,5.867171
2023-07-29,3,Green_Algae,1.8697046,4.5957274
2023-07-30,3,Green_Algae,2.1430004,3.4907122
2023-07-31,3,Green_Algae,2.687552,2.297256
2023-08-01,3,Green_Algae,2.8441966,2.0472825
2023-08-02,3,Green_Algae,3.3121603,2.521361
2023-08-03,3,Green_Algae,4.9291377,2.910092
2023-08-04,3,Green_Algae,5.591187,3.9126427
2023-08-05,3,Green_Algae,8.544591,4.7843494
2023-08-06,3,Green_Algae,8.778641,5.665901
2023-08-07,3,Green_Algae,9.01269,6.0177093
2023-08-08,3,Green_Algae,9.246739,6.212806
2023-08-09,3,Green_Algae,6.3150916,6.1872206
2023-08-10,3,Green_Algae,5.0038095,5.5137906
2023-08-11,3,Green_Algae,3.3346193,5.2217255
2023-08-12,3,Green_Algae,2.5525656,5.3700557
2023-08-13,3,Green_Algae,3.0647385,4.2546334
2023-08-14,3,Green_Algae,5.879216,3.5954764
2023-08-15,3,Green_Algae,6.031285,3.0842
2023-08-16,3,Green_Algae,4.687024,3.7261744
2023-08-17,3,Green_Algae,1.2427475,4.6964517
2023-08-18,3,Green_Algae,0.8998853,4.916012
2023-08-19,3,Green_Algae,0.66447395,3.7364693
2023-08-20,3,Green_Algae,0.51328796,1.3817247
2023-08-21,3,Green_Algae,0.45516005,0.911772
2023-08-22,3,Green_Algae,0.3003116,0.81992865
2023-08-23,3,Green_Algae,0.28055164,0.8479803
2023-08-24,3,Green_Algae,0.2979189,0.7874311
2023-08-25,3,Green_Algae,0.2403409,0.68253547
2023-08-26,3,Green_Algae,0.44934124,0.73956585
2023-08-27,3,Green_Algae,0.41253313,0.7040809
2023-08-28,3,Green_Algae,0.5238057,0.74629414
2023-08-29,3,Green_Algae,1.458634,0.7829175
2023-08-30,3,Green_Algae,0.76870924,0.91975373
2023-08-31,3,Green_Algae,1.4702122,0.87887454
2023-09-01,3,Green_Algae,0.9918718,0.99911267
2023-09-02,3,Green_Algae,0.91562474,1.0957304
2023-09-03,3,Green_Algae,0.70573056,1.1743578
2023-09-04,3,Green_Algae,0.6742999,1.164773
2023-09-05,3,Green_Algae,1.3842525,1.2050097
2023-09-06,3,Green_Algae,4.9435377,1.1433389
2023-09-07,3,Green_Algae,3.897788,1.1010543
2023-09-08,3,Green_Algae,1.5145657,1.0082836
2023-09-09,3,Green_Algae,0.6406925,1.3694853
2023-09-10,3,Green_Algae,0.33638895,1.4950231
2023-09-11,3,Green_Algae,0.10094779,1.3004678
2023-09-12,3,Green_Algae,0.09816431,1.0572786
2023-09-13,3,Green_Algae,0.2952668,0.96202546
2023-09-14,3,Green_Algae,0.7073095,0.7989472
2023-09-15,3,Green_Algae,1.220801,0.7396919
2023-09-16,3,Green_Algae,0.82873017,0.68069696
2023-09-17,3,Green_Algae,0.7083514,0.8117696
2023-09-18,3,Green_Algae,1.3472247,1.1434256
2023-09-19,3,Green_Algae,1.9606476,1.1623781
2023-09-20,3,Green_Algae,3.1551094,1.0519781
2023-09-21,3,Green_Algae,4.03383,1.2156299
2023-09-22,3,Green_Algae,3.11515,1.524149
2023-09-23,3,Green_Algae,3.0413108,2.4952211
2023-09-24,3,Green_Algae,3.025897,3.2963824
2023-09-25,3,Green_Algae,2.150364,3.057999
2023-09-26,3,Green_Algae,2.4681423,2.739529
2023-09-27,3,Green_Algae,2.4991379,2.290386
2023-09-28,3,Green_Algae,2.2806215,1.8198369
2023-09-29,3,Green_Algae,1.9233941,1.8717253
2023-09-30,3,Green_Algae,1.7363886,1.8203573
2023-10-01,3,Green_Algae,2.0806055,1.7872212
2023-10-02,3,Green_Algae,1.3755308,1.6856066
2023-10-03,3,Green_Algae,1.3721676,1.479397
2023-10-04,3,Green_Algae,1.5986129,1.520938
2023-10-05,3,Green_Algae,1.1944014,1.3122894
2023-10-06,3,Green_Algae,0.4352867,1.1350247
2023-10-07,3,Green_Algae,0.038954273,1.2321929
2023-10-08,3,Green_Algae,0.005254514,1.1239779
2023-10-09,3,Green_Algae,0.00022059257,0.7623628
2023-10-10,3,Green_Algae,0.07396206,0.4603187
2023-10-11,3,Green_Algae,0.0044502877,0.339001
2023-10-12,3,Green_Algae,0.21425903,0.36121988
2023-10-13,3,Green_Algae,0.4240678,0.41497242
2023-10-14,3,Green_Algae,1.2040071,0.4023296
2023-10-15,3,Green_Algae,1.538577,0.49779987
2023-10-16,3,Green_Algae,0.91931796,0.66687703
2023-10-17,3,Green_Algae,0.49678364,1.0290513
2023-10-18,3,Green_Algae,0.27720237,1.2860694
2023-10-19,3,Green_Algae,0.060109414,0.9607349
2023-10-20,3,Green_Algae,0.0003220112,0.6776313
2023-10-21,3,Green_Algae,0.0012375681,0.512952
2023-10-22,3,Green_Algae,0.0032772026,0.3180902
2023-10-23,3,Green_Algae,0.0053168214,0.23451525
2023-10-24,3,Green_Algae,0.0073564914,0.11291916
2023-10-25,3,Green_Algae,0.009396112,0.103233844
2023-10-26,3,Green_Algae,0.01143575,0.092755705
2023-10-27,3,Green_Algae,0.00014706633,0.11990142
2023-10-28,3,Green_Algae,0.00014947286,0.18092695
2023-10-29,3,Green_Algae,0.00015179641,0.18671809
2023-10-30,3,Green_Algae,0.0036961709,0.15034992
2023-10-31,3,Green_Algae,5.8028803e-05,0.12089443
2023-11-01,3,Green_Algae,0.005072786,0.15861303
2023-11-02,3,Green_Algae,0.009415459,0.21408252
2023-11-03,3,Green_Algae,0.23354869,0.2609049
2023-11-04,3,Green_Algae,0.19017506,0.3149074
2023-11-05,3,Green_Algae,0.29466212,0.27421305
2023-11-06,3,Green_Algae,0.52662814,0.3350271
2023-11-07,3,Green_Algae,0.14937869,0.3909897
2023-11-08,3,Green_Algae,0.051346254,0.51245445
2023-11-09,3,Green_Algae,0.0022525839,0.59517694
2023-11-10,3,Green_Algae,0.0037495536,0.49030936
2023-11-11,3,Green_Algae,0.00026789785,0.35544297
2023-11-12,3,Green_Algae,0.00030059792,0.30104285
2023-11-13,3,Green_Algae,0.00033329905,0.30585006
2023-11-14,3,Green_Algae,0.014367214,0.31821433
2023-11-15,3,Green_Algae,0.03973635,0.36486772
2023-11-16,3,Green_Algae,0.08579548,0.37062898
2023-11-17,3,Green_Algae,0.023645498,0.44533822
2023-11-18,3,Green_Algae,0.012744074,0.49629664
2023-11-19,3,Green_Algae,0.013970377,0.51057655
2023-11-20,3,Green_Algae,0.045104496,0.49092764
2023-11-21,3,Green_Algae,0.14602937,0.5122744
2023-11-22,3,Green_Algae,0.18774286,0.41434526
2023-11-23,3,Green_Algae,0.12678686,0.38294056
2023-11-24,3,Green_Algae,0.06583095,0.32298037
2023-11-25,3,Green_Algae,0.0048749987,0.33778834
2023-11-26,3,Green_Algae,0.01300342,0.5070037
2023-11-27,3,Green_Algae,0.0009985091,0.52638406
2023-11-28,3,Green_Algae,0.3965642,0.42752314
2023-11-29,3,Green_Algae,0.7921298,0.35956427
2023-11-30,3,Green_Algae,1.1876955,0.37248367
2023-12-01,3,Green_Algae,0.5417547,0.5242782
2023-12-02,3,Green_Algae,0.28317368,0.7844948
2023-12-03,3,Green_Algae,0.26998764,1.1048107
2023-12-04,3,Green_Algae,0.041641086,0.8228179
2023-12-05,3,Green_Algae,0.007523836,0.55265325
2023-12-06,3,Green_Algae,0.0014946325,0.48698002
2023-12-07,3,Green_Algae,0.051200677,0.4047791
2023-12-08,3,Green_Algae,0.031184377,0.40432042
2023-12-09,3,Green_Algae,0.320014,0.34725016
2023-12-10,3,Green_Algae,0.19122079,0.33650658
2023-12-11,3,Green_Algae,0.9545549,0.318291
2023-12-12,3,Green_Algae,2.0166812,0.49276677
2023-12-13,3,Green_Algae,1.8324066,0.5436315
2023-12-14,3,Green_Algae,1.3901647,0.88121265
2023-12-15,3,Green_Algae,2.1495306,1.4901487
2023-12-16,3,Green_Algae,1.2279633,1.5512929
2023-12-17,3,Green_Algae,0.5186076,1.3429699
2023-12-18,3,Green_Algae,0.2195702,1.1893802
2023-12-19,3,Green_Algae,0.2801519,0.9616839
2023-12-20,3,Green_Algae,0.20370297,0.6089598
2023-12-21,3,Green_Algae,0.061779305,0.45196152
2023-12-22,3,Green_Algae,0.047017764,0.4997113
2023-12-23,3,Green_Algae,0.0322563,0.4610225
2023-12-24,3,Green_Algae,0.017494831,0.4088776
2023-12-25,3,Green_Algae,0.0027333545,0.41551843
2023-12-26,3,Green_Algae,0.0019698853,0.42330897
2023-12-27,3,Green_Algae,1.632065,0.42239982
2023-12-28,3,Green_Algae,2.6889994,0.4232962
2023-12-29,3,Green_Algae,2.2090032,0.47208187
