date,horizon,target,true_value,pred_value
2020-10-28,1,Green_Algae,8.1705065,5.301296
2020-10-29,1,Green_Algae,11.725673,6.9854965
2020-10-30,1,Green_Algae,12.17853,8.368446
2020-10-31,1,Green_Algae,6.110087,8.942101
2020-11-01,1,Green_Algae,7.4780245,6.878978
2020-11-02,1,Green_Algae,7.0332804,6.895515
2020-11-03,1,Green_Algae,4.4513035,6.502686
2020-11-04,1,Green_Algae,4.2465425,4.674246
2020-11-05,1,Green_Algae,3.1390948,4.2536926
2020-11-06,1,Green_Algae,4.8471107,3.6039262
2020-11-07,1,Green_Algae,8.74932,5.385638
2020-11-08,1,Green_Algae,3.445326,7.6674457
2020-11-09,1,Green_Algae,2.8215373,4.4741817
2020-11-10,1,Green_Algae,2.7152398,3.2528017
2020-11-11,1,Green_Algae,2.8748477,2.7983334
2020-11-12,1,Green_Algae,2.8452773,3.3800714
2020-11-13,1,Green_Algae,3.2272646,3.7733362
2020-11-14,1,Green_Algae,4.012611,4.092718
2020-11-15,1,Green_Algae,3.7066593,4.4668026
2020-11-16,1,Green_Algae,7.032859,4.766944
2020-11-17,1,Green_Algae,7.8307257,6.995333
2020-11-18,1,Green_Algae,7.7718787,7.6910915
2020-11-19,1,Green_Algae,8.549044,7.859227
2020-11-20,1,Green_Algae,9.32621,8.438056
2020-11-21,1,Green_Algae,7.3450155,8.403506
2020-11-22,1,Green_Algae,8.40237,7.651561
2020-11-23,1,Green_Algae,5.0805078,7.7250013
2020-11-24,1,Green_Algae,4.5977955,6.21522
2020-11-25,1,Green_Algae,4.178378,4.9850364
2020-11-26,1,Green_Algae,8.567597,4.4371414
2020-11-27,1,Green_Algae,5.6399274,7.2837577
2020-11-28,1,Green_Algae,4.2971926,6.485466
2020-11-29,1,Green_Algae,4.177417,5.347161
2020-11-30,1,Green_Algae,2.1808684,4.609993
2020-12-01,1,Green_Algae,2.1362128,2.4039862
2020-12-02,1,Green_Algae,2.365832,2.2374246
2020-12-03,1,Green_Algae,1.8928292,2.9958255
2020-12-04,1,Green_Algae,2.1390448,2.5911593
2020-12-05,1,Green_Algae,1.6092981,2.7616365
2020-12-06,1,Green_Algae,1.7672431,2.2214704
2020-12-07,1,Green_Algae,2.0092976,2.332701
2020-12-08,1,Green_Algae,2.0687907,2.8105185
2020-12-09,1,Green_Algae,2.93475,2.4699955
2020-12-10,1,Green_Algae,2.2710211,4.2740717
2020-12-11,1,Green_Algae,1.7623245,3.4155922
2020-12-12,1,Green_Algae,3.7399058,2.1951847
2020-12-13,1,Green_Algae,7.407639,4.3849072
2020-12-14,1,Green_Algae,1.9868814,7.6991305
2020-12-15,1,Green_Algae,1.3638422,3.0341709
2020-12-16,1,Green_Algae,1.3426266,1.7249501
2020-12-17,1,Green_Algae,1.2532657,1.6083342
2020-12-18,1,Green_Algae,1.2750503,1.684563
2020-12-19,1,Green_Algae,1.6216208,1.9757465
2020-12-20,1,Green_Algae,2.156505,2.5274522
2020-12-21,1,Green_Algae,1.9927878,3.2611394
2020-12-22,1,Green_Algae,1.9692179,3.3453403
2020-12-23,1,Green_Algae,2.3798406,3.2794328
2020-12-24,1,Green_Algae,3.1014483,4.348232
2020-12-25,1,Green_Algae,2.8246055,4.0828853
2020-12-26,1,Green_Algae,2.7126286,3.38349
2020-12-27,1,Green_Algae,3.4823534,3.4264998
2020-12-28,1,Green_Algae,8.607523,4.424748
2020-12-29,1,Green_Algae,8.2660055,8.005526
2020-12-30,1,Green_Algae,7.924486,9.020372
2020-12-31,1,Green_Algae,6.428473,8.272024
2021-01-01,1,Green_Algae,2.98945,6.8391385
2021-01-02,1,Green_Algae,1.3053657,3.2970817
2021-01-03,1,Green_Algae,1.2917366,1.3213114
2021-01-04,1,Green_Algae,1.1487111,1.2031423
2021-01-05,1,Green_Algae,1.2107966,1.8099756
2021-01-06,1,Green_Algae,1.9978639,2.0041955
2021-01-07,1,Green_Algae,3.2746053,3.3193216
2021-01-08,1,Green_Algae,1.283966,4.368978
2021-01-09,1,Green_Algae,1.3706295,1.8630275
2021-01-10,1,Green_Algae,0.95188135,1.7388492
2021-01-11,1,Green_Algae,1.2131643,1.5332178
2021-01-12,1,Green_Algae,2.0453835,1.8455389
2021-01-13,1,Green_Algae,2.094508,3.122191
2021-01-14,1,Green_Algae,2.0917065,3.4126797
2021-01-15,1,Green_Algae,1.7256553,3.6760778
2021-01-16,1,Green_Algae,2.0362563,3.2116709
2021-01-17,1,Green_Algae,3.533249,3.9465702
2021-01-18,1,Green_Algae,3.6137555,4.634133
2021-01-19,1,Green_Algae,3.1941895,4.932666
2021-01-20,1,Green_Algae,4.403502,4.774733
2021-01-21,1,Green_Algae,5.758683,6.9405813
2021-01-22,1,Green_Algae,6.35937,7.6304836
2021-01-23,1,Green_Algae,8.876309,7.877895
2021-01-24,1,Green_Algae,5.43191,8.258327
2021-01-25,1,Green_Algae,6.235949,7.3452716
2021-01-26,1,Green_Algae,6.5830173,7.285142
2021-01-27,1,Green_Algae,7.649797,6.8476295
2021-01-28,1,Green_Algae,5.225948,6.5501
2021-01-29,1,Green_Algae,7.1872573,5.8049145
2021-01-30,1,Green_Algae,7.827323,6.128821
2021-01-31,1,Green_Algae,6.1937,6.653548
2021-02-01,1,Green_Algae,5.721615,6.5205936
2021-02-02,1,Green_Algae,5.1455975,6.218621
2021-02-03,1,Green_Algae,4.142368,5.930684
2021-02-04,1,Green_Algae,4.6842937,5.066555
2021-02-05,1,Green_Algae,4.7972736,5.497924
2021-02-06,1,Green_Algae,4.5424547,6.045321
2021-02-07,1,Green_Algae,4.4105067,6.056066
2021-02-08,1,Green_Algae,4.6066475,5.6383343
2021-02-09,1,Green_Algae,5.280211,5.7975607
2021-02-10,1,Green_Algae,7.288978,6.0414824
2021-02-11,1,Green_Algae,4.65887,6.589034
2021-02-12,1,Green_Algae,3.413034,5.298393
2021-02-13,1,Green_Algae,8.17764,4.254457
2021-02-14,1,Green_Algae,5.1429377,7.01679
2021-02-15,1,Green_Algae,4.1539435,6.85437
2021-02-16,1,Green_Algae,4.581317,5.862208
2021-02-17,1,Green_Algae,4.9817367,6.092026
2021-02-18,1,Green_Algae,3.35322,5.1716623
2021-02-19,1,Green_Algae,4.2448187,4.3116035
2021-02-20,1,Green_Algae,4.0317235,5.180416
2021-02-21,1,Green_Algae,4.087482,4.9474874
2021-02-22,1,Green_Algae,3.9634469,5.1937323
2021-02-23,1,Green_Algae,4.5633674,4.957843
2021-02-24,1,Green_Algae,4.220355,5.1706586
2021-02-25,1,Green_Algae,5.1449275,4.9539967
2021-02-26,1,Green_Algae,5.1236477,5.664691
2021-02-27,1,Green_Algae,4.096351,5.905426
2021-02-28,1,Green_Algae,3.4184105,5.1540604
2021-03-01,1,Green_Algae,2.6066442,4.324095
2021-03-02,1,Green_Algae,2.469205,3.036026
2021-03-03,1,Green_Algae,3.3989074,3.25666
2021-03-04,1,Green_Algae,2.2061434,5.087579
2021-03-05,1,Green_Algae,0.93730825,2.95288
2021-03-06,1,Green_Algae,0.17130968,1.3442813
2021-03-07,1,Green_Algae,0.21163534,0.6418723
2021-03-08,1,Green_Algae,0.51324403,0.664918
2021-03-09,1,Green_Algae,0.7416932,1.3414358
2021-03-10,1,Green_Algae,1.1518161,1.6652094
2021-03-11,1,Green_Algae,3.0430608,2.8563774
2021-03-12,1,Green_Algae,5.624233,5.77331
2021-03-13,1,Green_Algae,9.781874,7.798625
2021-03-14,1,Green_Algae,6.138524,9.354383
2021-03-15,1,Green_Algae,5.632489,8.18858
2021-03-16,1,Green_Algae,4.6865773,7.083456
2021-03-17,1,Green_Algae,4.3283215,5.41587
2021-03-18,1,Green_Algae,3.7387772,3.8717427
2021-03-19,1,Green_Algae,2.8026774,3.6722548
2021-03-20,1,Green_Algae,3.1857598,3.2554703
2021-03-21,1,Green_Algae,2.456903,3.6548212
2021-03-22,1,Green_Algae,0.9018451,2.9040017
2021-03-23,1,Green_Algae,0.6790297,1.7800868
2021-03-24,1,Green_Algae,1.005638,1.4591876
2021-03-25,1,Green_Algae,0.83578366,1.7222705
2021-03-26,1,Green_Algae,1.0689725,1.6612024
2021-03-27,1,Green_Algae,1.7590731,2.127887
2021-03-28,1,Green_Algae,4.083432,3.4991903
2021-03-29,1,Green_Algae,7.1401954,5.998789
2021-03-30,1,Green_Algae,10.209595,8.336945
2021-03-31,1,Green_Algae,10.649694,9.339075
2021-04-01,1,Green_Algae,9.618863,9.3487425
2021-04-02,1,Green_Algae,9.679638,8.557553
2021-04-03,1,Green_Algae,8.492021,7.138875
2021-04-04,1,Green_Algae,5.522469,6.5155907
2021-04-05,1,Green_Algae,3.8875976,4.9894915
2021-04-06,1,Green_Algae,3.7225616,4.118905
2021-04-07,1,Green_Algae,4.1317596,4.269712
2021-04-08,1,Green_Algae,3.7241824,4.8717685
2021-04-09,1,Green_Algae,2.9264905,4.521065
2021-04-10,1,Green_Algae,3.0117583,4.098992
2021-04-11,1,Green_Algae,3.7558973,4.392297
2021-04-12,1,Green_Algae,7.548631,5.311555
2021-04-13,1,Green_Algae,8.276589,7.7846117
2021-04-14,1,Green_Algae,7.5179367,8.819022
2021-04-15,1,Green_Algae,7.9862165,8.743114
2021-04-16,1,Green_Algae,8.454495,8.088787
2021-04-17,1,Green_Algae,10.411622,7.6745725
2021-04-18,1,Green_Algae,8.3863945,8.485027
2021-04-19,1,Green_Algae,7.374504,7.8524914
2021-04-20,1,Green_Algae,7.4743953,7.4328294
2021-04-21,1,Green_Algae,7.563512,7.2367635
2021-04-22,1,Green_Algae,9.42714,7.436852
2021-04-23,1,Green_Algae,9.938813,8.288289
2021-04-24,1,Green_Algae,9.186256,8.996331
2021-04-25,1,Green_Algae,13.211926,9.267886
2021-04-26,1,Green_Algae,11.542995,9.612689
2021-04-27,1,Green_Algae,8.482055,8.413506
2021-04-28,1,Green_Algae,4.98898,6.687346
2021-04-29,1,Green_Algae,3.1451302,4.2511864
2021-04-30,1,Green_Algae,3.3468668,3.38533
2021-05-01,1,Green_Algae,8.648813,3.759658
2021-05-02,1,Green_Algae,10.776056,6.7960567
2021-05-03,1,Green_Algae,10.448346,8.061166
2021-05-04,1,Green_Algae,5.103333,8.556134
2021-05-05,1,Green_Algae,5.319554,6.7704005
2021-05-06,1,Green_Algae,6.643535,6.077518
2021-05-07,1,Green_Algae,6.72064,6.818699
2021-05-08,1,Green_Algae,10.374625,6.9149694
2021-05-09,1,Green_Algae,12.880029,8.119142
2021-05-10,1,Green_Algae,9.980102,9.235893
2021-05-11,1,Green_Algae,10.452174,8.824889
2021-05-12,1,Green_Algae,10.924248,9.170734
2021-05-13,1,Green_Algae,11.39632,9.411302
2021-05-14,1,Green_Algae,11.868393,10.128736
2021-05-15,1,Green_Algae,10.393691,9.436779
2021-05-16,1,Green_Algae,7.7878942,8.5104
2021-05-17,1,Green_Algae,7.7099423,7.37173
2021-05-18,1,Green_Algae,7.9545946,7.138912
2021-05-19,1,Green_Algae,6.14866,7.696443
2021-05-20,1,Green_Algae,6.4745946,6.8775935
2021-05-21,1,Green_Algae,6.249631,6.964409
2021-05-22,1,Green_Algae,9.313534,6.641055
2021-05-23,1,Green_Algae,8.771644,7.5980725
2021-05-24,1,Green_Algae,12.235818,7.305802
2021-05-25,1,Green_Algae,7.2883067,8.43355
2021-05-26,1,Green_Algae,7.12322,7.6007113
2021-05-27,1,Green_Algae,13.128756,7.2876325
2021-05-28,1,Green_Algae,12.951473,8.325854
2021-05-29,1,Green_Algae,12.77419,8.893348
2021-05-30,1,Green_Algae,4.561085,8.479547
2021-05-31,1,Green_Algae,2.984026,5.853672
2021-06-01,1,Green_Algae,3.477842,3.5725856
2021-06-02,1,Green_Algae,3.0301087,3.2567
2021-06-03,1,Green_Algae,2.9474874,3.0837982
2021-06-04,1,Green_Algae,3.87105,3.1109638
2021-06-05,1,Green_Algae,3.5815134,4.132261
2021-06-06,1,Green_Algae,3.5015206,3.9523175
2021-06-07,1,Green_Algae,4.0479884,4.4099364
2021-06-08,1,Green_Algae,5.4210563,4.865349
2021-06-09,1,Green_Algae,3.706534,5.983538
2021-06-10,1,Green_Algae,5.004493,4.501212
2021-06-11,1,Green_Algae,6.557851,5.492216
2021-06-12,1,Green_Algae,10.4747505,6.336605
2021-06-13,1,Green_Algae,11.396228,7.7039685
2021-06-14,1,Green_Algae,12.317705,8.47277
2021-06-15,1,Green_Algae,12.765958,8.5191
2021-06-16,1,Green_Algae,13.214211,9.365376
2021-06-17,1,Green_Algae,13.662464,9.9496355
2021-06-18,1,Green_Algae,14.110718,9.984055
2021-06-19,1,Green_Algae,12.694961,9.424733
2021-06-20,1,Green_Algae,13.068725,8.89607
2021-06-21,1,Green_Algae,6.759349,8.794822
2021-06-22,1,Green_Algae,4.531797,7.1111927
2021-06-23,1,Green_Algae,4.704233,5.2456574
2021-06-24,1,Green_Algae,4.3103833,5.032771
2021-06-25,1,Green_Algae,4.245991,5.466053
2021-06-26,1,Green_Algae,3.8047178,5.966552
2021-06-27,1,Green_Algae,9.500919,5.1645684
2021-06-28,1,Green_Algae,14.259275,7.529
2021-06-29,1,Green_Algae,13.726238,8.535184
2021-06-30,1,Green_Algae,10.054623,8.401286
2021-07-01,1,Green_Algae,10.233351,7.3762765
2021-07-02,1,Green_Algae,11.377681,7.6788006
2021-07-03,1,Green_Algae,13.92809,8.287165
2021-07-04,1,Green_Algae,9.610976,9.153239
2021-07-05,1,Green_Algae,13.8032055,8.366403
2021-07-06,1,Green_Algae,12.07648,9.051446
2021-07-07,1,Green_Algae,9.815504,8.862708
2021-07-08,1,Green_Algae,10.952688,8.405681
2021-07-09,1,Green_Algae,5.504181,8.8017845
2021-07-10,1,Green_Algae,6.883577,6.6252384
2021-07-11,1,Green_Algae,6.383121,6.665155
2021-07-12,1,Green_Algae,8.041389,6.883387
2021-07-13,1,Green_Algae,7.1555495,7.758279
2021-07-14,1,Green_Algae,7.182688,7.7110133
2021-07-15,1,Green_Algae,7.2098265,8.778474
2021-07-16,1,Green_Algae,7.2369647,9.071813
2021-07-17,1,Green_Algae,7.2641034,9.385502
2021-07-18,1,Green_Algae,7.291241,9.388933
2021-07-19,1,Green_Algae,7.3183794,8.938486
2021-07-20,1,Green_Algae,7.345518,7.9660687
2021-07-21,1,Green_Algae,4.656155,6.916644
2021-07-22,1,Green_Algae,5.656749,5.2700624
2021-07-23,1,Green_Algae,11.975569,5.3979573
2021-07-24,1,Green_Algae,13.560905,8.192022
2021-07-25,1,Green_Algae,13.088494,9.521224
2021-07-26,1,Green_Algae,11.472322,9.851268
2021-07-27,1,Green_Algae,9.366954,9.304882
2021-07-28,1,Green_Algae,6.655246,8.451307
2021-07-29,1,Green_Algae,7.9549346,6.6701727
2021-07-30,1,Green_Algae,7.1069007,7.0026374
2021-07-31,1,Green_Algae,8.990673,7.531414
2021-08-01,1,Green_Algae,10.385311,7.891584
2021-08-02,1,Green_Algae,10.719529,7.9684634
2021-08-03,1,Green_Algae,7.1092253,7.425881
2021-08-04,1,Green_Algae,4.9593773,6.407056
2021-08-05,1,Green_Algae,3.0356264,5.4574456
2021-08-06,1,Green_Algae,2.0601811,3.8984485
2021-08-07,1,Green_Algae,2.8934517,2.8228593
2021-08-08,1,Green_Algae,3.3419957,3.3406625
2021-08-09,1,Green_Algae,3.5262926,4.30465
2021-08-10,1,Green_Algae,2.9024384,5.1276927
2021-08-11,1,Green_Algae,3.434081,4.206528
2021-08-12,1,Green_Algae,4.609233,4.838641
2021-08-13,1,Green_Algae,4.0192776,6.182806
2021-08-14,1,Green_Algae,7.171199,5.72251
2021-08-15,1,Green_Algae,10.603491,7.731189
2021-08-16,1,Green_Algae,8.529735,8.814227
2021-08-17,1,Green_Algae,6.9491796,8.275217
2021-08-18,1,Green_Algae,8.951539,7.0051165
2021-08-19,1,Green_Algae,11.542151,7.8016253
2021-08-20,1,Green_Algae,10.700407,8.413806
2021-08-21,1,Green_Algae,7.8352175,8.703543
2021-08-22,1,Green_Algae,12.8495455,7.9374757
2021-08-23,1,Green_Algae,13.118637,8.650019
2021-08-24,1,Green_Algae,10.933848,9.310464
2021-08-25,1,Green_Algae,12.0906725,8.948277
2021-08-26,1,Green_Algae,10.43034,9.287925
2021-08-27,1,Green_Algae,9.773435,8.659659
2021-08-28,1,Green_Algae,8.390406,8.100387
2021-08-29,1,Green_Algae,7.821752,7.2858996
2021-08-30,1,Green_Algae,6.5187182,6.9759164
2021-08-31,1,Green_Algae,5.8044934,6.6326995
2021-09-01,1,Green_Algae,5.0743923,6.7762647
2021-09-02,1,Green_Algae,4.311918,6.760647
2021-09-03,1,Green_Algae,3.3487916,5.974995
2021-09-04,1,Green_Algae,4.701462,5.0391073
2021-09-05,1,Green_Algae,5.0674095,5.937298
2021-09-06,1,Green_Algae,3.518864,6.314014
2021-09-07,1,Green_Algae,3.1971326,4.9298067
2021-09-08,1,Green_Algae,3.5374892,4.3243923
2021-09-09,1,Green_Algae,6.4463677,4.626236
2021-09-10,1,Green_Algae,6.842923,6.6964264
2021-09-11,1,Green_Algae,8.631598,6.76886
2021-09-12,1,Green_Algae,8.282877,7.4525156
2021-09-13,1,Green_Algae,7.9341564,7.48806
2021-09-14,1,Green_Algae,7.505728,7.372576
2021-09-15,1,Green_Algae,4.8467994,7.0025315
2021-09-16,1,Green_Algae,4.3901086,5.9927645
2021-09-17,1,Green_Algae,3.1355467,5.309408
2021-09-18,1,Green_Algae,2.5354092,4.400081
2021-09-19,1,Green_Algae,2.8781462,3.9639783
2021-09-20,1,Green_Algae,2.8740985,4.222073
2021-09-21,1,Green_Algae,2.339877,4.3966527
2021-09-22,1,Green_Algae,3.6420565,3.7147853
2021-09-23,1,Green_Algae,3.4891088,5.3219156
2021-09-24,1,Green_Algae,3.0315206,5.1352057
2021-09-25,1,Green_Algae,2.7386677,4.423168
2021-09-26,1,Green_Algae,2.8449023,3.909472
2021-09-27,1,Green_Algae,2.898798,3.767673
2021-09-28,1,Green_Algae,2.80811,3.6886308
2021-09-29,1,Green_Algae,3.1477988,3.8237636
2021-09-30,1,Green_Algae,3.8165677,4.1535783
2021-10-01,1,Green_Algae,2.884149,4.3994064
2021-10-02,1,Green_Algae,2.3285825,3.454164
2021-10-03,1,Green_Algae,2.7246957,3.1466444
2021-10-04,1,Green_Algae,2.9625897,4.065295
2021-10-05,1,Green_Algae,3.2004838,4.559201
2021-10-06,1,Green_Algae,3.4383776,4.824029
2021-10-07,1,Green_Algae,3.6762717,4.761881
2021-10-08,1,Green_Algae,3.9141655,4.9143043
2021-10-09,1,Green_Algae,4.1520596,5.343712
2021-10-10,1,Green_Algae,4.3899536,5.403365
2021-10-11,1,Green_Algae,4.6278477,5.56627
2021-10-12,1,Green_Algae,4.9418287,5.3615427
2021-10-13,1,Green_Algae,4.673613,5.7919726
2021-10-14,1,Green_Algae,4.5442286,5.6468325
2021-10-15,1,Green_Algae,8.768624,5.567564
2021-10-16,1,Green_Algae,8.054786,7.4057546
2021-10-17,1,Green_Algae,3.8535652,7.2686205
2021-10-18,1,Green_Algae,3.6656222,4.916493
2021-10-19,1,Green_Algae,3.690036,4.2547326
2021-10-20,1,Green_Algae,3.5357091,4.597716
2021-10-21,1,Green_Algae,3.6526122,4.3477383
2021-10-22,1,Green_Algae,3.1038206,4.664059
2021-10-23,1,Green_Algae,2.7547975,4.606932
2021-10-24,1,Green_Algae,2.6743922,4.5361595
2021-10-25,1,Green_Algae,2.6642506,4.8852634
2021-10-26,1,Green_Algae,3.2695441,4.735152
2021-10-27,1,Green_Algae,6.4926195,5.450192
2021-10-28,1,Green_Algae,8.997244,7.9115834
2021-10-29,1,Green_Algae,9.55448,9.322417
2021-10-30,1,Green_Algae,6.1581116,9.447801
2021-10-31,1,Green_Algae,5.569472,7.8918467
2021-11-01,1,Green_Algae,4.880246,6.888917
2021-11-02,1,Green_Algae,6.240745,6.0999284
2021-11-03,1,Green_Algae,7.868003,7.1531186
2021-11-04,1,Green_Algae,5.39335,8.102719
2021-11-05,1,Green_Algae,2.8083358,7.2267413
2021-11-06,1,Green_Algae,4.1119175,4.4403687
2021-11-07,1,Green_Algae,5.8138523,5.281064
2021-11-08,1,Green_Algae,5.6319323,7.0264425
2021-11-09,1,Green_Algae,4.463618,7.003898
2021-11-10,1,Green_Algae,5.127321,6.312896
2021-11-11,1,Green_Algae,3.3585093,6.428196
2021-11-12,1,Green_Algae,2.6787329,4.8755236
2021-11-13,1,Green_Algae,2.9060419,3.9292417
2021-11-14,1,Green_Algae,2.3626916,4.228415
2021-11-15,1,Green_Algae,2.3225126,3.5298986
2021-11-16,1,Green_Algae,2.5409632,3.4753494
2021-11-17,1,Green_Algae,2.2751682,3.8187966
2021-11-18,1,Green_Algae,1.9986252,3.438608
2021-11-19,1,Green_Algae,1.6795293,3.084785
2021-11-20,1,Green_Algae,1.8916438,2.2670593
2021-11-21,1,Green_Algae,2.7642143,2.1834307
2021-11-22,1,Green_Algae,3.023097,3.4505124
2021-11-23,1,Green_Algae,1.7613965,3.2777357
2021-11-24,1,Green_Algae,1.8678365,1.7978196
2021-11-25,1,Green_Algae,1.7351195,1.9293191
2021-11-26,1,Green_Algae,1.7887771,1.9178673
2021-11-27,1,Green_Algae,1.8194356,1.987367
2021-11-28,1,Green_Algae,2.1925688,2.2097657
2021-11-29,1,Green_Algae,2.8506155,2.4240682
2021-11-30,1,Green_Algae,3.7936785,3.3149593
2021-12-01,1,Green_Algae,3.2888849,4.77131
2021-12-02,1,Green_Algae,3.20601,3.8621194
2021-12-03,1,Green_Algae,3.1972845,3.520681
2021-12-04,1,Green_Algae,2.9100072,3.3141184
2021-12-05,1,Green_Algae,3.0636685,2.9749663
2021-12-06,1,Green_Algae,3.0413218,3.280785
2021-12-07,1,Green_Algae,2.8179595,3.2587454
2021-12-08,1,Green_Algae,2.9317937,2.9608958
2021-12-09,1,Green_Algae,2.873556,3.1093879
2021-12-10,1,Green_Algae,3.0364544,3.3143508
2021-12-11,1,Green_Algae,3.930644,3.4667883
2021-12-12,1,Green_Algae,3.436191,4.5849032
2021-12-13,1,Green_Algae,3.863864,3.7608082
2021-12-14,1,Green_Algae,4.217301,4.3108764
2021-12-15,1,Green_Algae,4.429001,5.014013
2021-12-16,1,Green_Algae,4.6556263,5.369493
2021-12-17,1,Green_Algae,4.838226,5.381435
2021-12-18,1,Green_Algae,4.1352496,4.431301
2021-12-19,1,Green_Algae,3.6960173,3.7671976
2021-12-20,1,Green_Algae,3.0439653,3.7772942
2021-12-21,1,Green_Algae,2.7047684,3.099082
2021-12-22,1,Green_Algae,4.257923,2.8438516
2021-12-23,1,Green_Algae,3.2951374,4.3086643
2021-12-24,1,Green_Algae,2.3909624,4.658965
2021-12-25,1,Green_Algae,2.1861448,3.5624921
2021-12-26,1,Green_Algae,1.7530535,2.2989378
2021-12-27,1,Green_Algae,1.9872879,1.9534843
2021-12-28,1,Green_Algae,2.2317348,2.285595
2021-12-29,1,Green_Algae,2.0643368,3.074718
2021-12-30,1,Green_Algae,1.9601592,2.395848
2021-12-31,1,Green_Algae,2.126949,3.1121066
2022-01-01,1,Green_Algae,2.2531767,2.6897373
2022-01-02,1,Green_Algae,2.1239364,2.7975636
2022-01-03,1,Green_Algae,2.5416799,2.4415898
2022-01-04,1,Green_Algae,3.3833745,3.111035
2022-01-05,1,Green_Algae,6.9222884,4.399976
2022-01-06,1,Green_Algae,5.645869,7.22629
2022-01-07,1,Green_Algae,4.3694496,6.7092853
2022-01-08,1,Green_Algae,6.313483,5.0389833
2022-01-09,1,Green_Algae,4.849971,5.5614634
2022-01-10,1,Green_Algae,6.5303836,4.750399
2022-01-11,1,Green_Algae,7.1293488,5.4894967
2022-01-12,1,Green_Algae,3.0731115,5.355249
2022-01-13,1,Green_Algae,2.084052,2.7169137
2022-01-14,1,Green_Algae,1.3035264,1.5745889
2022-01-15,1,Green_Algae,2.1528146,1.0831566
2022-01-16,1,Green_Algae,2.2154775,2.1048386
2022-01-17,1,Green_Algae,1.8509052,2.3165426
2022-01-18,1,Green_Algae,3.0125198,1.835186
2022-01-19,1,Green_Algae,2.9266691,3.1890044
2022-01-20,1,Green_Algae,3.0848227,2.7913716
2022-01-21,1,Green_Algae,3.732527,2.9704857
2022-01-22,1,Green_Algae,4.3433237,3.541258
2022-01-23,1,Green_Algae,6.2519803,3.859793
2022-01-24,1,Green_Algae,8.160637,6.438692
2022-01-25,1,Green_Algae,8.239467,6.4998903
2022-01-26,1,Green_Algae,8.318296,7.0646243
2022-01-27,1,Green_Algae,8.397126,7.0127964
2022-01-28,1,Green_Algae,8.475957,6.760673
2022-01-29,1,Green_Algae,8.554788,6.730021
2022-01-30,1,Green_Algae,8.633616,5.786659
2022-01-31,1,Green_Algae,5.246442,5.3856664
2022-02-01,1,Green_Algae,3.9920294,3.9040813
2022-02-02,1,Green_Algae,4.695028,2.9186633
2022-02-03,1,Green_Algae,2.7493696,3.4092643
2022-02-04,1,Green_Algae,2.88272,2.4771936
2022-02-05,1,Green_Algae,2.763606,3.2300622
2022-02-06,1,Green_Algae,2.1112866,3.1320155
2022-02-07,1,Green_Algae,2.4319632,2.0907013
2022-02-08,1,Green_Algae,2.2566342,2.426314
2022-02-09,1,Green_Algae,2.6009963,2.7619233
2022-02-10,1,Green_Algae,2.5740855,2.835161
2022-02-11,1,Green_Algae,2.7089677,3.03054
2022-02-12,1,Green_Algae,3.126954,2.2503808
2022-02-13,1,Green_Algae,4.3236074,3.30241
2022-02-14,1,Green_Algae,3.448381,4.3964615
2022-02-15,1,Green_Algae,3.5295143,3.2476497
2022-02-16,1,Green_Algae,4.1974835,3.2654934
2022-02-17,1,Green_Algae,4.8904557,4.239984
2022-02-18,1,Green_Algae,6.0933433,5.865843
2022-02-19,1,Green_Algae,4.131527,5.770006
2022-02-20,1,Green_Algae,2.946324,4.3578296
2022-02-21,1,Green_Algae,2.2808762,2.0103786
2022-02-22,1,Green_Algae,1.969732,1.328379
2022-02-23,1,Green_Algae,1.8481604,1.5141152
2022-02-24,1,Green_Algae,1.970211,1.7296046
2022-02-25,1,Green_Algae,2.0456758,1.7007335
2022-02-26,1,Green_Algae,2.1211405,1.6326847
2022-02-27,1,Green_Algae,2.1966052,1.667896
2022-02-28,1,Green_Algae,2.1446164,1.8004351
2022-03-01,1,Green_Algae,2.8918037,1.6771921
2022-03-02,1,Green_Algae,3.3747232,2.4719214
2022-03-03,1,Green_Algae,4.975467,4.120374
2022-03-04,1,Green_Algae,5.8857384,6.62127
2022-03-05,1,Green_Algae,7.7702246,7.5847754
2022-03-06,1,Green_Algae,7.406918,7.823946
2022-03-07,1,Green_Algae,8.624261,7.7465196
2022-03-08,1,Green_Algae,5.739247,7.7028146
2022-03-09,1,Green_Algae,4.569587,6.253017
2022-03-10,1,Green_Algae,4.6664295,4.4102297
2022-03-11,1,Green_Algae,6.601842,4.4883246
2022-03-12,1,Green_Algae,7.0578914,7.094462
2022-03-13,1,Green_Algae,9.441289,8.218311
2022-03-14,1,Green_Algae,10.154751,9.035925
2022-03-15,1,Green_Algae,10.868213,9.208601
2022-03-16,1,Green_Algae,10.484943,9.186863
2022-03-17,1,Green_Algae,10.101673,9.082294
2022-03-18,1,Green_Algae,10.141577,8.603754
2022-03-19,1,Green_Algae,10.18148,8.255196
2022-03-20,1,Green_Algae,10.221386,7.816988
2022-03-21,1,Green_Algae,6.8799276,7.4528365
2022-03-22,1,Green_Algae,6.111058,5.491742
2022-03-23,1,Green_Algae,3.9833503,4.0852194
2022-03-24,1,Green_Algae,2.6831644,2.645315
2022-03-25,1,Green_Algae,2.11021,2.0417342
2022-03-26,1,Green_Algae,2.3608906,2.711415
2022-03-27,1,Green_Algae,2.612607,2.7561738
2022-03-28,1,Green_Algae,3.0601304,2.1048336
2022-03-29,1,Green_Algae,3.0547757,2.4224653
2022-03-30,1,Green_Algae,2.5692663,2.1598988
2022-03-31,1,Green_Algae,2.7219045,1.8893285
2022-04-01,1,Green_Algae,3.1004643,2.1650138
2022-04-02,1,Green_Algae,2.2594109,3.0772316
2022-04-03,1,Green_Algae,1.953816,2.3806179
2022-04-04,1,Green_Algae,1.918588,1.9143806
2022-04-05,1,Green_Algae,2.3214595,1.8194726
2022-04-06,1,Green_Algae,2.560116,2.6363819
2022-04-07,1,Green_Algae,3.2719536,2.8736892
2022-04-08,1,Green_Algae,4.419464,4.070776
2022-04-09,1,Green_Algae,4.504269,5.6744456
2022-04-10,1,Green_Algae,4.89147,5.92576
2022-04-11,1,Green_Algae,6.268174,5.8614483
2022-04-12,1,Green_Algae,7.3437877,6.460895
2022-04-13,1,Green_Algae,9.499956,7.61645
2022-04-14,1,Green_Algae,10.740788,8.636083
2022-04-15,1,Green_Algae,8.073318,9.247069
2022-04-16,1,Green_Algae,7.630758,8.556382
2022-04-17,1,Green_Algae,6.9328403,7.1093187
2022-04-18,1,Green_Algae,6.5577283,5.9816217
2022-04-19,1,Green_Algae,3.7500434,4.5472307
2022-04-20,1,Green_Algae,3.4992976,2.445838
2022-04-21,1,Green_Algae,4.348203,2.6322331
2022-04-22,1,Green_Algae,5.875435,3.7213087
2022-04-23,1,Green_Algae,8.554278,5.847454
2022-04-24,1,Green_Algae,10.74772,7.966123
2022-04-25,1,Green_Algae,10.313055,8.489852
2022-04-26,1,Green_Algae,10.031486,8.3987255
2022-04-27,1,Green_Algae,9.749915,7.580269
2022-04-28,1,Green_Algae,9.468344,6.8633695
2022-04-29,1,Green_Algae,6.3907814,5.738159
2022-04-30,1,Green_Algae,2.7383044,3.9837017
2022-05-01,1,Green_Algae,1.9100943,2.7202885
2022-05-02,1,Green_Algae,1.4387971,1.841371
2022-05-03,1,Green_Algae,1.6956812,1.390981
2022-05-04,1,Green_Algae,2.9322464,2.0082939
2022-05-05,1,Green_Algae,4.024558,3.9211545
2022-05-06,1,Green_Algae,7.546461,5.128745
2022-05-07,1,Green_Algae,8.4868555,7.7102146
2022-05-08,1,Green_Algae,8.025366,8.498021
2022-05-09,1,Green_Algae,7.563878,7.7967067
2022-05-10,1,Green_Algae,3.786575,6.421277
2022-05-11,1,Green_Algae,2.6313117,2.8426938
2022-05-12,1,Green_Algae,2.673943,1.597764
2022-05-13,1,Green_Algae,3.6793551,2.1121933
2022-05-14,1,Green_Algae,3.5523696,3.2155733
2022-05-15,1,Green_Algae,2.8397105,2.4852426
2022-05-16,1,Green_Algae,2.6588566,1.9443452
2022-05-17,1,Green_Algae,2.5439029,1.9554995
2022-05-18,1,Green_Algae,1.9558738,2.1886086
2022-05-19,1,Green_Algae,2.2352676,1.9294642
2022-05-20,1,Green_Algae,3.8337293,2.1262813
2022-05-21,1,Green_Algae,6.6012907,3.6415286
2022-05-22,1,Green_Algae,4.1062393,6.046857
2022-05-23,1,Green_Algae,3.8795009,3.6760907
2022-05-24,1,Green_Algae,3.7486677,3.109912
2022-05-25,1,Green_Algae,2.5144565,2.9744244
2022-05-26,1,Green_Algae,2.628731,2.1134732
2022-05-27,1,Green_Algae,2.336657,2.392617
2022-05-28,1,Green_Algae,1.8927444,2.1034796
2022-05-29,1,Green_Algae,1.7338868,1.7727088
2022-05-30,1,Green_Algae,2.055707,1.5417591
2022-05-31,1,Green_Algae,2.7962682,1.8175827
2022-06-01,1,Green_Algae,2.4670553,2.2000153
2022-06-02,1,Green_Algae,2.5074983,2.0508456
2022-06-03,1,Green_Algae,3.3220377,1.8333138
2022-06-04,1,Green_Algae,2.913029,2.5941834
2022-06-05,1,Green_Algae,3.21664,2.1035097
2022-06-06,1,Green_Algae,3.0336015,2.4462163
2022-06-07,1,Green_Algae,2.016884,2.2925262
2022-06-08,1,Green_Algae,0.71460867,1.6670811
2022-06-09,1,Green_Algae,1.4329565,0.77382845
2022-06-10,1,Green_Algae,1.2493777,1.0186807
2022-06-11,1,Green_Algae,1.7778566,0.96391195
2022-06-12,1,Green_Algae,1.9454993,1.3501918
2022-06-13,1,Green_Algae,1.383483,1.7278162
2022-06-14,1,Green_Algae,0.17669071,1.1146123
2022-06-15,1,Green_Algae,0.1694878,0.44929686
2022-06-16,1,Green_Algae,1.6111215,0.2936371
2022-06-17,1,Green_Algae,1.4915413,1.0601847
2022-06-18,1,Green_Algae,1.3510724,1.4269086
2022-06-19,1,Green_Algae,1.4114358,1.5376072
2022-06-20,1,Green_Algae,1.2985806,1.7633117
2022-06-21,1,Green_Algae,1.315047,1.697349
2022-06-22,1,Green_Algae,1.1877986,1.8483536
2022-06-23,1,Green_Algae,0.20468882,1.7367319
2022-06-24,1,Green_Algae,0.9321283,0.6852809
2022-06-25,1,Green_Algae,2.667632,1.1192827
2022-06-26,1,Green_Algae,2.3597465,3.2246912
2022-06-27,1,Green_Algae,2.4025416,2.664994
2022-06-28,1,Green_Algae,2.6718307,2.957524
2022-06-29,1,Green_Algae,2.6384616,3.2545285
2022-06-30,1,Green_Algae,3.7917957,2.7991107
2022-07-01,1,Green_Algae,3.6459014,3.9239016
2022-07-02,1,Green_Algae,3.1270165,3.5508676
2022-07-03,1,Green_Algae,2.8873951,2.964828
2022-07-04,1,Green_Algae,3.3072195,2.630205
2022-07-05,1,Green_Algae,2.865286,3.0123672
2022-07-06,1,Green_Algae,2.9233165,2.5079386
2022-07-07,1,Green_Algae,2.1893845,2.7328641
2022-07-08,1,Green_Algae,1.9153528,2.010499
2022-07-09,1,Green_Algae,2.0919194,2.0408673
2022-07-10,1,Green_Algae,3.2985039,2.3438807
2022-07-11,1,Green_Algae,4.8211155,4.0129795
2022-07-12,1,Green_Algae,5.138985,4.8728433
2022-07-13,1,Green_Algae,5.002174,4.8653064
2022-07-14,1,Green_Algae,9.229062,4.7068834
2022-07-15,1,Green_Algae,8.125591,6.7769065
2022-07-16,1,Green_Algae,7.02212,6.6717997
2022-07-17,1,Green_Algae,5.9186487,6.142584
2022-07-18,1,Green_Algae,4.815178,5.7688146
2022-07-19,1,Green_Algae,1.9387745,4.57325
2022-07-20,1,Green_Algae,1.5423076,1.992147
2022-07-21,1,Green_Algae,0.75141406,1.3763349
2022-07-22,1,Green_Algae,0.29937363,0.9486573
2022-07-23,1,Green_Algae,1.4023521,0.64201087
2022-07-24,1,Green_Algae,4.171111,2.1405406
2022-07-25,1,Green_Algae,0.52041996,5.060747
2022-07-26,1,Green_Algae,0.0809841,1.292328
2022-07-27,1,Green_Algae,0.34602904,0.41372135
2022-07-28,1,Green_Algae,0.6430407,0.7610189
2022-07-29,1,Green_Algae,0.75374895,1.2123395
2022-07-30,1,Green_Algae,0.8893367,1.2058524
2022-07-31,1,Green_Algae,1.0249244,1.5716268
2022-08-01,1,Green_Algae,1.160512,1.5851637
2022-08-02,1,Green_Algae,1.2960997,1.7782297
2022-08-03,1,Green_Algae,1.4316874,2.1943588
2022-08-04,1,Green_Algae,1.5672749,2.6473267
2022-08-05,1,Green_Algae,1.7028626,2.2178106
2022-08-06,1,Green_Algae,1.8384502,2.1582203
2022-08-07,1,Green_Algae,1.9740379,2.3306112
2022-08-08,1,Green_Algae,2.1096256,2.7232034
2022-08-09,1,Green_Algae,2.2452133,2.9241312
2022-08-10,1,Green_Algae,2.380801,3.0806384
2022-08-11,1,Green_Algae,2.5163884,3.1723258
2022-08-12,1,Green_Algae,2.651976,3.0428584
2022-08-13,1,Green_Algae,2.7875638,3.4454172
2022-08-14,1,Green_Algae,2.9231515,3.609219
2022-08-15,1,Green_Algae,3.0587392,3.6198118
2022-08-16,1,Green_Algae,3.1943269,3.7733006
2022-08-17,1,Green_Algae,3.3299146,3.919407
2022-08-18,1,Green_Algae,3.465502,4.10085
2022-08-19,1,Green_Algae,3.6010897,4.4073443
2022-08-20,1,Green_Algae,3.7366774,4.483814
2022-08-21,1,Green_Algae,3.872265,4.5670843
2022-08-22,1,Green_Algae,4.0078526,4.6435575
2022-08-23,1,Green_Algae,4.1434402,4.886544
2022-08-24,1,Green_Algae,4.279028,5.1122413
2022-08-25,1,Green_Algae,4.4146156,5.228205
2022-08-26,1,Green_Algae,4.5502033,4.951215
2022-08-27,1,Green_Algae,4.685791,4.904529
2022-08-28,1,Green_Algae,4.8213787,4.819221
2022-08-29,1,Green_Algae,4.9569664,5.1452866
2022-08-30,1,Green_Algae,5.092554,5.718729
2022-08-31,1,Green_Algae,5.2281413,5.998318
2022-09-01,1,Green_Algae,5.3637295,5.972548
2022-09-02,1,Green_Algae,5.499317,5.3632236
2022-09-03,1,Green_Algae,5.634905,5.24373
2022-09-04,1,Green_Algae,5.770492,5.067696
2022-09-05,1,Green_Algae,5.9060802,4.9948206
2022-09-06,1,Green_Algae,6.0416675,5.035225
2022-09-07,1,Green_Algae,6.177255,5.747936
2022-09-08,1,Green_Algae,6.312843,5.8105073
2022-09-09,1,Green_Algae,6.4484305,5.7099853
2022-09-10,1,Green_Algae,6.230826,5.5628724
2022-09-11,1,Green_Algae,8.68992,5.4946384
2022-09-12,1,Green_Algae,7.807916,6.571991
2022-09-13,1,Green_Algae,8.3521595,5.948504
2022-09-14,1,Green_Algae,9.356362,6.3668056
2022-09-15,1,Green_Algae,7.107813,6.546317
2022-09-16,1,Green_Algae,4.4031787,6.155024
2022-09-17,1,Green_Algae,3.7508175,4.3175216
2022-09-18,1,Green_Algae,6.3141737,3.805798
2022-09-19,1,Green_Algae,3.516343,5.7598796
2022-09-20,1,Green_Algae,1.5800507,4.1186843
2022-09-21,1,Green_Algae,1.6696308,1.93192
2022-09-22,1,Green_Algae,1.4959407,1.7613637
2022-09-23,1,Green_Algae,1.615673,1.9090797
2022-09-24,1,Green_Algae,2.0823896,2.1196694
2022-09-25,1,Green_Algae,1.5839247,2.933022
2022-09-26,1,Green_Algae,1.9809276,2.073923
2022-09-27,1,Green_Algae,2.3091745,2.4344547
2022-09-28,1,Green_Algae,5.5527225,2.5873513
2022-09-29,1,Green_Algae,6.6691623,5.1896596
2022-09-30,1,Green_Algae,7.104832,5.375565
2022-10-01,1,Green_Algae,2.6034105,5.7552567
2022-10-02,1,Green_Algae,3.3666306,3.0340323
2022-10-03,1,Green_Algae,4.350832,3.2230837
2022-10-04,1,Green_Algae,4.8073153,4.315976
2022-10-05,1,Green_Algae,3.984971,4.6820846
2022-10-06,1,Green_Algae,3.1910217,3.7917464
2022-10-07,1,Green_Algae,2.3935506,3.2974005
2022-10-08,1,Green_Algae,1.82,2.5544238
2022-10-09,1,Green_Algae,3.16779,2.267057
2022-10-10,1,Green_Algae,3.305127,3.4679387
2022-10-11,1,Green_Algae,2.3630557,3.4910426
2022-10-12,1,Green_Algae,2.342739,2.6729596
2022-10-13,1,Green_Algae,1.9473406,2.8537743
2022-10-14,1,Green_Algae,2.4178493,2.3701155
2022-10-15,1,Green_Algae,2.2874982,2.992251
2022-10-16,1,Green_Algae,2.8773642,2.8982074
2022-10-17,1,Green_Algae,1.9032803,3.6367073
2022-10-18,1,Green_Algae,1.3671615,2.2797685
2022-10-19,1,Green_Algae,1.2281462,1.7073679
2022-10-20,1,Green_Algae,1.4357452,1.4613006
2022-10-21,1,Green_Algae,1.8146449,1.6213588
2022-10-22,1,Green_Algae,5.2175727,1.8318231
2022-10-23,1,Green_Algae,1.6347319,5.1604524
2022-10-24,1,Green_Algae,1.3448409,1.5896229
2022-10-25,1,Green_Algae,0.8646165,1.1633714
2022-10-26,1,Green_Algae,0.7161304,0.9213549
2022-10-27,1,Green_Algae,0.8117439,0.7039634
2022-10-28,1,Green_Algae,0.9852315,0.7880529
2022-10-29,1,Green_Algae,0.7189863,1.0019642
2022-10-30,1,Green_Algae,0.74040526,0.9115763
2022-10-31,1,Green_Algae,0.3959189,1.1152623
2022-11-01,1,Green_Algae,0.45915672,0.8462246
2022-11-02,1,Green_Algae,0.44663528,0.7860225
2022-11-03,1,Green_Algae,0.5711731,0.68438303
2022-11-04,1,Green_Algae,0.5187971,0.89337397
2022-11-05,1,Green_Algae,0.5168741,0.9708335
2022-11-06,1,Green_Algae,0.99285096,1.0430744
2022-11-07,1,Green_Algae,0.97021586,1.5706202
2022-11-08,1,Green_Algae,3.6827445,1.2603564
2022-11-09,1,Green_Algae,3.2042935,4.5307894
2022-11-10,1,Green_Algae,2.6945007,3.7148988
2022-11-11,1,Green_Algae,5.053273,2.6463523
2022-11-12,1,Green_Algae,8.711579,4.4729586
2022-11-13,1,Green_Algae,7.713145,6.0552745
2022-11-14,1,Green_Algae,5.1916933,5.839142
2022-11-15,1,Green_Algae,1.4670622,4.7284474
2022-11-16,1,Green_Algae,0.26871106,2.0008667
2022-11-17,1,Green_Algae,0.32965964,0.7776601
2022-11-18,1,Green_Algae,0.4381694,0.56316054
2022-11-19,1,Green_Algae,1.021942,0.68486136
2022-11-20,1,Green_Algae,1.0667945,1.4860837
2022-11-21,1,Green_Algae,0.9796669,1.2423395
2022-11-22,1,Green_Algae,1.0705576,0.97132313
2022-11-23,1,Green_Algae,1.2641643,1.0892538
2022-11-24,1,Green_Algae,0.9981404,1.385331
2022-11-25,1,Green_Algae,0.8159957,1.0785338
2022-11-26,1,Green_Algae,1.3945585,0.89896023
2022-11-27,1,Green_Algae,1.6876014,1.5406584
2022-11-28,1,Green_Algae,1.396505,1.8138897
2022-11-29,1,Green_Algae,1.0866112,1.3552408
2022-11-30,1,Green_Algae,1.0804197,0.9137236
2022-12-01,1,Green_Algae,1.0082923,0.94252867
2022-12-02,1,Green_Algae,1.1993546,1.0130873
2022-12-03,1,Green_Algae,1.0384793,1.03382
2022-12-04,1,Green_Algae,0.9513034,0.81493294
2022-12-05,1,Green_Algae,1.4196737,0.7866233
2022-12-06,1,Green_Algae,1.5062437,1.3206681
2022-12-07,1,Green_Algae,1.6673859,1.0705829
2022-12-08,1,Green_Algae,1.7725435,1.1440071
2022-12-09,1,Green_Algae,2.750798,1.3602844
2022-12-10,1,Green_Algae,2.2412164,2.2366478
2022-12-11,1,Green_Algae,0.4060463,1.4710535
2022-12-12,1,Green_Algae,0.160492,0.50738674
2022-12-13,1,Green_Algae,0.2686097,0.257073
2022-12-14,1,Green_Algae,0.31757072,0.27047825
2022-12-15,1,Green_Algae,0.41242754,0.34350526
2022-12-16,1,Green_Algae,0.2809631,0.41757715
2022-12-17,1,Green_Algae,0.4638523,0.3050322
2022-12-18,1,Green_Algae,0.48307028,0.4812012
2022-12-19,1,Green_Algae,0.52901447,0.38811567
2022-12-20,1,Green_Algae,0.41270813,0.42809865
2022-12-21,1,Green_Algae,0.39071897,0.36467397
2022-12-22,1,Green_Algae,0.43844205,0.43438643
2022-12-23,1,Green_Algae,0.27015212,0.45113328
2022-12-24,1,Green_Algae,0.26322237,0.3601301
2022-12-25,1,Green_Algae,0.29721218,0.42182294
2022-12-26,1,Green_Algae,0.25078148,0.46325824
2022-12-27,1,Green_Algae,0.21856004,0.432035
2022-12-28,1,Green_Algae,0.15966643,0.4268917
2022-12-29,1,Green_Algae,0.24490596,0.38316572
2022-12-30,1,Green_Algae,0.20376809,0.464829
2022-12-31,1,Green_Algae,0.2882681,0.48097005
2023-01-01,1,Green_Algae,0.09535451,0.5799001
2023-01-02,1,Green_Algae,0.071312584,0.39633223
2023-01-03,1,Green_Algae,0.036156602,0.3881546
2023-01-04,1,Green_Algae,3.252288,0.35915068
2023-01-05,1,Green_Algae,6.237046,4.230939
2023-01-06,1,Green_Algae,9.221804,7.775397
2023-01-07,1,Green_Algae,9.225964,8.406623
2023-01-08,1,Green_Algae,9.2301235,8.628193
2023-01-09,1,Green_Algae,9.234284,7.9301543
2023-01-10,1,Green_Algae,9.238444,7.523951
2023-01-11,1,Green_Algae,9.242605,7.125379
2023-01-12,1,Green_Algae,8.008986,6.832762
2023-01-13,1,Green_Algae,9.353083,6.24702
2023-01-14,1,Green_Algae,6.951903,6.250966
2023-01-15,1,Green_Algae,3.9082983,5.4528713
2023-01-16,1,Green_Algae,3.8983636,2.7140324
2023-01-17,1,Green_Algae,3.6625977,2.4539979
2023-01-18,1,Green_Algae,2.6919782,3.372883
2023-01-19,1,Green_Algae,2.5106957,2.195287
2023-01-20,1,Green_Algae,2.9152644,2.1321638
2023-01-21,1,Green_Algae,3.6604702,3.3083537
2023-01-22,1,Green_Algae,7.30152,4.0768304
2023-01-23,1,Green_Algae,6.2374687,6.7707295
2023-01-24,1,Green_Algae,5.173418,6.988222
2023-01-25,1,Green_Algae,4.7855973,4.4167833
2023-01-26,1,Green_Algae,4.944407,3.289574
2023-01-27,1,Green_Algae,5.020905,3.2921672
2023-01-28,1,Green_Algae,4.1378713,3.8387876
2023-01-29,1,Green_Algae,3.5290515,3.042769
2023-01-30,1,Green_Algae,3.2179534,3.0352724
2023-01-31,1,Green_Algae,5.3130965,2.6029963
2023-02-01,1,Green_Algae,7.0447626,4.59158
2023-02-02,1,Green_Algae,9.122445,5.7348905
2023-02-03,1,Green_Algae,6.014926,6.348087
2023-02-04,1,Green_Algae,5.961019,4.692143
2023-02-05,1,Green_Algae,5.907112,4.3734574
2023-02-06,1,Green_Algae,5.853205,4.7127113
2023-02-07,1,Green_Algae,8.160051,5.174407
2023-02-08,1,Green_Algae,7.2787995,6.359339
2023-02-09,1,Green_Algae,6.3975487,5.982368
2023-02-10,1,Green_Algae,1.4237877,4.763335
2023-02-11,1,Green_Algae,1.1469333,1.37446
2023-02-12,1,Green_Algae,0.77981836,0.46500695
2023-02-13,1,Green_Algae,0.90640306,0.27979058
2023-02-14,1,Green_Algae,0.18429561,0.3171321
2023-02-15,1,Green_Algae,0.09019138,0.14361593
2023-02-16,1,Green_Algae,0.06921226,0.071374275
2023-02-17,1,Green_Algae,0.09716904,0.05674024
2023-02-18,1,Green_Algae,0.5358182,0.08965656
2023-02-19,1,Green_Algae,0.73984677,0.32479423
2023-02-20,1,Green_Algae,0.9485524,0.43808836
2023-02-21,1,Green_Algae,0.88800627,0.5075228
2023-02-22,1,Green_Algae,0.77299947,0.4301543
2023-02-23,1,Green_Algae,0.8697355,0.4428504
2023-02-24,1,Green_Algae,0.9345164,0.5626107
2023-02-25,1,Green_Algae,0.5437155,0.53366566
2023-02-26,1,Green_Algae,0.35603827,0.31663668
2023-02-27,1,Green_Algae,0.2848945,0.23261091
2023-02-28,1,Green_Algae,0.9269008,0.22419521
2023-03-01,1,Green_Algae,1.0543281,0.68262374
2023-03-02,1,Green_Algae,0.82646257,0.6481802
2023-03-03,1,Green_Algae,0.41406226,0.41811442
2023-03-04,1,Green_Algae,0.43284735,0.28402284
2023-03-05,1,Green_Algae,0.34657025,0.33759865
2023-03-06,1,Green_Algae,0.24229686,0.31907362
2023-03-07,1,Green_Algae,0.28762135,0.27679393
2023-03-08,1,Green_Algae,0.23873465,0.3031577
2023-03-09,1,Green_Algae,0.20506701,0.2501189
2023-03-10,1,Green_Algae,0.12347253,0.24403366
2023-03-11,1,Green_Algae,0.08151744,0.23202054
2023-03-12,1,Green_Algae,0.14753455,0.23922296
2023-03-13,1,Green_Algae,0.08237493,0.28763312
2023-03-14,1,Green_Algae,0.036238365,0.35047248
2023-03-15,1,Green_Algae,0.1186852,0.3204034
2023-03-16,1,Green_Algae,0.17207983,0.3353032
2023-03-17,1,Green_Algae,0.24798092,0.33857322
2023-03-18,1,Green_Algae,0.23571466,0.41207778
2023-03-19,1,Green_Algae,0.16183792,0.36152735
2023-03-20,1,Green_Algae,0.40782675,0.31805214
2023-03-21,1,Green_Algae,0.101640604,0.5045551
2023-03-22,1,Green_Algae,0.5060475,0.3508674
2023-03-23,1,Green_Algae,2.69248,0.6422606
2023-03-24,1,Green_Algae,1.9497765,3.2272024
2023-03-25,1,Green_Algae,1.3316832,1.7152134
2023-03-26,1,Green_Algae,2.578498,0.9332775
2023-03-27,1,Green_Algae,2.0630136,1.5235213
2023-03-28,1,Green_Algae,1.7380223,1.1036234
2023-03-29,1,Green_Algae,1.37283,0.7852983
2023-03-30,1,Green_Algae,1.1725881,0.7774461
2023-03-31,1,Green_Algae,0.9683462,0.6487741
2023-04-01,1,Green_Algae,0.71395975,0.4972143
2023-04-02,1,Green_Algae,0.683174,0.44261473
2023-04-03,1,Green_Algae,0.75986,0.44478163
2023-04-04,1,Green_Algae,0.6773602,0.47012416
2023-04-05,1,Green_Algae,1.834648,0.5042259
2023-04-06,1,Green_Algae,4.089308,0.8843933
2023-04-07,1,Green_Algae,2.2397137,1.6697341
2023-04-08,1,Green_Algae,1.7206718,0.8815673
2023-04-09,1,Green_Algae,1.4219851,0.71790636
2023-04-10,1,Green_Algae,1.2250155,0.7491372
2023-04-11,1,Green_Algae,0.8648579,0.60778
2023-04-12,1,Green_Algae,0.56595254,0.5243314
2023-04-13,1,Green_Algae,0.50567454,0.38915816
2023-04-14,1,Green_Algae,0.66647476,0.4534419
2023-04-15,1,Green_Algae,1.0466163,0.6523035
2023-04-16,1,Green_Algae,1.2097328,1.0851815
2023-04-17,1,Green_Algae,2.6901345,0.87548554
2023-04-18,1,Green_Algae,2.477803,1.8155546
2023-04-19,1,Green_Algae,2.09581,1.5988072
2023-04-20,1,Green_Algae,1.6294928,1.1609422
2023-04-21,1,Green_Algae,1.3932893,1.1077882
2023-04-22,1,Green_Algae,0.9884703,1.0933673
2023-04-23,1,Green_Algae,0.9850644,0.7664098
2023-04-24,1,Green_Algae,1.0676374,0.65345824
2023-04-25,1,Green_Algae,1.3244078,0.7124524
2023-04-26,1,Green_Algae,0.6416333,0.70078343
2023-04-27,1,Green_Algae,0.27814546,0.48545438
2023-04-28,1,Green_Algae,1.3145058,0.36092764
2023-04-29,1,Green_Algae,3.2526584,1.2593434
2023-04-30,1,Green_Algae,3.1499057,2.7968876
2023-05-01,1,Green_Algae,1.6380941,1.7160369
2023-05-02,1,Green_Algae,4.1922054,0.7371269
2023-05-03,1,Green_Algae,5.529419,3.0684843
2023-05-04,1,Green_Algae,6.2632565,4.9424376
2023-05-05,1,Green_Algae,6.8380823,5.07876
2023-05-06,1,Green_Algae,7.412908,6.4206686
2023-05-07,1,Green_Algae,4.079104,5.665199
2023-05-08,1,Green_Algae,2.2593377,2.4143963
2023-05-09,1,Green_Algae,1.9581879,1.1626341
2023-05-10,1,Green_Algae,2.4479287,1.0206312
2023-05-11,1,Green_Algae,2.7059772,1.3510044
2023-05-12,1,Green_Algae,2.3598123,1.2703856
2023-05-13,1,Green_Algae,1.7751207,1.1984395
2023-05-14,1,Green_Algae,1.2882135,0.97709435
2023-05-15,1,Green_Algae,1.0123258,0.7289517
2023-05-16,1,Green_Algae,1.0217282,0.6455752
2023-05-17,1,Green_Algae,0.8613485,0.950551
2023-05-18,1,Green_Algae,1.1611063,0.7474551
2023-05-19,1,Green_Algae,0.9660143,0.8759757
2023-05-20,1,Green_Algae,0.79129213,0.77774286
2023-05-21,1,Green_Algae,1.006314,0.59106153
2023-05-22,1,Green_Algae,0.55901504,0.73273
2023-05-23,1,Green_Algae,0.46997598,0.5406149
2023-05-24,1,Green_Algae,0.31273833,0.5200415
2023-05-25,1,Green_Algae,0.29093453,0.47416085
2023-05-26,1,Green_Algae,0.25067583,0.37910128
2023-05-27,1,Green_Algae,0.42133546,0.3441658
2023-05-28,1,Green_Algae,1.3887391,0.46017468
2023-05-29,1,Green_Algae,2.5463135,1.4959223
2023-05-30,1,Green_Algae,2.2533908,2.6208355
2023-05-31,1,Green_Algae,3.1068542,1.7425026
2023-06-01,1,Green_Algae,2.7869723,3.0288079
2023-06-02,1,Green_Algae,2.4034996,2.2466638
2023-06-03,1,Green_Algae,1.0539821,1.4060194
2023-06-04,1,Green_Algae,0.93468004,0.59321886
2023-06-05,1,Green_Algae,0.4879697,0.36954665
2023-06-06,1,Green_Algae,0.8998942,0.26314312
2023-06-07,1,Green_Algae,1.3108021,0.6338522
2023-06-08,1,Green_Algae,1.019688,0.8395672
2023-06-09,1,Green_Algae,0.46447587,0.57859427
2023-06-10,1,Green_Algae,0.49861857,0.32824737
2023-06-11,1,Green_Algae,0.61284125,0.3610068
2023-06-12,1,Green_Algae,0.6797172,0.5063704
2023-06-13,1,Green_Algae,0.7083528,0.5710267
2023-06-14,1,Green_Algae,0.35401052,0.5001378
2023-06-15,1,Green_Algae,0.41286027,0.27965298
2023-06-16,1,Green_Algae,0.2804898,0.22602388
2023-06-17,1,Green_Algae,0.2304269,0.19122484
2023-06-18,1,Green_Algae,0.5143521,0.19526367
2023-06-19,1,Green_Algae,0.5725395,0.41083032
2023-06-20,1,Green_Algae,1.4189571,0.47233585
2023-06-21,1,Green_Algae,3.0382833,1.1073238
2023-06-22,1,Green_Algae,3.1065986,2.3557162
2023-06-23,1,Green_Algae,1.9374653,2.0229335
2023-06-24,1,Green_Algae,1.1924785,1.1585075
2023-06-25,1,Green_Algae,1.0128819,0.7375517
2023-06-26,1,Green_Algae,1.2879117,0.6545273
2023-06-27,1,Green_Algae,1.1464972,0.84576756
2023-06-28,1,Green_Algae,4.1690407,0.7631454
2023-06-29,1,Green_Algae,5.1483574,4.0436068
2023-06-30,1,Green_Algae,4.417229,5.330346
2023-07-01,1,Green_Algae,3.0753262,4.0468636
2023-07-02,1,Green_Algae,2.3679974,2.7828534
2023-07-03,1,Green_Algae,3.1175823,2.1244879
2023-07-04,1,Green_Algae,5.006934,3.2068923
2023-07-05,1,Green_Algae,6.813222,4.8070583
2023-07-06,1,Green_Algae,7.1008797,5.7443166
2023-07-07,1,Green_Algae,7.8447523,5.824681
2023-07-08,1,Green_Algae,7.1713324,6.093052
2023-07-09,1,Green_Algae,7.92671,6.377017
2023-07-10,1,Green_Algae,7.4939637,6.3089547
2023-07-11,1,Green_Algae,5.54597,5.476118
2023-07-12,1,Green_Algae,4.022008,3.915974
2023-07-13,1,Green_Algae,3.7216525,3.2625234
2023-07-14,1,Green_Algae,2.7944505,3.377424
2023-07-15,1,Green_Algae,2.0034344,3.0336566
2023-07-16,1,Green_Algae,1.4967204,2.2147903
2023-07-17,1,Green_Algae,1.3990573,1.6360576
2023-07-18,1,Green_Algae,1.0275207,1.7432224
2023-07-19,1,Green_Algae,1.0186292,1.2873651
2023-07-20,1,Green_Algae,1.734702,1.2144531
2023-07-21,1,Green_Algae,3.5428689,2.487093
2023-07-22,1,Green_Algae,8.218171,3.733169
2023-07-23,1,Green_Algae,8.601586,5.3450065
2023-07-24,1,Green_Algae,9.032261,6.17988
2023-07-25,1,Green_Algae,8.793951,5.9344516
2023-07-26,1,Green_Algae,6.349499,5.6158876
2023-07-27,1,Green_Algae,4.783891,3.8222027
2023-07-28,1,Green_Algae,2.371833,2.6962936
2023-07-29,1,Green_Algae,1.8697046,1.3876846
2023-07-30,1,Green_Algae,2.1430004,1.2973636
2023-07-31,1,Green_Algae,2.687552,2.5374804
2023-08-01,1,Green_Algae,2.8441966,2.7401266
2023-08-02,1,Green_Algae,3.3121603,2.5862768
2023-08-03,1,Green_Algae,4.9291377,3.5735142
2023-08-04,1,Green_Algae,5.591187,5.040367
2023-08-05,1,Green_Algae,8.544591,5.229313
2023-08-06,1,Green_Algae,8.778641,6.063869
2023-08-07,1,Green_Algae,9.01269,5.875569
2023-08-08,1,Green_Algae,9.246739,4.8645964
2023-08-09,1,Green_Algae,6.3150916,4.324632
2023-08-10,1,Green_Algae,5.0038095,4.506411
2023-08-11,1,Green_Algae,3.3346193,3.1412778
2023-08-12,1,Green_Algae,2.5525656,2.577129
2023-08-13,1,Green_Algae,3.0647385,2.1444132
2023-08-14,1,Green_Algae,5.879216,3.0987885
2023-08-15,1,Green_Algae,6.031285,4.6592894
2023-08-16,1,Green_Algae,4.687024,3.7369175
2023-08-17,1,Green_Algae,1.2427475,2.2024252
2023-08-18,1,Green_Algae,0.8998853,0.7144021
2023-08-19,1,Green_Algae,0.66447395,0.4469931
2023-08-20,1,Green_Algae,0.51328796,0.41518107
2023-08-21,1,Green_Algae,0.45516005,0.35902616
2023-08-22,1,Green_Algae,0.3003116,0.3302658
2023-08-23,1,Green_Algae,0.28055164,0.20144965
2023-08-24,1,Green_Algae,0.2979189,0.18805215
2023-08-25,1,Green_Algae,0.2403409,0.23423667
2023-08-26,1,Green_Algae,0.44934124,0.2286509
2023-08-27,1,Green_Algae,0.41253313,0.31276077
2023-08-28,1,Green_Algae,0.5238057,0.28305614
2023-08-29,1,Green_Algae,1.458634,0.39528853
2023-08-30,1,Green_Algae,0.76870924,0.6947468
2023-08-31,1,Green_Algae,1.4702122,0.42994046
2023-09-01,1,Green_Algae,0.9918718,0.7013418
2023-09-02,1,Green_Algae,0.91562474,0.528349
2023-09-03,1,Green_Algae,0.70573056,0.5369919
2023-09-04,1,Green_Algae,0.6742999,0.48866975
2023-09-05,1,Green_Algae,1.3842525,0.38302672
2023-09-06,1,Green_Algae,4.9435377,0.6695945
2023-09-07,1,Green_Algae,3.897788,2.0359676
2023-09-08,1,Green_Algae,1.5145657,1.4269469
2023-09-09,1,Green_Algae,0.6406925,0.6708828
2023-09-10,1,Green_Algae,0.33638895,0.36800176
2023-09-11,1,Green_Algae,0.10094779,0.28738603
2023-09-12,1,Green_Algae,0.09816431,0.22767742
2023-09-13,1,Green_Algae,0.2952668,0.20924085
2023-09-14,1,Green_Algae,0.7073095,0.279054
2023-09-15,1,Green_Algae,1.220801,0.42807966
2023-09-16,1,Green_Algae,0.82873017,0.75774795
2023-09-17,1,Green_Algae,0.7083514,0.5706382
2023-09-18,1,Green_Algae,1.3472247,0.46780804
2023-09-19,1,Green_Algae,1.9606476,0.9320877
2023-09-20,1,Green_Algae,3.1551094,1.2500308
2023-09-21,1,Green_Algae,4.03383,2.3077433
2023-09-22,1,Green_Algae,3.11515,2.7098343
2023-09-23,1,Green_Algae,3.0413108,2.072756
2023-09-24,1,Green_Algae,3.025897,2.4413874
2023-09-25,1,Green_Algae,2.150364,2.1606884
2023-09-26,1,Green_Algae,2.4681423,1.5134772
2023-09-27,1,Green_Algae,2.4991379,1.8720196
2023-09-28,1,Green_Algae,2.2806215,1.6953677
2023-09-29,1,Green_Algae,1.9233941,1.5847918
2023-09-30,1,Green_Algae,1.7363886,1.292637
2023-10-01,1,Green_Algae,2.0806055,1.0822914
2023-10-02,1,Green_Algae,1.3755308,1.4964172
2023-10-03,1,Green_Algae,1.3721676,0.9230549
2023-10-04,1,Green_Algae,1.5986129,0.9281776
2023-10-05,1,Green_Algae,1.1944014,1.1714137
2023-10-06,1,Green_Algae,0.4352867,0.74471843
2023-10-07,1,Green_Algae,0.038954273,0.30303746
2023-10-08,1,Green_Algae,0.005254514,0.13185638
2023-10-09,1,Green_Algae,0.00022059257,0.10532277
2023-10-10,1,Green_Algae,0.07396206,0.16764513
2023-10-11,1,Green_Algae,0.0044502877,0.190411
2023-10-12,1,Green_Algae,0.21425903,0.14161053
2023-10-13,1,Green_Algae,0.4240678,0.22423615
2023-10-14,1,Green_Algae,1.2040071,0.41798922
2023-10-15,1,Green_Algae,1.538577,0.96615916
2023-10-16,1,Green_Algae,0.91931796,1.0182176
2023-10-17,1,Green_Algae,0.49678364,0.46739268
2023-10-18,1,Green_Algae,0.27720237,0.32690495
2023-10-19,1,Green_Algae,0.060109414,0.24210258
2023-10-20,1,Green_Algae,0.0003220112,0.122774184
2023-10-21,1,Green_Algae,0.0012375681,0.05135358
2023-10-22,1,Green_Algae,0.0032772026,0.0043639503
2023-10-23,1,Green_Algae,0.0053168214,0.0042737043
2023-10-24,1,Green_Algae,0.0073564914,0.015036367
2023-10-25,1,Green_Algae,0.009396112,0.010027289
2023-10-26,1,Green_Algae,0.01143575,0.017678805
2023-10-27,1,Green_Algae,0.00014706633,-0.007853746
2023-10-28,1,Green_Algae,0.00014947286,-0.023547782
2023-10-29,1,Green_Algae,0.00015179641,-0.019326737
2023-10-30,1,Green_Algae,0.0036961709,0.030424552
2023-10-31,1,Green_Algae,5.8028803e-05,0.059077017
2023-11-01,1,Green_Algae,0.005072786,0.08212557
2023-11-02,1,Green_Algae,0.009415459,0.07225192
2023-11-03,1,Green_Algae,0.23354869,0.05824861
2023-11-04,1,Green_Algae,0.19017506,0.09547131
2023-11-05,1,Green_Algae,0.29466212,0.118881434
2023-11-06,1,Green_Algae,0.52662814,0.2436486
2023-11-07,1,Green_Algae,0.14937869,0.18993956
2023-11-08,1,Green_Algae,0.051346254,0.092763595
2023-11-09,1,Green_Algae,0.0022525839,0.060788848
2023-11-10,1,Green_Algae,0.0037495536,0.0722779
2023-11-11,1,Green_Algae,0.00026789785,0.15085465
2023-11-12,1,Green_Algae,0.00030059792,0.11911141
2023-11-13,1,Green_Algae,0.00033329905,0.17329238
2023-11-14,1,Green_Algae,0.014367214,0.18927312
2023-11-15,1,Green_Algae,0.03973635,0.19495636
2023-11-16,1,Green_Algae,0.08579548,0.22961116
2023-11-17,1,Green_Algae,0.023645498,0.23996873
2023-11-18,1,Green_Algae,0.012744074,0.18364155
2023-11-19,1,Green_Algae,0.013970377,0.18372798
2023-11-20,1,Green_Algae,0.045104496,0.17535684
2023-11-21,1,Green_Algae,0.14602937,0.17376326
2023-11-22,1,Green_Algae,0.18774286,0.19381998
2023-11-23,1,Green_Algae,0.12678686,0.21169919
2023-11-24,1,Green_Algae,0.06583095,0.2236381
2023-11-25,1,Green_Algae,0.0048749987,0.1418934
2023-11-26,1,Green_Algae,0.01300342,0.13245288
2023-11-27,1,Green_Algae,0.0009985091,0.15512572
2023-11-28,1,Green_Algae,0.3965642,0.15851094
2023-11-29,1,Green_Algae,0.7921298,0.384746
2023-11-30,1,Green_Algae,1.1876955,0.6709988
2023-12-01,1,Green_Algae,0.5417547,1.0270011
2023-12-02,1,Green_Algae,0.28317368,0.34361163
2023-12-03,1,Green_Algae,0.26998764,0.16447
2023-12-04,1,Green_Algae,0.041641086,0.16471583
2023-12-05,1,Green_Algae,0.007523836,0.13304265
2023-12-06,1,Green_Algae,0.0014946325,0.14340235
2023-12-07,1,Green_Algae,0.051200677,0.10548043
2023-12-08,1,Green_Algae,0.031184377,0.06027074
2023-12-09,1,Green_Algae,0.320014,0.09010391
2023-12-10,1,Green_Algae,0.19122079,0.31160942
2023-12-11,1,Green_Algae,0.9545549,0.26696566
2023-12-12,1,Green_Algae,2.0166812,0.7407404
2023-12-13,1,Green_Algae,1.8324066,2.056389
2023-12-14,1,Green_Algae,1.3901647,1.3330852
2023-12-15,1,Green_Algae,2.1495306,0.8966708
2023-12-16,1,Green_Algae,1.2279633,0.9365182
2023-12-17,1,Green_Algae,0.5186076,0.5665445
2023-12-18,1,Green_Algae,0.2195702,0.2813951
2023-12-19,1,Green_Algae,0.2801519,0.19665438
2023-12-20,1,Green_Algae,0.20370297,0.26444316
2023-12-21,1,Green_Algae,0.061779305,0.2105751
2023-12-22,1,Green_Algae,0.047017764,0.13995923
2023-12-23,1,Green_Algae,0.0322563,0.17302343
2023-12-24,1,Green_Algae,0.017494831,0.17648394
2023-12-25,1,Green_Algae,0.0027333545,0.16843332
2023-12-26,1,Green_Algae,0.0019698853,0.16719966
2023-12-27,1,Green_Algae,1.632065,0.18448566
2020-10-29,2,Green_Algae,11.725673,5.1848063
2020-10-30,2,Green_Algae,12.17853,6.5955176
2020-10-31,2,Green_Algae,6.110087,7.68169
2020-11-01,2,Green_Algae,7.4780245,8.111869
2020-11-02,2,Green_Algae,7.0332804,6.4453382
2020-11-03,2,Green_Algae,4.4513035,6.504176
2020-11-04,2,Green_Algae,4.2465425,6.18277
2020-11-05,2,Green_Algae,3.1390948,4.64847
2020-11-06,2,Green_Algae,4.8471107,4.3025594
2020-11-07,2,Green_Algae,8.74932,3.7174435
2020-11-08,2,Green_Algae,3.445326,5.2912164
2020-11-09,2,Green_Algae,2.8215373,7.1394086
2020-11-10,2,Green_Algae,2.7152398,4.452207
2020-11-11,2,Green_Algae,2.8748477,3.3914123
2020-11-12,2,Green_Algae,2.8452773,2.9668891
2020-11-13,2,Green_Algae,3.2272646,3.4952457
2020-11-14,2,Green_Algae,4.012611,3.8372219
2020-11-15,2,Green_Algae,3.7066593,4.1201797
2020-11-16,2,Green_Algae,7.032859,4.453981
2020-11-17,2,Green_Algae,7.8307257,4.7201133
2020-11-18,2,Green_Algae,7.7718787,6.598144
2020-11-19,2,Green_Algae,8.549044,7.12783
2020-11-20,2,Green_Algae,9.32621,7.260349
2020-11-21,2,Green_Algae,7.3450155,7.726311
2020-11-22,2,Green_Algae,8.40237,7.6865783
2020-11-23,2,Green_Algae,5.0805078,7.0843897
2020-11-24,2,Green_Algae,4.5977955,7.1598706
2020-11-25,2,Green_Algae,4.178378,5.9310064
2020-11-26,2,Green_Algae,8.567597,4.92308
2020-11-27,2,Green_Algae,5.6399274,4.463456
2020-11-28,2,Green_Algae,4.2971926,6.8665004
2020-11-29,2,Green_Algae,4.177417,6.1541505
2020-11-30,2,Green_Algae,2.1808684,5.227708
2020-12-01,2,Green_Algae,2.1362128,4.613602
2020-12-02,2,Green_Algae,2.365832,2.5964522
2020-12-03,2,Green_Algae,1.8928292,2.4286397
2020-12-04,2,Green_Algae,2.1390448,3.1215007
2020-12-05,2,Green_Algae,1.6092981,2.727476
2020-12-06,2,Green_Algae,1.7672431,2.8787532
2020-12-07,2,Green_Algae,2.0092976,2.3648598
2020-12-08,2,Green_Algae,2.0687907,2.4589825
2020-12-09,2,Green_Algae,2.93475,2.8976312
2020-12-10,2,Green_Algae,2.2710211,2.5830445
2020-12-11,2,Green_Algae,1.7623245,4.2292676
2020-12-12,2,Green_Algae,3.7399058,3.4752378
2020-12-13,2,Green_Algae,7.407639,2.3562338
2020-12-14,2,Green_Algae,1.9868814,4.369245
2020-12-15,2,Green_Algae,1.3638422,7.119343
2020-12-16,2,Green_Algae,1.3426266,3.1591034
2020-12-17,2,Green_Algae,1.2532657,1.925304
2020-12-18,2,Green_Algae,1.2750503,1.7855704
2020-12-19,2,Green_Algae,1.6216208,1.8321909
2020-12-20,2,Green_Algae,2.156505,2.0924985
2020-12-21,2,Green_Algae,1.9927878,2.6066816
2020-12-22,2,Green_Algae,1.9692179,3.2925944
2020-12-23,2,Green_Algae,2.3798406,3.389569
2020-12-24,2,Green_Algae,3.1014483,3.3501213
2020-12-25,2,Green_Algae,2.8246055,4.32678
2020-12-26,2,Green_Algae,2.7126286,4.102794
2020-12-27,2,Green_Algae,3.4823534,3.490524
2020-12-28,2,Green_Algae,8.607523,3.540398
2020-12-29,2,Green_Algae,8.2660055,4.439696
2020-12-30,2,Green_Algae,7.924486,7.412584
2020-12-31,2,Green_Algae,6.428473,8.166682
2021-01-01,2,Green_Algae,2.98945,7.5655737
2021-01-02,2,Green_Algae,1.3053657,6.4384384
2021-01-03,2,Green_Algae,1.2917366,3.4213417
2021-01-04,2,Green_Algae,1.1487111,1.5344968
2021-01-05,2,Green_Algae,1.2107966,1.387048
2021-01-06,2,Green_Algae,1.9978639,1.9395535
2021-01-07,2,Green_Algae,3.2746053,2.1167703
2021-01-08,2,Green_Algae,1.283966,3.3377144
2021-01-09,2,Green_Algae,1.3706295,4.2915955
2021-01-10,2,Green_Algae,0.95188135,2.0301852
2021-01-11,2,Green_Algae,1.2131643,1.8964213
2021-01-12,2,Green_Algae,2.0453835,1.6819001
2021-01-13,2,Green_Algae,2.094508,1.9610215
2021-01-14,2,Green_Algae,2.0917065,3.14486
2021-01-15,2,Green_Algae,1.7256553,3.428322
2021-01-16,2,Green_Algae,2.0362563,3.6930587
2021-01-17,2,Green_Algae,3.533249,3.2952056
2021-01-18,2,Green_Algae,3.6137555,3.9804153
2021-01-19,2,Green_Algae,3.1941895,4.594953
2021-01-20,2,Green_Algae,4.403502,4.8645983
2021-01-21,2,Green_Algae,5.758683,4.742085
2021-01-22,2,Green_Algae,6.35937,6.5768957
2021-01-23,2,Green_Algae,8.876309,7.0982337
2021-01-24,2,Green_Algae,5.43191,7.291098
2021-01-25,2,Green_Algae,6.235949,7.5933123
2021-01-26,2,Green_Algae,6.5830173,6.8533444
2021-01-27,2,Green_Algae,7.649797,6.827092
2021-01-28,2,Green_Algae,5.225948,6.472398
2021-01-29,2,Green_Algae,7.1872573,6.237755
2021-01-30,2,Green_Algae,7.827323,5.627215
2021-01-31,2,Green_Algae,6.1937,5.912512
2021-02-01,2,Green_Algae,5.721615,6.337719
2021-02-02,2,Green_Algae,5.1455975,6.2176013
2021-02-03,2,Green_Algae,4.142368,5.9726334
2021-02-04,2,Green_Algae,4.6842937,5.740182
2021-02-05,2,Green_Algae,4.7972736,5.01476
2021-02-06,2,Green_Algae,4.5424547,5.397819
2021-02-07,2,Green_Algae,4.4105067,5.84781
2021-02-08,2,Green_Algae,4.6066475,5.845919
2021-02-09,2,Green_Algae,5.280211,5.4969726
2021-02-10,2,Green_Algae,7.288978,5.6389923
2021-02-11,2,Green_Algae,4.65887,5.8387265
2021-02-12,2,Green_Algae,3.413034,6.28587
2021-02-13,2,Green_Algae,8.17764,5.1991
2021-02-14,2,Green_Algae,5.1429377,4.3135657
2021-02-15,2,Green_Algae,4.1539435,6.6692147
2021-02-16,2,Green_Algae,4.581317,6.4732823
2021-02-17,2,Green_Algae,4.9817367,5.6667075
2021-02-18,2,Green_Algae,3.35322,5.879587
2021-02-19,2,Green_Algae,4.2448187,5.10043
2021-02-20,2,Green_Algae,4.0317235,4.367618
2021-02-21,2,Green_Algae,4.087482,5.138319
2021-02-22,2,Green_Algae,3.9634469,4.918655
2021-02-23,2,Green_Algae,4.5633674,5.1336255
2021-02-24,2,Green_Algae,4.220355,4.92529
2021-02-25,2,Green_Algae,5.1449275,5.110886
2021-02-26,2,Green_Algae,5.1236477,4.9190297
2021-02-27,2,Green_Algae,4.096351,5.5273786
2021-02-28,2,Green_Algae,3.4184105,5.714708
2021-03-01,2,Green_Algae,2.6066442,5.0773773
2021-03-02,2,Green_Algae,2.469205,4.367554
2021-03-03,2,Green_Algae,3.3989074,3.1996956
2021-03-04,2,Green_Algae,2.2061434,3.4043343
2021-03-05,2,Green_Algae,0.93730825,5.0245476
2021-03-06,2,Green_Algae,0.17130968,3.0986745
2021-03-07,2,Green_Algae,0.21163534,1.548987
2021-03-08,2,Green_Algae,0.51324403,0.8136072
2021-03-09,2,Green_Algae,0.7416932,0.80547684
2021-03-10,2,Green_Algae,1.1518161,1.4312085
2021-03-11,2,Green_Algae,3.0430608,1.7439976
2021-03-12,2,Green_Algae,5.624233,2.8573961
2021-03-13,2,Green_Algae,9.781874,5.4405956
2021-03-14,2,Green_Algae,6.138524,7.127078
2021-03-15,2,Green_Algae,5.632489,8.398247
2021-03-16,2,Green_Algae,4.6865773,7.470995
2021-03-17,2,Green_Algae,4.3283215,6.623482
2021-03-18,2,Green_Algae,3.7387772,5.2741656
2021-03-19,2,Green_Algae,2.8026774,3.9529626
2021-03-20,2,Green_Algae,3.1857598,3.7869236
2021-03-21,2,Green_Algae,2.456903,3.3965592
2021-03-22,2,Green_Algae,0.9018451,3.7558954
2021-03-23,2,Green_Algae,0.6790297,3.0506194
2021-03-24,2,Green_Algae,1.005638,1.9705502
2021-03-25,2,Green_Algae,0.83578366,1.6321981
2021-03-26,2,Green_Algae,1.0689725,1.8557723
2021-03-27,2,Green_Algae,1.7590731,1.7852863
2021-03-28,2,Green_Algae,4.083432,2.2148356
2021-03-29,2,Green_Algae,7.1401954,3.4806361
2021-03-30,2,Green_Algae,10.209595,5.6559935
2021-03-31,2,Green_Algae,10.649694,7.5798736
2021-04-01,2,Green_Algae,9.618863,8.386439
2021-04-02,2,Green_Algae,9.679638,8.398403
2021-04-03,2,Green_Algae,8.492021,7.77902
2021-04-04,2,Green_Algae,5.522469,6.6608644
2021-04-05,2,Green_Algae,3.8875976,6.1818247
2021-04-06,2,Green_Algae,3.7225616,4.9139357
2021-04-07,2,Green_Algae,4.1317596,4.172816
2021-04-08,2,Green_Algae,3.7241824,4.3155503
2021-04-09,2,Green_Algae,2.9264905,4.835627
2021-04-10,2,Green_Algae,3.0117583,4.5191426
2021-04-11,2,Green_Algae,3.7558973,4.150695
2021-04-12,2,Green_Algae,7.548631,4.414002
2021-04-13,2,Green_Algae,8.276589,5.2048306
2021-04-14,2,Green_Algae,7.5179367,7.236277
2021-04-15,2,Green_Algae,7.9862165,8.0188875
2021-04-16,2,Green_Algae,8.454495,7.941403
2021-04-17,2,Green_Algae,10.411622,7.4230714
2021-04-18,2,Green_Algae,8.3863945,7.106095
2021-04-19,2,Green_Algae,7.374504,7.765082
2021-04-20,2,Green_Algae,7.4743953,7.2390823
2021-04-21,2,Green_Algae,7.563512,6.915892
2021-04-22,2,Green_Algae,9.42714,6.7673736
2021-04-23,2,Green_Algae,9.938813,6.933062
2021-04-24,2,Green_Algae,9.186256,7.612058
2021-04-25,2,Green_Algae,13.211926,8.156465
2021-04-26,2,Green_Algae,11.542995,8.354587
2021-04-27,2,Green_Algae,8.482055,8.620904
2021-04-28,2,Green_Algae,4.98898,7.6591544
2021-04-29,2,Green_Algae,3.1451302,6.2958922
2021-04-30,2,Green_Algae,3.3468668,4.266687
2021-05-01,2,Green_Algae,8.648813,3.5122795
2021-05-02,2,Green_Algae,10.776056,3.8602254
2021-05-03,2,Green_Algae,10.448346,6.453137
2021-05-04,2,Green_Algae,5.103333,7.4181952
2021-05-05,2,Green_Algae,5.319554,7.8011265
2021-05-06,2,Green_Algae,6.643535,6.3611526
2021-05-07,2,Green_Algae,6.72064,5.830308
2021-05-08,2,Green_Algae,10.374625,6.4571276
2021-05-09,2,Green_Algae,12.880029,6.5190015
2021-05-10,2,Green_Algae,9.980102,7.490521
2021-05-11,2,Green_Algae,10.452174,8.352275
2021-05-12,2,Green_Algae,10.924248,7.9973764
2021-05-13,2,Green_Algae,11.39632,8.280613
2021-05-14,2,Green_Algae,11.868393,8.462536
2021-05-15,2,Green_Algae,10.393691,9.021861
2021-05-16,2,Green_Algae,7.7878942,8.45702
2021-05-17,2,Green_Algae,7.7099423,7.734515
2021-05-18,2,Green_Algae,7.9545946,6.8416104
2021-05-19,2,Green_Algae,6.14866,6.6770983
2021-05-20,2,Green_Algae,6.4745946,7.134161
2021-05-21,2,Green_Algae,6.249631,6.4600706
2021-05-22,2,Green_Algae,9.313534,6.5492234
2021-05-23,2,Green_Algae,8.771644,6.2835984
2021-05-24,2,Green_Algae,12.235818,7.0701804
2021-05-25,2,Green_Algae,7.2883067,6.8123116
2021-05-26,2,Green_Algae,7.12322,7.728081
2021-05-27,2,Green_Algae,13.128756,7.032497
2021-05-28,2,Green_Algae,12.951473,6.7977033
2021-05-29,2,Green_Algae,12.77419,7.6415977
2021-05-30,2,Green_Algae,4.561085,8.07047
2021-05-31,2,Green_Algae,2.984026,7.7258058
2021-06-01,2,Green_Algae,3.477842,5.605271
2021-06-02,2,Green_Algae,3.0301087,3.6636307
2021-06-03,2,Green_Algae,2.9474874,3.392636
2021-06-04,2,Green_Algae,3.87105,3.2241406
2021-06-05,2,Green_Algae,3.5815134,3.2368412
2021-06-06,2,Green_Algae,3.5015206,4.1550536
2021-06-07,2,Green_Algae,4.0479884,3.9856627
2021-06-08,2,Green_Algae,5.4210563,4.401034
2021-06-09,2,Green_Algae,3.706534,4.799964
2021-06-10,2,Green_Algae,5.004493,5.754478
2021-06-11,2,Green_Algae,6.557851,4.484772
2021-06-12,2,Green_Algae,10.4747505,5.368196
2021-06-13,2,Green_Algae,11.396228,6.0588155
2021-06-14,2,Green_Algae,12.317705,7.1630297
2021-06-15,2,Green_Algae,12.765958,7.753246
2021-06-16,2,Green_Algae,13.214211,7.7739286
2021-06-17,2,Green_Algae,13.662464,8.446387
2021-06-18,2,Green_Algae,14.110718,8.8862095
2021-06-19,2,Green_Algae,12.694961,8.8964205
2021-06-20,2,Green_Algae,13.068725,8.450284
2021-06-21,2,Green_Algae,6.759349,8.041436
2021-06-22,2,Green_Algae,4.531797,7.973132
2021-06-23,2,Green_Algae,4.704233,6.625045
2021-06-24,2,Green_Algae,4.3103833,5.1153193
2021-06-25,2,Green_Algae,4.245991,4.964529
2021-06-26,2,Green_Algae,3.8047178,5.338966
2021-06-27,2,Green_Algae,9.500919,5.7515907
2021-06-28,2,Green_Algae,14.259275,5.066561
2021-06-29,2,Green_Algae,13.726238,7.046455
2021-06-30,2,Green_Algae,10.054623,7.801672
2021-07-01,2,Green_Algae,10.233351,7.6734433
2021-07-02,2,Green_Algae,11.377681,6.8528748
2021-07-03,2,Green_Algae,13.92809,7.1205225
2021-07-04,2,Green_Algae,9.610976,7.6033087
2021-07-05,2,Green_Algae,13.8032055,8.279669
2021-07-06,2,Green_Algae,12.07648,7.629914
2021-07-07,2,Green_Algae,9.815504,8.194146
2021-07-08,2,Green_Algae,10.952688,8.026271
2021-07-09,2,Green_Algae,5.504181,7.6648054
2021-07-10,2,Green_Algae,6.883577,7.991474
2021-07-11,2,Green_Algae,6.383121,6.2297697
2021-07-12,2,Green_Algae,8.041389,6.3047175
2021-07-13,2,Green_Algae,7.1555495,6.4844475
2021-07-14,2,Green_Algae,7.182688,7.190955
2021-07-15,2,Green_Algae,7.2098265,7.1341224
2021-07-16,2,Green_Algae,7.2369647,7.9925666
2021-07-17,2,Green_Algae,7.2641034,8.201037
2021-07-18,2,Green_Algae,7.291241,8.44184
2021-07-19,2,Green_Algae,7.3183794,8.436503
2021-07-20,2,Green_Algae,7.345518,8.078567
2021-07-21,2,Green_Algae,4.656155,7.3127456
2021-07-22,2,Green_Algae,5.656749,6.4878607
2021-07-23,2,Green_Algae,11.975569,5.1413455
2021-07-24,2,Green_Algae,13.560905,5.276918
2021-07-25,2,Green_Algae,13.088494,7.569931
2021-07-26,2,Green_Algae,11.472322,8.567115
2021-07-27,2,Green_Algae,9.366954,8.800615
2021-07-28,2,Green_Algae,6.655246,8.358855
2021-07-29,2,Green_Algae,7.9549346,7.690373
2021-07-30,2,Green_Algae,7.1069007,6.272882
2021-07-31,2,Green_Algae,8.990673,6.580307
2021-08-01,2,Green_Algae,10.385311,7.004813
2021-08-02,2,Green_Algae,10.719529,7.2847776
2021-08-03,2,Green_Algae,7.1092253,7.339294
2021-08-04,2,Green_Algae,4.9593773,6.900891
2021-08-05,2,Green_Algae,3.0356264,6.083463
2021-08-06,2,Green_Algae,2.0601811,5.3121367
2021-08-07,2,Green_Algae,2.8934517,3.967378
2021-08-08,2,Green_Algae,3.3419957,2.986611
2021-08-09,2,Green_Algae,3.5262926,3.4638045
2021-08-10,2,Green_Algae,2.9024384,4.314624
2021-08-11,2,Green_Algae,3.434081,5.0170846
2021-08-12,2,Green_Algae,4.609233,4.2162566
2021-08-13,2,Green_Algae,4.0192776,4.7886567
2021-08-14,2,Green_Algae,7.171199,5.923892
2021-08-15,2,Green_Algae,10.603491,5.522521
2021-08-16,2,Green_Algae,8.529735,7.192013
2021-08-17,2,Green_Algae,6.9491796,8.019668
2021-08-18,2,Green_Algae,8.951539,7.564675
2021-08-19,2,Green_Algae,11.542151,6.5532556
2021-08-20,2,Green_Algae,10.700407,7.2269235
2021-08-21,2,Green_Algae,7.8352175,7.7010446
2021-08-22,2,Green_Algae,12.8495455,7.91839
2021-08-23,2,Green_Algae,13.118637,7.298893
2021-08-24,2,Green_Algae,10.933848,7.8869796
2021-08-25,2,Green_Algae,12.0906725,8.394346
2021-08-26,2,Green_Algae,10.43034,8.090786
2021-08-27,2,Green_Algae,9.773435,8.369173
2021-08-28,2,Green_Algae,8.390406,7.8603563
2021-08-29,2,Green_Algae,7.821752,7.426283
2021-08-30,2,Green_Algae,6.5187182,6.7824636
2021-08-31,2,Green_Algae,5.8044934,6.5485
2021-09-01,2,Green_Algae,5.0743923,6.274982
2021-09-02,2,Green_Algae,4.311918,6.400446
2021-09-03,2,Green_Algae,3.3487916,6.3851748
2021-09-04,2,Green_Algae,4.701462,5.737305
2021-09-05,2,Green_Algae,5.0674095,4.9598613
2021-09-06,2,Green_Algae,3.518864,5.7362146
2021-09-07,2,Green_Algae,3.1971326,6.030113
2021-09-08,2,Green_Algae,3.5374892,4.8582535
2021-09-09,2,Green_Algae,6.4463677,4.349825
2021-09-10,2,Green_Algae,6.842923,4.6200128
2021-09-11,2,Green_Algae,8.631598,6.365862
2021-09-12,2,Green_Algae,8.282877,6.3846245
2021-09-13,2,Green_Algae,7.9341564,6.9476004
2021-09-14,2,Green_Algae,7.505728,6.9641743
2021-09-15,2,Green_Algae,4.8467994,6.8731685
2021-09-16,2,Green_Algae,4.3901086,6.57613
2021-09-17,2,Green_Algae,3.1355467,5.7523026
2021-09-18,2,Green_Algae,2.5354092,5.194203
2021-09-19,2,Green_Algae,2.8781462,4.4155335
2021-09-20,2,Green_Algae,2.8740985,4.0359774
2021-09-21,2,Green_Algae,2.339877,4.264739
2021-09-22,2,Green_Algae,3.6420565,4.4093165
2021-09-23,2,Green_Algae,3.4891088,3.796209
2021-09-24,2,Green_Algae,3.0315206,5.21624
2021-09-25,2,Green_Algae,2.7386677,5.0317974
2021-09-26,2,Green_Algae,2.8449023,4.4248824
2021-09-27,2,Green_Algae,2.898798,3.97823
2021-09-28,2,Green_Algae,2.80811,3.851628
2021-09-29,2,Green_Algae,3.1477988,3.7732053
2021-09-30,2,Green_Algae,3.8165677,3.8902628
2021-10-01,2,Green_Algae,2.884149,4.1817236
2021-10-02,2,Green_Algae,2.3285825,4.3956294
2021-10-03,2,Green_Algae,2.7246957,3.5494442
2021-10-04,2,Green_Algae,2.9625897,3.270129
2021-10-05,2,Green_Algae,3.2004838,4.1020927
2021-10-06,2,Green_Algae,3.4383776,4.5277314
2021-10-07,2,Green_Algae,3.6762717,4.7607837
2021-10-08,2,Green_Algae,3.9141655,4.7145004
2021-10-09,2,Green_Algae,4.1520596,4.853553
2021-10-10,2,Green_Algae,4.3899536,5.2232885
2021-10-11,2,Green_Algae,4.6278477,5.270555
2021-10-12,2,Green_Algae,4.9418287,5.410177
2021-10-13,2,Green_Algae,4.673613,5.2359257
2021-10-14,2,Green_Algae,4.5442286,5.6052823
2021-10-15,2,Green_Algae,8.768624,5.4753222
2021-10-16,2,Green_Algae,8.054786,5.413639
2021-10-17,2,Green_Algae,3.8535652,6.9380293
2021-10-18,2,Green_Algae,3.6656222,6.7858906
2021-10-19,2,Green_Algae,3.690036,4.837809
2021-10-20,2,Green_Algae,3.5357091,4.2919583
2021-10-21,2,Green_Algae,3.6526122,4.5997605
2021-10-22,2,Green_Algae,3.1038206,4.3700614
2021-10-23,2,Green_Algae,2.7547975,4.6494317
2021-10-24,2,Green_Algae,2.6743922,4.5928817
2021-10-25,2,Green_Algae,2.6642506,4.5311584
2021-10-26,2,Green_Algae,3.2695441,4.8366675
2021-10-27,2,Green_Algae,6.4926195,4.701867
2021-10-28,2,Green_Algae,8.997244,5.320704
2021-10-29,2,Green_Algae,9.55448,7.341015
2021-10-30,2,Green_Algae,6.1581116,8.419126
2021-10-31,2,Green_Algae,5.569472,8.49076
2021-11-01,2,Green_Algae,4.880246,7.248193
2021-11-02,2,Green_Algae,6.240745,6.4734244
2021-11-03,2,Green_Algae,7.868003,5.846011
2021-11-04,2,Green_Algae,5.39335,6.7272997
2021-11-05,2,Green_Algae,2.8083358,7.4706388
2021-11-06,2,Green_Algae,4.1119175,6.7441287
2021-11-07,2,Green_Algae,5.8138523,4.4324694
2021-11-08,2,Green_Algae,5.6319323,5.2004957
2021-11-09,2,Green_Algae,4.463618,6.636213
2021-11-10,2,Green_Algae,5.127321,6.58074
2021-11-11,2,Green_Algae,3.3585093,6.0196853
2021-11-12,2,Green_Algae,2.6787329,6.1308064
2021-11-13,2,Green_Algae,2.9060419,4.822269
2021-11-14,2,Green_Algae,2.3626916,4.0089135
2021-11-15,2,Green_Algae,2.3225126,4.284121
2021-11-16,2,Green_Algae,2.5409632,3.6420553
2021-11-17,2,Green_Algae,2.2751682,3.5905266
2021-11-18,2,Green_Algae,1.9986252,3.8939872
2021-11-19,2,Green_Algae,1.6795293,3.5392737
2021-11-20,2,Green_Algae,1.8916438,3.2108064
2021-11-21,2,Green_Algae,2.7642143,2.433925
2021-11-22,2,Green_Algae,3.023097,2.3367436
2021-11-23,2,Green_Algae,1.7613965,3.4987872
2021-11-24,2,Green_Algae,1.8678365,3.3392038
2021-11-25,2,Green_Algae,1.7351195,1.9637158
2021-11-26,2,Green_Algae,1.7887771,2.0709307
2021-11-27,2,Green_Algae,1.8194356,2.0456736
2021-11-28,2,Green_Algae,2.1925688,2.1012604
2021-11-29,2,Green_Algae,2.8506155,2.3055809
2021-11-30,2,Green_Algae,3.7936785,2.5076969
2021-12-01,2,Green_Algae,3.2888849,3.3341773
2021-12-02,2,Green_Algae,3.20601,4.638729
2021-12-03,2,Green_Algae,3.1972845,3.8719249
2021-12-04,2,Green_Algae,2.9100072,3.5943322
2021-12-05,2,Green_Algae,3.0636685,3.415001
2021-12-06,2,Green_Algae,3.0413218,3.102495
2021-12-07,2,Green_Algae,2.8179595,3.3821445
2021-12-08,2,Green_Algae,2.9317937,3.3576367
2021-12-09,2,Green_Algae,2.873556,3.0822985
2021-12-10,2,Green_Algae,3.0364544,3.2181137
2021-12-11,2,Green_Algae,3.930644,3.4049053
2021-12-12,2,Green_Algae,3.436191,3.5458586
2021-12-13,2,Green_Algae,3.863864,4.548989
2021-12-14,2,Green_Algae,4.217301,3.8217726
2021-12-15,2,Green_Algae,4.429001,4.330849
2021-12-16,2,Green_Algae,4.6556263,4.9431243
2021-12-17,2,Green_Algae,4.838226,5.2473736
2021-12-18,2,Green_Algae,4.1352496,5.262718
2021-12-19,2,Green_Algae,3.6960173,4.449159
2021-12-20,2,Green_Algae,3.0439653,3.86892
2021-12-21,2,Green_Algae,2.7047684,3.8802936
2021-12-22,2,Green_Algae,4.257923,3.248458
2021-12-23,2,Green_Algae,3.2951374,3.0029874
2021-12-24,2,Green_Algae,2.3909624,4.330255
2021-12-25,2,Green_Algae,2.1861448,4.622549
2021-12-26,2,Green_Algae,1.7530535,3.6583936
2021-12-27,2,Green_Algae,1.9872879,2.4852371
2021-12-28,2,Green_Algae,2.2317348,2.138467
2021-12-29,2,Green_Algae,2.0643368,2.4320958
2021-12-30,2,Green_Algae,1.9601592,3.1561263
2021-12-31,2,Green_Algae,2.126949,2.5276828
2022-01-01,2,Green_Algae,2.2531767,3.1944873
2022-01-02,2,Green_Algae,2.1239364,2.8062513
2022-01-03,2,Green_Algae,2.5416799,2.908185
2022-01-04,2,Green_Algae,3.3833745,2.573708
2022-01-05,2,Green_Algae,6.9222884,3.1921086
2022-01-06,2,Green_Algae,5.645869,4.349812
2022-01-07,2,Green_Algae,4.3694496,6.729411
2022-01-08,2,Green_Algae,6.313483,6.29818
2022-01-09,2,Green_Algae,4.849971,4.9444594
2022-01-10,2,Green_Algae,6.5303836,5.428292
2022-01-11,2,Green_Algae,7.1293488,4.728101
2022-01-12,2,Green_Algae,3.0731115,5.379135
2022-01-13,2,Green_Algae,2.084052,5.252769
2022-01-14,2,Green_Algae,1.3035264,2.893526
2022-01-15,2,Green_Algae,2.1528146,1.7865164
2022-01-16,2,Green_Algae,2.2154775,1.2693446
2022-01-17,2,Green_Algae,1.8509052,2.215167
2022-01-18,2,Green_Algae,3.0125198,2.4137132
2022-01-19,2,Green_Algae,2.9266691,1.9665284
2022-01-20,2,Green_Algae,3.0848227,3.2255685
2022-01-21,2,Green_Algae,3.732527,2.8767288
2022-01-22,2,Green_Algae,4.3433237,3.0554118
2022-01-23,2,Green_Algae,6.2519803,3.587096
2022-01-24,2,Green_Algae,8.160637,3.8855882
2022-01-25,2,Green_Algae,8.239467,6.1134543
2022-01-26,2,Green_Algae,8.318296,6.1489296
2022-01-27,2,Green_Algae,8.397126,6.6370754
2022-01-28,2,Green_Algae,8.475957,6.5961657
2022-01-29,2,Green_Algae,8.554788,6.3980145
2022-01-30,2,Green_Algae,8.633616,6.381501
2022-01-31,2,Green_Algae,5.246442,5.60345
2022-02-01,2,Green_Algae,3.9920294,5.2840595
2022-02-02,2,Green_Algae,4.695028,3.9956326
2022-02-03,2,Green_Algae,2.7493696,3.0975153
2022-02-04,2,Green_Algae,2.88272,3.5529883
2022-02-05,2,Green_Algae,2.763606,2.6604962
2022-02-06,2,Green_Algae,2.1112866,3.3566487
2022-02-07,2,Green_Algae,2.4319632,3.2524924
2022-02-08,2,Green_Algae,2.2566342,2.2672763
2022-02-09,2,Green_Algae,2.6009963,2.5714047
2022-02-10,2,Green_Algae,2.5740855,2.874815
2022-02-11,2,Green_Algae,2.7089677,2.9412005
2022-02-12,2,Green_Algae,3.126954,3.124253
2022-02-13,2,Green_Algae,4.3236074,2.3976984
2022-02-14,2,Green_Algae,3.448381,3.3738186
2022-02-15,2,Green_Algae,3.5295143,4.35246
2022-02-16,2,Green_Algae,4.1974835,3.3390968
2022-02-17,2,Green_Algae,4.8904557,3.3725762
2022-02-18,2,Green_Algae,6.0933433,4.2559557
2022-02-19,2,Green_Algae,4.131527,5.649897
2022-02-20,2,Green_Algae,2.946324,5.5624776
2022-02-21,2,Green_Algae,2.2808762,4.372784
2022-02-22,2,Green_Algae,1.969732,2.2135928
2022-02-23,2,Green_Algae,1.8481604,1.5276887
2022-02-24,2,Green_Algae,1.970211,1.6727569
2022-02-25,2,Green_Algae,2.0456758,1.8560896
2022-02-26,2,Green_Algae,2.1211405,1.819852
2022-02-27,2,Green_Algae,2.1966052,1.7492726
2022-02-28,2,Green_Algae,2.1446164,1.7772405
2022-03-01,2,Green_Algae,2.8918037,1.8995982
2022-03-02,2,Green_Algae,3.3747232,1.7859118
2022-03-03,2,Green_Algae,4.975467,2.52604
2022-03-04,2,Green_Algae,5.8857384,4.0359707
2022-03-05,2,Green_Algae,7.7702246,6.183833
2022-03-06,2,Green_Algae,7.406918,6.9949193
2022-03-07,2,Green_Algae,8.624261,7.2144065
2022-03-08,2,Green_Algae,5.739247,7.1679425
2022-03-09,2,Green_Algae,4.569587,7.144155
2022-03-10,2,Green_Algae,4.6664295,5.9739914
2022-03-11,2,Green_Algae,6.601842,4.4359426
2022-03-12,2,Green_Algae,7.0578914,4.5314097
2022-03-13,2,Green_Algae,9.441289,6.7223105
2022-03-14,2,Green_Algae,10.154751,7.568036
2022-03-15,2,Green_Algae,10.868213,8.198048
2022-03-16,2,Green_Algae,10.484943,8.317193
2022-03-17,2,Green_Algae,10.101673,8.294924
2022-03-18,2,Green_Algae,10.141577,8.211695
2022-03-19,2,Green_Algae,10.18148,7.8331733
2022-03-20,2,Green_Algae,10.221386,7.566163
2022-03-21,2,Green_Algae,6.8799276,7.224339
2022-03-22,2,Green_Algae,6.111058,6.9424195
2022-03-23,2,Green_Algae,3.9833503,5.3408237
2022-03-24,2,Green_Algae,2.6831644,4.151684
2022-03-25,2,Green_Algae,2.11021,2.833519
2022-03-26,2,Green_Algae,2.3608906,2.2479224
2022-03-27,2,Green_Algae,2.612607,2.867838
2022-03-28,2,Green_Algae,3.0601304,2.8932886
2022-03-29,2,Green_Algae,3.0547757,2.267577
2022-03-30,2,Green_Algae,2.5692663,2.5523562
2022-03-31,2,Green_Algae,2.7219045,2.2935052
2022-04-01,2,Green_Algae,3.1004643,2.0256383
2022-04-02,2,Green_Algae,2.2594109,2.2735531
2022-04-03,2,Green_Algae,1.953816,3.1188185
2022-04-04,2,Green_Algae,1.918588,2.4900901
2022-04-05,2,Green_Algae,2.3214595,2.0518029
2022-04-06,2,Green_Algae,2.560116,1.9510937
2022-04-07,2,Green_Algae,3.2719536,2.7073786
2022-04-08,2,Green_Algae,4.419464,2.935189
2022-04-09,2,Green_Algae,4.504269,4.032574
2022-04-10,2,Green_Algae,4.89147,5.4337244
2022-04-11,2,Green_Algae,6.268174,5.665624
2022-04-12,2,Green_Algae,7.3437877,5.641655
2022-04-13,2,Green_Algae,9.499956,6.156785
2022-04-14,2,Green_Algae,10.740788,7.094656
2022-04-15,2,Green_Algae,8.073318,7.889905
2022-04-16,2,Green_Algae,7.630758,8.35264
2022-04-17,2,Green_Algae,6.9328403,7.790532
2022-04-18,2,Green_Algae,6.5577283,6.6482224
2022-04-19,2,Green_Algae,3.7500434,5.7575655
2022-04-20,2,Green_Algae,3.4992976,4.5557
2022-04-21,2,Green_Algae,4.348203,2.6399722
2022-04-22,2,Green_Algae,5.875435,2.8156219
2022-04-23,2,Green_Algae,8.554278,3.8072293
2022-04-24,2,Green_Algae,10.74772,5.639158
2022-04-25,2,Green_Algae,10.313055,7.3522153
2022-04-26,2,Green_Algae,10.031486,7.7491307
2022-04-27,2,Green_Algae,9.749915,7.6794767
2022-04-28,2,Green_Algae,9.468344,7.0313554
2022-04-29,2,Green_Algae,6.3907814,6.4725475
2022-04-30,2,Green_Algae,2.7383044,5.558246
2022-05-01,2,Green_Algae,1.9100943,4.0570703
2022-05-02,2,Green_Algae,1.4387971,2.9051118
2022-05-03,2,Green_Algae,1.6956812,2.050621
2022-05-04,2,Green_Algae,2.9322464,1.5806507
2022-05-05,2,Green_Algae,4.024558,2.1397433
2022-05-06,2,Green_Algae,7.546461,3.893135
2022-05-07,2,Green_Algae,8.4868555,4.9504566
2022-05-08,2,Green_Algae,8.025366,7.1087346
2022-05-09,2,Green_Algae,7.563878,7.733921
2022-05-10,2,Green_Algae,3.786575,7.1810956
2022-05-11,2,Green_Algae,2.6313117,6.093294
2022-05-12,2,Green_Algae,2.673943,2.9945052
2022-05-13,2,Green_Algae,3.6793551,1.8050798
2022-05-14,2,Green_Algae,3.5523696,2.2762387
2022-05-15,2,Green_Algae,2.8397105,3.2868729
2022-05-16,2,Green_Algae,2.6588566,2.6073353
2022-05-17,2,Green_Algae,2.5439029,2.0905495
2022-05-18,2,Green_Algae,1.9558738,2.0847213
2022-05-19,2,Green_Algae,2.2352676,2.2910452
2022-05-20,2,Green_Algae,3.8337293,2.0437264
2022-05-21,2,Green_Algae,6.6012907,2.220338
2022-05-22,2,Green_Algae,4.1062393,3.6077974
2022-05-23,2,Green_Algae,3.8795009,5.68697
2022-05-24,2,Green_Algae,3.7486677,3.6941433
2022-05-25,2,Green_Algae,2.5144565,3.2127964
2022-05-26,2,Green_Algae,2.628731,3.089992
2022-05-27,2,Green_Algae,2.336657,2.2738113
2022-05-28,2,Green_Algae,1.8927444,2.5210772
2022-05-29,2,Green_Algae,1.7338868,2.2353694
2022-05-30,2,Green_Algae,2.055707,1.9095359
2022-05-31,2,Green_Algae,2.7962682,1.6747892
2022-06-01,2,Green_Algae,2.4670553,1.9190565
2022-06-02,2,Green_Algae,2.5074983,2.2718098
2022-06-03,2,Green_Algae,3.3220377,2.138805
2022-06-04,2,Green_Algae,2.913029,1.9368254
2022-06-05,2,Green_Algae,3.21664,2.6408858
2022-06-06,2,Green_Algae,3.0336015,2.1979494
2022-06-07,2,Green_Algae,2.016884,2.516636
2022-06-08,2,Green_Algae,0.71460867,2.3790739
2022-06-09,2,Green_Algae,1.4329565,1.7940218
2022-06-10,2,Green_Algae,1.2493777,0.92450833
2022-06-11,2,Green_Algae,1.7778566,1.1342312
2022-06-12,2,Green_Algae,1.9454993,1.0784416
2022-06-13,2,Green_Algae,1.383483,1.4346154
2022-06-14,2,Green_Algae,0.17669071,1.7925915
2022-06-15,2,Green_Algae,0.1694878,1.2334744
2022-06-16,2,Green_Algae,1.6111215,0.58486074
2022-06-17,2,Green_Algae,1.4915413,0.4216775
2022-06-18,2,Green_Algae,1.3510724,1.1358781
2022-06-19,2,Green_Algae,1.4114358,1.4932818
2022-06-20,2,Green_Algae,1.2985806,1.6119657
2022-06-21,2,Green_Algae,1.315047,1.8323061
2022-06-22,2,Green_Algae,1.1877986,1.7832425
2022-06-23,2,Green_Algae,0.20468882,1.9283402
2022-06-24,2,Green_Algae,0.9321283,1.8303807
2022-06-25,2,Green_Algae,2.667632,0.82990026
2022-06-26,2,Green_Algae,2.3597465,1.2204624
2022-06-27,2,Green_Algae,2.4025416,3.163111
2022-06-28,2,Green_Algae,2.6718307,2.6995184
2022-06-29,2,Green_Algae,2.6384616,2.9878855
2022-06-30,2,Green_Algae,3.7917957,3.274577
2022-07-01,2,Green_Algae,3.6459014,2.8731098
2022-07-02,2,Green_Algae,3.1270165,3.9017723
2022-07-03,2,Green_Algae,2.8873951,3.5764284
2022-07-04,2,Green_Algae,3.3072195,3.0575888
2022-07-05,2,Green_Algae,2.865286,2.749313
2022-07-06,2,Green_Algae,2.9233165,3.097009
2022-07-07,2,Green_Algae,2.1893845,2.6238577
2022-07-08,2,Green_Algae,1.9153528,2.8267517
2022-07-09,2,Green_Algae,2.0919194,2.1461086
2022-07-10,2,Green_Algae,3.2985039,2.1607249
2022-07-11,2,Green_Algae,4.8211155,2.4338636
2022-07-12,2,Green_Algae,5.138985,3.949884
2022-07-13,2,Green_Algae,5.002174,4.7087164
2022-07-14,2,Green_Algae,9.229062,4.733501
2022-07-15,2,Green_Algae,8.125591,4.626981
2022-07-16,2,Green_Algae,7.02212,6.3920846
2022-07-17,2,Green_Algae,5.9186487,6.2805142
2022-07-18,2,Green_Algae,4.815178,5.8616076
2022-07-19,2,Green_Algae,1.9387745,5.5665827
2022-07-20,2,Green_Algae,1.5423076,4.5523715
2022-07-21,2,Green_Algae,0.75141406,2.1861207
2022-07-22,2,Green_Algae,0.29937363,1.5676539
2022-07-23,2,Green_Algae,1.4023521,1.1155114
2022-07-24,2,Green_Algae,4.171111,0.78785074
2022-07-25,2,Green_Algae,0.52041996,2.1786041
2022-07-26,2,Green_Algae,0.0809841,4.8066893
2022-07-27,2,Green_Algae,0.34602904,1.4619792
2022-07-28,2,Green_Algae,0.6430407,0.5621274
2022-07-29,2,Green_Algae,0.75374895,0.8766804
2022-07-30,2,Green_Algae,0.8893367,1.2993644
2022-07-31,2,Green_Algae,1.0249244,1.3037263
2022-08-01,2,Green_Algae,1.160512,1.6463351
2022-08-02,2,Green_Algae,1.2960997,1.669945
2022-08-03,2,Green_Algae,1.4316874,1.855162
2022-08-04,2,Green_Algae,1.5672749,2.2499397
2022-08-05,2,Green_Algae,1.7028626,2.6818883
2022-08-06,2,Green_Algae,1.8384502,2.3026092
2022-08-07,2,Green_Algae,1.9740379,2.2502422
2022-08-08,2,Green_Algae,2.1096256,2.411082
2022-08-09,2,Green_Algae,2.2452133,2.7771745
2022-08-10,2,Green_Algae,2.380801,2.9698477
2022-08-11,2,Green_Algae,2.5163884,3.1230245
2022-08-12,2,Green_Algae,2.651976,3.2166262
2022-08-13,2,Green_Algae,2.7875638,3.1083221
2022-08-14,2,Green_Algae,2.9231515,3.4814045
2022-08-15,2,Green_Algae,3.0587392,3.6352854
2022-08-16,2,Green_Algae,3.1943269,3.6543891
2022-08-17,2,Green_Algae,3.3299146,3.8009956
2022-08-18,2,Green_Algae,3.465502,3.9375741
2022-08-19,2,Green_Algae,3.6010897,4.10484
2022-08-20,2,Green_Algae,3.7366774,4.3798866
2022-08-21,2,Green_Algae,3.872265,4.4511757
2022-08-22,2,Green_Algae,4.0078526,4.5303335
2022-08-23,2,Green_Algae,4.1434402,4.6009398
2022-08-24,2,Green_Algae,4.279028,4.8148875
2022-08-25,2,Green_Algae,4.4146156,5.009125
2022-08-26,2,Green_Algae,4.5502033,5.108031
2022-08-27,2,Green_Algae,4.685791,4.873092
2022-08-28,2,Green_Algae,4.8213787,4.8396482
2022-08-29,2,Green_Algae,4.9569664,4.7675934
2022-08-30,2,Green_Algae,5.092554,5.050659
2022-08-31,2,Green_Algae,5.2281413,5.533053
2022-09-01,2,Green_Algae,5.3637295,5.7587557
2022-09-02,2,Green_Algae,5.499317,5.7355547
2022-09-03,2,Green_Algae,5.634905,5.225823
2022-09-04,2,Green_Algae,5.770492,5.1357265
2022-09-05,2,Green_Algae,5.9060802,4.98698
2022-09-06,2,Green_Algae,6.0416675,4.9268885
2022-09-07,2,Green_Algae,6.177255,4.9612226
2022-09-08,2,Green_Algae,6.312843,5.5664587
2022-09-09,2,Green_Algae,6.4484305,5.606151
2022-09-10,2,Green_Algae,6.230826,5.5228357
2022-09-11,2,Green_Algae,8.68992,5.4016075
2022-09-12,2,Green_Algae,7.807916,5.3474236
2022-09-13,2,Green_Algae,8.3521595,6.2504916
2022-09-14,2,Green_Algae,9.356362,5.7142787
2022-09-15,2,Green_Algae,7.107813,6.0763984
2022-09-16,2,Green_Algae,4.4031787,6.216063
2022-09-17,2,Green_Algae,3.7508175,5.889433
2022-09-18,2,Green_Algae,6.3141737,4.32965
2022-09-19,2,Green_Algae,3.516343,3.8919554
2022-09-20,2,Green_Algae,1.5800507,5.5985365
2022-09-21,2,Green_Algae,1.6696308,4.147143
2022-09-22,2,Green_Algae,1.4959407,2.127654
2022-09-23,2,Green_Algae,1.615673,1.9410515
2022-09-24,2,Green_Algae,2.0823896,2.0530567
2022-09-25,2,Green_Algae,1.5839247,2.2334998
2022-09-26,2,Green_Algae,1.9809276,2.9819467
2022-09-27,2,Green_Algae,2.3091745,2.1948144
2022-09-28,2,Green_Algae,5.5527225,2.5275857
2022-09-29,2,Green_Algae,6.6691623,2.6699128
2022-09-30,2,Green_Algae,7.104832,4.9893394
2022-10-01,2,Green_Algae,2.6034105,5.153558
2022-10-02,2,Green_Algae,3.3666306,5.5128937
2022-10-03,2,Green_Algae,4.350832,3.148987
2022-10-04,2,Green_Algae,4.8073153,3.3388166
2022-10-05,2,Green_Algae,3.984971,4.314488
2022-10-06,2,Green_Algae,3.1910217,4.6188602
2022-10-07,2,Green_Algae,2.3935506,3.8368108
2022-10-08,2,Green_Algae,1.82,3.3959126
2022-10-09,2,Green_Algae,3.16779,2.69985
2022-10-10,2,Green_Algae,3.305127,2.4140792
2022-10-11,2,Green_Algae,2.3630557,3.5107613
2022-10-12,2,Green_Algae,2.342739,3.5236254
2022-10-13,2,Green_Algae,1.9473406,2.781904
2022-10-14,2,Green_Algae,2.4178493,2.9484103
2022-10-15,2,Green_Algae,2.2874982,2.4925873
2022-10-16,2,Green_Algae,2.8773642,3.062023
2022-10-17,2,Green_Algae,1.9032803,2.9728959
2022-10-18,2,Green_Algae,1.3671615,3.648146
2022-10-19,2,Green_Algae,1.2281462,2.4102707
2022-10-20,2,Green_Algae,1.4357452,1.8592293
2022-10-21,2,Green_Algae,1.8146449,1.6042897
2022-10-22,2,Green_Algae,5.2175727,1.7365907
2022-10-23,2,Green_Algae,1.6347319,1.926085
2022-10-24,2,Green_Algae,1.3448409,4.921492
2022-10-25,2,Green_Algae,0.8646165,1.755855
2022-10-26,2,Green_Algae,0.7161304,1.3170487
2022-10-27,2,Green_Algae,0.8117439,1.0620149
2022-10-28,2,Green_Algae,0.9852315,0.83696455
2022-10-29,2,Green_Algae,0.7189863,0.90563446
2022-10-30,2,Green_Algae,0.74040526,1.1049706
2022-10-31,2,Green_Algae,0.3959189,1.024586
2022-11-01,2,Green_Algae,0.45915672,1.2147214
2022-11-02,2,Green_Algae,0.44663528,0.96695936
2022-11-03,2,Green_Algae,0.5711731,0.9043106
2022-11-04,2,Green_Algae,0.5187971,0.80502224
2022-11-05,2,Green_Algae,0.5168741,0.9989065
2022-11-06,2,Green_Algae,0.99285096,1.076321
2022-11-07,2,Green_Algae,0.97021586,1.1467775
2022-11-08,2,Green_Algae,3.6827445,1.6398222
2022-11-09,2,Green_Algae,3.2042935,1.3666158
2022-11-10,2,Green_Algae,2.6945007,4.3512096
2022-11-11,2,Green_Algae,5.053273,3.682388
2022-11-12,2,Green_Algae,8.711579,2.7491004
2022-11-13,2,Green_Algae,7.713145,4.415405
2022-11-14,2,Green_Algae,5.1916933,5.7560086
2022-11-15,2,Green_Algae,1.4670622,5.5848384
2022-11-16,2,Green_Algae,0.26871106,4.668581
2022-11-17,2,Green_Algae,0.32965964,2.1897144
2022-11-18,2,Green_Algae,0.4381694,0.96263564
2022-11-19,2,Green_Algae,1.021942,0.7152112
2022-11-20,2,Green_Algae,1.0667945,0.81244725
2022-11-21,2,Green_Algae,0.9796669,1.5566583
2022-11-22,2,Green_Algae,1.0705576,1.3486174
2022-11-23,2,Green_Algae,1.2641643,1.0920223
2022-11-24,2,Green_Algae,0.9981404,1.1968112
2022-11-25,2,Green_Algae,0.8159957,1.4746425
2022-11-26,2,Green_Algae,1.3945585,1.1949697
2022-11-27,2,Green_Algae,1.6876014,1.019722
2022-11-28,2,Green_Algae,1.396505,1.6139684
2022-11-29,2,Green_Algae,1.0866112,1.8819898
2022-11-30,2,Green_Algae,1.0804197,1.467252
2022-12-01,2,Green_Algae,1.0082923,1.0434227
2022-12-02,2,Green_Algae,1.1993546,1.0591038
2022-12-03,2,Green_Algae,1.0384793,1.1218588
2022-12-04,2,Green_Algae,0.9513034,1.1407937
2022-12-05,2,Green_Algae,1.4196737,0.93433064
2022-12-06,2,Green_Algae,1.5062437,0.90210754
2022-12-07,2,Green_Algae,1.6673859,1.3984977
2022-12-08,2,Green_Algae,1.7725435,1.1790699
2022-12-09,2,Green_Algae,2.750798,1.2458618
2022-12-10,2,Green_Algae,2.2412164,1.4504343
2022-12-11,2,Green_Algae,0.4060463,2.269335
2022-12-12,2,Green_Algae,0.160492,1.5858907
2022-12-13,2,Green_Algae,0.2686097,0.65162146
2022-12-14,2,Green_Algae,0.31757072,0.38985103
2022-12-15,2,Green_Algae,0.41242754,0.39643764
2022-12-16,2,Green_Algae,0.2809631,0.4643965
2022-12-17,2,Green_Algae,0.4638523,0.5352287
2022-12-18,2,Green_Algae,0.48307028,0.42949703
2022-12-19,2,Green_Algae,0.52901447,0.59423655
2022-12-20,2,Green_Algae,0.41270813,0.5099618
2022-12-21,2,Green_Algae,0.39071897,0.5461854
2022-12-22,2,Green_Algae,0.43844205,0.48682937
2022-12-23,2,Green_Algae,0.27015212,0.55196005
2022-12-24,2,Green_Algae,0.26322237,0.5692992
2022-12-25,2,Green_Algae,0.29721218,0.4832369
2022-12-26,2,Green_Algae,0.25078148,0.540204
2022-12-27,2,Green_Algae,0.21856004,0.58080524
2022-12-28,2,Green_Algae,0.15966643,0.5524035
2022-12-29,2,Green_Algae,0.24490596,0.54694235
2022-12-30,2,Green_Algae,0.20376809,0.5051328
2022-12-31,2,Green_Algae,0.2882681,0.5816844
2023-01-01,2,Green_Algae,0.09535451,0.5989454
2023-01-02,2,Green_Algae,0.071312584,0.6932683
2023-01-03,2,Green_Algae,0.036156602,0.5214237
2023-01-04,2,Green_Algae,3.252288,0.51017815
2023-01-05,2,Green_Algae,6.237046,0.48198217
2023-01-06,2,Green_Algae,9.221804,4.0425234
2023-01-07,2,Green_Algae,9.225964,7.0482597
2023-01-08,2,Green_Algae,9.2301235,7.605
2023-01-09,2,Green_Algae,9.234284,7.827692
2023-01-10,2,Green_Algae,9.238444,7.28779
2023-01-11,2,Green_Algae,9.242605,6.9863863
2023-01-12,2,Green_Algae,8.008986,6.6784167
2023-01-13,2,Green_Algae,9.353083,6.452258
2023-01-14,2,Green_Algae,6.951903,5.979308
2023-01-15,2,Green_Algae,3.9082983,5.994419
2023-01-16,2,Green_Algae,3.8983636,5.3276467
2023-01-17,2,Green_Algae,3.6625977,2.889979
2023-01-18,2,Green_Algae,2.6919782,2.649008
2023-01-19,2,Green_Algae,2.5106957,3.4974394
2023-01-20,2,Green_Algae,2.9152644,2.375577
2023-01-21,2,Green_Algae,3.6604702,2.2988496
2023-01-22,2,Green_Algae,7.30152,3.3837564
2023-01-23,2,Green_Algae,6.2374687,4.071775
2023-01-24,2,Green_Algae,5.173418,6.3711777
2023-01-25,2,Green_Algae,4.7855973,6.5354867
2023-01-26,2,Green_Algae,4.944407,4.40589
2023-01-27,2,Green_Algae,5.020905,3.4253821
2023-01-28,2,Green_Algae,4.1378713,3.4314995
2023-01-29,2,Green_Algae,3.5290515,3.9206529
2023-01-30,2,Green_Algae,3.2179534,3.1805296
2023-01-31,2,Green_Algae,5.3130965,3.171939
2023-02-01,2,Green_Algae,7.0447626,2.7581778
2023-02-02,2,Green_Algae,9.122445,4.562332
2023-02-03,2,Green_Algae,6.014926,5.5215077
2023-02-04,2,Green_Algae,5.961019,6.0379605
2023-02-05,2,Green_Algae,5.907112,4.651573
2023-02-06,2,Green_Algae,5.853205,4.4044404
2023-02-07,2,Green_Algae,8.160051,4.708942
2023-02-08,2,Green_Algae,7.2787995,5.1030483
2023-02-09,2,Green_Algae,6.3975487,6.0938206
2023-02-10,2,Green_Algae,1.4237877,5.760622
2023-02-11,2,Green_Algae,1.1469333,4.7369266
2023-02-12,2,Green_Algae,0.77981836,1.5848187
2023-02-13,2,Green_Algae,0.90640306,0.6347306
2023-02-14,2,Green_Algae,0.18429561,0.42268404
2023-02-15,2,Green_Algae,0.09019138,0.44661522
2023-02-16,2,Green_Algae,0.06921226,0.27419296
2023-02-17,2,Green_Algae,0.09716904,0.19942693
2023-02-18,2,Green_Algae,0.5358182,0.18364038
2023-02-19,2,Green_Algae,0.73984677,0.21522418
2023-02-20,2,Green_Algae,0.9485524,0.43884635
2023-02-21,2,Green_Algae,0.88800627,0.55135894
2023-02-22,2,Green_Algae,0.77299947,0.6211156
2023-02-23,2,Green_Algae,0.8697355,0.55119705
2023-02-24,2,Green_Algae,0.9345164,0.56246436
2023-02-25,2,Green_Algae,0.5437155,0.6760954
2023-02-26,2,Green_Algae,0.35603827,0.6520625
2023-02-27,2,Green_Algae,0.2848945,0.44433984
2023-02-28,2,Green_Algae,0.9269008,0.35934317
2023-03-01,2,Green_Algae,1.0543281,0.34934604
2023-03-02,2,Green_Algae,0.82646257,0.7797187
2023-03-03,2,Green_Algae,0.41406226,0.7607419
2023-03-04,2,Green_Algae,0.43284735,0.5438851
2023-03-05,2,Green_Algae,0.34657025,0.41113704
2023-03-06,2,Green_Algae,0.24229686,0.45968977
2023-03-07,2,Green_Algae,0.28762135,0.44248065
2023-03-08,2,Green_Algae,0.23873465,0.40134093
2023-03-09,2,Green_Algae,0.20506701,0.42551893
2023-03-10,2,Green_Algae,0.12347253,0.37504762
2023-03-11,2,Green_Algae,0.08151744,0.36812583
2023-03-12,2,Green_Algae,0.14753455,0.35637438
2023-03-13,2,Green_Algae,0.08237493,0.36298147
2023-03-14,2,Green_Algae,0.036238365,0.40923476
2023-03-15,2,Green_Algae,0.1186852,0.47028044
2023-03-16,2,Green_Algae,0.17207983,0.44343728
2023-03-17,2,Green_Algae,0.24798092,0.45722383
2023-03-18,2,Green_Algae,0.23571466,0.460607
2023-03-19,2,Green_Algae,0.16183792,0.5303611
2023-03-20,2,Green_Algae,0.40782675,0.4839985
2023-03-21,2,Green_Algae,0.101640604,0.44159552
2023-03-22,2,Green_Algae,0.5060475,0.6174084
2023-03-23,2,Green_Algae,2.69248,0.47581214
2023-03-24,2,Green_Algae,1.9497765,0.7479412
2023-03-25,2,Green_Algae,1.3316832,3.1235619
2023-03-26,2,Green_Algae,2.578498,1.819145
2023-03-27,2,Green_Algae,2.0630136,1.0735517
2023-03-28,2,Green_Algae,1.7380223,1.6157111
2023-03-29,2,Green_Algae,1.37283,1.2270323
2023-03-30,2,Green_Algae,1.1725881,0.9143873
2023-03-31,2,Green_Algae,0.9683462,0.89729017
2023-04-01,2,Green_Algae,0.71395975,0.7717849
2023-04-02,2,Green_Algae,0.683174,0.6225583
2023-04-03,2,Green_Algae,0.75986,0.5658885
2023-04-04,2,Green_Algae,0.6773602,0.5655489
2023-04-05,2,Green_Algae,1.834648,0.5888583
2023-04-06,2,Green_Algae,4.089308,0.62120533
2023-04-07,2,Green_Algae,2.2397137,0.9774522
2023-04-08,2,Green_Algae,1.7206718,1.7115834
2023-04-09,2,Green_Algae,1.4219851,1.0054263
2023-04-10,2,Green_Algae,1.2250155,0.8400268
2023-04-11,2,Green_Algae,0.8648579,0.8648104
2023-04-12,2,Green_Algae,0.56595254,0.72963125
2023-04-13,2,Green_Algae,0.50567454,0.6460122
2023-04-14,2,Green_Algae,0.66647476,0.5141096
2023-04-15,2,Green_Algae,1.0466163,0.5718314
2023-04-16,2,Green_Algae,1.2097328,0.7602642
2023-04-17,2,Green_Algae,2.6901345,1.1686217
2023-04-18,2,Green_Algae,2.477803,0.9862406
2023-04-19,2,Green_Algae,2.09581,1.855133
2023-04-20,2,Green_Algae,1.6294928,1.682639
2023-04-21,2,Green_Algae,1.3932893,1.2798159
2023-04-22,2,Green_Algae,0.9884703,1.223352
2023-04-23,2,Green_Algae,0.9850644,1.2059922
2023-04-24,2,Green_Algae,1.0676374,0.8933647
2023-04-25,2,Green_Algae,1.3244078,0.7764972
2023-04-26,2,Green_Algae,0.6416333,0.82679677
2023-04-27,2,Green_Algae,0.27814546,0.81535935
2023-04-28,2,Green_Algae,1.3145058,0.6104681
2023-04-29,2,Green_Algae,3.2526584,0.48661005
2023-04-30,2,Green_Algae,3.1499057,1.3224941
2023-05-01,2,Green_Algae,1.6380941,2.749221
2023-05-02,2,Green_Algae,4.1922054,1.8119055
2023-05-03,2,Green_Algae,5.529419,0.88074976
2023-05-04,2,Green_Algae,6.2632565,3.0503113
2023-05-05,2,Green_Algae,6.8380823,4.734218
2023-05-06,2,Green_Algae,7.412908,4.8955045
2023-05-07,2,Green_Algae,4.079104,6.0687666
2023-05-08,2,Green_Algae,2.2593377,5.4512725
2023-05-09,2,Green_Algae,1.9581879,2.5843065
2023-05-10,2,Green_Algae,2.4479287,1.3609532
2023-05-11,2,Green_Algae,2.7059772,1.1861532
2023-05-12,2,Green_Algae,2.3598123,1.4749252
2023-05-13,2,Green_Algae,1.7751207,1.3904748
2023-05-14,2,Green_Algae,1.2882135,1.3146399
2023-05-15,2,Green_Algae,1.0123258,1.0992444
2023-05-16,2,Green_Algae,1.0217282,0.85485184
2023-05-17,2,Green_Algae,0.8613485,0.7670611
2023-05-18,2,Green_Algae,1.1611063,1.0496416
2023-05-19,2,Green_Algae,0.9660143,0.864993
2023-05-20,2,Green_Algae,0.79129213,0.9817126
2023-05-21,2,Green_Algae,1.006314,0.8920131
2023-05-22,2,Green_Algae,0.55901504,0.7130318
2023-05-23,2,Green_Algae,0.46997598,0.84226996
2023-05-24,2,Green_Algae,0.31273833,0.66308546
2023-05-25,2,Green_Algae,0.29093453,0.63940364
2023-05-26,2,Green_Algae,0.25067583,0.5946235
2023-05-27,2,Green_Algae,0.42133546,0.502395
2023-05-28,2,Green_Algae,1.3887391,0.4665645
2023-05-29,2,Green_Algae,2.5463135,0.57508415
2023-05-30,2,Green_Algae,2.2533908,1.5358182
2023-05-31,2,Green_Algae,3.1068542,2.5908759
2023-06-01,2,Green_Algae,2.7869723,1.832145
2023-06-02,2,Green_Algae,2.4034996,3.0275412
2023-06-03,2,Green_Algae,1.0539821,2.3366785
2023-06-04,2,Green_Algae,0.93468004,1.5474701
2023-06-05,2,Green_Algae,0.4879697,0.7428919
2023-06-06,2,Green_Algae,0.8998942,0.5042187
2023-06-07,2,Green_Algae,1.3108021,0.39232695
2023-06-08,2,Green_Algae,1.019688,0.73840016
2023-06-09,2,Green_Algae,0.46447587,0.93854946
2023-06-10,2,Green_Algae,0.49861857,0.6999821
2023-06-11,2,Green_Algae,0.61284125,0.4558611
2023-06-12,2,Green_Algae,0.6797172,0.48243093
2023-06-13,2,Green_Algae,0.7083528,0.6195038
2023-06-14,2,Green_Algae,0.35401052,0.6833743
2023-06-15,2,Green_Algae,0.41286027,0.61821085
2023-06-16,2,Green_Algae,0.2804898,0.4061352
2023-06-17,2,Green_Algae,0.2304269,0.35072115
2023-06-18,2,Green_Algae,0.5143521,0.31609887
2023-06-19,2,Green_Algae,0.5725395,0.31917596
2023-06-20,2,Green_Algae,1.4189571,0.5229146
2023-06-21,2,Green_Algae,3.0382833,0.58632946
2023-06-22,2,Green_Algae,3.1065986,1.1783456
2023-06-23,2,Green_Algae,1.9374653,2.3375378
2023-06-24,2,Green_Algae,1.1924785,2.0786562
2023-06-25,2,Green_Algae,1.0128819,1.2868453
2023-06-26,2,Green_Algae,1.2879117,0.8727905
2023-06-27,2,Green_Algae,1.1464972,0.7806374
2023-06-28,2,Green_Algae,4.1690407,0.95456094
2023-06-29,2,Green_Algae,5.1483574,0.8785589
2023-06-30,2,Green_Algae,4.417229,3.888902
2023-07-01,2,Green_Algae,3.0753262,5.0458684
2023-07-02,2,Green_Algae,2.3679974,4.0076346
2023-07-03,2,Green_Algae,3.1175823,2.9003303
2023-07-04,2,Green_Algae,5.006934,2.2847996
2023-07-05,2,Green_Algae,6.813222,3.2869074
2023-07-06,2,Green_Algae,7.1008797,4.702274
2023-07-07,2,Green_Algae,7.8447523,5.5025005
2023-07-08,2,Green_Algae,7.1713324,5.586116
2023-07-09,2,Green_Algae,7.92671,5.829253
2023-07-10,2,Green_Algae,7.4939637,6.071924
2023-07-11,2,Green_Algae,5.54597,6.0177116
2023-07-12,2,Green_Algae,4.022008,5.326967
2023-07-13,2,Green_Algae,3.7216525,3.983351
2023-07-14,2,Green_Algae,2.7944505,3.3992803
2023-07-15,2,Green_Algae,2.0034344,3.5006285
2023-07-16,2,Green_Algae,1.4967204,3.1697824
2023-07-17,2,Green_Algae,1.3990573,2.387802
2023-07-18,2,Green_Algae,1.0275207,1.8125881
2023-07-19,2,Green_Algae,1.0186292,1.8880404
2023-07-20,2,Green_Algae,1.734702,1.4358451
2023-07-21,2,Green_Algae,3.5428689,1.3456041
2023-07-22,2,Green_Algae,8.218171,2.5244348
2023-07-23,2,Green_Algae,8.601586,3.6729147
2023-07-24,2,Green_Algae,9.032261,5.0989327
2023-07-25,2,Green_Algae,8.793951,5.8324175
2023-07-26,2,Green_Algae,6.349499,5.661997
2023-07-27,2,Green_Algae,4.783891,5.425835
2023-07-28,2,Green_Algae,2.371833,3.8851445
2023-07-29,2,Green_Algae,1.8697046,2.8605313
2023-07-30,2,Green_Algae,2.1430004,1.58783
2023-07-31,2,Green_Algae,2.687552,1.4655869
2023-08-01,2,Green_Algae,2.8441966,2.6143706
2023-08-02,2,Green_Algae,3.3121603,2.8061907
2023-08-03,2,Green_Algae,4.9291377,2.673841
2023-08-04,2,Green_Algae,5.591187,3.5854175
2023-08-05,2,Green_Algae,8.544591,4.883605
2023-08-06,2,Green_Algae,8.778641,5.0634613
2023-08-07,2,Green_Algae,9.01269,5.7954206
2023-08-08,2,Green_Algae,9.246739,5.6449246
2023-08-09,2,Green_Algae,6.3150916,4.8032117
2023-08-10,2,Green_Algae,5.0038095,4.350246
2023-08-11,2,Green_Algae,3.3346193,4.5178328
2023-08-12,2,Green_Algae,2.5525656,3.2803981
2023-08-13,2,Green_Algae,3.0647385,2.7504525
2023-08-14,2,Green_Algae,5.879216,2.3216438
2023-08-15,2,Green_Algae,6.031285,3.1989908
2023-08-16,2,Green_Algae,4.687024,4.582555
2023-08-17,2,Green_Algae,1.2427475,3.7736473
2023-08-18,2,Green_Algae,0.8998853,2.3683336
2023-08-19,2,Green_Algae,0.66447395,0.89364153
2023-08-20,2,Green_Algae,0.51328796,0.59487796
2023-08-21,2,Green_Algae,0.45516005,0.54655105
2023-08-22,2,Green_Algae,0.3003116,0.4856559
2023-08-23,2,Green_Algae,0.28055164,0.45415527
2023-08-24,2,Green_Algae,0.2979189,0.32840475
2023-08-25,2,Green_Algae,0.2403409,0.31288776
2023-08-26,2,Green_Algae,0.44934124,0.3564416
2023-08-27,2,Green_Algae,0.41253313,0.35181183
2023-08-28,2,Green_Algae,0.5238057,0.43146896
2023-08-29,2,Green_Algae,1.458634,0.40518606
2023-08-30,2,Green_Algae,0.76870924,0.51104724
2023-08-31,2,Green_Algae,1.4702122,0.79370284
2023-09-01,2,Green_Algae,0.9918718,0.55322975
2023-09-02,2,Green_Algae,0.91562474,0.804442
2023-09-03,2,Green_Algae,0.70573056,0.648309
2023-09-04,2,Green_Algae,0.6742999,0.6536946
2023-09-05,2,Green_Algae,1.3842525,0.6080096
2023-09-06,2,Green_Algae,4.9435377,0.5062538
2023-09-07,2,Green_Algae,3.897788,0.7735742
2023-09-08,2,Green_Algae,1.5145657,2.0368757
2023-09-09,2,Green_Algae,0.6406925,1.5193627
2023-09-10,2,Green_Algae,0.33638895,0.8043876
2023-09-11,2,Green_Algae,0.10094779,0.49904662
2023-09-12,2,Green_Algae,0.09816431,0.41449067
2023-09-13,2,Green_Algae,0.2952668,0.3540477
2023-09-14,2,Green_Algae,0.7073095,0.3344291
2023-09-15,2,Green_Algae,1.220801,0.40014222
2023-09-16,2,Green_Algae,0.82873017,0.5418727
2023-09-17,2,Green_Algae,0.7083514,0.8538179
2023-09-18,2,Green_Algae,1.3472247,0.6892038
2023-09-19,2,Green_Algae,1.9606476,0.5895946
2023-09-20,2,Green_Algae,3.1551094,1.0227305
2023-09-21,2,Green_Algae,4.03383,1.3291571
2023-09-22,2,Green_Algae,3.11515,2.3135984
2023-09-23,2,Green_Algae,3.0413108,2.7195315
2023-09-24,2,Green_Algae,3.025897,2.1663666
2023-09-25,2,Green_Algae,2.150364,2.5192745
2023-09-26,2,Green_Algae,2.4681423,2.2676597
2023-09-27,2,Green_Algae,2.4991379,1.6560949
2023-09-28,2,Green_Algae,2.2806215,1.9803432
2023-09-29,2,Green_Algae,1.9233941,1.8117859
2023-09-30,2,Green_Algae,1.7363886,1.7012184
2023-10-01,2,Green_Algae,2.0806055,1.4189419
2023-10-02,2,Green_Algae,1.3755308,1.2086778
2023-10-03,2,Green_Algae,1.3721676,1.5878541
2023-10-04,2,Green_Algae,1.5986129,1.0534459
2023-10-05,2,Green_Algae,1.1944014,1.045892
2023-10-06,2,Green_Algae,0.4352867,1.2705669
2023-10-07,2,Green_Algae,0.038954273,0.8714738
2023-10-08,2,Green_Algae,0.005254514,0.43561006
2023-10-09,2,Green_Algae,0.00022059257,0.26078868
2023-10-10,2,Green_Algae,0.07396206,0.23234738
2023-10-11,2,Green_Algae,0.0044502877,0.29164028
2023-10-12,2,Green_Algae,0.21425903,0.31404153
2023-10-13,2,Green_Algae,0.4240678,0.26714638
2023-10-14,2,Green_Algae,1.2040071,0.3455931
2023-10-15,2,Green_Algae,1.538577,0.53010094
2023-10-16,2,Green_Algae,0.91931796,1.0444059
2023-10-17,2,Green_Algae,0.49678364,1.111172
2023-10-18,2,Green_Algae,0.27720237,0.59730595
2023-10-19,2,Green_Algae,0.060109414,0.4539772
2023-10-20,2,Green_Algae,0.0003220112,0.36908355
2023-10-21,2,Green_Algae,0.0012375681,0.25075835
2023-10-22,2,Green_Algae,0.0032772026,0.17851198
2023-10-23,2,Green_Algae,0.0053168214,0.1308533
2023-10-24,2,Green_Algae,0.0073564914,0.13029833
2023-10-25,2,Green_Algae,0.009396112,0.14084317
2023-10-26,2,Green_Algae,0.01143575,0.1358265
2023-10-27,2,Green_Algae,0.00014706633,0.14327553
2023-10-28,2,Green_Algae,0.00014947286,0.11783521
2023-10-29,2,Green_Algae,0.00015179641,0.10185534
2023-10-30,2,Green_Algae,0.0036961709,0.10598071
2023-10-31,2,Green_Algae,5.8028803e-05,0.15527946
2023-11-01,2,Green_Algae,0.005072786,0.1838261
2023-11-02,2,Green_Algae,0.009415459,0.20657223
2023-11-03,2,Green_Algae,0.23354869,0.19731334
2023-11-04,2,Green_Algae,0.19017506,0.18358882
2023-11-05,2,Green_Algae,0.29466212,0.21971825
2023-11-06,2,Green_Algae,0.52662814,0.24299818
2023-11-07,2,Green_Algae,0.14937869,0.3623197
2023-11-08,2,Green_Algae,0.051346254,0.3137654
2023-11-09,2,Green_Algae,0.0022525839,0.2190321
2023-11-10,2,Green_Algae,0.0037495536,0.18681942
2023-11-11,2,Green_Algae,0.00026789785,0.19780539
2023-11-12,2,Green_Algae,0.00030059792,0.2736446
2023-11-13,2,Green_Algae,0.00033329905,0.24425839
2023-11-14,2,Green_Algae,0.014367214,0.29594555
2023-11-15,2,Green_Algae,0.03973635,0.3122869
2023-11-16,2,Green_Algae,0.08579548,0.3181918
2023-11-17,2,Green_Algae,0.023645498,0.35159266
2023-11-18,2,Green_Algae,0.012744074,0.36222973
2023-11-19,2,Green_Algae,0.013970377,0.30847213
2023-11-20,2,Green_Algae,0.045104496,0.30776805
2023-11-21,2,Green_Algae,0.14602937,0.29973343
2023-11-22,2,Green_Algae,0.18774286,0.298066
2023-11-23,2,Green_Algae,0.12678686,0.31725088
2023-11-24,2,Green_Algae,0.06583095,0.33464146
2023-11-25,2,Green_Algae,0.0048749987,0.3463926
2023-11-26,2,Green_Algae,0.01300342,0.26806813
2023-11-27,2,Green_Algae,0.0009985091,0.25793952
2023-11-28,2,Green_Algae,0.3965642,0.27971488
2023-11-29,2,Green_Algae,0.7921298,0.2832269
2023-11-30,2,Green_Algae,1.1876955,0.49753195
2023-12-01,2,Green_Algae,0.5417547,0.7710878
2023-12-02,2,Green_Algae,0.28317368,1.1114783
2023-12-03,2,Green_Algae,0.26998764,0.4764212
2023-12-04,2,Green_Algae,0.041641086,0.2931119
2023-12-05,2,Green_Algae,0.007523836,0.29093337
2023-12-06,2,Green_Algae,0.0014946325,0.2596688
2023-12-07,2,Green_Algae,0.051200677,0.26882318
2023-12-08,2,Green_Algae,0.031184377,0.23182265
2023-12-09,2,Green_Algae,0.320014,0.18682985
2023-12-10,2,Green_Algae,0.19122079,0.21539742
2023-12-11,2,Green_Algae,0.9545549,0.42658985
2023-12-12,2,Green_Algae,2.0166812,0.3896053
2023-12-13,2,Green_Algae,1.8324066,0.83313966
2023-12-14,2,Green_Algae,1.3901647,2.0545442
2023-12-15,2,Green_Algae,2.1495306,1.4356039
2023-12-16,2,Green_Algae,1.2279633,1.0234561
2023-12-17,2,Green_Algae,0.5186076,1.0532005
2023-12-18,2,Green_Algae,0.2195702,0.69830894
2023-12-19,2,Green_Algae,0.2801519,0.41312137
2023-12-20,2,Green_Algae,0.20370297,0.3249157
2023-12-21,2,Green_Algae,0.061779305,0.38762167
2023-12-22,2,Green_Algae,0.047017764,0.3362796
2023-12-23,2,Green_Algae,0.0322563,0.2666166
2023-12-24,2,Green_Algae,0.017494831,0.2973392
2023-12-25,2,Green_Algae,0.0027333545,0.3010205
2023-12-26,2,Green_Algae,0.0019698853,0.29321393
2023-12-27,2,Green_Algae,1.632065,0.29185537
2023-12-28,2,Green_Algae,2.6889994,0.30839613
2020-10-30,3,Green_Algae,12.17853,5.038302
2020-10-31,3,Green_Algae,6.110087,6.1927605
2020-11-01,3,Green_Algae,7.4780245,7.015975
2020-11-02,3,Green_Algae,7.0332804,7.3180995
2020-11-03,3,Green_Algae,4.4513035,6.055739
2020-11-04,3,Green_Algae,4.2465425,6.1022844
2020-11-05,3,Green_Algae,3.1390948,5.8509364
2020-11-06,3,Green_Algae,4.8471107,4.573518
2020-11-07,3,Green_Algae,8.74932,4.2677517
2020-11-08,3,Green_Algae,3.445326,3.7445376
2020-11-09,3,Green_Algae,2.8215373,5.128615
2020-11-10,3,Green_Algae,2.7152398,6.6264887
2020-11-11,3,Green_Algae,2.8748477,4.405429
2020-11-12,3,Green_Algae,2.8452773,3.4446874
2020-11-13,3,Green_Algae,3.2272646,3.0474198
2020-11-14,3,Green_Algae,4.012611,3.542138
2020-11-15,3,Green_Algae,3.7066593,3.8583603
2020-11-16,3,Green_Algae,7.032859,4.111741
2020-11-17,3,Green_Algae,7.8307257,4.4052973
2020-11-18,3,Green_Algae,7.7718787,4.6357617
2020-11-19,3,Green_Algae,8.549044,6.198544
2020-11-20,3,Green_Algae,9.32621,6.597148
2020-11-21,3,Green_Algae,7.3450155,6.6878715
2020-11-22,3,Green_Algae,8.40237,7.032947
2020-11-23,3,Green_Algae,5.0805078,6.999996
2020-11-24,3,Green_Algae,4.5977955,6.547535
2020-11-25,3,Green_Algae,4.178378,6.6072206
2020-11-26,3,Green_Algae,8.567597,5.6455064
2020-11-27,3,Green_Algae,5.6399274,4.805911
2020-11-28,3,Green_Algae,4.2971926,4.407465
2020-11-29,3,Green_Algae,4.177417,6.40914
2020-11-30,3,Green_Algae,2.1808684,5.834315
2020-12-01,3,Green_Algae,2.1362128,5.065067
2020-12-02,3,Green_Algae,2.365832,4.5368752
2020-12-03,3,Green_Algae,1.8928292,2.6927729
2020-12-04,3,Green_Algae,2.1390448,2.5307007
2020-12-05,3,Green_Algae,1.6092981,3.1988447
2020-12-06,3,Green_Algae,1.7672431,2.8303142
2020-12-07,3,Green_Algae,2.0092976,2.9746451
2020-12-08,3,Green_Algae,2.0687907,2.4810917
2020-12-09,3,Green_Algae,2.93475,2.5753136
2020-12-10,3,Green_Algae,2.2710211,2.9977262
2020-12-11,3,Green_Algae,1.7623245,2.6956716
2020-12-12,3,Green_Algae,3.7399058,4.2161603
2020-12-13,3,Green_Algae,7.407639,3.5266223
2020-12-14,3,Green_Algae,1.9868814,2.4638422
2020-12-15,3,Green_Algae,1.3638422,4.3305006
2020-12-16,3,Green_Algae,1.3426266,6.6309485
2020-12-17,3,Green_Algae,1.2532657,3.2288735
2020-12-18,3,Green_Algae,1.2750503,2.0349317
2020-12-19,3,Green_Algae,1.6216208,1.9042819
2020-12-20,3,Green_Algae,2.156505,1.9642385
2020-12-21,3,Green_Algae,1.9927878,2.231581
2020-12-22,3,Green_Algae,1.9692179,2.7325907
2020-12-23,3,Green_Algae,2.3798406,3.372863
2020-12-24,3,Green_Algae,3.1014483,3.4533403
2020-12-25,3,Green_Algae,2.8246055,3.4102087
2020-12-26,3,Green_Algae,2.7126286,4.2898793
2020-12-27,3,Green_Algae,3.4823534,4.0872874
2020-12-28,3,Green_Algae,8.607523,3.5300014
2020-12-29,3,Green_Algae,8.2660055,3.5738165
2020-12-30,3,Green_Algae,7.924486,4.3831882
2020-12-31,3,Green_Algae,6.428473,6.8437357
2021-01-01,3,Green_Algae,2.98945,7.3696413
2021-01-02,3,Green_Algae,1.3053657,6.908844
2021-01-03,3,Green_Algae,1.2917366,6.0438533
2021-01-04,3,Green_Algae,1.1487111,3.471131
2021-01-05,3,Green_Algae,1.2107966,1.6396974
2021-01-06,3,Green_Algae,1.9978639,1.5025172
2021-01-07,3,Green_Algae,3.2746053,2.0807445
2021-01-08,3,Green_Algae,1.283966,2.2595162
2021-01-09,3,Green_Algae,1.3706295,3.4208531
2021-01-10,3,Green_Algae,0.95188135,4.273948
2021-01-11,3,Green_Algae,1.2131643,2.1433089
2021-01-12,3,Green_Algae,2.0453835,2.0161297
2021-01-13,3,Green_Algae,2.094508,1.8092378
2021-01-14,3,Green_Algae,2.0917065,2.1001794
2021-01-15,3,Green_Algae,1.7256553,3.2425904
2021-01-16,3,Green_Algae,2.0362563,3.4956207
2021-01-17,3,Green_Algae,3.533249,3.7274249
2021-01-18,3,Green_Algae,3.6137555,3.356004
2021-01-19,3,Green_Algae,3.1941895,3.9763064
2021-01-20,3,Green_Algae,4.403502,4.520646
2021-01-21,3,Green_Algae,5.758683,4.7511263
2021-01-22,3,Green_Algae,6.35937,4.6415124
2021-01-23,3,Green_Algae,8.876309,6.1691585
2021-01-24,3,Green_Algae,5.43191,6.5668206
2021-01-25,3,Green_Algae,6.235949,6.7053123
2021-01-26,3,Green_Algae,6.5830173,6.929263
2021-01-27,3,Green_Algae,7.649797,6.365008
2021-01-28,3,Green_Algae,5.225948,6.345105
2021-01-29,3,Green_Algae,7.1872573,6.069929
2021-01-30,3,Green_Algae,7.827323,5.885303
2021-01-31,3,Green_Algae,6.1937,5.3898892
2021-02-01,3,Green_Algae,5.721615,5.624962
2021-02-02,3,Green_Algae,5.1455975,5.9704304
2021-02-03,3,Green_Algae,4.142368,5.8728147
2021-02-04,3,Green_Algae,4.6842937,5.673672
2021-02-05,3,Green_Algae,4.7972736,5.483682
2021-02-06,3,Green_Algae,4.5424547,4.8760786
2021-02-07,3,Green_Algae,4.4105067,5.199932
2021-02-08,3,Green_Algae,4.6066475,5.576078
2021-02-09,3,Green_Algae,5.280211,5.573361
2021-02-10,3,Green_Algae,7.288978,5.2834983
2021-02-11,3,Green_Algae,4.65887,5.401463
2021-02-12,3,Green_Algae,3.413034,5.567374
2021-02-13,3,Green_Algae,8.17764,5.9302397
2021-02-14,3,Green_Algae,5.1429377,5.0345955
2021-02-15,3,Green_Algae,4.1539435,4.26723
2021-02-16,3,Green_Algae,4.581317,6.2455583
2021-02-17,3,Green_Algae,4.9817367,6.0828047
2021-02-18,3,Green_Algae,3.35322,5.4243073
2021-02-19,3,Green_Algae,4.2448187,5.5979953
2021-02-20,3,Green_Algae,4.0317235,4.94967
2021-02-21,3,Green_Algae,4.087482,4.3135405
2021-02-22,3,Green_Algae,3.9634469,4.9806
2021-02-23,3,Green_Algae,4.5633674,4.795821
2021-02-24,3,Green_Algae,4.220355,4.978973
2021-02-25,3,Green_Algae,5.1449275,4.801299
2021-02-26,3,Green_Algae,5.1236477,4.960068
2021-02-27,3,Green_Algae,4.096351,4.796787
2021-02-28,3,Green_Algae,3.4184105,5.3132963
2021-03-01,3,Green_Algae,2.6066442,5.469577
2021-03-02,3,Green_Algae,2.469205,4.93338
2021-03-03,3,Green_Algae,3.3989074,4.3171635
2021-03-04,3,Green_Algae,2.2061434,3.2599435
2021-03-05,3,Green_Algae,0.93730825,3.4483817
2021-03-06,3,Green_Algae,0.17130968,4.9002457
2021-03-07,3,Green_Algae,0.21163534,3.171599
2021-03-08,3,Green_Algae,0.51324403,1.652621
2021-03-09,3,Green_Algae,0.7416932,0.9081511
2021-03-10,3,Green_Algae,1.1518161,0.9220604
2021-03-11,3,Green_Algae,3.0430608,1.5972996
2021-03-12,3,Green_Algae,5.624233,1.9131433
2021-03-13,3,Green_Algae,9.781874,2.993963
2021-03-14,3,Green_Algae,6.138524,5.289604
2021-03-15,3,Green_Algae,5.632489,6.6197057
2021-03-16,3,Green_Algae,4.6865773,7.534551
2021-03-17,3,Green_Algae,4.3283215,6.835553
2021-03-18,3,Green_Algae,3.7387772,6.1882596
2021-03-19,3,Green_Algae,2.8026774,5.099518
2021-03-20,3,Green_Algae,3.1857598,3.9532623
2021-03-21,3,Green_Algae,2.456903,3.8010533
2021-03-22,3,Green_Algae,0.9018451,3.4470863
2021-03-23,3,Green_Algae,0.6790297,3.7776167
2021-03-24,3,Green_Algae,1.005638,3.129196
2021-03-25,3,Green_Algae,0.83578366,2.0834618
2021-03-26,3,Green_Algae,1.0689725,1.7520928
2021-03-27,3,Green_Algae,1.7590731,1.9928317
2021-03-28,3,Green_Algae,4.083432,1.927547
2021-03-29,3,Green_Algae,7.1401954,2.3593388
2021-03-30,3,Green_Algae,10.209595,3.5567458
2021-03-31,3,Green_Algae,10.649694,5.460633
2021-04-01,3,Green_Algae,9.618863,6.9606423
2021-04-02,3,Green_Algae,9.679638,7.5200253
2021-04-03,3,Green_Algae,8.492021,7.5129943
2021-04-04,3,Green_Algae,5.522469,7.0605083
2021-04-05,3,Green_Algae,3.8875976,6.219635
2021-04-06,3,Green_Algae,3.7225616,5.846603
2021-04-07,3,Green_Algae,4.1317596,4.8015523
2021-04-08,3,Green_Algae,3.7241824,4.154116
2021-04-09,3,Green_Algae,2.9264905,4.2796707
2021-04-10,3,Green_Algae,3.0117583,4.737841
2021-04-11,3,Green_Algae,3.7558973,4.4630413
2021-04-12,3,Green_Algae,7.548631,4.1354957
2021-04-13,3,Green_Algae,8.276589,4.3681855
2021-04-14,3,Green_Algae,7.5179367,5.055085
2021-04-15,3,Green_Algae,7.9862165,6.6969423
2021-04-16,3,Green_Algae,8.454495,7.260645
2021-04-17,3,Green_Algae,10.411622,7.189151
2021-04-18,3,Green_Algae,8.3863945,6.802064
2021-04-19,3,Green_Algae,7.374504,6.564105
2021-04-20,3,Green_Algae,7.4743953,7.0606112
2021-04-21,3,Green_Algae,7.563512,6.666693
2021-04-22,3,Green_Algae,9.42714,6.421477
2021-04-23,3,Green_Algae,9.938813,6.3092365
2021-04-24,3,Green_Algae,9.186256,6.439381
2021-04-25,3,Green_Algae,13.211926,6.9536138
2021-04-26,3,Green_Algae,11.542995,7.34875
2021-04-27,3,Green_Algae,8.482055,7.485499
2021-04-28,3,Green_Algae,4.98898,7.671621
2021-04-29,3,Green_Algae,3.1451302,6.97409
2021-04-30,3,Green_Algae,3.3468668,5.9362884
2021-05-01,3,Green_Algae,8.648813,4.2402024
2021-05-02,3,Green_Algae,10.776056,3.556699
2021-05-03,3,Green_Algae,10.448346,3.870621
2021-05-04,3,Green_Algae,5.103333,6.0955544
2021-05-05,3,Green_Algae,5.319554,6.8290076
2021-05-06,3,Green_Algae,6.643535,7.0952682
2021-05-07,3,Green_Algae,6.72064,5.9899073
2021-05-08,3,Green_Algae,10.374625,5.562592
2021-05-09,3,Green_Algae,12.880029,6.06999
2021-05-10,3,Green_Algae,9.980102,6.120094
2021-05-11,3,Green_Algae,10.452174,6.866119
2021-05-12,3,Green_Algae,10.924248,7.4924083
2021-05-13,3,Green_Algae,11.39632,7.2260985
2021-05-14,3,Green_Algae,11.868393,7.429314
2021-05-15,3,Green_Algae,10.393691,7.557674
2021-05-16,3,Green_Algae,7.7878942,7.951234
2021-05-17,3,Green_Algae,7.7099423,7.5482965
2021-05-18,3,Green_Algae,7.9545946,7.028088
2021-05-19,3,Green_Algae,6.14866,6.362173
2021-05-20,3,Green_Algae,6.4745946,6.2394166
2021-05-21,3,Green_Algae,6.249631,6.5943513
2021-05-22,3,Green_Algae,9.313534,6.0732665
2021-05-23,3,Green_Algae,8.771644,6.14366
2021-05-24,3,Green_Algae,12.235818,5.9350204
2021-05-25,3,Green_Algae,7.2883067,6.549464
2021-05-26,3,Green_Algae,7.12322,6.3487563
2021-05-27,3,Green_Algae,13.128756,7.039649
2021-05-28,3,Green_Algae,12.951473,6.513504
2021-05-29,3,Green_Algae,12.77419,6.3331885
2021-05-30,3,Green_Algae,4.561085,6.974022
2021-05-31,3,Green_Algae,2.984026,7.284815
2021-06-01,3,Green_Algae,3.477842,7.028417
2021-06-02,3,Green_Algae,3.0301087,5.384902
2021-06-03,3,Green_Algae,2.9474874,3.7032347
2021-06-04,3,Green_Algae,3.87105,3.4486969
2021-06-05,3,Green_Algae,3.5815134,3.2938719
2021-06-06,3,Green_Algae,3.5015206,3.3080475
2021-06-07,3,Green_Algae,4.0479884,4.1468415
2021-06-08,3,Green_Algae,5.4210563,3.9944022
2021-06-09,3,Green_Algae,3.706534,4.3605647
2021-06-10,3,Green_Algae,5.004493,4.7084417
2021-06-11,3,Green_Algae,6.557851,5.515066
2021-06-12,3,Green_Algae,10.4747505,4.4309363
2021-06-13,3,Green_Algae,11.396228,5.1862445
2021-06-14,3,Green_Algae,12.317705,5.759821
2021-06-15,3,Green_Algae,12.765958,6.626586
2021-06-16,3,Green_Algae,13.214211,7.060286
2021-06-17,3,Green_Algae,13.662464,7.067214
2021-06-18,3,Green_Algae,14.110718,7.5522456
2021-06-19,3,Green_Algae,12.694961,7.8583384
2021-06-20,3,Green_Algae,13.068725,7.8600426
2021-06-21,3,Green_Algae,6.759349,7.543017
2021-06-22,3,Green_Algae,4.531797,7.2517133
2021-06-23,3,Green_Algae,4.704233,7.205314
2021-06-24,3,Green_Algae,4.3103833,6.197366
2021-06-25,3,Green_Algae,4.245991,4.9763865
2021-06-26,3,Green_Algae,3.8047178,4.846846
2021-06-27,3,Green_Algae,9.500919,5.166226
2021-06-28,3,Green_Algae,14.259275,5.5109425
2021-06-29,3,Green_Algae,13.726238,4.9362783
2021-06-30,3,Green_Algae,10.054623,6.54304
2021-07-01,3,Green_Algae,10.233351,7.1009426
2021-07-02,3,Green_Algae,11.377681,6.994212
2021-07-03,3,Green_Algae,13.92809,6.3733025
2021-07-04,3,Green_Algae,9.610976,6.5792375
2021-07-05,3,Green_Algae,13.8032055,6.9427853
2021-07-06,3,Green_Algae,12.07648,7.4346404
2021-07-07,3,Green_Algae,9.815504,6.9562225
2021-07-08,3,Green_Algae,10.952688,7.369002
2021-07-09,3,Green_Algae,5.504181,7.2456565
2021-07-10,3,Green_Algae,6.883577,6.9813046
2021-07-11,3,Green_Algae,6.383121,7.2222652
2021-07-12,3,Green_Algae,8.041389,5.888706
2021-07-13,3,Green_Algae,7.1555495,5.9489517
2021-07-14,3,Green_Algae,7.182688,6.094646
2021-07-15,3,Green_Algae,7.2098265,6.641469
2021-07-16,3,Green_Algae,7.2369647,6.5947948
2021-07-17,3,Green_Algae,7.2641034,7.2316117
2021-07-18,3,Green_Algae,7.291241,7.3763576
2021-07-19,3,Green_Algae,7.3183794,7.545081
2021-07-20,3,Green_Algae,7.345518,7.538262
2021-07-21,3,Green_Algae,4.656155,7.2801256
2021-07-22,3,Green_Algae,5.656749,6.718423
2021-07-23,3,Green_Algae,11.975569,6.0902524
2021-07-24,3,Green_Algae,13.560905,4.998257
2021-07-25,3,Green_Algae,13.088494,5.112197
2021-07-26,3,Green_Algae,11.472322,6.942835
2021-07-27,3,Green_Algae,9.366954,7.653761
2021-07-28,3,Green_Algae,6.655246,7.80189
2021-07-29,3,Green_Algae,7.9549346,7.4815416
2021-07-30,3,Green_Algae,7.1069007,6.9977036
2021-07-31,3,Green_Algae,8.990673,5.9216695
2021-08-01,3,Green_Algae,10.385311,6.16692
2021-08-02,3,Green_Algae,10.719529,6.4984627
2021-08-03,3,Green_Algae,7.1092253,6.709648
2021-08-04,3,Green_Algae,4.9593773,6.7481465
2021-08-05,3,Green_Algae,3.0356264,6.4141827
2021-08-06,3,Green_Algae,2.0601811,5.773627
2021-08-07,3,Green_Algae,2.8934517,5.1418586
2021-08-08,3,Green_Algae,3.3419957,3.9762027
2021-08-09,3,Green_Algae,3.5262926,3.0714967
2021-08-10,3,Green_Algae,2.9024384,3.5149448
2021-08-11,3,Green_Algae,3.434081,4.2900467
2021-08-12,3,Green_Algae,4.609233,4.9035835
2021-08-13,3,Green_Algae,4.0192776,4.199212
2021-08-14,3,Green_Algae,7.171199,4.697592
2021-08-15,3,Green_Algae,10.603491,5.6566124
2021-08-16,3,Green_Algae,8.529735,5.320438
2021-08-17,3,Green_Algae,6.9491796,6.6521635
2021-08-18,3,Green_Algae,8.951539,7.258292
2021-08-19,3,Green_Algae,11.542151,6.9121256
2021-08-20,3,Green_Algae,10.700407,6.141712
2021-08-21,3,Green_Algae,7.8352175,6.66235
2021-08-22,3,Green_Algae,12.8495455,7.0163536
2021-08-23,3,Green_Algae,13.118637,7.1719384
2021-08-24,3,Green_Algae,10.933848,6.7105575
2021-08-25,3,Green_Algae,12.0906725,7.148164
2021-08-26,3,Green_Algae,10.43034,7.5139084
2021-08-27,3,Green_Algae,9.773435,7.2910266
2021-08-28,3,Green_Algae,8.390406,7.49111
2021-08-29,3,Green_Algae,7.821752,7.1223297
2021-08-30,3,Green_Algae,6.5187182,6.804156
2021-08-31,3,Green_Algae,5.8044934,6.3195333
2021-09-01,3,Green_Algae,5.0743923,6.140899
2021-09-02,3,Green_Algae,4.311918,5.9277577
2021-09-03,3,Green_Algae,3.3487916,6.0286107
2021-09-04,3,Green_Algae,4.701462,6.0172043
2021-09-05,3,Green_Algae,5.0674095,5.4956365
2021-09-06,3,Green_Algae,3.518864,4.8450613
2021-09-07,3,Green_Algae,3.1971326,5.4972854
2021-09-08,3,Green_Algae,3.5374892,5.739147
2021-09-09,3,Green_Algae,6.4463677,4.759727
2021-09-10,3,Green_Algae,6.842923,4.314119
2021-09-11,3,Green_Algae,8.631598,4.5508986
2021-09-12,3,Green_Algae,8.282877,6.0167766
2021-09-13,3,Green_Algae,7.9341564,6.0229855
2021-09-14,3,Green_Algae,7.505728,6.457074
2021-09-15,3,Green_Algae,4.8467994,6.4651146
2021-09-16,3,Green_Algae,4.3901086,6.392553
2021-09-17,3,Green_Algae,3.1355467,6.161855
2021-09-18,3,Green_Algae,2.5354092,5.504269
2021-09-19,3,Green_Algae,2.8781462,5.041311
2021-09-20,3,Green_Algae,2.8740985,4.3715177
2021-09-21,3,Green_Algae,2.339877,4.033333
2021-09-22,3,Green_Algae,3.6420565,4.23777
2021-09-23,3,Green_Algae,3.4891088,4.367303
2021-09-24,3,Green_Algae,3.0315206,3.8187823
2021-09-25,3,Green_Algae,2.7386677,5.0659857
2021-09-26,3,Green_Algae,2.8449023,4.908353
2021-09-27,3,Green_Algae,2.898798,4.3784585
2021-09-28,3,Green_Algae,2.80811,3.980033
2021-09-29,3,Green_Algae,3.1477988,3.8658545
2021-09-30,3,Green_Algae,3.8165677,3.7966874
2021-10-01,3,Green_Algae,2.884149,3.9031615
2021-10-02,3,Green_Algae,2.3285825,4.1646576
2021-10-03,3,Green_Algae,2.7246957,4.3541527
2021-10-04,3,Green_Algae,2.9625897,3.5924685
2021-10-05,3,Green_Algae,3.2004838,3.3327663
2021-10-06,3,Green_Algae,3.4383776,4.0915785
2021-10-07,3,Green_Algae,3.6762717,4.470893
2021-10-08,3,Green_Algae,3.9141655,4.6716304
2021-10-09,3,Green_Algae,4.1520596,4.6288705
2021-10-10,3,Green_Algae,4.3899536,4.74884
2021-10-11,3,Green_Algae,4.6278477,5.0660715
2021-10-12,3,Green_Algae,4.9418287,5.1064057
2021-10-13,3,Green_Algae,4.673613,5.223829
2021-10-14,3,Green_Algae,4.5442286,5.0772634
2021-10-15,3,Green_Algae,8.768624,5.3866115
2021-10-16,3,Green_Algae,8.054786,5.278816
2021-10-17,3,Green_Algae,3.8535652,5.2263327
2021-10-18,3,Green_Algae,3.6656222,6.456288
2021-10-19,3,Green_Algae,3.690036,6.331039
2021-10-20,3,Green_Algae,3.5357091,4.7392383
2021-10-21,3,Green_Algae,3.6526122,4.259933
2021-10-22,3,Green_Algae,3.1038206,4.530497
2021-10-23,3,Green_Algae,2.7547975,4.3315086
2021-10-24,3,Green_Algae,2.6743922,4.575893
2021-10-25,3,Green_Algae,2.6642506,4.527318
2021-10-26,3,Green_Algae,3.2695441,4.4728193
2021-10-27,3,Green_Algae,6.4926195,4.738285
2021-10-28,3,Green_Algae,8.997244,4.621617
2021-10-29,3,Green_Algae,9.55448,5.1512604
2021-10-30,3,Green_Algae,6.1581116,6.773163
2021-10-31,3,Green_Algae,5.569472,7.549879
2021-11-01,3,Green_Algae,4.880246,7.583228
2021-11-02,3,Green_Algae,6.240745,6.669478
2021-11-03,3,Green_Algae,7.868003,6.0762005
2021-11-04,3,Green_Algae,5.39335,5.5780225
2021-11-05,3,Green_Algae,2.8083358,6.284642
2021-11-06,3,Green_Algae,4.1119175,6.8523197
2021-11-07,3,Green_Algae,5.8138523,6.292948
2021-11-08,3,Green_Algae,5.6319323,4.386076
2021-11-09,3,Green_Algae,4.463618,5.041976
2021-11-10,3,Green_Algae,5.127321,6.2234635
2021-11-11,3,Green_Algae,3.3585093,6.1729593
2021-11-12,3,Green_Algae,2.6787329,5.7213855
2021-11-13,3,Green_Algae,2.9060419,5.8106184
2021-11-14,3,Green_Algae,2.3626916,4.7227273
2021-11-15,3,Green_Algae,2.3225126,4.0060167
2021-11-16,3,Green_Algae,2.5409632,4.2498093
2021-11-17,3,Green_Algae,2.2751682,3.6761014
2021-11-18,3,Green_Algae,1.9986252,3.6282759
2021-11-19,3,Green_Algae,1.6795293,3.9061706
2021-11-20,3,Green_Algae,1.8916438,3.5848122
2021-11-21,3,Green_Algae,2.7642143,3.2804172
2021-11-22,3,Green_Algae,3.023097,2.541983
2021-11-23,3,Green_Algae,1.7613965,2.4518704
2021-11-24,3,Green_Algae,1.8678365,3.5578914
2021-11-25,3,Green_Algae,1.7351195,3.4088404
2021-11-26,3,Green_Algae,1.7887771,2.0805795
2021-11-27,3,Green_Algae,1.8194356,2.1942773
2021-11-28,3,Green_Algae,2.1925688,2.17676
2021-11-29,3,Green_Algae,2.8506155,2.2363403
2021-11-30,3,Green_Algae,3.7936785,2.4388533
2021-12-01,3,Green_Algae,3.2888849,2.6335979
2021-12-02,3,Green_Algae,3.20601,3.4106772
2021-12-03,3,Green_Algae,3.1972845,4.5789766
2021-12-04,3,Green_Algae,2.9100072,3.8863704
2021-12-05,3,Green_Algae,3.0636685,3.629764
2021-12-06,3,Green_Algae,3.0413218,3.4653664
2021-12-07,3,Green_Algae,2.8179595,3.176287
2021-12-08,3,Green_Algae,2.9317937,3.4377177
2021-12-09,3,Green_Algae,2.873556,3.4164999
2021-12-10,3,Green_Algae,3.0364544,3.1596231
2021-12-11,3,Green_Algae,3.930644,3.2864776
2021-12-12,3,Green_Algae,3.436191,3.4598362
2021-12-13,3,Green_Algae,3.863864,3.5886598
2021-12-14,3,Green_Algae,4.217301,4.4877806
2021-12-15,3,Green_Algae,4.429001,3.836968
2021-12-16,3,Green_Algae,4.6556263,4.2887206
2021-12-17,3,Green_Algae,4.838226,4.8245378
2021-12-18,3,Green_Algae,4.1352496,5.082165
2021-12-19,3,Green_Algae,3.6960173,5.0926237
2021-12-20,3,Green_Algae,3.0439653,4.391016
2021-12-21,3,Green_Algae,2.7047684,3.8737273
2021-12-22,3,Green_Algae,4.257923,3.8843884
2021-12-23,3,Green_Algae,3.2951374,3.308789
2021-12-24,3,Green_Algae,2.3909624,3.08014
2021-12-25,3,Green_Algae,2.1861448,4.295419
2021-12-26,3,Green_Algae,1.7530535,4.5525584
2021-12-27,3,Green_Algae,1.9872879,3.6870725
2021-12-28,3,Green_Algae,2.2317348,2.584143
2021-12-29,3,Green_Algae,2.0643368,2.2488613
2021-12-30,3,Green_Algae,1.9601592,2.545116
2021-12-31,3,Green_Algae,2.126949,3.2382112
2022-01-01,3,Green_Algae,2.2531767,2.6386142
2022-01-02,3,Green_Algae,2.1239364,3.268373
2022-01-03,3,Green_Algae,2.5416799,2.9021935
2022-01-04,3,Green_Algae,3.3833745,2.9977095
2022-01-05,3,Green_Algae,6.9222884,2.6794112
2022-01-06,3,Green_Algae,5.645869,3.2661753
2022-01-07,3,Green_Algae,4.3694496,4.3191457
2022-01-08,3,Green_Algae,6.313483,6.316749
2022-01-09,3,Green_Algae,4.849971,5.945144
2022-01-10,3,Green_Algae,6.5303836,4.819128
2022-01-11,3,Green_Algae,7.1293488,5.226863
2022-01-12,3,Green_Algae,3.0731115,4.6339917
2022-01-13,3,Green_Algae,2.084052,5.189257
2022-01-14,3,Green_Algae,1.3035264,5.084174
2022-01-15,3,Green_Algae,2.1528146,2.9749696
2022-01-16,3,Green_Algae,2.2154775,1.8927516
2022-01-17,3,Green_Algae,1.8509052,1.3779316
2022-01-18,3,Green_Algae,3.0125198,2.3526378
2022-01-19,3,Green_Algae,2.9266691,2.5470803
2022-01-20,3,Green_Algae,3.0848227,2.1004822
2022-01-21,3,Green_Algae,3.732527,3.3098397
2022-01-22,3,Green_Algae,4.3433237,2.9757433
2022-01-23,3,Green_Algae,6.2519803,3.138683
2022-01-24,3,Green_Algae,8.160637,3.6279643
2022-01-25,3,Green_Algae,8.239467,3.8962245
2022-01-26,3,Green_Algae,8.318296,5.813639
2022-01-27,3,Green_Algae,8.397126,5.8254943
2022-01-28,3,Green_Algae,8.475957,6.2069106
2022-01-29,3,Green_Algae,8.554788,6.171978
2022-01-30,3,Green_Algae,8.633616,6.0150557
2022-01-31,3,Green_Algae,5.246442,6.002787
2022-02-01,3,Green_Algae,3.9920294,5.372451
2022-02-02,3,Green_Algae,4.695028,5.10491
2022-02-03,3,Green_Algae,2.7493696,3.985929
2022-02-04,3,Green_Algae,2.88272,3.1612048
2022-02-05,3,Green_Algae,2.763606,3.5815835
2022-02-06,3,Green_Algae,2.1112866,2.7525487
2022-02-07,3,Green_Algae,2.4319632,3.4087996
2022-02-08,3,Green_Algae,2.2566342,3.3161247
2022-02-09,3,Green_Algae,2.6009963,2.3764696
2022-02-10,3,Green_Algae,2.5740855,2.6755178
2022-02-11,3,Green_Algae,2.7089677,2.9693174
2022-02-12,3,Green_Algae,3.126954,3.0315168
2022-02-13,3,Green_Algae,4.3236074,3.2012897
2022-02-14,3,Green_Algae,3.448381,2.5077953
2022-02-15,3,Green_Algae,3.5295143,3.4316206
2022-02-16,3,Green_Algae,4.1974835,4.317243
2022-02-17,3,Green_Algae,4.8904557,3.3952677
2022-02-18,3,Green_Algae,6.0933433,3.4213035
2022-02-19,3,Green_Algae,4.131527,4.2215166
2022-02-20,3,Green_Algae,2.946324,5.4251657
2022-02-21,3,Green_Algae,2.2808762,5.3434834
2022-02-22,3,Green_Algae,1.969732,4.321627
2022-02-23,3,Green_Algae,1.8481604,2.3169081
2022-02-24,3,Green_Algae,1.970211,1.6350108
2022-02-25,3,Green_Algae,2.0456758,1.8004266
2022-02-26,3,Green_Algae,2.1211405,1.9979136
2022-02-27,3,Green_Algae,2.1966052,1.964086
2022-02-28,3,Green_Algae,2.1446164,1.8934727
2022-03-01,3,Green_Algae,2.8918037,1.9229722
2022-03-02,3,Green_Algae,3.3747232,2.0465808
2022-03-03,3,Green_Algae,4.975467,1.930048
2022-03-04,3,Green_Algae,5.8857384,2.660152
2022-03-05,3,Green_Algae,7.7702246,4.0534863
2022-03-06,3,Green_Algae,7.406918,5.881418
2022-03-07,3,Green_Algae,8.624261,6.493627
2022-03-08,3,Green_Algae,5.739247,6.6466804
2022-03-09,3,Green_Algae,4.569587,6.6072516
2022-03-10,3,Green_Algae,4.6664295,6.5888643
2022-03-11,3,Green_Algae,6.601842,5.669897
2022-03-12,3,Green_Algae,7.0578914,4.373778
2022-03-13,3,Green_Algae,9.441289,4.4542246
2022-03-14,3,Green_Algae,10.154751,6.2892084
2022-03-15,3,Green_Algae,10.868213,6.9289184
2022-03-16,3,Green_Algae,10.484943,7.380001
2022-03-17,3,Green_Algae,10.101673,7.456629
2022-03-18,3,Green_Algae,10.141577,7.4367533
2022-03-19,3,Green_Algae,10.18148,7.3754263
2022-03-20,3,Green_Algae,10.221386,7.099817
2022-03-21,3,Green_Algae,6.8799276,6.904181
2022-03-22,3,Green_Algae,6.111058,6.6496167
2022-03-23,3,Green_Algae,3.9833503,6.4367266
2022-03-24,3,Green_Algae,2.6831644,5.1548448
2022-03-25,3,Green_Algae,2.11021,4.1269617
2022-03-26,3,Green_Algae,2.3608906,2.9156373
2022-03-27,3,Green_Algae,2.612607,2.3510783
2022-03-28,3,Green_Algae,3.0601304,2.953536
2022-03-29,3,Green_Algae,3.0547757,2.9831429
2022-03-30,3,Green_Algae,2.5692663,2.3822403
2022-03-31,3,Green_Algae,2.7219045,2.663356
2022-04-01,3,Green_Algae,3.1004643,2.415588
2022-04-02,3,Green_Algae,2.2594109,2.1544895
2022-04-03,3,Green_Algae,1.953816,2.4037313
2022-04-04,3,Green_Algae,1.918588,3.2119572
2022-04-05,3,Green_Algae,2.3214595,2.6073544
2022-04-06,3,Green_Algae,2.560116,2.1764674
2022-04-07,3,Green_Algae,3.2719536,2.0810347
2022-04-08,3,Green_Algae,4.419464,2.8244526
2022-04-09,3,Green_Algae,4.504269,3.037256
2022-04-10,3,Green_Algae,4.89147,4.0400476
2022-04-11,3,Green_Algae,6.268174,5.2531686
2022-04-12,3,Green_Algae,7.3437877,5.432055
2022-04-13,3,Green_Algae,9.499956,5.4053936
2022-04-14,3,Green_Algae,10.740788,5.8265786
2022-04-15,3,Green_Algae,8.073318,6.5646787
2022-04-16,3,Green_Algae,7.630758,7.1569643
2022-04-17,3,Green_Algae,6.9328403,7.4859643
2022-04-18,3,Green_Algae,6.5577283,7.071094
2022-04-19,3,Green_Algae,3.7500434,6.207933
2022-04-20,3,Green_Algae,3.4992976,5.4980326
2022-04-21,3,Green_Algae,4.348203,4.4837456
2022-04-22,3,Green_Algae,5.875435,2.7331445
2022-04-23,3,Green_Algae,8.554278,2.8990245
2022-04-24,3,Green_Algae,10.74772,3.8249862
2022-04-25,3,Green_Algae,10.313055,5.428547
2022-04-26,3,Green_Algae,10.031486,6.7838135
2022-04-27,3,Green_Algae,9.749915,7.056592
2022-04-28,3,Green_Algae,9.468344,6.9936814
2022-04-29,3,Green_Algae,6.3907814,6.503658
2022-04-30,3,Green_Algae,2.7383044,6.0715075
2022-05-01,3,Green_Algae,1.9100943,5.3360825
2022-05-02,3,Green_Algae,1.4387971,4.04558
2022-05-03,3,Green_Algae,1.6956812,2.984085
2022-05-04,3,Green_Algae,2.9322464,2.1576169
2022-05-05,3,Green_Algae,4.024558,1.6956038
2022-05-06,3,Green_Algae,7.546461,2.2728376
2022-05-07,3,Green_Algae,8.4868555,3.9285536
2022-05-08,3,Green_Algae,8.025366,4.8535047
2022-05-09,3,Green_Algae,7.563878,6.605616
2022-05-10,3,Green_Algae,3.786575,7.048887
2022-05-11,3,Green_Algae,2.6313117,6.6212645
2022-05-12,3,Green_Algae,2.673943,5.77191
2022-05-13,3,Green_Algae,3.6793551,3.0758758
2022-05-14,3,Green_Algae,3.5523696,1.9155945
2022-05-15,3,Green_Algae,2.8397105,2.392358
2022-05-16,3,Green_Algae,2.6588566,3.3643785
2022-05-17,3,Green_Algae,2.5439029,2.7204332
2022-05-18,3,Green_Algae,1.9558738,2.215188
2022-05-19,3,Green_Algae,2.2352676,2.214779
2022-05-20,3,Green_Algae,3.8337293,2.4233422
2022-05-21,3,Green_Algae,6.6012907,2.1798687
2022-05-22,3,Green_Algae,4.1062393,2.3571568
2022-05-23,3,Green_Algae,3.8795009,3.6707857
2022-05-24,3,Green_Algae,3.7486677,5.4872527
2022-05-25,3,Green_Algae,2.5144565,3.729007
2022-05-26,3,Green_Algae,2.628731,3.2812128
2022-05-27,3,Green_Algae,2.336657,3.1670985
2022-05-28,3,Green_Algae,1.8927444,2.387548
2022-05-29,3,Green_Algae,1.7338868,2.633982
2022-05-30,3,Green_Algae,2.055707,2.360736
2022-05-31,3,Green_Algae,2.7962682,2.0409844
2022-06-01,3,Green_Algae,2.4670553,1.8097856
2022-06-02,3,Green_Algae,2.5074983,2.0651162
2022-06-03,3,Green_Algae,3.3220377,2.417236
2022-06-04,3,Green_Algae,2.913029,2.2819664
2022-06-05,3,Green_Algae,3.21664,2.0785983
2022-06-06,3,Green_Algae,3.0336015,2.7697341
2022-06-07,3,Green_Algae,2.016884,2.3339393
2022-06-08,3,Green_Algae,0.71460867,2.6444392
2022-06-09,3,Green_Algae,1.4329565,2.5091364
2022-06-10,3,Green_Algae,1.2493777,1.9268631
2022-06-11,3,Green_Algae,1.7778566,1.0313702
2022-06-12,3,Green_Algae,1.9454993,1.2726672
2022-06-13,3,Green_Algae,1.383483,1.2197332
2022-06-14,3,Green_Algae,0.17669071,1.5992563
2022-06-15,3,Green_Algae,0.1694878,1.9626782
2022-06-16,3,Green_Algae,1.6111215,1.3731719
2022-06-17,3,Green_Algae,1.4915413,0.6873105
2022-06-18,3,Green_Algae,1.3510724,0.5227794
2022-06-19,3,Green_Algae,1.4114358,1.3067338
2022-06-20,3,Green_Algae,1.2985806,1.6734172
2022-06-21,3,Green_Algae,1.315047,1.7835176
2022-06-22,3,Green_Algae,1.1877986,1.9990593
2022-06-23,3,Green_Algae,0.20468882,1.9402413
2022-06-24,3,Green_Algae,0.9321283,2.0828197
2022-06-25,3,Green_Algae,2.667632,1.9800503
2022-06-26,3,Green_Algae,2.3597465,0.93615615
2022-06-27,3,Green_Algae,2.4025416,1.3684464
2022-06-28,3,Green_Algae,2.6718307,3.2891862
2022-06-29,3,Green_Algae,2.6384616,2.829616
2022-06-30,3,Green_Algae,3.7917957,3.093794
2022-07-01,3,Green_Algae,3.6459014,3.3559318
2022-07-02,3,Green_Algae,3.1270165,2.97518
2022-07-03,3,Green_Algae,2.8873951,3.9250906
2022-07-04,3,Green_Algae,3.3072195,3.6270976
2022-07-05,3,Green_Algae,2.865286,3.1428356
2022-07-06,3,Green_Algae,2.9233165,2.8508263
2022-07-07,3,Green_Algae,2.1893845,3.1825845
2022-07-08,3,Green_Algae,1.9153528,2.734991
2022-07-09,3,Green_Algae,2.0919194,2.930544
2022-07-10,3,Green_Algae,3.2985039,2.2709107
2022-07-11,3,Green_Algae,4.8211155,2.2904656
2022-07-12,3,Green_Algae,5.138985,2.5625658
2022-07-13,3,Green_Algae,5.002174,3.9801638
2022-07-14,3,Green_Algae,9.229062,4.6455464
2022-07-15,3,Green_Algae,8.125591,4.654604
2022-07-16,3,Green_Algae,7.02212,4.5566688
2022-07-17,3,Green_Algae,5.9186487,6.033376
2022-07-18,3,Green_Algae,4.815178,5.9359355
2022-07-19,3,Green_Algae,1.9387745,5.593827
2022-07-20,3,Green_Algae,1.5423076,5.3518867
2022-07-21,3,Green_Algae,0.75141406,4.491657
2022-07-22,3,Green_Algae,0.29937363,2.2973766
2022-07-23,3,Green_Algae,1.4023521,1.6803458
2022-07-24,3,Green_Algae,4.171111,1.2280449
2022-07-25,3,Green_Algae,0.52041996,0.89882976
2022-07-26,3,Green_Algae,0.0809841,2.3467116
2022-07-27,3,Green_Algae,0.34602904,4.7624865
2022-07-28,3,Green_Algae,0.6430407,1.5692664
2022-07-29,3,Green_Algae,0.75374895,0.6508956
2022-07-30,3,Green_Algae,0.8893367,1.008345
2022-07-31,3,Green_Algae,1.0249244,1.4635178
2022-08-01,3,Green_Algae,1.160512,1.4610544
2022-08-02,3,Green_Algae,1.2960997,1.8134973
2022-08-03,3,Green_Algae,1.4316874,1.8294475
2022-08-04,3,Green_Algae,1.5672749,2.0125313
2022-08-05,3,Green_Algae,1.7028626,2.3995042
2022-08-06,3,Green_Algae,1.8384502,2.8102202
2022-08-07,3,Green_Algae,1.9740379,2.4349272
2022-08-08,3,Green_Algae,2.1096256,2.3818388
2022-08-09,3,Green_Algae,2.2452133,2.5391767
2022-08-10,3,Green_Algae,2.380801,2.890469
2022-08-11,3,Green_Algae,2.5163884,3.0701156
2022-08-12,3,Green_Algae,2.651976,3.210694
2022-08-13,3,Green_Algae,2.7875638,3.2955089
2022-08-14,3,Green_Algae,2.9231515,3.1921449
2022-08-15,3,Green_Algae,3.0587392,3.5374408
2022-08-16,3,Green_Algae,3.1943269,3.6777935
2022-08-17,3,Green_Algae,3.3299146,3.6933818
2022-08-18,3,Green_Algae,3.465502,3.8255403
2022-08-19,3,Green_Algae,3.6010897,3.9487715
2022-08-20,3,Green_Algae,3.7366774,4.098542
2022-08-21,3,Green_Algae,3.872265,4.3429
2022-08-22,3,Green_Algae,4.0078526,4.4053087
2022-08-23,3,Green_Algae,4.1434402,4.474106
2022-08-24,3,Green_Algae,4.279028,4.535806
2022-08-25,3,Green_Algae,4.4146156,4.7217855
2022-08-26,3,Green_Algae,4.5502033,4.8890758
2022-08-27,3,Green_Algae,4.685791,4.9734025
2022-08-28,3,Green_Algae,4.8213787,4.771591
2022-08-29,3,Green_Algae,4.9569664,4.742234
2022-08-30,3,Green_Algae,5.092554,4.680331
2022-08-31,3,Green_Algae,5.2281413,4.923899
2022-09-01,3,Green_Algae,5.3637295,5.3315763
2022-09-02,3,Green_Algae,5.499317,5.517588
2022-09-03,3,Green_Algae,5.634905,5.4968934
2022-09-04,3,Green_Algae,5.770492,5.071641
2022-09-05,3,Green_Algae,5.9060802,4.994752
2022-09-06,3,Green_Algae,6.0416675,4.868466
2022-09-07,3,Green_Algae,6.177255,4.816772
2022-09-08,3,Green_Algae,6.312843,4.846396
2022-09-09,3,Green_Algae,6.4484305,5.3581886
2022-09-10,3,Green_Algae,6.230826,5.3907003
2022-09-11,3,Green_Algae,8.68992,5.3201756
2022-09-12,3,Green_Algae,7.807916,5.218742
2022-09-13,3,Green_Algae,8.3521595,5.1732802
2022-09-14,3,Green_Algae,9.356362,5.91509
2022-09-15,3,Green_Algae,7.107813,5.477689
2022-09-16,3,Green_Algae,4.4031787,5.7712646
2022-09-17,3,Green_Algae,3.7508175,5.883828
2022-09-18,3,Green_Algae,6.3141737,5.619345
2022-09-19,3,Green_Algae,3.516343,4.297927
2022-09-20,3,Green_Algae,1.5800507,3.9040463
2022-09-21,3,Green_Algae,1.6696308,5.3879256
2022-09-22,3,Green_Algae,1.4959407,4.138522
2022-09-23,3,Green_Algae,1.615673,2.2388964
2022-09-24,3,Green_Algae,2.0823896,2.0585017
2022-09-25,3,Green_Algae,1.5839247,2.1818924
2022-09-26,3,Green_Algae,1.9809276,2.366651
2022-09-27,3,Green_Algae,2.3091745,3.0867808
2022-09-28,3,Green_Algae,5.5527225,2.3204944
2022-09-29,3,Green_Algae,6.6691623,2.6447694
2022-09-30,3,Green_Algae,7.104832,2.7812772
2022-10-01,3,Green_Algae,2.6034105,4.891614
2022-10-02,3,Green_Algae,3.3666306,5.015977
2022-10-03,3,Green_Algae,4.350832,5.3078165
2022-10-04,3,Green_Algae,4.8073153,3.2211804
2022-10-05,3,Green_Algae,3.984971,3.3930893
2022-10-06,3,Green_Algae,3.1910217,4.28355
2022-10-07,3,Green_Algae,2.3935506,4.555858
2022-10-08,3,Green_Algae,1.82,3.8588283
2022-10-09,3,Green_Algae,3.16779,3.4543242
2022-10-10,3,Green_Algae,3.305127,2.8006406
2022-10-11,3,Green_Algae,2.3630557,2.528216
2022-10-12,3,Green_Algae,2.342739,3.5709612
2022-10-13,3,Green_Algae,1.9473406,3.58352
2022-10-14,3,Green_Algae,2.4178493,2.884572
2022-10-15,3,Green_Algae,2.2874982,3.0422807
2022-10-16,3,Green_Algae,2.8773642,2.6076202
2022-10-17,3,Green_Algae,1.9032803,3.153623
2022-10-18,3,Green_Algae,1.3671615,3.0704408
2022-10-19,3,Green_Algae,1.2281462,3.6962392
2022-10-20,3,Green_Algae,1.4357452,2.5252998
2022-10-21,3,Green_Algae,1.8146449,1.9819064
2022-10-22,3,Green_Algae,5.2175727,1.7328111
2022-10-23,3,Green_Algae,1.6347319,1.8790491
2022-10-24,3,Green_Algae,1.3448409,2.0751328
2022-10-25,3,Green_Algae,0.8646165,4.8540244
2022-10-26,3,Green_Algae,0.7161304,1.8663652
2022-10-27,3,Green_Algae,0.8117439,1.4338245
2022-10-28,3,Green_Algae,0.9852315,1.1827598
2022-10-29,3,Green_Algae,0.7189863,0.9564011
2022-10-30,3,Green_Algae,0.74040526,1.0400759
2022-10-31,3,Green_Algae,0.3959189,1.2562844
2022-11-01,3,Green_Algae,0.45915672,1.167136
2022-11-02,3,Green_Algae,0.44663528,1.369563
2022-11-03,3,Green_Algae,0.5711731,1.1014347
2022-11-04,3,Green_Algae,0.5187971,1.0379
2022-11-05,3,Green_Algae,0.5168741,0.9334585
2022-11-06,3,Green_Algae,0.99285096,1.1454314
2022-11-07,3,Green_Algae,0.97021586,1.225548
2022-11-08,3,Green_Algae,3.6827445,1.2983924
2022-11-09,3,Green_Algae,3.2042935,1.8118118
2022-11-10,3,Green_Algae,2.6945007,1.5174536
2022-11-11,3,Green_Algae,5.053273,4.3622336
2022-11-12,3,Green_Algae,8.711579,3.730529
2022-11-13,3,Green_Algae,7.713145,2.8502111
2022-11-14,3,Green_Algae,5.1916933,4.3741918
2022-11-15,3,Green_Algae,1.4670622,5.5249543
2022-11-16,3,Green_Algae,0.26871106,5.369364
2022-11-17,3,Green_Algae,0.32965964,4.587134
2022-11-18,3,Green_Algae,0.4381694,2.2971704
2022-11-19,3,Green_Algae,1.021942,1.0553489
2022-11-20,3,Green_Algae,1.0667945,0.81797
2022-11-21,3,Green_Algae,0.9796669,0.93897694
2022-11-22,3,Green_Algae,1.0705576,1.7327827
2022-11-23,3,Green_Algae,1.2641643,1.5032163
2022-11-24,3,Green_Algae,0.9981404,1.2303748
2022-11-25,3,Green_Algae,0.8159957,1.3453081
2022-11-26,3,Green_Algae,1.3945585,1.6363075
2022-11-27,3,Green_Algae,1.6876014,1.3376424
2022-11-28,3,Green_Algae,1.396505,1.1546323
2022-11-29,3,Green_Algae,1.0866112,1.7823863
2022-11-30,3,Green_Algae,1.0804197,2.0476327
2022-12-01,3,Green_Algae,1.0082923,1.6135879
2022-12-02,3,Green_Algae,1.1993546,1.1708627
2022-12-03,3,Green_Algae,1.0384793,1.1965196
2022-12-04,3,Green_Algae,0.9513034,1.2676712
2022-12-05,3,Green_Algae,1.4196737,1.2888476
2022-12-06,3,Green_Algae,1.5062437,1.0681546
2022-12-07,3,Green_Algae,1.6673859,1.0377077
2022-12-08,3,Green_Algae,1.7725435,1.5677543
2022-12-09,3,Green_Algae,2.750798,1.3274857
2022-12-10,3,Green_Algae,2.2412164,1.3982879
2022-12-11,3,Green_Algae,0.4060463,1.6108054
2022-12-12,3,Green_Algae,0.160492,2.432008
2022-12-13,3,Green_Algae,0.2686097,1.7294296
2022-12-14,3,Green_Algae,0.31757072,0.750788
2022-12-15,3,Green_Algae,0.41242754,0.48463857
2022-12-16,3,Green_Algae,0.2809631,0.50027436
2022-12-17,3,Green_Algae,0.4638523,0.57853454
2022-12-18,3,Green_Algae,0.48307028,0.65697414
2022-12-19,3,Green_Algae,0.52901447,0.53847015
2022-12-20,3,Green_Algae,0.41270813,0.7228918
2022-12-21,3,Green_Algae,0.39071897,0.6265399
2022-12-22,3,Green_Algae,0.43844205,0.6677228
2022-12-23,3,Green_Algae,0.27015212,0.6013291
2022-12-24,3,Green_Algae,0.26322237,0.67429614
2022-12-25,3,Green_Algae,0.29721218,0.6923865
2022-12-26,3,Green_Algae,0.25078148,0.59664273
2022-12-27,3,Green_Algae,0.21856004,0.6610995
2022-12-28,3,Green_Algae,0.15966643,0.7050464
2022-12-29,3,Green_Algae,0.24490596,0.6724976
2022-12-30,3,Green_Algae,0.20376809,0.66677123
2022-12-31,3,Green_Algae,0.2882681,0.62077856
2023-01-01,3,Green_Algae,0.09535451,0.70623165
2023-01-02,3,Green_Algae,0.071312584,0.72371155
2023-01-03,3,Green_Algae,0.036156602,0.8265103
2023-01-04,3,Green_Algae,3.252288,0.6351347
2023-01-05,3,Green_Algae,6.237046,0.62556726
2023-01-06,3,Green_Algae,9.221804,0.5953023
2023-01-07,3,Green_Algae,9.225964,4.1197867
2023-01-08,3,Green_Algae,9.2301235,6.6022635
2023-01-09,3,Green_Algae,9.234284,6.9638147
2023-01-10,3,Green_Algae,9.238444,7.106935
2023-01-11,3,Green_Algae,9.242605,6.698156
2023-01-12,3,Green_Algae,8.008986,6.469371
2023-01-13,3,Green_Algae,9.353083,6.2333236
2023-01-14,3,Green_Algae,6.951903,6.0577903
2023-01-15,3,Green_Algae,3.9082983,5.6809
2023-01-16,3,Green_Algae,3.8983636,5.694462
2023-01-17,3,Green_Algae,3.6625977,5.1448708
2023-01-18,3,Green_Algae,2.6919782,2.9718335
2023-01-19,3,Green_Algae,2.5106957,2.7377667
2023-01-20,3,Green_Algae,2.9152644,3.5365267
2023-01-21,3,Green_Algae,3.6604702,2.481739
2023-01-22,3,Green_Algae,7.30152,2.4103582
2023-01-23,3,Green_Algae,6.2374687,3.444396
2023-01-24,3,Green_Algae,5.173418,4.0699787
2023-01-25,3,Green_Algae,4.7855973,6.0275106
2023-01-26,3,Green_Algae,4.944407,6.1343102
2023-01-27,3,Green_Algae,5.020905,4.3527236
2023-01-28,3,Green_Algae,4.1378713,3.4681432
2023-01-29,3,Green_Algae,3.5290515,3.4728024
2023-01-30,3,Green_Algae,3.2179534,3.9218628
2023-01-31,3,Green_Algae,5.3130965,3.246689
2023-02-01,3,Green_Algae,7.0447626,3.237263
2023-02-02,3,Green_Algae,9.122445,2.8492467
2023-02-03,3,Green_Algae,6.014926,4.499143
2023-02-04,3,Green_Algae,5.961019,5.321413
2023-02-05,3,Green_Algae,5.907112,5.736296
2023-02-06,3,Green_Algae,5.853205,4.5664654
2023-02-07,3,Green_Algae,8.160051,4.346216
2023-02-08,3,Green_Algae,7.2787995,4.613166
2023-02-09,3,Green_Algae,6.3975487,4.9545684
2023-02-10,3,Green_Algae,1.4237877,5.781116
2023-02-11,3,Green_Algae,1.1469333,5.5057
2023-02-12,3,Green_Algae,0.77981836,4.6401453
2023-02-13,3,Green_Algae,0.90640306,1.6844385
2023-02-14,3,Green_Algae,0.18429561,0.7212087
2023-02-15,3,Green_Algae,0.09019138,0.5160747
2023-02-16,3,Green_Algae,0.06921226,0.55327433
2023-02-17,3,Green_Algae,0.09716904,0.3668351
2023-02-18,3,Green_Algae,0.5358182,0.28832677
2023-02-19,3,Green_Algae,0.73984677,0.27282882
2023-02-20,3,Green_Algae,0.9485524,0.30869687
2023-02-21,3,Green_Algae,0.88800627,0.55923396
2023-02-22,3,Green_Algae,0.77299947,0.67957264
2023-02-23,3,Green_Algae,0.8697355,0.7522354
2023-02-24,3,Green_Algae,0.9345164,0.67136115
2023-02-25,3,Green_Algae,0.5437155,0.6838881
2023-02-26,3,Green_Algae,0.35603827,0.8086703
2023-02-27,3,Green_Algae,0.2848945,0.77942425
2023-02-28,3,Green_Algae,0.9269008,0.55071795
2023-03-01,3,Green_Algae,1.0543281,0.46071136
2023-03-02,3,Green_Algae,0.82646257,0.4520468
2023-03-03,3,Green_Algae,0.41406226,0.9300447
2023-03-04,3,Green_Algae,0.43284735,0.8993206
2023-03-05,3,Green_Algae,0.34657025,0.6586153
2023-03-06,3,Green_Algae,0.24229686,0.5156004
2023-03-07,3,Green_Algae,0.28762135,0.5722363
2023-03-08,3,Green_Algae,0.23873465,0.55327636
2023-03-09,3,Green_Algae,0.20506701,0.5083514
2023-03-10,3,Green_Algae,0.12347253,0.5362475
2023-03-11,3,Green_Algae,0.08151744,0.48014784
2023-03-12,3,Green_Algae,0.14753455,0.47352764
2023-03-13,3,Green_Algae,0.08237493,0.4608888
2023-03-14,3,Green_Algae,0.036238365,0.46862692
2023-03-15,3,Green_Algae,0.1186852,0.52015656
2023-03-16,3,Green_Algae,0.17207983,0.5868111
2023-03-17,3,Green_Algae,0.24798092,0.55525
2023-03-18,3,Green_Algae,0.23571466,0.5707154
2023-03-19,3,Green_Algae,0.16183792,0.57423294
2023-03-20,3,Green_Algae,0.40782675,0.651548
2023-03-21,3,Green_Algae,0.101640604,0.5986422
2023-03-22,3,Green_Algae,0.5060475,0.55224365
2023-03-23,3,Green_Algae,2.69248,0.74769324
2023-03-24,3,Green_Algae,1.9497765,0.5875631
2023-03-25,3,Green_Algae,1.3316832,0.8897313
2023-03-26,3,Green_Algae,2.578498,3.2826016
2023-03-27,3,Green_Algae,2.0630136,1.9716903
2023-03-28,3,Green_Algae,1.7380223,1.1976879
2023-03-29,3,Green_Algae,1.37283,1.7725703
2023-03-30,3,Green_Algae,1.1725881,1.3663199
2023-03-31,3,Green_Algae,0.9683462,1.0402744
2023-04-01,3,Green_Algae,0.71395975,1.0297952
2023-04-02,3,Green_Algae,0.683174,0.898005
2023-04-03,3,Green_Algae,0.75986,0.7399688
2023-04-04,3,Green_Algae,0.6773602,0.6824019
2023-04-05,3,Green_Algae,1.834648,0.68481565
2023-04-06,3,Green_Algae,4.089308,0.7115808
2023-04-07,3,Green_Algae,2.2397137,0.7473887
2023-04-08,3,Green_Algae,1.7206718,1.1364852
2023-04-09,3,Green_Algae,1.4219851,1.9029901
2023-04-10,3,Green_Algae,1.2250155,1.1410993
2023-04-11,3,Green_Algae,0.8648579,0.96896946
2023-04-12,3,Green_Algae,0.56595254,1.0002692
2023-04-13,3,Green_Algae,0.50567454,0.85541254
2023-04-14,3,Green_Algae,0.66647476,0.7679695
2023-04-15,3,Green_Algae,1.0466163,0.6262549
2023-04-16,3,Green_Algae,1.2097328,0.6933557
2023-04-17,3,Green_Algae,2.6901345,0.90024006
2023-04-18,3,Green_Algae,2.477803,1.3384347
2023-04-19,3,Green_Algae,2.09581,1.1322299
2023-04-20,3,Green_Algae,1.6294928,2.0396316
2023-04-21,3,Green_Algae,1.3932893,1.8465003
2023-04-22,3,Green_Algae,0.9884703,1.4217283
2023-04-23,3,Green_Algae,0.9850644,1.3659605
2023-04-24,3,Green_Algae,1.0676374,1.3510847
2023-04-25,3,Green_Algae,1.3244078,1.0203991
2023-04-26,3,Green_Algae,0.6416333,0.9019584
2023-04-27,3,Green_Algae,0.27814546,0.962016
2023-04-28,3,Green_Algae,1.3145058,0.950779
2023-04-29,3,Green_Algae,3.2526584,0.72774094
2023-04-30,3,Green_Algae,3.1499057,0.59616846
2023-05-01,3,Green_Algae,1.6380941,1.5044014
2023-05-02,3,Green_Algae,4.1922054,2.9190588
2023-05-03,3,Green_Algae,5.529419,1.9660233
2023-05-04,3,Green_Algae,6.2632565,0.99329835
2023-05-05,3,Green_Algae,6.8380823,3.1676862
2023-05-06,3,Green_Algae,7.412908,4.676826
2023-05-07,3,Green_Algae,4.079104,4.7915235
2023-05-08,3,Green_Algae,2.2593377,5.7627645
2023-05-09,3,Green_Algae,1.9581879,5.248112
2023-05-10,3,Green_Algae,2.4479287,2.6819546
2023-05-11,3,Green_Algae,2.7059772,1.4630378
2023-05-12,3,Green_Algae,2.3598123,1.3009884
2023-05-13,3,Green_Algae,1.7751207,1.6193931
2023-05-14,3,Green_Algae,1.2882135,1.5362376
2023-05-15,3,Green_Algae,1.0123258,1.459849
2023-05-16,3,Green_Algae,1.0217282,1.2355497
2023-05-17,3,Green_Algae,0.8613485,0.98028105
2023-05-18,3,Green_Algae,1.1611063,0.89278543
2023-05-19,3,Green_Algae,0.9660143,1.202244
2023-05-20,3,Green_Algae,0.79129213,0.9994947
2023-05-21,3,Green_Algae,1.006314,1.1284033
2023-05-22,3,Green_Algae,0.55901504,1.0300153
2023-05-23,3,Green_Algae,0.46997598,0.83737653
2023-05-24,3,Green_Algae,0.31273833,0.9821522
2023-05-25,3,Green_Algae,0.29093453,0.7854857
2023-05-26,3,Green_Algae,0.25067583,0.7630607
2023-05-27,3,Green_Algae,0.42133546,0.7155084
2023-05-28,3,Green_Algae,1.3887391,0.6157047
2023-05-29,3,Green_Algae,2.5463135,0.5787171
2023-05-30,3,Green_Algae,2.2533908,0.70054007
2023-05-31,3,Green_Algae,3.1068542,1.732713
2023-06-01,3,Green_Algae,2.7869723,2.7675152
2023-06-02,3,Green_Algae,2.4034996,1.9887848
2023-06-03,3,Green_Algae,1.0539821,3.14263
2023-06-04,3,Green_Algae,0.93468004,2.4678192
2023-06-05,3,Green_Algae,0.4879697,1.6743957
2023-06-06,3,Green_Algae,0.8998942,0.84298337
2023-06-07,3,Green_Algae,1.3108021,0.6048913
2023-06-08,3,Green_Algae,1.019688,0.4925654
2023-06-09,3,Green_Algae,0.46447587,0.8793357
2023-06-10,3,Green_Algae,0.49861857,1.0926877
2023-06-11,3,Green_Algae,0.61284125,0.8261294
2023-06-12,3,Green_Algae,0.6797172,0.561688
2023-06-13,3,Green_Algae,0.7083528,0.59590834
2023-06-14,3,Green_Algae,0.35401052,0.7488046
2023-06-15,3,Green_Algae,0.41286027,0.8169589
2023-06-16,3,Green_Algae,0.2804898,0.74331176
2023-06-17,3,Green_Algae,0.2304269,0.51042664
2023-06-18,3,Green_Algae,0.5143521,0.45312646
2023-06-19,3,Green_Algae,0.5725395,0.4165788
2023-06-20,3,Green_Algae,1.4189571,0.42124206
2023-06-21,3,Green_Algae,3.0382833,0.6492066
2023-06-22,3,Green_Algae,3.1065986,0.7149322
2023-06-23,3,Green_Algae,1.9374653,1.3582531
2023-06-24,3,Green_Algae,1.1924785,2.5306053
2023-06-25,3,Green_Algae,1.0128819,2.2464442
2023-06-26,3,Green_Algae,1.2879117,1.4233577
2023-06-27,3,Green_Algae,1.1464972,0.99154496
2023-06-28,3,Green_Algae,4.1690407,0.9032041
2023-06-29,3,Green_Algae,5.1483574,1.0977846
2023-06-30,3,Green_Algae,4.417229,1.01531
2023-07-01,3,Green_Algae,3.0753262,3.9626455
2023-07-02,3,Green_Algae,2.3679974,4.947237
2023-07-03,3,Green_Algae,3.1175823,4.011379
2023-07-04,3,Green_Algae,5.006934,2.9877748
2023-07-05,3,Green_Algae,6.813222,2.394312
2023-07-06,3,Green_Algae,7.1008797,3.3516407
2023-07-07,3,Green_Algae,7.8447523,4.6312704
2023-07-08,3,Green_Algae,7.1713324,5.3079357
2023-07-09,3,Green_Algae,7.92671,5.3674927
2023-07-10,3,Green_Algae,7.4939637,5.5644
2023-07-11,3,Green_Algae,5.54597,5.7608976
2023-07-12,3,Green_Algae,4.022008,5.7164373
2023-07-13,3,Green_Algae,3.7216525,5.147501
2023-07-14,3,Green_Algae,2.7944505,3.9826062
2023-07-15,3,Green_Algae,2.0034344,3.4483523
2023-07-16,3,Green_Algae,1.4967204,3.5417697
2023-07-17,3,Green_Algae,1.3990573,3.239041
2023-07-18,3,Green_Algae,1.0275207,2.4951446
2023-07-19,3,Green_Algae,1.0186292,1.9302092
2023-07-20,3,Green_Algae,1.734702,2.0178409
2023-07-21,3,Green_Algae,3.5428689,1.5641191
2023-07-22,3,Green_Algae,8.218171,1.4813777
2023-07-23,3,Green_Algae,8.601586,2.669079
2023-07-24,3,Green_Algae,9.032261,3.7352803
2023-07-25,3,Green_Algae,8.793951,4.9813547
2023-07-26,3,Green_Algae,6.349499,5.5777936
2023-07-27,3,Green_Algae,4.783891,5.4262013
2023-07-28,3,Green_Algae,2.371833,5.227643
2023-07-29,3,Green_Algae,1.8697046,3.893484
2023-07-30,3,Green_Algae,2.1430004,2.9453053
2023-07-31,3,Green_Algae,2.687552,1.695
2023-08-01,3,Green_Algae,2.8441966,1.586126
2023-08-02,3,Green_Algae,3.3121603,2.741327
2023-08-03,3,Green_Algae,4.9291377,2.922132
2023-08-04,3,Green_Algae,5.591187,2.7887623
2023-08-05,3,Green_Algae,8.544591,3.635747
2023-08-06,3,Green_Algae,8.778641,4.787291
2023-08-07,3,Green_Algae,9.01269,4.930738
2023-08-08,3,Green_Algae,9.246739,5.538504
2023-08-09,3,Green_Algae,6.3150916,5.411235
2023-08-10,3,Green_Algae,5.0038095,4.7003417
2023-08-11,3,Green_Algae,3.3346193,4.304725
2023-08-12,3,Green_Algae,2.5525656,4.451368
2023-08-13,3,Green_Algae,3.0647385,3.3396797
2023-08-14,3,Green_Algae,5.879216,2.8397229
2023-08-15,3,Green_Algae,6.031285,2.4302213
2023-08-16,3,Green_Algae,4.687024,3.2725186
2023-08-17,3,Green_Algae,1.2427475,4.528817
2023-08-18,3,Green_Algae,0.8998853,3.7994406
2023-08-19,3,Green_Algae,0.66447395,2.475763
2023-08-20,3,Green_Algae,0.51328796,0.9841684
2023-08-21,3,Green_Algae,0.45516005,0.6925689
2023-08-22,3,Green_Algae,0.3003116,0.6561671
2023-08-23,3,Green_Algae,0.28055164,0.5960616
2023-08-24,3,Green_Algae,0.2979189,0.56494564
2023-08-25,3,Green_Algae,0.2403409,0.42771277
2023-08-26,3,Green_Algae,0.44934124,0.41334182
2023-08-27,3,Green_Algae,0.41253313,0.46295074
2023-08-28,3,Green_Algae,0.5238057,0.45728478
2023-08-29,3,Green_Algae,1.458634,0.546402
2023-08-30,3,Green_Algae,0.76870924,0.5152692
2023-08-31,3,Green_Algae,1.4702122,0.63331676
2023-09-01,3,Green_Algae,0.9918718,0.9439356
2023-09-02,3,Green_Algae,0.91562474,0.671017
2023-09-03,3,Green_Algae,0.70573056,0.94980454
2023-09-04,3,Green_Algae,0.6742999,0.7735243
2023-09-05,3,Green_Algae,1.3842525,0.7810983
2023-09-06,3,Green_Algae,4.9435377,0.73101234
2023-09-07,3,Green_Algae,3.897788,0.6200554
2023-09-08,3,Green_Algae,1.5145657,0.9169256
2023-09-09,3,Green_Algae,0.6406925,2.2379253
2023-09-10,3,Green_Algae,0.33638895,1.6828413
2023-09-11,3,Green_Algae,0.10094779,0.92233956
2023-09-12,3,Green_Algae,0.09816431,0.6027314
2023-09-13,3,Green_Algae,0.2952668,0.5178462
2023-09-14,3,Green_Algae,0.7073095,0.45516428
2023-09-15,3,Green_Algae,1.220801,0.43591598
2023-09-16,3,Green_Algae,0.82873017,0.51044893
2023-09-17,3,Green_Algae,0.7083514,0.66770387
2023-09-18,3,Green_Algae,1.3472247,1.0083723
2023-09-19,3,Green_Algae,1.9606476,0.8184636
2023-09-20,3,Green_Algae,3.1551094,0.70956683
2023-09-21,3,Green_Algae,4.03383,1.1836023
2023-09-22,3,Green_Algae,3.11515,1.5027729
2023-09-23,3,Green_Algae,3.0413108,2.4920819
2023-09-24,3,Green_Algae,3.025897,2.8607361
2023-09-25,3,Green_Algae,2.150364,2.3056715
2023-09-26,3,Green_Algae,2.4681423,2.6435633
2023-09-27,3,Green_Algae,2.4991379,2.3951495
2023-09-28,3,Green_Algae,2.2806215,1.7835685
2023-09-29,3,Green_Algae,1.9233941,2.1181622
2023-09-30,3,Green_Algae,1.7363886,1.9515171
2023-10-01,3,Green_Algae,2.0806055,1.842324
2023-10-02,3,Green_Algae,1.3755308,1.5554451
2023-10-03,3,Green_Algae,1.3721676,1.34265
2023-10-04,3,Green_Algae,1.5986129,1.7441413
2023-10-05,3,Green_Algae,1.1944014,1.1818866
2023-10-06,3,Green_Algae,0.4352867,1.1824362
2023-10-07,3,Green_Algae,0.038954273,1.4247441
2023-10-08,3,Green_Algae,0.005254514,0.9975729
2023-10-09,3,Green_Algae,0.00022059257,0.5337345
2023-10-10,3,Green_Algae,0.07396206,0.35138488
2023-10-11,3,Green_Algae,0.0044502877,0.32430056
2023-10-12,3,Green_Algae,0.21425903,0.3920176
2023-10-13,3,Green_Algae,0.4240678,0.41672492
2023-10-14,3,Green_Algae,1.2040071,0.364316
2023-10-15,3,Green_Algae,1.538577,0.45256063
2023-10-16,3,Green_Algae,0.91931796,0.65737826
2023-10-17,3,Green_Algae,0.49678364,1.2184607
2023-10-18,3,Green_Algae,0.27720237,1.275807
2023-10-19,3,Green_Algae,0.060109414,0.7107583
2023-10-20,3,Green_Algae,0.0003220112,0.56017476
2023-10-21,3,Green_Algae,0.0012375681,0.47047696
2023-10-22,3,Green_Algae,0.0032772026,0.34301364
2023-10-23,3,Green_Algae,0.0053168214,0.26626638
2023-10-24,3,Green_Algae,0.0073564914,0.2157028
2023-10-25,3,Green_Algae,0.009396112,0.21610866
2023-10-26,3,Green_Algae,0.01143575,0.22807057
2023-10-27,3,Green_Algae,0.00014706633,0.22260986
2023-10-28,3,Green_Algae,0.00014947286,0.23094818
2023-10-29,3,Green_Algae,0.00015179641,0.20296943
2023-10-30,3,Green_Algae,0.0036961709,0.18582132
2023-10-31,3,Green_Algae,5.8028803e-05,0.19061063
2023-11-01,3,Green_Algae,0.005072786,0.24505089
2023-11-02,3,Green_Algae,0.009415459,0.2760709
2023-11-03,3,Green_Algae,0.23354869,0.3008231
2023-11-04,3,Green_Algae,0.19017506,0.2899831
2023-11-05,3,Green_Algae,0.29466212,0.27472633
2023-11-06,3,Green_Algae,0.52662814,0.3150024
2023-11-07,3,Green_Algae,0.14937869,0.34023887
2023-11-08,3,Green_Algae,0.051346254,0.47340134
2023-11-09,3,Green_Algae,0.0022525839,0.41633776
2023-11-10,3,Green_Algae,0.0037495536,0.3113733
2023-11-11,3,Green_Algae,0.00026789785,0.2769931
2023-11-12,3,Green_Algae,0.00030059792,0.2898366
2023-11-13,3,Green_Algae,0.00033329905,0.3745885
2023-11-14,3,Green_Algae,0.014367214,0.34050867
2023-11-15,3,Green_Algae,0.03973635,0.39839852
2023-11-16,3,Green_Algae,0.08579548,0.41562602
2023-11-17,3,Green_Algae,0.023645498,0.42158997
2023-11-18,3,Green_Algae,0.012744074,0.45851037
2023-11-19,3,Green_Algae,0.013970377,0.46957377
2023-11-20,3,Green_Algae,0.045104496,0.40930387
2023-11-21,3,Green_Algae,0.14602937,0.4092944
2023-11-22,3,Green_Algae,0.18774286,0.40050486
2023-11-23,3,Green_Algae,0.12678686,0.39883798
2023-11-24,3,Green_Algae,0.06583095,0.420338
2023-11-25,3,Green_Algae,0.0048749987,0.43948352
2023-11-26,3,Green_Algae,0.01300342,0.45215753
2023-11-27,3,Green_Algae,0.0009985091,0.36451274
2023-11-28,3,Green_Algae,0.3965642,0.3543052
2023-11-29,3,Green_Algae,0.7921298,0.37890264
2023-11-30,3,Green_Algae,1.1876955,0.38265315
2023-12-01,3,Green_Algae,0.5417547,0.62232476
2023-12-02,3,Green_Algae,0.28317368,0.9208091
2023-12-03,3,Green_Algae,0.26998764,1.2828074
2023-12-04,3,Green_Algae,0.041641086,0.5804874
2023-12-05,3,Green_Algae,0.007523836,0.38722992
2023-12-06,3,Green_Algae,0.0014946325,0.38837957
2023-12-07,3,Green_Algae,0.051200677,0.35494575
2023-12-08,3,Green_Algae,0.031184377,0.36621532
2023-12-09,3,Green_Algae,0.320014,0.32554257
2023-12-10,3,Green_Algae,0.19122079,0.27663016
2023-12-11,3,Green_Algae,0.9545549,0.3091317
2023-12-12,3,Green_Algae,2.0166812,0.54544806
2023-12-13,3,Green_Algae,1.8324066,0.49910396
2023-12-14,3,Green_Algae,1.3901647,0.99029154
2023-12-15,3,Green_Algae,2.1495306,2.2603235
2023-12-16,3,Green_Algae,1.2279633,1.5971676
2023-12-17,3,Green_Algae,0.5186076,1.1582848
2023-12-18,3,Green_Algae,0.2195702,1.1942685
2023-12-19,3,Green_Algae,0.2801519,0.81449014
2023-12-20,3,Green_Algae,0.20370297,0.51210564
2023-12-21,3,Green_Algae,0.061779305,0.42186636
2023-12-22,3,Green_Algae,0.047017764,0.4947147
2023-12-23,3,Green_Algae,0.0322563,0.43797034
2023-12-24,3,Green_Algae,0.017494831,0.36219043
2023-12-25,3,Green_Algae,0.0027333545,0.3978656
2023-12-26,3,Green_Algae,0.0019698853,0.40190497
2023-12-27,3,Green_Algae,1.632065,0.39327133
2023-12-28,3,Green_Algae,2.6889994,0.39195073
2023-12-29,3,Green_Algae,2.2090032,0.4104745
