date,horizon,target,true_value,pred_value
2020-10-28,1,Green_Algae,8.1705065,5.5170636
2020-10-29,1,Green_Algae,11.725673,7.442055
2020-10-30,1,Green_Algae,12.17853,9.231045
2020-10-31,1,Green_Algae,6.110087,10.063457
2020-11-01,1,Green_Algae,7.4780245,7.1949425
2020-11-02,1,Green_Algae,7.0332804,7.7783446
2020-11-03,1,Green_Algae,4.4513035,7.1162157
2020-11-04,1,Green_Algae,4.2465425,5.164643
2020-11-05,1,Green_Algae,3.1390948,4.9393797
2020-11-06,1,Green_Algae,4.8471107,3.9677143
2020-11-07,1,Green_Algae,8.74932,5.1023498
2020-11-08,1,Green_Algae,3.445326,7.363266
2020-11-09,1,Green_Algae,2.8215373,4.2220054
2020-11-10,1,Green_Algae,2.7152398,3.9403098
2020-11-11,1,Green_Algae,2.8748477,3.4656463
2020-11-12,1,Green_Algae,2.8452773,3.478681
2020-11-13,1,Green_Algae,3.2272646,3.682626
2020-11-14,1,Green_Algae,4.012611,3.9803534
2020-11-15,1,Green_Algae,3.7066593,4.8295527
2020-11-16,1,Green_Algae,7.032859,5.1021566
2020-11-17,1,Green_Algae,7.8307257,7.406165
2020-11-18,1,Green_Algae,7.7718787,7.7014327
2020-11-19,1,Green_Algae,8.549044,7.6170845
2020-11-20,1,Green_Algae,9.32621,8.1817875
2020-11-21,1,Green_Algae,7.3450155,7.730799
2020-11-22,1,Green_Algae,8.40237,7.0098825
2020-11-23,1,Green_Algae,5.0805078,7.504049
2020-11-24,1,Green_Algae,4.5977955,5.58643
2020-11-25,1,Green_Algae,4.178378,5.1562304
2020-11-26,1,Green_Algae,8.567597,4.5198135
2020-11-27,1,Green_Algae,5.6399274,7.166234
2020-11-28,1,Green_Algae,4.2971926,4.5117717
2020-11-29,1,Green_Algae,4.177417,4.1638794
2020-11-30,1,Green_Algae,2.1808684,3.928366
2020-12-01,1,Green_Algae,2.1362128,2.199667
2020-12-02,1,Green_Algae,2.365832,1.9129947
2020-12-03,1,Green_Algae,1.8928292,1.8110261
2020-12-04,1,Green_Algae,2.1390448,1.6332053
2020-12-05,1,Green_Algae,1.6092981,1.7155516
2020-12-06,1,Green_Algae,1.7672431,1.7126743
2020-12-07,1,Green_Algae,2.0092976,1.842288
2020-12-08,1,Green_Algae,2.0687907,2.0025725
2020-12-09,1,Green_Algae,2.93475,1.9666306
2020-12-10,1,Green_Algae,2.2710211,2.8865378
2020-12-11,1,Green_Algae,1.7623245,2.640517
2020-12-12,1,Green_Algae,3.7399058,2.1926901
2020-12-13,1,Green_Algae,7.407639,3.3284562
2020-12-14,1,Green_Algae,1.9868814,6.5268183
2020-12-15,1,Green_Algae,1.3638422,2.1124525
2020-12-16,1,Green_Algae,1.3426266,2.1361303
2020-12-17,1,Green_Algae,1.2532657,1.7246497
2020-12-18,1,Green_Algae,1.2750503,1.5408728
2020-12-19,1,Green_Algae,1.6216208,1.52547
2020-12-20,1,Green_Algae,2.156505,1.7256392
2020-12-21,1,Green_Algae,1.9927878,2.046975
2020-12-22,1,Green_Algae,1.9692179,2.1567225
2020-12-23,1,Green_Algae,2.3798406,2.4010367
2020-12-24,1,Green_Algae,3.1014483,3.0238118
2020-12-25,1,Green_Algae,2.8246055,3.5533774
2020-12-26,1,Green_Algae,2.7126286,3.7976904
2020-12-27,1,Green_Algae,3.4823534,4.1989484
2020-12-28,1,Green_Algae,8.607523,4.732693
2020-12-29,1,Green_Algae,8.2660055,7.937905
2020-12-30,1,Green_Algae,7.924486,7.727465
2020-12-31,1,Green_Algae,6.428473,6.7438693
2021-01-01,1,Green_Algae,2.98945,5.093154
2021-01-02,1,Green_Algae,1.3053657,2.6323693
2021-01-03,1,Green_Algae,1.2917366,2.0455565
2021-01-04,1,Green_Algae,1.1487111,2.1071556
2021-01-05,1,Green_Algae,1.2107966,1.9467459
2021-01-06,1,Green_Algae,1.9978639,1.7333666
2021-01-07,1,Green_Algae,3.2746053,1.8868946
2021-01-08,1,Green_Algae,1.283966,2.301388
2021-01-09,1,Green_Algae,1.3706295,1.4021963
2021-01-10,1,Green_Algae,0.95188135,1.4571563
2021-01-11,1,Green_Algae,1.2131643,1.4757609
2021-01-12,1,Green_Algae,2.0453835,1.4789824
2021-01-13,1,Green_Algae,2.094508,1.787607
2021-01-14,1,Green_Algae,2.0917065,1.9038743
2021-01-15,1,Green_Algae,1.7256553,2.2201483
2021-01-16,1,Green_Algae,2.0362563,2.2803495
2021-01-17,1,Green_Algae,3.533249,2.6240664
2021-01-18,1,Green_Algae,3.6137555,3.0687418
2021-01-19,1,Green_Algae,3.1941895,3.3075936
2021-01-20,1,Green_Algae,4.403502,3.431989
2021-01-21,1,Green_Algae,5.758683,5.486783
2021-01-22,1,Green_Algae,6.35937,6.309455
2021-01-23,1,Green_Algae,8.876309,6.707694
2021-01-24,1,Green_Algae,5.43191,7.65026
2021-01-25,1,Green_Algae,6.235949,6.3368807
2021-01-26,1,Green_Algae,6.5830173,6.8718553
2021-01-27,1,Green_Algae,7.649797,6.8656406
2021-01-28,1,Green_Algae,5.225948,7.017418
2021-01-29,1,Green_Algae,7.1872573,5.850963
2021-01-30,1,Green_Algae,7.827323,6.2430015
2021-01-31,1,Green_Algae,6.1937,6.5876164
2021-02-01,1,Green_Algae,5.721615,6.1255903
2021-02-02,1,Green_Algae,5.1455975,5.7936726
2021-02-03,1,Green_Algae,4.142368,5.5326495
2021-02-04,1,Green_Algae,4.6842937,4.8950157
2021-02-05,1,Green_Algae,4.7972736,5.2452106
2021-02-06,1,Green_Algae,4.5424547,5.3529377
2021-02-07,1,Green_Algae,4.4105067,5.1931095
2021-02-08,1,Green_Algae,4.6066475,4.838951
2021-02-09,1,Green_Algae,5.280211,5.155327
2021-02-10,1,Green_Algae,7.288978,5.1737785
2021-02-11,1,Green_Algae,4.65887,6.1912594
2021-02-12,1,Green_Algae,3.413034,4.939503
2021-02-13,1,Green_Algae,8.17764,4.527653
2021-02-14,1,Green_Algae,5.1429377,7.2478466
2021-02-15,1,Green_Algae,4.1539435,5.6741505
2021-02-16,1,Green_Algae,4.581317,4.696006
2021-02-17,1,Green_Algae,4.9817367,5.339297
2021-02-18,1,Green_Algae,3.35322,4.195935
2021-02-19,1,Green_Algae,4.2448187,3.6835117
2021-02-20,1,Green_Algae,4.0317235,4.248641
2021-02-21,1,Green_Algae,4.087482,3.9304883
2021-02-22,1,Green_Algae,3.9634469,4.4699106
2021-02-23,1,Green_Algae,4.5633674,4.3776746
2021-02-24,1,Green_Algae,4.220355,4.588963
2021-02-25,1,Green_Algae,5.1449275,4.2141695
2021-02-26,1,Green_Algae,5.1236477,4.620251
2021-02-27,1,Green_Algae,4.096351,4.3339643
2021-02-28,1,Green_Algae,3.4184105,3.2897797
2021-03-01,1,Green_Algae,2.6066442,2.4156473
2021-03-02,1,Green_Algae,2.469205,1.3185053
2021-03-03,1,Green_Algae,3.3989074,0.9295877
2021-03-04,1,Green_Algae,2.2061434,1.0420783
2021-03-05,1,Green_Algae,0.93730825,0.822667
2021-03-06,1,Green_Algae,0.17130968,0.65979177
2021-03-07,1,Green_Algae,0.21163534,0.49310458
2021-03-08,1,Green_Algae,0.51324403,0.5104263
2021-03-09,1,Green_Algae,0.7416932,0.89254844
2021-03-10,1,Green_Algae,1.1518161,1.383687
2021-03-11,1,Green_Algae,3.0430608,2.332521
2021-03-12,1,Green_Algae,5.624233,4.266597
2021-03-13,1,Green_Algae,9.781874,6.218454
2021-03-14,1,Green_Algae,6.138524,8.463292
2021-03-15,1,Green_Algae,5.632489,5.983116
2021-03-16,1,Green_Algae,4.6865773,5.8972216
2021-03-17,1,Green_Algae,4.3283215,4.7574353
2021-03-18,1,Green_Algae,3.7387772,3.8806417
2021-03-19,1,Green_Algae,2.8026774,3.0349624
2021-03-20,1,Green_Algae,3.1857598,2.0344179
2021-03-21,1,Green_Algae,2.456903,1.8164372
2021-03-22,1,Green_Algae,0.9018451,1.4345405
2021-03-23,1,Green_Algae,0.6790297,1.0589254
2021-03-24,1,Green_Algae,1.005638,1.0189188
2021-03-25,1,Green_Algae,0.83578366,1.2840858
2021-03-26,1,Green_Algae,1.0689725,1.4784905
2021-03-27,1,Green_Algae,1.7590731,1.8890481
2021-03-28,1,Green_Algae,4.083432,2.6982913
2021-03-29,1,Green_Algae,7.1401954,4.8762703
2021-03-30,1,Green_Algae,10.209595,7.4154105
2021-03-31,1,Green_Algae,10.649694,8.719992
2021-04-01,1,Green_Algae,9.618863,8.52963
2021-04-02,1,Green_Algae,9.679638,7.5168304
2021-04-03,1,Green_Algae,8.492021,7.1786404
2021-04-04,1,Green_Algae,5.522469,7.0219107
2021-04-05,1,Green_Algae,3.8875976,4.9109573
2021-04-06,1,Green_Algae,3.7225616,3.7551737
2021-04-07,1,Green_Algae,4.1317596,3.1906042
2021-04-08,1,Green_Algae,3.7241824,3.297576
2021-04-09,1,Green_Algae,2.9264905,3.2565093
2021-04-10,1,Green_Algae,3.0117583,3.1552017
2021-04-11,1,Green_Algae,3.7558973,3.6375492
2021-04-12,1,Green_Algae,7.548631,4.5435734
2021-04-13,1,Green_Algae,8.276589,7.303907
2021-04-14,1,Green_Algae,7.5179367,8.184378
2021-04-15,1,Green_Algae,7.9862165,8.422049
2021-04-16,1,Green_Algae,8.454495,8.231609
2021-04-17,1,Green_Algae,10.411622,8.341924
2021-04-18,1,Green_Algae,8.3863945,9.500786
2021-04-19,1,Green_Algae,7.374504,8.045207
2021-04-20,1,Green_Algae,7.4743953,7.704718
2021-04-21,1,Green_Algae,7.563512,7.3889275
2021-04-22,1,Green_Algae,9.42714,7.579947
2021-04-23,1,Green_Algae,9.938813,8.579128
2021-04-24,1,Green_Algae,9.186256,8.848024
2021-04-25,1,Green_Algae,13.211926,8.968987
2021-04-26,1,Green_Algae,11.542995,9.877519
2021-04-27,1,Green_Algae,8.482055,8.724057
2021-04-28,1,Green_Algae,4.98898,7.455098
2021-04-29,1,Green_Algae,3.1451302,5.234099
2021-04-30,1,Green_Algae,3.3468668,5.0986013
2021-05-01,1,Green_Algae,8.648813,4.7488003
2021-05-02,1,Green_Algae,10.776056,7.515286
2021-05-03,1,Green_Algae,10.448346,8.60535
2021-05-04,1,Green_Algae,5.103333,8.97677
2021-05-05,1,Green_Algae,5.319554,7.4177675
2021-05-06,1,Green_Algae,6.643535,7.256815
2021-05-07,1,Green_Algae,6.72064,7.6883106
2021-05-08,1,Green_Algae,10.374625,7.6290917
2021-05-09,1,Green_Algae,12.880029,9.529399
2021-05-10,1,Green_Algae,9.980102,10.601586
2021-05-11,1,Green_Algae,10.452174,9.842779
2021-05-12,1,Green_Algae,10.924248,10.46247
2021-05-13,1,Green_Algae,11.39632,10.57125
2021-05-14,1,Green_Algae,11.868393,11.462087
2021-05-15,1,Green_Algae,10.393691,10.308598
2021-05-16,1,Green_Algae,7.7878942,9.666385
2021-05-17,1,Green_Algae,7.7099423,8.417198
2021-05-18,1,Green_Algae,7.9545946,8.299112
2021-05-19,1,Green_Algae,6.14866,8.452634
2021-05-20,1,Green_Algae,6.4745946,7.116233
2021-05-21,1,Green_Algae,6.249631,7.393662
2021-05-22,1,Green_Algae,9.313534,7.017942
2021-05-23,1,Green_Algae,8.771644,8.512699
2021-05-24,1,Green_Algae,12.235818,8.284965
2021-05-25,1,Green_Algae,7.2883067,9.665224
2021-05-26,1,Green_Algae,7.12322,7.425332
2021-05-27,1,Green_Algae,13.128756,7.535901
2021-05-28,1,Green_Algae,12.951473,9.593104
2021-05-29,1,Green_Algae,12.77419,9.677497
2021-05-30,1,Green_Algae,4.561085,8.784951
2021-05-31,1,Green_Algae,2.984026,4.8338118
2021-06-01,1,Green_Algae,3.477842,4.139454
2021-06-02,1,Green_Algae,3.0301087,4.049175
2021-06-03,1,Green_Algae,2.9474874,3.2102008
2021-06-04,1,Green_Algae,3.87105,3.0930967
2021-06-05,1,Green_Algae,3.5815134,3.5086741
2021-06-06,1,Green_Algae,3.5015206,3.4026732
2021-06-07,1,Green_Algae,4.0479884,3.6700516
2021-06-08,1,Green_Algae,5.4210563,4.2508497
2021-06-09,1,Green_Algae,3.706534,5.1008043
2021-06-10,1,Green_Algae,5.004493,4.85974
2021-06-11,1,Green_Algae,6.557851,5.818188
2021-06-12,1,Green_Algae,10.4747505,7.006129
2021-06-13,1,Green_Algae,11.396228,8.852701
2021-06-14,1,Green_Algae,12.317705,10.284427
2021-06-15,1,Green_Algae,12.765958,10.794583
2021-06-16,1,Green_Algae,13.214211,11.5252695
2021-06-17,1,Green_Algae,13.662464,11.973245
2021-06-18,1,Green_Algae,14.110718,11.878607
2021-06-19,1,Green_Algae,12.694961,11.303567
2021-06-20,1,Green_Algae,13.068725,10.791458
2021-06-21,1,Green_Algae,6.759349,9.964409
2021-06-22,1,Green_Algae,4.531797,6.8964334
2021-06-23,1,Green_Algae,4.704233,5.1677265
2021-06-24,1,Green_Algae,4.3103833,5.042295
2021-06-25,1,Green_Algae,4.245991,5.319263
2021-06-26,1,Green_Algae,3.8047178,6.0652704
2021-06-27,1,Green_Algae,9.500919,6.5153522
2021-06-28,1,Green_Algae,14.259275,8.878868
2021-06-29,1,Green_Algae,13.726238,10.591221
2021-06-30,1,Green_Algae,10.054623,11.00595
2021-07-01,1,Green_Algae,10.233351,10.739008
2021-07-02,1,Green_Algae,11.377681,11.408386
2021-07-03,1,Green_Algae,13.92809,11.649373
2021-07-04,1,Green_Algae,9.610976,12.13155
2021-07-05,1,Green_Algae,13.8032055,10.897029
2021-07-06,1,Green_Algae,12.07648,11.272341
2021-07-07,1,Green_Algae,9.815504,10.766782
2021-07-08,1,Green_Algae,10.952688,9.2821455
2021-07-09,1,Green_Algae,5.504181,9.695544
2021-07-10,1,Green_Algae,6.883577,7.1128783
2021-07-11,1,Green_Algae,6.383121,7.856907
2021-07-12,1,Green_Algae,8.041389,7.385672
2021-07-13,1,Green_Algae,7.1555495,8.288627
2021-07-14,1,Green_Algae,7.182688,7.8829284
2021-07-15,1,Green_Algae,7.2098265,8.429257
2021-07-16,1,Green_Algae,7.2369647,8.704028
2021-07-17,1,Green_Algae,7.2641034,8.9378
2021-07-18,1,Green_Algae,7.291241,8.717239
2021-07-19,1,Green_Algae,7.3183794,8.514282
2021-07-20,1,Green_Algae,7.345518,7.9982786
2021-07-21,1,Green_Algae,4.656155,7.473144
2021-07-22,1,Green_Algae,5.656749,7.4423075
2021-07-23,1,Green_Algae,11.975569,7.930126
2021-07-24,1,Green_Algae,13.560905,10.343945
2021-07-25,1,Green_Algae,13.088494,10.7947855
2021-07-26,1,Green_Algae,11.472322,10.650046
2021-07-27,1,Green_Algae,9.366954,9.703247
2021-07-28,1,Green_Algae,6.655246,8.600383
2021-07-29,1,Green_Algae,7.9549346,7.277965
2021-07-30,1,Green_Algae,7.1069007,8.071592
2021-07-31,1,Green_Algae,8.990673,8.127671
2021-08-01,1,Green_Algae,10.385311,8.032856
2021-08-02,1,Green_Algae,10.719529,9.073317
2021-08-03,1,Green_Algae,7.1092253,8.683637
2021-08-04,1,Green_Algae,4.9593773,5.7781796
2021-08-05,1,Green_Algae,3.0356264,4.758202
2021-08-06,1,Green_Algae,2.0601811,3.6561003
2021-08-07,1,Green_Algae,2.8934517,2.787336
2021-08-08,1,Green_Algae,3.3419957,2.8670244
2021-08-09,1,Green_Algae,3.5262926,2.7864225
2021-08-10,1,Green_Algae,2.9024384,3.2106001
2021-08-11,1,Green_Algae,3.434081,3.3317754
2021-08-12,1,Green_Algae,4.609233,4.1560645
2021-08-13,1,Green_Algae,4.0192776,5.3352447
2021-08-14,1,Green_Algae,7.171199,5.516403
2021-08-15,1,Green_Algae,10.603491,7.928511
2021-08-16,1,Green_Algae,8.529735,9.586082
2021-08-17,1,Green_Algae,6.9491796,9.366628
2021-08-18,1,Green_Algae,8.951539,8.677353
2021-08-19,1,Green_Algae,11.542151,9.827347
2021-08-20,1,Green_Algae,10.700407,10.516347
2021-08-21,1,Green_Algae,7.8352175,10.83834
2021-08-22,1,Green_Algae,12.8495455,9.959943
2021-08-23,1,Green_Algae,13.118637,11.136046
2021-08-24,1,Green_Algae,10.933848,11.765398
2021-08-25,1,Green_Algae,12.0906725,11.179158
2021-08-26,1,Green_Algae,10.43034,11.163224
2021-08-27,1,Green_Algae,9.773435,10.602035
2021-08-28,1,Green_Algae,8.390406,9.833764
2021-08-29,1,Green_Algae,7.821752,8.638134
2021-08-30,1,Green_Algae,6.5187182,7.5289536
2021-08-31,1,Green_Algae,5.8044934,6.753673
2021-09-01,1,Green_Algae,5.0743923,5.5283217
2021-09-02,1,Green_Algae,4.311918,5.289438
2021-09-03,1,Green_Algae,3.3487916,4.5600033
2021-09-04,1,Green_Algae,4.701462,3.7869473
2021-09-05,1,Green_Algae,5.0674095,4.856732
2021-09-06,1,Green_Algae,3.518864,5.256599
2021-09-07,1,Green_Algae,3.1971326,4.2778397
2021-09-08,1,Green_Algae,3.5374892,4.0838842
2021-09-09,1,Green_Algae,6.4463677,4.2648416
2021-09-10,1,Green_Algae,6.842923,6.1444716
2021-09-11,1,Green_Algae,8.631598,6.213811
2021-09-12,1,Green_Algae,8.282877,7.6691847
2021-09-13,1,Green_Algae,7.9341564,7.403027
2021-09-14,1,Green_Algae,7.505728,6.289986
2021-09-15,1,Green_Algae,4.8467994,6.281558
2021-09-16,1,Green_Algae,4.3901086,4.7729344
2021-09-17,1,Green_Algae,3.1355467,4.269461
2021-09-18,1,Green_Algae,2.5354092,3.319418
2021-09-19,1,Green_Algae,2.8781462,2.7393868
2021-09-20,1,Green_Algae,2.8740985,2.9741051
2021-09-21,1,Green_Algae,2.339877,2.8797202
2021-09-22,1,Green_Algae,3.6420565,2.731734
2021-09-23,1,Green_Algae,3.4891088,3.4894829
2021-09-24,1,Green_Algae,3.0315206,3.2406867
2021-09-25,1,Green_Algae,2.7386677,3.0361683
2021-09-26,1,Green_Algae,2.8449023,2.8318007
2021-09-27,1,Green_Algae,2.898798,2.8472364
2021-09-28,1,Green_Algae,2.80811,2.7354453
2021-09-29,1,Green_Algae,3.1477988,2.6123219
2021-09-30,1,Green_Algae,3.8165677,2.835651
2021-10-01,1,Green_Algae,2.884149,3.1841931
2021-10-02,1,Green_Algae,2.3285825,2.4443915
2021-10-03,1,Green_Algae,2.7246957,2.2535672
2021-10-04,1,Green_Algae,2.9625897,2.5358145
2021-10-05,1,Green_Algae,3.2004838,2.9174974
2021-10-06,1,Green_Algae,3.4383776,3.5740914
2021-10-07,1,Green_Algae,3.6762717,3.8915944
2021-10-08,1,Green_Algae,3.9141655,4.258764
2021-10-09,1,Green_Algae,4.1520596,4.234002
2021-10-10,1,Green_Algae,4.3899536,4.414486
2021-10-11,1,Green_Algae,4.6278477,4.748554
2021-10-12,1,Green_Algae,4.9418287,4.528242
2021-10-13,1,Green_Algae,4.673613,4.957826
2021-10-14,1,Green_Algae,4.5442286,5.001012
2021-10-15,1,Green_Algae,8.768624,4.869122
2021-10-16,1,Green_Algae,8.054786,7.4040256
2021-10-17,1,Green_Algae,3.8535652,5.9379606
2021-10-18,1,Green_Algae,3.6656222,3.511607
2021-10-19,1,Green_Algae,3.690036,3.6396704
2021-10-20,1,Green_Algae,3.5357091,3.5160155
2021-10-21,1,Green_Algae,3.6526122,3.2294114
2021-10-22,1,Green_Algae,3.1038206,3.235653
2021-10-23,1,Green_Algae,2.7547975,3.0352697
2021-10-24,1,Green_Algae,2.6743922,2.788189
2021-10-25,1,Green_Algae,2.6642506,3.0791147
2021-10-26,1,Green_Algae,3.2695441,3.234338
2021-10-27,1,Green_Algae,6.4926195,3.8515449
2021-10-28,1,Green_Algae,8.997244,6.4475927
2021-10-29,1,Green_Algae,9.55448,7.9403334
2021-10-30,1,Green_Algae,6.1581116,7.639488
2021-10-31,1,Green_Algae,5.569472,4.8987103
2021-11-01,1,Green_Algae,4.880246,4.8676696
2021-11-02,1,Green_Algae,6.240745,4.4119062
2021-11-03,1,Green_Algae,7.868003,5.225582
2021-11-04,1,Green_Algae,5.39335,5.921274
2021-11-05,1,Green_Algae,2.8083358,4.292682
2021-11-06,1,Green_Algae,4.1119175,2.892843
2021-11-07,1,Green_Algae,5.8138523,3.7813797
2021-11-08,1,Green_Algae,5.6319323,4.7212367
2021-11-09,1,Green_Algae,4.463618,4.5013204
2021-11-10,1,Green_Algae,5.127321,3.8128254
2021-11-11,1,Green_Algae,3.3585093,4.315723
2021-11-12,1,Green_Algae,2.6787329,3.023645
2021-11-13,1,Green_Algae,2.9060419,2.644138
2021-11-14,1,Green_Algae,2.3626916,2.7447429
2021-11-15,1,Green_Algae,2.3225126,2.2316608
2021-11-16,1,Green_Algae,2.5409632,2.1691177
2021-11-17,1,Green_Algae,2.2751682,2.3497028
2021-11-18,1,Green_Algae,1.9986252,2.2694128
2021-11-19,1,Green_Algae,1.6795293,2.180852
2021-11-20,1,Green_Algae,1.8916438,1.8611732
2021-11-21,1,Green_Algae,2.7642143,1.8420266
2021-11-22,1,Green_Algae,3.023097,2.4851127
2021-11-23,1,Green_Algae,1.7613965,2.443469
2021-11-24,1,Green_Algae,1.8678365,1.6355705
2021-11-25,1,Green_Algae,1.7351195,1.642838
2021-11-26,1,Green_Algae,1.7887771,1.5541584
2021-11-27,1,Green_Algae,1.8194356,1.5967479
2021-11-28,1,Green_Algae,2.1925688,1.7046558
2021-11-29,1,Green_Algae,2.8506155,1.909884
2021-11-30,1,Green_Algae,3.7936785,2.515711
2021-12-01,1,Green_Algae,3.2888849,3.481488
2021-12-02,1,Green_Algae,3.20601,3.1320198
2021-12-03,1,Green_Algae,3.1972845,2.9736292
2021-12-04,1,Green_Algae,2.9100072,2.8995717
2021-12-05,1,Green_Algae,3.0636685,2.694684
2021-12-06,1,Green_Algae,3.0413218,3.0763915
2021-12-07,1,Green_Algae,2.8179595,3.0817504
2021-12-08,1,Green_Algae,2.9317937,2.8954988
2021-12-09,1,Green_Algae,2.873556,2.9537868
2021-12-10,1,Green_Algae,3.0364544,2.9687998
2021-12-11,1,Green_Algae,3.930644,3.1561139
2021-12-12,1,Green_Algae,3.436191,3.8663304
2021-12-13,1,Green_Algae,3.863864,3.5696437
2021-12-14,1,Green_Algae,4.217301,3.808402
2021-12-15,1,Green_Algae,4.429001,4.150878
2021-12-16,1,Green_Algae,4.6556263,4.354609
2021-12-17,1,Green_Algae,4.838226,4.6274767
2021-12-18,1,Green_Algae,4.1352496,4.287159
2021-12-19,1,Green_Algae,3.6960173,3.670773
2021-12-20,1,Green_Algae,3.0439653,3.6488857
2021-12-21,1,Green_Algae,2.7047684,2.998223
2021-12-22,1,Green_Algae,4.257923,2.6996057
2021-12-23,1,Green_Algae,3.2951374,3.3333948
2021-12-24,1,Green_Algae,2.3909624,3.031054
2021-12-25,1,Green_Algae,2.1861448,2.4971924
2021-12-26,1,Green_Algae,1.7530535,2.1952617
2021-12-27,1,Green_Algae,1.9872879,2.0258312
2021-12-28,1,Green_Algae,2.2317348,2.014742
2021-12-29,1,Green_Algae,2.0643368,2.2559447
2021-12-30,1,Green_Algae,1.9601592,2.312441
2021-12-31,1,Green_Algae,2.126949,2.649493
2022-01-01,1,Green_Algae,2.2531767,2.8107872
2022-01-02,1,Green_Algae,2.1239364,3.0098045
2022-01-03,1,Green_Algae,2.5416799,2.862177
2022-01-04,1,Green_Algae,3.3833745,3.1696699
2022-01-05,1,Green_Algae,6.9222884,3.8836503
2022-01-06,1,Green_Algae,5.645869,6.809569
2022-01-07,1,Green_Algae,4.3694496,5.270657
2022-01-08,1,Green_Algae,6.313483,4.218458
2022-01-09,1,Green_Algae,4.849971,5.337854
2022-01-10,1,Green_Algae,6.5303836,3.719462
2022-01-11,1,Green_Algae,7.1293488,5.0338454
2022-01-12,1,Green_Algae,3.0731115,4.490751
2022-01-13,1,Green_Algae,2.084052,2.2117136
2022-01-14,1,Green_Algae,1.3035264,1.9799062
2022-01-15,1,Green_Algae,2.1528146,1.6275089
2022-01-16,1,Green_Algae,2.2154775,1.898634
2022-01-17,1,Green_Algae,1.8509052,2.1391084
2022-01-18,1,Green_Algae,3.0125198,2.3666122
2022-01-19,1,Green_Algae,2.9266691,3.148038
2022-01-20,1,Green_Algae,3.0848227,3.584036
2022-01-21,1,Green_Algae,3.732527,4.006282
2022-01-22,1,Green_Algae,4.3433237,4.642762
2022-01-23,1,Green_Algae,6.2519803,5.379758
2022-01-24,1,Green_Algae,8.160637,7.421534
2022-01-25,1,Green_Algae,8.239467,8.050459
2022-01-26,1,Green_Algae,8.318296,8.208045
2022-01-27,1,Green_Algae,8.397126,7.954476
2022-01-28,1,Green_Algae,8.475957,8.306745
2022-01-29,1,Green_Algae,8.554788,7.7785625
2022-01-30,1,Green_Algae,8.633616,7.3387995
2022-01-31,1,Green_Algae,5.246442,6.4928193
2022-02-01,1,Green_Algae,3.9920294,4.0111194
2022-02-02,1,Green_Algae,4.695028,3.3381076
2022-02-03,1,Green_Algae,2.7493696,3.216002
2022-02-04,1,Green_Algae,2.88272,2.3069477
2022-02-05,1,Green_Algae,2.763606,2.5548499
2022-02-06,1,Green_Algae,2.1112866,2.322234
2022-02-07,1,Green_Algae,2.4319632,2.2357602
2022-02-08,1,Green_Algae,2.2566342,2.4623811
2022-02-09,1,Green_Algae,2.6009963,2.5885665
2022-02-10,1,Green_Algae,2.5740855,2.627859
2022-02-11,1,Green_Algae,2.7089677,2.831142
2022-02-12,1,Green_Algae,3.126954,2.716567
2022-02-13,1,Green_Algae,4.3236074,3.2923832
2022-02-14,1,Green_Algae,3.448381,4.232475
2022-02-15,1,Green_Algae,3.5295143,3.6071851
2022-02-16,1,Green_Algae,4.1974835,3.9552996
2022-02-17,1,Green_Algae,4.8904557,4.161868
2022-02-18,1,Green_Algae,6.0933433,5.957749
2022-02-19,1,Green_Algae,4.131527,4.5476875
2022-02-20,1,Green_Algae,2.946324,3.0445156
2022-02-21,1,Green_Algae,2.2808762,2.2080975
2022-02-22,1,Green_Algae,1.969732,1.459714
2022-02-23,1,Green_Algae,1.8481604,1.2875429
2022-02-24,1,Green_Algae,1.970211,1.3999575
2022-02-25,1,Green_Algae,2.0456758,1.5646789
2022-02-26,1,Green_Algae,2.1211405,1.6403688
2022-02-27,1,Green_Algae,2.1966052,1.8140962
2022-02-28,1,Green_Algae,2.1446164,2.0148964
2022-03-01,1,Green_Algae,2.8918037,2.1852407
2022-03-02,1,Green_Algae,3.3747232,2.819476
2022-03-03,1,Green_Algae,4.975467,3.6415253
2022-03-04,1,Green_Algae,5.8857384,5.6115847
2022-03-05,1,Green_Algae,7.7702246,6.511016
2022-03-06,1,Green_Algae,7.406918,7.539188
2022-03-07,1,Green_Algae,8.624261,7.1047688
2022-03-08,1,Green_Algae,5.739247,7.50082
2022-03-09,1,Green_Algae,4.569587,4.8795533
2022-03-10,1,Green_Algae,4.6664295,4.5006003
2022-03-11,1,Green_Algae,6.601842,5.010541
2022-03-12,1,Green_Algae,7.0578914,7.220628
2022-03-13,1,Green_Algae,9.441289,8.013007
2022-03-14,1,Green_Algae,10.154751,8.830451
2022-03-15,1,Green_Algae,10.868213,8.874963
2022-03-16,1,Green_Algae,10.484943,8.985421
2022-03-17,1,Green_Algae,10.101673,9.068637
2022-03-18,1,Green_Algae,10.141577,8.616203
2022-03-19,1,Green_Algae,10.18148,8.6925745
2022-03-20,1,Green_Algae,10.221386,8.351692
2022-03-21,1,Green_Algae,6.8799276,8.188056
2022-03-22,1,Green_Algae,6.111058,5.1175237
2022-03-23,1,Green_Algae,3.9833503,4.2181835
2022-03-24,1,Green_Algae,2.6831644,2.929271
2022-03-25,1,Green_Algae,2.11021,2.4379287
2022-03-26,1,Green_Algae,2.3608906,2.4668336
2022-03-27,1,Green_Algae,2.612607,2.8517513
2022-03-28,1,Green_Algae,3.0601304,3.2910395
2022-03-29,1,Green_Algae,3.0547757,3.0310233
2022-03-30,1,Green_Algae,2.5692663,2.800555
2022-03-31,1,Green_Algae,2.7219045,2.212881
2022-04-01,1,Green_Algae,3.1004643,1.9303241
2022-04-02,1,Green_Algae,2.2594109,2.1112535
2022-04-03,1,Green_Algae,1.953816,1.7948039
2022-04-04,1,Green_Algae,1.918588,1.9407706
2022-04-05,1,Green_Algae,2.3214595,2.152798
2022-04-06,1,Green_Algae,2.560116,2.5808544
2022-04-07,1,Green_Algae,3.2719536,2.8675113
2022-04-08,1,Green_Algae,4.419464,3.571489
2022-04-09,1,Green_Algae,4.504269,4.678931
2022-04-10,1,Green_Algae,4.89147,4.984795
2022-04-11,1,Green_Algae,6.268174,5.241327
2022-04-12,1,Green_Algae,7.3437877,6.5655785
2022-04-13,1,Green_Algae,9.499956,7.380834
2022-04-14,1,Green_Algae,10.740788,8.848826
2022-04-15,1,Green_Algae,8.073318,9.605047
2022-04-16,1,Green_Algae,7.630758,7.903161
2022-04-17,1,Green_Algae,6.9328403,7.0648847
2022-04-18,1,Green_Algae,6.5577283,6.644863
2022-04-19,1,Green_Algae,3.7500434,5.689017
2022-04-20,1,Green_Algae,3.4992976,4.616401
2022-04-21,1,Green_Algae,4.348203,4.655041
2022-04-22,1,Green_Algae,5.875435,4.9469137
2022-04-23,1,Green_Algae,8.554278,5.705641
2022-04-24,1,Green_Algae,10.74772,7.8691826
2022-04-25,1,Green_Algae,10.313055,8.399199
2022-04-26,1,Green_Algae,10.031486,8.5116205
2022-04-27,1,Green_Algae,9.749915,8.254939
2022-04-28,1,Green_Algae,9.468344,7.8221855
2022-04-29,1,Green_Algae,6.3907814,5.6767797
2022-04-30,1,Green_Algae,2.7383044,3.7919452
2022-05-01,1,Green_Algae,1.9100943,1.6825469
2022-05-02,1,Green_Algae,1.4387971,1.9078516
2022-05-03,1,Green_Algae,1.6956812,2.2562141
2022-05-04,1,Green_Algae,2.9322464,2.84004
2022-05-05,1,Green_Algae,4.024558,4.1261806
2022-05-06,1,Green_Algae,7.546461,5.094303
2022-05-07,1,Green_Algae,8.4868555,7.3752956
2022-05-08,1,Green_Algae,8.025366,7.1286187
2022-05-09,1,Green_Algae,7.563878,6.0156374
2022-05-10,1,Green_Algae,3.786575,5.427545
2022-05-11,1,Green_Algae,2.6313117,2.7394981
2022-05-12,1,Green_Algae,2.673943,2.2873232
2022-05-13,1,Green_Algae,3.6793551,2.5174656
2022-05-14,1,Green_Algae,3.5523696,3.118974
2022-05-15,1,Green_Algae,2.8397105,2.5671458
2022-05-16,1,Green_Algae,2.6588566,2.246828
2022-05-17,1,Green_Algae,2.5439029,1.8405317
2022-05-18,1,Green_Algae,1.9558738,1.910093
2022-05-19,1,Green_Algae,2.2352676,2.0164967
2022-05-20,1,Green_Algae,3.8337293,2.26245
2022-05-21,1,Green_Algae,6.6012907,3.232414
2022-05-22,1,Green_Algae,4.1062393,5.1239753
2022-05-23,1,Green_Algae,3.8795009,3.7574303
2022-05-24,1,Green_Algae,3.7486677,3.6956139
2022-05-25,1,Green_Algae,2.5144565,3.2065003
2022-05-26,1,Green_Algae,2.628731,2.291734
2022-05-27,1,Green_Algae,2.336657,2.5671427
2022-05-28,1,Green_Algae,1.8927444,1.8908513
2022-05-29,1,Green_Algae,1.7338868,2.0220957
2022-05-30,1,Green_Algae,2.055707,2.0785468
2022-05-31,1,Green_Algae,2.7962682,2.916432
2022-06-01,1,Green_Algae,2.4670553,3.3404577
2022-06-02,1,Green_Algae,2.5074983,2.903691
2022-06-03,1,Green_Algae,3.3220377,3.2750616
2022-06-04,1,Green_Algae,2.913029,3.0663254
2022-06-05,1,Green_Algae,3.21664,2.6250765
2022-06-06,1,Green_Algae,3.0336015,2.075043
2022-06-07,1,Green_Algae,2.016884,2.1026275
2022-06-08,1,Green_Algae,0.71460867,2.0827117
2022-06-09,1,Green_Algae,1.4329565,1.8415016
2022-06-10,1,Green_Algae,1.2493777,1.8426579
2022-06-11,1,Green_Algae,1.7778566,1.681623
2022-06-12,1,Green_Algae,1.9454993,1.5756018
2022-06-13,1,Green_Algae,1.383483,1.4802972
2022-06-14,1,Green_Algae,0.17669071,1.3637626
2022-06-15,1,Green_Algae,0.1694878,1.2913135
2022-06-16,1,Green_Algae,1.6111215,1.3982028
2022-06-17,1,Green_Algae,1.4915413,1.5833364
2022-06-18,1,Green_Algae,1.3510724,1.047154
2022-06-19,1,Green_Algae,1.4114358,0.86259294
2022-06-20,1,Green_Algae,1.2985806,0.73412925
2022-06-21,1,Green_Algae,1.315047,0.6064221
2022-06-22,1,Green_Algae,1.1877986,0.6317251
2022-06-23,1,Green_Algae,0.20468882,0.81593645
2022-06-24,1,Green_Algae,0.9321283,1.344063
2022-06-25,1,Green_Algae,2.667632,1.8877673
2022-06-26,1,Green_Algae,2.3597465,2.9094045
2022-06-27,1,Green_Algae,2.4025416,3.1636622
2022-06-28,1,Green_Algae,2.6718307,3.3207762
2022-06-29,1,Green_Algae,2.6384616,3.578406
2022-06-30,1,Green_Algae,3.7917957,3.617882
2022-07-01,1,Green_Algae,3.6459014,4.326541
2022-07-02,1,Green_Algae,3.1270165,4.023314
2022-07-03,1,Green_Algae,2.8873951,3.6923723
2022-07-04,1,Green_Algae,3.3072195,3.3909984
2022-07-05,1,Green_Algae,2.865286,3.293535
2022-07-06,1,Green_Algae,2.9233165,2.7592287
2022-07-07,1,Green_Algae,2.1893845,2.7886963
2022-07-08,1,Green_Algae,1.9153528,2.5851138
2022-07-09,1,Green_Algae,2.0919194,2.7254617
2022-07-10,1,Green_Algae,3.2985039,2.8401792
2022-07-11,1,Green_Algae,4.8211155,4.166301
2022-07-12,1,Green_Algae,5.138985,5.548562
2022-07-13,1,Green_Algae,5.002174,6.148179
2022-07-14,1,Green_Algae,9.229062,6.1988235
2022-07-15,1,Green_Algae,8.125591,8.753781
2022-07-16,1,Green_Algae,7.02212,8.367887
2022-07-17,1,Green_Algae,5.9186487,6.1024857
2022-07-18,1,Green_Algae,4.815178,4.6909304
2022-07-19,1,Green_Algae,1.9387745,3.1787355
2022-07-20,1,Green_Algae,1.5423076,1.701454
2022-07-21,1,Green_Algae,0.75141406,1.3197448
2022-07-22,1,Green_Algae,0.29937363,1.0771124
2022-07-23,1,Green_Algae,1.4023521,0.8113734
2022-07-24,1,Green_Algae,4.171111,1.0219481
2022-07-25,1,Green_Algae,0.52041996,1.6631851
2022-07-26,1,Green_Algae,0.0809841,0.7892669
2022-07-27,1,Green_Algae,0.34602904,0.61129034
2022-07-28,1,Green_Algae,0.6430407,0.87093645
2022-07-29,1,Green_Algae,0.75374895,0.8605737
2022-07-30,1,Green_Algae,0.8893367,1.2595568
2022-07-31,1,Green_Algae,1.0249244,1.3139296
2022-08-01,1,Green_Algae,1.160512,1.5069361
2022-08-02,1,Green_Algae,1.2960997,1.6126479
2022-08-03,1,Green_Algae,1.4316874,1.7582327
2022-08-04,1,Green_Algae,1.5672749,2.0253627
2022-08-05,1,Green_Algae,1.7028626,2.0003347
2022-08-06,1,Green_Algae,1.8384502,2.2247667
2022-08-07,1,Green_Algae,1.9740379,2.4300094
2022-08-08,1,Green_Algae,2.1096256,2.5887594
2022-08-09,1,Green_Algae,2.2452133,2.7495909
2022-08-10,1,Green_Algae,2.380801,3.010378
2022-08-11,1,Green_Algae,2.5163884,3.2308242
2022-08-12,1,Green_Algae,2.651976,3.319379
2022-08-13,1,Green_Algae,2.7875638,3.510982
2022-08-14,1,Green_Algae,2.9231515,3.7049093
2022-08-15,1,Green_Algae,3.0587392,4.0561047
2022-08-16,1,Green_Algae,3.1943269,4.000609
2022-08-17,1,Green_Algae,3.3299146,4.0681853
2022-08-18,1,Green_Algae,3.465502,4.16391
2022-08-19,1,Green_Algae,3.6010897,4.340421
2022-08-20,1,Green_Algae,3.7366774,4.4160995
2022-08-21,1,Green_Algae,3.872265,4.498908
2022-08-22,1,Green_Algae,4.0078526,4.640568
2022-08-23,1,Green_Algae,4.1434402,4.7573795
2022-08-24,1,Green_Algae,4.279028,4.9967265
2022-08-25,1,Green_Algae,4.4146156,5.1842966
2022-08-26,1,Green_Algae,4.5502033,5.28453
2022-08-27,1,Green_Algae,4.685791,5.2543864
2022-08-28,1,Green_Algae,4.8213787,5.401754
2022-08-29,1,Green_Algae,4.9569664,5.816547
2022-08-30,1,Green_Algae,5.092554,5.7307334
2022-08-31,1,Green_Algae,5.2281413,5.810446
2022-09-01,1,Green_Algae,5.3637295,5.9629555
2022-09-02,1,Green_Algae,5.499317,6.026578
2022-09-03,1,Green_Algae,5.634905,6.5812674
2022-09-04,1,Green_Algae,5.770492,6.548813
2022-09-05,1,Green_Algae,5.9060802,6.66358
2022-09-06,1,Green_Algae,6.0416675,6.537839
2022-09-07,1,Green_Algae,6.177255,6.3968453
2022-09-08,1,Green_Algae,6.312843,6.302547
2022-09-09,1,Green_Algae,6.4484305,6.4393067
2022-09-10,1,Green_Algae,6.230826,6.7481594
2022-09-11,1,Green_Algae,8.68992,6.872079
2022-09-12,1,Green_Algae,7.807916,8.033692
2022-09-13,1,Green_Algae,8.3521595,7.3204045
2022-09-14,1,Green_Algae,9.356362,7.491603
2022-09-15,1,Green_Algae,7.107813,7.8888016
2022-09-16,1,Green_Algae,4.4031787,6.694119
2022-09-17,1,Green_Algae,3.7508175,4.957952
2022-09-18,1,Green_Algae,6.3141737,4.0857534
2022-09-19,1,Green_Algae,3.516343,5.2508774
2022-09-20,1,Green_Algae,1.5800507,3.4379315
2022-09-21,1,Green_Algae,1.6696308,2.1065238
2022-09-22,1,Green_Algae,1.4959407,1.7359619
2022-09-23,1,Green_Algae,1.615673,1.4734886
2022-09-24,1,Green_Algae,2.0823896,1.5813538
2022-09-25,1,Green_Algae,1.5839247,2.4357204
2022-09-26,1,Green_Algae,1.9809276,2.45194
2022-09-27,1,Green_Algae,2.3091745,3.2822874
2022-09-28,1,Green_Algae,5.5527225,3.650712
2022-09-29,1,Green_Algae,6.6691623,5.7733045
2022-09-30,1,Green_Algae,7.104832,5.8639402
2022-10-01,1,Green_Algae,2.6034105,5.106857
2022-10-02,1,Green_Algae,3.3666306,3.4376006
2022-10-03,1,Green_Algae,4.350832,3.8020732
2022-10-04,1,Green_Algae,4.8073153,3.7649305
2022-10-05,1,Green_Algae,3.984971,3.8159876
2022-10-06,1,Green_Algae,3.1910217,3.2280276
2022-10-07,1,Green_Algae,2.3935506,2.734152
2022-10-08,1,Green_Algae,1.82,2.3502069
2022-10-09,1,Green_Algae,3.16779,2.0546544
2022-10-10,1,Green_Algae,3.305127,2.4103284
2022-10-11,1,Green_Algae,2.3630557,2.189732
2022-10-12,1,Green_Algae,2.342739,1.7789326
2022-10-13,1,Green_Algae,1.9473406,1.7470195
2022-10-14,1,Green_Algae,2.4178493,1.5870528
2022-10-15,1,Green_Algae,2.2874982,1.8568373
2022-10-16,1,Green_Algae,2.8773642,1.91717
2022-10-17,1,Green_Algae,1.9032803,2.3903565
2022-10-18,1,Green_Algae,1.3671615,1.8721101
2022-10-19,1,Green_Algae,1.2281462,1.6240805
2022-10-20,1,Green_Algae,1.4357452,1.4531788
2022-10-21,1,Green_Algae,1.8146449,1.4501822
2022-10-22,1,Green_Algae,5.2175727,1.2851497
2022-10-23,1,Green_Algae,1.6347319,3.2707956
2022-10-24,1,Green_Algae,1.3448409,1.6351775
2022-10-25,1,Green_Algae,0.8646165,1.3804154
2022-10-26,1,Green_Algae,0.7161304,1.1577487
2022-10-27,1,Green_Algae,0.8117439,0.9713206
2022-10-28,1,Green_Algae,0.9852315,0.8283524
2022-10-29,1,Green_Algae,0.7189863,0.7324584
2022-10-30,1,Green_Algae,0.74040526,0.6413893
2022-10-31,1,Green_Algae,0.3959189,0.66565347
2022-11-01,1,Green_Algae,0.45915672,0.6427708
2022-11-02,1,Green_Algae,0.44663528,0.6650755
2022-11-03,1,Green_Algae,0.5711731,0.7301062
2022-11-04,1,Green_Algae,0.5187971,0.975243
2022-11-05,1,Green_Algae,0.5168741,1.1152322
2022-11-06,1,Green_Algae,0.99285096,1.0945175
2022-11-07,1,Green_Algae,0.97021586,1.3519989
2022-11-08,1,Green_Algae,3.6827445,1.3644446
2022-11-09,1,Green_Algae,3.2042935,3.7108364
2022-11-10,1,Green_Algae,2.6945007,3.6175416
2022-11-11,1,Green_Algae,5.053273,3.677736
2022-11-12,1,Green_Algae,8.711579,4.8036757
2022-11-13,1,Green_Algae,7.713145,5.433976
2022-11-14,1,Green_Algae,5.1916933,3.8068805
2022-11-15,1,Green_Algae,1.4670622,2.380668
2022-11-16,1,Green_Algae,0.26871106,1.1132236
2022-11-17,1,Green_Algae,0.32965964,0.8356585
2022-11-18,1,Green_Algae,0.4381694,0.8036026
2022-11-19,1,Green_Algae,1.021942,0.8008141
2022-11-20,1,Green_Algae,1.0667945,0.9720802
2022-11-21,1,Green_Algae,0.9796669,0.97200555
2022-11-22,1,Green_Algae,1.0705576,0.9612918
2022-11-23,1,Green_Algae,1.2641643,1.0443677
2022-11-24,1,Green_Algae,0.9981404,1.1210083
2022-11-25,1,Green_Algae,0.8159957,1.17103
2022-11-26,1,Green_Algae,1.3945585,1.0566931
2022-11-27,1,Green_Algae,1.6876014,1.2941577
2022-11-28,1,Green_Algae,1.396505,1.3120426
2022-11-29,1,Green_Algae,1.0866112,1.2594563
2022-11-30,1,Green_Algae,1.0804197,1.0132444
2022-12-01,1,Green_Algae,1.0082923,0.93078816
2022-12-02,1,Green_Algae,1.1993546,0.97457147
2022-12-03,1,Green_Algae,1.0384793,0.93629646
2022-12-04,1,Green_Algae,0.9513034,0.770423
2022-12-05,1,Green_Algae,1.4196737,0.6699032
2022-12-06,1,Green_Algae,1.5062437,0.74259204
2022-12-07,1,Green_Algae,1.6673859,0.62052226
2022-12-08,1,Green_Algae,1.7725435,0.6228429
2022-12-09,1,Green_Algae,2.750798,0.6638573
2022-12-10,1,Green_Algae,2.2412164,0.9000513
2022-12-11,1,Green_Algae,0.4060463,0.70413023
2022-12-12,1,Green_Algae,0.160492,0.32813892
2022-12-13,1,Green_Algae,0.2686097,0.2045517
2022-12-14,1,Green_Algae,0.31757072,0.14649473
2022-12-15,1,Green_Algae,0.41242754,0.11594863
2022-12-16,1,Green_Algae,0.2809631,0.10588987
2022-12-17,1,Green_Algae,0.4638523,0.07200587
2022-12-18,1,Green_Algae,0.48307028,0.08262831
2022-12-19,1,Green_Algae,0.52901447,0.049955916
2022-12-20,1,Green_Algae,0.41270813,0.082902946
2022-12-21,1,Green_Algae,0.39071897,0.060889103
2022-12-22,1,Green_Algae,0.43844205,0.08960747
2022-12-23,1,Green_Algae,0.27015212,0.071196854
2022-12-24,1,Green_Algae,0.26322237,0.043442473
2022-12-25,1,Green_Algae,0.29721218,0.059589177
2022-12-26,1,Green_Algae,0.25078148,0.08532189
2022-12-27,1,Green_Algae,0.21856004,0.10418459
2022-12-28,1,Green_Algae,0.15966643,0.095016755
2022-12-29,1,Green_Algae,0.24490596,0.14542231
2022-12-30,1,Green_Algae,0.20376809,0.17203102
2022-12-31,1,Green_Algae,0.2882681,0.2122593
2023-01-01,1,Green_Algae,0.09535451,0.30270645
2023-01-02,1,Green_Algae,0.071312584,0.3298397
2023-01-03,1,Green_Algae,0.036156602,0.34433365
2023-01-04,1,Green_Algae,3.252288,0.45078775
2023-01-05,1,Green_Algae,6.237046,2.2734666
2023-01-06,1,Green_Algae,9.221804,5.6604333
2023-01-07,1,Green_Algae,9.225964,7.6414194
2023-01-08,1,Green_Algae,9.2301235,8.321572
2023-01-09,1,Green_Algae,9.234284,8.234475
2023-01-10,1,Green_Algae,9.238444,7.8405743
2023-01-11,1,Green_Algae,9.242605,8.210726
2023-01-12,1,Green_Algae,8.008986,7.9183793
2023-01-13,1,Green_Algae,9.353083,7.0378485
2023-01-14,1,Green_Algae,6.951903,7.3135266
2023-01-15,1,Green_Algae,3.9082983,5.535727
2023-01-16,1,Green_Algae,3.8983636,2.821923
2023-01-17,1,Green_Algae,3.6625977,3.0728087
2023-01-18,1,Green_Algae,2.6919782,3.8421018
2023-01-19,1,Green_Algae,2.5106957,2.8697984
2023-01-20,1,Green_Algae,2.9152644,2.9965706
2023-01-21,1,Green_Algae,3.6604702,3.4450998
2023-01-22,1,Green_Algae,7.30152,3.6842175
2023-01-23,1,Green_Algae,6.2374687,6.868674
2023-01-24,1,Green_Algae,5.173418,6.2193666
2023-01-25,1,Green_Algae,4.7855973,4.365647
2023-01-26,1,Green_Algae,4.944407,4.285481
2023-01-27,1,Green_Algae,5.020905,4.0992966
2023-01-28,1,Green_Algae,4.1378713,4.242283
2023-01-29,1,Green_Algae,3.5290515,3.2643774
2023-01-30,1,Green_Algae,3.2179534,3.4319031
2023-01-31,1,Green_Algae,5.3130965,3.367297
2023-02-01,1,Green_Algae,7.0447626,5.3670893
2023-02-02,1,Green_Algae,9.122445,6.955635
2023-02-03,1,Green_Algae,6.014926,8.493247
2023-02-04,1,Green_Algae,5.961019,6.6457057
2023-02-05,1,Green_Algae,5.907112,7.058318
2023-02-06,1,Green_Algae,5.853205,7.4157777
2023-02-07,1,Green_Algae,8.160051,7.0566
2023-02-08,1,Green_Algae,7.2787995,6.9644246
2023-02-09,1,Green_Algae,6.3975487,4.7853656
2023-02-10,1,Green_Algae,1.4237877,3.2692974
2023-02-11,1,Green_Algae,1.1469333,1.0507071
2023-02-12,1,Green_Algae,0.77981836,0.7076747
2023-02-13,1,Green_Algae,0.90640306,0.45155835
2023-02-14,1,Green_Algae,0.18429561,0.38326406
2023-02-15,1,Green_Algae,0.09019138,0.42196158
2023-02-16,1,Green_Algae,0.06921226,0.41399866
2023-02-17,1,Green_Algae,0.09716904,0.44305983
2023-02-18,1,Green_Algae,0.5358182,0.55458605
2023-02-19,1,Green_Algae,0.73984677,0.6979137
2023-02-20,1,Green_Algae,0.9485524,0.7718361
2023-02-21,1,Green_Algae,0.88800627,0.7711422
2023-02-22,1,Green_Algae,0.77299947,0.6149227
2023-02-23,1,Green_Algae,0.8697355,0.49883407
2023-02-24,1,Green_Algae,0.9345164,0.54431236
2023-02-25,1,Green_Algae,0.5437155,0.49608922
2023-02-26,1,Green_Algae,0.35603827,0.40814778
2023-02-27,1,Green_Algae,0.2848945,0.36477962
2023-02-28,1,Green_Algae,0.9269008,0.36801267
2023-03-01,1,Green_Algae,1.0543281,0.6197511
2023-03-02,1,Green_Algae,0.82646257,0.6265051
2023-03-03,1,Green_Algae,0.41406226,0.5237761
2023-03-04,1,Green_Algae,0.43284735,0.45640853
2023-03-05,1,Green_Algae,0.34657025,0.4606539
2023-03-06,1,Green_Algae,0.24229686,0.39222816
2023-03-07,1,Green_Algae,0.28762135,0.34289074
2023-03-08,1,Green_Algae,0.23873465,0.34603494
2023-03-09,1,Green_Algae,0.20506701,0.30538738
2023-03-10,1,Green_Algae,0.12347253,0.3162878
2023-03-11,1,Green_Algae,0.08151744,0.33905098
2023-03-12,1,Green_Algae,0.14753455,0.36619753
2023-03-13,1,Green_Algae,0.08237493,0.3726209
2023-03-14,1,Green_Algae,0.036238365,0.43026096
2023-03-15,1,Green_Algae,0.1186852,0.497419
2023-03-16,1,Green_Algae,0.17207983,0.4242447
2023-03-17,1,Green_Algae,0.24798092,0.37288448
2023-03-18,1,Green_Algae,0.23571466,0.37220654
2023-03-19,1,Green_Algae,0.16183792,0.37123013
2023-03-20,1,Green_Algae,0.40782675,0.37836593
2023-03-21,1,Green_Algae,0.101640604,0.50241745
2023-03-22,1,Green_Algae,0.5060475,0.5246725
2023-03-23,1,Green_Algae,2.69248,0.7223446
2023-03-24,1,Green_Algae,1.9497765,1.4635208
2023-03-25,1,Green_Algae,1.3316832,1.2391744
2023-03-26,1,Green_Algae,2.578498,1.0893233
2023-03-27,1,Green_Algae,2.0630136,1.4155471
2023-03-28,1,Green_Algae,1.7380223,1.210624
2023-03-29,1,Green_Algae,1.37283,0.82771206
2023-03-30,1,Green_Algae,1.1725881,0.7058708
2023-03-31,1,Green_Algae,0.9683462,0.590844
2023-04-01,1,Green_Algae,0.71395975,0.59622157
2023-04-02,1,Green_Algae,0.683174,0.651656
2023-04-03,1,Green_Algae,0.75986,0.7908378
2023-04-04,1,Green_Algae,0.6773602,0.8773507
2023-04-05,1,Green_Algae,1.834648,1.1251668
2023-04-06,1,Green_Algae,4.089308,1.4882404
2023-04-07,1,Green_Algae,2.2397137,2.048186
2023-04-08,1,Green_Algae,1.7206718,1.187957
2023-04-09,1,Green_Algae,1.4219851,1.019333
2023-04-10,1,Green_Algae,1.2250155,0.91408104
2023-04-11,1,Green_Algae,0.8648579,0.8240578
2023-04-12,1,Green_Algae,0.56595254,0.64747745
2023-04-13,1,Green_Algae,0.50567454,0.46959108
2023-04-14,1,Green_Algae,0.66647476,0.37688947
2023-04-15,1,Green_Algae,1.0466163,0.78972673
2023-04-16,1,Green_Algae,1.2097328,1.224533
2023-04-17,1,Green_Algae,2.6901345,1.1368186
2023-04-18,1,Green_Algae,2.477803,1.6505009
2023-04-19,1,Green_Algae,2.09581,1.2582842
2023-04-20,1,Green_Algae,1.6294928,1.0600646
2023-04-21,1,Green_Algae,1.3932893,0.8593118
2023-04-22,1,Green_Algae,0.9884703,0.7541039
2023-04-23,1,Green_Algae,0.9850644,0.66787046
2023-04-24,1,Green_Algae,1.0676374,0.6517996
2023-04-25,1,Green_Algae,1.3244078,0.7020358
2023-04-26,1,Green_Algae,0.6416333,0.7093911
2023-04-27,1,Green_Algae,0.27814546,0.63905996
2023-04-28,1,Green_Algae,1.3145058,0.64973646
2023-04-29,1,Green_Algae,3.2526584,1.2769523
2023-04-30,1,Green_Algae,3.1499057,2.6273184
2023-05-01,1,Green_Algae,1.6380941,2.7151244
2023-05-02,1,Green_Algae,4.1922054,1.5444149
2023-05-03,1,Green_Algae,5.529419,3.333766
2023-05-04,1,Green_Algae,6.2632565,4.309595
2023-05-05,1,Green_Algae,6.8380823,5.6700497
2023-05-06,1,Green_Algae,7.412908,7.4228354
2023-05-07,1,Green_Algae,4.079104,7.123244
2023-05-08,1,Green_Algae,2.2593377,3.2746925
2023-05-09,1,Green_Algae,1.9581879,2.5890667
2023-05-10,1,Green_Algae,2.4479287,2.270095
2023-05-11,1,Green_Algae,2.7059772,2.0962045
2023-05-12,1,Green_Algae,2.3598123,1.9881389
2023-05-13,1,Green_Algae,1.7751207,1.4907364
2023-05-14,1,Green_Algae,1.2882135,1.2267959
2023-05-15,1,Green_Algae,1.0123258,0.83781564
2023-05-16,1,Green_Algae,1.0217282,0.67168164
2023-05-17,1,Green_Algae,0.8613485,0.7705271
2023-05-18,1,Green_Algae,1.1611063,0.67464864
2023-05-19,1,Green_Algae,0.9660143,0.69476366
2023-05-20,1,Green_Algae,0.79129213,0.61292636
2023-05-21,1,Green_Algae,1.006314,0.716136
2023-05-22,1,Green_Algae,0.55901504,0.6466109
2023-05-23,1,Green_Algae,0.46997598,0.36629254
2023-05-24,1,Green_Algae,0.31273833,0.31887993
2023-05-25,1,Green_Algae,0.29093453,0.39966136
2023-05-26,1,Green_Algae,0.25067583,0.5299326
2023-05-27,1,Green_Algae,0.42133546,0.7861527
2023-05-28,1,Green_Algae,1.3887391,1.1091787
2023-05-29,1,Green_Algae,2.5463135,2.0592926
2023-05-30,1,Green_Algae,2.2533908,3.106575
2023-05-31,1,Green_Algae,3.1068542,2.769155
2023-06-01,1,Green_Algae,2.7869723,3.663089
2023-06-02,1,Green_Algae,2.4034996,2.605159
2023-06-03,1,Green_Algae,1.0539821,1.4624597
2023-06-04,1,Green_Algae,0.93468004,0.8647016
2023-06-05,1,Green_Algae,0.4879697,0.6981796
2023-06-06,1,Green_Algae,0.8998942,0.55628073
2023-06-07,1,Green_Algae,1.3108021,0.603414
2023-06-08,1,Green_Algae,1.019688,0.65738887
2023-06-09,1,Green_Algae,0.46447587,0.5583052
2023-06-10,1,Green_Algae,0.49861857,0.5559197
2023-06-11,1,Green_Algae,0.61284125,0.5879305
2023-06-12,1,Green_Algae,0.6797172,0.5807474
2023-06-13,1,Green_Algae,0.7083528,0.5914679
2023-06-14,1,Green_Algae,0.35401052,0.49338743
2023-06-15,1,Green_Algae,0.41286027,0.55714196
2023-06-16,1,Green_Algae,0.2804898,0.42560327
2023-06-17,1,Green_Algae,0.2304269,0.44082052
2023-06-18,1,Green_Algae,0.5143521,0.5366917
2023-06-19,1,Green_Algae,0.5725395,0.78220016
2023-06-20,1,Green_Algae,1.4189571,0.75666654
2023-06-21,1,Green_Algae,3.0382833,1.0932997
2023-06-22,1,Green_Algae,3.1065986,1.7658385
2023-06-23,1,Green_Algae,1.9374653,1.807808
2023-06-24,1,Green_Algae,1.1924785,1.4028993
2023-06-25,1,Green_Algae,1.0128819,1.3188074
2023-06-26,1,Green_Algae,1.2879117,1.6305549
2023-06-27,1,Green_Algae,1.1464972,2.129008
2023-06-28,1,Green_Algae,4.1690407,2.0927646
2023-06-29,1,Green_Algae,5.1483574,3.9468675
2023-06-30,1,Green_Algae,4.417229,4.71465
2023-07-01,1,Green_Algae,3.0753262,4.6601653
2023-07-02,1,Green_Algae,2.3679974,3.6466944
2023-07-03,1,Green_Algae,3.1175823,3.7299418
2023-07-04,1,Green_Algae,5.006934,4.7758946
2023-07-05,1,Green_Algae,6.813222,6.3430467
2023-07-06,1,Green_Algae,7.1008797,7.101179
2023-07-07,1,Green_Algae,7.8447523,6.948289
2023-07-08,1,Green_Algae,7.1713324,7.571412
2023-07-09,1,Green_Algae,7.92671,7.4037814
2023-07-10,1,Green_Algae,7.4939637,7.8584666
2023-07-11,1,Green_Algae,5.54597,6.66347
2023-07-12,1,Green_Algae,4.022008,4.241697
2023-07-13,1,Green_Algae,3.7216525,3.299546
2023-07-14,1,Green_Algae,2.7944505,2.3809652
2023-07-15,1,Green_Algae,2.0034344,1.5183828
2023-07-16,1,Green_Algae,1.4967204,0.97050756
2023-07-17,1,Green_Algae,1.3990573,0.74526846
2023-07-18,1,Green_Algae,1.0275207,0.81967527
2023-07-19,1,Green_Algae,1.0186292,0.97026086
2023-07-20,1,Green_Algae,1.734702,1.4017409
2023-07-21,1,Green_Algae,3.5428689,2.7216878
2023-07-22,1,Green_Algae,8.218171,4.9412584
2023-07-23,1,Green_Algae,8.601586,7.7446337
2023-07-24,1,Green_Algae,9.032261,8.575733
2023-07-25,1,Green_Algae,8.793951,8.676213
2023-07-26,1,Green_Algae,6.349499,6.79945
2023-07-27,1,Green_Algae,4.783891,4.872646
2023-07-28,1,Green_Algae,2.371833,3.3717566
2023-07-29,1,Green_Algae,1.8697046,1.8700582
2023-07-30,1,Green_Algae,2.1430004,1.8478663
2023-07-31,1,Green_Algae,2.687552,2.266998
2023-08-01,1,Green_Algae,2.8441966,3.5466845
2023-08-02,1,Green_Algae,3.3121603,3.2461774
2023-08-03,1,Green_Algae,4.9291377,4.4184976
2023-08-04,1,Green_Algae,5.591187,6.0888753
2023-08-05,1,Green_Algae,8.544591,6.067704
2023-08-06,1,Green_Algae,8.778641,8.659802
2023-08-07,1,Green_Algae,9.01269,8.331065
2023-08-08,1,Green_Algae,9.246739,8.459838
2023-08-09,1,Green_Algae,6.3150916,7.1798344
2023-08-10,1,Green_Algae,5.0038095,6.398719
2023-08-11,1,Green_Algae,3.3346193,4.454507
2023-08-12,1,Green_Algae,2.5525656,4.2597013
2023-08-13,1,Green_Algae,3.0647385,3.1987536
2023-08-14,1,Green_Algae,5.879216,3.6071596
2023-08-15,1,Green_Algae,6.031285,5.160816
2023-08-16,1,Green_Algae,4.687024,2.886552
2023-08-17,1,Green_Algae,1.2427475,1.8408588
2023-08-18,1,Green_Algae,0.8998853,0.6413159
2023-08-19,1,Green_Algae,0.66447395,0.50341904
2023-08-20,1,Green_Algae,0.51328796,0.41973415
2023-08-21,1,Green_Algae,0.45516005,0.3002597
2023-08-22,1,Green_Algae,0.3003116,0.31568998
2023-08-23,1,Green_Algae,0.28055164,0.2787227
2023-08-24,1,Green_Algae,0.2979189,0.25008604
2023-08-25,1,Green_Algae,0.2403409,0.32267767
2023-08-26,1,Green_Algae,0.44934124,0.3960309
2023-08-27,1,Green_Algae,0.41253313,0.44599265
2023-08-28,1,Green_Algae,0.5238057,0.4867751
2023-08-29,1,Green_Algae,1.458634,0.7224666
2023-08-30,1,Green_Algae,0.76870924,1.1278945
2023-08-31,1,Green_Algae,1.4702122,0.67757255
2023-09-01,1,Green_Algae,0.9918718,1.3641617
2023-09-02,1,Green_Algae,0.91562474,0.9053146
2023-09-03,1,Green_Algae,0.70573056,1.044503
2023-09-04,1,Green_Algae,0.6742999,0.9530125
2023-09-05,1,Green_Algae,1.3842525,0.9465323
2023-09-06,1,Green_Algae,4.9435377,1.7412308
2023-09-07,1,Green_Algae,3.897788,2.2784607
2023-09-08,1,Green_Algae,1.5145657,1.7058836
2023-09-09,1,Green_Algae,0.6406925,0.9741607
2023-09-10,1,Green_Algae,0.33638895,0.63960606
2023-09-11,1,Green_Algae,0.10094779,0.5313165
2023-09-12,1,Green_Algae,0.09816431,0.66957915
2023-09-13,1,Green_Algae,0.2952668,0.62757117
2023-09-14,1,Green_Algae,0.7073095,0.76915294
2023-09-15,1,Green_Algae,1.220801,0.75362515
2023-09-16,1,Green_Algae,0.82873017,0.97870106
2023-09-17,1,Green_Algae,0.7083514,0.8998347
2023-09-18,1,Green_Algae,1.3472247,0.8676256
2023-09-19,1,Green_Algae,1.9606476,1.2266533
2023-09-20,1,Green_Algae,3.1551094,1.4928855
2023-09-21,1,Green_Algae,4.03383,2.326452
2023-09-22,1,Green_Algae,3.11515,2.9104269
2023-09-23,1,Green_Algae,3.0413108,2.5292225
2023-09-24,1,Green_Algae,3.025897,2.8946207
2023-09-25,1,Green_Algae,2.150364,2.5859609
2023-09-26,1,Green_Algae,2.4681423,1.8265431
2023-09-27,1,Green_Algae,2.4991379,2.176908
2023-09-28,1,Green_Algae,2.2806215,1.9037251
2023-09-29,1,Green_Algae,1.9233941,1.7320497
2023-09-30,1,Green_Algae,1.7363886,1.5301157
2023-10-01,1,Green_Algae,2.0806055,1.3503143
2023-10-02,1,Green_Algae,1.3755308,1.3529806
2023-10-03,1,Green_Algae,1.3721676,0.89524764
2023-10-04,1,Green_Algae,1.5986129,0.7331347
2023-10-05,1,Green_Algae,1.1944014,0.7936354
2023-10-06,1,Green_Algae,0.4352867,0.56522655
2023-10-07,1,Green_Algae,0.038954273,0.34255707
2023-10-08,1,Green_Algae,0.005254514,0.2345428
2023-10-09,1,Green_Algae,0.00022059257,0.16091353
2023-10-10,1,Green_Algae,0.07396206,0.15787949
2023-10-11,1,Green_Algae,0.0044502877,0.22530743
2023-10-12,1,Green_Algae,0.21425903,0.2784335
2023-10-13,1,Green_Algae,0.4240678,0.3470758
2023-10-14,1,Green_Algae,1.2040071,0.53086126
2023-10-15,1,Green_Algae,1.538577,0.9347379
2023-10-16,1,Green_Algae,0.91931796,1.0045863
2023-10-17,1,Green_Algae,0.49678364,0.576158
2023-10-18,1,Green_Algae,0.27720237,0.4736829
2023-10-19,1,Green_Algae,0.060109414,0.4230845
2023-10-20,1,Green_Algae,0.0003220112,0.31162205
2023-10-21,1,Green_Algae,0.0012375681,0.23712052
2023-10-22,1,Green_Algae,0.0032772026,0.15118127
2023-10-23,1,Green_Algae,0.0053168214,0.10725652
2023-10-24,1,Green_Algae,0.0073564914,0.09783279
2023-10-25,1,Green_Algae,0.009396112,0.10316272
2023-10-26,1,Green_Algae,0.01143575,0.117922954
2023-10-27,1,Green_Algae,0.00014706633,0.09095662
2023-10-28,1,Green_Algae,0.00014947286,0.07121676
2023-10-29,1,Green_Algae,0.00015179641,0.07193525
2023-10-30,1,Green_Algae,0.0036961709,0.10780411
2023-10-31,1,Green_Algae,5.8028803e-05,0.15316549
2023-11-01,1,Green_Algae,0.005072786,0.16800189
2023-11-02,1,Green_Algae,0.009415459,0.18776533
2023-11-03,1,Green_Algae,0.23354869,0.17446165
2023-11-04,1,Green_Algae,0.19017506,0.14557028
2023-11-05,1,Green_Algae,0.29466212,0.14242172
2023-11-06,1,Green_Algae,0.52662814,0.18199869
2023-11-07,1,Green_Algae,0.14937869,0.15879849
2023-11-08,1,Green_Algae,0.051346254,0.13037027
2023-11-09,1,Green_Algae,0.0022525839,0.10201113
2023-11-10,1,Green_Algae,0.0037495536,0.11705232
2023-11-11,1,Green_Algae,0.00026789785,0.13896936
2023-11-12,1,Green_Algae,0.00030059792,0.13106592
2023-11-13,1,Green_Algae,0.00033329905,0.1541675
2023-11-14,1,Green_Algae,0.014367214,0.12960643
2023-11-15,1,Green_Algae,0.03973635,0.14029637
2023-11-16,1,Green_Algae,0.08579548,0.15037864
2023-11-17,1,Green_Algae,0.023645498,0.12212506
2023-11-18,1,Green_Algae,0.012744074,0.11016179
2023-11-19,1,Green_Algae,0.013970377,0.19053693
2023-11-20,1,Green_Algae,0.045104496,0.2195021
2023-11-21,1,Green_Algae,0.14602937,0.26254818
2023-11-22,1,Green_Algae,0.18774286,0.2918601
2023-11-23,1,Green_Algae,0.12678686,0.3178506
2023-11-24,1,Green_Algae,0.06583095,0.53172356
2023-11-25,1,Green_Algae,0.0048749987,0.48658735
2023-11-26,1,Green_Algae,0.01300342,0.47267646
2023-11-27,1,Green_Algae,0.0009985091,0.44217503
2023-11-28,1,Green_Algae,0.3965642,0.41743144
2023-11-29,1,Green_Algae,0.7921298,0.54021263
2023-11-30,1,Green_Algae,1.1876955,0.596897
2023-12-01,1,Green_Algae,0.5417547,1.3952348
2023-12-02,1,Green_Algae,0.28317368,0.7552989
2023-12-03,1,Green_Algae,0.26998764,0.61575234
2023-12-04,1,Green_Algae,0.041641086,0.56889236
2023-12-05,1,Green_Algae,0.007523836,0.43298897
2023-12-06,1,Green_Algae,0.0014946325,0.5530345
2023-12-07,1,Green_Algae,0.051200677,0.56911147
2023-12-08,1,Green_Algae,0.031184377,0.43796498
2023-12-09,1,Green_Algae,0.320014,0.43818584
2023-12-10,1,Green_Algae,0.19122079,0.634382
2023-12-11,1,Green_Algae,0.9545549,0.60614026
2023-12-12,1,Green_Algae,2.0166812,0.9617652
2023-12-13,1,Green_Algae,1.8324066,1.5271686
2023-12-14,1,Green_Algae,1.3901647,1.2022922
2023-12-15,1,Green_Algae,2.1495306,0.94899845
2023-12-16,1,Green_Algae,1.2279633,0.85201883
2023-12-17,1,Green_Algae,0.5186076,0.50790715
2023-12-18,1,Green_Algae,0.2195702,0.28695145
2023-12-19,1,Green_Algae,0.2801519,0.22192837
2023-12-20,1,Green_Algae,0.20370297,0.27046624
2023-12-21,1,Green_Algae,0.061779305,0.23368922
2023-12-22,1,Green_Algae,0.047017764,0.2201458
2023-12-23,1,Green_Algae,0.0322563,0.28508407
2023-12-24,1,Green_Algae,0.017494831,0.30551076
2023-12-25,1,Green_Algae,0.0027333545,0.3415166
2023-12-26,1,Green_Algae,0.0019698853,0.39544088
2023-12-27,1,Green_Algae,1.632065,0.7749147
2020-10-29,2,Green_Algae,11.725673,6.454115
2020-10-30,2,Green_Algae,12.17853,8.169155
2020-10-31,2,Green_Algae,6.110087,9.559815
2020-11-01,2,Green_Algae,7.4780245,10.108243
2020-11-02,2,Green_Algae,7.0332804,7.657583
2020-11-03,2,Green_Algae,4.4513035,8.049659
2020-11-04,2,Green_Algae,4.2465425,7.341398
2020-11-05,2,Green_Algae,3.1390948,5.5091333
2020-11-06,2,Green_Algae,4.8471107,5.2842693
2020-11-07,2,Green_Algae,8.74932,4.379973
2020-11-08,2,Green_Algae,3.445326,5.422869
2020-11-09,2,Green_Algae,2.8215373,7.4165235
2020-11-10,2,Green_Algae,2.7152398,4.706714
2020-11-11,2,Green_Algae,2.8748477,4.5562196
2020-11-12,2,Green_Algae,2.8452773,4.170632
2020-11-13,2,Green_Algae,3.2272646,4.22082
2020-11-14,2,Green_Algae,4.012611,4.458526
2020-11-15,2,Green_Algae,3.7066593,4.799922
2020-11-16,2,Green_Algae,7.032859,5.6767297
2020-11-17,2,Green_Algae,7.8307257,5.964874
2020-11-18,2,Green_Algae,7.7718787,7.978631
2020-11-19,2,Green_Algae,8.549044,8.138945
2020-11-20,2,Green_Algae,9.32621,7.8833857
2020-11-21,2,Green_Algae,7.3450155,8.214551
2020-11-22,2,Green_Algae,8.40237,7.7900834
2020-11-23,2,Green_Algae,5.0805078,7.181286
2020-11-24,2,Green_Algae,4.5977955,7.6402345
2020-11-25,2,Green_Algae,4.178378,6.0207005
2020-11-26,2,Green_Algae,8.567597,5.5815563
2020-11-27,2,Green_Algae,5.6399274,4.85575
2020-11-28,2,Green_Algae,4.2971926,7.05894
2020-11-29,2,Green_Algae,4.177417,4.6546555
2020-11-30,2,Green_Algae,2.1808684,4.4253206
2020-12-01,2,Green_Algae,2.1362128,4.2135983
2020-12-02,2,Green_Algae,2.365832,2.516966
2020-12-03,2,Green_Algae,1.8928292,2.190342
2020-12-04,2,Green_Algae,2.1390448,2.0736642
2020-12-05,2,Green_Algae,1.6092981,1.9078779
2020-12-06,2,Green_Algae,1.7672431,1.9932629
2020-12-07,2,Green_Algae,2.0092976,2.0202906
2020-12-08,2,Green_Algae,2.0687907,2.1370754
2020-12-09,2,Green_Algae,2.93475,2.3295474
2020-12-10,2,Green_Algae,2.2710211,2.3407772
2020-12-11,2,Green_Algae,1.7623245,3.2751558
2020-12-12,2,Green_Algae,3.7399058,3.0796974
2020-12-13,2,Green_Algae,7.407639,2.5880497
2020-12-14,2,Green_Algae,1.9868814,3.6480064
2020-12-15,2,Green_Algae,1.3638422,6.5497913
2020-12-16,2,Green_Algae,1.3426266,2.3662345
2020-12-17,2,Green_Algae,1.2532657,2.261344
2020-12-18,2,Green_Algae,1.2750503,1.7983925
2020-12-19,2,Green_Algae,1.6216208,1.6414776
2020-12-20,2,Green_Algae,2.156505,1.6492877
2020-12-21,2,Green_Algae,1.9927878,1.8715768
2020-12-22,2,Green_Algae,1.9692179,2.2501445
2020-12-23,2,Green_Algae,2.3798406,2.4371438
2020-12-24,2,Green_Algae,3.1014483,2.754438
2020-12-25,2,Green_Algae,2.8246055,3.497296
2020-12-26,2,Green_Algae,2.7126286,4.1964693
2020-12-27,2,Green_Algae,3.4823534,4.5524225
2020-12-28,2,Green_Algae,8.607523,4.947482
2020-12-29,2,Green_Algae,8.2660055,5.428883
2020-12-30,2,Green_Algae,7.924486,8.0736475
2020-12-31,2,Green_Algae,6.428473,7.532035
2021-01-01,2,Green_Algae,2.98945,6.163408
2021-01-02,2,Green_Algae,1.3053657,4.416464
2021-01-03,2,Green_Algae,1.2917366,2.4161594
2021-01-04,2,Green_Algae,1.1487111,2.0706027
2021-01-05,2,Green_Algae,1.2107966,2.2441335
2021-01-06,2,Green_Algae,1.9978639,2.1349177
2021-01-07,2,Green_Algae,3.2746053,1.922276
2021-01-08,2,Green_Algae,1.283966,2.0701144
2021-01-09,2,Green_Algae,1.3706295,2.5143008
2021-01-10,2,Green_Algae,0.95188135,1.6954178
2021-01-11,2,Green_Algae,1.2131643,1.8038146
2021-01-12,2,Green_Algae,2.0453835,1.8837053
2021-01-13,2,Green_Algae,2.094508,1.9166765
2021-01-14,2,Green_Algae,2.0917065,2.2492342
2021-01-15,2,Green_Algae,1.7256553,2.3852396
2021-01-16,2,Green_Algae,2.0362563,2.7293136
2021-01-17,2,Green_Algae,3.533249,2.8006635
2021-01-18,2,Green_Algae,3.6137555,3.1659653
2021-01-19,2,Green_Algae,3.1941895,3.5913079
2021-01-20,2,Green_Algae,4.403502,3.825242
2021-01-21,2,Green_Algae,5.758683,3.9176402
2021-01-22,2,Green_Algae,6.35937,5.9000874
2021-01-23,2,Green_Algae,8.876309,6.6752567
2021-01-24,2,Green_Algae,5.43191,6.9820757
2021-01-25,2,Green_Algae,6.235949,7.6987696
2021-01-26,2,Green_Algae,6.5830173,6.610477
2021-01-27,2,Green_Algae,7.649797,7.0971804
2021-01-28,2,Green_Algae,5.225948,7.1336718
2021-01-29,2,Green_Algae,7.1872573,7.1969795
2021-01-30,2,Green_Algae,7.827323,6.062506
2021-01-31,2,Green_Algae,6.1937,6.318089
2021-02-01,2,Green_Algae,5.721615,6.626367
2021-02-02,2,Green_Algae,5.1455975,6.3119125
2021-02-03,2,Green_Algae,4.142368,6.0816913
2021-02-04,2,Green_Algae,4.6842937,5.8480234
2021-02-05,2,Green_Algae,4.7972736,5.217082
2021-02-06,2,Green_Algae,4.5424547,5.4869905
2021-02-07,2,Green_Algae,4.4105067,5.5485168
2021-02-08,2,Green_Algae,4.6066475,5.3798018
2021-02-09,2,Green_Algae,5.280211,5.039844
2021-02-10,2,Green_Algae,7.288978,5.257159
2021-02-11,2,Green_Algae,4.65887,5.1955905
2021-02-12,2,Green_Algae,3.413034,6.0765524
2021-02-13,2,Green_Algae,8.17764,5.024247
2021-02-14,2,Green_Algae,5.1429377,4.6689963
2021-02-15,2,Green_Algae,4.1539435,7.0221763
2021-02-16,2,Green_Algae,4.581317,5.506577
2021-02-17,2,Green_Algae,4.9817367,4.5076904
2021-02-18,2,Green_Algae,3.35322,5.06446
2021-02-19,2,Green_Algae,4.2448187,4.0981765
2021-02-20,2,Green_Algae,4.0317235,3.7208939
2021-02-21,2,Green_Algae,4.087482,4.334162
2021-02-22,2,Green_Algae,3.9634469,4.171442
2021-02-23,2,Green_Algae,4.5633674,4.748245
2021-02-24,2,Green_Algae,4.220355,4.679629
2021-02-25,2,Green_Algae,5.1449275,4.8234105
2021-02-26,2,Green_Algae,5.1236477,4.3891544
2021-02-27,2,Green_Algae,4.096351,4.627775
2021-02-28,2,Green_Algae,3.4184105,4.230456
2021-03-01,2,Green_Algae,2.6066442,3.1632729
2021-03-02,2,Green_Algae,2.469205,2.2530906
2021-03-03,2,Green_Algae,3.3989074,1.2117217
2021-03-04,2,Green_Algae,2.2061434,0.8515845
2021-03-05,2,Green_Algae,0.93730825,1.0116208
2021-03-06,2,Green_Algae,0.17130968,0.9373274
2021-03-07,2,Green_Algae,0.21163534,0.895596
2021-03-08,2,Green_Algae,0.51324403,0.8201047
2021-03-09,2,Green_Algae,0.7416932,0.91026795
2021-03-10,2,Green_Algae,1.1518161,1.4268199
2021-03-11,2,Green_Algae,3.0430608,2.1125717
2021-03-12,2,Green_Algae,5.624233,3.2949765
2021-03-13,2,Green_Algae,9.781874,5.397254
2021-03-14,2,Green_Algae,6.138524,7.1560173
2021-03-15,2,Green_Algae,5.632489,8.675395
2021-03-16,2,Green_Algae,4.6865773,6.1677227
2021-03-17,2,Green_Algae,4.3283215,5.938915
2021-03-18,2,Green_Algae,3.7387772,4.867367
2021-03-19,2,Green_Algae,2.8026774,3.9467928
2021-03-20,2,Green_Algae,3.1857598,2.9825678
2021-03-21,2,Green_Algae,2.456903,1.9500601
2021-03-22,2,Green_Algae,0.9018451,1.7028197
2021-03-23,2,Green_Algae,0.6790297,1.4144883
2021-03-24,2,Green_Algae,1.005638,1.1520741
2021-03-25,2,Green_Algae,0.83578366,1.2092202
2021-03-26,2,Green_Algae,1.0689725,1.5792772
2021-03-27,2,Green_Algae,1.7590731,1.9082522
2021-03-28,2,Green_Algae,4.083432,2.4691064
2021-03-29,2,Green_Algae,7.1401954,3.4669645
2021-03-30,2,Green_Algae,10.209595,5.7756953
2021-03-31,2,Green_Algae,10.649694,8.055722
2021-04-01,2,Green_Algae,9.618863,8.857257
2021-04-02,2,Green_Algae,9.679638,8.323418
2021-04-03,2,Green_Algae,8.492021,7.2938695
2021-04-04,2,Green_Algae,5.522469,7.046246
2021-04-05,2,Green_Algae,3.8875976,6.971633
2021-04-06,2,Green_Algae,3.7225616,5.0774026
2021-04-07,2,Green_Algae,4.1317596,3.9609547
2021-04-08,2,Green_Algae,3.7241824,3.4143684
2021-04-09,2,Green_Algae,2.9264905,3.5664473
2021-04-10,2,Green_Algae,3.0117583,3.6088142
2021-04-11,2,Green_Algae,3.7558973,3.6578457
2021-04-12,2,Green_Algae,7.548631,4.32284
2021-04-13,2,Green_Algae,8.276589,5.4005823
2021-04-14,2,Green_Algae,7.5179367,8.028243
2021-04-15,2,Green_Algae,7.9862165,8.925954
2021-04-16,2,Green_Algae,8.454495,9.128298
2021-04-17,2,Green_Algae,10.411622,8.970911
2021-04-18,2,Green_Algae,8.3863945,9.084813
2021-04-19,2,Green_Algae,7.374504,9.951381
2021-04-20,2,Green_Algae,7.4743953,8.766922
2021-04-21,2,Green_Algae,7.563512,8.376362
2021-04-22,2,Green_Algae,9.42714,8.007883
2021-04-23,2,Green_Algae,9.938813,8.1497345
2021-04-24,2,Green_Algae,9.186256,8.997702
2021-04-25,2,Green_Algae,13.211926,9.221652
2021-04-26,2,Green_Algae,11.542995,9.34926
2021-04-27,2,Green_Algae,8.482055,9.914741
2021-04-28,2,Green_Algae,4.98898,8.921903
2021-04-29,2,Green_Algae,3.1451302,7.8366537
2021-04-30,2,Green_Algae,3.3468668,5.8623824
2021-05-01,2,Green_Algae,8.648813,5.893765
2021-05-02,2,Green_Algae,10.776056,5.5790772
2021-05-03,2,Green_Algae,10.448346,7.9753194
2021-05-04,2,Green_Algae,5.103333,8.92958
2021-05-05,2,Green_Algae,5.319554,9.184959
2021-05-06,2,Green_Algae,6.643535,8.001855
2021-05-07,2,Green_Algae,6.72064,7.9019985
2021-05-08,2,Green_Algae,10.374625,8.257772
2021-05-09,2,Green_Algae,12.880029,8.238621
2021-05-10,2,Green_Algae,9.980102,9.756435
2021-05-11,2,Green_Algae,10.452174,10.556144
2021-05-12,2,Green_Algae,10.924248,10.182499
2021-05-13,2,Green_Algae,11.39632,10.735647
2021-05-14,2,Green_Algae,11.868393,10.704325
2021-05-15,2,Green_Algae,10.393691,11.089581
2021-05-16,2,Green_Algae,7.7878942,10.043526
2021-05-17,2,Green_Algae,7.7099423,9.443367
2021-05-18,2,Green_Algae,7.9545946,8.537221
2021-05-19,2,Green_Algae,6.14866,8.5678
2021-05-20,2,Green_Algae,6.4745946,8.765082
2021-05-21,2,Green_Algae,6.249631,7.648031
2021-05-22,2,Green_Algae,9.313534,7.817948
2021-05-23,2,Green_Algae,8.771644,7.4472194
2021-05-24,2,Green_Algae,12.235818,8.620302
2021-05-25,2,Green_Algae,7.2883067,8.356669
2021-05-26,2,Green_Algae,7.12322,9.311643
2021-05-27,2,Green_Algae,13.128756,7.388617
2021-05-28,2,Green_Algae,12.951473,7.5512977
2021-05-29,2,Green_Algae,12.77419,9.197002
2021-05-30,2,Green_Algae,4.561085,9.061288
2021-05-31,2,Green_Algae,2.984026,7.8195796
2021-06-01,2,Green_Algae,3.477842,4.5277414
2021-06-02,2,Green_Algae,3.0301087,4.254497
2021-06-03,2,Green_Algae,2.9474874,4.1410365
2021-06-04,2,Green_Algae,3.87105,3.2730632
2021-06-05,2,Green_Algae,3.5815134,3.1996694
2021-06-06,2,Green_Algae,3.5015206,3.6857111
2021-06-07,2,Green_Algae,4.0479884,3.8127093
2021-06-08,2,Green_Algae,5.4210563,4.3655014
2021-06-09,2,Green_Algae,3.706534,5.2152734
2021-06-10,2,Green_Algae,5.004493,6.259008
2021-06-11,2,Green_Algae,6.557851,6.242677
2021-06-12,2,Green_Algae,10.4747505,7.39807
2021-06-13,2,Green_Algae,11.396228,8.692669
2021-06-14,2,Green_Algae,12.317705,10.272993
2021-06-15,2,Green_Algae,12.765958,11.308746
2021-06-16,2,Green_Algae,13.214211,11.619114
2021-06-17,2,Green_Algae,13.662464,11.97513
2021-06-18,2,Green_Algae,14.110718,12.123788
2021-06-19,2,Green_Algae,12.694961,11.894247
2021-06-20,2,Green_Algae,13.068725,11.154996
2021-06-21,2,Green_Algae,6.759349,10.2186775
2021-06-22,2,Green_Algae,4.531797,8.878415
2021-06-23,2,Green_Algae,4.704233,6.1055474
2021-06-24,2,Green_Algae,4.3103833,4.9944987
2021-06-25,2,Green_Algae,4.245991,5.3694124
2021-06-26,2,Green_Algae,3.8047178,6.219387
2021-06-27,2,Green_Algae,9.500919,7.3772864
2021-06-28,2,Green_Algae,14.259275,8.0981245
2021-06-29,2,Green_Algae,13.726238,10.147466
2021-06-30,2,Green_Algae,10.054623,11.338986
2021-07-01,2,Green_Algae,10.233351,11.582069
2021-07-02,2,Green_Algae,11.377681,11.337046
2021-07-03,2,Green_Algae,13.92809,11.737002
2021-07-04,2,Green_Algae,9.610976,11.792121
2021-07-05,2,Green_Algae,13.8032055,11.925499
2021-07-06,2,Green_Algae,12.07648,10.941359
2021-07-07,2,Green_Algae,9.815504,10.969141
2021-07-08,2,Green_Algae,10.952688,10.274324
2021-07-09,2,Green_Algae,5.504181,8.914734
2021-07-10,2,Green_Algae,6.883577,9.310554
2021-07-11,2,Green_Algae,6.383121,7.373382
2021-07-12,2,Green_Algae,8.041389,8.17488
2021-07-13,2,Green_Algae,7.1555495,7.8708687
2021-07-14,2,Green_Algae,7.182688,8.635007
2021-07-15,2,Green_Algae,7.2098265,8.326498
2021-07-16,2,Green_Algae,7.2369647,8.893537
2021-07-17,2,Green_Algae,7.2641034,9.238755
2021-07-18,2,Green_Algae,7.291241,9.585415
2021-07-19,2,Green_Algae,7.3183794,9.552254
2021-07-20,2,Green_Algae,7.345518,9.42856
2021-07-21,2,Green_Algae,4.656155,8.992015
2021-07-22,2,Green_Algae,5.656749,8.5057745
2021-07-23,2,Green_Algae,11.975569,8.464232
2021-07-24,2,Green_Algae,13.560905,8.790515
2021-07-25,2,Green_Algae,13.088494,10.469244
2021-07-26,2,Green_Algae,11.472322,10.456291
2021-07-27,2,Green_Algae,9.366954,10.010604
2021-07-28,2,Green_Algae,6.655246,9.097074
2021-07-29,2,Green_Algae,7.9549346,8.308371
2021-07-30,2,Green_Algae,7.1069007,7.515238
2021-07-31,2,Green_Algae,8.990673,8.394487
2021-08-01,2,Green_Algae,10.385311,8.575132
2021-08-02,2,Green_Algae,10.719529,8.496317
2021-08-03,2,Green_Algae,7.1092253,9.040275
2021-08-04,2,Green_Algae,4.9593773,7.786622
2021-08-05,2,Green_Algae,3.0356264,4.9754863
2021-08-06,2,Green_Algae,2.0601811,4.285017
2021-08-07,2,Green_Algae,2.8934517,3.439726
2021-08-08,2,Green_Algae,3.3419957,2.724405
2021-08-09,2,Green_Algae,3.5262926,2.764582
2021-08-10,2,Green_Algae,2.9024384,2.817674
2021-08-11,2,Green_Algae,3.434081,3.4276457
2021-08-12,2,Green_Algae,4.609233,3.8266122
2021-08-13,2,Green_Algae,4.0192776,4.911745
2021-08-14,2,Green_Algae,7.171199,6.3429713
2021-08-15,2,Green_Algae,10.603491,6.746053
2021-08-16,2,Green_Algae,8.529735,8.9468
2021-08-17,2,Green_Algae,6.9491796,10.231081
2021-08-18,2,Green_Algae,8.951539,10.036237
2021-08-19,2,Green_Algae,11.542151,9.35055
2021-08-20,2,Green_Algae,10.700407,10.145756
2021-08-21,2,Green_Algae,7.8352175,10.662722
2021-08-22,2,Green_Algae,12.8495455,10.963913
2021-08-23,2,Green_Algae,13.118637,10.374696
2021-08-24,2,Green_Algae,10.933848,11.098569
2021-08-25,2,Green_Algae,12.0906725,11.49735
2021-08-26,2,Green_Algae,10.43034,11.068095
2021-08-27,2,Green_Algae,9.773435,10.913084
2021-08-28,2,Green_Algae,8.390406,10.301953
2021-08-29,2,Green_Algae,7.821752,9.427728
2021-08-30,2,Green_Algae,6.5187182,8.19656
2021-08-31,2,Green_Algae,5.8044934,7.134323
2021-09-01,2,Green_Algae,5.0743923,6.3338823
2021-09-02,2,Green_Algae,4.311918,5.3291583
2021-09-03,2,Green_Algae,3.3487916,5.2501726
2021-09-04,2,Green_Algae,4.701462,4.6981907
2021-09-05,2,Green_Algae,5.0674095,4.042761
2021-09-06,2,Green_Algae,3.518864,5.1243634
2021-09-07,2,Green_Algae,3.1971326,5.5994267
2021-09-08,2,Green_Algae,3.5374892,4.6855884
2021-09-09,2,Green_Algae,6.4463677,4.4815288
2021-09-10,2,Green_Algae,6.842923,4.7145166
2021-09-11,2,Green_Algae,8.631598,6.3867326
2021-09-12,2,Green_Algae,8.282877,6.277002
2021-09-13,2,Green_Algae,7.9341564,7.37218
2021-09-14,2,Green_Algae,7.505728,6.8203626
2021-09-15,2,Green_Algae,4.8467994,5.884749
2021-09-16,2,Green_Algae,4.3901086,5.882747
2021-09-17,2,Green_Algae,3.1355467,4.651889
2021-09-18,2,Green_Algae,2.5354092,4.291893
2021-09-19,2,Green_Algae,2.8781462,3.4024594
2021-09-20,2,Green_Algae,2.8740985,2.8635085
2021-09-21,2,Green_Algae,2.339877,3.0536458
2021-09-22,2,Green_Algae,3.6420565,3.0441391
2021-09-23,2,Green_Algae,3.4891088,2.8929455
2021-09-24,2,Green_Algae,3.0315206,3.5555334
2021-09-25,2,Green_Algae,2.7386677,3.3114126
2021-09-26,2,Green_Algae,2.8449023,3.125556
2021-09-27,2,Green_Algae,2.898798,2.968059
2021-09-28,2,Green_Algae,2.80811,2.9893317
2021-09-29,2,Green_Algae,3.1477988,2.8678005
2021-09-30,2,Green_Algae,3.8165677,2.7790804
2021-10-01,2,Green_Algae,2.884149,3.0036545
2021-10-02,2,Green_Algae,2.3285825,3.33369
2021-10-03,2,Green_Algae,2.7246957,2.6221719
2021-10-04,2,Green_Algae,2.9625897,2.4289439
2021-10-05,2,Green_Algae,3.2004838,2.7437189
2021-10-06,2,Green_Algae,3.4383776,3.2010777
2021-10-07,2,Green_Algae,3.6762717,3.989455
2021-10-08,2,Green_Algae,3.9141655,4.364829
2021-10-09,2,Green_Algae,4.1520596,4.679869
2021-10-10,2,Green_Algae,4.3899536,4.5946326
2021-10-11,2,Green_Algae,4.6278477,4.6259556
2021-10-12,2,Green_Algae,4.9418287,4.8669405
2021-10-13,2,Green_Algae,4.673613,4.577154
2021-10-14,2,Green_Algae,4.5442286,4.9889135
2021-10-15,2,Green_Algae,8.768624,5.181262
2021-10-16,2,Green_Algae,8.054786,5.1178393
2021-10-17,2,Green_Algae,3.8535652,7.1987185
2021-10-18,2,Green_Algae,3.6656222,5.502139
2021-10-19,2,Green_Algae,3.690036,3.2734482
2021-10-20,2,Green_Algae,3.5357091,3.4144127
2021-10-21,2,Green_Algae,3.6526122,3.4531763
2021-10-22,2,Green_Algae,3.1038206,3.2648957
2021-10-23,2,Green_Algae,2.7547975,3.30326
2021-10-24,2,Green_Algae,2.6743922,3.1347837
2021-10-25,2,Green_Algae,2.6642506,2.9319017
2021-10-26,2,Green_Algae,3.2695441,3.3156369
2021-10-27,2,Green_Algae,6.4926195,3.5458865
2021-10-28,2,Green_Algae,8.997244,4.151261
2021-10-29,2,Green_Algae,9.55448,6.5126066
2021-10-30,2,Green_Algae,6.1581116,7.759203
2021-10-31,2,Green_Algae,5.569472,7.2387156
2021-11-01,2,Green_Algae,4.880246,4.5434103
2021-11-02,2,Green_Algae,6.240745,4.5458446
2021-11-03,2,Green_Algae,7.868003,4.1803823
2021-11-04,2,Green_Algae,5.39335,4.902832
2021-11-05,2,Green_Algae,2.8083358,5.4529667
2021-11-06,2,Green_Algae,4.1119175,4.063373
2021-11-07,2,Green_Algae,5.8138523,2.8766193
2021-11-08,2,Green_Algae,5.6319323,3.7201612
2021-11-09,2,Green_Algae,4.463618,4.6022205
2021-11-10,2,Green_Algae,5.127321,4.3745103
2021-11-11,2,Green_Algae,3.3585093,3.7417862
2021-11-12,2,Green_Algae,2.6787329,4.2189293
2021-11-13,2,Green_Algae,2.9060419,3.08978
2021-11-14,2,Green_Algae,2.3626916,2.7515495
2021-11-15,2,Green_Algae,2.3225126,2.8571072
2021-11-16,2,Green_Algae,2.5409632,2.387832
2021-11-17,2,Green_Algae,2.2751682,2.3329918
2021-11-18,2,Green_Algae,1.9986252,2.5239298
2021-11-19,2,Green_Algae,1.6795293,2.4893374
2021-11-20,2,Green_Algae,1.8916438,2.4311717
2021-11-21,2,Green_Algae,2.7642143,2.1101165
2021-11-22,2,Green_Algae,3.023097,2.0624218
2021-11-23,2,Green_Algae,1.7613965,2.6729283
2021-11-24,2,Green_Algae,1.8678365,2.6380231
2021-11-25,2,Green_Algae,1.7351195,1.8323523
2021-11-26,2,Green_Algae,1.7887771,1.8219446
2021-11-27,2,Green_Algae,1.8194356,1.7488977
2021-11-28,2,Green_Algae,2.1925688,1.7983341
2021-11-29,2,Green_Algae,2.8506155,1.911182
2021-11-30,2,Green_Algae,3.7936785,2.117769
2021-12-01,2,Green_Algae,3.2888849,2.749096
2021-12-02,2,Green_Algae,3.20601,3.7044272
2021-12-03,2,Green_Algae,3.1972845,3.2771413
2021-12-04,2,Green_Algae,2.9100072,2.997855
2021-12-05,2,Green_Algae,3.0636685,2.9325976
2021-12-06,2,Green_Algae,3.0413218,2.8899553
2021-12-07,2,Green_Algae,2.8179595,3.363664
2021-12-08,2,Green_Algae,2.9317937,3.4236097
2021-12-09,2,Green_Algae,2.873556,3.2478256
2021-12-10,2,Green_Algae,3.0364544,3.276495
2021-12-11,2,Green_Algae,3.930644,3.3084643
2021-12-12,2,Green_Algae,3.436191,3.498016
2021-12-13,2,Green_Algae,3.863864,4.228116
2021-12-14,2,Green_Algae,4.217301,3.9026058
2021-12-15,2,Green_Algae,4.429001,4.0693727
2021-12-16,2,Green_Algae,4.6556263,4.3887024
2021-12-17,2,Green_Algae,4.838226,4.6135626
2021-12-18,2,Green_Algae,4.1352496,4.8212314
2021-12-19,2,Green_Algae,3.6960173,4.427212
2021-12-20,2,Green_Algae,3.0439653,3.817657
2021-12-21,2,Green_Algae,2.7047684,3.7333248
2021-12-22,2,Green_Algae,4.257923,3.0447612
2021-12-23,2,Green_Algae,3.2951374,2.7595868
2021-12-24,2,Green_Algae,2.3909624,3.2823498
2021-12-25,2,Green_Algae,2.1861448,2.9804366
2021-12-26,2,Green_Algae,1.7530535,2.4908087
2021-12-27,2,Green_Algae,1.9872879,2.2768502
2021-12-28,2,Green_Algae,2.2317348,2.1938663
2021-12-29,2,Green_Algae,2.0643368,2.292734
2021-12-30,2,Green_Algae,1.9601592,2.6809254
2021-12-31,2,Green_Algae,2.126949,2.884983
2022-01-01,2,Green_Algae,2.2531767,3.3486192
2022-01-02,2,Green_Algae,2.1239364,3.5641077
2022-01-03,2,Green_Algae,2.5416799,3.7658482
2022-01-04,2,Green_Algae,3.3833745,3.5457644
2022-01-05,2,Green_Algae,6.9222884,3.7451391
2022-01-06,2,Green_Algae,5.645869,4.319839
2022-01-07,2,Green_Algae,4.3694496,6.7612314
2022-01-08,2,Green_Algae,6.313483,5.18609
2022-01-09,2,Green_Algae,4.849971,4.096103
2022-01-10,2,Green_Algae,6.5303836,4.9867067
2022-01-11,2,Green_Algae,7.1293488,3.578801
2022-01-12,2,Green_Algae,3.0731115,4.6521554
2022-01-13,2,Green_Algae,2.084052,3.9483042
2022-01-14,2,Green_Algae,1.3035264,2.0404382
2022-01-15,2,Green_Algae,2.1528146,1.9218335
2022-01-16,2,Green_Algae,2.2154775,1.6842512
2022-01-17,2,Green_Algae,1.8509052,2.04609
2022-01-18,2,Green_Algae,3.0125198,2.4338653
2022-01-19,2,Green_Algae,2.9266691,2.808452
2022-01-20,2,Green_Algae,3.0848227,3.7913148
2022-01-21,2,Green_Algae,3.732527,4.4651365
2022-01-22,2,Green_Algae,4.3433237,5.077188
2022-01-23,2,Green_Algae,6.2519803,5.8406706
2022-01-24,2,Green_Algae,8.160637,6.596205
2022-01-25,2,Green_Algae,8.239467,8.355865
2022-01-26,2,Green_Algae,8.318296,8.671949
2022-01-27,2,Green_Algae,8.397126,8.500276
2022-01-28,2,Green_Algae,8.475957,8.018469
2022-01-29,2,Green_Algae,8.554788,8.071095
2022-01-30,2,Green_Algae,8.633616,7.36784
2022-01-31,2,Green_Algae,5.246442,6.702192
2022-02-01,2,Green_Algae,3.9920294,5.7919226
2022-02-02,2,Green_Algae,4.695028,3.6704443
2022-02-03,2,Green_Algae,2.7493696,3.0861812
2022-02-04,2,Green_Algae,2.88272,2.990513
2022-02-05,2,Green_Algae,2.763606,2.1666815
2022-02-06,2,Green_Algae,2.1112866,2.3510804
2022-02-07,2,Green_Algae,2.4319632,2.2179725
2022-02-08,2,Green_Algae,2.2566342,2.233711
2022-02-09,2,Green_Algae,2.6009963,2.5848043
2022-02-10,2,Green_Algae,2.5740855,2.804489
2022-02-11,2,Green_Algae,2.7089677,3.00118
2022-02-12,2,Green_Algae,3.126954,3.2462792
2022-02-13,2,Green_Algae,4.3236074,3.1143851
2022-02-14,2,Green_Algae,3.448381,3.7514813
2022-02-15,2,Green_Algae,3.5295143,4.6843143
2022-02-16,2,Green_Algae,4.1974835,4.067314
2022-02-17,2,Green_Algae,4.8904557,4.263532
2022-02-18,2,Green_Algae,6.0933433,4.33386
2022-02-19,2,Green_Algae,4.131527,5.6244154
2022-02-20,2,Green_Algae,2.946324,3.9930432
2022-02-21,2,Green_Algae,2.2808762,2.6168458
2022-02-22,2,Green_Algae,1.969732,1.844377
2022-02-23,2,Green_Algae,1.8481604,1.2971658
2022-02-24,2,Green_Algae,1.970211,1.3038015
2022-02-25,2,Green_Algae,2.0456758,1.555806
2022-02-26,2,Green_Algae,2.1211405,1.7679415
2022-02-27,2,Green_Algae,2.1966052,1.8695724
2022-02-28,2,Green_Algae,2.1446164,2.121413
2022-03-01,2,Green_Algae,2.8918037,2.417321
2022-03-02,2,Green_Algae,3.3747232,2.6465824
2022-03-03,2,Green_Algae,4.975467,3.28962
2022-03-04,2,Green_Algae,5.8857384,4.2772574
2022-03-05,2,Green_Algae,7.7702246,6.247062
2022-03-06,2,Green_Algae,7.406918,7.0782866
2022-03-07,2,Green_Algae,8.624261,7.6213756
2022-03-08,2,Green_Algae,5.739247,7.0939612
2022-03-09,2,Green_Algae,4.569587,7.436504
2022-03-10,2,Green_Algae,4.6664295,5.3697248
2022-03-11,2,Green_Algae,6.601842,5.224445
2022-03-12,2,Green_Algae,7.0578914,5.8681245
2022-03-13,2,Green_Algae,9.441289,7.901318
2022-03-14,2,Green_Algae,10.154751,8.443768
2022-03-15,2,Green_Algae,10.868213,8.809869
2022-03-16,2,Green_Algae,10.484943,8.580492
2022-03-17,2,Green_Algae,10.101673,8.530824
2022-03-18,2,Green_Algae,10.141577,8.527371
2022-03-19,2,Green_Algae,10.18148,8.123014
2022-03-20,2,Green_Algae,10.221386,8.149488
2022-03-21,2,Green_Algae,6.8799276,7.7930303
2022-03-22,2,Green_Algae,6.111058,7.445387
2022-03-23,2,Green_Algae,3.9833503,4.706962
2022-03-24,2,Green_Algae,2.6831644,3.9409306
2022-03-25,2,Green_Algae,2.11021,2.916254
2022-03-26,2,Green_Algae,2.3608906,2.6103225
2022-03-27,2,Green_Algae,2.612607,2.8298457
2022-03-28,2,Green_Algae,3.0601304,3.3195524
2022-03-29,2,Green_Algae,3.0547757,3.5026743
2022-03-30,2,Green_Algae,2.5692663,2.9904888
2022-03-31,2,Green_Algae,2.7219045,2.5368989
2022-04-01,2,Green_Algae,3.1004643,1.9755319
2022-04-02,2,Green_Algae,2.2594109,1.7835851
2022-04-03,2,Green_Algae,1.953816,2.125049
2022-04-04,2,Green_Algae,1.918588,2.005984
2022-04-05,2,Green_Algae,2.3214595,2.2791266
2022-04-06,2,Green_Algae,2.560116,2.6576307
2022-04-07,2,Green_Algae,3.2719536,3.2339737
2022-04-08,2,Green_Algae,4.419464,3.6139245
2022-04-09,2,Green_Algae,4.504269,4.3427215
2022-04-10,2,Green_Algae,4.89147,5.397785
2022-04-11,2,Green_Algae,6.268174,5.676392
2022-04-12,2,Green_Algae,7.3437877,5.9356728
2022-04-13,2,Green_Algae,9.499956,7.056134
2022-04-14,2,Green_Algae,10.740788,7.7965784
2022-04-15,2,Green_Algae,8.073318,8.897818
2022-04-16,2,Green_Algae,7.630758,9.197665
2022-04-17,2,Green_Algae,6.9328403,7.6977367
2022-04-18,2,Green_Algae,6.5577283,7.138141
2022-04-19,2,Green_Algae,3.7500434,7.024785
2022-04-20,2,Green_Algae,3.4992976,6.526447
2022-04-21,2,Green_Algae,4.348203,5.5381
2022-04-22,2,Green_Algae,5.875435,5.458279
2022-04-23,2,Green_Algae,8.554278,5.4769773
2022-04-24,2,Green_Algae,10.74772,6.029202
2022-04-25,2,Green_Algae,10.313055,7.6326137
2022-04-26,2,Green_Algae,10.031486,7.9533124
2022-04-27,2,Green_Algae,9.749915,7.971256
2022-04-28,2,Green_Algae,9.468344,7.4975553
2022-04-29,2,Green_Algae,6.3907814,6.566362
2022-04-30,2,Green_Algae,2.7383044,4.643807
2022-05-01,2,Green_Algae,1.9100943,3.1160464
2022-05-02,2,Green_Algae,1.4387971,1.7756742
2022-05-03,2,Green_Algae,1.6956812,2.3694525
2022-05-04,2,Green_Algae,2.9322464,3.0160296
2022-05-05,2,Green_Algae,4.024558,3.778811
2022-05-06,2,Green_Algae,7.546461,5.06564
2022-05-07,2,Green_Algae,8.4868555,5.808936
2022-05-08,2,Green_Algae,8.025366,7.450782
2022-05-09,2,Green_Algae,7.563878,6.7547617
2022-05-10,2,Green_Algae,3.786575,5.5076146
2022-05-11,2,Green_Algae,2.6313117,4.9845924
2022-05-12,2,Green_Algae,2.673943,2.604386
2022-05-13,2,Green_Algae,3.6793551,2.3227923
2022-05-14,2,Green_Algae,3.5523696,2.6629817
2022-05-15,2,Green_Algae,2.8397105,3.0803401
2022-05-16,2,Green_Algae,2.6588566,2.3289535
2022-05-17,2,Green_Algae,2.5439029,1.9573047
2022-05-18,2,Green_Algae,1.9558738,1.6587557
2022-05-19,2,Green_Algae,2.2352676,1.8739259
2022-05-20,2,Green_Algae,3.8337293,2.1788747
2022-05-21,2,Green_Algae,6.6012907,2.5218306
2022-05-22,2,Green_Algae,4.1062393,3.515272
2022-05-23,2,Green_Algae,3.8795009,5.2542152
2022-05-24,2,Green_Algae,3.7486677,3.984272
2022-05-25,2,Green_Algae,2.5144565,3.7782393
2022-05-26,2,Green_Algae,2.628731,3.1798074
2022-05-27,2,Green_Algae,2.336657,2.410573
2022-05-28,2,Green_Algae,1.8927444,2.651443
2022-05-29,2,Green_Algae,1.7338868,1.9684328
2022-05-30,2,Green_Algae,2.055707,2.1004646
2022-05-31,2,Green_Algae,2.7962682,2.2392015
2022-06-01,2,Green_Algae,2.4670553,3.0472608
2022-06-02,2,Green_Algae,2.5074983,3.327792
2022-06-03,2,Green_Algae,3.3220377,2.8145428
2022-06-04,2,Green_Algae,2.913029,3.0528383
2022-06-05,2,Green_Algae,3.21664,2.6869333
2022-06-06,2,Green_Algae,3.0336015,2.1422813
2022-06-07,2,Green_Algae,2.016884,1.6653849
2022-06-08,2,Green_Algae,0.71460867,1.7338862
2022-06-09,2,Green_Algae,1.4329565,1.7878191
2022-06-10,2,Green_Algae,1.2493777,1.6263666
2022-06-11,2,Green_Algae,1.7778566,1.6620975
2022-06-12,2,Green_Algae,1.9454993,1.5490663
2022-06-13,2,Green_Algae,1.383483,1.4723583
2022-06-14,2,Green_Algae,0.17669071,1.3949851
2022-06-15,2,Green_Algae,0.1694878,1.2997532
2022-06-16,2,Green_Algae,1.6111215,1.2415955
2022-06-17,2,Green_Algae,1.4915413,1.31147
2022-06-18,2,Green_Algae,1.3510724,1.4437977
2022-06-19,2,Green_Algae,1.4114358,1.0166658
2022-06-20,2,Green_Algae,1.2985806,0.9097177
2022-06-21,2,Green_Algae,1.315047,0.8674979
2022-06-22,2,Green_Algae,1.1877986,0.8263465
2022-06-23,2,Green_Algae,0.20468882,0.9331055
2022-06-24,2,Green_Algae,0.9321283,1.1968915
2022-06-25,2,Green_Algae,2.667632,1.7858219
2022-06-26,2,Green_Algae,2.3597465,2.3728492
2022-06-27,2,Green_Algae,2.4025416,3.4365866
2022-06-28,2,Green_Algae,2.6718307,3.6480927
2022-06-29,2,Green_Algae,2.6384616,3.699101
2022-06-30,2,Green_Algae,3.7917957,3.9093854
2022-07-01,2,Green_Algae,3.6459014,3.8940105
2022-07-02,2,Green_Algae,3.1270165,4.4585085
2022-07-03,2,Green_Algae,2.8873951,4.128903
2022-07-04,2,Green_Algae,3.3072195,3.7758248
2022-07-05,2,Green_Algae,2.865286,3.4302888
2022-07-06,2,Green_Algae,2.9233165,3.2849789
2022-07-07,2,Green_Algae,2.1893845,2.8121927
2022-07-08,2,Green_Algae,1.9153528,2.9149392
2022-07-09,2,Green_Algae,2.0919194,2.8597555
2022-07-10,2,Green_Algae,3.2985039,3.1493206
2022-07-11,2,Green_Algae,4.8211155,3.4482737
2022-07-12,2,Green_Algae,5.138985,4.9412007
2022-07-13,2,Green_Algae,5.002174,6.321278
2022-07-14,2,Green_Algae,9.229062,6.803807
2022-07-15,2,Green_Algae,8.125591,6.7046366
2022-07-16,2,Green_Algae,7.02212,8.574082
2022-07-17,2,Green_Algae,5.9186487,7.7965937
2022-07-18,2,Green_Algae,4.815178,5.5069623
2022-07-19,2,Green_Algae,1.9387745,4.044486
2022-07-20,2,Green_Algae,1.5423076,2.7172003
2022-07-21,2,Green_Algae,0.75141406,1.5715321
2022-07-22,2,Green_Algae,0.29937363,1.3055279
2022-07-23,2,Green_Algae,1.4023521,1.1270508
2022-07-24,2,Green_Algae,4.171111,0.8789176
2022-07-25,2,Green_Algae,0.52041996,1.0536447
2022-07-26,2,Green_Algae,0.0809841,1.5982299
2022-07-27,2,Green_Algae,0.34602904,0.80830836
2022-07-28,2,Green_Algae,0.6430407,0.66228974
2022-07-29,2,Green_Algae,0.75374895,0.9300571
2022-07-30,2,Green_Algae,0.8893367,0.9815323
2022-07-31,2,Green_Algae,1.0249244,1.399108
2022-08-01,2,Green_Algae,1.160512,1.4727002
2022-08-02,2,Green_Algae,1.2960997,1.6563385
2022-08-03,2,Green_Algae,1.4316874,1.7679518
2022-08-04,2,Green_Algae,1.5672749,1.9346994
2022-08-05,2,Green_Algae,1.7028626,2.2475088
2022-08-06,2,Green_Algae,1.8384502,2.2379997
2022-08-07,2,Green_Algae,1.9740379,2.4516494
2022-08-08,2,Green_Algae,2.1096256,2.649112
2022-08-09,2,Green_Algae,2.2452133,2.8144362
2022-08-10,2,Green_Algae,2.380801,2.9741774
2022-08-11,2,Green_Algae,2.5163884,3.2475107
2022-08-12,2,Green_Algae,2.651976,3.4815764
2022-08-13,2,Green_Algae,2.7875638,3.5518003
2022-08-14,2,Green_Algae,2.9231515,3.7403042
2022-08-15,2,Green_Algae,3.0587392,3.946621
2022-08-16,2,Green_Algae,3.1943269,4.2985473
2022-08-17,2,Green_Algae,3.3299146,4.229091
2022-08-18,2,Green_Algae,3.465502,4.258522
2022-08-19,2,Green_Algae,3.6010897,4.349883
2022-08-20,2,Green_Algae,3.7366774,4.5628023
2022-08-21,2,Green_Algae,3.872265,4.646169
2022-08-22,2,Green_Algae,4.0078526,4.7106714
2022-08-23,2,Green_Algae,4.1434402,4.8428802
2022-08-24,2,Green_Algae,4.279028,4.965081
2022-08-25,2,Green_Algae,4.4146156,5.234799
2022-08-26,2,Green_Algae,4.5502033,5.4210076
2022-08-27,2,Green_Algae,4.685791,5.518878
2022-08-28,2,Green_Algae,4.8213787,5.488835
2022-08-29,2,Green_Algae,4.9569664,5.6054406
2022-08-30,2,Green_Algae,5.092554,5.944479
2022-08-31,2,Green_Algae,5.2281413,5.8737626
2022-09-01,2,Green_Algae,5.3637295,6.014087
2022-09-02,2,Green_Algae,5.499317,6.226529
2022-09-03,2,Green_Algae,5.634905,6.291804
2022-09-04,2,Green_Algae,5.770492,6.766544
2022-09-05,2,Green_Algae,5.9060802,6.6657186
2022-09-06,2,Green_Algae,6.0416675,6.626713
2022-09-07,2,Green_Algae,6.177255,6.3769903
2022-09-08,2,Green_Algae,6.312843,6.248665
2022-09-09,2,Green_Algae,6.4484305,6.2244883
2022-09-10,2,Green_Algae,6.230826,6.385303
2022-09-11,2,Green_Algae,8.68992,6.673938
2022-09-12,2,Green_Algae,7.807916,6.765146
2022-09-13,2,Green_Algae,8.3521595,7.6715393
2022-09-14,2,Green_Algae,9.356362,6.89284
2022-09-15,2,Green_Algae,7.107813,6.941081
2022-09-16,2,Green_Algae,4.4031787,7.1415334
2022-09-17,2,Green_Algae,3.7508175,6.1606736
2022-09-18,2,Green_Algae,6.3141737,4.7336335
2022-09-19,2,Green_Algae,3.516343,4.070017
2022-09-20,2,Green_Algae,1.5800507,5.1638865
2022-09-21,2,Green_Algae,1.6696308,3.537571
2022-09-22,2,Green_Algae,1.4959407,2.2666304
2022-09-23,2,Green_Algae,1.615673,1.9118738
2022-09-24,2,Green_Algae,2.0823896,1.7027696
2022-09-25,2,Green_Algae,1.5839247,1.9075923
2022-09-26,2,Green_Algae,1.9809276,2.920385
2022-09-27,2,Green_Algae,2.3091745,3.1577709
2022-09-28,2,Green_Algae,5.5527225,4.1601562
2022-09-29,2,Green_Algae,6.6691623,4.613284
2022-09-30,2,Green_Algae,7.104832,6.569281
2022-10-01,2,Green_Algae,2.6034105,6.3004265
2022-10-02,2,Green_Algae,3.3666306,4.9885907
2022-10-03,2,Green_Algae,4.350832,3.3707416
2022-10-04,2,Green_Algae,4.8073153,3.6976764
2022-10-05,2,Green_Algae,3.984971,3.6146948
2022-10-06,2,Green_Algae,3.1910217,3.5662084
2022-10-07,2,Green_Algae,2.3935506,2.9426873
2022-10-08,2,Green_Algae,1.82,2.5020692
2022-10-09,2,Green_Algae,3.16779,2.1813247
2022-10-10,2,Green_Algae,3.305127,1.977872
2022-10-11,2,Green_Algae,2.3630557,2.301585
2022-10-12,2,Green_Algae,2.342739,2.0893183
2022-10-13,2,Green_Algae,1.9473406,1.6898755
2022-10-14,2,Green_Algae,2.4178493,1.6432129
2022-10-15,2,Green_Algae,2.2874982,1.5132427
2022-10-16,2,Green_Algae,2.8773642,1.7698516
2022-10-17,2,Green_Algae,1.9032803,1.878726
2022-10-18,2,Green_Algae,1.3671615,2.3439183
2022-10-19,2,Green_Algae,1.2281462,1.9394336
2022-10-20,2,Green_Algae,1.4357452,1.7376955
2022-10-21,2,Green_Algae,1.8146449,1.5879296
2022-10-22,2,Green_Algae,5.2175727,1.6099963
2022-10-23,2,Green_Algae,1.6347319,1.4473712
2022-10-24,2,Green_Algae,1.3448409,3.3082674
2022-10-25,2,Green_Algae,0.8646165,1.831317
2022-10-26,2,Green_Algae,0.7161304,1.5696851
2022-10-27,2,Green_Algae,0.8117439,1.3477498
2022-10-28,2,Green_Algae,0.9852315,1.1477242
2022-10-29,2,Green_Algae,0.7189863,0.986622
2022-10-30,2,Green_Algae,0.74040526,0.88278997
2022-10-31,2,Green_Algae,0.3959189,0.8021686
2022-11-01,2,Green_Algae,0.45915672,0.85443294
2022-11-02,2,Green_Algae,0.44663528,0.8775885
2022-11-03,2,Green_Algae,0.5711731,0.94940495
2022-11-04,2,Green_Algae,0.5187971,1.0904841
2022-11-05,2,Green_Algae,0.5168741,1.4485865
2022-11-06,2,Green_Algae,0.99285096,1.6873218
2022-11-07,2,Green_Algae,0.97021586,1.67441
2022-11-08,2,Green_Algae,3.6827445,1.945762
2022-11-09,2,Green_Algae,3.2042935,1.9503787
2022-11-10,2,Green_Algae,2.6945007,4.4107747
2022-11-11,2,Green_Algae,5.053273,4.3653073
2022-11-12,2,Green_Algae,8.711579,4.174401
2022-11-13,2,Green_Algae,7.713145,4.6950555
2022-11-14,2,Green_Algae,5.1916933,4.639449
2022-11-15,2,Green_Algae,1.4670622,3.074865
2022-11-16,2,Green_Algae,0.26871106,1.8576188
2022-11-17,2,Green_Algae,0.32965964,0.89386857
2022-11-18,2,Green_Algae,0.4381694,0.73098236
2022-11-19,2,Green_Algae,1.021942,0.7654605
2022-11-20,2,Green_Algae,1.0667945,0.8252802
2022-11-21,2,Green_Algae,0.9796669,1.0160096
2022-11-22,2,Green_Algae,1.0705576,1.0321996
2022-11-23,2,Green_Algae,1.2641643,1.038484
2022-11-24,2,Green_Algae,0.9981404,1.1329001
2022-11-25,2,Green_Algae,0.8159957,1.2364568
2022-11-26,2,Green_Algae,1.3945585,1.2951126
2022-11-27,2,Green_Algae,1.6876014,1.1971772
2022-11-28,2,Green_Algae,1.396505,1.4357972
2022-11-29,2,Green_Algae,1.0866112,1.4662689
2022-11-30,2,Green_Algae,1.0804197,1.4148475
2022-12-01,2,Green_Algae,1.0082923,1.2009665
2022-12-02,2,Green_Algae,1.1993546,1.1398138
2022-12-03,2,Green_Algae,1.0384793,1.1609995
2022-12-04,2,Green_Algae,0.9513034,1.0786529
2022-12-05,2,Green_Algae,1.4196737,0.8760643
2022-12-06,2,Green_Algae,1.5062437,0.7461945
2022-12-07,2,Green_Algae,1.6673859,0.7844676
2022-12-08,2,Green_Algae,1.7725435,0.6477238
2022-12-09,2,Green_Algae,2.750798,0.6462821
2022-12-10,2,Green_Algae,2.2412164,0.6876883
2022-12-11,2,Green_Algae,0.4060463,0.8935983
2022-12-12,2,Green_Algae,0.160492,0.72026855
2022-12-13,2,Green_Algae,0.2686097,0.37714332
2022-12-14,2,Green_Algae,0.31757072,0.26291236
2022-12-15,2,Green_Algae,0.41242754,0.2159547
2022-12-16,2,Green_Algae,0.2809631,0.20219843
2022-12-17,2,Green_Algae,0.4638523,0.2043848
2022-12-18,2,Green_Algae,0.48307028,0.19600044
2022-12-19,2,Green_Algae,0.52901447,0.20951107
2022-12-20,2,Green_Algae,0.41270813,0.17591831
2022-12-21,2,Green_Algae,0.39071897,0.19833153
2022-12-22,2,Green_Algae,0.43844205,0.18431172
2022-12-23,2,Green_Algae,0.27015212,0.22645862
2022-12-24,2,Green_Algae,0.26322237,0.21693958
2022-12-25,2,Green_Algae,0.29721218,0.19875099
2022-12-26,2,Green_Algae,0.25078148,0.22461793
2022-12-27,2,Green_Algae,0.21856004,0.2629243
2022-12-28,2,Green_Algae,0.15966643,0.3012375
2022-12-29,2,Green_Algae,0.24490596,0.30307755
2022-12-30,2,Green_Algae,0.20376809,0.35923275
2022-12-31,2,Green_Algae,0.2882681,0.3975409
2023-01-01,2,Green_Algae,0.09535451,0.45968395
2023-01-02,2,Green_Algae,0.071312584,0.58012795
2023-01-03,2,Green_Algae,0.036156602,0.6101841
2023-01-04,2,Green_Algae,3.252288,0.63217676
2023-01-05,2,Green_Algae,6.237046,0.7504352
2023-01-06,2,Green_Algae,9.221804,2.6092672
2023-01-07,2,Green_Algae,9.225964,5.952188
2023-01-08,2,Green_Algae,9.2301235,7.6714206
2023-01-09,2,Green_Algae,9.234284,8.08104
2023-01-10,2,Green_Algae,9.238444,7.7901645
2023-01-11,2,Green_Algae,9.242605,7.3213186
2023-01-12,2,Green_Algae,8.008986,7.6173306
2023-01-13,2,Green_Algae,9.353083,7.241229
2023-01-14,2,Green_Algae,6.951903,6.289763
2023-01-15,2,Green_Algae,3.9082983,6.357748
2023-01-16,2,Green_Algae,3.8983636,4.9538913
2023-01-17,2,Green_Algae,3.6625977,2.6841824
2023-01-18,2,Green_Algae,2.6919782,3.1529696
2023-01-19,2,Green_Algae,2.5106957,4.088856
2023-01-20,2,Green_Algae,2.9152644,3.292825
2023-01-21,2,Green_Algae,3.6604702,3.4669867
2023-01-22,2,Green_Algae,7.30152,3.8751876
2023-01-23,2,Green_Algae,6.2374687,4.0335464
2023-01-24,2,Green_Algae,5.173418,6.750031
2023-01-25,2,Green_Algae,4.7855973,6.209952
2023-01-26,2,Green_Algae,4.944407,4.5188527
2023-01-27,2,Green_Algae,5.020905,4.4141765
2023-01-28,2,Green_Algae,4.1378713,4.188075
2023-01-29,2,Green_Algae,3.5290515,4.3441114
2023-01-30,2,Green_Algae,3.2179534,3.4844768
2023-01-31,2,Green_Algae,5.3130965,3.7093174
2023-02-01,2,Green_Algae,7.0447626,3.788103
2023-02-02,2,Green_Algae,9.122445,5.7375026
2023-02-03,2,Green_Algae,6.014926,7.2551503
2023-02-04,2,Green_Algae,5.961019,8.567649
2023-02-05,2,Green_Algae,5.907112,6.8359146
2023-02-06,2,Green_Algae,5.853205,7.0910177
2023-02-07,2,Green_Algae,8.160051,7.175968
2023-02-08,2,Green_Algae,7.2787995,6.360561
2023-02-09,2,Green_Algae,6.3975487,5.6204157
2023-02-10,2,Green_Algae,1.4237877,3.5843155
2023-02-11,2,Green_Algae,1.1469333,2.4135172
2023-02-12,2,Green_Algae,0.77981836,0.7653839
2023-02-13,2,Green_Algae,0.90640306,0.51914775
2023-02-14,2,Green_Algae,0.18429561,0.35746196
2023-02-15,2,Green_Algae,0.09019138,0.36133486
2023-02-16,2,Green_Algae,0.06921226,0.44758177
2023-02-17,2,Green_Algae,0.09716904,0.49145457
2023-02-18,2,Green_Algae,0.5358182,0.56396306
2023-02-19,2,Green_Algae,0.73984677,0.70850337
2023-02-20,2,Green_Algae,0.9485524,0.8572202
2023-02-21,2,Green_Algae,0.88800627,0.93123627
2023-02-22,2,Green_Algae,0.77299947,0.9176276
2023-02-23,2,Green_Algae,0.8697355,0.7483688
2023-02-24,2,Green_Algae,0.9345164,0.62141037
2023-02-25,2,Green_Algae,0.5437155,0.65342915
2023-02-26,2,Green_Algae,0.35603827,0.60743827
2023-02-27,2,Green_Algae,0.2848945,0.5268402
2023-02-28,2,Green_Algae,0.9269008,0.48043096
2023-03-01,2,Green_Algae,1.0543281,0.48404223
2023-03-02,2,Green_Algae,0.82646257,0.7179122
2023-03-03,2,Green_Algae,0.41406226,0.7301712
2023-03-04,2,Green_Algae,0.43284735,0.64156103
2023-03-05,2,Green_Algae,0.34657025,0.5840784
2023-03-06,2,Green_Algae,0.24229686,0.58687145
2023-03-07,2,Green_Algae,0.28762135,0.51861465
2023-03-08,2,Green_Algae,0.23873465,0.4709829
2023-03-09,2,Green_Algae,0.20506701,0.47738487
2023-03-10,2,Green_Algae,0.12347253,0.45117745
2023-03-11,2,Green_Algae,0.08151744,0.47991
2023-03-12,2,Green_Algae,0.14753455,0.52654594
2023-03-13,2,Green_Algae,0.08237493,0.5751716
2023-03-14,2,Green_Algae,0.036238365,0.59779334
2023-03-15,2,Green_Algae,0.1186852,0.6956586
2023-03-16,2,Green_Algae,0.17207983,0.78739065
2023-03-17,2,Green_Algae,0.24798092,0.70759434
2023-03-18,2,Green_Algae,0.23571466,0.6423267
2023-03-19,2,Green_Algae,0.16183792,0.6211849
2023-03-20,2,Green_Algae,0.40782675,0.6154967
2023-03-21,2,Green_Algae,0.101640604,0.62986064
2023-03-22,2,Green_Algae,0.5060475,0.7775701
2023-03-23,2,Green_Algae,2.69248,0.8104794
2023-03-24,2,Green_Algae,1.9497765,1.0172772
2023-03-25,2,Green_Algae,1.3316832,1.7687539
2023-03-26,2,Green_Algae,2.578498,1.535167
2023-03-27,2,Green_Algae,2.0630136,1.2201332
2023-03-28,2,Green_Algae,1.7380223,1.339632
2023-03-29,2,Green_Algae,1.37283,1.0443289
2023-03-30,2,Green_Algae,1.1725881,0.69520444
2023-03-31,2,Green_Algae,0.9683462,0.65173984
2023-04-01,2,Green_Algae,0.71395975,0.6214884
2023-04-02,2,Green_Algae,0.683174,0.69333124
2023-04-03,2,Green_Algae,0.75986,0.8404866
2023-04-04,2,Green_Algae,0.6773602,1.0498743
2023-04-05,2,Green_Algae,1.834648,1.1880798
2023-04-06,2,Green_Algae,4.089308,1.4379841
2023-04-07,2,Green_Algae,2.2397137,1.7455058
2023-04-08,2,Green_Algae,1.7206718,2.1109216
2023-04-09,2,Green_Algae,1.4219851,1.181629
2023-04-10,2,Green_Algae,1.2250155,0.9943619
2023-04-11,2,Green_Algae,0.8648579,0.8877163
2023-04-12,2,Green_Algae,0.56595254,0.8112296
2023-04-13,2,Green_Algae,0.50567454,0.67080295
2023-04-14,2,Green_Algae,0.66647476,0.5581922
2023-04-15,2,Green_Algae,1.0466163,0.548262
2023-04-16,2,Green_Algae,1.2097328,1.0446125
2023-04-17,2,Green_Algae,2.6901345,1.530918
2023-04-18,2,Green_Algae,2.477803,1.3732971
2023-04-19,2,Green_Algae,2.09581,1.7822757
2023-04-20,2,Green_Algae,1.6294928,1.3585898
2023-04-21,2,Green_Algae,1.3932893,1.1240433
2023-04-22,2,Green_Algae,0.9884703,0.94085246
2023-04-23,2,Green_Algae,0.9850644,0.8760036
2023-04-24,2,Green_Algae,1.0676374,0.82294077
2023-04-25,2,Green_Algae,1.3244078,0.83207786
2023-04-26,2,Green_Algae,0.6416333,0.8580085
2023-04-27,2,Green_Algae,0.27814546,0.8876541
2023-04-28,2,Green_Algae,1.3145058,0.8573074
2023-04-29,2,Green_Algae,3.2526584,0.8927184
2023-04-30,2,Green_Algae,3.1499057,1.5163624
2023-05-01,2,Green_Algae,1.6380941,2.7658956
2023-05-02,2,Green_Algae,4.1922054,2.7130682
2023-05-03,2,Green_Algae,5.529419,1.5925696
2023-05-04,2,Green_Algae,6.2632565,3.3077648
2023-05-05,2,Green_Algae,6.8380823,4.3785524
2023-05-06,2,Green_Algae,7.412908,5.721578
2023-05-07,2,Green_Algae,4.079104,7.3351965
2023-05-08,2,Green_Algae,2.2593377,7.1786604
2023-05-09,2,Green_Algae,1.9581879,3.6810257
2023-05-10,2,Green_Algae,2.4479287,2.9871442
2023-05-11,2,Green_Algae,2.7059772,2.5862854
2023-05-12,2,Green_Algae,2.3598123,2.2035956
2023-05-13,2,Green_Algae,1.7751207,1.8867416
2023-05-14,2,Green_Algae,1.2882135,1.3179219
2023-05-15,2,Green_Algae,1.0123258,0.9961732
2023-05-16,2,Green_Algae,1.0217282,0.6633544
2023-05-17,2,Green_Algae,0.8613485,0.5605762
2023-05-18,2,Green_Algae,1.1611063,0.6993344
2023-05-19,2,Green_Algae,0.9660143,0.6591395
2023-05-20,2,Green_Algae,0.79129213,0.7162379
2023-05-21,2,Green_Algae,1.006314,0.67621464
2023-05-22,2,Green_Algae,0.55901504,0.78870326
2023-05-23,2,Green_Algae,0.46997598,0.761399
2023-05-24,2,Green_Algae,0.31273833,0.52089244
2023-05-25,2,Green_Algae,0.29093453,0.5029875
2023-05-26,2,Green_Algae,0.25067583,0.61379355
2023-05-27,2,Green_Algae,0.42133546,0.79110384
2023-05-28,2,Green_Algae,1.3887391,1.0953954
2023-05-29,2,Green_Algae,2.5463135,1.456672
2023-05-30,2,Green_Algae,2.2533908,2.4420557
2023-05-31,2,Green_Algae,3.1068542,3.42454
2023-06-01,2,Green_Algae,2.7869723,2.9249816
2023-06-02,2,Green_Algae,2.4034996,3.4760761
2023-06-03,2,Green_Algae,1.0539821,2.287342
2023-06-04,2,Green_Algae,0.93468004,1.2562934
2023-06-05,2,Green_Algae,0.4879697,0.7205937
2023-06-06,2,Green_Algae,0.8998942,0.60232294
2023-06-07,2,Green_Algae,1.3108021,0.5319283
2023-06-08,2,Green_Algae,1.019688,0.59998983
2023-06-09,2,Green_Algae,0.46447587,0.64834404
2023-06-10,2,Green_Algae,0.49861857,0.5762753
2023-06-11,2,Green_Algae,0.61284125,0.6015192
2023-06-12,2,Green_Algae,0.6797172,0.65224004
2023-06-13,2,Green_Algae,0.7083528,0.6495122
2023-06-14,2,Green_Algae,0.35401052,0.6488745
2023-06-15,2,Green_Algae,0.41286027,0.53387135
2023-06-16,2,Green_Algae,0.2804898,0.562376
2023-06-17,2,Green_Algae,0.2304269,0.45722577
2023-06-18,2,Green_Algae,0.5143521,0.5207015
2023-06-19,2,Green_Algae,0.5725395,0.6638636
2023-06-20,2,Green_Algae,1.4189571,0.94762
2023-06-21,2,Green_Algae,3.0382833,0.9757301
2023-06-22,2,Green_Algae,3.1065986,1.3147115
2023-06-23,2,Green_Algae,1.9374653,1.9101267
2023-06-24,2,Green_Algae,1.1924785,1.8799798
2023-06-25,2,Green_Algae,1.0128819,1.4376106
2023-06-26,2,Green_Algae,1.2879117,1.4002988
2023-06-27,2,Green_Algae,1.1464972,1.8180364
2023-06-28,2,Green_Algae,4.1690407,2.3493571
2023-06-29,2,Green_Algae,5.1483574,2.2552242
2023-06-30,2,Green_Algae,4.417229,4.0344844
2023-07-01,2,Green_Algae,3.0753262,4.820253
2023-07-02,2,Green_Algae,2.3679974,4.7506742
2023-07-03,2,Green_Algae,3.1175823,3.9796898
2023-07-04,2,Green_Algae,5.006934,4.290659
2023-07-05,2,Green_Algae,6.813222,5.3636937
2023-07-06,2,Green_Algae,7.1008797,6.6168876
2023-07-07,2,Green_Algae,7.8447523,6.905717
2023-07-08,2,Green_Algae,7.1713324,6.449819
2023-07-09,2,Green_Algae,7.92671,6.874049
2023-07-10,2,Green_Algae,7.4939637,6.7807674
2023-07-11,2,Green_Algae,5.54597,7.137547
2023-07-12,2,Green_Algae,4.022008,5.869861
2023-07-13,2,Green_Algae,3.7216525,3.719131
2023-07-14,2,Green_Algae,2.7944505,2.9491732
2023-07-15,2,Green_Algae,2.0034344,2.15782
2023-07-16,2,Green_Algae,1.4967204,1.4232873
2023-07-17,2,Green_Algae,1.3990573,0.98129565
2023-07-18,2,Green_Algae,1.0275207,0.8513682
2023-07-19,2,Green_Algae,1.0186292,1.0389587
2023-07-20,2,Green_Algae,1.734702,1.3384392
2023-07-21,2,Green_Algae,3.5428689,1.987109
2023-07-22,2,Green_Algae,8.218171,3.664216
2023-07-23,2,Green_Algae,8.601586,6.087185
2023-07-24,2,Green_Algae,9.032261,8.22164
2023-07-25,2,Green_Algae,8.793951,8.245338
2023-07-26,2,Green_Algae,6.349499,7.580126
2023-07-27,2,Green_Algae,4.783891,5.5040636
2023-07-28,2,Green_Algae,2.371833,3.8603466
2023-07-29,2,Green_Algae,1.8697046,2.8695705
2023-07-30,2,Green_Algae,2.1430004,1.8241245
2023-07-31,2,Green_Algae,2.687552,1.9977556
2023-08-01,2,Green_Algae,2.8441966,2.6193144
2023-08-02,2,Green_Algae,3.3121603,3.86874
2023-08-03,2,Green_Algae,4.9291377,3.5785875
2023-08-04,2,Green_Algae,5.591187,4.790402
2023-08-05,2,Green_Algae,8.544591,6.357304
2023-08-06,2,Green_Algae,8.778641,6.3453026
2023-08-07,2,Green_Algae,9.01269,8.302642
2023-08-08,2,Green_Algae,9.246739,7.7333326
2023-08-09,2,Green_Algae,6.3150916,7.150385
2023-08-10,2,Green_Algae,5.0038095,5.768653
2023-08-11,2,Green_Algae,3.3346193,5.5826483
2023-08-12,2,Green_Algae,2.5525656,4.225177
2023-08-13,2,Green_Algae,3.0647385,4.2928696
2023-08-14,2,Green_Algae,5.879216,3.3096218
2023-08-15,2,Green_Algae,6.031285,3.565223
2023-08-16,2,Green_Algae,4.687024,4.4207244
2023-08-17,2,Green_Algae,1.2427475,2.34463
2023-08-18,2,Green_Algae,0.8998853,1.4186293
2023-08-19,2,Green_Algae,0.66447395,0.482947
2023-08-20,2,Green_Algae,0.51328796,0.39163154
2023-08-21,2,Green_Algae,0.45516005,0.34724277
2023-08-22,2,Green_Algae,0.3003116,0.27709365
2023-08-23,2,Green_Algae,0.28055164,0.3016904
2023-08-24,2,Green_Algae,0.2979189,0.2818144
2023-08-25,2,Green_Algae,0.2403409,0.29165548
2023-08-26,2,Green_Algae,0.44934124,0.3750208
2023-08-27,2,Green_Algae,0.41253313,0.4790092
2023-08-28,2,Green_Algae,0.5238057,0.53979725
2023-08-29,2,Green_Algae,1.458634,0.61560714
2023-08-30,2,Green_Algae,0.76870924,0.82959604
2023-08-31,2,Green_Algae,1.4702122,1.1077043
2023-09-01,2,Green_Algae,0.9918718,0.70804936
2023-09-02,2,Green_Algae,0.91562474,1.2818879
2023-09-03,2,Green_Algae,0.70573056,0.90401673
2023-09-04,2,Green_Algae,0.6742999,1.0654246
2023-09-05,2,Green_Algae,1.3842525,1.0132375
2023-09-06,2,Green_Algae,4.9435377,1.024627
2023-09-07,2,Green_Algae,3.897788,1.6255628
2023-09-08,2,Green_Algae,1.5145657,1.9569427
2023-09-09,2,Green_Algae,0.6406925,1.3665761
2023-09-10,2,Green_Algae,0.33638895,0.7383386
2023-09-11,2,Green_Algae,0.10094779,0.5200299
2023-09-12,2,Green_Algae,0.09816431,0.52324116
2023-09-13,2,Green_Algae,0.2952668,0.72516954
2023-09-14,2,Green_Algae,0.7073095,0.7578279
2023-09-15,2,Green_Algae,1.220801,0.900618
2023-09-16,2,Green_Algae,0.82873017,0.8770038
2023-09-17,2,Green_Algae,0.7083514,1.0837482
2023-09-18,2,Green_Algae,1.3472247,1.0198239
2023-09-19,2,Green_Algae,1.9606476,1.0114048
2023-09-20,2,Green_Algae,3.1551094,1.3703804
2023-09-21,2,Green_Algae,4.03383,1.62512
2023-09-22,2,Green_Algae,3.11515,2.4184353
2023-09-23,2,Green_Algae,3.0413108,2.9181585
2023-09-24,2,Green_Algae,3.025897,2.5730157
2023-09-25,2,Green_Algae,2.150364,2.9165645
2023-09-26,2,Green_Algae,2.4681423,2.5809655
2023-09-27,2,Green_Algae,2.4991379,1.8635426
2023-09-28,2,Green_Algae,2.2806215,2.1591756
2023-09-29,2,Green_Algae,1.9233941,1.869209
2023-09-30,2,Green_Algae,1.7363886,1.6832676
2023-10-01,2,Green_Algae,2.0806055,1.5032879
2023-10-02,2,Green_Algae,1.3755308,1.3022139
2023-10-03,2,Green_Algae,1.3721676,1.2720803
2023-10-04,2,Green_Algae,1.5986129,0.86621565
2023-10-05,2,Green_Algae,1.1944014,0.7065897
2023-10-06,2,Green_Algae,0.4352867,0.75002015
2023-10-07,2,Green_Algae,0.038954273,0.5426768
2023-10-08,2,Green_Algae,0.005254514,0.34615883
2023-10-09,2,Green_Algae,0.00022059257,0.262352
2023-10-10,2,Green_Algae,0.07396206,0.21611997
2023-10-11,2,Green_Algae,0.0044502877,0.23355125
2023-10-12,2,Green_Algae,0.21425903,0.315311
2023-10-13,2,Green_Algae,0.4240678,0.3781579
2023-10-14,2,Green_Algae,1.2040071,0.464328
2023-10-15,2,Green_Algae,1.538577,0.6479174
2023-10-16,2,Green_Algae,0.91931796,0.9901388
2023-10-17,2,Green_Algae,0.49678364,0.9696541
2023-10-18,2,Green_Algae,0.27720237,0.56605077
2023-10-19,2,Green_Algae,0.060109414,0.47744077
2023-10-20,2,Green_Algae,0.0003220112,0.42780375
2023-10-21,2,Green_Algae,0.0012375681,0.3097961
2023-10-22,2,Green_Algae,0.0032772026,0.2281203
2023-10-23,2,Green_Algae,0.0053168214,0.15224159
2023-10-24,2,Green_Algae,0.0073564914,0.11998245
2023-10-25,2,Green_Algae,0.009396112,0.12132827
2023-10-26,2,Green_Algae,0.01143575,0.12787394
2023-10-27,2,Green_Algae,0.00014706633,0.12384471
2023-10-28,2,Green_Algae,0.00014947286,0.09482761
2023-10-29,2,Green_Algae,0.00015179641,0.075769894
2023-10-30,2,Green_Algae,0.0036961709,0.092694506
2023-10-31,2,Green_Algae,5.8028803e-05,0.14100958
2023-11-01,2,Green_Algae,0.005072786,0.19231997
2023-11-02,2,Green_Algae,0.009415459,0.20370807
2023-11-03,2,Green_Algae,0.23354869,0.2162123
2023-11-04,2,Green_Algae,0.19017506,0.19722255
2023-11-05,2,Green_Algae,0.29466212,0.1654242
2023-11-06,2,Green_Algae,0.52662814,0.17287639
2023-11-07,2,Green_Algae,0.14937869,0.20904632
2023-11-08,2,Green_Algae,0.051346254,0.18238309
2023-11-09,2,Green_Algae,0.0022525839,0.1581292
2023-11-10,2,Green_Algae,0.0037495536,0.14430606
2023-11-11,2,Green_Algae,0.00026789785,0.16843623
2023-11-12,2,Green_Algae,0.00030059792,0.18603604
2023-11-13,2,Green_Algae,0.00033329905,0.1830445
2023-11-14,2,Green_Algae,0.014367214,0.20929052
2023-11-15,2,Green_Algae,0.03973635,0.19297071
2023-11-16,2,Green_Algae,0.08579548,0.21546206
2023-11-17,2,Green_Algae,0.023645498,0.23563603
2023-11-18,2,Green_Algae,0.012744074,0.21723586
2023-11-19,2,Green_Algae,0.013970377,0.21481942
2023-11-20,2,Green_Algae,0.045104496,0.30571994
2023-11-21,2,Green_Algae,0.14602937,0.33749557
2023-11-22,2,Green_Algae,0.18774286,0.37944126
2023-11-23,2,Green_Algae,0.12678686,0.39919657
2023-11-24,2,Green_Algae,0.06583095,0.4073825
2023-11-25,2,Green_Algae,0.0048749987,0.58431154
2023-11-26,2,Green_Algae,0.01300342,0.56241727
2023-11-27,2,Green_Algae,0.0009985091,0.5763203
2023-11-28,2,Green_Algae,0.3965642,0.5705638
2023-11-29,2,Green_Algae,0.7921298,0.56832725
2023-11-30,2,Green_Algae,1.1876955,0.6835422
2023-12-01,2,Green_Algae,0.5417547,0.75270015
2023-12-02,2,Green_Algae,0.28317368,1.437538
2023-12-03,2,Green_Algae,0.26998764,0.8154208
2023-12-04,2,Green_Algae,0.041641086,0.66776335
2023-12-05,2,Green_Algae,0.007523836,0.63610417
2023-12-06,2,Green_Algae,0.0014946325,0.5321538
2023-12-07,2,Green_Algae,0.051200677,0.64680284
2023-12-08,2,Green_Algae,0.031184377,0.64400005
2023-12-09,2,Green_Algae,0.320014,0.5264246
2023-12-10,2,Green_Algae,0.19122079,0.5386468
2023-12-11,2,Green_Algae,0.9545549,0.73081344
2023-12-12,2,Green_Algae,2.0166812,0.7134621
2023-12-13,2,Green_Algae,1.8324066,1.0277613
2023-12-14,2,Green_Algae,1.3901647,1.5149602
2023-12-15,2,Green_Algae,2.1495306,1.1641804
2023-12-16,2,Green_Algae,1.2279633,0.8842688
2023-12-17,2,Green_Algae,0.5186076,0.7428601
2023-12-18,2,Green_Algae,0.2195702,0.4496782
2023-12-19,2,Green_Algae,0.2801519,0.28580922
2023-12-20,2,Green_Algae,0.20370297,0.25944608
2023-12-21,2,Green_Algae,0.061779305,0.32820395
2023-12-22,2,Green_Algae,0.047017764,0.31606644
2023-12-23,2,Green_Algae,0.0322563,0.32829663
2023-12-24,2,Green_Algae,0.017494831,0.41048807
2023-12-25,2,Green_Algae,0.0027333545,0.45162967
2023-12-26,2,Green_Algae,0.0019698853,0.5060446
2023-12-27,2,Green_Algae,1.632065,0.57349044
2023-12-28,2,Green_Algae,2.6889994,0.9207577
2020-10-30,3,Green_Algae,12.17853,7.46366
2020-10-31,3,Green_Algae,6.110087,8.98117
2020-11-01,3,Green_Algae,7.4780245,10.071921
2020-11-02,3,Green_Algae,7.0332804,10.4308
2020-11-03,3,Green_Algae,4.4513035,8.189296
2020-11-04,3,Green_Algae,4.2465425,8.364015
2020-11-05,3,Green_Algae,3.1390948,7.559802
2020-11-06,3,Green_Algae,4.8471107,5.786078
2020-11-07,3,Green_Algae,8.74932,5.552928
2020-11-08,3,Green_Algae,3.445326,4.710116
2020-11-09,3,Green_Algae,2.8215373,5.688214
2020-11-10,3,Green_Algae,2.7152398,7.5200243
2020-11-11,3,Green_Algae,2.8748477,5.1755514
2020-11-12,3,Green_Algae,2.8452773,5.1574774
2020-11-13,3,Green_Algae,3.2272646,4.8746276
2020-11-14,3,Green_Algae,4.012611,4.9855638
2020-11-15,3,Green_Algae,3.7066593,5.279631
2020-11-16,3,Green_Algae,7.032859,5.6857786
2020-11-17,3,Green_Algae,7.8307257,6.59705
2020-11-18,3,Green_Algae,7.7718787,6.8853025
2020-11-19,3,Green_Algae,8.549044,8.601044
2020-11-20,3,Green_Algae,9.32621,8.637415
2020-11-21,3,Green_Algae,7.3450155,8.18612
2020-11-22,3,Green_Algae,8.40237,8.3097925
2020-11-23,3,Green_Algae,5.0805078,7.875805
2020-11-24,3,Green_Algae,4.5977955,7.311481
2020-11-25,3,Green_Algae,4.178378,7.735703
2020-11-26,3,Green_Algae,8.567597,6.3095665
2020-11-27,3,Green_Algae,5.6399274,5.8116183
2020-11-28,3,Green_Algae,4.2971926,4.984404
2020-11-29,3,Green_Algae,4.177417,6.8591294
2020-11-30,3,Green_Algae,2.1808684,4.6842647
2020-12-01,3,Green_Algae,2.1362128,4.565988
2020-12-02,3,Green_Algae,2.365832,4.3702855
2020-12-03,3,Green_Algae,1.8928292,2.7076912
2020-12-04,3,Green_Algae,2.1390448,2.3440602
2020-12-05,3,Green_Algae,1.6092981,2.2356114
2020-12-06,3,Green_Algae,1.7672431,2.0965655
2020-12-07,3,Green_Algae,2.0092976,2.1971724
2020-12-08,3,Green_Algae,2.0687907,2.2572265
2020-12-09,3,Green_Algae,2.93475,2.356334
2020-12-10,3,Green_Algae,2.2710211,2.580719
2020-12-11,3,Green_Algae,1.7623245,2.6311197
2020-12-12,3,Green_Algae,3.7399058,3.5848079
2020-12-13,3,Green_Algae,7.407639,3.4119549
2020-12-14,3,Green_Algae,1.9868814,2.8539515
2020-12-15,3,Green_Algae,1.3638422,3.8356225
2020-12-16,3,Green_Algae,1.3426266,6.473497
2020-12-17,3,Green_Algae,1.2532657,2.4941516
2020-12-18,3,Green_Algae,1.2750503,2.2353768
2020-12-19,3,Green_Algae,1.6216208,1.7427509
2020-12-20,3,Green_Algae,2.156505,1.6338964
2020-12-21,3,Green_Algae,1.9927878,1.6757612
2020-12-22,3,Green_Algae,1.9692179,1.9285343
2020-12-23,3,Green_Algae,2.3798406,2.3711047
2020-12-24,3,Green_Algae,3.1014483,2.6291068
2020-12-25,3,Green_Algae,2.8246055,3.0158713
2020-12-26,3,Green_Algae,2.7126286,3.8898044
2020-12-27,3,Green_Algae,3.4823534,4.7552714
2020-12-28,3,Green_Algae,8.607523,5.1937847
2020-12-29,3,Green_Algae,8.2660055,5.5349946
2020-12-30,3,Green_Algae,7.924486,5.9297285
2020-12-31,3,Green_Algae,6.428473,8.0552845
2021-01-01,3,Green_Algae,2.98945,7.2346654
2021-01-02,3,Green_Algae,1.3053657,5.5574107
2021-01-03,3,Green_Algae,1.2917366,3.767797
2021-01-04,3,Green_Algae,1.1487111,2.144226
2021-01-05,3,Green_Algae,1.2107966,1.987657
2021-01-06,3,Green_Algae,1.9978639,2.248777
2021-01-07,3,Green_Algae,3.2746053,2.1719232
2021-01-08,3,Green_Algae,1.283966,1.9595019
2021-01-09,3,Green_Algae,1.3706295,2.1162772
2021-01-10,3,Green_Algae,0.95188135,2.6067226
2021-01-11,3,Green_Algae,1.2131643,1.8644216
2021-01-12,3,Green_Algae,2.0453835,2.048587
2021-01-13,3,Green_Algae,2.094508,2.1957674
2021-01-14,3,Green_Algae,2.0917065,2.2529085
2021-01-15,3,Green_Algae,1.7256553,2.609261
2021-01-16,3,Green_Algae,2.0362563,2.7582793
2021-01-17,3,Green_Algae,3.533249,3.1239586
2021-01-18,3,Green_Algae,3.6137555,3.1886606
2021-01-19,3,Green_Algae,3.1941895,3.5552328
2021-01-20,3,Green_Algae,4.403502,3.9341671
2021-01-21,3,Green_Algae,5.758683,4.1484337
2021-01-22,3,Green_Algae,6.35937,4.192419
2021-01-23,3,Green_Algae,8.876309,6.100019
2021-01-24,3,Green_Algae,5.43191,6.8406997
2021-01-25,3,Green_Algae,6.235949,7.059741
2021-01-26,3,Green_Algae,6.5830173,7.607553
2021-01-27,3,Green_Algae,7.649797,6.67012
2021-01-28,3,Green_Algae,5.225948,7.109587
2021-01-29,3,Green_Algae,7.1872573,7.19366
2021-01-30,3,Green_Algae,7.827323,7.1750255
2021-01-31,3,Green_Algae,6.1937,6.0245533
2021-02-01,3,Green_Algae,5.721615,6.155572
2021-02-02,3,Green_Algae,5.1455975,6.4633913
2021-02-03,3,Green_Algae,4.142368,6.2851505
2021-02-04,3,Green_Algae,4.6842937,6.127883
2021-02-05,3,Green_Algae,4.7972736,5.902669
2021-02-06,3,Green_Algae,4.5424547,5.261655
2021-02-07,3,Green_Algae,4.4105067,5.449045
2021-02-08,3,Green_Algae,4.6066475,5.4763966
2021-02-09,3,Green_Algae,5.280211,5.3037963
2021-02-10,3,Green_Algae,7.288978,4.980716
2021-02-11,3,Green_Algae,4.65887,5.1086864
2021-02-12,3,Green_Algae,3.413034,4.9914675
2021-02-13,3,Green_Algae,8.17764,5.7942038
2021-02-14,3,Green_Algae,5.1429377,4.9228415
2021-02-15,3,Green_Algae,4.1539435,4.608696
2021-02-16,3,Green_Algae,4.581317,6.6801157
2021-02-17,3,Green_Algae,4.9817367,5.1952276
2021-02-18,3,Green_Algae,3.35322,4.174587
2021-02-19,3,Green_Algae,4.2448187,4.6687365
2021-02-20,3,Green_Algae,4.0317235,3.8589485
2021-02-21,3,Green_Algae,4.087482,3.5966854
2021-02-22,3,Green_Algae,3.9634469,4.2363944
2021-02-23,3,Green_Algae,4.5633674,4.19574
2021-02-24,3,Green_Algae,4.220355,4.7827263
2021-02-25,3,Green_Algae,5.1449275,4.719537
2021-02-26,3,Green_Algae,5.1236477,4.786753
2021-02-27,3,Green_Algae,4.096351,4.296814
2021-02-28,3,Green_Algae,3.4184105,4.390033
2021-03-01,3,Green_Algae,2.6066442,3.9145484
2021-03-02,3,Green_Algae,2.469205,2.8470485
2021-03-03,3,Green_Algae,3.3989074,1.9347358
2021-03-04,3,Green_Algae,2.2061434,0.9839593
2021-03-05,3,Green_Algae,0.93730825,0.6835423
2021-03-06,3,Green_Algae,0.17130968,0.92478526
2021-03-07,3,Green_Algae,0.21163534,0.9845081
2021-03-08,3,Green_Algae,0.51324403,1.0576342
2021-03-09,3,Green_Algae,0.7416932,1.0693063
2021-03-10,3,Green_Algae,1.1518161,1.2461818
2021-03-11,3,Green_Algae,3.0430608,1.9530255
2021-03-12,3,Green_Algae,5.624233,2.8877928
2021-03-13,3,Green_Algae,9.781874,4.320336
2021-03-14,3,Green_Algae,6.138524,6.4276295
2021-03-15,3,Green_Algae,5.632489,7.7981586
2021-03-16,3,Green_Algae,4.6865773,8.659223
2021-03-17,3,Green_Algae,4.3283215,6.113779
2021-03-18,3,Green_Algae,3.7387772,5.7384853
2021-03-19,3,Green_Algae,2.8026774,4.7218432
2021-03-20,3,Green_Algae,3.1857598,3.7601893
2021-03-21,3,Green_Algae,2.456903,2.7157578
2021-03-22,3,Green_Algae,0.9018451,1.7050421
2021-03-23,3,Green_Algae,0.6790297,1.4813846
2021-03-24,3,Green_Algae,1.005638,1.3091471
2021-03-25,3,Green_Algae,0.83578366,1.1611556
2021-03-26,3,Green_Algae,1.0689725,1.3273354
2021-03-27,3,Green_Algae,1.7590731,1.8247417
2021-03-28,3,Green_Algae,4.083432,2.3029342
2021-03-29,3,Green_Algae,7.1401954,3.0437746
2021-03-30,3,Green_Algae,10.209595,4.2576303
2021-03-31,3,Green_Algae,10.649694,6.625908
2021-04-01,3,Green_Algae,9.618863,8.558265
2021-04-02,3,Green_Algae,9.679638,8.917022
2021-04-03,3,Green_Algae,8.492021,8.09857
2021-04-04,3,Green_Algae,5.522469,7.0188375
2021-04-05,3,Green_Algae,3.8875976,6.8356595
2021-04-06,3,Green_Algae,3.7225616,6.8267307
2021-04-07,3,Green_Algae,4.1317596,5.0872607
2021-04-08,3,Green_Algae,3.7241824,4.0091276
2021-04-09,3,Green_Algae,2.9264905,3.510239
2021-04-10,3,Green_Algae,3.0117583,3.7615657
2021-04-11,3,Green_Algae,3.7558973,3.9348743
2021-04-12,3,Green_Algae,7.548631,4.177399
2021-04-13,3,Green_Algae,8.276589,5.071988
2021-04-14,3,Green_Algae,7.5179367,6.3371673
2021-04-15,3,Green_Algae,7.9862165,8.830214
2021-04-16,3,Green_Algae,8.454495,9.793985
2021-04-17,3,Green_Algae,10.411622,9.966891
2021-04-18,3,Green_Algae,8.3863945,9.838596
2021-04-19,3,Green_Algae,7.374504,9.984643
2021-04-20,3,Green_Algae,7.4743953,10.656546
2021-04-21,3,Green_Algae,7.563512,9.677019
2021-04-22,3,Green_Algae,9.42714,9.180331
2021-04-23,3,Green_Algae,9.938813,8.710548
2021-04-24,3,Green_Algae,9.186256,8.806473
2021-04-25,3,Green_Algae,13.211926,9.583384
2021-04-26,3,Green_Algae,11.542995,9.803487
2021-04-27,3,Green_Algae,8.482055,9.958485
2021-04-28,3,Green_Algae,4.98898,10.237852
2021-04-29,3,Green_Algae,3.1451302,9.289916
2021-04-30,3,Green_Algae,3.3468668,8.25073
2021-05-01,3,Green_Algae,8.648813,6.391988
2021-05-02,3,Green_Algae,10.776056,6.555491
2021-05-03,3,Green_Algae,10.448346,6.2610655
2021-05-04,3,Green_Algae,5.103333,8.368317
2021-05-05,3,Green_Algae,5.319554,9.350905
2021-05-06,3,Green_Algae,6.643535,9.563198
2021-05-07,3,Green_Algae,6.72064,8.654538
2021-05-08,3,Green_Algae,10.374625,8.572
2021-05-09,3,Green_Algae,12.880029,8.868972
2021-05-10,3,Green_Algae,9.980102,8.923612
2021-05-11,3,Green_Algae,10.452174,10.217102
2021-05-12,3,Green_Algae,10.924248,10.896756
2021-05-13,3,Green_Algae,11.39632,10.886146
2021-05-14,3,Green_Algae,11.868393,11.42523
2021-05-15,3,Green_Algae,10.393691,11.213933
2021-05-16,3,Green_Algae,7.7878942,11.19416
2021-05-17,3,Green_Algae,7.7099423,10.144937
2021-05-18,3,Green_Algae,7.9545946,9.515152
2021-05-19,3,Green_Algae,6.14866,8.814741
2021-05-20,3,Green_Algae,6.4745946,8.965279
2021-05-21,3,Green_Algae,6.249631,9.216482
2021-05-22,3,Green_Algae,9.313534,8.238686
2021-05-23,3,Green_Algae,8.771644,8.299355
2021-05-24,3,Green_Algae,12.235818,7.9279804
2021-05-25,3,Green_Algae,7.2883067,8.879345
2021-05-26,3,Green_Algae,7.12322,8.588532
2021-05-27,3,Green_Algae,13.128756,9.25383
2021-05-28,3,Green_Algae,12.951473,7.4836
2021-05-29,3,Green_Algae,12.77419,7.6651764
2021-05-30,3,Green_Algae,4.561085,9.066803
2021-05-31,3,Green_Algae,2.984026,8.782814
2021-06-01,3,Green_Algae,3.477842,7.2188497
2021-06-02,3,Green_Algae,3.0301087,4.3159895
2021-06-03,3,Green_Algae,2.9474874,4.372725
2021-06-04,3,Green_Algae,3.87105,4.1924543
2021-06-05,3,Green_Algae,3.5815134,3.285181
2021-06-06,3,Green_Algae,3.5015206,3.284885
2021-06-07,3,Green_Algae,4.0479884,3.9049797
2021-06-08,3,Green_Algae,5.4210563,4.3291235
2021-06-09,3,Green_Algae,3.706534,5.274178
2021-06-10,3,Green_Algae,5.004493,6.5010734
2021-06-11,3,Green_Algae,6.557851,7.7945795
2021-06-12,3,Green_Algae,10.4747505,8.081456
2021-06-13,3,Green_Algae,11.396228,9.509602
2021-06-14,3,Green_Algae,12.317705,10.922968
2021-06-15,3,Green_Algae,12.765958,12.170166
2021-06-16,3,Green_Algae,13.214211,12.817274
2021-06-17,3,Green_Algae,13.662464,12.928109
2021-06-18,3,Green_Algae,14.110718,12.9485235
2021-06-19,3,Green_Algae,12.694961,12.829972
2021-06-20,3,Green_Algae,13.068725,12.430007
2021-06-21,3,Green_Algae,6.759349,11.423101
2021-06-22,3,Green_Algae,4.531797,10.009819
2021-06-23,3,Green_Algae,4.704233,8.187586
2021-06-24,3,Green_Algae,4.3103833,5.556017
2021-06-25,3,Green_Algae,4.245991,4.936642
2021-06-26,3,Green_Algae,3.8047178,5.8070226
2021-06-27,3,Green_Algae,9.500919,7.317954
2021-06-28,3,Green_Algae,14.259275,8.986945
2021-06-29,3,Green_Algae,13.726238,10.055507
2021-06-30,3,Green_Algae,10.054623,11.77885
2021-07-01,3,Green_Algae,10.233351,12.505248
2021-07-02,3,Green_Algae,11.377681,12.617562
2021-07-03,3,Green_Algae,13.92809,12.341326
2021-07-04,3,Green_Algae,9.610976,12.505391
2021-07-05,3,Green_Algae,13.8032055,12.38721
2021-07-06,3,Green_Algae,12.07648,12.248429
2021-07-07,3,Green_Algae,9.815504,11.379476
2021-07-08,3,Green_Algae,10.952688,11.108128
2021-07-09,3,Green_Algae,5.504181,10.194808
2021-07-10,3,Green_Algae,6.883577,8.830248
2021-07-11,3,Green_Algae,6.383121,9.229289
2021-07-12,3,Green_Algae,8.041389,7.7174892
2021-07-13,3,Green_Algae,7.1555495,8.583635
2021-07-14,3,Green_Algae,7.182688,8.421859
2021-07-15,3,Green_Algae,7.2098265,9.109458
2021-07-16,3,Green_Algae,7.2369647,8.892698
2021-07-17,3,Green_Algae,7.2641034,9.542175
2021-07-18,3,Green_Algae,7.291241,10.004826
2021-07-19,3,Green_Algae,7.3183794,10.501345
2021-07-20,3,Green_Algae,7.345518,10.65699
2021-07-21,3,Green_Algae,4.656155,10.5886
2021-07-22,3,Green_Algae,5.656749,10.192236
2021-07-23,3,Green_Algae,11.975569,9.688341
2021-07-24,3,Green_Algae,13.560905,9.596546
2021-07-25,3,Green_Algae,13.088494,9.745035
2021-07-26,3,Green_Algae,11.472322,10.873944
2021-07-27,3,Green_Algae,9.366954,10.522044
2021-07-28,3,Green_Algae,6.655246,9.840719
2021-07-29,3,Green_Algae,7.9549346,8.886451
2021-07-30,3,Green_Algae,7.1069007,8.271603
2021-07-31,3,Green_Algae,8.990673,7.8493176
2021-08-01,3,Green_Algae,10.385311,8.82759
2021-08-02,3,Green_Algae,10.719529,9.131675
2021-08-03,3,Green_Algae,7.1092253,9.057181
2021-08-04,3,Green_Algae,4.9593773,9.162179
2021-08-05,3,Green_Algae,3.0356264,7.1702814
2021-08-06,3,Green_Algae,2.0601811,4.392514
2021-08-07,3,Green_Algae,2.8934517,3.9496305
2021-08-08,3,Green_Algae,3.3419957,3.2707121
2021-08-09,3,Green_Algae,3.5262926,2.6487029
2021-08-10,3,Green_Algae,2.9024384,2.6642923
2021-08-11,3,Green_Algae,3.434081,2.8683305
2021-08-12,3,Green_Algae,4.609233,3.7156634
2021-08-13,3,Green_Algae,4.0192776,4.444777
2021-08-14,3,Green_Algae,7.171199,5.8811913
2021-08-15,3,Green_Algae,10.603491,7.635183
2021-08-16,3,Green_Algae,8.529735,8.26642
2021-08-17,3,Green_Algae,6.9491796,10.214582
2021-08-18,3,Green_Algae,8.951539,11.176415
2021-08-19,3,Green_Algae,11.542151,10.995231
2021-08-20,3,Green_Algae,10.700407,10.224028
2021-08-21,3,Green_Algae,7.8352175,10.728472
2021-08-22,3,Green_Algae,12.8495455,11.182263
2021-08-23,3,Green_Algae,13.118637,11.547436
2021-08-24,3,Green_Algae,10.933848,11.181425
2021-08-25,3,Green_Algae,12.0906725,11.563431
2021-08-26,3,Green_Algae,10.43034,11.846675
2021-08-27,3,Green_Algae,9.773435,11.519372
2021-08-28,3,Green_Algae,8.390406,11.227018
2021-08-29,3,Green_Algae,7.821752,10.493834
2021-08-30,3,Green_Algae,6.5187182,9.427592
2021-08-31,3,Green_Algae,5.8044934,8.039724
2021-09-01,3,Green_Algae,5.0743923,6.927242
2021-09-02,3,Green_Algae,4.311918,6.0516825
2021-09-03,3,Green_Algae,3.3487916,5.1926937
2021-09-04,3,Green_Algae,4.701462,5.245753
2021-09-05,3,Green_Algae,5.0674095,4.837288
2021-09-06,3,Green_Algae,3.518864,4.2748365
2021-09-07,3,Green_Algae,3.1971326,5.3986206
2021-09-08,3,Green_Algae,3.5374892,5.9628887
2021-09-09,3,Green_Algae,6.4463677,5.077832
2021-09-10,3,Green_Algae,6.842923,4.8366375
2021-09-11,3,Green_Algae,8.631598,5.1135106
2021-09-12,3,Green_Algae,8.282877,6.5804296
2021-09-13,3,Green_Algae,7.9341564,6.3013816
2021-09-14,3,Green_Algae,7.505728,7.1452537
2021-09-15,3,Green_Algae,4.8467994,6.3856425
2021-09-16,3,Green_Algae,4.3901086,5.5709867
2021-09-17,3,Green_Algae,3.1355467,5.5605206
2021-09-18,3,Green_Algae,2.5354092,4.5175214
2021-09-19,3,Green_Algae,2.8781462,4.2483263
2021-09-20,3,Green_Algae,2.8740985,3.3811505
2021-09-21,3,Green_Algae,2.339877,2.856673
2021-09-22,3,Green_Algae,3.6420565,2.9911766
2021-09-23,3,Green_Algae,3.4891088,3.0385535
2021-09-24,3,Green_Algae,3.0315206,2.856465
2021-09-25,3,Green_Algae,2.7386677,3.421959
2021-09-26,3,Green_Algae,2.8449023,3.1914475
2021-09-27,3,Green_Algae,2.898798,3.030341
2021-09-28,3,Green_Algae,2.80811,2.9203088
2021-09-29,3,Green_Algae,3.1477988,2.9430928
2021-09-30,3,Green_Algae,3.8165677,2.8173869
2021-10-01,3,Green_Algae,2.884149,2.7647245
2021-10-02,3,Green_Algae,2.3285825,2.9879324
2021-10-03,3,Green_Algae,2.7246957,3.3022604
2021-10-04,3,Green_Algae,2.9625897,2.624863
2021-10-05,3,Green_Algae,3.2004838,2.4419737
2021-10-06,3,Green_Algae,3.4383776,2.800121
2021-10-07,3,Green_Algae,3.6762717,3.331955
2021-10-08,3,Green_Algae,3.9141655,4.2475247
2021-10-09,3,Green_Algae,4.1520596,4.6461825
2021-10-10,3,Green_Algae,4.3899536,4.892058
2021-10-11,3,Green_Algae,4.6278477,4.752169
2021-10-12,3,Green_Algae,4.9418287,4.6399407
2021-10-13,3,Green_Algae,4.673613,4.8168263
2021-10-14,3,Green_Algae,4.5442286,4.481043
2021-10-15,3,Green_Algae,8.768624,4.890793
2021-10-16,3,Green_Algae,8.054786,5.231086
2021-10-17,3,Green_Algae,3.8535652,5.2126803
2021-10-18,3,Green_Algae,3.6656222,6.9330487
2021-10-19,3,Green_Algae,3.690036,5.0452375
2021-10-20,3,Green_Algae,3.5357091,2.9635513
2021-10-21,3,Green_Algae,3.6526122,3.1020377
2021-10-22,3,Green_Algae,3.1038206,3.2856343
2021-10-23,3,Green_Algae,2.7547975,3.1786675
2021-10-24,3,Green_Algae,2.6743922,3.247832
2021-10-25,3,Green_Algae,2.6642506,3.1144242
2021-10-26,3,Green_Algae,3.2695441,2.9652507
2021-10-27,3,Green_Algae,6.4926195,3.4552999
2021-10-28,3,Green_Algae,8.997244,3.7517767
2021-10-29,3,Green_Algae,9.55448,4.3272705
2021-10-30,3,Green_Algae,6.1581116,6.4818163
2021-10-31,3,Green_Algae,5.569472,7.557747
2021-11-01,3,Green_Algae,4.880246,6.83695
2021-11-02,3,Green_Algae,6.240745,4.1152353
2021-11-03,3,Green_Algae,7.868003,4.1110873
2021-11-04,3,Green_Algae,5.39335,3.8017278
2021-11-05,3,Green_Algae,2.8083358,4.453151
2021-11-06,3,Green_Algae,4.1119175,4.916162
2021-11-07,3,Green_Algae,5.8138523,3.7203684
2021-11-08,3,Green_Algae,5.6319323,2.7019134
2021-11-09,3,Green_Algae,4.463618,3.4945545
2021-11-10,3,Green_Algae,5.127321,4.342043
2021-11-11,3,Green_Algae,3.3585093,4.116493
2021-11-12,3,Green_Algae,2.6787329,3.5345645
2021-11-13,3,Green_Algae,2.9060419,3.9967911
2021-11-14,3,Green_Algae,2.3626916,3.0115566
2021-11-15,3,Green_Algae,2.3225126,2.7084737
2021-11-16,3,Green_Algae,2.5409632,2.8255644
2021-11-17,3,Green_Algae,2.2751682,2.4032202
2021-11-18,3,Green_Algae,1.9986252,2.3655643
2021-11-19,3,Green_Algae,1.6795293,2.5769863
2021-11-20,3,Green_Algae,1.8916438,2.587939
2021-11-21,3,Green_Algae,2.7642143,2.5567749
2021-11-22,3,Green_Algae,3.023097,2.2269948
2021-11-23,3,Green_Algae,1.7613965,2.1485934
2021-11-24,3,Green_Algae,1.8678365,2.7287805
2021-11-25,3,Green_Algae,1.7351195,2.6880524
2021-11-26,3,Green_Algae,1.7887771,1.8846469
2021-11-27,3,Green_Algae,1.8194356,1.8704566
2021-11-28,3,Green_Algae,2.1925688,1.8199502
2021-11-29,3,Green_Algae,2.8506155,1.8788315
2021-11-30,3,Green_Algae,3.7936785,1.9973519
2021-12-01,3,Green_Algae,3.2888849,2.2046773
2021-12-02,3,Green_Algae,3.20601,2.8620856
2021-12-03,3,Green_Algae,3.1972845,3.789345
2021-12-04,3,Green_Algae,2.9100072,3.2762394
2021-12-05,3,Green_Algae,3.0636685,2.9054265
2021-12-06,3,Green_Algae,3.0413218,2.8763552
2021-12-07,3,Green_Algae,2.8179595,2.9983494
2021-12-08,3,Green_Algae,2.9317937,3.555411
2021-12-09,3,Green_Algae,2.873556,3.6477144
2021-12-10,3,Green_Algae,3.0364544,3.4669013
2021-12-11,3,Green_Algae,3.930644,3.4585385
2021-12-12,3,Green_Algae,3.436191,3.5075681
2021-12-13,3,Green_Algae,3.863864,3.6932821
2021-12-14,3,Green_Algae,4.217301,4.4348354
2021-12-15,3,Green_Algae,4.429001,4.0675683
2021-12-16,3,Green_Algae,4.6556263,4.161107
2021-12-17,3,Green_Algae,4.838226,4.463617
2021-12-18,3,Green_Algae,4.1352496,4.7072325
2021-12-19,3,Green_Algae,3.6960173,4.842585
2021-12-20,3,Green_Algae,3.0439653,4.394823
2021-12-21,3,Green_Algae,2.7047684,3.7946944
2021-12-22,3,Green_Algae,4.257923,3.6547604
2021-12-23,3,Green_Algae,3.2951374,2.9463654
2021-12-24,3,Green_Algae,2.3909624,2.697001
2021-12-25,3,Green_Algae,2.1861448,3.1512933
2021-12-26,3,Green_Algae,1.7530535,2.8748596
2021-12-27,3,Green_Algae,1.9872879,2.4412878
2021-12-28,3,Green_Algae,2.2317348,2.3189042
2021-12-29,3,Green_Algae,2.0643368,2.3216386
2021-12-30,3,Green_Algae,1.9601592,2.5380118
2021-12-31,3,Green_Algae,2.126949,3.095273
2022-01-01,3,Green_Algae,2.2531767,3.4537778
2022-01-02,3,Green_Algae,2.1239364,4.041779
2022-01-03,3,Green_Algae,2.5416799,4.273435
2022-01-04,3,Green_Algae,3.3833745,4.430555
2022-01-05,3,Green_Algae,6.9222884,4.091956
2022-01-06,3,Green_Algae,5.645869,4.139464
2022-01-07,3,Green_Algae,4.3694496,4.545952
2022-01-08,3,Green_Algae,6.313483,6.545451
2022-01-09,3,Green_Algae,4.849971,4.950536
2022-01-10,3,Green_Algae,6.5303836,3.829193
2022-01-11,3,Green_Algae,7.1293488,4.5296063
2022-01-12,3,Green_Algae,3.0731115,3.3096483
2022-01-13,3,Green_Algae,2.084052,4.187448
2022-01-14,3,Green_Algae,1.3035264,3.386783
2022-01-15,3,Green_Algae,2.1528146,1.7955604
2022-01-16,3,Green_Algae,2.2154775,1.7758558
2022-01-17,3,Green_Algae,1.8509052,1.6466862
2022-01-18,3,Green_Algae,3.0125198,2.117698
2022-01-19,3,Green_Algae,2.9266691,2.6670501
2022-01-20,3,Green_Algae,3.0848227,3.2074618
2022-01-21,3,Green_Algae,3.732527,4.4347944
2022-01-22,3,Green_Algae,4.3433237,5.3743386
2022-01-23,3,Green_Algae,6.2519803,6.1886687
2022-01-24,3,Green_Algae,8.160637,7.0657706
2022-01-25,3,Green_Algae,8.239467,7.7930646
2022-01-26,3,Green_Algae,8.318296,9.189
2022-01-27,3,Green_Algae,8.397126,9.153085
2022-01-28,3,Green_Algae,8.475957,8.646428
2022-01-29,3,Green_Algae,8.554788,7.935596
2022-01-30,3,Green_Algae,8.633616,7.7355604
2022-01-31,3,Green_Algae,5.246442,6.8706565
2022-02-01,3,Green_Algae,3.9920294,6.0240555
2022-02-02,3,Green_Algae,4.695028,5.0744042
2022-02-03,3,Green_Algae,2.7493696,3.2398758
2022-02-04,3,Green_Algae,2.88272,2.7257824
2022-02-05,3,Green_Algae,2.763606,2.6675317
2022-02-06,3,Green_Algae,2.1112866,1.9368873
2022-02-07,3,Green_Algae,2.4319632,2.1040285
2022-02-08,3,Green_Algae,2.2566342,2.079485
2022-02-09,3,Green_Algae,2.6009963,2.206379
2022-02-10,3,Green_Algae,2.5740855,2.7023482
2022-02-11,3,Green_Algae,2.7089677,3.0209043
2022-02-12,3,Green_Algae,3.126954,3.3838732
2022-02-13,3,Green_Algae,4.3236074,3.6482558
2022-02-14,3,Green_Algae,3.448381,3.468608
2022-02-15,3,Green_Algae,3.5295143,4.1541123
2022-02-16,3,Green_Algae,4.1974835,5.025551
2022-02-17,3,Green_Algae,4.8904557,4.3749633
2022-02-18,3,Green_Algae,6.0933433,4.372908
2022-02-19,3,Green_Algae,4.131527,4.298613
2022-02-20,3,Green_Algae,2.946324,5.1447864
2022-02-21,3,Green_Algae,2.2808762,3.4124837
2022-02-22,3,Green_Algae,1.969732,2.205255
2022-02-23,3,Green_Algae,1.8481604,1.5200757
2022-02-24,3,Green_Algae,1.970211,1.1424301
2022-02-25,3,Green_Algae,2.0456758,1.309264
2022-02-26,3,Green_Algae,2.1211405,1.6991223
2022-02-27,3,Green_Algae,2.1966052,1.9492317
2022-02-28,3,Green_Algae,2.1446164,2.072032
2022-03-01,3,Green_Algae,2.8918037,2.4156377
2022-03-02,3,Green_Algae,3.3747232,2.8081064
2022-03-03,3,Green_Algae,4.975467,3.07077
2022-03-04,3,Green_Algae,5.8857384,3.6777928
2022-03-05,3,Green_Algae,7.7702246,4.7969737
2022-03-06,3,Green_Algae,7.406918,6.674892
2022-03-07,3,Green_Algae,8.624261,7.3888664
2022-03-08,3,Green_Algae,5.739247,7.4715834
2022-03-09,3,Green_Algae,4.569587,6.860938
2022-03-10,3,Green_Algae,4.6664295,7.168973
2022-03-11,3,Green_Algae,6.601842,5.5794864
2022-03-12,3,Green_Algae,7.0578914,5.6531534
2022-03-13,3,Green_Algae,9.441289,6.424488
2022-03-14,3,Green_Algae,10.154751,8.314359
2022-03-15,3,Green_Algae,10.868213,8.642852
2022-03-16,3,Green_Algae,10.484943,8.646633
2022-03-17,3,Green_Algae,10.101673,8.204768
2022-03-18,3,Green_Algae,10.141577,8.0468025
2022-03-19,3,Green_Algae,10.18148,7.971959
2022-03-20,3,Green_Algae,10.221386,7.5749774
2022-03-21,3,Green_Algae,6.8799276,7.550482
2022-03-22,3,Green_Algae,6.111058,7.1564384
2022-03-23,3,Green_Algae,3.9833503,6.653827
2022-03-24,3,Green_Algae,2.6831644,4.158666
2022-03-25,3,Green_Algae,2.11021,3.5122964
2022-03-26,3,Green_Algae,2.3608906,2.736562
2022-03-27,3,Green_Algae,2.612607,2.608664
2022-03-28,3,Green_Algae,3.0601304,3.0134563
2022-03-29,3,Green_Algae,3.0547757,3.5852764
2022-03-30,3,Green_Algae,2.5692663,3.4728992
2022-03-31,3,Green_Algae,2.7219045,2.7665577
2022-04-01,3,Green_Algae,3.1004643,2.1838803
2022-04-02,3,Green_Algae,2.2594109,1.6955767
2022-04-03,3,Green_Algae,1.953816,1.6148282
2022-04-04,3,Green_Algae,1.918588,2.1353328
2022-04-05,3,Green_Algae,2.3214595,2.1917064
2022-04-06,3,Green_Algae,2.560116,2.6018689
2022-04-07,3,Green_Algae,3.2719536,3.1631956
2022-04-08,3,Green_Algae,4.419464,3.8856683
2022-04-09,3,Green_Algae,4.504269,4.319637
2022-04-10,3,Green_Algae,4.89147,5.0107956
2022-04-11,3,Green_Algae,6.268174,5.944663
2022-04-12,3,Green_Algae,7.3437877,6.167615
2022-04-13,3,Green_Algae,9.499956,6.4228873
2022-04-14,3,Green_Algae,10.740788,7.345679
2022-04-15,3,Green_Algae,8.073318,8.059559
2022-04-16,3,Green_Algae,7.630758,8.907052
2022-04-17,3,Green_Algae,6.9328403,8.881172
2022-04-18,3,Green_Algae,6.5577283,7.488638
2022-04-19,3,Green_Algae,3.7500434,7.138385
2022-04-20,3,Green_Algae,3.4992976,7.257718
2022-04-21,3,Green_Algae,4.348203,7.2136817
2022-04-22,3,Green_Algae,5.875435,6.2744374
2022-04-23,3,Green_Algae,8.554278,6.03853
2022-04-24,3,Green_Algae,10.74772,5.765634
2022-04-25,3,Green_Algae,10.313055,6.1543694
2022-04-26,3,Green_Algae,10.031486,7.3391986
2022-04-27,3,Green_Algae,9.749915,7.579011
2022-04-28,3,Green_Algae,9.468344,7.5361533
2022-04-29,3,Green_Algae,6.3907814,6.8718953
2022-04-30,3,Green_Algae,2.7383044,5.563607
2022-05-01,3,Green_Algae,1.9100943,3.837924
2022-05-02,3,Green_Algae,1.4387971,2.6098785
2022-05-03,3,Green_Algae,1.6956812,1.8795332
2022-05-04,3,Green_Algae,2.9322464,2.8807695
2022-05-05,3,Green_Algae,4.024558,3.8384721
2022-05-06,3,Green_Algae,7.546461,4.699581
2022-05-07,3,Green_Algae,8.4868555,5.8151793
2022-05-08,3,Green_Algae,8.025366,6.233386
2022-05-09,3,Green_Algae,7.563878,7.303963
2022-05-10,3,Green_Algae,3.786575,6.3026032
2022-05-11,3,Green_Algae,2.6313117,4.9939795
2022-05-12,3,Green_Algae,2.673943,4.5345483
2022-05-13,3,Green_Algae,3.6793551,2.4090273
2022-05-14,3,Green_Algae,3.5523696,2.2670665
2022-05-15,3,Green_Algae,2.8397105,2.7081568
2022-05-16,3,Green_Algae,2.6588566,2.9504366
2022-05-17,3,Green_Algae,2.5439029,2.0590224
2022-05-18,3,Green_Algae,1.9558738,1.6898435
2022-05-19,3,Green_Algae,2.2352676,1.4951806
2022-05-20,3,Green_Algae,3.8337293,1.8542104
2022-05-21,3,Green_Algae,6.6012907,2.3474584
2022-05-22,3,Green_Algae,4.1062393,2.7692769
2022-05-23,3,Green_Algae,3.8795009,3.7810752
2022-05-24,3,Green_Algae,3.7486677,5.3522687
2022-05-25,3,Green_Algae,2.5144565,4.147328
2022-05-26,3,Green_Algae,2.628731,3.7910845
2022-05-27,3,Green_Algae,2.336657,3.0937593
2022-05-28,3,Green_Algae,1.8927444,2.4615033
2022-05-29,3,Green_Algae,1.7338868,2.6761026
2022-05-30,3,Green_Algae,2.055707,1.981371
2022-05-31,3,Green_Algae,2.7962682,2.1397355
2022-06-01,3,Green_Algae,2.4670553,2.3674684
2022-06-02,3,Green_Algae,2.5074983,3.1509767
2022-06-03,3,Green_Algae,3.3220377,3.2709436
2022-06-04,3,Green_Algae,2.913029,2.6763353
2022-06-05,3,Green_Algae,3.21664,2.8059494
2022-06-06,3,Green_Algae,3.0336015,2.3119082
2022-06-07,3,Green_Algae,2.016884,1.7024567
2022-06-08,3,Green_Algae,0.71460867,1.2912536
2022-06-09,3,Green_Algae,1.4329565,1.4028629
2022-06-10,3,Green_Algae,1.2493777,1.5091668
2022-06-11,3,Green_Algae,1.7778566,1.3942211
2022-06-12,3,Green_Algae,1.9454993,1.4536217
2022-06-13,3,Green_Algae,1.383483,1.3685505
2022-06-14,3,Green_Algae,0.17669071,1.3116908
2022-06-15,3,Green_Algae,0.1694878,1.2505883
2022-06-16,3,Green_Algae,1.6111215,1.1737732
2022-06-17,3,Green_Algae,1.4915413,1.1234277
2022-06-18,3,Green_Algae,1.3510724,1.1598966
2022-06-19,3,Green_Algae,1.4114358,1.2506545
2022-06-20,3,Green_Algae,1.2985806,0.90184385
2022-06-21,3,Green_Algae,1.315047,0.8701514
2022-06-22,3,Green_Algae,1.1877986,0.914912
2022-06-23,3,Green_Algae,0.20468882,0.9633398
2022-06-24,3,Green_Algae,0.9321283,1.1695577
2022-06-25,3,Green_Algae,2.667632,1.5374054
2022-06-26,3,Green_Algae,2.3597465,2.1985774
2022-06-27,3,Green_Algae,2.4025416,2.8098204
2022-06-28,3,Green_Algae,2.6718307,3.898048
2022-06-29,3,Green_Algae,2.6384616,4.0147657
2022-06-30,3,Green_Algae,3.7917957,3.9478142
2022-07-01,3,Green_Algae,3.6459014,4.1256404
2022-07-02,3,Green_Algae,3.1270165,4.062394
2022-07-03,3,Green_Algae,2.8873951,4.500607
2022-07-04,3,Green_Algae,3.3072195,4.1563387
2022-07-05,3,Green_Algae,2.865286,3.7791965
2022-07-06,3,Green_Algae,2.9233165,3.389672
2022-07-07,3,Green_Algae,2.1893845,3.2161844
2022-07-08,3,Green_Algae,1.9153528,2.816551
2022-07-09,3,Green_Algae,2.0919194,3.0211527
2022-07-10,3,Green_Algae,3.2985039,3.1285462
2022-07-11,3,Green_Algae,4.8211155,3.5944037
2022-07-12,3,Green_Algae,5.138985,4.10757
2022-07-13,3,Green_Algae,5.002174,5.789429
2022-07-14,3,Green_Algae,9.229062,7.117142
2022-07-15,3,Green_Algae,8.125591,7.447507
2022-07-16,3,Green_Algae,7.02212,7.1809077
2022-07-17,3,Green_Algae,5.9186487,8.498403
2022-07-18,3,Green_Algae,4.815178,7.432542
2022-07-19,3,Green_Algae,1.9387745,5.0616503
2022-07-20,3,Green_Algae,1.5423076,3.5132928
2022-07-21,3,Green_Algae,0.75141406,2.293022
2022-07-22,3,Green_Algae,0.29937363,1.3761934
2022-07-23,3,Green_Algae,1.4023521,1.1961426
2022-07-24,3,Green_Algae,4.171111,1.0631189
2022-07-25,3,Green_Algae,0.52041996,0.8190808
2022-07-26,3,Green_Algae,0.0809841,0.96528333
2022-07-27,3,Green_Algae,0.34602904,1.4339149
2022-07-28,3,Green_Algae,0.6430407,0.69837373
2022-07-29,3,Green_Algae,0.75374895,0.5862032
2022-07-30,3,Green_Algae,0.8893367,0.8710845
2022-07-31,3,Green_Algae,1.0249244,0.9732283
2022-08-01,3,Green_Algae,1.160512,1.4060824
2022-08-02,3,Green_Algae,1.2960997,1.4823381
2022-08-03,3,Green_Algae,1.4316874,1.6585181
2022-08-04,3,Green_Algae,1.5672749,1.7824607
2022-08-05,3,Green_Algae,1.7028626,1.9811689
2022-08-06,3,Green_Algae,1.8384502,2.3535874
2022-08-07,3,Green_Algae,1.9740379,2.356502
2022-08-08,3,Green_Algae,2.1096256,2.5646276
2022-08-09,3,Green_Algae,2.2452133,2.7562432
2022-08-10,3,Green_Algae,2.380801,2.9300084
2022-08-11,3,Green_Algae,2.5163884,3.0894601
2022-08-12,3,Green_Algae,2.651976,3.3797526
2022-08-13,3,Green_Algae,2.7875638,3.6285176
2022-08-14,3,Green_Algae,2.9231515,3.6744294
2022-08-15,3,Green_Algae,3.0587392,3.8603926
2022-08-16,3,Green_Algae,3.1943269,4.079371
2022-08-17,3,Green_Algae,3.3299146,4.43134
2022-08-18,3,Green_Algae,3.465502,4.345344
2022-08-19,3,Green_Algae,3.6010897,4.33912
2022-08-20,3,Green_Algae,3.7366774,4.434974
2022-08-21,3,Green_Algae,3.872265,4.6975403
2022-08-22,3,Green_Algae,4.0078526,4.798227
2022-08-23,3,Green_Algae,4.1434402,4.8564153
2022-08-24,3,Green_Algae,4.279028,4.99469
2022-08-25,3,Green_Algae,4.4146156,5.139646
2022-08-26,3,Green_Algae,4.5502033,5.4601097
2022-08-27,3,Green_Algae,4.685791,5.6613517
2022-08-28,3,Green_Algae,4.8213787,5.766102
2022-08-29,3,Green_Algae,4.9569664,5.7399487
2022-08-30,3,Green_Algae,5.092554,5.829234
2022-08-31,3,Green_Algae,5.2281413,6.116423
2022-09-01,3,Green_Algae,5.3637295,6.079758
2022-09-02,3,Green_Algae,5.499317,6.30445
2022-09-03,3,Green_Algae,5.634905,6.5965953
2022-09-04,3,Green_Algae,5.770492,6.6639175
2022-09-05,3,Green_Algae,5.9060802,7.0736613
2022-09-06,3,Green_Algae,6.0416675,6.902259
2022-09-07,3,Green_Algae,6.177255,6.716856
2022-09-08,3,Green_Algae,6.312843,6.350774
2022-09-09,3,Green_Algae,6.4484305,6.2398095
2022-09-10,3,Green_Algae,6.230826,6.2831044
2022-09-11,3,Green_Algae,8.68992,6.471678
2022-09-12,3,Green_Algae,7.807916,6.7473993
2022-09-13,3,Green_Algae,8.3521595,6.805706
2022-09-14,3,Green_Algae,9.356362,7.5379453
2022-09-15,3,Green_Algae,7.107813,6.6595693
2022-09-16,3,Green_Algae,4.4031787,6.607683
2022-09-17,3,Green_Algae,3.7508175,6.6739893
2022-09-18,3,Green_Algae,6.3141737,5.8235636
2022-09-19,3,Green_Algae,3.516343,4.57116
2022-09-20,3,Green_Algae,1.5800507,4.0457435
2022-09-21,3,Green_Algae,1.6696308,5.112382
2022-09-22,3,Green_Algae,1.4959407,3.6091628
2022-09-23,3,Green_Algae,1.615673,2.3490856
2022-09-24,3,Green_Algae,2.0823896,2.0164013
2022-09-25,3,Green_Algae,1.5839247,1.8821054
2022-09-26,3,Green_Algae,1.9809276,2.222588
2022-09-27,3,Green_Algae,2.3091745,3.449402
2022-09-28,3,Green_Algae,5.5527225,3.9149156
2022-09-29,3,Green_Algae,6.6691623,5.070121
2022-09-30,3,Green_Algae,7.104832,5.5433583
2022-10-01,3,Green_Algae,2.6034105,7.197756
2022-10-02,3,Green_Algae,3.3666306,6.5524693
2022-10-03,3,Green_Algae,4.350832,4.741012
2022-10-04,3,Green_Algae,4.8073153,3.1787965
2022-10-05,3,Green_Algae,3.984971,3.4576795
2022-10-06,3,Green_Algae,3.1910217,3.3350759
2022-10-07,3,Green_Algae,2.3935506,3.2108116
2022-10-08,3,Green_Algae,1.82,2.5697703
2022-10-09,3,Green_Algae,3.16779,2.1776853
2022-10-10,3,Green_Algae,3.305127,1.9112256
2022-10-11,3,Green_Algae,2.3630557,1.7866831
2022-10-12,3,Green_Algae,2.342739,2.0828915
2022-10-13,3,Green_Algae,1.9473406,1.8708855
2022-10-14,3,Green_Algae,2.4178493,1.4849266
2022-10-15,3,Green_Algae,2.2874982,1.4393959
2022-10-16,3,Green_Algae,2.8773642,1.3420509
2022-10-17,3,Green_Algae,1.9032803,1.5973053
2022-10-18,3,Green_Algae,1.3671615,1.7444379
2022-10-19,3,Green_Algae,1.2281462,2.202496
2022-10-20,3,Green_Algae,1.4357452,1.882349
2022-10-21,3,Green_Algae,1.8146449,1.7205402
2022-10-22,3,Green_Algae,5.2175727,1.5904992
2022-10-23,3,Green_Algae,1.6347319,1.6441153
2022-10-24,3,Green_Algae,1.3448409,1.4841095
2022-10-25,3,Green_Algae,0.8646165,3.2766757
2022-10-26,3,Green_Algae,0.7161304,1.8893872
2022-10-27,3,Green_Algae,0.8117439,1.6201612
2022-10-28,3,Green_Algae,0.9852315,1.3975304
2022-10-29,3,Green_Algae,0.7189863,1.1847984
2022-10-30,3,Green_Algae,0.74040526,1.0094689
2022-10-31,3,Green_Algae,0.3959189,0.90515924
2022-11-01,3,Green_Algae,0.45915672,0.8425343
2022-11-02,3,Green_Algae,0.44663528,0.93222326
2022-11-03,3,Green_Algae,0.5711731,1.0054494
2022-11-04,3,Green_Algae,0.5187971,1.1321023
2022-11-05,3,Green_Algae,0.5168741,1.3609979
2022-11-06,3,Green_Algae,0.99285096,1.8479835
2022-11-07,3,Green_Algae,0.97021586,2.1832936
2022-11-08,3,Green_Algae,3.6827445,2.1592658
2022-11-09,3,Green_Algae,3.2042935,2.4438655
2022-11-10,3,Green_Algae,2.6945007,2.437181
2022-11-11,3,Green_Algae,5.053273,4.9794803
2022-11-12,3,Green_Algae,8.711579,4.9177465
2022-11-13,3,Green_Algae,7.713145,4.409774
2022-11-14,3,Green_Algae,5.1916933,4.3465896
2022-11-15,3,Green_Algae,1.4670622,3.8453481
2022-11-16,3,Green_Algae,0.26871106,2.403444
2022-11-17,3,Green_Algae,0.32965964,1.3674232
2022-11-18,3,Green_Algae,0.4381694,0.6335358
2022-11-19,3,Green_Algae,1.021942,0.55576897
2022-11-20,3,Green_Algae,1.0667945,0.6388852
2022-11-21,3,Green_Algae,0.9796669,0.7425904
2022-11-22,3,Green_Algae,1.0705576,0.94465363
2022-11-23,3,Green_Algae,1.2641643,0.96554345
2022-11-24,3,Green_Algae,0.9981404,0.98691493
2022-11-25,3,Green_Algae,0.8159957,1.0967023
2022-11-26,3,Green_Algae,1.3945585,1.2268571
2022-11-27,3,Green_Algae,1.6876014,1.2913921
2022-11-28,3,Green_Algae,1.396505,1.2101715
2022-11-29,3,Green_Algae,1.0866112,1.4667939
2022-11-30,3,Green_Algae,1.0804197,1.514194
2022-12-01,3,Green_Algae,1.0082923,1.4663738
2022-12-02,3,Green_Algae,1.1993546,1.2806569
2022-12-03,3,Green_Algae,1.0384793,1.2370244
2022-12-04,3,Green_Algae,0.9513034,1.2230043
2022-12-05,3,Green_Algae,1.4196737,1.0847992
2022-12-06,3,Green_Algae,1.5062437,0.8427838
2022-12-07,3,Green_Algae,1.6673859,0.68788755
2022-12-08,3,Green_Algae,1.7725435,0.70045596
2022-12-09,3,Green_Algae,2.750798,0.5506521
2022-12-10,3,Green_Algae,2.2412164,0.551525
2022-12-11,3,Green_Algae,0.4060463,0.5956193
2022-12-12,3,Green_Algae,0.160492,0.7792691
2022-12-13,3,Green_Algae,0.2686097,0.6194259
2022-12-14,3,Green_Algae,0.31757072,0.3018157
2022-12-15,3,Green_Algae,0.41242754,0.19442743
2022-12-16,3,Green_Algae,0.2809631,0.15632236
2022-12-17,3,Green_Algae,0.4638523,0.15716752
2022-12-18,3,Green_Algae,0.48307028,0.16961095
2022-12-19,3,Green_Algae,0.52901447,0.18459289
2022-12-20,3,Green_Algae,0.41270813,0.19824782
2022-12-21,3,Green_Algae,0.39071897,0.1610925
2022-12-22,3,Green_Algae,0.43844205,0.17366754
2022-12-23,3,Green_Algae,0.27015212,0.16841441
2022-12-24,3,Green_Algae,0.26322237,0.2263528
2022-12-25,3,Green_Algae,0.29721218,0.22417307
2022-12-26,3,Green_Algae,0.25078148,0.21545379
2022-12-27,3,Green_Algae,0.21856004,0.25322184
2022-12-28,3,Green_Algae,0.15966643,0.30690774
2022-12-29,3,Green_Algae,0.24490596,0.36787635
2022-12-30,3,Green_Algae,0.20376809,0.37892953
2022-12-31,3,Green_Algae,0.2882681,0.4410416
2023-01-01,3,Green_Algae,0.09535451,0.49197713
2023-01-02,3,Green_Algae,0.071312584,0.5797104
2023-01-03,3,Green_Algae,0.036156602,0.7341383
2023-01-04,3,Green_Algae,3.252288,0.75562066
2023-01-05,3,Green_Algae,6.237046,0.7840356
2023-01-06,3,Green_Algae,9.221804,0.91336954
2023-01-07,3,Green_Algae,9.225964,2.8350003
2023-01-08,3,Green_Algae,9.2301235,6.0040135
2023-01-09,3,Green_Algae,9.234284,7.430327
2023-01-10,3,Green_Algae,9.238444,7.6970673
2023-01-11,3,Green_Algae,9.242605,7.2801366
2023-01-12,3,Green_Algae,8.008986,6.7638593
2023-01-13,3,Green_Algae,9.353083,7.01487
2023-01-14,3,Green_Algae,6.951903,6.562885
2023-01-15,3,Green_Algae,3.9082983,5.5446563
2023-01-16,3,Green_Algae,3.8983636,5.4861546
2023-01-17,3,Green_Algae,3.6625977,4.3629136
2023-01-18,3,Green_Algae,2.6919782,2.4738638
2023-01-19,3,Green_Algae,2.5106957,3.131541
2023-01-20,3,Green_Algae,2.9152644,4.2031074
2023-01-21,3,Green_Algae,3.6604702,3.555403
2023-01-22,3,Green_Algae,7.30152,3.7467866
2023-01-23,3,Green_Algae,6.2374687,4.086553
2023-01-24,3,Green_Algae,5.173418,4.1611514
2023-01-25,3,Green_Algae,4.7855973,6.476851
2023-01-26,3,Green_Algae,4.944407,6.057278
2023-01-27,3,Green_Algae,5.020905,4.496754
2023-01-28,3,Green_Algae,4.1378713,4.3512225
2023-01-29,3,Green_Algae,3.5290515,4.0968246
2023-01-30,3,Green_Algae,3.2179534,4.285837
2023-01-31,3,Green_Algae,5.3130965,3.5524468
2023-02-01,3,Green_Algae,7.0447626,3.836692
2023-02-02,3,Green_Algae,9.122445,4.062914
2023-02-03,3,Green_Algae,6.014926,5.9435763
2023-02-04,3,Green_Algae,5.961019,7.417111
2023-02-05,3,Green_Algae,5.907112,8.590599
2023-02-06,3,Green_Algae,5.853205,6.8934674
2023-02-07,3,Green_Algae,8.160051,6.987345
2023-02-08,3,Green_Algae,7.2787995,6.8309464
2023-02-09,3,Green_Algae,6.3975487,5.6462274
2023-02-10,3,Green_Algae,1.4237877,4.506327
2023-02-11,3,Green_Algae,1.1469333,2.6369896
2023-02-12,3,Green_Algae,0.77981836,1.733052
2023-02-13,3,Green_Algae,0.90640306,0.4962074
2023-02-14,3,Green_Algae,0.18429561,0.31575918
2023-02-15,3,Green_Algae,0.09019138,0.21341574
2023-02-16,3,Green_Algae,0.06921226,0.26334518
2023-02-17,3,Green_Algae,0.09716904,0.38001445
2023-02-18,3,Green_Algae,0.5358182,0.4577842
2023-02-19,3,Green_Algae,0.73984677,0.56075287
2023-02-20,3,Green_Algae,0.9485524,0.7284101
2023-02-21,3,Green_Algae,0.88800627,0.8725352
2023-02-22,3,Green_Algae,0.77299947,0.9381759
2023-02-23,3,Green_Algae,0.8697355,0.9080056
2023-02-24,3,Green_Algae,0.9345164,0.72610164
2023-02-25,3,Green_Algae,0.5437155,0.59325194
2023-02-26,3,Green_Algae,0.35603827,0.6185997
2023-02-27,3,Green_Algae,0.2848945,0.57658476
2023-02-28,3,Green_Algae,0.9269008,0.5022312
2023-03-01,3,Green_Algae,1.0543281,0.4523003
2023-03-02,3,Green_Algae,0.82646257,0.45724148
2023-03-03,3,Green_Algae,0.41406226,0.67976904
2023-03-04,3,Green_Algae,0.43284735,0.69123954
2023-03-05,3,Green_Algae,0.34657025,0.6117617
2023-03-06,3,Green_Algae,0.24229686,0.5624607
2023-03-07,3,Green_Algae,0.28762135,0.56388193
2023-03-08,3,Green_Algae,0.23873465,0.49614283
2023-03-09,3,Green_Algae,0.20506701,0.45233923
2023-03-10,3,Green_Algae,0.12347253,0.4648792
2023-03-11,3,Green_Algae,0.08151744,0.45391676
2023-03-12,3,Green_Algae,0.14753455,0.5020288
2023-03-13,3,Green_Algae,0.08237493,0.5731094
2023-03-14,3,Green_Algae,0.036238365,0.6417294
2023-03-15,3,Green_Algae,0.1186852,0.67872083
2023-03-16,3,Green_Algae,0.17207983,0.8176941
2023-03-17,3,Green_Algae,0.24798092,0.9269034
2023-03-18,3,Green_Algae,0.23571466,0.83345544
2023-03-19,3,Green_Algae,0.16183792,0.7570836
2023-03-20,3,Green_Algae,0.40782675,0.71922374
2023-03-21,3,Green_Algae,0.101640604,0.7148926
2023-03-22,3,Green_Algae,0.5060475,0.740236
2023-03-23,3,Green_Algae,2.69248,0.9150258
2023-03-24,3,Green_Algae,1.9497765,0.9487798
2023-03-25,3,Green_Algae,1.3316832,1.1578547
2023-03-26,3,Green_Algae,2.578498,1.9070532
2023-03-27,3,Green_Algae,2.0630136,1.6394693
2023-03-28,3,Green_Algae,1.7380223,1.1687926
2023-03-29,3,Green_Algae,1.37283,1.1351216
2023-03-30,3,Green_Algae,1.1725881,0.8020837
2023-03-31,3,Green_Algae,0.9683462,0.5058739
2023-04-01,3,Green_Algae,0.71395975,0.5430286
2023-04-02,3,Green_Algae,0.683174,0.5852591
2023-04-03,3,Green_Algae,0.75986,0.7174308
2023-04-04,3,Green_Algae,0.6773602,0.95577556
2023-04-05,3,Green_Algae,1.834648,1.2323618
2023-04-06,3,Green_Algae,4.089308,1.4090121
2023-04-07,3,Green_Algae,2.2397137,1.6379843
2023-04-08,3,Green_Algae,1.7206718,1.8619326
2023-04-09,3,Green_Algae,1.4219851,2.0217957
2023-04-10,3,Green_Algae,1.2250155,1.0442717
2023-04-11,3,Green_Algae,0.8648579,0.8649744
2023-04-12,3,Green_Algae,0.56595254,0.76663876
2023-04-13,3,Green_Algae,0.50567454,0.70599455
2023-04-14,3,Green_Algae,0.66647476,0.5961459
2023-04-15,3,Green_Algae,1.0466163,0.5400228
2023-04-16,3,Green_Algae,1.2097328,0.60880935
2023-04-17,3,Green_Algae,2.6901345,1.2096977
2023-04-18,3,Green_Algae,2.477803,1.7192216
2023-04-19,3,Green_Algae,2.09581,1.4428691
2023-04-20,3,Green_Algae,1.6294928,1.752641
2023-04-21,3,Green_Algae,1.3932893,1.3088202
2023-04-22,3,Green_Algae,0.9884703,1.0602014
2023-04-23,3,Green_Algae,0.9850644,0.90601766
2023-04-24,3,Green_Algae,1.0676374,0.8875752
2023-04-25,3,Green_Algae,1.3244078,0.8669075
2023-04-26,3,Green_Algae,0.6416333,0.90096986
2023-04-27,3,Green_Algae,0.27814546,0.89687026
2023-04-28,3,Green_Algae,1.3145058,0.9505381
2023-04-29,3,Green_Algae,3.2526584,0.95460016
2023-04-30,3,Green_Algae,3.1499057,1.0085201
2023-05-01,3,Green_Algae,1.6380941,1.6298773
2023-05-02,3,Green_Algae,4.1922054,2.7516484
2023-05-03,3,Green_Algae,5.529419,2.5285056
2023-05-04,3,Green_Algae,6.2632565,1.4888935
2023-05-05,3,Green_Algae,6.8380823,3.164521
2023-05-06,3,Green_Algae,7.412908,4.291047
2023-05-07,3,Green_Algae,4.079104,5.6196623
2023-05-08,3,Green_Algae,2.2593377,7.1632032
2023-05-09,3,Green_Algae,1.9581879,7.162976
2023-05-10,3,Green_Algae,2.4479287,3.962393
2023-05-11,3,Green_Algae,2.7059772,3.227586
2023-05-12,3,Green_Algae,2.3598123,2.7378685
2023-05-13,3,Green_Algae,1.7751207,2.149157
2023-05-14,3,Green_Algae,1.2882135,1.664021
2023-05-15,3,Green_Algae,1.0123258,1.0593839
2023-05-16,3,Green_Algae,1.0217282,0.7101887
2023-05-17,3,Green_Algae,0.8613485,0.42926875
2023-05-18,3,Green_Algae,1.1611063,0.3758078
2023-05-19,3,Green_Algae,0.9660143,0.5465417
2023-05-20,3,Green_Algae,0.79129213,0.5408349
2023-05-21,3,Green_Algae,1.006314,0.62696576
2023-05-22,3,Green_Algae,0.55901504,0.6188121
2023-05-23,3,Green_Algae,0.46997598,0.74250036
2023-05-24,3,Green_Algae,0.31273833,0.75317705
2023-05-25,3,Green_Algae,0.29093453,0.54539865
2023-05-26,3,Green_Algae,0.25067583,0.56510746
2023-05-27,3,Green_Algae,0.42133546,0.7170758
2023-05-28,3,Green_Algae,1.3887391,0.9511742
2023-05-29,3,Green_Algae,2.5463135,1.3061013
2023-05-30,3,Green_Algae,2.2533908,1.6903648
2023-05-31,3,Green_Algae,3.1068542,2.689002
2023-06-01,3,Green_Algae,2.7869723,3.531671
2023-06-02,3,Green_Algae,2.4034996,2.8547916
2023-06-03,3,Green_Algae,1.0539821,3.1118886
2023-06-04,3,Green_Algae,0.93468004,1.8704659
2023-06-05,3,Green_Algae,0.4879697,0.973549
2023-06-06,3,Green_Algae,0.8998942,0.50786686
2023-06-07,3,Green_Algae,1.3108021,0.43429244
2023-06-08,3,Green_Algae,1.019688,0.41590527
2023-06-09,3,Green_Algae,0.46447587,0.4957593
2023-06-10,3,Green_Algae,0.49861857,0.5322406
2023-06-11,3,Green_Algae,0.61284125,0.47514027
2023-06-12,3,Green_Algae,0.6797172,0.5195519
2023-06-13,3,Green_Algae,0.7083528,0.5822756
2023-06-14,3,Green_Algae,0.35401052,0.5799594
2023-06-15,3,Green_Algae,0.41286027,0.5694383
2023-06-16,3,Green_Algae,0.2804898,0.44147208
2023-06-17,3,Green_Algae,0.2304269,0.4451924
2023-06-18,3,Green_Algae,0.5143521,0.3657034
2023-06-19,3,Green_Algae,0.5725395,0.4749632
2023-06-20,3,Green_Algae,1.4189571,0.6595902
2023-06-21,3,Green_Algae,3.0382833,0.97334266
2023-06-22,3,Green_Algae,3.1065986,1.0399032
2023-06-23,3,Green_Algae,1.9374653,1.3749377
2023-06-24,3,Green_Algae,1.1924785,1.8865724
2023-06-25,3,Green_Algae,1.0128819,1.7932088
2023-06-26,3,Green_Algae,1.2879117,1.346181
2023-06-27,3,Green_Algae,1.1464972,1.3803098
2023-06-28,3,Green_Algae,4.1690407,1.9112325
2023-06-29,3,Green_Algae,5.1483574,2.4472408
2023-06-30,3,Green_Algae,4.417229,2.2641346
2023-07-01,3,Green_Algae,3.0753262,3.9618385
2023-07-02,3,Green_Algae,2.3679974,4.756924
2023-07-03,3,Green_Algae,3.1175823,4.698195
2023-07-04,3,Green_Algae,5.006934,4.1729026
2023-07-05,3,Green_Algae,6.813222,4.6962233
2023-07-06,3,Green_Algae,7.1008797,5.7552533
2023-07-07,3,Green_Algae,7.8447523,6.6935096
2023-07-08,3,Green_Algae,7.1713324,6.621381
2023-07-09,3,Green_Algae,7.92671,5.9738317
2023-07-10,3,Green_Algae,7.4939637,6.2924614
2023-07-11,3,Green_Algae,5.54597,6.2705398
2023-07-12,3,Green_Algae,4.022008,6.557237
2023-07-13,3,Green_Algae,3.7216525,5.20403
2023-07-14,3,Green_Algae,2.7944505,3.2171595
2023-07-15,3,Green_Algae,2.0034344,2.5494595
2023-07-16,3,Green_Algae,1.4967204,1.852814
2023-07-17,3,Green_Algae,1.3990573,1.2365428
2023-07-18,3,Green_Algae,1.0275207,0.8990067
2023-07-19,3,Green_Algae,1.0186292,0.86608326
2023-07-20,3,Green_Algae,1.734702,1.1792043
2023-07-21,3,Green_Algae,3.5428689,1.6409901
2023-07-22,3,Green_Algae,8.218171,2.5470815
2023-07-23,3,Green_Algae,8.601586,4.6278896
2023-07-24,3,Green_Algae,9.032261,7.042885
2023-07-25,3,Green_Algae,8.793951,8.36336
2023-07-26,3,Green_Algae,6.349499,7.8090315
2023-07-27,3,Green_Algae,4.783891,6.6739855
2023-07-28,3,Green_Algae,2.371833,4.503451
2023-07-29,3,Green_Algae,1.8697046,3.0654848
2023-07-30,3,Green_Algae,2.1430004,2.4203646
2023-07-31,3,Green_Algae,2.687552,1.7095282
2023-08-01,3,Green_Algae,2.8441966,2.0556889
2023-08-02,3,Green_Algae,3.3121603,2.8671799
2023-08-03,3,Green_Algae,4.9291377,4.0113525
2023-08-04,3,Green_Algae,5.591187,3.7069306
2023-08-05,3,Green_Algae,8.544591,4.957312
2023-08-06,3,Green_Algae,8.778641,6.437647
2023-08-07,3,Green_Algae,9.01269,6.467009
2023-08-08,3,Green_Algae,9.246739,7.9414344
2023-08-09,3,Green_Algae,6.3150916,7.231716
2023-08-10,3,Green_Algae,5.0038095,6.1707993
2023-08-11,3,Green_Algae,3.3346193,4.759351
2023-08-12,3,Green_Algae,2.5525656,4.961279
2023-08-13,3,Green_Algae,3.0647385,3.978261
2023-08-14,3,Green_Algae,5.879216,4.214481
2023-08-15,3,Green_Algae,6.031285,3.264445
2023-08-16,3,Green_Algae,4.687024,3.3726063
2023-08-17,3,Green_Algae,1.2427475,3.708806
2023-08-18,3,Green_Algae,0.8998853,1.8369392
2023-08-19,3,Green_Algae,0.66447395,1.020487
2023-08-20,3,Green_Algae,0.51328796,0.28408346
2023-08-21,3,Green_Algae,0.45516005,0.22493824
2023-08-22,3,Green_Algae,0.3003116,0.20204872
2023-08-23,3,Green_Algae,0.28055164,0.15778188
2023-08-24,3,Green_Algae,0.2979189,0.18090853
2023-08-25,3,Green_Algae,0.2403409,0.16907597
2023-08-26,3,Green_Algae,0.44934124,0.20795538
2023-08-27,3,Green_Algae,0.41253313,0.2988961
2023-08-28,3,Green_Algae,0.5238057,0.4310107
2023-08-29,3,Green_Algae,1.458634,0.4991134
2023-08-30,3,Green_Algae,0.76870924,0.6086161
2023-08-31,3,Green_Algae,1.4702122,0.80240875
2023-09-01,3,Green_Algae,0.9918718,0.9684398
2023-09-02,3,Green_Algae,0.91562474,0.61740464
2023-09-03,3,Green_Algae,0.70573056,1.1191
2023-09-04,3,Green_Algae,0.6742999,0.7987307
2023-09-05,3,Green_Algae,1.3842525,0.9889731
2023-09-06,3,Green_Algae,4.9435377,0.9664181
2023-09-07,3,Green_Algae,3.897788,0.9933504
2023-09-08,3,Green_Algae,1.5145657,1.4315823
2023-09-09,3,Green_Algae,0.6406925,1.6003742
2023-09-10,3,Green_Algae,0.33638895,1.00877
2023-09-11,3,Green_Algae,0.10094779,0.47292355
2023-09-12,3,Green_Algae,0.09816431,0.34175685
2023-09-13,3,Green_Algae,0.2952668,0.42709985
2023-09-14,3,Green_Algae,0.7073095,0.6796068
2023-09-15,3,Green_Algae,1.220801,0.76248986
2023-09-16,3,Green_Algae,0.82873017,0.8931052
2023-09-17,3,Green_Algae,0.7083514,0.85219324
2023-09-18,3,Green_Algae,1.3472247,1.044176
2023-09-19,3,Green_Algae,1.9606476,0.98935366
2023-09-20,3,Green_Algae,3.1551094,1.0039777
2023-09-21,3,Green_Algae,4.03383,1.3658491
2023-09-22,3,Green_Algae,3.11515,1.600083
2023-09-23,3,Green_Algae,3.0413108,2.3530407
2023-09-24,3,Green_Algae,3.025897,2.7589514
2023-09-25,3,Green_Algae,2.150364,2.456151
2023-09-26,3,Green_Algae,2.4681423,2.7919633
2023-09-27,3,Green_Algae,2.4991379,2.436086
2023-09-28,3,Green_Algae,2.2806215,1.7687961
2023-09-29,3,Green_Algae,1.9233941,2.0276482
2023-09-30,3,Green_Algae,1.7363886,1.7197202
2023-10-01,3,Green_Algae,2.0806055,1.5276483
2023-10-02,3,Green_Algae,1.3755308,1.3726175
2023-10-03,3,Green_Algae,1.3721676,1.1512961
2023-10-04,3,Green_Algae,1.5986129,1.0955312
2023-10-05,3,Green_Algae,1.1944014,0.72892916
2023-10-06,3,Green_Algae,0.4352867,0.5675377
2023-10-07,3,Green_Algae,0.038954273,0.59690136
2023-10-08,3,Green_Algae,0.005254514,0.4031535
2023-10-09,3,Green_Algae,0.00022059257,0.22730273
2023-10-10,3,Green_Algae,0.07396206,0.16281958
2023-10-11,3,Green_Algae,0.0044502877,0.13801396
2023-10-12,3,Green_Algae,0.21425903,0.17301886
2023-10-13,3,Green_Algae,0.4240678,0.26965082
2023-10-14,3,Green_Algae,1.2040071,0.34053114
2023-10-15,3,Green_Algae,1.538577,0.44290203
2023-10-16,3,Green_Algae,0.91931796,0.62471646
2023-10-17,3,Green_Algae,0.49678364,0.9038044
2023-10-18,3,Green_Algae,0.27720237,0.79583305
2023-10-19,3,Green_Algae,0.060109414,0.42217702
2023-10-20,3,Green_Algae,0.0003220112,0.35089508
2023-10-21,3,Green_Algae,0.0012375681,0.3000515
2023-10-22,3,Green_Algae,0.0032772026,0.1750374
2023-10-23,3,Green_Algae,0.0053168214,0.08800024
2023-10-24,3,Green_Algae,0.0073564914,0.021440882
2023-10-25,3,Green_Algae,0.009396112,-0.0021036533
2023-10-26,3,Green_Algae,0.01143575,0.006730574
2023-10-27,3,Green_Algae,0.00014706633,0.013058727
2023-10-28,3,Green_Algae,0.00014947286,-0.0068997773
2023-10-29,3,Green_Algae,0.00015179641,-0.036140926
2023-10-30,3,Green_Algae,0.0036961709,-0.054481097
2023-10-31,3,Green_Algae,5.8028803e-05,-0.025724484
2023-11-01,3,Green_Algae,0.005072786,0.030658154
2023-11-02,3,Green_Algae,0.009415459,0.084532164
2023-11-03,3,Green_Algae,0.23354869,0.09117986
2023-11-04,3,Green_Algae,0.19017506,0.09632394
2023-11-05,3,Green_Algae,0.29466212,0.07287202
2023-11-06,3,Green_Algae,0.52662814,0.040312435
2023-11-07,3,Green_Algae,0.14937869,0.057191618
2023-11-08,3,Green_Algae,0.051346254,0.09008583
2023-11-09,3,Green_Algae,0.0022525839,0.06134076
2023-11-10,3,Green_Algae,0.0037495536,0.041228656
2023-11-11,3,Green_Algae,0.00026789785,0.03924301
2023-11-12,3,Green_Algae,0.00030059792,0.06963116
2023-11-13,3,Green_Algae,0.00033329905,0.08265391
2023-11-14,3,Green_Algae,0.014367214,0.084277175
2023-11-15,3,Green_Algae,0.03973635,0.1136172
2023-11-16,3,Green_Algae,0.08579548,0.10453728
2023-11-17,3,Green_Algae,0.023645498,0.13812746
2023-11-18,3,Green_Algae,0.012744074,0.16750465
2023-11-19,3,Green_Algae,0.013970377,0.15774585
2023-11-20,3,Green_Algae,0.045104496,0.1643789
2023-11-21,3,Green_Algae,0.14602937,0.26740548
2023-11-22,3,Green_Algae,0.18774286,0.30041668
2023-11-23,3,Green_Algae,0.12678686,0.3417554
2023-11-24,3,Green_Algae,0.06583095,0.35384077
2023-11-25,3,Green_Algae,0.0048749987,0.3488598
2023-11-26,3,Green_Algae,0.01300342,0.50047266
2023-11-27,3,Green_Algae,0.0009985091,0.5000988
2023-11-28,3,Green_Algae,0.3965642,0.5393951
2023-11-29,3,Green_Algae,0.7921298,0.5549989
2023-11-30,3,Green_Algae,1.1876955,0.5742955
2023-12-01,3,Green_Algae,0.5417547,0.68323296
2023-12-02,3,Green_Algae,0.28317368,0.7663444
2023-12-03,3,Green_Algae,0.26998764,1.3445367
2023-12-04,3,Green_Algae,0.041641086,0.72699183
2023-12-05,3,Green_Algae,0.007523836,0.5838886
2023-12-06,3,Green_Algae,0.0014946325,0.5723433
2023-12-07,3,Green_Algae,0.051200677,0.49686027
2023-12-08,3,Green_Algae,0.031184377,0.6086212
2023-12-09,3,Green_Algae,0.320014,0.58397114
2023-12-10,3,Green_Algae,0.19122079,0.47840926
2023-12-11,3,Green_Algae,0.9545549,0.50179815
2023-12-12,3,Green_Algae,2.0166812,0.6907879
2023-12-13,3,Green_Algae,1.8324066,0.67534256
2023-12-14,3,Green_Algae,1.3901647,0.9514291
2023-12-15,3,Green_Algae,2.1495306,1.3593801
2023-12-16,3,Green_Algae,1.2279633,0.97936004
2023-12-17,3,Green_Algae,0.5186076,0.693424
2023-12-18,3,Green_Algae,0.2195702,0.5304904
2023-12-19,3,Green_Algae,0.2801519,0.28614298
2023-12-20,3,Green_Algae,0.20370297,0.16803116
2023-12-21,3,Green_Algae,0.061779305,0.17072108
2023-12-22,3,Green_Algae,0.047017764,0.25591838
2023-12-23,3,Green_Algae,0.0322563,0.2620531
2023-12-24,3,Green_Algae,0.017494831,0.2966409
2023-12-25,3,Green_Algae,0.0027333545,0.39615244
2023-12-26,3,Green_Algae,0.0019698853,0.45661288
2023-12-27,3,Green_Algae,1.632065,0.5293058
2023-12-28,3,Green_Algae,2.6889994,0.6104852
2023-12-29,3,Green_Algae,2.2090032,0.92766786
