date,horizon,target,true_value,pred_value
2020-10-28,1,Cryptophyta,2.931903,1.4699714
2020-10-29,1,Cryptophyta,4.774588,1.479588
2020-10-30,1,Cryptophyta,6.4135556,1.5143886
2020-10-31,1,Cryptophyta,2.063502,1.5897361
2020-11-01,1,Cryptophyta,2.9815042,1.6138963
2020-11-02,1,Cryptophyta,2.4898262,1.5956434
2020-11-03,1,Cryptophyta,1.4050977,1.555505
2020-11-04,1,Cryptophyta,1.058533,1.5104414
2020-11-05,1,Cryptophyta,0.4326792,1.4766959
2020-11-06,1,Cryptophyta,2.0832295,1.4474239
2020-11-07,1,Cryptophyta,4.693758,1.4399091
2020-11-08,1,Cryptophyta,1.0451305,1.4692051
2020-11-09,1,Cryptophyta,0.93248004,1.4888529
2020-11-10,1,Cryptophyta,0.7796366,1.4982667
2020-11-11,1,Cryptophyta,0.9081858,1.4988337
2020-11-12,1,Cryptophyta,0.9168905,1.4934685
2020-11-13,1,Cryptophyta,1.4211985,1.4802529
2020-11-14,1,Cryptophyta,2.0446377,1.4767134
2020-11-15,1,Cryptophyta,1.2189211,1.4892966
2020-11-16,1,Cryptophyta,2.869199,1.4923177
2020-11-17,1,Cryptophyta,2.9393878,1.5216594
2020-11-18,1,Cryptophyta,2.1355057,1.5510137
2020-11-19,1,Cryptophyta,5.508126,1.5411322
2020-11-20,1,Cryptophyta,2.4160047,1.5569794
2020-11-21,1,Cryptophyta,3.1686294,1.517058
2020-11-22,1,Cryptophyta,2.8650892,1.4775467
2020-11-23,1,Cryptophyta,1.2395797,1.4541042
2020-11-24,1,Cryptophyta,1.531438,1.4214188
2020-11-25,1,Cryptophyta,1.414658,1.3983865
2020-11-26,1,Cryptophyta,4.4915557,1.3804959
2020-11-27,1,Cryptophyta,1.921042,1.4045261
2020-11-28,1,Cryptophyta,1.37678,1.4287761
2020-11-29,1,Cryptophyta,1.6549928,1.4363854
2020-11-30,1,Cryptophyta,0.13129526,1.4364576
2020-12-01,1,Cryptophyta,0.28309917,1.414233
2020-12-02,1,Cryptophyta,0.8165774,1.2930973
2020-12-03,1,Cryptophyta,0.39298117,0.8786231
2020-12-04,1,Cryptophyta,0.7697974,0.8213756
2020-12-05,1,Cryptophyta,0.27719247,0.86610067
2020-12-06,1,Cryptophyta,0.2930608,1.125752
2020-12-07,1,Cryptophyta,0.45009413,1.1011473
2020-12-08,1,Cryptophyta,0.70262855,0.94887483
2020-12-09,1,Cryptophyta,1.2964157,1.1769357
2020-12-10,1,Cryptophyta,0.8849384,1.2649863
2020-12-11,1,Cryptophyta,0.4182911,1.3325617
2020-12-12,1,Cryptophyta,1.2485663,1.3761406
2020-12-13,1,Cryptophyta,4.7039027,1.4209639
2020-12-14,1,Cryptophyta,0.6753835,1.5897706
2020-12-15,1,Cryptophyta,0.16052096,1.7072744
2020-12-16,1,Cryptophyta,0.20374095,1.6644909
2020-12-17,1,Cryptophyta,0.33086172,1.5606973
2020-12-18,1,Cryptophyta,0.36293116,1.4740218
2020-12-19,1,Cryptophyta,0.6879812,1.39407
2020-12-20,1,Cryptophyta,1.0289001,1.2287352
2020-12-21,1,Cryptophyta,1.52769,1.3167531
2020-12-22,1,Cryptophyta,1.4272194,1.4288788
2020-12-23,1,Cryptophyta,3.3130145,1.6570908
2020-12-24,1,Cryptophyta,2.4671543,1.8211383
2020-12-25,1,Cryptophyta,1.2202317,1.9303762
2020-12-26,1,Cryptophyta,1.075974,1.9515655
2020-12-27,1,Cryptophyta,1.2043954,1.9198858
2020-12-28,1,Cryptophyta,5.7440696,1.9069989
2020-12-29,1,Cryptophyta,5.131,2.0463932
2020-12-30,1,Cryptophyta,4.5179305,2.2076197
2020-12-31,1,Cryptophyta,5.8423734,2.3346734
2021-01-01,1,Cryptophyta,2.6449928,2.4161484
2021-01-02,1,Cryptophyta,1.2774583,2.360242
2021-01-03,1,Cryptophyta,1.0863966,2.1903524
2021-01-04,1,Cryptophyta,1.0671253,1.9870379
2021-01-05,1,Cryptophyta,0.94905144,1.8317955
2021-01-06,1,Cryptophyta,1.8335047,1.7256683
2021-01-07,1,Cryptophyta,3.0565534,1.7009869
2021-01-08,1,Cryptophyta,1.30677,1.8004308
2021-01-09,1,Cryptophyta,0.993589,1.8697135
2021-01-10,1,Cryptophyta,0.8233068,1.917715
2021-01-11,1,Cryptophyta,1.050239,1.9333836
2021-01-12,1,Cryptophyta,2.0137553,1.9384756
2021-01-13,1,Cryptophyta,2.547916,2.0064123
2021-01-14,1,Cryptophyta,2.8340523,2.12891
2021-01-15,1,Cryptophyta,2.6274946,2.2843492
2021-01-16,1,Cryptophyta,3.0504706,2.4032881
2021-01-17,1,Cryptophyta,3.0277352,2.5227907
2021-01-18,1,Cryptophyta,2.7913675,2.6140473
2021-01-19,1,Cryptophyta,2.3570838,2.6858878
2021-01-20,1,Cryptophyta,3.5750723,2.697273
2021-01-21,1,Cryptophyta,4.109334,2.7638228
2021-01-22,1,Cryptophyta,3.7022157,2.81165
2021-01-23,1,Cryptophyta,4.783394,2.8250597
2021-01-24,1,Cryptophyta,2.2128148,2.8635495
2021-01-25,1,Cryptophyta,3.627907,2.7764075
2021-01-26,1,Cryptophyta,3.7955356,2.6837127
2021-01-27,1,Cryptophyta,5.924356,2.6793544
2021-01-28,1,Cryptophyta,3.6009696,2.7440634
2021-01-29,1,Cryptophyta,4.706469,2.7021537
2021-01-30,1,Cryptophyta,5.1016426,2.6891341
2021-01-31,1,Cryptophyta,3.963237,2.7677083
2021-02-01,1,Cryptophyta,3.4826646,2.8326342
2021-02-02,1,Cryptophyta,3.2203693,2.8063428
2021-02-03,1,Cryptophyta,2.5164735,2.73646
2021-02-04,1,Cryptophyta,3.3825343,2.5897336
2021-02-05,1,Cryptophyta,3.3017147,2.4856389
2021-02-06,1,Cryptophyta,2.9269514,2.4234948
2021-02-07,1,Cryptophyta,2.3131208,2.3662362
2021-02-08,1,Cryptophyta,1.9849964,2.284739
2021-02-09,1,Cryptophyta,3.425029,2.1523004
2021-02-10,1,Cryptophyta,5.069283,2.1045847
2021-02-11,1,Cryptophyta,3.250572,2.24517
2021-02-12,1,Cryptophyta,2.8851557,2.384923
2021-02-13,1,Cryptophyta,6.569689,2.4281583
2021-02-14,1,Cryptophyta,5.033589,2.5876968
2021-02-15,1,Cryptophyta,3.6312373,2.692274
2021-02-16,1,Cryptophyta,4.1591535,2.646251
2021-02-17,1,Cryptophyta,3.4927206,2.6345956
2021-02-18,1,Cryptophyta,2.1676483,2.559785
2021-02-19,1,Cryptophyta,2.7191303,2.415348
2021-02-20,1,Cryptophyta,2.3670385,2.2939987
2021-02-21,1,Cryptophyta,2.7633286,2.197786
2021-02-22,1,Cryptophyta,2.4508183,2.189409
2021-02-23,1,Cryptophyta,2.3480086,2.2010946
2021-02-24,1,Cryptophyta,1.872853,2.1900673
2021-02-25,1,Cryptophyta,3.0860362,2.1213024
2021-02-26,1,Cryptophyta,3.569427,2.0495317
2021-02-27,1,Cryptophyta,3.2749453,2.0212164
2021-02-28,1,Cryptophyta,2.9949775,2.0214183
2021-03-01,1,Cryptophyta,1.9386367,1.9717638
2021-03-02,1,Cryptophyta,2.0704148,1.7978139
2021-03-03,1,Cryptophyta,3.985123,1.5653139
2021-03-04,1,Cryptophyta,2.5256224,1.5058289
2021-03-05,1,Cryptophyta,0.966932,1.483249
2021-03-06,1,Cryptophyta,0.52926195,1.3776585
2021-03-07,1,Cryptophyta,0.5995007,1.2701067
2021-03-08,1,Cryptophyta,0.46934107,1.1795353
2021-03-09,1,Cryptophyta,0.53188133,1.1040715
2021-03-10,1,Cryptophyta,0.67051375,1.0361094
2021-03-11,1,Cryptophyta,1.7803546,0.97645575
2021-03-12,1,Cryptophyta,2.5919247,0.93585944
2021-03-13,1,Cryptophyta,6.490051,0.9124702
2021-03-14,1,Cryptophyta,3.7538712,0.92730045
2021-03-15,1,Cryptophyta,3.1785095,0.9299943
2021-03-16,1,Cryptophyta,2.4393127,0.9119145
2021-03-17,1,Cryptophyta,1.4057163,0.88471764
2021-03-18,1,Cryptophyta,1.2176338,0.8745147
2021-03-19,1,Cryptophyta,0.5862518,0.84088767
2021-03-20,1,Cryptophyta,0.23516648,0.81379366
2021-03-21,1,Cryptophyta,0.024312591,0.7865851
2021-03-22,1,Cryptophyta,0.20230821,0.7632092
2021-03-23,1,Cryptophyta,0.41667634,0.7593578
2021-03-24,1,Cryptophyta,0.2692962,0.73908347
2021-03-25,1,Cryptophyta,0.32939044,0.72830635
2021-03-26,1,Cryptophyta,0.32711288,0.7250312
2021-03-27,1,Cryptophyta,0.45832005,0.7183997
2021-03-28,1,Cryptophyta,0.7455974,0.7150735
2021-03-29,1,Cryptophyta,2.5559523,0.7063939
2021-03-30,1,Cryptophyta,3.8826284,0.7081419
2021-03-31,1,Cryptophyta,3.3377802,0.72467375
2021-04-01,1,Cryptophyta,1.2241564,0.7451107
2021-04-02,1,Cryptophyta,0.2549022,0.75661653
2021-04-03,1,Cryptophyta,0.23659663,0.7517504
2021-04-04,1,Cryptophyta,0.053678524,0.7482457
2021-04-05,1,Cryptophyta,0.013581768,0.7431439
2021-04-06,1,Cryptophyta,0.05430536,0.7379186
2021-04-07,1,Cryptophyta,0.032896426,0.7284143
2021-04-08,1,Cryptophyta,0.05452243,0.72031355
2021-04-09,1,Cryptophyta,0.111700416,0.71514916
2021-04-10,1,Cryptophyta,0.36037627,0.7107368
2021-04-11,1,Cryptophyta,0.9309045,0.70725656
2021-04-12,1,Cryptophyta,4.4353657,0.7066861
2021-04-13,1,Cryptophyta,4.5296745,0.71322876
2021-04-14,1,Cryptophyta,4.7901015,0.7257071
2021-04-15,1,Cryptophyta,4.097689,0.7394806
2021-04-16,1,Cryptophyta,3.4052775,0.7534909
2021-04-17,1,Cryptophyta,6.085865,0.76597744
2021-04-18,1,Cryptophyta,0.7100869,0.7860811
2021-04-19,1,Cryptophyta,0.6453512,0.7998612
2021-04-20,1,Cryptophyta,0.84328747,0.80158895
2021-04-21,1,Cryptophyta,1.7741998,0.7993968
2021-04-22,1,Cryptophyta,3.597625,0.79624
2021-04-23,1,Cryptophyta,2.9359233,0.79347974
2021-04-24,1,Cryptophyta,3.833693,0.7951045
2021-04-25,1,Cryptophyta,4.4633455,0.8009444
2021-04-26,1,Cryptophyta,1.0418307,0.8083103
2021-04-27,1,Cryptophyta,0.21408828,0.8084168
2021-04-28,1,Cryptophyta,0.014493498,0.7963227
2021-04-29,1,Cryptophyta,0.039790172,0.77275306
2021-04-30,1,Cryptophyta,0.28643999,0.7540168
2021-05-01,1,Cryptophyta,2.2824168,0.7393883
2021-05-02,1,Cryptophyta,2.6909986,0.7327876
2021-05-03,1,Cryptophyta,2.769449,0.7306096
2021-05-04,1,Cryptophyta,0.42055428,0.73198277
2021-05-05,1,Cryptophyta,1.0409683,0.73940194
2021-05-06,1,Cryptophyta,2.7422197,0.9408615
2021-05-07,1,Cryptophyta,2.4887962,1.4804634
2021-05-08,1,Cryptophyta,4.2748013,1.5286403
2021-05-09,1,Cryptophyta,6.8061724,1.5945987
2021-05-10,1,Cryptophyta,4.8118887,1.7414237
2021-05-11,1,Cryptophyta,6.5926557,1.9345121
2021-05-12,1,Cryptophyta,6.2209406,2.1424732
2021-05-13,1,Cryptophyta,5.8229237,2.221121
2021-05-14,1,Cryptophyta,1.5781838,2.194095
2021-05-15,1,Cryptophyta,1.0210347,1.95188
2021-05-16,1,Cryptophyta,0.43799567,1.668044
2021-05-17,1,Cryptophyta,0.6316715,1.485516
2021-05-18,1,Cryptophyta,0.9674602,1.4395
2021-05-19,1,Cryptophyta,0.525887,1.4359702
2021-05-20,1,Cryptophyta,1.4451882,1.4358983
2021-05-21,1,Cryptophyta,1.1084154,1.4423379
2021-05-22,1,Cryptophyta,1.0994352,1.4512635
2021-05-23,1,Cryptophyta,0.3843736,1.4615217
2021-05-24,1,Cryptophyta,1.8047323,1.4682019
2021-05-25,1,Cryptophyta,0.6530318,1.4789741
2021-05-26,1,Cryptophyta,0.57416064,1.4794763
2021-05-27,1,Cryptophyta,2.3588858,1.4761006
2021-05-28,1,Cryptophyta,3.7486877,1.4935156
2021-05-29,1,Cryptophyta,0.98348767,1.5232198
2021-05-30,1,Cryptophyta,0.11463098,1.5230222
2021-05-31,1,Cryptophyta,0.027501792,1.5034156
2021-06-01,1,Cryptophyta,0.009999991,1.486173
2021-06-02,1,Cryptophyta,0.009999991,1.4627011
2021-06-03,1,Cryptophyta,0.009999991,1.4436327
2021-06-04,1,Cryptophyta,0.011448221,1.443302
2021-06-05,1,Cryptophyta,0.009999991,1.4512178
2021-06-06,1,Cryptophyta,0.22102822,1.4604176
2021-06-07,1,Cryptophyta,1.2524167,1.4691755
2021-06-08,1,Cryptophyta,2.9655645,1.4743096
2021-06-09,1,Cryptophyta,0.59876263,1.4907016
2021-06-10,1,Cryptophyta,0.90918237,1.4943919
2021-06-11,1,Cryptophyta,1.1005427,1.4976287
2021-06-12,1,Cryptophyta,2.717328,1.5011393
2021-06-13,1,Cryptophyta,6.692701,1.5252627
2021-06-14,1,Cryptophyta,3.8272846,1.6367074
2021-06-15,1,Cryptophyta,5.550228,1.6977309
2021-06-16,1,Cryptophyta,7.2731714,1.7658024
2021-06-17,1,Cryptophyta,3.9749167,1.8604022
2021-06-18,1,Cryptophyta,1.4805058,1.8487734
2021-06-19,1,Cryptophyta,0.7167053,1.7029479
2021-06-20,1,Cryptophyta,1.0034058,1.5631196
2021-06-21,1,Cryptophyta,0.36990592,1.4966235
2021-06-22,1,Cryptophyta,0.63429683,1.4815003
2021-06-23,1,Cryptophyta,0.8823589,1.4889624
2021-06-24,1,Cryptophyta,0.4316136,1.4965901
2021-06-25,1,Cryptophyta,1.4246527,1.4971423
2021-06-26,1,Cryptophyta,0.8443198,1.501888
2021-06-27,1,Cryptophyta,5.683697,1.5047024
2021-06-28,1,Cryptophyta,5.1820374,1.5721473
2021-06-29,1,Cryptophyta,4.680376,1.6934932
2021-06-30,1,Cryptophyta,2.233973,1.8029463
2021-07-01,1,Cryptophyta,2.7452605,1.7728581
2021-07-02,1,Cryptophyta,3.114732,1.7174227
2021-07-03,1,Cryptophyta,4.5960784,1.6698128
2021-07-04,1,Cryptophyta,1.1919392,1.6697959
2021-07-05,1,Cryptophyta,2.188618,1.6037699
2021-07-06,1,Cryptophyta,0.89488775,1.5252509
2021-07-07,1,Cryptophyta,1.1724837,1.469275
2021-07-08,1,Cryptophyta,2.041239,1.4440459
2021-07-09,1,Cryptophyta,0.09234785,1.444046
2021-07-10,1,Cryptophyta,0.11277334,1.4481906
2021-07-11,1,Cryptophyta,0.11111517,1.4532822
2021-07-12,1,Cryptophyta,0.19445011,1.4559846
2021-07-13,1,Cryptophyta,0.14789437,1.4567693
2021-07-14,1,Cryptophyta,2.0088196,1.4572464
2021-07-15,1,Cryptophyta,3.3283792,1.4738185
2021-07-16,1,Cryptophyta,2.9782705,1.5060213
2021-07-17,1,Cryptophyta,3.991751,1.5433601
2021-07-18,1,Cryptophyta,2.4407308,1.5984917
2021-07-19,1,Cryptophyta,1.8509196,1.6203684
2021-07-20,1,Cryptophyta,0.30619845,1.5943769
2021-07-21,1,Cryptophyta,0.5183273,1.5131894
2021-07-22,1,Cryptophyta,0.29636496,1.462831
2021-07-23,1,Cryptophyta,2.2086678,1.4425913
2021-07-24,1,Cryptophyta,2.187364,1.4577528
2021-07-25,1,Cryptophyta,2.1352136,1.4618303
2021-07-26,1,Cryptophyta,1.2728292,1.4650893
2021-07-27,1,Cryptophyta,0.7636324,1.4637926
2021-07-28,1,Cryptophyta,0.08968883,1.4604592
2021-07-29,1,Cryptophyta,0.35649782,1.4586018
2021-07-30,1,Cryptophyta,0.28621292,1.4653436
2021-07-31,1,Cryptophyta,0.8985962,1.4683589
2021-08-01,1,Cryptophyta,1.3469175,1.4776726
2021-08-02,1,Cryptophyta,1.7300363,1.4908963
2021-08-03,1,Cryptophyta,0.32100654,1.5004663
2021-08-04,1,Cryptophyta,0.14803037,1.4966769
2021-08-05,1,Cryptophyta,0.009999991,1.4760088
2021-08-06,1,Cryptophyta,0.009999991,1.4405589
2021-08-07,1,Cryptophyta,0.009999991,0.67781746
2021-08-08,1,Cryptophyta,0.009999991,0.6346443
2021-08-09,1,Cryptophyta,0.23199858,0.6876085
2021-08-10,1,Cryptophyta,0.034522396,1.397322
2021-08-11,1,Cryptophyta,0.045955125,1.4217412
2021-08-12,1,Cryptophyta,0.33081767,1.4354967
2021-08-13,1,Cryptophyta,0.2818487,1.4487754
2021-08-14,1,Cryptophyta,3.3812597,1.4483138
2021-08-15,1,Cryptophyta,4.7306323,1.4733665
2021-08-16,1,Cryptophyta,1.2108259,1.5302347
2021-08-17,1,Cryptophyta,0.8421241,1.5361848
2021-08-18,1,Cryptophyta,3.8678281,1.50383
2021-08-19,1,Cryptophyta,6.1408067,1.5145966
2021-08-20,1,Cryptophyta,4.1655927,1.6305668
2021-08-21,1,Cryptophyta,1.9573146,1.7882665
2021-08-22,1,Cryptophyta,6.7205424,1.8280926
2021-08-23,1,Cryptophyta,6.412621,1.911136
2021-08-24,1,Cryptophyta,4.911873,2.0687125
2021-08-25,1,Cryptophyta,5.530123,2.1377294
2021-08-26,1,Cryptophyta,4.9580812,2.112775
2021-08-27,1,Cryptophyta,3.6376522,1.9863203
2021-08-28,1,Cryptophyta,2.0945258,1.7774291
2021-08-29,1,Cryptophyta,1.1689283,1.5542207
2021-08-30,1,Cryptophyta,0.895105,1.4215202
2021-08-31,1,Cryptophyta,0.98863244,1.3866597
2021-09-01,1,Cryptophyta,0.47985527,1.3760526
2021-09-02,1,Cryptophyta,0.16972502,1.3735212
2021-09-03,1,Cryptophyta,0.16249637,1.1096666
2021-09-04,1,Cryptophyta,0.40104917,1.357343
2021-09-05,1,Cryptophyta,0.5010926,1.3497913
2021-09-06,1,Cryptophyta,0.21408828,1.3300337
2021-09-07,1,Cryptophyta,0.09729903,1.3033706
2021-09-08,1,Cryptophyta,0.18883504,1.2730805
2021-09-09,1,Cryptophyta,0.8836324,1.2365938
2021-09-10,1,Cryptophyta,0.94916064,1.2042215
2021-09-11,1,Cryptophyta,2.8891752,1.1703024
2021-09-12,1,Cryptophyta,3.9723084,1.1528007
2021-09-13,1,Cryptophyta,1.3835337,1.1563691
2021-09-14,1,Cryptophyta,0.8942071,1.1615254
2021-09-15,1,Cryptophyta,0.11826209,1.1291835
2021-09-16,1,Cryptophyta,0.03495292,1.038784
2021-09-17,1,Cryptophyta,0.021180328,0.90093285
2021-09-18,1,Cryptophyta,0.014590886,0.8181072
2021-09-19,1,Cryptophyta,0.027762465,0.7743781
2021-09-20,1,Cryptophyta,0.014923933,0.73932505
2021-09-21,1,Cryptophyta,0.013330923,0.7134638
2021-09-22,1,Cryptophyta,0.02899346,0.69704133
2021-09-23,1,Cryptophyta,0.031630408,0.68965816
2021-09-24,1,Cryptophyta,0.016531473,0.68071926
2021-09-25,1,Cryptophyta,0.025249824,0.6606486
2021-09-26,1,Cryptophyta,0.020209959,0.6446611
2021-09-27,1,Cryptophyta,0.016162232,0.63896924
2021-09-28,1,Cryptophyta,0.012722697,0.63592607
2021-09-29,1,Cryptophyta,0.014996384,0.63421416
2021-09-30,1,Cryptophyta,0.027639415,0.63410413
2021-10-01,1,Cryptophyta,0.0215858,0.6335465
2021-10-02,1,Cryptophyta,0.009999991,0.6334931
2021-10-03,1,Cryptophyta,0.04314291,0.6326406
2021-10-04,1,Cryptophyta,0.06171007,0.63413596
2021-10-05,1,Cryptophyta,0.08027723,0.64122057
2021-10-06,1,Cryptophyta,0.09884436,0.657846
2021-10-07,1,Cryptophyta,0.11741151,0.66333354
2021-10-08,1,Cryptophyta,0.13597873,0.6618273
2021-10-09,1,Cryptophyta,0.15454592,0.6585199
2021-10-10,1,Cryptophyta,0.17311302,0.6533569
2021-10-11,1,Cryptophyta,0.19168025,0.6489323
2021-10-12,1,Cryptophyta,0.08330738,0.6454066
2021-10-13,1,Cryptophyta,0.20564081,0.6413407
2021-10-14,1,Cryptophyta,0.45210716,0.6380441
2021-10-15,1,Cryptophyta,1.9633454,0.6360369
2021-10-16,1,Cryptophyta,2.402042,0.6346996
2021-10-17,1,Cryptophyta,0.18239857,0.63228136
2021-10-18,1,Cryptophyta,0.14306079,0.62862474
2021-10-19,1,Cryptophyta,0.1371925,0.6247014
2021-10-20,1,Cryptophyta,0.10953692,0.62148404
2021-10-21,1,Cryptophyta,0.33654124,0.62054807
2021-10-22,1,Cryptophyta,0.09678729,0.6208228
2021-10-23,1,Cryptophyta,0.12801735,0.62236905
2021-10-24,1,Cryptophyta,0.15230823,0.62345535
2021-10-25,1,Cryptophyta,0.3744026,0.62573564
2021-10-26,1,Cryptophyta,0.5011505,0.628464
2021-10-27,1,Cryptophyta,2.2271852,0.63210845
2021-10-28,1,Cryptophyta,5.092771,0.6399859
2021-10-29,1,Cryptophyta,4.4250436,0.6538241
2021-10-30,1,Cryptophyta,1.6537554,0.6687884
2021-10-31,1,Cryptophyta,1.1526773,0.6775205
2021-11-01,1,Cryptophyta,0.999602,0.6821263
2021-11-02,1,Cryptophyta,2.287547,0.68475485
2021-11-03,1,Cryptophyta,3.3543994,0.6885188
2021-11-04,1,Cryptophyta,1.814754,0.69484776
2021-11-05,1,Cryptophyta,0.28529662,0.69910604
2021-11-06,1,Cryptophyta,0.8264255,0.69964284
2021-11-07,1,Cryptophyta,1.651774,0.70029855
2021-11-08,1,Cryptophyta,0.8663386,0.70715654
2021-11-09,1,Cryptophyta,0.98232996,0.7200911
2021-11-10,1,Cryptophyta,1.3961767,0.73544353
2021-11-11,1,Cryptophyta,0.55808246,0.74399513
2021-11-12,1,Cryptophyta,0.2808545,0.74639016
2021-11-13,1,Cryptophyta,0.22812591,0.7438864
2021-11-14,1,Cryptophyta,0.060130253,0.7405559
2021-11-15,1,Cryptophyta,0.064438835,0.7356497
2021-11-16,1,Cryptophyta,0.12549599,0.73023486
2021-11-17,1,Cryptophyta,0.12162303,0.7254983
2021-11-18,1,Cryptophyta,0.13411672,0.7219218
2021-11-19,1,Cryptophyta,0.038276628,0.71898067
2021-11-20,1,Cryptophyta,0.037277333,0.7153832
2021-11-21,1,Cryptophyta,0.14311372,0.71254766
2021-11-22,1,Cryptophyta,0.31098408,0.71324694
2021-11-23,1,Cryptophyta,0.028777102,0.71432704
2021-11-24,1,Cryptophyta,0.11981185,0.71167934
2021-11-25,1,Cryptophyta,0.089210704,0.7060063
2021-11-26,1,Cryptophyta,0.026425505,0.69906944
2021-11-27,1,Cryptophyta,0.080904454,0.6913368
2021-11-28,1,Cryptophyta,0.079240225,0.6835192
2021-11-29,1,Cryptophyta,0.13870382,0.6765468
2021-11-30,1,Cryptophyta,0.70564806,0.67100567
2021-12-01,1,Cryptophyta,0.46112964,0.66588825
2021-12-02,1,Cryptophyta,0.56976104,0.6566776
2021-12-03,1,Cryptophyta,0.44613323,0.64707565
2021-12-04,1,Cryptophyta,0.114030406,0.6399616
2021-12-05,1,Cryptophyta,0.13754705,0.6349751
2021-12-06,1,Cryptophyta,0.13356574,0.63235104
2021-12-07,1,Cryptophyta,0.13945727,0.6322423
2021-12-08,1,Cryptophyta,0.18000004,0.6324382
2021-12-09,1,Cryptophyta,0.22572987,0.63269174
2021-12-10,1,Cryptophyta,0.1674964,0.6344495
2021-12-11,1,Cryptophyta,0.536042,0.63586634
2021-12-12,1,Cryptophyta,0.33448946,0.63914454
2021-12-13,1,Cryptophyta,0.8888133,0.6427515
2021-12-14,1,Cryptophyta,1.109754,0.6486712
2021-12-15,1,Cryptophyta,1.157719,0.65917814
2021-12-16,1,Cryptophyta,0.9222013,0.68226963
2021-12-17,1,Cryptophyta,0.2394569,0.7343895
2021-12-18,1,Cryptophyta,0.17299783,0.83102274
2021-12-19,1,Cryptophyta,0.19939901,0.93807566
2021-12-20,1,Cryptophyta,0.0508104,0.9689502
2021-12-21,1,Cryptophyta,0.012547057,0.9503419
2021-12-22,1,Cryptophyta,1.1247612,0.93458307
2021-12-23,1,Cryptophyta,3.3235745,0.89288014
2021-12-24,1,Cryptophyta,5.3787045,0.8664055
2021-12-25,1,Cryptophyta,1.9026159,0.8777617
2021-12-26,1,Cryptophyta,1.5518523,0.9084821
2021-12-27,1,Cryptophyta,1.4961421,0.99654645
2021-12-28,1,Cryptophyta,2.0434694,1.0908818
2021-12-29,1,Cryptophyta,1.3157945,1.1477331
2021-12-30,1,Cryptophyta,1.7633647,1.2482102
2021-12-31,1,Cryptophyta,0.99547976,1.294872
2022-01-01,1,Cryptophyta,0.90334296,1.3325696
2022-01-02,1,Cryptophyta,0.460246,1.3491743
2022-01-03,1,Cryptophyta,0.49183202,1.368533
2022-01-04,1,Cryptophyta,0.8021434,1.376207
2022-01-05,1,Cryptophyta,2.411108,1.3717983
2022-01-06,1,Cryptophyta,1.9298986,1.3869413
2022-01-07,1,Cryptophyta,1.4486893,1.4011998
2022-01-08,1,Cryptophyta,2.254236,1.3906785
2022-01-09,1,Cryptophyta,1.9260247,1.400894
2022-01-10,1,Cryptophyta,3.8141894,1.4170034
2022-01-11,1,Cryptophyta,3.3248262,1.4906397
2022-01-12,1,Cryptophyta,1.8018959,1.5797551
2022-01-13,1,Cryptophyta,0.6656151,1.6329879
2022-01-14,1,Cryptophyta,0.16721943,1.6215955
2022-01-15,1,Cryptophyta,0.40709117,1.5699332
2022-01-16,1,Cryptophyta,0.41276413,1.5384367
2022-01-17,1,Cryptophyta,0.12125267,1.5299169
2022-01-18,1,Cryptophyta,0.50808835,1.5288336
2022-01-19,1,Cryptophyta,0.29482982,1.5488948
2022-01-20,1,Cryptophyta,0.28364226,1.5801117
2022-01-21,1,Cryptophyta,0.73514116,1.6012138
2022-01-22,1,Cryptophyta,0.8555467,1.6247
2022-01-23,1,Cryptophyta,6.0838957,1.6357498
2022-01-24,1,Cryptophyta,2.5067077,1.8150676
2022-01-25,1,Cryptophyta,3.2794752,1.907367
2022-01-26,1,Cryptophyta,4.0522428,1.9374415
2022-01-27,1,Cryptophyta,7.7161593,1.9894012
2022-01-28,1,Cryptophyta,6.604,2.1996398
2022-01-29,1,Cryptophyta,6.2652764,2.4142315
2022-01-30,1,Cryptophyta,4.679468,2.554178
2022-01-31,1,Cryptophyta,2.0781941,2.5751293
2022-02-01,1,Cryptophyta,1.1183823,2.4385123
2022-02-02,1,Cryptophyta,2.0167906,2.2113848
2022-02-03,1,Cryptophyta,1.0336812,2.0597782
2022-02-04,1,Cryptophyta,1.8221382,1.8878447
2022-02-05,1,Cryptophyta,2.1748297,1.7465422
2022-02-06,1,Cryptophyta,0.7498538,1.6748734
2022-02-07,1,Cryptophyta,1.6242288,1.5917796
2022-02-08,1,Cryptophyta,2.812573,1.5569333
2022-02-09,1,Cryptophyta,2.1546009,1.545472
2022-02-10,1,Cryptophyta,2.7654421,1.5394757
2022-02-11,1,Cryptophyta,1.6416949,1.4875537
2022-02-12,1,Cryptophyta,3.2547395,1.4169128
2022-02-13,1,Cryptophyta,4.4726844,1.3974483
2022-02-14,1,Cryptophyta,3.2693677,1.414907
2022-02-15,1,Cryptophyta,3.0681496,1.4338211
2022-02-16,1,Cryptophyta,3.5129151,1.4478273
2022-02-17,1,Cryptophyta,6.3626266,1.4696808
2022-02-18,1,Cryptophyta,5.7419825,1.51857
2022-02-19,1,Cryptophyta,5.121339,1.536481
2022-02-20,1,Cryptophyta,1.3447684,1.5512528
2022-02-21,1,Cryptophyta,0.34763938,1.4639318
2022-02-22,1,Cryptophyta,0.11295442,1.3771348
2022-02-23,1,Cryptophyta,0.010837298,1.3131715
2022-02-24,1,Cryptophyta,0.2931932,1.2578237
2022-02-25,1,Cryptophyta,0.3498264,1.2163607
2022-02-26,1,Cryptophyta,0.40645963,1.1838462
2022-02-27,1,Cryptophyta,0.46309286,1.173304
2022-02-28,1,Cryptophyta,0.23080894,1.171054
2022-03-01,1,Cryptophyta,0.66084886,1.1655185
2022-03-02,1,Cryptophyta,1.4105,1.1669797
2022-03-03,1,Cryptophyta,2.6836133,1.2475959
2022-03-04,1,Cryptophyta,3.074573,1.4012417
2022-03-05,1,Cryptophyta,4.616686,1.71975
2022-03-06,1,Cryptophyta,4.4455137,2.0493534
2022-03-07,1,Cryptophyta,5.2407317,2.3456848
2022-03-08,1,Cryptophyta,3.0426722,2.613789
2022-03-09,1,Cryptophyta,2.6120565,2.7343693
2022-03-10,1,Cryptophyta,3.1026852,2.7609646
2022-03-11,1,Cryptophyta,5.934228,2.8248644
2022-03-12,1,Cryptophyta,5.9608407,3.0523279
2022-03-13,1,Cryptophyta,8.2981825,3.158787
2022-03-14,1,Cryptophyta,8.111037,3.2862973
2022-03-15,1,Cryptophyta,7.923893,3.3816872
2022-03-16,1,Cryptophyta,7.6927795,3.4180267
2022-03-17,1,Cryptophyta,7.4616656,3.349406
2022-03-18,1,Cryptophyta,7.230552,3.2507248
2022-03-19,1,Cryptophyta,6.9994383,3.1343882
2022-03-20,1,Cryptophyta,6.768325,2.9711733
2022-03-21,1,Cryptophyta,2.956575,2.7525334
2022-03-22,1,Cryptophyta,3.0413914,2.285844
2022-03-23,1,Cryptophyta,1.2712663,1.771142
2022-03-24,1,Cryptophyta,0.48071688,1.3859093
2022-03-25,1,Cryptophyta,0.24598116,1.2643695
2022-03-26,1,Cryptophyta,0.17334539,1.1924788
2022-03-27,1,Cryptophyta,0.014066844,1.1313006
2022-03-28,1,Cryptophyta,0.009999991,1.051205
2022-03-29,1,Cryptophyta,0.009999991,0.98393524
2022-03-30,1,Cryptophyta,0.011354405,0.9173137
2022-03-31,1,Cryptophyta,0.011491702,0.85944754
2022-04-01,1,Cryptophyta,0.0132873645,0.85510874
2022-04-02,1,Cryptophyta,0.009999991,0.9007175
2022-04-03,1,Cryptophyta,0.0104561765,0.9754362
2022-04-04,1,Cryptophyta,0.058059365,1.0719845
2022-04-05,1,Cryptophyta,0.5978168,1.1838354
2022-04-06,1,Cryptophyta,0.5055185,1.3138958
2022-04-07,1,Cryptophyta,1.6158104,1.5155989
2022-04-08,1,Cryptophyta,3.517357,1.7880229
2022-04-09,1,Cryptophyta,3.552728,2.118737
2022-04-10,1,Cryptophyta,3.648052,2.4179087
2022-04-11,1,Cryptophyta,4.8602524,2.6938715
2022-04-12,1,Cryptophyta,5.7928276,2.8604352
2022-04-13,1,Cryptophyta,7.0250325,3.0643928
2022-04-14,1,Cryptophyta,7.4662733,3.2398996
2022-04-15,1,Cryptophyta,6.0537853,3.331932
2022-04-16,1,Cryptophyta,5.7560816,3.3028827
2022-04-17,1,Cryptophyta,5.326953,3.2313473
2022-04-18,1,Cryptophyta,6.1952877,3.1324048
2022-04-19,1,Cryptophyta,1.519471,3.2164233
2022-04-20,1,Cryptophyta,1.9496597,2.9640565
2022-04-21,1,Cryptophyta,2.6454587,2.678022
2022-04-22,1,Cryptophyta,4.0942683,2.4454796
2022-04-23,1,Cryptophyta,5.363492,2.4208143
2022-04-24,1,Cryptophyta,6.632715,2.445016
2022-04-25,1,Cryptophyta,5.4636426,2.6151092
2022-04-26,1,Cryptophyta,5.049073,2.6321342
2022-04-27,1,Cryptophyta,4.6345043,2.4946933
2022-04-28,1,Cryptophyta,4.219935,2.1587653
2022-04-29,1,Cryptophyta,3.26207,1.8777227
2022-04-30,1,Cryptophyta,0.3818768,1.6832944
2022-05-01,1,Cryptophyta,0.3872826,1.4699525
2022-05-02,1,Cryptophyta,0.08944931,1.3425602
2022-05-03,1,Cryptophyta,0.25981158,1.2717159
2022-05-04,1,Cryptophyta,1.3497682,1.2285277
2022-05-05,1,Cryptophyta,2.010942,1.2244984
2022-05-06,1,Cryptophyta,4.4939523,1.2510546
2022-05-07,1,Cryptophyta,4.4601665,1.3254229
2022-05-08,1,Cryptophyta,3.5489104,1.4059813
2022-05-09,1,Cryptophyta,2.6376543,1.4648134
2022-05-10,1,Cryptophyta,1.0043664,1.464835
2022-05-11,1,Cryptophyta,0.4831377,1.4215935
2022-05-12,1,Cryptophyta,0.5559877,1.3790349
2022-05-13,1,Cryptophyta,0.073652156,1.3486
2022-05-14,1,Cryptophyta,0.009999991,1.2762736
2022-05-15,1,Cryptophyta,0.009999991,1.1810478
2022-05-16,1,Cryptophyta,0.009999991,1.0638165
2022-05-17,1,Cryptophyta,0.009999991,0.9529965
2022-05-18,1,Cryptophyta,0.013930398,0.8706236
2022-05-19,1,Cryptophyta,0.032872636,0.8089162
2022-05-20,1,Cryptophyta,0.58060104,0.76207733
2022-05-21,1,Cryptophyta,5.506287,0.7332149
2022-05-22,1,Cryptophyta,1.7813116,0.74869376
2022-05-23,1,Cryptophyta,1.5250723,0.77216125
2022-05-24,1,Cryptophyta,2.5719986,0.7680971
2022-05-25,1,Cryptophyta,0.094826125,0.765242
2022-05-26,1,Cryptophyta,0.38431472,0.75195855
2022-05-27,1,Cryptophyta,0.016613582,0.7011038
2022-05-28,1,Cryptophyta,0.009999991,0.6563954
2022-05-29,1,Cryptophyta,0.009999991,0.60694236
2022-05-30,1,Cryptophyta,0.009999991,0.56600535
2022-05-31,1,Cryptophyta,0.009999991,0.57931376
2022-06-01,1,Cryptophyta,0.041579302,0.5705268
2022-06-02,1,Cryptophyta,0.009999991,0.56141794
2022-06-03,1,Cryptophyta,0.009999991,0.5530033
2022-06-04,1,Cryptophyta,0.009999991,0.5474347
2022-06-05,1,Cryptophyta,0.009999991,0.544019
2022-06-06,1,Cryptophyta,0.009999991,0.5426905
2022-06-07,1,Cryptophyta,0.009999991,0.54193217
2022-06-08,1,Cryptophyta,0.009999991,0.5410899
2022-06-09,1,Cryptophyta,0.009999991,0.53972703
2022-06-10,1,Cryptophyta,0.009999991,0.53903925
2022-06-11,1,Cryptophyta,0.009999991,0.5387321
2022-06-12,1,Cryptophyta,0.009999991,0.5390412
2022-06-13,1,Cryptophyta,0.009999991,0.5401284
2022-06-14,1,Cryptophyta,0.009999991,0.5409495
2022-06-15,1,Cryptophyta,0.009999991,0.5407953
2022-06-16,1,Cryptophyta,0.009999991,0.53999346
2022-06-17,1,Cryptophyta,0.0147973765,0.54009575
2022-06-18,1,Cryptophyta,0.073159404,0.5418426
2022-06-19,1,Cryptophyta,0.06849167,0.543782
2022-06-20,1,Cryptophyta,0.14291817,0.54588306
2022-06-21,1,Cryptophyta,0.20932655,0.54767704
2022-06-22,1,Cryptophyta,0.23238957,0.5493542
2022-06-23,1,Cryptophyta,0.017235858,0.55055004
2022-06-24,1,Cryptophyta,0.040120743,0.55045426
2022-06-25,1,Cryptophyta,0.2839175,0.55083615
2022-06-26,1,Cryptophyta,0.035959456,0.5530842
2022-06-27,1,Cryptophyta,0.06081824,0.55369896
2022-06-28,1,Cryptophyta,0.27052093,0.5546605
2022-06-29,1,Cryptophyta,0.012525414,0.55611306
2022-06-30,1,Cryptophyta,0.6139971,0.5560307
2022-07-01,1,Cryptophyta,0.59884864,0.5558729
2022-07-02,1,Cryptophyta,0.026125995,0.5560061
2022-07-03,1,Cryptophyta,0.010289456,0.5556217
2022-07-04,1,Cryptophyta,0.009999991,0.55515426
2022-07-05,1,Cryptophyta,0.009999991,0.5547037
2022-07-06,1,Cryptophyta,0.009999991,0.55464596
2022-07-07,1,Cryptophyta,0.009999991,0.55485797
2022-07-08,1,Cryptophyta,0.02234078,0.5555712
2022-07-09,1,Cryptophyta,0.10539345,0.55727637
2022-07-10,1,Cryptophyta,0.24793312,0.559042
2022-07-11,1,Cryptophyta,0.51225203,0.5613793
2022-07-12,1,Cryptophyta,0.3178261,0.5638683
2022-07-13,1,Cryptophyta,0.12300002,0.56641656
2022-07-14,1,Cryptophyta,1.7812928,0.5690767
2022-07-15,1,Cryptophyta,4.1484494,0.5704357
2022-07-16,1,Cryptophyta,0.7352533,0.57188594
2022-07-17,1,Cryptophyta,0.92751086,0.57354444
2022-07-18,1,Cryptophyta,0.22509077,0.57422996
2022-07-19,1,Cryptophyta,0.020543884,0.57535774
2022-07-20,1,Cryptophyta,0.043882452,0.5776055
2022-07-21,1,Cryptophyta,0.011791171,0.5784559
2022-07-22,1,Cryptophyta,0.010043729,0.5808767
2022-07-23,1,Cryptophyta,0.012169442,0.58245075
2022-07-24,1,Cryptophyta,0.40781432,0.5839179
2022-07-25,1,Cryptophyta,0.016661854,0.58618915
2022-07-26,1,Cryptophyta,0.022054957,0.58813876
2022-07-27,1,Cryptophyta,0.020608686,0.5903592
2022-07-28,1,Cryptophyta,0.010642375,0.59248793
2022-07-29,1,Cryptophyta,0.07021444,0.5934272
2022-07-30,1,Cryptophyta,0.103735305,0.5953847
2022-07-31,1,Cryptophyta,0.1372561,0.59593374
2022-08-01,1,Cryptophyta,0.17077692,0.59692246
2022-08-02,1,Cryptophyta,0.20429775,0.5988599
2022-08-03,1,Cryptophyta,0.2378185,0.6003601
2022-08-04,1,Cryptophyta,0.27133936,0.6012025
2022-08-05,1,Cryptophyta,0.30486017,0.6001351
2022-08-06,1,Cryptophyta,0.33838093,0.59856933
2022-08-07,1,Cryptophyta,0.37190175,0.59795564
2022-08-08,1,Cryptophyta,0.40542254,0.5979252
2022-08-09,1,Cryptophyta,0.43894336,0.5975447
2022-08-10,1,Cryptophyta,0.47246417,0.5970891
2022-08-11,1,Cryptophyta,0.505985,0.59658
2022-08-12,1,Cryptophyta,0.5395058,0.5974216
2022-08-13,1,Cryptophyta,0.5730266,0.5967432
2022-08-14,1,Cryptophyta,0.6065474,0.59684163
2022-08-15,1,Cryptophyta,0.6400682,0.59736264
2022-08-16,1,Cryptophyta,0.67358905,0.5978338
2022-08-17,1,Cryptophyta,0.70710987,0.5983429
2022-08-18,1,Cryptophyta,0.7406306,0.5990625
2022-08-19,1,Cryptophyta,0.77415144,0.599082
2022-08-20,1,Cryptophyta,0.80767226,0.59972084
2022-08-21,1,Cryptophyta,0.8411931,0.6001807
2022-08-22,1,Cryptophyta,0.87471384,0.6001538
2022-08-23,1,Cryptophyta,0.90823466,0.6002317
2022-08-24,1,Cryptophyta,0.9417555,0.5998465
2022-08-25,1,Cryptophyta,0.97527635,0.598616
2022-08-26,1,Cryptophyta,1.008797,0.59916097
2022-08-27,1,Cryptophyta,1.042318,0.5982363
2022-08-28,1,Cryptophyta,1.0758387,0.59695804
2022-08-29,1,Cryptophyta,1.1093595,0.5967119
2022-08-30,1,Cryptophyta,1.1428803,0.59701735
2022-08-31,1,Cryptophyta,1.1764011,0.59645724
2022-09-01,1,Cryptophyta,1.209922,0.5960396
2022-09-02,1,Cryptophyta,1.2434428,0.59469944
2022-09-03,1,Cryptophyta,1.2769636,0.5935541
2022-09-04,1,Cryptophyta,1.3104844,0.59278464
2022-09-05,1,Cryptophyta,1.3440052,0.59239244
2022-09-06,1,Cryptophyta,1.377526,0.5914817
2022-09-07,1,Cryptophyta,1.4110469,0.5926524
2022-09-08,1,Cryptophyta,1.4445677,0.5929782
2022-09-09,1,Cryptophyta,1.4780885,0.5924638
2022-09-10,1,Cryptophyta,1.5513841,0.5904854
2022-09-11,1,Cryptophyta,1.6445435,0.58892334
2022-09-12,1,Cryptophyta,1.056165,0.5878577
2022-09-13,1,Cryptophyta,1.3345797,0.5875014
2022-09-14,1,Cryptophyta,2.154297,0.5870396
2022-09-15,1,Cryptophyta,1.5098189,0.58699244
2022-09-16,1,Cryptophyta,0.62335265,0.5880362
2022-09-17,1,Cryptophyta,0.5262518,0.5879625
2022-09-18,1,Cryptophyta,0.5816812,0.58944684
2022-09-19,1,Cryptophyta,0.26104993,0.5914692
2022-09-20,1,Cryptophyta,0.011123174,0.5923846
2022-09-21,1,Cryptophyta,0.051745083,0.59475416
2022-09-22,1,Cryptophyta,0.030354569,0.5968819
2022-09-23,1,Cryptophyta,0.042973924,0.5989588
2022-09-24,1,Cryptophyta,0.13725565,0.60120183
2022-09-25,1,Cryptophyta,0.0662491,0.6036774
2022-09-26,1,Cryptophyta,0.19330437,0.6064374
2022-09-27,1,Cryptophyta,0.1107241,0.60827386
2022-09-28,1,Cryptophyta,1.4748371,0.6115783
2022-09-29,1,Cryptophyta,1.4093351,0.61463577
2022-09-30,1,Cryptophyta,0.43673825,0.6198657
2022-10-01,1,Cryptophyta,0.009999991,0.828093
2022-10-02,1,Cryptophyta,0.0148912715,0.98382974
2022-10-03,1,Cryptophyta,0.07116495,0.8932429
2022-10-04,1,Cryptophyta,0.19286546,0.78594416
2022-10-05,1,Cryptophyta,0.009999991,0.70171106
2022-10-06,1,Cryptophyta,0.009999991,0.6767836
2022-10-07,1,Cryptophyta,0.009999991,0.65943533
2022-10-08,1,Cryptophyta,0.009999991,0.6415797
2022-10-09,1,Cryptophyta,0.018630426,0.6268287
2022-10-10,1,Cryptophyta,0.013161731,0.6154273
2022-10-11,1,Cryptophyta,0.024279546,0.60812455
2022-10-12,1,Cryptophyta,0.15063044,0.6012426
2022-10-13,1,Cryptophyta,0.012413051,0.5962408
2022-10-14,1,Cryptophyta,0.010152084,0.594958
2022-10-15,1,Cryptophyta,0.010290094,0.59369344
2022-10-16,1,Cryptophyta,0.01853731,0.5933961
2022-10-17,1,Cryptophyta,0.028262116,0.5930229
2022-10-18,1,Cryptophyta,0.010137582,0.59252524
2022-10-19,1,Cryptophyta,0.05505431,0.59245765
2022-10-20,1,Cryptophyta,0.1891751,0.59211195
2022-10-21,1,Cryptophyta,0.30444208,0.5914653
2022-10-22,1,Cryptophyta,3.1631176,0.58970076
2022-10-23,1,Cryptophyta,0.263108,0.5897345
2022-10-24,1,Cryptophyta,0.21729375,0.58936095
2022-10-25,1,Cryptophyta,0.059153363,0.59012973
2022-10-26,1,Cryptophyta,0.059789892,0.591532
2022-10-27,1,Cryptophyta,0.047026042,0.5934858
2022-10-28,1,Cryptophyta,0.107351705,0.5959631
2022-10-29,1,Cryptophyta,0.0664518,0.59896785
2022-10-30,1,Cryptophyta,0.05750361,0.60236734
2022-10-31,1,Cryptophyta,0.066642515,0.60671914
2022-11-01,1,Cryptophyta,0.09764286,0.61083114
2022-11-02,1,Cryptophyta,0.11699055,0.61485094
2022-11-03,1,Cryptophyta,0.17307027,0.61856204
2022-11-04,1,Cryptophyta,0.085826114,0.6227586
2022-11-05,1,Cryptophyta,0.06902318,0.6263991
2022-11-06,1,Cryptophyta,0.055853847,0.6273866
2022-11-07,1,Cryptophyta,0.1524133,0.62798995
2022-11-08,1,Cryptophyta,2.7645764,0.62896645
2022-11-09,1,Cryptophyta,1.2183956,0.6334415
2022-11-10,1,Cryptophyta,0.56341535,0.6361976
2022-11-11,1,Cryptophyta,0.70662564,0.6392071
2022-11-12,1,Cryptophyta,0.9455072,0.6399012
2022-11-13,1,Cryptophyta,0.2735725,0.64041775
2022-11-14,1,Cryptophyta,0.19732274,0.64174765
2022-11-15,1,Cryptophyta,0.21539077,0.6396165
2022-11-16,1,Cryptophyta,0.09860967,0.6369361
2022-11-17,1,Cryptophyta,0.08582912,0.6351139
2022-11-18,1,Cryptophyta,0.05319826,0.6342688
2022-11-19,1,Cryptophyta,0.24602175,0.6333005
2022-11-20,1,Cryptophyta,0.22234443,0.63127446
2022-11-21,1,Cryptophyta,0.14946416,0.6304672
2022-11-22,1,Cryptophyta,0.13514844,0.62886715
2022-11-23,1,Cryptophyta,0.32496366,0.626291
2022-11-24,1,Cryptophyta,0.04255429,0.62526727
2022-11-25,1,Cryptophyta,0.13866036,0.6223231
2022-11-26,1,Cryptophyta,0.011700435,0.61845255
2022-11-27,1,Cryptophyta,0.051456515,0.61213464
2022-11-28,1,Cryptophyta,0.07280031,0.6055877
2022-11-29,1,Cryptophyta,0.01386674,0.6006248
2022-11-30,1,Cryptophyta,0.13835019,0.5989493
2022-12-01,1,Cryptophyta,0.025166452,0.5992575
2022-12-02,1,Cryptophyta,0.15414065,0.5992356
2022-12-03,1,Cryptophyta,0.16071686,0.59907985
2022-12-04,1,Cryptophyta,0.14975378,0.599986
2022-12-05,1,Cryptophyta,0.7071791,0.6014328
2022-12-06,1,Cryptophyta,0.8909427,0.60336566
2022-12-07,1,Cryptophyta,1.0464518,0.60482144
2022-12-08,1,Cryptophyta,0.9203116,0.60714185
2022-12-09,1,Cryptophyta,1.654772,0.609362
2022-12-10,1,Cryptophyta,1.3442216,0.61340964
2022-12-11,1,Cryptophyta,0.2558943,0.61747086
2022-12-12,1,Cryptophyta,0.23369749,0.6193556
2022-12-13,1,Cryptophyta,0.18690802,0.6205264
2022-12-14,1,Cryptophyta,0.08117475,0.6267894
2022-12-15,1,Cryptophyta,0.12455794,0.65372396
2022-12-16,1,Cryptophyta,0.06581464,0.83066964
2022-12-17,1,Cryptophyta,0.13824038,1.083139
2022-12-18,1,Cryptophyta,0.18520641,1.1413195
2022-12-19,1,Cryptophyta,0.12663768,1.1352453
2022-12-20,1,Cryptophyta,0.1604924,1.118175
2022-12-21,1,Cryptophyta,0.1743573,1.1179638
2022-12-22,1,Cryptophyta,0.23126812,1.1426772
2022-12-23,1,Cryptophyta,0.1509928,1.1576341
2022-12-24,1,Cryptophyta,0.1620203,1.1767623
2022-12-25,1,Cryptophyta,0.21839248,1.1997291
2022-12-26,1,Cryptophyta,0.23416787,1.2308469
2022-12-27,1,Cryptophyta,0.21106365,1.2786711
2022-12-28,1,Cryptophyta,0.19214647,1.3024374
2022-12-29,1,Cryptophyta,0.3410203,1.3218497
2022-12-30,1,Cryptophyta,0.35081884,1.3499635
2022-12-31,1,Cryptophyta,0.49809423,1.4103836
2023-01-01,1,Cryptophyta,0.18109258,1.5024499
2023-01-02,1,Cryptophyta,0.31292963,1.5638009
2023-01-03,1,Cryptophyta,0.07629438,1.6221883
2023-01-04,1,Cryptophyta,3.205677,1.6805118
2023-01-05,1,Cryptophyta,4.054281,1.8245946
2023-01-06,1,Cryptophyta,4.902886,1.9999083
2023-01-07,1,Cryptophyta,5.75149,2.216099
2023-01-08,1,Cryptophyta,6.600094,2.4722683
2023-01-09,1,Cryptophyta,6.476336,2.7119534
2023-01-10,1,Cryptophyta,6.3525777,2.8901105
2023-01-11,1,Cryptophyta,7.391216,3.0581126
2023-01-12,1,Cryptophyta,6.5247107,3.2035847
2023-01-13,1,Cryptophyta,6.205655,3.2595038
2023-01-14,1,Cryptophyta,5.886599,3.2656226
2023-01-15,1,Cryptophyta,3.070391,3.249376
2023-01-16,1,Cryptophyta,3.2330124,3.015636
2023-01-17,1,Cryptophyta,3.5090666,2.7856324
2023-01-18,1,Cryptophyta,1.8202682,2.6138287
2023-01-19,1,Cryptophyta,1.4881377,2.4171736
2023-01-20,1,Cryptophyta,1.890601,2.2447593
2023-01-21,1,Cryptophyta,2.4779377,2.1387556
2023-01-22,1,Cryptophyta,5.5649133,2.110896
2023-01-23,1,Cryptophyta,6.253169,2.2406094
2023-01-24,1,Cryptophyta,2.7285879,2.4377637
2023-01-25,1,Cryptophyta,3.2420566,2.4623935
2023-01-26,1,Cryptophyta,3.3563943,2.414691
2023-01-27,1,Cryptophyta,3.5607386,2.328935
2023-01-28,1,Cryptophyta,2.948197,2.2994895
2023-01-29,1,Cryptophyta,2.329044,2.255042
2023-01-30,1,Cryptophyta,1.9131858,2.2044988
2023-01-31,1,Cryptophyta,4.070152,2.1834342
2023-02-01,1,Cryptophyta,5.226647,2.2248054
2023-02-02,1,Cryptophyta,7.453282,2.3629715
2023-02-03,1,Cryptophyta,4.521753,2.611122
2023-02-04,1,Cryptophyta,4.6141877,2.6310694
2023-02-05,1,Cryptophyta,4.706622,2.6152396
2023-02-06,1,Cryptophyta,4.7990575,2.622985
2023-02-07,1,Cryptophyta,6.802565,2.5920265
2023-02-08,1,Cryptophyta,5.860838,2.6076708
2023-02-09,1,Cryptophyta,4.919111,2.5542526
2023-02-10,1,Cryptophyta,4.0689564,2.452642
2023-02-11,1,Cryptophyta,5.0742173,2.2107131
2023-02-12,1,Cryptophyta,3.9877925,2.0056062
2023-02-13,1,Cryptophyta,3.0906606,1.7958724
2023-02-14,1,Cryptophyta,4.7804313,1.6505381
2023-02-15,1,Cryptophyta,3.154463,1.6117748
2023-02-16,1,Cryptophyta,2.5376039,1.5694498
2023-02-17,1,Cryptophyta,2.6187308,1.5302393
2023-02-18,1,Cryptophyta,3.3592136,1.5215241
2023-02-19,1,Cryptophyta,2.9372036,1.5257926
2023-02-20,1,Cryptophyta,2.8396633,1.5466759
2023-02-21,1,Cryptophyta,2.0213537,1.56619
2023-02-22,1,Cryptophyta,1.5460931,1.5627723
2023-02-23,1,Cryptophyta,3.0472844,1.5263588
2023-02-24,1,Cryptophyta,2.540876,1.5316337
2023-02-25,1,Cryptophyta,1.6696993,1.551222
2023-02-26,1,Cryptophyta,1.8506247,1.565666
2023-02-27,1,Cryptophyta,2.4273033,1.5715786
2023-02-28,1,Cryptophyta,4.0576186,1.6090771
2023-03-01,1,Cryptophyta,3.1774063,1.6952914
2023-03-02,1,Cryptophyta,1.9276384,1.7555723
2023-03-03,1,Cryptophyta,1.4349824,1.774691
2023-03-04,1,Cryptophyta,1.4693632,1.774166
2023-03-05,1,Cryptophyta,1.3964868,1.7628778
2023-03-06,1,Cryptophyta,1.3642833,1.7497517
2023-03-07,1,Cryptophyta,2.018636,1.7441529
2023-03-08,1,Cryptophyta,2.042899,1.7694372
2023-03-09,1,Cryptophyta,1.9240745,1.8274794
2023-03-10,1,Cryptophyta,1.8107322,1.897847
2023-03-11,1,Cryptophyta,1.7866005,1.9800987
2023-03-12,1,Cryptophyta,1.9636885,2.0516682
2023-03-13,1,Cryptophyta,1.6649137,2.0959642
2023-03-14,1,Cryptophyta,1.6280838,2.2040598
2023-03-15,1,Cryptophyta,1.6098557,2.2706265
2023-03-16,1,Cryptophyta,1.5768707,2.2683609
2023-03-17,1,Cryptophyta,2.1391935,2.2368395
2023-03-18,1,Cryptophyta,2.3038106,2.1611493
2023-03-19,1,Cryptophyta,1.9287786,2.1140642
2023-03-20,1,Cryptophyta,1.5824027,2.069612
2023-03-21,1,Cryptophyta,1.5820714,2.0514693
2023-03-22,1,Cryptophyta,1.3658339,2.0018418
2023-03-23,1,Cryptophyta,2.0884864,1.9447285
2023-03-24,1,Cryptophyta,3.786341,1.8932185
2023-03-25,1,Cryptophyta,2.1906228,1.8910267
2023-03-26,1,Cryptophyta,2.1829119,1.7757807
2023-03-27,1,Cryptophyta,2.6158876,1.6303257
2023-03-28,1,Cryptophyta,2.740476,1.4957054
2023-03-29,1,Cryptophyta,2.5346584,1.4524038
2023-03-30,1,Cryptophyta,2.3052733,1.484012
2023-03-31,1,Cryptophyta,2.1105404,1.4844589
2023-04-01,1,Cryptophyta,1.7814717,1.4523216
2023-04-02,1,Cryptophyta,1.6399796,1.4287164
2023-04-03,1,Cryptophyta,1.7084769,1.3925992
2023-04-04,1,Cryptophyta,1.6054392,1.3735896
2023-04-05,1,Cryptophyta,1.1882055,1.3375303
2023-04-06,1,Cryptophyta,0.2286157,1.307233
2023-04-07,1,Cryptophyta,1.8078315,1.2621334
2023-04-08,1,Cryptophyta,2.489018,1.2310741
2023-04-09,1,Cryptophyta,2.4789941,1.2592546
2023-04-10,1,Cryptophyta,2.4197881,1.3081561
2023-04-11,1,Cryptophyta,2.1295638,1.3610544
2023-04-12,1,Cryptophyta,1.8207544,1.3876626
2023-04-13,1,Cryptophyta,1.8472507,1.4265351
2023-04-14,1,Cryptophyta,2.0092578,1.5042095
2023-04-15,1,Cryptophyta,2.939332,1.6564636
2023-04-16,1,Cryptophyta,3.1336887,1.7760739
2023-04-17,1,Cryptophyta,5.1471896,1.7523178
2023-04-18,1,Cryptophyta,5.275001,1.7978072
2023-04-19,1,Cryptophyta,3.3519037,1.8591604
2023-04-20,1,Cryptophyta,2.5430167,1.8486543
2023-04-21,1,Cryptophyta,2.4620326,1.8023392
2023-04-22,1,Cryptophyta,2.2683303,1.788791
2023-04-23,1,Cryptophyta,2.4192183,1.764617
2023-04-24,1,Cryptophyta,2.5424767,1.7481261
2023-04-25,1,Cryptophyta,3.0996997,1.6321057
2023-04-26,1,Cryptophyta,2.0676734,1.642164
2023-04-27,1,Cryptophyta,1.418416,1.7047614
2023-04-28,1,Cryptophyta,3.1601994,1.7675593
2023-04-29,1,Cryptophyta,8.067172,1.8711085
2023-04-30,1,Cryptophyta,5.9201818,2.0943115
2023-05-01,1,Cryptophyta,3.7731922,2.2347765
2023-05-02,1,Cryptophyta,5.453592,2.2861495
2023-05-03,1,Cryptophyta,3.5497632,2.4386632
2023-05-04,1,Cryptophyta,4.6637454,2.4647088
2023-05-05,1,Cryptophyta,7.1205983,2.499526
2023-05-06,1,Cryptophyta,4.6055446,2.6447718
2023-05-07,1,Cryptophyta,1.0466392,2.7055614
2023-05-08,1,Cryptophyta,0.8512937,2.5512733
2023-05-09,1,Cryptophyta,1.2092457,2.327831
2023-05-10,1,Cryptophyta,0.48372468,2.1733935
2023-05-11,1,Cryptophyta,0.27442262,1.9500128
2023-05-12,1,Cryptophyta,0.54694,1.7689457
2023-05-13,1,Cryptophyta,1.3488332,1.6503214
2023-05-14,1,Cryptophyta,1.972228,1.5571657
2023-05-15,1,Cryptophyta,1.8265859,1.5521849
2023-05-16,1,Cryptophyta,1.8002838,1.6289754
2023-05-17,1,Cryptophyta,1.6562451,1.7220368
2023-05-18,1,Cryptophyta,2.0616684,1.7591842
2023-05-19,1,Cryptophyta,1.6782538,1.812251
2023-05-20,1,Cryptophyta,1.5077107,1.818835
2023-05-21,1,Cryptophyta,1.4706587,1.7358085
2023-05-22,1,Cryptophyta,1.3920453,1.71168
2023-05-23,1,Cryptophyta,1.6479505,1.6986972
2023-05-24,1,Cryptophyta,1.9610981,1.7216848
2023-05-25,1,Cryptophyta,1.7397623,1.7338156
2023-05-26,1,Cryptophyta,1.7409996,1.7745271
2023-05-27,1,Cryptophyta,2.1646082,1.8163174
2023-05-28,1,Cryptophyta,2.4318943,1.8619164
2023-05-29,1,Cryptophyta,2.874541,1.9375283
2023-05-30,1,Cryptophyta,2.9939795,1.9956603
2023-05-31,1,Cryptophyta,4.768519,2.0460973
2023-06-01,1,Cryptophyta,5.5222354,2.1517973
2023-06-02,1,Cryptophyta,3.4842105,2.2789357
2023-06-03,1,Cryptophyta,5.0643554,2.319445
2023-06-04,1,Cryptophyta,4.144578,2.2774801
2023-06-05,1,Cryptophyta,2.5872154,2.2379653
2023-06-06,1,Cryptophyta,3.6343513,2.1930492
2023-06-07,1,Cryptophyta,3.7011142,2.1832058
2023-06-08,1,Cryptophyta,2.9802804,2.212353
2023-06-09,1,Cryptophyta,2.7695792,2.331051
2023-06-10,1,Cryptophyta,1.9076351,2.4738953
2023-06-11,1,Cryptophyta,1.9823658,2.500094
2023-06-12,1,Cryptophyta,2.399869,2.4186573
2023-06-13,1,Cryptophyta,3.1885514,2.2932622
2023-06-14,1,Cryptophyta,4.228957,2.1793659
2023-06-15,1,Cryptophyta,3.2900848,2.0830798
2023-06-16,1,Cryptophyta,1.8680872,2.0388398
2023-06-17,1,Cryptophyta,2.042923,2.0043616
2023-06-18,1,Cryptophyta,2.1622174,1.9718457
2023-06-19,1,Cryptophyta,1.5457335,1.9742117
2023-06-20,1,Cryptophyta,1.8699645,2.0028565
2023-06-21,1,Cryptophyta,3.3475523,2.0111454
2023-06-22,1,Cryptophyta,4.0936656,2.0260484
2023-06-23,1,Cryptophyta,5.212351,2.0935702
2023-06-24,1,Cryptophyta,6.072758,2.219831
2023-06-25,1,Cryptophyta,5.693322,2.404899
2023-06-26,1,Cryptophyta,5.938072,2.5713437
2023-06-27,1,Cryptophyta,6.255651,2.666869
2023-06-28,1,Cryptophyta,6.574,2.739294
2023-06-29,1,Cryptophyta,7.6921687,2.879792
2023-06-30,1,Cryptophyta,9.32456,3.0773885
2023-07-01,1,Cryptophyta,6.118696,3.2699244
2023-07-02,1,Cryptophyta,5.874047,3.351674
2023-07-03,1,Cryptophyta,6.4657016,3.424005
2023-07-04,1,Cryptophyta,9.029866,3.4326527
2023-07-05,1,Cryptophyta,9.039206,3.4993272
2023-07-06,1,Cryptophyta,9.048546,3.6079218
2023-07-07,1,Cryptophyta,8.390148,3.6571913
2023-07-08,1,Cryptophyta,8.070246,3.6929467
2023-07-09,1,Cryptophyta,9.251422,3.7291424
2023-07-10,1,Cryptophyta,7.703793,3.8099108
2023-07-11,1,Cryptophyta,5.677761,3.7880218
2023-07-12,1,Cryptophyta,4.203484,3.6741307
2023-07-13,1,Cryptophyta,3.7054465,3.525324
2023-07-14,1,Cryptophyta,2.8924713,3.3648639
2023-07-15,1,Cryptophyta,2.5350773,3.192039
2023-07-16,1,Cryptophyta,2.1989539,3.0496352
2023-07-17,1,Cryptophyta,2.3571,2.919315
2023-07-18,1,Cryptophyta,2.2635317,2.8370113
2023-07-19,1,Cryptophyta,2.2437925,2.7722487
2023-07-20,1,Cryptophyta,2.896344,2.734191
2023-07-21,1,Cryptophyta,6.2929935,2.724943
2023-07-22,1,Cryptophyta,6.738102,2.7986817
2023-07-23,1,Cryptophyta,7.183211,2.9417412
2023-07-24,1,Cryptophyta,7.685931,3.1028845
2023-07-25,1,Cryptophyta,8.0122,3.3047245
2023-07-26,1,Cryptophyta,9.50315,3.482859
2023-07-27,1,Cryptophyta,6.242461,3.6097438
2023-07-28,1,Cryptophyta,3.7934585,3.5734222
2023-07-29,1,Cryptophyta,3.7060483,3.3350961
2023-07-30,1,Cryptophyta,4.798678,3.080337
2023-07-31,1,Cryptophyta,5.312769,3.0152051
2023-08-01,1,Cryptophyta,4.807978,2.927596
2023-08-02,1,Cryptophyta,5.1036863,2.918077
2023-08-03,1,Cryptophyta,7.267846,3.0040762
2023-08-04,1,Cryptophyta,6.624954,3.1067648
2023-08-05,1,Cryptophyta,9.552635,3.171543
2023-08-06,1,Cryptophyta,9.511289,3.2760096
2023-08-07,1,Cryptophyta,9.469944,3.4206448
2023-08-08,1,Cryptophyta,9.428597,3.4817789
2023-08-09,1,Cryptophyta,7.984899,3.5247161
2023-08-10,1,Cryptophyta,6.058531,3.591963
2023-08-11,1,Cryptophyta,5.654987,3.5038397
2023-08-12,1,Cryptophyta,5.1433764,3.4189017
2023-08-13,1,Cryptophyta,6.11593,3.2752912
2023-08-14,1,Cryptophyta,8.257987,3.2181273
2023-08-15,1,Cryptophyta,7.4124427,3.2032208
2023-08-16,1,Cryptophyta,6.184389,3.2094734
2023-08-17,1,Cryptophyta,2.5512493,3.1180222
2023-08-18,1,Cryptophyta,3.1742585,2.823082
2023-08-19,1,Cryptophyta,3.7459614,2.5175533
2023-08-20,1,Cryptophyta,2.7918842,2.296889
2023-08-21,1,Cryptophyta,2.5527868,2.1600382
2023-08-22,1,Cryptophyta,2.5006547,1.9994073
2023-08-23,1,Cryptophyta,2.5931542,1.8600056
2023-08-24,1,Cryptophyta,2.4038517,1.8409435
2023-08-25,1,Cryptophyta,2.12962,1.8021877
2023-08-26,1,Cryptophyta,2.6475,1.8237412
2023-08-27,1,Cryptophyta,2.5876358,1.8249584
2023-08-28,1,Cryptophyta,2.6450179,1.8981065
2023-08-29,1,Cryptophyta,3.403212,1.8826182
2023-08-30,1,Cryptophyta,2.8871322,1.832095
2023-08-31,1,Cryptophyta,2.8458216,1.852347
2023-09-01,1,Cryptophyta,2.9603746,1.8535359
2023-09-02,1,Cryptophyta,2.9794774,1.8785961
2023-09-03,1,Cryptophyta,2.8369246,1.9411536
2023-09-04,1,Cryptophyta,2.7218082,1.991349
2023-09-05,1,Cryptophyta,2.112845,2.023321
2023-09-06,1,Cryptophyta,0.04749515,1.900474
2023-09-07,1,Cryptophyta,0.26601022,1.7532158
2023-09-08,1,Cryptophyta,2.5536625,1.5994004
2023-09-09,1,Cryptophyta,2.6093724,1.5545009
2023-09-10,1,Cryptophyta,2.316723,1.6114519
2023-09-11,1,Cryptophyta,1.9911342,1.7735505
2023-09-12,1,Cryptophyta,1.7458469,1.9132878
2023-09-13,1,Cryptophyta,1.8351148,2.0420854
2023-09-14,1,Cryptophyta,2.1095014,2.0567632
2023-09-15,1,Cryptophyta,2.5304284,2.0440767
2023-09-16,1,Cryptophyta,2.2723098,2.0818322
2023-09-17,1,Cryptophyta,1.7500002,2.1218426
2023-09-18,1,Cryptophyta,2.5075011,2.172195
2023-09-19,1,Cryptophyta,3.096033,2.2151692
2023-09-20,1,Cryptophyta,4.1011615,2.235752
2023-09-21,1,Cryptophyta,4.6832166,2.3128974
2023-09-22,1,Cryptophyta,3.7967741,2.3525467
2023-09-23,1,Cryptophyta,4.1924467,2.3877041
2023-09-24,1,Cryptophyta,4.0289173,2.4398525
2023-09-25,1,Cryptophyta,2.756178,2.4356174
2023-09-26,1,Cryptophyta,4.132515,2.3919299
2023-09-27,1,Cryptophyta,3.435256,2.4201186
2023-09-28,1,Cryptophyta,3.4994173,2.403924
2023-09-29,1,Cryptophyta,3.4379761,2.4087245
2023-09-30,1,Cryptophyta,3.7087204,2.4632175
2023-10-01,1,Cryptophyta,3.5299013,2.4752192
2023-10-02,1,Cryptophyta,2.4059725,2.4752247
2023-10-03,1,Cryptophyta,2.6663723,2.4578798
2023-10-04,1,Cryptophyta,2.8094635,2.4495928
2023-10-05,1,Cryptophyta,2.406531,2.45919
2023-10-06,1,Cryptophyta,2.0393844,2.3919668
2023-10-07,1,Cryptophyta,1.8184012,2.2650416
2023-10-08,1,Cryptophyta,1.8670961,2.1245875
2023-10-09,1,Cryptophyta,2.1665063,2.0328825
2023-10-10,1,Cryptophyta,2.4892564,1.9827935
2023-10-11,1,Cryptophyta,2.2086902,1.9975816
2023-10-12,1,Cryptophyta,1.6117432,2.0068552
2023-10-13,1,Cryptophyta,3.1600454,2.0507596
2023-10-14,1,Cryptophyta,5.4156017,2.1404982
2023-10-15,1,Cryptophyta,5.559093,2.2802064
2023-10-16,1,Cryptophyta,2.1519644,2.3761842
2023-10-17,1,Cryptophyta,2.2487733,2.3640015
2023-10-18,1,Cryptophyta,4.1400843,2.3319252
2023-10-19,1,Cryptophyta,3.5796912,2.3680873
2023-10-20,1,Cryptophyta,4.094905,2.354392
2023-10-21,1,Cryptophyta,2.643748,2.3487434
2023-10-22,1,Cryptophyta,3.6341314,2.2827857
2023-10-23,1,Cryptophyta,2.7132502,2.2729876
2023-10-24,1,Cryptophyta,4.40684,2.2628446
2023-10-25,1,Cryptophyta,6.3353786,2.3086631
2023-10-26,1,Cryptophyta,5.0694957,2.4109387
2023-10-27,1,Cryptophyta,4.7068067,2.4830813
2023-10-28,1,Cryptophyta,2.4397392,2.4935153
2023-10-29,1,Cryptophyta,2.5866666,2.4703522
2023-10-30,1,Cryptophyta,2.3783805,2.4362857
2023-10-31,1,Cryptophyta,3.3042376,2.395208
2023-11-01,1,Cryptophyta,3.6788993,2.3533442
2023-11-02,1,Cryptophyta,2.9372442,2.3750782
2023-11-03,1,Cryptophyta,4.0153823,2.3499327
2023-11-04,1,Cryptophyta,2.9691207,2.3898232
2023-11-05,1,Cryptophyta,4.6212864,2.4797812
2023-11-06,1,Cryptophyta,5.682647,2.5657005
2023-11-07,1,Cryptophyta,4.430414,2.6821353
2023-11-08,1,Cryptophyta,2.5491812,2.7207398
2023-11-09,1,Cryptophyta,2.577175,2.636918
2023-11-10,1,Cryptophyta,2.1634166,2.5401983
2023-11-11,1,Cryptophyta,1.5053525,2.3571231
2023-11-12,1,Cryptophyta,1.0600724,2.2083871
2023-11-13,1,Cryptophyta,1.2939341,2.0874534
2023-11-14,1,Cryptophyta,1.9473946,1.9839077
2023-11-15,1,Cryptophyta,1.9738972,1.9966106
2023-11-16,1,Cryptophyta,1.8247457,2.0349903
2023-11-17,1,Cryptophyta,1.657275,2.0396705
2023-11-18,1,Cryptophyta,1.5474409,2.019457
2023-11-19,1,Cryptophyta,1.0971582,2.0447612
2023-11-20,1,Cryptophyta,1.2624784,1.9976926
2023-11-21,1,Cryptophyta,0.9482711,1.9711719
2023-11-22,1,Cryptophyta,1.8767328,1.8806727
2023-11-23,1,Cryptophyta,6.3925285,1.791395
2023-11-24,1,Cryptophyta,4.2654333,1.9174203
2023-11-25,1,Cryptophyta,2.7321594,2.1369035
2023-11-26,1,Cryptophyta,1.7029,2.2821832
2023-11-27,1,Cryptophyta,1.9832858,2.3040562
2023-11-28,1,Cryptophyta,3.521314,2.3028114
2023-11-29,1,Cryptophyta,2.7741783,2.2871072
2023-11-30,1,Cryptophyta,6.872362,2.2882783
2023-12-01,1,Cryptophyta,3.9785435,2.3698142
2023-12-02,1,Cryptophyta,3.0168524,2.3932598
2023-12-03,1,Cryptophyta,3.5640304,2.3212779
2023-12-04,1,Cryptophyta,2.9545367,2.2758954
2023-12-05,1,Cryptophyta,5.5100183,2.2631364
2023-12-06,1,Cryptophyta,6.003167,2.376796
2023-12-07,1,Cryptophyta,3.810038,2.4846346
2023-12-08,1,Cryptophyta,2.5102015,2.5217838
2023-12-09,1,Cryptophyta,3.9716225,2.439636
2023-12-10,1,Cryptophyta,3.3053324,2.4145222
2023-12-11,1,Cryptophyta,4.866557,2.3965647
2023-12-12,1,Cryptophyta,6.099259,2.4465246
2023-12-13,1,Cryptophyta,5.3320804,2.5886397
2023-12-14,1,Cryptophyta,6.7810683,2.6462388
2023-12-15,1,Cryptophyta,6.163149,2.7401915
2023-12-16,1,Cryptophyta,5.54523,2.7739477
2023-12-17,1,Cryptophyta,3.1431665,2.7741392
2023-12-18,1,Cryptophyta,3.3976405,2.6362467
2023-12-19,1,Cryptophyta,4.9305954,2.4816804
2023-12-20,1,Cryptophyta,3.6816366,2.4240496
2023-12-21,1,Cryptophyta,3.0250509,2.3336873
2023-12-22,1,Cryptophyta,3.5993946,2.2610795
2023-12-23,1,Cryptophyta,3.5110064,2.22166
2023-12-24,1,Cryptophyta,3.3612518,2.2109685
2023-12-25,1,Cryptophyta,4.143041,2.2059796
2023-12-26,1,Cryptophyta,8.3693905,2.2274375
2023-12-27,1,Cryptophyta,7.794155,2.3900666
2020-10-29,2,Cryptophyta,4.774588,1.464526
2020-10-30,2,Cryptophyta,6.4135556,1.4747255
2020-10-31,2,Cryptophyta,2.063502,1.50292
2020-11-01,2,Cryptophyta,2.9815042,1.5618354
2020-11-02,2,Cryptophyta,2.4898262,1.578023
2020-11-03,2,Cryptophyta,1.4050977,1.5647489
2020-11-04,2,Cryptophyta,1.058533,1.5388399
2020-11-05,2,Cryptophyta,0.4326792,1.5060736
2020-11-06,2,Cryptophyta,2.0832295,1.4812874
2020-11-07,2,Cryptophyta,4.693758,1.4554976
2020-11-08,2,Cryptophyta,1.0451305,1.4459634
2020-11-09,2,Cryptophyta,0.93248004,1.4682152
2020-11-10,2,Cryptophyta,0.7796366,1.4835604
2020-11-11,2,Cryptophyta,0.9081858,1.4907371
2020-11-12,2,Cryptophyta,0.9168905,1.4914558
2020-11-13,2,Cryptophyta,1.4211985,1.4877406
2020-11-14,2,Cryptophyta,2.0446377,1.4784576
2020-11-15,2,Cryptophyta,1.2189211,1.4758674
2020-11-16,2,Cryptophyta,2.869199,1.484389
2020-11-17,2,Cryptophyta,2.9393878,1.4856467
2020-11-18,2,Cryptophyta,2.1355057,1.5058976
2020-11-19,2,Cryptophyta,5.508126,1.5260764
2020-11-20,2,Cryptophyta,2.4160047,1.5189567
2020-11-21,2,Cryptophyta,3.1686294,1.529326
2020-11-22,2,Cryptophyta,2.8650892,1.5010986
2020-11-23,2,Cryptophyta,1.2395797,1.4718506
2020-11-24,2,Cryptophyta,1.531438,1.4537473
2020-11-25,2,Cryptophyta,1.414658,1.4240863
2020-11-26,2,Cryptophyta,4.4915557,1.4004269
2020-11-27,2,Cryptophyta,1.921042,1.3807645
2020-11-28,2,Cryptophyta,1.37678,1.3970451
2020-11-29,2,Cryptophyta,1.6549928,1.4169422
2020-11-30,2,Cryptophyta,0.13129526,1.423517
2020-12-01,2,Cryptophyta,0.28309917,1.4232804
2020-12-02,2,Cryptophyta,0.8165774,1.4027511
2020-12-03,2,Cryptophyta,0.39298117,1.2843274
2020-12-04,2,Cryptophyta,0.7697974,0.92847174
2020-12-05,2,Cryptophyta,0.27719247,0.8733087
2020-12-06,2,Cryptophyta,0.2930608,0.91895825
2020-12-07,2,Cryptophyta,0.45009413,1.1460305
2020-12-08,2,Cryptophyta,0.70262855,1.1250511
2020-12-09,2,Cryptophyta,1.2964157,0.9913017
2020-12-10,2,Cryptophyta,0.8849384,1.190528
2020-12-11,2,Cryptophyta,0.4182911,1.2670623
2020-12-12,2,Cryptophyta,1.2485663,1.3294147
2020-12-13,2,Cryptophyta,4.7039027,1.3711972
2020-12-14,2,Cryptophyta,0.6753835,1.4126306
2020-12-15,2,Cryptophyta,0.16052096,1.5392671
2020-12-16,2,Cryptophyta,0.20374095,1.6644115
2020-12-17,2,Cryptophyta,0.33086172,1.6454265
2020-12-18,2,Cryptophyta,0.36293116,1.5481907
2020-12-19,2,Cryptophyta,0.6879812,1.4609522
2020-12-20,2,Cryptophyta,1.0289001,1.3970188
2020-12-21,2,Cryptophyta,1.52769,1.2316018
2020-12-22,2,Cryptophyta,1.4272194,1.315151
2020-12-23,2,Cryptophyta,3.3130145,1.4192973
2020-12-24,2,Cryptophyta,2.4671543,1.6559303
2020-12-25,2,Cryptophyta,1.2202317,1.8494893
2020-12-26,2,Cryptophyta,1.075974,1.9607619
2020-12-27,2,Cryptophyta,1.2043954,1.9862505
2020-12-28,2,Cryptophyta,5.7440696,1.957973
2020-12-29,2,Cryptophyta,5.131,1.9446084
2020-12-30,2,Cryptophyta,4.5179305,2.069356
2020-12-31,2,Cryptophyta,5.8423734,2.2174182
2021-01-01,2,Cryptophyta,2.6449928,2.3377495
2021-01-02,2,Cryptophyta,1.2774583,2.4145093
2021-01-03,2,Cryptophyta,1.0863966,2.3608103
2021-01-04,2,Cryptophyta,1.0671253,2.1955938
2021-01-05,2,Cryptophyta,0.94905144,2.0052092
2021-01-06,2,Cryptophyta,1.8335047,1.8554691
2021-01-07,2,Cryptophyta,3.0565534,1.7491065
2021-01-08,2,Cryptophyta,1.30677,1.7215278
2021-01-09,2,Cryptophyta,0.993589,1.8175249
2021-01-10,2,Cryptophyta,0.8233068,1.88679
2021-01-11,2,Cryptophyta,1.050239,1.9372408
2021-01-12,2,Cryptophyta,2.0137553,1.9579196
2021-01-13,2,Cryptophyta,2.547916,1.96787
2021-01-14,2,Cryptophyta,2.8340523,2.0356793
2021-01-15,2,Cryptophyta,2.6274946,2.1562793
2021-01-16,2,Cryptophyta,3.0504706,2.3096895
2021-01-17,2,Cryptophyta,3.0277352,2.4310062
2021-01-18,2,Cryptophyta,2.7913675,2.5508335
2021-01-19,2,Cryptophyta,2.3570838,2.6407619
2021-01-20,2,Cryptophyta,3.5750723,2.7138422
2021-01-21,2,Cryptophyta,4.109334,2.7298567
2021-01-22,2,Cryptophyta,3.7022157,2.7957516
2021-01-23,2,Cryptophyta,4.783394,2.842177
2021-01-24,2,Cryptophyta,2.2128148,2.8546445
2021-01-25,2,Cryptophyta,3.627907,2.8881562
2021-01-26,2,Cryptophyta,3.7955356,2.8028746
2021-01-27,2,Cryptophyta,5.924356,2.7096648
2021-01-28,2,Cryptophyta,3.6009696,2.6992738
2021-01-29,2,Cryptophyta,4.706469,2.7543488
2021-01-30,2,Cryptophyta,5.1016426,2.7096002
2021-01-31,2,Cryptophyta,3.963237,2.6936724
2021-02-01,2,Cryptophyta,3.4826646,2.7642024
2021-02-02,2,Cryptophyta,3.2203693,2.8254025
2021-02-03,2,Cryptophyta,2.5164735,2.801025
2021-02-04,2,Cryptophyta,3.3825343,2.7342105
2021-02-05,2,Cryptophyta,3.3017147,2.5939386
2021-02-06,2,Cryptophyta,2.9269514,2.4904103
2021-02-07,2,Cryptophyta,2.3131208,2.4257264
2021-02-08,2,Cryptophyta,1.9849964,2.3652937
2021-02-09,2,Cryptophyta,3.425029,2.2810206
2021-02-10,2,Cryptophyta,5.069283,2.1474738
2021-02-11,2,Cryptophyta,3.250572,2.0943642
2021-02-12,2,Cryptophyta,2.8851557,2.2247512
2021-02-13,2,Cryptophyta,6.569689,2.3609912
2021-02-14,2,Cryptophyta,5.033589,2.406834
2021-02-15,2,Cryptophyta,3.6312373,2.5606818
2021-02-16,2,Cryptophyta,4.1591535,2.6632655
2021-02-17,2,Cryptophyta,3.4927206,2.6242988
2021-02-18,2,Cryptophyta,2.1676483,2.6139503
2021-02-19,2,Cryptophyta,2.7191303,2.5439723
2021-02-20,2,Cryptophyta,2.3670385,2.4049184
2021-02-21,2,Cryptophyta,2.7633286,2.2856011
2021-02-22,2,Cryptophyta,2.4508183,2.1898386
2021-02-23,2,Cryptophyta,2.3480086,2.1781151
2021-02-24,2,Cryptophyta,1.872853,2.187933
2021-02-25,2,Cryptophyta,3.0860362,2.1767833
2021-02-26,2,Cryptophyta,3.569427,2.1127172
2021-02-27,2,Cryptophyta,3.2749453,2.0447726
2021-02-28,2,Cryptophyta,2.9949775,2.0153334
2021-03-01,2,Cryptophyta,1.9386367,2.0129595
2021-03-02,2,Cryptophyta,2.0704148,1.9645305
2021-03-03,2,Cryptophyta,3.985123,1.7939581
2021-03-04,2,Cryptophyta,2.5256224,1.5645759
2021-03-05,2,Cryptophyta,0.966932,1.4991452
2021-03-06,2,Cryptophyta,0.52926195,1.4706306
2021-03-07,2,Cryptophyta,0.5995007,1.3847078
2021-03-08,2,Cryptophyta,0.46934107,1.2943925
2021-03-09,2,Cryptophyta,0.53188133,1.2126667
2021-03-10,2,Cryptophyta,0.67051375,1.1441641
2021-03-11,2,Cryptophyta,1.7803546,1.0820799
2021-03-12,2,Cryptophyta,2.5919247,1.0267162
2021-03-13,2,Cryptophyta,6.490051,0.9872864
2021-03-14,2,Cryptophyta,3.7538712,0.96311927
2021-03-15,2,Cryptophyta,3.1785095,0.97175837
2021-03-16,2,Cryptophyta,2.4393127,0.9717208
2021-03-17,2,Cryptophyta,1.4057163,0.95503736
2021-03-18,2,Cryptophyta,1.2176338,0.9311757
2021-03-19,2,Cryptophyta,0.5862518,0.9231832
2021-03-20,2,Cryptophyta,0.23516648,0.8920854
2021-03-21,2,Cryptophyta,0.024312591,0.8665139
2021-03-22,2,Cryptophyta,0.20230821,0.8388132
2021-03-23,2,Cryptophyta,0.41667634,0.81454664
2021-03-24,2,Cryptophyta,0.2692962,0.8116738
2021-03-25,2,Cryptophyta,0.32939044,0.78999394
2021-03-26,2,Cryptophyta,0.32711288,0.77928376
2021-03-27,2,Cryptophyta,0.45832005,0.7775043
2021-03-28,2,Cryptophyta,0.7455974,0.77135944
2021-03-29,2,Cryptophyta,2.5559523,0.76831037
2021-03-30,2,Cryptophyta,3.8826284,0.7582114
2021-03-31,2,Cryptophyta,3.3377802,0.7577837
2021-04-01,2,Cryptophyta,1.2241564,0.77263993
2021-04-02,2,Cryptophyta,0.2549022,0.7917981
2021-04-03,2,Cryptophyta,0.23659663,0.8026459
2021-04-04,2,Cryptophyta,0.053678524,0.7968618
2021-04-05,2,Cryptophyta,0.013581768,0.7929845
2021-04-06,2,Cryptophyta,0.05430536,0.7880901
2021-04-07,2,Cryptophyta,0.032896426,0.7833648
2021-04-08,2,Cryptophyta,0.05452243,0.7737307
2021-04-09,2,Cryptophyta,0.111700416,0.76553285
2021-04-10,2,Cryptophyta,0.36037627,0.76022893
2021-04-11,2,Cryptophyta,0.9309045,0.75582606
2021-04-12,2,Cryptophyta,4.4353657,0.7521599
2021-04-13,2,Cryptophyta,4.5296745,0.7513878
2021-04-14,2,Cryptophyta,4.7901015,0.75679475
2021-04-15,2,Cryptophyta,4.097689,0.76804113
2021-04-16,2,Cryptophyta,3.4052775,0.7813055
2021-04-17,2,Cryptophyta,6.085865,0.7951595
2021-04-18,2,Cryptophyta,0.7100869,0.80801255
2021-04-19,2,Cryptophyta,0.6453512,0.828482
2021-04-20,2,Cryptophyta,0.84328747,0.84412646
2021-04-21,2,Cryptophyta,1.7741998,0.8470054
2021-04-22,2,Cryptophyta,3.597625,0.84546137
2021-04-23,2,Cryptophyta,2.9359233,0.84241277
2021-04-24,2,Cryptophyta,3.833693,0.8387232
2021-04-25,2,Cryptophyta,4.4633455,0.8394955
2021-04-26,2,Cryptophyta,1.0418307,0.84465
2021-04-27,2,Cryptophyta,0.21408828,0.85134524
2021-04-28,2,Cryptophyta,0.014493498,0.8518175
2021-04-29,2,Cryptophyta,0.039790172,0.84018075
2021-04-30,2,Cryptophyta,0.28643999,0.8171092
2021-05-01,2,Cryptophyta,2.2824168,0.79801446
2021-05-02,2,Cryptophyta,2.6909986,0.7830936
2021-05-03,2,Cryptophyta,2.769449,0.7759769
2021-05-04,2,Cryptophyta,0.42055428,0.77340925
2021-05-05,2,Cryptophyta,1.0409683,0.7748045
2021-05-06,2,Cryptophyta,2.7422197,0.7828631
2021-05-07,2,Cryptophyta,2.4887962,0.9795908
2021-05-08,2,Cryptophyta,4.2748013,1.4554194
2021-05-09,2,Cryptophyta,6.8061724,1.5087214
2021-05-10,2,Cryptophyta,4.8118887,1.5610569
2021-05-11,2,Cryptophyta,6.5926557,1.6714258
2021-05-12,2,Cryptophyta,6.2209406,1.8597704
2021-05-13,2,Cryptophyta,5.8229237,2.0775633
2021-05-14,2,Cryptophyta,1.5781838,2.1652663
2021-05-15,2,Cryptophyta,1.0210347,2.144781
2021-05-16,2,Cryptophyta,0.43799567,1.9109464
2021-05-17,2,Cryptophyta,0.6316715,1.6436131
2021-05-18,2,Cryptophyta,0.9674602,1.4895113
2021-05-19,2,Cryptophyta,0.525887,1.4557028
2021-05-20,2,Cryptophyta,1.4451882,1.4468071
2021-05-21,2,Cryptophyta,1.1084154,1.440836
2021-05-22,2,Cryptophyta,1.0994352,1.4422886
2021-05-23,2,Cryptophyta,0.3843736,1.4473546
2021-05-24,2,Cryptophyta,1.8047323,1.455329
2021-05-25,2,Cryptophyta,0.6530318,1.4611706
2021-05-26,2,Cryptophyta,0.57416064,1.4709941
2021-05-27,2,Cryptophyta,2.3588858,1.4721617
2021-05-28,2,Cryptophyta,3.7486877,1.4698701
2021-05-29,2,Cryptophyta,0.98348767,1.4856821
2021-05-30,2,Cryptophyta,0.11463098,1.509351
2021-05-31,2,Cryptophyta,0.027501792,1.5106555
2021-06-01,2,Cryptophyta,0.009999991,1.4966708
2021-06-02,2,Cryptophyta,0.009999991,1.4858198
2021-06-03,2,Cryptophyta,0.009999991,1.4681486
2021-06-04,2,Cryptophyta,0.011448221,1.4516646
2021-06-05,2,Cryptophyta,0.009999991,1.4517862
2021-06-06,2,Cryptophyta,0.22102822,1.4604454
2021-06-07,2,Cryptophyta,1.2524167,1.4711152
2021-06-08,2,Cryptophyta,2.9655645,1.4797057
2021-06-09,2,Cryptophyta,0.59876263,1.4848182
2021-06-10,2,Cryptophyta,0.90918237,1.4965284
2021-06-11,2,Cryptophyta,1.1005427,1.499933
2021-06-12,2,Cryptophyta,2.717328,1.5028038
2021-06-13,2,Cryptophyta,6.692701,1.5047998
2021-06-14,2,Cryptophyta,3.8272846,1.5192353
2021-06-15,2,Cryptophyta,5.550228,1.60981
2021-06-16,2,Cryptophyta,7.2731714,1.6696024
2021-06-17,2,Cryptophyta,3.9749167,1.73432
2021-06-18,2,Cryptophyta,1.4805058,1.8184421
2021-06-19,2,Cryptophyta,0.7167053,1.8088009
2021-06-20,2,Cryptophyta,1.0034058,1.676492
2021-06-21,2,Cryptophyta,0.36990592,1.5503006
2021-06-22,2,Cryptophyta,0.63429683,1.5013323
2021-06-23,2,Cryptophyta,0.8823589,1.4903527
2021-06-24,2,Cryptophyta,0.4316136,1.4938606
2021-06-25,2,Cryptophyta,1.4246527,1.498242
2021-06-26,2,Cryptophyta,0.8443198,1.498397
2021-06-27,2,Cryptophyta,5.683697,1.5015635
2021-06-28,2,Cryptophyta,5.1820374,1.5033635
2021-06-29,2,Cryptophyta,4.680376,1.5507188
2021-06-30,2,Cryptophyta,2.233973,1.6478769
2021-07-01,2,Cryptophyta,2.7452605,1.7540541
2021-07-02,2,Cryptophyta,3.114732,1.7359924
2021-07-03,2,Cryptophyta,4.5960784,1.6887915
2021-07-04,2,Cryptophyta,1.1919392,1.6438847
2021-07-05,2,Cryptophyta,2.188618,1.6406729
2021-07-06,2,Cryptophyta,0.89488775,1.5794218
2021-07-07,2,Cryptophyta,1.1724837,1.5175005
2021-07-08,2,Cryptophyta,2.041239,1.4793056
2021-07-09,2,Cryptophyta,0.09234785,1.4590751
2021-07-10,2,Cryptophyta,0.11277334,1.4537377
2021-07-11,2,Cryptophyta,0.11111517,1.453561
2021-07-12,2,Cryptophyta,0.19445011,1.4555169
2021-07-13,2,Cryptophyta,0.14789437,1.4563758
2021-07-14,2,Cryptophyta,2.0088196,1.4558752
2021-07-15,2,Cryptophyta,3.3283792,1.4552652
2021-07-16,2,Cryptophyta,2.9782705,1.4683613
2021-07-17,2,Cryptophyta,3.991751,1.4944702
2021-07-18,2,Cryptophyta,2.4407308,1.5236235
2021-07-19,2,Cryptophyta,1.8509196,1.5625125
2021-07-20,2,Cryptophyta,0.30619845,1.5774528
2021-07-21,2,Cryptophyta,0.5183273,1.5566633
2021-07-22,2,Cryptophyta,0.29636496,1.5010741
2021-07-23,2,Cryptophyta,2.2086678,1.4648883
2021-07-24,2,Cryptophyta,2.187364,1.4462101
2021-07-25,2,Cryptophyta,2.1352136,1.4563006
2021-07-26,2,Cryptophyta,1.2728292,1.4581543
2021-07-27,2,Cryptophyta,0.7636324,1.4595162
2021-07-28,2,Cryptophyta,0.08968883,1.4574533
2021-07-29,2,Cryptophyta,0.35649782,1.4536474
2021-07-30,2,Cryptophyta,0.28621292,1.4508632
2021-07-31,2,Cryptophyta,0.8985962,1.4560153
2021-08-01,2,Cryptophyta,1.3469175,1.4582787
2021-08-02,2,Cryptophyta,1.7300363,1.4667674
2021-08-03,2,Cryptophyta,0.32100654,1.4802201
2021-08-04,2,Cryptophyta,0.14803037,1.4918208
2021-08-05,2,Cryptophyta,0.009999991,1.4903157
2021-08-06,2,Cryptophyta,0.009999991,1.4730265
2021-08-07,2,Cryptophyta,0.009999991,1.4372299
2021-08-08,2,Cryptophyta,0.009999991,0.7293993
2021-08-09,2,Cryptophyta,0.23199858,0.68504447
2021-08-10,2,Cryptophyta,0.034522396,0.7413101
2021-08-11,2,Cryptophyta,0.045955125,1.3968201
2021-08-12,2,Cryptophyta,0.33081767,1.4246638
2021-08-13,2,Cryptophyta,0.2818487,1.4403996
2021-08-14,2,Cryptophyta,3.3812597,1.4549748
2021-08-15,2,Cryptophyta,4.7306323,1.4560552
2021-08-16,2,Cryptophyta,1.2108259,1.476755
2021-08-17,2,Cryptophyta,0.8421241,1.5171504
2021-08-18,2,Cryptophyta,3.8678281,1.5216639
2021-08-19,2,Cryptophyta,6.1408067,1.499411
2021-08-20,2,Cryptophyta,4.1655927,1.5064217
2021-08-21,2,Cryptophyta,1.9573146,1.5890148
2021-08-22,2,Cryptophyta,6.7205424,1.7230858
2021-08-23,2,Cryptophyta,6.412621,1.7671506
2021-08-24,2,Cryptophyta,4.911873,1.849316
2021-08-25,2,Cryptophyta,5.530123,2.0113454
2021-08-26,2,Cryptophyta,4.9580812,2.0875232
2021-08-27,2,Cryptophyta,3.6376522,2.069389
2021-08-28,2,Cryptophyta,2.0945258,1.9526577
2021-08-29,2,Cryptophyta,1.1689283,1.7602583
2021-08-30,2,Cryptophyta,0.895105,1.5474792
2021-08-31,2,Cryptophyta,0.98863244,1.440756
2021-09-01,2,Cryptophyta,0.47985527,1.4126384
2021-09-02,2,Cryptophyta,0.16972502,1.4004568
2021-09-03,2,Cryptophyta,0.16249637,1.3930659
2021-09-04,2,Cryptophyta,0.40104917,1.1294379
2021-09-05,2,Cryptophyta,0.5010926,1.3678203
2021-09-06,2,Cryptophyta,0.21408828,1.3605129
2021-09-07,2,Cryptophyta,0.09729903,1.3400517
2021-09-08,2,Cryptophyta,0.18883504,1.3125176
2021-09-09,2,Cryptophyta,0.8836324,1.2830018
2021-09-10,2,Cryptophyta,0.94916064,1.2487614
2021-09-11,2,Cryptophyta,2.8891752,1.2179279
2021-09-12,2,Cryptophyta,3.9723084,1.186315
2021-09-13,2,Cryptophyta,1.3835337,1.1680839
2021-09-14,2,Cryptophyta,0.8942071,1.167672
2021-09-15,2,Cryptophyta,0.11826209,1.170149
2021-09-16,2,Cryptophyta,0.03495292,1.1433196
2021-09-17,2,Cryptophyta,0.021180328,1.0675395
2021-09-18,2,Cryptophyta,0.014590886,0.9518362
2021-09-19,2,Cryptophyta,0.027762465,0.87590265
2021-09-20,2,Cryptophyta,0.014923933,0.82892436
2021-09-21,2,Cryptophyta,0.013330923,0.7905004
2021-09-22,2,Cryptophyta,0.02899346,0.7614248
2021-09-23,2,Cryptophyta,0.031630408,0.7433384
2021-09-24,2,Cryptophyta,0.016531473,0.7354853
2021-09-25,2,Cryptophyta,0.025249824,0.7265968
2021-09-26,2,Cryptophyta,0.020209959,0.70791835
2021-09-27,2,Cryptophyta,0.016162232,0.6937814
2021-09-28,2,Cryptophyta,0.012722697,0.6884698
2021-09-29,2,Cryptophyta,0.014996384,0.68578494
2021-09-30,2,Cryptophyta,0.027639415,0.68405825
2021-10-01,2,Cryptophyta,0.0215858,0.68383336
2021-10-02,2,Cryptophyta,0.009999991,0.68340635
2021-10-03,2,Cryptophyta,0.04314291,0.6834423
2021-10-04,2,Cryptophyta,0.06171007,0.68287593
2021-10-05,2,Cryptophyta,0.08027723,0.6842201
2021-10-06,2,Cryptophyta,0.09884436,0.6907898
2021-10-07,2,Cryptophyta,0.11741151,0.7048934
2021-10-08,2,Cryptophyta,0.13597873,0.7096552
2021-10-09,2,Cryptophyta,0.15454592,0.7085075
2021-10-10,2,Cryptophyta,0.17311302,0.70565444
2021-10-11,2,Cryptophyta,0.19168025,0.7012137
2021-10-12,2,Cryptophyta,0.08330738,0.6974313
2021-10-13,2,Cryptophyta,0.20564081,0.6944174
2021-10-14,2,Cryptophyta,0.45210716,0.6907937
2021-10-15,2,Cryptophyta,1.9633454,0.68780977
2021-10-16,2,Cryptophyta,2.402042,0.6858308
2021-10-17,2,Cryptophyta,0.18239857,0.68454224
2021-10-18,2,Cryptophyta,0.14306079,0.6824259
2021-10-19,2,Cryptophyta,0.1371925,0.6792031
2021-10-20,2,Cryptophyta,0.10953692,0.67571574
2021-10-21,2,Cryptophyta,0.33654124,0.6727221
2021-10-22,2,Cryptophyta,0.09678729,0.67172194
2021-10-23,2,Cryptophyta,0.12801735,0.6718255
2021-10-24,2,Cryptophyta,0.15230823,0.6732247
2021-10-25,2,Cryptophyta,0.3744026,0.67427063
2021-10-26,2,Cryptophyta,0.5011505,0.67622185
2021-10-27,2,Cryptophyta,2.2271852,0.6787952
2021-10-28,2,Cryptophyta,5.092771,0.6821938
2021-10-29,2,Cryptophyta,4.4250436,0.6892211
2021-10-30,2,Cryptophyta,1.6537554,0.70142496
2021-10-31,2,Cryptophyta,1.1526773,0.71496016
2021-11-01,2,Cryptophyta,0.999602,0.7233243
2021-11-02,2,Cryptophyta,2.287547,0.7278222
2021-11-03,2,Cryptophyta,3.3543994,0.7306755
2021-11-04,2,Cryptophyta,1.814754,0.73439425
2021-11-05,2,Cryptophyta,0.28529662,0.74034894
2021-11-06,2,Cryptophyta,0.8264255,0.74447334
2021-11-07,2,Cryptophyta,1.651774,0.7451419
2021-11-08,2,Cryptophyta,0.8663386,0.74576306
2021-11-09,2,Cryptophyta,0.98232996,0.75200474
2021-11-10,2,Cryptophyta,1.3961767,0.7640517
2021-11-11,2,Cryptophyta,0.55808246,0.7785875
2021-11-12,2,Cryptophyta,0.2808545,0.78706634
2021-11-13,2,Cryptophyta,0.22812591,0.78995603
2021-11-14,2,Cryptophyta,0.060130253,0.78788024
2021-11-15,2,Cryptophyta,0.064438835,0.7848702
2021-11-16,2,Cryptophyta,0.12549599,0.7801839
2021-11-17,2,Cryptophyta,0.12162303,0.774929
2021-11-18,2,Cryptophyta,0.13411672,0.7704288
2021-11-19,2,Cryptophyta,0.038276628,0.76699036
2021-11-20,2,Cryptophyta,0.037277333,0.76422966
2021-11-21,2,Cryptophyta,0.14311372,0.76085013
2021-11-22,2,Cryptophyta,0.31098408,0.75817585
2021-11-23,2,Cryptophyta,0.028777102,0.7592902
2021-11-24,2,Cryptophyta,0.11981185,0.7611516
2021-11-25,2,Cryptophyta,0.089210704,0.7592032
2021-11-26,2,Cryptophyta,0.026425505,0.7536468
2021-11-27,2,Cryptophyta,0.080904454,0.7466832
2021-11-28,2,Cryptophyta,0.079240225,0.7390855
2021-11-29,2,Cryptophyta,0.13870382,0.73154575
2021-11-30,2,Cryptophyta,0.70564806,0.724798
2021-12-01,2,Cryptophyta,0.46112964,0.7194316
2021-12-02,2,Cryptophyta,0.56976104,0.714766
2021-12-03,2,Cryptophyta,0.44613323,0.7068835
2021-12-04,2,Cryptophyta,0.114030406,0.6981486
2021-12-05,2,Cryptophyta,0.13754705,0.6914482
2021-12-06,2,Cryptophyta,0.13356574,0.6865367
2021-12-07,2,Cryptophyta,0.13945727,0.68390936
2021-12-08,2,Cryptophyta,0.18000004,0.68352854
2021-12-09,2,Cryptophyta,0.22572987,0.68351865
2021-12-10,2,Cryptophyta,0.1674964,0.6836696
2021-12-11,2,Cryptophyta,0.536042,0.6850712
2021-12-12,2,Cryptophyta,0.33448946,0.68633336
2021-12-13,2,Cryptophyta,0.8888133,0.6892756
2021-12-14,2,Cryptophyta,1.109754,0.692773
2021-12-15,2,Cryptophyta,1.157719,0.6985276
2021-12-16,2,Cryptophyta,0.9222013,0.70889217
2021-12-17,2,Cryptophyta,0.2394569,0.73164046
2021-12-18,2,Cryptophyta,0.17299783,0.78513765
2021-12-19,2,Cryptophyta,0.19939901,0.88309985
2021-12-20,2,Cryptophyta,0.0508104,0.9833478
2021-12-21,2,Cryptophyta,0.012547057,1.0111978
2021-12-22,2,Cryptophyta,1.1247612,0.9958733
2021-12-23,2,Cryptophyta,3.3235745,0.98366195
2021-12-24,2,Cryptophyta,5.3787045,0.9476178
2021-12-25,2,Cryptophyta,1.9026159,0.9214197
2021-12-26,2,Cryptophyta,1.5518523,0.9289686
2021-12-27,2,Cryptophyta,1.4961421,0.95361316
2021-12-28,2,Cryptophyta,2.0434694,1.0290701
2021-12-29,2,Cryptophyta,1.3157945,1.1102167
2021-12-30,2,Cryptophyta,1.7633647,1.1594114
2021-12-31,2,Cryptophyta,0.99547976,1.2501229
2022-01-01,2,Cryptophyta,0.90334296,1.296566
2022-01-02,2,Cryptophyta,0.460246,1.3396362
2022-01-03,2,Cryptophyta,0.49183202,1.3606583
2022-01-04,2,Cryptophyta,0.8021434,1.3861159
2022-01-05,2,Cryptophyta,2.411108,1.3987672
2022-01-06,2,Cryptophyta,1.9298986,1.3977755
2022-01-07,2,Cryptophyta,1.4486893,1.4093347
2022-01-08,2,Cryptophyta,2.254236,1.4187471
2022-01-09,2,Cryptophyta,1.9260247,1.4127222
2022-01-10,2,Cryptophyta,3.8141894,1.4191244
2022-01-11,2,Cryptophyta,3.3248262,1.4295276
2022-01-12,2,Cryptophyta,1.8018959,1.4779195
2022-01-13,2,Cryptophyta,0.6656151,1.5481781
2022-01-14,2,Cryptophyta,0.16721943,1.6010948
2022-01-15,2,Cryptophyta,0.40709117,1.5968785
2022-01-16,2,Cryptophyta,0.41276413,1.5522866
2022-01-17,2,Cryptophyta,0.12125267,1.5262643
2022-01-18,2,Cryptophyta,0.50808835,1.5203199
2022-01-19,2,Cryptophyta,0.29482982,1.5222882
2022-01-20,2,Cryptophyta,0.28364226,1.5441047
2022-01-21,2,Cryptophyta,0.73514116,1.5773491
2022-01-22,2,Cryptophyta,0.8555467,1.6020631
2022-01-23,2,Cryptophyta,6.0838957,1.629068
2022-01-24,2,Cryptophyta,2.5067077,1.6423904
2022-01-25,2,Cryptophyta,3.2794752,1.8247466
2022-01-26,2,Cryptophyta,4.0522428,1.9187305
2022-01-27,2,Cryptophyta,7.7161593,1.9530681
2022-01-28,2,Cryptophyta,6.604,2.0042737
2022-01-29,2,Cryptophyta,6.2652764,2.204855
2022-01-30,2,Cryptophyta,4.679468,2.416921
2022-01-31,2,Cryptophyta,2.0781941,2.5565498
2022-02-01,2,Cryptophyta,1.1183823,2.5856085
2022-02-02,2,Cryptophyta,2.0167906,2.4624865
2022-02-03,2,Cryptophyta,1.0336812,2.2482455
2022-02-04,2,Cryptophyta,1.8221382,2.1064384
2022-02-05,2,Cryptophyta,2.1748297,1.9412608
2022-02-06,2,Cryptophyta,0.7498538,1.7976336
2022-02-07,2,Cryptophyta,1.6242288,1.717143
2022-02-08,2,Cryptophyta,2.812573,1.6313018
2022-02-09,2,Cryptophyta,2.1546009,1.5941176
2022-02-10,2,Cryptophyta,2.7654421,1.5800906
2022-02-11,2,Cryptophyta,1.6416949,1.5726409
2022-02-12,2,Cryptophyta,3.2547395,1.5256952
2022-02-13,2,Cryptophyta,4.4726844,1.4629579
2022-02-14,2,Cryptophyta,3.2693677,1.447393
2022-02-15,2,Cryptophyta,3.0681496,1.4567896
2022-02-16,2,Cryptophyta,3.5129151,1.4691932
2022-02-17,2,Cryptophyta,6.3626266,1.482169
2022-02-18,2,Cryptophyta,5.7419825,1.5039597
2022-02-19,2,Cryptophyta,5.121339,1.5491115
2022-02-20,2,Cryptophyta,1.3447684,1.5678624
2022-02-21,2,Cryptophyta,0.34763938,1.5820155
2022-02-22,2,Cryptophyta,0.11295442,1.5027161
2022-02-23,2,Cryptophyta,0.010837298,1.4316584
2022-02-24,2,Cryptophyta,0.2931932,1.3823644
2022-02-25,2,Cryptophyta,0.3498264,1.3316643
2022-02-26,2,Cryptophyta,0.40645963,1.2910234
2022-02-27,2,Cryptophyta,0.46309286,1.2585154
2022-02-28,2,Cryptophyta,0.23080894,1.2454907
2022-03-01,2,Cryptophyta,0.66084886,1.2407233
2022-03-02,2,Cryptophyta,1.4105,1.2340578
2022-03-03,2,Cryptophyta,2.6836133,1.233898
2022-03-04,2,Cryptophyta,3.074573,1.3015442
2022-03-05,2,Cryptophyta,4.616686,1.4140748
2022-03-06,2,Cryptophyta,4.4455137,1.7243797
2022-03-07,2,Cryptophyta,5.2407317,2.0586295
2022-03-08,2,Cryptophyta,3.0426722,2.3540268
2022-03-09,2,Cryptophyta,2.6120565,2.6179845
2022-03-10,2,Cryptophyta,3.1026852,2.7411237
2022-03-11,2,Cryptophyta,5.934228,2.7739127
2022-03-12,2,Cryptophyta,5.9608407,2.8396297
2022-03-13,2,Cryptophyta,8.2981825,3.0550618
2022-03-14,2,Cryptophyta,8.111037,3.1572082
2022-03-15,2,Cryptophyta,7.923893,3.2758596
2022-03-16,2,Cryptophyta,7.6927795,3.3634763
2022-03-17,2,Cryptophyta,7.4616656,3.3949938
2022-03-18,2,Cryptophyta,7.230552,3.3283203
2022-03-19,2,Cryptophyta,6.9994383,3.2320888
2022-03-20,2,Cryptophyta,6.768325,3.118915
2022-03-21,2,Cryptophyta,2.956575,2.9602804
2022-03-22,2,Cryptophyta,3.0413914,2.7465332
2022-03-23,2,Cryptophyta,1.2712663,2.287374
2022-03-24,2,Cryptophyta,0.48071688,1.7863173
2022-03-25,2,Cryptophyta,0.24598116,1.4105244
2022-03-26,2,Cryptophyta,0.17334539,1.3033885
2022-03-27,2,Cryptophyta,0.014066844,1.23247
2022-03-28,2,Cryptophyta,0.009999991,1.1727176
2022-03-29,2,Cryptophyta,0.009999991,1.0997792
2022-03-30,2,Cryptophyta,0.011354405,1.0377523
2022-03-31,2,Cryptophyta,0.011491702,0.9768222
2022-04-01,2,Cryptophyta,0.0132873645,0.92108214
2022-04-02,2,Cryptophyta,0.009999991,0.91335773
2022-04-03,2,Cryptophyta,0.0104561765,0.95170754
2022-04-04,2,Cryptophyta,0.058059365,1.0158788
2022-04-05,2,Cryptophyta,0.5978168,1.100435
2022-04-06,2,Cryptophyta,0.5055185,1.2000175
2022-04-07,2,Cryptophyta,1.6158104,1.3150877
2022-04-08,2,Cryptophyta,3.517357,1.483455
2022-04-09,2,Cryptophyta,3.552728,1.7835244
2022-04-10,2,Cryptophyta,3.648052,2.1197045
2022-04-11,2,Cryptophyta,4.8602524,2.433376
2022-04-12,2,Cryptophyta,5.7928276,2.7088394
2022-04-13,2,Cryptophyta,7.0250325,2.875719
2022-04-14,2,Cryptophyta,7.4662733,3.0711582
2022-04-15,2,Cryptophyta,6.0537853,3.2360168
2022-04-16,2,Cryptophyta,5.7560816,3.3222566
2022-04-17,2,Cryptophyta,5.326953,3.2941053
2022-04-18,2,Cryptophyta,6.1952877,3.223736
2022-04-19,2,Cryptophyta,1.519471,3.1310463
2022-04-20,2,Cryptophyta,1.9496597,3.2102678
2022-04-21,2,Cryptophyta,2.6454587,2.9760718
2022-04-22,2,Cryptophyta,4.0942683,2.705493
2022-04-23,2,Cryptophyta,5.363492,2.4834738
2022-04-24,2,Cryptophyta,6.632715,2.4609416
2022-04-25,2,Cryptophyta,5.4636426,2.4817064
2022-04-26,2,Cryptophyta,5.049073,2.6382298
2022-04-27,2,Cryptophyta,4.6345043,2.6506066
2022-04-28,2,Cryptophyta,4.219935,2.5135338
2022-04-29,2,Cryptophyta,3.26207,2.1758583
2022-04-30,2,Cryptophyta,0.3818768,1.8995541
2022-05-01,2,Cryptophyta,0.3872826,1.6949704
2022-05-02,2,Cryptophyta,0.08944931,1.4799958
2022-05-03,2,Cryptophyta,0.25981158,1.3755001
2022-05-04,2,Cryptophyta,1.3497682,1.308872
2022-05-05,2,Cryptophyta,2.010942,1.2655146
2022-05-06,2,Cryptophyta,4.4939523,1.2553099
2022-05-07,2,Cryptophyta,4.4601665,1.271535
2022-05-08,2,Cryptophyta,3.5489104,1.3313885
2022-05-09,2,Cryptophyta,2.6376543,1.3986573
2022-05-10,2,Cryptophyta,1.0043664,1.4437186
2022-05-11,2,Cryptophyta,0.4831377,1.446483
2022-05-12,2,Cryptophyta,0.5559877,1.4190645
2022-05-13,2,Cryptophyta,0.073652156,1.3855673
2022-05-14,2,Cryptophyta,0.009999991,1.3604655
2022-05-15,2,Cryptophyta,0.009999991,1.2977526
2022-05-16,2,Cryptophyta,0.009999991,1.2181078
2022-05-17,2,Cryptophyta,0.009999991,1.1181993
2022-05-18,2,Cryptophyta,0.013930398,1.0197363
2022-05-19,2,Cryptophyta,0.032872636,0.9388408
2022-05-20,2,Cryptophyta,0.58060104,0.87568647
2022-05-21,2,Cryptophyta,5.506287,0.82647353
2022-05-22,2,Cryptophyta,1.7813116,0.7945723
2022-05-23,2,Cryptophyta,1.5250723,0.8054738
2022-05-24,2,Cryptophyta,2.5719986,0.8255145
2022-05-25,2,Cryptophyta,0.094826125,0.8202832
2022-05-26,2,Cryptophyta,0.38431472,0.8163747
2022-05-27,2,Cryptophyta,0.016613582,0.80311894
2022-05-28,2,Cryptophyta,0.009999991,0.7534892
2022-05-29,2,Cryptophyta,0.009999991,0.7106398
2022-05-30,2,Cryptophyta,0.009999991,0.66191983
2022-05-31,2,Cryptophyta,0.009999991,0.6210548
2022-06-01,2,Cryptophyta,0.041579302,0.63516957
2022-06-02,2,Cryptophyta,0.009999991,0.62637734
2022-06-03,2,Cryptophyta,0.009999991,0.61712027
2022-06-04,2,Cryptophyta,0.009999991,0.608665
2022-06-05,2,Cryptophyta,0.009999991,0.60333973
2022-06-06,2,Cryptophyta,0.009999991,0.60002977
2022-06-07,2,Cryptophyta,0.009999991,0.59873277
2022-06-08,2,Cryptophyta,0.009999991,0.59800696
2022-06-09,2,Cryptophyta,0.009999991,0.5972383
2022-06-10,2,Cryptophyta,0.009999991,0.5960328
2022-06-11,2,Cryptophyta,0.009999991,0.59549093
2022-06-12,2,Cryptophyta,0.009999991,0.5951011
2022-06-13,2,Cryptophyta,0.009999991,0.59542924
2022-06-14,2,Cryptophyta,0.009999991,0.5963404
2022-06-15,2,Cryptophyta,0.009999991,0.59709007
2022-06-16,2,Cryptophyta,0.009999991,0.59691983
2022-06-17,2,Cryptophyta,0.0147973765,0.5962255
2022-06-18,2,Cryptophyta,0.073159404,0.596303
2022-06-19,2,Cryptophyta,0.06849167,0.5978349
2022-06-20,2,Cryptophyta,0.14291817,0.59961367
2022-06-21,2,Cryptophyta,0.20932655,0.6014826
2022-06-22,2,Cryptophyta,0.23238957,0.60312194
2022-06-23,2,Cryptophyta,0.017235858,0.60460925
2022-06-24,2,Cryptophyta,0.040120743,0.60572445
2022-06-25,2,Cryptophyta,0.2839175,0.6056599
2022-06-26,2,Cryptophyta,0.035959456,0.60612464
2022-06-27,2,Cryptophyta,0.06081824,0.60822266
2022-06-28,2,Cryptophyta,0.27052093,0.60885555
2022-06-29,2,Cryptophyta,0.012525414,0.6098265
2022-06-30,2,Cryptophyta,0.6139971,0.61121464
2022-07-01,2,Cryptophyta,0.59884864,0.6112582
2022-07-02,2,Cryptophyta,0.026125995,0.61123866
2022-07-03,2,Cryptophyta,0.010289456,0.611481
2022-07-04,2,Cryptophyta,0.009999991,0.61121655
2022-07-05,2,Cryptophyta,0.009999991,0.6108689
2022-07-06,2,Cryptophyta,0.009999991,0.6105308
2022-07-07,2,Cryptophyta,0.009999991,0.6104171
2022-07-08,2,Cryptophyta,0.02234078,0.6105586
2022-07-09,2,Cryptophyta,0.10539345,0.61112845
2022-07-10,2,Cryptophyta,0.24793312,0.61270034
2022-07-11,2,Cryptophyta,0.51225203,0.6142325
2022-07-12,2,Cryptophyta,0.3178261,0.61632866
2022-07-13,2,Cryptophyta,0.12300002,0.6187096
2022-07-14,2,Cryptophyta,1.7812928,0.6211526
2022-07-15,2,Cryptophyta,4.1484494,0.6236907
2022-07-16,2,Cryptophyta,0.7352533,0.6251307
2022-07-17,2,Cryptophyta,0.92751086,0.62635934
2022-07-18,2,Cryptophyta,0.22509077,0.62799317
2022-07-19,2,Cryptophyta,0.020543884,0.6288576
2022-07-20,2,Cryptophyta,0.043882452,0.6300045
2022-07-21,2,Cryptophyta,0.011791171,0.63195324
2022-07-22,2,Cryptophyta,0.010043729,0.6327231
2022-07-23,2,Cryptophyta,0.012169442,0.63481814
2022-07-24,2,Cryptophyta,0.40781432,0.63628525
2022-07-25,2,Cryptophyta,0.016661854,0.6377244
2022-07-26,2,Cryptophyta,0.022054957,0.6399569
2022-07-27,2,Cryptophyta,0.020608686,0.6417239
2022-07-28,2,Cryptophyta,0.010642375,0.6435441
2022-07-29,2,Cryptophyta,0.07021444,0.6454427
2022-07-30,2,Cryptophyta,0.103735305,0.64622957
2022-07-31,2,Cryptophyta,0.1372561,0.6480008
2022-08-01,2,Cryptophyta,0.17077692,0.64869803
2022-08-02,2,Cryptophyta,0.20429775,0.6496943
2022-08-03,2,Cryptophyta,0.2378185,0.6513718
2022-08-04,2,Cryptophyta,0.27133936,0.6526961
2022-08-05,2,Cryptophyta,0.30486017,0.6535352
2022-08-06,2,Cryptophyta,0.33838093,0.65269667
2022-08-07,2,Cryptophyta,0.37190175,0.651415
2022-08-08,2,Cryptophyta,0.40542254,0.650893
2022-08-09,2,Cryptophyta,0.43894336,0.6508317
2022-08-10,2,Cryptophyta,0.47246417,0.65052503
2022-08-11,2,Cryptophyta,0.505985,0.650163
2022-08-12,2,Cryptophyta,0.5395058,0.6497423
2022-08-13,2,Cryptophyta,0.5730266,0.6503753
2022-08-14,2,Cryptophyta,0.6065474,0.6498248
2022-08-15,2,Cryptophyta,0.6400682,0.64981616
2022-08-16,2,Cryptophyta,0.67358905,0.6502532
2022-08-17,2,Cryptophyta,0.70710987,0.650666
2022-08-18,2,Cryptophyta,0.7406306,0.65112144
2022-08-19,2,Cryptophyta,0.77415144,0.6517394
2022-08-20,2,Cryptophyta,0.80767226,0.6518364
2022-08-21,2,Cryptophyta,0.8411931,0.6524024
2022-08-22,2,Cryptophyta,0.87471384,0.65285283
2022-08-23,2,Cryptophyta,0.90823466,0.65288997
2022-08-24,2,Cryptophyta,0.9417555,0.6529857
2022-08-25,2,Cryptophyta,0.97527635,0.6527114
2022-08-26,2,Cryptophyta,1.008797,0.65172446
2022-08-27,2,Cryptophyta,1.042318,0.6521731
2022-08-28,2,Cryptophyta,1.0758387,0.6513826
2022-08-29,2,Cryptophyta,1.1093595,0.65026295
2022-08-30,2,Cryptophyta,1.1428803,0.6500096
2022-08-31,2,Cryptophyta,1.1764011,0.6502728
2022-09-01,2,Cryptophyta,1.209922,0.6498232
2022-09-02,2,Cryptophyta,1.2434428,0.64943326
2022-09-03,2,Cryptophyta,1.2769636,0.6482272
2022-09-04,2,Cryptophyta,1.3104844,0.64708245
2022-09-05,2,Cryptophyta,1.3440052,0.6462683
2022-09-06,2,Cryptophyta,1.377526,0.6457677
2022-09-07,2,Cryptophyta,1.4110469,0.6449187
2022-09-08,2,Cryptophyta,1.4445677,0.6459255
2022-09-09,2,Cryptophyta,1.4780885,0.64624506
2022-09-10,2,Cryptophyta,1.5513841,0.64581937
2022-09-11,2,Cryptophyta,1.6445435,0.6441097
2022-09-12,2,Cryptophyta,1.056165,0.6426794
2022-09-13,2,Cryptophyta,1.3345797,0.6417312
2022-09-14,2,Cryptophyta,2.154297,0.6411957
2022-09-15,2,Cryptophyta,1.5098189,0.640778
2022-09-16,2,Cryptophyta,0.62335265,0.6405571
2022-09-17,2,Cryptophyta,0.5262518,0.64135885
2022-09-18,2,Cryptophyta,0.5816812,0.6411961
2022-09-19,2,Cryptophyta,0.26104993,0.6424094
2022-09-20,2,Cryptophyta,0.011123174,0.64430225
2022-09-21,2,Cryptophyta,0.051745083,0.6452758
2022-09-22,2,Cryptophyta,0.030354569,0.64727616
2022-09-23,2,Cryptophyta,0.042973924,0.6491732
2022-09-24,2,Cryptophyta,0.13725565,0.651072
2022-09-25,2,Cryptophyta,0.0662491,0.6530978
2022-09-26,2,Cryptophyta,0.19330437,0.6554196
2022-09-27,2,Cryptophyta,0.1107241,0.65791655
2022-09-28,2,Cryptophyta,1.4748371,0.6596638
2022-09-29,2,Cryptophyta,1.4093351,0.66268075
2022-09-30,2,Cryptophyta,0.43673825,0.6656737
2022-10-01,2,Cryptophyta,0.009999991,0.6709374
2022-10-02,2,Cryptophyta,0.0148912715,0.8847996
2022-10-03,2,Cryptophyta,0.07116495,1.027287
2022-10-04,2,Cryptophyta,0.19286546,0.9504106
2022-10-05,2,Cryptophyta,0.009999991,0.8442871
2022-10-06,2,Cryptophyta,0.009999991,0.752903
2022-10-07,2,Cryptophyta,0.009999991,0.72707105
2022-10-08,2,Cryptophyta,0.009999991,0.71023566
2022-10-09,2,Cryptophyta,0.018630426,0.69247836
2022-10-10,2,Cryptophyta,0.013161731,0.6784777
2022-10-11,2,Cryptophyta,0.024279546,0.66823155
2022-10-12,2,Cryptophyta,0.15063044,0.6616758
2022-10-13,2,Cryptophyta,0.012413051,0.65530324
2022-10-14,2,Cryptophyta,0.010152084,0.64984536
2022-10-15,2,Cryptophyta,0.010290094,0.648249
2022-10-16,2,Cryptophyta,0.01853731,0.6470462
2022-10-17,2,Cryptophyta,0.028262116,0.6467345
2022-10-18,2,Cryptophyta,0.010137582,0.64638674
2022-10-19,2,Cryptophyta,0.05505431,0.6458563
2022-10-20,2,Cryptophyta,0.1891751,0.64573175
2022-10-21,2,Cryptophyta,0.30444208,0.64536387
2022-10-22,2,Cryptophyta,3.1631176,0.6446742
2022-10-23,2,Cryptophyta,0.263108,0.64310974
2022-10-24,2,Cryptophyta,0.21729375,0.64299285
2022-10-25,2,Cryptophyta,0.059153363,0.64261097
2022-10-26,2,Cryptophyta,0.059789892,0.64308536
2022-10-27,2,Cryptophyta,0.047026042,0.6442632
2022-10-28,2,Cryptophyta,0.107351705,0.6459675
2022-10-29,2,Cryptophyta,0.0664518,0.6482187
2022-10-30,2,Cryptophyta,0.05750361,0.6509875
2022-10-31,2,Cryptophyta,0.066642515,0.6541542
2022-11-01,2,Cryptophyta,0.09764286,0.65808386
2022-11-02,2,Cryptophyta,0.11699055,0.66191494
2022-11-03,2,Cryptophyta,0.17307027,0.6656589
2022-11-04,2,Cryptophyta,0.085826114,0.669111
2022-11-05,2,Cryptophyta,0.06902318,0.6728316
2022-11-06,2,Cryptophyta,0.055853847,0.676198
2022-11-07,2,Cryptophyta,0.1524133,0.67742455
2022-11-08,2,Cryptophyta,2.7645764,0.6782853
2022-11-09,2,Cryptophyta,1.2183956,0.6793145
2022-11-10,2,Cryptophyta,0.56341535,0.68326145
2022-11-11,2,Cryptophyta,0.70662564,0.68592805
2022-11-12,2,Cryptophyta,0.9455072,0.688711
2022-11-13,2,Cryptophyta,0.2735725,0.6896959
2022-11-14,2,Cryptophyta,0.19732274,0.69049054
2022-11-15,2,Cryptophyta,0.21539077,0.69175947
2022-11-16,2,Cryptophyta,0.09860967,0.6902097
2022-11-17,2,Cryptophyta,0.08582912,0.68775
2022-11-18,2,Cryptophyta,0.05319826,0.685944
2022-11-19,2,Cryptophyta,0.24602175,0.6851066
2022-11-20,2,Cryptophyta,0.22234443,0.68409246
2022-11-21,2,Cryptophyta,0.14946416,0.68224925
2022-11-22,2,Cryptophyta,0.13514844,0.68132335
2022-11-23,2,Cryptophyta,0.32496366,0.6797277
2022-11-24,2,Cryptophyta,0.04255429,0.67743766
2022-11-25,2,Cryptophyta,0.13866036,0.67643625
2022-11-26,2,Cryptophyta,0.011700435,0.67389554
2022-11-27,2,Cryptophyta,0.051456515,0.67037696
2022-11-28,2,Cryptophyta,0.07280031,0.6647529
2022-11-29,2,Cryptophyta,0.01386674,0.6589029
2022-11-30,2,Cryptophyta,0.13835019,0.6545728
2022-12-01,2,Cryptophyta,0.025166452,0.65302205
2022-12-02,2,Cryptophyta,0.15414065,0.6532356
2022-12-03,2,Cryptophyta,0.16071686,0.6532955
2022-12-04,2,Cryptophyta,0.14975378,0.6532172
2022-12-05,2,Cryptophyta,0.7071791,0.6541816
2022-12-06,2,Cryptophyta,0.8909427,0.6556025
2022-12-07,2,Cryptophyta,1.0464518,0.6575267
2022-12-08,2,Cryptophyta,0.9203116,0.6590224
2022-12-09,2,Cryptophyta,1.654772,0.6610114
2022-12-10,2,Cryptophyta,1.3442216,0.6630011
2022-12-11,2,Cryptophyta,0.2558943,0.6666578
2022-12-12,2,Cryptophyta,0.23369749,0.67040277
2022-12-13,2,Cryptophyta,0.18690802,0.6723602
2022-12-14,2,Cryptophyta,0.08117475,0.6736291
2022-12-15,2,Cryptophyta,0.12455794,0.67984456
2022-12-16,2,Cryptophyta,0.06581464,0.7067324
2022-12-17,2,Cryptophyta,0.13824038,0.88441
2022-12-18,2,Cryptophyta,0.18520641,1.1420047
2022-12-19,2,Cryptophyta,0.12663768,1.2063931
2022-12-20,2,Cryptophyta,0.1604924,1.2045718
2022-12-21,2,Cryptophyta,0.1743573,1.1894953
2022-12-22,2,Cryptophyta,0.23126812,1.1887051
2022-12-23,2,Cryptophyta,0.1509928,1.2102425
2022-12-24,2,Cryptophyta,0.1620203,1.2234195
2022-12-25,2,Cryptophyta,0.21839248,1.2404687
2022-12-26,2,Cryptophyta,0.23416787,1.2611682
2022-12-27,2,Cryptophyta,0.21106365,1.2892932
2022-12-28,2,Cryptophyta,0.19214647,1.3314275
2022-12-29,2,Cryptophyta,0.3410203,1.351854
2022-12-30,2,Cryptophyta,0.35081884,1.3681365
2022-12-31,2,Cryptophyta,0.49809423,1.3917798
2023-01-01,2,Cryptophyta,0.18109258,1.441909
2023-01-02,2,Cryptophyta,0.31292963,1.5304453
2023-01-03,2,Cryptophyta,0.07629438,1.5938408
2023-01-04,2,Cryptophyta,3.205677,1.6572239
2023-01-05,2,Cryptophyta,4.054281,1.7231646
2023-01-06,2,Cryptophyta,4.902886,1.880853
2023-01-07,2,Cryptophyta,5.75149,2.0534456
2023-01-08,2,Cryptophyta,6.600094,2.256308
2023-01-09,2,Cryptophyta,6.476336,2.500775
2023-01-10,2,Cryptophyta,6.3525777,2.7289765
2023-01-11,2,Cryptophyta,7.391216,2.8998983
2023-01-12,2,Cryptophyta,6.5247107,3.0592194
2023-01-13,2,Cryptophyta,6.205655,3.1968555
2023-01-14,2,Cryptophyta,5.886599,3.253241
2023-01-15,2,Cryptophyta,3.070391,3.2610817
2023-01-16,2,Cryptophyta,3.2330124,3.246702
2023-01-17,2,Cryptophyta,3.5090666,3.030569
2023-01-18,2,Cryptophyta,1.8202682,2.8146977
2023-01-19,2,Cryptophyta,1.4881377,2.6523333
2023-01-20,2,Cryptophyta,1.890601,2.4640255
2023-01-21,2,Cryptophyta,2.4779377,2.299552
2023-01-22,2,Cryptophyta,5.5649133,2.2003722
2023-01-23,2,Cryptophyta,6.253169,2.175226
2023-01-24,2,Cryptophyta,2.7285879,2.2946842
2023-01-25,2,Cryptophyta,3.2420566,2.4800994
2023-01-26,2,Cryptophyta,3.3563943,2.5076098
2023-01-27,2,Cryptophyta,3.5607386,2.4658892
2023-01-28,2,Cryptophyta,2.948197,2.3843625
2023-01-29,2,Cryptophyta,2.329044,2.3551848
2023-01-30,2,Cryptophyta,1.9131858,2.3116612
2023-01-31,2,Cryptophyta,4.070152,2.2621493
2023-02-01,2,Cryptophyta,5.226647,2.2410607
2023-02-02,2,Cryptophyta,7.453282,2.2793438
2023-02-03,2,Cryptophyta,4.521753,2.4086542
2023-02-04,2,Cryptophyta,4.6141877,2.6407042
2023-02-05,2,Cryptophyta,4.706622,2.663981
2023-02-06,2,Cryptophyta,4.7990575,2.6507812
2023-02-07,2,Cryptophyta,6.802565,2.657805
2023-02-08,2,Cryptophyta,5.860838,2.6280317
2023-02-09,2,Cryptophyta,4.919111,2.6412995
2023-02-10,2,Cryptophyta,4.0689564,2.5901992
2023-02-11,2,Cryptophyta,5.0742173,2.4935858
2023-02-12,2,Cryptophyta,3.9877925,2.2622254
2023-02-13,2,Cryptophyta,3.0906606,2.0730336
2023-02-14,2,Cryptophyta,4.7804313,1.8681465
2023-02-15,2,Cryptophyta,3.154463,1.7151765
2023-02-16,2,Cryptophyta,2.5376039,1.6742394
2023-02-17,2,Cryptophyta,2.6187308,1.6308584
2023-02-18,2,Cryptophyta,3.3592136,1.5924882
2023-02-19,2,Cryptophyta,2.9372036,1.5821695
2023-02-20,2,Cryptophyta,2.8396633,1.5842152
2023-02-21,2,Cryptophyta,2.0213537,1.6018745
2023-02-22,2,Cryptophyta,1.5460931,1.6192611
2023-02-23,2,Cryptophyta,3.0472844,1.6162413
2023-02-24,2,Cryptophyta,2.540876,1.5830134
2023-02-25,2,Cryptophyta,1.6696993,1.5860562
2023-02-26,2,Cryptophyta,1.8506247,1.6027095
2023-02-27,2,Cryptophyta,2.4273033,1.616023
2023-02-28,2,Cryptophyta,4.0576186,1.6220546
2023-03-01,2,Cryptophyta,3.1774063,1.6583008
2023-03-02,2,Cryptophyta,1.9276384,1.7494817
2023-03-03,2,Cryptophyta,1.4349824,1.8168408
2023-03-04,2,Cryptophyta,1.4693632,1.839598
2023-03-05,2,Cryptophyta,1.3964868,1.8411024
2023-03-06,2,Cryptophyta,1.3642833,1.8304377
2023-03-07,2,Cryptophyta,2.018636,1.817098
2023-03-08,2,Cryptophyta,2.042899,1.8111907
2023-03-09,2,Cryptophyta,1.9240745,1.8373088
2023-03-10,2,Cryptophyta,1.8107322,1.897641
2023-03-11,2,Cryptophyta,1.7866005,1.971625
2023-03-12,2,Cryptophyta,1.9636885,2.0522141
2023-03-13,2,Cryptophyta,1.6649137,2.1208017
2023-03-14,2,Cryptophyta,1.6280838,2.163696
2023-03-15,2,Cryptophyta,1.6098557,2.2662842
2023-03-16,2,Cryptophyta,1.5768707,2.3329782
2023-03-17,2,Cryptophyta,2.1391935,2.3330123
2023-03-18,2,Cryptophyta,2.3038106,2.302845
2023-03-19,2,Cryptophyta,1.9287786,2.2297714
2023-03-20,2,Cryptophyta,1.5824027,2.1849182
2023-03-21,2,Cryptophyta,1.5820714,2.14414
2023-03-22,2,Cryptophyta,1.3658339,2.1272628
2023-03-23,2,Cryptophyta,2.0884864,2.0811594
2023-03-24,2,Cryptophyta,3.786341,2.0258727
2023-03-25,2,Cryptophyta,2.1906228,1.9753402
2023-03-26,2,Cryptophyta,2.1829119,1.9721282
2023-03-27,2,Cryptophyta,2.6158876,1.8515707
2023-03-28,2,Cryptophyta,2.740476,1.6997532
2023-03-29,2,Cryptophyta,2.5346584,1.5655122
2023-03-30,2,Cryptophyta,2.3052733,1.5221436
2023-03-31,2,Cryptophyta,2.1105404,1.5450124
2023-04-01,2,Cryptophyta,1.7814717,1.5439976
2023-04-02,2,Cryptophyta,1.6399796,1.5167305
2023-04-03,2,Cryptophyta,1.7084769,1.4966207
2023-04-04,2,Cryptophyta,1.6054392,1.4659324
2023-04-05,2,Cryptophyta,1.1882055,1.448095
2023-04-06,2,Cryptophyta,0.2286157,1.4135144
2023-04-07,2,Cryptophyta,1.8078315,1.3840343
2023-04-08,2,Cryptophyta,2.489018,1.3436791
2023-04-09,2,Cryptophyta,2.4789941,1.3136431
2023-04-10,2,Cryptophyta,2.4197881,1.3344134
2023-04-11,2,Cryptophyta,2.1295638,1.3683916
2023-04-12,2,Cryptophyta,1.8207544,1.4105998
2023-04-13,2,Cryptophyta,1.8472507,1.4353731
2023-04-14,2,Cryptophyta,2.0092578,1.4736987
2023-04-15,2,Cryptophyta,2.939332,1.5470247
2023-04-16,2,Cryptophyta,3.1336887,1.6983202
2023-04-17,2,Cryptophyta,5.1471896,1.831548
2023-04-18,2,Cryptophyta,5.275001,1.814137
2023-04-19,2,Cryptophyta,3.3519037,1.8639545
2023-04-20,2,Cryptophyta,2.5430167,1.9292427
2023-04-21,2,Cryptophyta,2.4620326,1.9214269
2023-04-22,2,Cryptophyta,2.2683303,1.8754821
2023-04-23,2,Cryptophyta,2.4192183,1.8613472
2023-04-24,2,Cryptophyta,2.5424767,1.836136
2023-04-25,2,Cryptophyta,3.0996997,1.8185624
2023-04-26,2,Cryptophyta,2.0676734,1.6990002
2023-04-27,2,Cryptophyta,1.418416,1.7059402
2023-04-28,2,Cryptophyta,3.1601994,1.7685738
2023-04-29,2,Cryptophyta,8.067172,1.8345852
2023-04-30,2,Cryptophyta,5.9201818,1.94284
2023-05-01,2,Cryptophyta,3.7731922,2.1570644
2023-05-02,2,Cryptophyta,5.453592,2.2946684
2023-05-03,2,Cryptophyta,3.5497632,2.3477354
2023-05-04,2,Cryptophyta,4.6637454,2.4953094
2023-05-05,2,Cryptophyta,7.1205983,2.523524
2023-05-06,2,Cryptophyta,4.6055446,2.5573673
2023-05-07,2,Cryptophyta,1.0466392,2.6944766
2023-05-08,2,Cryptophyta,0.8512937,2.753222
2023-05-09,2,Cryptophyta,1.2092457,2.6090975
2023-05-10,2,Cryptophyta,0.48372468,2.3938696
2023-05-11,2,Cryptophyta,0.27442262,2.2427635
2023-05-12,2,Cryptophyta,0.54694,2.0323136
2023-05-13,2,Cryptophyta,1.3488332,1.8458725
2023-05-14,2,Cryptophyta,1.972228,1.7215911
2023-05-15,2,Cryptophyta,1.8265859,1.624324
2023-05-16,2,Cryptophyta,1.8002838,1.6146936
2023-05-17,2,Cryptophyta,1.6562451,1.6887219
2023-05-18,2,Cryptophyta,2.0616684,1.7848657
2023-05-19,2,Cryptophyta,1.6782538,1.8253444
2023-05-20,2,Cryptophyta,1.5077107,1.8822255
2023-05-21,2,Cryptophyta,1.4706587,1.890973
2023-05-22,2,Cryptophyta,1.3920453,1.8056515
2023-05-23,2,Cryptophyta,1.6479505,1.7786539
2023-05-24,2,Cryptophyta,1.9610981,1.763506
2023-05-25,2,Cryptophyta,1.7397623,1.786164
2023-05-26,2,Cryptophyta,1.7409996,1.7990625
2023-05-27,2,Cryptophyta,2.1646082,1.8420751
2023-05-28,2,Cryptophyta,2.4318943,1.8863964
2023-05-29,2,Cryptophyta,2.874541,1.9350239
2023-05-30,2,Cryptophyta,2.9939795,2.014303
2023-05-31,2,Cryptophyta,4.768519,2.0696492
2023-06-01,2,Cryptophyta,5.5222354,2.1178427
2023-06-02,2,Cryptophyta,3.4842105,2.2192044
2023-06-03,2,Cryptophyta,5.0643554,2.3445208
2023-06-04,2,Cryptophyta,4.144578,2.3873954
2023-06-05,2,Cryptophyta,2.5872154,2.3459713
2023-06-06,2,Cryptophyta,3.6343513,2.3062491
2023-06-07,2,Cryptophyta,3.7011142,2.2611268
2023-06-08,2,Cryptophyta,2.9802804,2.250762
2023-06-09,2,Cryptophyta,2.7695792,2.2791417
2023-06-10,2,Cryptophyta,1.9076351,2.3972323
2023-06-11,2,Cryptophyta,1.9823658,2.5369825
2023-06-12,2,Cryptophyta,2.399869,2.5659025
2023-06-13,2,Cryptophyta,3.1885514,2.490673
2023-06-14,2,Cryptophyta,4.228957,2.3671806
2023-06-15,2,Cryptophyta,3.2900848,2.2555885
2023-06-16,2,Cryptophyta,1.8680872,2.1616263
2023-06-17,2,Cryptophyta,2.042923,2.1181636
2023-06-18,2,Cryptophyta,2.1622174,2.0852969
2023-06-19,2,Cryptophyta,1.5457335,2.0533905
2023-06-20,2,Cryptophyta,1.8699645,2.0553806
2023-06-21,2,Cryptophyta,3.3475523,2.0830848
2023-06-22,2,Cryptophyta,4.0936656,2.0914214
2023-06-23,2,Cryptophyta,5.212351,2.1054437
2023-06-24,2,Cryptophyta,6.072758,2.167854
2023-06-25,2,Cryptophyta,5.693322,2.2903988
2023-06-26,2,Cryptophyta,5.938072,2.4707289
2023-06-27,2,Cryptophyta,6.255651,2.6329997
2023-06-28,2,Cryptophyta,6.574,2.7275615
2023-06-29,2,Cryptophyta,7.6921687,2.7993684
2023-06-30,2,Cryptophyta,9.32456,2.9330912
2023-07-01,2,Cryptophyta,6.118696,3.1177096
2023-07-02,2,Cryptophyta,5.874047,3.2958245
2023-07-03,2,Cryptophyta,6.4657016,3.3727453
2023-07-04,2,Cryptophyta,9.029866,3.4400055
2023-07-05,2,Cryptophyta,9.039206,3.448685
2023-07-06,2,Cryptophyta,9.048546,3.5096028
2023-07-07,2,Cryptophyta,8.390148,3.6085165
2023-07-08,2,Cryptophyta,8.070246,3.6535382
2023-07-09,2,Cryptophyta,9.251422,3.68598
2023-07-10,2,Cryptophyta,7.703793,3.7184985
2023-07-11,2,Cryptophyta,5.677761,3.7908351
2023-07-12,2,Cryptophyta,4.203484,3.7715065
2023-07-13,2,Cryptophyta,3.7054465,3.6693163
2023-07-14,2,Cryptophyta,2.8924713,3.5337694
2023-07-15,2,Cryptophyta,2.5350773,3.3852143
2023-07-16,2,Cryptophyta,2.1989539,3.224749
2023-07-17,2,Cryptophyta,2.3571,3.0922143
2023-07-18,2,Cryptophyta,2.2635317,2.9688537
2023-07-19,2,Cryptophyta,2.2437925,2.8902974
2023-07-20,2,Cryptophyta,2.896344,2.8276782
2023-07-21,2,Cryptophyta,6.2929935,2.790615
2023-07-22,2,Cryptophyta,6.738102,2.781006
2023-07-23,2,Cryptophyta,7.183211,2.8498485
2023-07-24,2,Cryptophyta,7.685931,2.9848025
2023-07-25,2,Cryptophyta,8.0122,3.1349885
2023-07-26,2,Cryptophyta,9.50315,3.3224196
2023-07-27,2,Cryptophyta,6.242461,3.4889684
2023-07-28,2,Cryptophyta,3.7934585,3.606946
2023-07-29,2,Cryptophyta,3.7060483,3.5757394
2023-07-30,2,Cryptophyta,4.798678,3.3585048
2023-07-31,2,Cryptophyta,5.312769,3.1211233
2023-08-01,2,Cryptophyta,4.807978,3.0607207
2023-08-02,2,Cryptophyta,5.1036863,2.9775186
2023-08-03,2,Cryptophyta,7.267846,2.9674208
2023-08-04,2,Cryptophyta,6.624954,3.0472853
2023-08-05,2,Cryptophyta,9.552635,3.1422532
2023-08-06,2,Cryptophyta,9.511289,3.2027023
2023-08-07,2,Cryptophyta,9.469944,3.2986352
2023-08-08,2,Cryptophyta,9.428597,3.4316094
2023-08-09,2,Cryptophyta,7.984899,3.4889247
2023-08-10,2,Cryptophyta,6.058531,3.5290797
2023-08-11,2,Cryptophyta,5.654987,3.5912342
2023-08-12,2,Cryptophyta,5.1433764,3.5120573
2023-08-13,2,Cryptophyta,6.11593,3.4346247
2023-08-14,2,Cryptophyta,8.257987,3.30287
2023-08-15,2,Cryptophyta,7.4124427,3.2497487
2023-08-16,2,Cryptophyta,6.184389,3.235797
2023-08-17,2,Cryptophyta,2.5512493,3.2409022
2023-08-18,2,Cryptophyta,3.1742585,3.1572049
2023-08-19,2,Cryptophyta,3.7459614,2.8813403
2023-08-20,2,Cryptophyta,2.7918842,2.588191
2023-08-21,2,Cryptophyta,2.5527868,2.3743308
2023-08-22,2,Cryptophyta,2.5006547,2.237647
2023-08-23,2,Cryptophyta,2.5931542,2.0783205
2023-08-24,2,Cryptophyta,2.4038517,1.9401027
2023-08-25,2,Cryptophyta,2.12962,1.917931
2023-08-26,2,Cryptophyta,2.6475,1.8763406
2023-08-27,2,Cryptophyta,2.5876358,1.8981564
2023-08-28,2,Cryptophyta,2.6450179,1.8994597
2023-08-29,2,Cryptophyta,3.403212,1.9755622
2023-08-30,2,Cryptophyta,2.8871322,1.9605082
2023-08-31,2,Cryptophyta,2.8458216,1.9085257
2023-09-01,2,Cryptophyta,2.9603746,1.9291509
2023-09-02,2,Cryptophyta,2.9794774,1.9306022
2023-09-03,2,Cryptophyta,2.8369246,1.9567485
2023-09-04,2,Cryptophyta,2.7218082,2.0221126
2023-09-05,2,Cryptophyta,2.112845,2.0721688
2023-09-06,2,Cryptophyta,0.04749515,2.1035717
2023-09-07,2,Cryptophyta,0.26601022,1.9823824
2023-09-08,2,Cryptophyta,2.5536625,1.8306712
2023-09-09,2,Cryptophyta,2.6093724,1.672728
2023-09-10,2,Cryptophyta,2.316723,1.6233608
2023-09-11,2,Cryptophyta,1.9911342,1.6763908
2023-09-12,2,Cryptophyta,1.7458469,1.8393282
2023-09-13,2,Cryptophyta,1.8351148,1.9870713
2023-09-14,2,Cryptophyta,2.1095014,2.1173074
2023-09-15,2,Cryptophyta,2.5304284,2.1333663
2023-09-16,2,Cryptophyta,2.2723098,2.122595
2023-09-17,2,Cryptophyta,1.7500002,2.1578786
2023-09-18,2,Cryptophyta,2.5075011,2.1970623
2023-09-19,2,Cryptophyta,3.096033,2.2467566
2023-09-20,2,Cryptophyta,4.1011615,2.2889953
2023-09-21,2,Cryptophyta,4.6832166,2.309021
2023-09-22,2,Cryptophyta,3.7967741,2.3834684
2023-09-23,2,Cryptophyta,4.1924467,2.421467
2023-09-24,2,Cryptophyta,4.0289173,2.454805
2023-09-25,2,Cryptophyta,2.756178,2.5043466
2023-09-26,2,Cryptophyta,4.132515,2.5006595
2023-09-27,2,Cryptophyta,3.435256,2.4587436
2023-09-28,2,Cryptophyta,3.4994173,2.4852762
2023-09-29,2,Cryptophyta,3.4379761,2.470457
2023-09-30,2,Cryptophyta,3.7087204,2.4755416
2023-10-01,2,Cryptophyta,3.5299013,2.5285022
2023-10-02,2,Cryptophyta,2.4059725,2.5413277
2023-10-03,2,Cryptophyta,2.6663723,2.5421479
2023-10-04,2,Cryptophyta,2.8094635,2.52554
2023-10-05,2,Cryptophyta,2.406531,2.5175202
2023-10-06,2,Cryptophyta,2.0393844,2.5265713
2023-10-07,2,Cryptophyta,1.8184012,2.4622931
2023-10-08,2,Cryptophyta,1.8670961,2.336466
2023-10-09,2,Cryptophyta,2.1665063,2.1965775
2023-10-10,2,Cryptophyta,2.4892564,2.108421
2023-10-11,2,Cryptophyta,2.2086902,2.0593886
2023-10-12,2,Cryptophyta,1.6117432,2.0727315
2023-10-13,2,Cryptophyta,3.1600454,2.0813684
2023-10-14,2,Cryptophyta,5.4156017,2.122574
2023-10-15,2,Cryptophyta,5.559093,2.2066102
2023-10-16,2,Cryptophyta,2.1519644,2.3435628
2023-10-17,2,Cryptophyta,2.2487733,2.4394891
2023-10-18,2,Cryptophyta,4.1400843,2.4307592
2023-10-19,2,Cryptophyta,3.5796912,2.4002955
2023-10-20,2,Cryptophyta,4.094905,2.4354436
2023-10-21,2,Cryptophyta,2.643748,2.423015
2023-10-22,2,Cryptophyta,3.6341314,2.4179206
2023-10-23,2,Cryptophyta,2.7132502,2.35324
2023-10-24,2,Cryptophyta,4.40684,2.3430707
2023-10-25,2,Cryptophyta,6.3353786,2.3330405
2023-10-26,2,Cryptophyta,5.0694957,2.377712
2023-10-27,2,Cryptophyta,4.7068067,2.4778087
2023-10-28,2,Cryptophyta,2.4397392,2.5487626
2023-10-29,2,Cryptophyta,2.5866666,2.5610147
2023-10-30,2,Cryptophyta,2.3783805,2.5402234
2023-10-31,2,Cryptophyta,3.3042376,2.5077083
2023-11-01,2,Cryptophyta,3.6788993,2.4681087
2023-11-02,2,Cryptophyta,2.9372442,2.4269943
2023-11-03,2,Cryptophyta,4.0153823,2.447354
2023-11-04,2,Cryptophyta,2.9691207,2.4229314
2023-11-05,2,Cryptophyta,4.6212864,2.4606018
2023-11-06,2,Cryptophyta,5.682647,2.546945
2023-11-07,2,Cryptophyta,4.430414,2.630117
2023-11-08,2,Cryptophyta,2.5491812,2.7423165
2023-11-09,2,Cryptophyta,2.577175,2.780955
2023-11-10,2,Cryptophyta,2.1634166,2.702977
2023-11-11,2,Cryptophyta,1.5053525,2.61043
2023-11-12,2,Cryptophyta,1.0600724,2.4326892
2023-11-13,2,Cryptophyta,1.2939341,2.2847683
2023-11-14,2,Cryptophyta,1.9473946,2.1631498
2023-11-15,2,Cryptophyta,1.9738972,2.064749
2023-11-16,2,Cryptophyta,1.8247457,2.0760703
2023-11-17,2,Cryptophyta,1.657275,2.1118174
2023-11-18,2,Cryptophyta,1.5474409,2.1165426
2023-11-19,2,Cryptophyta,1.0971582,2.0981684
2023-11-20,2,Cryptophyta,1.2624784,2.1219532
2023-11-21,2,Cryptophyta,0.9482711,2.0783033
2023-11-22,2,Cryptophyta,1.8767328,2.0522394
2023-11-23,2,Cryptophyta,6.3925285,1.961997
2023-11-24,2,Cryptophyta,4.2654333,1.8671001
2023-11-25,2,Cryptophyta,2.7321594,1.9955388
2023-11-26,2,Cryptophyta,1.7029,2.200386
2023-11-27,2,Cryptophyta,1.9832858,2.34276
2023-11-28,2,Cryptophyta,3.521314,2.369021
2023-11-29,2,Cryptophyta,2.7741783,2.3698559
2023-11-30,2,Cryptophyta,6.872362,2.354983
2023-12-01,2,Cryptophyta,3.9785435,2.3560116
2023-12-02,2,Cryptophyta,3.0168524,2.4348733
2023-12-03,2,Cryptophyta,3.5640304,2.4583807
2023-12-04,2,Cryptophyta,2.9545367,2.3891706
2023-12-05,2,Cryptophyta,5.5100183,2.3438842
2023-12-06,2,Cryptophyta,6.003167,2.3307989
2023-12-07,2,Cryptophyta,3.810038,2.4406488
2023-12-08,2,Cryptophyta,2.5102015,2.545319
2023-12-09,2,Cryptophyta,3.9716225,2.5833325
2023-12-10,2,Cryptophyta,3.3053324,2.5069659
2023-12-11,2,Cryptophyta,4.866557,2.4824736
2023-12-12,2,Cryptophyta,6.099259,2.4647298
2023-12-13,2,Cryptophyta,5.3320804,2.5122168
2023-12-14,2,Cryptophyta,6.7810683,2.6473749
2023-12-15,2,Cryptophyta,6.163149,2.703459
2023-12-16,2,Cryptophyta,5.54523,2.7934067
2023-12-17,2,Cryptophyta,3.1431665,2.827426
2023-12-18,2,Cryptophyta,3.3976405,2.8289173
2023-12-19,2,Cryptophyta,4.9305954,2.6994348
2023-12-20,2,Cryptophyta,3.6816366,2.5507653
2023-12-21,2,Cryptophyta,3.0250509,2.4933238
2023-12-22,2,Cryptophyta,3.5993946,2.4052758
2023-12-23,2,Cryptophyta,3.5110064,2.3332927
2023-12-24,2,Cryptophyta,3.3612518,2.2935598
2023-12-25,2,Cryptophyta,4.143041,2.2819622
2023-12-26,2,Cryptophyta,8.3693905,2.2765408
2023-12-27,2,Cryptophyta,7.794155,2.296734
2023-12-28,2,Cryptophyta,7.2189183,2.453654
2020-10-30,3,Cryptophyta,6.4135556,1.4245934
2020-10-31,3,Cryptophyta,2.063502,1.4311905
2020-11-01,3,Cryptophyta,2.9815042,1.4480497
2020-11-02,3,Cryptophyta,2.4898262,1.4762881
2020-11-03,3,Cryptophyta,1.4050977,1.4882903
2020-11-04,3,Cryptophyta,1.058533,1.4848096
2020-11-05,3,Cryptophyta,0.4326792,1.4690031
2020-11-06,3,Cryptophyta,2.0832295,1.4534439
2020-11-07,3,Cryptophyta,4.693758,1.4367969
2020-11-08,3,Cryptophyta,1.0451305,1.4193815
2020-11-09,3,Cryptophyta,0.93248004,1.413722
2020-11-10,3,Cryptophyta,0.7796366,1.4283248
2020-11-11,3,Cryptophyta,0.9081858,1.4379622
2020-11-12,3,Cryptophyta,0.9168905,1.4423959
2020-11-13,3,Cryptophyta,1.4211985,1.4432553
2020-11-14,3,Cryptophyta,2.0446377,1.4414129
2020-11-15,3,Cryptophyta,1.2189211,1.4348325
2020-11-16,3,Cryptophyta,2.869199,1.4332299
2020-11-17,3,Cryptophyta,2.9393878,1.4408702
2020-11-18,3,Cryptophyta,2.1355057,1.443394
2020-11-19,3,Cryptophyta,5.508126,1.4575057
2020-11-20,3,Cryptophyta,2.4160047,1.4699696
2020-11-21,3,Cryptophyta,3.1686294,1.4651207
2020-11-22,3,Cryptophyta,2.8650892,1.469894
2020-11-23,3,Cryptophyta,1.2395797,1.4508039
2020-11-24,3,Cryptophyta,1.531438,1.4309875
2020-11-25,3,Cryptophyta,1.414658,1.414769
2020-11-26,3,Cryptophyta,4.4915557,1.3931537
2020-11-27,3,Cryptophyta,1.921042,1.3781042
2020-11-28,3,Cryptophyta,1.37678,1.3660245
2020-11-29,3,Cryptophyta,1.6549928,1.3774977
2020-11-30,3,Cryptophyta,0.13129526,1.3884611
2020-12-01,3,Cryptophyta,0.28309917,1.3912202
2020-12-02,3,Cryptophyta,0.8165774,1.390294
2020-12-03,3,Cryptophyta,0.39298117,1.3776114
2020-12-04,3,Cryptophyta,0.7697974,1.3053033
2020-12-05,3,Cryptophyta,0.27719247,0.9700408
2020-12-06,3,Cryptophyta,0.2930608,0.92392915
2020-12-07,3,Cryptophyta,0.45009413,0.95896024
2020-12-08,3,Cryptophyta,0.70262855,1.1809562
2020-12-09,3,Cryptophyta,1.2964157,1.1617929
2020-12-10,3,Cryptophyta,0.8849384,1.030893
2020-12-11,3,Cryptophyta,0.4182911,1.2240937
2020-12-12,3,Cryptophyta,1.2485663,1.2945591
2020-12-13,3,Cryptophyta,4.7039027,1.3426653
2020-12-14,3,Cryptophyta,0.6753835,1.371637
2020-12-15,3,Cryptophyta,0.16052096,1.4040755
2020-12-16,3,Cryptophyta,0.20374095,1.503766
2020-12-17,3,Cryptophyta,0.33086172,1.6085844
2020-12-18,3,Cryptophyta,0.36293116,1.5981643
2020-12-19,3,Cryptophyta,0.6879812,1.5194656
2020-12-20,3,Cryptophyta,1.0289001,1.4408809
2020-12-21,3,Cryptophyta,1.52769,1.3885448
2020-12-22,3,Cryptophyta,1.4272194,1.2612271
2020-12-23,3,Cryptophyta,3.3130145,1.328473
2020-12-24,3,Cryptophyta,2.4671543,1.4143091
2020-12-25,3,Cryptophyta,1.2202317,1.6283208
2020-12-26,3,Cryptophyta,1.075974,1.8059686
2020-12-27,3,Cryptophyta,1.2043954,1.9035645
2020-12-28,3,Cryptophyta,5.7440696,1.9226177
2020-12-29,3,Cryptophyta,5.131,1.894566
2020-12-30,3,Cryptophyta,4.5179305,1.8805882
2020-12-31,3,Cryptophyta,5.8423734,1.9821072
2021-01-01,3,Cryptophyta,2.6449928,2.0939727
2021-01-02,3,Cryptophyta,1.2774583,2.1820228
2021-01-03,3,Cryptophyta,1.0863966,2.238084
2021-01-04,3,Cryptophyta,1.0671253,2.189638
2021-01-05,3,Cryptophyta,0.94905144,2.054882
2021-01-06,3,Cryptophyta,1.8335047,1.8956538
2021-01-07,3,Cryptophyta,3.0565534,1.772432
2021-01-08,3,Cryptophyta,1.30677,1.6888947
2021-01-09,3,Cryptophyta,0.993589,1.6702406
2021-01-10,3,Cryptophyta,0.8233068,1.7537706
2021-01-11,3,Cryptophyta,1.050239,1.8149798
2021-01-12,3,Cryptophyta,2.0137553,1.8623884
2021-01-13,3,Cryptophyta,2.547916,1.8827541
2021-01-14,3,Cryptophyta,2.8340523,1.8938202
2021-01-15,3,Cryptophyta,2.6274946,1.9574394
2021-01-16,3,Cryptophyta,3.0504706,2.0667887
2021-01-17,3,Cryptophyta,3.0277352,2.194191
2021-01-18,3,Cryptophyta,2.7913675,2.292411
2021-01-19,3,Cryptophyta,2.3570838,2.3885622
2021-01-20,3,Cryptophyta,3.5750723,2.4619467
2021-01-21,3,Cryptophyta,4.109334,2.521301
2021-01-22,3,Cryptophyta,3.7022157,2.532817
2021-01-23,3,Cryptophyta,4.783394,2.5850534
2021-01-24,3,Cryptophyta,2.2128148,2.6197135
2021-01-25,3,Cryptophyta,3.627907,2.625972
2021-01-26,3,Cryptophyta,3.7955356,2.6474156
2021-01-27,3,Cryptophyta,5.924356,2.5717716
2021-01-28,3,Cryptophyta,3.6009696,2.4888263
2021-01-29,3,Cryptophyta,4.706469,2.4754016
2021-01-30,3,Cryptophyta,5.1016426,2.5151627
2021-01-31,3,Cryptophyta,3.963237,2.4733763
2021-02-01,3,Cryptophyta,3.4826646,2.4575374
2021-02-02,3,Cryptophyta,3.2203693,2.5144458
2021-02-03,3,Cryptophyta,2.5164735,2.5639486
2021-02-04,3,Cryptophyta,3.3825343,2.5408075
2021-02-05,3,Cryptophyta,3.3017147,2.4831996
2021-02-06,3,Cryptophyta,2.9269514,2.3669553
2021-02-07,3,Cryptophyta,2.3131208,2.2804418
2021-02-08,3,Cryptophyta,1.9849964,2.2253847
2021-02-09,3,Cryptophyta,3.425029,2.1742854
2021-02-10,3,Cryptophyta,5.069283,2.1035082
2021-02-11,3,Cryptophyta,3.250572,1.9915174
2021-02-12,3,Cryptophyta,2.8851557,1.9456708
2021-02-13,3,Cryptophyta,6.569689,2.047073
2021-02-14,3,Cryptophyta,5.033589,2.1564548
2021-02-15,3,Cryptophyta,3.6312373,2.1945221
2021-02-16,3,Cryptophyta,4.1591535,2.3209102
2021-02-17,3,Cryptophyta,3.4927206,2.4061935
2021-02-18,3,Cryptophyta,2.1676483,2.3734708
2021-02-19,3,Cryptophyta,2.7191303,2.366412
2021-02-20,3,Cryptophyta,2.3670385,2.310622
2021-02-21,3,Cryptophyta,2.7633286,2.1976063
2021-02-22,3,Cryptophyta,2.4508183,2.1035497
2021-02-23,3,Cryptophyta,2.3480086,2.027175
2021-02-24,3,Cryptophyta,1.872853,2.0201116
2021-02-25,3,Cryptophyta,3.0860362,2.029847
2021-02-26,3,Cryptophyta,3.569427,2.0218072
2021-02-27,3,Cryptophyta,3.2749453,1.9688221
2021-02-28,3,Cryptophyta,2.9949775,1.910497
2021-03-01,3,Cryptophyta,1.9386367,1.8847319
2021-03-02,3,Cryptophyta,2.0704148,1.8828046
2021-03-03,3,Cryptophyta,3.985123,1.8465259
2021-03-04,3,Cryptophyta,2.5256224,1.7183627
2021-03-05,3,Cryptophyta,0.966932,1.5216253
2021-03-06,3,Cryptophyta,0.52926195,1.4605014
2021-03-07,3,Cryptophyta,0.5995007,1.4355906
2021-03-08,3,Cryptophyta,0.46934107,1.3555695
2021-03-09,3,Cryptophyta,0.53188133,1.2843908
2021-03-10,3,Cryptophyta,0.67051375,1.2151426
2021-03-11,3,Cryptophyta,1.7803546,1.1540946
2021-03-12,3,Cryptophyta,2.5919247,1.09881
2021-03-13,3,Cryptophyta,6.490051,1.0494926
2021-03-14,3,Cryptophyta,3.7538712,1.0158197
2021-03-15,3,Cryptophyta,3.1785095,0.9972596
2021-03-16,3,Cryptophyta,2.4393127,1.0120575
2021-03-17,3,Cryptophyta,1.4057163,1.0151736
2021-03-18,3,Cryptophyta,1.2176338,0.9997466
2021-03-19,3,Cryptophyta,0.5862518,0.97582287
2021-03-20,3,Cryptophyta,0.23516648,0.9668221
2021-03-21,3,Cryptophyta,0.024312591,0.93901294
2021-03-22,3,Cryptophyta,0.20230821,0.9166211
2021-03-23,3,Cryptophyta,0.41667634,0.8936747
2021-03-24,3,Cryptophyta,0.2692962,0.8737754
2021-03-25,3,Cryptophyta,0.32939044,0.87089807
2021-03-26,3,Cryptophyta,0.32711288,0.85343915
2021-03-27,3,Cryptophyta,0.45832005,0.8444361
2021-03-28,3,Cryptophyta,0.7455974,0.8421632
2021-03-29,3,Cryptophyta,2.5559523,0.8369388
2021-03-30,3,Cryptophyta,3.8826284,0.8344478
2021-03-31,3,Cryptophyta,3.3377802,0.8269599
2021-04-01,3,Cryptophyta,1.2241564,0.82776046
2021-04-02,3,Cryptophyta,0.2549022,0.8412535
2021-04-03,3,Cryptophyta,0.23659663,0.85801274
2021-04-04,3,Cryptophyta,0.053678524,0.86723644
2021-04-05,3,Cryptophyta,0.013581768,0.8627303
2021-04-06,3,Cryptophyta,0.05430536,0.85958236
2021-04-07,3,Cryptophyta,0.032896426,0.85536957
2021-04-08,3,Cryptophyta,0.05452243,0.85117024
2021-04-09,3,Cryptophyta,0.111700416,0.8431663
2021-04-10,3,Cryptophyta,0.36037627,0.8363344
2021-04-11,3,Cryptophyta,0.9309045,0.83200705
2021-04-12,3,Cryptophyta,4.4353657,0.82815707
2021-04-13,3,Cryptophyta,4.5296745,0.8250492
2021-04-14,3,Cryptophyta,4.7901015,0.82445526
2021-04-15,3,Cryptophyta,4.097689,0.829893
2021-04-16,3,Cryptophyta,3.4052775,0.84035134
2021-04-17,3,Cryptophyta,6.085865,0.85173804
2021-04-18,3,Cryptophyta,0.7100869,0.8635097
2021-04-19,3,Cryptophyta,0.6453512,0.8740332
2021-04-20,3,Cryptophyta,0.84328747,0.891251
2021-04-21,3,Cryptophyta,1.7741998,0.9034041
2021-04-22,3,Cryptophyta,3.597625,0.9053155
2021-04-23,3,Cryptophyta,2.9359233,0.90419847
2021-04-24,3,Cryptophyta,3.833693,0.9023439
2021-04-25,3,Cryptophyta,4.4633455,0.9002763
2021-04-26,3,Cryptophyta,1.0418307,0.9018469
2021-04-27,3,Cryptophyta,0.21408828,0.9071749
2021-04-28,3,Cryptophyta,0.014493498,0.9136795
2021-04-29,3,Cryptophyta,0.039790172,0.9139883
2021-04-30,3,Cryptophyta,0.28643999,0.9034739
2021-05-01,3,Cryptophyta,2.2824168,0.8825707
2021-05-02,3,Cryptophyta,2.6909986,0.8658692
2021-05-03,3,Cryptophyta,2.769449,0.85293925
2021-05-04,3,Cryptophyta,0.42055428,0.8472447
2021-05-05,3,Cryptophyta,1.0409683,0.8454925
2021-05-06,3,Cryptophyta,2.7422197,0.84686965
2021-05-07,3,Cryptophyta,2.4887962,0.8541788
2021-05-08,3,Cryptophyta,4.2748013,1.0259583
2021-05-09,3,Cryptophyta,6.8061724,1.4078987
2021-05-10,3,Cryptophyta,4.8118887,1.4387683
2021-05-11,3,Cryptophyta,6.5926557,1.4656137
2021-05-12,3,Cryptophyta,6.2209406,1.5460287
2021-05-13,3,Cryptophyta,5.8229237,1.7058895
2021-05-14,3,Cryptophyta,1.5781838,1.8867625
2021-05-15,3,Cryptophyta,1.0210347,1.9674745
2021-05-16,3,Cryptophyta,0.43799567,1.9571775
2021-05-17,3,Cryptophyta,0.6316715,1.7730643
2021-05-18,3,Cryptophyta,0.9674602,1.5552036
2021-05-19,3,Cryptophyta,0.525887,1.4402814
2021-05-20,3,Cryptophyta,1.4451882,1.4206893
2021-05-21,3,Cryptophyta,1.1084154,1.414664
2021-05-22,3,Cryptophyta,1.0994352,1.4100771
2021-05-23,3,Cryptophyta,0.3843736,1.4103969
2021-05-24,3,Cryptophyta,1.8047323,1.41324
2021-05-25,3,Cryptophyta,0.6530318,1.4170239
2021-05-26,3,Cryptophyta,0.57416064,1.4199426
2021-05-27,3,Cryptophyta,2.3588858,1.425525
2021-05-28,3,Cryptophyta,3.7486877,1.4262378
2021-05-29,3,Cryptophyta,0.98348767,1.4252189
2021-05-30,3,Cryptophyta,0.11463098,1.4353036
2021-05-31,3,Cryptophyta,0.027501792,1.4506233
2021-06-01,3,Cryptophyta,0.009999991,1.4524711
2021-06-02,3,Cryptophyta,0.009999991,1.446626
2021-06-03,3,Cryptophyta,0.009999991,1.4391879
2021-06-04,3,Cryptophyta,0.011448221,1.4280794
2021-06-05,3,Cryptophyta,0.009999991,1.418766
2021-06-06,3,Cryptophyta,0.22102822,1.4206833
2021-06-07,3,Cryptophyta,1.2524167,1.4280921
2021-06-08,3,Cryptophyta,2.9655645,1.4369571
2021-06-09,3,Cryptophyta,0.59876263,1.4458246
2021-06-10,3,Cryptophyta,0.90918237,1.4524685
2021-06-11,3,Cryptophyta,1.1005427,1.465076
2021-06-12,3,Cryptophyta,2.717328,1.4712033
2021-06-13,3,Cryptophyta,6.692701,1.4766133
2021-06-14,3,Cryptophyta,3.8272846,1.4803056
2021-06-15,3,Cryptophyta,5.550228,1.4927688
2021-06-16,3,Cryptophyta,7.2731714,1.5513904
2021-06-17,3,Cryptophyta,3.9749167,1.5980688
2021-06-18,3,Cryptophyta,1.4805058,1.6534239
2021-06-19,3,Cryptophyta,0.7167053,1.721549
2021-06-20,3,Cryptophyta,1.0034058,1.7069583
2021-06-21,3,Cryptophyta,0.36990592,1.5888602
2021-06-22,3,Cryptophyta,0.63429683,1.4929816
2021-06-23,3,Cryptophyta,0.8823589,1.4602792
2021-06-24,3,Cryptophyta,0.4316136,1.4496821
2021-06-25,3,Cryptophyta,1.4246527,1.4517978
2021-06-26,3,Cryptophyta,0.8443198,1.4552149
2021-06-27,3,Cryptophyta,5.683697,1.4552681
2021-06-28,3,Cryptophyta,5.1820374,1.4582709
2021-06-29,3,Cryptophyta,4.680376,1.4609803
2021-06-30,3,Cryptophyta,2.233973,1.4920559
2021-07-01,3,Cryptophyta,2.7452605,1.5588248
2021-07-02,3,Cryptophyta,3.114732,1.6572945
2021-07-03,3,Cryptophyta,4.5960784,1.6410375
2021-07-04,3,Cryptophyta,1.1919392,1.6011649
2021-07-05,3,Cryptophyta,2.188618,1.5656707
2021-07-06,3,Cryptophyta,0.89488775,1.5623085
2021-07-07,3,Cryptophyta,1.1724837,1.5136864
2021-07-08,3,Cryptophyta,2.041239,1.4706984
2021-07-09,3,Cryptophyta,0.09234785,1.4423608
2021-07-10,3,Cryptophyta,0.11277334,1.4230506
2021-07-11,3,Cryptophyta,0.11111517,1.4189227
2021-07-12,3,Cryptophyta,0.19445011,1.4184244
2021-07-13,3,Cryptophyta,0.14789437,1.4193686
2021-07-14,3,Cryptophyta,2.0088196,1.419519
2021-07-15,3,Cryptophyta,3.3283792,1.418744
2021-07-16,3,Cryptophyta,2.9782705,1.4179146
2021-07-17,3,Cryptophyta,3.991751,1.4255235
2021-07-18,3,Cryptophyta,2.4407308,1.4417622
2021-07-19,3,Cryptophyta,1.8509196,1.4567902
2021-07-20,3,Cryptophyta,0.30619845,1.477941
2021-07-21,3,Cryptophyta,0.5183273,1.4892012
2021-07-22,3,Cryptophyta,0.29636496,1.4800148
2021-07-23,3,Cryptophyta,2.2086678,1.4469936
2021-07-24,3,Cryptophyta,2.187364,1.4230064
2021-07-25,3,Cryptophyta,2.1352136,1.4113731
2021-07-26,3,Cryptophyta,1.2728292,1.4189327
2021-07-27,3,Cryptophyta,0.7636324,1.4196401
2021-07-28,3,Cryptophyta,0.08968883,1.4200125
2021-07-29,3,Cryptophyta,0.35649782,1.4182065
2021-07-30,3,Cryptophyta,0.28621292,1.4156729
2021-07-31,3,Cryptophyta,0.8985962,1.4141116
2021-08-01,3,Cryptophyta,1.3469175,1.4173175
2021-08-02,3,Cryptophyta,1.7300363,1.4185631
2021-08-03,3,Cryptophyta,0.32100654,1.4239123
2021-08-04,3,Cryptophyta,0.14803037,1.4324932
2021-08-05,3,Cryptophyta,0.009999991,1.4398972
2021-08-06,3,Cryptophyta,0.009999991,1.441332
2021-08-07,3,Cryptophyta,0.009999991,1.4306957
2021-08-08,3,Cryptophyta,0.009999991,1.4077325
2021-08-09,3,Cryptophyta,0.23199858,0.8041126
2021-08-10,3,Cryptophyta,0.034522396,0.7666344
2021-08-11,3,Cryptophyta,0.045955125,0.8140275
2021-08-12,3,Cryptophyta,0.33081767,1.3859651
2021-08-13,3,Cryptophyta,0.2818487,1.4062299
2021-08-14,3,Cryptophyta,3.3812597,1.4170197
2021-08-15,3,Cryptophyta,4.7306323,1.4262216
2021-08-16,3,Cryptophyta,1.2108259,1.4256687
2021-08-17,3,Cryptophyta,0.8421241,1.4389733
2021-08-18,3,Cryptophyta,3.8678281,1.4667512
2021-08-19,3,Cryptophyta,6.1408067,1.4682251
2021-08-20,3,Cryptophyta,4.1655927,1.4525288
2021-08-21,3,Cryptophyta,1.9573146,1.455963
2021-08-22,3,Cryptophyta,6.7205424,1.5062546
2021-08-23,3,Cryptophyta,6.412621,1.6115452
2021-08-24,3,Cryptophyta,4.911873,1.6549289
2021-08-25,3,Cryptophyta,5.530123,1.7254536
2021-08-26,3,Cryptophyta,4.9580812,1.8562759
2021-08-27,3,Cryptophyta,3.6376522,1.9197226
2021-08-28,3,Cryptophyta,2.0945258,1.9071738
2021-08-29,3,Cryptophyta,1.1689283,1.8151473
2021-08-30,3,Cryptophyta,0.895105,1.6606514
2021-08-31,3,Cryptophyta,0.98863244,1.4916638
2021-09-01,3,Cryptophyta,0.47985527,1.4091976
2021-09-02,3,Cryptophyta,0.16972502,1.3909602
2021-09-03,3,Cryptophyta,0.16249637,1.3872192
2021-09-04,3,Cryptophyta,0.40104917,1.3824679
2021-09-05,3,Cryptophyta,0.5010926,1.1725088
2021-09-06,3,Cryptophyta,0.21408828,1.3622332
2021-09-07,3,Cryptophyta,0.09729903,1.3579074
2021-09-08,3,Cryptophyta,0.18883504,1.3437535
2021-09-09,3,Cryptophyta,0.8836324,1.3236696
2021-09-10,3,Cryptophyta,0.94916064,1.30064
2021-09-11,3,Cryptophyta,2.8891752,1.2714865
2021-09-12,3,Cryptophyta,3.9723084,1.2453598
2021-09-13,3,Cryptophyta,1.3835337,1.2183805
2021-09-14,3,Cryptophyta,0.8942071,1.205054
2021-09-15,3,Cryptophyta,0.11826209,1.2087494
2021-09-16,3,Cryptophyta,0.03495292,1.213113
2021-09-17,3,Cryptophyta,0.021180328,1.1884462
2021-09-18,3,Cryptophyta,0.014590886,1.1143645
2021-09-19,3,Cryptophyta,0.027762465,0.9948929
2021-09-20,3,Cryptophyta,0.014923933,0.92437166
2021-09-21,3,Cryptophyta,0.013330923,0.88704854
2021-09-22,3,Cryptophyta,0.02899346,0.8558767
2021-09-23,3,Cryptophyta,0.031630408,0.8322571
2021-09-24,3,Cryptophyta,0.016531473,0.8175734
2021-09-25,3,Cryptophyta,0.025249824,0.8111592
2021-09-26,3,Cryptophyta,0.020209959,0.80402887
2021-09-27,3,Cryptophyta,0.016162232,0.7889489
2021-09-28,3,Cryptophyta,0.012722697,0.77679926
2021-09-29,3,Cryptophyta,0.014996384,0.7722072
2021-09-30,3,Cryptophyta,0.027639415,0.7695631
2021-10-01,3,Cryptophyta,0.0215858,0.7681811
2021-10-02,3,Cryptophyta,0.009999991,0.76807195
2021-10-03,3,Cryptophyta,0.04314291,0.767503
2021-10-04,3,Cryptophyta,0.06171007,0.7674697
2021-10-05,3,Cryptophyta,0.08027723,0.7667048
2021-10-06,3,Cryptophyta,0.09884436,0.76801914
2021-10-07,3,Cryptophyta,0.11741151,0.77367306
2021-10-08,3,Cryptophyta,0.13597873,0.78590417
2021-10-09,3,Cryptophyta,0.15454592,0.7900659
2021-10-10,3,Cryptophyta,0.17311302,0.7890401
2021-10-11,3,Cryptophyta,0.19168025,0.78680706
2021-10-12,3,Cryptophyta,0.08330738,0.7832107
2021-10-13,3,Cryptophyta,0.20564081,0.7797996
2021-10-14,3,Cryptophyta,0.45210716,0.7771405
2021-10-15,3,Cryptophyta,1.9633454,0.77394444
2021-10-16,3,Cryptophyta,2.402042,0.7712851
2021-10-17,3,Cryptophyta,0.18239857,0.76979166
2021-10-18,3,Cryptophyta,0.14306079,0.7686264
2021-10-19,3,Cryptophyta,0.1371925,0.76663953
2021-10-20,3,Cryptophyta,0.10953692,0.7637621
2021-10-21,3,Cryptophyta,0.33654124,0.7606481
2021-10-22,3,Cryptophyta,0.09678729,0.7580701
2021-10-23,3,Cryptophyta,0.12801735,0.7574837
2021-10-24,3,Cryptophyta,0.15230823,0.75772196
2021-10-25,3,Cryptophyta,0.3744026,0.75891453
2021-10-26,3,Cryptophyta,0.5011505,0.7597471
2021-10-27,3,Cryptophyta,2.2271852,0.7615895
2021-10-28,3,Cryptophyta,5.092771,0.7637769
2021-10-29,3,Cryptophyta,4.4250436,0.76673734
2021-10-30,3,Cryptophyta,1.6537554,0.7731593
2021-10-31,3,Cryptophyta,1.1526773,0.78447545
2021-11-01,3,Cryptophyta,0.999602,0.7966913
2021-11-02,3,Cryptophyta,2.287547,0.80378485
2021-11-03,3,Cryptophyta,3.3543994,0.8076528
2021-11-04,3,Cryptophyta,1.814754,0.8099925
2021-11-05,3,Cryptophyta,0.28529662,0.8133298
2021-11-06,3,Cryptophyta,0.8264255,0.81878465
2021-11-07,3,Cryptophyta,1.651774,0.8223288
2021-11-08,3,Cryptophyta,0.8663386,0.82251495
2021-11-09,3,Cryptophyta,0.98232996,0.82275105
2021-11-10,3,Cryptophyta,1.3961767,0.82772577
2021-11-11,3,Cryptophyta,0.55808246,0.83695596
2021-11-12,3,Cryptophyta,0.2808545,0.848226
2021-11-13,3,Cryptophyta,0.22812591,0.85493755
2021-11-14,3,Cryptophyta,0.060130253,0.8568875
2021-11-15,3,Cryptophyta,0.064438835,0.8547204
2021-11-16,3,Cryptophyta,0.12549599,0.8518315
2021-11-17,3,Cryptophyta,0.12162303,0.84757763
2021-11-18,3,Cryptophyta,0.13411672,0.8429079
2021-11-19,3,Cryptophyta,0.038276628,0.8388865
2021-11-20,3,Cryptophyta,0.037277333,0.83587205
2021-11-21,3,Cryptophyta,0.14311372,0.83342177
2021-11-22,3,Cryptophyta,0.31098408,0.83041996
2021-11-23,3,Cryptophyta,0.028777102,0.8281228
2021-11-24,3,Cryptophyta,0.11981185,0.829059
2021-11-25,3,Cryptophyta,0.089210704,0.8304702
2021-11-26,3,Cryptophyta,0.026425505,0.8285984
2021-11-27,3,Cryptophyta,0.080904454,0.8239293
2021-11-28,3,Cryptophyta,0.079240225,0.81809396
2021-11-29,3,Cryptophyta,0.13870382,0.8117167
2021-11-30,3,Cryptophyta,0.70564806,0.8054642
2021-12-01,3,Cryptophyta,0.46112964,0.79996264
2021-12-02,3,Cryptophyta,0.56976104,0.79596305
2021-12-03,3,Cryptophyta,0.44613323,0.7924776
2021-12-04,3,Cryptophyta,0.114030406,0.78578246
2021-12-05,3,Cryptophyta,0.13754705,0.7787667
2021-12-06,3,Cryptophyta,0.13356574,0.77360827
2021-12-07,3,Cryptophyta,0.13945727,0.7699311
2021-12-08,3,Cryptophyta,0.18000004,0.76794314
2021-12-09,3,Cryptophyta,0.22572987,0.767906
2021-12-10,3,Cryptophyta,0.1674964,0.7680063
2021-12-11,3,Cryptophyta,0.536042,0.7681563
2021-12-12,3,Cryptophyta,0.33448946,0.7695835
2021-12-13,3,Cryptophyta,0.8888133,0.7707143
2021-12-14,3,Cryptophyta,1.109754,0.7734433
2021-12-15,3,Cryptophyta,1.157719,0.7764229
2021-12-16,3,Cryptophyta,0.9222013,0.7814097
2021-12-17,3,Cryptophyta,0.2394569,0.79030323
2021-12-18,3,Cryptophyta,0.17299783,0.809686
2021-12-19,3,Cryptophyta,0.19939901,0.8531961
2021-12-20,3,Cryptophyta,0.0508104,0.93341845
2021-12-21,3,Cryptophyta,0.012547057,1.0240821
2021-12-22,3,Cryptophyta,1.1247612,1.0497074
2021-12-23,3,Cryptophyta,3.3235745,1.0336869
2021-12-24,3,Cryptophyta,5.3787045,1.0197439
2021-12-25,3,Cryptophyta,1.9026159,0.9842833
2021-12-26,3,Cryptophyta,1.5518523,0.9634235
2021-12-27,3,Cryptophyta,1.4961421,0.97408825
2021-12-28,3,Cryptophyta,2.0434694,1.0018796
2021-12-29,3,Cryptophyta,1.3157945,1.077973
2021-12-30,3,Cryptophyta,1.7633647,1.1560291
2021-12-31,3,Cryptophyta,0.99547976,1.2013123
2022-01-01,3,Cryptophyta,0.90334296,1.2794276
2022-01-02,3,Cryptophyta,0.460246,1.3147045
2022-01-03,3,Cryptophyta,0.49183202,1.3433119
2022-01-04,3,Cryptophyta,0.8021434,1.3579104
2022-01-05,3,Cryptophyta,2.411108,1.376887
2022-01-06,3,Cryptophyta,1.9298986,1.3865752
2022-01-07,3,Cryptophyta,1.4486893,1.3853065
2022-01-08,3,Cryptophyta,2.254236,1.3969957
2022-01-09,3,Cryptophyta,1.9260247,1.40621
2022-01-10,3,Cryptophyta,3.8141894,1.3965651
2022-01-11,3,Cryptophyta,3.3248262,1.4022799
2022-01-12,3,Cryptophyta,1.8018959,1.4125303
2022-01-13,3,Cryptophyta,0.6656151,1.4551185
2022-01-14,3,Cryptophyta,0.16721943,1.5041417
2022-01-15,3,Cryptophyta,0.40709117,1.54178
2022-01-16,3,Cryptophyta,0.41276413,1.5397251
2022-01-17,3,Cryptophyta,0.12125267,1.5099576
2022-01-18,3,Cryptophyta,0.50808835,1.4931209
2022-01-19,3,Cryptophyta,0.29482982,1.4923112
2022-01-20,3,Cryptophyta,0.28364226,1.4989588
2022-01-21,3,Cryptophyta,0.73514116,1.5232792
2022-01-22,3,Cryptophyta,0.8555467,1.5561985
2022-01-23,3,Cryptophyta,6.0838957,1.578866
2022-01-24,3,Cryptophyta,2.5067077,1.602603
2022-01-25,3,Cryptophyta,3.2794752,1.6166941
2022-01-26,3,Cryptophyta,4.0522428,1.7722404
2022-01-27,3,Cryptophyta,7.7161593,1.8550233
2022-01-28,3,Cryptophyta,6.604,1.8833436
2022-01-29,3,Cryptophyta,6.2652764,1.9239911
2022-01-30,3,Cryptophyta,4.679468,2.0869055
2022-01-31,3,Cryptophyta,2.0781941,2.2547219
2022-02-01,3,Cryptophyta,1.1183823,2.3708577
2022-02-02,3,Cryptophyta,2.0167906,2.3952196
2022-02-03,3,Cryptophyta,1.0336812,2.2941375
2022-02-04,3,Cryptophyta,1.8221382,2.1232297
2022-02-05,3,Cryptophyta,2.1748297,2.0057628
2022-02-06,3,Cryptophyta,0.7498538,1.8676096
2022-02-07,3,Cryptophyta,1.6242288,1.7552575
2022-02-08,3,Cryptophyta,2.812573,1.6966285
2022-02-09,3,Cryptophyta,2.1546009,1.6277149
2022-02-10,3,Cryptophyta,2.7654421,1.5965372
2022-02-11,3,Cryptophyta,1.6416949,1.5853574
2022-02-12,3,Cryptophyta,3.2547395,1.5794622
2022-02-13,3,Cryptophyta,4.4726844,1.5278556
2022-02-14,3,Cryptophyta,3.2693677,1.4500489
2022-02-15,3,Cryptophyta,3.0681496,1.4300568
2022-02-16,3,Cryptophyta,3.5129151,1.4470321
2022-02-17,3,Cryptophyta,6.3626266,1.4663521
2022-02-18,3,Cryptophyta,5.7419825,1.4832836
2022-02-19,3,Cryptophyta,5.121339,1.5112257
2022-02-20,3,Cryptophyta,1.3447684,1.5627996
2022-02-21,3,Cryptophyta,0.34763938,1.5815831
2022-02-22,3,Cryptophyta,0.11295442,1.5940708
2022-02-23,3,Cryptophyta,0.010837298,1.5022582
2022-02-24,3,Cryptophyta,0.2931932,1.4077085
2022-02-25,3,Cryptophyta,0.3498264,1.3566973
2022-02-26,3,Cryptophyta,0.40645963,1.3109363
2022-02-27,3,Cryptophyta,0.46309286,1.2762067
2022-02-28,3,Cryptophyta,0.23080894,1.2487252
2022-03-01,3,Cryptophyta,0.66084886,1.2400185
2022-03-02,3,Cryptophyta,1.4105,1.2380303
2022-03-03,3,Cryptophyta,2.6836133,1.232815
2022-03-04,3,Cryptophyta,3.074573,1.2336073
2022-03-05,3,Cryptophyta,4.616686,1.3028809
2022-03-06,3,Cryptophyta,4.4455137,1.4306531
2022-03-07,3,Cryptophyta,5.2407317,1.7238041
2022-03-08,3,Cryptophyta,3.0426722,1.9973092
2022-03-09,3,Cryptophyta,2.6120565,2.2239146
2022-03-10,3,Cryptophyta,3.1026852,2.4303126
2022-03-11,3,Cryptophyta,5.934228,2.526594
2022-03-12,3,Cryptophyta,5.9608407,2.5507576
2022-03-13,3,Cryptophyta,8.2981825,2.6045086
2022-03-14,3,Cryptophyta,8.111037,2.7802134
2022-03-15,3,Cryptophyta,7.923893,2.856603
2022-03-16,3,Cryptophyta,7.6927795,2.9453611
2022-03-17,3,Cryptophyta,7.4616656,3.007661
2022-03-18,3,Cryptophyta,7.230552,3.0258684
2022-03-19,3,Cryptophyta,6.9994383,2.966576
2022-03-20,3,Cryptophyta,6.768325,2.8855321
2022-03-21,3,Cryptophyta,2.956575,2.7922225
2022-03-22,3,Cryptophyta,3.0413914,2.660213
2022-03-23,3,Cryptophyta,1.2712663,2.482739
2022-03-24,3,Cryptophyta,0.48071688,2.1051428
2022-03-25,3,Cryptophyta,0.24598116,1.7067001
2022-03-26,3,Cryptophyta,0.17334539,1.3623024
2022-03-27,3,Cryptophyta,0.014066844,1.2900487
2022-03-28,3,Cryptophyta,0.009999991,1.2348351
2022-03-29,3,Cryptophyta,0.009999991,1.1863536
2022-03-30,3,Cryptophyta,0.011354405,1.1211028
2022-03-31,3,Cryptophyta,0.011491702,1.0663629
2022-04-01,3,Cryptophyta,0.0132873645,1.0124879
2022-04-02,3,Cryptophyta,0.009999991,0.9677768
2022-04-03,3,Cryptophyta,0.0104561765,0.9665104
2022-04-04,3,Cryptophyta,0.058059365,1.0053191
2022-04-05,3,Cryptophyta,0.5978168,1.0702931
2022-04-06,3,Cryptophyta,0.5055185,1.1540498
2022-04-07,3,Cryptophyta,1.6158104,1.2481358
2022-04-08,3,Cryptophyta,3.517357,1.3522637
2022-04-09,3,Cryptophyta,3.552728,1.5034554
2022-04-10,3,Cryptophyta,3.648052,1.7656243
2022-04-11,3,Cryptophyta,4.8602524,2.0552616
2022-04-12,3,Cryptophyta,5.7928276,2.303336
2022-04-13,3,Cryptophyta,7.0250325,2.5226088
2022-04-14,3,Cryptophyta,7.4662733,2.6560347
2022-04-15,3,Cryptophyta,6.0537853,2.8069386
2022-04-16,3,Cryptophyta,5.7560816,2.9279916
2022-04-17,3,Cryptophyta,5.326953,2.9850826
2022-04-18,3,Cryptophyta,6.1952877,2.9527633
2022-04-19,3,Cryptophyta,1.519471,2.8919544
2022-04-20,3,Cryptophyta,1.9496597,2.8169334
2022-04-21,3,Cryptophyta,2.6454587,2.880896
2022-04-22,3,Cryptophyta,4.0942683,2.695945
2022-04-23,3,Cryptophyta,5.363492,2.484384
2022-04-24,3,Cryptophyta,6.632715,2.3160052
2022-04-25,3,Cryptophyta,5.4636426,2.3044982
2022-04-26,3,Cryptophyta,5.049073,2.3198667
2022-04-27,3,Cryptophyta,4.6345043,2.4418187
2022-04-28,3,Cryptophyta,4.219935,2.4382198
2022-04-29,3,Cryptophyta,3.26207,2.3121684
2022-04-30,3,Cryptophyta,0.3818768,2.0271285
2022-05-01,3,Cryptophyta,0.3872826,1.7929909
2022-05-02,3,Cryptophyta,0.08944931,1.6306782
2022-05-03,3,Cryptophyta,0.25981158,1.4420775
2022-05-04,3,Cryptophyta,1.3497682,1.3581892
2022-05-05,3,Cryptophyta,2.010942,1.3092487
2022-05-06,3,Cryptophyta,4.4939523,1.2751392
2022-05-07,3,Cryptophyta,4.4601665,1.2732985
2022-05-08,3,Cryptophyta,3.5489104,1.2959971
2022-05-09,3,Cryptophyta,2.6376543,1.3502175
2022-05-10,3,Cryptophyta,1.0043664,1.3963788
2022-05-11,3,Cryptophyta,0.4831377,1.4269897
2022-05-12,3,Cryptophyta,0.5559877,1.4223814
2022-05-13,3,Cryptophyta,0.073652156,1.3992985
2022-05-14,3,Cryptophyta,0.009999991,1.3767221
2022-05-15,3,Cryptophyta,0.009999991,1.359208
2022-05-16,3,Cryptophyta,0.009999991,1.310244
2022-05-17,3,Cryptophyta,0.009999991,1.2326642
2022-05-18,3,Cryptophyta,0.013930398,1.1365362
2022-05-19,3,Cryptophyta,0.032872636,1.0442108
2022-05-20,3,Cryptophyta,0.58060104,0.97960144
2022-05-21,3,Cryptophyta,5.506287,0.9297173
2022-05-22,3,Cryptophyta,1.7813116,0.89044243
2022-05-23,3,Cryptophyta,1.5250723,0.8653516
2022-05-24,3,Cryptophyta,2.5719986,0.8782395
2022-05-25,3,Cryptophyta,0.094826125,0.89714813
2022-05-26,3,Cryptophyta,0.38431472,0.8920902
2022-05-27,3,Cryptophyta,0.016613582,0.8886481
2022-05-28,3,Cryptophyta,0.009999991,0.87664944
2022-05-29,3,Cryptophyta,0.009999991,0.83296126
2022-05-30,3,Cryptophyta,0.009999991,0.79496324
2022-05-31,3,Cryptophyta,0.009999991,0.7524083
2022-06-01,3,Cryptophyta,0.041579302,0.71607965
2022-06-02,3,Cryptophyta,0.009999991,0.72901636
2022-06-03,3,Cryptophyta,0.009999991,0.72140807
2022-06-04,3,Cryptophyta,0.009999991,0.71326095
2022-06-05,3,Cryptophyta,0.009999991,0.70579845
2022-06-06,3,Cryptophyta,0.009999991,0.70053643
2022-06-07,3,Cryptophyta,0.009999991,0.6970111
2022-06-08,3,Cryptophyta,0.009999991,0.69541126
2022-06-09,3,Cryptophyta,0.009999991,0.694605
2022-06-10,3,Cryptophyta,0.009999991,0.6937657
2022-06-11,3,Cryptophyta,0.009999991,0.69253397
2022-06-12,3,Cryptophyta,0.009999991,0.6917371
2022-06-13,3,Cryptophyta,0.009999991,0.6914632
2022-06-14,3,Cryptophyta,0.009999991,0.691573
2022-06-15,3,Cryptophyta,0.009999991,0.6924086
2022-06-16,3,Cryptophyta,0.009999991,0.6930059
2022-06-17,3,Cryptophyta,0.0147973765,0.69288945
2022-06-18,3,Cryptophyta,0.073159404,0.6922788
2022-06-19,3,Cryptophyta,0.06849167,0.6923233
2022-06-20,3,Cryptophyta,0.14291817,0.6936696
2022-06-21,3,Cryptophyta,0.20932655,0.69517183
2022-06-22,3,Cryptophyta,0.23238957,0.6968136
2022-06-23,3,Cryptophyta,0.017235858,0.69817036
2022-06-24,3,Cryptophyta,0.040120743,0.6995012
2022-06-25,3,Cryptophyta,0.2839175,0.70044065
2022-06-26,3,Cryptophyta,0.035959456,0.7003371
2022-06-27,3,Cryptophyta,0.06081824,0.7006627
2022-06-28,3,Cryptophyta,0.27052093,0.70249605
2022-06-29,3,Cryptophyta,0.012525414,0.7029469
2022-06-30,3,Cryptophyta,0.6139971,0.70375
2022-07-01,3,Cryptophyta,0.59884864,0.704981
2022-07-02,3,Cryptophyta,0.026125995,0.7049738
2022-07-03,3,Cryptophyta,0.010289456,0.7048667
2022-07-04,3,Cryptophyta,0.009999991,0.704928
2022-07-05,3,Cryptophyta,0.009999991,0.7046018
2022-07-06,3,Cryptophyta,0.009999991,0.7041449
2022-07-07,3,Cryptophyta,0.009999991,0.70362043
2022-07-08,3,Cryptophyta,0.02234078,0.7035142
2022-07-09,3,Cryptophyta,0.10539345,0.7036536
2022-07-10,3,Cryptophyta,0.24793312,0.70428306
2022-07-11,3,Cryptophyta,0.51225203,0.70558816
2022-07-12,3,Cryptophyta,0.3178261,0.7069469
2022-07-13,3,Cryptophyta,0.12300002,0.7087565
2022-07-14,3,Cryptophyta,1.7812928,0.71066886
2022-07-15,3,Cryptophyta,4.1484494,0.71256924
2022-07-16,3,Cryptophyta,0.7352533,0.71463865
2022-07-17,3,Cryptophyta,0.92751086,0.71551555
2022-07-18,3,Cryptophyta,0.22509077,0.7165878
2022-07-19,3,Cryptophyta,0.020543884,0.718073
2022-07-20,3,Cryptophyta,0.043882452,0.71870846
2022-07-21,3,Cryptophyta,0.011791171,0.7197384
2022-07-22,3,Cryptophyta,0.010043729,0.72175467
2022-07-23,3,Cryptophyta,0.012169442,0.722439
2022-07-24,3,Cryptophyta,0.40781432,0.7245677
2022-07-25,3,Cryptophyta,0.016661854,0.7258595
2022-07-26,3,Cryptophyta,0.022054957,0.7270811
2022-07-27,3,Cryptophyta,0.020608686,0.7290047
2022-07-28,3,Cryptophyta,0.010642375,0.7306859
2022-07-29,3,Cryptophyta,0.07021444,0.73254883
2022-07-30,3,Cryptophyta,0.103735305,0.7344247
2022-07-31,3,Cryptophyta,0.1372561,0.7351877
2022-08-01,3,Cryptophyta,0.17077692,0.7369895
2022-08-02,3,Cryptophyta,0.20429775,0.73754215
2022-08-03,3,Cryptophyta,0.2378185,0.7385303
2022-08-04,3,Cryptophyta,0.27133936,0.7403365
2022-08-05,3,Cryptophyta,0.30486017,0.7417211
2022-08-06,3,Cryptophyta,0.33838093,0.7425038
2022-08-07,3,Cryptophyta,0.37190175,0.74172544
2022-08-08,3,Cryptophyta,0.40542254,0.74038047
2022-08-09,3,Cryptophyta,0.43894336,0.739873
2022-08-10,3,Cryptophyta,0.47246417,0.7398062
2022-08-11,3,Cryptophyta,0.505985,0.7394408
2022-08-12,3,Cryptophyta,0.5395058,0.7390014
2022-08-13,3,Cryptophyta,0.5730266,0.73854995
2022-08-14,3,Cryptophyta,0.6065474,0.7392742
2022-08-15,3,Cryptophyta,0.6400682,0.73859876
2022-08-16,3,Cryptophyta,0.67358905,0.73866385
2022-08-17,3,Cryptophyta,0.70710987,0.73912203
2022-08-18,3,Cryptophyta,0.7406306,0.73952353
2022-08-19,3,Cryptophyta,0.77415144,0.7399428
2022-08-20,3,Cryptophyta,0.80767226,0.7405511
2022-08-21,3,Cryptophyta,0.8411931,0.7405615
2022-08-22,3,Cryptophyta,0.87471384,0.74117666
2022-08-23,3,Cryptophyta,0.90823466,0.74161786
2022-08-24,3,Cryptophyta,0.9417555,0.74161536
2022-08-25,3,Cryptophyta,0.97527635,0.7417319
2022-08-26,3,Cryptophyta,1.008797,0.74145246
2022-08-27,3,Cryptophyta,1.042318,0.7404723
2022-08-28,3,Cryptophyta,1.0758387,0.74102646
2022-08-29,3,Cryptophyta,1.1093595,0.74029803
2022-08-30,3,Cryptophyta,1.1428803,0.7392901
2022-08-31,3,Cryptophyta,1.1764011,0.73907053
2022-09-01,3,Cryptophyta,1.209922,0.73930854
2022-09-02,3,Cryptophyta,1.2434428,0.7388497
2022-09-03,3,Cryptophyta,1.2769636,0.7385997
2022-09-04,3,Cryptophyta,1.3104844,0.7375169
2022-09-05,3,Cryptophyta,1.3440052,0.73648405
2022-09-06,3,Cryptophyta,1.377526,0.7357798
2022-09-07,3,Cryptophyta,1.4110469,0.7353618
2022-09-08,3,Cryptophyta,1.4445677,0.7344185
2022-09-09,3,Cryptophyta,1.4780885,0.73528665
2022-09-10,3,Cryptophyta,1.5513841,0.7355417
2022-09-11,3,Cryptophyta,1.6445435,0.7351195
2022-09-12,3,Cryptophyta,1.056165,0.73340297
2022-09-13,3,Cryptophyta,1.3345797,0.7320817
2022-09-14,3,Cryptophyta,2.154297,0.73113304
2022-09-15,3,Cryptophyta,1.5098189,0.7308635
2022-09-16,3,Cryptophyta,0.62335265,0.73034537
2022-09-17,3,Cryptophyta,0.5262518,0.7301641
2022-09-18,3,Cryptophyta,0.5816812,0.73088616
2022-09-19,3,Cryptophyta,0.26104993,0.7307497
2022-09-20,3,Cryptophyta,0.011123174,0.73193496
2022-09-21,3,Cryptophyta,0.051745083,0.73358727
2022-09-22,3,Cryptophyta,0.030354569,0.7343087
2022-09-23,3,Cryptophyta,0.042973924,0.7364125
2022-09-24,3,Cryptophyta,0.13725565,0.7381421
2022-09-25,3,Cryptophyta,0.0662491,0.73979896
2022-09-26,3,Cryptophyta,0.19330437,0.7415493
2022-09-27,3,Cryptophyta,0.1107241,0.7434806
2022-09-28,3,Cryptophyta,1.4748371,0.74572337
2022-09-29,3,Cryptophyta,1.4093351,0.74725306
2022-09-30,3,Cryptophyta,0.43673825,0.7499897
2022-10-01,3,Cryptophyta,0.009999991,0.75252557
2022-10-02,3,Cryptophyta,0.0148912715,0.75714165
2022-10-03,3,Cryptophyta,0.07116495,0.9280777
2022-10-04,3,Cryptophyta,0.19286546,1.0628376
2022-10-05,3,Cryptophyta,0.009999991,0.984623
2022-10-06,3,Cryptophyta,0.009999991,0.89555717
2022-10-07,3,Cryptophyta,0.009999991,0.8228912
2022-10-08,3,Cryptophyta,0.009999991,0.8016768
2022-10-09,3,Cryptophyta,0.018630426,0.7880357
2022-10-10,3,Cryptophyta,0.013161731,0.7740583
2022-10-11,3,Cryptophyta,0.024279546,0.7625455
2022-10-12,3,Cryptophyta,0.15063044,0.75409114
2022-10-13,3,Cryptophyta,0.012413051,0.7484909
2022-10-14,3,Cryptophyta,0.010152084,0.7431582
2022-10-15,3,Cryptophyta,0.010290094,0.7386304
2022-10-16,3,Cryptophyta,0.01853731,0.73730433
2022-10-17,3,Cryptophyta,0.028262116,0.7360804
2022-10-18,3,Cryptophyta,0.010137582,0.7357832
2022-10-19,3,Cryptophyta,0.05505431,0.7354321
2022-10-20,3,Cryptophyta,0.1891751,0.7349928
2022-10-21,3,Cryptophyta,0.30444208,0.73493385
2022-10-22,3,Cryptophyta,3.1631176,0.73459554
2022-10-23,3,Cryptophyta,0.263108,0.7340157
2022-10-24,3,Cryptophyta,0.21729375,0.7325087
2022-10-25,3,Cryptophyta,0.059153363,0.7322991
2022-10-26,3,Cryptophyta,0.059789892,0.73185337
2022-10-27,3,Cryptophyta,0.047026042,0.7323889
2022-10-28,3,Cryptophyta,0.107351705,0.73332393
2022-10-29,3,Cryptophyta,0.0664518,0.7346985
2022-10-30,3,Cryptophyta,0.05750361,0.7365512
2022-10-31,3,Cryptophyta,0.066642515,0.7388902
2022-11-01,3,Cryptophyta,0.09764286,0.7416138
2022-11-02,3,Cryptophyta,0.11699055,0.7452302
2022-11-03,3,Cryptophyta,0.17307027,0.74862677
2022-11-04,3,Cryptophyta,0.085826114,0.7520016
2022-11-05,3,Cryptophyta,0.06902318,0.75507826
2022-11-06,3,Cryptophyta,0.055853847,0.75865144
2022-11-07,3,Cryptophyta,0.1524133,0.7616949
2022-11-08,3,Cryptophyta,2.7645764,0.7625735
2022-11-09,3,Cryptophyta,1.2183956,0.7632184
2022-11-10,3,Cryptophyta,0.56341535,0.7641395
2022-11-11,3,Cryptophyta,0.70662564,0.7677931
2022-11-12,3,Cryptophyta,0.9455072,0.76999557
2022-11-13,3,Cryptophyta,0.2735725,0.77242535
2022-11-14,3,Cryptophyta,0.19732274,0.77282614
2022-11-15,3,Cryptophyta,0.21539077,0.77315325
2022-11-16,3,Cryptophyta,0.09860967,0.7742638
2022-11-17,3,Cryptophyta,0.08582912,0.77244157
2022-11-18,3,Cryptophyta,0.05319826,0.7703743
2022-11-19,3,Cryptophyta,0.24602175,0.76902246
2022-11-20,3,Cryptophyta,0.22234443,0.7684436
2022-11-21,3,Cryptophyta,0.14946416,0.7677848
2022-11-22,3,Cryptophyta,0.13514844,0.76621044
2022-11-23,3,Cryptophyta,0.32496366,0.7656138
2022-11-24,3,Cryptophyta,0.04255429,0.76415414
2022-11-25,3,Cryptophyta,0.13866036,0.7620151
2022-11-26,3,Cryptophyta,0.011700435,0.76117426
2022-11-27,3,Cryptophyta,0.051456515,0.7587628
2022-11-28,3,Cryptophyta,0.07280031,0.75560164
2022-11-29,3,Cryptophyta,0.01386674,0.7504873
2022-11-30,3,Cryptophyta,0.13835019,0.7452512
2022-12-01,3,Cryptophyta,0.025166452,0.7412532
2022-12-02,3,Cryptophyta,0.15414065,0.7399766
2022-12-03,3,Cryptophyta,0.16071686,0.74028116
2022-12-04,3,Cryptophyta,0.14975378,0.74019194
2022-12-05,3,Cryptophyta,0.7071791,0.73995507
2022-12-06,3,Cryptophyta,0.8909427,0.7407576
2022-12-07,3,Cryptophyta,1.0464518,0.74200267
2022-12-08,3,Cryptophyta,0.9203116,0.7436847
2022-12-09,3,Cryptophyta,1.654772,0.7450332
2022-12-10,3,Cryptophyta,1.3442216,0.7471071
2022-12-11,3,Cryptophyta,0.2558943,0.749081
2022-12-12,3,Cryptophyta,0.23369749,0.7527621
2022-12-13,3,Cryptophyta,0.18690802,0.7565682
2022-12-14,3,Cryptophyta,0.08117475,0.758544
2022-12-15,3,Cryptophyta,0.12455794,0.75996274
2022-12-16,3,Cryptophyta,0.06581464,0.7659847
2022-12-17,3,Cryptophyta,0.13824038,0.78956974
2022-12-18,3,Cryptophyta,0.18520641,0.939735
2022-12-19,3,Cryptophyta,0.12663768,1.1574605
2022-12-20,3,Cryptophyta,0.1604924,1.2096435
2022-12-21,3,Cryptophyta,0.1743573,1.2051407
2022-12-22,3,Cryptophyta,0.23126812,1.1915518
2022-12-23,3,Cryptophyta,0.1509928,1.1917071
2022-12-24,3,Cryptophyta,0.1620203,1.212299
2022-12-25,3,Cryptophyta,0.21839248,1.224634
2022-12-26,3,Cryptophyta,0.23416787,1.2405673
2022-12-27,3,Cryptophyta,0.21106365,1.2597088
2022-12-28,3,Cryptophyta,0.19214647,1.2857565
2022-12-29,3,Cryptophyta,0.3410203,1.3275496
2022-12-30,3,Cryptophyta,0.35081884,1.3468049
2022-12-31,3,Cryptophyta,0.49809423,1.3623238
2023-01-01,3,Cryptophyta,0.18109258,1.3886164
2023-01-02,3,Cryptophyta,0.31292963,1.4510852
2023-01-03,3,Cryptophyta,0.07629438,1.545416
2023-01-04,3,Cryptophyta,3.205677,1.6148994
2023-01-05,3,Cryptophyta,4.054281,1.6835485
2023-01-06,3,Cryptophyta,4.902886,1.7415242
2023-01-07,3,Cryptophyta,5.75149,1.8677958
2023-01-08,3,Cryptophyta,6.600094,2.0102587
2023-01-09,3,Cryptophyta,6.476336,2.1780536
2023-01-10,3,Cryptophyta,6.3525777,2.3682926
2023-01-11,3,Cryptophyta,7.391216,2.549294
2023-01-12,3,Cryptophyta,6.5247107,2.6779993
2023-01-13,3,Cryptophyta,6.205655,2.7955306
2023-01-14,3,Cryptophyta,5.886599,2.895433
2023-01-15,3,Cryptophyta,3.070391,2.9321096
2023-01-16,3,Cryptophyta,3.2330124,2.9345734
2023-01-17,3,Cryptophyta,3.5090666,2.921841
2023-01-18,3,Cryptophyta,1.8202682,2.752527
2023-01-19,3,Cryptophyta,1.4881377,2.5846856
2023-01-20,3,Cryptophyta,1.890601,2.4614573
2023-01-21,3,Cryptophyta,2.4779377,2.3184001
2023-01-22,3,Cryptophyta,5.5649133,2.1905825
2023-01-23,3,Cryptophyta,6.253169,2.112845
2023-01-24,3,Cryptophyta,2.7285879,2.095756
2023-01-25,3,Cryptophyta,3.2420566,2.2030158
2023-01-26,3,Cryptophyta,3.3563943,2.3532858
2023-01-27,3,Cryptophyta,3.5607386,2.3733113
2023-01-28,3,Cryptophyta,2.948197,2.336224
2023-01-29,3,Cryptophyta,2.329044,2.271762
2023-01-30,3,Cryptophyta,1.9131858,2.2483675
2023-01-31,3,Cryptophyta,4.070152,2.2127752
2023-02-01,3,Cryptophyta,5.226647,2.1712482
2023-02-02,3,Cryptophyta,7.453282,2.1542509
2023-02-03,3,Cryptophyta,4.521753,2.1877167
2023-02-04,3,Cryptophyta,4.6141877,2.2896082
2023-02-05,3,Cryptophyta,4.706622,2.4774017
2023-02-06,3,Cryptophyta,4.7990575,2.4878397
2023-02-07,3,Cryptophyta,6.802565,2.4705093
2023-02-08,3,Cryptophyta,5.860838,2.4727864
2023-02-09,3,Cryptophyta,4.919111,2.4478493
2023-02-10,3,Cryptophyta,4.0689564,2.457628
2023-02-11,3,Cryptophyta,5.0742173,2.4155312
2023-02-12,3,Cryptophyta,3.9877925,2.3376381
2023-02-13,3,Cryptophyta,3.0906606,2.1536994
2023-02-14,3,Cryptophyta,4.7804313,1.9951733
2023-02-15,3,Cryptophyta,3.154463,1.8334382
2023-02-16,3,Cryptophyta,2.5376039,1.7192262
2023-02-17,3,Cryptophyta,2.6187308,1.6925194
2023-02-18,3,Cryptophyta,3.3592136,1.6564251
2023-02-19,3,Cryptophyta,2.9372036,1.6187516
2023-02-20,3,Cryptophyta,2.8396633,1.6096134
2023-02-21,3,Cryptophyta,2.0213537,1.6142286
2023-02-22,3,Cryptophyta,1.5460931,1.6357867
2023-02-23,3,Cryptophyta,3.0472844,1.6543682
2023-02-24,3,Cryptophyta,2.540876,1.6500057
2023-02-25,3,Cryptophyta,1.6696993,1.6109896
2023-02-26,3,Cryptophyta,1.8506247,1.6150016
2023-02-27,3,Cryptophyta,2.4273033,1.6349248
2023-02-28,3,Cryptophyta,4.0576186,1.649162
2023-03-01,3,Cryptophyta,3.1774063,1.6552609
2023-03-02,3,Cryptophyta,1.9276384,1.6911249
2023-03-03,3,Cryptophyta,1.4349824,1.7714124
2023-03-04,3,Cryptophyta,1.4693632,1.8245519
2023-03-05,3,Cryptophyta,1.3964868,1.841245
2023-03-06,3,Cryptophyta,1.3642833,1.841391
2023-03-07,3,Cryptophyta,2.018636,1.8322488
2023-03-08,3,Cryptophyta,2.042899,1.8214531
2023-03-09,3,Cryptophyta,1.9240745,1.8166288
2023-03-10,3,Cryptophyta,1.8107322,1.8367493
2023-03-11,3,Cryptophyta,1.7866005,1.8849375
2023-03-12,3,Cryptophyta,1.9636885,1.9443511
2023-03-13,3,Cryptophyta,1.6649137,2.0137417
2023-03-14,3,Cryptophyta,1.6280838,2.073331
2023-03-15,3,Cryptophyta,1.6098557,2.1105044
2023-03-16,3,Cryptophyta,1.5768707,2.2010224
2023-03-17,3,Cryptophyta,2.1391935,2.2559133
2023-03-18,3,Cryptophyta,2.3038106,2.2545905
2023-03-19,3,Cryptophyta,1.9287786,2.2296984
2023-03-20,3,Cryptophyta,1.5824027,2.1683307
2023-03-21,3,Cryptophyta,1.5820714,2.1309233
2023-03-22,3,Cryptophyta,1.3658339,2.0958166
2023-03-23,3,Cryptophyta,2.0884864,2.0819528
2023-03-24,3,Cryptophyta,3.786341,2.0426378
2023-03-25,3,Cryptophyta,2.1906228,1.9963808
2023-03-26,3,Cryptophyta,2.1829119,1.9529665
2023-03-27,3,Cryptophyta,2.6158876,1.9495395
2023-03-28,3,Cryptophyta,2.740476,1.8543355
2023-03-29,3,Cryptophyta,2.5346584,1.7275376
2023-03-30,3,Cryptophyta,2.3052733,1.5951049
2023-03-31,3,Cryptophyta,2.1105404,1.5430279
2023-04-01,3,Cryptophyta,1.7814717,1.5735692
2023-04-02,3,Cryptophyta,1.6399796,1.5738792
2023-04-03,3,Cryptophyta,1.7084769,1.5392699
2023-04-04,3,Cryptophyta,1.6054392,1.5101696
2023-04-05,3,Cryptophyta,1.1882055,1.4651474
2023-04-06,3,Cryptophyta,0.2286157,1.4406544
2023-04-07,3,Cryptophyta,1.8078315,1.3952929
2023-04-08,3,Cryptophyta,2.489018,1.3610495
2023-04-09,3,Cryptophyta,2.4789941,1.3217273
2023-04-10,3,Cryptophyta,2.4197881,1.2955118
2023-04-11,3,Cryptophyta,2.1295638,1.3175014
2023-04-12,3,Cryptophyta,1.8207544,1.3585646
2023-04-13,3,Cryptophyta,1.8472507,1.412273
2023-04-14,3,Cryptophyta,2.0092578,1.4452655
2023-04-15,3,Cryptophyta,2.939332,1.4896436
2023-04-16,3,Cryptophyta,3.1336887,1.5791171
2023-04-17,3,Cryptophyta,5.1471896,1.7408797
2023-04-18,3,Cryptophyta,5.275001,1.8466403
2023-04-19,3,Cryptophyta,3.3519037,1.830633
2023-04-20,3,Cryptophyta,2.5430167,1.8676853
2023-04-21,3,Cryptophyta,2.4620326,1.9191188
2023-04-22,3,Cryptophyta,2.2683303,1.910336
2023-04-23,3,Cryptophyta,2.4192183,1.871991
2023-04-24,3,Cryptophyta,2.5424767,1.8618858
2023-04-25,3,Cryptophyta,3.0996997,1.843274
2023-04-26,3,Cryptophyta,2.0676734,1.8305647
2023-04-27,3,Cryptophyta,1.418416,1.7287123
2023-04-28,3,Cryptophyta,3.1601994,1.7364572
2023-04-29,3,Cryptophyta,8.067172,1.7937583
2023-04-30,3,Cryptophyta,5.9201818,1.8454912
2023-05-01,3,Cryptophyta,3.7731922,1.930796
2023-05-02,3,Cryptophyta,5.453592,2.1138034
2023-05-03,3,Cryptophyta,3.5497632,2.2274861
2023-05-04,3,Cryptophyta,4.6637454,2.2668993
2023-05-05,3,Cryptophyta,7.1205983,2.3837588
2023-05-06,3,Cryptophyta,4.6055446,2.4026058
2023-05-07,3,Cryptophyta,1.0466392,2.4278162
2023-05-08,3,Cryptophyta,0.8512937,2.5366812
2023-05-09,3,Cryptophyta,1.2092457,2.5803843
2023-05-10,3,Cryptophyta,0.48372468,2.461773
2023-05-11,3,Cryptophyta,0.27442262,2.289019
2023-05-12,3,Cryptophyta,0.54694,2.1665943
2023-05-13,3,Cryptophyta,1.3488332,1.9889579
2023-05-14,3,Cryptophyta,1.972228,1.84852
2023-05-15,3,Cryptophyta,1.8265859,1.7518859
2023-05-16,3,Cryptophyta,1.8002838,1.6670243
2023-05-17,3,Cryptophyta,1.6562451,1.6592064
2023-05-18,3,Cryptophyta,2.0616684,1.7321888
2023-05-19,3,Cryptophyta,1.6782538,1.8150858
2023-05-20,3,Cryptophyta,1.5077107,1.8451036
2023-05-21,3,Cryptophyta,1.4706587,1.8876175
2023-05-22,3,Cryptophyta,1.3920453,1.8924022
2023-05-23,3,Cryptophyta,1.6479505,1.8241
2023-05-24,3,Cryptophyta,1.9610981,1.7998036
2023-05-25,3,Cryptophyta,1.7397623,1.785569
2023-05-26,3,Cryptophyta,1.7409996,1.8036816
2023-05-27,3,Cryptophyta,2.1646082,1.814442
2023-05-28,3,Cryptophyta,2.4318943,1.8493999
2023-05-29,3,Cryptophyta,2.874541,1.8847002
2023-05-30,3,Cryptophyta,2.9939795,1.9240596
2023-05-31,3,Cryptophyta,4.768519,1.9881988
2023-06-01,3,Cryptophyta,5.5222354,2.0365486
2023-06-02,3,Cryptophyta,3.4842105,2.0778565
2023-06-03,3,Cryptophyta,5.0643554,2.1655297
2023-06-04,3,Cryptophyta,4.144578,2.271668
2023-06-05,3,Cryptophyta,2.5872154,2.3032894
2023-06-06,3,Cryptophyta,3.6343513,2.266581
2023-06-07,3,Cryptophyta,3.7011142,2.2304265
2023-06-08,3,Cryptophyta,2.9802804,2.190047
2023-06-09,3,Cryptophyta,2.7695792,2.18071
2023-06-10,3,Cryptophyta,1.9076351,2.205264
2023-06-11,3,Cryptophyta,1.9823658,2.3044713
2023-06-12,3,Cryptophyta,2.399869,2.4188664
2023-06-13,3,Cryptophyta,3.1885514,2.444247
2023-06-14,3,Cryptophyta,4.228957,2.386115
2023-06-15,3,Cryptophyta,3.2900848,2.2881074
2023-06-16,3,Cryptophyta,1.8680872,2.1976845
2023-06-17,3,Cryptophyta,2.042923,2.122087
2023-06-18,3,Cryptophyta,2.1622174,2.0895424
2023-06-19,3,Cryptophyta,1.5457335,2.064366
2023-06-20,3,Cryptophyta,1.8699645,2.0389466
2023-06-21,3,Cryptophyta,3.3475523,2.0407856
2023-06-22,3,Cryptophyta,4.0936656,2.0636275
2023-06-23,3,Cryptophyta,5.212351,2.0690086
2023-06-24,3,Cryptophyta,6.072758,2.0792696
2023-06-25,3,Cryptophyta,5.693322,2.1325934
2023-06-26,3,Cryptophyta,5.938072,2.2356348
2023-06-27,3,Cryptophyta,6.255651,2.3818898
2023-06-28,3,Cryptophyta,6.574,2.5137882
2023-06-29,3,Cryptophyta,7.6921687,2.5882146
2023-06-30,3,Cryptophyta,9.32456,2.6431355
2023-07-01,3,Cryptophyta,6.118696,2.7448792
2023-07-02,3,Cryptophyta,5.874047,2.8809276
2023-07-03,3,Cryptophyta,6.4657016,3.0069315
2023-07-04,3,Cryptophyta,9.029866,3.0548759
2023-07-05,3,Cryptophyta,9.039206,3.0977368
2023-07-06,3,Cryptophyta,9.048546,3.097645
2023-07-07,3,Cryptophyta,8.390148,3.1401305
2023-07-08,3,Cryptophyta,8.070246,3.2119236
2023-07-09,3,Cryptophyta,9.251422,3.2415102
2023-07-10,3,Cryptophyta,7.703793,3.2622821
2023-07-11,3,Cryptophyta,5.677761,3.2841299
2023-07-12,3,Cryptophyta,4.203484,3.3378968
2023-07-13,3,Cryptophyta,3.7054465,3.319606
2023-07-14,3,Cryptophyta,2.8924713,3.2385714
2023-07-15,3,Cryptophyta,2.5350773,3.1346498
2023-07-16,3,Cryptophyta,2.1989539,3.0235105
2023-07-17,3,Cryptophyta,2.3571,2.906568
2023-07-18,3,Cryptophyta,2.2635317,2.8135426
2023-07-19,3,Cryptophyta,2.2437925,2.7255669
2023-07-20,3,Cryptophyta,2.896344,2.6717982
2023-07-21,3,Cryptophyta,6.2929935,2.6286185
2023-07-22,3,Cryptophyta,6.738102,2.604858
2023-07-23,3,Cryptophyta,7.183211,2.6016464
2023-07-24,3,Cryptophyta,7.685931,2.6591969
2023-07-25,3,Cryptophyta,8.0122,2.7655516
2023-07-26,3,Cryptophyta,9.50315,2.877635
2023-07-27,3,Cryptophyta,6.242461,3.0151541
2023-07-28,3,Cryptophyta,3.7934585,3.135359
2023-07-29,3,Cryptophyta,3.7060483,3.2176006
2023-07-30,3,Cryptophyta,4.798678,3.1855288
2023-07-31,3,Cryptophyta,5.312769,3.014381
2023-08-01,3,Cryptophyta,4.807978,2.8346004
2023-08-02,3,Cryptophyta,5.1036863,2.7967587
2023-08-03,3,Cryptophyta,7.267846,2.7387114
2023-08-04,3,Cryptophyta,6.624954,2.7378712
2023-08-05,3,Cryptophyta,9.552635,2.8058462
2023-08-06,3,Cryptophyta,9.511289,2.8802729
2023-08-07,3,Cryptophyta,9.469944,2.9248323
2023-08-08,3,Cryptophyta,9.428597,2.9945722
2023-08-09,3,Cryptophyta,7.984899,3.0910668
2023-08-10,3,Cryptophyta,6.058531,3.1283624
2023-08-11,3,Cryptophyta,5.654987,3.1537015
2023-08-12,3,Cryptophyta,5.1433764,3.1969347
2023-08-13,3,Cryptophyta,6.11593,3.131903
2023-08-14,3,Cryptophyta,8.257987,3.0717287
2023-08-15,3,Cryptophyta,7.4124427,2.9725935
2023-08-16,3,Cryptophyta,6.184389,2.9370484
2023-08-17,3,Cryptophyta,2.5512493,2.9315515
2023-08-18,3,Cryptophyta,3.1742585,2.9390275
2023-08-19,3,Cryptophyta,3.7459614,2.877622
2023-08-20,3,Cryptophyta,2.7918842,2.6670535
2023-08-21,3,Cryptophyta,2.5527868,2.4468527
2023-08-22,3,Cryptophyta,2.5006547,2.2801254
2023-08-23,3,Cryptophyta,2.5931542,2.174361
2023-08-24,3,Cryptophyta,2.4038517,2.0449686
2023-08-25,3,Cryptophyta,2.12962,1.9353932
2023-08-26,3,Cryptophyta,2.6475,1.9223775
2023-08-27,3,Cryptophyta,2.5876358,1.8923234
2023-08-28,3,Cryptophyta,2.6450179,1.9091448
2023-08-29,3,Cryptophyta,3.403212,1.9105616
2023-08-30,3,Cryptophyta,2.8871322,1.9719894
2023-08-31,3,Cryptophyta,2.8458216,1.9596946
2023-09-01,3,Cryptophyta,2.9603746,1.9192835
2023-09-02,3,Cryptophyta,2.9794774,1.9374259
2023-09-03,3,Cryptophyta,2.8369246,1.9397354
2023-09-04,3,Cryptophyta,2.7218082,1.9621379
2023-09-05,3,Cryptophyta,2.112845,2.0146792
2023-09-06,3,Cryptophyta,0.04749515,2.057591
2023-09-07,3,Cryptophyta,0.26601022,2.0850189
2023-09-08,3,Cryptophyta,2.5536625,1.9830713
2023-09-09,3,Cryptophyta,2.6093724,1.8586538
2023-09-10,3,Cryptophyta,2.316723,1.7255442
2023-09-11,3,Cryptophyta,1.9911342,1.6785867
2023-09-12,3,Cryptophyta,1.7458469,1.7327332
2023-09-13,3,Cryptophyta,1.8351148,1.8702077
2023-09-14,3,Cryptophyta,2.1095014,1.9857565
2023-09-15,3,Cryptophyta,2.5304284,2.0934591
2023-09-16,3,Cryptophyta,2.2723098,2.105776
2023-09-17,3,Cryptophyta,1.7500002,2.0955327
2023-09-18,3,Cryptophyta,2.5075011,2.1267216
2023-09-19,3,Cryptophyta,3.096033,2.1602643
2023-09-20,3,Cryptophyta,4.1011615,2.202677
2023-09-21,3,Cryptophyta,4.6832166,2.2381952
2023-09-22,3,Cryptophyta,3.7967741,2.2537353
2023-09-23,3,Cryptophyta,4.1924467,2.3139973
2023-09-24,3,Cryptophyta,4.0289173,2.3400626
2023-09-25,3,Cryptophyta,2.756178,2.3616655
2023-09-26,3,Cryptophyta,4.132515,2.3986447
2023-09-27,3,Cryptophyta,3.435256,2.3938215
2023-09-28,3,Cryptophyta,3.4994173,2.3593705
2023-09-29,3,Cryptophyta,3.4379761,2.380784
2023-09-30,3,Cryptophyta,3.7087204,2.3691757
2023-10-01,3,Cryptophyta,3.5299013,2.3732839
2023-10-02,3,Cryptophyta,2.4059725,2.416445
2023-10-03,3,Cryptophyta,2.6663723,2.4275692
2023-10-04,3,Cryptophyta,2.8094635,2.42806
2023-10-05,3,Cryptophyta,2.406531,2.414549
2023-10-06,3,Cryptophyta,2.0393844,2.4075956
2023-10-07,3,Cryptophyta,1.8184012,2.4131186
2023-10-08,3,Cryptophyta,1.8670961,2.36004
2023-10-09,3,Cryptophyta,2.1665063,2.2563128
2023-10-10,3,Cryptophyta,2.4892564,2.1373892
2023-10-11,3,Cryptophyta,2.2086902,2.0606394
2023-10-12,3,Cryptophyta,1.6117432,2.0197742
2023-10-13,3,Cryptophyta,3.1600454,2.032284
2023-10-14,3,Cryptophyta,5.4156017,2.040304
2023-10-15,3,Cryptophyta,5.559093,2.0763092
2023-10-16,3,Cryptophyta,2.1519644,2.1511683
2023-10-17,3,Cryptophyta,2.2487733,2.269812
2023-10-18,3,Cryptophyta,4.1400843,2.3468664
2023-10-19,3,Cryptophyta,3.5796912,2.3394997
2023-10-20,3,Cryptophyta,4.094905,2.3157768
2023-10-21,3,Cryptophyta,2.643748,2.3444288
2023-10-22,3,Cryptophyta,3.6341314,2.3352747
2023-10-23,3,Cryptophyta,2.7132502,2.3318646
2023-10-24,3,Cryptophyta,4.40684,2.2784505
2023-10-25,3,Cryptophyta,6.3353786,2.2714934
2023-10-26,3,Cryptophyta,5.0694957,2.2644277
2023-10-27,3,Cryptophyta,4.7068067,2.3042035
2023-10-28,3,Cryptophyta,2.4397392,2.3841796
2023-10-29,3,Cryptophyta,2.5866666,2.441504
2023-10-30,3,Cryptophyta,2.3783805,2.4507148
2023-10-31,3,Cryptophyta,3.3042376,2.433371
2023-11-01,3,Cryptophyta,3.6788993,2.407893
2023-11-02,3,Cryptophyta,2.9372442,2.3759136
2023-11-03,3,Cryptophyta,4.0153823,2.3433924
2023-11-04,3,Cryptophyta,2.9691207,2.3586686
2023-11-05,3,Cryptophyta,4.6212864,2.338314
2023-11-06,3,Cryptophyta,5.682647,2.367061
2023-11-07,3,Cryptophyta,4.430414,2.4355152
2023-11-08,3,Cryptophyta,2.5491812,2.5027544
2023-11-09,3,Cryptophyta,2.577175,2.5924985
2023-11-10,3,Cryptophyta,2.1634166,2.622115
2023-11-11,3,Cryptophyta,1.5053525,2.559144
2023-11-12,3,Cryptophyta,1.0600724,2.4861186
2023-11-13,3,Cryptophyta,1.2939341,2.3445034
2023-11-14,3,Cryptophyta,1.9473946,2.2211008
2023-11-15,3,Cryptophyta,1.9738972,2.1184702
2023-11-16,3,Cryptophyta,1.8247457,2.0326529
2023-11-17,3,Cryptophyta,1.657275,2.0430048
2023-11-18,3,Cryptophyta,1.5474409,2.0740602
2023-11-19,3,Cryptophyta,1.0971582,2.0783994
2023-11-20,3,Cryptophyta,1.2624784,2.063051
2023-11-21,3,Cryptophyta,0.9482711,2.0843997
2023-11-22,3,Cryptophyta,1.8767328,2.0458567
2023-11-23,3,Cryptophyta,6.3925285,2.0230472
2023-11-24,3,Cryptophyta,4.2654333,1.9461266
2023-11-25,3,Cryptophyta,2.7321594,1.8711044
2023-11-26,3,Cryptophyta,1.7029,1.9698868
2023-11-27,3,Cryptophyta,1.9832858,2.150607
2023-11-28,3,Cryptophyta,3.521314,2.269089
2023-11-29,3,Cryptophyta,2.7741783,2.2888598
2023-11-30,3,Cryptophyta,6.872362,2.290594
2023-12-01,3,Cryptophyta,3.9785435,2.2791886
2023-12-02,3,Cryptophyta,3.0168524,2.280602
2023-12-03,3,Cryptophyta,3.5640304,2.3427649
2023-12-04,3,Cryptophyta,2.9545367,2.3600688
2023-12-05,3,Cryptophyta,5.5100183,2.3050194
2023-12-06,3,Cryptophyta,6.003167,2.2663257
2023-12-07,3,Cryptophyta,3.810038,2.2550695
2023-12-08,3,Cryptophyta,2.5102015,2.3429396
2023-12-09,3,Cryptophyta,3.9716225,2.428221
2023-12-10,3,Cryptophyta,3.3053324,2.4605007
2023-12-11,3,Cryptophyta,4.866557,2.4002519
2023-12-12,3,Cryptophyta,6.099259,2.3822196
2023-12-13,3,Cryptophyta,5.3320804,2.368583
2023-12-14,3,Cryptophyta,6.7810683,2.406087
2023-12-15,3,Cryptophyta,6.163149,2.5135252
2023-12-16,3,Cryptophyta,5.54523,2.5554254
2023-12-17,3,Cryptophyta,3.1431665,2.6237547
2023-12-18,3,Cryptophyta,3.3976405,2.6479797
2023-12-19,3,Cryptophyta,4.9305954,2.6476858
2023-12-20,3,Cryptophyta,3.6816366,2.5450358
2023-12-21,3,Cryptophyta,3.0250509,2.430099
2023-12-22,3,Cryptophyta,3.5993946,2.3875303
2023-12-23,3,Cryptophyta,3.5110064,2.3192368
2023-12-24,3,Cryptophyta,3.3612518,2.2605333
2023-12-25,3,Cryptophyta,4.143041,2.228355
2023-12-26,3,Cryptophyta,8.3693905,2.2196343
2023-12-27,3,Cryptophyta,7.794155,2.2153482
2023-12-28,3,Cryptophyta,7.2189183,2.2330105
2023-12-29,3,Cryptophyta,4.318471,2.3588629
