date,horizon,target,true_value,pred_value
2020-10-28,1,Cryptophyta,2.931903,1.3251816
2020-10-29,1,Cryptophyta,4.774588,1.9035299
2020-10-30,1,Cryptophyta,6.4135556,2.9618578
2020-10-31,1,Cryptophyta,2.063502,3.817756
2020-11-01,1,Cryptophyta,2.9815042,2.0973275
2020-11-02,1,Cryptophyta,2.4898262,1.7889265
2020-11-03,1,Cryptophyta,1.4050977,1.7572175
2020-11-04,1,Cryptophyta,1.058533,1.3308545
2020-11-05,1,Cryptophyta,0.4326792,1.070366
2020-11-06,1,Cryptophyta,2.0832295,0.7363204
2020-11-07,1,Cryptophyta,4.693758,1.2760139
2020-11-08,1,Cryptophyta,1.0451305,2.7289817
2020-11-09,1,Cryptophyta,0.93248004,1.753732
2020-11-10,1,Cryptophyta,0.7796366,1.0457046
2020-11-11,1,Cryptophyta,0.9081858,0.8753842
2020-11-12,1,Cryptophyta,0.9168905,0.9625993
2020-11-13,1,Cryptophyta,1.4211985,1.0249728
2020-11-14,1,Cryptophyta,2.0446377,1.2916058
2020-11-15,1,Cryptophyta,1.2189211,1.6888795
2020-11-16,1,Cryptophyta,2.869199,1.5953156
2020-11-17,1,Cryptophyta,2.9393878,2.3371842
2020-11-18,1,Cryptophyta,2.1355057,2.661466
2020-11-19,1,Cryptophyta,5.508126,2.2124376
2020-11-20,1,Cryptophyta,2.4160047,2.7645283
2020-11-21,1,Cryptophyta,3.1686294,2.1600838
2020-11-22,1,Cryptophyta,2.8650892,2.0413826
2020-11-23,1,Cryptophyta,1.2395797,2.0886035
2020-11-24,1,Cryptophyta,1.531438,1.3047556
2020-11-25,1,Cryptophyta,1.414658,1.1054828
2020-11-26,1,Cryptophyta,4.4915557,1.0910466
2020-11-27,1,Cryptophyta,1.921042,2.5096319
2020-11-28,1,Cryptophyta,1.37678,2.2310765
2020-11-29,1,Cryptophyta,1.6549928,1.4988459
2020-11-30,1,Cryptophyta,0.13129526,1.407807
2020-12-01,1,Cryptophyta,0.28309917,0.68919146
2020-12-02,1,Cryptophyta,0.8165774,0.5404176
2020-12-03,1,Cryptophyta,0.39298117,0.82717425
2020-12-04,1,Cryptophyta,0.7697974,0.78871906
2020-12-05,1,Cryptophyta,0.27719247,0.92611307
2020-12-06,1,Cryptophyta,0.2930608,0.76158446
2020-12-07,1,Cryptophyta,0.45009413,0.73768264
2020-12-08,1,Cryptophyta,0.70262855,0.8571017
2020-12-09,1,Cryptophyta,1.2964157,1.1104798
2020-12-10,1,Cryptophyta,0.8849384,1.6327271
2020-12-11,1,Cryptophyta,0.4182911,1.5218805
2020-12-12,1,Cryptophyta,1.2485663,1.0568218
2020-12-13,1,Cryptophyta,4.7039027,1.521276
2020-12-14,1,Cryptophyta,0.6753835,3.297196
2020-12-15,1,Cryptophyta,0.16052096,1.59148
2020-12-16,1,Cryptophyta,0.20374095,0.6619508
2020-12-17,1,Cryptophyta,0.33086172,0.5476091
2020-12-18,1,Cryptophyta,0.36293116,0.85108316
2020-12-19,1,Cryptophyta,0.6879812,0.9836789
2020-12-20,1,Cryptophyta,1.0289001,1.1922523
2020-12-21,1,Cryptophyta,1.52769,1.5775957
2020-12-22,1,Cryptophyta,1.4272194,1.8308356
2020-12-23,1,Cryptophyta,3.3130145,1.7688559
2020-12-24,1,Cryptophyta,2.4671543,2.4566538
2020-12-25,1,Cryptophyta,1.2202317,2.5325127
2020-12-26,1,Cryptophyta,1.075974,1.7275199
2020-12-27,1,Cryptophyta,1.2043954,1.4132612
2020-12-28,1,Cryptophyta,5.7440696,1.6618533
2020-12-29,1,Cryptophyta,5.131,3.7100604
2020-12-30,1,Cryptophyta,4.5179305,4.463181
2020-12-31,1,Cryptophyta,5.8423734,3.6021488
2021-01-01,1,Cryptophyta,2.6449928,3.3805718
2021-01-02,1,Cryptophyta,1.2774583,2.1479547
2021-01-03,1,Cryptophyta,1.0863966,1.2151885
2021-01-04,1,Cryptophyta,1.0671253,1.0587202
2021-01-05,1,Cryptophyta,0.94905144,1.1928821
2021-01-06,1,Cryptophyta,1.8335047,1.2669225
2021-01-07,1,Cryptophyta,3.0565534,1.8472317
2021-01-08,1,Cryptophyta,1.30677,2.8654282
2021-01-09,1,Cryptophyta,0.993589,2.005526
2021-01-10,1,Cryptophyta,0.8233068,1.4901394
2021-01-11,1,Cryptophyta,1.050239,1.2196684
2021-01-12,1,Cryptophyta,2.0137553,1.3253915
2021-01-13,1,Cryptophyta,2.547916,2.006736
2021-01-14,1,Cryptophyta,2.8340523,2.622388
2021-01-15,1,Cryptophyta,2.6274946,2.8779483
2021-01-16,1,Cryptophyta,3.0504706,2.7206447
2021-01-17,1,Cryptophyta,3.0277352,2.6916509
2021-01-18,1,Cryptophyta,2.7913675,2.8334916
2021-01-19,1,Cryptophyta,2.3570838,2.8432279
2021-01-20,1,Cryptophyta,3.5750723,2.5515928
2021-01-21,1,Cryptophyta,4.109334,2.886545
2021-01-22,1,Cryptophyta,3.7022157,3.4459152
2021-01-23,1,Cryptophyta,4.783394,3.203117
2021-01-24,1,Cryptophyta,2.2128148,3.3772345
2021-01-25,1,Cryptophyta,3.627907,2.0701487
2021-01-26,1,Cryptophyta,3.7955356,1.960624
2021-01-27,1,Cryptophyta,5.924356,2.6666296
2021-01-28,1,Cryptophyta,3.6009696,3.781537
2021-01-29,1,Cryptophyta,4.706469,3.1600382
2021-01-30,1,Cryptophyta,5.1016426,2.9820557
2021-01-31,1,Cryptophyta,3.963237,3.4282818
2021-02-01,1,Cryptophyta,3.4826646,3.441595
2021-02-02,1,Cryptophyta,3.2203693,3.1414838
2021-02-03,1,Cryptophyta,2.5164735,2.8973308
2021-02-04,1,Cryptophyta,3.3825343,2.2940624
2021-02-05,1,Cryptophyta,3.3017147,2.419352
2021-02-06,1,Cryptophyta,2.9269514,2.6682997
2021-02-07,1,Cryptophyta,2.3131208,2.618166
2021-02-08,1,Cryptophyta,1.9849964,2.4050014
2021-02-09,1,Cryptophyta,3.425029,2.0544066
2021-02-10,1,Cryptophyta,5.069283,2.5433497
2021-02-11,1,Cryptophyta,3.250572,3.3928764
2021-02-12,1,Cryptophyta,2.8851557,3.0620925
2021-02-13,1,Cryptophyta,6.569689,2.6301901
2021-02-14,1,Cryptophyta,5.033589,4.0610595
2021-02-15,1,Cryptophyta,3.6312373,4.1712146
2021-02-16,1,Cryptophyta,4.1591535,3.1532416
2021-02-17,1,Cryptophyta,3.4927206,3.2118485
2021-02-18,1,Cryptophyta,2.1676483,2.8705199
2021-02-19,1,Cryptophyta,2.7191303,2.107811
2021-02-20,1,Cryptophyta,2.3670385,2.0908875
2021-02-21,1,Cryptophyta,2.7633286,2.0819612
2021-02-22,1,Cryptophyta,2.4508183,2.5815198
2021-02-23,1,Cryptophyta,2.3480086,2.635475
2021-02-24,1,Cryptophyta,1.872853,2.4999688
2021-02-25,1,Cryptophyta,3.0860362,2.2793837
2021-02-26,1,Cryptophyta,3.569427,2.731661
2021-02-27,1,Cryptophyta,3.2749453,3.1807325
2021-02-28,1,Cryptophyta,2.9949775,3.140902
2021-03-01,1,Cryptophyta,1.9386367,2.8241408
2021-03-02,1,Cryptophyta,2.0704148,2.070846
2021-03-03,1,Cryptophyta,3.985123,1.7820481
2021-03-04,1,Cryptophyta,2.5256224,2.7761946
2021-03-05,1,Cryptophyta,0.966932,2.524052
2021-03-06,1,Cryptophyta,0.52926195,1.3560896
2021-03-07,1,Cryptophyta,0.5995007,0.75992835
2021-03-08,1,Cryptophyta,0.46934107,0.62648255
2021-03-09,1,Cryptophyta,0.53188133,0.6873484
2021-03-10,1,Cryptophyta,0.67051375,0.8313958
2021-03-11,1,Cryptophyta,1.7803546,0.9858924
2021-03-12,1,Cryptophyta,2.5919247,1.769437
2021-03-13,1,Cryptophyta,6.490051,2.782198
2021-03-14,1,Cryptophyta,3.7538712,4.1010137
2021-03-15,1,Cryptophyta,3.1785095,2.9004152
2021-03-16,1,Cryptophyta,2.4393127,1.9522678
2021-03-17,1,Cryptophyta,1.4057163,1.5981776
2021-03-18,1,Cryptophyta,1.2176338,1.2262721
2021-03-19,1,Cryptophyta,0.5862518,1.0994534
2021-03-20,1,Cryptophyta,0.23516648,0.87159306
2021-03-21,1,Cryptophyta,0.024312591,0.68221706
2021-03-22,1,Cryptophyta,0.20230821,0.43530732
2021-03-23,1,Cryptophyta,0.41667634,0.39647284
2021-03-24,1,Cryptophyta,0.2692962,0.45657706
2021-03-25,1,Cryptophyta,0.32939044,0.42721534
2021-03-26,1,Cryptophyta,0.32711288,0.43153596
2021-03-27,1,Cryptophyta,0.45832005,0.5024602
2021-03-28,1,Cryptophyta,0.7455974,0.7137942
2021-03-29,1,Cryptophyta,2.5559523,1.1081439
2021-03-30,1,Cryptophyta,3.8826284,2.2470493
2021-03-31,1,Cryptophyta,3.3377802,3.2533362
2021-04-01,1,Cryptophyta,1.2241564,2.7539835
2021-04-02,1,Cryptophyta,0.2549022,1.3886218
2021-04-03,1,Cryptophyta,0.23659663,0.6583832
2021-04-04,1,Cryptophyta,0.053678524,0.5645595
2021-04-05,1,Cryptophyta,0.013581768,0.46689388
2021-04-06,1,Cryptophyta,0.05430536,0.41827533
2021-04-07,1,Cryptophyta,0.032896426,0.46106997
2021-04-08,1,Cryptophyta,0.05452243,0.48933804
2021-04-09,1,Cryptophyta,0.111700416,0.5169728
2021-04-10,1,Cryptophyta,0.36037627,0.52305317
2021-04-11,1,Cryptophyta,0.9309045,0.6683219
2021-04-12,1,Cryptophyta,4.4353657,1.036721
2021-04-13,1,Cryptophyta,4.5296745,2.6434894
2021-04-14,1,Cryptophyta,4.7901015,3.4934163
2021-04-15,1,Cryptophyta,4.097689,3.2499914
2021-04-16,1,Cryptophyta,3.4052775,2.8202245
2021-04-17,1,Cryptophyta,6.085865,2.6082804
2021-04-18,1,Cryptophyta,0.7100869,3.4461462
2021-04-19,1,Cryptophyta,0.6453512,1.7187412
2021-04-20,1,Cryptophyta,0.84328747,1.0042526
2021-04-21,1,Cryptophyta,1.7741998,0.9481291
2021-04-22,1,Cryptophyta,3.597625,1.4094073
2021-04-23,1,Cryptophyta,2.9359233,2.5230653
2021-04-24,1,Cryptophyta,3.833693,2.726144
2021-04-25,1,Cryptophyta,4.4633455,2.6283047
2021-04-26,1,Cryptophyta,1.0418307,2.6661775
2021-04-27,1,Cryptophyta,0.21408828,1.417355
2021-04-28,1,Cryptophyta,0.014493498,0.6365215
2021-04-29,1,Cryptophyta,0.039790172,0.33929604
2021-04-30,1,Cryptophyta,0.28643999,0.26354513
2021-05-01,1,Cryptophyta,2.2824168,0.37909332
2021-05-02,1,Cryptophyta,2.6909986,1.4599788
2021-05-03,1,Cryptophyta,2.769449,2.6183248
2021-05-04,1,Cryptophyta,0.42055428,2.7866402
2021-05-05,1,Cryptophyta,1.0409683,1.1603593
2021-05-06,1,Cryptophyta,2.7422197,0.9122213
2021-05-07,1,Cryptophyta,2.4887962,1.6177346
2021-05-08,1,Cryptophyta,4.2748013,2.0968146
2021-05-09,1,Cryptophyta,6.8061724,3.0277119
2021-05-10,1,Cryptophyta,4.8118887,4.019219
2021-05-11,1,Cryptophyta,6.5926557,3.5867383
2021-05-12,1,Cryptophyta,6.2209406,3.598436
2021-05-13,1,Cryptophyta,5.8229237,3.40913
2021-05-14,1,Cryptophyta,1.5781838,3.4524121
2021-05-15,1,Cryptophyta,1.0210347,1.8849101
2021-05-16,1,Cryptophyta,0.43799567,1.1375192
2021-05-17,1,Cryptophyta,0.6316715,0.78517896
2021-05-18,1,Cryptophyta,0.9674602,0.83720624
2021-05-19,1,Cryptophyta,0.525887,1.0589497
2021-05-20,1,Cryptophyta,1.4451882,0.88573915
2021-05-21,1,Cryptophyta,1.1084154,1.1087532
2021-05-22,1,Cryptophyta,1.0994352,1.1735253
2021-05-23,1,Cryptophyta,0.3843736,1.2679151
2021-05-24,1,Cryptophyta,1.8047323,0.9530161
2021-05-25,1,Cryptophyta,0.6530318,1.3971018
2021-05-26,1,Cryptophyta,0.57416064,1.1619116
2021-05-27,1,Cryptophyta,2.3588858,0.99287415
2021-05-28,1,Cryptophyta,3.7486877,1.5715656
2021-05-29,1,Cryptophyta,0.98348767,2.0903113
2021-05-30,1,Cryptophyta,0.11463098,1.3799772
2021-05-31,1,Cryptophyta,0.027501792,0.5910292
2021-06-01,1,Cryptophyta,0.009999991,0.30438188
2021-06-02,1,Cryptophyta,0.009999991,0.21737373
2021-06-03,1,Cryptophyta,0.009999991,0.23965117
2021-06-04,1,Cryptophyta,0.011448221,0.28890672
2021-06-05,1,Cryptophyta,0.009999991,0.33967292
2021-06-06,1,Cryptophyta,0.22102822,0.3884714
2021-06-07,1,Cryptophyta,1.2524167,0.52908957
2021-06-08,1,Cryptophyta,2.9655645,0.9697615
2021-06-09,1,Cryptophyta,0.59876263,1.7427084
2021-06-10,1,Cryptophyta,0.90918237,1.1902635
2021-06-11,1,Cryptophyta,1.1005427,1.1140702
2021-06-12,1,Cryptophyta,2.717328,1.278308
2021-06-13,1,Cryptophyta,6.692701,2.018229
2021-06-14,1,Cryptophyta,3.8272846,3.2126508
2021-06-15,1,Cryptophyta,5.550228,2.9033992
2021-06-16,1,Cryptophyta,7.2731714,3.1494188
2021-06-17,1,Cryptophyta,3.9749167,3.5353541
2021-06-18,1,Cryptophyta,1.4805058,2.695461
2021-06-19,1,Cryptophyta,0.7167053,1.4523132
2021-06-20,1,Cryptophyta,1.0034058,0.9267112
2021-06-21,1,Cryptophyta,0.36990592,1.0357783
2021-06-22,1,Cryptophyta,0.63429683,0.83217704
2021-06-23,1,Cryptophyta,0.8823589,0.83754045
2021-06-24,1,Cryptophyta,0.4316136,0.8900258
2021-06-25,1,Cryptophyta,1.4246527,0.84256107
2021-06-26,1,Cryptophyta,0.8443198,1.1744432
2021-06-27,1,Cryptophyta,5.683697,1.0442549
2021-06-28,1,Cryptophyta,5.1820374,2.310405
2021-06-29,1,Cryptophyta,4.680376,3.036974
2021-06-30,1,Cryptophyta,2.233973,2.9143155
2021-07-01,1,Cryptophyta,2.7452605,1.9505886
2021-07-02,1,Cryptophyta,3.114732,2.0579028
2021-07-03,1,Cryptophyta,4.5960784,2.3188374
2021-07-04,1,Cryptophyta,1.1919392,2.7827442
2021-07-05,1,Cryptophyta,2.188618,1.762519
2021-07-06,1,Cryptophyta,0.89488775,1.661446
2021-07-07,1,Cryptophyta,1.1724837,1.2785379
2021-07-08,1,Cryptophyta,2.041239,1.1953696
2021-07-09,1,Cryptophyta,0.09234785,1.5976735
2021-07-10,1,Cryptophyta,0.11277334,0.8816541
2021-07-11,1,Cryptophyta,0.11111517,0.6354541
2021-07-12,1,Cryptophyta,0.19445011,0.61774576
2021-07-13,1,Cryptophyta,0.14789437,0.7145731
2021-07-14,1,Cryptophyta,2.0088196,0.6937523
2021-07-15,1,Cryptophyta,3.3283792,1.4308602
2021-07-16,1,Cryptophyta,2.9782705,2.1736872
2021-07-17,1,Cryptophyta,3.991751,2.3808358
2021-07-18,1,Cryptophyta,2.4407308,2.5000484
2021-07-19,1,Cryptophyta,1.8509196,1.87923
2021-07-20,1,Cryptophyta,0.30619845,1.3819633
2021-07-21,1,Cryptophyta,0.5183273,0.6803806
2021-07-22,1,Cryptophyta,0.29636496,0.5517684
2021-07-23,1,Cryptophyta,2.2086678,0.6055581
2021-07-24,1,Cryptophyta,2.187364,1.6160216
2021-07-25,1,Cryptophyta,2.1352136,2.0924287
2021-07-26,1,Cryptophyta,1.2728292,1.9628447
2021-07-27,1,Cryptophyta,0.7636324,1.2805464
2021-07-28,1,Cryptophyta,0.08968883,0.83278364
2021-07-29,1,Cryptophyta,0.35649782,0.51512
2021-07-30,1,Cryptophyta,0.28621292,0.63765943
2021-07-31,1,Cryptophyta,0.8985962,0.7449457
2021-08-01,1,Cryptophyta,1.3469175,1.0068408
2021-08-02,1,Cryptophyta,1.7300363,1.2075024
2021-08-03,1,Cryptophyta,0.32100654,1.2355684
2021-08-04,1,Cryptophyta,0.14803037,0.7935594
2021-08-05,1,Cryptophyta,0.009999991,0.42702994
2021-08-06,1,Cryptophyta,0.009999991,0.20739794
2021-08-07,1,Cryptophyta,0.009999991,0.1409026
2021-08-08,1,Cryptophyta,0.009999991,0.1992943
2021-08-09,1,Cryptophyta,0.23199858,0.35210526
2021-08-10,1,Cryptophyta,0.034522396,0.5936612
2021-08-11,1,Cryptophyta,0.045955125,0.5497766
2021-08-12,1,Cryptophyta,0.33081767,0.5639157
2021-08-13,1,Cryptophyta,0.2818487,0.7962667
2021-08-14,1,Cryptophyta,3.3812597,0.6710126
2021-08-15,1,Cryptophyta,4.7306323,1.7888995
2021-08-16,1,Cryptophyta,1.2108259,2.9699695
2021-08-17,1,Cryptophyta,0.8421241,1.8595705
2021-08-18,1,Cryptophyta,3.8678281,1.0731888
2021-08-19,1,Cryptophyta,6.1408067,1.8384312
2021-08-20,1,Cryptophyta,4.1655927,3.3023767
2021-08-21,1,Cryptophyta,1.9573146,3.4409704
2021-08-22,1,Cryptophyta,6.7205424,2.1467628
2021-08-23,1,Cryptophyta,6.412621,2.7255785
2021-08-24,1,Cryptophyta,4.911873,3.7615612
2021-08-25,1,Cryptophyta,5.530123,3.1048403
2021-08-26,1,Cryptophyta,4.9580812,2.7764423
2021-08-27,1,Cryptophyta,3.6376522,2.4680364
2021-08-28,1,Cryptophyta,2.0945258,2.162305
2021-08-29,1,Cryptophyta,1.1689283,1.683392
2021-08-30,1,Cryptophyta,0.895105,1.2942363
2021-08-31,1,Cryptophyta,0.98863244,1.0694025
2021-09-01,1,Cryptophyta,0.47985527,1.0637627
2021-09-02,1,Cryptophyta,0.16972502,0.86721295
2021-09-03,1,Cryptophyta,0.16249637,0.5615724
2021-09-04,1,Cryptophyta,0.40104917,0.39414483
2021-09-05,1,Cryptophyta,0.5010926,0.5013944
2021-09-06,1,Cryptophyta,0.21408828,0.6072199
2021-09-07,1,Cryptophyta,0.09729903,0.46402
2021-09-08,1,Cryptophyta,0.18883504,0.32672152
2021-09-09,1,Cryptophyta,0.8836324,0.32316345
2021-09-10,1,Cryptophyta,0.94916064,0.6188353
2021-09-11,1,Cryptophyta,2.8891752,0.7550152
2021-09-12,1,Cryptophyta,3.9723084,1.5073028
2021-09-13,1,Cryptophyta,1.3835337,2.104189
2021-09-14,1,Cryptophyta,0.8942071,1.3238896
2021-09-15,1,Cryptophyta,0.11826209,0.78064114
2021-09-16,1,Cryptophyta,0.03495292,0.47456458
2021-09-17,1,Cryptophyta,0.021180328,0.37807772
2021-09-18,1,Cryptophyta,0.014590886,0.32463148
2021-09-19,1,Cryptophyta,0.027762465,0.31291446
2021-09-20,1,Cryptophyta,0.014923933,0.36010692
2021-09-21,1,Cryptophyta,0.013330923,0.2953461
2021-09-22,1,Cryptophyta,0.02899346,0.15733115
2021-09-23,1,Cryptophyta,0.031630408,0.08874207
2021-09-24,1,Cryptophyta,0.016531473,0.0645888
2021-09-25,1,Cryptophyta,0.025249824,0.04576597
2021-09-26,1,Cryptophyta,0.020209959,0.030412436
2021-09-27,1,Cryptophyta,0.016162232,0.0041120616
2021-09-28,1,Cryptophyta,0.012722697,0.011649843
2021-09-29,1,Cryptophyta,0.014996384,0.0018995821
2021-09-30,1,Cryptophyta,0.027639415,0.008355296
2021-10-01,1,Cryptophyta,0.0215858,0.00886262
2021-10-02,1,Cryptophyta,0.009999991,0.010096949
2021-10-03,1,Cryptophyta,0.04314291,-0.03095167
2021-10-04,1,Cryptophyta,0.06171007,-0.04194664
2021-10-05,1,Cryptophyta,0.08027723,-0.058504798
2021-10-06,1,Cryptophyta,0.09884436,-0.077708766
2021-10-07,1,Cryptophyta,0.11741151,-0.09390753
2021-10-08,1,Cryptophyta,0.13597873,-0.039698742
2021-10-09,1,Cryptophyta,0.15454592,0.04805713
2021-10-10,1,Cryptophyta,0.17311302,0.09192325
2021-10-11,1,Cryptophyta,0.19168025,0.109075725
2021-10-12,1,Cryptophyta,0.08330738,0.16067731
2021-10-13,1,Cryptophyta,0.20564081,0.14131446
2021-10-14,1,Cryptophyta,0.45210716,0.1764676
2021-10-15,1,Cryptophyta,1.9633454,0.25599
2021-10-16,1,Cryptophyta,2.402042,0.7825005
2021-10-17,1,Cryptophyta,0.18239857,1.2432483
2021-10-18,1,Cryptophyta,0.14306079,0.59839636
2021-10-19,1,Cryptophyta,0.1371925,0.33697918
2021-10-20,1,Cryptophyta,0.10953692,0.3303339
2021-10-21,1,Cryptophyta,0.33654124,0.33071077
2021-10-22,1,Cryptophyta,0.09678729,0.44706413
2021-10-23,1,Cryptophyta,0.12801735,0.4369256
2021-10-24,1,Cryptophyta,0.15230823,0.41072804
2021-10-25,1,Cryptophyta,0.3744026,0.39699835
2021-10-26,1,Cryptophyta,0.5011505,0.49987277
2021-10-27,1,Cryptophyta,2.2271852,0.67128104
2021-10-28,1,Cryptophyta,5.092771,1.6274574
2021-10-29,1,Cryptophyta,4.4250436,3.002222
2021-10-30,1,Cryptophyta,1.6537554,2.957882
2021-10-31,1,Cryptophyta,1.1526773,1.5255584
2021-11-01,1,Cryptophyta,0.999602,1.0058056
2021-11-02,1,Cryptophyta,2.287547,0.93429834
2021-11-03,1,Cryptophyta,3.3543994,1.5391259
2021-11-04,1,Cryptophyta,1.814754,2.2540028
2021-11-05,1,Cryptophyta,0.28529662,1.7781365
2021-11-06,1,Cryptophyta,0.8264255,0.7631365
2021-11-07,1,Cryptophyta,1.651774,0.8343546
2021-11-08,1,Cryptophyta,0.8663386,1.4734727
2021-11-09,1,Cryptophyta,0.98232996,1.31553
2021-11-10,1,Cryptophyta,1.3961767,1.1389264
2021-11-11,1,Cryptophyta,0.55808246,1.324675
2021-11-12,1,Cryptophyta,0.2808545,0.94571686
2021-11-13,1,Cryptophyta,0.22812591,0.63048506
2021-11-14,1,Cryptophyta,0.060130253,0.5603899
2021-11-15,1,Cryptophyta,0.064438835,0.45061567
2021-11-16,1,Cryptophyta,0.12549599,0.4131978
2021-11-17,1,Cryptophyta,0.12162303,0.45333567
2021-11-18,1,Cryptophyta,0.13411672,0.49966604
2021-11-19,1,Cryptophyta,0.038276628,0.49098873
2021-11-20,1,Cryptophyta,0.037277333,0.4008623
2021-11-21,1,Cryptophyta,0.14311372,0.41906253
2021-11-22,1,Cryptophyta,0.31098408,0.5821537
2021-11-23,1,Cryptophyta,0.028777102,0.65999025
2021-11-24,1,Cryptophyta,0.11981185,0.3933372
2021-11-25,1,Cryptophyta,0.089210704,0.35332373
2021-11-26,1,Cryptophyta,0.026425505,0.33547997
2021-11-27,1,Cryptophyta,0.080904454,0.290295
2021-11-28,1,Cryptophyta,0.079240225,0.28716245
2021-11-29,1,Cryptophyta,0.13870382,0.3272518
2021-11-30,1,Cryptophyta,0.70564806,0.46298382
2021-12-01,1,Cryptophyta,0.46112964,0.82856613
2021-12-02,1,Cryptophyta,0.56976104,0.6602091
2021-12-03,1,Cryptophyta,0.44613323,0.5896076
2021-12-04,1,Cryptophyta,0.114030406,0.6545877
2021-12-05,1,Cryptophyta,0.13754705,0.5811156
2021-12-06,1,Cryptophyta,0.13356574,0.5330958
2021-12-07,1,Cryptophyta,0.13945727,0.53491354
2021-12-08,1,Cryptophyta,0.18000004,0.53572834
2021-12-09,1,Cryptophyta,0.22572987,0.5538686
2021-12-10,1,Cryptophyta,0.1674964,0.6041317
2021-12-11,1,Cryptophyta,0.536042,0.54701865
2021-12-12,1,Cryptophyta,0.33448946,0.8002741
2021-12-13,1,Cryptophyta,0.8888133,0.76972145
2021-12-14,1,Cryptophyta,1.109754,1.0892656
2021-12-15,1,Cryptophyta,1.157719,1.4825541
2021-12-16,1,Cryptophyta,0.9222013,1.6374989
2021-12-17,1,Cryptophyta,0.2394569,1.4239345
2021-12-18,1,Cryptophyta,0.17299783,0.8523977
2021-12-19,1,Cryptophyta,0.19939901,0.61964107
2021-12-20,1,Cryptophyta,0.0508104,0.57722414
2021-12-21,1,Cryptophyta,0.012547057,0.46453312
2021-12-22,1,Cryptophyta,1.1247612,0.37826207
2021-12-23,1,Cryptophyta,3.3235745,0.78828883
2021-12-24,1,Cryptophyta,5.3787045,2.061069
2021-12-25,1,Cryptophyta,1.9026159,3.2596505
2021-12-26,1,Cryptophyta,1.5518523,2.1188054
2021-12-27,1,Cryptophyta,1.4961421,1.3035442
2021-12-28,1,Cryptophyta,2.0434694,1.1976323
2021-12-29,1,Cryptophyta,1.3157945,1.646169
2021-12-30,1,Cryptophyta,1.7633647,1.608101
2021-12-31,1,Cryptophyta,0.99547976,1.7820985
2022-01-01,1,Cryptophyta,0.90334296,1.4310504
2022-01-02,1,Cryptophyta,0.460246,1.2650096
2022-01-03,1,Cryptophyta,0.49183202,0.9623338
2022-01-04,1,Cryptophyta,0.8021434,0.88915133
2022-01-05,1,Cryptophyta,2.411108,1.1177644
2022-01-06,1,Cryptophyta,1.9298986,2.2163677
2022-01-07,1,Cryptophyta,1.4486893,2.3508897
2022-01-08,1,Cryptophyta,2.254236,1.5727344
2022-01-09,1,Cryptophyta,1.9260247,1.6972959
2022-01-10,1,Cryptophyta,3.8141894,1.796144
2022-01-11,1,Cryptophyta,3.3248262,2.5208082
2022-01-12,1,Cryptophyta,1.8018959,2.546991
2022-01-13,1,Cryptophyta,0.6656151,1.7554909
2022-01-14,1,Cryptophyta,0.16721943,1.0489241
2022-01-15,1,Cryptophyta,0.40709117,0.6184774
2022-01-16,1,Cryptophyta,0.41276413,0.7463566
2022-01-17,1,Cryptophyta,0.12125267,0.9246003
2022-01-18,1,Cryptophyta,0.50808835,0.76978374
2022-01-19,1,Cryptophyta,0.29482982,0.9679229
2022-01-20,1,Cryptophyta,0.28364226,1.0219104
2022-01-21,1,Cryptophyta,0.73514116,0.9825004
2022-01-22,1,Cryptophyta,0.8555467,1.2376695
2022-01-23,1,Cryptophyta,6.0838957,1.3672799
2022-01-24,1,Cryptophyta,2.5067077,3.550835
2022-01-25,1,Cryptophyta,3.2794752,3.372395
2022-01-26,1,Cryptophyta,4.0522428,3.015267
2022-01-27,1,Cryptophyta,7.7161593,2.9634676
2022-01-28,1,Cryptophyta,6.604,3.9224288
2022-01-29,1,Cryptophyta,6.2652764,4.1556764
2022-01-30,1,Cryptophyta,4.679468,3.849129
2022-01-31,1,Cryptophyta,2.0781941,3.3173687
2022-02-01,1,Cryptophyta,1.1183823,2.263679
2022-02-02,1,Cryptophyta,2.0167906,1.5483673
2022-02-03,1,Cryptophyta,1.0336812,1.8385326
2022-02-04,1,Cryptophyta,1.8221382,1.4050664
2022-02-05,1,Cryptophyta,2.1748297,1.5453715
2022-02-06,1,Cryptophyta,0.7498538,1.8622231
2022-02-07,1,Cryptophyta,1.6242288,1.2420317
2022-02-08,1,Cryptophyta,2.812573,1.3492973
2022-02-09,1,Cryptophyta,2.1546009,1.9102944
2022-02-10,1,Cryptophyta,2.7654421,2.199794
2022-02-11,1,Cryptophyta,1.6416949,2.381113
2022-02-12,1,Cryptophyta,3.2547395,1.7414356
2022-02-13,1,Cryptophyta,4.4726844,2.1389713
2022-02-14,1,Cryptophyta,3.2693677,2.867835
2022-02-15,1,Cryptophyta,3.0681496,2.848076
2022-02-16,1,Cryptophyta,3.5129151,2.4886277
2022-02-17,1,Cryptophyta,6.3626266,2.613666
2022-02-18,1,Cryptophyta,5.7419825,3.5677514
2022-02-19,1,Cryptophyta,5.121339,3.3069847
2022-02-20,1,Cryptophyta,1.3447684,2.6060684
2022-02-21,1,Cryptophyta,0.34763938,1.0626949
2022-02-22,1,Cryptophyta,0.11295442,0.46597895
2022-02-23,1,Cryptophyta,0.010837298,0.3127028
2022-02-24,1,Cryptophyta,0.2931932,0.2707305
2022-02-25,1,Cryptophyta,0.3498264,0.37555096
2022-02-26,1,Cryptophyta,0.40645963,0.46911955
2022-02-27,1,Cryptophyta,0.46309286,0.61239094
2022-02-28,1,Cryptophyta,0.23080894,0.7053939
2022-03-01,1,Cryptophyta,0.66084886,0.57195556
2022-03-02,1,Cryptophyta,1.4105,0.7659608
2022-03-03,1,Cryptophyta,2.6836133,1.6964067
2022-03-04,1,Cryptophyta,3.074573,3.066756
2022-03-05,1,Cryptophyta,4.616686,3.415551
2022-03-06,1,Cryptophyta,4.4455137,3.7970188
2022-03-07,1,Cryptophyta,5.2407317,3.7837813
2022-03-08,1,Cryptophyta,3.0426722,3.6949546
2022-03-09,1,Cryptophyta,2.6120565,2.447026
2022-03-10,1,Cryptophyta,3.1026852,2.2025037
2022-03-11,1,Cryptophyta,5.934228,2.978159
2022-03-12,1,Cryptophyta,5.9608407,5.096391
2022-03-13,1,Cryptophyta,8.2981825,5.191481
2022-03-14,1,Cryptophyta,8.111037,5.0881004
2022-03-15,1,Cryptophyta,7.923893,4.8304944
2022-03-16,1,Cryptophyta,7.6927795,4.575561
2022-03-17,1,Cryptophyta,7.4616656,3.9675858
2022-03-18,1,Cryptophyta,7.230552,3.7281218
2022-03-19,1,Cryptophyta,6.9994383,3.6055508
2022-03-20,1,Cryptophyta,6.768325,3.3173666
2022-03-21,1,Cryptophyta,2.956575,3.2251275
2022-03-22,1,Cryptophyta,3.0413914,2.1922984
2022-03-23,1,Cryptophyta,1.2712663,1.8587905
2022-03-24,1,Cryptophyta,0.48071688,1.2102937
2022-03-25,1,Cryptophyta,0.24598116,0.6811976
2022-03-26,1,Cryptophyta,0.17334539,0.38388097
2022-03-27,1,Cryptophyta,0.014066844,0.28723645
2022-03-28,1,Cryptophyta,0.009999991,0.159121
2022-03-29,1,Cryptophyta,0.009999991,0.2198998
2022-03-30,1,Cryptophyta,0.011354405,0.20926961
2022-03-31,1,Cryptophyta,0.011491702,0.22563735
2022-04-01,1,Cryptophyta,0.0132873645,0.34871876
2022-04-02,1,Cryptophyta,0.009999991,0.63726896
2022-04-03,1,Cryptophyta,0.0104561765,0.51859
2022-04-04,1,Cryptophyta,0.058059365,0.41981718
2022-04-05,1,Cryptophyta,0.5978168,0.56811666
2022-04-06,1,Cryptophyta,0.5055185,1.0123869
2022-04-07,1,Cryptophyta,1.6158104,1.2019352
2022-04-08,1,Cryptophyta,3.517357,1.866171
2022-04-09,1,Cryptophyta,3.552728,3.0024188
2022-04-10,1,Cryptophyta,3.648052,3.540534
2022-04-11,1,Cryptophyta,4.8602524,3.820365
2022-04-12,1,Cryptophyta,5.7928276,4.0081506
2022-04-13,1,Cryptophyta,7.0250325,4.438836
2022-04-14,1,Cryptophyta,7.4662733,4.7726083
2022-04-15,1,Cryptophyta,6.0537853,4.780646
2022-04-16,1,Cryptophyta,5.7560816,4.0403247
2022-04-17,1,Cryptophyta,5.326953,3.5277698
2022-04-18,1,Cryptophyta,6.1952877,2.8570616
2022-04-19,1,Cryptophyta,1.519471,3.3015373
2022-04-20,1,Cryptophyta,1.9496597,1.863893
2022-04-21,1,Cryptophyta,2.6454587,1.8922404
2022-04-22,1,Cryptophyta,4.0942683,2.28665
2022-04-23,1,Cryptophyta,5.363492,3.1809905
2022-04-24,1,Cryptophyta,6.632715,3.8250442
2022-04-25,1,Cryptophyta,5.4636426,4.2497263
2022-04-26,1,Cryptophyta,5.049073,3.0245578
2022-04-27,1,Cryptophyta,4.6345043,2.6125278
2022-04-28,1,Cryptophyta,4.219935,2.031939
2022-04-29,1,Cryptophyta,3.26207,2.5363002
2022-04-30,1,Cryptophyta,0.3818768,2.2651503
2022-05-01,1,Cryptophyta,0.3872826,1.062239
2022-05-02,1,Cryptophyta,0.08944931,0.5794134
2022-05-03,1,Cryptophyta,0.25981158,0.32866207
2022-05-04,1,Cryptophyta,1.3497682,0.3237956
2022-05-05,1,Cryptophyta,2.010942,0.91673577
2022-05-06,1,Cryptophyta,4.4939523,1.9567763
2022-05-07,1,Cryptophyta,4.4601665,3.5963416
2022-05-08,1,Cryptophyta,3.5489104,4.0578337
2022-05-09,1,Cryptophyta,2.6376543,2.8023288
2022-05-10,1,Cryptophyta,1.0043664,1.926706
2022-05-11,1,Cryptophyta,0.4831377,0.99663335
2022-05-12,1,Cryptophyta,0.5559877,0.5841694
2022-05-13,1,Cryptophyta,0.073652156,0.5587589
2022-05-14,1,Cryptophyta,0.009999991,0.2759721
2022-05-15,1,Cryptophyta,0.009999991,0.08893281
2022-05-16,1,Cryptophyta,0.009999991,0.008067341
2022-05-17,1,Cryptophyta,0.009999991,0.014475654
2022-05-18,1,Cryptophyta,0.013930398,0.0839438
2022-05-19,1,Cryptophyta,0.032872636,0.1131286
2022-05-20,1,Cryptophyta,0.58060104,0.06839231
2022-05-21,1,Cryptophyta,5.506287,0.27801317
2022-05-22,1,Cryptophyta,1.7813116,1.6702154
2022-05-23,1,Cryptophyta,1.5250723,1.5620883
2022-05-24,1,Cryptophyta,2.5719986,0.9261442
2022-05-25,1,Cryptophyta,0.094826125,1.0299635
2022-05-26,1,Cryptophyta,0.38431472,0.4846587
2022-05-27,1,Cryptophyta,0.016613582,0.24956176
2022-05-28,1,Cryptophyta,0.009999991,0.029703394
2022-05-29,1,Cryptophyta,0.009999991,-0.051948626
2022-05-30,1,Cryptophyta,0.009999991,-0.041133262
2022-05-31,1,Cryptophyta,0.009999991,-0.04879101
2022-06-01,1,Cryptophyta,0.041579302,-0.03708533
2022-06-02,1,Cryptophyta,0.009999991,-0.005502172
2022-06-03,1,Cryptophyta,0.009999991,-0.016852276
2022-06-04,1,Cryptophyta,0.009999991,-0.06750426
2022-06-05,1,Cryptophyta,0.009999991,-0.08131742
2022-06-06,1,Cryptophyta,0.009999991,-0.024922773
2022-06-07,1,Cryptophyta,0.009999991,-0.021622516
2022-06-08,1,Cryptophyta,0.009999991,-0.07895596
2022-06-09,1,Cryptophyta,0.009999991,-0.18516617
2022-06-10,1,Cryptophyta,0.009999991,-0.18892759
2022-06-11,1,Cryptophyta,0.009999991,-0.17354122
2022-06-12,1,Cryptophyta,0.009999991,-0.14313138
2022-06-13,1,Cryptophyta,0.009999991,-0.09915568
2022-06-14,1,Cryptophyta,0.009999991,-0.120983176
2022-06-15,1,Cryptophyta,0.009999991,-0.20788671
2022-06-16,1,Cryptophyta,0.009999991,-0.27784833
2022-06-17,1,Cryptophyta,0.0147973765,-0.24577923
2022-06-18,1,Cryptophyta,0.073159404,-0.1358273
2022-06-19,1,Cryptophyta,0.06849167,-0.002328999
2022-06-20,1,Cryptophyta,0.14291817,0.09088557
2022-06-21,1,Cryptophyta,0.20932655,0.13364737
2022-06-22,1,Cryptophyta,0.23238957,0.1634657
2022-06-23,1,Cryptophyta,0.017235858,0.120873064
2022-06-24,1,Cryptophyta,0.040120743,-0.07552684
2022-06-25,1,Cryptophyta,0.2839175,-0.09800271
2022-06-26,1,Cryptophyta,0.035959456,0.12080411
2022-06-27,1,Cryptophyta,0.06081824,0.0753802
2022-06-28,1,Cryptophyta,0.27052093,0.074380785
2022-06-29,1,Cryptophyta,0.012525414,0.1708302
2022-06-30,1,Cryptophyta,0.6139971,0.074594356
2022-07-01,1,Cryptophyta,0.59884864,0.20476481
2022-07-02,1,Cryptophyta,0.026125995,0.31557485
2022-07-03,1,Cryptophyta,0.010289456,0.151544
2022-07-04,1,Cryptophyta,0.009999991,0.04039299
2022-07-05,1,Cryptophyta,0.009999991,-0.01680753
2022-07-06,1,Cryptophyta,0.009999991,-0.033039756
2022-07-07,1,Cryptophyta,0.009999991,-0.020019839
2022-07-08,1,Cryptophyta,0.02234078,-0.015192148
2022-07-09,1,Cryptophyta,0.10539345,0.0029980915
2022-07-10,1,Cryptophyta,0.24793312,0.046268843
2022-07-11,1,Cryptophyta,0.51225203,0.18007125
2022-07-12,1,Cryptophyta,0.3178261,0.29726735
2022-07-13,1,Cryptophyta,0.12300002,0.2876834
2022-07-14,1,Cryptophyta,1.7812928,0.222512
2022-07-15,1,Cryptophyta,4.1484494,0.59855086
2022-07-16,1,Cryptophyta,0.7352533,1.3847033
2022-07-17,1,Cryptophyta,0.92751086,0.9679871
2022-07-18,1,Cryptophyta,0.22509077,0.6541318
2022-07-19,1,Cryptophyta,0.020543884,0.4002775
2022-07-20,1,Cryptophyta,0.043882452,0.2245457
2022-07-21,1,Cryptophyta,0.011791171,0.14691748
2022-07-22,1,Cryptophyta,0.010043729,0.03243076
2022-07-23,1,Cryptophyta,0.012169442,-0.090014055
2022-07-24,1,Cryptophyta,0.40781432,-0.117333815
2022-07-25,1,Cryptophyta,0.016661854,0.047339994
2022-07-26,1,Cryptophyta,0.022054957,-0.03707257
2022-07-27,1,Cryptophyta,0.020608686,-0.103278995
2022-07-28,1,Cryptophyta,0.010642375,-0.1374505
2022-07-29,1,Cryptophyta,0.07021444,-0.14821267
2022-07-30,1,Cryptophyta,0.103735305,-0.103930816
2022-07-31,1,Cryptophyta,0.1372561,-0.070727445
2022-08-01,1,Cryptophyta,0.17077692,-0.022954423
2022-08-02,1,Cryptophyta,0.20429775,0.0782328
2022-08-03,1,Cryptophyta,0.2378185,0.14902343
2022-08-04,1,Cryptophyta,0.27133936,0.1633119
2022-08-05,1,Cryptophyta,0.30486017,0.1375012
2022-08-06,1,Cryptophyta,0.33838093,0.1197789
2022-08-07,1,Cryptophyta,0.37190175,0.15629734
2022-08-08,1,Cryptophyta,0.40542254,0.22396429
2022-08-09,1,Cryptophyta,0.43894336,0.2644584
2022-08-10,1,Cryptophyta,0.47246417,0.30195227
2022-08-11,1,Cryptophyta,0.505985,0.33540872
2022-08-12,1,Cryptophyta,0.5395058,0.42255995
2022-08-13,1,Cryptophyta,0.5730266,0.435946
2022-08-14,1,Cryptophyta,0.6065474,0.5727395
2022-08-15,1,Cryptophyta,0.6400682,0.6185038
2022-08-16,1,Cryptophyta,0.67358905,0.6347718
2022-08-17,1,Cryptophyta,0.70710987,0.6783149
2022-08-18,1,Cryptophyta,0.7406306,0.74040747
2022-08-19,1,Cryptophyta,0.77415144,0.74407387
2022-08-20,1,Cryptophyta,0.80767226,0.8015818
2022-08-21,1,Cryptophyta,0.8411931,0.83195764
2022-08-22,1,Cryptophyta,0.87471384,0.82357717
2022-08-23,1,Cryptophyta,0.90823466,0.8845784
2022-08-24,1,Cryptophyta,0.9417555,0.9168235
2022-08-25,1,Cryptophyta,0.97527635,0.8963124
2022-08-26,1,Cryptophyta,1.008797,0.934528
2022-08-27,1,Cryptophyta,1.042318,0.95330715
2022-08-28,1,Cryptophyta,1.0758387,0.9981204
2022-08-29,1,Cryptophyta,1.1093595,1.0692079
2022-08-30,1,Cryptophyta,1.1428803,1.135616
2022-08-31,1,Cryptophyta,1.1764011,1.1828761
2022-09-01,1,Cryptophyta,1.209922,1.230789
2022-09-02,1,Cryptophyta,1.2434428,1.1135311
2022-09-03,1,Cryptophyta,1.2769636,1.1189061
2022-09-04,1,Cryptophyta,1.3104844,1.1450889
2022-09-05,1,Cryptophyta,1.3440052,1.1858203
2022-09-06,1,Cryptophyta,1.377526,1.1740448
2022-09-07,1,Cryptophyta,1.4110469,1.3385816
2022-09-08,1,Cryptophyta,1.4445677,1.3754456
2022-09-09,1,Cryptophyta,1.4780885,1.3414284
2022-09-10,1,Cryptophyta,1.5513841,1.3033007
2022-09-11,1,Cryptophyta,1.6445435,1.3685976
2022-09-12,1,Cryptophyta,1.056165,1.5087746
2022-09-13,1,Cryptophyta,1.3345797,1.31106
2022-09-14,1,Cryptophyta,2.154297,1.3815912
2022-09-15,1,Cryptophyta,1.5098189,1.6183348
2022-09-16,1,Cryptophyta,0.62335265,1.527377
2022-09-17,1,Cryptophyta,0.5262518,0.96229607
2022-09-18,1,Cryptophyta,0.5816812,0.7966814
2022-09-19,1,Cryptophyta,0.26104993,0.812352
2022-09-20,1,Cryptophyta,0.011123174,0.62518156
2022-09-21,1,Cryptophyta,0.051745083,0.34702128
2022-09-22,1,Cryptophyta,0.030354569,0.2537584
2022-09-23,1,Cryptophyta,0.042973924,0.18819897
2022-09-24,1,Cryptophyta,0.13725565,0.13742834
2022-09-25,1,Cryptophyta,0.0662491,0.09899969
2022-09-26,1,Cryptophyta,0.19330437,0.11155574
2022-09-27,1,Cryptophyta,0.1107241,0.06560802
2022-09-28,1,Cryptophyta,1.4748371,0.0139619885
2022-09-29,1,Cryptophyta,1.4093351,0.27673128
2022-09-30,1,Cryptophyta,0.43673825,0.49350834
2022-10-01,1,Cryptophyta,0.009999991,0.33377144
2022-10-02,1,Cryptophyta,0.0148912715,0.056568477
2022-10-03,1,Cryptophyta,0.07116495,-0.04150046
2022-10-04,1,Cryptophyta,0.19286546,-0.023330508
2022-10-05,1,Cryptophyta,0.009999991,-0.020560846
2022-10-06,1,Cryptophyta,0.009999991,-0.07613478
2022-10-07,1,Cryptophyta,0.009999991,-0.117442556
2022-10-08,1,Cryptophyta,0.009999991,-0.113866426
2022-10-09,1,Cryptophyta,0.018630426,-0.034622967
2022-10-10,1,Cryptophyta,0.013161731,0.022793826
2022-10-11,1,Cryptophyta,0.024279546,0.036814764
2022-10-12,1,Cryptophyta,0.15063044,-0.0046177357
2022-10-13,1,Cryptophyta,0.012413051,0.008736421
2022-10-14,1,Cryptophyta,0.010152084,-0.02223506
2022-10-15,1,Cryptophyta,0.010290094,-0.02982008
2022-10-16,1,Cryptophyta,0.01853731,-0.0031517823
2022-10-17,1,Cryptophyta,0.028262116,0.023283876
2022-10-18,1,Cryptophyta,0.010137582,0.03638657
2022-10-19,1,Cryptophyta,0.05505431,0.008983741
2022-10-20,1,Cryptophyta,0.1891751,-0.03153141
2022-10-21,1,Cryptophyta,0.30444208,0.03634014
2022-10-22,1,Cryptophyta,3.1631176,0.060166962
2022-10-23,1,Cryptophyta,0.263108,0.8189983
2022-10-24,1,Cryptophyta,0.21729375,0.474042
2022-10-25,1,Cryptophyta,0.059153363,0.16570574
2022-10-26,1,Cryptophyta,0.059789892,-0.013723564
2022-10-27,1,Cryptophyta,0.047026042,-0.06133991
2022-10-28,1,Cryptophyta,0.107351705,-0.059857834
2022-10-29,1,Cryptophyta,0.0664518,-0.034715634
2022-10-30,1,Cryptophyta,0.05750361,-0.06678583
2022-10-31,1,Cryptophyta,0.066642515,-0.09520776
2022-11-01,1,Cryptophyta,0.09764286,-0.10305397
2022-11-02,1,Cryptophyta,0.11699055,-0.08085477
2022-11-03,1,Cryptophyta,0.17307027,-0.05846648
2022-11-04,1,Cryptophyta,0.085826114,-0.06510258
2022-11-05,1,Cryptophyta,0.06902318,-0.11192948
2022-11-06,1,Cryptophyta,0.055853847,-0.1461764
2022-11-07,1,Cryptophyta,0.1524133,-0.10006046
2022-11-08,1,Cryptophyta,2.7645764,-0.048155013
2022-11-09,1,Cryptophyta,1.2183956,0.7273733
2022-11-10,1,Cryptophyta,0.56341535,0.9849014
2022-11-11,1,Cryptophyta,0.70662564,0.60051656
2022-11-12,1,Cryptophyta,0.9455072,0.4862593
2022-11-13,1,Cryptophyta,0.2735725,0.6668032
2022-11-14,1,Cryptophyta,0.19732274,0.520285
2022-11-15,1,Cryptophyta,0.21539077,0.34608844
2022-11-16,1,Cryptophyta,0.09860967,0.13807447
2022-11-17,1,Cryptophyta,0.08582912,-0.032442987
2022-11-18,1,Cryptophyta,0.05319826,-0.08364065
2022-11-19,1,Cryptophyta,0.24602175,-0.053367086
2022-11-20,1,Cryptophyta,0.22234443,0.055952374
2022-11-21,1,Cryptophyta,0.14946416,0.036266085
2022-11-22,1,Cryptophyta,0.13514844,0.028449161
2022-11-23,1,Cryptophyta,0.32496366,0.016064612
2022-11-24,1,Cryptophyta,0.04255429,0.082712315
2022-11-25,1,Cryptophyta,0.13866036,0.00069295074
2022-11-26,1,Cryptophyta,0.011700435,-0.04820877
2022-11-27,1,Cryptophyta,0.051456515,-0.061239656
2022-11-28,1,Cryptophyta,0.07280031,-0.033378944
2022-11-29,1,Cryptophyta,0.01386674,0.01487158
2022-11-30,1,Cryptophyta,0.13835019,0.06107607
2022-12-01,1,Cryptophyta,0.025166452,0.14115432
2022-12-02,1,Cryptophyta,0.15414065,0.08795907
2022-12-03,1,Cryptophyta,0.16071686,0.088721715
2022-12-04,1,Cryptophyta,0.14975378,0.07487885
2022-12-05,1,Cryptophyta,0.7071791,0.026776124
2022-12-06,1,Cryptophyta,0.8909427,0.17261901
2022-12-07,1,Cryptophyta,1.0464518,0.24822836
2022-12-08,1,Cryptophyta,0.9203116,0.42911458
2022-12-09,1,Cryptophyta,1.654772,0.4938132
2022-12-10,1,Cryptophyta,1.3442216,0.7976834
2022-12-11,1,Cryptophyta,0.2558943,0.8071048
2022-12-12,1,Cryptophyta,0.23369749,0.18876049
2022-12-13,1,Cryptophyta,0.18690802,-0.05683444
2022-12-14,1,Cryptophyta,0.08117475,-0.12252436
2022-12-15,1,Cryptophyta,0.12455794,-0.120922096
2022-12-16,1,Cryptophyta,0.06581464,-0.10352347
2022-12-17,1,Cryptophyta,0.13824038,-0.018702973
2022-12-18,1,Cryptophyta,0.18520641,-0.05210056
2022-12-19,1,Cryptophyta,0.12663768,-0.07437393
2022-12-20,1,Cryptophyta,0.1604924,-0.123239994
2022-12-21,1,Cryptophyta,0.1743573,-0.081099354
2022-12-22,1,Cryptophyta,0.23126812,-0.010625321
2022-12-23,1,Cryptophyta,0.1509928,0.044794735
2022-12-24,1,Cryptophyta,0.1620203,0.034518886
2022-12-25,1,Cryptophyta,0.21839248,0.0064070583
2022-12-26,1,Cryptophyta,0.23416787,0.036270827
2022-12-27,1,Cryptophyta,0.21106365,0.10001714
2022-12-28,1,Cryptophyta,0.19214647,0.063203014
2022-12-29,1,Cryptophyta,0.3410203,0.0491393
2022-12-30,1,Cryptophyta,0.35081884,0.1333593
2022-12-31,1,Cryptophyta,0.49809423,0.24428397
2023-01-01,1,Cryptophyta,0.18109258,0.38950303
2023-01-02,1,Cryptophyta,0.31292963,0.2912669
2023-01-03,1,Cryptophyta,0.07629438,0.29279554
2023-01-04,1,Cryptophyta,3.205677,0.2198771
2023-01-05,1,Cryptophyta,4.054281,1.8757739
2023-01-06,1,Cryptophyta,4.902886,4.0866857
2023-01-07,1,Cryptophyta,5.75149,4.8123436
2023-01-08,1,Cryptophyta,6.600094,4.779564
2023-01-09,1,Cryptophyta,6.476336,4.1520405
2023-01-10,1,Cryptophyta,6.3525777,3.8887737
2023-01-11,1,Cryptophyta,7.391216,3.9685564
2023-01-12,1,Cryptophyta,6.5247107,4.2659593
2023-01-13,1,Cryptophyta,6.205655,4.2168984
2023-01-14,1,Cryptophyta,5.886599,4.1419573
2023-01-15,1,Cryptophyta,3.070391,4.143822
2023-01-16,1,Cryptophyta,3.2330124,2.718482
2023-01-17,1,Cryptophyta,3.5090666,2.399659
2023-01-18,1,Cryptophyta,1.8202682,2.8314593
2023-01-19,1,Cryptophyta,1.4881377,2.302791
2023-01-20,1,Cryptophyta,1.890601,2.000357
2023-01-21,1,Cryptophyta,2.4779377,2.4085138
2023-01-22,1,Cryptophyta,5.5649133,2.8357334
2023-01-23,1,Cryptophyta,6.253169,4.5035043
2023-01-24,1,Cryptophyta,2.7285879,5.251956
2023-01-25,1,Cryptophyta,3.2420566,3.1413863
2023-01-26,1,Cryptophyta,3.3563943,2.4888668
2023-01-27,1,Cryptophyta,3.5607386,2.6410618
2023-01-28,1,Cryptophyta,2.948197,3.1902757
2023-01-29,1,Cryptophyta,2.329044,2.9961474
2023-01-30,1,Cryptophyta,1.9131858,2.6822712
2023-01-31,1,Cryptophyta,4.070152,2.5751898
2023-02-01,1,Cryptophyta,5.226647,3.5156555
2023-02-02,1,Cryptophyta,7.453282,4.743455
2023-02-03,1,Cryptophyta,4.521753,5.358446
2023-02-04,1,Cryptophyta,4.6141877,3.8884497
2023-02-05,1,Cryptophyta,4.706622,3.5235837
2023-02-06,1,Cryptophyta,4.7990575,3.6788654
2023-02-07,1,Cryptophyta,6.802565,3.8920774
2023-02-08,1,Cryptophyta,5.860838,4.306193
2023-02-09,1,Cryptophyta,4.919111,3.9896226
2023-02-10,1,Cryptophyta,4.0689564,3.4955316
2023-02-11,1,Cryptophyta,5.0742173,2.5220463
2023-02-12,1,Cryptophyta,3.9877925,2.8094873
2023-02-13,1,Cryptophyta,3.0906606,2.5669856
2023-02-14,1,Cryptophyta,4.7804313,2.3648877
2023-02-15,1,Cryptophyta,3.154463,2.545161
2023-02-16,1,Cryptophyta,2.5376039,2.2357194
2023-02-17,1,Cryptophyta,2.6187308,1.9646364
2023-02-18,1,Cryptophyta,3.3592136,1.9657915
2023-02-19,1,Cryptophyta,2.9372036,2.332155
2023-02-20,1,Cryptophyta,2.8396633,2.4610977
2023-02-21,1,Cryptophyta,2.0213537,2.4138813
2023-02-22,1,Cryptophyta,1.5460931,1.9907321
2023-02-23,1,Cryptophyta,3.0472844,1.5585598
2023-02-24,1,Cryptophyta,2.540876,1.9457707
2023-02-25,1,Cryptophyta,1.6696993,2.1436055
2023-02-26,1,Cryptophyta,1.8506247,1.8051826
2023-02-27,1,Cryptophyta,2.4273033,1.5927219
2023-02-28,1,Cryptophyta,4.0576186,1.794545
2023-03-01,1,Cryptophyta,3.1774063,2.686821
2023-03-02,1,Cryptophyta,1.9276384,2.8937883
2023-03-03,1,Cryptophyta,1.4349824,2.3341656
2023-03-04,1,Cryptophyta,1.4693632,1.8208076
2023-03-05,1,Cryptophyta,1.3964868,1.6338725
2023-03-06,1,Cryptophyta,1.3642833,1.5520396
2023-03-07,1,Cryptophyta,2.018636,1.4827195
2023-03-08,1,Cryptophyta,2.042899,1.7058448
2023-03-09,1,Cryptophyta,1.9240745,1.9179524
2023-03-10,1,Cryptophyta,1.8107322,1.9962884
2023-03-11,1,Cryptophyta,1.7866005,1.9916327
2023-03-12,1,Cryptophyta,1.9636885,1.968331
2023-03-13,1,Cryptophyta,1.6649137,2.067325
2023-03-14,1,Cryptophyta,1.6280838,1.9478481
2023-03-15,1,Cryptophyta,1.6098557,1.8423727
2023-03-16,1,Cryptophyta,1.5768707,1.879626
2023-03-17,1,Cryptophyta,2.1391935,1.9586058
2023-03-18,1,Cryptophyta,2.3038106,2.0467212
2023-03-19,1,Cryptophyta,1.9287786,2.2516594
2023-03-20,1,Cryptophyta,1.5824027,2.2020721
2023-03-21,1,Cryptophyta,1.5820714,2.130333
2023-03-22,1,Cryptophyta,1.3658339,1.9249569
2023-03-23,1,Cryptophyta,2.0884864,1.8375448
2023-03-24,1,Cryptophyta,3.786341,2.4596663
2023-03-25,1,Cryptophyta,2.1906228,3.0184715
2023-03-26,1,Cryptophyta,2.1829119,1.5981218
2023-03-27,1,Cryptophyta,2.6158876,1.1711802
2023-03-28,1,Cryptophyta,2.740476,1.1476833
2023-03-29,1,Cryptophyta,2.5346584,1.4640667
2023-03-30,1,Cryptophyta,2.3052733,1.7220138
2023-03-31,1,Cryptophyta,2.1105404,1.6310333
2023-04-01,1,Cryptophyta,1.7814717,1.4759247
2023-04-02,1,Cryptophyta,1.6399796,1.535425
2023-04-03,1,Cryptophyta,1.7084769,1.5302528
2023-04-04,1,Cryptophyta,1.6054392,1.6898843
2023-04-05,1,Cryptophyta,1.1882055,1.3479563
2023-04-06,1,Cryptophyta,0.2286157,1.0788871
2023-04-07,1,Cryptophyta,1.8078315,0.62032485
2023-04-08,1,Cryptophyta,2.489018,0.854753
2023-04-09,1,Cryptophyta,2.4789941,1.53958
2023-04-10,1,Cryptophyta,2.4197881,1.6704847
2023-04-11,1,Cryptophyta,2.1295638,1.6304818
2023-04-12,1,Cryptophyta,1.8207544,1.4086171
2023-04-13,1,Cryptophyta,1.8472507,1.5022079
2023-04-14,1,Cryptophyta,2.0092578,1.858251
2023-04-15,1,Cryptophyta,2.939332,2.2673595
2023-04-16,1,Cryptophyta,3.1336887,2.5945284
2023-04-17,1,Cryptophyta,5.1471896,2.2427921
2023-04-18,1,Cryptophyta,5.275001,2.9643016
2023-04-19,1,Cryptophyta,3.3519037,3.2967222
2023-04-20,1,Cryptophyta,2.5430167,2.366326
2023-04-21,1,Cryptophyta,2.4620326,1.9183089
2023-04-22,1,Cryptophyta,2.2683303,2.0510428
2023-04-23,1,Cryptophyta,2.4192183,1.9148985
2023-04-24,1,Cryptophyta,2.5424767,1.8882182
2023-04-25,1,Cryptophyta,3.0996997,1.5238378
2023-04-26,1,Cryptophyta,2.0676734,2.1277661
2023-04-27,1,Cryptophyta,1.418416,2.2509716
2023-04-28,1,Cryptophyta,3.1601994,1.8302306
2023-04-29,1,Cryptophyta,8.067172,2.4379618
2023-04-30,1,Cryptophyta,5.9201818,3.8935108
2023-05-01,1,Cryptophyta,3.7731922,3.9231567
2023-05-02,1,Cryptophyta,5.453592,3.231224
2023-05-03,1,Cryptophyta,3.5497632,4.003599
2023-05-04,1,Cryptophyta,4.6637454,3.9555378
2023-05-05,1,Cryptophyta,7.1205983,4.196014
2023-05-06,1,Cryptophyta,4.6055446,5.1431456
2023-05-07,1,Cryptophyta,1.0466392,4.694346
2023-05-08,1,Cryptophyta,0.8512937,2.315261
2023-05-09,1,Cryptophyta,1.2092457,1.3713061
2023-05-10,1,Cryptophyta,0.48372468,1.4866669
2023-05-11,1,Cryptophyta,0.27442262,1.0741506
2023-05-12,1,Cryptophyta,0.54694,0.82739407
2023-05-13,1,Cryptophyta,1.3488332,0.82215095
2023-05-14,1,Cryptophyta,1.972228,1.0429993
2023-05-15,1,Cryptophyta,1.8265859,1.5172148
2023-05-16,1,Cryptophyta,1.8002838,1.8791565
2023-05-17,1,Cryptophyta,1.6562451,1.9419146
2023-05-18,1,Cryptophyta,2.0616684,1.6463627
2023-05-19,1,Cryptophyta,1.6782538,1.8103735
2023-05-20,1,Cryptophyta,1.5077107,1.6906768
2023-05-21,1,Cryptophyta,1.4706587,1.3664821
2023-05-22,1,Cryptophyta,1.3920453,1.4255115
2023-05-23,1,Cryptophyta,1.6479505,1.3533847
2023-05-24,1,Cryptophyta,1.9610981,1.4600489
2023-05-25,1,Cryptophyta,1.7397623,1.5165247
2023-05-26,1,Cryptophyta,1.7409996,1.5930254
2023-05-27,1,Cryptophyta,2.1646082,1.6232998
2023-05-28,1,Cryptophyta,2.4318943,1.8375615
2023-05-29,1,Cryptophyta,2.874541,2.3096652
2023-05-30,1,Cryptophyta,2.9939795,2.6498842
2023-05-31,1,Cryptophyta,4.768519,2.6471457
2023-06-01,1,Cryptophyta,5.5222354,3.1523213
2023-06-02,1,Cryptophyta,3.4842105,3.5051947
2023-06-03,1,Cryptophyta,5.0643554,2.9302638
2023-06-04,1,Cryptophyta,4.144578,2.6090348
2023-06-05,1,Cryptophyta,2.5872154,2.5752113
2023-06-06,1,Cryptophyta,3.6343513,2.2893429
2023-06-07,1,Cryptophyta,3.7011142,2.5168064
2023-06-08,1,Cryptophyta,2.9802804,2.8415434
2023-06-09,1,Cryptophyta,2.7695792,3.0217407
2023-06-10,1,Cryptophyta,1.9076351,2.817374
2023-06-11,1,Cryptophyta,1.9823658,2.1906586
2023-06-12,1,Cryptophyta,2.399869,1.8354952
2023-06-13,1,Cryptophyta,3.1885514,1.8000755
2023-06-14,1,Cryptophyta,4.228957,1.9975415
2023-06-15,1,Cryptophyta,3.2900848,2.1534789
2023-06-16,1,Cryptophyta,1.8680872,2.3051486
2023-06-17,1,Cryptophyta,2.042923,1.9520407
2023-06-18,1,Cryptophyta,2.1622174,1.79583
2023-06-19,1,Cryptophyta,1.5457335,2.0382636
2023-06-20,1,Cryptophyta,1.8699645,2.0416627
2023-06-21,1,Cryptophyta,3.3475523,2.184239
2023-06-22,1,Cryptophyta,4.0936656,2.8812368
2023-06-23,1,Cryptophyta,5.212351,3.5332043
2023-06-24,1,Cryptophyta,6.072758,3.7925723
2023-06-25,1,Cryptophyta,5.693322,4.1510587
2023-06-26,1,Cryptophyta,5.938072,4.254711
2023-06-27,1,Cryptophyta,6.255651,3.9144084
2023-06-28,1,Cryptophyta,6.574,3.9828873
2023-06-29,1,Cryptophyta,7.6921687,4.9690685
2023-06-30,1,Cryptophyta,9.32456,5.628061
2023-07-01,1,Cryptophyta,6.118696,5.7302647
2023-07-02,1,Cryptophyta,5.874047,5.2633805
2023-07-03,1,Cryptophyta,6.4657016,4.7872467
2023-07-04,1,Cryptophyta,9.029866,4.736994
2023-07-05,1,Cryptophyta,9.039206,5.4096923
2023-07-06,1,Cryptophyta,9.048546,5.973192
2023-07-07,1,Cryptophyta,8.390148,5.9148355
2023-07-08,1,Cryptophyta,8.070246,5.975039
2023-07-09,1,Cryptophyta,9.251422,5.8744755
2023-07-10,1,Cryptophyta,7.703793,6.132035
2023-07-11,1,Cryptophyta,5.677761,5.644587
2023-07-12,1,Cryptophyta,4.203484,4.9851527
2023-07-13,1,Cryptophyta,3.7054465,4.458679
2023-07-14,1,Cryptophyta,2.8924713,4.023034
2023-07-15,1,Cryptophyta,2.5350773,3.688422
2023-07-16,1,Cryptophyta,2.1989539,3.3559582
2023-07-17,1,Cryptophyta,2.3571,2.8965857
2023-07-18,1,Cryptophyta,2.2635317,2.852054
2023-07-19,1,Cryptophyta,2.2437925,2.8113697
2023-07-20,1,Cryptophyta,2.896344,2.9257834
2023-07-21,1,Cryptophyta,6.2929935,3.2986739
2023-07-22,1,Cryptophyta,6.738102,4.1610503
2023-07-23,1,Cryptophyta,7.183211,5.007634
2023-07-24,1,Cryptophyta,7.685931,5.3892746
2023-07-25,1,Cryptophyta,8.0122,5.727363
2023-07-26,1,Cryptophyta,9.50315,5.913477
2023-07-27,1,Cryptophyta,6.242461,5.727699
2023-07-28,1,Cryptophyta,3.7934585,5.1213927
2023-07-29,1,Cryptophyta,3.7060483,3.695752
2023-07-30,1,Cryptophyta,4.798678,3.1793556
2023-07-31,1,Cryptophyta,5.312769,3.5705407
2023-08-01,1,Cryptophyta,4.807978,3.5738192
2023-08-02,1,Cryptophyta,5.1036863,4.339485
2023-08-03,1,Cryptophyta,7.267846,5.1638417
2023-08-04,1,Cryptophyta,6.624954,5.5920625
2023-08-05,1,Cryptophyta,9.552635,5.6298347
2023-08-06,1,Cryptophyta,9.511289,5.823497
2023-08-07,1,Cryptophyta,9.469944,6.031824
2023-08-08,1,Cryptophyta,9.428597,5.4850206
2023-08-09,1,Cryptophyta,7.984899,5.566423
2023-08-10,1,Cryptophyta,6.058531,6.246808
2023-08-11,1,Cryptophyta,5.654987,5.1222157
2023-08-12,1,Cryptophyta,5.1433764,4.788002
2023-08-13,1,Cryptophyta,6.11593,4.2228937
2023-08-14,1,Cryptophyta,8.257987,4.619024
2023-08-15,1,Cryptophyta,7.4124427,5.1349554
2023-08-16,1,Cryptophyta,6.184389,5.409481
2023-08-17,1,Cryptophyta,2.5512493,4.5087514
2023-08-18,1,Cryptophyta,3.1742585,2.7078881
2023-08-19,1,Cryptophyta,3.7459614,1.9650018
2023-08-20,1,Cryptophyta,2.7918842,2.0044923
2023-08-21,1,Cryptophyta,2.5527868,2.1968048
2023-08-22,1,Cryptophyta,2.5006547,1.9019374
2023-08-23,1,Cryptophyta,2.5931542,1.7018298
2023-08-24,1,Cryptophyta,2.4038517,1.976081
2023-08-25,1,Cryptophyta,2.12962,1.9870155
2023-08-26,1,Cryptophyta,2.6475,2.028808
2023-08-27,1,Cryptophyta,2.5876358,1.9436634
2023-08-28,1,Cryptophyta,2.6450179,2.1886096
2023-08-29,1,Cryptophyta,3.403212,1.9479667
2023-08-30,1,Cryptophyta,2.8871322,2.0804482
2023-08-31,1,Cryptophyta,2.8458216,2.4645195
2023-09-01,1,Cryptophyta,2.9603746,2.3302925
2023-09-02,1,Cryptophyta,2.9794774,2.3370292
2023-09-03,1,Cryptophyta,2.8369246,2.4930582
2023-09-04,1,Cryptophyta,2.7218082,2.4261694
2023-09-05,1,Cryptophyta,2.112845,2.256584
2023-09-06,1,Cryptophyta,0.04749515,1.6655266
2023-09-07,1,Cryptophyta,0.26601022,1.0441264
2023-09-08,1,Cryptophyta,2.5536625,0.81810784
2023-09-09,1,Cryptophyta,2.6093724,1.4373964
2023-09-10,1,Cryptophyta,2.316723,2.093037
2023-09-11,1,Cryptophyta,1.9911342,2.3762143
2023-09-12,1,Cryptophyta,1.7458469,2.3061748
2023-09-13,1,Cryptophyta,1.8351148,2.1559153
2023-09-14,1,Cryptophyta,2.1095014,2.0101786
2023-09-15,1,Cryptophyta,2.5304284,2.1970425
2023-09-16,1,Cryptophyta,2.2723098,2.813334
2023-09-17,1,Cryptophyta,1.7500002,2.9271562
2023-09-18,1,Cryptophyta,2.5075011,2.5195215
2023-09-19,1,Cryptophyta,3.096033,2.6412423
2023-09-20,1,Cryptophyta,4.1011615,2.96483
2023-09-21,1,Cryptophyta,4.6832166,3.6780467
2023-09-22,1,Cryptophyta,3.7967741,3.916921
2023-09-23,1,Cryptophyta,4.1924467,3.682603
2023-09-24,1,Cryptophyta,4.0289173,3.7589011
2023-09-25,1,Cryptophyta,2.756178,3.6062524
2023-09-26,1,Cryptophyta,4.132515,3.062593
2023-09-27,1,Cryptophyta,3.435256,3.3074653
2023-09-28,1,Cryptophyta,3.4994173,3.2225783
2023-09-29,1,Cryptophyta,3.4379761,3.1589015
2023-09-30,1,Cryptophyta,3.7087204,3.3439023
2023-10-01,1,Cryptophyta,3.5299013,3.2462218
2023-10-02,1,Cryptophyta,2.4059725,3.1309092
2023-10-03,1,Cryptophyta,2.6663723,2.7931662
2023-10-04,1,Cryptophyta,2.8094635,2.3335764
2023-10-05,1,Cryptophyta,2.406531,2.3411424
2023-10-06,1,Cryptophyta,2.0393844,2.276624
2023-10-07,1,Cryptophyta,1.8184012,1.9665034
2023-10-08,1,Cryptophyta,1.8670961,1.6710768
2023-10-09,1,Cryptophyta,2.1665063,1.6941475
2023-10-10,1,Cryptophyta,2.4892564,1.9501365
2023-10-11,1,Cryptophyta,2.2086902,2.271692
2023-10-12,1,Cryptophyta,1.6117432,2.270432
2023-10-13,1,Cryptophyta,3.1600454,2.1674302
2023-10-14,1,Cryptophyta,5.4156017,2.6715765
2023-10-15,1,Cryptophyta,5.559093,3.627594
2023-10-16,1,Cryptophyta,2.1519644,3.9252038
2023-10-17,1,Cryptophyta,2.2487733,2.807065
2023-10-18,1,Cryptophyta,4.1400843,2.2927177
2023-10-19,1,Cryptophyta,3.5796912,2.4813476
2023-10-20,1,Cryptophyta,4.094905,2.4612079
2023-10-21,1,Cryptophyta,2.643748,2.6976306
2023-10-22,1,Cryptophyta,3.6341314,2.3157465
2023-10-23,1,Cryptophyta,2.7132502,2.6347544
2023-10-24,1,Cryptophyta,4.40684,2.5735135
2023-10-25,1,Cryptophyta,6.3353786,2.91526
2023-10-26,1,Cryptophyta,5.0694957,3.3465307
2023-10-27,1,Cryptophyta,4.7068067,3.3572829
2023-10-28,1,Cryptophyta,2.4397392,3.1398458
2023-10-29,1,Cryptophyta,2.5866666,2.6444318
2023-10-30,1,Cryptophyta,2.3783805,2.4415097
2023-10-31,1,Cryptophyta,3.3042376,2.309801
2023-11-01,1,Cryptophyta,3.6788993,2.3882363
2023-11-02,1,Cryptophyta,2.9372442,2.5271492
2023-11-03,1,Cryptophyta,4.0153823,2.3361182
2023-11-04,1,Cryptophyta,2.9691207,2.7059608
2023-11-05,1,Cryptophyta,4.6212864,2.8237305
2023-11-06,1,Cryptophyta,5.682647,3.16043
2023-11-07,1,Cryptophyta,4.430414,3.82189
2023-11-08,1,Cryptophyta,2.5491812,3.6784375
2023-11-09,1,Cryptophyta,2.577175,2.946991
2023-11-10,1,Cryptophyta,2.1634166,2.5579476
2023-11-11,1,Cryptophyta,1.5053525,2.0308526
2023-11-12,1,Cryptophyta,1.0600724,1.7585037
2023-11-13,1,Cryptophyta,1.2939341,1.5036675
2023-11-14,1,Cryptophyta,1.9473946,1.4071018
2023-11-15,1,Cryptophyta,1.9738972,1.7463554
2023-11-16,1,Cryptophyta,1.8247457,1.9826719
2023-11-17,1,Cryptophyta,1.657275,1.9351062
2023-11-18,1,Cryptophyta,1.5474409,1.8065381
2023-11-19,1,Cryptophyta,1.0971582,1.7732445
2023-11-20,1,Cryptophyta,1.2624784,1.4134368
2023-11-21,1,Cryptophyta,0.9482711,1.3407394
2023-11-22,1,Cryptophyta,1.8767328,1.0564288
2023-11-23,1,Cryptophyta,6.3925285,1.1578386
2023-11-24,1,Cryptophyta,4.2654333,2.5879014
2023-11-25,1,Cryptophyta,2.7321594,3.6016762
2023-11-26,1,Cryptophyta,1.7029,3.1381166
2023-11-27,1,Cryptophyta,1.9832858,2.3071105
2023-11-28,1,Cryptophyta,3.521314,2.1668296
2023-11-29,1,Cryptophyta,2.7741783,2.659503
2023-11-30,1,Cryptophyta,6.872362,2.8735614
2023-12-01,1,Cryptophyta,3.9785435,3.3656514
2023-12-02,1,Cryptophyta,3.0168524,2.9751306
2023-12-03,1,Cryptophyta,3.5640304,2.3552036
2023-12-04,1,Cryptophyta,2.9545367,2.4094033
2023-12-05,1,Cryptophyta,5.5100183,2.590385
2023-12-06,1,Cryptophyta,6.003167,3.3118467
2023-12-07,1,Cryptophyta,3.810038,3.5492618
2023-12-08,1,Cryptophyta,2.5102015,3.522658
2023-12-09,1,Cryptophyta,3.9716225,2.7292984
2023-12-10,1,Cryptophyta,3.3053324,2.9801362
2023-12-11,1,Cryptophyta,4.866557,3.003178
2023-12-12,1,Cryptophyta,6.099259,3.5805616
2023-12-13,1,Cryptophyta,5.3320804,4.057166
2023-12-14,1,Cryptophyta,6.7810683,3.7089832
2023-12-15,1,Cryptophyta,6.163149,3.6875997
2023-12-16,1,Cryptophyta,5.54523,3.726395
2023-12-17,1,Cryptophyta,3.1431665,3.8327827
2023-12-18,1,Cryptophyta,3.3976405,2.9980853
2023-12-19,1,Cryptophyta,4.9305954,2.6086016
2023-12-20,1,Cryptophyta,3.6816366,3.0042884
2023-12-21,1,Cryptophyta,3.0250509,2.8952928
2023-12-22,1,Cryptophyta,3.5993946,2.6578207
2023-12-23,1,Cryptophyta,3.5110064,2.6666627
2023-12-24,1,Cryptophyta,3.3612518,2.747747
2023-12-25,1,Cryptophyta,4.143041,2.7450721
2023-12-26,1,Cryptophyta,8.3693905,2.88571
2023-12-27,1,Cryptophyta,7.794155,3.638424
2020-10-29,2,Cryptophyta,4.774588,1.3343501
2020-10-30,2,Cryptophyta,6.4135556,1.7760718
2020-10-31,2,Cryptophyta,2.063502,2.57157
2020-11-01,2,Cryptophyta,2.9815042,3.2440867
2020-11-02,2,Cryptophyta,2.4898262,2.0586586
2020-11-03,2,Cryptophyta,1.4050977,1.7662276
2020-11-04,2,Cryptophyta,1.058533,1.7103176
2020-11-05,2,Cryptophyta,0.4326792,1.3707892
2020-11-06,2,Cryptophyta,2.0832295,1.1496092
2020-11-07,2,Cryptophyta,4.693758,0.8708792
2020-11-08,2,Cryptophyta,1.0451305,1.2958381
2020-11-09,2,Cryptophyta,0.93248004,2.3939307
2020-11-10,2,Cryptophyta,0.7796366,1.7559186
2020-11-11,2,Cryptophyta,0.9081858,1.1734552
2020-11-12,2,Cryptophyta,0.9168905,1.010522
2020-11-13,2,Cryptophyta,1.4211985,1.0771452
2020-11-14,2,Cryptophyta,2.0446377,1.1299163
2020-11-15,2,Cryptophyta,1.2189211,1.3511114
2020-11-16,2,Cryptophyta,2.869199,1.6843814
2020-11-17,2,Cryptophyta,2.9393878,1.6378609
2020-11-18,2,Cryptophyta,2.1355057,2.210789
2020-11-19,2,Cryptophyta,5.508126,2.4706192
2020-11-20,2,Cryptophyta,2.4160047,2.1370945
2020-11-21,2,Cryptophyta,3.1686294,2.51328
2020-11-22,2,Cryptophyta,2.8650892,2.0656948
2020-11-23,2,Cryptophyta,1.2395797,1.9496619
2020-11-24,2,Cryptophyta,1.531438,1.96424
2020-11-25,2,Cryptophyta,1.414658,1.3527445
2020-11-26,2,Cryptophyta,4.4915557,1.1683724
2020-11-27,2,Cryptophyta,1.921042,1.1463401
2020-11-28,2,Cryptophyta,1.37678,2.2007637
2020-11-29,2,Cryptophyta,1.6549928,2.0808558
2020-11-30,2,Cryptophyta,0.13129526,1.5404699
2020-12-01,2,Cryptophyta,0.28309917,1.4515426
2020-12-02,2,Cryptophyta,0.8165774,0.86017954
2020-12-03,2,Cryptophyta,0.39298117,0.72421294
2020-12-04,2,Cryptophyta,0.7697974,0.9726297
2020-12-05,2,Cryptophyta,0.27719247,0.95776844
2020-12-06,2,Cryptophyta,0.2930608,1.0827091
2020-12-07,2,Cryptophyta,0.45009413,0.956477
2020-12-08,2,Cryptophyta,0.70262855,0.94268763
2020-12-09,2,Cryptophyta,1.2964157,1.0545578
2020-12-10,2,Cryptophyta,0.8849384,1.2891878
2020-12-11,2,Cryptophyta,0.4182911,1.7380346
2020-12-12,2,Cryptophyta,1.2485663,1.6820245
2020-12-13,2,Cryptophyta,4.7039027,1.2967975
2020-12-14,2,Cryptophyta,0.6753835,1.6837889
2020-12-15,2,Cryptophyta,0.16052096,3.0679915
2020-12-16,2,Cryptophyta,0.20374095,1.7978574
2020-12-17,2,Cryptophyta,0.33086172,0.9368354
2020-12-18,2,Cryptophyta,0.36293116,0.8177467
2020-12-19,2,Cryptophyta,0.6879812,1.1076564
2020-12-20,2,Cryptophyta,1.0289001,1.2529622
2020-12-21,2,Cryptophyta,1.52769,1.4529873
2020-12-22,2,Cryptophyta,1.4272194,1.7928674
2020-12-23,2,Cryptophyta,3.3130145,2.0178638
2020-12-24,2,Cryptophyta,2.4671543,1.9738948
2020-12-25,2,Cryptophyta,1.2202317,2.5118358
2020-12-26,2,Cryptophyta,1.075974,2.581703
2020-12-27,2,Cryptophyta,1.2043954,1.9128648
2020-12-28,2,Cryptophyta,5.7440696,1.6073642
2020-12-29,2,Cryptophyta,5.131,1.802694
2020-12-30,2,Cryptophyta,4.5179305,3.35869
2020-12-31,2,Cryptophyta,5.8423734,3.9484384
2021-01-01,2,Cryptophyta,2.6449928,3.3779416
2021-01-02,2,Cryptophyta,1.2774583,3.1833394
2021-01-03,2,Cryptophyta,1.0863966,2.213796
2021-01-04,2,Cryptophyta,1.0671253,1.3995454
2021-01-05,2,Cryptophyta,0.94905144,1.2429769
2021-01-06,2,Cryptophyta,1.8335047,1.3684709
2021-01-07,2,Cryptophyta,3.0565534,1.4549253
2021-01-08,2,Cryptophyta,1.30677,1.962391
2021-01-09,2,Cryptophyta,0.993589,2.8274865
2021-01-10,2,Cryptophyta,0.8233068,2.1968932
2021-01-11,2,Cryptophyta,1.050239,1.7421798
2021-01-12,2,Cryptophyta,2.0137553,1.4868499
2021-01-13,2,Cryptophyta,2.547916,1.5786625
2021-01-14,2,Cryptophyta,2.8340523,2.185085
2021-01-15,2,Cryptophyta,2.6274946,2.7422822
2021-01-16,2,Cryptophyta,3.0504706,2.9977925
2021-01-17,2,Cryptophyta,3.0277352,2.8866856
2021-01-18,2,Cryptophyta,2.7913675,2.861293
2021-01-19,2,Cryptophyta,2.3570838,2.9849322
2021-01-20,2,Cryptophyta,3.5750723,3.0121562
2021-01-21,2,Cryptophyta,4.109334,2.7744665
2021-01-22,2,Cryptophyta,3.7022157,3.039194
2021-01-23,2,Cryptophyta,4.783394,3.4777699
2021-01-24,2,Cryptophyta,2.2128148,3.266795
2021-01-25,2,Cryptophyta,3.627907,3.348432
2021-01-26,2,Cryptophyta,3.7955356,2.2456977
2021-01-27,2,Cryptophyta,5.924356,2.0832956
2021-01-28,2,Cryptophyta,3.6009696,2.631068
2021-01-29,2,Cryptophyta,4.706469,3.5134664
2021-01-30,2,Cryptophyta,5.1016426,3.0977063
2021-01-31,2,Cryptophyta,3.963237,2.950275
2021-02-01,2,Cryptophyta,3.4826646,3.298707
2021-02-02,2,Cryptophyta,3.2203693,3.3388119
2021-02-03,2,Cryptophyta,2.5164735,3.1145775
2021-02-04,2,Cryptophyta,3.3825343,2.903241
2021-02-05,2,Cryptophyta,3.3017147,2.3872848
2021-02-06,2,Cryptophyta,2.9269514,2.4579372
2021-02-07,2,Cryptophyta,2.3131208,2.6543663
2021-02-08,2,Cryptophyta,1.9849964,2.6253023
2021-02-09,2,Cryptophyta,3.425029,2.451667
2021-02-10,2,Cryptophyta,5.069283,2.1415122
2021-02-11,2,Cryptophyta,3.250572,2.5096073
2021-02-12,2,Cryptophyta,2.8851557,3.1923199
2021-02-13,2,Cryptophyta,6.569689,3.0035272
2021-02-14,2,Cryptophyta,5.033589,2.664132
2021-02-15,2,Cryptophyta,3.6312373,3.744943
2021-02-16,2,Cryptophyta,4.1591535,3.8845713
2021-02-17,2,Cryptophyta,3.4927206,3.118248
2021-02-18,2,Cryptophyta,2.1676483,3.1177187
2021-02-19,2,Cryptophyta,2.7191303,2.8310423
2021-02-20,2,Cryptophyta,2.3670385,2.1950595
2021-02-21,2,Cryptophyta,2.7633286,2.1455638
2021-02-22,2,Cryptophyta,2.4508183,2.1408937
2021-02-23,2,Cryptophyta,2.3480086,2.561129
2021-02-24,2,Cryptophyta,1.872853,2.6480558
2021-02-25,2,Cryptophyta,3.0860362,2.5678754
2021-02-26,2,Cryptophyta,3.569427,2.3978262
2021-02-27,2,Cryptophyta,3.2749453,2.7766063
2021-02-28,2,Cryptophyta,2.9949775,3.1736174
2021-03-01,2,Cryptophyta,1.9386367,3.1819816
2021-03-02,2,Cryptophyta,2.0704148,2.9325929
2021-03-03,2,Cryptophyta,3.985123,2.274573
2021-03-04,2,Cryptophyta,2.5256224,1.9769908
2021-03-05,2,Cryptophyta,0.966932,2.7724082
2021-03-06,2,Cryptophyta,0.52926195,2.6026473
2021-03-07,2,Cryptophyta,0.5995007,1.5921079
2021-03-08,2,Cryptophyta,0.46934107,1.0122695
2021-03-09,2,Cryptophyta,0.53188133,0.87173945
2021-03-10,2,Cryptophyta,0.67051375,0.92844385
2021-03-11,2,Cryptophyta,1.7803546,1.0630242
2021-03-12,2,Cryptophyta,2.5919247,1.1968255
2021-03-13,2,Cryptophyta,6.490051,1.837064
2021-03-14,2,Cryptophyta,3.7538712,2.6289046
2021-03-15,2,Cryptophyta,3.1785095,3.5882022
2021-03-16,2,Cryptophyta,2.4393127,2.7741034
2021-03-17,2,Cryptophyta,1.4057163,1.9912565
2021-03-18,2,Cryptophyta,1.2176338,1.6569511
2021-03-19,2,Cryptophyta,0.5862518,1.3384112
2021-03-20,2,Cryptophyta,0.23516648,1.2260729
2021-03-21,2,Cryptophyta,0.024312591,1.0370634
2021-03-22,2,Cryptophyta,0.20230821,0.8713163
2021-03-23,2,Cryptophyta,0.41667634,0.6510909
2021-03-24,2,Cryptophyta,0.2692962,0.62281036
2021-03-25,2,Cryptophyta,0.32939044,0.68019223
2021-03-26,2,Cryptophyta,0.32711288,0.6572459
2021-03-27,2,Cryptophyta,0.45832005,0.6601827
2021-03-28,2,Cryptophyta,0.7455974,0.7213586
2021-03-29,2,Cryptophyta,2.5559523,0.89889544
2021-03-30,2,Cryptophyta,3.8826284,1.2111323
2021-03-31,2,Cryptophyta,3.3377802,2.0487945
2021-04-01,2,Cryptophyta,1.2241564,2.7690547
2021-04-02,2,Cryptophyta,0.2549022,2.4635801
2021-04-03,2,Cryptophyta,0.23659663,1.4319229
2021-04-04,2,Cryptophyta,0.053678524,0.79801685
2021-04-05,2,Cryptophyta,0.013581768,0.699935
2021-04-06,2,Cryptophyta,0.05430536,0.62090784
2021-04-07,2,Cryptophyta,0.032896426,0.5875976
2021-04-08,2,Cryptophyta,0.05452243,0.6308101
2021-04-09,2,Cryptophyta,0.111700416,0.65781957
2021-04-10,2,Cryptophyta,0.36037627,0.68582743
2021-04-11,2,Cryptophyta,0.9309045,0.6927762
2021-04-12,2,Cryptophyta,4.4353657,0.8113537
2021-04-13,2,Cryptophyta,4.5296745,1.1038843
2021-04-14,2,Cryptophyta,4.7901015,2.296221
2021-04-15,2,Cryptophyta,4.097689,2.9781876
2021-04-16,2,Cryptophyta,3.4052775,2.888012
2021-04-17,2,Cryptophyta,6.085865,2.6060858
2021-04-18,2,Cryptophyta,0.7100869,2.4613779
2021-04-19,2,Cryptophyta,0.6453512,3.0832248
2021-04-20,2,Cryptophyta,0.84328747,1.7719028
2021-04-21,2,Cryptophyta,1.7741998,1.1206127
2021-04-22,2,Cryptophyta,3.597625,1.031229
2021-04-23,2,Cryptophyta,2.9359233,1.3757149
2021-04-24,2,Cryptophyta,3.833693,2.2062912
2021-04-25,2,Cryptophyta,4.4633455,2.396663
2021-04-26,2,Cryptophyta,1.0418307,2.353893
2021-04-27,2,Cryptophyta,0.21408828,2.3789577
2021-04-28,2,Cryptophyta,0.014493498,1.4406936
2021-04-29,2,Cryptophyta,0.039790172,0.7654796
2021-04-30,2,Cryptophyta,0.28643999,0.49203396
2021-05-01,2,Cryptophyta,2.2824168,0.43170127
2021-05-02,2,Cryptophyta,2.6909986,0.53498805
2021-05-03,2,Cryptophyta,2.769449,1.3846766
2021-05-04,2,Cryptophyta,0.42055428,2.2689204
2021-05-05,2,Cryptophyta,1.0409683,2.4543376
2021-05-06,2,Cryptophyta,2.7422197,1.255178
2021-05-07,2,Cryptophyta,2.4887962,1.0002127
2021-05-08,2,Cryptophyta,4.2748013,1.52643
2021-05-09,2,Cryptophyta,6.8061724,1.9118463
2021-05-10,2,Cryptophyta,4.8118887,2.6243699
2021-05-11,2,Cryptophyta,6.5926557,3.3858397
2021-05-12,2,Cryptophyta,6.2209406,3.191793
2021-05-13,2,Cryptophyta,5.8229237,3.221491
2021-05-14,2,Cryptophyta,1.5781838,3.0627697
2021-05-15,2,Cryptophyta,1.0210347,3.0673518
2021-05-16,2,Cryptophyta,0.43799567,1.8720231
2021-05-17,2,Cryptophyta,0.6316715,1.2058158
2021-05-18,2,Cryptophyta,0.9674602,0.8783208
2021-05-19,2,Cryptophyta,0.525887,0.89753956
2021-05-20,2,Cryptophyta,1.4451882,1.0556448
2021-05-21,2,Cryptophyta,1.1084154,0.9240979
2021-05-22,2,Cryptophyta,1.0994352,1.0865427
2021-05-23,2,Cryptophyta,0.3843736,1.1431235
2021-05-24,2,Cryptophyta,1.8047323,1.2154272
2021-05-25,2,Cryptophyta,0.6530318,0.98269576
2021-05-26,2,Cryptophyta,0.57416064,1.3026716
2021-05-27,2,Cryptophyta,2.3588858,1.1428407
2021-05-28,2,Cryptophyta,3.7486877,1.0142947
2021-05-29,2,Cryptophyta,0.98348767,1.4337708
2021-05-30,2,Cryptophyta,0.11463098,1.816048
2021-05-31,2,Cryptophyta,0.027501792,1.3209081
2021-06-01,2,Cryptophyta,0.009999991,0.70421076
2021-06-02,2,Cryptophyta,0.009999991,0.46433258
2021-06-03,2,Cryptophyta,0.009999991,0.39473006
2021-06-04,2,Cryptophyta,0.011448221,0.42749834
2021-06-05,2,Cryptophyta,0.009999991,0.48921052
2021-06-06,2,Cryptophyta,0.22102822,0.54966104
2021-06-07,2,Cryptophyta,1.2524167,0.611472
2021-06-08,2,Cryptophyta,2.9655645,0.7512784
2021-06-09,2,Cryptophyta,0.59876263,1.1298037
2021-06-10,2,Cryptophyta,0.90918237,1.7483168
2021-06-11,2,Cryptophyta,1.1005427,1.3420874
2021-06-12,2,Cryptophyta,2.717328,1.2749006
2021-06-13,2,Cryptophyta,6.692701,1.4041845
2021-06-14,2,Cryptophyta,3.8272846,1.9751619
2021-06-15,2,Cryptophyta,5.550228,2.8574831
2021-06-16,2,Cryptophyta,7.2731714,2.6616523
2021-06-17,2,Cryptophyta,3.9749167,2.8072038
2021-06-18,2,Cryptophyta,1.4805058,3.0565836
2021-06-19,2,Cryptophyta,0.7167053,2.4525034
2021-06-20,2,Cryptophyta,1.0034058,1.4662014
2021-06-21,2,Cryptophyta,0.36990592,0.99442273
2021-06-22,2,Cryptophyta,0.63429683,1.0547887
2021-06-23,2,Cryptophyta,0.8823589,0.9017784
2021-06-24,2,Cryptophyta,0.4316136,0.91703403
2021-06-25,2,Cryptophyta,1.4246527,0.964461
2021-06-26,2,Cryptophyta,0.8443198,0.9398044
2021-06-27,2,Cryptophyta,5.683697,1.2038426
2021-06-28,2,Cryptophyta,5.1820374,1.1096083
2021-06-29,2,Cryptophyta,4.680376,2.052383
2021-06-30,2,Cryptophyta,2.233973,2.6242495
2021-07-01,2,Cryptophyta,2.7452605,2.5955539
2021-07-02,2,Cryptophyta,3.114732,1.8770154
2021-07-03,2,Cryptophyta,4.5960784,1.9302984
2021-07-04,2,Cryptophyta,1.1919392,2.1127586
2021-07-05,2,Cryptophyta,2.188618,2.4460642
2021-07-06,2,Cryptophyta,0.89488775,1.7069072
2021-07-07,2,Cryptophyta,1.1724837,1.5821611
2021-07-08,2,Cryptophyta,2.041239,1.2612717
2021-07-09,2,Cryptophyta,0.09234785,1.1755413
2021-07-10,2,Cryptophyta,0.11277334,1.467188
2021-07-11,2,Cryptophyta,0.11111517,0.94588333
2021-07-12,2,Cryptophyta,0.19445011,0.7386032
2021-07-13,2,Cryptophyta,0.14789437,0.71844876
2021-07-14,2,Cryptophyta,2.0088196,0.78883064
2021-07-15,2,Cryptophyta,3.3283792,0.77199763
2021-07-16,2,Cryptophyta,2.9782705,1.319819
2021-07-17,2,Cryptophyta,3.991751,1.8728886
2021-07-18,2,Cryptophyta,2.4407308,2.0701964
2021-07-19,2,Cryptophyta,1.8509196,2.2028553
2021-07-20,2,Cryptophyta,0.30619845,1.7872372
2021-07-21,2,Cryptophyta,0.5183273,1.3928621
2021-07-22,2,Cryptophyta,0.29636496,0.806162
2021-07-23,2,Cryptophyta,2.2086678,0.6759957
2021-07-24,2,Cryptophyta,2.187364,0.7134748
2021-07-25,2,Cryptophyta,2.1352136,1.4801824
2021-07-26,2,Cryptophyta,1.2728292,1.8377138
2021-07-27,2,Cryptophyta,0.7636324,1.7611512
2021-07-28,2,Cryptophyta,0.08968883,1.2511262
2021-07-29,2,Cryptophyta,0.35649782,0.88623625
2021-07-30,2,Cryptophyta,0.28621292,0.6289652
2021-07-31,2,Cryptophyta,0.8985962,0.724687
2021-08-01,2,Cryptophyta,1.3469175,0.8164562
2021-08-02,2,Cryptophyta,1.7300363,1.0159438
2021-08-03,2,Cryptophyta,0.32100654,1.1642209
2021-08-04,2,Cryptophyta,0.14803037,1.1873862
2021-08-05,2,Cryptophyta,0.009999991,0.8635058
2021-08-06,2,Cryptophyta,0.009999991,0.571808
2021-08-07,2,Cryptophyta,0.009999991,0.39001775
2021-08-08,2,Cryptophyta,0.009999991,0.3441388
2021-08-09,2,Cryptophyta,0.23199858,0.4135935
2021-08-10,2,Cryptophyta,0.034522396,0.5692679
2021-08-11,2,Cryptophyta,0.045955125,0.7900081
2021-08-12,2,Cryptophyta,0.33081767,0.75974655
2021-08-13,2,Cryptophyta,0.2818487,0.76979846
2021-08-14,2,Cryptophyta,3.3812597,0.9625686
2021-08-15,2,Cryptophyta,4.7306323,0.8542161
2021-08-16,2,Cryptophyta,1.2108259,1.7110332
2021-08-17,2,Cryptophyta,0.8421241,2.5838954
2021-08-18,2,Cryptophyta,3.8678281,1.8120735
2021-08-19,2,Cryptophyta,6.1408067,1.150954
2021-08-20,2,Cryptophyta,4.1655927,1.699644
2021-08-21,2,Cryptophyta,1.9573146,2.7922182
2021-08-22,2,Cryptophyta,6.7205424,3.0109448
2021-08-23,2,Cryptophyta,6.412621,2.1044333
2021-08-24,2,Cryptophyta,4.911873,2.505543
2021-08-25,2,Cryptophyta,5.530123,3.298935
2021-08-26,2,Cryptophyta,4.9580812,2.8847764
2021-08-27,2,Cryptophyta,3.6376522,2.6318808
2021-08-28,2,Cryptophyta,2.0945258,2.3638775
2021-08-29,2,Cryptophyta,1.1689283,2.0859528
2021-08-30,2,Cryptophyta,0.895105,1.6773769
2021-08-31,2,Cryptophyta,0.98863244,1.3404711
2021-09-01,2,Cryptophyta,0.47985527,1.1402856
2021-09-02,2,Cryptophyta,0.16972502,1.1272923
2021-09-03,2,Cryptophyta,0.16249637,0.96898216
2021-09-04,2,Cryptophyta,0.40104917,0.7113285
2021-09-05,2,Cryptophyta,0.5010926,0.56029457
2021-09-06,2,Cryptophyta,0.21408828,0.6399264
2021-09-07,2,Cryptophyta,0.09729903,0.7213653
2021-09-08,2,Cryptophyta,0.18883504,0.60253805
2021-09-09,2,Cryptophyta,0.8836324,0.48304838
2021-09-10,2,Cryptophyta,0.94916064,0.47296035
2021-09-11,2,Cryptophyta,2.8891752,0.7091274
2021-09-12,2,Cryptophyta,3.9723084,0.819888
2021-09-13,2,Cryptophyta,1.3835337,1.3968289
2021-09-14,2,Cryptophyta,0.8942071,1.86726
2021-09-15,2,Cryptophyta,0.11826209,1.3263015
2021-09-16,2,Cryptophyta,0.03495292,0.8774811
2021-09-17,2,Cryptophyta,0.021180328,0.61896
2021-09-18,2,Cryptophyta,0.014590886,0.5409881
2021-09-19,2,Cryptophyta,0.027762465,0.50066674
2021-09-20,2,Cryptophyta,0.014923933,0.500501
2021-09-21,2,Cryptophyta,0.013330923,0.53954923
2021-09-22,2,Cryptophyta,0.02899346,0.47844595
2021-09-23,2,Cryptophyta,0.031630408,0.34923658
2021-09-24,2,Cryptophyta,0.016531473,0.27571186
2021-09-25,2,Cryptophyta,0.025249824,0.24603866
2021-09-26,2,Cryptophyta,0.020209959,0.22442594
2021-09-27,2,Cryptophyta,0.016162232,0.20736404
2021-09-28,2,Cryptophyta,0.012722697,0.181948
2021-09-29,2,Cryptophyta,0.014996384,0.17859732
2021-09-30,2,Cryptophyta,0.027639415,0.16493374
2021-10-01,2,Cryptophyta,0.0215858,0.16740863
2021-10-02,2,Cryptophyta,0.009999991,0.16005394
2021-10-03,2,Cryptophyta,0.04314291,0.15640406
2021-10-04,2,Cryptophyta,0.06171007,0.11409965
2021-10-05,2,Cryptophyta,0.08027723,0.100207
2021-10-06,2,Cryptophyta,0.09884436,0.08265971
2021-10-07,2,Cryptophyta,0.11741151,0.06144849
2021-10-08,2,Cryptophyta,0.13597873,0.048880648
2021-10-09,2,Cryptophyta,0.15454592,0.09575527
2021-10-10,2,Cryptophyta,0.17311302,0.17116188
2021-10-11,2,Cryptophyta,0.19168025,0.2124481
2021-10-12,2,Cryptophyta,0.08330738,0.22557914
2021-10-13,2,Cryptophyta,0.20564081,0.26870516
2021-10-14,2,Cryptophyta,0.45210716,0.25429687
2021-10-15,2,Cryptophyta,1.9633454,0.28021663
2021-10-16,2,Cryptophyta,2.402042,0.34777635
2021-10-17,2,Cryptophyta,0.18239857,0.7538418
2021-10-18,2,Cryptophyta,0.14306079,1.1228468
2021-10-19,2,Cryptophyta,0.1371925,0.6743779
2021-10-20,2,Cryptophyta,0.10953692,0.46207964
2021-10-21,2,Cryptophyta,0.33654124,0.4564999
2021-10-22,2,Cryptophyta,0.09678729,0.4677843
2021-10-23,2,Cryptophyta,0.12801735,0.5752896
2021-10-24,2,Cryptophyta,0.15230823,0.58252513
2021-10-25,2,Cryptophyta,0.3744026,0.5646805
2021-10-26,2,Cryptophyta,0.5011505,0.55376786
2021-10-27,2,Cryptophyta,2.2271852,0.63547295
2021-10-28,2,Cryptophyta,5.092771,0.7718468
2021-10-29,2,Cryptophyta,4.4250436,1.4869032
2021-10-30,2,Cryptophyta,1.6537554,2.4742835
2021-10-31,2,Cryptophyta,1.1526773,2.5334914
2021-11-01,2,Cryptophyta,0.999602,1.5129286
2021-11-02,2,Cryptophyta,2.287547,1.0676388
2021-11-03,2,Cryptophyta,3.3543994,0.9911161
2021-11-04,2,Cryptophyta,1.814754,1.4454243
2021-11-05,2,Cryptophyta,0.28529662,1.9793003
2021-11-06,2,Cryptophyta,0.8264255,1.6805758
2021-11-07,2,Cryptophyta,1.651774,0.8931667
2021-11-08,2,Cryptophyta,0.8663386,0.9309202
2021-11-09,2,Cryptophyta,0.98232996,1.4264634
2021-11-10,2,Cryptophyta,1.3961767,1.3216773
2021-11-11,2,Cryptophyta,0.55808246,1.182775
2021-11-12,2,Cryptophyta,0.2808545,1.3218502
2021-11-13,2,Cryptophyta,0.22812591,1.0348151
2021-11-14,2,Cryptophyta,0.060130253,0.775193
2021-11-15,2,Cryptophyta,0.064438835,0.71330357
2021-11-16,2,Cryptophyta,0.12549599,0.624919
2021-11-17,2,Cryptophyta,0.12162303,0.5966255
2021-11-18,2,Cryptophyta,0.13411672,0.6336806
2021-11-19,2,Cryptophyta,0.038276628,0.6777252
2021-11-20,2,Cryptophyta,0.037277333,0.67385155
2021-11-21,2,Cryptophyta,0.14311372,0.59885144
2021-11-22,2,Cryptophyta,0.31098408,0.61497265
2021-11-23,2,Cryptophyta,0.028777102,0.75185394
2021-11-24,2,Cryptophyta,0.11981185,0.80977947
2021-11-25,2,Cryptophyta,0.089210704,0.5787585
2021-11-26,2,Cryptophyta,0.026425505,0.53422993
2021-11-27,2,Cryptophyta,0.080904454,0.5150953
2021-11-28,2,Cryptophyta,0.079240225,0.47225815
2021-11-29,2,Cryptophyta,0.13870382,0.46426508
2021-11-30,2,Cryptophyta,0.70564806,0.49418935
2021-12-01,2,Cryptophyta,0.46112964,0.6085946
2021-12-02,2,Cryptophyta,0.56976104,0.9025359
2021-12-03,2,Cryptophyta,0.44613323,0.77201813
2021-12-04,2,Cryptophyta,0.114030406,0.71058875
2021-12-05,2,Cryptophyta,0.13754705,0.77163607
2021-12-06,2,Cryptophyta,0.13356574,0.72926813
2021-12-07,2,Cryptophyta,0.13945727,0.69525415
2021-12-08,2,Cryptophyta,0.18000004,0.70155215
2021-12-09,2,Cryptophyta,0.22572987,0.70558864
2021-12-10,2,Cryptophyta,0.1674964,0.7207239
2021-12-11,2,Cryptophyta,0.536042,0.7691984
2021-12-12,2,Cryptophyta,0.33448946,0.72465366
2021-12-13,2,Cryptophyta,0.8888133,0.9390907
2021-12-14,2,Cryptophyta,1.109754,0.9201728
2021-12-15,2,Cryptophyta,1.157719,1.180695
2021-12-16,2,Cryptophyta,0.9222013,1.5029994
2021-12-17,2,Cryptophyta,0.2394569,1.6449244
2021-12-18,2,Cryptophyta,0.17299783,1.4798175
2021-12-19,2,Cryptophyta,0.19939901,0.99913585
2021-12-20,2,Cryptophyta,0.0508104,0.78293324
2021-12-21,2,Cryptophyta,0.012547057,0.73611444
2021-12-22,2,Cryptophyta,1.1247612,0.63906157
2021-12-23,2,Cryptophyta,3.3235745,0.55761886
2021-12-24,2,Cryptophyta,5.3787045,0.88924515
2021-12-25,2,Cryptophyta,1.9026159,1.8901888
2021-12-26,2,Cryptophyta,1.5518523,2.857583
2021-12-27,2,Cryptophyta,1.4961421,2.1164427
2021-12-28,2,Cryptophyta,2.0434694,1.4271336
2021-12-29,2,Cryptophyta,1.3157945,1.3043559
2021-12-30,2,Cryptophyta,1.7633647,1.661088
2021-12-31,2,Cryptophyta,0.99547976,1.6531799
2022-01-01,2,Cryptophyta,0.90334296,1.8033236
2022-01-02,2,Cryptophyta,0.460246,1.5287642
2022-01-03,2,Cryptophyta,0.49183202,1.3820529
2022-01-04,2,Cryptophyta,0.8021434,1.1175623
2022-01-05,2,Cryptophyta,2.411108,1.0363739
2022-01-06,2,Cryptophyta,1.9298986,1.2061524
2022-01-07,2,Cryptophyta,1.4486893,2.0223525
2022-01-08,2,Cryptophyta,2.254236,2.1491067
2022-01-09,2,Cryptophyta,1.9260247,1.5668553
2022-01-10,2,Cryptophyta,3.8141894,1.6362168
2022-01-11,2,Cryptophyta,3.3248262,1.7247422
2022-01-12,2,Cryptophyta,1.8018959,2.296612
2022-01-13,2,Cryptophyta,0.6656151,2.3789568
2022-01-14,2,Cryptophyta,0.16721943,1.8125191
2022-01-15,2,Cryptophyta,0.40709117,1.2216235
2022-01-16,2,Cryptophyta,0.41276413,0.8332546
2022-01-17,2,Cryptophyta,0.12125267,0.9480491
2022-01-18,2,Cryptophyta,0.50808835,1.1205065
2022-01-19,2,Cryptophyta,0.29482982,1.0017165
2022-01-20,2,Cryptophyta,0.28364226,1.1786644
2022-01-21,2,Cryptophyta,0.73514116,1.2375057
2022-01-22,2,Cryptophyta,0.8555467,1.2047994
2022-01-23,2,Cryptophyta,6.0838957,1.4191015
2022-01-24,2,Cryptophyta,2.5067077,1.5275613
2022-01-25,2,Cryptophyta,3.2794752,3.2399733
2022-01-26,2,Cryptophyta,4.0522428,3.2114651
2022-01-27,2,Cryptophyta,7.7161593,2.940942
2022-01-28,2,Cryptophyta,6.604,2.874095
2022-01-29,2,Cryptophyta,6.2652764,3.5935571
2022-01-30,2,Cryptophyta,4.679468,3.8116066
2022-01-31,2,Cryptophyta,2.0781941,3.631247
2022-02-01,2,Cryptophyta,1.1183823,3.2358077
2022-02-02,2,Cryptophyta,2.0167906,2.3792984
2022-02-03,2,Cryptophyta,1.0336812,1.7372364
2022-02-04,2,Cryptophyta,1.8221382,1.963125
2022-02-05,2,Cryptophyta,2.1748297,1.6012328
2022-02-06,2,Cryptophyta,0.7498538,1.708021
2022-02-07,2,Cryptophyta,1.6242288,1.9795471
2022-02-08,2,Cryptophyta,2.812573,1.4616393
2022-02-09,2,Cryptophyta,2.1546009,1.5426799
2022-02-10,2,Cryptophyta,2.7654421,2.0107067
2022-02-11,2,Cryptophyta,1.6416949,2.268943
2022-02-12,2,Cryptophyta,3.2547395,2.4160178
2022-02-13,2,Cryptophyta,4.4726844,1.8719826
2022-02-14,2,Cryptophyta,3.2693677,2.1521842
2022-02-15,2,Cryptophyta,3.0681496,2.7063267
2022-02-16,2,Cryptophyta,3.5129151,2.729436
2022-02-17,2,Cryptophyta,6.3626266,2.4594707
2022-02-18,2,Cryptophyta,5.7419825,2.5407767
2022-02-19,2,Cryptophyta,5.121339,3.2278533
2022-02-20,2,Cryptophyta,1.3447684,3.0264473
2022-02-21,2,Cryptophyta,0.34763938,2.4742122
2022-02-22,2,Cryptophyta,0.11295442,1.1918173
2022-02-23,2,Cryptophyta,0.010837298,0.64114964
2022-02-24,2,Cryptophyta,0.2931932,0.50406873
2022-02-25,2,Cryptophyta,0.3498264,0.4798643
2022-02-26,2,Cryptophyta,0.40645963,0.5907921
2022-02-27,2,Cryptophyta,0.46309286,0.6864052
2022-02-28,2,Cryptophyta,0.23080894,0.8235576
2022-03-01,2,Cryptophyta,0.66084886,0.90854245
2022-03-02,2,Cryptophyta,1.4105,0.78625953
2022-03-03,2,Cryptophyta,2.6836133,0.9385175
2022-03-04,2,Cryptophyta,3.074573,1.7240379
2022-03-05,2,Cryptophyta,4.616686,2.8379958
2022-03-06,2,Cryptophyta,4.4455137,3.204203
2022-03-07,2,Cryptophyta,5.2407317,3.5233371
2022-03-08,2,Cryptophyta,3.0426722,3.5488307
2022-03-09,2,Cryptophyta,2.6120565,3.4999433
2022-03-10,2,Cryptophyta,3.1026852,2.537826
2022-03-11,2,Cryptophyta,5.934228,2.3123817
2022-03-12,2,Cryptophyta,5.9608407,2.9640052
2022-03-13,2,Cryptophyta,8.2981825,4.6430426
2022-03-14,2,Cryptophyta,8.111037,4.7930555
2022-03-15,2,Cryptophyta,7.923893,4.7082233
2022-03-16,2,Cryptophyta,7.6927795,4.472024
2022-03-17,2,Cryptophyta,7.4616656,4.2295523
2022-03-18,2,Cryptophyta,7.230552,3.7149467
2022-03-19,2,Cryptophyta,6.9994383,3.4824471
2022-03-20,2,Cryptophyta,6.768325,3.3493307
2022-03-21,2,Cryptophyta,2.956575,3.1066911
2022-03-22,2,Cryptophyta,3.0413914,3.0148678
2022-03-23,2,Cryptophyta,1.2712663,2.2062953
2022-03-24,2,Cryptophyta,0.48071688,1.9013798
2022-03-25,2,Cryptophyta,0.24598116,1.3526714
2022-03-26,2,Cryptophyta,0.17334539,0.8869382
2022-03-27,2,Cryptophyta,0.014066844,0.6292285
2022-03-28,2,Cryptophyta,0.009999991,0.5493093
2022-03-29,2,Cryptophyta,0.009999991,0.41662097
2022-03-30,2,Cryptophyta,0.011354405,0.47816947
2022-03-31,2,Cryptophyta,0.011491702,0.46052516
2022-04-01,2,Cryptophyta,0.0132873645,0.47000518
2022-04-02,2,Cryptophyta,0.009999991,0.60484016
2022-04-03,2,Cryptophyta,0.0104561765,0.90283686
2022-04-04,2,Cryptophyta,0.058059365,0.82744694
2022-04-05,2,Cryptophyta,0.5978168,0.7449056
2022-04-06,2,Cryptophyta,0.5055185,0.8896331
2022-04-07,2,Cryptophyta,1.6158104,1.3044872
2022-04-08,2,Cryptophyta,3.517357,1.4891765
2022-04-09,2,Cryptophyta,3.552728,2.0686932
2022-04-10,2,Cryptophyta,3.648052,3.0149324
2022-04-11,2,Cryptophyta,4.8602524,3.4835985
2022-04-12,2,Cryptophyta,5.7928276,3.7326822
2022-04-13,2,Cryptophyta,7.0250325,3.85661
2022-04-14,2,Cryptophyta,7.4662733,4.1708245
2022-04-15,2,Cryptophyta,6.0537853,4.3983574
2022-04-16,2,Cryptophyta,5.7560816,4.3648286
2022-04-17,2,Cryptophyta,5.326953,3.7907252
2022-04-18,2,Cryptophyta,6.1952877,3.3671117
2022-04-19,2,Cryptophyta,1.519471,2.8127067
2022-04-20,2,Cryptophyta,1.9496597,3.1733792
2022-04-21,2,Cryptophyta,2.6454587,2.0227523
2022-04-22,2,Cryptophyta,4.0942683,2.0098853
2022-04-23,2,Cryptophyta,5.363492,2.3343945
2022-04-24,2,Cryptophyta,6.632715,3.0712721
2022-04-25,2,Cryptophyta,5.4636426,3.5751457
2022-04-26,2,Cryptophyta,5.049073,3.9143705
2022-04-27,2,Cryptophyta,4.6345043,2.9776144
2022-04-28,2,Cryptophyta,4.219935,2.5789766
2022-04-29,2,Cryptophyta,3.26207,2.0605142
2022-04-30,2,Cryptophyta,0.3818768,2.4342134
2022-05-01,2,Cryptophyta,0.3872826,2.24474
2022-05-02,2,Cryptophyta,0.08944931,1.2607124
2022-05-03,2,Cryptophyta,0.25981158,0.80135167
2022-05-04,2,Cryptophyta,1.3497682,0.5546526
2022-05-05,2,Cryptophyta,2.010942,0.5573014
2022-05-06,2,Cryptophyta,4.4939523,1.091449
2022-05-07,2,Cryptophyta,4.4601665,1.9656413
2022-05-08,2,Cryptophyta,3.5489104,3.2315097
2022-05-09,2,Cryptophyta,2.6376543,3.6384816
2022-05-10,2,Cryptophyta,1.0043664,2.7196763
2022-05-11,2,Cryptophyta,0.4831377,1.9721336
2022-05-12,2,Cryptophyta,0.5559877,1.14983
2022-05-13,2,Cryptophyta,0.073652156,0.7672763
2022-05-14,2,Cryptophyta,0.009999991,0.7478275
2022-05-15,2,Cryptophyta,0.009999991,0.48183146
2022-05-16,2,Cryptophyta,0.009999991,0.29711896
2022-05-17,2,Cryptophyta,0.009999991,0.2077839
2022-05-18,2,Cryptophyta,0.013930398,0.20814767
2022-05-19,2,Cryptophyta,0.032872636,0.27071756
2022-05-20,2,Cryptophyta,0.58060104,0.2939529
2022-05-21,2,Cryptophyta,5.506287,0.24370486
2022-05-22,2,Cryptophyta,1.7813116,0.40083796
2022-05-23,2,Cryptophyta,1.5250723,1.4393234
2022-05-24,2,Cryptophyta,2.5719986,1.4284946
2022-05-25,2,Cryptophyta,0.094826125,0.9420036
2022-05-26,2,Cryptophyta,0.38431472,0.99693966
2022-05-27,2,Cryptophyta,0.016613582,0.5791361
2022-05-28,2,Cryptophyta,0.009999991,0.36758566
2022-05-29,2,Cryptophyta,0.009999991,0.17603962
2022-05-30,2,Cryptophyta,0.009999991,0.106456704
2022-05-31,2,Cryptophyta,0.009999991,0.12429373
2022-06-01,2,Cryptophyta,0.041579302,0.12195006
2022-06-02,2,Cryptophyta,0.009999991,0.13515829
2022-06-03,2,Cryptophyta,0.009999991,0.16289575
2022-06-04,2,Cryptophyta,0.009999991,0.14629996
2022-06-05,2,Cryptophyta,0.009999991,0.09327636
2022-06-06,2,Cryptophyta,0.009999991,0.077043824
2022-06-07,2,Cryptophyta,0.009999991,0.12330574
2022-06-08,2,Cryptophyta,0.009999991,0.12519073
2022-06-09,2,Cryptophyta,0.009999991,0.07415794
2022-06-10,2,Cryptophyta,0.009999991,-0.019661501
2022-06-11,2,Cryptophyta,0.009999991,-0.0251158
2022-06-12,2,Cryptophyta,0.009999991,-0.009809331
2022-06-13,2,Cryptophyta,0.009999991,0.015173971
2022-06-14,2,Cryptophyta,0.009999991,0.058331296
2022-06-15,2,Cryptophyta,0.009999991,0.04205961
2022-06-16,2,Cryptophyta,0.009999991,-0.039777894
2022-06-17,2,Cryptophyta,0.0147973765,-0.10718515
2022-06-18,2,Cryptophyta,0.073159404,-0.0793203
2022-06-19,2,Cryptophyta,0.06849167,0.023309058
2022-06-20,2,Cryptophyta,0.14291817,0.145583
2022-06-21,2,Cryptophyta,0.20932655,0.23182678
2022-06-22,2,Cryptophyta,0.23238957,0.26831874
2022-06-23,2,Cryptophyta,0.017235858,0.28954118
2022-06-24,2,Cryptophyta,0.040120743,0.24876298
2022-06-25,2,Cryptophyta,0.2839175,0.0802687
2022-06-26,2,Cryptophyta,0.035959456,0.0542647
2022-06-27,2,Cryptophyta,0.06081824,0.23509389
2022-06-28,2,Cryptophyta,0.27052093,0.19758825
2022-06-29,2,Cryptophyta,0.012525414,0.19380559
2022-06-30,2,Cryptophyta,0.6139971,0.26916966
2022-07-01,2,Cryptophyta,0.59884864,0.18809757
2022-07-02,2,Cryptophyta,0.026125995,0.28036165
2022-07-03,2,Cryptophyta,0.010289456,0.36283183
2022-07-04,2,Cryptophyta,0.009999991,0.23861574
2022-07-05,2,Cryptophyta,0.009999991,0.1463618
2022-07-06,2,Cryptophyta,0.009999991,0.0961077
2022-07-07,2,Cryptophyta,0.009999991,0.08340154
2022-07-08,2,Cryptophyta,0.02234078,0.09808606
2022-07-09,2,Cryptophyta,0.10539345,0.10690486
2022-07-10,2,Cryptophyta,0.24793312,0.12316815
2022-07-11,2,Cryptophyta,0.51225203,0.1556362
2022-07-12,2,Cryptophyta,0.3178261,0.25562152
2022-07-13,2,Cryptophyta,0.12300002,0.3402823
2022-07-14,2,Cryptophyta,1.7812928,0.3268775
2022-07-15,2,Cryptophyta,4.1484494,0.2740609
2022-07-16,2,Cryptophyta,0.7352533,0.5332541
2022-07-17,2,Cryptophyta,0.92751086,1.0961841
2022-07-18,2,Cryptophyta,0.22509077,0.85952157
2022-07-19,2,Cryptophyta,0.020543884,0.6359685
2022-07-20,2,Cryptophyta,0.043882452,0.44590318
2022-07-21,2,Cryptophyta,0.011791171,0.31764308
2022-07-22,2,Cryptophyta,0.010043729,0.25262877
2022-07-23,2,Cryptophyta,0.012169442,0.16094825
2022-07-24,2,Cryptophyta,0.40781432,0.054589305
2022-07-25,2,Cryptophyta,0.016661854,0.024381429
2022-07-26,2,Cryptophyta,0.022054957,0.15307285
2022-07-27,2,Cryptophyta,0.020608686,0.08790364
2022-07-28,2,Cryptophyta,0.010642375,0.03097249
2022-07-29,2,Cryptophyta,0.07021444,0.003026968
2022-07-30,2,Cryptophyta,0.103735305,-0.012957311
2022-07-31,2,Cryptophyta,0.1372561,0.024619816
2022-08-01,2,Cryptophyta,0.17077692,0.051918477
2022-08-02,2,Cryptophyta,0.20429775,0.09138526
2022-08-03,2,Cryptophyta,0.2378185,0.17846541
2022-08-04,2,Cryptophyta,0.27133936,0.24076782
2022-08-05,2,Cryptophyta,0.30486017,0.2547693
2022-08-06,2,Cryptophyta,0.33838093,0.23153795
2022-08-07,2,Cryptophyta,0.37190175,0.20972945
2022-08-08,2,Cryptophyta,0.40542254,0.23678352
2022-08-09,2,Cryptophyta,0.43894336,0.29273203
2022-08-10,2,Cryptophyta,0.47246417,0.32759586
2022-08-11,2,Cryptophyta,0.505985,0.35772198
2022-08-12,2,Cryptophyta,0.5395058,0.38445956
2022-08-13,2,Cryptophyta,0.5730266,0.45973602
2022-08-14,2,Cryptophyta,0.6065474,0.47303453
2022-08-15,2,Cryptophyta,0.6400682,0.58294064
2022-08-16,2,Cryptophyta,0.67358905,0.6308143
2022-08-17,2,Cryptophyta,0.70710987,0.65500826
2022-08-18,2,Cryptophyta,0.7406306,0.6979347
2022-08-19,2,Cryptophyta,0.77415144,0.75675994
2022-08-20,2,Cryptophyta,0.80767226,0.7657746
2022-08-21,2,Cryptophyta,0.8411931,0.8158541
2022-08-22,2,Cryptophyta,0.87471384,0.84588253
2022-08-23,2,Cryptophyta,0.90823466,0.84125
2022-08-24,2,Cryptophyta,0.9417555,0.890148
2022-08-25,2,Cryptophyta,0.97527635,0.9171738
2022-08-26,2,Cryptophyta,1.008797,0.8963347
2022-08-27,2,Cryptophyta,1.042318,0.92655647
2022-08-28,2,Cryptophyta,1.0758387,0.9429926
2022-08-29,2,Cryptophyta,1.1093595,0.982336
2022-08-30,2,Cryptophyta,1.1428803,1.0474825
2022-08-31,2,Cryptophyta,1.1764011,1.1117754
2022-09-01,2,Cryptophyta,1.209922,1.1535786
2022-09-02,2,Cryptophyta,1.2434428,1.1940042
2022-09-03,2,Cryptophyta,1.2769636,1.099678
2022-09-04,2,Cryptophyta,1.3104844,1.0975708
2022-09-05,2,Cryptophyta,1.3440052,1.1194228
2022-09-06,2,Cryptophyta,1.377526,1.158486
2022-09-07,2,Cryptophyta,1.4110469,1.1556762
2022-09-08,2,Cryptophyta,1.4445677,1.2971879
2022-09-09,2,Cryptophyta,1.4780885,1.338841
2022-09-10,2,Cryptophyta,1.5513841,1.315435
2022-09-11,2,Cryptophyta,1.6445435,1.2798377
2022-09-12,2,Cryptophyta,1.056165,1.3281499
2022-09-13,2,Cryptophyta,1.3345797,1.4390736
2022-09-14,2,Cryptophyta,2.154297,1.3030081
2022-09-15,2,Cryptophyta,1.5098189,1.3578068
2022-09-16,2,Cryptophyta,0.62335265,1.5377523
2022-09-17,2,Cryptophyta,0.5262518,1.4793841
2022-09-18,2,Cryptophyta,0.5816812,1.0328641
2022-09-19,2,Cryptophyta,0.26104993,0.88845366
2022-09-20,2,Cryptophyta,0.011123174,0.889954
2022-09-21,2,Cryptophyta,0.051745083,0.73018014
2022-09-22,2,Cryptophyta,0.030354569,0.49691564
2022-09-23,2,Cryptophyta,0.042973924,0.4086595
2022-09-24,2,Cryptophyta,0.13725565,0.34237763
2022-09-25,2,Cryptophyta,0.0662491,0.2857081
2022-09-26,2,Cryptophyta,0.19330437,0.23567718
2022-09-27,2,Cryptophyta,0.1107241,0.23515196
2022-09-28,2,Cryptophyta,1.4748371,0.18556872
2022-09-29,2,Cryptophyta,1.4093351,0.13346855
2022-09-30,2,Cryptophyta,0.43673825,0.32559678
2022-10-01,2,Cryptophyta,0.009999991,0.48420224
2022-10-02,2,Cryptophyta,0.0148912715,0.36627957
2022-10-03,2,Cryptophyta,0.07116495,0.15642932
2022-10-04,2,Cryptophyta,0.19286546,0.07744522
2022-10-05,2,Cryptophyta,0.009999991,0.09320988
2022-10-06,2,Cryptophyta,0.009999991,0.08980891
2022-10-07,2,Cryptophyta,0.009999991,0.042351194
2022-10-08,2,Cryptophyta,0.009999991,0.007827242
2022-10-09,2,Cryptophyta,0.018630426,0.014967083
2022-10-10,2,Cryptophyta,0.013161731,0.08510924
2022-10-11,2,Cryptophyta,0.024279546,0.13724677
2022-10-12,2,Cryptophyta,0.15063044,0.1507832
2022-10-13,2,Cryptophyta,0.012413051,0.11887766
2022-10-14,2,Cryptophyta,0.010152084,0.12787215
2022-10-15,2,Cryptophyta,0.010290094,0.10469703
2022-10-16,2,Cryptophyta,0.01853731,0.0965847
2022-10-17,2,Cryptophyta,0.028262116,0.11716369
2022-10-18,2,Cryptophyta,0.010137582,0.13649164
2022-10-19,2,Cryptophyta,0.05505431,0.1470292
2022-10-20,2,Cryptophyta,0.1891751,0.12689541
2022-10-21,2,Cryptophyta,0.30444208,0.09145534
2022-10-22,2,Cryptophyta,3.1631176,0.14192389
2022-10-23,2,Cryptophyta,0.263108,0.15799545
2022-10-24,2,Cryptophyta,0.21729375,0.72500736
2022-10-25,2,Cryptophyta,0.059153363,0.5092319
2022-10-26,2,Cryptophyta,0.059789892,0.27353713
2022-10-27,2,Cryptophyta,0.047026042,0.12397072
2022-10-28,2,Cryptophyta,0.107351705,0.083411455
2022-10-29,2,Cryptophyta,0.0664518,0.08559644
2022-10-30,2,Cryptophyta,0.05750361,0.10633375
2022-10-31,2,Cryptophyta,0.066642515,0.077531226
2022-11-01,2,Cryptophyta,0.09764286,0.05300264
2022-11-02,2,Cryptophyta,0.11699055,0.048226114
2022-11-03,2,Cryptophyta,0.17307027,0.06839181
2022-11-04,2,Cryptophyta,0.085826114,0.08466624
2022-11-05,2,Cryptophyta,0.06902318,0.07709089
2022-11-06,2,Cryptophyta,0.055853847,0.037897687
2022-11-07,2,Cryptophyta,0.1524133,0.008823152
2022-11-08,2,Cryptophyta,2.7645764,0.048016626
2022-11-09,2,Cryptophyta,1.2183956,0.09324523
2022-11-10,2,Cryptophyta,0.56341535,0.68993956
2022-11-11,2,Cryptophyta,0.70662564,0.9122056
2022-11-12,2,Cryptophyta,0.9455072,0.64761984
2022-11-13,2,Cryptophyta,0.2735725,0.5466437
2022-11-14,2,Cryptophyta,0.19732274,0.6746714
2022-11-15,2,Cryptophyta,0.21539077,0.57017636
2022-11-16,2,Cryptophyta,0.09860967,0.434826
2022-11-17,2,Cryptophyta,0.08582912,0.2773314
2022-11-18,2,Cryptophyta,0.05319826,0.14505868
2022-11-19,2,Cryptophyta,0.24602175,0.10807314
2022-11-20,2,Cryptophyta,0.22234443,0.14137837
2022-11-21,2,Cryptophyta,0.14946416,0.23711212
2022-11-22,2,Cryptophyta,0.13514844,0.22244364
2022-11-23,2,Cryptophyta,0.32496366,0.2120597
2022-11-24,2,Cryptophyta,0.04255429,0.1970879
2022-11-25,2,Cryptophyta,0.13866036,0.2561379
2022-11-26,2,Cryptophyta,0.011700435,0.18360414
2022-11-27,2,Cryptophyta,0.051456515,0.1362058
2022-11-28,2,Cryptophyta,0.07280031,0.12109323
2022-11-29,2,Cryptophyta,0.01386674,0.14794761
2022-11-30,2,Cryptophyta,0.13835019,0.19044589
2022-12-01,2,Cryptophyta,0.025166452,0.23556052
2022-12-02,2,Cryptophyta,0.15414065,0.31148735
2022-12-03,2,Cryptophyta,0.16071686,0.2657573
2022-12-04,2,Cryptophyta,0.14975378,0.2593795
2022-12-05,2,Cryptophyta,0.7071791,0.24429604
2022-12-06,2,Cryptophyta,0.8909427,0.20117292
2022-12-07,2,Cryptophyta,1.0464518,0.3155003
2022-12-08,2,Cryptophyta,0.9203116,0.37324873
2022-12-09,2,Cryptophyta,1.654772,0.5217939
2022-12-10,2,Cryptophyta,1.3442216,0.5820101
2022-12-11,2,Cryptophyta,0.2558943,0.8323377
2022-12-12,2,Cryptophyta,0.23369749,0.8650945
2022-12-13,2,Cryptophyta,0.18690802,0.36206067
2022-12-14,2,Cryptophyta,0.08117475,0.13787763
2022-12-15,2,Cryptophyta,0.12455794,0.07938759
2022-12-16,2,Cryptophyta,0.06581464,0.08968625
2022-12-17,2,Cryptophyta,0.13824038,0.11355126
2022-12-18,2,Cryptophyta,0.18520641,0.1960182
2022-12-19,2,Cryptophyta,0.12663768,0.16892314
2022-12-20,2,Cryptophyta,0.1604924,0.14140305
2022-12-21,2,Cryptophyta,0.1743573,0.09336269
2022-12-22,2,Cryptophyta,0.23126812,0.13132238
2022-12-23,2,Cryptophyta,0.1509928,0.20185423
2022-12-24,2,Cryptophyta,0.1620203,0.24614578
2022-12-25,2,Cryptophyta,0.21839248,0.23563625
2022-12-26,2,Cryptophyta,0.23416787,0.21108581
2022-12-27,2,Cryptophyta,0.21106365,0.23936962
2022-12-28,2,Cryptophyta,0.19214647,0.30381325
2022-12-29,2,Cryptophyta,0.3410203,0.27066544
2022-12-30,2,Cryptophyta,0.35081884,0.2587737
2022-12-31,2,Cryptophyta,0.49809423,0.33721393
2023-01-01,2,Cryptophyta,0.18109258,0.44612443
2023-01-02,2,Cryptophyta,0.31292963,0.59033865
2023-01-03,2,Cryptophyta,0.07629438,0.5227135
2023-01-04,2,Cryptophyta,3.205677,0.5332733
2023-01-05,2,Cryptophyta,4.054281,0.47733015
2023-01-06,2,Cryptophyta,4.902886,1.8607845
2023-01-07,2,Cryptophyta,5.75149,3.5676546
2023-01-08,2,Cryptophyta,6.600094,4.2190914
2023-01-09,2,Cryptophyta,6.476336,4.277163
2023-01-10,2,Cryptophyta,6.3525777,3.8397126
2023-01-11,2,Cryptophyta,7.391216,3.6067188
2023-01-12,2,Cryptophyta,6.5247107,3.656692
2023-01-13,2,Cryptophyta,6.205655,3.8956726
2023-01-14,2,Cryptophyta,5.886599,3.8908827
2023-01-15,2,Cryptophyta,3.070391,3.8406577
2023-01-16,2,Cryptophyta,3.2330124,3.8617425
2023-01-17,2,Cryptophyta,3.5090666,2.7509444
2023-01-18,2,Cryptophyta,1.8202682,2.447789
2023-01-19,2,Cryptophyta,1.4881377,2.7842124
2023-01-20,2,Cryptophyta,1.890601,2.3844566
2023-01-21,2,Cryptophyta,2.4779377,2.1350737
2023-01-22,2,Cryptophyta,5.5649133,2.4819071
2023-01-23,2,Cryptophyta,6.253169,2.8460505
2023-01-24,2,Cryptophyta,2.7285879,4.1274104
2023-01-25,2,Cryptophyta,3.2420566,4.7468357
2023-01-26,2,Cryptophyta,3.3563943,3.1843717
2023-01-27,2,Cryptophyta,3.5607386,2.571813
2023-01-28,2,Cryptophyta,2.948197,2.6359797
2023-01-29,2,Cryptophyta,2.329044,3.0736833
2023-01-30,2,Cryptophyta,1.9131858,2.9533455
2023-01-31,2,Cryptophyta,4.070152,2.708667
2023-02-01,2,Cryptophyta,5.226647,2.6274934
2023-02-02,2,Cryptophyta,7.453282,3.3783617
2023-02-03,2,Cryptophyta,4.521753,4.366772
2023-02-04,2,Cryptophyta,4.6141877,4.9050407
2023-02-05,2,Cryptophyta,4.706622,3.801822
2023-02-06,2,Cryptophyta,4.7990575,3.4553678
2023-02-07,2,Cryptophyta,6.802565,3.5352662
2023-02-08,2,Cryptophyta,5.860838,3.6917608
2023-02-09,2,Cryptophyta,4.919111,3.9889295
2023-02-10,2,Cryptophyta,4.0689564,3.7358236
2023-02-11,2,Cryptophyta,5.0742173,3.337815
2023-02-12,2,Cryptophyta,3.9877925,2.5349743
2023-02-13,2,Cryptophyta,3.0906606,2.7340124
2023-02-14,2,Cryptophyta,4.7804313,2.542518
2023-02-15,2,Cryptophyta,3.154463,2.3779163
2023-02-16,2,Cryptophyta,2.5376039,2.5277328
2023-02-17,2,Cryptophyta,2.6187308,2.28657
2023-02-18,2,Cryptophyta,3.3592136,2.0557482
2023-02-19,2,Cryptophyta,2.9372036,2.0567214
2023-02-20,2,Cryptophyta,2.8396633,2.3595588
2023-02-21,2,Cryptophyta,2.0213537,2.486272
2023-02-22,2,Cryptophyta,1.5460931,2.4564118
2023-02-23,2,Cryptophyta,3.0472844,2.0992014
2023-02-24,2,Cryptophyta,2.540876,1.7035474
2023-02-25,2,Cryptophyta,1.6696993,2.0051527
2023-02-26,2,Cryptophyta,1.8506247,2.1852813
2023-02-27,2,Cryptophyta,2.4273033,1.924559
2023-02-28,2,Cryptophyta,4.0576186,1.7391446
2023-03-01,2,Cryptophyta,3.1774063,1.9113036
2023-03-02,2,Cryptophyta,1.9276384,2.6613429
2023-03-03,2,Cryptophyta,1.4349824,2.88
2023-03-04,2,Cryptophyta,1.4693632,2.4517555
2023-03-05,2,Cryptophyta,1.3964868,2.001515
2023-03-06,2,Cryptophyta,1.3642833,1.817823
2023-03-07,2,Cryptophyta,2.018636,1.7352706
2023-03-08,2,Cryptophyta,2.042899,1.6698133
2023-03-09,2,Cryptophyta,1.9240745,1.8591136
2023-03-10,2,Cryptophyta,1.8107322,2.0598075
2023-03-11,2,Cryptophyta,1.7866005,2.1520252
2023-03-12,2,Cryptophyta,1.9636885,2.171241
2023-03-13,2,Cryptophyta,1.6649137,2.166544
2023-03-14,2,Cryptophyta,1.6280838,2.2576165
2023-03-15,2,Cryptophyta,1.6098557,2.1830556
2023-03-16,2,Cryptophyta,1.5768707,2.102319
2023-03-17,2,Cryptophyta,2.1391935,2.131929
2023-03-18,2,Cryptophyta,2.3038106,2.2067087
2023-03-19,2,Cryptophyta,1.9287786,2.273078
2023-03-20,2,Cryptophyta,1.5824027,2.4533465
2023-03-21,2,Cryptophyta,1.5820714,2.4197814
2023-03-22,2,Cryptophyta,1.3658339,2.3675914
2023-03-23,2,Cryptophyta,2.0884864,2.180382
2023-03-24,2,Cryptophyta,3.786341,2.077017
2023-03-25,2,Cryptophyta,2.1906228,2.5720108
2023-03-26,2,Cryptophyta,2.1829119,3.0201283
2023-03-27,2,Cryptophyta,2.6158876,1.795995
2023-03-28,2,Cryptophyta,2.740476,1.3556023
2023-03-29,2,Cryptophyta,2.5346584,1.3046165
2023-03-30,2,Cryptophyta,2.3052733,1.5963895
2023-03-31,2,Cryptophyta,2.1105404,1.8762597
2023-04-01,2,Cryptophyta,1.7814717,1.8315172
2023-04-02,2,Cryptophyta,1.6399796,1.7039092
2023-04-03,2,Cryptophyta,1.7084769,1.7734332
2023-04-04,2,Cryptophyta,1.6054392,1.7772006
2023-04-05,2,Cryptophyta,1.1882055,1.9290473
2023-04-06,2,Cryptophyta,0.2286157,1.5982721
2023-04-07,2,Cryptophyta,1.8078315,1.3121428
2023-04-08,2,Cryptophyta,2.489018,0.84858656
2023-04-09,2,Cryptophyta,2.4789941,1.024106
2023-04-10,2,Cryptophyta,2.4197881,1.6283629
2023-04-11,2,Cryptophyta,2.1295638,1.7835572
2023-04-12,2,Cryptophyta,1.8207544,1.7693096
2023-04-13,2,Cryptophyta,1.8472507,1.5748925
2023-04-14,2,Cryptophyta,2.0092578,1.6625617
2023-04-15,2,Cryptophyta,2.939332,1.9973031
2023-04-16,2,Cryptophyta,3.1336887,2.4080904
2023-04-17,2,Cryptophyta,5.1471896,2.7128665
2023-04-18,2,Cryptophyta,5.275001,2.3747928
2023-04-19,2,Cryptophyta,3.3519037,2.916948
2023-04-20,2,Cryptophyta,2.5430167,3.166287
2023-04-21,2,Cryptophyta,2.4620326,2.4111216
2023-04-22,2,Cryptophyta,2.2683303,2.0079236
2023-04-23,2,Cryptophyta,2.4192183,2.1217299
2023-04-24,2,Cryptophyta,2.5424767,2.0163128
2023-04-25,2,Cryptophyta,3.0996997,1.9897112
2023-04-26,2,Cryptophyta,2.0676734,1.6493498
2023-04-27,2,Cryptophyta,1.418416,2.1471267
2023-04-28,2,Cryptophyta,3.1601994,2.3106563
2023-04-29,2,Cryptophyta,8.067172,1.9944249
2023-04-30,2,Cryptophyta,5.9201818,2.5086956
2023-05-01,2,Cryptophyta,3.7731922,3.672198
2023-05-02,2,Cryptophyta,5.453592,3.7373297
2023-05-03,2,Cryptophyta,3.5497632,3.2125955
2023-05-04,2,Cryptophyta,4.6637454,3.8383522
2023-05-05,2,Cryptophyta,7.1205983,3.829828
2023-05-06,2,Cryptophyta,4.6055446,4.027416
2023-05-07,2,Cryptophyta,1.0466392,4.759298
2023-05-08,2,Cryptophyta,0.8512937,4.448484
2023-05-09,2,Cryptophyta,1.2092457,2.501827
2023-05-10,2,Cryptophyta,0.48372468,1.5760454
2023-05-11,2,Cryptophyta,0.27442262,1.639823
2023-05-12,2,Cryptophyta,0.54694,1.2671138
2023-05-13,2,Cryptophyta,1.3488332,1.0457795
2023-05-14,2,Cryptophyta,1.972228,1.048392
2023-05-15,2,Cryptophyta,1.8265859,1.2543364
2023-05-16,2,Cryptophyta,1.8002838,1.6900747
2023-05-17,2,Cryptophyta,1.6562451,2.0417762
2023-05-18,2,Cryptophyta,2.0616684,2.1296725
2023-05-19,2,Cryptophyta,1.6782538,1.8554337
2023-05-20,2,Cryptophyta,1.5077107,1.9720571
2023-05-21,2,Cryptophyta,1.4706587,1.856646
2023-05-22,2,Cryptophyta,1.3920453,1.5439672
2023-05-23,2,Cryptophyta,1.6479505,1.580524
2023-05-24,2,Cryptophyta,1.9610981,1.5148724
2023-05-25,2,Cryptophyta,1.7397623,1.6198825
2023-05-26,2,Cryptophyta,1.7409996,1.6791579
2023-05-27,2,Cryptophyta,2.1646082,1.7625022
2023-05-28,2,Cryptophyta,2.4318943,1.7999524
2023-05-29,2,Cryptophyta,2.874541,1.9835345
2023-05-30,2,Cryptophyta,2.9939795,2.3897574
2023-05-31,2,Cryptophyta,4.768519,2.6759517
2023-06-01,2,Cryptophyta,5.5222354,2.6795268
2023-06-02,2,Cryptophyta,3.4842105,3.0788946
2023-06-03,2,Cryptophyta,5.0643554,3.3702729
2023-06-04,2,Cryptophyta,4.144578,2.9249115
2023-06-05,2,Cryptophyta,2.5872154,2.6249785
2023-06-06,2,Cryptophyta,3.6343513,2.5793626
2023-06-07,2,Cryptophyta,3.7011142,2.3498926
2023-06-08,2,Cryptophyta,2.9802804,2.5363336
2023-06-09,2,Cryptophyta,2.7695792,2.818213
2023-06-10,2,Cryptophyta,1.9076351,3.0133474
2023-06-11,2,Cryptophyta,1.9823658,2.8856387
2023-06-12,2,Cryptophyta,2.399869,2.34469
2023-06-13,2,Cryptophyta,3.1885514,1.9951812
2023-06-14,2,Cryptophyta,4.228957,1.9340507
2023-06-15,2,Cryptophyta,3.2900848,2.0808222
2023-06-16,2,Cryptophyta,1.8680872,2.2057645
2023-06-17,2,Cryptophyta,2.042923,2.3484883
2023-06-18,2,Cryptophyta,2.1622174,2.07729
2023-06-19,2,Cryptophyta,1.5457335,1.9489068
2023-06-20,2,Cryptophyta,1.8699645,2.173763
2023-06-21,2,Cryptophyta,3.3475523,2.2087889
2023-06-22,2,Cryptophyta,4.0936656,2.3321319
2023-06-23,2,Cryptophyta,5.212351,2.9051416
2023-06-24,2,Cryptophyta,6.072758,3.4503245
2023-06-25,2,Cryptophyta,5.693322,3.689838
2023-06-26,2,Cryptophyta,5.938072,3.9989626
2023-06-27,2,Cryptophyta,6.255651,4.1209464
2023-06-28,2,Cryptophyta,6.574,3.8490305
2023-06-29,2,Cryptophyta,7.6921687,3.8864644
2023-06-30,2,Cryptophyta,9.32456,4.669162
2023-07-01,2,Cryptophyta,6.118696,5.211697
2023-07-02,2,Cryptophyta,5.874047,5.320404
2023-07-03,2,Cryptophyta,6.4657016,4.999131
2023-07-04,2,Cryptophyta,9.029866,4.644407
2023-07-05,2,Cryptophyta,9.039206,4.577373
2023-07-06,2,Cryptophyta,9.048546,5.078908
2023-07-07,2,Cryptophyta,8.390148,5.5219626
2023-07-08,2,Cryptophyta,8.070246,5.489126
2023-07-09,2,Cryptophyta,9.251422,5.538612
2023-07-10,2,Cryptophyta,7.703793,5.463748
2023-07-11,2,Cryptophyta,5.677761,5.669076
2023-07-12,2,Cryptophyta,4.203484,5.3055553
2023-07-13,2,Cryptophyta,3.7054465,4.7890797
2023-07-14,2,Cryptophyta,2.8924713,4.3585453
2023-07-15,2,Cryptophyta,2.5350773,3.9896343
2023-07-16,2,Cryptophyta,2.1989539,3.6970553
2023-07-17,2,Cryptophyta,2.3571,3.4140527
2023-07-18,2,Cryptophyta,2.2635317,3.0135908
2023-07-19,2,Cryptophyta,2.2437925,2.9569085
2023-07-20,2,Cryptophyta,2.896344,2.9205487
2023-07-21,2,Cryptophyta,6.2929935,3.021775
2023-07-22,2,Cryptophyta,6.738102,3.339671
2023-07-23,2,Cryptophyta,7.183211,4.023005
2023-07-24,2,Cryptophyta,7.685931,4.715493
2023-07-25,2,Cryptophyta,8.0122,5.0405693
2023-07-26,2,Cryptophyta,9.50315,5.3371415
2023-07-27,2,Cryptophyta,6.242461,5.526398
2023-07-28,2,Cryptophyta,3.7934585,5.3994584
2023-07-29,2,Cryptophyta,3.7060483,4.915396
2023-07-30,2,Cryptophyta,4.798678,3.7198896
2023-07-31,2,Cryptophyta,5.312769,3.2245035
2023-08-01,2,Cryptophyta,4.807978,3.534559
2023-08-02,2,Cryptophyta,5.1036863,3.5306532
2023-08-03,2,Cryptophyta,7.267846,4.1600213
2023-08-04,2,Cryptophyta,6.624954,4.8675246
2023-08-05,2,Cryptophyta,9.552635,5.24035
2023-08-06,2,Cryptophyta,9.511289,5.290816
2023-08-07,2,Cryptophyta,9.469944,5.424284
2023-08-08,2,Cryptophyta,9.428597,5.584531
2023-08-09,2,Cryptophyta,7.984899,5.1521482
2023-08-10,2,Cryptophyta,6.058531,5.198829
2023-08-11,2,Cryptophyta,5.654987,5.7487144
2023-08-12,2,Cryptophyta,5.1433764,4.926503
2023-08-13,2,Cryptophyta,6.11593,4.648335
2023-08-14,2,Cryptophyta,8.257987,4.1620855
2023-08-15,2,Cryptophyta,7.4124427,4.451882
2023-08-16,2,Cryptophyta,6.184389,4.839196
2023-08-17,2,Cryptophyta,2.5512493,5.060477
2023-08-18,2,Cryptophyta,3.1742585,4.3688674
2023-08-19,2,Cryptophyta,3.7459614,2.83616
2023-08-20,2,Cryptophyta,2.7918842,2.1023781
2023-08-21,2,Cryptophyta,2.5527868,2.09302
2023-08-22,2,Cryptophyta,2.5006547,2.2777894
2023-08-23,2,Cryptophyta,2.5931542,2.0360641
2023-08-24,2,Cryptophyta,2.4038517,1.8570929
2023-08-25,2,Cryptophyta,2.12962,2.1049414
2023-08-26,2,Cryptophyta,2.6475,2.1363864
2023-08-27,2,Cryptophyta,2.5876358,2.1974325
2023-08-28,2,Cryptophyta,2.6450179,2.1152585
2023-08-29,2,Cryptophyta,3.403212,2.343044
2023-08-30,2,Cryptophyta,2.8871322,2.131858
2023-08-31,2,Cryptophyta,2.8458216,2.2235053
2023-09-01,2,Cryptophyta,2.9603746,2.5714362
2023-09-02,2,Cryptophyta,2.9794774,2.4726746
2023-09-03,2,Cryptophyta,2.8369246,2.4733465
2023-09-04,2,Cryptophyta,2.7218082,2.62952
2023-09-05,2,Cryptophyta,2.112845,2.580057
2023-09-06,2,Cryptophyta,0.04749515,2.4323046
2023-09-07,2,Cryptophyta,0.26601022,1.8881598
2023-09-08,2,Cryptophyta,2.5536625,1.3031516
2023-09-09,2,Cryptophyta,2.6093724,1.0723524
2023-09-10,2,Cryptophyta,2.316723,1.6311716
2023-09-11,2,Cryptophyta,1.9911342,2.2503424
2023-09-12,2,Cryptophyta,1.7458469,2.5781062
2023-09-13,2,Cryptophyta,1.8351148,2.5643208
2023-09-14,2,Cryptophyta,2.1095014,2.4479067
2023-09-15,2,Cryptophyta,2.5304284,2.2878683
2023-09-16,2,Cryptophyta,2.2723098,2.4217288
2023-09-17,2,Cryptophyta,1.7500002,2.9547088
2023-09-18,2,Cryptophyta,2.5075011,3.0819063
2023-09-19,2,Cryptophyta,3.096033,2.741555
2023-09-20,2,Cryptophyta,4.1011615,2.815184
2023-09-21,2,Cryptophyta,4.6832166,3.0619292
2023-09-22,2,Cryptophyta,3.7967741,3.6472147
2023-09-23,2,Cryptophyta,4.1924467,3.8402114
2023-09-24,2,Cryptophyta,4.0289173,3.6636891
2023-09-25,2,Cryptophyta,2.756178,3.722825
2023-09-26,2,Cryptophyta,4.132515,3.5846367
2023-09-27,2,Cryptophyta,3.435256,3.1301603
2023-09-28,2,Cryptophyta,3.4994173,3.311652
2023-09-29,2,Cryptophyta,3.4379761,3.2345586
2023-09-30,2,Cryptophyta,3.7087204,3.180807
2023-10-01,2,Cryptophyta,3.5299013,3.3397486
2023-10-02,2,Cryptophyta,2.4059725,3.2667966
2023-10-03,2,Cryptophyta,2.6663723,3.175512
2023-10-04,2,Cryptophyta,2.8094635,2.897225
2023-10-05,2,Cryptophyta,2.406531,2.4909708
2023-10-06,2,Cryptophyta,2.0393844,2.4768248
2023-10-07,2,Cryptophyta,1.8184012,2.3983026
2023-10-08,2,Cryptophyta,1.8670961,2.1148615
2023-10-09,2,Cryptophyta,2.1665063,1.841684
2023-10-10,2,Cryptophyta,2.4892564,1.8587376
2023-10-11,2,Cryptophyta,2.2086902,2.0904698
2023-10-12,2,Cryptophyta,1.6117432,2.3938446
2023-10-13,2,Cryptophyta,3.1600454,2.41444
2023-10-14,2,Cryptophyta,5.4156017,2.342498
2023-10-15,2,Cryptophyta,5.559093,2.766714
2023-10-16,2,Cryptophyta,2.1519644,3.5506756
2023-10-17,2,Cryptophyta,2.2487733,3.8032827
2023-10-18,2,Cryptophyta,4.1400843,2.9165776
2023-10-19,2,Cryptophyta,3.5796912,2.4437075
2023-10-20,2,Cryptophyta,4.094905,2.5783975
2023-10-21,2,Cryptophyta,2.643748,2.558392
2023-10-22,2,Cryptophyta,3.6341314,2.759041
2023-10-23,2,Cryptophyta,2.7132502,2.4457676
2023-10-24,2,Cryptophyta,4.40684,2.720721
2023-10-25,2,Cryptophyta,6.3353786,2.6998372
2023-10-26,2,Cryptophyta,5.0694957,2.9982672
2023-10-27,2,Cryptophyta,4.7068067,3.3623657
2023-10-28,2,Cryptophyta,2.4397392,3.3853817
2023-10-29,2,Cryptophyta,2.5866666,3.19267
2023-10-30,2,Cryptophyta,2.3783805,2.7750678
2023-10-31,2,Cryptophyta,3.3042376,2.5814257
2023-11-01,2,Cryptophyta,3.6788993,2.4598932
2023-11-02,2,Cryptophyta,2.9372442,2.50958
2023-11-03,2,Cryptophyta,4.0153823,2.6280499
2023-11-04,2,Cryptophyta,2.9691207,2.4626374
2023-11-05,2,Cryptophyta,4.6212864,2.7695863
2023-11-06,2,Cryptophyta,5.682647,2.90933
2023-11-07,2,Cryptophyta,4.430414,3.1991625
2023-11-08,2,Cryptophyta,2.5491812,3.7682056
2023-11-09,2,Cryptophyta,2.577175,3.6999385
2023-11-10,2,Cryptophyta,2.1634166,3.0986288
2023-11-11,2,Cryptophyta,1.5053525,2.7371914
2023-11-12,2,Cryptophyta,1.0600724,2.2191772
2023-11-13,2,Cryptophyta,1.2939341,1.9476221
2023-11-14,2,Cryptophyta,1.9473946,1.7039884
2023-11-15,2,Cryptophyta,1.9738972,1.6010941
2023-11-16,2,Cryptophyta,1.8247457,1.9046302
2023-11-17,2,Cryptophyta,1.657275,2.1335728
2023-11-18,2,Cryptophyta,1.5474409,2.108855
2023-11-19,2,Cryptophyta,1.0971582,1.99765
2023-11-20,2,Cryptophyta,1.2624784,1.9726982
2023-11-21,2,Cryptophyta,0.9482711,1.6431986
2023-11-22,2,Cryptophyta,1.8767328,1.5678202
2023-11-23,2,Cryptophyta,6.3925285,1.2943692
2023-11-24,2,Cryptophyta,4.2654333,1.3617938
2023-11-25,2,Cryptophyta,2.7321594,2.5727932
2023-11-26,2,Cryptophyta,1.7029,3.5139463
2023-11-27,2,Cryptophyta,1.9832858,3.2647028
2023-11-28,2,Cryptophyta,3.521314,2.5626142
2023-11-29,2,Cryptophyta,2.7741783,2.4105906
2023-11-30,2,Cryptophyta,6.872362,2.8127081
2023-12-01,2,Cryptophyta,3.9785435,3.0073502
2023-12-02,2,Cryptophyta,3.0168524,3.3840978
2023-12-03,2,Cryptophyta,3.5640304,3.0632958
2023-12-04,2,Cryptophyta,2.9545367,2.5081868
2023-12-05,2,Cryptophyta,5.5100183,2.5250823
2023-12-06,2,Cryptophyta,6.003167,2.7059495
2023-12-07,2,Cryptophyta,3.810038,3.3510194
2023-12-08,2,Cryptophyta,2.5102015,3.5884435
2023-12-09,2,Cryptophyta,3.9716225,3.6039658
2023-12-10,2,Cryptophyta,3.3053324,2.940543
2023-12-11,2,Cryptophyta,4.866557,3.132932
2023-12-12,2,Cryptophyta,6.099259,3.1599386
2023-12-13,2,Cryptophyta,5.3320804,3.633692
2023-12-14,2,Cryptophyta,6.7810683,4.0189447
2023-12-15,2,Cryptophyta,6.163149,3.7300203
2023-12-16,2,Cryptophyta,5.54523,3.684349
2023-12-17,2,Cryptophyta,3.1431665,3.6962538
2023-12-18,2,Cryptophyta,3.3976405,3.7940278
2023-12-19,2,Cryptophyta,4.9305954,3.120731
2023-12-20,2,Cryptophyta,3.6816366,2.7623973
2023-12-21,2,Cryptophyta,3.0250509,3.082554
2023-12-22,2,Cryptophyta,3.5993946,3.0059896
2023-12-23,2,Cryptophyta,3.5110064,2.8177981
2023-12-24,2,Cryptophyta,3.3612518,2.8232152
2023-12-25,2,Cryptophyta,4.143041,2.8995404
2023-12-26,2,Cryptophyta,8.3693905,2.9083807
2023-12-27,2,Cryptophyta,7.794155,3.0334225
2023-12-28,2,Cryptophyta,7.2189183,3.6613781
2020-10-30,3,Cryptophyta,6.4135556,1.3085928
2020-10-31,3,Cryptophyta,2.063502,1.6389557
2020-11-01,3,Cryptophyta,2.9815042,2.1763349
2020-11-02,3,Cryptophyta,2.4898262,2.5515594
2020-11-03,3,Cryptophyta,1.4050977,1.6382666
2020-11-04,3,Cryptophyta,1.058533,1.4728068
2020-11-05,3,Cryptophyta,0.4326792,1.4740592
2020-11-06,3,Cryptophyta,2.0832295,1.2565829
2020-11-07,3,Cryptophyta,4.693758,1.128082
2020-11-08,3,Cryptophyta,1.0451305,0.936389
2020-11-09,3,Cryptophyta,0.93248004,1.3159546
2020-11-10,3,Cryptophyta,0.7796366,2.1388142
2020-11-11,3,Cryptophyta,0.9081858,1.5813726
2020-11-12,3,Cryptophyta,0.9168905,1.1451628
2020-11-13,3,Cryptophyta,1.4211985,1.0660286
2020-11-14,3,Cryptophyta,2.0446377,1.1546385
2020-11-15,3,Cryptophyta,1.2189211,1.2047063
2020-11-16,3,Cryptophyta,2.869199,1.3889508
2020-11-17,3,Cryptophyta,2.9393878,1.6475232
2020-11-18,3,Cryptophyta,2.1355057,1.5778863
2020-11-19,3,Cryptophyta,5.508126,1.9881494
2020-11-20,3,Cryptophyta,2.4160047,2.0960362
2020-11-21,3,Cryptophyta,3.1686294,1.7762822
2020-11-22,3,Cryptophyta,2.8650892,2.0149229
2020-11-23,3,Cryptophyta,1.2395797,1.6559873
2020-11-24,3,Cryptophyta,1.531438,1.5873057
2020-11-25,3,Cryptophyta,1.414658,1.6102912
2020-11-26,3,Cryptophyta,4.4915557,1.1726944
2020-11-27,3,Cryptophyta,1.921042,1.0924735
2020-11-28,3,Cryptophyta,1.37678,1.1193472
2020-11-29,3,Cryptophyta,1.6549928,1.9393762
2020-11-30,3,Cryptophyta,0.13129526,1.7867906
2020-12-01,3,Cryptophyta,0.28309917,1.3656234
2020-12-02,3,Cryptophyta,0.8165774,1.3415933
2020-12-03,3,Cryptophyta,0.39298117,0.9096989
2020-12-04,3,Cryptophyta,0.7697974,0.858816
2020-12-05,3,Cryptophyta,0.27719247,1.1150248
2020-12-06,3,Cryptophyta,0.2930608,1.1098027
2020-12-07,3,Cryptophyta,0.45009413,1.2343394
2020-12-08,3,Cryptophyta,0.70262855,1.1246969
2020-12-09,3,Cryptophyta,1.2964157,1.1303161
2020-12-10,3,Cryptophyta,0.8849384,1.2380728
2020-12-11,3,Cryptophyta,0.4182911,1.4506799
2020-12-12,3,Cryptophyta,1.2485663,1.8123361
2020-12-13,3,Cryptophyta,4.7039027,1.7262802
2020-12-14,3,Cryptophyta,0.6753835,1.4062897
2020-12-15,3,Cryptophyta,0.16052096,1.7578814
2020-12-16,3,Cryptophyta,0.20374095,2.785341
2020-12-17,3,Cryptophyta,0.33086172,1.7069173
2020-12-18,3,Cryptophyta,0.36293116,1.0650555
2020-12-19,3,Cryptophyta,0.6879812,1.0397304
2020-12-20,3,Cryptophyta,1.0289001,1.3447348
2020-12-21,3,Cryptophyta,1.52769,1.4811953
2020-12-22,3,Cryptophyta,1.4272194,1.649211
2020-12-23,3,Cryptophyta,3.3130145,1.9167401
2020-12-24,3,Cryptophyta,2.4671543,2.0553591
2020-12-25,3,Cryptophyta,1.2202317,1.9733127
2020-12-26,3,Cryptophyta,1.075974,2.3492389
2020-12-27,3,Cryptophyta,1.2043954,2.3395283
2020-12-28,3,Cryptophyta,5.7440696,1.798412
2020-12-29,3,Cryptophyta,5.131,1.5974319
2020-12-30,3,Cryptophyta,4.5179305,1.7838132
2020-12-31,3,Cryptophyta,5.8423734,2.8900988
2021-01-01,3,Cryptophyta,2.6449928,3.1292946
2021-01-02,3,Cryptophyta,1.2774583,2.5833857
2021-01-03,3,Cryptophyta,1.0863966,2.3994718
2021-01-04,3,Cryptophyta,1.0671253,1.7654817
2021-01-05,3,Cryptophyta,0.94905144,1.2880437
2021-01-06,3,Cryptophyta,1.8335047,1.2812301
2021-01-07,3,Cryptophyta,3.0565534,1.4551666
2021-01-08,3,Cryptophyta,1.30677,1.5652066
2021-01-09,3,Cryptophyta,0.993589,2.0011737
2021-01-10,3,Cryptophyta,0.8233068,2.6647375
2021-01-11,3,Cryptophyta,1.050239,2.1037862
2021-01-12,3,Cryptophyta,2.0137553,1.7681102
2021-01-13,3,Cryptophyta,2.547916,1.6111195
2021-01-14,3,Cryptophyta,2.8340523,1.7411382
2021-01-15,3,Cryptophyta,2.6274946,2.2807162
2021-01-16,3,Cryptophyta,3.0504706,2.6995187
2021-01-17,3,Cryptophyta,3.0277352,2.814965
2021-01-18,3,Cryptophyta,2.7913675,2.6440756
2021-01-19,3,Cryptophyta,2.3570838,2.5950944
2021-01-20,3,Cryptophyta,3.5750723,2.6978128
2021-01-21,3,Cryptophyta,4.109334,2.7299817
2021-01-22,3,Cryptophyta,3.7022157,2.5506573
2021-01-23,3,Cryptophyta,4.783394,2.756265
2021-01-24,3,Cryptophyta,2.2128148,3.0339913
2021-01-25,3,Cryptophyta,3.627907,2.778981
2021-01-26,3,Cryptophyta,3.7955356,2.7648263
2021-01-27,3,Cryptophyta,5.924356,1.9156753
2021-01-28,3,Cryptophyta,3.6009696,1.8650327
2021-01-29,3,Cryptophyta,4.706469,2.3469553
2021-01-30,3,Cryptophyta,5.1016426,2.9764996
2021-01-31,3,Cryptophyta,3.963237,2.576219
2021-02-01,3,Cryptophyta,3.4826646,2.4469855
2021-02-02,3,Cryptophyta,3.2203693,2.7108133
2021-02-03,3,Cryptophyta,2.5164735,2.726317
2021-02-04,3,Cryptophyta,3.3825343,2.5440059
2021-02-05,3,Cryptophyta,3.3017147,2.4002323
2021-02-06,3,Cryptophyta,2.9269514,2.047915
2021-02-07,3,Cryptophyta,2.3131208,2.1498137
2021-02-08,3,Cryptophyta,1.9849964,2.3161464
2021-02-09,3,Cryptophyta,3.425029,2.2864375
2021-02-10,3,Cryptophyta,5.069283,2.1553223
2021-02-11,3,Cryptophyta,3.250572,1.9202337
2021-02-12,3,Cryptophyta,2.8851557,2.21991
2021-02-13,3,Cryptophyta,6.569689,2.7263584
2021-02-14,3,Cryptophyta,5.033589,2.5503776
2021-02-15,3,Cryptophyta,3.6312373,2.282556
2021-02-16,3,Cryptophyta,4.1591535,3.0442278
2021-02-17,3,Cryptophyta,3.4927206,3.0533574
2021-02-18,3,Cryptophyta,2.1676483,2.4408045
2021-02-19,3,Cryptophyta,2.7191303,2.4615636
2021-02-20,3,Cryptophyta,2.3670385,2.2808106
2021-02-21,3,Cryptophyta,2.7633286,1.8637456
2021-02-22,3,Cryptophyta,2.4508183,1.8949659
2021-02-23,3,Cryptophyta,2.3480086,1.9455577
2021-02-24,3,Cryptophyta,1.872853,2.3041682
2021-02-25,3,Cryptophyta,3.0860362,2.3672798
2021-02-26,3,Cryptophyta,3.569427,2.306828
2021-02-27,3,Cryptophyta,3.2749453,2.1927612
2021-02-28,3,Cryptophyta,2.9949775,2.512671
2021-03-01,3,Cryptophyta,1.9386367,2.805414
2021-03-02,3,Cryptophyta,2.0704148,2.7790735
2021-03-03,3,Cryptophyta,3.985123,2.5680392
2021-03-04,3,Cryptophyta,2.5256224,2.0855682
2021-03-05,3,Cryptophyta,0.966932,1.911779
2021-03-06,3,Cryptophyta,0.52926195,2.5814807
2021-03-07,3,Cryptophyta,0.5995007,2.4246097
2021-03-08,3,Cryptophyta,0.46934107,1.6249161
2021-03-09,3,Cryptophyta,0.53188133,1.2085875
2021-03-10,3,Cryptophyta,0.67051375,1.1393188
2021-03-11,3,Cryptophyta,1.7803546,1.2093998
2021-03-12,3,Cryptophyta,2.5919247,1.3290968
2021-03-13,3,Cryptophyta,6.490051,1.4235184
2021-03-14,3,Cryptophyta,3.7538712,1.936437
2021-03-15,3,Cryptophyta,3.1785095,2.4672942
2021-03-16,3,Cryptophyta,2.4393127,2.9929645
2021-03-17,3,Cryptophyta,1.4057163,2.2268622
2021-03-18,3,Cryptophyta,1.2176338,1.6377183
2021-03-19,3,Cryptophyta,0.5862518,1.460718
2021-03-20,3,Cryptophyta,0.23516648,1.2894766
2021-03-21,3,Cryptophyta,0.024312591,1.2618309
2021-03-22,3,Cryptophyta,0.20230821,1.1402942
2021-03-23,3,Cryptophyta,0.41667634,1.0219152
2021-03-24,3,Cryptophyta,0.2692962,0.842506
2021-03-25,3,Cryptophyta,0.32939044,0.8442254
2021-03-26,3,Cryptophyta,0.32711288,0.90678054
2021-03-27,3,Cryptophyta,0.45832005,0.8892145
2021-03-28,3,Cryptophyta,0.7455974,0.8940727
2021-03-29,3,Cryptophyta,2.5559523,0.9475433
2021-03-30,3,Cryptophyta,3.8826284,1.0948708
2021-03-31,3,Cryptophyta,3.3377802,1.3295343
2021-04-01,3,Cryptophyta,1.2241564,1.9233392
2021-04-02,3,Cryptophyta,0.2549022,2.3124375
2021-04-03,3,Cryptophyta,0.23659663,1.9461852
2021-04-04,3,Cryptophyta,0.053678524,1.1727319
2021-04-05,3,Cryptophyta,0.013581768,0.77370864
2021-04-06,3,Cryptophyta,0.05430536,0.7668285
2021-04-07,3,Cryptophyta,0.032896426,0.7413566
2021-04-08,3,Cryptophyta,0.05452243,0.74219537
2021-04-09,3,Cryptophyta,0.111700416,0.79893047
2021-04-10,3,Cryptophyta,0.36037627,0.8262074
2021-04-11,3,Cryptophyta,0.9309045,0.8548458
2021-04-12,3,Cryptophyta,4.4353657,0.8560666
2021-04-13,3,Cryptophyta,4.5296745,0.953287
2021-04-14,3,Cryptophyta,4.7901015,1.1856724
2021-04-15,3,Cryptophyta,4.097689,2.0870864
2021-04-16,3,Cryptophyta,3.4052775,2.4618766
2021-04-17,3,Cryptophyta,6.085865,2.260609
2021-04-18,3,Cryptophyta,0.7100869,2.0124567
2021-04-19,3,Cryptophyta,0.6453512,1.928337
2021-04-20,3,Cryptophyta,0.84328747,2.3739567
2021-04-21,3,Cryptophyta,1.7741998,1.4220151
2021-04-22,3,Cryptophyta,3.597625,1.0062331
2021-04-23,3,Cryptophyta,2.9359233,1.0005662
2021-04-24,3,Cryptophyta,3.833693,1.3015147
2021-04-25,3,Cryptophyta,4.4633455,1.9225042
2021-04-26,3,Cryptophyta,1.0418307,1.971206
2021-04-27,3,Cryptophyta,0.21408828,1.8687046
2021-04-28,3,Cryptophyta,0.014493498,1.8439295
2021-04-29,3,Cryptophyta,0.039790172,1.1667976
2021-04-30,3,Cryptophyta,0.28643999,0.7252931
2021-05-01,3,Cryptophyta,2.2824168,0.5715875
2021-05-02,3,Cryptophyta,2.6909986,0.56200117
2021-05-03,3,Cryptophyta,2.769449,0.6791378
2021-05-04,3,Cryptophyta,0.42055428,1.4123641
2021-05-05,3,Cryptophyta,1.0409683,2.0408447
2021-05-06,3,Cryptophyta,2.7422197,2.046521
2021-05-07,3,Cryptophyta,2.4887962,1.0868794
2021-05-08,3,Cryptophyta,4.2748013,0.9484278
2021-05-09,3,Cryptophyta,6.8061724,1.4002553
2021-05-10,3,Cryptophyta,4.8118887,1.6819313
2021-05-11,3,Cryptophyta,6.5926557,2.158747
2021-05-12,3,Cryptophyta,6.2209406,2.601475
2021-05-13,3,Cryptophyta,5.8229237,2.3911572
2021-05-14,3,Cryptophyta,1.5781838,2.3695722
2021-05-15,3,Cryptophyta,1.0210347,2.2185252
2021-05-16,3,Cryptophyta,0.43799567,2.1936913
2021-05-17,3,Cryptophyta,0.6316715,1.3913369
2021-05-18,3,Cryptophyta,0.9674602,0.9961314
2021-05-19,3,Cryptophyta,0.525887,0.8231346
2021-05-20,3,Cryptophyta,1.4451882,0.8852033
2021-05-21,3,Cryptophyta,1.1084154,1.0207005
2021-05-22,3,Cryptophyta,1.0994352,0.9152609
2021-05-23,3,Cryptophyta,0.3843736,1.051744
2021-05-24,3,Cryptophyta,1.8047323,1.0883203
2021-05-25,3,Cryptophyta,0.6530318,1.1323332
2021-05-26,3,Cryptophyta,0.57416064,0.944081
2021-05-27,3,Cryptophyta,2.3588858,1.1954602
2021-05-28,3,Cryptophyta,3.7486877,1.058417
2021-05-29,3,Cryptophyta,0.98348767,0.9659377
2021-05-30,3,Cryptophyta,0.11463098,1.2912859
2021-05-31,3,Cryptophyta,0.027501792,1.5367229
2021-06-01,3,Cryptophyta,0.009999991,1.1369148
2021-06-02,3,Cryptophyta,0.009999991,0.704306
2021-06-03,3,Cryptophyta,0.009999991,0.5704226
2021-06-04,3,Cryptophyta,0.011448221,0.5468747
2021-06-05,3,Cryptophyta,0.009999991,0.59827787
2021-06-06,3,Cryptophyta,0.22102822,0.6705676
2021-06-07,3,Cryptophyta,1.2524167,0.73578405
2021-06-08,3,Cryptophyta,2.9655645,0.8045952
2021-06-09,3,Cryptophyta,0.59876263,0.93639696
2021-06-10,3,Cryptophyta,0.90918237,1.259834
2021-06-11,3,Cryptophyta,1.1005427,1.7254097
2021-06-12,3,Cryptophyta,2.717328,1.3605471
2021-06-13,3,Cryptophyta,6.692701,1.3175731
2021-06-14,3,Cryptophyta,3.8272846,1.4222932
2021-06-15,3,Cryptophyta,5.550228,1.8283049
2021-06-16,3,Cryptophyta,7.2731714,2.3754094
2021-06-17,3,Cryptophyta,3.9749167,2.1054401
2021-06-18,3,Cryptophyta,1.4805058,2.1177714
2021-06-19,3,Cryptophyta,0.7167053,2.2197692
2021-06-20,3,Cryptophyta,1.0034058,1.7789376
2021-06-21,3,Cryptophyta,0.36990592,1.1400716
2021-06-22,3,Cryptophyta,0.63429683,0.8778138
2021-06-23,3,Cryptophyta,0.8823589,0.9742692
2021-06-24,3,Cryptophyta,0.4316136,0.882306
2021-06-25,3,Cryptophyta,1.4246527,0.9308348
2021-06-26,3,Cryptophyta,0.8443198,0.99362546
2021-06-27,3,Cryptophyta,5.683697,0.99233925
2021-06-28,3,Cryptophyta,5.1820374,1.2082036
2021-06-29,3,Cryptophyta,4.680376,1.1189207
2021-06-30,3,Cryptophyta,2.233973,1.8421234
2021-07-01,3,Cryptophyta,2.7452605,2.184729
2021-07-02,3,Cryptophyta,3.114732,2.0764241
2021-07-03,3,Cryptophyta,4.5960784,1.523633
2021-07-04,3,Cryptophyta,1.1919392,1.583492
2021-07-05,3,Cryptophyta,2.188618,1.7088922
2021-07-06,3,Cryptophyta,0.89488775,1.9104677
2021-07-07,3,Cryptophyta,1.1724837,1.3705437
2021-07-08,3,Cryptophyta,2.041239,1.2978588
2021-07-09,3,Cryptophyta,0.09234785,1.0759857
2021-07-10,3,Cryptophyta,0.11277334,1.0400714
2021-07-11,3,Cryptophyta,0.11111517,1.2679684
2021-07-12,3,Cryptophyta,0.19445011,0.88316494
2021-07-13,3,Cryptophyta,0.14789437,0.7617215
2021-07-14,3,Cryptophyta,2.0088196,0.7749462
2021-07-15,3,Cryptophyta,3.3283792,0.8399757
2021-07-16,3,Cryptophyta,2.9782705,0.82223535
2021-07-17,3,Cryptophyta,3.991751,1.2546341
2021-07-18,3,Cryptophyta,2.4407308,1.6221265
2021-07-19,3,Cryptophyta,1.8509196,1.7029206
2021-07-20,3,Cryptophyta,0.30619845,1.7625126
2021-07-21,3,Cryptophyta,0.5183273,1.4555442
2021-07-22,3,Cryptophyta,0.29636496,1.2045082
2021-07-23,3,Cryptophyta,2.2086678,0.7985969
2021-07-24,3,Cryptophyta,2.187364,0.7490275
2021-07-25,3,Cryptophyta,2.1352136,0.8101198
2021-07-26,3,Cryptophyta,1.2728292,1.4246472
2021-07-27,3,Cryptophyta,0.7636324,1.6116235
2021-07-28,3,Cryptophyta,0.08968883,1.4696625
2021-07-29,3,Cryptophyta,0.35649782,1.0656424
2021-07-30,3,Cryptophyta,0.28621292,0.82785493
2021-07-31,3,Cryptophyta,0.8985962,0.67013043
2021-08-01,3,Cryptophyta,1.3469175,0.7836492
2021-08-02,3,Cryptophyta,1.7300363,0.8696591
2021-08-03,3,Cryptophyta,0.32100654,1.0242153
2021-08-04,3,Cryptophyta,0.14803037,1.1214293
2021-08-05,3,Cryptophyta,0.009999991,1.1197288
2021-08-06,3,Cryptophyta,0.009999991,0.8718379
2021-08-07,3,Cryptophyta,0.009999991,0.6676466
2021-08-08,3,Cryptophyta,0.009999991,0.5434471
2021-08-09,3,Cryptophyta,0.23199858,0.52531165
2021-08-10,3,Cryptophyta,0.034522396,0.6105995
2021-08-11,3,Cryptophyta,0.045955125,0.7708667
2021-08-12,3,Cryptophyta,0.33081767,0.97224945
2021-08-13,3,Cryptophyta,0.2818487,0.93377286
2021-08-14,3,Cryptophyta,3.3812597,0.94118685
2021-08-15,3,Cryptophyta,4.7306323,1.0991265
2021-08-16,3,Cryptophyta,1.2108259,0.97428685
2021-08-17,3,Cryptophyta,0.8421241,1.670912
2021-08-18,3,Cryptophyta,3.8678281,2.242081
2021-08-19,3,Cryptophyta,6.1408067,1.5431596
2021-08-20,3,Cryptophyta,4.1655927,1.0325556
2021-08-21,3,Cryptophyta,1.9573146,1.4850641
2021-08-22,3,Cryptophyta,6.7205424,2.2810113
2021-08-23,3,Cryptophyta,6.412621,2.3820946
2021-08-24,3,Cryptophyta,4.911873,1.6970943
2021-08-25,3,Cryptophyta,5.530123,2.0055819
2021-08-26,3,Cryptophyta,4.9580812,2.5645053
2021-08-27,3,Cryptophyta,3.6376522,2.2434506
2021-08-28,3,Cryptophyta,2.0945258,2.063473
2021-08-29,3,Cryptophyta,1.1689283,1.8872174
2021-08-30,3,Cryptophyta,0.895105,1.7063832
2021-08-31,3,Cryptophyta,0.98863244,1.4355549
2021-09-01,3,Cryptophyta,0.47985527,1.2232997
2021-09-02,3,Cryptophyta,0.16972502,1.1026452
2021-09-03,3,Cryptophyta,0.16249637,1.1160141
2021-09-04,3,Cryptophyta,0.40104917,0.9978974
2021-09-05,3,Cryptophyta,0.5010926,0.7995269
2021-09-06,3,Cryptophyta,0.21408828,0.69238394
2021-09-07,3,Cryptophyta,0.09729903,0.7746562
2021-09-08,3,Cryptophyta,0.18883504,0.8405743
2021-09-09,3,Cryptophyta,0.8836324,0.73043793
2021-09-10,3,Cryptophyta,0.94916064,0.62700266
2021-09-11,3,Cryptophyta,2.8891752,0.6169015
2021-09-12,3,Cryptophyta,3.9723084,0.81278646
2021-09-13,3,Cryptophyta,1.3835337,0.8867667
2021-09-14,3,Cryptophyta,0.8942071,1.34699
2021-09-15,3,Cryptophyta,0.11826209,1.6623058
2021-09-16,3,Cryptophyta,0.03495292,1.2040609
2021-09-17,3,Cryptophyta,0.021180328,0.8818936
2021-09-18,3,Cryptophyta,0.014590886,0.70783544
2021-09-19,3,Cryptophyta,0.027762465,0.67356604
2021-09-20,3,Cryptophyta,0.014923933,0.65667015
2021-09-21,3,Cryptophyta,0.013330923,0.667635
2021-09-22,3,Cryptophyta,0.02899346,0.69917226
2021-09-23,3,Cryptophyta,0.031630408,0.6186975
2021-09-24,3,Cryptophyta,0.016531473,0.5011908
2021-09-25,3,Cryptophyta,0.025249824,0.4426796
2021-09-26,3,Cryptophyta,0.020209959,0.421122
2021-09-27,3,Cryptophyta,0.016162232,0.4017951
2021-09-28,3,Cryptophyta,0.012722697,0.38419598
2021-09-29,3,Cryptophyta,0.014996384,0.35733277
2021-09-30,3,Cryptophyta,0.027639415,0.3538416
2021-10-01,3,Cryptophyta,0.0215858,0.332142
2021-10-02,3,Cryptophyta,0.009999991,0.33123437
2021-10-03,3,Cryptophyta,0.04314291,0.31747034
2021-10-04,3,Cryptophyta,0.06171007,0.31222758
2021-10-05,3,Cryptophyta,0.08027723,0.2657683
2021-10-06,3,Cryptophyta,0.09884436,0.25018963
2021-10-07,3,Cryptophyta,0.11741151,0.23040631
2021-10-08,3,Cryptophyta,0.13597873,0.20591652
2021-10-09,3,Cryptophyta,0.15454592,0.19547315
2021-10-10,3,Cryptophyta,0.17311302,0.24954687
2021-10-11,3,Cryptophyta,0.19168025,0.3261277
2021-10-12,3,Cryptophyta,0.08330738,0.36334854
2021-10-13,3,Cryptophyta,0.20564081,0.36998028
2021-10-14,3,Cryptophyta,0.45210716,0.41462034
2021-10-15,3,Cryptophyta,1.9633454,0.3967581
2021-10-16,3,Cryptophyta,2.402042,0.4189201
2021-10-17,3,Cryptophyta,0.18239857,0.48354328
2021-10-18,3,Cryptophyta,0.14306079,0.83843297
2021-10-19,3,Cryptophyta,0.1371925,1.1189426
2021-10-20,3,Cryptophyta,0.10953692,0.7285483
2021-10-21,3,Cryptophyta,0.33654124,0.5723703
2021-10-22,3,Cryptophyta,0.09678729,0.58703965
2021-10-23,3,Cryptophyta,0.12801735,0.6115798
2021-10-24,3,Cryptophyta,0.15230823,0.71908945
2021-10-25,3,Cryptophyta,0.3744026,0.73117775
2021-10-26,3,Cryptophyta,0.5011505,0.7155816
2021-10-27,3,Cryptophyta,2.2271852,0.7026884
2021-10-28,3,Cryptophyta,5.092771,0.7755073
2021-10-29,3,Cryptophyta,4.4250436,0.887083
2021-10-30,3,Cryptophyta,1.6537554,1.4466494
2021-10-31,3,Cryptophyta,1.1526773,2.1024199
2021-11-01,3,Cryptophyta,0.999602,2.0055823
2021-11-02,3,Cryptophyta,2.287547,1.2148494
2021-11-03,3,Cryptophyta,3.3543994,0.94252926
2021-11-04,3,Cryptophyta,1.814754,0.93911505
2021-11-05,3,Cryptophyta,0.28529662,1.317249
2021-11-06,3,Cryptophyta,0.8264255,1.688377
2021-11-07,3,Cryptophyta,1.651774,1.4275823
2021-11-08,3,Cryptophyta,0.8663386,0.85389507
2021-11-09,3,Cryptophyta,0.98232996,0.95055157
2021-11-10,3,Cryptophyta,1.3961767,1.3657315
2021-11-11,3,Cryptophyta,0.55808246,1.2563491
2021-11-12,3,Cryptophyta,0.2808545,1.1440872
2021-11-13,3,Cryptophyta,0.22812591,1.2641534
2021-11-14,3,Cryptophyta,0.060130253,1.0385535
2021-11-15,3,Cryptophyta,0.064438835,0.85431916
2021-11-16,3,Cryptophyta,0.12549599,0.831546
2021-11-17,3,Cryptophyta,0.12162303,0.7734585
2021-11-18,3,Cryptophyta,0.13411672,0.7654691
2021-11-19,3,Cryptophyta,0.038276628,0.80907357
2021-11-20,3,Cryptophyta,0.037277333,0.8500264
2021-11-21,3,Cryptophyta,0.14311372,0.8445151
2021-11-22,3,Cryptophyta,0.31098408,0.7780971
2021-11-23,3,Cryptophyta,0.028777102,0.7983628
2021-11-24,3,Cryptophyta,0.11981185,0.9184802
2021-11-25,3,Cryptophyta,0.089210704,0.95250666
2021-11-26,3,Cryptophyta,0.026425505,0.7384662
2021-11-27,3,Cryptophyta,0.080904454,0.71191627
2021-11-28,3,Cryptophyta,0.079240225,0.69871205
2021-11-29,3,Cryptophyta,0.13870382,0.6593959
2021-11-30,3,Cryptophyta,0.70564806,0.6508986
2021-12-01,3,Cryptophyta,0.46112964,0.6754778
2021-12-02,3,Cryptophyta,0.56976104,0.7742013
2021-12-03,3,Cryptophyta,0.44613323,1.0211711
2021-12-04,3,Cryptophyta,0.114030406,0.8825618
2021-12-05,3,Cryptophyta,0.13754705,0.8339104
2021-12-06,3,Cryptophyta,0.13356574,0.89789313
2021-12-07,3,Cryptophyta,0.13945727,0.8652934
2021-12-08,3,Cryptophyta,0.18000004,0.8417439
2021-12-09,3,Cryptophyta,0.22572987,0.8554386
2021-12-10,3,Cryptophyta,0.1674964,0.8627651
2021-12-11,3,Cryptophyta,0.536042,0.87748307
2021-12-12,3,Cryptophyta,0.33448946,0.92155206
2021-12-13,3,Cryptophyta,0.8888133,0.881646
2021-12-14,3,Cryptophyta,1.109754,1.076288
2021-12-15,3,Cryptophyta,1.157719,1.0495114
2021-12-16,3,Cryptophyta,0.9222013,1.2720104
2021-12-17,3,Cryptophyta,0.2394569,1.5187092
2021-12-18,3,Cryptophyta,0.17299783,1.5983378
2021-12-19,3,Cryptophyta,0.19939901,1.4312357
2021-12-20,3,Cryptophyta,0.0508104,1.0375752
2021-12-21,3,Cryptophyta,0.012547057,0.8871919
2021-12-22,3,Cryptophyta,1.1247612,0.86733913
2021-12-23,3,Cryptophyta,3.3235745,0.79257125
2021-12-24,3,Cryptophyta,5.3787045,0.72168285
2021-12-25,3,Cryptophyta,1.9026159,1.0246
2021-12-26,3,Cryptophyta,1.5518523,1.8519288
2021-12-27,3,Cryptophyta,1.4961421,2.5257504
2021-12-28,3,Cryptophyta,2.0434694,1.8499252
2021-12-29,3,Cryptophyta,1.3157945,1.3328991
2021-12-30,3,Cryptophyta,1.7633647,1.2944757
2021-12-31,3,Cryptophyta,0.99547976,1.6106032
2022-01-01,3,Cryptophyta,0.90334296,1.6013167
2022-01-02,3,Cryptophyta,0.460246,1.7166287
2022-01-03,3,Cryptophyta,0.49183202,1.4858766
2022-01-04,3,Cryptophyta,0.8021434,1.3803633
2022-01-05,3,Cryptophyta,2.411108,1.1765996
2022-01-06,3,Cryptophyta,1.9298986,1.1240605
2022-01-07,3,Cryptophyta,1.4486893,1.2656887
2022-01-08,3,Cryptophyta,2.254236,1.873643
2022-01-09,3,Cryptophyta,1.9260247,1.8669337
2022-01-10,3,Cryptophyta,3.8141894,1.3661778
2022-01-11,3,Cryptophyta,3.3248262,1.4357693
2022-01-12,3,Cryptophyta,1.8018959,1.5157459
2022-01-13,3,Cryptophyta,0.6656151,1.9465299
2022-01-14,3,Cryptophyta,0.16721943,1.9744295
2022-01-15,3,Cryptophyta,0.40709117,1.5685784
2022-01-16,3,Cryptophyta,0.41276413,1.1882771
2022-01-17,3,Cryptophyta,0.12125267,0.95104474
2022-01-18,3,Cryptophyta,0.50808835,1.106962
2022-01-19,3,Cryptophyta,0.29482982,1.2807606
2022-01-20,3,Cryptophyta,0.28364226,1.1850808
2022-01-21,3,Cryptophyta,0.73514116,1.3507023
2022-01-22,3,Cryptophyta,0.8555467,1.4001495
2022-01-23,3,Cryptophyta,6.0838957,1.364792
2022-01-24,3,Cryptophyta,2.5067077,1.5452113
2022-01-25,3,Cryptophyta,3.2794752,1.6154251
2022-01-26,3,Cryptophyta,4.0522428,2.9233086
2022-01-27,3,Cryptophyta,7.7161593,2.7215168
2022-01-28,3,Cryptophyta,6.604,2.3836048
2022-01-29,3,Cryptophyta,6.2652764,2.2833383
2022-01-30,3,Cryptophyta,4.679468,2.7632215
2022-01-31,3,Cryptophyta,2.0781941,2.8533602
2022-02-01,3,Cryptophyta,1.1183823,2.697972
2022-02-02,3,Cryptophyta,2.0167906,2.4361718
2022-02-03,3,Cryptophyta,1.0336812,1.9051182
2022-02-04,3,Cryptophyta,1.8221382,1.5504401
2022-02-05,3,Cryptophyta,2.1748297,1.8292718
2022-02-06,3,Cryptophyta,0.7498538,1.5966516
2022-02-07,3,Cryptophyta,1.6242288,1.7171586
2022-02-08,3,Cryptophyta,2.812573,1.9402399
2022-02-09,3,Cryptophyta,2.1546009,1.517824
2022-02-10,3,Cryptophyta,2.7654421,1.6142105
2022-02-11,3,Cryptophyta,1.6416949,1.9881089
2022-02-12,3,Cryptophyta,3.2547395,2.1580472
2022-02-13,3,Cryptophyta,4.4726844,2.2144027
2022-02-14,3,Cryptophyta,3.2693677,1.7557296
2022-02-15,3,Cryptophyta,3.0681496,1.9801672
2022-02-16,3,Cryptophyta,3.5129151,2.3679256
2022-02-17,3,Cryptophyta,6.3626266,2.3438487
2022-02-18,3,Cryptophyta,5.7419825,2.1166408
2022-02-19,3,Cryptophyta,5.121339,2.1801245
2022-02-20,3,Cryptophyta,1.3447684,2.6307201
2022-02-21,3,Cryptophyta,0.34763938,2.3929634
2022-02-22,3,Cryptophyta,0.11295442,1.9711354
2022-02-23,3,Cryptophyta,0.010837298,1.0925387
2022-02-24,3,Cryptophyta,0.2931932,0.7579454
2022-02-25,3,Cryptophyta,0.3498264,0.6938443
2022-02-26,3,Cryptophyta,0.40645963,0.6960272
2022-02-27,3,Cryptophyta,0.46309286,0.8103284
2022-02-28,3,Cryptophyta,0.23080894,0.8989175
2022-03-01,3,Cryptophyta,0.66084886,1.0245721
2022-03-02,3,Cryptophyta,1.4105,1.0912116
2022-03-03,3,Cryptophyta,2.6836133,0.96619016
2022-03-04,3,Cryptophyta,3.074573,1.0967754
2022-03-05,3,Cryptophyta,4.616686,1.7824783
2022-03-06,3,Cryptophyta,4.4455137,2.6351156
2022-03-07,3,Cryptophyta,5.2407317,2.777082
2022-03-08,3,Cryptophyta,3.0426722,2.8620038
2022-03-09,3,Cryptophyta,2.6120565,2.7904668
2022-03-10,3,Cryptophyta,3.1026852,2.7210813
2022-03-11,3,Cryptophyta,5.934228,2.0652494
2022-03-12,3,Cryptophyta,5.9608407,2.033728
2022-03-13,3,Cryptophyta,8.2981825,2.6403337
2022-03-14,3,Cryptophyta,8.111037,3.8703077
2022-03-15,3,Cryptophyta,7.923893,3.7782214
2022-03-16,3,Cryptophyta,7.6927795,3.527381
2022-03-17,3,Cryptophyta,7.4616656,3.2516
2022-03-18,3,Cryptophyta,7.230552,3.0331883
2022-03-19,3,Cryptophyta,6.9994383,2.6656315
2022-03-20,3,Cryptophyta,6.768325,2.5214221
2022-03-21,3,Cryptophyta,2.956575,2.4577613
2022-03-22,3,Cryptophyta,3.0413914,2.3177316
2022-03-23,3,Cryptophyta,1.2712663,2.2841592
2022-03-24,3,Cryptophyta,0.48071688,1.7642516
2022-03-25,3,Cryptophyta,0.24598116,1.6377145
2022-03-26,3,Cryptophyta,0.17334539,1.3075602
2022-03-27,3,Cryptophyta,0.014066844,1.0068302
2022-03-28,3,Cryptophyta,0.009999991,0.8240122
2022-03-29,3,Cryptophyta,0.009999991,0.7896091
2022-03-30,3,Cryptophyta,0.011354405,0.6806115
2022-03-31,3,Cryptophyta,0.011491702,0.75125957
2022-04-01,3,Cryptophyta,0.0132873645,0.727135
2022-04-02,3,Cryptophyta,0.009999991,0.7314262
2022-04-03,3,Cryptophyta,0.0104561765,0.87118816
2022-04-04,3,Cryptophyta,0.058059365,1.1746324
2022-04-05,3,Cryptophyta,0.5978168,1.1019601
2022-04-06,3,Cryptophyta,0.5055185,1.0389167
2022-04-07,3,Cryptophyta,1.6158104,1.1994349
2022-04-08,3,Cryptophyta,3.517357,1.5986614
2022-04-09,3,Cryptophyta,3.552728,1.7497848
2022-04-10,3,Cryptophyta,3.648052,2.2423573
2022-04-11,3,Cryptophyta,4.8602524,2.9608517
2022-04-12,3,Cryptophyta,5.7928276,3.185839
2022-04-13,3,Cryptophyta,7.0250325,3.2343764
2022-04-14,3,Cryptophyta,7.4662733,3.1796682
2022-04-15,3,Cryptophyta,6.0537853,3.3149755
2022-04-16,3,Cryptophyta,5.7560816,3.3569424
2022-04-17,3,Cryptophyta,5.326953,3.2192764
2022-04-18,3,Cryptophyta,6.1952877,2.779432
2022-04-19,3,Cryptophyta,1.519471,2.504
2022-04-20,3,Cryptophyta,1.9496597,2.1852612
2022-04-21,3,Cryptophyta,2.6454587,2.5763736
2022-04-22,3,Cryptophyta,4.0942683,1.8021095
2022-04-23,3,Cryptophyta,5.363492,1.9083182
2022-04-24,3,Cryptophyta,6.632715,2.2061675
2022-04-25,3,Cryptophyta,5.4636426,2.755843
2022-04-26,3,Cryptophyta,5.049073,3.0008438
2022-04-27,3,Cryptophyta,4.6345043,3.1234004
2022-04-28,3,Cryptophyta,4.219935,2.360387
2022-04-29,3,Cryptophyta,3.26207,2.0880609
2022-04-30,3,Cryptophyta,0.3818768,1.7346845
2022-05-01,3,Cryptophyta,0.3872826,2.0917845
2022-05-02,3,Cryptophyta,0.08944931,1.9806356
2022-05-03,3,Cryptophyta,0.25981158,1.2633696
2022-05-04,3,Cryptophyta,1.3497682,0.9582985
2022-05-05,3,Cryptophyta,2.010942,0.7844859
2022-05-06,3,Cryptophyta,4.4939523,0.80793077
2022-05-07,3,Cryptophyta,4.4601665,1.3263841
2022-05-08,3,Cryptophyta,3.5489104,2.0721593
2022-05-09,3,Cryptophyta,2.6376543,2.9540348
2022-05-10,3,Cryptophyta,1.0043664,3.0284462
2022-05-11,3,Cryptophyta,0.4831377,2.1790698
2022-05-12,3,Cryptophyta,0.5559877,1.6374682
2022-05-13,3,Cryptophyta,0.073652156,1.0975446
2022-05-14,3,Cryptophyta,0.009999991,0.87195873
2022-05-15,3,Cryptophyta,0.009999991,0.9133621
2022-05-16,3,Cryptophyta,0.009999991,0.68658423
2022-05-17,3,Cryptophyta,0.009999991,0.5193053
2022-05-18,3,Cryptophyta,0.013930398,0.42883286
2022-05-19,3,Cryptophyta,0.032872636,0.42882836
2022-05-20,3,Cryptophyta,0.58060104,0.4854869
2022-05-21,3,Cryptophyta,5.506287,0.5001397
2022-05-22,3,Cryptophyta,1.7813116,0.43954867
2022-05-23,3,Cryptophyta,1.5250723,0.58179206
2022-05-24,3,Cryptophyta,2.5719986,1.4709166
2022-05-25,3,Cryptophyta,0.094826125,1.3773983
2022-05-26,3,Cryptophyta,0.38431472,0.9405768
2022-05-27,3,Cryptophyta,0.016613582,1.0063283
2022-05-28,3,Cryptophyta,0.009999991,0.67174613
2022-05-29,3,Cryptophyta,0.009999991,0.5067392
2022-05-30,3,Cryptophyta,0.009999991,0.34864908
2022-05-31,3,Cryptophyta,0.009999991,0.29630953
2022-06-01,3,Cryptophyta,0.041579302,0.32585266
2022-06-02,3,Cryptophyta,0.009999991,0.31785354
2022-06-03,3,Cryptophyta,0.009999991,0.33199495
2022-06-04,3,Cryptophyta,0.009999991,0.36008492
2022-06-05,3,Cryptophyta,0.009999991,0.33585766
2022-06-06,3,Cryptophyta,0.009999991,0.27910566
2022-06-07,3,Cryptophyta,0.009999991,0.26293662
2022-06-08,3,Cryptophyta,0.009999991,0.30984887
2022-06-09,3,Cryptophyta,0.009999991,0.30737388
2022-06-10,3,Cryptophyta,0.009999991,0.25584805
2022-06-11,3,Cryptophyta,0.009999991,0.16605785
2022-06-12,3,Cryptophyta,0.009999991,0.16851486
2022-06-13,3,Cryptophyta,0.009999991,0.18575837
2022-06-14,3,Cryptophyta,0.009999991,0.21146473
2022-06-15,3,Cryptophyta,0.009999991,0.2579605
2022-06-16,3,Cryptophyta,0.009999991,0.23779692
2022-06-17,3,Cryptophyta,0.0147973765,0.15071602
2022-06-18,3,Cryptophyta,0.073159404,0.08417244
2022-06-19,3,Cryptophyta,0.06849167,0.12081047
2022-06-20,3,Cryptophyta,0.14291817,0.235215
2022-06-21,3,Cryptophyta,0.20932655,0.36171916
2022-06-22,3,Cryptophyta,0.23238957,0.44506267
2022-06-23,3,Cryptophyta,0.017235858,0.47330952
2022-06-24,3,Cryptophyta,0.040120743,0.4878071
2022-06-25,3,Cryptophyta,0.2839175,0.43930835
2022-06-26,3,Cryptophyta,0.035959456,0.26677936
2022-06-27,3,Cryptophyta,0.06081824,0.24698332
2022-06-28,3,Cryptophyta,0.27052093,0.43044665
2022-06-29,3,Cryptophyta,0.012525414,0.37527844
2022-06-30,3,Cryptophyta,0.6139971,0.37225705
2022-07-01,3,Cryptophyta,0.59884864,0.4420257
2022-07-02,3,Cryptophyta,0.026125995,0.35116947
2022-07-03,3,Cryptophyta,0.010289456,0.43800923
2022-07-04,3,Cryptophyta,0.009999991,0.50497377
2022-07-05,3,Cryptophyta,0.009999991,0.38136968
2022-07-06,3,Cryptophyta,0.009999991,0.30066594
2022-07-07,3,Cryptophyta,0.009999991,0.25815094
2022-07-08,3,Cryptophyta,0.02234078,0.25023088
2022-07-09,3,Cryptophyta,0.10539345,0.2687322
2022-07-10,3,Cryptophyta,0.24793312,0.27787074
2022-07-11,3,Cryptophyta,0.51225203,0.29478008
2022-07-12,3,Cryptophyta,0.3178261,0.32285088
2022-07-13,3,Cryptophyta,0.12300002,0.4130003
2022-07-14,3,Cryptophyta,1.7812928,0.47439387
2022-07-15,3,Cryptophyta,4.1484494,0.44415963
2022-07-16,3,Cryptophyta,0.7352533,0.38898697
2022-07-17,3,Cryptophyta,0.92751086,0.60452205
2022-07-18,3,Cryptophyta,0.22509077,1.0360903
2022-07-19,3,Cryptophyta,0.020543884,0.8077629
2022-07-20,3,Cryptophyta,0.043882452,0.63112205
2022-07-21,3,Cryptophyta,0.011791171,0.49366137
2022-07-22,3,Cryptophyta,0.010043729,0.4082289
2022-07-23,3,Cryptophyta,0.012169442,0.35939878
2022-07-24,3,Cryptophyta,0.40781432,0.2852286
2022-07-25,3,Cryptophyta,0.016661854,0.19294149
2022-07-26,3,Cryptophyta,0.022054957,0.170423
2022-07-27,3,Cryptophyta,0.020608686,0.29022914
2022-07-28,3,Cryptophyta,0.010642375,0.21793579
2022-07-29,3,Cryptophyta,0.07021444,0.16563274
2022-07-30,3,Cryptophyta,0.103735305,0.14933534
2022-07-31,3,Cryptophyta,0.1372561,0.13485014
2022-08-01,3,Cryptophyta,0.17077692,0.17807154
2022-08-02,3,Cryptophyta,0.20429775,0.2035335
2022-08-03,3,Cryptophyta,0.2378185,0.24051145
2022-08-04,3,Cryptophyta,0.27133936,0.3246866
2022-08-05,3,Cryptophyta,0.30486017,0.37798983
2022-08-06,3,Cryptophyta,0.33838093,0.38223726
2022-08-07,3,Cryptophyta,0.37190175,0.35496524
2022-08-08,3,Cryptophyta,0.40542254,0.3339032
2022-08-09,3,Cryptophyta,0.43894336,0.36198267
2022-08-10,3,Cryptophyta,0.47246417,0.41302997
2022-08-11,3,Cryptophyta,0.505985,0.44057766
2022-08-12,3,Cryptophyta,0.5395058,0.46354562
2022-08-13,3,Cryptophyta,0.5730266,0.48373246
2022-08-14,3,Cryptophyta,0.6065474,0.5527816
2022-08-15,3,Cryptophyta,0.6400682,0.55737424
2022-08-16,3,Cryptophyta,0.67358905,0.6576875
2022-08-17,3,Cryptophyta,0.70710987,0.6939554
2022-08-18,3,Cryptophyta,0.7406306,0.7121698
2022-08-19,3,Cryptophyta,0.77415144,0.74908274
2022-08-20,3,Cryptophyta,0.80767226,0.79901636
2022-08-21,3,Cryptophyta,0.8411931,0.801516
2022-08-22,3,Cryptophyta,0.87471384,0.84579426
2022-08-23,3,Cryptophyta,0.90823466,0.86997485
2022-08-24,3,Cryptophyta,0.9417555,0.8615646
2022-08-25,3,Cryptophyta,0.97527635,0.9034864
2022-08-26,3,Cryptophyta,1.008797,0.9213042
2022-08-27,3,Cryptophyta,1.042318,0.89707214
2022-08-28,3,Cryptophyta,1.0758387,0.92303985
2022-08-29,3,Cryptophyta,1.1093595,0.93658316
2022-08-30,3,Cryptophyta,1.1428803,0.97288185
2022-08-31,3,Cryptophyta,1.1764011,1.0302279
2022-09-01,3,Cryptophyta,1.209922,1.0810975
2022-09-02,3,Cryptophyta,1.2434428,1.1086745
2022-09-03,3,Cryptophyta,1.2769636,1.1383041
2022-09-04,3,Cryptophyta,1.3104844,1.056051
2022-09-05,3,Cryptophyta,1.3440052,1.0606328
2022-09-06,3,Cryptophyta,1.377526,1.0864791
2022-09-07,3,Cryptophyta,1.4110469,1.1246964
2022-09-08,3,Cryptophyta,1.4445677,1.1210479
2022-09-09,3,Cryptophyta,1.4780885,1.2380438
2022-09-10,3,Cryptophyta,1.5513841,1.2614839
2022-09-11,3,Cryptophyta,1.6445435,1.2364658
2022-09-12,3,Cryptophyta,1.056165,1.2059861
2022-09-13,3,Cryptophyta,1.3345797,1.2504556
2022-09-14,3,Cryptophyta,2.154297,1.334174
2022-09-15,3,Cryptophyta,1.5098189,1.229382
2022-09-16,3,Cryptophyta,0.62335265,1.2804874
2022-09-17,3,Cryptophyta,0.5262518,1.4108388
2022-09-18,3,Cryptophyta,0.5816812,1.3559182
2022-09-19,3,Cryptophyta,0.26104993,1.0110805
2022-09-20,3,Cryptophyta,0.011123174,0.92882365
2022-09-21,3,Cryptophyta,0.051745083,0.93881804
2022-09-22,3,Cryptophyta,0.030354569,0.79788715
2022-09-23,3,Cryptophyta,0.042973924,0.60228074
2022-09-24,3,Cryptophyta,0.13725565,0.53476465
2022-09-25,3,Cryptophyta,0.0662491,0.47367394
2022-09-26,3,Cryptophyta,0.19330437,0.41341734
2022-09-27,3,Cryptophyta,0.1107241,0.35516542
2022-09-28,3,Cryptophyta,1.4748371,0.3542668
2022-09-29,3,Cryptophyta,1.4093351,0.29864666
2022-09-30,3,Cryptophyta,0.43673825,0.24681562
2022-10-01,3,Cryptophyta,0.009999991,0.41218108
2022-10-02,3,Cryptophyta,0.0148912715,0.5277902
2022-10-03,3,Cryptophyta,0.07116495,0.41914386
2022-10-04,3,Cryptophyta,0.19286546,0.25017378
2022-10-05,3,Cryptophyta,0.009999991,0.1984025
2022-10-06,3,Cryptophyta,0.009999991,0.22648498
2022-10-07,3,Cryptophyta,0.009999991,0.22248289
2022-10-08,3,Cryptophyta,0.009999991,0.18157515
2022-10-09,3,Cryptophyta,0.018630426,0.15443964
2022-10-10,3,Cryptophyta,0.013161731,0.17195003
2022-10-11,3,Cryptophyta,0.024279546,0.253839
2022-10-12,3,Cryptophyta,0.15063044,0.30445597
2022-10-13,3,Cryptophyta,0.012413051,0.31246194
2022-10-14,3,Cryptophyta,0.010152084,0.2783364
2022-10-15,3,Cryptophyta,0.010290094,0.2909231
2022-10-16,3,Cryptophyta,0.01853731,0.271393
2022-10-17,3,Cryptophyta,0.028262116,0.26482397
2022-10-18,3,Cryptophyta,0.010137582,0.2848169
2022-10-19,3,Cryptophyta,0.05505431,0.29978725
2022-10-20,3,Cryptophyta,0.1891751,0.3105641
2022-10-21,3,Cryptophyta,0.30444208,0.29041663
2022-10-22,3,Cryptophyta,3.1631176,0.25487757
2022-10-23,3,Cryptophyta,0.263108,0.31010956
2022-10-24,3,Cryptophyta,0.21729375,0.32122818
2022-10-25,3,Cryptophyta,0.059153363,0.82935524
2022-10-26,3,Cryptophyta,0.059789892,0.5973915
2022-10-27,3,Cryptophyta,0.047026042,0.38744363
2022-10-28,3,Cryptophyta,0.107351705,0.26393896
2022-10-29,3,Cryptophyta,0.0664518,0.2394395
2022-10-30,3,Cryptophyta,0.05750361,0.24784541
2022-10-31,3,Cryptophyta,0.066642515,0.26688766
2022-11-01,3,Cryptophyta,0.09764286,0.23418482
2022-11-02,3,Cryptophyta,0.11699055,0.21031192
2022-11-03,3,Cryptophyta,0.17307027,0.20770521
2022-11-04,3,Cryptophyta,0.085826114,0.22771913
2022-11-05,3,Cryptophyta,0.06902318,0.23872371
2022-11-06,3,Cryptophyta,0.055853847,0.22616751
2022-11-07,3,Cryptophyta,0.1524133,0.19204557
2022-11-08,3,Cryptophyta,2.7645764,0.17524491
2022-11-09,3,Cryptophyta,1.2183956,0.22488448
2022-11-10,3,Cryptophyta,0.56341535,0.27072138
2022-11-11,3,Cryptophyta,0.70662564,0.82557136
2022-11-12,3,Cryptophyta,0.9455072,0.9598961
2022-11-13,3,Cryptophyta,0.2735725,0.6963064
2022-11-14,3,Cryptophyta,0.19732274,0.6114931
2022-11-15,3,Cryptophyta,0.21539077,0.71903086
2022-11-16,3,Cryptophyta,0.09860967,0.62341756
2022-11-17,3,Cryptophyta,0.08582912,0.51349074
2022-11-18,3,Cryptophyta,0.05319826,0.38987163
2022-11-19,3,Cryptophyta,0.24602175,0.2889473
2022-11-20,3,Cryptophyta,0.22234443,0.27400464
2022-11-21,3,Cryptophyta,0.14946416,0.32157636
2022-11-22,3,Cryptophyta,0.13514844,0.42339197
2022-11-23,3,Cryptophyta,0.32496366,0.40326726
2022-11-24,3,Cryptophyta,0.04255429,0.39521155
2022-11-25,3,Cryptophyta,0.13866036,0.3820251
2022-11-26,3,Cryptophyta,0.011700435,0.43894234
2022-11-27,3,Cryptophyta,0.051456515,0.36363682
2022-11-28,3,Cryptophyta,0.07280031,0.32132068
2022-11-29,3,Cryptophyta,0.01386674,0.31627086
2022-11-30,3,Cryptophyta,0.13835019,0.3501625
2022-12-01,3,Cryptophyta,0.025166452,0.3920188
2022-12-02,3,Cryptophyta,0.15414065,0.43745288
2022-12-03,3,Cryptophyta,0.16071686,0.51531166
2022-12-04,3,Cryptophyta,0.14975378,0.4665649
2022-12-05,3,Cryptophyta,0.7071791,0.46100032
2022-12-06,3,Cryptophyta,0.8909427,0.44262892
2022-12-07,3,Cryptophyta,1.0464518,0.39514652
2022-12-08,3,Cryptophyta,0.9203116,0.50061274
2022-12-09,3,Cryptophyta,1.654772,0.540269
2022-12-10,3,Cryptophyta,1.3442216,0.67172736
2022-12-11,3,Cryptophyta,0.2558943,0.7143792
2022-12-12,3,Cryptophyta,0.23369749,0.9315763
2022-12-13,3,Cryptophyta,0.18690802,0.9523362
2022-12-14,3,Cryptophyta,0.08117475,0.5121679
2022-12-15,3,Cryptophyta,0.12455794,0.33404616
2022-12-16,3,Cryptophyta,0.06581464,0.2943696
2022-12-17,3,Cryptophyta,0.13824038,0.31387848
2022-12-18,3,Cryptophyta,0.18520641,0.33924213
2022-12-19,3,Cryptophyta,0.12663768,0.42655468
2022-12-20,3,Cryptophyta,0.1604924,0.39193162
2022-12-21,3,Cryptophyta,0.1743573,0.359401
2022-12-22,3,Cryptophyta,0.23126812,0.30717632
2022-12-23,3,Cryptophyta,0.1509928,0.3469233
2022-12-24,3,Cryptophyta,0.1620203,0.4183882
2022-12-25,3,Cryptophyta,0.21839248,0.46111718
2022-12-26,3,Cryptophyta,0.23416787,0.4478483
2022-12-27,3,Cryptophyta,0.21106365,0.4216189
2022-12-28,3,Cryptophyta,0.19214647,0.4532395
2022-12-29,3,Cryptophyta,0.3410203,0.5203417
2022-12-30,3,Cryptophyta,0.35081884,0.4815668
2022-12-31,3,Cryptophyta,0.49809423,0.47385597
2023-01-01,3,Cryptophyta,0.18109258,0.55543154
2023-01-02,3,Cryptophyta,0.31292963,0.66368544
2023-01-03,3,Cryptophyta,0.07629438,0.80444825
2023-01-04,3,Cryptophyta,3.205677,0.743066
2023-01-05,3,Cryptophyta,4.054281,0.76287115
2023-01-06,3,Cryptophyta,4.902886,0.71666753
2023-01-07,3,Cryptophyta,5.75149,1.9832438
2023-01-08,3,Cryptophyta,6.600094,3.2280345
2023-01-09,3,Cryptophyta,6.476336,3.42903
2023-01-10,3,Cryptophyta,6.3525777,3.2319016
2023-01-11,3,Cryptophyta,7.391216,2.7962248
2023-01-12,3,Cryptophyta,6.5247107,2.6065254
2023-01-13,3,Cryptophyta,6.205655,2.657827
2023-01-14,3,Cryptophyta,5.886599,2.8318944
2023-01-15,3,Cryptophyta,3.070391,2.830469
2023-01-16,3,Cryptophyta,3.2330124,2.7965765
2023-01-17,3,Cryptophyta,3.5090666,2.8312023
2023-01-18,3,Cryptophyta,1.8202682,2.125613
2023-01-19,3,Cryptophyta,1.4881377,2.029419
2023-01-20,3,Cryptophyta,1.890601,2.3617373
2023-01-21,3,Cryptophyta,2.4779377,2.1207063
2023-01-22,3,Cryptophyta,5.5649133,1.9995604
2023-01-23,3,Cryptophyta,6.253169,2.3224401
2023-01-24,3,Cryptophyta,2.7285879,2.5969708
2023-01-25,3,Cryptophyta,3.2420566,3.4627936
2023-01-26,3,Cryptophyta,3.3563943,3.724513
2023-01-27,3,Cryptophyta,3.5607386,2.4971778
2023-01-28,3,Cryptophyta,2.948197,2.1164262
2023-01-29,3,Cryptophyta,2.329044,2.2371898
2023-01-30,3,Cryptophyta,1.9131858,2.5964868
2023-01-31,3,Cryptophyta,4.070152,2.5179317
2023-02-01,3,Cryptophyta,5.226647,2.3490548
2023-02-02,3,Cryptophyta,7.453282,2.3300295
2023-02-03,3,Cryptophyta,4.521753,2.8961387
2023-02-04,3,Cryptophyta,4.6141877,3.5517433
2023-02-05,3,Cryptophyta,4.706622,3.8103015
2023-02-06,3,Cryptophyta,4.7990575,2.9147184
2023-02-07,3,Cryptophyta,6.802565,2.6669817
2023-02-08,3,Cryptophyta,5.860838,2.7359285
2023-02-09,3,Cryptophyta,4.919111,2.8297286
2023-02-10,3,Cryptophyta,4.0689564,2.98071
2023-02-11,3,Cryptophyta,5.0742173,2.752109
2023-02-12,3,Cryptophyta,3.9877925,2.476144
2023-02-13,3,Cryptophyta,3.0906606,1.9838488
2023-02-14,3,Cryptophyta,4.7804313,2.2207255
2023-02-15,3,Cryptophyta,3.154463,2.1413782
2023-02-16,3,Cryptophyta,2.5376039,2.0793877
2023-02-17,3,Cryptophyta,2.6187308,2.24558
2023-02-18,3,Cryptophyta,3.3592136,2.0942032
2023-02-19,3,Cryptophyta,2.9372036,1.9537563
2023-02-20,3,Cryptophyta,2.8396633,1.994683
2023-02-21,3,Cryptophyta,2.0213537,2.245073
2023-02-22,3,Cryptophyta,1.5460931,2.3284228
2023-02-23,3,Cryptophyta,3.0472844,2.2814105
2023-02-24,3,Cryptophyta,2.540876,1.9949536
2023-02-25,3,Cryptophyta,1.6696993,1.6944922
2023-02-26,3,Cryptophyta,1.8506247,1.9611201
2023-02-27,3,Cryptophyta,2.4273033,2.102147
2023-02-28,3,Cryptophyta,4.0576186,1.887765
2023-03-01,3,Cryptophyta,3.1774063,1.755975
2023-03-02,3,Cryptophyta,1.9276384,1.9233395
2023-03-03,3,Cryptophyta,1.4349824,2.5235233
2023-03-04,3,Cryptophyta,1.4693632,2.6419947
2023-03-05,3,Cryptophyta,1.3964868,2.2724798
2023-03-06,3,Cryptophyta,1.3642833,1.938016
2023-03-07,3,Cryptophyta,2.018636,1.8275743
2023-03-08,3,Cryptophyta,2.042899,1.788146
2023-03-09,3,Cryptophyta,1.9240745,1.7524406
2023-03-10,3,Cryptophyta,1.8107322,1.924383
2023-03-11,3,Cryptophyta,1.7866005,2.09873
2023-03-12,3,Cryptophyta,1.9636885,2.1770923
2023-03-13,3,Cryptophyta,1.6649137,2.2013445
2023-03-14,3,Cryptophyta,1.6280838,2.2101903
2023-03-15,3,Cryptophyta,1.6098557,2.2957237
2023-03-16,3,Cryptophyta,1.5768707,2.247123
2023-03-17,3,Cryptophyta,2.1391935,2.2094965
2023-03-18,3,Cryptophyta,2.3038106,2.2606306
2023-03-19,3,Cryptophyta,1.9287786,2.3388143
2023-03-20,3,Cryptophyta,1.5824027,2.3853328
2023-03-21,3,Cryptophyta,1.5820714,2.5258462
2023-03-22,3,Cryptophyta,1.3658339,2.481937
2023-03-23,3,Cryptophyta,2.0884864,2.4395797
2023-03-24,3,Cryptophyta,3.786341,2.2852542
2023-03-25,3,Cryptophyta,2.1906228,2.1943731
2023-03-26,3,Cryptophyta,2.1829119,2.572885
2023-03-27,3,Cryptophyta,2.6158876,2.8520381
2023-03-28,3,Cryptophyta,2.740476,1.807376
2023-03-29,3,Cryptophyta,2.5346584,1.4862235
2023-03-30,3,Cryptophyta,2.3052733,1.4712546
2023-03-31,3,Cryptophyta,2.1105404,1.7514409
2023-04-01,3,Cryptophyta,1.7814717,2.0141497
2023-04-02,3,Cryptophyta,1.6399796,1.9853444
2023-04-03,3,Cryptophyta,1.7084769,1.8876141
2023-04-04,3,Cryptophyta,1.6054392,1.9702263
2023-04-05,3,Cryptophyta,1.1882055,1.9753219
2023-04-06,3,Cryptophyta,0.2286157,2.1074624
2023-04-07,3,Cryptophyta,1.8078315,1.7867105
2023-04-08,3,Cryptophyta,2.489018,1.5239571
2023-04-09,3,Cryptophyta,2.4789941,1.0901649
2023-04-10,3,Cryptophyta,2.4197881,1.2490151
2023-04-11,3,Cryptophyta,2.1295638,1.7953435
2023-04-12,3,Cryptophyta,1.8207544,1.9175395
2023-04-13,3,Cryptophyta,1.8472507,1.8951991
2023-04-14,3,Cryptophyta,2.0092578,1.7243259
2023-04-15,3,Cryptophyta,2.939332,1.8208294
2023-04-16,3,Cryptophyta,3.1336887,2.1246164
2023-04-17,3,Cryptophyta,5.1471896,2.4798756
2023-04-18,3,Cryptophyta,5.275001,2.6799836
2023-04-19,3,Cryptophyta,3.3519037,2.310536
2023-04-20,3,Cryptophyta,2.5430167,2.684197
2023-04-21,3,Cryptophyta,2.4620326,2.8157983
2023-04-22,3,Cryptophyta,2.2683303,2.204461
2023-04-23,3,Cryptophyta,2.4192183,1.9321705
2023-04-24,3,Cryptophyta,2.5424767,2.0787816
2023-04-25,3,Cryptophyta,3.0996997,2.0124066
2023-04-26,3,Cryptophyta,2.0676734,2.0047183
2023-04-27,3,Cryptophyta,1.418416,1.7131371
2023-04-28,3,Cryptophyta,3.1601994,2.1438622
2023-04-29,3,Cryptophyta,8.067172,2.280692
2023-04-30,3,Cryptophyta,5.9201818,2.0240633
2023-05-01,3,Cryptophyta,3.7731922,2.4478714
2023-05-02,3,Cryptophyta,5.453592,3.264219
2023-05-03,3,Cryptophyta,3.5497632,3.1617646
2023-05-04,3,Cryptophyta,4.6637454,2.7223465
2023-05-05,3,Cryptophyta,7.1205983,3.1943927
2023-05-06,3,Cryptophyta,4.6055446,3.1524165
2023-05-07,3,Cryptophyta,1.0466392,3.2526002
2023-05-08,3,Cryptophyta,0.8512937,3.7143872
2023-05-09,3,Cryptophyta,1.2092457,3.4287505
2023-05-10,3,Cryptophyta,0.48372468,2.052608
2023-05-11,3,Cryptophyta,0.27442262,1.5017494
2023-05-12,3,Cryptophyta,0.54694,1.6864429
2023-05-13,3,Cryptophyta,1.3488332,1.4223158
2023-05-14,3,Cryptophyta,1.972228,1.2668447
2023-05-15,3,Cryptophyta,1.8265859,1.2980319
2023-05-16,3,Cryptophyta,1.8002838,1.5000119
2023-05-17,3,Cryptophyta,1.6562451,1.8949357
2023-05-18,3,Cryptophyta,2.0616684,2.1953766
2023-05-19,3,Cryptophyta,1.6782538,2.2502995
2023-05-20,3,Cryptophyta,1.5077107,1.9878867
2023-05-21,3,Cryptophyta,1.4706587,2.0897462
2023-05-22,3,Cryptophyta,1.3920453,1.9788951
2023-05-23,3,Cryptophyta,1.6479505,1.6971886
2023-05-24,3,Cryptophyta,1.9610981,1.7453232
2023-05-25,3,Cryptophyta,1.7397623,1.6919467
2023-05-26,3,Cryptophyta,1.7409996,1.8003458
2023-05-27,3,Cryptophyta,2.1646082,1.851447
2023-05-28,3,Cryptophyta,2.4318943,1.9269471
2023-05-29,3,Cryptophyta,2.874541,1.9558709
2023-05-30,3,Cryptophyta,2.9939795,2.0994089
2023-05-31,3,Cryptophyta,4.768519,2.4011357
2023-06-01,3,Cryptophyta,5.5222354,2.5524824
2023-06-02,3,Cryptophyta,3.4842105,2.488287
2023-06-03,3,Cryptophyta,5.0643554,2.7299953
2023-06-04,3,Cryptophyta,4.144578,2.86787
2023-06-05,3,Cryptophyta,2.5872154,2.4937265
2023-06-06,3,Cryptophyta,3.6343513,2.283071
2023-06-07,3,Cryptophyta,3.7011142,2.296156
2023-06-08,3,Cryptophyta,2.9802804,2.1728885
2023-06-09,3,Cryptophyta,2.7695792,2.3484857
2023-06-10,3,Cryptophyta,1.9076351,2.5637143
2023-06-11,3,Cryptophyta,1.9823658,2.7230077
2023-06-12,3,Cryptophyta,2.399869,2.6486192
2023-06-13,3,Cryptophyta,3.1885514,2.2647295
2023-06-14,3,Cryptophyta,4.228957,2.0432212
2023-06-15,3,Cryptophyta,3.2900848,2.0443985
2023-06-16,3,Cryptophyta,1.8680872,2.1877348
2023-06-17,3,Cryptophyta,2.042923,2.2858465
2023-06-18,3,Cryptophyta,2.1622174,2.3978426
2023-06-19,3,Cryptophyta,1.5457335,2.176252
2023-06-20,3,Cryptophyta,1.8699645,2.0939155
2023-06-21,3,Cryptophyta,3.3475523,2.3087645
2023-06-22,3,Cryptophyta,4.0936656,2.3406281
2023-06-23,3,Cryptophyta,5.212351,2.4294915
2023-06-24,3,Cryptophyta,6.072758,2.8520947
2023-06-25,3,Cryptophyta,5.693322,3.1981258
2023-06-26,3,Cryptophyta,5.938072,3.2858024
2023-06-27,3,Cryptophyta,6.255651,3.4459088
2023-06-28,3,Cryptophyta,6.574,3.4843953
2023-06-29,3,Cryptophyta,7.6921687,3.2325783
2023-06-30,3,Cryptophyta,9.32456,3.2374697
2023-07-01,3,Cryptophyta,6.118696,3.7717762
2023-07-02,3,Cryptophyta,5.874047,4.0910263
2023-07-03,3,Cryptophyta,6.4657016,4.0816145
2023-07-04,3,Cryptophyta,9.029866,3.8215008
2023-07-05,3,Cryptophyta,9.039206,3.5996776
2023-07-06,3,Cryptophyta,9.048546,3.5707872
2023-07-07,3,Cryptophyta,8.390148,3.9228091
2023-07-08,3,Cryptophyta,8.070246,4.2179565
2023-07-09,3,Cryptophyta,9.251422,4.133975
2023-07-10,3,Cryptophyta,7.703793,4.1257253
2023-07-11,3,Cryptophyta,5.677761,4.0493274
2023-07-12,3,Cryptophyta,4.203484,4.1842303
2023-07-13,3,Cryptophyta,3.7054465,3.9115226
2023-07-14,3,Cryptophyta,2.8924713,3.5591774
2023-07-15,3,Cryptophyta,2.5350773,3.3047626
2023-07-16,3,Cryptophyta,2.1989539,3.0995975
2023-07-17,3,Cryptophyta,2.3571,2.9558988
2023-07-18,3,Cryptophyta,2.2635317,2.8222153
2023-07-19,3,Cryptophyta,2.2437925,2.600439
2023-07-20,3,Cryptophyta,2.896344,2.6316285
2023-07-21,3,Cryptophyta,6.2929935,2.6535244
2023-07-22,3,Cryptophyta,6.738102,2.7681482
2023-07-23,3,Cryptophyta,7.183211,3.0167317
2023-07-24,3,Cryptophyta,7.685931,3.4854145
2023-07-25,3,Cryptophyta,8.0122,3.9009187
2023-07-26,3,Cryptophyta,9.50315,4.007035
2023-07-27,3,Cryptophyta,6.242461,4.1286516
2023-07-28,3,Cryptophyta,3.7934585,4.2031517
2023-07-29,3,Cryptophyta,3.7060483,4.0674796
2023-07-30,3,Cryptophyta,4.798678,3.7251782
2023-07-31,3,Cryptophyta,5.312769,2.9228287
2023-08-01,3,Cryptophyta,4.807978,2.663279
2023-08-02,3,Cryptophyta,5.1036863,3.0063832
2023-08-03,3,Cryptophyta,7.267846,3.0290365
2023-08-04,3,Cryptophyta,6.624954,3.5154378
2023-08-05,3,Cryptophyta,9.552635,4.026603
2023-08-06,3,Cryptophyta,9.511289,4.202306
2023-08-07,3,Cryptophyta,9.469944,4.1430817
2023-08-08,3,Cryptophyta,9.428597,4.1475167
2023-08-09,3,Cryptophyta,7.984899,4.211494
2023-08-10,3,Cryptophyta,6.058531,3.8580966
2023-08-11,3,Cryptophyta,5.654987,3.8705723
2023-08-12,3,Cryptophyta,5.1433764,4.279476
2023-08-13,3,Cryptophyta,6.11593,3.7086477
2023-08-14,3,Cryptophyta,8.257987,3.551195
2023-08-15,3,Cryptophyta,7.4124427,3.254905
2023-08-16,3,Cryptophyta,6.184389,3.5120192
2023-08-17,3,Cryptophyta,2.5512493,3.7725055
2023-08-18,3,Cryptophyta,3.1742585,3.9091954
2023-08-19,3,Cryptophyta,3.7459614,3.3892114
2023-08-20,3,Cryptophyta,2.7918842,2.3457136
2023-08-21,3,Cryptophyta,2.5527868,1.9407433
2023-08-22,3,Cryptophyta,2.5006547,2.0585606
2023-08-23,3,Cryptophyta,2.5931542,2.2928224
2023-08-24,3,Cryptophyta,2.4038517,2.114983
2023-08-25,3,Cryptophyta,2.12962,1.9860783
2023-08-26,3,Cryptophyta,2.6475,2.228566
2023-08-27,3,Cryptophyta,2.5876358,2.2624352
2023-08-28,3,Cryptophyta,2.6450179,2.317638
2023-08-29,3,Cryptophyta,3.403212,2.2423093
2023-08-30,3,Cryptophyta,2.8871322,2.4574094
2023-08-31,3,Cryptophyta,2.8458216,2.2593114
2023-09-01,3,Cryptophyta,2.9603746,2.3226073
2023-09-02,3,Cryptophyta,2.9794774,2.617946
2023-09-03,3,Cryptophyta,2.8369246,2.5074615
2023-09-04,3,Cryptophyta,2.7218082,2.5067384
2023-09-05,3,Cryptophyta,2.112845,2.6563475
2023-09-06,3,Cryptophyta,0.04749515,2.6138287
2023-09-07,3,Cryptophyta,0.26601022,2.5011146
2023-09-08,3,Cryptophyta,2.5536625,2.0403433
2023-09-09,3,Cryptophyta,2.6093724,1.5577617
2023-09-10,3,Cryptophyta,2.316723,1.3716557
2023-09-11,3,Cryptophyta,1.9911342,1.8977622
2023-09-12,3,Cryptophyta,1.7458469,2.4493444
2023-09-13,3,Cryptophyta,1.8351148,2.7207878
2023-09-14,3,Cryptophyta,2.1095014,2.6834812
2023-09-15,3,Cryptophyta,2.5304284,2.5794578
2023-09-16,3,Cryptophyta,2.2723098,2.43161
2023-09-17,3,Cryptophyta,1.7500002,2.5334942
2023-09-18,3,Cryptophyta,2.5075011,2.9486268
2023-09-19,3,Cryptophyta,3.096033,2.9939728
2023-09-20,3,Cryptophyta,4.1011615,2.683324
2023-09-21,3,Cryptophyta,4.6832166,2.7339425
2023-09-22,3,Cryptophyta,3.7967741,2.8970215
2023-09-23,3,Cryptophyta,4.1924467,3.2898536
2023-09-24,3,Cryptophyta,4.0289173,3.3192773
2023-09-25,3,Cryptophyta,2.756178,3.1069915
2023-09-26,3,Cryptophyta,4.132515,3.1106508
2023-09-27,3,Cryptophyta,3.435256,2.9800434
2023-09-28,3,Cryptophyta,3.4994173,2.6563935
2023-09-29,3,Cryptophyta,3.4379761,2.819235
2023-09-30,3,Cryptophyta,3.7087204,2.764652
2023-10-01,3,Cryptophyta,3.5299013,2.7337124
2023-10-02,3,Cryptophyta,2.4059725,2.8727663
2023-10-03,3,Cryptophyta,2.6663723,2.8170066
2023-10-04,3,Cryptophyta,2.8094635,2.7473373
2023-10-05,3,Cryptophyta,2.406531,2.5606244
2023-10-06,3,Cryptophyta,2.0393844,2.2910035
2023-10-07,3,Cryptophyta,1.8184012,2.3316884
2023-10-08,3,Cryptophyta,1.8670961,2.294765
2023-10-09,3,Cryptophyta,2.1665063,2.09638
2023-10-10,3,Cryptophyta,2.4892564,1.9106842
2023-10-11,3,Cryptophyta,2.2086902,1.9653783
2023-10-12,3,Cryptophyta,1.6117432,2.1731522
2023-10-13,3,Cryptophyta,3.1600454,2.4128618
2023-10-14,3,Cryptophyta,5.4156017,2.3954816
2023-10-15,3,Cryptophyta,5.559093,2.3255513
2023-10-16,3,Cryptophyta,2.1519644,2.6464472
2023-10-17,3,Cryptophyta,2.2487733,3.1729653
2023-10-18,3,Cryptophyta,4.1400843,3.2274282
2023-10-19,3,Cryptophyta,3.5796912,2.5032232
2023-10-20,3,Cryptophyta,4.094905,2.1939943
2023-10-21,3,Cryptophyta,2.643748,2.362357
2023-10-22,3,Cryptophyta,3.6341314,2.3721955
2023-10-23,3,Cryptophyta,2.7132502,2.5385854
2023-10-24,3,Cryptophyta,4.40684,2.3049278
2023-10-25,3,Cryptophyta,6.3353786,2.559503
2023-10-26,3,Cryptophyta,5.0694957,2.561755
2023-10-27,3,Cryptophyta,4.7068067,2.8015196
2023-10-28,3,Cryptophyta,2.4397392,3.0402737
2023-10-29,3,Cryptophyta,2.5866666,3.006393
2023-10-30,3,Cryptophyta,2.3783805,2.828282
2023-10-31,3,Cryptophyta,3.3042376,2.5376308
2023-11-01,3,Cryptophyta,3.6788993,2.4368093
2023-11-02,3,Cryptophyta,2.9372442,2.378518
2023-11-03,3,Cryptophyta,4.0153823,2.4292324
2023-11-04,3,Cryptophyta,2.9691207,2.52018
2023-11-05,3,Cryptophyta,4.6212864,2.3698168
2023-11-06,3,Cryptophyta,5.682647,2.6101315
2023-11-07,3,Cryptophyta,4.430414,2.7264144
2023-11-08,3,Cryptophyta,2.5491812,2.9294047
2023-11-09,3,Cryptophyta,2.577175,3.3363981
2023-11-10,3,Cryptophyta,2.1634166,3.2386901
2023-11-11,3,Cryptophyta,1.5053525,2.780777
2023-11-12,3,Cryptophyta,1.0600724,2.5530329
2023-11-13,3,Cryptophyta,1.2939341,2.1684234
2023-11-14,3,Cryptophyta,1.9473946,1.9957573
2023-11-15,3,Cryptophyta,1.9738972,1.8182253
2023-11-16,3,Cryptophyta,1.8247457,1.7536054
2023-11-17,3,Cryptophyta,1.657275,2.0410893
2023-11-18,3,Cryptophyta,1.5474409,2.2337334
2023-11-19,3,Cryptophyta,1.0971582,2.1981876
2023-11-20,3,Cryptophyta,1.2624784,2.1043272
2023-11-21,3,Cryptophyta,0.9482711,2.097385
2023-11-22,3,Cryptophyta,1.8767328,1.8178165
2023-11-23,3,Cryptophyta,6.3925285,1.7718393
2023-11-24,3,Cryptophyta,4.2654333,1.5322144
2023-11-25,3,Cryptophyta,2.7321594,1.6020292
2023-11-26,3,Cryptophyta,1.7029,2.6127126
2023-11-27,3,Cryptophyta,1.9832858,3.3041131
2023-11-28,3,Cryptophyta,3.521314,3.004611
2023-11-29,3,Cryptophyta,2.7741783,2.4324906
2023-11-30,3,Cryptophyta,6.872362,2.371989
2023-12-01,3,Cryptophyta,3.9785435,2.719395
2023-12-02,3,Cryptophyta,3.0168524,2.8528593
2023-12-03,3,Cryptophyta,3.5640304,3.0545697
2023-12-04,3,Cryptophyta,2.9545367,2.7539892
2023-12-05,3,Cryptophyta,5.5100183,2.334511
2023-12-06,3,Cryptophyta,6.003167,2.397377
2023-12-07,3,Cryptophyta,3.810038,2.5857577
2023-12-08,3,Cryptophyta,2.5102015,3.096882
2023-12-09,3,Cryptophyta,3.9716225,3.221451
2023-12-10,3,Cryptophyta,3.3053324,3.2031415
2023-12-11,3,Cryptophyta,4.866557,2.6943564
2023-12-12,3,Cryptophyta,6.099259,2.8737907
2023-12-13,3,Cryptophyta,5.3320804,2.8979802
2023-12-14,3,Cryptophyta,6.7810683,3.2183506
2023-12-15,3,Cryptophyta,6.163149,3.4175615
2023-12-16,3,Cryptophyta,5.54523,3.1021752
2023-12-17,3,Cryptophyta,3.1431665,3.0350971
2023-12-18,3,Cryptophyta,3.3976405,3.0321038
2023-12-19,3,Cryptophyta,4.9305954,3.1194975
2023-12-20,3,Cryptophyta,3.6816366,2.6714337
2023-12-21,3,Cryptophyta,3.0250509,2.4865513
2023-12-22,3,Cryptophyta,3.5993946,2.7970634
2023-12-23,3,Cryptophyta,3.5110064,2.7602527
2023-12-24,3,Cryptophyta,3.3612518,2.645759
2023-12-25,3,Cryptophyta,4.143041,2.6744149
2023-12-26,3,Cryptophyta,8.3693905,2.748467
2023-12-27,3,Cryptophyta,7.794155,2.7565389
2023-12-28,3,Cryptophyta,7.2189183,2.8493083
2023-12-29,3,Cryptophyta,4.318471,3.2858436
