date,horizon,target,true_value,pred_value
2020-10-28,1,Algae_Sum,15.520253,11.001259
2020-10-29,1,Algae_Sum,20.664259,14.011002
2020-10-30,1,Algae_Sum,21.884106,17.26804
2020-10-31,1,Algae_Sum,12.073075,17.75934
2020-11-01,1,Algae_Sum,14.822073,11.417471
2020-11-02,1,Algae_Sum,13.792086,13.672451
2020-11-03,1,Algae_Sum,9.761375,13.464013
2020-11-04,1,Algae_Sum,9.380658,10.202463
2020-11-05,1,Algae_Sum,7.6647573,9.920957
2020-11-06,1,Algae_Sum,10.652831,8.48919
2020-11-07,1,Algae_Sum,17.500963,11.457295
2020-11-08,1,Algae_Sum,7.6776447,16.231768
2020-11-09,1,Algae_Sum,6.484938,8.632388
2020-11-10,1,Algae_Sum,5.9227905,6.562136
2020-11-11,1,Algae_Sum,6.3580694,6.329036
2020-11-12,1,Algae_Sum,7.033241,6.8701973
2020-11-13,1,Algae_Sum,7.3596616,7.910662
2020-11-14,1,Algae_Sum,9.0749035,8.382696
2020-11-15,1,Algae_Sum,8.515803,9.730495
2020-11-16,1,Algae_Sum,13.417889,9.779927
2020-11-17,1,Algae_Sum,15.102305,13.475155
2020-11-18,1,Algae_Sum,14.956821,14.139297
2020-11-19,1,Algae_Sum,18.823248,13.2591915
2020-11-20,1,Algae_Sum,16.920609,15.854858
2020-11-21,1,Algae_Sum,15.183918,14.113864
2020-11-22,1,Algae_Sum,15.901703,13.018851
2020-11-23,1,Algae_Sum,11.166392,14.003607
2020-11-24,1,Algae_Sum,10.60181,10.772517
2020-11-25,1,Algae_Sum,9.785565,10.01079
2020-11-26,1,Algae_Sum,16.66919,9.775977
2020-11-27,1,Algae_Sum,11.014212,15.03765
2020-11-28,1,Algae_Sum,8.998741,10.984391
2020-11-29,1,Algae_Sum,9.229913,9.393332
2020-11-30,1,Algae_Sum,4.991194,9.639465
2020-12-01,1,Algae_Sum,4.6330485,6.2000995
2020-12-02,1,Algae_Sum,5.1133065,5.771842
2020-12-03,1,Algae_Sum,4.5701375,6.464984
2020-12-04,1,Algae_Sum,5.052518,5.944058
2020-12-05,1,Algae_Sum,4.2047973,6.0449233
2020-12-06,1,Algae_Sum,4.3188496,5.4094357
2020-12-07,1,Algae_Sum,4.5638957,5.411642
2020-12-08,1,Algae_Sum,4.3974586,5.829335
2020-12-09,1,Algae_Sum,6.298979,5.557143
2020-12-10,1,Algae_Sum,5.4832077,7.6954975
2020-12-11,1,Algae_Sum,3.929725,7.179849
2020-12-12,1,Algae_Sum,6.609797,5.183366
2020-12-13,1,Algae_Sum,14.367908,7.328076
2020-12-14,1,Algae_Sum,4.815441,14.123691
2020-12-15,1,Algae_Sum,4.2484083,5.850238
2020-12-16,1,Algae_Sum,4.285731,4.5313725
2020-12-17,1,Algae_Sum,4.113128,5.0221653
2020-12-18,1,Algae_Sum,3.9961796,5.8510914
2020-12-19,1,Algae_Sum,4.648864,5.5368257
2020-12-20,1,Algae_Sum,5.3344426,6.0573053
2020-12-21,1,Algae_Sum,5.618892,6.996332
2020-12-22,1,Algae_Sum,5.4751267,7.271121
2020-12-23,1,Algae_Sum,7.776384,7.007662
2020-12-24,1,Algae_Sum,7.4458003,8.771046
2020-12-25,1,Algae_Sum,6.071738,8.201414
2020-12-26,1,Algae_Sum,6.178096,6.4131556
2020-12-27,1,Algae_Sum,6.910051,6.4145203
2020-12-28,1,Algae_Sum,18.225533,7.5339284
2020-12-29,1,Algae_Sum,16.772173,16.488052
2020-12-30,1,Algae_Sum,16.605732,15.039468
2020-12-31,1,Algae_Sum,16.387157,13.232511
2021-01-01,1,Algae_Sum,8.856911,13.352487
2021-01-02,1,Algae_Sum,5.317567,8.367232
2021-01-03,1,Algae_Sum,4.7676196,5.691735
2021-01-04,1,Algae_Sum,4.2526574,5.3828573
2021-01-05,1,Algae_Sum,4.1225705,5.218426
2021-01-06,1,Algae_Sum,5.5991163,4.990789
2021-01-07,1,Algae_Sum,7.6152134,6.191956
2021-01-08,1,Algae_Sum,4.0434084,7.3774214
2021-01-09,1,Algae_Sum,3.713741,4.57628
2021-01-10,1,Algae_Sum,3.414877,4.244127
2021-01-11,1,Algae_Sum,3.6629832,4.267751
2021-01-12,1,Algae_Sum,5.2977786,4.4449944
2021-01-13,1,Algae_Sum,6.059045,5.6025
2021-01-14,1,Algae_Sum,6.5575237,6.3741364
2021-01-15,1,Algae_Sum,6.035286,7.114674
2021-01-16,1,Algae_Sum,6.2309194,6.805316
2021-01-17,1,Algae_Sum,7.3292184,7.220168
2021-01-18,1,Algae_Sum,7.2281694,6.9306664
2021-01-19,1,Algae_Sum,6.791013,7.2479877
2021-01-20,1,Algae_Sum,9.555196,7.313281
2021-01-21,1,Algae_Sum,12.568437,11.522764
2021-01-22,1,Algae_Sum,13.08861,12.090731
2021-01-23,1,Algae_Sum,16.701107,11.975806
2021-01-24,1,Algae_Sum,11.107178,13.162924
2021-01-25,1,Algae_Sum,13.185079,10.714575
2021-01-26,1,Algae_Sum,14.309341,11.706962
2021-01-27,1,Algae_Sum,17.447178,12.019712
2021-01-28,1,Algae_Sum,12.752337,12.620428
2021-01-29,1,Algae_Sum,14.503437,10.635054
2021-01-30,1,Algae_Sum,14.994356,11.050435
2021-01-31,1,Algae_Sum,12.609326,11.772671
2021-02-01,1,Algae_Sum,11.911086,11.366641
2021-02-02,1,Algae_Sum,11.054591,10.995705
2021-02-03,1,Algae_Sum,9.5205145,10.691434
2021-02-04,1,Algae_Sum,10.508161,9.527816
2021-02-05,1,Algae_Sum,10.67833,10.389667
2021-02-06,1,Algae_Sum,10.053758,10.894168
2021-02-07,1,Algae_Sum,9.0949745,10.431419
2021-02-08,1,Algae_Sum,9.740884,9.551613
2021-02-09,1,Algae_Sum,11.113655,10.215186
2021-02-10,1,Algae_Sum,13.788543,10.8634
2021-02-11,1,Algae_Sum,9.672534,11.477664
2021-02-12,1,Algae_Sum,9.084823,9.272808
2021-02-13,1,Algae_Sum,17.508087,9.668514
2021-02-14,1,Algae_Sum,13.146946,15.415159
2021-02-15,1,Algae_Sum,11.419103,12.292471
2021-02-16,1,Algae_Sum,11.980311,10.641504
2021-02-17,1,Algae_Sum,11.245926,12.012508
2021-02-18,1,Algae_Sum,7.9800363,10.610035
2021-02-19,1,Algae_Sum,9.421471,8.25867
2021-02-20,1,Algae_Sum,7.99176,9.836241
2021-02-21,1,Algae_Sum,8.2490015,8.405484
2021-02-22,1,Algae_Sum,7.808769,8.865358
2021-02-23,1,Algae_Sum,8.060869,8.184866
2021-02-24,1,Algae_Sum,7.221506,7.794377
2021-02-25,1,Algae_Sum,9.2095,6.926502
2021-02-26,1,Algae_Sum,9.879594,9.070267
2021-02-27,1,Algae_Sum,8.833722,9.833764
2021-02-28,1,Algae_Sum,8.0143585,8.976084
2021-03-01,1,Algae_Sum,6.0586815,8.147626
2021-03-02,1,Algae_Sum,6.4103456,6.083075
2021-03-03,1,Algae_Sum,8.819653,6.651431
2021-03-04,1,Algae_Sum,6.2930245,10.241821
2021-03-05,1,Algae_Sum,3.0083067,6.734541
2021-03-06,1,Algae_Sum,1.6337553,3.8781037
2021-03-07,1,Algae_Sum,1.628278,2.5124104
2021-03-08,1,Algae_Sum,2.2676249,2.5031855
2021-03-09,1,Algae_Sum,2.4649348,3.286805
2021-03-10,1,Algae_Sum,3.7003834,3.6977046
2021-03-11,1,Algae_Sum,6.6675324,5.0021257
2021-03-12,1,Algae_Sum,10.264775,9.534781
2021-03-13,1,Algae_Sum,19.44618,12.767101
2021-03-14,1,Algae_Sum,12.759682,17.769001
2021-03-15,1,Algae_Sum,12.029479,12.044456
2021-03-16,1,Algae_Sum,9.745131,11.234229
2021-03-17,1,Algae_Sum,7.7749853,10.361676
2021-03-18,1,Algae_Sum,7.2675614,7.484874
2021-03-19,1,Algae_Sum,5.630832,7.049382
2021-03-20,1,Algae_Sum,5.568669,5.997759
2021-03-21,1,Algae_Sum,4.5231113,5.6243134
2021-03-22,1,Algae_Sum,3.0237844,4.8404226
2021-03-23,1,Algae_Sum,2.5734901,3.8200665
2021-03-24,1,Algae_Sum,2.9237897,3.6751547
2021-03-25,1,Algae_Sum,2.8117054,3.747462
2021-03-26,1,Algae_Sum,3.0104342,3.750329
2021-03-27,1,Algae_Sum,3.8426285,3.990743
2021-03-28,1,Algae_Sum,6.895923,4.972716
2021-03-29,1,Algae_Sum,13.461354,9.232895
2021-03-30,1,Algae_Sum,17.317652,15.376105
2021-03-31,1,Algae_Sum,17.391066,16.623285
2021-04-01,1,Algae_Sum,14.776763,14.911507
2021-04-02,1,Algae_Sum,12.928407,12.180616
2021-04-03,1,Algae_Sum,11.813078,9.800407
2021-04-04,1,Algae_Sum,8.532172,10.3931
2021-04-05,1,Algae_Sum,6.315181,7.228618
2021-04-06,1,Algae_Sum,6.0695224,5.9174685
2021-04-07,1,Algae_Sum,6.6027446,6.025605
2021-04-08,1,Algae_Sum,6.337952,6.4833727
2021-04-09,1,Algae_Sum,5.6539507,6.181262
2021-04-10,1,Algae_Sum,5.894414,6.0102096
2021-04-11,1,Algae_Sum,7.030861,6.7239738
2021-04-12,1,Algae_Sum,13.461731,9.025509
2021-04-13,1,Algae_Sum,14.730739,14.317242
2021-04-14,1,Algae_Sum,15.172216,15.40102
2021-04-15,1,Algae_Sum,13.776918,14.756159
2021-04-16,1,Algae_Sum,13.478327,13.0139065
2021-04-17,1,Algae_Sum,17.960876,12.875218
2021-04-18,1,Algae_Sum,13.178813,16.25039
2021-04-19,1,Algae_Sum,12.057459,12.074197
2021-04-20,1,Algae_Sum,11.892882,11.131078
2021-04-21,1,Algae_Sum,12.019044,11.410301
2021-04-22,1,Algae_Sum,14.975033,12.297307
2021-04-23,1,Algae_Sum,16.368479,14.507833
2021-04-24,1,Algae_Sum,15.866011,15.66287
2021-04-25,1,Algae_Sum,21.996445,15.175494
2021-04-26,1,Algae_Sum,17.954536,17.525723
2021-04-27,1,Algae_Sum,14.3708105,12.523802
2021-04-28,1,Algae_Sum,8.976744,10.124114
2021-04-29,1,Algae_Sum,6.032525,7.528912
2021-04-30,1,Algae_Sum,6.1225615,6.557575
2021-05-01,1,Algae_Sum,13.055283,6.6679473
2021-05-02,1,Algae_Sum,15.771375,12.757834
2021-05-03,1,Algae_Sum,17.007025,14.468085
2021-05-04,1,Algae_Sum,9.339772,15.421249
2021-05-05,1,Algae_Sum,9.40084,9.50355
2021-05-06,1,Algae_Sum,11.735045,10.285586
2021-05-07,1,Algae_Sum,11.6258955,13.165282
2021-05-08,1,Algae_Sum,16.68035,12.794479
2021-05-09,1,Algae_Sum,22.493618,15.642049
2021-05-10,1,Algae_Sum,16.525246,19.594086
2021-05-11,1,Algae_Sum,18.971342,14.957202
2021-05-12,1,Algae_Sum,21.865564,17.872194
2021-05-13,1,Algae_Sum,21.909088,20.83134
2021-05-14,1,Algae_Sum,18.595934,21.538881
2021-05-15,1,Algae_Sum,16.452106,15.067427
2021-05-16,1,Algae_Sum,12.469892,13.443038
2021-05-17,1,Algae_Sum,11.853444,11.766345
2021-05-18,1,Algae_Sum,12.899964,12.103539
2021-05-19,1,Algae_Sum,10.863085,13.596579
2021-05-20,1,Algae_Sum,11.793205,11.235091
2021-05-21,1,Algae_Sum,10.932504,12.505237
2021-05-22,1,Algae_Sum,14.627393,12.078031
2021-05-23,1,Algae_Sum,13.459877,14.163912
2021-05-24,1,Algae_Sum,18.745737,12.239458
2021-05-25,1,Algae_Sum,12.448503,16.454144
2021-05-26,1,Algae_Sum,11.574566,12.477278
2021-05-27,1,Algae_Sum,18.80346,12.081243
2021-05-28,1,Algae_Sum,22.238157,16.558815
2021-05-29,1,Algae_Sum,21.29074,18.716915
2021-05-30,1,Algae_Sum,10.020926,15.623366
2021-05-31,1,Algae_Sum,7.060413,9.889865
2021-06-01,1,Algae_Sum,10.506314,6.814404
2021-06-02,1,Algae_Sum,9.201731,8.504942
2021-06-03,1,Algae_Sum,6.931745,7.6481624
2021-06-04,1,Algae_Sum,8.3245325,5.9049783
2021-06-05,1,Algae_Sum,7.7431645,6.9094605
2021-06-06,1,Algae_Sum,8.018364,6.515083
2021-06-07,1,Algae_Sum,9.928958,8.12034
2021-06-08,1,Algae_Sum,13.749262,11.052521
2021-06-09,1,Algae_Sum,8.666303,13.921906
2021-06-10,1,Algae_Sum,10.037793,9.493917
2021-06-11,1,Algae_Sum,12.12508,11.082258
2021-06-12,1,Algae_Sum,18.209587,12.667203
2021-06-13,1,Algae_Sum,24.054714,16.51471
2021-06-14,1,Algae_Sum,23.002129,19.450455
2021-06-15,1,Algae_Sum,22.791176,17.81924
2021-06-16,1,Algae_Sum,24.818869,20.645678
2021-06-17,1,Algae_Sum,22.894386,22.59852
2021-06-18,1,Algae_Sum,22.643948,20.320026
2021-06-19,1,Algae_Sum,20.487635,17.059902
2021-06-20,1,Algae_Sum,21.67561,16.21688
2021-06-21,1,Algae_Sum,12.94602,17.592628
2021-06-22,1,Algae_Sum,9.037994,12.639695
2021-06-23,1,Algae_Sum,9.579233,10.805055
2021-06-24,1,Algae_Sum,8.6657095,11.483672
2021-06-25,1,Algae_Sum,9.339313,11.052496
2021-06-26,1,Algae_Sum,8.252894,12.277235
2021-06-27,1,Algae_Sum,19.663662,10.663479
2021-06-28,1,Algae_Sum,25.989393,17.52995
2021-06-29,1,Algae_Sum,24.72149,19.598852
2021-06-30,1,Algae_Sum,18.818155,18.340136
2021-07-01,1,Algae_Sum,17.853378,15.790577
2021-07-02,1,Algae_Sum,20.01221,17.164326
2021-07-03,1,Algae_Sum,24.686243,18.998388
2021-07-04,1,Algae_Sum,17.383993,21.536083
2021-07-05,1,Algae_Sum,24.257757,15.0059185
2021-07-06,1,Algae_Sum,21.03982,19.219196
2021-07-07,1,Algae_Sum,18.139551,16.512926
2021-07-08,1,Algae_Sum,19.128239,15.13672
2021-07-09,1,Algae_Sum,9.262927,17.278698
2021-07-10,1,Algae_Sum,10.348993,10.216596
2021-07-11,1,Algae_Sum,10.155518,11.064247
2021-07-12,1,Algae_Sum,12.318908,11.747909
2021-07-13,1,Algae_Sum,11.372229,13.143971
2021-07-14,1,Algae_Sum,11.732797,12.134575
2021-07-15,1,Algae_Sum,13.027316,15.383253
2021-07-16,1,Algae_Sum,13.275453,16.404516
2021-07-17,1,Algae_Sum,13.036151,16.905525
2021-07-18,1,Algae_Sum,12.048767,16.368038
2021-07-19,1,Algae_Sum,12.207481,14.258709
2021-07-20,1,Algae_Sum,11.366654,13.360473
2021-07-21,1,Algae_Sum,8.354729,11.31153
2021-07-22,1,Algae_Sum,9.270456,9.9993
2021-07-23,1,Algae_Sum,17.47265,10.526273
2021-07-24,1,Algae_Sum,23.949871,17.75
2021-07-25,1,Algae_Sum,22.02724,21.08981
2021-07-26,1,Algae_Sum,19.4621,18.726395
2021-07-27,1,Algae_Sum,16.015862,15.573405
2021-07-28,1,Algae_Sum,10.80458,13.733117
2021-07-29,1,Algae_Sum,11.944978,10.875108
2021-07-30,1,Algae_Sum,11.576705,12.825021
2021-07-31,1,Algae_Sum,13.812453,13.356766
2021-08-01,1,Algae_Sum,16.956932,14.552953
2021-08-02,1,Algae_Sum,19.797148,15.427582
2021-08-03,1,Algae_Sum,14.188182,15.321814
2021-08-04,1,Algae_Sum,10.745257,12.346809
2021-08-05,1,Algae_Sum,10.256742,10.868096
2021-08-06,1,Algae_Sum,9.348004,9.417349
2021-08-07,1,Algae_Sum,9.657215,8.139936
2021-08-08,1,Algae_Sum,7.870428,8.544516
2021-08-09,1,Algae_Sum,7.9377337,8.498298
2021-08-10,1,Algae_Sum,6.537909,10.156452
2021-08-11,1,Algae_Sum,7.6913457,7.2763743
2021-08-12,1,Algae_Sum,9.700195,9.075362
2021-08-13,1,Algae_Sum,8.763865,11.716587
2021-08-14,1,Algae_Sum,14.3637705,10.3604
2021-08-15,1,Algae_Sum,19.768396,15.337048
2021-08-16,1,Algae_Sum,14.797129,18.323206
2021-08-17,1,Algae_Sum,13.521683,13.638901
2021-08-18,1,Algae_Sum,16.551445,12.147221
2021-08-19,1,Algae_Sum,19.159174,15.631842
2021-08-20,1,Algae_Sum,17.454346,16.732708
2021-08-21,1,Algae_Sum,14.43775,16.735237
2021-08-22,1,Algae_Sum,24.444853,14.06086
2021-08-23,1,Algae_Sum,23.654213,19.019321
2021-08-24,1,Algae_Sum,20.174358,20.097338
2021-08-25,1,Algae_Sum,23.570362,17.158293
2021-08-26,1,Algae_Sum,22.163607,18.67984
2021-08-27,1,Algae_Sum,20.888262,17.203316
2021-08-28,1,Algae_Sum,17.96409,16.472692
2021-08-29,1,Algae_Sum,15.920398,14.908614
2021-08-30,1,Algae_Sum,13.904685,13.776161
2021-08-31,1,Algae_Sum,11.628221,13.157647
2021-09-01,1,Algae_Sum,9.605492,12.841061
2021-09-02,1,Algae_Sum,8.241238,11.922225
2021-09-03,1,Algae_Sum,6.9375906,10.285601
2021-09-04,1,Algae_Sum,8.669407,8.601436
2021-09-05,1,Algae_Sum,9.813335,11.275193
2021-09-06,1,Algae_Sum,7.5314255,11.888899
2021-09-07,1,Algae_Sum,6.983845,8.869034
2021-09-08,1,Algae_Sum,7.1382346,7.909487
2021-09-09,1,Algae_Sum,13.072077,9.195841
2021-09-10,1,Algae_Sum,12.83738,13.451586
2021-09-11,1,Algae_Sum,16.002106,12.603373
2021-09-12,1,Algae_Sum,17.835026,15.217964
2021-09-13,1,Algae_Sum,14.486676,16.425505
2021-09-14,1,Algae_Sum,13.53239,13.551399
2021-09-15,1,Algae_Sum,9.934142,12.67471
2021-09-16,1,Algae_Sum,8.631086,10.888772
2021-09-17,1,Algae_Sum,6.440637,9.595936
2021-09-18,1,Algae_Sum,5.292397,6.8801556
2021-09-19,1,Algae_Sum,5.922165,6.0075846
2021-09-20,1,Algae_Sum,5.691839,6.6251945
2021-09-21,1,Algae_Sum,4.662006,7.245445
2021-09-22,1,Algae_Sum,6.1574945,5.335607
2021-09-23,1,Algae_Sum,6.0256524,6.726088
2021-09-24,1,Algae_Sum,5.532701,6.884452
2021-09-25,1,Algae_Sum,5.1589136,6.0489607
2021-09-26,1,Algae_Sum,5.3309774,5.5904565
2021-09-27,1,Algae_Sum,5.418769,5.3190994
2021-09-28,1,Algae_Sum,5.2733235,5.143191
2021-09-29,1,Algae_Sum,5.532158,5.2906585
2021-09-30,1,Algae_Sum,6.4422374,5.175431
2021-10-01,1,Algae_Sum,5.0308905,5.3411584
2021-10-02,1,Algae_Sum,4.317036,4.4426494
2021-10-03,1,Algae_Sum,4.889657,4.004006
2021-10-04,1,Algae_Sum,5.2936916,4.747591
2021-10-05,1,Algae_Sum,5.697726,5.1602926
2021-10-06,1,Algae_Sum,6.1017604,5.731335
2021-10-07,1,Algae_Sum,6.5057945,5.7888327
2021-10-08,1,Algae_Sum,6.909829,6.157386
2021-10-09,1,Algae_Sum,7.3138633,7.622636
2021-10-10,1,Algae_Sum,7.7178974,7.6331983
2021-10-11,1,Algae_Sum,8.121932,8.414046
2021-10-12,1,Algae_Sum,8.50928,8.229687
2021-10-13,1,Algae_Sum,7.9375234,9.406705
2021-10-14,1,Algae_Sum,7.977364,9.278354
2021-10-15,1,Algae_Sum,15.226336,9.087328
2021-10-16,1,Algae_Sum,16.438095,14.325275
2021-10-17,1,Algae_Sum,8.294558,14.191568
2021-10-18,1,Algae_Sum,7.752127,7.4315763
2021-10-19,1,Algae_Sum,7.259913,7.234307
2021-10-20,1,Algae_Sum,6.6409698,8.235009
2021-10-21,1,Algae_Sum,6.6670914,6.3614283
2021-10-22,1,Algae_Sum,5.925297,6.443214
2021-10-23,1,Algae_Sum,5.4903545,5.613451
2021-10-24,1,Algae_Sum,5.6178727,5.656458
2021-10-25,1,Algae_Sum,5.6348443,6.5704026
2021-10-26,1,Algae_Sum,6.6838927,6.4280305
2021-10-27,1,Algae_Sum,12.037207,8.244023
2021-10-28,1,Algae_Sum,17.690195,14.896855
2021-10-29,1,Algae_Sum,18.624842,18.049925
2021-10-30,1,Algae_Sum,13.580152,16.194874
2021-10-31,1,Algae_Sum,11.194544,11.657039
2021-11-01,1,Algae_Sum,10.462178,11.188106
2021-11-02,1,Algae_Sum,12.232649,11.061495
2021-11-03,1,Algae_Sum,15.58694,13.08287
2021-11-04,1,Algae_Sum,10.781874,14.81851
2021-11-05,1,Algae_Sum,5.8879957,11.098353
2021-11-06,1,Algae_Sum,7.3089147,6.1315985
2021-11-07,1,Algae_Sum,9.767589,9.22188
2021-11-08,1,Algae_Sum,10.094161,12.419836
2021-11-09,1,Algae_Sum,8.241853,11.07523
2021-11-10,1,Algae_Sum,8.87005,9.434405
2021-11-11,1,Algae_Sum,6.3899784,10.460088
2021-11-12,1,Algae_Sum,5.1606374,6.935389
2021-11-13,1,Algae_Sum,5.5793633,5.6000295
2021-11-14,1,Algae_Sum,4.651657,6.0753765
2021-11-15,1,Algae_Sum,4.554149,5.2176013
2021-11-16,1,Algae_Sum,5.022404,5.03807
2021-11-17,1,Algae_Sum,4.6273074,5.5267115
2021-11-18,1,Algae_Sum,4.374101,5.368418
2021-11-19,1,Algae_Sum,3.9367054,5.1525354
2021-11-20,1,Algae_Sum,4.143954,4.7689915
2021-11-21,1,Algae_Sum,5.2425346,5.0918574
2021-11-22,1,Algae_Sum,5.5534515,6.41036
2021-11-23,1,Algae_Sum,3.9296818,6.651472
2021-11-24,1,Algae_Sum,3.9628437,4.9081707
2021-11-25,1,Algae_Sum,3.9074223,4.780666
2021-11-26,1,Algae_Sum,4.0430174,4.7521715
2021-11-27,1,Algae_Sum,4.3520837,4.6839147
2021-11-28,1,Algae_Sum,4.666802,4.966642
2021-11-29,1,Algae_Sum,5.4313397,5.1546993
2021-11-30,1,Algae_Sum,7.180413,5.9402432
2021-12-01,1,Algae_Sum,7.4161477,8.157017
2021-12-02,1,Algae_Sum,7.2796235,7.4558716
2021-12-03,1,Algae_Sum,6.8413396,7.2249546
2021-12-04,1,Algae_Sum,5.8279667,7.0977654
2021-12-05,1,Algae_Sum,5.988748,6.4123464
2021-12-06,1,Algae_Sum,5.93862,6.2158556
2021-12-07,1,Algae_Sum,5.536968,6.152359
2021-12-08,1,Algae_Sum,5.703489,5.85401
2021-12-09,1,Algae_Sum,5.5692935,5.9154773
2021-12-10,1,Algae_Sum,5.7963386,6.132669
2021-12-11,1,Algae_Sum,6.7919173,6.0730677
2021-12-12,1,Algae_Sum,6.347567,7.2262855
2021-12-13,1,Algae_Sum,7.157062,6.4901586
2021-12-14,1,Algae_Sum,7.675123,7.52831
2021-12-15,1,Algae_Sum,8.035453,8.862134
2021-12-16,1,Algae_Sum,8.290507,9.123855
2021-12-17,1,Algae_Sum,7.857487,8.873859
2021-12-18,1,Algae_Sum,6.9587545,7.1755743
2021-12-19,1,Algae_Sum,7.078501,6.4891977
2021-12-20,1,Algae_Sum,6.386708,6.814315
2021-12-21,1,Algae_Sum,5.7970405,6.196343
2021-12-22,1,Algae_Sum,8.401563,6.1949215
2021-12-23,1,Algae_Sum,9.853842,8.465664
2021-12-24,1,Algae_Sum,10.479891,10.146596
2021-12-25,1,Algae_Sum,6.79892,9.729993
2021-12-26,1,Algae_Sum,6.1713023,6.919787
2021-12-27,1,Algae_Sum,5.868709,6.310885
2021-12-28,1,Algae_Sum,6.4871573,6.2446337
2021-12-29,1,Algae_Sum,5.5026603,7.0569963
2021-12-30,1,Algae_Sum,5.9895153,6.0642014
2021-12-31,1,Algae_Sum,5.2731185,6.655773
2022-01-01,1,Algae_Sum,5.0462303,6.1170235
2022-01-02,1,Algae_Sum,4.418698,6.0496306
2022-01-03,1,Algae_Sum,5.029804,5.420984
2022-01-04,1,Algae_Sum,6.5712094,5.9675107
2022-01-05,1,Algae_Sum,13.401752,7.576848
2022-01-06,1,Algae_Sum,10.879635,12.657773
2022-01-07,1,Algae_Sum,9.090659,10.420081
2022-01-08,1,Algae_Sum,12.60774,8.581404
2022-01-09,1,Algae_Sum,9.901173,10.628899
2022-01-10,1,Algae_Sum,13.245796,9.467745
2022-01-11,1,Algae_Sum,15.001737,10.777565
2022-01-12,1,Algae_Sum,7.81225,10.882086
2022-01-13,1,Algae_Sum,5.096939,7.416942
2022-01-14,1,Algae_Sum,3.6971543,5.367603
2022-01-15,1,Algae_Sum,4.363386,4.2176766
2022-01-16,1,Algae_Sum,4.3458104,4.8003964
2022-01-17,1,Algae_Sum,3.8066256,4.7295218
2022-01-18,1,Algae_Sum,5.2714844,3.9890218
2022-01-19,1,Algae_Sum,4.862216,5.0404544
2022-01-20,1,Algae_Sum,5.010956,4.727659
2022-01-21,1,Algae_Sum,6.06328,4.641437
2022-01-22,1,Algae_Sum,7.378161,5.4169807
2022-01-23,1,Algae_Sum,14.501929,6.188441
2022-01-24,1,Algae_Sum,14.932735,12.61287
2022-01-25,1,Algae_Sum,15.1729,11.998101
2022-01-26,1,Algae_Sum,15.917808,11.973324
2022-01-27,1,Algae_Sum,18.156307,12.313584
2022-01-28,1,Algae_Sum,18.664135,12.670281
2022-01-29,1,Algae_Sum,16.769812,13.175784
2022-01-30,1,Algae_Sum,15.78383,11.003663
2022-01-31,1,Algae_Sum,10.025391,10.58176
2022-02-01,1,Algae_Sum,7.953441,8.377976
2022-02-02,1,Algae_Sum,8.797217,7.4597387
2022-02-03,1,Algae_Sum,6.8645725,7.9643173
2022-02-04,1,Algae_Sum,8.426436,6.8534355
2022-02-05,1,Algae_Sum,8.039783,7.987726
2022-02-06,1,Algae_Sum,6.147427,7.95449
2022-02-07,1,Algae_Sum,6.8574467,6.371877
2022-02-08,1,Algae_Sum,8.257711,6.6931286
2022-02-09,1,Algae_Sum,7.34981,7.841271
2022-02-10,1,Algae_Sum,7.8486204,7.457279
2022-02-11,1,Algae_Sum,6.7274346,7.688119
2022-02-12,1,Algae_Sum,8.533124,6.67067
2022-02-13,1,Algae_Sum,10.349507,8.098168
2022-02-14,1,Algae_Sum,8.167533,9.168956
2022-02-15,1,Algae_Sum,8.175829,7.160623
2022-02-16,1,Algae_Sum,8.894369,7.064081
2022-02-17,1,Algae_Sum,13.571143,8.133379
2022-02-18,1,Algae_Sum,14.202525,11.734304
2022-02-19,1,Algae_Sum,12.050333,11.162078
2022-02-20,1,Algae_Sum,7.611722,9.85709
2022-02-21,1,Algae_Sum,5.733845,6.506311
2022-02-22,1,Algae_Sum,5.1310353,4.8347807
2022-02-23,1,Algae_Sum,5.166545,4.5219026
2022-02-24,1,Algae_Sum,5.3882766,4.445246
2022-02-25,1,Algae_Sum,5.3518543,4.533251
2022-02-26,1,Algae_Sum,5.315431,4.5172973
2022-02-27,1,Algae_Sum,5.2790084,4.730354
2022-02-28,1,Algae_Sum,4.8051047,4.9093747
2022-03-01,1,Algae_Sum,5.7841735,4.4728293
2022-03-02,1,Algae_Sum,6.8599105,5.328326
2022-03-03,1,Algae_Sum,10.313599,7.8258266
2022-03-04,1,Algae_Sum,11.979428,11.48416
2022-03-05,1,Algae_Sum,16.470217,12.374538
2022-03-06,1,Algae_Sum,15.187589,13.321508
2022-03-07,1,Algae_Sum,16.333487,13.118464
2022-03-08,1,Algae_Sum,10.426647,12.96711
2022-03-09,1,Algae_Sum,8.779225,10.234952
2022-03-10,1,Algae_Sum,8.968824,8.621202
2022-03-11,1,Algae_Sum,14.514039,10.04715
2022-03-12,1,Algae_Sum,16.906658,14.476897
2022-03-13,1,Algae_Sum,21.538147,14.730801
2022-03-14,1,Algae_Sum,21.98083,15.698941
2022-03-15,1,Algae_Sum,22.423656,16.001204
2022-03-16,1,Algae_Sum,21.751425,16.381756
2022-03-17,1,Algae_Sum,21.234648,16.330711
2022-03-18,1,Algae_Sum,21.172113,15.170092
2022-03-19,1,Algae_Sum,21.231165,15.196684
2022-03-20,1,Algae_Sum,21.99963,14.762556
2022-03-21,1,Algae_Sum,15.387169,14.754146
2022-03-22,1,Algae_Sum,14.115964,11.239346
2022-03-23,1,Algae_Sum,9.32958,10.577664
2022-03-24,1,Algae_Sum,6.2985444,8.281001
2022-03-25,1,Algae_Sum,5.0341854,6.7014585
2022-03-26,1,Algae_Sum,5.3350325,6.603722
2022-03-27,1,Algae_Sum,8.063283,5.892239
2022-03-28,1,Algae_Sum,8.366514,5.715456
2022-03-29,1,Algae_Sum,7.6990595,6.478551
2022-03-30,1,Algae_Sum,5.9430585,5.642746
2022-03-31,1,Algae_Sum,5.8530197,5.0676775
2022-04-01,1,Algae_Sum,6.477286,4.95009
2022-04-02,1,Algae_Sum,5.3576946,6.0831766
2022-04-03,1,Algae_Sum,4.647618,5.4539013
2022-04-04,1,Algae_Sum,4.4466186,4.6911993
2022-04-05,1,Algae_Sum,5.297857,5.085607
2022-04-06,1,Algae_Sum,5.3500943,6.307999
2022-04-07,1,Algae_Sum,6.9239364,6.47059
2022-04-08,1,Algae_Sum,9.900731,8.080183
2022-04-09,1,Algae_Sum,10.458249,10.77662
2022-04-10,1,Algae_Sum,10.405612,11.568667
2022-04-11,1,Algae_Sum,13.034501,11.666287
2022-04-12,1,Algae_Sum,14.912926,12.796323
2022-04-13,1,Algae_Sum,19.22307,14.580544
2022-04-14,1,Algae_Sum,22.115847,16.69314
2022-04-15,1,Algae_Sum,17.048006,17.959913
2022-04-16,1,Algae_Sum,15.873261,14.4504
2022-04-17,1,Algae_Sum,14.353713,13.187449
2022-04-18,1,Algae_Sum,14.21864,12.547132
2022-04-19,1,Algae_Sum,8.382399,11.545743
2022-04-20,1,Algae_Sum,8.115786,7.4513164
2022-04-21,1,Algae_Sum,9.250902,8.416277
2022-04-22,1,Algae_Sum,11.966703,9.431492
2022-04-23,1,Algae_Sum,18.829271,11.525578
2022-04-24,1,Algae_Sum,20.491673,15.774294
2022-04-25,1,Algae_Sum,20.124477,16.132664
2022-04-26,1,Algae_Sum,19.488195,15.380898
2022-04-27,1,Algae_Sum,20.577866,14.418757
2022-04-28,1,Algae_Sum,18.024887,14.115468
2022-04-29,1,Algae_Sum,13.731324,13.356895
2022-04-30,1,Algae_Sum,6.8076305,11.060381
2022-05-01,1,Algae_Sum,5.545913,8.05256
2022-05-02,1,Algae_Sum,4.527261,6.4570746
2022-05-03,1,Algae_Sum,4.5768986,5.146419
2022-05-04,1,Algae_Sum,6.6484785,5.4844046
2022-05-05,1,Algae_Sum,8.88971,7.3882885
2022-05-06,1,Algae_Sum,16.515461,10.673262
2022-05-07,1,Algae_Sum,18.791943,16.202366
2022-05-08,1,Algae_Sum,16.122038,16.795298
2022-05-09,1,Algae_Sum,15.634297,13.593522
2022-05-10,1,Algae_Sum,8.94147,12.25175
2022-05-11,1,Algae_Sum,6.6520653,8.031074
2022-05-12,1,Algae_Sum,6.4911146,6.9942155
2022-05-13,1,Algae_Sum,7.851319,7.052864
2022-05-14,1,Algae_Sum,7.917522,6.946713
2022-05-15,1,Algae_Sum,7.553483,6.278436
2022-05-16,1,Algae_Sum,7.6247973,5.6871867
2022-05-17,1,Algae_Sum,6.0722594,5.3075113
2022-05-18,1,Algae_Sum,4.699108,5.0782614
2022-05-19,1,Algae_Sum,4.987699,4.651006
2022-05-20,1,Algae_Sum,7.1548514,4.7359185
2022-05-21,1,Algae_Sum,14.222451,7.10739
2022-05-22,1,Algae_Sum,9.076565,13.52957
2022-05-23,1,Algae_Sum,8.515513,10.175082
2022-05-24,1,Algae_Sum,9.222708,8.972859
2022-05-25,1,Algae_Sum,5.8090363,9.962441
2022-05-26,1,Algae_Sum,5.7371354,5.7774644
2022-05-27,1,Algae_Sum,5.815767,5.7617807
2022-05-28,1,Algae_Sum,5.8063245,5.347854
2022-05-29,1,Algae_Sum,5.8092227,5.0426116
2022-05-30,1,Algae_Sum,7.214677,4.634874
2022-05-31,1,Algae_Sum,8.897492,5.6934295
2022-06-01,1,Algae_Sum,7.640295,6.432969
2022-06-02,1,Algae_Sum,6.4281363,6.3701787
2022-06-03,1,Algae_Sum,8.640116,6.1540866
2022-06-04,1,Algae_Sum,10.549696,6.721564
2022-06-05,1,Algae_Sum,8.642955,7.317604
2022-06-06,1,Algae_Sum,7.183145,7.393538
2022-06-07,1,Algae_Sum,6.3926644,6.276788
2022-06-08,1,Algae_Sum,4.962923,5.3935885
2022-06-09,1,Algae_Sum,6.037123,3.6132634
2022-06-10,1,Algae_Sum,6.2730803,4.0369706
2022-06-11,1,Algae_Sum,7.1472774,4.315183
2022-06-12,1,Algae_Sum,7.695536,4.86271
2022-06-13,1,Algae_Sum,6.7818556,5.4135733
2022-06-14,1,Algae_Sum,5.2812896,4.835489
2022-06-15,1,Algae_Sum,5.140157,3.5441194
2022-06-16,1,Algae_Sum,6.5858974,3.000487
2022-06-17,1,Algae_Sum,4.191758,3.9679859
2022-06-18,1,Algae_Sum,2.9360435,4.0518804
2022-06-19,1,Algae_Sum,2.771842,3.803695
2022-06-20,1,Algae_Sum,2.4113758,3.8891506
2022-06-21,1,Algae_Sum,2.56336,3.892203
2022-06-22,1,Algae_Sum,3.3818176,4.1444116
2022-06-23,1,Algae_Sum,5.1010637,4.6513367
2022-06-24,1,Algae_Sum,4.796023,4.094477
2022-06-25,1,Algae_Sum,5.372781,4.576547
2022-06-26,1,Algae_Sum,5.9620204,6.194033
2022-06-27,1,Algae_Sum,5.862962,6.4422474
2022-06-28,1,Algae_Sum,5.971693,6.2743
2022-06-29,1,Algae_Sum,6.132315,6.718936
2022-06-30,1,Algae_Sum,7.3189716,6.5584292
2022-07-01,1,Algae_Sum,6.916466,8.513409
2022-07-02,1,Algae_Sum,6.498979,8.089735
2022-07-03,1,Algae_Sum,6.239819,6.4067597
2022-07-04,1,Algae_Sum,7.2657785,5.835223
2022-07-05,1,Algae_Sum,6.5255394,6.1935225
2022-07-06,1,Algae_Sum,6.822724,5.702905
2022-07-07,1,Algae_Sum,5.1665916,5.6753764
2022-07-08,1,Algae_Sum,4.4118934,4.957705
2022-07-09,1,Algae_Sum,4.431267,4.6193414
2022-07-10,1,Algae_Sum,6.2858663,4.987684
2022-07-11,1,Algae_Sum,8.517831,7.2876277
2022-07-12,1,Algae_Sum,9.017681,9.722908
2022-07-13,1,Algae_Sum,9.129348,9.896788
2022-07-14,1,Algae_Sum,15.8303175,9.653269
2022-07-15,1,Algae_Sum,19.208462,14.815575
2022-07-16,1,Algae_Sum,15.775275,16.178566
2022-07-17,1,Algae_Sum,15.853436,13.289544
2022-07-18,1,Algae_Sum,12.067487,13.091217
2022-07-19,1,Algae_Sum,6.383169,11.122896
2022-07-20,1,Algae_Sum,5.8032584,6.7290373
2022-07-21,1,Algae_Sum,4.7560263,6.1516066
2022-07-22,1,Algae_Sum,4.1545377,4.6132364
2022-07-23,1,Algae_Sum,5.9838204,3.6957564
2022-07-24,1,Algae_Sum,10.653443,5.1105204
2022-07-25,1,Algae_Sum,4.821376,10.493746
2022-07-26,1,Algae_Sum,2.8720334,4.643279
2022-07-27,1,Algae_Sum,3.8140726,3.4248338
2022-07-28,1,Algae_Sum,4.3796573,3.8772938
2022-07-29,1,Algae_Sum,4.5798154,4.717007
2022-07-30,1,Algae_Sum,4.78831,4.9024925
2022-07-31,1,Algae_Sum,4.996805,4.961725
2022-08-01,1,Algae_Sum,5.2053,5.2606874
2022-08-02,1,Algae_Sum,5.4137945,5.8094797
2022-08-03,1,Algae_Sum,5.6222897,6.1783905
2022-08-04,1,Algae_Sum,5.8307843,6.3615456
2022-08-05,1,Algae_Sum,6.039279,6.052012
2022-08-06,1,Algae_Sum,6.2477736,6.1329823
2022-08-07,1,Algae_Sum,6.456269,6.2504244
2022-08-08,1,Algae_Sum,6.6647635,6.678961
2022-08-09,1,Algae_Sum,6.873258,6.8305326
2022-08-10,1,Algae_Sum,7.0817533,7.306307
2022-08-11,1,Algae_Sum,7.290248,7.581458
2022-08-12,1,Algae_Sum,7.4987426,7.8295403
2022-08-13,1,Algae_Sum,7.7072377,8.386439
2022-08-14,1,Algae_Sum,7.9157324,9.478271
2022-08-15,1,Algae_Sum,8.124228,9.2718935
2022-08-16,1,Algae_Sum,8.332722,9.15451
2022-08-17,1,Algae_Sum,8.541217,9.531267
2022-08-18,1,Algae_Sum,8.749712,10.000974
2022-08-19,1,Algae_Sum,8.958206,10.22707
2022-08-20,1,Algae_Sum,9.166701,10.333342
2022-08-21,1,Algae_Sum,9.3751955,10.359738
2022-08-22,1,Algae_Sum,9.583691,10.448882
2022-08-23,1,Algae_Sum,9.792186,10.762552
2022-08-24,1,Algae_Sum,10.000681,11.04141
2022-08-25,1,Algae_Sum,10.209175,11.046855
2022-08-26,1,Algae_Sum,10.41767,11.025262
2022-08-27,1,Algae_Sum,10.626164,11.02311
2022-08-28,1,Algae_Sum,10.83466,11.208925
2022-08-29,1,Algae_Sum,11.043155,11.486269
2022-08-30,1,Algae_Sum,11.25165,11.943309
2022-08-31,1,Algae_Sum,11.460144,12.431917
2022-09-01,1,Algae_Sum,11.668639,12.541654
2022-09-02,1,Algae_Sum,11.877133,11.754641
2022-09-03,1,Algae_Sum,12.0856285,11.866276
2022-09-04,1,Algae_Sum,12.294124,11.693368
2022-09-05,1,Algae_Sum,12.502618,11.646847
2022-09-06,1,Algae_Sum,12.711113,11.678369
2022-09-07,1,Algae_Sum,12.919608,12.503055
2022-09-08,1,Algae_Sum,13.128102,12.626705
2022-09-09,1,Algae_Sum,13.336597,12.491717
2022-09-10,1,Algae_Sum,13.209601,12.604444
2022-09-11,1,Algae_Sum,17.255486,12.712714
2022-09-12,1,Algae_Sum,15.933509,14.568676
2022-09-13,1,Algae_Sum,16.12013,12.92433
2022-09-14,1,Algae_Sum,17.192202,13.798145
2022-09-15,1,Algae_Sum,13.753511,14.854638
2022-09-16,1,Algae_Sum,9.633491,13.474161
2022-09-17,1,Algae_Sum,7.903886,10.362467
2022-09-18,1,Algae_Sum,12.780203,9.365581
2022-09-19,1,Algae_Sum,9.514808,12.462237
2022-09-20,1,Algae_Sum,4.9406815,10.046666
2022-09-21,1,Algae_Sum,4.6189213,5.42341
2022-09-22,1,Algae_Sum,4.2710423,4.8897147
2022-09-23,1,Algae_Sum,4.478864,4.8212504
2022-09-24,1,Algae_Sum,5.996329,5.129419
2022-09-25,1,Algae_Sum,4.585286,6.3554688
2022-09-26,1,Algae_Sum,5.050558,5.7599735
2022-09-27,1,Algae_Sum,5.6589937,5.6606174
2022-09-28,1,Algae_Sum,11.683939,6.0896463
2022-09-29,1,Algae_Sum,13.702725,10.457074
2022-09-30,1,Algae_Sum,15.484778,11.069652
2022-10-01,1,Algae_Sum,6.297031,10.503625
2022-10-02,1,Algae_Sum,7.5642824,6.5245843
2022-10-03,1,Algae_Sum,9.665557,6.6100106
2022-10-04,1,Algae_Sum,10.83576,9.12332
2022-10-05,1,Algae_Sum,9.383369,9.6492605
2022-10-06,1,Algae_Sum,7.674667,7.355259
2022-10-07,1,Algae_Sum,5.521913,6.5534296
2022-10-08,1,Algae_Sum,4.48,5.5063744
2022-10-09,1,Algae_Sum,6.8713117,5.222379
2022-10-10,1,Algae_Sum,7.1460843,6.395932
2022-10-11,1,Algae_Sum,5.5755467,6.706431
2022-10-12,1,Algae_Sum,5.4064493,5.7129292
2022-10-13,1,Algae_Sum,4.879971,5.7789283
2022-10-14,1,Algae_Sum,5.674562,5.510732
2022-10-15,1,Algae_Sum,5.4724946,5.975799
2022-10-16,1,Algae_Sum,6.6296597,6.1473184
2022-10-17,1,Algae_Sum,4.734026,7.0686903
2022-10-18,1,Algae_Sum,3.7210355,5.7957716
2022-10-19,1,Algae_Sum,3.343157,4.795801
2022-10-20,1,Algae_Sum,3.5028074,4.413842
2022-10-21,1,Algae_Sum,4.097507,4.7232656
2022-10-22,1,Algae_Sum,11.426301,4.5729303
2022-10-23,1,Algae_Sum,4.9245186,11.521305
2022-10-24,1,Algae_Sum,4.2404847,4.9422784
2022-10-25,1,Algae_Sum,3.3743052,4.101843
2022-10-26,1,Algae_Sum,2.8005362,3.4451153
2022-10-27,1,Algae_Sum,2.8255353,2.9329545
2022-10-28,1,Algae_Sum,2.950159,2.91054
2022-10-29,1,Algae_Sum,2.7133744,3.044203
2022-10-30,1,Algae_Sum,2.9389436,2.908821
2022-10-31,1,Algae_Sum,2.4377353,3.2854695
2022-11-01,1,Algae_Sum,2.1923506,3.0441697
2022-11-02,1,Algae_Sum,1.8659608,3.028765
2022-11-03,1,Algae_Sum,2.044417,3.0091553
2022-11-04,1,Algae_Sum,1.951652,3.4173427
2022-11-05,1,Algae_Sum,1.9406873,3.208927
2022-11-06,1,Algae_Sum,2.6145875,3.0448208
2022-11-07,1,Algae_Sum,2.4995143,3.7613556
2022-11-08,1,Algae_Sum,8.139935,3.730939
2022-11-09,1,Algae_Sum,6.696094,9.531769
2022-11-10,1,Algae_Sum,5.9856873,7.4169483
2022-11-11,1,Algae_Sum,10.509102,5.8177905
2022-11-12,1,Algae_Sum,14.771124,8.704957
2022-11-13,1,Algae_Sum,13.465587,11.194567
2022-11-14,1,Algae_Sum,11.2327175,9.848316
2022-11-15,1,Algae_Sum,6.898669,8.320261
2022-11-16,1,Algae_Sum,3.4700289,5.562867
2022-11-17,1,Algae_Sum,2.8613904,3.5091376
2022-11-18,1,Algae_Sum,2.724848,3.2358162
2022-11-19,1,Algae_Sum,3.6304276,3.6505904
2022-11-20,1,Algae_Sum,3.5502534,4.319222
2022-11-21,1,Algae_Sum,3.3286896,3.893142
2022-11-22,1,Algae_Sum,3.6257422,3.5548043
2022-11-23,1,Algae_Sum,4.5511847,3.6454139
2022-11-24,1,Algae_Sum,3.9312737,4.3535476
2022-11-25,1,Algae_Sum,3.0423172,3.6933558
2022-11-26,1,Algae_Sum,4.31301,3.1629782
2022-11-27,1,Algae_Sum,4.874558,3.9350328
2022-11-28,1,Algae_Sum,4.187641,4.2756443
2022-11-29,1,Algae_Sum,3.062766,3.924019
2022-11-30,1,Algae_Sum,2.9655862,3.2742264
2022-12-01,1,Algae_Sum,3.046997,3.1921258
2022-12-02,1,Algae_Sum,3.228129,3.1585028
2022-12-03,1,Algae_Sum,2.7292252,3.251349
2022-12-04,1,Algae_Sum,2.5665748,2.8065686
2022-12-05,1,Algae_Sum,3.8815446,2.5107687
2022-12-06,1,Algae_Sum,3.896229,3.4673057
2022-12-07,1,Algae_Sum,4.304931,3.2049575
2022-12-08,1,Algae_Sum,4.426543,3.575008
2022-12-09,1,Algae_Sum,5.9125,3.698969
2022-12-10,1,Algae_Sum,4.9952717,4.530478
2022-12-11,1,Algae_Sum,2.0728965,3.776378
2022-12-12,1,Algae_Sum,1.5719752,1.7446858
2022-12-13,1,Algae_Sum,1.6050326,1.2207367
2022-12-14,1,Algae_Sum,1.6425452,1.1932178
2022-12-15,1,Algae_Sum,1.637703,1.2313145
2022-12-16,1,Algae_Sum,1.458595,1.223288
2022-12-17,1,Algae_Sum,1.641593,1.350523
2022-12-18,1,Algae_Sum,1.779102,1.1857424
2022-12-19,1,Algae_Sum,1.9784131,1.2254839
2022-12-20,1,Algae_Sum,1.5757059,1.1705616
2022-12-21,1,Algae_Sum,1.5353085,1.1895663
2022-12-22,1,Algae_Sum,1.6776015,1.289043
2022-12-23,1,Algae_Sum,1.4795218,1.4318275
2022-12-24,1,Algae_Sum,1.5386024,1.3773519
2022-12-25,1,Algae_Sum,1.6248226,1.4048768
2022-12-26,1,Algae_Sum,1.6183286,1.5450836
2022-12-27,1,Algae_Sum,1.534175,1.6774203
2022-12-28,1,Algae_Sum,1.5190212,1.5391899
2022-12-29,1,Algae_Sum,1.7468524,1.5535513
2022-12-30,1,Algae_Sum,1.7356522,1.8665142
2022-12-31,1,Algae_Sum,1.9499927,2.0908167
2023-01-01,1,Algae_Sum,1.4759694,2.3406055
2023-01-02,1,Algae_Sum,1.7600508,1.9040031
2023-01-03,1,Algae_Sum,1.7206455,2.173835
2023-01-04,1,Algae_Sum,8.896379,2.1519797
2023-01-05,1,Algae_Sum,13.096349,11.017695
2023-01-06,1,Algae_Sum,16.414724,13.656799
2023-01-07,1,Algae_Sum,17.399351,13.472525
2023-01-08,1,Algae_Sum,18.8251,14.0644655
2023-01-09,1,Algae_Sum,18.063778,14.021205
2023-01-10,1,Algae_Sum,18.789335,13.25039
2023-01-11,1,Algae_Sum,20.129807,13.790332
2023-01-12,1,Algae_Sum,18.094204,13.995534
2023-01-13,1,Algae_Sum,18.975517,13.032557
2023-01-14,1,Algae_Sum,15.918459,13.17466
2023-01-15,1,Algae_Sum,9.626111,12.152921
2023-01-16,1,Algae_Sum,9.645517,8.302786
2023-01-17,1,Algae_Sum,9.760275,8.409675
2023-01-18,1,Algae_Sum,6.7348404,9.403128
2023-01-19,1,Algae_Sum,5.9381523,6.914188
2023-01-20,1,Algae_Sum,6.685257,5.9901786
2023-01-21,1,Algae_Sum,8.214841,7.036654
2023-01-22,1,Algae_Sum,15.05712,8.921686
2023-01-23,1,Algae_Sum,14.977919,13.015837
2023-01-24,1,Algae_Sum,10.219479,12.897854
2023-01-25,1,Algae_Sum,9.971166,8.587291
2023-01-26,1,Algae_Sum,10.144937,7.9956727
2023-01-27,1,Algae_Sum,10.277494,8.741315
2023-01-28,1,Algae_Sum,8.69824,9.197775
2023-01-29,1,Algae_Sum,7.9546914,6.799409
2023-01-30,1,Algae_Sum,6.960508,6.861698
2023-01-31,1,Algae_Sum,10.929585,6.2022295
2023-02-01,1,Algae_Sum,13.513338,9.244123
2023-02-02,1,Algae_Sum,18.162195,10.976158
2023-02-03,1,Algae_Sum,12.830873,12.3981085
2023-02-04,1,Algae_Sum,12.966491,9.905715
2023-02-05,1,Algae_Sum,14.719497,10.630999
2023-02-06,1,Algae_Sum,15.242263,12.348957
2023-02-07,1,Algae_Sum,19.88965,12.548706
2023-02-08,1,Algae_Sum,17.176598,14.302237
2023-02-09,1,Algae_Sum,14.831988,12.576407
2023-02-10,1,Algae_Sum,8.908835,11.165798
2023-02-11,1,Algae_Sum,10.425544,7.333245
2023-02-12,1,Algae_Sum,8.21172,7.8143306
2023-02-13,1,Algae_Sum,6.722426,6.8170567
2023-02-14,1,Algae_Sum,8.79247,6.1444364
2023-02-15,1,Algae_Sum,6.31114,6.092504
2023-02-16,1,Algae_Sum,5.3742704,4.824699
2023-02-17,1,Algae_Sum,5.505119,4.2289076
2023-02-18,1,Algae_Sum,6.857666,4.198778
2023-02-19,1,Algae_Sum,6.3102674,5.176949
2023-02-20,1,Algae_Sum,6.2405734,5.089979
2023-02-21,1,Algae_Sum,4.75634,5.057717
2023-02-22,1,Algae_Sum,3.9756105,4.0621634
2023-02-23,1,Algae_Sum,6.117677,3.4825137
2023-02-24,1,Algae_Sum,5.387982,4.6734686
2023-02-25,1,Algae_Sum,4.2622905,4.272232
2023-02-26,1,Algae_Sum,4.313567,3.5590615
2023-02-27,1,Algae_Sum,5.0228467,3.423985
2023-02-28,1,Algae_Sum,7.901806,3.8286912
2023-03-01,1,Algae_Sum,6.708374,5.9351187
2023-03-02,1,Algae_Sum,4.613053,5.4030495
2023-03-03,1,Algae_Sum,3.809062,4.0800796
2023-03-04,1,Algae_Sum,3.8859296,3.6304
2023-03-05,1,Algae_Sum,3.6423934,3.7670305
2023-03-06,1,Algae_Sum,3.4349272,3.697385
2023-03-07,1,Algae_Sum,4.2332244,3.5811567
2023-03-08,1,Algae_Sum,3.8600123,4.0377645
2023-03-09,1,Algae_Sum,3.5998406,3.8162928
2023-03-10,1,Algae_Sum,3.3379147,3.6765041
2023-03-11,1,Algae_Sum,3.1682763,3.6061828
2023-03-12,1,Algae_Sum,3.2787595,3.5279863
2023-03-13,1,Algae_Sum,2.8369768,3.6042979
2023-03-14,1,Algae_Sum,2.7873752,4.044471
2023-03-15,1,Algae_Sum,2.737223,3.5822456
2023-03-16,1,Algae_Sum,2.6558657,3.4832017
2023-03-17,1,Algae_Sum,3.477784,3.5403626
2023-03-18,1,Algae_Sum,3.699724,3.8490386
2023-03-19,1,Algae_Sum,3.1224542,4.0848985
2023-03-20,1,Algae_Sum,3.0024664,3.7895718
2023-03-21,1,Algae_Sum,2.6945102,4.0657654
2023-03-22,1,Algae_Sum,2.9688792,3.6800773
2023-03-23,1,Algae_Sum,5.275051,4.3805466
2023-03-24,1,Algae_Sum,6.6684475,6.2588077
2023-03-25,1,Algae_Sum,6.619895,6.4917426
2023-03-26,1,Algae_Sum,8.220745,5.226121
2023-03-27,1,Algae_Sum,8.499983,5.7815385
2023-03-28,1,Algae_Sum,7.3574233,5.7026224
2023-03-29,1,Algae_Sum,6.047715,5.2635584
2023-03-30,1,Algae_Sum,5.453628,4.968481
2023-03-31,1,Algae_Sum,4.8178,4.2035837
2023-04-01,1,Algae_Sum,3.9566126,3.6257255
2023-04-02,1,Algae_Sum,3.6214437,3.2609003
2023-04-03,1,Algae_Sum,3.6822062,3.124198
2023-04-04,1,Algae_Sum,3.4739294,3.3766432
2023-04-05,1,Algae_Sum,4.791823,3.2015357
2023-04-06,1,Algae_Sum,6.664732,3.904689
2023-04-07,1,Algae_Sum,6.9721932,4.1920547
2023-04-08,1,Algae_Sum,7.7121773,4.7700577
2023-04-09,1,Algae_Sum,6.841786,5.3742347
2023-04-10,1,Algae_Sum,6.226974,4.643469
2023-04-11,1,Algae_Sum,4.9300995,4.4052653
2023-04-12,1,Algae_Sum,3.9539886,3.8247364
2023-04-13,1,Algae_Sum,3.7511232,3.510768
2023-04-14,1,Algae_Sum,3.948584,3.9079633
2023-04-15,1,Algae_Sum,5.2400723,4.363486
2023-04-16,1,Algae_Sum,5.50955,5.135972
2023-04-17,1,Algae_Sum,8.75176,5.2010913
2023-04-18,1,Algae_Sum,8.948177,7.4646673
2023-04-19,1,Algae_Sum,7.163602,7.8939075
2023-04-20,1,Algae_Sum,5.6216245,6.0701365
2023-04-21,1,Algae_Sum,5.2019124,5.1694207
2023-04-22,1,Algae_Sum,4.634543,5.110787
2023-04-23,1,Algae_Sum,4.701191,4.834391
2023-04-24,1,Algae_Sum,4.874914,4.859795
2023-04-25,1,Algae_Sum,5.603553,4.421817
2023-04-26,1,Algae_Sum,4.2804728,5.283211
2023-04-27,1,Algae_Sum,3.6347766,4.475029
2023-04-28,1,Algae_Sum,6.5385237,4.162478
2023-04-29,1,Algae_Sum,14.271435,6.5024986
2023-04-30,1,Algae_Sum,12.956777,11.123808
2023-05-01,1,Algae_Sum,7.4970665,10.408564
2023-05-02,1,Algae_Sum,11.292253,7.0522776
2023-05-03,1,Algae_Sum,9.83611,9.944444
2023-05-04,1,Algae_Sum,11.773096,9.61599
2023-05-05,1,Algae_Sum,14.601667,11.208173
2023-05-06,1,Algae_Sum,12.448055,13.364405
2023-05-07,1,Algae_Sum,6.291126,11.820096
2023-05-08,1,Algae_Sum,5.0117936,5.293509
2023-05-09,1,Algae_Sum,5.804376,4.590137
2023-05-10,1,Algae_Sum,6.3043756,5.3866053
2023-05-11,1,Algae_Sum,7.088902,5.104831
2023-05-12,1,Algae_Sum,7.7510343,5.2233796
2023-05-13,1,Algae_Sum,8.704016,5.347076
2023-05-14,1,Algae_Sum,6.7547026,5.599569
2023-05-15,1,Algae_Sum,5.222729,5.4990525
2023-05-16,1,Algae_Sum,4.4986825,5.3232956
2023-05-17,1,Algae_Sum,4.0229225,5.068467
2023-05-18,1,Algae_Sum,4.6135154,4.6972795
2023-05-19,1,Algae_Sum,3.9889245,5.1942077
2023-05-20,1,Algae_Sum,3.652485,4.6624093
2023-05-21,1,Algae_Sum,3.7265778,4.2713327
2023-05-22,1,Algae_Sum,3.2291937,4.398614
2023-05-23,1,Algae_Sum,3.8584538,3.8056526
2023-05-24,1,Algae_Sum,4.446563,4.064445
2023-05-25,1,Algae_Sum,4.0857143,4.3557963
2023-05-26,1,Algae_Sum,4.0087175,4.4843383
2023-05-27,1,Algae_Sum,4.828029,4.495619
2023-05-28,1,Algae_Sum,6.1320353,5.2418604
2023-05-29,1,Algae_Sum,7.9067554,7.035308
2023-05-30,1,Algae_Sum,8.271934,9.019418
2023-05-31,1,Algae_Sum,12.0165825,8.744416
2023-06-01,1,Algae_Sum,13.20095,10.987347
2023-06-02,1,Algae_Sum,9.427839,11.199128
2023-06-03,1,Algae_Sum,10.580038,9.216762
2023-06-04,1,Algae_Sum,8.459904,8.191137
2023-06-05,1,Algae_Sum,5.495514,7.2930484
2023-06-06,1,Algae_Sum,8.329729,5.5890355
2023-06-07,1,Algae_Sum,10.058122,6.9230013
2023-06-08,1,Algae_Sum,8.31265,9.182623
2023-06-09,1,Algae_Sum,6.1535554,8.305332
2023-06-10,1,Algae_Sum,4.5677657,6.2936954
2023-06-11,1,Algae_Sum,4.7996216,5.1457644
2023-06-12,1,Algae_Sum,5.6931252,5.076623
2023-06-13,1,Algae_Sum,6.915264,5.476441
2023-06-14,1,Algae_Sum,7.855021,5.9764657
2023-06-15,1,Algae_Sum,6.4189825,5.5661845
2023-06-16,1,Algae_Sum,4.1020656,5.297262
2023-06-17,1,Algae_Sum,4.350381,4.197389
2023-06-18,1,Algae_Sum,4.93138,3.9830754
2023-06-19,1,Algae_Sum,3.957721,4.5970483
2023-06-20,1,Algae_Sum,5.3548512,4.4778924
2023-06-21,1,Algae_Sum,9.287184,5.5302806
2023-06-22,1,Algae_Sum,10.645128,9.857669
2023-06-23,1,Algae_Sum,11.645772,10.962991
2023-06-24,1,Algae_Sum,11.620409,10.61198
2023-06-25,1,Algae_Sum,11.008908,10.078986
2023-06-26,1,Algae_Sum,12.472473,9.287125
2023-06-27,1,Algae_Sum,13.612487,9.977164
2023-06-28,1,Algae_Sum,14.570873,10.459629
2023-06-29,1,Algae_Sum,16.603083,13.4134035
2023-06-30,1,Algae_Sum,16.828627,14.425347
2023-07-01,1,Algae_Sum,11.07205,13.642765
2023-07-02,1,Algae_Sum,10.102373,11.487071
2023-07-03,1,Algae_Sum,11.606199,10.9722805
2023-07-04,1,Algae_Sum,17.047934,11.767793
2023-07-05,1,Algae_Sum,19.302849,14.088352
2023-07-06,1,Algae_Sum,18.339706,15.2289095
2023-07-07,1,Algae_Sum,18.408247,14.867246
2023-07-08,1,Algae_Sum,17.667715,15.35624
2023-07-09,1,Algae_Sum,19.730883,15.649
2023-07-10,1,Algae_Sum,18.000517,15.971495
2023-07-11,1,Algae_Sum,13.325165,14.799441
2023-07-12,1,Algae_Sum,9.572903,12.432608
2023-07-13,1,Algae_Sum,8.623045,11.117377
2023-07-14,1,Algae_Sum,6.3744617,10.642255
2023-07-15,1,Algae_Sum,5.2136755,9.193369
2023-07-16,1,Algae_Sum,4.364538,7.0809073
2023-07-17,1,Algae_Sum,4.507408,6.1450205
2023-07-18,1,Algae_Sum,4.186809,6.0506163
2023-07-19,1,Algae_Sum,4.201817,5.558243
2023-07-20,1,Algae_Sum,5.7306867,5.669478
2023-07-21,1,Algae_Sum,12.8116,7.1511316
2023-07-22,1,Algae_Sum,19.579756,11.958214
2023-07-23,1,Algae_Sum,18.616846,14.298494
2023-07-24,1,Algae_Sum,21.267357,14.886753
2023-07-25,1,Algae_Sum,22.591825,15.769881
2023-07-26,1,Algae_Sum,19.576962,15.969142
2023-07-27,1,Algae_Sum,12.689302,14.044715
2023-07-28,1,Algae_Sum,7.021845,11.79202
2023-07-29,1,Algae_Sum,6.46789,6.961195
2023-07-30,1,Algae_Sum,8.131341,6.103441
2023-07-31,1,Algae_Sum,10.473058,9.476858
2023-08-01,1,Algae_Sum,9.347293,10.394464
2023-08-02,1,Algae_Sum,10.365169,10.76515
2023-08-03,1,Algae_Sum,13.959923,11.823172
2023-08-04,1,Algae_Sum,13.29757,13.287823
2023-08-05,1,Algae_Sum,19.390783,13.149153
2023-08-06,1,Algae_Sum,20.012756,14.935099
2023-08-07,1,Algae_Sum,21.812866,15.290321
2023-08-08,1,Algae_Sum,21.698616,15.221285
2023-08-09,1,Algae_Sum,15.952563,14.838872
2023-08-10,1,Algae_Sum,12.506755,14.066848
2023-08-11,1,Algae_Sum,9.76769,11.719049
2023-08-12,1,Algae_Sum,8.628945,10.634187
2023-08-13,1,Algae_Sum,10.753833,9.367786
2023-08-14,1,Algae_Sum,18.312202,11.540629
2023-08-15,1,Algae_Sum,15.357068,14.274895
2023-08-16,1,Algae_Sum,14.4903345,12.8749
2023-08-17,1,Algae_Sum,6.1450768,11.386876
2023-08-18,1,Algae_Sum,6.9899535,6.038724
2023-08-19,1,Algae_Sum,7.427206,5.91072
2023-08-20,1,Algae_Sum,5.591925,6.043166
2023-08-21,1,Algae_Sum,5.112237,5.21654
2023-08-22,1,Algae_Sum,4.8117847,4.7105217
2023-08-23,1,Algae_Sum,4.9052696,4.3339953
2023-08-24,1,Algae_Sum,4.682758,4.5705104
2023-08-25,1,Algae_Sum,4.229706,4.2215824
2023-08-26,1,Algae_Sum,5.2838764,4.4915495
2023-08-27,1,Algae_Sum,5.1225586,4.927378
2023-08-28,1,Algae_Sum,5.457451,5.1730742
2023-08-29,1,Algae_Sum,9.769335,4.9486103
2023-08-30,1,Algae_Sum,6.403431,6.8822126
2023-08-31,1,Algae_Sum,9.14163,5.9768386
2023-09-01,1,Algae_Sum,7.098849,7.0180635
2023-09-02,1,Algae_Sum,6.8927407,6.3891754
2023-09-03,1,Algae_Sum,6.0940366,6.0653896
2023-09-04,1,Algae_Sum,5.8949885,5.908593
2023-09-05,1,Algae_Sum,8.714047,5.703357
2023-09-06,1,Algae_Sum,10.118848,6.09276
2023-09-07,1,Algae_Sum,9.202477,6.4810543
2023-09-08,1,Algae_Sum,9.017773,6.26803
2023-09-09,1,Algae_Sum,5.850143,6.512521
2023-09-10,1,Algae_Sum,4.832357,5.2829003
2023-09-11,1,Algae_Sum,4.02745,4.9976187
2023-09-12,1,Algae_Sum,3.6709762,4.3063383
2023-09-13,1,Algae_Sum,4.0373435,4.4709435
2023-09-14,1,Algae_Sum,5.0195746,4.497686
2023-09-15,1,Algae_Sum,6.2175045,5.4113984
2023-09-16,1,Algae_Sum,5.396928,6.574112
2023-09-17,1,Algae_Sum,4.511211,6.0521336
2023-09-18,1,Algae_Sum,5.9401107,5.637888
2023-09-19,1,Algae_Sum,7.256015,6.4937954
2023-09-20,1,Algae_Sum,9.687739,7.235722
2023-09-21,1,Algae_Sum,11.152798,9.8563595
2023-09-22,1,Algae_Sum,9.092755,10.404064
2023-09-23,1,Algae_Sum,9.462845,9.335924
2023-09-24,1,Algae_Sum,9.13481,9.944783
2023-09-25,1,Algae_Sum,6.733803,9.713727
2023-09-26,1,Algae_Sum,9.3901205,7.153513
2023-09-27,1,Algae_Sum,8.797401,9.5950575
2023-09-28,1,Algae_Sum,8.627417,9.154152
2023-09-29,1,Algae_Sum,8.13903,8.800122
2023-09-30,1,Algae_Sum,8.805059,8.924131
2023-10-01,1,Algae_Sum,8.873955,8.413767
2023-10-02,1,Algae_Sum,5.967786,8.543289
2023-10-03,1,Algae_Sum,7.2735186,6.823626
2023-10-04,1,Algae_Sum,7.5096498,7.3882003
2023-10-05,1,Algae_Sum,5.9595027,7.331189
2023-10-06,1,Algae_Sum,4.3613086,6.185331
2023-10-07,1,Algae_Sum,3.5716507,4.6830716
2023-10-08,1,Algae_Sum,3.528187,3.7392979
2023-10-09,1,Algae_Sum,3.9179816,3.5470276
2023-10-10,1,Algae_Sum,4.670383,3.8659058
2023-10-11,1,Algae_Sum,4.3853636,4.5604916
2023-10-12,1,Algae_Sum,3.630321,4.6935263
2023-10-13,1,Algae_Sum,6.1506977,4.8457136
2023-10-14,1,Algae_Sum,10.862733,6.6405973
2023-10-15,1,Algae_Sum,12.212149,9.672638
2023-10-16,1,Algae_Sum,6.1697555,10.140574
2023-10-17,1,Algae_Sum,5.6503882,7.7767925
2023-10-18,1,Algae_Sum,8.3702,7.056306
2023-10-19,1,Algae_Sum,7.988243,7.8939075
2023-10-20,1,Algae_Sum,8.712761,7.4190784
2023-10-21,1,Algae_Sum,6.09467,7.574262
2023-10-22,1,Algae_Sum,7.1581044,6.4456673
2023-10-23,1,Algae_Sum,5.96391,6.6148496
2023-10-24,1,Algae_Sum,8.6742325,6.238818
2023-10-25,1,Algae_Sum,13.544966,7.1541333
2023-10-26,1,Algae_Sum,10.631577,8.138149
2023-10-27,1,Algae_Sum,10.541737,7.941092
2023-10-28,1,Algae_Sum,5.8347054,7.7087255
2023-10-29,1,Algae_Sum,5.825745,6.2131233
2023-10-30,1,Algae_Sum,5.56857,5.7727757
2023-10-31,1,Algae_Sum,6.985122,5.6312923
2023-11-01,1,Algae_Sum,8.041882,6.0827427
2023-11-02,1,Algae_Sum,6.7011433,6.7650647
2023-11-03,1,Algae_Sum,8.279078,6.1021028
2023-11-04,1,Algae_Sum,5.83744,7.2301173
2023-11-05,1,Algae_Sum,8.754188,6.2350144
2023-11-06,1,Algae_Sum,10.229152,7.25068
2023-11-07,1,Algae_Sum,7.655938,7.964411
2023-11-08,1,Algae_Sum,4.2260113,6.696824
2023-11-09,1,Algae_Sum,4.6493325,4.727858
2023-11-10,1,Algae_Sum,5.1353493,4.8604093
2023-11-11,1,Algae_Sum,3.610392,5.2703214
2023-11-12,1,Algae_Sum,3.563171,4.5758576
2023-11-13,1,Algae_Sum,2.9885213,4.6806703
2023-11-14,1,Algae_Sum,3.5244007,4.1060243
2023-11-15,1,Algae_Sum,3.460855,4.473867
2023-11-16,1,Algae_Sum,3.3802412,4.3869247
2023-11-17,1,Algae_Sum,3.2781708,4.198912
2023-11-18,1,Algae_Sum,3.6207902,3.9702833
2023-11-19,1,Algae_Sum,2.9817839,4.3627663
2023-11-20,1,Algae_Sum,3.663706,3.6613388
2023-11-21,1,Algae_Sum,3.2461529,4.093204
2023-11-22,1,Algae_Sum,4.652809,3.5990536
2023-11-23,1,Algae_Sum,11.062335,3.9775958
2023-11-24,1,Algae_Sum,7.191083,7.0009065
2023-11-25,1,Algae_Sum,4.861382,5.938448
2023-11-26,1,Algae_Sum,3.3599403,4.724146
2023-11-27,1,Algae_Sum,3.5830445,3.9626524
2023-11-28,1,Algae_Sum,5.812014,4.2751026
2023-11-29,1,Algae_Sum,5.0685453,5.5471296
2023-11-30,1,Algae_Sum,13.4719305,6.094487
2023-12-01,1,Algae_Sum,7.98614,9.315973
2023-12-02,1,Algae_Sum,5.869619,7.250282
2023-12-03,1,Algae_Sum,6.3705707,5.3281703
2023-12-04,1,Algae_Sum,5.155445,5.2330503
2023-12-05,1,Algae_Sum,8.696334,4.5105224
2023-12-06,1,Algae_Sum,9.385786,5.94917
2023-12-07,1,Algae_Sum,6.3892965,6.380258
2023-12-08,1,Algae_Sum,4.352298,5.982252
2023-12-09,1,Algae_Sum,6.964291,4.6172123
2023-12-10,1,Algae_Sum,5.7171173,6.600664
2023-12-11,1,Algae_Sum,9.130519,6.247027
2023-12-12,1,Algae_Sum,12.658916,8.522088
2023-12-13,1,Algae_Sum,11.153771,10.674668
2023-12-14,1,Algae_Sum,11.911017,9.071745
2023-12-15,1,Algae_Sum,12.863973,8.479076
2023-12-16,1,Algae_Sum,9.227918,8.816515
2023-12-17,1,Algae_Sum,5.000855,8.013947
2023-12-18,1,Algae_Sum,5.0440235,5.329393
2023-12-19,1,Algae_Sum,7.2128468,4.7307854
2023-12-20,1,Algae_Sum,5.3524604,5.830526
2023-12-21,1,Algae_Sum,4.4162736,4.821037
2023-12-22,1,Algae_Sum,5.4673543,4.181191
2023-12-23,1,Algae_Sum,5.3069916,4.6469226
2023-12-24,1,Algae_Sum,5.0713725,4.72453
2023-12-25,1,Algae_Sum,6.1313434,4.629146
2023-12-26,1,Algae_Sum,12.130165,5.039309
2023-12-27,1,Algae_Sum,14.239751,7.3608046
2020-10-29,2,Algae_Sum,20.664259,10.38017
2020-10-30,2,Algae_Sum,21.884106,13.088337
2020-10-31,2,Algae_Sum,12.073075,16.011852
2020-11-01,2,Algae_Sum,14.822073,16.47162
2020-11-02,2,Algae_Sum,13.792086,10.794084
2020-11-03,2,Algae_Sum,9.761375,12.825841
2020-11-04,2,Algae_Sum,9.380658,12.642199
2020-11-05,2,Algae_Sum,7.6647573,9.712345
2020-11-06,2,Algae_Sum,10.652831,9.448848
2020-11-07,2,Algae_Sum,17.500963,8.298925
2020-11-08,2,Algae_Sum,7.6776447,10.805675
2020-11-09,2,Algae_Sum,6.484938,15.093488
2020-11-10,2,Algae_Sum,5.9227905,8.460438
2020-11-11,2,Algae_Sum,6.3580694,6.6706815
2020-11-12,2,Algae_Sum,7.033241,6.484239
2020-11-13,2,Algae_Sum,7.3596616,6.951823
2020-11-14,2,Algae_Sum,9.0749035,7.8773255
2020-11-15,2,Algae_Sum,8.515803,8.278284
2020-11-16,2,Algae_Sum,13.417889,9.2704525
2020-11-17,2,Algae_Sum,15.102305,9.299721
2020-11-18,2,Algae_Sum,14.956821,12.572444
2020-11-19,2,Algae_Sum,18.823248,13.174448
2020-11-20,2,Algae_Sum,16.920609,12.399036
2020-11-21,2,Algae_Sum,15.183918,14.701732
2020-11-22,2,Algae_Sum,15.901703,13.157876
2020-11-23,2,Algae_Sum,11.166392,12.175153
2020-11-24,2,Algae_Sum,10.60181,13.055815
2020-11-25,2,Algae_Sum,9.785565,10.200663
2020-11-26,2,Algae_Sum,16.66919,9.495638
2020-11-27,2,Algae_Sum,11.014212,9.283388
2020-11-28,2,Algae_Sum,8.998741,13.995601
2020-11-29,2,Algae_Sum,9.229913,10.3861265
2020-11-30,2,Algae_Sum,4.991194,8.989589
2020-12-01,2,Algae_Sum,4.6330485,9.160088
2020-12-02,2,Algae_Sum,5.1133065,6.334379
2020-12-03,2,Algae_Sum,4.5701375,5.9874554
2020-12-04,2,Algae_Sum,5.052518,6.5556507
2020-12-05,2,Algae_Sum,4.2047973,6.124339
2020-12-06,2,Algae_Sum,4.3188496,6.203131
2020-12-07,2,Algae_Sum,4.5638957,5.688345
2020-12-08,2,Algae_Sum,4.3974586,5.688039
2020-12-09,2,Algae_Sum,6.298979,6.028768
2020-12-10,2,Algae_Sum,5.4832077,5.805777
2020-12-11,2,Algae_Sum,3.929725,7.5530987
2020-12-12,2,Algae_Sum,6.609797,7.1253223
2020-12-13,2,Algae_Sum,14.367908,5.496081
2020-12-14,2,Algae_Sum,4.815441,7.250358
2020-12-15,2,Algae_Sum,4.2484083,13.185234
2020-12-16,2,Algae_Sum,4.285731,6.042087
2020-12-17,2,Algae_Sum,4.113128,4.934098
2020-12-18,2,Algae_Sum,3.9961796,5.3518167
2020-12-19,2,Algae_Sum,4.648864,6.054322
2020-12-20,2,Algae_Sum,5.3344426,5.7877655
2020-12-21,2,Algae_Sum,5.618892,6.200841
2020-12-22,2,Algae_Sum,5.4751267,6.9659457
2020-12-23,2,Algae_Sum,7.776384,7.1728663
2020-12-24,2,Algae_Sum,7.4458003,6.9579353
2020-12-25,2,Algae_Sum,6.071738,8.439659
2020-12-26,2,Algae_Sum,6.178096,7.9467444
2020-12-27,2,Algae_Sum,6.910051,6.5008025
2020-12-28,2,Algae_Sum,18.225533,6.5113606
2020-12-29,2,Algae_Sum,16.772173,7.4561706
2020-12-30,2,Algae_Sum,16.605732,15.283785
2020-12-31,2,Algae_Sum,16.387157,14.056247
2021-01-01,2,Algae_Sum,8.856911,12.424876
2021-01-02,2,Algae_Sum,5.317567,12.524371
2021-01-03,2,Algae_Sum,4.7676196,8.115197
2021-01-04,2,Algae_Sum,4.2526574,5.939051
2021-01-05,2,Algae_Sum,4.1225705,5.678976
2021-01-06,2,Algae_Sum,5.5991163,5.539131
2021-01-07,2,Algae_Sum,7.6152134,5.345789
2021-01-08,2,Algae_Sum,4.0434084,6.334031
2021-01-09,2,Algae_Sum,3.713741,7.3284926
2021-01-10,2,Algae_Sum,3.414877,4.991223
2021-01-11,2,Algae_Sum,3.6629832,4.7096624
2021-01-12,2,Algae_Sum,5.2977786,4.738632
2021-01-13,2,Algae_Sum,6.059045,4.892455
2021-01-14,2,Algae_Sum,6.5575237,5.8690457
2021-01-15,2,Algae_Sum,6.035286,6.497239
2021-01-16,2,Algae_Sum,6.2309194,7.103804
2021-01-17,2,Algae_Sum,7.3292184,6.844836
2021-01-18,2,Algae_Sum,7.2281694,7.264472
2021-01-19,2,Algae_Sum,6.791013,7.000788
2021-01-20,2,Algae_Sum,9.555196,7.361241
2021-01-21,2,Algae_Sum,12.568437,7.43613
2021-01-22,2,Algae_Sum,13.08861,10.976063
2021-01-23,2,Algae_Sum,16.701107,11.437261
2021-01-24,2,Algae_Sum,11.107178,11.353683
2021-01-25,2,Algae_Sum,13.185079,12.400616
2021-01-26,2,Algae_Sum,14.309341,10.275063
2021-01-27,2,Algae_Sum,17.447178,11.163022
2021-01-28,2,Algae_Sum,12.752337,11.394829
2021-01-29,2,Algae_Sum,14.503437,11.884007
2021-01-30,2,Algae_Sum,14.994356,10.1003895
2021-01-31,2,Algae_Sum,12.609326,10.475983
2021-02-01,2,Algae_Sum,11.911086,11.130121
2021-02-02,2,Algae_Sum,11.054591,10.772685
2021-02-03,2,Algae_Sum,9.5205145,10.427095
2021-02-04,2,Algae_Sum,10.508161,10.152392
2021-02-05,2,Algae_Sum,10.67833,9.226331
2021-02-06,2,Algae_Sum,10.053758,9.924179
2021-02-07,2,Algae_Sum,9.0949745,10.368797
2021-02-08,2,Algae_Sum,9.740884,9.99813
2021-02-09,2,Algae_Sum,11.113655,9.334577
2021-02-10,2,Algae_Sum,13.788543,9.803905
2021-02-11,2,Algae_Sum,9.672534,10.332401
2021-02-12,2,Algae_Sum,9.084823,10.878372
2021-02-13,2,Algae_Sum,17.508087,9.179524
2021-02-14,2,Algae_Sum,13.146946,9.384915
2021-02-15,2,Algae_Sum,11.419103,14.321823
2021-02-16,2,Algae_Sum,11.980311,11.54431
2021-02-17,2,Algae_Sum,11.245926,10.071389
2021-02-18,2,Algae_Sum,7.9800363,11.301022
2021-02-19,2,Algae_Sum,9.421471,10.036267
2021-02-20,2,Algae_Sum,7.99176,8.283198
2021-02-21,2,Algae_Sum,8.2490015,9.45223
2021-02-22,2,Algae_Sum,7.808769,8.490458
2021-02-23,2,Algae_Sum,8.060869,8.889583
2021-02-24,2,Algae_Sum,7.221506,8.329366
2021-02-25,2,Algae_Sum,9.2095,8.026418
2021-02-26,2,Algae_Sum,9.879594,7.2364097
2021-02-27,2,Algae_Sum,8.833722,9.136254
2021-02-28,2,Algae_Sum,8.0143585,9.697825
2021-03-01,2,Algae_Sum,6.0586815,9.0142
2021-03-02,2,Algae_Sum,6.4103456,8.279658
2021-03-03,2,Algae_Sum,8.819653,6.3134947
2021-03-04,2,Algae_Sum,6.2930245,6.79825
2021-03-05,2,Algae_Sum,3.0083067,9.729613
2021-03-06,2,Algae_Sum,1.6337553,6.802845
2021-03-07,2,Algae_Sum,1.628278,4.405465
2021-03-08,2,Algae_Sum,2.2676249,3.148767
2021-03-09,2,Algae_Sum,2.4649348,3.127192
2021-03-10,2,Algae_Sum,3.7003834,3.8531928
2021-03-11,2,Algae_Sum,6.6675324,4.229922
2021-03-12,2,Algae_Sum,10.264775,5.382364
2021-03-13,2,Algae_Sum,19.44618,9.233711
2021-03-14,2,Algae_Sum,12.759682,11.947708
2021-03-15,2,Algae_Sum,12.029479,16.43
2021-03-16,2,Algae_Sum,9.745131,11.3819475
2021-03-17,2,Algae_Sum,7.7749853,10.656724
2021-03-18,2,Algae_Sum,7.2675614,9.883379
2021-03-19,2,Algae_Sum,5.630832,7.5869794
2021-03-20,2,Algae_Sum,5.568669,7.1280046
2021-03-21,2,Algae_Sum,4.5231113,6.1966147
2021-03-22,2,Algae_Sum,3.0237844,5.8753757
2021-03-23,2,Algae_Sum,2.5734901,5.2224317
2021-03-24,2,Algae_Sum,2.9237897,4.329657
2021-03-25,2,Algae_Sum,2.8117054,4.1911383
2021-03-26,2,Algae_Sum,3.0104342,4.25014
2021-03-27,2,Algae_Sum,3.8426285,4.2543807
2021-03-28,2,Algae_Sum,6.895923,4.4717784
2021-03-29,2,Algae_Sum,13.461354,5.342106
2021-03-30,2,Algae_Sum,17.317652,9.043771
2021-03-31,2,Algae_Sum,17.391066,14.306288
2021-04-01,2,Algae_Sum,14.776763,15.475066
2021-04-02,2,Algae_Sum,12.928407,13.945119
2021-04-03,2,Algae_Sum,11.813078,11.476638
2021-04-04,2,Algae_Sum,8.532172,9.468024
2021-04-05,2,Algae_Sum,6.315181,9.900773
2021-04-06,2,Algae_Sum,6.0695224,7.2818003
2021-04-07,2,Algae_Sum,6.6027446,6.1230855
2021-04-08,2,Algae_Sum,6.337952,6.224398
2021-04-09,2,Algae_Sum,5.6539507,6.618635
2021-04-10,2,Algae_Sum,5.894414,6.3434453
2021-04-11,2,Algae_Sum,7.030861,6.200088
2021-04-12,2,Algae_Sum,13.461731,6.812521
2021-04-13,2,Algae_Sum,14.730739,8.805004
2021-04-14,2,Algae_Sum,15.172216,13.328366
2021-04-15,2,Algae_Sum,13.776918,14.316113
2021-04-16,2,Algae_Sum,13.478327,13.755559
2021-04-17,2,Algae_Sum,17.960876,12.196443
2021-04-18,2,Algae_Sum,13.178813,12.044318
2021-04-19,2,Algae_Sum,12.057459,15.033521
2021-04-20,2,Algae_Sum,11.892882,11.3387575
2021-04-21,2,Algae_Sum,12.019044,10.49953
2021-04-22,2,Algae_Sum,14.975033,10.737364
2021-04-23,2,Algae_Sum,16.368479,11.538936
2021-04-24,2,Algae_Sum,15.866011,13.525712
2021-04-25,2,Algae_Sum,21.996445,14.56419
2021-04-26,2,Algae_Sum,17.954536,14.126357
2021-04-27,2,Algae_Sum,14.3708105,16.217503
2021-04-28,2,Algae_Sum,8.976744,11.729383
2021-04-29,2,Algae_Sum,6.032525,9.597326
2021-04-30,2,Algae_Sum,6.1225615,7.5064964
2021-05-01,2,Algae_Sum,13.055283,6.712275
2021-05-02,2,Algae_Sum,15.771375,6.80113
2021-05-03,2,Algae_Sum,17.007025,11.915961
2021-05-04,2,Algae_Sum,9.339772,13.45454
2021-05-05,2,Algae_Sum,9.40084,14.302804
2021-05-06,2,Algae_Sum,11.735045,9.2725525
2021-05-07,2,Algae_Sum,11.6258955,9.811104
2021-05-08,2,Algae_Sum,16.68035,12.274931
2021-05-09,2,Algae_Sum,22.493618,11.967027
2021-05-10,2,Algae_Sum,16.525246,14.517525
2021-05-11,2,Algae_Sum,18.971342,18.018679
2021-05-12,2,Algae_Sum,21.865564,13.924081
2021-05-13,2,Algae_Sum,21.909088,16.493599
2021-05-14,2,Algae_Sum,18.595934,19.100727
2021-05-15,2,Algae_Sum,16.452106,19.721807
2021-05-16,2,Algae_Sum,12.469892,13.993869
2021-05-17,2,Algae_Sum,11.853444,12.533527
2021-05-18,2,Algae_Sum,12.899964,11.026752
2021-05-19,2,Algae_Sum,10.863085,11.334145
2021-05-20,2,Algae_Sum,11.793205,12.67972
2021-05-21,2,Algae_Sum,10.932504,10.575928
2021-05-22,2,Algae_Sum,14.627393,11.723857
2021-05-23,2,Algae_Sum,13.459877,11.346223
2021-05-24,2,Algae_Sum,18.745737,13.2169485
2021-05-25,2,Algae_Sum,12.448503,11.511652
2021-05-26,2,Algae_Sum,11.574566,15.273619
2021-05-27,2,Algae_Sum,18.80346,11.733761
2021-05-28,2,Algae_Sum,22.238157,11.360979
2021-05-29,2,Algae_Sum,21.29074,15.368307
2021-05-30,2,Algae_Sum,10.020926,17.283081
2021-05-31,2,Algae_Sum,7.060413,14.535868
2021-06-01,2,Algae_Sum,10.506314,9.449241
2021-06-02,2,Algae_Sum,9.201731,6.9130464
2021-06-03,2,Algae_Sum,6.931745,8.356547
2021-06-04,2,Algae_Sum,8.3245325,7.5890946
2021-06-05,2,Algae_Sum,7.7431645,6.105774
2021-06-06,2,Algae_Sum,8.018364,6.981882
2021-06-07,2,Algae_Sum,9.928958,6.6621256
2021-06-08,2,Algae_Sum,13.749262,8.101221
2021-06-09,2,Algae_Sum,8.666303,10.417528
2021-06-10,2,Algae_Sum,10.037793,13.077359
2021-06-11,2,Algae_Sum,12.12508,9.150903
2021-06-12,2,Algae_Sum,18.209587,10.473123
2021-06-13,2,Algae_Sum,24.054714,11.942297
2021-06-14,2,Algae_Sum,23.002129,15.397576
2021-06-15,2,Algae_Sum,22.791176,17.969284
2021-06-16,2,Algae_Sum,24.818869,16.518585
2021-06-17,2,Algae_Sum,22.894386,19.00255
2021-06-18,2,Algae_Sum,22.643948,20.699318
2021-06-19,2,Algae_Sum,20.487635,18.699965
2021-06-20,2,Algae_Sum,21.67561,15.811852
2021-06-21,2,Algae_Sum,12.94602,15.085643
2021-06-22,2,Algae_Sum,9.037994,16.308212
2021-06-23,2,Algae_Sum,9.579233,11.860706
2021-06-24,2,Algae_Sum,8.6657095,10.275167
2021-06-25,2,Algae_Sum,9.339313,10.837008
2021-06-26,2,Algae_Sum,8.252894,10.5099
2021-06-27,2,Algae_Sum,19.663662,11.556015
2021-06-28,2,Algae_Sum,25.989393,10.139095
2021-06-29,2,Algae_Sum,24.72149,16.27598
2021-06-30,2,Algae_Sum,18.818155,18.105621
2021-07-01,2,Algae_Sum,17.853378,16.960823
2021-07-02,2,Algae_Sum,20.01221,14.691068
2021-07-03,2,Algae_Sum,24.686243,15.902304
2021-07-04,2,Algae_Sum,17.383993,17.531937
2021-07-05,2,Algae_Sum,24.257757,19.754602
2021-07-06,2,Algae_Sum,21.03982,13.978654
2021-07-07,2,Algae_Sum,18.139551,17.699703
2021-07-08,2,Algae_Sum,19.128239,15.331909
2021-07-09,2,Algae_Sum,9.262927,14.096639
2021-07-10,2,Algae_Sum,10.348993,15.979051
2021-07-11,2,Algae_Sum,10.155518,9.703947
2021-07-12,2,Algae_Sum,12.318908,10.435213
2021-07-13,2,Algae_Sum,11.372229,11.047505
2021-07-14,2,Algae_Sum,11.732797,12.311706
2021-07-15,2,Algae_Sum,13.027316,11.416318
2021-07-16,2,Algae_Sum,13.275453,14.304855
2021-07-17,2,Algae_Sum,13.036151,15.218436
2021-07-18,2,Algae_Sum,12.048767,15.671233
2021-07-19,2,Algae_Sum,12.207481,15.209673
2021-07-20,2,Algae_Sum,11.366654,13.377304
2021-07-21,2,Algae_Sum,8.354729,12.534442
2021-07-22,2,Algae_Sum,9.270456,10.761564
2021-07-23,2,Algae_Sum,17.47265,9.698052
2021-07-24,2,Algae_Sum,23.949871,10.10999
2021-07-25,2,Algae_Sum,22.02724,16.417543
2021-07-26,2,Algae_Sum,19.4621,19.3677
2021-07-27,2,Algae_Sum,16.015862,17.279175
2021-07-28,2,Algae_Sum,10.80458,14.475428
2021-07-29,2,Algae_Sum,11.944978,12.8355
2021-07-30,2,Algae_Sum,11.576705,10.344878
2021-07-31,2,Algae_Sum,13.812453,12.029109
2021-08-01,2,Algae_Sum,16.956932,12.518684
2021-08-02,2,Algae_Sum,19.797148,13.576671
2021-08-03,2,Algae_Sum,14.188182,14.390787
2021-08-04,2,Algae_Sum,10.745257,14.314352
2021-08-05,2,Algae_Sum,10.256742,11.610544
2021-08-06,2,Algae_Sum,9.348004,10.325701
2021-08-07,2,Algae_Sum,9.657215,9.156945
2021-08-08,2,Algae_Sum,7.870428,8.086021
2021-08-09,2,Algae_Sum,7.9377337,8.406475
2021-08-10,2,Algae_Sum,6.537909,8.416325
2021-08-11,2,Algae_Sum,7.6913457,9.757513
2021-08-12,2,Algae_Sum,9.700195,7.362171
2021-08-13,2,Algae_Sum,8.763865,8.918936
2021-08-14,2,Algae_Sum,14.3637705,11.063535
2021-08-15,2,Algae_Sum,19.768396,9.874988
2021-08-16,2,Algae_Sum,14.797129,14.31819
2021-08-17,2,Algae_Sum,13.521683,16.974085
2021-08-18,2,Algae_Sum,16.551445,12.775422
2021-08-19,2,Algae_Sum,19.159174,11.384823
2021-08-20,2,Algae_Sum,17.454346,14.502171
2021-08-21,2,Algae_Sum,14.43775,15.534584
2021-08-22,2,Algae_Sum,24.444853,15.540952
2021-08-23,2,Algae_Sum,23.654213,13.140472
2021-08-24,2,Algae_Sum,20.174358,17.516922
2021-08-25,2,Algae_Sum,23.570362,18.468008
2021-08-26,2,Algae_Sum,22.163607,15.921546
2021-08-27,2,Algae_Sum,20.888262,17.25269
2021-08-28,2,Algae_Sum,17.96409,15.952159
2021-08-29,2,Algae_Sum,15.920398,15.308
2021-08-30,2,Algae_Sum,13.904685,13.916867
2021-08-31,2,Algae_Sum,11.628221,12.89782
2021-09-01,2,Algae_Sum,9.605492,12.368358
2021-09-02,2,Algae_Sum,8.241238,12.0566435
2021-09-03,2,Algae_Sum,6.9375906,11.240381
2021-09-04,2,Algae_Sum,8.669407,9.8894615
2021-09-05,2,Algae_Sum,9.813335,8.592072
2021-09-06,2,Algae_Sum,7.5314255,10.708422
2021-09-07,2,Algae_Sum,6.983845,11.248069
2021-09-08,2,Algae_Sum,7.1382346,8.780242
2021-09-09,2,Algae_Sum,13.072077,7.9760613
2021-09-10,2,Algae_Sum,12.83738,9.084696
2021-09-11,2,Algae_Sum,16.002106,12.594411
2021-09-12,2,Algae_Sum,17.835026,11.857297
2021-09-13,2,Algae_Sum,14.486676,14.210983
2021-09-14,2,Algae_Sum,13.53239,15.282351
2021-09-15,2,Algae_Sum,9.934142,12.714815
2021-09-16,2,Algae_Sum,8.631086,11.943194
2021-09-17,2,Algae_Sum,6.440637,10.406098
2021-09-18,2,Algae_Sum,5.292397,9.438453
2021-09-19,2,Algae_Sum,5.922165,7.0429525
2021-09-20,2,Algae_Sum,5.691839,6.2770133
2021-09-21,2,Algae_Sum,4.662006,6.803736
2021-09-22,2,Algae_Sum,6.1574945,7.41604
2021-09-23,2,Algae_Sum,6.0256524,5.6575837
2021-09-24,2,Algae_Sum,5.532701,6.9310837
2021-09-25,2,Algae_Sum,5.1589136,7.1092086
2021-09-26,2,Algae_Sum,5.3309774,6.324866
2021-09-27,2,Algae_Sum,5.418769,5.908982
2021-09-28,2,Algae_Sum,5.2733235,5.662853
2021-09-29,2,Algae_Sum,5.532158,5.495745
2021-09-30,2,Algae_Sum,6.4422374,5.6529016
2021-10-01,2,Algae_Sum,5.0308905,5.5515604
2021-10-02,2,Algae_Sum,4.317036,5.688666
2021-10-03,2,Algae_Sum,4.889657,4.8945723
2021-10-04,2,Algae_Sum,5.2936916,4.504069
2021-10-05,2,Algae_Sum,5.697726,5.1813107
2021-10-06,2,Algae_Sum,6.1017604,5.5578904
2021-10-07,2,Algae_Sum,6.5057945,6.094642
2021-10-08,2,Algae_Sum,6.909829,6.1597815
2021-10-09,2,Algae_Sum,7.3138633,6.4736648
2021-10-10,2,Algae_Sum,7.7178974,7.9019885
2021-10-11,2,Algae_Sum,8.121932,7.8813534
2021-10-12,2,Algae_Sum,8.50928,8.530646
2021-10-13,2,Algae_Sum,7.9375234,8.346734
2021-10-14,2,Algae_Sum,7.977364,9.309413
2021-10-15,2,Algae_Sum,15.226336,9.238809
2021-10-16,2,Algae_Sum,16.438095,9.105245
2021-10-17,2,Algae_Sum,8.294558,13.388911
2021-10-18,2,Algae_Sum,7.752127,13.263092
2021-10-19,2,Algae_Sum,7.259913,7.572883
2021-10-20,2,Algae_Sum,6.6409698,7.3966484
2021-10-21,2,Algae_Sum,6.6670914,8.380692
2021-10-22,2,Algae_Sum,5.925297,6.6131496
2021-10-23,2,Algae_Sum,5.4903545,6.7021265
2021-10-24,2,Algae_Sum,5.6178727,5.9653683
2021-10-25,2,Algae_Sum,5.6348443,5.996908
2021-10-26,2,Algae_Sum,6.6838927,6.807619
2021-10-27,2,Algae_Sum,12.037207,6.654527
2021-10-28,2,Algae_Sum,17.690195,8.325255
2021-10-29,2,Algae_Sum,18.624842,13.845185
2021-10-30,2,Algae_Sum,13.580152,16.676638
2021-10-31,2,Algae_Sum,11.194544,15.030705
2021-11-01,2,Algae_Sum,10.462178,10.953085
2021-11-02,2,Algae_Sum,12.232649,10.513421
2021-11-03,2,Algae_Sum,15.58694,10.389973
2021-11-04,2,Algae_Sum,10.781874,12.20901
2021-11-05,2,Algae_Sum,5.8879957,13.76925
2021-11-06,2,Algae_Sum,7.3089147,10.441983
2021-11-07,2,Algae_Sum,9.767589,6.306973
2021-11-08,2,Algae_Sum,10.094161,8.991064
2021-11-09,2,Algae_Sum,8.241853,11.616501
2021-11-10,2,Algae_Sum,8.87005,10.434662
2021-11-11,2,Algae_Sum,6.3899784,9.125928
2021-11-12,2,Algae_Sum,5.1606374,9.911487
2021-11-13,2,Algae_Sum,5.5793633,7.0133166
2021-11-14,2,Algae_Sum,4.651657,5.8646464
2021-11-15,2,Algae_Sum,4.554149,6.2707257
2021-11-16,2,Algae_Sum,5.022404,5.54527
2021-11-17,2,Algae_Sum,4.6273074,5.392559
2021-11-18,2,Algae_Sum,4.374101,5.7973056
2021-11-19,2,Algae_Sum,3.9367054,5.6657176
2021-11-20,2,Algae_Sum,4.143954,5.48307
2021-11-21,2,Algae_Sum,5.2425346,5.1526732
2021-11-22,2,Algae_Sum,5.5534515,5.422923
2021-11-23,2,Algae_Sum,3.9296818,6.5096326
2021-11-24,2,Algae_Sum,3.9628437,6.6962876
2021-11-25,2,Algae_Sum,3.9074223,5.2580914
2021-11-26,2,Algae_Sum,4.0430174,5.145456
2021-11-27,2,Algae_Sum,4.3520837,5.1191754
2021-11-28,2,Algae_Sum,4.666802,5.0619154
2021-11-29,2,Algae_Sum,5.4313397,5.3047476
2021-11-30,2,Algae_Sum,7.180413,5.4641542
2021-12-01,2,Algae_Sum,7.4161477,6.1307936
2021-12-02,2,Algae_Sum,7.2796235,8.003255
2021-12-03,2,Algae_Sum,6.8413396,7.3692455
2021-12-04,2,Algae_Sum,5.8279667,7.1651616
2021-12-05,2,Algae_Sum,5.988748,7.071091
2021-12-06,2,Algae_Sum,5.93862,6.524542
2021-12-07,2,Algae_Sum,5.536968,6.3592997
2021-12-08,2,Algae_Sum,5.703489,6.3068404
2021-12-09,2,Algae_Sum,5.5692935,6.0590334
2021-12-10,2,Algae_Sum,5.7963386,6.108572
2021-12-11,2,Algae_Sum,6.7919173,6.2946754
2021-12-12,2,Algae_Sum,6.347567,6.2466035
2021-12-13,2,Algae_Sum,7.157062,7.2139983
2021-12-14,2,Algae_Sum,7.675123,6.585187
2021-12-15,2,Algae_Sum,8.035453,7.45035
2021-12-16,2,Algae_Sum,8.290507,8.60682
2021-12-17,2,Algae_Sum,7.857487,8.824631
2021-12-18,2,Algae_Sum,6.9587545,8.625606
2021-12-19,2,Algae_Sum,7.078501,7.151763
2021-12-20,2,Algae_Sum,6.386708,6.587219
2021-12-21,2,Algae_Sum,5.7970405,6.852155
2021-12-22,2,Algae_Sum,8.401563,6.338214
2021-12-23,2,Algae_Sum,9.853842,6.3553157
2021-12-24,2,Algae_Sum,10.479891,8.213564
2021-12-25,2,Algae_Sum,6.79892,9.637158
2021-12-26,2,Algae_Sum,6.1713023,9.265456
2021-12-27,2,Algae_Sum,5.868709,6.9166555
2021-12-28,2,Algae_Sum,6.4871573,6.4187527
2021-12-29,2,Algae_Sum,5.5026603,6.362077
2021-12-30,2,Algae_Sum,5.9895153,7.019496
2021-12-31,2,Algae_Sum,5.2731185,6.213774
2022-01-01,2,Algae_Sum,5.0462303,6.687449
2022-01-02,2,Algae_Sum,4.418698,6.2559114
2022-01-03,2,Algae_Sum,5.029804,6.20101
2022-01-04,2,Algae_Sum,6.5712094,5.686739
2022-01-05,2,Algae_Sum,13.401752,6.133154
2022-01-06,2,Algae_Sum,10.879635,7.4183
2022-01-07,2,Algae_Sum,9.090659,11.836917
2022-01-08,2,Algae_Sum,12.60774,9.853658
2022-01-09,2,Algae_Sum,9.901173,8.274177
2022-01-10,2,Algae_Sum,13.245796,10.010353
2022-01-11,2,Algae_Sum,15.001737,8.98543
2022-01-12,2,Algae_Sum,7.81225,10.137624
2022-01-13,2,Algae_Sum,5.096939,10.2272625
2022-01-14,2,Algae_Sum,3.6971543,7.2941647
2022-01-15,2,Algae_Sum,4.363386,5.650635
2022-01-16,2,Algae_Sum,4.3458104,4.654607
2022-01-17,2,Algae_Sum,3.8066256,5.161035
2022-01-18,2,Algae_Sum,5.2714844,5.1018825
2022-01-19,2,Algae_Sum,4.862216,4.4461923
2022-01-20,2,Algae_Sum,5.010956,5.367418
2022-01-21,2,Algae_Sum,6.06328,5.0978765
2022-01-22,2,Algae_Sum,7.378161,5.024153
2022-01-23,2,Algae_Sum,14.501929,5.693474
2022-01-24,2,Algae_Sum,14.932735,6.3200445
2022-01-25,2,Algae_Sum,15.1729,11.796188
2022-01-26,2,Algae_Sum,15.917808,11.282437
2022-01-27,2,Algae_Sum,18.156307,11.27076
2022-01-28,2,Algae_Sum,18.664135,11.569864
2022-01-29,2,Algae_Sum,16.769812,11.882926
2022-01-30,2,Algae_Sum,15.78383,12.312422
2022-01-31,2,Algae_Sum,10.025391,10.363012
2022-02-01,2,Algae_Sum,7.953441,9.973056
2022-02-02,2,Algae_Sum,8.797217,8.090697
2022-02-03,2,Algae_Sum,6.8645725,7.3137197
2022-02-04,2,Algae_Sum,8.426436,7.6855536
2022-02-05,2,Algae_Sum,8.039783,6.8180366
2022-02-06,2,Algae_Sum,6.147427,7.6899667
2022-02-07,2,Algae_Sum,6.8574467,7.6625023
2022-02-08,2,Algae_Sum,8.257711,6.4136043
2022-02-09,2,Algae_Sum,7.34981,6.678426
2022-02-10,2,Algae_Sum,7.8486204,7.5862613
2022-02-11,2,Algae_Sum,6.7274346,7.28678
2022-02-12,2,Algae_Sum,8.533124,7.4703784
2022-02-13,2,Algae_Sum,10.349507,6.6201367
2022-02-14,2,Algae_Sum,8.167533,7.801792
2022-02-15,2,Algae_Sum,8.175829,8.775832
2022-02-16,2,Algae_Sum,8.894369,7.050588
2022-02-17,2,Algae_Sum,13.571143,6.977158
2022-02-18,2,Algae_Sum,14.202525,7.8911405
2022-02-19,2,Algae_Sum,12.050333,11.079428
2022-02-20,2,Algae_Sum,7.611722,10.596935
2022-02-21,2,Algae_Sum,5.733845,9.3954315
2022-02-22,2,Algae_Sum,5.1310353,6.5033264
2022-02-23,2,Algae_Sum,5.166545,5.126053
2022-02-24,2,Algae_Sum,5.3882766,4.867615
2022-02-25,2,Algae_Sum,5.3518543,4.8085856
2022-02-26,2,Algae_Sum,5.315431,4.8668437
2022-02-27,2,Algae_Sum,5.2790084,4.845272
2022-02-28,2,Algae_Sum,4.8051047,5.0343575
2022-03-01,2,Algae_Sum,5.7841735,5.191107
2022-03-02,2,Algae_Sum,6.8599105,4.82048
2022-03-03,2,Algae_Sum,10.313599,5.5541244
2022-03-04,2,Algae_Sum,11.979428,7.7170916
2022-03-05,2,Algae_Sum,16.470217,10.815431
2022-03-06,2,Algae_Sum,15.187589,11.694804
2022-03-07,2,Algae_Sum,16.333487,12.532176
2022-03-08,2,Algae_Sum,10.426647,12.384425
2022-03-09,2,Algae_Sum,8.779225,12.280005
2022-03-10,2,Algae_Sum,8.968824,9.858752
2022-03-11,2,Algae_Sum,14.514039,8.545658
2022-03-12,2,Algae_Sum,16.906658,9.65693
2022-03-13,2,Algae_Sum,21.538147,13.548758
2022-03-14,2,Algae_Sum,21.98083,13.806067
2022-03-15,2,Algae_Sum,22.423656,14.66255
2022-03-16,2,Algae_Sum,21.751425,14.925985
2022-03-17,2,Algae_Sum,21.234648,15.264251
2022-03-18,2,Algae_Sum,21.172113,15.272862
2022-03-19,2,Algae_Sum,21.231165,14.212474
2022-03-20,2,Algae_Sum,21.99963,14.233071
2022-03-21,2,Algae_Sum,15.387169,13.845319
2022-03-22,2,Algae_Sum,14.115964,13.828488
2022-03-23,2,Algae_Sum,9.32958,10.644042
2022-03-24,2,Algae_Sum,6.2985444,10.034918
2022-03-25,2,Algae_Sum,5.0341854,8.072356
2022-03-26,2,Algae_Sum,5.3350325,6.796402
2022-03-27,2,Algae_Sum,8.063283,6.804258
2022-03-28,2,Algae_Sum,8.366514,6.1717587
2022-03-29,2,Algae_Sum,7.6990595,5.962699
2022-03-30,2,Algae_Sum,5.9430585,6.575759
2022-03-31,2,Algae_Sum,5.8530197,5.8531713
2022-04-01,2,Algae_Sum,6.477286,5.3640203
2022-04-02,2,Algae_Sum,5.3576946,5.2622814
2022-04-03,2,Algae_Sum,4.647618,6.244377
2022-04-04,2,Algae_Sum,4.4466186,5.7242937
2022-04-05,2,Algae_Sum,5.297857,5.082023
2022-04-06,2,Algae_Sum,5.3500943,5.42919
2022-04-07,2,Algae_Sum,6.9239364,6.4485517
2022-04-08,2,Algae_Sum,9.900731,6.5830307
2022-04-09,2,Algae_Sum,10.458249,7.996079
2022-04-10,2,Algae_Sum,10.405612,10.235928
2022-04-11,2,Algae_Sum,13.034501,10.9544735
2022-04-12,2,Algae_Sum,14.912926,11.027325
2022-04-13,2,Algae_Sum,19.22307,12.038821
2022-04-14,2,Algae_Sum,22.115847,13.6568165
2022-04-15,2,Algae_Sum,17.048006,15.542593
2022-04-16,2,Algae_Sum,15.873261,16.674696
2022-04-17,2,Algae_Sum,14.353713,13.57645
2022-04-18,2,Algae_Sum,14.21864,12.41334
2022-04-19,2,Algae_Sum,8.382399,11.889939
2022-04-20,2,Algae_Sum,8.115786,10.947926
2022-04-21,2,Algae_Sum,9.250902,7.421335
2022-04-22,2,Algae_Sum,11.966703,8.259284
2022-04-23,2,Algae_Sum,18.829271,9.026193
2022-04-24,2,Algae_Sum,20.491673,10.90299
2022-04-25,2,Algae_Sum,20.124477,14.737437
2022-04-26,2,Algae_Sum,19.488195,15.045664
2022-04-27,2,Algae_Sum,20.577866,14.451995
2022-04-28,2,Algae_Sum,18.024887,13.567928
2022-04-29,2,Algae_Sum,13.731324,13.328035
2022-04-30,2,Algae_Sum,6.8076305,12.591026
2022-05-01,2,Algae_Sum,5.545913,10.517786
2022-05-02,2,Algae_Sum,4.527261,8.112538
2022-05-03,2,Algae_Sum,4.5768986,6.6132984
2022-05-04,2,Algae_Sum,6.6484785,5.5047064
2022-05-05,2,Algae_Sum,8.88971,5.7940373
2022-05-06,2,Algae_Sum,16.515461,7.4274616
2022-05-07,2,Algae_Sum,18.791943,10.099573
2022-05-08,2,Algae_Sum,16.122038,15.073387
2022-05-09,2,Algae_Sum,15.634297,15.591898
2022-05-10,2,Algae_Sum,8.94147,12.742139
2022-05-11,2,Algae_Sum,6.6520653,11.526135
2022-05-12,2,Algae_Sum,6.4911146,7.7755485
2022-05-13,2,Algae_Sum,7.851319,6.9893208
2022-05-14,2,Algae_Sum,7.917522,7.0411167
2022-05-15,2,Algae_Sum,7.553483,6.915888
2022-05-16,2,Algae_Sum,7.6247973,6.347107
2022-05-17,2,Algae_Sum,6.0722594,5.8574586
2022-05-18,2,Algae_Sum,4.699108,5.5455623
2022-05-19,2,Algae_Sum,4.987699,5.366993
2022-05-20,2,Algae_Sum,7.1548514,5.014821
2022-05-21,2,Algae_Sum,14.222451,5.078973
2022-05-22,2,Algae_Sum,9.076565,7.113728
2022-05-23,2,Algae_Sum,8.515513,12.701359
2022-05-24,2,Algae_Sum,9.222708,9.700593
2022-05-25,2,Algae_Sum,5.8090363,8.692417
2022-05-26,2,Algae_Sum,5.7371354,9.515926
2022-05-27,2,Algae_Sum,5.815767,5.9812813
2022-05-28,2,Algae_Sum,5.8063245,5.957547
2022-05-29,2,Algae_Sum,5.8092227,5.5980496
2022-05-30,2,Algae_Sum,7.214677,5.3461714
2022-05-31,2,Algae_Sum,8.897492,5.009871
2022-06-01,2,Algae_Sum,7.640295,5.912402
2022-06-02,2,Algae_Sum,6.4281363,6.5085487
2022-06-03,2,Algae_Sum,8.640116,6.457821
2022-06-04,2,Algae_Sum,10.549696,6.288668
2022-06-05,2,Algae_Sum,8.642955,6.737334
2022-06-06,2,Algae_Sum,7.183145,7.2363844
2022-06-07,2,Algae_Sum,6.3926644,7.3186693
2022-06-08,2,Algae_Sum,4.962923,6.383462
2022-06-09,2,Algae_Sum,6.037123,5.65504
2022-06-10,2,Algae_Sum,6.2730803,4.1067457
2022-06-11,2,Algae_Sum,7.1472774,4.4823623
2022-06-12,2,Algae_Sum,7.695536,4.735631
2022-06-13,2,Algae_Sum,6.7818556,5.2213125
2022-06-14,2,Algae_Sum,5.2812896,5.693904
2022-06-15,2,Algae_Sum,5.140157,5.186035
2022-06-16,2,Algae_Sum,6.5858974,4.0509415
2022-06-17,2,Algae_Sum,4.191758,3.5523334
2022-06-18,2,Algae_Sum,2.9360435,4.4108176
2022-06-19,2,Algae_Sum,2.771842,4.50464
2022-06-20,2,Algae_Sum,2.4113758,4.302634
2022-06-21,2,Algae_Sum,2.56336,4.389935
2022-06-22,2,Algae_Sum,3.3818176,4.4008455
2022-06-23,2,Algae_Sum,5.1010637,4.627804
2022-06-24,2,Algae_Sum,4.796023,5.0585804
2022-06-25,2,Algae_Sum,5.372781,4.5623426
2022-06-26,2,Algae_Sum,5.9620204,4.9748755
2022-06-27,2,Algae_Sum,5.862962,6.319181
2022-06-28,2,Algae_Sum,5.971693,6.5204606
2022-06-29,2,Algae_Sum,6.132315,6.3901153
2022-06-30,2,Algae_Sum,7.3189716,6.770822
2022-07-01,2,Algae_Sum,6.916466,6.634415
2022-07-02,2,Algae_Sum,6.498979,8.3693285
2022-07-03,2,Algae_Sum,6.239819,8.0600195
2022-07-04,2,Algae_Sum,7.2657785,6.5556774
2022-07-05,2,Algae_Sum,6.5255394,6.066437
2022-07-06,2,Algae_Sum,6.822724,6.37272
2022-07-07,2,Algae_Sum,5.1665916,5.9429784
2022-07-08,2,Algae_Sum,4.4118934,5.9180226
2022-07-09,2,Algae_Sum,4.431267,5.3091316
2022-07-10,2,Algae_Sum,6.2858663,5.0241137
2022-07-11,2,Algae_Sum,8.517831,5.351867
2022-07-12,2,Algae_Sum,9.017681,7.399581
2022-07-13,2,Algae_Sum,9.129348,9.463653
2022-07-14,2,Algae_Sum,15.8303175,9.570998
2022-07-15,2,Algae_Sum,19.208462,9.373853
2022-07-16,2,Algae_Sum,15.775275,13.82069
2022-07-17,2,Algae_Sum,15.853436,15.02409
2022-07-18,2,Algae_Sum,12.067487,12.438754
2022-07-19,2,Algae_Sum,6.383169,12.248854
2022-07-20,2,Algae_Sum,5.8032584,10.481468
2022-07-21,2,Algae_Sum,4.7560263,6.7822304
2022-07-22,2,Algae_Sum,4.1545377,6.301209
2022-07-23,2,Algae_Sum,5.9838204,5.0246086
2022-07-24,2,Algae_Sum,10.653443,4.211223
2022-07-25,2,Algae_Sum,4.821376,5.4348063
2022-07-26,2,Algae_Sum,2.8720334,9.871553
2022-07-27,2,Algae_Sum,3.8140726,5.0497417
2022-07-28,2,Algae_Sum,4.3796573,3.969537
2022-07-29,2,Algae_Sum,4.5798154,4.3741546
2022-07-30,2,Algae_Sum,4.78831,5.1034594
2022-07-31,2,Algae_Sum,4.996805,5.2754745
2022-08-01,2,Algae_Sum,5.2053,5.325257
2022-08-02,2,Algae_Sum,5.4137945,5.5909615
2022-08-03,2,Algae_Sum,5.6222897,6.060743
2022-08-04,2,Algae_Sum,5.8307843,6.3588257
2022-08-05,2,Algae_Sum,6.039279,6.504168
2022-08-06,2,Algae_Sum,6.2477736,6.2355494
2022-08-07,2,Algae_Sum,6.456269,6.2900743
2022-08-08,2,Algae_Sum,6.6647635,6.3877244
2022-08-09,2,Algae_Sum,6.873258,6.7475166
2022-08-10,2,Algae_Sum,7.0817533,6.8703923
2022-08-11,2,Algae_Sum,7.290248,7.2981873
2022-08-12,2,Algae_Sum,7.4987426,7.551643
2022-08-13,2,Algae_Sum,7.7072377,7.777752
2022-08-14,2,Algae_Sum,7.9157324,8.254887
2022-08-15,2,Algae_Sum,8.124228,9.161889
2022-08-16,2,Algae_Sum,8.332722,8.998355
2022-08-17,2,Algae_Sum,8.541217,8.889673
2022-08-18,2,Algae_Sum,8.749712,9.176931
2022-08-19,2,Algae_Sum,8.958206,9.51928
2022-08-20,2,Algae_Sum,9.166701,9.691339
2022-08-21,2,Algae_Sum,9.3751955,9.773422
2022-08-22,2,Algae_Sum,9.583691,9.791787
2022-08-23,2,Algae_Sum,9.792186,9.860396
2022-08-24,2,Algae_Sum,10.000681,10.118645
2022-08-25,2,Algae_Sum,10.209175,10.353651
2022-08-26,2,Algae_Sum,10.41767,10.361456
2022-08-27,2,Algae_Sum,10.626164,10.3488
2022-08-28,2,Algae_Sum,10.83466,10.3510895
2022-08-29,2,Algae_Sum,11.043155,10.519856
2022-08-30,2,Algae_Sum,11.25165,10.769216
2022-08-31,2,Algae_Sum,11.460144,11.165403
2022-09-01,2,Algae_Sum,11.668639,11.587163
2022-09-02,2,Algae_Sum,11.877133,11.687241
2022-09-03,2,Algae_Sum,12.0856285,11.005964
2022-09-04,2,Algae_Sum,12.294124,11.123662
2022-09-05,2,Algae_Sum,12.502618,10.981503
2022-09-06,2,Algae_Sum,12.711113,10.951196
2022-09-07,2,Algae_Sum,12.919608,10.979218
2022-09-08,2,Algae_Sum,13.128102,11.693401
2022-09-09,2,Algae_Sum,13.336597,11.80254
2022-09-10,2,Algae_Sum,13.209601,11.687154
2022-09-11,2,Algae_Sum,17.255486,11.796854
2022-09-12,2,Algae_Sum,15.933509,11.896679
2022-09-13,2,Algae_Sum,16.12013,13.555507
2022-09-14,2,Algae_Sum,17.192202,12.103583
2022-09-15,2,Algae_Sum,13.753511,12.88173
2022-09-16,2,Algae_Sum,9.633491,13.85212
2022-09-17,2,Algae_Sum,7.903886,12.611466
2022-09-18,2,Algae_Sum,12.780203,9.863979
2022-09-19,2,Algae_Sum,9.514808,9.169657
2022-09-20,2,Algae_Sum,4.9406815,11.648668
2022-09-21,2,Algae_Sum,4.6189213,9.559413
2022-09-22,2,Algae_Sum,4.2710423,5.7367706
2022-09-23,2,Algae_Sum,4.478864,5.2731996
2022-09-24,2,Algae_Sum,5.996329,5.210103
2022-09-25,2,Algae_Sum,4.585286,5.4675655
2022-09-26,2,Algae_Sum,5.050558,6.465013
2022-09-27,2,Algae_Sum,5.6589937,6.003157
2022-09-28,2,Algae_Sum,11.683939,5.903707
2022-09-29,2,Algae_Sum,13.702725,6.2579083
2022-09-30,2,Algae_Sum,15.484778,9.71723
2022-10-01,2,Algae_Sum,6.297031,10.256027
2022-10-02,2,Algae_Sum,7.5642824,9.808796
2022-10-03,2,Algae_Sum,9.665557,6.5822883
2022-10-04,2,Algae_Sum,10.83576,6.6503334
2022-10-05,2,Algae_Sum,9.383369,8.822964
2022-10-06,2,Algae_Sum,7.674667,9.2267685
2022-10-07,2,Algae_Sum,5.521913,7.318097
2022-10-08,2,Algae_Sum,4.48,6.6391516
2022-10-09,2,Algae_Sum,6.8713117,5.772516
2022-10-10,2,Algae_Sum,7.1460843,5.550672
2022-10-11,2,Algae_Sum,5.5755467,6.5333395
2022-10-12,2,Algae_Sum,5.4064493,6.7663617
2022-10-13,2,Algae_Sum,4.879971,5.932824
2022-10-14,2,Algae_Sum,5.674562,5.985743
2022-10-15,2,Algae_Sum,5.4724946,5.7637095
2022-10-16,2,Algae_Sum,6.6296597,6.1467443
2022-10-17,2,Algae_Sum,4.734026,6.2927284
2022-10-18,2,Algae_Sum,3.7210355,7.059961
2022-10-19,2,Algae_Sum,3.343157,6.0032644
2022-10-20,2,Algae_Sum,3.5028074,5.1743317
2022-10-21,2,Algae_Sum,4.097507,4.8421764
2022-10-22,2,Algae_Sum,11.426301,5.1177053
2022-10-23,2,Algae_Sum,4.9245186,4.9763446
2022-10-24,2,Algae_Sum,4.2404847,10.80588
2022-10-25,2,Algae_Sum,3.3743052,5.2992935
2022-10-26,2,Algae_Sum,2.8005362,4.58037
2022-10-27,2,Algae_Sum,2.8255353,3.9992359
2022-10-28,2,Algae_Sum,2.950159,3.517297
2022-10-29,2,Algae_Sum,2.7133744,3.4925678
2022-10-30,2,Algae_Sum,2.9389436,3.6174893
2022-10-31,2,Algae_Sum,2.4377353,3.492183
2022-11-01,2,Algae_Sum,2.1923506,3.848014
2022-11-02,2,Algae_Sum,1.8659608,3.633284
2022-11-03,2,Algae_Sum,2.044417,3.6153185
2022-11-04,2,Algae_Sum,1.951652,3.5940676
2022-11-05,2,Algae_Sum,1.9406873,3.9857838
2022-11-06,2,Algae_Sum,2.6145875,3.7949343
2022-11-07,2,Algae_Sum,2.4995143,3.630393
2022-11-08,2,Algae_Sum,8.139935,4.2766743
2022-11-09,2,Algae_Sum,6.696094,4.2399907
2022-11-10,2,Algae_Sum,5.9856873,9.104926
2022-11-11,2,Algae_Sum,10.509102,7.3401937
2022-11-12,2,Algae_Sum,14.771124,6.0062466
2022-11-13,2,Algae_Sum,13.465587,8.3531885
2022-11-14,2,Algae_Sum,11.2327175,10.492175
2022-11-15,2,Algae_Sum,6.898669,9.32076
2022-11-16,2,Algae_Sum,3.4700289,7.984603
2022-11-17,2,Algae_Sum,2.8613904,5.8032546
2022-11-18,2,Algae_Sum,2.724848,4.0444107
2022-11-19,2,Algae_Sum,3.6304276,3.7896094
2022-11-20,2,Algae_Sum,3.5502534,4.1773553
2022-11-21,2,Algae_Sum,3.3286896,4.756995
2022-11-22,2,Algae_Sum,3.6257422,4.3749123
2022-11-23,2,Algae_Sum,4.5511847,4.0645676
2022-11-24,2,Algae_Sum,3.9312737,4.1405687
2022-11-25,2,Algae_Sum,3.0423172,4.769154
2022-11-26,2,Algae_Sum,4.31301,4.183891
2022-11-27,2,Algae_Sum,4.874558,3.7016463
2022-11-28,2,Algae_Sum,4.187641,4.3971825
2022-11-29,2,Algae_Sum,3.062766,4.6903152
2022-11-30,2,Algae_Sum,2.9655862,4.3727508
2022-12-01,2,Algae_Sum,3.046997,3.789047
2022-12-02,2,Algae_Sum,3.228129,3.710851
2022-12-03,2,Algae_Sum,2.7292252,3.67476
2022-12-04,2,Algae_Sum,2.5665748,3.7569935
2022-12-05,2,Algae_Sum,3.8815446,3.350062
2022-12-06,2,Algae_Sum,3.896229,3.074942
2022-12-07,2,Algae_Sum,4.304931,3.9397666
2022-12-08,2,Algae_Sum,4.426543,3.6993432
2022-12-09,2,Algae_Sum,5.9125,4.033406
2022-12-10,2,Algae_Sum,4.9952717,4.1465
2022-12-11,2,Algae_Sum,2.0728965,4.874729
2022-12-12,2,Algae_Sum,1.5719752,4.208927
2022-12-13,2,Algae_Sum,1.6050326,2.346142
2022-12-14,2,Algae_Sum,1.6425452,1.8191166
2022-12-15,2,Algae_Sum,1.637703,1.7867728
2022-12-16,2,Algae_Sum,1.458595,1.8281806
2022-12-17,2,Algae_Sum,1.641593,1.8211255
2022-12-18,2,Algae_Sum,1.779102,1.9575133
2022-12-19,2,Algae_Sum,1.9784131,1.7880614
2022-12-20,2,Algae_Sum,1.5757059,1.8257157
2022-12-21,2,Algae_Sum,1.5353085,1.7684857
2022-12-22,2,Algae_Sum,1.6776015,1.7922653
2022-12-23,2,Algae_Sum,1.4795218,1.899276
2022-12-24,2,Algae_Sum,1.5386024,2.0445344
2022-12-25,2,Algae_Sum,1.6248226,1.993528
2022-12-26,2,Algae_Sum,1.6183286,2.0221992
2022-12-27,2,Algae_Sum,1.534175,2.1646895
2022-12-28,2,Algae_Sum,1.5190212,2.298671
2022-12-29,2,Algae_Sum,1.7468524,2.158927
2022-12-30,2,Algae_Sum,1.7356522,2.1751387
2022-12-31,2,Algae_Sum,1.9499927,2.4842913
2023-01-01,2,Algae_Sum,1.4759694,2.7040558
2023-01-02,2,Algae_Sum,1.7600508,2.9433658
2023-01-03,2,Algae_Sum,1.7206455,2.5296457
2023-01-04,2,Algae_Sum,8.896379,2.7858033
2023-01-05,2,Algae_Sum,13.096349,2.7709508
2023-01-06,2,Algae_Sum,16.414724,10.261745
2023-01-07,2,Algae_Sum,17.399351,12.711253
2023-01-08,2,Algae_Sum,18.8251,12.607763
2023-01-09,2,Algae_Sum,18.063778,13.158282
2023-01-10,2,Algae_Sum,18.789335,13.106352
2023-01-11,2,Algae_Sum,20.129807,12.430197
2023-01-12,2,Algae_Sum,18.094204,12.8983555
2023-01-13,2,Algae_Sum,18.975517,13.065921
2023-01-14,2,Algae_Sum,15.918459,12.204839
2023-01-15,2,Algae_Sum,9.626111,12.335455
2023-01-16,2,Algae_Sum,9.645517,11.416573
2023-01-17,2,Algae_Sum,9.760275,8.036099
2023-01-18,2,Algae_Sum,6.7348404,8.134718
2023-01-19,2,Algae_Sum,5.9381523,8.988849
2023-01-20,2,Algae_Sum,6.685257,6.883755
2023-01-21,2,Algae_Sum,8.214841,6.1432657
2023-01-22,2,Algae_Sum,15.05712,6.996925
2023-01-23,2,Algae_Sum,14.977919,8.582034
2023-01-24,2,Algae_Sum,10.219479,12.216641
2023-01-25,2,Algae_Sum,9.971166,12.091763
2023-01-26,2,Algae_Sum,10.144937,8.321555
2023-01-27,2,Algae_Sum,10.277494,7.7577486
2023-01-28,2,Algae_Sum,8.69824,8.42481
2023-01-29,2,Algae_Sum,7.9546914,8.808895
2023-01-30,2,Algae_Sum,6.960508,6.79909
2023-01-31,2,Algae_Sum,10.929585,6.860361
2023-02-01,2,Algae_Sum,13.513338,6.309125
2023-02-02,2,Algae_Sum,18.162195,8.924049
2023-02-03,2,Algae_Sum,12.830873,10.319495
2023-02-04,2,Algae_Sum,12.966491,11.575163
2023-02-05,2,Algae_Sum,14.719497,9.466951
2023-02-06,2,Algae_Sum,15.242263,10.018128
2023-02-07,2,Algae_Sum,19.88965,11.534204
2023-02-08,2,Algae_Sum,17.176598,11.718929
2023-02-09,2,Algae_Sum,14.831988,13.287818
2023-02-10,2,Algae_Sum,8.908835,11.773366
2023-02-11,2,Algae_Sum,10.425544,10.512577
2023-02-12,2,Algae_Sum,8.21172,7.17013
2023-02-13,2,Algae_Sum,6.722426,7.5575414
2023-02-14,2,Algae_Sum,8.79247,6.7366314
2023-02-15,2,Algae_Sum,6.31114,6.179067
2023-02-16,2,Algae_Sum,5.3742704,6.1354322
2023-02-17,2,Algae_Sum,5.505119,5.0860696
2023-02-18,2,Algae_Sum,6.857666,4.57749
2023-02-19,2,Algae_Sum,6.3102674,4.5595837
2023-02-20,2,Algae_Sum,6.2405734,5.402192
2023-02-21,2,Algae_Sum,4.75634,5.3430142
2023-02-22,2,Algae_Sum,3.9756105,5.320712
2023-02-23,2,Algae_Sum,6.117677,4.463731
2023-02-24,2,Algae_Sum,5.387982,3.952111
2023-02-25,2,Algae_Sum,4.2622905,5.00681
2023-02-26,2,Algae_Sum,4.313567,4.654905
2023-02-27,2,Algae_Sum,5.0228467,4.024136
2023-02-28,2,Algae_Sum,7.901806,3.899298
2023-03-01,2,Algae_Sum,6.708374,4.2593827
2023-03-02,2,Algae_Sum,4.613053,6.047695
2023-03-03,2,Algae_Sum,3.809062,5.62031
2023-03-04,2,Algae_Sum,3.8859296,4.4897738
2023-03-05,2,Algae_Sum,3.6423934,4.099486
2023-03-06,2,Algae_Sum,3.4349272,4.223965
2023-03-07,2,Algae_Sum,4.2332244,4.1636114
2023-03-08,2,Algae_Sum,3.8600123,4.0625124
2023-03-09,2,Algae_Sum,3.5998406,4.466386
2023-03-10,2,Algae_Sum,3.3379147,4.2735124
2023-03-11,2,Algae_Sum,3.1682763,4.153263
2023-03-12,2,Algae_Sum,3.2787595,4.0960765
2023-03-13,2,Algae_Sum,2.8369768,4.0317883
2023-03-14,2,Algae_Sum,2.7873752,4.1004643
2023-03-15,2,Algae_Sum,2.737223,4.538117
2023-03-16,2,Algae_Sum,2.6558657,4.1232605
2023-03-17,2,Algae_Sum,3.477784,4.0158067
2023-03-18,2,Algae_Sum,3.699724,4.0612893
2023-03-19,2,Algae_Sum,3.1224542,4.318051
2023-03-20,2,Algae_Sum,3.0024664,4.5231395
2023-03-21,2,Algae_Sum,2.6945102,4.261239
2023-03-22,2,Algae_Sum,2.9688792,4.5118384
2023-03-23,2,Algae_Sum,5.275051,4.163488
2023-03-24,2,Algae_Sum,6.6684475,4.775414
2023-03-25,2,Algae_Sum,6.619895,6.3436184
2023-03-26,2,Algae_Sum,8.220745,6.5252433
2023-03-27,2,Algae_Sum,8.499983,5.476698
2023-03-28,2,Algae_Sum,7.3574233,5.9257994
2023-03-29,2,Algae_Sum,6.047715,5.841946
2023-03-30,2,Algae_Sum,5.453628,5.46838
2023-03-31,2,Algae_Sum,4.8178,5.2223654
2023-04-01,2,Algae_Sum,3.9566126,4.55623
2023-04-02,2,Algae_Sum,3.6214437,4.0540237
2023-04-03,2,Algae_Sum,3.6822062,3.7417152
2023-04-04,2,Algae_Sum,3.4739294,3.6190963
2023-04-05,2,Algae_Sum,4.791823,3.8397176
2023-04-06,2,Algae_Sum,6.664732,3.6873133
2023-04-07,2,Algae_Sum,6.9721932,4.3070703
2023-04-08,2,Algae_Sum,7.7121773,4.5548997
2023-04-09,2,Algae_Sum,6.841786,5.048719
2023-04-10,2,Algae_Sum,6.226974,5.5851936
2023-04-11,2,Algae_Sum,4.9300995,4.963793
2023-04-12,2,Algae_Sum,3.9539886,4.7642746
2023-04-13,2,Algae_Sum,3.7511232,4.2612243
2023-04-14,2,Algae_Sum,3.948584,3.9912238
2023-04-15,2,Algae_Sum,5.2400723,4.345709
2023-04-16,2,Algae_Sum,5.50955,4.762023
2023-04-17,2,Algae_Sum,8.75176,5.4290204
2023-04-18,2,Algae_Sum,8.948177,5.4622707
2023-04-19,2,Algae_Sum,7.163602,7.3297434
2023-04-20,2,Algae_Sum,5.6216245,7.6997747
2023-04-21,2,Algae_Sum,5.2019124,6.173028
2023-04-22,2,Algae_Sum,4.634543,5.4362087
2023-04-23,2,Algae_Sum,4.701191,5.403747
2023-04-24,2,Algae_Sum,4.874914,5.167581
2023-04-25,2,Algae_Sum,5.603553,5.1860843
2023-04-26,2,Algae_Sum,4.2804728,4.788269
2023-04-27,2,Algae_Sum,3.6347766,5.534836
2023-04-28,2,Algae_Sum,6.5385237,4.8597393
2023-04-29,2,Algae_Sum,14.271435,4.591671
2023-04-30,2,Algae_Sum,12.956777,6.5466633
2023-05-01,2,Algae_Sum,7.4970665,10.445008
2023-05-02,2,Algae_Sum,11.292253,9.820733
2023-05-03,2,Algae_Sum,9.83611,6.9643574
2023-05-04,2,Algae_Sum,11.773096,9.447034
2023-05-05,2,Algae_Sum,14.601667,9.239396
2023-05-06,2,Algae_Sum,12.448055,10.564318
2023-05-07,2,Algae_Sum,6.291126,12.517868
2023-05-08,2,Algae_Sum,5.0117936,11.140168
2023-05-09,2,Algae_Sum,5.804376,5.578515
2023-05-10,2,Algae_Sum,6.3043756,4.970411
2023-05-11,2,Algae_Sum,7.088902,5.637158
2023-05-12,2,Algae_Sum,7.7510343,5.3810043
2023-05-13,2,Algae_Sum,8.704016,5.465978
2023-05-14,2,Algae_Sum,6.7547026,5.5776052
2023-05-15,2,Algae_Sum,5.222729,5.790403
2023-05-16,2,Algae_Sum,4.4986825,5.7118807
2023-05-17,2,Algae_Sum,4.0229225,5.575211
2023-05-18,2,Algae_Sum,4.6135154,5.37844
2023-05-19,2,Algae_Sum,3.9889245,5.056371
2023-05-20,2,Algae_Sum,3.652485,5.4814787
2023-05-21,2,Algae_Sum,3.7265778,5.0291324
2023-05-22,2,Algae_Sum,3.2291937,4.683283
2023-05-23,2,Algae_Sum,3.8584538,4.810238
2023-05-24,2,Algae_Sum,4.446563,4.2863545
2023-05-25,2,Algae_Sum,4.0857143,4.5168176
2023-05-26,2,Algae_Sum,4.0087175,4.76482
2023-05-27,2,Algae_Sum,4.828029,4.8783045
2023-05-28,2,Algae_Sum,6.1320353,4.887033
2023-05-29,2,Algae_Sum,7.9067554,5.5153265
2023-05-30,2,Algae_Sum,8.271934,6.9784517
2023-05-31,2,Algae_Sum,12.0165825,8.639072
2023-06-01,2,Algae_Sum,13.20095,8.401194
2023-06-02,2,Algae_Sum,9.427839,10.357195
2023-06-03,2,Algae_Sum,10.580038,10.54469
2023-06-04,2,Algae_Sum,8.459904,8.8046255
2023-06-05,2,Algae_Sum,5.495514,7.88537
2023-06-06,2,Algae_Sum,8.329729,7.162219
2023-06-07,2,Algae_Sum,10.058122,5.799066
2023-06-08,2,Algae_Sum,8.31265,6.8762474
2023-06-09,2,Algae_Sum,6.1535554,8.808732
2023-06-10,2,Algae_Sum,4.5677657,8.059035
2023-06-11,2,Algae_Sum,4.7996216,6.3868237
2023-06-12,2,Algae_Sum,5.6931252,5.4457955
2023-06-13,2,Algae_Sum,6.915264,5.37665
2023-06-14,2,Algae_Sum,7.855021,5.70005
2023-06-15,2,Algae_Sum,6.4189825,6.0916014
2023-06-16,2,Algae_Sum,4.1020656,5.7357254
2023-06-17,2,Algae_Sum,4.350381,5.5068035
2023-06-18,2,Algae_Sum,4.93138,4.582449
2023-06-19,2,Algae_Sum,3.957721,4.3956223
2023-06-20,2,Algae_Sum,5.3548512,4.938772
2023-06-21,2,Algae_Sum,9.287184,4.8480854
2023-06-22,2,Algae_Sum,10.645128,5.7438183
2023-06-23,2,Algae_Sum,11.645772,9.47928
2023-06-24,2,Algae_Sum,11.620409,10.394396
2023-06-25,2,Algae_Sum,11.008908,10.067674
2023-06-26,2,Algae_Sum,12.472473,9.613775
2023-06-27,2,Algae_Sum,13.612487,8.962956
2023-06-28,2,Algae_Sum,14.570873,9.476654
2023-06-29,2,Algae_Sum,16.603083,9.864634
2023-06-30,2,Algae_Sum,16.828627,12.517101
2023-07-01,2,Algae_Sum,11.07205,13.434116
2023-07-02,2,Algae_Sum,10.102373,12.748635
2023-07-03,2,Algae_Sum,11.606199,10.814886
2023-07-04,2,Algae_Sum,17.047934,10.341925
2023-07-05,2,Algae_Sum,19.302849,11.070113
2023-07-06,2,Algae_Sum,18.339706,13.152165
2023-07-07,2,Algae_Sum,18.408247,14.187136
2023-07-08,2,Algae_Sum,17.667715,13.879136
2023-07-09,2,Algae_Sum,19.730883,14.304658
2023-07-10,2,Algae_Sum,18.000517,14.556085
2023-07-11,2,Algae_Sum,13.325165,14.824869
2023-07-12,2,Algae_Sum,9.572903,13.788917
2023-07-13,2,Algae_Sum,8.623045,11.657084
2023-07-14,2,Algae_Sum,6.3744617,10.459106
2023-07-15,2,Algae_Sum,5.2136755,10.025422
2023-07-16,2,Algae_Sum,4.364538,8.980886
2023-07-17,2,Algae_Sum,4.507408,7.1416283
2023-07-18,2,Algae_Sum,4.186809,6.307354
2023-07-19,2,Algae_Sum,4.201817,6.2393923
2023-07-20,2,Algae_Sum,5.7306867,5.8178196
2023-07-21,2,Algae_Sum,12.8116,5.9046016
2023-07-22,2,Algae_Sum,19.579756,7.180481
2023-07-23,2,Algae_Sum,18.616846,11.231309
2023-07-24,2,Algae_Sum,21.267357,13.335521
2023-07-25,2,Algae_Sum,22.591825,13.881748
2023-07-26,2,Algae_Sum,19.576962,14.66092
2023-07-27,2,Algae_Sum,12.689302,14.802669
2023-07-28,2,Algae_Sum,7.021845,13.09145
2023-07-29,2,Algae_Sum,6.46789,11.105968
2023-07-30,2,Algae_Sum,8.131341,6.9807663
2023-07-31,2,Algae_Sum,10.473058,6.270526
2023-08-01,2,Algae_Sum,9.347293,9.356702
2023-08-02,2,Algae_Sum,10.365169,9.909774
2023-08-03,2,Algae_Sum,13.959923,10.221237
2023-08-04,2,Algae_Sum,13.29757,11.1695595
2023-08-05,2,Algae_Sum,19.390783,12.488304
2023-08-06,2,Algae_Sum,20.012756,12.369616
2023-08-07,2,Algae_Sum,21.812866,13.980002
2023-08-08,2,Algae_Sum,21.698616,14.291857
2023-08-09,2,Algae_Sum,15.952563,14.242539
2023-08-10,2,Algae_Sum,12.506755,13.87326
2023-08-11,2,Algae_Sum,9.76769,13.162459
2023-08-12,2,Algae_Sum,8.628945,11.048189
2023-08-13,2,Algae_Sum,10.753833,10.097526
2023-08-14,2,Algae_Sum,18.312202,9.145524
2023-08-15,2,Algae_Sum,15.357068,10.884579
2023-08-16,2,Algae_Sum,14.4903345,13.351678
2023-08-17,2,Algae_Sum,6.1450768,12.107487
2023-08-18,2,Algae_Sum,6.9899535,10.751202
2023-08-19,2,Algae_Sum,7.427206,6.1501455
2023-08-20,2,Algae_Sum,5.591925,6.0301437
2023-08-21,2,Algae_Sum,5.112237,6.1392326
2023-08-22,2,Algae_Sum,4.8117847,5.462555
2023-08-23,2,Algae_Sum,4.9052696,5.023752
2023-08-24,2,Algae_Sum,4.682758,4.694885
2023-08-25,2,Algae_Sum,4.229706,4.906144
2023-08-26,2,Algae_Sum,5.2838764,4.6022577
2023-08-27,2,Algae_Sum,5.1225586,4.848043
2023-08-28,2,Algae_Sum,5.457451,5.2051125
2023-08-29,2,Algae_Sum,9.769335,5.4327784
2023-08-30,2,Algae_Sum,6.403431,5.231778
2023-08-31,2,Algae_Sum,9.14163,6.8226995
2023-09-01,2,Algae_Sum,7.098849,6.0890064
2023-09-02,2,Algae_Sum,6.8927407,6.946518
2023-09-03,2,Algae_Sum,6.0940366,6.4209104
2023-09-04,2,Algae_Sum,5.8949885,6.180104
2023-09-05,2,Algae_Sum,8.714047,6.045664
2023-09-06,2,Algae_Sum,10.118848,5.879033
2023-09-07,2,Algae_Sum,9.202477,6.181658
2023-09-08,2,Algae_Sum,9.017773,6.4992104
2023-09-09,2,Algae_Sum,5.850143,6.3200574
2023-09-10,2,Algae_Sum,4.832357,6.508569
2023-09-11,2,Algae_Sum,4.02745,5.5207853
2023-09-12,2,Algae_Sum,3.6709762,5.3154855
2023-09-13,2,Algae_Sum,4.0373435,4.720985
2023-09-14,2,Algae_Sum,5.0195746,4.878127
2023-09-15,2,Algae_Sum,6.2175045,4.879526
2023-09-16,2,Algae_Sum,5.396928,5.644512
2023-09-17,2,Algae_Sum,4.511211,6.597982
2023-09-18,2,Algae_Sum,5.9401107,6.178634
2023-09-19,2,Algae_Sum,7.256015,5.851313
2023-09-20,2,Algae_Sum,9.687739,6.538753
2023-09-21,2,Algae_Sum,11.152798,7.128061
2023-09-22,2,Algae_Sum,9.092755,9.365862
2023-09-23,2,Algae_Sum,9.462845,9.841312
2023-09-24,2,Algae_Sum,9.13481,9.00544
2023-09-25,2,Algae_Sum,6.733803,9.4601555
2023-09-26,2,Algae_Sum,9.3901205,9.274148
2023-09-27,2,Algae_Sum,8.797401,7.0991406
2023-09-28,2,Algae_Sum,8.627417,9.141284
2023-09-29,2,Algae_Sum,8.13903,8.779392
2023-09-30,2,Algae_Sum,8.805059,8.47031
2023-10-01,2,Algae_Sum,8.873955,8.586926
2023-10-02,2,Algae_Sum,5.967786,8.120091
2023-10-03,2,Algae_Sum,7.2735186,8.224104
2023-10-04,2,Algae_Sum,7.5096498,6.8121247
2023-10-05,2,Algae_Sum,5.9595027,7.3011847
2023-10-06,2,Algae_Sum,4.3613086,7.258998
2023-10-07,2,Algae_Sum,3.5716507,6.305275
2023-10-08,2,Algae_Sum,3.528187,5.047861
2023-10-09,2,Algae_Sum,3.9179816,4.2158933
2023-10-10,2,Algae_Sum,4.670383,4.0434484
2023-10-11,2,Algae_Sum,4.3853636,4.3299084
2023-10-12,2,Algae_Sum,3.630321,4.9401493
2023-10-13,2,Algae_Sum,6.1506977,5.0533624
2023-10-14,2,Algae_Sum,10.862733,5.1925483
2023-10-15,2,Algae_Sum,12.212149,6.6697874
2023-10-16,2,Algae_Sum,6.1697555,9.144411
2023-10-17,2,Algae_Sum,5.6503882,9.556974
2023-10-18,2,Algae_Sum,8.3702,7.582743
2023-10-19,2,Algae_Sum,7.988243,6.987306
2023-10-20,2,Algae_Sum,8.712761,7.6743712
2023-10-21,2,Algae_Sum,6.09467,7.3003144
2023-10-22,2,Algae_Sum,7.1581044,7.428196
2023-10-23,2,Algae_Sum,5.96391,6.4939227
2023-10-24,2,Algae_Sum,8.6742325,6.6263924
2023-10-25,2,Algae_Sum,13.544966,6.323063
2023-10-26,2,Algae_Sum,10.631577,7.07049
2023-10-27,2,Algae_Sum,10.541737,7.843764
2023-10-28,2,Algae_Sum,5.8347054,7.711722
2023-10-29,2,Algae_Sum,5.825745,7.53356
2023-10-30,2,Algae_Sum,5.56857,6.310527
2023-10-31,2,Algae_Sum,6.985122,5.9521174
2023-11-01,2,Algae_Sum,8.041882,5.842252
2023-11-02,2,Algae_Sum,6.7011433,6.2009363
2023-11-03,2,Algae_Sum,8.279078,6.745037
2023-11-04,2,Algae_Sum,5.83744,6.2178836
2023-11-05,2,Algae_Sum,8.754188,7.119127
2023-11-06,2,Algae_Sum,10.229152,6.3314586
2023-11-07,2,Algae_Sum,7.655938,7.128579
2023-11-08,2,Algae_Sum,4.2260113,7.7169666
2023-11-09,2,Algae_Sum,4.6493325,6.681317
2023-11-10,2,Algae_Sum,5.1353493,5.077681
2023-11-11,2,Algae_Sum,3.610392,5.1949883
2023-11-12,2,Algae_Sum,3.563171,5.5327682
2023-11-13,2,Algae_Sum,2.9885213,4.953704
2023-11-14,2,Algae_Sum,3.5244007,5.046979
2023-11-15,2,Algae_Sum,3.460855,4.548288
2023-11-16,2,Algae_Sum,3.3802412,4.8723593
2023-11-17,2,Algae_Sum,3.2781708,4.7975087
2023-11-18,2,Algae_Sum,3.6207902,4.627959
2023-11-19,2,Algae_Sum,2.9817839,4.422086
2023-11-20,2,Algae_Sum,3.663706,4.7707276
2023-11-21,2,Algae_Sum,3.2461529,4.147835
2023-11-22,2,Algae_Sum,4.652809,4.529204
2023-11-23,2,Algae_Sum,11.062335,4.0782747
2023-11-24,2,Algae_Sum,7.191083,4.4046917
2023-11-25,2,Algae_Sum,4.861382,6.917549
2023-11-26,2,Algae_Sum,3.3599403,6.090066
2023-11-27,2,Algae_Sum,3.5830445,5.0827684
2023-11-28,2,Algae_Sum,5.812014,4.424827
2023-11-29,2,Algae_Sum,5.0685453,4.7020206
2023-11-30,2,Algae_Sum,13.4719305,5.7716603
2023-12-01,2,Algae_Sum,7.98614,6.219333
2023-12-02,2,Algae_Sum,5.869619,8.836953
2023-12-03,2,Algae_Sum,6.3705707,7.1348433
2023-12-04,2,Algae_Sum,5.155445,5.579784
2023-12-05,2,Algae_Sum,8.696334,5.4994507
2023-12-06,2,Algae_Sum,9.385786,4.894058
2023-12-07,2,Algae_Sum,6.3892965,6.1027627
2023-12-08,2,Algae_Sum,4.352298,6.4325438
2023-12-09,2,Algae_Sum,6.964291,6.1115384
2023-12-10,2,Algae_Sum,5.7171173,4.9809256
2023-12-11,2,Algae_Sum,9.130519,6.622728
2023-12-12,2,Algae_Sum,12.658916,6.337473
2023-12-13,2,Algae_Sum,11.153771,8.166269
2023-12-14,2,Algae_Sum,11.911017,10.024041
2023-12-15,2,Algae_Sum,12.863973,8.647657
2023-12-16,2,Algae_Sum,9.227918,8.148209
2023-12-17,2,Algae_Sum,5.000855,8.434021
2023-12-18,2,Algae_Sum,5.0440235,7.71607
2023-12-19,2,Algae_Sum,7.2128468,5.5779705
2023-12-20,2,Algae_Sum,5.3524604,5.0741577
2023-12-21,2,Algae_Sum,4.4162736,5.988686
2023-12-22,2,Algae_Sum,5.4673543,5.1495333
2023-12-23,2,Algae_Sum,5.3069916,4.6036305
2023-12-24,2,Algae_Sum,5.0713725,5.0088835
2023-12-25,2,Algae_Sum,6.1313434,5.0775123
2023-12-26,2,Algae_Sum,12.130165,4.9978557
2023-12-27,2,Algae_Sum,14.239751,5.344614
2023-12-28,2,Algae_Sum,12.578621,7.2373786
2020-10-30,3,Algae_Sum,21.884106,9.862174
2020-10-31,3,Algae_Sum,12.073075,11.927805
2020-11-01,3,Algae_Sum,14.822073,14.098977
2020-11-02,3,Algae_Sum,13.792086,14.426371
2020-11-03,3,Algae_Sum,9.761375,10.090064
2020-11-04,3,Algae_Sum,9.380658,11.714974
2020-11-05,3,Algae_Sum,7.6647573,11.552567
2020-11-06,3,Algae_Sum,10.652831,9.279846
2020-11-07,3,Algae_Sum,17.500963,9.102384
2020-11-08,3,Algae_Sum,7.6776447,8.166346
2020-11-09,3,Algae_Sum,6.484938,10.178673
2020-11-10,3,Algae_Sum,5.9227905,13.409839
2020-11-11,3,Algae_Sum,6.3580694,8.2301035
2020-11-12,3,Algae_Sum,7.033241,6.70018
2020-11-13,3,Algae_Sum,7.3596616,6.547904
2020-11-14,3,Algae_Sum,9.0749035,6.9860477
2020-11-15,3,Algae_Sum,8.515803,7.836737
2020-11-16,3,Algae_Sum,13.417889,8.181082
2020-11-17,3,Algae_Sum,15.102305,9.007652
2020-11-18,3,Algae_Sum,14.956821,9.012888
2020-11-19,3,Algae_Sum,18.823248,11.513622
2020-11-20,3,Algae_Sum,16.920609,11.88572
2020-11-21,3,Algae_Sum,15.183918,11.225575
2020-11-22,3,Algae_Sum,15.901703,12.955542
2020-11-23,3,Algae_Sum,11.166392,11.74595
2020-11-24,3,Algae_Sum,10.60181,11.012024
2020-11-25,3,Algae_Sum,9.785565,11.693186
2020-11-26,3,Algae_Sum,16.66919,9.482689
2020-11-27,3,Algae_Sum,11.014212,8.952748
2020-11-28,3,Algae_Sum,8.998741,8.791003
2020-11-29,3,Algae_Sum,9.229913,12.395536
2020-11-30,3,Algae_Sum,4.991194,9.602152
2020-12-01,3,Algae_Sum,4.6330485,8.556298
2020-12-02,3,Algae_Sum,5.1133065,8.712455
2020-12-03,3,Algae_Sum,4.5701375,6.472597
2020-12-04,3,Algae_Sum,5.052518,6.1761427
2020-12-05,3,Algae_Sum,4.2047973,6.650963
2020-12-06,3,Algae_Sum,4.3188496,6.286189
2020-12-07,3,Algae_Sum,4.5638957,6.3412232
2020-12-08,3,Algae_Sum,4.3974586,5.8974757
2020-12-09,3,Algae_Sum,6.298979,5.8921056
2020-12-10,3,Algae_Sum,5.4832077,6.1809278
2020-12-11,3,Algae_Sum,3.929725,5.991331
2020-12-12,3,Algae_Sum,6.609797,7.529494
2020-12-13,3,Algae_Sum,14.367908,7.139865
2020-12-14,3,Algae_Sum,4.815441,5.7446895
2020-12-15,3,Algae_Sum,4.2484083,7.2588577
2020-12-16,3,Algae_Sum,4.285731,11.906918
2020-12-17,3,Algae_Sum,4.113128,6.2054653
2020-12-18,3,Algae_Sum,3.9961796,5.2747087
2020-12-19,3,Algae_Sum,4.648864,5.6098347
2020-12-20,3,Algae_Sum,5.3344426,6.220984
2020-12-21,3,Algae_Sum,5.618892,5.992518
2020-12-22,3,Algae_Sum,5.4751267,6.3425927
2020-12-23,3,Algae_Sum,7.776384,6.997654
2020-12-24,3,Algae_Sum,7.4458003,7.1866646
2020-12-25,3,Algae_Sum,6.071738,7.002095
2020-12-26,3,Algae_Sum,6.178096,8.201252
2020-12-27,3,Algae_Sum,6.910051,7.8382483
2020-12-28,3,Algae_Sum,18.225533,6.5415792
2020-12-29,3,Algae_Sum,16.772173,6.537328
2020-12-30,3,Algae_Sum,16.605732,7.4097548
2020-12-31,3,Algae_Sum,16.387157,13.541227
2021-01-01,3,Algae_Sum,8.856911,12.531981
2021-01-02,3,Algae_Sum,5.317567,11.3000765
2021-01-03,3,Algae_Sum,4.7676196,11.396431
2021-01-04,3,Algae_Sum,4.2526574,7.917827
2021-01-05,3,Algae_Sum,4.1225705,6.071499
2021-01-06,3,Algae_Sum,5.5991163,5.8511095
2021-01-07,3,Algae_Sum,7.6152134,5.732836
2021-01-08,3,Algae_Sum,4.0434084,5.578042
2021-01-09,3,Algae_Sum,3.713741,6.4255414
2021-01-10,3,Algae_Sum,3.414877,7.3300486
2021-01-11,3,Algae_Sum,3.6629832,5.3103075
2021-01-12,3,Algae_Sum,5.2977786,5.0862417
2021-01-13,3,Algae_Sum,6.059045,5.116195
2021-01-14,3,Algae_Sum,6.5575237,5.2463303
2021-01-15,3,Algae_Sum,6.035286,6.0967784
2021-01-16,3,Algae_Sum,6.2309194,6.646285
2021-01-17,3,Algae_Sum,7.3292184,7.1971345
2021-01-18,3,Algae_Sum,7.2281694,6.9857993
2021-01-19,3,Algae_Sum,6.791013,7.374922
2021-01-20,3,Algae_Sum,9.555196,7.1569242
2021-01-21,3,Algae_Sum,12.568437,7.4747434
2021-01-22,3,Algae_Sum,13.08861,7.5424027
2021-01-23,3,Algae_Sum,16.701107,10.2303505
2021-01-24,3,Algae_Sum,11.107178,10.485841
2021-01-25,3,Algae_Sum,13.185079,10.394986
2021-01-26,3,Algae_Sum,14.309341,11.174511
2021-01-27,3,Algae_Sum,17.447178,9.600874
2021-01-28,3,Algae_Sum,12.752337,10.298104
2021-01-29,3,Algae_Sum,14.503437,10.460588
2021-01-30,3,Algae_Sum,14.994356,10.819759
2021-01-31,3,Algae_Sum,12.609326,9.430484
2021-02-01,3,Algae_Sum,11.911086,9.766595
2021-02-02,3,Algae_Sum,11.054591,10.315205
2021-02-03,3,Algae_Sum,9.5205145,10.055211
2021-02-04,3,Algae_Sum,10.508161,9.790135
2021-02-05,3,Algae_Sum,10.67833,9.592277
2021-02-06,3,Algae_Sum,10.053758,8.857264
2021-02-07,3,Algae_Sum,9.0949745,9.395091
2021-02-08,3,Algae_Sum,9.740884,9.74907
2021-02-09,3,Algae_Sum,11.113655,9.455592
2021-02-10,3,Algae_Sum,13.788543,8.981361
2021-02-11,3,Algae_Sum,9.672534,9.329368
2021-02-12,3,Algae_Sum,9.084823,9.735179
2021-02-13,3,Algae_Sum,17.508087,10.176585
2021-02-14,3,Algae_Sum,13.146946,8.863715
2021-02-15,3,Algae_Sum,11.419103,9.054256
2021-02-16,3,Algae_Sum,11.980311,12.8293295
2021-02-17,3,Algae_Sum,11.245926,10.654824
2021-02-18,3,Algae_Sum,7.9800363,9.495695
2021-02-19,3,Algae_Sum,9.421471,10.475615
2021-02-20,3,Algae_Sum,7.99176,9.462102
2021-02-21,3,Algae_Sum,8.2490015,8.118764
2021-02-22,3,Algae_Sum,7.808769,9.047631
2021-02-23,3,Algae_Sum,8.060869,8.332138
2021-02-24,3,Algae_Sum,7.221506,8.6634865
2021-02-25,3,Algae_Sum,9.2095,8.249134
2021-02-26,3,Algae_Sum,9.879594,8.011662
2021-02-27,3,Algae_Sum,8.833722,7.346902
2021-02-28,3,Algae_Sum,8.0143585,8.950742
2021-03-01,3,Algae_Sum,6.0586815,9.362519
2021-03-02,3,Algae_Sum,6.4103456,8.8212805
2021-03-03,3,Algae_Sum,8.819653,8.268962
2021-03-04,3,Algae_Sum,6.2930245,6.5353193
2021-03-05,3,Algae_Sum,3.0083067,6.940893
2021-03-06,3,Algae_Sum,1.6337553,9.312166
2021-03-07,3,Algae_Sum,1.628278,6.894381
2021-03-08,3,Algae_Sum,2.2676249,4.828943
2021-03-09,3,Algae_Sum,2.4649348,3.7417529
2021-03-10,3,Algae_Sum,3.7003834,3.7090461
2021-03-11,3,Algae_Sum,6.6675324,4.333582
2021-03-12,3,Algae_Sum,10.264775,4.660829
2021-03-13,3,Algae_Sum,19.44618,5.6291504
2021-03-14,3,Algae_Sum,12.759682,9.038901
2021-03-15,3,Algae_Sum,12.029479,11.080729
2021-03-16,3,Algae_Sum,9.745131,14.346875
2021-03-17,3,Algae_Sum,7.7749853,10.443566
2021-03-18,3,Algae_Sum,7.2675614,9.942741
2021-03-19,3,Algae_Sum,5.630832,9.382926
2021-03-20,3,Algae_Sum,5.568669,7.6002417
2021-03-21,3,Algae_Sum,4.5231113,7.1838846
2021-03-22,3,Algae_Sum,3.0237844,6.353956
2021-03-23,3,Algae_Sum,2.5734901,6.049579
2021-03-24,3,Algae_Sum,2.9237897,5.4829655
2021-03-25,3,Algae_Sum,2.8117054,4.756307
2021-03-26,3,Algae_Sum,3.0104342,4.624759
2021-03-27,3,Algae_Sum,3.8426285,4.6624894
2021-03-28,3,Algae_Sum,6.895923,4.661771
2021-03-29,3,Algae_Sum,13.461354,4.8418374
2021-03-30,3,Algae_Sum,17.317652,5.5558257
2021-03-31,3,Algae_Sum,17.391066,8.9005785
2021-04-01,3,Algae_Sum,14.776763,12.925666
2021-04-02,3,Algae_Sum,12.928407,13.692384
2021-04-03,3,Algae_Sum,11.813078,12.496411
2021-04-04,3,Algae_Sum,8.532172,10.5973625
2021-04-05,3,Algae_Sum,6.315181,9.108961
2021-04-06,3,Algae_Sum,6.0695224,9.467781
2021-04-07,3,Algae_Sum,6.6027446,7.318801
2021-04-08,3,Algae_Sum,6.337952,6.2722955
2021-04-09,3,Algae_Sum,5.6539507,6.3622713
2021-04-10,3,Algae_Sum,5.894414,6.71302
2021-04-11,3,Algae_Sum,7.030861,6.4446774
2021-04-12,3,Algae_Sum,13.461731,6.3141212
2021-04-13,3,Algae_Sum,14.730739,6.8622246
2021-04-14,3,Algae_Sum,15.172216,8.656163
2021-04-15,3,Algae_Sum,13.776918,12.184329
2021-04-16,3,Algae_Sum,13.478327,12.889228
2021-04-17,3,Algae_Sum,17.960876,12.439185
2021-04-18,3,Algae_Sum,13.178813,11.273405
2021-04-19,3,Algae_Sum,12.057459,11.195277
2021-04-20,3,Algae_Sum,11.892882,13.471212
2021-04-21,3,Algae_Sum,12.019044,10.5750475
2021-04-22,3,Algae_Sum,14.975033,9.913264
2021-04-23,3,Algae_Sum,16.368479,10.067832
2021-04-24,3,Algae_Sum,15.866011,10.684818
2021-04-25,3,Algae_Sum,21.996445,12.226369
2021-04-26,3,Algae_Sum,17.954536,12.990461
2021-04-27,3,Algae_Sum,14.3708105,12.653241
2021-04-28,3,Algae_Sum,8.976744,14.156262
2021-04-29,3,Algae_Sum,6.032525,10.739936
2021-04-30,3,Algae_Sum,6.1225615,9.118208
2021-05-01,3,Algae_Sum,13.055283,7.3884296
2021-05-02,3,Algae_Sum,15.771375,6.77914
2021-05-03,3,Algae_Sum,17.007025,6.8441596
2021-05-04,3,Algae_Sum,9.339772,11.109261
2021-05-05,3,Algae_Sum,9.40084,12.287589
2021-05-06,3,Algae_Sum,11.735045,12.914586
2021-05-07,3,Algae_Sum,11.6258955,8.929448
2021-05-08,3,Algae_Sum,16.68035,9.463269
2021-05-09,3,Algae_Sum,22.493618,11.4002495
2021-05-10,3,Algae_Sum,16.525246,11.141042
2021-05-11,3,Algae_Sum,18.971342,13.111965
2021-05-12,3,Algae_Sum,21.865564,15.684344
2021-05-13,3,Algae_Sum,21.909088,12.6479
2021-05-14,3,Algae_Sum,18.595934,14.673789
2021-05-15,3,Algae_Sum,16.452106,16.538677
2021-05-16,3,Algae_Sum,12.469892,16.89151
2021-05-17,3,Algae_Sum,11.853444,12.57473
2021-05-18,3,Algae_Sum,12.899964,11.494924
2021-05-19,3,Algae_Sum,10.863085,10.357489
2021-05-20,3,Algae_Sum,11.793205,10.645176
2021-05-21,3,Algae_Sum,10.932504,11.686596
2021-05-22,3,Algae_Sum,14.627393,10.042491
2021-05-23,3,Algae_Sum,13.459877,10.958373
2021-05-24,3,Algae_Sum,18.745737,10.686409
2021-05-25,3,Algae_Sum,12.448503,12.125555
2021-05-26,3,Algae_Sum,11.574566,10.809425
2021-05-27,3,Algae_Sum,18.80346,13.672987
2021-05-28,3,Algae_Sum,22.238157,10.97548
2021-05-29,3,Algae_Sum,21.29074,10.711085
2021-05-30,3,Algae_Sum,10.020926,13.776285
2021-05-31,3,Algae_Sum,7.060413,15.189427
2021-06-01,3,Algae_Sum,10.506314,13.112681
2021-06-02,3,Algae_Sum,9.201731,9.236754
2021-06-03,3,Algae_Sum,6.931745,6.963457
2021-06-04,3,Algae_Sum,8.3245325,8.339263
2021-06-05,3,Algae_Sum,7.7431645,7.6434937
2021-06-06,3,Algae_Sum,8.018364,6.177076
2021-06-07,3,Algae_Sum,9.928958,7.0767894
2021-06-08,3,Algae_Sum,13.749262,6.7802577
2021-06-09,3,Algae_Sum,8.666303,8.191907
2021-06-10,3,Algae_Sum,10.037793,10.090116
2021-06-11,3,Algae_Sum,12.12508,12.0809555
2021-06-12,3,Algae_Sum,18.209587,9.015632
2021-06-13,3,Algae_Sum,24.054714,10.092256
2021-06-14,3,Algae_Sum,23.002129,11.204313
2021-06-15,3,Algae_Sum,22.791176,13.76413
2021-06-16,3,Algae_Sum,24.818869,15.622462
2021-06-17,3,Algae_Sum,22.894386,14.502988
2021-06-18,3,Algae_Sum,22.643948,16.405043
2021-06-19,3,Algae_Sum,20.487635,17.631277
2021-06-20,3,Algae_Sum,21.67561,16.15677
2021-06-21,3,Algae_Sum,12.94602,14.031717
2021-06-22,3,Algae_Sum,9.037994,13.549821
2021-06-23,3,Algae_Sum,9.579233,14.476547
2021-06-24,3,Algae_Sum,8.6657095,11.144243
2021-06-25,3,Algae_Sum,9.339313,9.964196
2021-06-26,3,Algae_Sum,8.252894,10.441574
2021-06-27,3,Algae_Sum,19.663662,10.176953
2021-06-28,3,Algae_Sum,25.989393,10.965174
2021-06-29,3,Algae_Sum,24.72149,9.840286
2021-06-30,3,Algae_Sum,18.818155,14.5604725
2021-07-01,3,Algae_Sum,17.853378,15.886145
2021-07-02,3,Algae_Sum,20.01221,15.039435
2021-07-03,3,Algae_Sum,24.686243,13.36841
2021-07-04,3,Algae_Sum,17.383993,14.297721
2021-07-05,3,Algae_Sum,24.257757,15.46483
2021-07-06,3,Algae_Sum,21.03982,17.027822
2021-07-07,3,Algae_Sum,18.139551,12.654098
2021-07-08,3,Algae_Sum,19.128239,15.429232
2021-07-09,3,Algae_Sum,9.262927,13.629511
2021-07-10,3,Algae_Sum,10.348993,12.711439
2021-07-11,3,Algae_Sum,10.155518,14.134681
2021-07-12,3,Algae_Sum,12.318908,9.404318
2021-07-13,3,Algae_Sum,11.372229,10.04491
2021-07-14,3,Algae_Sum,11.732797,10.538041
2021-07-15,3,Algae_Sum,13.027316,11.522608
2021-07-16,3,Algae_Sum,13.275453,10.798544
2021-07-17,3,Algae_Sum,13.036151,13.063612
2021-07-18,3,Algae_Sum,12.048767,13.755891
2021-07-19,3,Algae_Sum,12.207481,14.065751
2021-07-20,3,Algae_Sum,11.366654,13.696139
2021-07-21,3,Algae_Sum,8.354729,12.254013
2021-07-22,3,Algae_Sum,9.270456,11.613295
2021-07-23,3,Algae_Sum,17.47265,10.201901
2021-07-24,3,Algae_Sum,23.949871,9.418522
2021-07-25,3,Algae_Sum,22.02724,9.801558
2021-07-26,3,Algae_Sum,19.4621,14.699078
2021-07-27,3,Algae_Sum,16.015862,16.719786
2021-07-28,3,Algae_Sum,10.80458,15.088829
2021-07-29,3,Algae_Sum,11.944978,12.989492
2021-07-30,3,Algae_Sum,11.576705,11.819239
2021-07-31,3,Algae_Sum,13.812453,9.970682
2021-08-01,3,Algae_Sum,16.956932,11.369306
2021-08-02,3,Algae_Sum,19.797148,11.712564
2021-08-03,3,Algae_Sum,14.188182,12.489317
2021-08-04,3,Algae_Sum,10.745257,13.099668
2021-08-05,3,Algae_Sum,10.256742,13.020847
2021-08-06,3,Algae_Sum,9.348004,11.003844
2021-08-07,3,Algae_Sum,9.657215,10.01155
2021-08-08,3,Algae_Sum,7.870428,9.062178
2021-08-09,3,Algae_Sum,7.9377337,8.083841
2021-08-10,3,Algae_Sum,6.537909,8.391562
2021-08-11,3,Algae_Sum,7.6913457,8.46553
2021-08-12,3,Algae_Sum,9.700195,9.585952
2021-08-13,3,Algae_Sum,8.763865,7.5033402
2021-08-14,3,Algae_Sum,14.3637705,8.910729
2021-08-15,3,Algae_Sum,19.768396,10.520105
2021-08-16,3,Algae_Sum,14.797129,9.486259
2021-08-17,3,Algae_Sum,13.521683,12.90352
2021-08-18,3,Algae_Sum,16.551445,14.850307
2021-08-19,3,Algae_Sum,19.159174,11.656178
2021-08-20,3,Algae_Sum,17.454346,10.603977
2021-08-21,3,Algae_Sum,14.43775,13.081199
2021-08-22,3,Algae_Sum,24.444853,13.949212
2021-08-23,3,Algae_Sum,23.654213,14.001184
2021-08-24,3,Algae_Sum,20.174358,12.164085
2021-08-25,3,Algae_Sum,23.570362,15.469062
2021-08-26,3,Algae_Sum,22.163607,16.19606
2021-08-27,3,Algae_Sum,20.888262,14.197938
2021-08-28,3,Algae_Sum,17.96409,15.195549
2021-08-29,3,Algae_Sum,15.920398,14.17438
2021-08-30,3,Algae_Sum,13.904685,13.7090025
2021-08-31,3,Algae_Sum,11.628221,12.634839
2021-09-01,3,Algae_Sum,9.605492,11.910599
2021-09-02,3,Algae_Sum,8.241238,11.546818
2021-09-03,3,Algae_Sum,6.9375906,11.310035
2021-09-04,3,Algae_Sum,8.669407,10.674241
2021-09-05,3,Algae_Sum,9.813335,9.599292
2021-09-06,3,Algae_Sum,7.5314255,8.596069
2021-09-07,3,Algae_Sum,6.983845,10.2848835
2021-09-08,3,Algae_Sum,7.1382346,10.68604
2021-09-09,3,Algae_Sum,13.072077,8.7237
2021-09-10,3,Algae_Sum,12.83738,8.028561
2021-09-11,3,Algae_Sum,16.002106,8.965189
2021-09-12,3,Algae_Sum,17.835026,11.700122
2021-09-13,3,Algae_Sum,14.486676,11.065998
2021-09-14,3,Algae_Sum,13.53239,12.905475
2021-09-15,3,Algae_Sum,9.934142,13.72389
2021-09-16,3,Algae_Sum,8.631086,11.749039
2021-09-17,3,Algae_Sum,6.440637,11.23543
2021-09-18,3,Algae_Sum,5.292397,10.05653
2021-09-19,3,Algae_Sum,5.922165,9.305767
2021-09-20,3,Algae_Sum,5.691839,7.2136908
2021-09-21,3,Algae_Sum,4.662006,6.4183364
2021-09-22,3,Algae_Sum,6.1574945,6.9377995
2021-09-23,3,Algae_Sum,6.0256524,7.4707446
2021-09-24,3,Algae_Sum,5.532701,5.806421
2021-09-25,3,Algae_Sum,5.1589136,7.0152845
2021-09-26,3,Algae_Sum,5.3309774,7.2010293
2021-09-27,3,Algae_Sum,5.418769,6.4266415
2021-09-28,3,Algae_Sum,5.2733235,6.042462
2021-09-29,3,Algae_Sum,5.532158,5.8043528
2021-09-30,3,Algae_Sum,6.4422374,5.660307
2021-10-01,3,Algae_Sum,5.0308905,5.798881
2021-10-02,3,Algae_Sum,4.317036,5.7067556
2021-10-03,3,Algae_Sum,4.889657,5.814586
2021-10-04,3,Algae_Sum,5.2936916,5.1300945
2021-10-05,3,Algae_Sum,5.697726,4.8029914
2021-10-06,3,Algae_Sum,6.1017604,5.390273
2021-10-07,3,Algae_Sum,6.5057945,5.7308235
2021-10-08,3,Algae_Sum,6.909829,6.2390547
2021-10-09,3,Algae_Sum,7.3138633,6.279006
2021-10-10,3,Algae_Sum,7.7178974,6.6188793
2021-10-11,3,Algae_Sum,8.121932,8.001868
2021-10-12,3,Algae_Sum,8.50928,7.939274
2021-10-13,3,Algae_Sum,7.9375234,8.525092
2021-10-14,3,Algae_Sum,7.977364,8.360798
2021-10-15,3,Algae_Sum,15.226336,9.171314
2021-10-16,3,Algae_Sum,16.438095,9.149386
2021-10-17,3,Algae_Sum,8.294558,9.0298395
2021-10-18,3,Algae_Sum,7.752127,12.377786
2021-10-19,3,Algae_Sum,7.259913,12.242843
2021-10-20,3,Algae_Sum,6.6409698,7.6454735
2021-10-21,3,Algae_Sum,6.6670914,7.5292897
2021-10-22,3,Algae_Sum,5.925297,8.475761
2021-10-23,3,Algae_Sum,5.4903545,6.7608256
2021-10-24,3,Algae_Sum,5.6178727,6.8689437
2021-10-25,3,Algae_Sum,5.6348443,6.157011
2021-10-26,3,Algae_Sum,6.6838927,6.190012
2021-10-27,3,Algae_Sum,12.037207,6.985604
2021-10-28,3,Algae_Sum,17.690195,6.803644
2021-10-29,3,Algae_Sum,18.624842,8.387188
2021-10-30,3,Algae_Sum,13.580152,12.6514225
2021-10-31,3,Algae_Sum,11.194544,14.615635
2021-11-01,3,Algae_Sum,10.462178,13.281045
2021-11-02,3,Algae_Sum,12.232649,10.171306
2021-11-03,3,Algae_Sum,15.58694,9.875553
2021-11-04,3,Algae_Sum,10.781874,9.785704
2021-11-05,3,Algae_Sum,5.8879957,11.201024
2021-11-06,3,Algae_Sum,7.3089147,12.334623
2021-11-07,3,Algae_Sum,9.767589,9.780207
2021-11-08,3,Algae_Sum,10.094161,6.396003
2021-11-09,3,Algae_Sum,8.241853,8.826034
2021-11-10,3,Algae_Sum,8.87005,10.864587
2021-11-11,3,Algae_Sum,6.3899784,9.879752
2021-11-12,3,Algae_Sum,5.1606374,8.878665
2021-11-13,3,Algae_Sum,5.5793633,9.524792
2021-11-14,3,Algae_Sum,4.651657,7.060495
2021-11-15,3,Algae_Sum,4.554149,6.029105
2021-11-16,3,Algae_Sum,5.022404,6.3912773
2021-11-17,3,Algae_Sum,4.6273074,5.7528434
2021-11-18,3,Algae_Sum,4.374101,5.623241
2021-11-19,3,Algae_Sum,3.9367054,5.964019
2021-11-20,3,Algae_Sum,4.143954,5.851829
2021-11-21,3,Algae_Sum,5.2425346,5.699627
2021-11-22,3,Algae_Sum,5.5534515,5.4323106
2021-11-23,3,Algae_Sum,3.9296818,5.652372
2021-11-24,3,Algae_Sum,3.9628437,6.5793586
2021-11-25,3,Algae_Sum,3.9074223,6.7156897
2021-11-26,3,Algae_Sum,4.0430174,5.5003543
2021-11-27,3,Algae_Sum,4.3520837,5.405269
2021-11-28,3,Algae_Sum,4.666802,5.374772
2021-11-29,3,Algae_Sum,5.4313397,5.3234277
2021-11-30,3,Algae_Sum,7.180413,5.517947
2021-12-01,3,Algae_Sum,7.4161477,5.642694
2021-12-02,3,Algae_Sum,7.2796235,6.1980677
2021-12-03,3,Algae_Sum,6.8413396,7.9198966
2021-12-04,3,Algae_Sum,5.8279667,7.2929163
2021-12-05,3,Algae_Sum,5.988748,7.1059275
2021-12-06,3,Algae_Sum,5.93862,7.0325375
2021-12-07,3,Algae_Sum,5.536968,6.5649514
2021-12-08,3,Algae_Sum,5.703489,6.4155936
2021-12-09,3,Algae_Sum,5.5692935,6.369703
2021-12-10,3,Algae_Sum,5.7963386,6.155665
2021-12-11,3,Algae_Sum,6.7919173,6.192556
2021-12-12,3,Algae_Sum,6.347567,6.3622346
2021-12-13,3,Algae_Sum,7.157062,6.32357
2021-12-14,3,Algae_Sum,7.675123,7.1911945
2021-12-15,3,Algae_Sum,8.035453,6.609916
2021-12-16,3,Algae_Sum,8.290507,7.39146
2021-12-17,3,Algae_Sum,7.857487,8.382633
2021-12-18,3,Algae_Sum,6.9587545,8.561272
2021-12-19,3,Algae_Sum,7.078501,8.389392
2021-12-20,3,Algae_Sum,6.386708,7.1086593
2021-12-21,3,Algae_Sum,5.7970405,6.6131206
2021-12-22,3,Algae_Sum,8.401563,6.838646
2021-12-23,3,Algae_Sum,9.853842,6.3860884
2021-12-24,3,Algae_Sum,10.479891,6.403418
2021-12-25,3,Algae_Sum,6.79892,8.056494
2021-12-26,3,Algae_Sum,6.1713023,9.2100115
2021-12-27,3,Algae_Sum,5.868709,8.903466
2021-12-28,3,Algae_Sum,6.4871573,6.8695345
2021-12-29,3,Algae_Sum,5.5026603,6.43351
2021-12-30,3,Algae_Sum,5.9895153,6.383878
2021-12-31,3,Algae_Sum,5.2731185,6.9857078
2022-01-01,3,Algae_Sum,5.0462303,6.25782
2022-01-02,3,Algae_Sum,4.418698,6.706571
2022-01-03,3,Algae_Sum,5.029804,6.3359127
2022-01-04,3,Algae_Sum,6.5712094,6.3021665
2022-01-05,3,Algae_Sum,13.401752,5.8580422
2022-01-06,3,Algae_Sum,10.879635,6.2438884
2022-01-07,3,Algae_Sum,9.090659,7.3759604
2022-01-08,3,Algae_Sum,12.60774,10.868284
2022-01-09,3,Algae_Sum,9.901173,9.25728
2022-01-10,3,Algae_Sum,13.245796,8.0497675
2022-01-11,3,Algae_Sum,15.001737,9.376597
2022-01-12,3,Algae_Sum,7.81225,8.574038
2022-01-13,3,Algae_Sum,5.096939,9.46013
2022-01-14,3,Algae_Sum,3.6971543,9.479328
2022-01-15,3,Algae_Sum,4.363386,7.189553
2022-01-16,3,Algae_Sum,4.3458104,5.8185735
2022-01-17,3,Algae_Sum,3.8066256,4.9948893
2022-01-18,3,Algae_Sum,5.2714844,5.406032
2022-01-19,3,Algae_Sum,4.862216,5.3522286
2022-01-20,3,Algae_Sum,5.010956,4.8019185
2022-01-21,3,Algae_Sum,6.06328,5.5577893
2022-01-22,3,Algae_Sum,7.378161,5.3396993
2022-01-23,3,Algae_Sum,14.501929,5.2753944
2022-01-24,3,Algae_Sum,14.932735,5.814475
2022-01-25,3,Algae_Sum,15.1729,6.355079
2022-01-26,3,Algae_Sum,15.917808,10.9663725
2022-01-27,3,Algae_Sum,18.156307,10.451886
2022-01-28,3,Algae_Sum,18.664135,10.38821
2022-01-29,3,Algae_Sum,16.769812,10.5591135
2022-01-30,3,Algae_Sum,15.78383,10.764243
2022-01-31,3,Algae_Sum,10.025391,11.043277
2022-02-01,3,Algae_Sum,7.953441,9.547444
2022-02-02,3,Algae_Sum,8.797217,9.266593
2022-02-03,3,Algae_Sum,6.8645725,7.8997564
2022-02-04,3,Algae_Sum,8.426436,7.2671137
2022-02-05,3,Algae_Sum,8.039783,7.621266
2022-02-06,3,Algae_Sum,6.147427,6.825874
2022-02-07,3,Algae_Sum,6.8574467,7.6017957
2022-02-08,3,Algae_Sum,8.257711,7.5705338
2022-02-09,3,Algae_Sum,7.34981,6.448049
2022-02-10,3,Algae_Sum,7.8486204,6.663354
2022-02-11,3,Algae_Sum,6.7274346,7.490749
2022-02-12,3,Algae_Sum,8.533124,7.220621
2022-02-13,3,Algae_Sum,10.349507,7.3774247
2022-02-14,3,Algae_Sum,8.167533,6.590678
2022-02-15,3,Algae_Sum,8.175829,7.6555724
2022-02-16,3,Algae_Sum,8.894369,8.502331
2022-02-17,3,Algae_Sum,13.571143,6.989088
2022-02-18,3,Algae_Sum,14.202525,6.9382834
2022-02-19,3,Algae_Sum,12.050333,7.816832
2022-02-20,3,Algae_Sum,7.611722,10.355272
2022-02-21,3,Algae_Sum,5.733845,9.9356
2022-02-22,3,Algae_Sum,5.1310353,8.988208
2022-02-23,3,Algae_Sum,5.166545,6.463944
2022-02-24,3,Algae_Sum,5.3882766,5.31161
2022-02-25,3,Algae_Sum,5.3518543,5.104656
2022-02-26,3,Algae_Sum,5.315431,5.0622697
2022-02-27,3,Algae_Sum,5.2790084,5.0961046
2022-02-28,3,Algae_Sum,4.8051047,5.069865
2022-03-01,3,Algae_Sum,5.7841735,5.2306576
2022-03-02,3,Algae_Sum,6.8599105,5.359755
2022-03-03,3,Algae_Sum,10.313599,5.058559
2022-03-04,3,Algae_Sum,11.979428,5.6512794
2022-03-05,3,Algae_Sum,16.470217,7.6738353
2022-03-06,3,Algae_Sum,15.187589,10.168053
2022-03-07,3,Algae_Sum,16.333487,10.743036
2022-03-08,3,Algae_Sum,10.426647,11.318531
2022-03-09,3,Algae_Sum,8.779225,11.164031
2022-03-10,3,Algae_Sum,8.968824,11.070219
2022-03-11,3,Algae_Sum,14.514039,9.2751
2022-03-12,3,Algae_Sum,16.906658,8.341161
2022-03-13,3,Algae_Sum,21.538147,9.180629
2022-03-14,3,Algae_Sum,21.98083,12.138652
2022-03-15,3,Algae_Sum,22.423656,12.203499
2022-03-16,3,Algae_Sum,21.751425,12.798139
2022-03-17,3,Algae_Sum,21.234648,12.99367
2022-03-18,3,Algae_Sum,21.172113,13.263704
2022-03-19,3,Algae_Sum,21.231165,13.255528
2022-03-20,3,Algae_Sum,21.99963,12.47689
2022-03-21,3,Algae_Sum,15.387169,12.497421
2022-03-22,3,Algae_Sum,14.115964,12.203443
2022-03-23,3,Algae_Sum,9.32958,12.177172
2022-03-24,3,Algae_Sum,6.2985444,9.756436
2022-03-25,3,Algae_Sum,5.0341854,9.316815
2022-03-26,3,Algae_Sum,5.3350325,7.8460703
2022-03-27,3,Algae_Sum,8.063283,6.8219924
2022-03-28,3,Algae_Sum,8.366514,6.9089413
2022-03-29,3,Algae_Sum,7.6990595,6.3283753
2022-03-30,3,Algae_Sum,5.9430585,6.065082
2022-03-31,3,Algae_Sum,5.8530197,6.577694
2022-04-01,3,Algae_Sum,6.477286,5.926599
2022-04-02,3,Algae_Sum,5.3576946,5.5310693
2022-04-03,3,Algae_Sum,4.647618,5.461447
2022-04-04,3,Algae_Sum,4.4466186,6.3185234
2022-04-05,3,Algae_Sum,5.297857,5.9083557
2022-04-06,3,Algae_Sum,5.3500943,5.365818
2022-04-07,3,Algae_Sum,6.9239364,5.6642256
2022-04-08,3,Algae_Sum,9.900731,6.5378766
2022-04-09,3,Algae_Sum,10.458249,6.6547084
2022-04-10,3,Algae_Sum,10.405612,7.9064546
2022-04-11,3,Algae_Sum,13.034501,9.661185
2022-04-12,3,Algae_Sum,14.912926,10.204597
2022-04-13,3,Algae_Sum,19.22307,10.274708
2022-04-14,3,Algae_Sum,22.115847,11.061109
2022-04-15,3,Algae_Sum,17.048006,12.264268
2022-04-16,3,Algae_Sum,15.873261,13.659073
2022-04-17,3,Algae_Sum,14.353713,14.456491
2022-04-18,3,Algae_Sum,14.21864,12.118775
2022-04-19,3,Algae_Sum,8.382399,11.280394
2022-04-20,3,Algae_Sum,8.115786,10.848776
2022-04-21,3,Algae_Sum,9.250902,10.187713
2022-04-22,3,Algae_Sum,11.966703,7.371867
2022-04-23,3,Algae_Sum,18.829271,8.134774
2022-04-24,3,Algae_Sum,20.491673,8.697273
2022-04-25,3,Algae_Sum,20.124477,10.146614
2022-04-26,3,Algae_Sum,19.488195,13.00005
2022-04-27,3,Algae_Sum,20.577866,13.228581
2022-04-28,3,Algae_Sum,18.024887,12.744568
2022-04-29,3,Algae_Sum,13.731324,12.087276
2022-04-30,3,Algae_Sum,6.8076305,11.853096
2022-05-01,3,Algae_Sum,5.545913,11.368331
2022-05-02,3,Algae_Sum,4.527261,9.766814
2022-05-03,3,Algae_Sum,4.5768986,7.9921217
2022-05-04,3,Algae_Sum,6.6484785,6.66994
2022-05-05,3,Algae_Sum,8.88971,5.7017603
2022-05-06,3,Algae_Sum,16.515461,5.954967
2022-05-07,3,Algae_Sum,18.791943,7.407854
2022-05-08,3,Algae_Sum,16.122038,9.628958
2022-05-09,3,Algae_Sum,15.634297,13.390397
2022-05-10,3,Algae_Sum,8.94147,13.661605
2022-05-11,3,Algae_Sum,6.6520653,11.451514
2022-05-12,3,Algae_Sum,6.4911146,10.546869
2022-05-13,3,Algae_Sum,7.851319,7.622197
2022-05-14,3,Algae_Sum,7.917522,6.9263954
2022-05-15,3,Algae_Sum,7.553483,6.9787245
2022-05-16,3,Algae_Sum,7.6247973,6.851771
2022-05-17,3,Algae_Sum,6.0722594,6.325492
2022-05-18,3,Algae_Sum,4.699108,5.9080973
2022-05-19,3,Algae_Sum,4.987699,5.6640964
2022-05-20,3,Algae_Sum,7.1548514,5.531592
2022-05-21,3,Algae_Sum,14.222451,5.258087
2022-05-22,3,Algae_Sum,9.076565,5.300323
2022-05-23,3,Algae_Sum,8.515513,7.192769
2022-05-24,3,Algae_Sum,9.222708,11.8115
2022-05-25,3,Algae_Sum,5.8090363,9.409325
2022-05-26,3,Algae_Sum,5.7371354,8.592218
2022-05-27,3,Algae_Sum,5.815767,9.263888
2022-05-28,3,Algae_Sum,5.8063245,6.063552
2022-05-29,3,Algae_Sum,5.8092227,6.0296555
2022-05-30,3,Algae_Sum,7.214677,5.729911
2022-05-31,3,Algae_Sum,8.897492,5.529428
2022-06-01,3,Algae_Sum,7.640295,5.277163
2022-06-02,3,Algae_Sum,6.4281363,6.017534
2022-06-03,3,Algae_Sum,8.640116,6.542275
2022-06-04,3,Algae_Sum,10.549696,6.5035014
2022-06-05,3,Algae_Sum,8.642955,6.3446703
2022-06-06,3,Algae_Sum,7.183145,6.7466803
2022-06-07,3,Algae_Sum,6.3926644,7.213277
2022-06-08,3,Algae_Sum,4.962923,7.321816
2022-06-09,3,Algae_Sum,6.037123,6.4408154
2022-06-10,3,Algae_Sum,6.2730803,5.7958126
2022-06-11,3,Algae_Sum,7.1472774,4.495736
2022-06-12,3,Algae_Sum,7.695536,4.814321
2022-06-13,3,Algae_Sum,6.7818556,5.0342236
2022-06-14,3,Algae_Sum,5.2812896,5.4489884
2022-06-15,3,Algae_Sum,5.140157,5.8438826
2022-06-16,3,Algae_Sum,6.5858974,5.41741
2022-06-17,3,Algae_Sum,4.191758,4.467956
2022-06-18,3,Algae_Sum,2.9360435,4.0266848
2022-06-19,3,Algae_Sum,2.771842,4.738399
2022-06-20,3,Algae_Sum,2.4113758,4.848741
2022-06-21,3,Algae_Sum,2.56336,4.702113
2022-06-22,3,Algae_Sum,3.3818176,4.795862
2022-06-23,3,Algae_Sum,5.1010637,4.818032
2022-06-24,3,Algae_Sum,4.796023,5.018985
2022-06-25,3,Algae_Sum,5.372781,5.369433
2022-06-26,3,Algae_Sum,5.9620204,4.957279
2022-06-27,3,Algae_Sum,5.862962,5.2819867
2022-06-28,3,Algae_Sum,5.971693,6.4143324
2022-06-29,3,Algae_Sum,6.132315,6.5798435
2022-06-30,3,Algae_Sum,7.3189716,6.477521
2022-07-01,3,Algae_Sum,6.916466,6.82362
2022-07-02,3,Algae_Sum,6.498979,6.681681
2022-07-03,3,Algae_Sum,6.239819,8.330367
2022-07-04,3,Algae_Sum,7.2657785,8.099682
2022-07-05,3,Algae_Sum,6.5255394,6.6242337
2022-07-06,3,Algae_Sum,6.822724,6.1743608
2022-07-07,3,Algae_Sum,5.1665916,6.463562
2022-07-08,3,Algae_Sum,4.4118934,6.063771
2022-07-09,3,Algae_Sum,4.431267,6.0488315
2022-07-10,3,Algae_Sum,6.2858663,5.5301113
2022-07-11,3,Algae_Sum,8.517831,5.2957687
2022-07-12,3,Algae_Sum,9.017681,5.572416
2022-07-13,3,Algae_Sum,9.129348,7.558556
2022-07-14,3,Algae_Sum,15.8303175,9.311315
2022-07-15,3,Algae_Sum,19.208462,9.3818245
2022-07-16,3,Algae_Sum,15.775275,9.215794
2022-07-17,3,Algae_Sum,15.853436,12.714361
2022-07-18,3,Algae_Sum,12.067487,13.548509
2022-07-19,3,Algae_Sum,6.383169,11.514575
2022-07-20,3,Algae_Sum,5.8032584,11.3393135
2022-07-21,3,Algae_Sum,4.7560263,9.975574
2022-07-22,3,Algae_Sum,4.1545377,6.7656393
2022-07-23,3,Algae_Sum,5.9838204,6.3197417
2022-07-24,3,Algae_Sum,10.653443,5.243906
2022-07-25,3,Algae_Sum,4.821376,4.5642867
2022-07-26,3,Algae_Sum,2.8720334,5.5726457
2022-07-27,3,Algae_Sum,3.8140726,9.570483
2022-07-28,3,Algae_Sum,4.3796573,5.255061
2022-07-29,3,Algae_Sum,4.5798154,4.3670936
2022-07-30,3,Algae_Sum,4.78831,4.7103744
2022-07-31,3,Algae_Sum,4.996805,5.3163743
2022-08-01,3,Algae_Sum,5.2053,5.471595
2022-08-02,3,Algae_Sum,5.4137945,5.5136876
2022-08-03,3,Algae_Sum,5.6222897,5.7439604
2022-08-04,3,Algae_Sum,5.8307843,6.166751
2022-08-05,3,Algae_Sum,6.039279,6.4407434
2022-08-06,3,Algae_Sum,6.2477736,6.576957
2022-08-07,3,Algae_Sum,6.456269,6.2937083
2022-08-08,3,Algae_Sum,6.6647635,6.342394
2022-08-09,3,Algae_Sum,6.873258,6.4464335
2022-08-10,3,Algae_Sum,7.0817533,6.7959356
2022-08-11,3,Algae_Sum,7.290248,6.9112124
2022-08-12,3,Algae_Sum,7.4987426,7.333984
2022-08-13,3,Algae_Sum,7.7072377,7.582269
2022-08-14,3,Algae_Sum,7.9157324,7.7886324
2022-08-15,3,Algae_Sum,8.124228,8.234048
2022-08-16,3,Algae_Sum,8.332722,9.052647
2022-08-17,3,Algae_Sum,8.541217,8.87529
2022-08-18,3,Algae_Sum,8.749712,8.766634
2022-08-19,3,Algae_Sum,8.958206,9.014789
2022-08-20,3,Algae_Sum,9.166701,9.2829
2022-08-21,3,Algae_Sum,9.3751955,9.418428
2022-08-22,3,Algae_Sum,9.583691,9.485812
2022-08-23,3,Algae_Sum,9.792186,9.493401
2022-08-24,3,Algae_Sum,10.000681,9.535449
2022-08-25,3,Algae_Sum,10.209175,9.755957
2022-08-26,3,Algae_Sum,10.41767,9.938252
2022-08-27,3,Algae_Sum,10.626164,9.952832
2022-08-28,3,Algae_Sum,10.83466,9.92095
2022-08-29,3,Algae_Sum,11.043155,9.935487
2022-08-30,3,Algae_Sum,11.25165,10.086645
2022-08-31,3,Algae_Sum,11.460144,10.29603
2022-09-01,3,Algae_Sum,11.668639,10.598193
2022-09-02,3,Algae_Sum,11.877133,10.926872
2022-09-03,3,Algae_Sum,12.0856285,11.001757
2022-09-04,3,Algae_Sum,12.294124,10.445012
2022-09-05,3,Algae_Sum,12.502618,10.550303
2022-09-06,3,Algae_Sum,12.711113,10.462881
2022-09-07,3,Algae_Sum,12.919608,10.449039
2022-09-08,3,Algae_Sum,13.128102,10.46707
2022-09-09,3,Algae_Sum,13.336597,11.03181
2022-09-10,3,Algae_Sum,13.209601,11.097498
2022-09-11,3,Algae_Sum,17.255486,11.0071535
2022-09-12,3,Algae_Sum,15.933509,11.095068
2022-09-13,3,Algae_Sum,16.12013,11.208058
2022-09-14,3,Algae_Sum,17.192202,12.463064
2022-09-15,3,Algae_Sum,13.753511,11.302855
2022-09-16,3,Algae_Sum,9.633491,11.945975
2022-09-17,3,Algae_Sum,7.903886,12.638306
2022-09-18,3,Algae_Sum,12.780203,11.708777
2022-09-19,3,Algae_Sum,9.514808,9.59784
2022-09-20,3,Algae_Sum,4.9406815,9.045468
2022-09-21,3,Algae_Sum,4.6189213,10.986604
2022-09-22,3,Algae_Sum,4.2710423,9.286614
2022-09-23,3,Algae_Sum,4.478864,5.870711
2022-09-24,3,Algae_Sum,5.996329,5.4924407
2022-09-25,3,Algae_Sum,4.585286,5.431851
2022-09-26,3,Algae_Sum,5.050558,5.6370487
2022-09-27,3,Algae_Sum,5.6589937,6.476815
2022-09-28,3,Algae_Sum,11.683939,6.0930896
2022-09-29,3,Algae_Sum,13.702725,5.987312
2022-09-30,3,Algae_Sum,15.484778,6.29387
2022-10-01,3,Algae_Sum,6.297031,9.24998
2022-10-02,3,Algae_Sum,7.5642824,9.603828
2022-10-03,3,Algae_Sum,9.665557,9.215365
2022-10-04,3,Algae_Sum,10.83576,6.5616884
2022-10-05,3,Algae_Sum,9.383369,6.65106
2022-10-06,3,Algae_Sum,7.674667,8.616517
2022-10-07,3,Algae_Sum,5.521913,8.9558
2022-10-08,3,Algae_Sum,4.48,7.292387
2022-10-09,3,Algae_Sum,6.8713117,6.68343
2022-10-10,3,Algae_Sum,7.1460843,5.940324
2022-10-11,3,Algae_Sum,5.5755467,5.770845
2022-10-12,3,Algae_Sum,5.4064493,6.6235805
2022-10-13,3,Algae_Sum,4.879971,6.8075953
2022-10-14,3,Algae_Sum,5.674562,6.067271
2022-10-15,3,Algae_Sum,5.4724946,6.11317
2022-10-16,3,Algae_Sum,6.6296597,5.9212413
2022-10-17,3,Algae_Sum,4.734026,6.2479434
2022-10-18,3,Algae_Sum,3.7210355,6.3776407
2022-10-19,3,Algae_Sum,3.343157,7.0677967
2022-10-20,3,Algae_Sum,3.5028074,6.135245
2022-10-21,3,Algae_Sum,4.097507,5.4411497
2022-10-22,3,Algae_Sum,11.426301,5.158488
2022-10-23,3,Algae_Sum,4.9245186,5.386348
2022-10-24,3,Algae_Sum,4.2404847,5.246214
2022-10-25,3,Algae_Sum,3.3743052,10.330613
2022-10-26,3,Algae_Sum,2.8005362,5.4798145
2022-10-27,3,Algae_Sum,2.8255353,4.8977423
2022-10-28,3,Algae_Sum,2.950159,4.4076085
2022-10-29,3,Algae_Sum,2.7133744,3.984181
2022-10-30,3,Algae_Sum,2.9389436,3.9598746
2022-10-31,3,Algae_Sum,2.4377353,4.0680394
2022-11-01,3,Algae_Sum,2.1923506,3.9589033
2022-11-02,3,Algae_Sum,1.8659608,4.2846813
2022-11-03,3,Algae_Sum,2.044417,4.1171985
2022-11-04,3,Algae_Sum,1.951652,4.10417
2022-11-05,3,Algae_Sum,1.9406873,4.0868373
2022-11-06,3,Algae_Sum,2.6145875,4.440977
2022-11-07,3,Algae_Sum,2.4995143,4.283872
2022-11-08,3,Algae_Sum,8.139935,4.141488
2022-11-09,3,Algae_Sum,6.696094,4.699041
2022-11-10,3,Algae_Sum,5.9856873,4.6606927
2022-11-11,3,Algae_Sum,10.509102,8.906549
2022-11-12,3,Algae_Sum,14.771124,7.307588
2022-11-13,3,Algae_Sum,13.465587,6.1178565
2022-11-14,3,Algae_Sum,11.2327175,8.16098
2022-11-15,3,Algae_Sum,6.898669,9.847918
2022-11-16,3,Algae_Sum,3.4700289,8.912646
2022-11-17,3,Algae_Sum,2.8613904,7.838144
2022-11-18,3,Algae_Sum,2.724848,5.9045095
2022-11-19,3,Algae_Sum,3.6304276,4.4636235
2022-11-20,3,Algae_Sum,3.5502534,4.241672
2022-11-21,3,Algae_Sum,3.3286896,4.5862403
2022-11-22,3,Algae_Sum,3.6257422,5.058905
2022-11-23,3,Algae_Sum,4.5511847,4.7228713
2022-11-24,3,Algae_Sum,3.9312737,4.46059
2022-11-25,3,Algae_Sum,3.0423172,4.51777
2022-11-26,3,Algae_Sum,4.31301,5.044751
2022-11-27,3,Algae_Sum,4.874558,4.5494714
2022-11-28,3,Algae_Sum,4.187641,4.1402736
2022-11-29,3,Algae_Sum,3.062766,4.733082
2022-11-30,3,Algae_Sum,2.9655862,4.9783263
2022-12-01,3,Algae_Sum,3.046997,4.702607
2022-12-02,3,Algae_Sum,3.228129,4.212648
2022-12-03,3,Algae_Sum,2.7292252,4.1462
2022-12-04,3,Algae_Sum,2.5665748,4.104057
2022-12-05,3,Algae_Sum,3.8815446,4.1673045
2022-12-06,3,Algae_Sum,3.896229,3.8149989
2022-12-07,3,Algae_Sum,4.304931,3.5695467
2022-12-08,3,Algae_Sum,4.426543,4.293053
2022-12-09,3,Algae_Sum,5.9125,4.083526
2022-12-10,3,Algae_Sum,4.9952717,4.3717766
2022-12-11,3,Algae_Sum,2.0728965,4.4682865
2022-12-12,3,Algae_Sum,1.5719752,5.0758653
2022-12-13,3,Algae_Sum,1.6050326,4.521861
2022-12-14,3,Algae_Sum,1.6425452,2.9085584
2022-12-15,3,Algae_Sum,1.637703,2.412168
2022-12-16,3,Algae_Sum,1.458595,2.370655
2022-12-17,3,Algae_Sum,1.641593,2.4112923
2022-12-18,3,Algae_Sum,1.779102,2.403552
2022-12-19,3,Algae_Sum,1.9784131,2.543354
2022-12-20,3,Algae_Sum,1.5757059,2.3778393
2022-12-21,3,Algae_Sum,1.5353085,2.408127
2022-12-22,3,Algae_Sum,1.6776015,2.3523376
2022-12-23,3,Algae_Sum,1.4795218,2.382546
2022-12-24,3,Algae_Sum,1.5386024,2.4938443
2022-12-25,3,Algae_Sum,1.6248226,2.629548
2022-12-26,3,Algae_Sum,1.6183286,2.5913382
2022-12-27,3,Algae_Sum,1.534175,2.6220837
2022-12-28,3,Algae_Sum,1.5190212,2.7606401
2022-12-29,3,Algae_Sum,1.7468524,2.8934848
2022-12-30,3,Algae_Sum,1.7356522,2.7588754
2022-12-31,3,Algae_Sum,1.9499927,2.7789586
2023-01-01,3,Algae_Sum,1.4759694,3.067179
2023-01-02,3,Algae_Sum,1.7600508,3.2765465
2023-01-03,3,Algae_Sum,1.7206455,3.4972422
2023-01-04,3,Algae_Sum,8.896379,3.1379654
2023-01-05,3,Algae_Sum,13.096349,3.36588
2023-01-06,3,Algae_Sum,16.414724,3.359947
2023-01-07,3,Algae_Sum,17.399351,9.886612
2023-01-08,3,Algae_Sum,18.8251,11.617993
2023-01-09,3,Algae_Sum,18.063778,11.441264
2023-01-10,3,Algae_Sum,18.789335,11.850615
2023-01-11,3,Algae_Sum,20.129807,11.764388
2023-01-12,3,Algae_Sum,18.094204,11.268256
2023-01-13,3,Algae_Sum,18.975517,11.6098795
2023-01-14,3,Algae_Sum,15.918459,11.698102
2023-01-15,3,Algae_Sum,9.626111,11.005301
2023-01-16,3,Algae_Sum,9.645517,11.101398
2023-01-17,3,Algae_Sum,9.760275,10.413044
2023-01-18,3,Algae_Sum,6.7348404,7.8421483
2023-01-19,3,Algae_Sum,5.9381523,7.965907
2023-01-20,3,Algae_Sum,6.685257,8.64856
2023-01-21,3,Algae_Sum,8.214841,6.8276653
2023-01-22,3,Algae_Sum,15.05712,6.211061
2023-01-23,3,Algae_Sum,14.977919,6.9720626
2023-01-24,3,Algae_Sum,10.219479,8.406495
2023-01-25,3,Algae_Sum,9.971166,11.220577
2023-01-26,3,Algae_Sum,10.144937,11.075984
2023-01-27,3,Algae_Sum,10.277494,8.12685
2023-01-28,3,Algae_Sum,8.69824,7.6814704
2023-01-29,3,Algae_Sum,7.9546914,8.268121
2023-01-30,3,Algae_Sum,6.960508,8.615768
2023-01-31,3,Algae_Sum,10.929585,6.772506
2023-02-01,3,Algae_Sum,13.513338,6.8275895
2023-02-02,3,Algae_Sum,18.162195,6.3276806
2023-02-03,3,Algae_Sum,12.830873,8.748708
2023-02-04,3,Algae_Sum,12.966491,9.936356
2023-02-05,3,Algae_Sum,14.719497,10.9157
2023-02-06,3,Algae_Sum,15.242263,9.190331
2023-02-07,3,Algae_Sum,19.88965,9.682443
2023-02-08,3,Algae_Sum,17.176598,10.826824
2023-02-09,3,Algae_Sum,14.831988,10.864104
2023-02-10,3,Algae_Sum,8.908835,11.96738
2023-02-11,3,Algae_Sum,10.425544,10.7505865
2023-02-12,3,Algae_Sum,8.21172,9.789763
2023-02-13,3,Algae_Sum,6.722426,7.0213966
2023-02-14,3,Algae_Sum,8.79247,7.40208
2023-02-15,3,Algae_Sum,6.31114,6.6394296
2023-02-16,3,Algae_Sum,5.3742704,6.154506
2023-02-17,3,Algae_Sum,5.505119,6.116483
2023-02-18,3,Algae_Sum,6.857666,5.2378283
2023-02-19,3,Algae_Sum,6.3102674,4.817253
2023-02-20,3,Algae_Sum,6.2405734,4.8045745
2023-02-21,3,Algae_Sum,4.75634,5.4940534
2023-02-22,3,Algae_Sum,3.9756105,5.4488974
2023-02-23,3,Algae_Sum,6.117677,5.433675
2023-02-24,3,Algae_Sum,5.387982,4.740556
2023-02-25,3,Algae_Sum,4.2622905,4.3104906
2023-02-26,3,Algae_Sum,4.313567,5.190347
2023-02-27,3,Algae_Sum,5.0228467,4.8986926
2023-02-28,3,Algae_Sum,7.901806,4.375791
2023-03-01,3,Algae_Sum,6.708374,4.271265
2023-03-02,3,Algae_Sum,4.613053,4.574579
2023-03-03,3,Algae_Sum,3.809062,6.0591784
2023-03-04,3,Algae_Sum,3.8859296,5.6881824
2023-03-05,3,Algae_Sum,3.6423934,4.7772036
2023-03-06,3,Algae_Sum,3.4349272,4.4614906
2023-03-07,3,Algae_Sum,4.2332244,4.569794
2023-03-08,3,Algae_Sum,3.8600123,4.522923
2023-03-09,3,Algae_Sum,3.5998406,4.4437327
2023-03-10,3,Algae_Sum,3.3379147,4.7859206
2023-03-11,3,Algae_Sum,3.1682763,4.6324224
2023-03-12,3,Algae_Sum,3.2787595,4.538874
2023-03-13,3,Algae_Sum,2.8369768,4.5001965
2023-03-14,3,Algae_Sum,2.7873752,4.4538302
2023-03-15,3,Algae_Sum,2.737223,4.5119176
2023-03-16,3,Algae_Sum,2.6558657,4.91146
2023-03-17,3,Algae_Sum,3.477784,4.5667033
2023-03-18,3,Algae_Sum,3.699724,4.468173
2023-03-19,3,Algae_Sum,3.1224542,4.5087376
2023-03-20,3,Algae_Sum,3.0024664,4.7121544
2023-03-21,3,Algae_Sum,2.6945102,4.8843403
2023-03-22,3,Algae_Sum,2.9688792,4.666396
2023-03-23,3,Algae_Sum,5.275051,4.887987
2023-03-24,3,Algae_Sum,6.6684475,4.588326
2023-03-25,3,Algae_Sum,6.619895,5.0883393
2023-03-26,3,Algae_Sum,8.220745,6.4034925
2023-03-27,3,Algae_Sum,8.499983,6.5429907
2023-03-28,3,Algae_Sum,7.3574233,5.629979
2023-03-29,3,Algae_Sum,6.047715,5.980028
2023-03-30,3,Algae_Sum,5.453628,5.897892
2023-03-31,3,Algae_Sum,4.8178,5.5875707
2023-04-01,3,Algae_Sum,3.9566126,5.3916016
2023-04-02,3,Algae_Sum,3.6214437,4.832553
2023-04-03,3,Algae_Sum,3.6822062,4.4080544
2023-04-04,3,Algae_Sum,3.4739294,4.1517997
2023-04-05,3,Algae_Sum,4.791823,4.043838
2023-04-06,3,Algae_Sum,6.664732,4.232112
2023-04-07,3,Algae_Sum,6.9721932,4.090767
2023-04-08,3,Algae_Sum,7.7121773,4.603457
2023-04-09,3,Algae_Sum,6.841786,4.797041
2023-04-10,3,Algae_Sum,6.226974,5.208494
2023-04-11,3,Algae_Sum,4.9300995,5.680242
2023-04-12,3,Algae_Sum,3.9539886,5.161504
2023-04-13,3,Algae_Sum,3.7511232,5.007065
2023-04-14,3,Algae_Sum,3.948584,4.5931244
2023-04-15,3,Algae_Sum,5.2400723,4.3818974
2023-04-16,3,Algae_Sum,5.50955,4.686529
2023-04-17,3,Algae_Sum,8.75176,5.0632873
2023-04-18,3,Algae_Sum,8.948177,5.609193
2023-04-19,3,Algae_Sum,7.163602,5.6102004
2023-04-20,3,Algae_Sum,5.6216245,7.320095
2023-04-21,3,Algae_Sum,5.2019124,7.6565742
2023-04-22,3,Algae_Sum,4.634543,6.2108083
2023-04-23,3,Algae_Sum,4.701191,5.6040454
2023-04-24,3,Algae_Sum,4.874914,5.600239
2023-04-25,3,Algae_Sum,5.603553,5.4008946
2023-04-26,3,Algae_Sum,4.2804728,5.4094977
2023-04-27,3,Algae_Sum,3.6347766,5.053221
2023-04-28,3,Algae_Sum,6.5385237,5.673462
2023-04-29,3,Algae_Sum,14.271435,5.148268
2023-04-30,3,Algae_Sum,12.956777,4.939715
2023-05-01,3,Algae_Sum,7.4970665,6.599576
2023-05-02,3,Algae_Sum,11.292253,9.807048
2023-05-03,3,Algae_Sum,9.83611,9.264004
2023-05-04,3,Algae_Sum,11.773096,6.90013
2023-05-05,3,Algae_Sum,14.601667,9.107256
2023-05-06,3,Algae_Sum,12.448055,8.991928
2023-05-07,3,Algae_Sum,6.291126,10.089827
2023-05-08,3,Algae_Sum,5.0117936,11.619062
2023-05-09,3,Algae_Sum,5.804376,10.547977
2023-05-10,3,Algae_Sum,6.3043756,5.75118
2023-05-11,3,Algae_Sum,7.088902,5.2459874
2023-05-12,3,Algae_Sum,7.7510343,5.7878222
2023-05-13,3,Algae_Sum,8.704016,5.5561967
2023-05-14,3,Algae_Sum,6.7547026,5.612692
2023-05-15,3,Algae_Sum,5.222729,5.7100267
2023-05-16,3,Algae_Sum,4.4986825,5.887659
2023-05-17,3,Algae_Sum,4.0229225,5.8360543
2023-05-18,3,Algae_Sum,4.6135154,5.739837
2023-05-19,3,Algae_Sum,3.9889245,5.5968986
2023-05-20,3,Algae_Sum,3.652485,5.32335
2023-05-21,3,Algae_Sum,3.7265778,5.6717443
2023-05-22,3,Algae_Sum,3.2291937,5.298176
2023-05-23,3,Algae_Sum,3.8584538,4.994234
2023-05-24,3,Algae_Sum,4.446563,5.111343
2023-05-25,3,Algae_Sum,4.0857143,4.674072
2023-05-26,3,Algae_Sum,4.0087175,4.8779488
2023-05-27,3,Algae_Sum,4.828029,5.080755
2023-05-28,3,Algae_Sum,6.1320353,5.1828895
2023-05-29,3,Algae_Sum,7.9067554,5.1918387
2023-05-30,3,Algae_Sum,8.271934,5.695983
2023-05-31,3,Algae_Sum,12.0165825,6.9968624
2023-06-01,3,Algae_Sum,13.20095,8.397685
2023-06-02,3,Algae_Sum,9.427839,8.209693
2023-06-03,3,Algae_Sum,10.580038,9.687454
2023-06-04,3,Algae_Sum,8.459904,9.769111
2023-06-05,3,Algae_Sum,5.495514,8.418178
2023-06-06,3,Algae_Sum,8.329729,7.760117
2023-06-07,3,Algae_Sum,10.058122,7.113997
2023-06-08,3,Algae_Sum,8.31265,5.900568
2023-06-09,3,Algae_Sum,6.1535554,6.8848343
2023-06-10,3,Algae_Sum,4.5677657,8.588076
2023-06-11,3,Algae_Sum,4.7996216,7.9509583
2023-06-12,3,Algae_Sum,5.6931252,6.41157
2023-06-13,3,Algae_Sum,6.915264,5.6296487
2023-06-14,3,Algae_Sum,7.855021,5.573172
2023-06-15,3,Algae_Sum,6.4189825,5.830143
2023-06-16,3,Algae_Sum,4.1020656,6.1398067
2023-06-17,3,Algae_Sum,4.350381,5.833096
2023-06-18,3,Algae_Sum,4.93138,5.6350513
2023-06-19,3,Algae_Sum,3.957721,4.8734384
2023-06-20,3,Algae_Sum,5.3548512,4.7118707
2023-06-21,3,Algae_Sum,9.287184,5.172986
2023-06-22,3,Algae_Sum,10.645128,5.1059637
2023-06-23,3,Algae_Sum,11.645772,5.8351665
2023-06-24,3,Algae_Sum,11.620409,9.233485
2023-06-25,3,Algae_Sum,11.008908,9.939536
2023-06-26,3,Algae_Sum,12.472473,9.633637
2023-06-27,3,Algae_Sum,13.612487,9.2689085
2023-06-28,3,Algae_Sum,14.570873,8.7339735
2023-06-29,3,Algae_Sum,16.603083,9.107179
2023-06-30,3,Algae_Sum,16.828627,9.382347
2023-07-01,3,Algae_Sum,11.07205,11.46425
2023-07-02,3,Algae_Sum,10.102373,12.143012
2023-07-03,3,Algae_Sum,11.606199,11.606494
2023-07-04,3,Algae_Sum,17.047934,10.142358
2023-07-05,3,Algae_Sum,19.302849,9.777615
2023-07-06,3,Algae_Sum,18.339706,10.35363
2023-07-07,3,Algae_Sum,18.408247,11.926762
2023-07-08,3,Algae_Sum,17.667715,12.676244
2023-07-09,3,Algae_Sum,19.730883,12.45833
2023-07-10,3,Algae_Sum,18.000517,12.796134
2023-07-11,3,Algae_Sum,13.325165,12.999737
2023-07-12,3,Algae_Sum,9.572903,13.183746
2023-07-13,3,Algae_Sum,8.623045,12.391599
2023-07-14,3,Algae_Sum,6.3744617,10.781709
2023-07-15,3,Algae_Sum,5.2136755,9.881767
2023-07-16,3,Algae_Sum,4.364538,9.561471
2023-07-17,3,Algae_Sum,4.507408,8.801651
2023-07-18,3,Algae_Sum,4.186809,7.2144227
2023-07-19,3,Algae_Sum,4.201817,6.4020305
2023-07-20,3,Algae_Sum,5.7306867,6.3579125
2023-07-21,3,Algae_Sum,12.8116,5.9773245
2023-07-22,3,Algae_Sum,19.579756,6.044998
2023-07-23,3,Algae_Sum,18.616846,7.2417755
2023-07-24,3,Algae_Sum,21.267357,10.501313
2023-07-25,3,Algae_Sum,22.591825,12.077211
2023-07-26,3,Algae_Sum,19.576962,12.517943
2023-07-27,3,Algae_Sum,12.689302,13.103249
2023-07-28,3,Algae_Sum,7.021845,13.17769
2023-07-29,3,Algae_Sum,6.46789,11.861968
2023-07-30,3,Algae_Sum,8.131341,10.41422
2023-07-31,3,Algae_Sum,10.473058,7.0242796
2023-08-01,3,Algae_Sum,9.347293,6.3684616
2023-08-02,3,Algae_Sum,10.365169,9.158698
2023-08-03,3,Algae_Sum,13.959923,9.5492
2023-08-04,3,Algae_Sum,13.29757,9.8035555
2023-08-05,3,Algae_Sum,19.390783,10.511432
2023-08-06,3,Algae_Sum,20.012756,11.510714
2023-08-07,3,Algae_Sum,21.812866,11.419485
2023-08-08,3,Algae_Sum,21.698616,12.611646
2023-08-09,3,Algae_Sum,15.952563,12.825199
2023-08-10,3,Algae_Sum,12.506755,12.768181
2023-08-11,3,Algae_Sum,9.76769,12.500399
2023-08-12,3,Algae_Sum,8.628945,12.001565
2023-08-13,3,Algae_Sum,10.753833,10.39174
2023-08-14,3,Algae_Sum,18.312202,9.691427
2023-08-15,3,Algae_Sum,15.357068,8.986741
2023-08-16,3,Algae_Sum,14.4903345,10.293913
2023-08-17,3,Algae_Sum,6.1450768,12.083451
2023-08-18,3,Algae_Sum,6.9899535,11.122767
2023-08-19,3,Algae_Sum,7.427206,10.082084
2023-08-20,3,Algae_Sum,5.591925,6.1869335
2023-08-21,3,Algae_Sum,5.112237,6.0927377
2023-08-22,3,Algae_Sum,4.8117847,6.1833158
2023-08-23,3,Algae_Sum,4.9052696,5.63925
2023-08-24,3,Algae_Sum,4.682758,5.2632833
2023-08-25,3,Algae_Sum,4.229706,4.9760704
2023-08-26,3,Algae_Sum,5.2838764,5.15831
2023-08-27,3,Algae_Sum,5.1225586,4.912308
2023-08-28,3,Algae_Sum,5.457451,5.120068
2023-08-29,3,Algae_Sum,9.769335,5.402341
2023-08-30,3,Algae_Sum,6.403431,5.610896
2023-08-31,3,Algae_Sum,9.14163,5.4329987
2023-09-01,3,Algae_Sum,7.098849,6.8052864
2023-09-02,3,Algae_Sum,6.8927407,6.152984
2023-09-03,3,Algae_Sum,6.0940366,6.9172254
2023-09-04,3,Algae_Sum,5.8949885,6.4421644
2023-09-05,3,Algae_Sum,8.714047,6.2520323
2023-09-06,3,Algae_Sum,10.118848,6.1295657
2023-09-07,3,Algae_Sum,9.202477,5.987918
2023-09-08,3,Algae_Sum,9.017773,6.2273507
2023-09-09,3,Algae_Sum,5.850143,6.5188365
2023-09-10,3,Algae_Sum,4.832357,6.3519697
2023-09-11,3,Algae_Sum,4.02745,6.5241065
2023-09-12,3,Algae_Sum,3.6709762,5.6876
2023-09-13,3,Algae_Sum,4.0373435,5.537183
2023-09-14,3,Algae_Sum,5.0195746,5.059019
2023-09-15,3,Algae_Sum,6.2175045,5.1966662
2023-09-16,3,Algae_Sum,5.396928,5.17927
2023-09-17,3,Algae_Sum,4.511211,5.7832527
2023-09-18,3,Algae_Sum,5.9401107,6.617533
2023-09-19,3,Algae_Sum,7.256015,6.2500877
2023-09-20,3,Algae_Sum,9.687739,5.980112
2023-09-21,3,Algae_Sum,11.152798,6.554193
2023-09-22,3,Algae_Sum,9.092755,7.083554
2023-09-23,3,Algae_Sum,9.462845,9.020888
2023-09-24,3,Algae_Sum,9.13481,9.419244
2023-09-25,3,Algae_Sum,6.733803,8.771137
2023-09-26,3,Algae_Sum,9.3901205,9.161068
2023-09-27,3,Algae_Sum,8.797401,9.006161
2023-09-28,3,Algae_Sum,8.627417,7.1091933
2023-09-29,3,Algae_Sum,8.13903,8.869553
2023-09-30,3,Algae_Sum,8.805059,8.541523
2023-10-01,3,Algae_Sum,8.873955,8.285168
2023-10-02,3,Algae_Sum,5.967786,8.3588505
2023-10-03,3,Algae_Sum,7.2735186,7.9784045
2023-10-04,3,Algae_Sum,7.5096498,8.048782
2023-10-05,3,Algae_Sum,5.9595027,6.8221135
2023-10-06,3,Algae_Sum,4.3613086,7.2480226
2023-10-07,3,Algae_Sum,3.5716507,7.21401
2023-10-08,3,Algae_Sum,3.528187,6.349
2023-10-09,3,Algae_Sum,3.9179816,5.3109493
2023-10-10,3,Algae_Sum,4.670383,4.604844
2023-10-11,3,Algae_Sum,4.3853636,4.4560304
2023-10-12,3,Algae_Sum,3.630321,4.6969194
2023-10-13,3,Algae_Sum,6.1506977,5.2089677
2023-10-14,3,Algae_Sum,10.862733,5.3098283
2023-10-15,3,Algae_Sum,12.212149,5.442502
2023-10-16,3,Algae_Sum,6.1697555,6.6950245
2023-10-17,3,Algae_Sum,5.6503882,8.683296
2023-10-18,3,Algae_Sum,8.3702,8.908496
2023-10-19,3,Algae_Sum,7.988243,7.4216604
2023-10-20,3,Algae_Sum,8.712761,6.963335
2023-10-21,3,Algae_Sum,6.09467,7.5489187
2023-10-22,3,Algae_Sum,7.1581044,7.2260814
2023-10-23,3,Algae_Sum,5.96391,7.3268337
2023-10-24,3,Algae_Sum,8.6742325,6.5093727
2023-10-25,3,Algae_Sum,13.544966,6.634354
2023-10-26,3,Algae_Sum,10.631577,6.373989
2023-10-27,3,Algae_Sum,10.541737,7.011607
2023-10-28,3,Algae_Sum,5.8347054,7.6343126
2023-10-29,3,Algae_Sum,5.825745,7.502162
2023-10-30,3,Algae_Sum,5.56857,7.36808
2023-10-31,3,Algae_Sum,6.985122,6.3383007
2023-11-01,3,Algae_Sum,8.041882,6.0394015
2023-11-02,3,Algae_Sum,6.7011433,5.9537673
2023-11-03,3,Algae_Sum,8.279078,6.247004
2023-11-04,3,Algae_Sum,5.83744,6.743226
2023-11-05,3,Algae_Sum,8.754188,6.2796125
2023-11-06,3,Algae_Sum,10.229152,7.071306
2023-11-07,3,Algae_Sum,7.655938,6.3968606
2023-11-08,3,Algae_Sum,4.2260113,7.084265
2023-11-09,3,Algae_Sum,4.6493325,7.587416
2023-11-10,3,Algae_Sum,5.1353493,6.684617
2023-11-11,3,Algae_Sum,3.610392,5.3542595
2023-11-12,3,Algae_Sum,3.563171,5.447111
2023-11-13,3,Algae_Sum,2.9885213,5.6957755
2023-11-14,3,Algae_Sum,3.5244007,5.2388372
2023-11-15,3,Algae_Sum,3.460855,5.3175473
2023-11-16,3,Algae_Sum,3.3802412,4.9061174
2023-11-17,3,Algae_Sum,3.2781708,5.1840625
2023-11-18,3,Algae_Sum,3.6207902,5.1241717
2023-11-19,3,Algae_Sum,2.9817839,4.976397
2023-11-20,3,Algae_Sum,3.663706,4.7979884
2023-11-21,3,Algae_Sum,3.2461529,5.0922713
2023-11-22,3,Algae_Sum,4.652809,4.5635166
2023-11-23,3,Algae_Sum,11.062335,4.880134
2023-11-24,3,Algae_Sum,7.191083,4.476725
2023-11-25,3,Algae_Sum,4.861382,4.7371354
2023-11-26,3,Algae_Sum,3.3599403,6.8721585
2023-11-27,3,Algae_Sum,3.5830445,6.142027
2023-11-28,3,Algae_Sum,5.812014,5.3495007
2023-11-29,3,Algae_Sum,5.0685453,4.813547
2023-11-30,3,Algae_Sum,13.4719305,5.0494924
2023-12-01,3,Algae_Sum,7.98614,5.9187098
2023-12-02,3,Algae_Sum,5.869619,6.308661
2023-12-03,3,Algae_Sum,6.3705707,8.419682
2023-12-04,3,Algae_Sum,5.155445,7.042869
2023-12-05,3,Algae_Sum,8.696334,5.7274804
2023-12-06,3,Algae_Sum,9.385786,5.660142
2023-12-07,3,Algae_Sum,6.3892965,5.1809287
2023-12-08,3,Algae_Sum,4.352298,6.181386
2023-12-09,3,Algae_Sum,6.964291,6.461063
2023-12-10,3,Algae_Sum,5.7171173,6.1917367
2023-12-11,3,Algae_Sum,9.130519,5.280303
2023-12-12,3,Algae_Sum,12.658916,6.6675296
2023-12-13,3,Algae_Sum,11.153771,6.4370446
2023-12-14,3,Algae_Sum,11.911017,7.925872
2023-12-15,3,Algae_Sum,12.863973,9.233417
2023-12-16,3,Algae_Sum,9.227918,8.122688
2023-12-17,3,Algae_Sum,5.000855,7.804423
2023-12-18,3,Algae_Sum,5.0440235,8.002205
2023-12-19,3,Algae_Sum,7.2128468,7.590177
2023-12-20,3,Algae_Sum,5.3524604,5.7929497
2023-12-21,3,Algae_Sum,4.4162736,5.365589
2023-12-22,3,Algae_Sum,5.4673543,6.1076493
2023-12-23,3,Algae_Sum,5.3069916,5.4115653
2023-12-24,3,Algae_Sum,5.0713725,4.962506
2023-12-25,3,Algae_Sum,6.1313434,5.2949176
2023-12-26,3,Algae_Sum,12.130165,5.3564878
2023-12-27,3,Algae_Sum,14.239751,5.2967515
2023-12-28,3,Algae_Sum,12.578621,5.5828714
2023-12-29,3,Algae_Sum,8.37809,7.2095094
