date,horizon,target,true_value,pred_value
2020-10-28,1,Cyanobacteria,2.785,1.8474503
2020-10-29,1,Cyanobacteria,1.9198873,2.1805575
2020-10-30,1,Cyanobacteria,0.9165894,1.7244079
2020-10-31,1,Cyanobacteria,1.3927351,1.0763352
2020-11-01,1,Cyanobacteria,1.3244635,1.2998213
2020-11-02,1,Cyanobacteria,1.4207313,1.3257676
2020-11-03,1,Cyanobacteria,1.6778421,1.3558402
2020-11-04,1,Cyanobacteria,1.990452,1.4775131
2020-11-05,1,Cyanobacteria,2.022165,1.6442394
2020-11-06,1,Cyanobacteria,2.008798,1.6409391
2020-11-07,1,Cyanobacteria,1.885076,1.6510245
2020-11-08,1,Cyanobacteria,1.9127102,1.5498954
2020-11-09,1,Cyanobacteria,1.7077882,1.4261439
2020-11-10,1,Cyanobacteria,1.6468678,1.366144
2020-11-11,1,Cyanobacteria,1.6813062,1.3078905
2020-11-12,1,Cyanobacteria,1.9224818,1.318982
2020-11-13,1,Cyanobacteria,1.6967794,1.4336619
2020-11-14,1,Cyanobacteria,2.2499926,1.3593976
2020-11-15,1,Cyanobacteria,2.0681548,1.5942419
2020-11-16,1,Cyanobacteria,1.7629341,1.4901383
2020-11-17,1,Cyanobacteria,1.6316327,1.3896352
2020-11-18,1,Cyanobacteria,1.4976882,1.328723
2020-11-19,1,Cyanobacteria,1.2110482,1.3272284
2020-11-20,1,Cyanobacteria,1.6200837,1.1556658
2020-11-21,1,Cyanobacteria,1.108683,1.3156856
2020-11-22,1,Cyanobacteria,1.0693725,1.0947998
2020-11-23,1,Cyanobacteria,1.2781522,1.0291822
2020-11-24,1,Cyanobacteria,1.5949926,1.1645343
2020-11-25,1,Cyanobacteria,1.621545,1.3243465
2020-11-26,1,Cyanobacteria,0.6157164,1.3873979
2020-11-27,1,Cyanobacteria,1.1531911,0.9619534
2020-11-28,1,Cyanobacteria,1.334508,1.0995014
2020-11-29,1,Cyanobacteria,1.2755716,1.2281142
2020-11-30,1,Cyanobacteria,1.4539436,1.2474539
2020-12-01,1,Cyanobacteria,1.416155,1.3423544
2020-12-02,1,Cyanobacteria,1.3794355,1.3588603
2020-12-03,1,Cyanobacteria,1.5929089,1.330124
2020-12-04,1,Cyanobacteria,1.6844646,1.4262309
2020-12-05,1,Cyanobacteria,1.6305789,1.5124716
2020-12-06,1,Cyanobacteria,1.537851,1.4607748
2020-12-07,1,Cyanobacteria,1.4415424,1.4228344
2020-12-08,1,Cyanobacteria,1.3017017,1.3310455
2020-12-09,1,Cyanobacteria,1.1760101,1.234197
2020-12-10,1,Cyanobacteria,1.2858943,1.148625
2020-12-11,1,Cyanobacteria,1.2478929,1.1891199
2020-12-12,1,Cyanobacteria,1.1700652,1.1636102
2020-12-13,1,Cyanobacteria,0.7562853,1.0793052
2020-12-14,1,Cyanobacteria,1.4720767,0.91178805
2020-12-15,1,Cyanobacteria,1.6189508,1.2553087
2020-12-16,1,Cyanobacteria,1.7228365,1.3932981
2020-12-17,1,Cyanobacteria,1.7015278,1.4464583
2020-12-18,1,Cyanobacteria,1.5606419,1.3256438
2020-12-19,1,Cyanobacteria,1.410767,1.2657857
2020-12-20,1,Cyanobacteria,1.231288,1.19897
2020-12-21,1,Cyanobacteria,1.0281318,1.0648068
2020-12-22,1,Cyanobacteria,0.94908035,0.9727898
2020-12-23,1,Cyanobacteria,0.5109782,0.91788244
2020-12-24,1,Cyanobacteria,0.7968573,0.7283515
2020-12-25,1,Cyanobacteria,0.9004562,0.7607629
2020-12-26,1,Cyanobacteria,1.0766836,0.8594781
2020-12-27,1,Cyanobacteria,0.95042,0.93436027
2020-12-28,1,Cyanobacteria,0.5107458,0.876669
2020-12-29,1,Cyanobacteria,0.2183068,0.6780616
2020-12-30,1,Cyanobacteria,1.2127858,0.52625805
2020-12-31,1,Cyanobacteria,0.92782927,0.83225375
2021-01-01,1,Cyanobacteria,1.2508177,0.84330225
2021-01-02,1,Cyanobacteria,1.2944026,1.0265046
2021-01-03,1,Cyanobacteria,1.232453,1.0684117
2021-01-04,1,Cyanobacteria,1.0558363,1.0039176
2021-01-05,1,Cyanobacteria,1.1140188,0.8977839
2021-01-06,1,Cyanobacteria,1.0396379,0.889273
2021-01-07,1,Cyanobacteria,1.0007603,0.8355553
2021-01-08,1,Cyanobacteria,1.133749,0.79574263
2021-01-09,1,Cyanobacteria,1.1601809,0.87001884
2021-01-10,1,Cyanobacteria,1.2568814,0.87471443
2021-01-11,1,Cyanobacteria,1.1985952,0.9106774
2021-01-12,1,Cyanobacteria,1.1570984,0.89413816
2021-01-13,1,Cyanobacteria,1.1095513,0.87400407
2021-01-14,1,Cyanobacteria,1.023268,0.84229964
2021-01-15,1,Cyanobacteria,0.7892397,0.8190585
2021-01-16,1,Cyanobacteria,0.5160029,0.7110773
2021-01-17,1,Cyanobacteria,0.6644501,0.65097743
2021-01-18,1,Cyanobacteria,0.72609264,0.6636161
2021-01-19,1,Cyanobacteria,0.80248195,0.7503359
2021-01-20,1,Cyanobacteria,0.5337771,0.8143944
2021-01-21,1,Cyanobacteria,0.47094068,0.8263612
2021-01-22,1,Cyanobacteria,0.73403335,0.6505594
2021-01-23,1,Cyanobacteria,0.5746165,0.80892026
2021-01-24,1,Cyanobacteria,0.9917221,0.7907394
2021-01-25,1,Cyanobacteria,0.90726936,1.1182514
2021-01-26,1,Cyanobacteria,1.368466,1.2214264
2021-01-27,1,Cyanobacteria,1.1996093,1.2204355
2021-01-28,1,Cyanobacteria,1.1409117,1.0511298
2021-01-29,1,Cyanobacteria,1.1614038,1.0688872
2021-01-30,1,Cyanobacteria,0.9247902,1.0884192
2021-01-31,1,Cyanobacteria,0.8163143,0.9505935
2021-02-01,1,Cyanobacteria,0.68247646,0.8355927
2021-02-02,1,Cyanobacteria,0.7478566,0.70619947
2021-02-03,1,Cyanobacteria,0.9111803,0.6538452
2021-02-04,1,Cyanobacteria,0.80073136,0.7295453
2021-02-05,1,Cyanobacteria,0.7012689,0.72277933
2021-02-06,1,Cyanobacteria,0.6910789,0.66759706
2021-02-07,1,Cyanobacteria,0.677118,0.6390722
2021-02-08,1,Cyanobacteria,0.8998841,0.58530074
2021-02-09,1,Cyanobacteria,0.6313663,0.6583137
2021-02-10,1,Cyanobacteria,0.74432606,0.600466
2021-02-11,1,Cyanobacteria,0.8625417,0.65253395
2021-02-12,1,Cyanobacteria,0.97663283,0.6827218
2021-02-13,1,Cyanobacteria,0.55862415,0.6893411
2021-02-14,1,Cyanobacteria,0.37615052,0.55877143
2021-02-15,1,Cyanobacteria,0.6475181,0.4729986
2021-02-16,1,Cyanobacteria,0.53772795,0.5400244
2021-02-17,1,Cyanobacteria,0.71482635,0.52847594
2021-02-18,1,Cyanobacteria,0.59031117,0.66254497
2021-02-19,1,Cyanobacteria,0.70318836,0.70949125
2021-02-20,1,Cyanobacteria,0.69292545,0.76175135
2021-02-21,1,Cyanobacteria,0.635275,0.75597686
2021-02-22,1,Cyanobacteria,0.7406807,0.6519931
2021-02-23,1,Cyanobacteria,0.875916,0.6734944
2021-02-24,1,Cyanobacteria,0.83096313,0.735998
2021-02-25,1,Cyanobacteria,0.85622466,0.71713084
2021-02-26,1,Cyanobacteria,1.0751342,0.70740706
2021-02-27,1,Cyanobacteria,1.2290095,0.77787906
2021-02-28,1,Cyanobacteria,1.2229925,0.85249686
2021-03-01,1,Cyanobacteria,1.253146,0.8787458
2021-03-02,1,Cyanobacteria,1.3632498,0.9622562
2021-03-03,1,Cyanobacteria,0.8552822,1.0426764
2021-03-04,1,Cyanobacteria,1.1125977,0.7956963
2021-03-05,1,Cyanobacteria,0.81280756,0.9081297
2021-03-06,1,Cyanobacteria,0.8352894,0.87138593
2021-03-07,1,Cyanobacteria,0.7107815,0.77396184
2021-03-08,1,Cyanobacteria,0.8574656,0.71888566
2021-03-09,1,Cyanobacteria,0.77764106,0.73551273
2021-03-10,1,Cyanobacteria,0.89971054,0.69315386
2021-03-11,1,Cyanobacteria,0.7533502,0.71959525
2021-03-12,1,Cyanobacteria,0.3883647,0.6596441
2021-03-13,1,Cyanobacteria,0.3952388,0.47528479
2021-03-14,1,Cyanobacteria,1.1506295,0.4618953
2021-03-15,1,Cyanobacteria,1.0597106,0.9554966
2021-03-16,1,Cyanobacteria,1.0960565,1.0854534
2021-03-17,1,Cyanobacteria,1.274508,1.0744176
2021-03-18,1,Cyanobacteria,1.3935528,1.1768489
2021-03-19,1,Cyanobacteria,1.3325905,1.2127216
2021-03-20,1,Cyanobacteria,1.3198698,1.1848909
2021-03-21,1,Cyanobacteria,1.3761505,1.1947658
2021-03-22,1,Cyanobacteria,1.1251593,1.2657895
2021-03-23,1,Cyanobacteria,0.9094642,1.0342492
2021-03-24,1,Cyanobacteria,1.1613843,0.95660794
2021-03-25,1,Cyanobacteria,1.0459361,1.0445154
2021-03-26,1,Cyanobacteria,0.8975687,0.9807038
2021-03-27,1,Cyanobacteria,0.6828747,0.8764058
2021-03-28,1,Cyanobacteria,0.7303548,0.74064076
2021-03-29,1,Cyanobacteria,0.41225198,0.75137717
2021-03-30,1,Cyanobacteria,0.111810274,0.6027325
2021-03-31,1,Cyanobacteria,0.5293086,0.47334632
2021-04-01,1,Cyanobacteria,1.298798,0.70585257
2021-04-02,1,Cyanobacteria,1.4947647,1.1974249
2021-04-03,1,Cyanobacteria,1.5875887,1.3598533
2021-04-04,1,Cyanobacteria,1.6624764,1.351573
2021-04-05,1,Cyanobacteria,1.5121635,1.3627714
2021-04-06,1,Cyanobacteria,1.4354631,1.2910106
2021-04-07,1,Cyanobacteria,1.4178132,1.2261446
2021-04-08,1,Cyanobacteria,1.4679812,1.2086743
2021-04-09,1,Cyanobacteria,1.3545152,1.2695495
2021-04-10,1,Cyanobacteria,1.2440883,1.17717
2021-04-11,1,Cyanobacteria,1.0756367,1.0801065
2021-04-12,1,Cyanobacteria,0.7194786,0.9824812
2021-04-13,1,Cyanobacteria,0.7790297,0.79745513
2021-04-14,1,Cyanobacteria,0.8630123,0.78782123
2021-04-15,1,Cyanobacteria,0.56722665,0.8243742
2021-04-16,1,Cyanobacteria,1.0409226,0.75691044
2021-04-17,1,Cyanobacteria,0.69225204,0.90800226
2021-04-18,1,Cyanobacteria,1.2849385,0.78646344
2021-04-19,1,Cyanobacteria,1.2466329,1.0769539
2021-04-20,1,Cyanobacteria,1.3180811,1.1222055
2021-04-21,1,Cyanobacteria,1.1071904,1.1476926
2021-04-22,1,Cyanobacteria,0.6878566,1.030833
2021-04-23,1,Cyanobacteria,0.5611079,0.80351835
2021-04-24,1,Cyanobacteria,0.8025344,0.71290636
2021-04-25,1,Cyanobacteria,0.78728455,0.81794727
2021-04-26,1,Cyanobacteria,1.6280825,0.9553594
2021-04-27,1,Cyanobacteria,1.9490377,1.2701507
2021-04-28,1,Cyanobacteria,1.6121202,1.4330645
2021-04-29,1,Cyanobacteria,1.4643126,1.3763349
2021-04-30,1,Cyanobacteria,1.5555934,1.2176512
2021-05-01,1,Cyanobacteria,1.5656585,1.2366447
2021-05-02,1,Cyanobacteria,1.2381549,1.2644801
2021-05-03,1,Cyanobacteria,1.0236812,1.1247871
2021-05-04,1,Cyanobacteria,1.7144799,1.0176959
2021-05-05,1,Cyanobacteria,1.3347807,1.1460735
2021-05-06,1,Cyanobacteria,1.2243872,1.0821922
2021-05-07,1,Cyanobacteria,1.3597454,1.0926993
2021-05-08,1,Cyanobacteria,1.0678822,1.1657525
2021-05-09,1,Cyanobacteria,1.0264472,1.0826795
2021-05-10,1,Cyanobacteria,0.76781476,1.1047169
2021-05-11,1,Cyanobacteria,0.6906947,1.0110605
2021-05-12,1,Cyanobacteria,1.008741,0.986167
2021-05-13,1,Cyanobacteria,1.2948915,1.2290946
2021-05-14,1,Cyanobacteria,2.0710855,1.2458667
2021-05-15,1,Cyanobacteria,2.2474167,1.6793154
2021-05-16,1,Cyanobacteria,1.9920912,1.8550565
2021-05-17,1,Cyanobacteria,1.6489002,1.7162882
2021-05-18,1,Cyanobacteria,1.794537,1.5422989
2021-05-19,1,Cyanobacteria,2.0734396,1.6213033
2021-05-20,1,Cyanobacteria,2.1479883,1.8315012
2021-05-21,1,Cyanobacteria,2.0209045,2.0017056
2021-05-22,1,Cyanobacteria,2.2535193,1.9590518
2021-05-23,1,Cyanobacteria,2.2723534,2.1731274
2021-05-24,1,Cyanobacteria,2.63233,2.2122464
2021-05-25,1,Cyanobacteria,2.3065703,2.5161722
2021-05-26,1,Cyanobacteria,1.9421636,2.221879
2021-05-27,1,Cyanobacteria,2.2319682,1.9715395
2021-05-28,1,Cyanobacteria,4.1579432,2.4333463
2021-05-29,1,Cyanobacteria,4.3492618,3.701516
2021-05-30,1,Cyanobacteria,2.6183937,3.8645074
2021-05-31,1,Cyanobacteria,2.6154816,2.6706736
2021-06-01,1,Cyanobacteria,5.352636,2.5324066
2021-06-02,1,Cyanobacteria,4.717726,3.9399612
2021-06-03,1,Cyanobacteria,2.962998,3.694526
2021-06-04,1,Cyanobacteria,3.0213976,2.7363644
2021-06-05,1,Cyanobacteria,2.9233599,2.8638299
2021-06-06,1,Cyanobacteria,2.5688848,2.7163858
2021-06-07,1,Cyanobacteria,2.928039,2.5561428
2021-06-08,1,Cyanobacteria,2.7149856,2.8382702
2021-06-09,1,Cyanobacteria,2.3156078,2.9207196
2021-06-10,1,Cyanobacteria,2.2857888,2.3684735
2021-06-11,1,Cyanobacteria,2.4744864,2.350129
2021-06-12,1,Cyanobacteria,3.0040839,2.468761
2021-06-13,1,Cyanobacteria,4.336705,2.7589061
2021-06-14,1,Cyanobacteria,3.6870964,3.372679
2021-06-15,1,Cyanobacteria,1.1724981,3.1546972
2021-06-16,1,Cyanobacteria,0.89654595,1.7650629
2021-06-17,1,Cyanobacteria,1.6896162,1.4840591
2021-06-18,1,Cyanobacteria,3.3528886,1.9619074
2021-06-19,1,Cyanobacteria,3.2436857,3.0155523
2021-06-20,1,Cyanobacteria,3.6387465,3.1636527
2021-06-21,1,Cyanobacteria,2.835984,3.3487546
2021-06-22,1,Cyanobacteria,1.9431771,2.7487528
2021-06-23,1,Cyanobacteria,2.2497613,2.1603038
2021-06-24,1,Cyanobacteria,2.3033574,2.465662
2021-06-25,1,Cyanobacteria,1.9838712,2.2274878
2021-06-26,1,Cyanobacteria,2.2046309,2.0869527
2021-06-27,1,Cyanobacteria,4.0340667,2.3521821
2021-06-28,1,Cyanobacteria,5.868067,3.8221393
2021-06-29,1,Cyanobacteria,5.3050866,4.9594984
2021-06-30,1,Cyanobacteria,4.742106,4.30232
2021-07-01,1,Cyanobacteria,3.2076483,3.8992388
2021-07-02,1,Cyanobacteria,3.4847536,2.8407226
2021-07-03,1,Cyanobacteria,4.0390015,3.1945038
2021-07-04,1,Cyanobacteria,3.948705,3.648977
2021-07-05,1,Cyanobacteria,4.7784224,3.3132696
2021-07-06,1,Cyanobacteria,4.2812166,3.7238958
2021-07-07,1,Cyanobacteria,3.7561839,3.3535903
2021-07-08,1,Cyanobacteria,3.5484276,2.9504519
2021-07-09,1,Cyanobacteria,2.1638117,2.8303945
2021-07-10,1,Cyanobacteria,1.9270601,1.9447242
2021-07-11,1,Cyanobacteria,1.9104345,1.8647492
2021-07-12,1,Cyanobacteria,2.2324965,1.892844
2021-07-13,1,Cyanobacteria,2.087728,2.1128857
2021-07-14,1,Cyanobacteria,1.2980666,2.0265577
2021-07-15,1,Cyanobacteria,1.3932489,1.544048
2021-07-16,1,Cyanobacteria,1.2500651,1.5670543
2021-07-17,1,Cyanobacteria,0.43407384,1.4599845
2021-07-18,1,Cyanobacteria,1.2796165,0.9756021
2021-07-19,1,Cyanobacteria,1.8222448,1.3393958
2021-07-20,1,Cyanobacteria,2.0859232,1.8587965
2021-07-21,1,Cyanobacteria,1.8950905,2.1632962
2021-07-22,1,Cyanobacteria,2.1339176,1.9904016
2021-07-23,1,Cyanobacteria,2.1493194,2.089081
2021-07-24,1,Cyanobacteria,4.662006,2.2016516
2021-07-25,1,Cyanobacteria,3.9590297,3.580038
2021-07-26,1,Cyanobacteria,4.2673516,3.2695277
2021-07-27,1,Cyanobacteria,4.232916,3.5321398
2021-07-28,1,Cyanobacteria,2.8703907,3.5981982
2021-07-29,1,Cyanobacteria,2.1993053,2.580155
2021-07-30,1,Cyanobacteria,2.0899277,2.2059836
2021-07-31,1,Cyanobacteria,2.1685455,2.0552485
2021-08-01,1,Cyanobacteria,3.3460565,2.3367786
2021-08-02,1,Cyanobacteria,5.6828313,3.344047
2021-08-03,1,Cyanobacteria,4.7732515,4.7105937
2021-08-04,1,Cyanobacteria,4.0578346,4.2403865
2021-08-05,1,Cyanobacteria,5.5061984,3.9383159
2021-08-06,1,Cyanobacteria,5.3274107,4.3431983
2021-08-07,1,Cyanobacteria,5.148622,4.0190063
2021-08-08,1,Cyanobacteria,3.2820683,3.942559
2021-08-09,1,Cyanobacteria,2.7275743,2.8278146
2021-08-10,1,Cyanobacteria,2.468589,2.5156314
2021-08-11,1,Cyanobacteria,2.8743272,2.247231
2021-08-12,1,Cyanobacteria,2.9775615,2.5905678
2021-08-13,1,Cyanobacteria,2.9190001,2.6137393
2021-08-14,1,Cyanobacteria,2.5640225,2.52802
2021-08-15,1,Cyanobacteria,2.6541495,2.346696
2021-08-16,1,Cyanobacteria,2.9796264,2.411255
2021-08-17,1,Cyanobacteria,3.3871398,2.3833556
2021-08-18,1,Cyanobacteria,2.8336039,2.549572
2021-08-19,1,Cyanobacteria,1.4002497,2.6154976
2021-08-20,1,Cyanobacteria,2.1858518,1.8697628
2021-08-21,1,Cyanobacteria,3.8102813,2.2473147
2021-08-22,1,Cyanobacteria,4.623089,3.1042373
2021-08-23,1,Cyanobacteria,3.8476396,3.9539187
2021-08-24,1,Cyanobacteria,3.6913338,3.5148983
2021-08-25,1,Cyanobacteria,5.2736855,3.2968504
2021-08-26,1,Cyanobacteria,5.886749,4.087444
2021-08-27,1,Cyanobacteria,6.328652,4.236778
2021-08-28,1,Cyanobacteria,5.913598,4.3067555
2021-08-29,1,Cyanobacteria,5.4985447,4.0214357
2021-08-30,1,Cyanobacteria,4.998421,3.6885753
2021-08-31,1,Cyanobacteria,3.173958,3.5245671
2021-09-01,1,Cyanobacteria,2.4867873,2.4998438
2021-09-02,1,Cyanobacteria,2.2553763,2.1614835
2021-09-03,1,Cyanobacteria,2.089725,2.0695174
2021-09-04,1,Cyanobacteria,2.1701736,2.005319
2021-09-05,1,Cyanobacteria,2.752026,2.1387792
2021-09-06,1,Cyanobacteria,2.4418018,2.5482845
2021-09-07,1,Cyanobacteria,2.3925562,2.2984054
2021-09-08,1,Cyanobacteria,2.2696092,2.3458292
2021-09-09,1,Cyanobacteria,3.9620116,2.2456708
2021-09-10,1,Cyanobacteria,3.368864,3.1238382
2021-09-11,1,Cyanobacteria,3.444725,3.194085
2021-09-12,1,Cyanobacteria,4.387453,3.2053304
2021-09-13,1,Cyanobacteria,3.7823026,3.6579072
2021-09-14,1,Cyanobacteria,3.6403475,3.45845
2021-09-15,1,Cyanobacteria,3.4074223,3.3347409
2021-09-16,1,Cyanobacteria,2.904714,2.8061657
2021-09-17,1,Cyanobacteria,2.246401,2.4231005
2021-09-18,1,Cyanobacteria,1.8525054,2.0466669
2021-09-19,1,Cyanobacteria,1.9603258,1.8202535
2021-09-20,1,Cyanobacteria,1.8784577,1.764212
2021-09-21,1,Cyanobacteria,1.6022085,1.7279192
2021-09-22,1,Cyanobacteria,1.6334975,1.6493344
2021-09-23,1,Cyanobacteria,1.6335725,1.9059086
2021-09-24,1,Cyanobacteria,1.7263433,1.8905191
2021-09-25,1,Cyanobacteria,1.7499204,1.834427
2021-09-26,1,Cyanobacteria,1.902614,1.7729723
2021-09-27,1,Cyanobacteria,1.9976249,1.8210883
2021-09-28,1,Cyanobacteria,2.0052354,1.8001841
2021-09-29,1,Cyanobacteria,1.9031209,1.8040978
2021-09-30,1,Cyanobacteria,2.1214771,1.719596
2021-10-01,1,Cyanobacteria,1.6440406,1.7866256
2021-10-02,1,Cyanobacteria,1.4304897,1.5233748
2021-10-03,1,Cyanobacteria,1.5464485,1.3838798
2021-10-04,1,Cyanobacteria,1.6624073,1.4674431
2021-10-05,1,Cyanobacteria,1.7783661,1.5641993
2021-10-06,1,Cyanobacteria,1.8943249,1.669515
2021-10-07,1,Cyanobacteria,2.0102837,1.8268992
2021-10-08,1,Cyanobacteria,2.1262426,1.8183165
2021-10-09,1,Cyanobacteria,2.2422013,1.9036105
2021-10-10,1,Cyanobacteria,2.3581603,2.0056567
2021-10-11,1,Cyanobacteria,2.474119,2.1315305
2021-10-12,1,Cyanobacteria,2.5900779,2.2391558
2021-10-13,1,Cyanobacteria,2.376394,2.355155
2021-10-14,1,Cyanobacteria,2.2953513,2.1244094
2021-10-15,1,Cyanobacteria,4.095699,2.1119635
2021-10-16,1,Cyanobacteria,5.2911153,3.3767664
2021-10-17,1,Cyanobacteria,3.2535,3.9205303
2021-10-18,1,Cyanobacteria,3.1076484,2.5710418
2021-10-19,1,Cyanobacteria,2.6348336,2.4401062
2021-10-20,1,Cyanobacteria,2.2041533,2.1655672
2021-10-21,1,Cyanobacteria,2.0151665,1.9178013
2021-10-22,1,Cyanobacteria,1.8319536,1.8077538
2021-10-23,1,Cyanobacteria,1.7161505,1.5076547
2021-10-24,1,Cyanobacteria,1.7125037,1.475333
2021-10-25,1,Cyanobacteria,1.5120782,1.4541728
2021-10-26,1,Cyanobacteria,1.6121708,1.3099011
2021-10-27,1,Cyanobacteria,1.3440738,1.3467469
2021-10-28,1,Cyanobacteria,1.1399204,1.2352707
2021-10-29,1,Cyanobacteria,1.698126,1.1391022
2021-10-30,1,Cyanobacteria,2.3341606,1.3831772
2021-10-31,1,Cyanobacteria,1.9348481,1.7185402
2021-11-01,1,Cyanobacteria,1.7935673,1.5733261
2021-11-02,1,Cyanobacteria,1.2920767,1.4069104
2021-11-03,1,Cyanobacteria,1.3757019,1.1828237
2021-11-04,1,Cyanobacteria,1.350919,1.2082382
2021-11-05,1,Cyanobacteria,1.281809,1.2010466
2021-11-06,1,Cyanobacteria,1.0622793,1.1382458
2021-11-07,1,Cyanobacteria,0.91401154,1.0141096
2021-11-08,1,Cyanobacteria,1.5847178,0.9257056
2021-11-09,1,Cyanobacteria,1.2513965,1.2129807
2021-11-10,1,Cyanobacteria,1.065916,1.1576889
2021-11-11,1,Cyanobacteria,1.2520332,1.0410565
2021-11-12,1,Cyanobacteria,1.2013613,1.0854087
2021-11-13,1,Cyanobacteria,1.2783864,1.0587227
2021-11-14,1,Cyanobacteria,1.3271418,1.0676881
2021-11-15,1,Cyanobacteria,1.343092,1.0978825
2021-11-16,1,Cyanobacteria,1.420963,1.109653
2021-11-17,1,Cyanobacteria,1.2887958,1.1522487
2021-11-18,1,Cyanobacteria,1.3203533,1.0774533
2021-11-19,1,Cyanobacteria,1.3825127,1.07674
2021-11-20,1,Cyanobacteria,1.2764591,1.1483535
2021-11-21,1,Cyanobacteria,1.1090586,1.1247017
2021-11-22,1,Cyanobacteria,1.129356,1.0433888
2021-11-23,1,Cyanobacteria,1.2800362,1.1364851
2021-11-24,1,Cyanobacteria,1.1554124,1.2241168
2021-11-25,1,Cyanobacteria,1.1848153,1.1205374
2021-11-26,1,Cyanobacteria,1.2934299,1.1015499
2021-11-27,1,Cyanobacteria,1.2571418,1.1583792
2021-11-28,1,Cyanobacteria,1.2306077,1.1480814
2021-11-29,1,Cyanobacteria,1.0336133,1.115548
2021-11-30,1,Cyanobacteria,0.86162925,0.97418755
2021-12-01,1,Cyanobacteria,1.5704707,0.86632323
2021-12-02,1,Cyanobacteria,1.5914989,1.2700069
2021-12-03,1,Cyanobacteria,1.3629906,1.3548429
2021-12-04,1,Cyanobacteria,1.3497757,1.1572388
2021-12-05,1,Cyanobacteria,1.1732706,1.0363107
2021-12-06,1,Cyanobacteria,1.1404066,0.9511606
2021-12-07,1,Cyanobacteria,1.1583865,0.9262937
2021-12-08,1,Cyanobacteria,1.128018,0.9212006
2021-12-09,1,Cyanobacteria,0.9754814,0.9143759
2021-12-10,1,Cyanobacteria,1.0479378,0.8502717
2021-12-11,1,Cyanobacteria,0.8021346,0.8789236
2021-12-12,1,Cyanobacteria,0.8941274,0.7566199
2021-12-13,1,Cyanobacteria,0.6927569,0.78773427
2021-12-14,1,Cyanobacteria,0.43221417,0.68285525
2021-12-15,1,Cyanobacteria,0.36057928,0.5294432
2021-12-16,1,Cyanobacteria,0.40863866,0.4754048
2021-12-17,1,Cyanobacteria,0.9727516,0.51699424
2021-12-18,1,Cyanobacteria,0.9826068,0.84516585
2021-12-19,1,Cyanobacteria,0.9490369,0.92705536
2021-12-20,1,Cyanobacteria,1.178531,0.9192798
2021-12-21,1,Cyanobacteria,1.2478871,1.0367247
2021-12-22,1,Cyanobacteria,1.3445659,1.044464
2021-12-23,1,Cyanobacteria,0.59661365,1.1300648
2021-12-24,1,Cyanobacteria,0.46170765,0.7200075
2021-12-25,1,Cyanobacteria,0.85164493,0.55757755
2021-12-26,1,Cyanobacteria,0.97535455,0.7145143
2021-12-27,1,Cyanobacteria,0.95947784,0.8526695
2021-12-28,1,Cyanobacteria,0.76329446,0.878652
2021-12-29,1,Cyanobacteria,0.85634834,0.7396354
2021-12-30,1,Cyanobacteria,0.6464471,0.77580106
2021-12-31,1,Cyanobacteria,0.90151423,0.6385783
2022-01-01,1,Cyanobacteria,0.776013,0.83406186
2022-01-02,1,Cyanobacteria,0.83620113,0.8315813
2022-01-03,1,Cyanobacteria,0.80412745,0.88291746
2022-01-04,1,Cyanobacteria,0.6765098,0.8833394
2022-01-05,1,Cyanobacteria,0.4595076,0.8176377
2022-01-06,1,Cyanobacteria,0.19878344,0.683398
2022-01-07,1,Cyanobacteria,0.67120206,0.57064074
2022-01-08,1,Cyanobacteria,0.95592326,0.87066954
2022-01-09,1,Cyanobacteria,0.9327444,1.1363091
2022-01-10,1,Cyanobacteria,1.0224385,1.0642555
2022-01-11,1,Cyanobacteria,2.1481042,1.1334977
2022-01-12,1,Cyanobacteria,1.6652243,1.69289
2022-01-13,1,Cyanobacteria,1.291042,1.528757
2022-01-14,1,Cyanobacteria,1.2574656,1.3200408
2022-01-15,1,Cyanobacteria,1.032084,1.2503239
2022-01-16,1,Cyanobacteria,0.9674892,1.0957019
2022-01-17,1,Cyanobacteria,0.94616944,1.008703
2022-01-18,1,Cyanobacteria,0.92269367,1.006031
2022-01-19,1,Cyanobacteria,0.8611079,0.9498081
2022-01-20,1,Cyanobacteria,0.82545257,0.8926501
2022-01-21,1,Cyanobacteria,0.8182259,0.8486035
2022-01-22,1,Cyanobacteria,1.1027879,0.81167346
2022-01-23,1,Cyanobacteria,0.7645185,0.9554467
2022-01-24,1,Cyanobacteria,1.7065123,0.6680104
2022-01-25,1,Cyanobacteria,0.64539075,1.0823472
2022-01-26,1,Cyanobacteria,0.76089376,0.8214026
2022-01-27,1,Cyanobacteria,0.5794614,0.8398658
2022-01-28,1,Cyanobacteria,0.7816709,0.78719896
2022-01-29,1,Cyanobacteria,0.8387186,0.87625724
2022-01-30,1,Cyanobacteria,1.1281649,1.0306263
2022-01-31,1,Cyanobacteria,1.231159,1.310879
2022-02-01,1,Cyanobacteria,1.4238236,1.4525769
2022-02-02,1,Cyanobacteria,1.3295317,1.5702541
2022-02-03,1,Cyanobacteria,1.784645,1.536852
2022-02-04,1,Cyanobacteria,1.5408581,1.8099003
2022-02-05,1,Cyanobacteria,1.3269008,1.7442609
2022-02-06,1,Cyanobacteria,1.6413742,1.5562217
2022-02-07,1,Cyanobacteria,1.3831661,1.6847484
2022-02-08,1,Cyanobacteria,1.1718699,1.5553674
2022-02-09,1,Cyanobacteria,1.0272319,1.4018373
2022-02-10,1,Cyanobacteria,0.8104344,1.1746577
2022-02-11,1,Cyanobacteria,1.0283359,0.9587826
2022-02-12,1,Cyanobacteria,0.6661383,1.0703377
2022-02-13,1,Cyanobacteria,0.37995383,0.849037
2022-02-14,1,Cyanobacteria,0.6274094,0.64005095
2022-02-15,1,Cyanobacteria,0.6364919,0.5493955
2022-02-16,1,Cyanobacteria,0.35820666,0.6307366
2022-02-17,1,Cyanobacteria,0.08358897,0.5131907
2022-02-18,1,Cyanobacteria,0.010000016,0.32900295
2022-02-19,1,Cyanobacteria,0.3175398,0.44287312
2022-02-20,1,Cyanobacteria,1.462207,0.6913836
2022-02-21,1,Cyanobacteria,1.7990876,1.8143057
2022-02-22,1,Cyanobacteria,1.8775308,1.9847709
2022-02-23,1,Cyanobacteria,2.0480778,1.8557128
2022-02-24,1,Cyanobacteria,1.9205097,1.8100345
2022-02-25,1,Cyanobacteria,1.7929416,1.7593071
2022-02-26,1,Cyanobacteria,1.6653734,1.7089884
2022-02-27,1,Cyanobacteria,1.5378052,1.6024318
2022-02-28,1,Cyanobacteria,1.4102371,1.4767698
2022-03-01,1,Cyanobacteria,1.1535721,1.3595139
2022-03-02,1,Cyanobacteria,0.7581607,1.1528468
2022-03-03,1,Cyanobacteria,0.4490297,0.7733289
2022-03-04,1,Cyanobacteria,0.2850868,0.519462
2022-03-05,1,Cyanobacteria,0.06812587,0.39976406
2022-03-06,1,Cyanobacteria,0.120933406,0.19826932
2022-03-07,1,Cyanobacteria,0.05522464,0.17008702
2022-03-08,1,Cyanobacteria,0.50354815,0.15853131
2022-03-09,1,Cyanobacteria,0.66335267,0.4097098
2022-03-10,1,Cyanobacteria,0.40285924,0.41046807
2022-03-11,1,Cyanobacteria,0.014387229,0.26367941
2022-03-12,1,Cyanobacteria,0.015565208,-0.011908035
2022-03-13,1,Cyanobacteria,0.010000016,0.020280479
2022-03-14,1,Cyanobacteria,0.010050719,0.04712964
2022-03-15,1,Cyanobacteria,0.010246022,0.12121366
2022-03-16,1,Cyanobacteria,0.036085412,0.2003823
2022-03-17,1,Cyanobacteria,0.21737875,0.47189003
2022-03-18,1,Cyanobacteria,0.42973912,0.57613957
2022-03-19,1,Cyanobacteria,0.7636884,0.88594025
2022-03-20,1,Cyanobacteria,1.1165409,1.2523018
2022-03-21,1,Cyanobacteria,1.9101883,1.5351368
2022-03-22,1,Cyanobacteria,2.1433985,1.9841778
2022-03-23,1,Cyanobacteria,2.1262445,2.1821723
2022-03-24,1,Cyanobacteria,1.9198624,2.233276
2022-03-25,1,Cyanobacteria,1.8753512,2.2409668
2022-03-26,1,Cyanobacteria,1.8713034,2.6599288
2022-03-27,1,Cyanobacteria,4.2593026,2.5406697
2022-03-28,1,Cyanobacteria,4.0173755,3.34921
2022-03-29,1,Cyanobacteria,3.7754486,3.3386595
2022-03-30,1,Cyanobacteria,2.644808,3.1588826
2022-03-31,1,Cyanobacteria,2.3579507,2.4637077
2022-04-01,1,Cyanobacteria,2.3900943,2.1588514
2022-04-02,1,Cyanobacteria,2.480131,2.1566834
2022-04-03,1,Cyanobacteria,2.149906,2.3532984
2022-04-04,1,Cyanobacteria,1.8740696,2.0752833
2022-04-05,1,Cyanobacteria,1.7214473,1.762199
2022-04-06,1,Cyanobacteria,1.5688252,1.5735899
2022-04-07,1,Cyanobacteria,1.2899711,1.4425102
2022-04-08,1,Cyanobacteria,1.008827,1.1884431
2022-04-09,1,Cyanobacteria,1.0090086,0.9412508
2022-04-10,1,Cyanobacteria,0.6801231,0.7448458
2022-04-11,1,Cyanobacteria,0.4421845,0.4846641
2022-04-12,1,Cyanobacteria,0.20424601,0.34010196
2022-04-13,1,Cyanobacteria,0.16290368,0.2032645
2022-04-14,1,Cyanobacteria,0.13675833,0.14465927
2022-04-15,1,Cyanobacteria,0.0103894295,0.1516478
2022-04-16,1,Cyanobacteria,0.47120208,0.18419184
2022-04-17,1,Cyanobacteria,0.9320147,0.42019725
2022-04-18,1,Cyanobacteria,1.3928274,1.1764146
2022-04-19,1,Cyanobacteria,2.2509274,1.3274229
2022-04-20,1,Cyanobacteria,2.0586097,1.7430387
2022-04-21,1,Cyanobacteria,1.6260804,1.4213226
2022-04-22,1,Cyanobacteria,1.0518768,1.4429977
2022-04-23,1,Cyanobacteria,0.91195065,1.2227786
2022-04-24,1,Cyanobacteria,1.1896162,1.1994337
2022-04-25,1,Cyanobacteria,1.9769739,1.3265213
2022-04-26,1,Cyanobacteria,1.4171904,2.323136
2022-04-27,1,Cyanobacteria,2.58336,1.8891351
2022-04-28,1,Cyanobacteria,2.152193,2.8393433
2022-04-29,1,Cyanobacteria,2.1626146,2.4276564
2022-04-30,1,Cyanobacteria,2.1730363,2.417091
2022-05-01,1,Cyanobacteria,2.1815941,2.4022982
2022-05-02,1,Cyanobacteria,2.0878696,2.461087
2022-05-03,1,Cyanobacteria,1.9130652,2.140075
2022-05-04,1,Cyanobacteria,1.6117319,2.2103121
2022-05-05,1,Cyanobacteria,1.836971,1.8729662
2022-05-06,1,Cyanobacteria,2.0369325,1.7736791
2022-05-07,1,Cyanobacteria,1.9392464,1.8139983
2022-05-08,1,Cyanobacteria,1.3235699,1.6908917
2022-05-09,1,Cyanobacteria,2.890058,1.5664382
2022-05-10,1,Cyanobacteria,2.2893047,2.3916106
2022-05-11,1,Cyanobacteria,2.080232,2.3354206
2022-05-12,1,Cyanobacteria,2.0300615,2.2233067
2022-05-13,1,Cyanobacteria,2.7703042,2.2784045
2022-05-14,1,Cyanobacteria,3.278558,2.9544644
2022-05-15,1,Cyanobacteria,3.915648,3.1421878
2022-05-16,1,Cyanobacteria,4.275109,3.4644678
2022-05-17,1,Cyanobacteria,2.8151412,3.2662508
2022-05-18,1,Cyanobacteria,2.0774837,2.4066398
2022-05-19,1,Cyanobacteria,1.9749783,1.9763771
2022-05-20,1,Cyanobacteria,1.7361549,2.0560496
2022-05-21,1,Cyanobacteria,1.4398187,1.9627097
2022-05-22,1,Cyanobacteria,2.053594,1.7518505
2022-05-23,1,Cyanobacteria,1.9373734,2.2677934
2022-05-24,1,Cyanobacteria,1.7527878,2.2477856
2022-05-25,1,Cyanobacteria,1.9877247,2.071802
2022-05-26,1,Cyanobacteria,1.7746773,1.8932405
2022-05-27,1,Cyanobacteria,2.4411938,2.2281272
2022-05-28,1,Cyanobacteria,3.1183374,2.7510583
2022-05-29,1,Cyanobacteria,3.795481,3.1430762
2022-05-30,1,Cyanobacteria,4.472625,3.2311673
2022-05-31,1,Cyanobacteria,5.1497684,3.9188588
2022-06-01,1,Cyanobacteria,4.1820073,4.177784
2022-06-02,1,Cyanobacteria,3.2975852,3.4870913
2022-06-03,1,Cyanobacteria,4.2176213,3.2448382
2022-06-04,1,Cyanobacteria,6.272964,3.8267233
2022-06-05,1,Cyanobacteria,4.386336,4.847614
2022-06-06,1,Cyanobacteria,3.5452392,3.7411613
2022-06-07,1,Cyanobacteria,3.8714397,3.226995
2022-06-08,1,Cyanobacteria,4.1976404,3.5015442
2022-06-09,1,Cyanobacteria,4.523841,3.5904405
2022-06-10,1,Cyanobacteria,4.8500414,3.8101966
2022-06-11,1,Cyanobacteria,5.176242,3.937144
2022-06-12,1,Cyanobacteria,5.1198487,4.0499125
2022-06-13,1,Cyanobacteria,5.0634556,3.7744956
2022-06-14,1,Cyanobacteria,5.0070624,3.7696238
2022-06-15,1,Cyanobacteria,4.9506693,3.7827547
2022-06-16,1,Cyanobacteria,4.894276,3.7981558
2022-06-17,1,Cyanobacteria,2.3731694,3.9106941
2022-06-18,1,Cyanobacteria,1.219232,2.0276375
2022-06-19,1,Cyanobacteria,0.9798187,1.2262008
2022-06-20,1,Cyanobacteria,0.78918177,1.1464376
2022-06-21,1,Cyanobacteria,0.83319336,1.1037378
2022-06-22,1,Cyanobacteria,1.5494641,1.1918336
2022-06-23,1,Cyanobacteria,4.7543416,1.8357698
2022-06-24,1,Cyanobacteria,3.66243,4.0023675
2022-06-25,1,Cyanobacteria,1.9184504,3.3353646
2022-06-26,1,Cyanobacteria,2.8912816,1.8866704
2022-06-27,1,Cyanobacteria,2.743483,2.8340368
2022-06-28,1,Cyanobacteria,2.3900073,2.5956016
2022-06-29,1,Cyanobacteria,2.7020102,2.31556
2022-06-30,1,Cyanobacteria,2.2068284,2.7224705
2022-07-01,1,Cyanobacteria,2.0284288,2.4346468
2022-07-02,1,Cyanobacteria,2.504562,2.215314
2022-07-03,1,Cyanobacteria,2.6843994,2.591383
2022-07-04,1,Cyanobacteria,3.274656,2.7713575
2022-07-05,1,Cyanobacteria,3.1509414,3.2065654
2022-07-06,1,Cyanobacteria,3.4092262,2.9964728
2022-07-07,1,Cyanobacteria,2.602117,3.0911856
2022-07-08,1,Cyanobacteria,2.0531843,2.492917
2022-07-09,1,Cyanobacteria,1.7956238,2.071512
2022-07-10,1,Cyanobacteria,2.0568504,1.9325274
2022-07-11,1,Cyanobacteria,2.372128,2.2209477
2022-07-12,1,Cyanobacteria,2.6012175,2.5802732
2022-07-13,1,Cyanobacteria,2.828348,2.835116
2022-07-14,1,Cyanobacteria,3.8188338,2.9823751
2022-07-15,1,Cyanobacteria,6.297978,4.1131263
2022-07-16,1,Cyanobacteria,5.4864035,5.387733
2022-07-17,1,Cyanobacteria,6.516273,4.587157
2022-07-18,1,Cyanobacteria,4.57671,4.9798203
2022-07-19,1,Cyanobacteria,3.2610588,3.7128336
2022-07-20,1,Cyanobacteria,3.2007184,2.614166
2022-07-21,1,Cyanobacteria,3.3733938,2.603379
2022-07-22,1,Cyanobacteria,3.3644865,2.7161045
2022-07-23,1,Cyanobacteria,3.8821256,2.9474561
2022-07-24,1,Cyanobacteria,4.914276,3.5813363
2022-07-25,1,Cyanobacteria,3.6174076,4.1459556
2022-07-26,1,Cyanobacteria,2.4253619,3.0218794
2022-07-27,1,Cyanobacteria,3.0902102,2.4668832
2022-07-28,1,Cyanobacteria,3.2870235,3.2316644
2022-07-29,1,Cyanobacteria,3.320978,3.272851
2022-07-30,1,Cyanobacteria,3.3549325,3.288079
2022-07-31,1,Cyanobacteria,3.3888872,3.2788336
2022-08-01,1,Cyanobacteria,3.4228415,3.2854815
2022-08-02,1,Cyanobacteria,3.4567962,3.3179975
2022-08-03,1,Cyanobacteria,3.4907506,3.3027375
2022-08-04,1,Cyanobacteria,3.5247052,3.2383819
2022-08-05,1,Cyanobacteria,3.5586596,3.5046875
2022-08-06,1,Cyanobacteria,3.592614,3.5022235
2022-08-07,1,Cyanobacteria,3.6265686,3.4667678
2022-08-08,1,Cyanobacteria,3.6605232,3.4325328
2022-08-09,1,Cyanobacteria,3.6944776,3.4859564
2022-08-10,1,Cyanobacteria,3.728432,3.5374475
2022-08-11,1,Cyanobacteria,3.7623866,3.5695868
2022-08-12,1,Cyanobacteria,3.796341,3.6041133
2022-08-13,1,Cyanobacteria,3.8302956,3.6118422
2022-08-14,1,Cyanobacteria,3.8642502,3.710211
2022-08-15,1,Cyanobacteria,3.8982048,3.6140285
2022-08-16,1,Cyanobacteria,3.9321592,3.6167943
2022-08-17,1,Cyanobacteria,3.9661138,3.636694
2022-08-18,1,Cyanobacteria,4.000068,3.6287453
2022-08-19,1,Cyanobacteria,4.0340223,3.5856712
2022-08-20,1,Cyanobacteria,4.0679774,3.6136198
2022-08-21,1,Cyanobacteria,4.1019316,3.6065702
2022-08-22,1,Cyanobacteria,4.135886,3.6202452
2022-08-23,1,Cyanobacteria,4.169841,3.656218
2022-08-24,1,Cyanobacteria,4.203795,3.6422446
2022-08-25,1,Cyanobacteria,4.2377496,3.7102435
2022-08-26,1,Cyanobacteria,4.271704,3.7630212
2022-08-27,1,Cyanobacteria,4.305659,3.8550727
2022-08-28,1,Cyanobacteria,4.339613,3.8854473
2022-08-29,1,Cyanobacteria,4.3735676,3.772181
2022-08-30,1,Cyanobacteria,4.407522,3.631158
2022-08-31,1,Cyanobacteria,4.441477,3.7280462
2022-09-01,1,Cyanobacteria,4.475431,3.7859201
2022-09-02,1,Cyanobacteria,4.5093856,3.875204
2022-09-03,1,Cyanobacteria,4.54334,3.9561393
2022-09-04,1,Cyanobacteria,4.577295,3.9577556
2022-09-05,1,Cyanobacteria,4.6112494,3.9866204
2022-09-06,1,Cyanobacteria,4.6452036,3.9728959
2022-09-07,1,Cyanobacteria,4.679158,3.8961306
2022-09-08,1,Cyanobacteria,4.713113,4.00533
2022-09-09,1,Cyanobacteria,4.7470675,4.0853753
2022-09-10,1,Cyanobacteria,4.781022,4.177379
2022-09-11,1,Cyanobacteria,6.1217318,4.196358
2022-09-12,1,Cyanobacteria,6.153777,4.9452286
2022-09-13,1,Cyanobacteria,5.5154853,4.855442
2022-09-14,1,Cyanobacteria,4.42329,4.504994
2022-09-15,1,Cyanobacteria,3.8892832,3.928169
2022-09-16,1,Cyanobacteria,3.7135918,3.5439153
2022-09-17,1,Cyanobacteria,2.9347034,3.2996225
2022-09-18,1,Cyanobacteria,4.431348,2.7633493
2022-09-19,1,Cyanobacteria,4.227647,3.6737592
2022-09-20,1,Cyanobacteria,2.5538044,3.2715218
2022-09-21,1,Cyanobacteria,2.390876,2.1856349
2022-09-22,1,Cyanobacteria,2.1660202,2.1262758
2022-09-23,1,Cyanobacteria,2.1745803,2.041166
2022-09-24,1,Cyanobacteria,2.6702752,2.1104128
2022-09-25,1,Cyanobacteria,2.3401449,2.5976954
2022-09-26,1,Cyanobacteria,2.3833406,2.5058343
2022-09-27,1,Cyanobacteria,2.510181,2.5575016
2022-09-28,1,Cyanobacteria,4.2074294,2.7528572
2022-09-29,1,Cyanobacteria,4.753896,3.8292232
2022-09-30,1,Cyanobacteria,6.1951814,4.1542225
2022-10-01,1,Cyanobacteria,3.065192,5.287957
2022-10-02,1,Cyanobacteria,3.7090797,3.2760243
2022-10-03,1,Cyanobacteria,4.398922,3.5613048
2022-10-04,1,Cyanobacteria,5.0918016,3.9317694
2022-10-05,1,Cyanobacteria,4.849297,4.090465
2022-10-06,1,Cyanobacteria,4.0219636,3.8419812
2022-10-07,1,Cyanobacteria,2.7237463,3.2781672
2022-10-08,1,Cyanobacteria,2.32,2.2837484
2022-10-09,1,Cyanobacteria,3.2219276,1.9495741
2022-10-10,1,Cyanobacteria,3.2224002,2.6121116
2022-10-11,1,Cyanobacteria,2.4283636,2.7161295
2022-10-12,1,Cyanobacteria,2.2486668,2.1898026
2022-10-13,1,Cyanobacteria,2.2341595,2.2028854
2022-10-14,1,Cyanobacteria,2.4454308,2.2283742
2022-10-15,1,Cyanobacteria,2.189485,2.3306406
2022-10-16,1,Cyanobacteria,2.4336784,2.1121252
2022-10-17,1,Cyanobacteria,2.1963432,2.3230379
2022-10-18,1,Cyanobacteria,1.77874,2.089903
2022-10-19,1,Cyanobacteria,1.6230702,1.720749
2022-10-20,1,Cyanobacteria,1.579081,1.7556646
2022-10-21,1,Cyanobacteria,1.7665725,1.7595475
2022-10-22,1,Cyanobacteria,2.6929433,1.856794
2022-10-23,1,Cyanobacteria,2.4712858,2.5110314
2022-10-24,1,Cyanobacteria,2.1828291,2.074282
2022-10-25,1,Cyanobacteria,1.9161577,1.8696822
2022-10-26,1,Cyanobacteria,1.6670797,1.6259421
2022-10-27,1,Cyanobacteria,1.6202025,1.4185016
2022-10-28,1,Cyanobacteria,1.552974,1.3461103
2022-10-29,1,Cyanobacteria,1.5037726,1.3021885
2022-10-30,1,Cyanobacteria,1.6090738,1.2886064
2022-10-31,1,Cyanobacteria,1.5013676,1.3557004
2022-11-01,1,Cyanobacteria,1.3019855,1.2343311
2022-11-02,1,Cyanobacteria,1.1026033,1.1692101
2022-11-03,1,Cyanobacteria,1.1929109,1.0514804
2022-11-04,1,Cyanobacteria,1.2192972,1.2013724
2022-11-05,1,Cyanobacteria,1.2108177,1.327395
2022-11-06,1,Cyanobacteria,1.1931765,1.4364476
2022-11-07,1,Cyanobacteria,1.1273862,1.4284608
2022-11-08,1,Cyanobacteria,1.5220854,1.4034158
2022-11-09,1,Cyanobacteria,1.8338467,1.6339526
2022-11-10,1,Cyanobacteria,2.1456077,1.8553436
2022-11-11,1,Cyanobacteria,3.645496,2.1095524
2022-11-12,1,Cyanobacteria,3.7778358,2.9807463
2022-11-13,1,Cyanobacteria,3.9101756,3.106493
2022-11-14,1,Cyanobacteria,4.0425153,2.9518154
2022-11-15,1,Cyanobacteria,4.174855,2.796538
2022-11-16,1,Cyanobacteria,2.4362636,2.6821115
2022-11-17,1,Cyanobacteria,1.8813034,2.0344117
2022-11-18,1,Cyanobacteria,1.7065123,1.7524976
2022-11-19,1,Cyanobacteria,1.7963116,1.6620933
2022-11-20,1,Cyanobacteria,1.7562879,1.700194
2022-11-21,1,Cyanobacteria,1.716068,1.7358071
2022-11-22,1,Cyanobacteria,1.8579218,1.695198
2022-11-23,1,Cyanobacteria,2.309513,1.7662431
2022-11-24,1,Cyanobacteria,2.2426267,1.9162974
2022-11-25,1,Cyanobacteria,1.6817813,1.9619851
2022-11-26,1,Cyanobacteria,2.334812,1.7043188
2022-11-27,1,Cyanobacteria,2.538623,2.0651906
2022-11-28,1,Cyanobacteria,2.067699,2.1439035
2022-11-29,1,Cyanobacteria,1.609312,1.7724193
2022-11-30,1,Cyanobacteria,1.4803835,1.4258497
2022-12-01,1,Cyanobacteria,1.5265702,1.3122818
2022-12-02,1,Cyanobacteria,1.5021827,1.4589342
2022-12-03,1,Cyanobacteria,1.3033888,1.5676972
2022-12-04,1,Cyanobacteria,1.2186893,1.4332626
2022-12-05,1,Cyanobacteria,1.2566932,1.3833933
2022-12-06,1,Cyanobacteria,1.2839594,1.4453683
2022-12-07,1,Cyanobacteria,1.2833816,1.5122751
2022-12-08,1,Cyanobacteria,1.264826,1.4810855
2022-12-09,1,Cyanobacteria,1.1665274,1.4245026
2022-12-10,1,Cyanobacteria,1.1783273,1.3677962
2022-12-11,1,Cyanobacteria,1.162433,1.3597956
2022-12-12,1,Cyanobacteria,1.0775615,1.3276647
2022-12-13,1,Cyanobacteria,1.0522738,1.2908993
2022-12-14,1,Cyanobacteria,1.0630385,1.2525764
2022-12-15,1,Cyanobacteria,0.9643116,1.1843106
2022-12-16,1,Cyanobacteria,0.9429254,1.1219084
2022-12-17,1,Cyanobacteria,0.9599493,0.96514654
2022-12-18,1,Cyanobacteria,1.066546,1.0140039
2022-12-19,1,Cyanobacteria,1.2629783,1.0934062
2022-12-20,1,Cyanobacteria,0.976756,1.269321
2022-12-21,1,Cyanobacteria,0.92862743,1.046829
2022-12-22,1,Cyanobacteria,0.971029,0.956786
2022-12-23,1,Cyanobacteria,1.0265797,0.94298023
2022-12-24,1,Cyanobacteria,1.063063,0.95069814
2022-12-25,1,Cyanobacteria,1.0813106,0.9803912
2022-12-26,1,Cyanobacteria,1.0943778,0.97806734
2022-12-27,1,Cyanobacteria,1.0884805,0.94311374
2022-12-28,1,Cyanobacteria,1.1312981,0.935384
2022-12-29,1,Cyanobacteria,1.1201302,0.9786588
2022-12-30,1,Cyanobacteria,1.0986956,0.9557066
2022-12-31,1,Cyanobacteria,1.1218044,0.9042839
2023-01-01,1,Cyanobacteria,1.1762229,0.8976836
2023-01-02,1,Cyanobacteria,1.3408847,0.9539879
2023-01-03,1,Cyanobacteria,1.5967512,1.0298827
2023-01-04,1,Cyanobacteria,1.1869442,1.1620103
2023-01-05,1,Cyanobacteria,0.5527029,0.9493763
2023-01-06,1,Cyanobacteria,0.5547719,0.5984739
2023-01-07,1,Cyanobacteria,0.25931886,0.57501006
2023-01-08,1,Cyanobacteria,0.8177391,0.42621368
2023-01-09,1,Cyanobacteria,0.1614521,0.83038723
2023-01-10,1,Cyanobacteria,0.992042,0.63772327
2023-01-11,1,Cyanobacteria,1.275152,1.106547
2023-01-12,1,Cyanobacteria,1.3251085,1.2935772
2023-01-13,1,Cyanobacteria,1.0189146,1.3277555
2023-01-14,1,Cyanobacteria,1.2738205,1.20447
2023-01-15,1,Cyanobacteria,1.3461332,1.2656065
2023-01-16,1,Cyanobacteria,1.4476104,1.504554
2023-01-17,1,Cyanobacteria,1.2679595,1.5355635
2023-01-18,1,Cyanobacteria,1.4467247,1.3932933
2023-01-19,1,Cyanobacteria,1.4130435,1.4173411
2023-01-20,1,Cyanobacteria,1.1790079,1.3226336
2023-01-21,1,Cyanobacteria,1.253741,1.0864085
2023-01-22,1,Cyanobacteria,0.74572355,1.2316163
2023-01-23,1,Cyanobacteria,0.6302901,0.9608662
2023-01-24,1,Cyanobacteria,1.5968212,0.7176704
2023-01-25,1,Cyanobacteria,1.5914844,1.5082603
2023-01-26,1,Cyanobacteria,1.4528313,1.6498858
2023-01-27,1,Cyanobacteria,1.3141781,1.4262642
2023-01-28,1,Cyanobacteria,1.4395945,1.2518018
2023-01-29,1,Cyanobacteria,1.4727279,1.3247577
2023-01-30,1,Cyanobacteria,1.3791581,1.3489912
2023-01-31,1,Cyanobacteria,1.1787742,1.2712636
2023-02-01,1,Cyanobacteria,0.9783902,1.1387908
2023-02-02,1,Cyanobacteria,1.3512114,1.0200783
2023-02-03,1,Cyanobacteria,1.5657766,1.2959033
2023-02-04,1,Cyanobacteria,1.615985,1.5851029
2023-02-05,1,Cyanobacteria,2.4904246,1.6176294
2023-02-06,1,Cyanobacteria,2.262368,2.0362775
2023-02-07,1,Cyanobacteria,2.1824055,1.8704314
2023-02-08,1,Cyanobacteria,1.5520464,1.9289591
2023-02-09,1,Cyanobacteria,1.8653886,1.6666958
2023-02-10,1,Cyanobacteria,2.283535,1.7779977
2023-02-11,1,Cyanobacteria,2.7620409,2.0183554
2023-02-12,1,Cyanobacteria,2.2324486,2.183684
2023-02-13,1,Cyanobacteria,1.8255773,2.0036156
2023-02-14,1,Cyanobacteria,2.4639304,1.8055441
2023-02-15,1,Cyanobacteria,1.9916799,2.15448
2023-02-16,1,Cyanobacteria,1.7593039,1.8768086
2023-02-17,1,Cyanobacteria,1.7566204,1.720116
2023-02-18,1,Cyanobacteria,1.8478105,1.744563
2023-02-19,1,Cyanobacteria,1.577091,1.861295
2023-02-20,1,Cyanobacteria,1.5175421,1.7064971
2023-02-21,1,Cyanobacteria,1.2222602,1.6727949
2023-02-22,1,Cyanobacteria,1.1143904,1.4632936
2023-02-23,1,Cyanobacteria,1.5166937,1.3356332
2023-02-24,1,Cyanobacteria,1.4491328,1.6142906
2023-02-25,1,Cyanobacteria,1.4799918,1.5694102
2023-02-26,1,Cyanobacteria,1.5221559,1.5516651
2023-02-27,1,Cyanobacteria,1.712296,1.6044233
2023-02-28,1,Cyanobacteria,2.1366403,1.7124504
2023-03-01,1,Cyanobacteria,1.7858219,2.0266273
2023-03-02,1,Cyanobacteria,1.3755527,1.7661344
2023-03-03,1,Cyanobacteria,1.2984917,1.4365019
2023-03-04,1,Cyanobacteria,1.2888846,1.3778528
2023-03-05,1,Cyanobacteria,1.2217515,1.412143
2023-03-06,1,Cyanobacteria,1.191564,1.4025491
2023-03-07,1,Cyanobacteria,1.3979748,1.3860906
2023-03-08,1,Cyanobacteria,1.3001692,1.5197861
2023-03-09,1,Cyanobacteria,1.2327971,1.44858
2023-03-10,1,Cyanobacteria,1.1577052,1.3607259
2023-03-11,1,Cyanobacteria,1.0726924,1.306572
2023-03-12,1,Cyanobacteria,1.0191824,1.2498822
2023-03-13,1,Cyanobacteria,0.8894389,1.2062919
2023-03-14,1,Cyanobacteria,0.90746105,1.2447255
2023-03-15,1,Cyanobacteria,0.87925994,1.1415484
2023-03-16,1,Cyanobacteria,0.83830166,1.0773004
2023-03-17,1,Cyanobacteria,1.0444053,1.0877637
2023-03-18,1,Cyanobacteria,1.0910829,1.2860682
2023-03-19,1,Cyanobacteria,0.9658961,1.3642099
2023-03-20,1,Cyanobacteria,0.92234516,1.2563543
2023-03-21,1,Cyanobacteria,0.9250495,1.26712
2023-03-22,1,Cyanobacteria,0.80815005,1.2490312
2023-03-23,1,Cyanobacteria,0.27196577,1.25675
2023-03-24,1,Cyanobacteria,0.7134048,0.82549745
2023-03-25,1,Cyanobacteria,2.8818572,1.1341484
2023-03-26,1,Cyanobacteria,3.2467968,3.315047
2023-03-27,1,Cyanobacteria,3.6117365,3.3367739
2023-03-28,1,Cyanobacteria,2.6727736,3.0123
2023-03-29,1,Cyanobacteria,1.9372687,2.2096376
2023-03-30,1,Cyanobacteria,1.7760023,1.8916823
2023-03-31,1,Cyanobacteria,1.5423425,1.5304776
2023-04-01,1,Cyanobacteria,1.2678039,1.3481166
2023-04-02,1,Cyanobacteria,1.108106,1.178881
2023-04-03,1,Cyanobacteria,1.0268787,1.1584299
2023-04-04,1,Cyanobacteria,1.0073328,1.1934832
2023-04-05,1,Cyanobacteria,1.5883657,1.4284133
2023-04-06,1,Cyanobacteria,2.1693985,2.103847
2023-04-07,1,Cyanobacteria,2.7504315,2.6841297
2023-04-08,1,Cyanobacteria,3.3314643,2.7372139
2023-04-09,1,Cyanobacteria,2.7729766,2.7455428
2023-04-10,1,Cyanobacteria,2.417534,2.1768482
2023-04-11,1,Cyanobacteria,1.7742348,1.9411376
2023-04-12,1,Cyanobacteria,1.4090321,1.5328851
2023-04-13,1,Cyanobacteria,1.2431421,1.1734256
2023-04-14,1,Cyanobacteria,1.120989,1.1177529
2023-04-15,1,Cyanobacteria,1.1054552,1.1863588
2023-04-16,1,Cyanobacteria,1.0206532,1.2283577
2023-04-17,1,Cyanobacteria,0.772153,1.335352
2023-04-18,1,Cyanobacteria,1.0562845,1.1929613
2023-04-19,1,Cyanobacteria,1.5799931,1.3975908
2023-04-20,1,Cyanobacteria,1.3164134,1.8506715
2023-04-21,1,Cyanobacteria,1.2170826,1.3263155
2023-04-22,1,Cyanobacteria,1.2514278,1.1392659
2023-04-23,1,Cyanobacteria,1.1737871,1.3088135
2023-04-24,1,Cyanobacteria,1.1448725,1.3380113
2023-04-25,1,Cyanobacteria,1.0627111,1.3439658
2023-04-26,1,Cyanobacteria,1.4576253,1.26497
2023-04-27,1,Cyanobacteria,1.7456878,1.3940763
2023-04-28,1,Cyanobacteria,1.8548379,1.7757373
2023-04-29,1,Cyanobacteria,2.6361527,1.9015602
2023-04-30,1,Cyanobacteria,3.1612911,2.6407785
2023-05-01,1,Cyanobacteria,1.9083881,2.7785823
2023-05-02,1,Cyanobacteria,1.5850003,1.7023212
2023-05-03,1,Cyanobacteria,0.7557995,1.4145314
2023-05-04,1,Cyanobacteria,0.83305645,0.82733935
2023-05-05,1,Cyanobacteria,0.64165354,0.89562374
2023-05-06,1,Cyanobacteria,0.42700356,0.76853997
2023-05-07,1,Cyanobacteria,1.1629804,0.7301459
2023-05-08,1,Cyanobacteria,1.8989573,1.4853369
2023-05-09,1,Cyanobacteria,2.634934,2.0013633
2023-05-10,1,Cyanobacteria,3.370911,2.3382978
2023-05-11,1,Cyanobacteria,4.106888,2.8255012
2023-05-12,1,Cyanobacteria,4.8428645,3.1176221
2023-05-13,1,Cyanobacteria,5.5788417,3.2269256
2023-05-14,1,Cyanobacteria,3.4932373,3.3346844
2023-05-15,1,Cyanobacteria,2.3829908,2.3567529
2023-05-16,1,Cyanobacteria,1.6760406,1.7632904
2023-05-17,1,Cyanobacteria,1.5048957,1.3536983
2023-05-18,1,Cyanobacteria,1.3905042,1.3718168
2023-05-19,1,Cyanobacteria,1.3446171,1.3953227
2023-05-20,1,Cyanobacteria,1.3385532,1.388423
2023-05-21,1,Cyanobacteria,1.2489344,1.599453
2023-05-22,1,Cyanobacteria,1.2775736,1.5549706
2023-05-23,1,Cyanobacteria,1.7400788,1.4570367
2023-05-24,1,Cyanobacteria,2.1723888,1.7975581
2023-05-25,1,Cyanobacteria,2.054791,2.222428
2023-05-26,1,Cyanobacteria,2.0169272,2.1594129
2023-05-27,1,Cyanobacteria,2.1836193,2.0619597
2023-05-28,1,Cyanobacteria,2.1190135,2.1500685
2023-05-29,1,Cyanobacteria,2.2845416,2.144683
2023-05-30,1,Cyanobacteria,2.8546731,2.2498615
2023-05-31,1,Cyanobacteria,3.6820343,2.6721838
2023-06-01,1,Cyanobacteria,4.2432837,2.959533
2023-06-02,1,Cyanobacteria,3.1228824,2.9897566
2023-06-03,1,Cyanobacteria,3.9125252,2.3776233
2023-06-04,1,Cyanobacteria,3.0990682,2.871294
2023-06-05,1,Cyanobacteria,2.2573907,2.4852548
2023-06-06,1,Cyanobacteria,3.5290446,1.9287492
2023-06-07,1,Cyanobacteria,4.5944915,2.7960083
2023-06-08,1,Cyanobacteria,3.974097,3.6433063
2023-06-09,1,Cyanobacteria,2.817865,3.1263843
2023-06-10,1,Cyanobacteria,2.1575139,2.3332584
2023-06-11,1,Cyanobacteria,2.202399,2.0345612
2023-06-12,1,Cyanobacteria,2.613506,2.2378395
2023-06-13,1,Cyanobacteria,3.0178857,2.6188762
2023-06-14,1,Cyanobacteria,3.2518442,2.658285
2023-06-15,1,Cyanobacteria,2.6697867,2.587574
2023-06-16,1,Cyanobacteria,1.9534781,2.0648417
2023-06-17,1,Cyanobacteria,2.036473,1.7092308
2023-06-18,1,Cyanobacteria,2.074111,1.9163153
2023-06-19,1,Cyanobacteria,1.7520274,2.0378692
2023-06-20,1,Cyanobacteria,1.9095271,1.9514531
2023-06-21,1,Cyanobacteria,2.6224213,2.149652
2023-06-22,1,Cyanobacteria,2.9754727,2.8080673
2023-06-23,1,Cyanobacteria,3.7797623,3.0124984
2023-06-24,1,Cyanobacteria,3.8032756,3.3915083
2023-06-25,1,Cyanobacteria,3.9180677,2.8509977
2023-06-26,1,Cyanobacteria,4.7419147,2.7439613
2023-06-27,1,Cyanobacteria,5.532881,3.5323157
2023-06-28,1,Cyanobacteria,3.5055287,3.6333008
2023-06-29,1,Cyanobacteria,3.4548762,2.299803
2023-06-30,1,Cyanobacteria,2.7937806,2.1768537
2023-07-01,1,Cyanobacteria,1.5995938,1.7560674
2023-07-02,1,Cyanobacteria,1.5965191,1.094185
2023-07-03,1,Cyanobacteria,1.7737297,1.2247055
2023-07-04,1,Cyanobacteria,2.776571,1.2880796
2023-07-05,1,Cyanobacteria,3.2304816,1.8945976
2023-07-06,1,Cyanobacteria,1.984966,2.1422498
2023-07-07,1,Cyanobacteria,1.9826539,1.1898
2023-07-08,1,Cyanobacteria,2.2500691,1.1697963
2023-07-09,1,Cyanobacteria,2.3913074,1.4175283
2023-07-10,1,Cyanobacteria,2.655939,1.472816
2023-07-11,1,Cyanobacteria,1.9692372,1.5168767
2023-07-12,1,Cyanobacteria,1.2298373,1.1485157
2023-07-13,1,Cyanobacteria,1.0929966,0.83179194
2023-07-14,1,Cyanobacteria,0.5992144,0.78990084
2023-07-15,1,Cyanobacteria,0.6014617,0.6408452
2023-07-16,1,Cyanobacteria,0.609786,0.6596146
2023-07-17,1,Cyanobacteria,0.70679635,0.8136248
2023-07-18,1,Cyanobacteria,0.8659262,0.90659416
2023-07-19,1,Cyanobacteria,0.9241884,1.0179993
2023-07-20,1,Cyanobacteria,1.0990573,1.1196495
2023-07-21,1,Cyanobacteria,2.9751103,1.3044142
2023-07-22,1,Cyanobacteria,4.6228127,3.039783
2023-07-23,1,Cyanobacteria,2.8313358,3.857749
2023-07-24,1,Cyanobacteria,4.548409,2.0796444
2023-07-25,1,Cyanobacteria,5.784873,2.8191178
2023-07-26,1,Cyanobacteria,3.7234683,3.0880008
2023-07-27,1,Cyanobacteria,1.6620638,1.958051
2023-07-28,1,Cyanobacteria,0.8556233,1.0120238
2023-07-29,1,Cyanobacteria,0.89116377,0.68512684
2023-07-30,1,Cyanobacteria,1.1886462,0.84625864
2023-07-31,1,Cyanobacteria,2.471676,1.3837658
2023-08-01,1,Cyanobacteria,1.6940145,2.0182269
2023-08-02,1,Cyanobacteria,1.9481753,1.3134282
2023-08-03,1,Cyanobacteria,1.7617489,1.3781155
2023-08-04,1,Cyanobacteria,1.0801963,1.2723732
2023-08-05,1,Cyanobacteria,1.292281,0.9044386
2023-08-06,1,Cyanobacteria,1.7215066,1.1125107
2023-08-07,1,Cyanobacteria,3.3288689,1.4545183
2023-08-08,1,Cyanobacteria,3.0218735,2.3233843
2023-08-09,1,Cyanobacteria,1.651122,1.8629217
2023-08-10,1,Cyanobacteria,1.442921,0.96422994
2023-08-11,1,Cyanobacteria,0.7765467,0.9485945
2023-08-12,1,Cyanobacteria,0.9314234,0.6698675
2023-08-13,1,Cyanobacteria,1.5715406,0.79663587
2023-08-14,1,Cyanobacteria,4.173333,1.2549876
2023-08-15,1,Cyanobacteria,1.9116304,2.726692
2023-08-16,1,Cyanobacteria,3.6171675,1.380937
2023-08-17,1,Cyanobacteria,2.3501623,2.1914194
2023-08-18,1,Cyanobacteria,2.9149249,1.5753047
2023-08-19,1,Cyanobacteria,3.0159187,2.2559087
2023-08-20,1,Cyanobacteria,2.285934,2.3169298
2023-08-21,1,Cyanobacteria,2.103505,1.5991036
2023-08-22,1,Cyanobacteria,2.0100663,1.6186882
2023-08-23,1,Cyanobacteria,2.030845,1.7511101
2023-08-24,1,Cyanobacteria,1.9803014,1.8136837
2023-08-25,1,Cyanobacteria,1.8590924,1.7413477
2023-08-26,1,Cyanobacteria,2.186416,1.9844197
2023-08-27,1,Cyanobacteria,2.1218035,2.3457935
2023-08-28,1,Cyanobacteria,2.2880745,2.3307023
2023-08-29,1,Cyanobacteria,4.906969,2.3504677
2023-08-30,1,Cyanobacteria,2.747103,4.1571074
2023-08-31,1,Cyanobacteria,4.8251433,2.3137095
2023-09-01,1,Cyanobacteria,3.1461823,3.8794646
2023-09-02,1,Cyanobacteria,2.997252,2.5330505
2023-09-03,1,Cyanobacteria,2.551028,2.3137913
2023-09-04,1,Cyanobacteria,2.49856,2.1513152
2023-09-05,1,Cyanobacteria,5.2166624,2.2911892
2023-09-06,1,Cyanobacteria,5.1275606,4.0074797
2023-09-07,1,Cyanobacteria,5.0384583,4.035525
2023-09-08,1,Cyanobacteria,4.9493566,3.5023496
2023-09-09,1,Cyanobacteria,2.5999234,3.2465158
2023-09-10,1,Cyanobacteria,2.1791236,1.8616204
2023-09-11,1,Cyanobacteria,1.9352801,1.8292758
2023-09-12,1,Cyanobacteria,1.8269101,1.6105942
2023-09-13,1,Cyanobacteria,1.9009577,1.856504
2023-09-14,1,Cyanobacteria,2.1442535,1.9134407
2023-09-15,1,Cyanobacteria,2.3835835,2.2136805
2023-09-16,1,Cyanobacteria,2.215428,2.3217986
2023-09-17,1,Cyanobacteria,1.9896855,2.1259682
2023-09-18,1,Cyanobacteria,2.0334396,2.1384985
2023-09-19,1,Cyanobacteria,2.1670406,2.0936213
2023-09-20,1,Cyanobacteria,2.404295,2.1633966
2023-09-21,1,Cyanobacteria,2.4283464,2.338029
2023-09-22,1,Cyanobacteria,2.1776288,2.32159
2023-09-23,1,Cyanobacteria,2.2079122,2.0534165
2023-09-24,1,Cyanobacteria,2.0656526,1.9639468
2023-09-25,1,Cyanobacteria,1.8197497,1.984272
2023-09-26,1,Cyanobacteria,2.788784,1.8658497
2023-09-27,1,Cyanobacteria,2.862572,2.5007977
2023-09-28,1,Cyanobacteria,2.8470044,2.5067167
2023-09-29,1,Cyanobacteria,2.7773497,2.4033217
2023-09-30,1,Cyanobacteria,3.3597028,2.2639694
2023-10-01,1,Cyanobacteria,3.2632625,2.537653
2023-10-02,1,Cyanobacteria,2.1856651,2.4045565
2023-10-03,1,Cyanobacteria,3.234886,1.8201034
2023-10-04,1,Cyanobacteria,3.1014996,2.7933166
2023-10-05,1,Cyanobacteria,2.354695,2.540244
2023-10-06,1,Cyanobacteria,1.8833472,1.9723487
2023-10-07,1,Cyanobacteria,1.6806661,1.7916231
2023-10-08,1,Cyanobacteria,1.6510261,1.7528251
2023-10-09,1,Cyanobacteria,1.65687,1.7640197
2023-10-10,1,Cyanobacteria,2.0349479,1.73691
2023-10-11,1,Cyanobacteria,1.9036157,2.1913455
2023-10-12,1,Cyanobacteria,1.5963961,2.1708338
2023-10-13,1,Cyanobacteria,2.2419574,1.9957072
2023-10-14,1,Cyanobacteria,3.478502,2.4437315
2023-10-15,1,Cyanobacteria,3.9786897,3.319638
2023-10-16,1,Cyanobacteria,2.291187,3.5289316
2023-10-17,1,Cyanobacteria,2.2361436,2.4002001
2023-10-18,1,Cyanobacteria,3.1238363,2.2217278
2023-10-19,1,Cyanobacteria,3.5173097,2.951764
2023-10-20,1,Cyanobacteria,3.7166374,3.0291998
2023-10-21,1,Cyanobacteria,2.9234288,3.022985
2023-10-22,1,Cyanobacteria,3.0309916,2.7919023
2023-10-23,1,Cyanobacteria,2.8510609,2.6663942
2023-10-24,1,Cyanobacteria,3.768123,2.7077212
2023-10-25,1,Cyanobacteria,5.941194,3.3152635
2023-10-26,1,Cyanobacteria,4.4449563,4.274788
2023-10-27,1,Cyanobacteria,4.763434,3.4390504
2023-10-28,1,Cyanobacteria,2.8690472,3.4959438
2023-10-29,1,Cyanobacteria,2.7990034,2.4579303
2023-10-30,1,Cyanobacteria,2.6598368,2.384024
2023-10-31,1,Cyanobacteria,3.064641,2.3715942
2023-11-01,1,Cyanobacteria,3.5453944,2.6412911
2023-11-02,1,Cyanobacteria,3.0826712,2.9775617
2023-11-03,1,Cyanobacteria,3.453603,2.6585004
2023-11-04,1,Cyanobacteria,2.4549444,2.9329917
2023-11-05,1,Cyanobacteria,3.4141028,2.253877
2023-11-06,1,Cyanobacteria,3.7630842,2.6234028
2023-11-07,1,Cyanobacteria,2.8241215,2.9567132
2023-11-08,1,Cyanobacteria,1.6250529,2.2251372
2023-11-09,1,Cyanobacteria,1.9600605,1.4424068
2023-11-10,1,Cyanobacteria,2.4557483,1.820526
2023-11-11,1,Cyanobacteria,1.7682997,2.2564383
2023-11-12,1,Cyanobacteria,1.8357332,1.8470768
2023-11-13,1,Cyanobacteria,1.5355757,1.8684746
2023-11-14,1,Cyanobacteria,1.4568228,1.7176481
2023-11-15,1,Cyanobacteria,1.3942672,1.7285489
2023-11-16,1,Cyanobacteria,1.4696076,1.6343982
2023-11-17,1,Cyanobacteria,1.5879126,1.6630728
2023-11-18,1,Cyanobacteria,1.8608291,1.7303661
2023-11-19,1,Cyanobacteria,1.7472198,2.0240355
2023-11-20,1,Cyanobacteria,2.048946,1.9197403
2023-11-21,1,Cyanobacteria,2.0148678,2.191224
2023-11-22,1,Cyanobacteria,2.2934241,2.2381217
2023-11-23,1,Cyanobacteria,3.542967,2.3577387
2023-11-24,1,Cyanobacteria,2.294738,2.8634098
2023-11-25,1,Cyanobacteria,1.8379765,2.0242603
2023-11-26,1,Cyanobacteria,1.510859,1.7386175
2023-11-27,1,Cyanobacteria,1.4485191,1.5858784
2023-11-28,1,Cyanobacteria,1.7754028,1.632148
2023-11-29,1,Cyanobacteria,1.1889424,1.8899775
2023-11-30,1,Cyanobacteria,4.1997676,1.6420228
2023-12-01,1,Cyanobacteria,2.7477224,3.4451656
2023-12-02,1,Cyanobacteria,2.1429226,2.6898088
2023-12-03,1,Cyanobacteria,2.1683147,2.0101535
2023-12-04,1,Cyanobacteria,1.8719982,1.9384726
2023-12-05,1,Cyanobacteria,2.7758234,1.6171851
2023-12-06,1,Cyanobacteria,2.8993187,2.268183
2023-12-07,1,Cyanobacteria,2.0482368,2.5488286
2023-12-08,1,Cyanobacteria,1.585169,1.9700334
2023-12-09,1,Cyanobacteria,2.0673146,1.62732
2023-12-10,1,Cyanobacteria,1.7040033,2.023595
2023-12-11,1,Cyanobacteria,2.2543254,1.8395246
2023-12-12,1,Cyanobacteria,2.8514695,2.1952877
2023-12-13,1,Cyanobacteria,2.631844,2.7186255
2023-12-14,1,Cyanobacteria,2.930671,2.3689184
2023-12-15,1,Cyanobacteria,4.081218,2.259911
2023-12-16,1,Cyanobacteria,2.122142,2.7817307
2023-12-17,1,Cyanobacteria,1.3384718,1.7576737
2023-12-18,1,Cyanobacteria,1.4121481,1.1904539
2023-12-19,1,Cyanobacteria,1.8288468,1.2423474
2023-12-20,1,Cyanobacteria,1.4450092,1.6281983
2023-12-21,1,Cyanobacteria,1.3191619,1.4313275
2023-12-22,1,Cyanobacteria,1.6237926,1.3593032
2023-12-23,1,Cyanobacteria,1.574842,1.5798836
2023-12-24,1,Cyanobacteria,1.5136062,1.5940179
2023-12-25,1,Cyanobacteria,1.7450206,1.5525848
2023-12-26,1,Cyanobacteria,3.017767,1.7112616
2023-12-27,1,Cyanobacteria,3.659146,2.4814305
2020-10-29,2,Cyanobacteria,1.9198873,1.8433623
2020-10-30,2,Cyanobacteria,0.9165894,2.105078
2020-10-31,2,Cyanobacteria,1.3927351,1.7420737
2020-11-01,2,Cyanobacteria,1.3244635,1.1917343
2020-11-02,2,Cyanobacteria,1.4207313,1.3684425
2020-11-03,2,Cyanobacteria,1.6778421,1.3855916
2020-11-04,2,Cyanobacteria,1.990452,1.408488
2020-11-05,2,Cyanobacteria,2.022165,1.5023088
2020-11-06,2,Cyanobacteria,2.008798,1.6342392
2020-11-07,2,Cyanobacteria,1.885076,1.6204563
2020-11-08,2,Cyanobacteria,1.9127102,1.6251725
2020-11-09,2,Cyanobacteria,1.7077882,1.545642
2020-11-10,2,Cyanobacteria,1.6468678,1.4316577
2020-11-11,2,Cyanobacteria,1.6813062,1.3668103
2020-11-12,2,Cyanobacteria,1.9224818,1.3070159
2020-11-13,2,Cyanobacteria,1.6967794,1.3067931
2020-11-14,2,Cyanobacteria,2.2499926,1.3942158
2020-11-15,2,Cyanobacteria,2.0681548,1.3255131
2020-11-16,2,Cyanobacteria,1.7629341,1.5158353
2020-11-17,2,Cyanobacteria,1.6316327,1.4346637
2020-11-18,2,Cyanobacteria,1.4976882,1.3663495
2020-11-19,2,Cyanobacteria,1.2110482,1.3354682
2020-11-20,2,Cyanobacteria,1.6200837,1.3434749
2020-11-21,2,Cyanobacteria,1.108683,1.2058046
2020-11-22,2,Cyanobacteria,1.0693725,1.3410523
2020-11-23,2,Cyanobacteria,1.2781522,1.1519529
2020-11-24,2,Cyanobacteria,1.5949926,1.095434
2020-11-25,2,Cyanobacteria,1.621545,1.2060219
2020-11-26,2,Cyanobacteria,0.6157164,1.3345447
2020-11-27,2,Cyanobacteria,1.1531911,1.3841786
2020-11-28,2,Cyanobacteria,1.334508,1.0321392
2020-11-29,2,Cyanobacteria,1.2755716,1.1495235
2020-11-30,2,Cyanobacteria,1.4539436,1.2598416
2020-12-01,2,Cyanobacteria,1.416155,1.2772403
2020-12-02,2,Cyanobacteria,1.3794355,1.35073
2020-12-03,2,Cyanobacteria,1.5929089,1.3572998
2020-12-04,2,Cyanobacteria,1.6844646,1.33152
2020-12-05,2,Cyanobacteria,1.6305789,1.4063116
2020-12-06,2,Cyanobacteria,1.537851,1.4754109
2020-12-07,2,Cyanobacteria,1.4415424,1.431232
2020-12-08,2,Cyanobacteria,1.3017017,1.3937005
2020-12-09,2,Cyanobacteria,1.1760101,1.3116701
2020-12-10,2,Cyanobacteria,1.2858943,1.2206922
2020-12-11,2,Cyanobacteria,1.2478929,1.1440629
2020-12-12,2,Cyanobacteria,1.1700652,1.1637228
2020-12-13,2,Cyanobacteria,0.7562853,1.1346835
2020-12-14,2,Cyanobacteria,1.4720767,1.0645244
2020-12-15,2,Cyanobacteria,1.6189508,0.929467
2020-12-16,2,Cyanobacteria,1.7228365,1.2136897
2020-12-17,2,Cyanobacteria,1.7015278,1.3157884
2020-12-18,2,Cyanobacteria,1.5606419,1.3436939
2020-12-19,2,Cyanobacteria,1.410767,1.230276
2020-12-20,2,Cyanobacteria,1.231288,1.1682744
2020-12-21,2,Cyanobacteria,1.0281318,1.101169
2020-12-22,2,Cyanobacteria,0.94908035,0.9812296
2020-12-23,2,Cyanobacteria,0.5109782,0.90053517
2020-12-24,2,Cyanobacteria,0.7968573,0.8516699
2020-12-25,2,Cyanobacteria,0.9004562,0.6942316
2020-12-26,2,Cyanobacteria,1.0766836,0.7275517
2020-12-27,2,Cyanobacteria,0.95042,0.81515265
2020-12-28,2,Cyanobacteria,0.5107458,0.8794705
2020-12-29,2,Cyanobacteria,0.2183068,0.8303744
2020-12-30,2,Cyanobacteria,1.2127858,0.67734575
2020-12-31,2,Cyanobacteria,0.92782927,0.56829417
2021-01-01,2,Cyanobacteria,1.2508177,0.855653
2021-01-02,2,Cyanobacteria,1.2944026,0.88396883
2021-01-03,2,Cyanobacteria,1.232453,1.0360626
2021-01-04,2,Cyanobacteria,1.0558363,1.0479783
2021-01-05,2,Cyanobacteria,1.1140188,0.9764962
2021-01-06,2,Cyanobacteria,1.0396379,0.87317985
2021-01-07,2,Cyanobacteria,1.0007603,0.85235775
2021-01-08,2,Cyanobacteria,1.133749,0.8066805
2021-01-09,2,Cyanobacteria,1.1601809,0.7847466
2021-01-10,2,Cyanobacteria,1.2568814,0.843657
2021-01-11,2,Cyanobacteria,1.1985952,0.84389347
2021-01-12,2,Cyanobacteria,1.1570984,0.8649219
2021-01-13,2,Cyanobacteria,1.1095513,0.84920204
2021-01-14,2,Cyanobacteria,1.023268,0.83420837
2021-01-15,2,Cyanobacteria,0.7892397,0.8127274
2021-01-16,2,Cyanobacteria,0.5160029,0.7962562
2021-01-17,2,Cyanobacteria,0.6644501,0.71169555
2021-01-18,2,Cyanobacteria,0.72609264,0.66026485
2021-01-19,2,Cyanobacteria,0.80248195,0.67553407
2021-01-20,2,Cyanobacteria,0.5337771,0.74651384
2021-01-21,2,Cyanobacteria,0.47094068,0.7970891
2021-01-22,2,Cyanobacteria,0.73403335,0.8133206
2021-01-23,2,Cyanobacteria,0.5746165,0.669553
2021-01-24,2,Cyanobacteria,0.9917221,0.8095574
2021-01-25,2,Cyanobacteria,0.90726936,0.8047542
2021-01-26,2,Cyanobacteria,1.368466,1.0928353
2021-01-27,2,Cyanobacteria,1.1996093,1.187376
2021-01-28,2,Cyanobacteria,1.1409117,1.1697919
2021-01-29,2,Cyanobacteria,1.1614038,1.0202144
2021-01-30,2,Cyanobacteria,0.9247902,1.0293131
2021-01-31,2,Cyanobacteria,0.8163143,1.0360631
2021-02-01,2,Cyanobacteria,0.68247646,0.90905637
2021-02-02,2,Cyanobacteria,0.7478566,0.80220383
2021-02-03,2,Cyanobacteria,0.9111803,0.67940974
2021-02-04,2,Cyanobacteria,0.80073136,0.62024677
2021-02-05,2,Cyanobacteria,0.7012689,0.67831266
2021-02-06,2,Cyanobacteria,0.6910789,0.6661716
2021-02-07,2,Cyanobacteria,0.677118,0.6158207
2021-02-08,2,Cyanobacteria,0.8998841,0.59044707
2021-02-09,2,Cyanobacteria,0.6313663,0.54386777
2021-02-10,2,Cyanobacteria,0.74432606,0.6032488
2021-02-11,2,Cyanobacteria,0.8625417,0.5575835
2021-02-12,2,Cyanobacteria,0.97663283,0.60742676
2021-02-13,2,Cyanobacteria,0.55862415,0.6389061
2021-02-14,2,Cyanobacteria,0.37615052,0.64745855
2021-02-15,2,Cyanobacteria,0.6475181,0.5555248
2021-02-16,2,Cyanobacteria,0.53772795,0.49925557
2021-02-17,2,Cyanobacteria,0.71482635,0.5627098
2021-02-18,2,Cyanobacteria,0.59031117,0.5727495
2021-02-19,2,Cyanobacteria,0.70318836,0.6963937
2021-02-20,2,Cyanobacteria,0.69292545,0.73331
2021-02-21,2,Cyanobacteria,0.635275,0.77387905
2021-02-22,2,Cyanobacteria,0.7406807,0.7582249
2021-02-23,2,Cyanobacteria,0.875916,0.6614028
2021-02-24,2,Cyanobacteria,0.83096313,0.6774102
2021-02-25,2,Cyanobacteria,0.85622466,0.7264248
2021-02-26,2,Cyanobacteria,1.0751342,0.70702523
2021-02-27,2,Cyanobacteria,1.2290095,0.70116353
2021-02-28,2,Cyanobacteria,1.2229925,0.7664405
2021-03-01,2,Cyanobacteria,1.253146,0.83628875
2021-03-02,2,Cyanobacteria,1.3632498,0.8702496
2021-03-03,2,Cyanobacteria,0.8552822,0.9448119
2021-03-04,2,Cyanobacteria,1.1125977,1.0146792
2021-03-05,2,Cyanobacteria,0.81280756,0.82961935
2021-03-06,2,Cyanobacteria,0.8352894,0.93283796
2021-03-07,2,Cyanobacteria,0.7107815,0.8941866
2021-03-08,2,Cyanobacteria,0.8574656,0.788582
2021-03-09,2,Cyanobacteria,0.77764106,0.72558093
2021-03-10,2,Cyanobacteria,0.89971054,0.73278534
2021-03-11,2,Cyanobacteria,0.7533502,0.6943591
2021-03-12,2,Cyanobacteria,0.3883647,0.71376914
2021-03-13,2,Cyanobacteria,0.3952388,0.68035334
2021-03-14,2,Cyanobacteria,1.1506295,0.5392539
2021-03-15,2,Cyanobacteria,1.0597106,0.5599309
2021-03-16,2,Cyanobacteria,1.0960565,0.99608505
2021-03-17,2,Cyanobacteria,1.274508,1.1168327
2021-03-18,2,Cyanobacteria,1.3935528,1.1129906
2021-03-19,2,Cyanobacteria,1.3325905,1.1922944
2021-03-20,2,Cyanobacteria,1.3198698,1.2111013
2021-03-21,2,Cyanobacteria,1.3761505,1.1766754
2021-03-22,2,Cyanobacteria,1.1251593,1.1798402
2021-03-23,2,Cyanobacteria,0.9094642,1.2244761
2021-03-24,2,Cyanobacteria,1.1613843,1.0082712
2021-03-25,2,Cyanobacteria,1.0459361,0.92853224
2021-03-26,2,Cyanobacteria,0.8975687,0.9939114
2021-03-27,2,Cyanobacteria,0.6828747,0.9334699
2021-03-28,2,Cyanobacteria,0.7303548,0.8428669
2021-03-29,2,Cyanobacteria,0.41225198,0.7333073
2021-03-30,2,Cyanobacteria,0.111810274,0.7640766
2021-03-31,2,Cyanobacteria,0.5293086,0.66336215
2021-04-01,2,Cyanobacteria,1.298798,0.58308727
2021-04-02,2,Cyanobacteria,1.4947647,0.8099466
2021-04-03,2,Cyanobacteria,1.5875887,1.2325575
2021-04-04,2,Cyanobacteria,1.6624764,1.3606896
2021-04-05,2,Cyanobacteria,1.5121635,1.3450977
2021-04-06,2,Cyanobacteria,1.4354631,1.3421985
2021-04-07,2,Cyanobacteria,1.4178132,1.2709823
2021-04-08,2,Cyanobacteria,1.4679812,1.2064892
2021-04-09,2,Cyanobacteria,1.3545152,1.1833216
2021-04-10,2,Cyanobacteria,1.2440883,1.2278033
2021-04-11,2,Cyanobacteria,1.0756367,1.1423522
2021-04-12,2,Cyanobacteria,0.7194786,1.0524428
2021-04-13,2,Cyanobacteria,0.7790297,0.9706091
2021-04-14,2,Cyanobacteria,0.8630123,0.82907414
2021-04-15,2,Cyanobacteria,0.56722665,0.83773685
2021-04-16,2,Cyanobacteria,1.0409226,0.8991853
2021-04-17,2,Cyanobacteria,0.69225204,0.8576591
2021-04-18,2,Cyanobacteria,1.2849385,0.99545336
2021-04-19,2,Cyanobacteria,1.2466329,0.9079053
2021-04-20,2,Cyanobacteria,1.3180811,1.160256
2021-04-21,2,Cyanobacteria,1.1071904,1.183584
2021-04-22,2,Cyanobacteria,0.6878566,1.1877686
2021-04-23,2,Cyanobacteria,0.5611079,1.0775034
2021-04-24,2,Cyanobacteria,0.8025344,0.88700044
2021-04-25,2,Cyanobacteria,0.78728455,0.8157634
2021-04-26,2,Cyanobacteria,1.6280825,0.9160057
2021-04-27,2,Cyanobacteria,1.9490377,1.0496198
2021-04-28,2,Cyanobacteria,1.6121202,1.3203245
2021-04-29,2,Cyanobacteria,1.4643126,1.4474176
2021-04-30,2,Cyanobacteria,1.5555934,1.3847636
2021-05-01,2,Cyanobacteria,1.5656585,1.2214543
2021-05-02,2,Cyanobacteria,1.2381549,1.2200816
2021-05-03,2,Cyanobacteria,1.0236812,1.2510861
2021-05-04,2,Cyanobacteria,1.7144799,1.1482545
2021-05-05,2,Cyanobacteria,1.3347807,1.0699657
2021-05-06,2,Cyanobacteria,1.2243872,1.1604797
2021-05-07,2,Cyanobacteria,1.3597454,1.1098546
2021-05-08,2,Cyanobacteria,1.0678822,1.117348
2021-05-09,2,Cyanobacteria,1.0264472,1.1936703
2021-05-10,2,Cyanobacteria,0.76781476,1.1520079
2021-05-11,2,Cyanobacteria,0.6906947,1.1988822
2021-05-12,2,Cyanobacteria,1.008741,1.1312412
2021-05-13,2,Cyanobacteria,1.2948915,1.1295413
2021-05-14,2,Cyanobacteria,2.0710855,1.3626882
2021-05-15,2,Cyanobacteria,2.2474167,1.37206
2021-05-16,2,Cyanobacteria,1.9920912,1.7267717
2021-05-17,2,Cyanobacteria,1.6489002,1.8771918
2021-05-18,2,Cyanobacteria,1.794537,1.7661506
2021-05-19,2,Cyanobacteria,2.0734396,1.6275778
2021-05-20,2,Cyanobacteria,2.1479883,1.7011193
2021-05-21,2,Cyanobacteria,2.0209045,1.8822117
2021-05-22,2,Cyanobacteria,2.2535193,2.037482
2021-05-23,2,Cyanobacteria,2.2723534,2.0203915
2021-05-24,2,Cyanobacteria,2.63233,2.2170138
2021-05-25,2,Cyanobacteria,2.3065703,2.2554433
2021-05-26,2,Cyanobacteria,1.9421636,2.5080957
2021-05-27,2,Cyanobacteria,2.2319682,2.2802243
2021-05-28,2,Cyanobacteria,4.1579432,2.080761
2021-05-29,2,Cyanobacteria,4.3492618,2.4696815
2021-05-30,2,Cyanobacteria,2.6183937,3.4447007
2021-05-31,2,Cyanobacteria,2.6154816,3.609422
2021-06-01,2,Cyanobacteria,5.352636,2.735616
2021-06-02,2,Cyanobacteria,4.717726,2.6010232
2021-06-03,2,Cyanobacteria,2.962998,3.6344223
2021-06-04,2,Cyanobacteria,3.0213976,3.4455235
2021-06-05,2,Cyanobacteria,2.9233599,2.7106485
2021-06-06,2,Cyanobacteria,2.5688848,2.7856233
2021-06-07,2,Cyanobacteria,2.928039,2.6425567
2021-06-08,2,Cyanobacteria,2.7149856,2.495809
2021-06-09,2,Cyanobacteria,2.3156078,2.7017262
2021-06-10,2,Cyanobacteria,2.2857888,2.7734904
2021-06-11,2,Cyanobacteria,2.4744864,2.332808
2021-06-12,2,Cyanobacteria,3.0040839,2.3068182
2021-06-13,2,Cyanobacteria,4.336705,2.3954897
2021-06-14,2,Cyanobacteria,3.6870964,2.610608
2021-06-15,2,Cyanobacteria,1.1724981,3.0514784
2021-06-16,2,Cyanobacteria,0.89654595,2.9173028
2021-06-17,2,Cyanobacteria,1.6896162,1.8836527
2021-06-18,2,Cyanobacteria,3.3528886,1.6603985
2021-06-19,2,Cyanobacteria,3.2436857,2.0674293
2021-06-20,2,Cyanobacteria,3.6387465,2.9130971
2021-06-21,2,Cyanobacteria,2.835984,3.0628784
2021-06-22,2,Cyanobacteria,1.9431771,3.2336206
2021-06-23,2,Cyanobacteria,2.2497613,2.801191
2021-06-24,2,Cyanobacteria,2.3033574,2.320326
2021-06-25,2,Cyanobacteria,1.9838712,2.5687675
2021-06-26,2,Cyanobacteria,2.2046309,2.354756
2021-06-27,2,Cyanobacteria,4.0340667,2.2177744
2021-06-28,2,Cyanobacteria,5.868067,2.4299107
2021-06-29,2,Cyanobacteria,5.3050866,3.5284638
2021-06-30,2,Cyanobacteria,4.742106,4.2571397
2021-07-01,2,Cyanobacteria,3.2076483,3.8529618
2021-07-02,2,Cyanobacteria,3.4847536,3.64192
2021-07-03,2,Cyanobacteria,4.0390015,2.872272
2021-07-04,2,Cyanobacteria,3.948705,3.1369913
2021-07-05,2,Cyanobacteria,4.7784224,3.4371595
2021-07-06,2,Cyanobacteria,4.2812166,3.180384
2021-07-07,2,Cyanobacteria,3.7561839,3.4544032
2021-07-08,2,Cyanobacteria,3.5484276,3.1699996
2021-07-09,2,Cyanobacteria,2.1638117,2.868619
2021-07-10,2,Cyanobacteria,1.9270601,2.782174
2021-07-11,2,Cyanobacteria,1.9104345,2.09778
2021-07-12,2,Cyanobacteria,2.2324965,2.0340476
2021-07-13,2,Cyanobacteria,2.087728,2.0573118
2021-07-14,2,Cyanobacteria,1.2980666,2.246628
2021-07-15,2,Cyanobacteria,1.3932489,2.1618145
2021-07-16,2,Cyanobacteria,1.2500651,1.7429109
2021-07-17,2,Cyanobacteria,0.43407384,1.7555914
2021-07-18,2,Cyanobacteria,1.2796165,1.6635023
2021-07-19,2,Cyanobacteria,1.8222448,1.1960388
2021-07-20,2,Cyanobacteria,2.0859232,1.5019855
2021-07-21,2,Cyanobacteria,1.8950905,1.9486128
2021-07-22,2,Cyanobacteria,2.1339176,2.2062764
2021-07-23,2,Cyanobacteria,2.1493194,2.083446
2021-07-24,2,Cyanobacteria,4.662006,2.1850374
2021-07-25,2,Cyanobacteria,3.9590297,2.2980556
2021-07-26,2,Cyanobacteria,4.2673516,3.3665292
2021-07-27,2,Cyanobacteria,4.232916,3.144126
2021-07-28,2,Cyanobacteria,2.8703907,3.3444993
2021-07-29,2,Cyanobacteria,2.1993053,3.4181287
2021-07-30,2,Cyanobacteria,2.0899277,2.6694322
2021-07-31,2,Cyanobacteria,2.1685455,2.3728042
2021-08-01,2,Cyanobacteria,3.3460565,2.2345705
2021-08-02,2,Cyanobacteria,5.6828313,2.4716325
2021-08-03,2,Cyanobacteria,4.7732515,3.2921443
2021-08-04,2,Cyanobacteria,4.0578346,4.2700863
2021-08-05,2,Cyanobacteria,5.5061984,3.9730325
2021-08-06,2,Cyanobacteria,5.3274107,3.7435908
2021-08-07,2,Cyanobacteria,5.148622,3.993302
2021-08-08,2,Cyanobacteria,3.2820683,3.732281
2021-08-09,2,Cyanobacteria,2.7275743,3.6450844
2021-08-10,2,Cyanobacteria,2.468589,2.8175426
2021-08-11,2,Cyanobacteria,2.8743272,2.5781214
2021-08-12,2,Cyanobacteria,2.9775615,2.3479676
2021-08-13,2,Cyanobacteria,2.9190001,2.6166074
2021-08-14,2,Cyanobacteria,2.5640225,2.6207702
2021-08-15,2,Cyanobacteria,2.6541495,2.5181935
2021-08-16,2,Cyanobacteria,2.9796264,2.3689132
2021-08-17,2,Cyanobacteria,3.3871398,2.440112
2021-08-18,2,Cyanobacteria,2.8336039,2.4167786
2021-08-19,2,Cyanobacteria,1.4002497,2.5606558
2021-08-20,2,Cyanobacteria,2.1858518,2.627564
2021-08-21,2,Cyanobacteria,3.8102813,2.0489535
2021-08-22,2,Cyanobacteria,4.623089,2.3517933
2021-08-23,2,Cyanobacteria,3.8476396,2.9726067
2021-08-24,2,Cyanobacteria,3.6913338,3.589746
2021-08-25,2,Cyanobacteria,5.2736855,3.291987
2021-08-26,2,Cyanobacteria,5.886749,3.0824351
2021-08-27,2,Cyanobacteria,6.328652,3.596727
2021-08-28,2,Cyanobacteria,5.913598,3.6416132
2021-08-29,2,Cyanobacteria,5.4985447,3.680544
2021-08-30,2,Cyanobacteria,4.998421,3.4686782
2021-08-31,2,Cyanobacteria,3.173958,3.2746708
2021-09-01,2,Cyanobacteria,2.4867873,3.176578
2021-09-02,2,Cyanobacteria,2.2553763,2.4617882
2021-09-03,2,Cyanobacteria,2.089725,2.2116888
2021-09-04,2,Cyanobacteria,2.1701736,2.138095
2021-09-05,2,Cyanobacteria,2.752026,2.0913587
2021-09-06,2,Cyanobacteria,2.4418018,2.2055101
2021-09-07,2,Cyanobacteria,2.3925562,2.5276039
2021-09-08,2,Cyanobacteria,2.2696092,2.3446496
2021-09-09,2,Cyanobacteria,3.9620116,2.398221
2021-09-10,2,Cyanobacteria,3.368864,2.3265266
2021-09-11,2,Cyanobacteria,3.444725,3.0038939
2021-09-12,2,Cyanobacteria,4.387453,3.060474
2021-09-13,2,Cyanobacteria,3.7823026,3.0708385
2021-09-14,2,Cyanobacteria,3.6403475,3.3933976
2021-09-15,2,Cyanobacteria,3.4074223,3.2439253
2021-09-16,2,Cyanobacteria,2.904714,3.142886
2021-09-17,2,Cyanobacteria,2.246401,2.751227
2021-09-18,2,Cyanobacteria,1.8525054,2.4464746
2021-09-19,2,Cyanobacteria,1.9603258,2.1456203
2021-09-20,2,Cyanobacteria,1.8784577,1.9425242
2021-09-21,2,Cyanobacteria,1.6022085,1.8984425
2021-09-22,2,Cyanobacteria,1.6334975,1.8490323
2021-09-23,2,Cyanobacteria,1.6335725,1.7719892
2021-09-24,2,Cyanobacteria,1.7263433,1.9837761
2021-09-25,2,Cyanobacteria,1.7499204,1.9649545
2021-09-26,2,Cyanobacteria,1.902614,1.9129449
2021-09-27,2,Cyanobacteria,1.9976249,1.855213
2021-09-28,2,Cyanobacteria,2.0052354,1.8856225
2021-09-29,2,Cyanobacteria,1.9031209,1.8875102
2021-09-30,2,Cyanobacteria,2.1214771,1.8832042
2021-10-01,2,Cyanobacteria,1.6440406,1.8093956
2021-10-02,2,Cyanobacteria,1.4304897,1.875663
2021-10-03,2,Cyanobacteria,1.5464485,1.6528131
2021-10-04,2,Cyanobacteria,1.6624073,1.5416225
2021-10-05,2,Cyanobacteria,1.7783661,1.5958022
2021-10-06,2,Cyanobacteria,1.8943249,1.673963
2021-10-07,2,Cyanobacteria,2.0102837,1.7630104
2021-10-08,2,Cyanobacteria,2.1262426,1.8791645
2021-10-09,2,Cyanobacteria,2.2422013,1.8850907
2021-10-10,2,Cyanobacteria,2.3581603,1.9617416
2021-10-11,2,Cyanobacteria,2.474119,2.0400918
2021-10-12,2,Cyanobacteria,2.5900779,2.147911
2021-10-13,2,Cyanobacteria,2.376394,2.25005
2021-10-14,2,Cyanobacteria,2.2953513,2.34376
2021-10-15,2,Cyanobacteria,4.095699,2.1682873
2021-10-16,2,Cyanobacteria,5.2911153,2.149303
2021-10-17,2,Cyanobacteria,3.2535,3.08612
2021-10-18,2,Cyanobacteria,3.1076484,3.4738958
2021-10-19,2,Cyanobacteria,2.6348336,2.5415547
2021-10-20,2,Cyanobacteria,2.2041533,2.4482625
2021-10-21,2,Cyanobacteria,2.0151665,2.2359703
2021-10-22,2,Cyanobacteria,1.8319536,2.0088215
2021-10-23,2,Cyanobacteria,1.7161505,1.8916364
2021-10-24,2,Cyanobacteria,1.7125037,1.6106381
2021-10-25,2,Cyanobacteria,1.5120782,1.5659748
2021-10-26,2,Cyanobacteria,1.6121708,1.5190176
2021-10-27,2,Cyanobacteria,1.3440738,1.3885431
2021-10-28,2,Cyanobacteria,1.1399204,1.4144047
2021-10-29,2,Cyanobacteria,1.698126,1.3140395
2021-10-30,2,Cyanobacteria,2.3341606,1.223126
2021-10-31,2,Cyanobacteria,1.9348481,1.4314125
2021-11-01,2,Cyanobacteria,1.7935673,1.7056168
2021-11-02,2,Cyanobacteria,1.2920767,1.5778687
2021-11-03,2,Cyanobacteria,1.3757019,1.4293734
2021-11-04,2,Cyanobacteria,1.350919,1.2332394
2021-11-05,2,Cyanobacteria,1.281809,1.2563548
2021-11-06,2,Cyanobacteria,1.0622793,1.2451384
2021-11-07,2,Cyanobacteria,0.91401154,1.1761315
2021-11-08,2,Cyanobacteria,1.5847178,1.0622538
2021-11-09,2,Cyanobacteria,1.2513965,0.9867892
2021-11-10,2,Cyanobacteria,1.065916,1.234819
2021-11-11,2,Cyanobacteria,1.2520332,1.1866827
2021-11-12,2,Cyanobacteria,1.2013613,1.0866517
2021-11-13,2,Cyanobacteria,1.2783864,1.1175095
2021-11-14,2,Cyanobacteria,1.3271418,1.0843683
2021-11-15,2,Cyanobacteria,1.343092,1.0836369
2021-11-16,2,Cyanobacteria,1.420963,1.0997347
2021-11-17,2,Cyanobacteria,1.2887958,1.1006981
2021-11-18,2,Cyanobacteria,1.3203533,1.1309348
2021-11-19,2,Cyanobacteria,1.3825127,1.0638112
2021-11-20,2,Cyanobacteria,1.2764591,1.0596256
2021-11-21,2,Cyanobacteria,1.1090586,1.1205369
2021-11-22,2,Cyanobacteria,1.129356,1.1063688
2021-11-23,2,Cyanobacteria,1.2800362,1.0490773
2021-11-24,2,Cyanobacteria,1.1554124,1.1358676
2021-11-25,2,Cyanobacteria,1.1848153,1.2050002
2021-11-26,2,Cyanobacteria,1.2934299,1.1121006
2021-11-27,2,Cyanobacteria,1.2571418,1.0901335
2021-11-28,2,Cyanobacteria,1.2306077,1.1333222
2021-11-29,2,Cyanobacteria,1.0336133,1.117683
2021-11-30,2,Cyanobacteria,0.86162925,1.0881486
2021-12-01,2,Cyanobacteria,1.5704707,0.95766884
2021-12-02,2,Cyanobacteria,1.5914989,0.8675565
2021-12-03,2,Cyanobacteria,1.3629906,1.2043228
2021-12-04,2,Cyanobacteria,1.3497757,1.2700214
2021-12-05,2,Cyanobacteria,1.1732706,1.0957288
2021-12-06,2,Cyanobacteria,1.1404066,0.97098815
2021-12-07,2,Cyanobacteria,1.1583865,0.89067876
2021-12-08,2,Cyanobacteria,1.128018,0.8584629
2021-12-09,2,Cyanobacteria,0.9754814,0.84813565
2021-12-10,2,Cyanobacteria,1.0479378,0.8401477
2021-12-11,2,Cyanobacteria,0.8021346,0.7756383
2021-12-12,2,Cyanobacteria,0.8941274,0.7953795
2021-12-13,2,Cyanobacteria,0.6927569,0.6911443
2021-12-14,2,Cyanobacteria,0.43221417,0.7247172
2021-12-15,2,Cyanobacteria,0.36057928,0.64712095
2021-12-16,2,Cyanobacteria,0.40863866,0.53554016
2021-12-17,2,Cyanobacteria,0.9727516,0.4994358
2021-12-18,2,Cyanobacteria,0.9826068,0.55517757
2021-12-19,2,Cyanobacteria,0.9490369,0.84647185
2021-12-20,2,Cyanobacteria,1.178531,0.9128224
2021-12-21,2,Cyanobacteria,1.2478871,0.9037988
2021-12-22,2,Cyanobacteria,1.3445659,0.9930938
2021-12-23,2,Cyanobacteria,0.59661365,0.98171335
2021-12-24,2,Cyanobacteria,0.46170765,1.0518708
2021-12-25,2,Cyanobacteria,0.85164493,0.70643836
2021-12-26,2,Cyanobacteria,0.97535455,0.5819603
2021-12-27,2,Cyanobacteria,0.95947784,0.72550046
2021-12-28,2,Cyanobacteria,0.76329446,0.85353744
2021-12-29,2,Cyanobacteria,0.85634834,0.8847297
2021-12-30,2,Cyanobacteria,0.6464471,0.7839049
2021-12-31,2,Cyanobacteria,0.90151423,0.8308442
2022-01-01,2,Cyanobacteria,0.776013,0.7244004
2022-01-02,2,Cyanobacteria,0.83620113,0.90680957
2022-01-03,2,Cyanobacteria,0.80412745,0.91188127
2022-01-04,2,Cyanobacteria,0.6765098,0.95961684
2022-01-05,2,Cyanobacteria,0.4595076,0.9659041
2022-01-06,2,Cyanobacteria,0.19878344,0.9172495
2022-01-07,2,Cyanobacteria,0.67120206,0.82192546
2022-01-08,2,Cyanobacteria,0.95592326,0.73319644
2022-01-09,2,Cyanobacteria,0.9327444,1.0091188
2022-01-10,2,Cyanobacteria,1.0224385,1.2162721
2022-01-11,2,Cyanobacteria,2.1481042,1.1380181
2022-01-12,2,Cyanobacteria,1.6652243,1.1825085
2022-01-13,2,Cyanobacteria,1.291042,1.6376401
2022-01-14,2,Cyanobacteria,1.2574656,1.4820181
2022-01-15,2,Cyanobacteria,1.032084,1.282335
2022-01-16,2,Cyanobacteria,0.9674892,1.1924386
2022-01-17,2,Cyanobacteria,0.94616944,1.0335869
2022-01-18,2,Cyanobacteria,0.92269367,0.9350859
2022-01-19,2,Cyanobacteria,0.8611079,0.91274637
2022-01-20,2,Cyanobacteria,0.82545257,0.8508641
2022-01-21,2,Cyanobacteria,0.8182259,0.79261047
2022-01-22,2,Cyanobacteria,1.1027879,0.75341463
2022-01-23,2,Cyanobacteria,0.7645185,0.7226622
2022-01-24,2,Cyanobacteria,1.7065123,0.84800494
2022-01-25,2,Cyanobacteria,0.64539075,0.6315275
2022-01-26,2,Cyanobacteria,0.76089376,0.9998698
2022-01-27,2,Cyanobacteria,0.5794614,0.81357527
2022-01-28,2,Cyanobacteria,0.7816709,0.84939724
2022-01-29,2,Cyanobacteria,0.8387186,0.8362631
2022-01-30,2,Cyanobacteria,1.1281649,0.937207
2022-01-31,2,Cyanobacteria,1.231159,1.0975124
2022-02-01,2,Cyanobacteria,1.4238236,1.3455518
2022-02-02,2,Cyanobacteria,1.3295317,1.4620788
2022-02-03,2,Cyanobacteria,1.784645,1.5481459
2022-02-04,2,Cyanobacteria,1.5408581,1.508356
2022-02-05,2,Cyanobacteria,1.3269008,1.711568
2022-02-06,2,Cyanobacteria,1.6413742,1.6445191
2022-02-07,2,Cyanobacteria,1.3831661,1.4733707
2022-02-08,2,Cyanobacteria,1.1718699,1.5526009
2022-02-09,2,Cyanobacteria,1.0272319,1.4178848
2022-02-10,2,Cyanobacteria,0.8104344,1.2681636
2022-02-11,2,Cyanobacteria,1.0283359,1.0603728
2022-02-12,2,Cyanobacteria,0.6661383,0.8841968
2022-02-13,2,Cyanobacteria,0.37995383,0.99013656
2022-02-14,2,Cyanobacteria,0.6274094,0.8159555
2022-02-15,2,Cyanobacteria,0.6364919,0.66570926
2022-02-16,2,Cyanobacteria,0.35820666,0.6138084
2022-02-17,2,Cyanobacteria,0.08358897,0.7130547
2022-02-18,2,Cyanobacteria,0.010000016,0.64251727
2022-02-19,2,Cyanobacteria,0.3175398,0.51749814
2022-02-20,2,Cyanobacteria,1.462207,0.6664511
2022-02-21,2,Cyanobacteria,1.7990876,0.9161983
2022-02-22,2,Cyanobacteria,1.8775308,1.8542646
2022-02-23,2,Cyanobacteria,2.0480778,1.9532439
2022-02-24,2,Cyanobacteria,1.9205097,1.8198445
2022-02-25,2,Cyanobacteria,1.7929416,1.7415866
2022-02-26,2,Cyanobacteria,1.6653734,1.6582711
2022-02-27,2,Cyanobacteria,1.5378052,1.5980847
2022-02-28,2,Cyanobacteria,1.4102371,1.4937507
2022-03-01,2,Cyanobacteria,1.1535721,1.3810614
2022-03-02,2,Cyanobacteria,0.7581607,1.2798975
2022-03-03,2,Cyanobacteria,0.4490297,1.1098427
2022-03-04,2,Cyanobacteria,0.2850868,0.736692
2022-03-05,2,Cyanobacteria,0.06812587,0.49754518
2022-03-06,2,Cyanobacteria,0.120933406,0.37526444
2022-03-07,2,Cyanobacteria,0.05522464,0.22399135
2022-03-08,2,Cyanobacteria,0.50354815,0.1993697
2022-03-09,2,Cyanobacteria,0.66335267,0.19420092
2022-03-10,2,Cyanobacteria,0.40285924,0.3940541
2022-03-11,2,Cyanobacteria,0.014387229,0.40326214
2022-03-12,2,Cyanobacteria,0.015565208,0.28367305
2022-03-13,2,Cyanobacteria,0.010000016,0.069595285
2022-03-14,2,Cyanobacteria,0.010050719,0.12953372
2022-03-15,2,Cyanobacteria,0.010246022,0.18897523
2022-03-16,2,Cyanobacteria,0.036085412,0.29404277
2022-03-17,2,Cyanobacteria,0.21737875,0.39933193
2022-03-18,2,Cyanobacteria,0.42973912,0.6757557
2022-03-19,2,Cyanobacteria,0.7636884,0.7877101
2022-03-20,2,Cyanobacteria,1.1165409,1.0791131
2022-03-21,2,Cyanobacteria,1.9101883,1.400215
2022-03-22,2,Cyanobacteria,2.1433985,1.6447046
2022-03-23,2,Cyanobacteria,2.1262445,2.0106351
2022-03-24,2,Cyanobacteria,1.9198624,2.174013
2022-03-25,2,Cyanobacteria,1.8753512,2.2067041
2022-03-26,2,Cyanobacteria,1.8713034,2.2104623
2022-03-27,2,Cyanobacteria,4.2593026,2.5628786
2022-03-28,2,Cyanobacteria,4.0173755,2.4426541
2022-03-29,2,Cyanobacteria,3.7754486,2.9968011
2022-03-30,2,Cyanobacteria,2.644808,2.9787095
2022-03-31,2,Cyanobacteria,2.3579507,2.8430398
2022-04-01,2,Cyanobacteria,2.3900943,2.3413343
2022-04-02,2,Cyanobacteria,2.480131,2.068867
2022-04-03,2,Cyanobacteria,2.149906,2.0495172
2022-04-04,2,Cyanobacteria,1.8740696,2.1614575
2022-04-05,2,Cyanobacteria,1.7214473,1.9099797
2022-04-06,2,Cyanobacteria,1.5688252,1.6392032
2022-04-07,2,Cyanobacteria,1.2899711,1.4553273
2022-04-08,2,Cyanobacteria,1.008827,1.3125638
2022-04-09,2,Cyanobacteria,1.0090086,1.0711651
2022-04-10,2,Cyanobacteria,0.6801231,0.8399862
2022-04-11,2,Cyanobacteria,0.4421845,0.66050816
2022-04-12,2,Cyanobacteria,0.20424601,0.44359663
2022-04-13,2,Cyanobacteria,0.16290368,0.35457844
2022-04-14,2,Cyanobacteria,0.13675833,0.25011075
2022-04-15,2,Cyanobacteria,0.0103894295,0.23354541
2022-04-16,2,Cyanobacteria,0.47120208,0.28007427
2022-04-17,2,Cyanobacteria,0.9320147,0.33597493
2022-04-18,2,Cyanobacteria,1.3928274,0.58727556
2022-04-19,2,Cyanobacteria,2.2509274,1.2496225
2022-04-20,2,Cyanobacteria,2.0586097,1.377142
2022-04-21,2,Cyanobacteria,1.6260804,1.7090896
2022-04-22,2,Cyanobacteria,1.0518768,1.4693184
2022-04-23,2,Cyanobacteria,0.91195065,1.5009786
2022-04-24,2,Cyanobacteria,1.1896162,1.3367163
2022-04-25,2,Cyanobacteria,1.9769739,1.3370783
2022-04-26,2,Cyanobacteria,1.4171904,1.4557326
2022-04-27,2,Cyanobacteria,2.58336,2.2894201
2022-04-28,2,Cyanobacteria,2.152193,1.9530352
2022-04-29,2,Cyanobacteria,2.1626146,2.709001
2022-04-30,2,Cyanobacteria,2.1730363,2.41523
2022-05-01,2,Cyanobacteria,2.1815941,2.403055
2022-05-02,2,Cyanobacteria,2.0878696,2.408954
2022-05-03,2,Cyanobacteria,1.9130652,2.4523757
2022-05-04,2,Cyanobacteria,1.6117319,2.1905887
2022-05-05,2,Cyanobacteria,1.836971,2.23752
2022-05-06,2,Cyanobacteria,2.0369325,1.9394258
2022-05-07,2,Cyanobacteria,1.9392464,1.8484873
2022-05-08,2,Cyanobacteria,1.3235699,1.8908194
2022-05-09,2,Cyanobacteria,2.890058,1.7951199
2022-05-10,2,Cyanobacteria,2.2893047,1.6825709
2022-05-11,2,Cyanobacteria,2.080232,2.3407917
2022-05-12,2,Cyanobacteria,2.0300615,2.2969043
2022-05-13,2,Cyanobacteria,2.7703042,2.2081423
2022-05-14,2,Cyanobacteria,3.278558,2.2515316
2022-05-15,2,Cyanobacteria,3.915648,2.7830372
2022-05-16,2,Cyanobacteria,4.275109,2.9199414
2022-05-17,2,Cyanobacteria,2.8151412,3.1840484
2022-05-18,2,Cyanobacteria,2.0774837,3.0448675
2022-05-19,2,Cyanobacteria,1.9749783,2.412575
2022-05-20,2,Cyanobacteria,1.7361549,2.0825334
2022-05-21,2,Cyanobacteria,1.4398187,2.1579735
2022-05-22,2,Cyanobacteria,2.053594,2.097989
2022-05-23,2,Cyanobacteria,1.9373734,1.9441713
2022-05-24,2,Cyanobacteria,1.7527878,2.3816535
2022-05-25,2,Cyanobacteria,1.9877247,2.3906937
2022-05-26,2,Cyanobacteria,1.7746773,2.2450628
2022-05-27,2,Cyanobacteria,2.4411938,2.0834723
2022-05-28,2,Cyanobacteria,3.1183374,2.37021
2022-05-29,2,Cyanobacteria,3.795481,2.7794914
2022-05-30,2,Cyanobacteria,4.472625,3.044856
2022-05-31,2,Cyanobacteria,5.1497684,3.0615795
2022-06-01,2,Cyanobacteria,4.1820073,3.518931
2022-06-02,2,Cyanobacteria,3.2975852,3.683067
2022-06-03,2,Cyanobacteria,4.2176213,3.218891
2022-06-04,2,Cyanobacteria,6.272964,3.089291
2022-06-05,2,Cyanobacteria,4.386336,3.5208702
2022-06-06,2,Cyanobacteria,3.5452392,4.235902
2022-06-07,2,Cyanobacteria,3.8714397,3.509796
2022-06-08,2,Cyanobacteria,4.1976404,3.1479154
2022-06-09,2,Cyanobacteria,4.523841,3.3524282
2022-06-10,2,Cyanobacteria,4.8500414,3.3955288
2022-06-11,2,Cyanobacteria,5.176242,3.5332677
2022-06-12,2,Cyanobacteria,5.1198487,3.5984213
2022-06-13,2,Cyanobacteria,5.0634556,3.661814
2022-06-14,2,Cyanobacteria,5.0070624,3.436392
2022-06-15,2,Cyanobacteria,4.9506693,3.4036465
2022-06-16,2,Cyanobacteria,4.894276,3.4308507
2022-06-17,2,Cyanobacteria,2.3731694,3.430635
2022-06-18,2,Cyanobacteria,1.219232,3.5075812
2022-06-19,2,Cyanobacteria,0.9798187,2.12023
2022-06-20,2,Cyanobacteria,0.78918177,1.4516612
2022-06-21,2,Cyanobacteria,0.83319336,1.3772622
2022-06-22,2,Cyanobacteria,1.5494641,1.3381108
2022-06-23,2,Cyanobacteria,4.7543416,1.4176549
2022-06-24,2,Cyanobacteria,3.66243,1.9624789
2022-06-25,2,Cyanobacteria,1.9184504,3.5340238
2022-06-26,2,Cyanobacteria,2.8912816,3.0499704
2022-06-27,2,Cyanobacteria,2.743483,1.9739778
2022-06-28,2,Cyanobacteria,2.3900073,2.7137983
2022-06-29,2,Cyanobacteria,2.7020102,2.543572
2022-06-30,2,Cyanobacteria,2.2068284,2.3476636
2022-07-01,2,Cyanobacteria,2.0284288,2.6841457
2022-07-02,2,Cyanobacteria,2.504562,2.4902937
2022-07-03,2,Cyanobacteria,2.6843994,2.342884
2022-07-04,2,Cyanobacteria,3.274656,2.6474195
2022-07-05,2,Cyanobacteria,3.1509414,2.8037632
2022-07-06,2,Cyanobacteria,3.4092262,3.1431825
2022-07-07,2,Cyanobacteria,2.602117,2.9769306
2022-07-08,2,Cyanobacteria,2.0531843,3.035109
2022-07-09,2,Cyanobacteria,1.7956238,2.5642877
2022-07-10,2,Cyanobacteria,2.0568504,2.235625
2022-07-11,2,Cyanobacteria,2.372128,2.1143162
2022-07-12,2,Cyanobacteria,2.6012175,2.3808002
2022-07-13,2,Cyanobacteria,2.828348,2.689675
2022-07-14,2,Cyanobacteria,3.8188338,2.917887
2022-07-15,2,Cyanobacteria,6.297978,3.0574687
2022-07-16,2,Cyanobacteria,5.4864035,3.9432855
2022-07-17,2,Cyanobacteria,6.516273,4.796891
2022-07-18,2,Cyanobacteria,4.57671,4.272464
2022-07-19,2,Cyanobacteria,3.2610588,4.5307603
2022-07-20,2,Cyanobacteria,3.2007184,3.6602736
2022-07-21,2,Cyanobacteria,3.3733938,2.803371
2022-07-22,2,Cyanobacteria,3.3644865,2.8012712
2022-07-23,2,Cyanobacteria,3.8821256,2.8689032
2022-07-24,2,Cyanobacteria,4.914276,3.0589864
2022-07-25,2,Cyanobacteria,3.6174076,3.5526428
2022-07-26,2,Cyanobacteria,2.4253619,3.9775474
2022-07-27,2,Cyanobacteria,3.0902102,3.1652074
2022-07-28,2,Cyanobacteria,3.2870235,2.7493422
2022-07-29,2,Cyanobacteria,3.320978,3.3820884
2022-07-30,2,Cyanobacteria,3.3549325,3.4265628
2022-07-31,2,Cyanobacteria,3.3888872,3.435995
2022-08-01,2,Cyanobacteria,3.4228415,3.4442503
2022-08-02,2,Cyanobacteria,3.4567962,3.4431057
2022-08-03,2,Cyanobacteria,3.4907506,3.473915
2022-08-04,2,Cyanobacteria,3.5247052,3.455618
2022-08-05,2,Cyanobacteria,3.5586596,3.3790376
2022-08-06,2,Cyanobacteria,3.592614,3.585788
2022-08-07,2,Cyanobacteria,3.6265686,3.5906668
2022-08-08,2,Cyanobacteria,3.6605232,3.5556185
2022-08-09,2,Cyanobacteria,3.6944776,3.519035
2022-08-10,2,Cyanobacteria,3.728432,3.5526173
2022-08-11,2,Cyanobacteria,3.7623866,3.593586
2022-08-12,2,Cyanobacteria,3.796341,3.6166854
2022-08-13,2,Cyanobacteria,3.8302956,3.6310308
2022-08-14,2,Cyanobacteria,3.8642502,3.635898
2022-08-15,2,Cyanobacteria,3.8982048,3.7579994
2022-08-16,2,Cyanobacteria,3.9321592,3.6518013
2022-08-17,2,Cyanobacteria,3.9661138,3.6329854
2022-08-18,2,Cyanobacteria,4.000068,3.642131
2022-08-19,2,Cyanobacteria,4.0340223,3.624267
2022-08-20,2,Cyanobacteria,4.0679774,3.5801117
2022-08-21,2,Cyanobacteria,4.1019316,3.605198
2022-08-22,2,Cyanobacteria,4.135886,3.5919924
2022-08-23,2,Cyanobacteria,4.169841,3.584974
2022-08-24,2,Cyanobacteria,4.203795,3.6269004
2022-08-25,2,Cyanobacteria,4.2377496,3.6160994
2022-08-26,2,Cyanobacteria,4.271704,3.682842
2022-08-27,2,Cyanobacteria,4.305659,3.7037592
2022-08-28,2,Cyanobacteria,4.339613,3.78439
2022-08-29,2,Cyanobacteria,4.3735676,3.8139384
2022-08-30,2,Cyanobacteria,4.407522,3.7199361
2022-08-31,2,Cyanobacteria,4.441477,3.5919135
2022-09-01,2,Cyanobacteria,4.475431,3.6833143
2022-09-02,2,Cyanobacteria,4.5093856,3.7384717
2022-09-03,2,Cyanobacteria,4.54334,3.7763858
2022-09-04,2,Cyanobacteria,4.577295,3.8212192
2022-09-05,2,Cyanobacteria,4.6112494,3.8225749
2022-09-06,2,Cyanobacteria,4.6452036,3.8365731
2022-09-07,2,Cyanobacteria,4.679158,3.8036795
2022-09-08,2,Cyanobacteria,4.713113,3.7492454
2022-09-09,2,Cyanobacteria,4.7470675,3.8397005
2022-09-10,2,Cyanobacteria,4.781022,3.9142368
2022-09-11,2,Cyanobacteria,6.1217318,3.9784124
2022-09-12,2,Cyanobacteria,6.153777,4.0205245
2022-09-13,2,Cyanobacteria,5.5154853,4.524164
2022-09-14,2,Cyanobacteria,4.42329,4.438494
2022-09-15,2,Cyanobacteria,3.8892832,4.226829
2022-09-16,2,Cyanobacteria,3.7135918,3.7889256
2022-09-17,2,Cyanobacteria,2.9347034,3.5175376
2022-09-18,2,Cyanobacteria,4.431348,3.3161683
2022-09-19,2,Cyanobacteria,4.227647,2.8996067
2022-09-20,2,Cyanobacteria,2.5538044,3.5666988
2022-09-21,2,Cyanobacteria,2.390876,3.2755249
2022-09-22,2,Cyanobacteria,2.1660202,2.3756518
2022-09-23,2,Cyanobacteria,2.1745803,2.3175879
2022-09-24,2,Cyanobacteria,2.6702752,2.2462645
2022-09-25,2,Cyanobacteria,2.3401449,2.3081565
2022-09-26,2,Cyanobacteria,2.3833406,2.7116554
2022-09-27,2,Cyanobacteria,2.510181,2.7010074
2022-09-28,2,Cyanobacteria,4.2074294,2.7271874
2022-09-29,2,Cyanobacteria,4.753896,2.872541
2022-09-30,2,Cyanobacteria,6.1951814,3.664667
2022-10-01,2,Cyanobacteria,3.065192,3.876277
2022-10-02,2,Cyanobacteria,3.7090797,4.619531
2022-10-03,2,Cyanobacteria,4.398922,3.1967077
2022-10-04,2,Cyanobacteria,5.0918016,3.3672163
2022-10-05,2,Cyanobacteria,4.849297,3.5884078
2022-10-06,2,Cyanobacteria,4.0219636,3.6359189
2022-10-07,2,Cyanobacteria,2.7237463,3.4293435
2022-10-08,2,Cyanobacteria,2.32,3.0204513
2022-10-09,2,Cyanobacteria,3.2219276,2.285474
2022-10-10,2,Cyanobacteria,3.2224002,2.058875
2022-10-11,2,Cyanobacteria,2.4283636,2.5530958
2022-10-12,2,Cyanobacteria,2.2486668,2.6166027
2022-10-13,2,Cyanobacteria,2.2341595,2.20418
2022-10-14,2,Cyanobacteria,2.4454308,2.2236364
2022-10-15,2,Cyanobacteria,2.189485,2.2421358
2022-10-16,2,Cyanobacteria,2.4336784,2.3239446
2022-10-17,2,Cyanobacteria,2.1963432,2.1598697
2022-10-18,2,Cyanobacteria,1.77874,2.3267996
2022-10-19,2,Cyanobacteria,1.6230702,2.1601458
2022-10-20,2,Cyanobacteria,1.579081,1.8536088
2022-10-21,2,Cyanobacteria,1.7665725,1.8808789
2022-10-22,2,Cyanobacteria,2.6929433,1.8943048
2022-10-23,2,Cyanobacteria,2.4712858,1.9681265
2022-10-24,2,Cyanobacteria,2.1828291,2.48854
2022-10-25,2,Cyanobacteria,1.9161577,2.135884
2022-10-26,2,Cyanobacteria,1.6670797,1.9236519
2022-10-27,2,Cyanobacteria,1.6202025,1.6879258
2022-10-28,2,Cyanobacteria,1.552974,1.4956514
2022-10-29,2,Cyanobacteria,1.5037726,1.4227306
2022-10-30,2,Cyanobacteria,1.6090738,1.3787692
2022-10-31,2,Cyanobacteria,1.5013676,1.3658719
2022-11-01,2,Cyanobacteria,1.3019855,1.4038062
2022-11-02,2,Cyanobacteria,1.1026033,1.3018428
2022-11-03,2,Cyanobacteria,1.1929109,1.2584125
2022-11-04,2,Cyanobacteria,1.2192972,1.1793742
2022-11-05,2,Cyanobacteria,1.2108177,1.3002139
2022-11-06,2,Cyanobacteria,1.1931765,1.4152117
2022-11-07,2,Cyanobacteria,1.1273862,1.5255483
2022-11-08,2,Cyanobacteria,1.5220854,1.532662
2022-11-09,2,Cyanobacteria,1.8338467,1.5107265
2022-11-10,2,Cyanobacteria,2.1456077,1.7025994
2022-11-11,2,Cyanobacteria,3.645496,1.8926544
2022-11-12,2,Cyanobacteria,3.7778358,2.065394
2022-11-13,2,Cyanobacteria,3.9101756,2.6879551
2022-11-14,2,Cyanobacteria,4.0425153,2.7579484
2022-11-15,2,Cyanobacteria,4.174855,2.6264892
2022-11-16,2,Cyanobacteria,2.4362636,2.5107799
2022-11-17,2,Cyanobacteria,1.8813034,2.4194975
2022-11-18,2,Cyanobacteria,1.7065123,1.9479436
2022-11-19,2,Cyanobacteria,1.7963116,1.729307
2022-11-20,2,Cyanobacteria,1.7562879,1.6632276
2022-11-21,2,Cyanobacteria,1.716068,1.6999803
2022-11-22,2,Cyanobacteria,1.8579218,1.7105786
2022-11-23,2,Cyanobacteria,2.309513,1.6721864
2022-11-24,2,Cyanobacteria,2.2426267,1.7252853
2022-11-25,2,Cyanobacteria,1.6817813,1.8317232
2022-11-26,2,Cyanobacteria,2.334812,1.867664
2022-11-27,2,Cyanobacteria,2.538623,1.6487867
2022-11-28,2,Cyanobacteria,2.067699,1.937814
2022-11-29,2,Cyanobacteria,1.609312,1.9998597
2022-11-30,2,Cyanobacteria,1.4803835,1.7372309
2022-12-01,2,Cyanobacteria,1.5265702,1.4699029
2022-12-02,2,Cyanobacteria,1.5021827,1.3887041
2022-12-03,2,Cyanobacteria,1.3033888,1.5479681
2022-12-04,2,Cyanobacteria,1.2186893,1.6703343
2022-12-05,2,Cyanobacteria,1.2566932,1.560796
2022-12-06,2,Cyanobacteria,1.2839594,1.502386
2022-12-07,2,Cyanobacteria,1.2833816,1.563396
2022-12-08,2,Cyanobacteria,1.264826,1.6130869
2022-12-09,2,Cyanobacteria,1.1665274,1.5763181
2022-12-10,2,Cyanobacteria,1.1783273,1.5228238
2022-12-11,2,Cyanobacteria,1.162433,1.4713447
2022-12-12,2,Cyanobacteria,1.0775615,1.4590113
2022-12-13,2,Cyanobacteria,1.0522738,1.4232326
2022-12-14,2,Cyanobacteria,1.0630385,1.3745424
2022-12-15,2,Cyanobacteria,0.9643116,1.3313771
2022-12-16,2,Cyanobacteria,0.9429254,1.2558634
2022-12-17,2,Cyanobacteria,0.9599493,1.1906877
2022-12-18,2,Cyanobacteria,1.066546,1.0502021
2022-12-19,2,Cyanobacteria,1.2629783,1.0871719
2022-12-20,2,Cyanobacteria,0.976756,1.1640563
2022-12-21,2,Cyanobacteria,0.92862743,1.2986174
2022-12-22,2,Cyanobacteria,0.971029,1.0981606
2022-12-23,2,Cyanobacteria,1.0265797,0.9974173
2022-12-24,2,Cyanobacteria,1.063063,1.0046105
2022-12-25,2,Cyanobacteria,1.0813106,0.9989457
2022-12-26,2,Cyanobacteria,1.0943778,1.0065746
2022-12-27,2,Cyanobacteria,1.0884805,0.98948115
2022-12-28,2,Cyanobacteria,1.1312981,0.94039863
2022-12-29,2,Cyanobacteria,1.1201302,0.9452776
2022-12-30,2,Cyanobacteria,1.0986956,0.97336286
2022-12-31,2,Cyanobacteria,1.1218044,0.94669425
2023-01-01,2,Cyanobacteria,1.1762229,0.8943226
2023-01-02,2,Cyanobacteria,1.3408847,0.88590795
2023-01-03,2,Cyanobacteria,1.5967512,0.9268814
2023-01-04,2,Cyanobacteria,1.1869442,0.9820704
2023-01-05,2,Cyanobacteria,0.5527029,1.0761918
2023-01-06,2,Cyanobacteria,0.5547719,0.9247146
2023-01-07,2,Cyanobacteria,0.25931886,0.6698908
2023-01-08,2,Cyanobacteria,0.8177391,0.692027
2023-01-09,2,Cyanobacteria,0.1614521,0.60363656
2023-01-10,2,Cyanobacteria,0.992042,0.98873127
2023-01-11,2,Cyanobacteria,1.275152,0.8502402
2023-01-12,2,Cyanobacteria,1.3251085,1.2524086
2023-01-13,2,Cyanobacteria,1.0189146,1.3973824
2023-01-14,2,Cyanobacteria,1.2738205,1.4249296
2023-01-15,2,Cyanobacteria,1.3461332,1.3436183
2023-01-16,2,Cyanobacteria,1.4476104,1.3954598
2023-01-17,2,Cyanobacteria,1.2679595,1.5998241
2023-01-18,2,Cyanobacteria,1.4467247,1.6107829
2023-01-19,2,Cyanobacteria,1.4130435,1.4926454
2023-01-20,2,Cyanobacteria,1.1790079,1.4989063
2023-01-21,2,Cyanobacteria,1.253741,1.4029471
2023-01-22,2,Cyanobacteria,0.74572355,1.199125
2023-01-23,2,Cyanobacteria,0.6302901,1.3222455
2023-01-24,2,Cyanobacteria,1.5968212,1.1160543
2023-01-25,2,Cyanobacteria,1.5914844,0.9149039
2023-01-26,2,Cyanobacteria,1.4528313,1.5758917
2023-01-27,2,Cyanobacteria,1.3141781,1.6740205
2023-01-28,2,Cyanobacteria,1.4395945,1.4989789
2023-01-29,2,Cyanobacteria,1.4727279,1.3555484
2023-01-30,2,Cyanobacteria,1.3791581,1.4116251
2023-01-31,2,Cyanobacteria,1.1787742,1.4225498
2023-02-01,2,Cyanobacteria,0.9783902,1.3477111
2023-02-02,2,Cyanobacteria,1.3512114,1.2441688
2023-02-03,2,Cyanobacteria,1.5657766,1.1567891
2023-02-04,2,Cyanobacteria,1.615985,1.3906796
2023-02-05,2,Cyanobacteria,2.4904246,1.6285907
2023-02-06,2,Cyanobacteria,2.262368,1.648763
2023-02-07,2,Cyanobacteria,2.1824055,1.9683357
2023-02-08,2,Cyanobacteria,1.5520464,1.8298091
2023-02-09,2,Cyanobacteria,1.8653886,1.8756067
2023-02-10,2,Cyanobacteria,2.283535,1.6869166
2023-02-11,2,Cyanobacteria,2.7620409,1.7764775
2023-02-12,2,Cyanobacteria,2.2324486,1.9784201
2023-02-13,2,Cyanobacteria,1.8255773,2.0968947
2023-02-14,2,Cyanobacteria,2.4639304,1.9859877
2023-02-15,2,Cyanobacteria,1.9916799,1.8608696
2023-02-16,2,Cyanobacteria,1.7593039,2.1362352
2023-02-17,2,Cyanobacteria,1.7566204,1.9339695
2023-02-18,2,Cyanobacteria,1.8478105,1.8218087
2023-02-19,2,Cyanobacteria,1.577091,1.8445408
2023-02-20,2,Cyanobacteria,1.5175421,1.9489003
2023-02-21,2,Cyanobacteria,1.2222602,1.8205931
2023-02-22,2,Cyanobacteria,1.1143904,1.7917339
2023-02-23,2,Cyanobacteria,1.5166937,1.6136763
2023-02-24,2,Cyanobacteria,1.4491328,1.5000027
2023-02-25,2,Cyanobacteria,1.4799918,1.7332588
2023-02-26,2,Cyanobacteria,1.5221559,1.6894462
2023-02-27,2,Cyanobacteria,1.712296,1.6675936
2023-02-28,2,Cyanobacteria,2.1366403,1.7040898
2023-03-01,2,Cyanobacteria,1.7858219,1.7845725
2023-03-02,2,Cyanobacteria,1.3755527,2.0348613
2023-03-03,2,Cyanobacteria,1.2984917,1.8347074
2023-03-04,2,Cyanobacteria,1.2888846,1.5641685
2023-03-05,2,Cyanobacteria,1.2217515,1.5130521
2023-03-06,2,Cyanobacteria,1.191564,1.5371215
2023-03-07,2,Cyanobacteria,1.3979748,1.5270675
2023-03-08,2,Cyanobacteria,1.3001692,1.5098563
2023-03-09,2,Cyanobacteria,1.2327971,1.6210424
2023-03-10,2,Cyanobacteria,1.1577052,1.558348
2023-03-11,2,Cyanobacteria,1.0726924,1.4862586
2023-03-12,2,Cyanobacteria,1.0191824,1.4396945
2023-03-13,2,Cyanobacteria,0.8894389,1.392233
2023-03-14,2,Cyanobacteria,0.90746105,1.3658321
2023-03-15,2,Cyanobacteria,0.87925994,1.3743571
2023-03-16,2,Cyanobacteria,0.83830166,1.2796205
2023-03-17,2,Cyanobacteria,1.0444053,1.2363732
2023-03-18,2,Cyanobacteria,1.0910829,1.2514887
2023-03-19,2,Cyanobacteria,0.9658961,1.4415902
2023-03-20,2,Cyanobacteria,0.92234516,1.5134623
2023-03-21,2,Cyanobacteria,0.9250495,1.432888
2023-03-22,2,Cyanobacteria,0.80815005,1.4427794
2023-03-23,2,Cyanobacteria,0.27196577,1.4415401
2023-03-24,2,Cyanobacteria,0.7134048,1.4690887
2023-03-25,2,Cyanobacteria,2.8818572,1.1137692
2023-03-26,2,Cyanobacteria,3.2467968,1.4006568
2023-03-27,2,Cyanobacteria,3.6117365,3.0203395
2023-03-28,2,Cyanobacteria,2.6727736,2.9564407
2023-03-29,2,Cyanobacteria,1.9372687,2.6881278
2023-03-30,2,Cyanobacteria,1.7760023,2.0966341
2023-03-31,2,Cyanobacteria,1.5423425,1.8556799
2023-04-01,2,Cyanobacteria,1.2678039,1.5834142
2023-04-02,2,Cyanobacteria,1.108106,1.455913
2023-04-03,2,Cyanobacteria,1.0268787,1.325992
2023-04-04,2,Cyanobacteria,1.0073328,1.3294641
2023-04-05,2,Cyanobacteria,1.5883657,1.3714176
2023-04-06,2,Cyanobacteria,2.1693985,1.5850371
2023-04-07,2,Cyanobacteria,2.7504315,2.1160336
2023-04-08,2,Cyanobacteria,3.3314643,2.5421345
2023-04-09,2,Cyanobacteria,2.7729766,2.5640867
2023-04-10,2,Cyanobacteria,2.417534,2.544214
2023-04-11,2,Cyanobacteria,1.7742348,2.0965698
2023-04-12,2,Cyanobacteria,1.4090321,1.9245763
2023-04-13,2,Cyanobacteria,1.2431421,1.6137711
2023-04-14,2,Cyanobacteria,1.120989,1.3294008
2023-04-15,2,Cyanobacteria,1.1054552,1.2982324
2023-04-16,2,Cyanobacteria,1.0206532,1.356334
2023-04-17,2,Cyanobacteria,0.772153,1.4186169
2023-04-18,2,Cyanobacteria,1.0562845,1.5478839
2023-04-19,2,Cyanobacteria,1.5799931,1.4482884
2023-04-20,2,Cyanobacteria,1.3164134,1.6387877
2023-04-21,2,Cyanobacteria,1.2170826,2.000105
2023-04-22,2,Cyanobacteria,1.2514278,1.5606766
2023-04-23,2,Cyanobacteria,1.1737871,1.3927673
2023-04-24,2,Cyanobacteria,1.1448725,1.5393649
2023-04-25,2,Cyanobacteria,1.0627111,1.5657518
2023-04-26,2,Cyanobacteria,1.4576253,1.5697744
2023-04-27,2,Cyanobacteria,1.7456878,1.5065521
2023-04-28,2,Cyanobacteria,1.8548379,1.6055627
2023-04-29,2,Cyanobacteria,2.6361527,1.906751
2023-04-30,2,Cyanobacteria,3.1612911,1.9960475
2023-05-01,2,Cyanobacteria,1.9083881,2.5522892
2023-05-02,2,Cyanobacteria,1.5850003,2.6501653
2023-05-03,2,Cyanobacteria,0.7557995,1.8422607
2023-05-04,2,Cyanobacteria,0.83305645,1.6043756
2023-05-05,2,Cyanobacteria,0.64165354,1.1178911
2023-05-06,2,Cyanobacteria,0.42700356,1.1971344
2023-05-07,2,Cyanobacteria,1.1629804,1.0969526
2023-05-08,2,Cyanobacteria,1.8989573,1.081018
2023-05-09,2,Cyanobacteria,2.634934,1.7098197
2023-05-10,2,Cyanobacteria,3.370911,2.090191
2023-05-11,2,Cyanobacteria,4.106888,2.3030684
2023-05-12,2,Cyanobacteria,4.8428645,2.6174965
2023-05-13,2,Cyanobacteria,5.5788417,2.7471213
2023-05-14,2,Cyanobacteria,3.4932373,2.7737703
2023-05-15,2,Cyanobacteria,2.3829908,2.8202586
2023-05-16,2,Cyanobacteria,1.6760406,2.1766853
2023-05-17,2,Cyanobacteria,1.5048957,1.7762907
2023-05-18,2,Cyanobacteria,1.3905042,1.4849794
2023-05-19,2,Cyanobacteria,1.3446171,1.5295695
2023-05-20,2,Cyanobacteria,1.3385532,1.5719092
2023-05-21,2,Cyanobacteria,1.2489344,1.5824628
2023-05-22,2,Cyanobacteria,1.2775736,1.7694237
2023-05-23,2,Cyanobacteria,1.7400788,1.7321749
2023-05-24,2,Cyanobacteria,2.1723888,1.6604551
2023-05-25,2,Cyanobacteria,2.054791,1.938674
2023-05-26,2,Cyanobacteria,2.0169272,2.2705774
2023-05-27,2,Cyanobacteria,2.1836193,2.2162364
2023-05-28,2,Cyanobacteria,2.1190135,2.1461203
2023-05-29,2,Cyanobacteria,2.2845416,2.2203748
2023-05-30,2,Cyanobacteria,2.8546731,2.21159
2023-05-31,2,Cyanobacteria,3.6820343,2.2812436
2023-06-01,2,Cyanobacteria,4.2432837,2.5719635
2023-06-02,2,Cyanobacteria,3.1228824,2.739624
2023-06-03,2,Cyanobacteria,3.9125252,2.7275271
2023-06-04,2,Cyanobacteria,3.0990682,2.3282928
2023-06-05,2,Cyanobacteria,2.2573907,2.7048874
2023-06-06,2,Cyanobacteria,3.5290446,2.4558635
2023-06-07,2,Cyanobacteria,4.5944915,2.063352
2023-06-08,2,Cyanobacteria,3.974097,2.722833
2023-06-09,2,Cyanobacteria,2.817865,3.3099093
2023-06-10,2,Cyanobacteria,2.1575139,2.9360068
2023-06-11,2,Cyanobacteria,2.202399,2.375782
2023-06-12,2,Cyanobacteria,2.613506,2.1669803
2023-06-13,2,Cyanobacteria,3.0178857,2.3358667
2023-06-14,2,Cyanobacteria,3.2518442,2.6169863
2023-06-15,2,Cyanobacteria,2.6697867,2.6339936
2023-06-16,2,Cyanobacteria,1.9534781,2.5769432
2023-06-17,2,Cyanobacteria,2.036473,2.1853013
2023-06-18,2,Cyanobacteria,2.074111,1.9225148
2023-06-19,2,Cyanobacteria,1.7520274,2.0923321
2023-06-20,2,Cyanobacteria,1.9095271,2.1897326
2023-06-21,2,Cyanobacteria,2.6224213,2.1236055
2023-06-22,2,Cyanobacteria,2.9754727,2.2933753
2023-06-23,2,Cyanobacteria,3.7797623,2.7880073
2023-06-24,2,Cyanobacteria,3.8032756,2.934498
2023-06-25,2,Cyanobacteria,3.9180677,3.1975298
2023-06-26,2,Cyanobacteria,4.7419147,2.771522
2023-06-27,2,Cyanobacteria,5.532881,2.655034
2023-06-28,2,Cyanobacteria,3.5055287,3.1805956
2023-06-29,2,Cyanobacteria,3.4548762,3.2007055
2023-06-30,2,Cyanobacteria,2.7937806,2.257917
2023-07-01,2,Cyanobacteria,1.5995938,2.1551905
2023-07-02,2,Cyanobacteria,1.5965191,1.845502
2023-07-03,2,Cyanobacteria,1.7737297,1.3408827
2023-07-04,2,Cyanobacteria,2.776571,1.4531256
2023-07-05,2,Cyanobacteria,3.2304816,1.5102798
2023-07-06,2,Cyanobacteria,1.984966,1.9484615
2023-07-07,2,Cyanobacteria,1.9826539,2.0919752
2023-07-08,2,Cyanobacteria,2.2500691,1.398184
2023-07-09,2,Cyanobacteria,2.3913074,1.3888031
2023-07-10,2,Cyanobacteria,2.655939,1.5705225
2023-07-11,2,Cyanobacteria,1.9692372,1.6022203
2023-07-12,2,Cyanobacteria,1.2298373,1.629128
2023-07-13,2,Cyanobacteria,1.0929966,1.3572738
2023-07-14,2,Cyanobacteria,0.5992144,1.1137302
2023-07-15,2,Cyanobacteria,0.6014617,1.0914285
2023-07-16,2,Cyanobacteria,0.609786,0.9761241
2023-07-17,2,Cyanobacteria,0.70679635,1.0053072
2023-07-18,2,Cyanobacteria,0.8659262,1.1507257
2023-07-19,2,Cyanobacteria,0.9241884,1.2347934
2023-07-20,2,Cyanobacteria,1.0990573,1.3356284
2023-07-21,2,Cyanobacteria,2.9751103,1.4303038
2023-07-22,2,Cyanobacteria,4.6228127,1.5870585
2023-07-23,2,Cyanobacteria,2.8313358,2.8816562
2023-07-24,2,Cyanobacteria,4.548409,3.3722708
2023-07-25,2,Cyanobacteria,5.784873,2.1292021
2023-07-26,2,Cyanobacteria,3.7234683,2.615635
2023-07-27,2,Cyanobacteria,1.6620638,2.7248912
2023-07-28,2,Cyanobacteria,0.8556233,1.9522088
2023-07-29,2,Cyanobacteria,0.89116377,1.267461
2023-07-30,2,Cyanobacteria,1.1886462,1.0186856
2023-07-31,2,Cyanobacteria,2.471676,1.1749127
2023-08-01,2,Cyanobacteria,1.6940145,1.6161964
2023-08-02,2,Cyanobacteria,1.9481753,2.0842788
2023-08-03,2,Cyanobacteria,1.7617489,1.5427334
2023-08-04,2,Cyanobacteria,1.0801963,1.5911481
2023-08-05,2,Cyanobacteria,1.292281,1.5080795
2023-08-06,2,Cyanobacteria,1.7215066,1.2194061
2023-08-07,2,Cyanobacteria,3.3288689,1.3974394
2023-08-08,2,Cyanobacteria,3.0218735,1.6513387
2023-08-09,2,Cyanobacteria,1.651122,2.250019
2023-08-10,2,Cyanobacteria,1.442921,1.9095308
2023-08-11,2,Cyanobacteria,0.7765467,1.2265599
2023-08-12,2,Cyanobacteria,0.9314234,1.2348348
2023-08-13,2,Cyanobacteria,1.5715406,1.0083735
2023-08-14,2,Cyanobacteria,4.173333,1.1346748
2023-08-15,2,Cyanobacteria,1.9116304,1.5114381
2023-08-16,2,Cyanobacteria,3.6171675,2.50966
2023-08-17,2,Cyanobacteria,2.3501623,1.5665892
2023-08-18,2,Cyanobacteria,2.9149249,2.1591535
2023-08-19,2,Cyanobacteria,3.0159187,1.7235446
2023-08-20,2,Cyanobacteria,2.285934,2.2344153
2023-08-21,2,Cyanobacteria,2.103505,2.2847943
2023-08-22,2,Cyanobacteria,2.0100663,1.7626882
2023-08-23,2,Cyanobacteria,2.030845,1.8055648
2023-08-24,2,Cyanobacteria,1.9803014,1.9280099
2023-08-25,2,Cyanobacteria,1.8590924,1.9899893
2023-08-26,2,Cyanobacteria,2.186416,1.9382441
2023-08-27,2,Cyanobacteria,2.1218035,2.1427023
2023-08-28,2,Cyanobacteria,2.2880745,2.428146
2023-08-29,2,Cyanobacteria,4.906969,2.4180439
2023-08-30,2,Cyanobacteria,2.747103,2.4286644
2023-08-31,2,Cyanobacteria,4.8251433,3.641812
2023-09-01,2,Cyanobacteria,3.1461823,2.3451564
2023-09-02,2,Cyanobacteria,2.997252,3.4209397
2023-09-03,2,Cyanobacteria,2.551028,2.4872198
2023-09-04,2,Cyanobacteria,2.49856,2.3139691
2023-09-05,2,Cyanobacteria,5.2166624,2.206465
2023-09-06,2,Cyanobacteria,5.1275606,2.327269
2023-09-07,2,Cyanobacteria,5.0384583,3.4685535
2023-09-08,2,Cyanobacteria,4.9493566,3.468636
2023-09-09,2,Cyanobacteria,2.5999234,3.0917573
2023-09-10,2,Cyanobacteria,2.1791236,2.9079018
2023-09-11,2,Cyanobacteria,1.9352801,1.9355832
2023-09-12,2,Cyanobacteria,1.8269101,1.9241587
2023-09-13,2,Cyanobacteria,1.9009577,1.7605978
2023-09-14,2,Cyanobacteria,2.1442535,1.9681412
2023-09-15,2,Cyanobacteria,2.3835835,2.0268526
2023-09-16,2,Cyanobacteria,2.215428,2.2714612
2023-09-17,2,Cyanobacteria,1.9896855,2.349279
2023-09-18,2,Cyanobacteria,2.0334396,2.1889377
2023-09-19,2,Cyanobacteria,2.1670406,2.205668
2023-09-20,2,Cyanobacteria,2.404295,2.172672
2023-09-21,2,Cyanobacteria,2.4283464,2.2339692
2023-09-22,2,Cyanobacteria,2.1776288,2.363698
2023-09-23,2,Cyanobacteria,2.2079122,2.3637974
2023-09-24,2,Cyanobacteria,2.0656526,2.1579454
2023-09-25,2,Cyanobacteria,1.8197497,2.081637
2023-09-26,2,Cyanobacteria,2.788784,2.104189
2023-09-27,2,Cyanobacteria,2.862572,2.0080986
2023-09-28,2,Cyanobacteria,2.8470044,2.4701314
2023-09-29,2,Cyanobacteria,2.7773497,2.4656858
2023-09-30,2,Cyanobacteria,3.3597028,2.381134
2023-10-01,2,Cyanobacteria,3.2632625,2.2735777
2023-10-02,2,Cyanobacteria,2.1856651,2.4570754
2023-10-03,2,Cyanobacteria,3.234886,2.3369288
2023-10-04,2,Cyanobacteria,3.1014996,1.9156392
2023-10-05,2,Cyanobacteria,2.354695,2.6363177
2023-10-06,2,Cyanobacteria,1.8833472,2.4498336
2023-10-07,2,Cyanobacteria,1.6806661,2.0529597
2023-10-08,2,Cyanobacteria,1.6510261,1.940681
2023-10-09,2,Cyanobacteria,1.65687,1.927176
2023-10-10,2,Cyanobacteria,2.0349479,1.9483126
2023-10-11,2,Cyanobacteria,1.9036157,1.9394302
2023-10-12,2,Cyanobacteria,1.5963961,2.301713
2023-10-13,2,Cyanobacteria,2.2419574,2.2904758
2023-10-14,2,Cyanobacteria,3.478502,2.154725
2023-10-15,2,Cyanobacteria,3.9786897,2.5057888
2023-10-16,2,Cyanobacteria,2.291187,3.115689
2023-10-17,2,Cyanobacteria,2.2361436,3.212099
2023-10-18,2,Cyanobacteria,3.1238363,2.406931
2023-10-19,2,Cyanobacteria,3.5173097,2.2697997
2023-10-20,2,Cyanobacteria,3.7166374,2.7871099
2023-10-21,2,Cyanobacteria,2.9234288,2.8287828
2023-10-22,2,Cyanobacteria,3.0309916,2.8174837
2023-10-23,2,Cyanobacteria,2.8510609,2.6876469
2023-10-24,2,Cyanobacteria,3.768123,2.5864925
2023-10-25,2,Cyanobacteria,5.941194,2.6288235
2023-10-26,2,Cyanobacteria,4.4449563,3.0669625
2023-10-27,2,Cyanobacteria,4.763434,3.6965559
2023-10-28,2,Cyanobacteria,2.8690472,3.1427526
2023-10-29,2,Cyanobacteria,2.7990034,3.1909013
2023-10-30,2,Cyanobacteria,2.6598368,2.448086
2023-10-31,2,Cyanobacteria,3.064641,2.3950205
2023-11-01,2,Cyanobacteria,3.5453944,2.3818097
2023-11-02,2,Cyanobacteria,3.0826712,2.5660887
2023-11-03,2,Cyanobacteria,3.453603,2.7879062
2023-11-04,2,Cyanobacteria,2.4549444,2.555914
2023-11-05,2,Cyanobacteria,3.4141028,2.7479734
2023-11-06,2,Cyanobacteria,3.7630842,2.2503405
2023-11-07,2,Cyanobacteria,2.8241215,2.5072165
2023-11-08,2,Cyanobacteria,1.6250529,2.72421
2023-11-09,2,Cyanobacteria,1.9600605,2.1968083
2023-11-10,2,Cyanobacteria,2.4557483,1.6173702
2023-11-11,2,Cyanobacteria,1.7682997,1.9284189
2023-11-12,2,Cyanobacteria,1.8357332,2.2694917
2023-11-13,2,Cyanobacteria,1.5355757,1.9627056
2023-11-14,2,Cyanobacteria,1.4568228,1.9869223
2023-11-15,2,Cyanobacteria,1.3942672,1.8738816
2023-11-16,2,Cyanobacteria,1.4696076,1.8797362
2023-11-17,2,Cyanobacteria,1.5879126,1.8060712
2023-11-18,2,Cyanobacteria,1.8608291,1.828074
2023-11-19,2,Cyanobacteria,1.7472198,1.8777883
2023-11-20,2,Cyanobacteria,2.048946,2.097593
2023-11-21,2,Cyanobacteria,2.0148678,2.015324
2023-11-22,2,Cyanobacteria,2.2934241,2.2161438
2023-11-23,2,Cyanobacteria,3.542967,2.248659
2023-11-24,2,Cyanobacteria,2.294738,2.3375144
2023-11-25,2,Cyanobacteria,1.8379765,2.7011073
2023-11-26,2,Cyanobacteria,1.510859,2.0553453
2023-11-27,2,Cyanobacteria,1.4485191,1.8263323
2023-11-28,2,Cyanobacteria,1.7754028,1.7088082
2023-11-29,2,Cyanobacteria,1.1889424,1.7526114
2023-11-30,2,Cyanobacteria,4.1997676,1.9613272
2023-12-01,2,Cyanobacteria,2.7477224,1.764196
2023-12-02,2,Cyanobacteria,2.1429226,3.0894651
2023-12-03,2,Cyanobacteria,2.1683147,2.5452704
2023-12-04,2,Cyanobacteria,1.8719982,2.0396602
2023-12-05,2,Cyanobacteria,2.7758234,1.984075
2023-12-06,2,Cyanobacteria,2.8993187,1.7162074
2023-12-07,2,Cyanobacteria,2.0482368,2.2207487
2023-12-08,2,Cyanobacteria,1.585169,2.431665
2023-12-09,2,Cyanobacteria,2.0673146,1.9968826
2023-12-10,2,Cyanobacteria,1.7040033,1.7334925
2023-12-11,2,Cyanobacteria,2.2543254,2.0392644
2023-12-12,2,Cyanobacteria,2.8514695,1.8944414
2023-12-13,2,Cyanobacteria,2.631844,2.1650648
2023-12-14,2,Cyanobacteria,2.930671,2.528039
2023-12-15,2,Cyanobacteria,4.081218,2.2550647
2023-12-16,2,Cyanobacteria,2.122142,2.1555035
2023-12-17,2,Cyanobacteria,1.3384718,2.4993482
2023-12-18,2,Cyanobacteria,1.4121481,1.7748208
2023-12-19,2,Cyanobacteria,1.8288468,1.3513451
2023-12-20,2,Cyanobacteria,1.4450092,1.4085163
2023-12-21,2,Cyanobacteria,1.3191619,1.7167538
2023-12-22,2,Cyanobacteria,1.6237926,1.5664064
2023-12-23,2,Cyanobacteria,1.574842,1.5083638
2023-12-24,2,Cyanobacteria,1.5136062,1.6823678
2023-12-25,2,Cyanobacteria,1.7450206,1.6886503
2023-12-26,2,Cyanobacteria,3.017767,1.6518425
2023-12-27,2,Cyanobacteria,3.659146,1.7709975
2023-12-28,2,Cyanobacteria,2.284695,2.333391
2020-10-30,3,Cyanobacteria,0.9165894,1.8060616
2020-10-31,3,Cyanobacteria,1.3927351,2.0220284
2020-11-01,3,Cyanobacteria,1.3244635,1.730447
2020-11-02,3,Cyanobacteria,1.4207313,1.2611308
2020-11-03,3,Cyanobacteria,1.6778421,1.3943752
2020-11-04,3,Cyanobacteria,1.990452,1.4034696
2020-11-05,3,Cyanobacteria,2.022165,1.4199314
2020-11-06,3,Cyanobacteria,2.008798,1.4877816
2020-11-07,3,Cyanobacteria,1.885076,1.588421
2020-11-08,3,Cyanobacteria,1.9127102,1.559004
2020-11-09,3,Cyanobacteria,1.7077882,1.5635327
2020-11-10,3,Cyanobacteria,1.6468678,1.5062317
2020-11-11,3,Cyanobacteria,1.6813062,1.3974143
2020-11-12,3,Cyanobacteria,1.9224818,1.3282768
2020-11-13,3,Cyanobacteria,1.6967794,1.2680131
2020-11-14,3,Cyanobacteria,2.2499926,1.2599201
2020-11-15,3,Cyanobacteria,2.0681548,1.3239391
2020-11-16,3,Cyanobacteria,1.7629341,1.2647676
2020-11-17,3,Cyanobacteria,1.6316327,1.4191158
2020-11-18,3,Cyanobacteria,1.4976882,1.3584095
2020-11-19,3,Cyanobacteria,1.2110482,1.3220445
2020-11-20,3,Cyanobacteria,1.6200837,1.3187008
2020-11-21,3,Cyanobacteria,1.108683,1.3298402
2020-11-22,3,Cyanobacteria,1.0693725,1.2252182
2020-11-23,3,Cyanobacteria,1.2781522,1.3278879
2020-11-24,3,Cyanobacteria,1.5949926,1.1697648
2020-11-25,3,Cyanobacteria,1.621545,1.1190572
2020-11-26,3,Cyanobacteria,0.6157164,1.1964831
2020-11-27,3,Cyanobacteria,1.1531911,1.300324
2020-11-28,3,Cyanobacteria,1.334508,1.3402008
2020-11-29,3,Cyanobacteria,1.2755716,1.0602406
2020-11-30,3,Cyanobacteria,1.4539436,1.1608964
2020-12-01,3,Cyanobacteria,1.416155,1.2508849
2020-12-02,3,Cyanobacteria,1.3794355,1.2714789
2020-12-03,3,Cyanobacteria,1.5929089,1.3243515
2020-12-04,3,Cyanobacteria,1.6844646,1.3213134
2020-12-05,3,Cyanobacteria,1.6305789,1.3004853
2020-12-06,3,Cyanobacteria,1.537851,1.3562922
2020-12-07,3,Cyanobacteria,1.4415424,1.4134079
2020-12-08,3,Cyanobacteria,1.3017017,1.3746299
2020-12-09,3,Cyanobacteria,1.1760101,1.3412744
2020-12-10,3,Cyanobacteria,1.2858943,1.268833
2020-12-11,3,Cyanobacteria,1.2478929,1.1891575
2020-12-12,3,Cyanobacteria,1.1700652,1.1276643
2020-12-13,3,Cyanobacteria,0.7562853,1.1303277
2020-12-14,3,Cyanobacteria,1.4720767,1.1011364
2020-12-15,3,Cyanobacteria,1.6189508,1.0459282
2020-12-16,3,Cyanobacteria,1.7228365,0.9444222
2020-12-17,3,Cyanobacteria,1.7015278,1.1702018
2020-12-18,3,Cyanobacteria,1.5606419,1.2392575
2020-12-19,3,Cyanobacteria,1.410767,1.2458508
2020-12-20,3,Cyanobacteria,1.231288,1.1381874
2020-12-21,3,Cyanobacteria,1.0281318,1.0790049
2020-12-22,3,Cyanobacteria,0.94908035,1.017652
2020-12-23,3,Cyanobacteria,0.5109782,0.9168444
2020-12-24,3,Cyanobacteria,0.7968573,0.850423
2020-12-25,3,Cyanobacteria,0.9004562,0.8087112
2020-12-26,3,Cyanobacteria,1.0766836,0.67798555
2020-12-27,3,Cyanobacteria,0.95042,0.70793366
2020-12-28,3,Cyanobacteria,0.5107458,0.78283525
2020-12-29,3,Cyanobacteria,0.2183068,0.83638537
2020-12-30,3,Cyanobacteria,1.2127858,0.7963529
2020-12-31,3,Cyanobacteria,0.92782927,0.6849594
2021-01-01,3,Cyanobacteria,1.2508177,0.6110511
2021-01-02,3,Cyanobacteria,1.2944026,0.86959624
2021-01-03,3,Cyanobacteria,1.232453,0.91575736
2021-01-04,3,Cyanobacteria,1.0558363,1.0365759
2021-01-05,3,Cyanobacteria,1.1140188,1.0206622
2021-01-06,3,Cyanobacteria,1.0396379,0.9459568
2021-01-07,3,Cyanobacteria,1.0007603,0.8495795
2021-01-08,3,Cyanobacteria,1.133749,0.8206568
2021-01-09,3,Cyanobacteria,1.1601809,0.7842447
2021-01-10,3,Cyanobacteria,1.2568814,0.77745676
2021-01-11,3,Cyanobacteria,1.1985952,0.82182777
2021-01-12,3,Cyanobacteria,1.1570984,0.81746095
2021-01-13,3,Cyanobacteria,1.1095513,0.82576615
2021-01-14,3,Cyanobacteria,1.023268,0.8116405
2021-01-15,3,Cyanobacteria,0.7892397,0.80087906
2021-01-16,3,Cyanobacteria,0.5160029,0.7885313
2021-01-17,3,Cyanobacteria,0.6644501,0.7790313
2021-01-18,3,Cyanobacteria,0.72609264,0.71830785
2021-01-19,3,Cyanobacteria,0.80248195,0.67496085
2021-01-20,3,Cyanobacteria,0.5337771,0.6924012
2021-01-21,3,Cyanobacteria,0.47094068,0.74556243
2021-01-22,3,Cyanobacteria,0.73403335,0.7813515
2021-01-23,3,Cyanobacteria,0.5746165,0.7872716
2021-01-24,3,Cyanobacteria,0.9917221,0.6808091
2021-01-25,3,Cyanobacteria,0.90726936,0.79343766
2021-01-26,3,Cyanobacteria,1.368466,0.79871887
2021-01-27,3,Cyanobacteria,1.1996093,1.0243797
2021-01-28,3,Cyanobacteria,1.1409117,1.0993744
2021-01-29,3,Cyanobacteria,1.1614038,1.0760301
2021-01-30,3,Cyanobacteria,0.9247902,0.95578945
2021-01-31,3,Cyanobacteria,0.8163143,0.9577749
2021-02-01,3,Cyanobacteria,0.68247646,0.9580378
2021-02-02,3,Cyanobacteria,0.7478566,0.84923995
2021-02-03,3,Cyanobacteria,0.9111803,0.75453323
2021-02-04,3,Cyanobacteria,0.80073136,0.6441839
2021-02-05,3,Cyanobacteria,0.7012689,0.584576
2021-02-06,3,Cyanobacteria,0.6910789,0.6265644
2021-02-07,3,Cyanobacteria,0.677118,0.6104277
2021-02-08,3,Cyanobacteria,0.8998841,0.56622905
2021-02-09,3,Cyanobacteria,0.6313663,0.54378915
2021-02-10,3,Cyanobacteria,0.74432606,0.50505584
2021-02-11,3,Cyanobacteria,0.8625417,0.55091995
2021-02-12,3,Cyanobacteria,0.97663283,0.5175145
2021-02-13,3,Cyanobacteria,0.55862415,0.56481236
2021-02-14,3,Cyanobacteria,0.37615052,0.5965695
2021-02-15,3,Cyanobacteria,0.6475181,0.6065902
2021-02-16,3,Cyanobacteria,0.53772795,0.5463713
2021-02-17,3,Cyanobacteria,0.71482635,0.51556045
2021-02-18,3,Cyanobacteria,0.59031117,0.57436997
2021-02-19,3,Cyanobacteria,0.70318836,0.59983546
2021-02-20,3,Cyanobacteria,0.69292545,0.7134334
2021-02-21,3,Cyanobacteria,0.635275,0.74377245
2021-02-22,3,Cyanobacteria,0.7406807,0.77409494
2021-02-23,3,Cyanobacteria,0.875916,0.74917364
2021-02-24,3,Cyanobacteria,0.83096313,0.6641723
2021-02-25,3,Cyanobacteria,0.85622466,0.6749514
2021-02-26,3,Cyanobacteria,1.0751342,0.7087094
2021-02-27,3,Cyanobacteria,1.2290095,0.68951374
2021-02-28,3,Cyanobacteria,1.2229925,0.68470865
2021-03-01,3,Cyanobacteria,1.253146,0.7440315
2021-03-02,3,Cyanobacteria,1.3632498,0.80683124
2021-03-03,3,Cyanobacteria,0.8552822,0.84446776
2021-03-04,3,Cyanobacteria,1.1125977,0.9085116
2021-03-05,3,Cyanobacteria,0.81280756,0.9661244
2021-03-06,3,Cyanobacteria,0.8352894,0.83695537
2021-03-07,3,Cyanobacteria,0.7107815,0.9287622
2021-03-08,3,Cyanobacteria,0.8574656,0.8914115
2021-03-09,3,Cyanobacteria,0.77764106,0.7865435
2021-03-10,3,Cyanobacteria,0.89971054,0.7236143
2021-03-11,3,Cyanobacteria,0.7533502,0.72493744
2021-03-12,3,Cyanobacteria,0.3883647,0.6912724
2021-03-13,3,Cyanobacteria,0.3952388,0.7047792
2021-03-14,3,Cyanobacteria,1.1506295,0.6936225
2021-03-15,3,Cyanobacteria,1.0597106,0.59105086
2021-03-16,3,Cyanobacteria,1.0960565,0.6389294
2021-03-17,3,Cyanobacteria,1.274508,1.012965
2021-03-18,3,Cyanobacteria,1.3935528,1.1177372
2021-03-19,3,Cyanobacteria,1.3325905,1.1144325
2021-03-20,3,Cyanobacteria,1.3198698,1.1699398
2021-03-21,3,Cyanobacteria,1.3761505,1.1731919
2021-03-22,3,Cyanobacteria,1.1251593,1.1347971
2021-03-23,3,Cyanobacteria,0.9094642,1.1355947
2021-03-24,3,Cyanobacteria,1.1613843,1.1546328
2021-03-25,3,Cyanobacteria,1.0459361,0.96513605
2021-03-26,3,Cyanobacteria,0.8975687,0.88988394
2021-03-27,3,Cyanobacteria,0.6828747,0.93501216
2021-03-28,3,Cyanobacteria,0.7303548,0.88052136
2021-03-29,3,Cyanobacteria,0.41225198,0.8063496
2021-03-30,3,Cyanobacteria,0.111810274,0.72281384
2021-03-31,3,Cyanobacteria,0.5293086,0.76661295
2021-04-01,3,Cyanobacteria,1.298798,0.7098166
2021-04-02,3,Cyanobacteria,1.4947647,0.6752862
2021-04-03,3,Cyanobacteria,1.5875887,0.8929143
2021-04-04,3,Cyanobacteria,1.6624764,1.2388744
2021-04-05,3,Cyanobacteria,1.5121635,1.3271943
2021-04-06,3,Cyanobacteria,1.4354631,1.2990788
2021-04-07,3,Cyanobacteria,1.4178132,1.2840595
2021-04-08,3,Cyanobacteria,1.4679812,1.2143788
2021-04-09,3,Cyanobacteria,1.3545152,1.152457
2021-04-10,3,Cyanobacteria,1.2440883,1.1256855
2021-04-11,3,Cyanobacteria,1.0756367,1.1602411
2021-04-12,3,Cyanobacteria,0.7194786,1.0839809
2021-04-13,3,Cyanobacteria,0.7790297,1.0047907
2021-04-14,3,Cyanobacteria,0.8630123,0.9411575
2021-04-15,3,Cyanobacteria,0.56722665,0.842316
2021-04-16,3,Cyanobacteria,1.0409226,0.8656309
2021-04-17,3,Cyanobacteria,0.69225204,0.94735175
2021-04-18,3,Cyanobacteria,1.2849385,0.9304873
2021-04-19,3,Cyanobacteria,1.2466329,1.0508183
2021-04-20,3,Cyanobacteria,1.3180811,0.9944787
2021-04-21,3,Cyanobacteria,1.1071904,1.205814
2021-04-22,3,Cyanobacteria,0.6878566,1.2054733
2021-04-23,3,Cyanobacteria,0.5611079,1.1871486
2021-04-24,3,Cyanobacteria,0.8025344,1.0846587
2021-04-25,3,Cyanobacteria,0.78728455,0.933233
2021-04-26,3,Cyanobacteria,1.6280825,0.88363785
2021-04-27,3,Cyanobacteria,1.9490377,0.97953033
2021-04-28,3,Cyanobacteria,1.6121202,1.0997987
2021-04-29,3,Cyanobacteria,1.4643126,1.3253903
2021-04-30,3,Cyanobacteria,1.5555934,1.4118596
2021-05-01,3,Cyanobacteria,1.5656585,1.344
2021-05-02,3,Cyanobacteria,1.2381549,1.1719409
2021-05-03,3,Cyanobacteria,1.0236812,1.1583427
2021-05-04,3,Cyanobacteria,1.7144799,1.1998765
2021-05-05,3,Cyanobacteria,1.3347807,1.1352004
2021-05-06,3,Cyanobacteria,1.2243872,1.086365
2021-05-07,3,Cyanobacteria,1.3597454,1.1379942
2021-05-08,3,Cyanobacteria,1.0678822,1.1052096
2021-05-09,3,Cyanobacteria,1.0264472,1.113123
2021-05-10,3,Cyanobacteria,0.76781476,1.1918387
2021-05-11,3,Cyanobacteria,0.6906947,1.18973
2021-05-12,3,Cyanobacteria,1.008741,1.2602226
2021-05-13,3,Cyanobacteria,1.2948915,1.2142305
2021-05-14,3,Cyanobacteria,2.0710855,1.2343211
2021-05-15,3,Cyanobacteria,2.2474167,1.465322
2021-05-16,3,Cyanobacteria,1.9920912,1.4695842
2021-05-17,3,Cyanobacteria,1.6489002,1.7530435
2021-05-18,3,Cyanobacteria,1.794537,1.8844472
2021-05-19,3,Cyanobacteria,2.0734396,1.7853061
2021-05-20,3,Cyanobacteria,2.1479883,1.6739616
2021-05-21,3,Cyanobacteria,2.0209045,1.7458022
2021-05-22,3,Cyanobacteria,2.2535193,1.904993
2021-05-23,3,Cyanobacteria,2.2723534,2.0587983
2021-05-24,3,Cyanobacteria,2.63233,2.0641546
2021-05-25,3,Cyanobacteria,2.3065703,2.257547
2021-05-26,3,Cyanobacteria,1.9421636,2.295045
2021-05-27,3,Cyanobacteria,2.2319682,2.5279984
2021-05-28,3,Cyanobacteria,4.1579432,2.347867
2021-05-29,3,Cyanobacteria,4.3492618,2.1838093
2021-05-30,3,Cyanobacteria,2.6183937,2.5327735
2021-05-31,3,Cyanobacteria,2.6154816,3.3194668
2021-06-01,3,Cyanobacteria,5.352636,3.4846988
2021-06-02,3,Cyanobacteria,4.717726,2.8237848
2021-06-03,3,Cyanobacteria,2.962998,2.6757784
2021-06-04,3,Cyanobacteria,3.0213976,3.432053
2021-06-05,3,Cyanobacteria,2.9233599,3.2832007
2021-06-06,3,Cyanobacteria,2.5688848,2.7001572
2021-06-07,3,Cyanobacteria,2.928039,2.7325425
2021-06-08,3,Cyanobacteria,2.7149856,2.5856802
2021-06-09,3,Cyanobacteria,2.3156078,2.4407506
2021-06-10,3,Cyanobacteria,2.2857888,2.5999541
2021-06-11,3,Cyanobacteria,2.4744864,2.6736505
2021-06-12,3,Cyanobacteria,3.0040839,2.3048453
2021-06-13,3,Cyanobacteria,4.336705,2.2704005
2021-06-14,3,Cyanobacteria,3.6870964,2.3395238
2021-06-15,3,Cyanobacteria,1.1724981,2.5110328
2021-06-16,3,Cyanobacteria,0.89654595,2.8516524
2021-06-17,3,Cyanobacteria,1.6896162,2.7811632
2021-06-18,3,Cyanobacteria,3.3528886,1.9922011
2021-06-19,3,Cyanobacteria,3.2436857,1.8195796
2021-06-20,3,Cyanobacteria,3.6387465,2.183182
2021-06-21,3,Cyanobacteria,2.835984,2.889274
2021-06-22,3,Cyanobacteria,1.9431771,3.0421305
2021-06-23,3,Cyanobacteria,2.2497613,3.2066746
2021-06-24,3,Cyanobacteria,2.3033574,2.8805282
2021-06-25,3,Cyanobacteria,1.9838712,2.4619534
2021-06-26,3,Cyanobacteria,2.2046309,2.6812851
2021-06-27,3,Cyanobacteria,4.0340667,2.4824657
2021-06-28,3,Cyanobacteria,5.868067,2.3463876
2021-06-29,3,Cyanobacteria,5.3050866,2.5191712
2021-06-30,3,Cyanobacteria,4.742106,3.3744476
2021-07-01,3,Cyanobacteria,3.2076483,3.7978387
2021-07-02,3,Cyanobacteria,3.4847536,3.586217
2021-07-03,3,Cyanobacteria,4.0390015,3.5210156
2021-07-04,3,Cyanobacteria,3.948705,2.9587476
2021-07-05,3,Cyanobacteria,4.7784224,3.1761172
2021-07-06,3,Cyanobacteria,4.2812166,3.369914
2021-07-07,3,Cyanobacteria,3.7561839,3.1425574
2021-07-08,3,Cyanobacteria,3.5484276,3.3211849
2021-07-09,3,Cyanobacteria,2.1638117,3.0875401
2021-07-10,3,Cyanobacteria,1.9270601,2.8577065
2021-07-11,3,Cyanobacteria,1.9104345,2.7960558
2021-07-12,3,Cyanobacteria,2.2324965,2.2352538
2021-07-13,3,Cyanobacteria,2.087728,2.1814451
2021-07-14,3,Cyanobacteria,1.2980666,2.2004786
2021-07-15,3,Cyanobacteria,1.3932489,2.372586
2021-07-16,3,Cyanobacteria,1.2500651,2.2795243
2021-07-17,3,Cyanobacteria,0.43407384,1.901406
2021-07-18,3,Cyanobacteria,1.2796165,1.9132705
2021-07-19,3,Cyanobacteria,1.8222448,1.8296137
2021-07-20,3,Cyanobacteria,2.0859232,1.3614562
2021-07-21,3,Cyanobacteria,1.8950905,1.619893
2021-07-22,3,Cyanobacteria,2.1339176,2.011635
2021-07-23,3,Cyanobacteria,2.1493194,2.2199957
2021-07-24,3,Cyanobacteria,4.662006,2.1386642
2021-07-25,3,Cyanobacteria,3.9590297,2.2508483
2021-07-26,3,Cyanobacteria,4.2673516,2.3808944
2021-07-27,3,Cyanobacteria,4.232916,3.2565067
2021-07-28,3,Cyanobacteria,2.8703907,3.1033719
2021-07-29,3,Cyanobacteria,2.1993053,3.2546468
2021-07-30,3,Cyanobacteria,2.0899277,3.3335881
2021-07-31,3,Cyanobacteria,2.1685455,2.7638834
2021-08-01,3,Cyanobacteria,3.3460565,2.5206168
2021-08-02,3,Cyanobacteria,5.6828313,2.3853261
2021-08-03,3,Cyanobacteria,4.7732515,2.595533
2021-08-04,3,Cyanobacteria,4.0578346,3.315034
2021-08-05,3,Cyanobacteria,5.5061984,4.02286
2021-08-06,3,Cyanobacteria,5.3274107,3.848378
2021-08-07,3,Cyanobacteria,5.148622,3.6652632
2021-08-08,3,Cyanobacteria,3.2820683,3.7826152
2021-08-09,3,Cyanobacteria,2.7275743,3.5525165
2021-08-10,3,Cyanobacteria,2.468589,3.4581015
2021-08-11,3,Cyanobacteria,2.8743272,2.8364353
2021-08-12,3,Cyanobacteria,2.9775615,2.6547666
2021-08-13,3,Cyanobacteria,2.9190001,2.4472005
2021-08-14,3,Cyanobacteria,2.5640225,2.6704178
2021-08-15,3,Cyanobacteria,2.6541495,2.6557887
2021-08-16,3,Cyanobacteria,2.9796264,2.5200863
2021-08-17,3,Cyanobacteria,3.3871398,2.3994474
2021-08-18,3,Cyanobacteria,2.8336039,2.4959257
2021-08-19,3,Cyanobacteria,1.4002497,2.471297
2021-08-20,3,Cyanobacteria,2.1858518,2.591984
2021-08-21,3,Cyanobacteria,3.8102813,2.6716504
2021-08-22,3,Cyanobacteria,4.623089,2.211862
2021-08-23,3,Cyanobacteria,3.8476396,2.4669926
2021-08-24,3,Cyanobacteria,3.6913338,2.9149897
2021-08-25,3,Cyanobacteria,5.2736855,3.377029
2021-08-26,3,Cyanobacteria,5.886749,3.1750834
2021-08-27,3,Cyanobacteria,6.328652,2.958932
2021-08-28,3,Cyanobacteria,5.913598,3.2791064
2021-08-29,3,Cyanobacteria,5.4985447,3.252711
2021-08-30,3,Cyanobacteria,4.998421,3.2733128
2021-08-31,3,Cyanobacteria,3.173958,3.1013787
2021-09-01,3,Cyanobacteria,2.4867873,3.0010095
2021-09-02,3,Cyanobacteria,2.2553763,2.949234
2021-09-03,3,Cyanobacteria,2.089725,2.4425807
2021-09-04,3,Cyanobacteria,2.1701736,2.2441123
2021-09-05,3,Cyanobacteria,2.752026,2.179003
2021-09-06,3,Cyanobacteria,2.4418018,2.1462948
2021-09-07,3,Cyanobacteria,2.3925562,2.2520132
2021-09-08,3,Cyanobacteria,2.2696092,2.5184548
2021-09-09,3,Cyanobacteria,3.9620116,2.3854792
2021-09-10,3,Cyanobacteria,3.368864,2.4430296
2021-09-11,3,Cyanobacteria,3.444725,2.3829408
2021-09-12,3,Cyanobacteria,4.387453,2.9199555
2021-09-13,3,Cyanobacteria,3.7823026,2.9679036
2021-09-14,3,Cyanobacteria,3.6403475,2.989831
2021-09-15,3,Cyanobacteria,3.4074223,3.238766
2021-09-16,3,Cyanobacteria,2.904714,3.1112862
2021-09-17,3,Cyanobacteria,2.246401,3.0316622
2021-09-18,3,Cyanobacteria,1.8525054,2.7202504
2021-09-19,3,Cyanobacteria,1.9603258,2.46593
2021-09-20,3,Cyanobacteria,1.8784577,2.2179601
2021-09-21,3,Cyanobacteria,1.6022085,2.0184007
2021-09-22,3,Cyanobacteria,1.6334975,1.9889
2021-09-23,3,Cyanobacteria,1.6335725,1.9097154
2021-09-24,3,Cyanobacteria,1.7263433,1.8360354
2021-09-25,3,Cyanobacteria,1.7499204,2.0129755
2021-09-26,3,Cyanobacteria,1.902614,1.9855964
2021-09-27,3,Cyanobacteria,1.9976249,1.9312121
2021-09-28,3,Cyanobacteria,2.0052354,1.8701792
2021-09-29,3,Cyanobacteria,1.9031209,1.8836255
2021-09-30,3,Cyanobacteria,2.1214771,1.9134208
2021-10-01,3,Cyanobacteria,1.6440406,1.8937869
2021-10-02,3,Cyanobacteria,1.4304897,1.8287629
2021-10-03,3,Cyanobacteria,1.5464485,1.8986915
2021-10-04,3,Cyanobacteria,1.6624073,1.7134483
2021-10-05,3,Cyanobacteria,1.7783661,1.6308078
2021-10-06,3,Cyanobacteria,1.8943249,1.655601
2021-10-07,3,Cyanobacteria,2.0102837,1.7165257
2021-10-08,3,Cyanobacteria,2.1262426,1.7890129
2021-10-09,3,Cyanobacteria,2.2422013,1.8689288
2021-10-10,3,Cyanobacteria,2.3581603,1.8968458
2021-10-11,3,Cyanobacteria,2.474119,1.966658
2021-10-12,3,Cyanobacteria,2.5900779,2.0298383
2021-10-13,3,Cyanobacteria,2.376394,2.1280253
2021-10-14,3,Cyanobacteria,2.2953513,2.2354498
2021-10-15,3,Cyanobacteria,4.095699,2.3071072
2021-10-16,3,Cyanobacteria,5.2911153,2.1690238
2021-10-17,3,Cyanobacteria,3.2535,2.1434896
2021-10-18,3,Cyanobacteria,3.1076484,2.857758
2021-10-19,3,Cyanobacteria,2.6348336,3.1526122
2021-10-20,3,Cyanobacteria,2.2041533,2.5147586
2021-10-21,3,Cyanobacteria,2.0151665,2.4426548
2021-10-22,3,Cyanobacteria,1.8319536,2.267525
2021-10-23,3,Cyanobacteria,1.7161505,2.0478055
2021-10-24,3,Cyanobacteria,1.7125037,1.9202394
2021-10-25,3,Cyanobacteria,1.5120782,1.6573402
2021-10-26,3,Cyanobacteria,1.6121708,1.6038252
2021-10-27,3,Cyanobacteria,1.3440738,1.529323
2021-10-28,3,Cyanobacteria,1.1399204,1.4170151
2021-10-29,3,Cyanobacteria,1.698126,1.438078
2021-10-30,3,Cyanobacteria,2.3341606,1.3549017
2021-10-31,3,Cyanobacteria,1.9348481,1.2749531
2021-11-01,3,Cyanobacteria,1.7935673,1.4597961
2021-11-02,3,Cyanobacteria,1.2920767,1.6853467
2021-11-03,3,Cyanobacteria,1.3757019,1.5580182
2021-11-04,3,Cyanobacteria,1.350919,1.4200491
2021-11-05,3,Cyanobacteria,1.281809,1.2503035
2021-11-06,3,Cyanobacteria,1.0622793,1.2728901
2021-11-07,3,Cyanobacteria,0.91401154,1.2577529
2021-11-08,3,Cyanobacteria,1.5847178,1.181239
2021-11-09,3,Cyanobacteria,1.2513965,1.0800928
2021-11-10,3,Cyanobacteria,1.065916,1.0206429
2021-11-11,3,Cyanobacteria,1.2520332,1.2290078
2021-11-12,3,Cyanobacteria,1.2013613,1.1881375
2021-11-13,3,Cyanobacteria,1.2783864,1.1050446
2021-11-14,3,Cyanobacteria,1.3271418,1.1224312
2021-11-15,3,Cyanobacteria,1.343092,1.0839033
2021-11-16,3,Cyanobacteria,1.420963,1.0745599
2021-11-17,3,Cyanobacteria,1.2887958,1.0777171
2021-11-18,3,Cyanobacteria,1.3203533,1.0692558
2021-11-19,3,Cyanobacteria,1.3825127,1.0878073
2021-11-20,3,Cyanobacteria,1.2764591,1.0304083
2021-11-21,3,Cyanobacteria,1.1090586,1.0244035
2021-11-22,3,Cyanobacteria,1.129356,1.0742949
2021-11-23,3,Cyanobacteria,1.2800362,1.068535
2021-11-24,3,Cyanobacteria,1.1554124,1.0330003
2021-11-25,3,Cyanobacteria,1.1848153,1.1083773
2021-11-26,3,Cyanobacteria,1.2934299,1.158007
2021-11-27,3,Cyanobacteria,1.2571418,1.0773929
2021-11-28,3,Cyanobacteria,1.2306077,1.0536236
2021-11-29,3,Cyanobacteria,1.0336133,1.0825558
2021-11-30,3,Cyanobacteria,0.86162925,1.0630428
2021-12-01,3,Cyanobacteria,1.5704707,1.0376683
2021-12-02,3,Cyanobacteria,1.5914989,0.92407686
2021-12-03,3,Cyanobacteria,1.3629906,0.85294604
2021-12-04,3,Cyanobacteria,1.3497757,1.1167976
2021-12-05,3,Cyanobacteria,1.1732706,1.1655424
2021-12-06,3,Cyanobacteria,1.1404066,1.019452
2021-12-07,3,Cyanobacteria,1.1583865,0.89733523
2021-12-08,3,Cyanobacteria,1.128018,0.8266579
2021-12-09,3,Cyanobacteria,0.9754814,0.7925042
2021-12-10,3,Cyanobacteria,1.0479378,0.7794111
2021-12-11,3,Cyanobacteria,0.8021346,0.7709757
2021-12-12,3,Cyanobacteria,0.8941274,0.71088
2021-12-13,3,Cyanobacteria,0.6927569,0.7218383
2021-12-14,3,Cyanobacteria,0.43221417,0.63641816
2021-12-15,3,Cyanobacteria,0.36057928,0.6705903
2021-12-16,3,Cyanobacteria,0.40863866,0.6168745
2021-12-17,3,Cyanobacteria,0.9727516,0.53893936
2021-12-18,3,Cyanobacteria,0.9826068,0.5166808
2021-12-19,3,Cyanobacteria,0.9490369,0.5807084
2021-12-20,3,Cyanobacteria,1.178531,0.8300628
2021-12-21,3,Cyanobacteria,1.2478871,0.88173705
2021-12-22,3,Cyanobacteria,1.3445659,0.87301916
2021-12-23,3,Cyanobacteria,0.59661365,0.93701464
2021-12-24,3,Cyanobacteria,0.46170765,0.90551496
2021-12-25,3,Cyanobacteria,0.85164493,0.96109104
2021-12-26,3,Cyanobacteria,0.97535455,0.68855387
2021-12-27,3,Cyanobacteria,0.95947784,0.60031193
2021-12-28,3,Cyanobacteria,0.76329446,0.7283588
2021-12-29,3,Cyanobacteria,0.85634834,0.84271276
2021-12-30,3,Cyanobacteria,0.6464471,0.8767064
2021-12-31,3,Cyanobacteria,0.90151423,0.8098538
2022-01-01,3,Cyanobacteria,0.776013,0.86531115
2022-01-02,3,Cyanobacteria,0.83620113,0.7928507
2022-01-03,3,Cyanobacteria,0.80412745,0.96074146
2022-01-04,3,Cyanobacteria,0.6765098,0.97358084
2022-01-05,3,Cyanobacteria,0.4595076,1.015655
2022-01-06,3,Cyanobacteria,0.19878344,1.0256976
2022-01-07,3,Cyanobacteria,0.67120206,0.9923758
2022-01-08,3,Cyanobacteria,0.95592326,0.9354931
2022-01-09,3,Cyanobacteria,0.9327444,0.87176687
2022-01-10,3,Cyanobacteria,1.0224385,1.1201836
2022-01-11,3,Cyanobacteria,2.1481042,1.2750669
2022-01-12,3,Cyanobacteria,1.6652243,1.1871718
2022-01-13,3,Cyanobacteria,1.291042,1.2147409
2022-01-14,3,Cyanobacteria,1.2574656,1.5797142
2022-01-15,3,Cyanobacteria,1.032084,1.4205259
2022-01-16,3,Cyanobacteria,0.9674892,1.2288235
2022-01-17,3,Cyanobacteria,0.94616944,1.1256616
2022-01-18,3,Cyanobacteria,0.92269367,0.9705443
2022-01-19,3,Cyanobacteria,0.8611079,0.8695244
2022-01-20,3,Cyanobacteria,0.82545257,0.83593285
2022-01-21,3,Cyanobacteria,0.8182259,0.7710855
2022-01-22,3,Cyanobacteria,1.1027879,0.7154649
2022-01-23,3,Cyanobacteria,0.7645185,0.6795149
2022-01-24,3,Cyanobacteria,1.7065123,0.6527269
2022-01-25,3,Cyanobacteria,0.64539075,0.7559141
2022-01-26,3,Cyanobacteria,0.76089376,0.609546
2022-01-27,3,Cyanobacteria,0.5794614,0.9217593
2022-01-28,3,Cyanobacteria,0.7816709,0.80767405
2022-01-29,3,Cyanobacteria,0.8387186,0.8550977
2022-01-30,3,Cyanobacteria,1.1281649,0.87808347
2022-01-31,3,Cyanobacteria,1.231159,0.983974
2022-02-01,3,Cyanobacteria,1.4238236,1.1500007
2022-02-02,3,Cyanobacteria,1.3295317,1.3689327
2022-02-03,3,Cyanobacteria,1.784645,1.4578959
2022-02-04,3,Cyanobacteria,1.5408581,1.5117866
2022-02-05,3,Cyanobacteria,1.3269008,1.4632795
2022-02-06,3,Cyanobacteria,1.6413742,1.6044052
2022-02-07,3,Cyanobacteria,1.3831661,1.531681
2022-02-08,3,Cyanobacteria,1.1718699,1.3739659
2022-02-09,3,Cyanobacteria,1.0272319,1.4097123
2022-02-10,3,Cyanobacteria,0.8104344,1.2770594
2022-02-11,3,Cyanobacteria,1.0283359,1.1421682
2022-02-12,3,Cyanobacteria,0.6661383,0.96310383
2022-02-13,3,Cyanobacteria,0.37995383,0.8264258
2022-02-14,3,Cyanobacteria,0.6274094,0.91368616
2022-02-15,3,Cyanobacteria,0.6364919,0.7765527
2022-02-16,3,Cyanobacteria,0.35820666,0.67115307
2022-02-17,3,Cyanobacteria,0.08358897,0.6492216
2022-02-18,3,Cyanobacteria,0.010000016,0.7553434
2022-02-19,3,Cyanobacteria,0.3175398,0.72105515
2022-02-20,3,Cyanobacteria,1.462207,0.65234685
2022-02-21,3,Cyanobacteria,1.7990876,0.82376736
2022-02-22,3,Cyanobacteria,1.8775308,1.0681652
2022-02-23,3,Cyanobacteria,2.0480778,1.8600273
2022-02-24,3,Cyanobacteria,1.9205097,1.9018735
2022-02-25,3,Cyanobacteria,1.7929416,1.7495292
2022-02-26,3,Cyanobacteria,1.6653734,1.6374582
2022-02-27,3,Cyanobacteria,1.5378052,1.5325325
2022-02-28,3,Cyanobacteria,1.4102371,1.463606
2022-03-01,3,Cyanobacteria,1.1535721,1.3610375
2022-03-02,3,Cyanobacteria,0.7581607,1.2570337
2022-03-03,3,Cyanobacteria,0.4490297,1.1676588
2022-03-04,3,Cyanobacteria,0.2850868,1.0323988
2022-03-05,3,Cyanobacteria,0.06812587,0.6967679
2022-03-06,3,Cyanobacteria,0.120933406,0.48335344
2022-03-07,3,Cyanobacteria,0.05522464,0.36354092
2022-03-08,3,Cyanobacteria,0.50354815,0.2468007
2022-03-09,3,Cyanobacteria,0.66335267,0.22107692
2022-03-10,3,Cyanobacteria,0.40285924,0.22158068
2022-03-11,3,Cyanobacteria,0.014387229,0.38063994
2022-03-12,3,Cyanobacteria,0.015565208,0.39336616
2022-03-13,3,Cyanobacteria,0.010000016,0.29334316
2022-03-14,3,Cyanobacteria,0.010050719,0.124507934
2022-03-15,3,Cyanobacteria,0.010246022,0.20685422
2022-03-16,3,Cyanobacteria,0.036085412,0.29250297
2022-03-17,3,Cyanobacteria,0.21737875,0.42608532
2022-03-18,3,Cyanobacteria,0.42973912,0.5562809
2022-03-19,3,Cyanobacteria,0.7636884,0.8317143
2022-03-20,3,Cyanobacteria,1.1165409,0.9505499
2022-03-21,3,Cyanobacteria,1.9101883,1.2169402
2022-03-22,3,Cyanobacteria,2.1433985,1.4911832
2022-03-23,3,Cyanobacteria,2.1262445,1.6961645
2022-03-24,3,Cyanobacteria,1.9198624,1.9867535
2022-03-25,3,Cyanobacteria,1.8753512,2.121099
2022-03-26,3,Cyanobacteria,1.8713034,2.1306791
2022-03-27,3,Cyanobacteria,4.2593026,2.1200688
2022-03-28,3,Cyanobacteria,4.0173755,2.413347
2022-03-29,3,Cyanobacteria,3.7754486,2.2931347
2022-03-30,3,Cyanobacteria,2.644808,2.6933951
2022-03-31,3,Cyanobacteria,2.3579507,2.6676826
2022-04-01,3,Cyanobacteria,2.3900943,2.5727122
2022-04-02,3,Cyanobacteria,2.480131,2.204603
2022-04-03,3,Cyanobacteria,2.149906,1.939152
2022-04-04,3,Cyanobacteria,1.8740696,1.90053
2022-04-05,3,Cyanobacteria,1.7214473,1.9337188
2022-04-06,3,Cyanobacteria,1.5688252,1.7007235
2022-04-07,3,Cyanobacteria,1.2899711,1.4657004
2022-04-08,3,Cyanobacteria,1.008827,1.2913331
2022-04-09,3,Cyanobacteria,1.0090086,1.148827
2022-04-10,3,Cyanobacteria,0.6801231,0.93659294
2022-04-11,3,Cyanobacteria,0.4421845,0.73737985
2022-04-12,3,Cyanobacteria,0.20424601,0.5810144
2022-04-13,3,Cyanobacteria,0.16290368,0.40332913
2022-04-14,3,Cyanobacteria,0.13675833,0.3539367
2022-04-15,3,Cyanobacteria,0.0103894295,0.27261958
2022-04-16,3,Cyanobacteria,0.47120208,0.28682506
2022-04-17,3,Cyanobacteria,0.9320147,0.36325482
2022-04-18,3,Cyanobacteria,1.3928274,0.44144484
2022-04-19,3,Cyanobacteria,2.2509274,0.7021317
2022-04-20,3,Cyanobacteria,2.0586097,1.274776
2022-04-21,3,Cyanobacteria,1.6260804,1.3662955
2022-04-22,3,Cyanobacteria,1.0518768,1.6281675
2022-04-23,3,Cyanobacteria,0.91195065,1.4510074
2022-04-24,3,Cyanobacteria,1.1896162,1.4952475
2022-04-25,3,Cyanobacteria,1.9769739,1.3739109
2022-04-26,3,Cyanobacteria,1.4171904,1.3986106
2022-04-27,3,Cyanobacteria,2.58336,1.5145084
2022-04-28,3,Cyanobacteria,2.152193,2.217077
2022-04-29,3,Cyanobacteria,2.1626146,1.9557074
2022-04-30,3,Cyanobacteria,2.1730363,2.576142
2022-05-01,3,Cyanobacteria,2.1815941,2.3831923
2022-05-02,3,Cyanobacteria,2.0878696,2.361318
2022-05-03,3,Cyanobacteria,1.9130652,2.360298
2022-05-04,3,Cyanobacteria,1.6117319,2.4004567
2022-05-05,3,Cyanobacteria,1.836971,2.18025
2022-05-06,3,Cyanobacteria,2.0369325,2.1970973
2022-05-07,3,Cyanobacteria,1.9392464,1.9312698
2022-05-08,3,Cyanobacteria,1.3235699,1.8585496
2022-05-09,3,Cyanobacteria,2.890058,1.9185766
2022-05-10,3,Cyanobacteria,2.2893047,1.850875
2022-05-11,3,Cyanobacteria,2.080232,1.7404605
2022-05-12,3,Cyanobacteria,2.0300615,2.2822347
2022-05-13,3,Cyanobacteria,2.7703042,2.2385492
2022-05-14,3,Cyanobacteria,3.278558,2.1514814
2022-05-15,3,Cyanobacteria,3.915648,2.179603
2022-05-16,3,Cyanobacteria,4.275109,2.624267
2022-05-17,3,Cyanobacteria,2.8151412,2.7250664
2022-05-18,3,Cyanobacteria,2.0774837,2.9585907
2022-05-19,3,Cyanobacteria,1.9749783,2.8651083
2022-05-20,3,Cyanobacteria,1.7361549,2.394231
2022-05-21,3,Cyanobacteria,1.4398187,2.136121
2022-05-22,3,Cyanobacteria,2.053594,2.2089942
2022-05-23,3,Cyanobacteria,1.9373734,2.1766355
2022-05-24,3,Cyanobacteria,1.7527878,2.0768929
2022-05-25,3,Cyanobacteria,1.9877247,2.4663963
2022-05-26,3,Cyanobacteria,1.7746773,2.506692
2022-05-27,3,Cyanobacteria,2.4411938,2.3827662
2022-05-28,3,Cyanobacteria,3.1183374,2.2246974
2022-05-29,3,Cyanobacteria,3.795481,2.4790697
2022-05-30,3,Cyanobacteria,4.472625,2.8106592
2022-05-31,3,Cyanobacteria,5.1497684,2.9802625
2022-06-01,3,Cyanobacteria,4.1820073,2.9377923
2022-06-02,3,Cyanobacteria,3.2975852,3.2166455
2022-06-03,3,Cyanobacteria,4.2176213,3.3166394
2022-06-04,3,Cyanobacteria,6.272964,3.0266087
2022-06-05,3,Cyanobacteria,4.386336,2.977286
2022-06-06,3,Cyanobacteria,3.5452392,3.3073804
2022-06-07,3,Cyanobacteria,3.8714397,3.800184
2022-06-08,3,Cyanobacteria,4.1976404,3.3721833
2022-06-09,3,Cyanobacteria,4.523841,3.1224866
2022-06-10,3,Cyanobacteria,4.8500414,3.276099
2022-06-11,3,Cyanobacteria,5.176242,3.2792351
2022-06-12,3,Cyanobacteria,5.1198487,3.3413715
2022-06-13,3,Cyanobacteria,5.0634556,3.3449411
2022-06-14,3,Cyanobacteria,5.0070624,3.3613071
2022-06-15,3,Cyanobacteria,4.9506693,3.1770244
2022-06-16,3,Cyanobacteria,4.894276,3.1207972
2022-06-17,3,Cyanobacteria,2.3731694,3.1582575
2022-06-18,3,Cyanobacteria,1.219232,3.146624
2022-06-19,3,Cyanobacteria,0.9798187,3.198253
2022-06-20,3,Cyanobacteria,0.78918177,2.1644425
2022-06-21,3,Cyanobacteria,0.83319336,1.5912961
2022-06-22,3,Cyanobacteria,1.5494641,1.5224674
2022-06-23,3,Cyanobacteria,4.7543416,1.4872622
2022-06-24,3,Cyanobacteria,3.66243,1.5635984
2022-06-25,3,Cyanobacteria,1.9184504,2.0481746
2022-06-26,3,Cyanobacteria,2.8912816,3.199897
2022-06-27,3,Cyanobacteria,2.743483,2.847511
2022-06-28,3,Cyanobacteria,2.3900073,2.021954
2022-06-29,3,Cyanobacteria,2.7020102,2.6246197
2022-06-30,3,Cyanobacteria,2.2068284,2.5071037
2022-07-01,3,Cyanobacteria,2.0284288,2.3706143
2022-07-02,3,Cyanobacteria,2.504562,2.6607444
2022-07-03,3,Cyanobacteria,2.6843994,2.538039
2022-07-04,3,Cyanobacteria,3.274656,2.4457765
2022-07-05,3,Cyanobacteria,3.1509414,2.7001927
2022-07-06,3,Cyanobacteria,3.4092262,2.8443174
2022-07-07,3,Cyanobacteria,2.602117,3.1206717
2022-07-08,3,Cyanobacteria,2.0531843,2.9828126
2022-07-09,3,Cyanobacteria,1.7956238,3.0130904
2022-07-10,3,Cyanobacteria,2.0568504,2.6238132
2022-07-11,3,Cyanobacteria,2.372128,2.3624413
2022-07-12,3,Cyanobacteria,2.6012175,2.24701
2022-07-13,3,Cyanobacteria,2.828348,2.5090685
2022-07-14,3,Cyanobacteria,3.8188338,2.8000438
2022-07-15,3,Cyanobacteria,6.297978,3.0201995
2022-07-16,3,Cyanobacteria,5.4864035,3.1618037
2022-07-17,3,Cyanobacteria,6.516273,3.8996065
2022-07-18,3,Cyanobacteria,4.57671,4.4465747
2022-07-19,3,Cyanobacteria,3.2610588,4.11982
2022-07-20,3,Cyanobacteria,3.2007184,4.270263
2022-07-21,3,Cyanobacteria,3.3733938,3.6904788
2022-07-22,3,Cyanobacteria,3.3644865,2.9954083
2022-07-23,3,Cyanobacteria,3.8821256,2.9908154
2022-07-24,3,Cyanobacteria,4.914276,3.0175302
2022-07-25,3,Cyanobacteria,3.6174076,3.1851711
2022-07-26,3,Cyanobacteria,2.4253619,3.575144
2022-07-27,3,Cyanobacteria,3.0902102,3.8975396
2022-07-28,3,Cyanobacteria,3.2870235,3.3292038
2022-07-29,3,Cyanobacteria,3.320978,3.0346303
2022-07-30,3,Cyanobacteria,3.3549325,3.5756447
2022-07-31,3,Cyanobacteria,3.3888872,3.6283948
2022-08-01,3,Cyanobacteria,3.4228415,3.624294
2022-08-02,3,Cyanobacteria,3.4567962,3.6598356
2022-08-03,3,Cyanobacteria,3.4907506,3.6514707
2022-08-04,3,Cyanobacteria,3.5247052,3.6807497
2022-08-05,3,Cyanobacteria,3.5586596,3.6599686
2022-08-06,3,Cyanobacteria,3.592614,3.57161
2022-08-07,3,Cyanobacteria,3.6265686,3.729645
2022-08-08,3,Cyanobacteria,3.6605232,3.743407
2022-08-09,3,Cyanobacteria,3.6944776,3.70592
2022-08-10,3,Cyanobacteria,3.728432,3.668715
2022-08-11,3,Cyanobacteria,3.7623866,3.6894429
2022-08-12,3,Cyanobacteria,3.796341,3.722643
2022-08-13,3,Cyanobacteria,3.8302956,3.7412794
2022-08-14,3,Cyanobacteria,3.8642502,3.738693
2022-08-15,3,Cyanobacteria,3.8982048,3.7406728
2022-08-16,3,Cyanobacteria,3.9321592,3.8936126
2022-08-17,3,Cyanobacteria,3.9661138,3.7679286
2022-08-18,3,Cyanobacteria,4.000068,3.7265806
2022-08-19,3,Cyanobacteria,4.0340223,3.725703
2022-08-20,3,Cyanobacteria,4.0679774,3.693828
2022-08-21,3,Cyanobacteria,4.1019316,3.6435728
2022-08-22,3,Cyanobacteria,4.135886,3.6708965
2022-08-23,3,Cyanobacteria,4.169841,3.6539
2022-08-24,3,Cyanobacteria,4.203795,3.6286979
2022-08-25,3,Cyanobacteria,4.2377496,3.6792064
2022-08-26,3,Cyanobacteria,4.271704,3.670903
2022-08-27,3,Cyanobacteria,4.305659,3.7492764
2022-08-28,3,Cyanobacteria,4.339613,3.7378771
2022-08-29,3,Cyanobacteria,4.3735676,3.8078887
2022-08-30,3,Cyanobacteria,4.407522,3.8343427
2022-08-31,3,Cyanobacteria,4.441477,3.7540495
2022-09-01,3,Cyanobacteria,4.475431,3.6301696
2022-09-02,3,Cyanobacteria,4.5093856,3.7162986
2022-09-03,3,Cyanobacteria,4.54334,3.771083
2022-09-04,3,Cyanobacteria,4.577295,3.770216
2022-09-05,3,Cyanobacteria,4.6112494,3.7823894
2022-09-06,3,Cyanobacteria,4.6452036,3.7915683
2022-09-07,3,Cyanobacteria,4.679158,3.8038013
2022-09-08,3,Cyanobacteria,4.713113,3.7561603
2022-09-09,3,Cyanobacteria,4.7470675,3.7150235
2022-09-10,3,Cyanobacteria,4.781022,3.7908373
2022-09-11,3,Cyanobacteria,6.1217318,3.8676205
2022-09-12,3,Cyanobacteria,6.153777,3.9066494
2022-09-13,3,Cyanobacteria,5.5154853,3.975902
2022-09-14,3,Cyanobacteria,4.42329,4.2886353
2022-09-15,3,Cyanobacteria,3.8892832,4.202634
2022-09-16,3,Cyanobacteria,3.7135918,4.094669
2022-09-17,3,Cyanobacteria,2.9347034,3.7686343
2022-09-18,3,Cyanobacteria,4.431348,3.577359
2022-09-19,3,Cyanobacteria,4.227647,3.3948395
2022-09-20,3,Cyanobacteria,2.5538044,3.0556974
2022-09-21,3,Cyanobacteria,2.390876,3.536501
2022-09-22,3,Cyanobacteria,2.1660202,3.3231514
2022-09-23,3,Cyanobacteria,2.1745803,2.5438259
2022-09-24,3,Cyanobacteria,2.6702752,2.4881067
2022-09-25,3,Cyanobacteria,2.3401449,2.4329922
2022-09-26,3,Cyanobacteria,2.3833406,2.4999924
2022-09-27,3,Cyanobacteria,2.510181,2.8505888
2022-09-28,3,Cyanobacteria,4.2074294,2.9105747
2022-09-29,3,Cyanobacteria,4.753896,2.9286344
2022-09-30,3,Cyanobacteria,6.1951814,3.0309975
2022-10-01,3,Cyanobacteria,3.065192,3.6180017
2022-10-02,3,Cyanobacteria,3.7090797,3.750544
2022-10-03,3,Cyanobacteria,4.398922,4.198644
2022-10-04,3,Cyanobacteria,5.0918016,3.2019293
2022-10-05,3,Cyanobacteria,4.849297,3.274171
2022-10-06,3,Cyanobacteria,4.0219636,3.3715394
2022-10-07,3,Cyanobacteria,2.7237463,3.322511
2022-10-08,3,Cyanobacteria,2.32,3.1404567
2022-10-09,3,Cyanobacteria,3.2219276,2.831963
2022-10-10,3,Cyanobacteria,3.2224002,2.26564
2022-10-11,3,Cyanobacteria,2.4283636,2.1228862
2022-10-12,3,Cyanobacteria,2.2486668,2.5035303
2022-10-13,3,Cyanobacteria,2.2341595,2.5345554
2022-10-14,3,Cyanobacteria,2.4454308,2.1954632
2022-10-15,3,Cyanobacteria,2.189485,2.224829
2022-10-16,3,Cyanobacteria,2.4336784,2.2372813
2022-10-17,3,Cyanobacteria,2.1963432,2.3054476
2022-10-18,3,Cyanobacteria,1.77874,2.1786566
2022-10-19,3,Cyanobacteria,1.6230702,2.3168137
2022-10-20,3,Cyanobacteria,1.579081,2.1990714
2022-10-21,3,Cyanobacteria,1.7665725,1.9319683
2022-10-22,3,Cyanobacteria,2.6929433,1.9507139
2022-10-23,3,Cyanobacteria,2.4712858,1.9703848
2022-10-24,3,Cyanobacteria,2.1828291,2.0239813
2022-10-25,3,Cyanobacteria,1.9161577,2.4580023
2022-10-26,3,Cyanobacteria,1.6670797,2.1546507
2022-10-27,3,Cyanobacteria,1.6202025,1.9200362
2022-10-28,3,Cyanobacteria,1.552974,1.6866214
2022-10-29,3,Cyanobacteria,1.5037726,1.5118605
2022-10-30,3,Cyanobacteria,1.6090738,1.4431151
2022-10-31,3,Cyanobacteria,1.5013676,1.4031502
2022-11-01,3,Cyanobacteria,1.3019855,1.394202
2022-11-02,3,Cyanobacteria,1.1026033,1.4075098
2022-11-03,3,Cyanobacteria,1.1929109,1.329996
2022-11-04,3,Cyanobacteria,1.2192972,1.3106265
2022-11-05,3,Cyanobacteria,1.2108177,1.2691582
2022-11-06,3,Cyanobacteria,1.1931765,1.3598942
2022-11-07,3,Cyanobacteria,1.1273862,1.4651574
2022-11-08,3,Cyanobacteria,1.5220854,1.5775076
2022-11-09,3,Cyanobacteria,1.8338467,1.6003795
2022-11-10,3,Cyanobacteria,2.1456077,1.5840037
2022-11-11,3,Cyanobacteria,3.645496,1.7529725
2022-11-12,3,Cyanobacteria,3.7778358,1.9222194
2022-11-13,3,Cyanobacteria,3.9101756,2.0328581
2022-11-14,3,Cyanobacteria,4.0425153,2.479869
2022-11-15,3,Cyanobacteria,4.174855,2.5067446
2022-11-16,3,Cyanobacteria,2.4362636,2.374104
2022-11-17,3,Cyanobacteria,1.8813034,2.2782316
2022-11-18,3,Cyanobacteria,1.7065123,2.1935325
2022-11-19,3,Cyanobacteria,1.7963116,1.8370332
2022-11-20,3,Cyanobacteria,1.7562879,1.6653186
2022-11-21,3,Cyanobacteria,1.716068,1.614792
2022-11-22,3,Cyanobacteria,1.8579218,1.6530715
2022-11-23,3,Cyanobacteria,2.309513,1.642125
2022-11-24,3,Cyanobacteria,2.2426267,1.6067212
2022-11-25,3,Cyanobacteria,1.6817813,1.6449631
2022-11-26,3,Cyanobacteria,2.334812,1.7149047
2022-11-27,3,Cyanobacteria,2.538623,1.7429024
2022-11-28,3,Cyanobacteria,2.067699,1.5547804
2022-11-29,3,Cyanobacteria,1.609312,1.7807224
2022-11-30,3,Cyanobacteria,1.4803835,1.8270863
2022-12-01,3,Cyanobacteria,1.5265702,1.6510602
2022-12-02,3,Cyanobacteria,1.5021827,1.4506776
2022-12-03,3,Cyanobacteria,1.3033888,1.3982121
2022-12-04,3,Cyanobacteria,1.2186893,1.5682943
2022-12-05,3,Cyanobacteria,1.2566932,1.7064786
2022-12-06,3,Cyanobacteria,1.2839594,1.6218951
2022-12-07,3,Cyanobacteria,1.2833816,1.558432
2022-12-08,3,Cyanobacteria,1.264826,1.6204522
2022-12-09,3,Cyanobacteria,1.1665274,1.6585133
2022-12-10,3,Cyanobacteria,1.1783273,1.6156175
2022-12-11,3,Cyanobacteria,1.162433,1.5651337
2022-12-12,3,Cyanobacteria,1.0775615,1.5220631
2022-12-13,3,Cyanobacteria,1.0522738,1.5073605
2022-12-14,3,Cyanobacteria,1.0630385,1.4681976
2022-12-15,3,Cyanobacteria,0.9643116,1.4098251
2022-12-16,3,Cyanobacteria,0.9429254,1.3608645
2022-12-17,3,Cyanobacteria,0.9599493,1.2799182
2022-12-18,3,Cyanobacteria,1.066546,1.2133017
2022-12-19,3,Cyanobacteria,1.2629783,1.0866625
2022-12-20,3,Cyanobacteria,0.976756,1.116781
2022-12-21,3,Cyanobacteria,0.92862743,1.185607
2022-12-22,3,Cyanobacteria,0.971029,1.285296
2022-12-23,3,Cyanobacteria,1.0265797,1.1077073
2022-12-24,3,Cyanobacteria,1.063063,1.0054047
2022-12-25,3,Cyanobacteria,1.0813106,1.0242401
2022-12-26,3,Cyanobacteria,1.0943778,1.0091614
2022-12-27,3,Cyanobacteria,1.0884805,1.0021926
2022-12-28,3,Cyanobacteria,1.1312981,0.97559345
2022-12-29,3,Cyanobacteria,1.1201302,0.9206348
2022-12-30,3,Cyanobacteria,1.0986956,0.9336316
2022-12-31,3,Cyanobacteria,1.1218044,0.94945645
2023-01-01,3,Cyanobacteria,1.1762229,0.921708
2023-01-02,3,Cyanobacteria,1.3408847,0.8725849
2023-01-03,3,Cyanobacteria,1.5967512,0.86476785
2023-01-04,3,Cyanobacteria,1.1869442,0.8965187
2023-01-05,3,Cyanobacteria,0.5527029,0.9330981
2023-01-06,3,Cyanobacteria,0.5547719,0.99322814
2023-01-07,3,Cyanobacteria,0.25931886,0.8990094
2023-01-08,3,Cyanobacteria,0.8177391,0.7314586
2023-01-09,3,Cyanobacteria,0.1614521,0.7906703
2023-01-10,3,Cyanobacteria,0.992042,0.75724566
2023-01-11,3,Cyanobacteria,1.275152,1.12319
2023-01-12,3,Cyanobacteria,1.3251085,1.0322102
2023-01-13,3,Cyanobacteria,1.0189146,1.3765973
2023-01-14,3,Cyanobacteria,1.2738205,1.485182
2023-01-15,3,Cyanobacteria,1.3461332,1.5038248
2023-01-16,3,Cyanobacteria,1.4476104,1.4463892
2023-01-17,3,Cyanobacteria,1.2679595,1.4891099
2023-01-18,3,Cyanobacteria,1.4467247,1.660309
2023-01-19,3,Cyanobacteria,1.4130435,1.643437
2023-01-20,3,Cyanobacteria,1.1790079,1.5415742
2023-01-21,3,Cyanobacteria,1.253741,1.5278075
2023-01-22,3,Cyanobacteria,0.74572355,1.4269203
2023-01-23,3,Cyanobacteria,0.6302901,1.2551692
2023-01-24,3,Cyanobacteria,1.5968212,1.3593652
2023-01-25,3,Cyanobacteria,1.5914844,1.2162291
2023-01-26,3,Cyanobacteria,1.4528313,1.0648007
2023-01-27,3,Cyanobacteria,1.3141781,1.6239412
2023-01-28,3,Cyanobacteria,1.4395945,1.6818553
2023-01-29,3,Cyanobacteria,1.4727279,1.5371246
2023-01-30,3,Cyanobacteria,1.3791581,1.4131302
2023-01-31,3,Cyanobacteria,1.1787742,1.4519178
2023-02-01,3,Cyanobacteria,0.9783902,1.4495515
2023-02-02,3,Cyanobacteria,1.3512114,1.3725955
2023-02-03,3,Cyanobacteria,1.5657766,1.3001235
2023-02-04,3,Cyanobacteria,1.615985,1.2442591
2023-02-05,3,Cyanobacteria,2.4904246,1.4489336
2023-02-06,3,Cyanobacteria,2.262368,1.6544154
2023-02-07,3,Cyanobacteria,2.1824055,1.6622051
2023-02-08,3,Cyanobacteria,1.5520464,1.9086857
2023-02-09,3,Cyanobacteria,1.8653886,1.7945869
2023-02-10,3,Cyanobacteria,2.283535,1.8433287
2023-02-11,3,Cyanobacteria,2.7620409,1.7132802
2023-02-12,3,Cyanobacteria,2.2324486,1.7900575
2023-02-13,3,Cyanobacteria,1.8255773,1.9541658
2023-02-14,3,Cyanobacteria,2.4639304,2.0439727
2023-02-15,3,Cyanobacteria,1.9916799,1.9731677
2023-02-16,3,Cyanobacteria,1.7593039,1.8900845
2023-02-17,3,Cyanobacteria,1.7566204,2.1118906
2023-02-18,3,Cyanobacteria,1.8478105,1.9585255
2023-02-19,3,Cyanobacteria,1.577091,1.8762367
2023-02-20,3,Cyanobacteria,1.5175421,1.8982017
2023-02-21,3,Cyanobacteria,1.2222602,1.9961895
2023-02-22,3,Cyanobacteria,1.1143904,1.8918074
2023-02-23,3,Cyanobacteria,1.5166937,1.8688663
2023-02-24,3,Cyanobacteria,1.4491328,1.7165018
2023-02-25,3,Cyanobacteria,1.4799918,1.6130017
2023-02-26,3,Cyanobacteria,1.5221559,1.8120224
2023-02-27,3,Cyanobacteria,1.712296,1.7694179
2023-02-28,3,Cyanobacteria,2.1366403,1.7418133
2023-03-01,3,Cyanobacteria,1.7858219,1.7657213
2023-03-02,3,Cyanobacteria,1.3755527,1.8224912
2023-03-03,3,Cyanobacteria,1.2984917,2.0264976
2023-03-04,3,Cyanobacteria,1.2888846,1.8736283
2023-03-05,3,Cyanobacteria,1.2217515,1.6491821
2023-03-06,3,Cyanobacteria,1.191564,1.6048543
2023-03-07,3,Cyanobacteria,1.3979748,1.6232591
2023-03-08,3,Cyanobacteria,1.3001692,1.6150115
2023-03-09,3,Cyanobacteria,1.2327971,1.5978637
2023-03-10,3,Cyanobacteria,1.1577052,1.6924284
2023-03-11,3,Cyanobacteria,1.0726924,1.6365371
2023-03-12,3,Cyanobacteria,1.0191824,1.5768907
2023-03-13,3,Cyanobacteria,0.8894389,1.5371455
2023-03-14,3,Cyanobacteria,0.90746105,1.4990146
2023-03-15,3,Cyanobacteria,0.87925994,1.4896973
2023-03-16,3,Cyanobacteria,0.83830166,1.4621817
2023-03-17,3,Cyanobacteria,1.0444053,1.3759491
2023-03-18,3,Cyanobacteria,1.0910829,1.3542
2023-03-19,3,Cyanobacteria,0.9658961,1.3771269
2023-03-20,3,Cyanobacteria,0.92234516,1.5691899
2023-03-21,3,Cyanobacteria,0.9250495,1.6410604
2023-03-22,3,Cyanobacteria,0.80815005,1.5820404
2023-03-23,3,Cyanobacteria,0.27196577,1.5914857
2023-03-24,3,Cyanobacteria,0.7134048,1.6077435
2023-03-25,3,Cyanobacteria,2.8818572,1.6506093
2023-03-26,3,Cyanobacteria,3.2467968,1.3504094
2023-03-27,3,Cyanobacteria,3.6117365,1.6279454
2023-03-28,3,Cyanobacteria,2.6727736,2.8462155
2023-03-29,3,Cyanobacteria,1.9372687,2.6838381
2023-03-30,3,Cyanobacteria,1.7760023,2.4251978
2023-03-31,3,Cyanobacteria,1.5423425,1.9603899
2023-04-01,3,Cyanobacteria,1.2678039,1.7527903
2023-04-02,3,Cyanobacteria,1.108106,1.5480396
2023-04-03,3,Cyanobacteria,1.0268787,1.4699377
2023-04-04,3,Cyanobacteria,1.0073328,1.3812736
2023-04-05,3,Cyanobacteria,1.5883657,1.4129697
2023-04-06,3,Cyanobacteria,2.1693985,1.4693998
2023-04-07,3,Cyanobacteria,2.7504315,1.6618453
2023-04-08,3,Cyanobacteria,3.3314643,2.0717611
2023-04-09,3,Cyanobacteria,2.7729766,2.364351
2023-04-10,3,Cyanobacteria,2.417534,2.3540387
2023-04-11,3,Cyanobacteria,1.7742348,2.3079038
2023-04-12,3,Cyanobacteria,1.4090321,1.9591725
2023-04-13,3,Cyanobacteria,1.2431421,1.8437902
2023-04-14,3,Cyanobacteria,1.120989,1.6169927
2023-04-15,3,Cyanobacteria,1.1054552,1.4021763
2023-04-16,3,Cyanobacteria,1.0206532,1.3890048
2023-04-17,3,Cyanobacteria,0.772153,1.4485582
2023-04-18,3,Cyanobacteria,1.0562845,1.5438929
2023-04-19,3,Cyanobacteria,1.5799931,1.6991113
2023-04-20,3,Cyanobacteria,1.3164134,1.6389291
2023-04-21,3,Cyanobacteria,1.2170826,1.81777
2023-04-22,3,Cyanobacteria,1.2514278,2.109488
2023-04-23,3,Cyanobacteria,1.1737871,1.719638
2023-04-24,3,Cyanobacteria,1.1448725,1.5674576
2023-04-25,3,Cyanobacteria,1.0627111,1.7005026
2023-04-26,3,Cyanobacteria,1.4576253,1.7251078
2023-04-27,3,Cyanobacteria,1.7456878,1.7289875
2023-04-28,3,Cyanobacteria,1.8548379,1.6756808
2023-04-29,3,Cyanobacteria,2.6361527,1.7584735
2023-04-30,3,Cyanobacteria,3.1612911,2.008421
2023-05-01,3,Cyanobacteria,1.9083881,2.079874
2023-05-02,3,Cyanobacteria,1.5850003,2.5098133
2023-05-03,3,Cyanobacteria,0.7557995,2.5701704
2023-05-04,3,Cyanobacteria,0.83305645,1.9239163
2023-05-05,3,Cyanobacteria,0.64165354,1.7200145
2023-05-06,3,Cyanobacteria,0.42700356,1.3172059
2023-05-07,3,Cyanobacteria,1.1629804,1.416971
2023-05-08,3,Cyanobacteria,1.8989573,1.3523962
2023-05-09,3,Cyanobacteria,2.634934,1.3601602
2023-05-10,3,Cyanobacteria,3.370911,1.8870277
2023-05-11,3,Cyanobacteria,4.106888,2.1517584
2023-05-12,3,Cyanobacteria,4.8428645,2.2647107
2023-05-13,3,Cyanobacteria,5.5788417,2.442475
2023-05-14,3,Cyanobacteria,3.4932373,2.4376588
2023-05-15,3,Cyanobacteria,2.3829908,2.3983424
2023-05-16,3,Cyanobacteria,1.6760406,2.4107735
2023-05-17,3,Cyanobacteria,1.5048957,1.9924179
2023-05-18,3,Cyanobacteria,1.3905042,1.7246152
2023-05-19,3,Cyanobacteria,1.3446171,1.5264411
2023-05-20,3,Cyanobacteria,1.3385532,1.5996678
2023-05-21,3,Cyanobacteria,1.2489344,1.6644423
2023-05-22,3,Cyanobacteria,1.2775736,1.6979313
2023-05-23,3,Cyanobacteria,1.7400788,1.8691586
2023-05-24,3,Cyanobacteria,2.1723888,1.840389
2023-05-25,3,Cyanobacteria,2.054791,1.7958372
2023-05-26,3,Cyanobacteria,2.0169272,2.0432158
2023-05-27,3,Cyanobacteria,2.1836193,2.322092
2023-05-28,3,Cyanobacteria,2.1190135,2.2730925
2023-05-29,3,Cyanobacteria,2.2845416,2.2240655
2023-05-30,3,Cyanobacteria,2.8546731,2.29291
2023-05-31,3,Cyanobacteria,3.6820343,2.281577
2023-06-01,3,Cyanobacteria,4.2432837,2.327659
2023-06-02,3,Cyanobacteria,3.1228824,2.5259829
2023-06-03,3,Cyanobacteria,3.9125252,2.6075459
2023-06-04,3,Cyanobacteria,3.0990682,2.5580137
2023-06-05,3,Cyanobacteria,2.2573907,2.2824192
2023-06-06,3,Cyanobacteria,3.5290446,2.5860896
2023-06-07,3,Cyanobacteria,4.5944915,2.4283454
2023-06-08,3,Cyanobacteria,3.974097,2.1511362
2023-06-09,3,Cyanobacteria,2.817865,2.6817455
2023-06-10,3,Cyanobacteria,2.1575139,3.0803258
2023-06-11,3,Cyanobacteria,2.202399,2.7993855
2023-06-12,3,Cyanobacteria,2.613506,2.3983836
2023-06-13,3,Cyanobacteria,3.0178857,2.2546222
2023-06-14,3,Cyanobacteria,3.2518442,2.4087903
2023-06-15,3,Cyanobacteria,2.6697867,2.6239064
2023-06-16,3,Cyanobacteria,1.9534781,2.623189
2023-06-17,3,Cyanobacteria,2.036473,2.575686
2023-06-18,3,Cyanobacteria,2.074111,2.2608056
2023-06-19,3,Cyanobacteria,1.7520274,2.0557106
2023-06-20,3,Cyanobacteria,1.9095271,2.2038307
2023-06-21,3,Cyanobacteria,2.6224213,2.2939548
2023-06-22,3,Cyanobacteria,2.9754727,2.2381742
2023-06-23,3,Cyanobacteria,3.7797623,2.395121
2023-06-24,3,Cyanobacteria,3.8032756,2.7799273
2023-06-25,3,Cyanobacteria,3.9180677,2.8860161
2023-06-26,3,Cyanobacteria,4.7419147,3.0661974
2023-06-27,3,Cyanobacteria,5.532881,2.7204201
2023-06-28,3,Cyanobacteria,3.5055287,2.5970953
2023-06-29,3,Cyanobacteria,3.4548762,2.9380894
2023-06-30,3,Cyanobacteria,2.7937806,2.9006338
2023-07-01,3,Cyanobacteria,1.5995938,2.2146857
2023-07-02,3,Cyanobacteria,1.5965191,2.125257
2023-07-03,3,Cyanobacteria,1.7737297,1.8882569
2023-07-04,3,Cyanobacteria,2.776571,1.4870255
2023-07-05,3,Cyanobacteria,3.2304816,1.5822397
2023-07-06,3,Cyanobacteria,1.984966,1.6412716
2023-07-07,3,Cyanobacteria,1.9826539,1.9654173
2023-07-08,3,Cyanobacteria,2.2500691,2.0282195
2023-07-09,3,Cyanobacteria,2.3913074,1.5081058
2023-07-10,3,Cyanobacteria,2.655939,1.5081118
2023-07-11,3,Cyanobacteria,1.9692372,1.6395367
2023-07-12,3,Cyanobacteria,1.2298373,1.650031
2023-07-13,3,Cyanobacteria,1.0929966,1.6658398
2023-07-14,3,Cyanobacteria,0.5992144,1.4609998
2023-07-15,3,Cyanobacteria,0.6014617,1.2781856
2023-07-16,3,Cyanobacteria,0.609786,1.2780108
2023-07-17,3,Cyanobacteria,0.70679635,1.198687
2023-07-18,3,Cyanobacteria,0.8659262,1.2421262
2023-07-19,3,Cyanobacteria,0.9241884,1.3819673
2023-07-20,3,Cyanobacteria,1.0990573,1.4643418
2023-07-21,3,Cyanobacteria,2.9751103,1.5641556
2023-07-22,3,Cyanobacteria,4.6228127,1.6613235
2023-07-23,3,Cyanobacteria,2.8313358,1.8050102
2023-07-24,3,Cyanobacteria,4.548409,2.8064764
2023-07-25,3,Cyanobacteria,5.784873,3.0461662
2023-07-26,3,Cyanobacteria,3.7234683,2.1447442
2023-07-27,3,Cyanobacteria,1.6620638,2.459573
2023-07-28,3,Cyanobacteria,0.8556233,2.4432003
2023-07-29,3,Cyanobacteria,0.89116377,1.8994575
2023-07-30,3,Cyanobacteria,1.1886462,1.4072767
2023-07-31,3,Cyanobacteria,2.471676,1.2343165
2023-08-01,3,Cyanobacteria,1.6940145,1.3928511
2023-08-02,3,Cyanobacteria,1.9481753,1.7526845
2023-08-03,3,Cyanobacteria,1.7617489,2.1115413
2023-08-04,3,Cyanobacteria,1.0801963,1.6758332
2023-08-05,3,Cyanobacteria,1.292281,1.712372
2023-08-06,3,Cyanobacteria,1.7215066,1.6522744
2023-08-07,3,Cyanobacteria,3.3288689,1.4268355
2023-08-08,3,Cyanobacteria,3.0218735,1.5910553
2023-08-09,3,Cyanobacteria,1.651122,1.7744111
2023-08-10,3,Cyanobacteria,1.442921,2.1926212
2023-08-11,3,Cyanobacteria,0.7765467,1.909444
2023-08-12,3,Cyanobacteria,0.9314234,1.3692286
2023-08-13,3,Cyanobacteria,1.5715406,1.4075928
2023-08-14,3,Cyanobacteria,4.173333,1.2286174
2023-08-15,3,Cyanobacteria,1.9116304,1.3624481
2023-08-16,3,Cyanobacteria,3.6171675,1.6789397
2023-08-17,3,Cyanobacteria,2.3501623,2.3610394
2023-08-18,3,Cyanobacteria,2.9149249,1.660688
2023-08-19,3,Cyanobacteria,3.0159187,2.1124165
2023-08-20,3,Cyanobacteria,2.285934,1.78684
2023-08-21,3,Cyanobacteria,2.103505,2.1902275
2023-08-22,3,Cyanobacteria,2.0100663,2.2317984
2023-08-23,3,Cyanobacteria,2.030845,1.8423247
2023-08-24,3,Cyanobacteria,1.9803014,1.9149084
2023-08-25,3,Cyanobacteria,1.8590924,2.0354214
2023-08-26,3,Cyanobacteria,2.186416,2.1003196
2023-08-27,3,Cyanobacteria,2.1218035,2.080131
2023-08-28,3,Cyanobacteria,2.2880745,2.257089
2023-08-29,3,Cyanobacteria,4.906969,2.4964528
2023-08-30,3,Cyanobacteria,2.747103,2.4884336
2023-08-31,3,Cyanobacteria,4.8251433,2.4960089
2023-09-01,3,Cyanobacteria,3.1461823,3.2883983
2023-09-02,3,Cyanobacteria,2.997252,2.3599164
2023-09-03,3,Cyanobacteria,2.551028,3.0957751
2023-09-04,3,Cyanobacteria,2.49856,2.4333138
2023-09-05,3,Cyanobacteria,5.2166624,2.2909179
2023-09-06,3,Cyanobacteria,5.1275606,2.2220302
2023-09-07,3,Cyanobacteria,5.0384583,2.3344631
2023-09-08,3,Cyanobacteria,4.9493566,3.0807388
2023-09-09,3,Cyanobacteria,2.5999234,3.0427802
2023-09-10,3,Cyanobacteria,2.1791236,2.764427
2023-09-11,3,Cyanobacteria,1.9352801,2.6298938
2023-09-12,3,Cyanobacteria,1.8269101,1.9337825
2023-09-13,3,Cyanobacteria,1.9009577,1.9354929
2023-09-14,3,Cyanobacteria,2.1442535,1.8253032
2023-09-15,3,Cyanobacteria,2.3835835,2.0137448
2023-09-16,3,Cyanobacteria,2.215428,2.0897055
2023-09-17,3,Cyanobacteria,1.9896855,2.303601
2023-09-18,3,Cyanobacteria,2.0334396,2.370828
2023-09-19,3,Cyanobacteria,2.1670406,2.2361457
2023-09-20,3,Cyanobacteria,2.404295,2.2492716
2023-09-21,3,Cyanobacteria,2.4283464,2.2221942
2023-09-22,3,Cyanobacteria,2.1776288,2.2815564
2023-09-23,3,Cyanobacteria,2.2079122,2.3792555
2023-09-24,3,Cyanobacteria,2.0656526,2.3993368
2023-09-25,3,Cyanobacteria,1.8197497,2.2342424
2023-09-26,3,Cyanobacteria,2.788784,2.1736996
2023-09-27,3,Cyanobacteria,2.862572,2.2114613
2023-09-28,3,Cyanobacteria,2.8470044,2.1273382
2023-09-29,3,Cyanobacteria,2.7773497,2.4715383
2023-09-30,3,Cyanobacteria,3.3597028,2.4544175
2023-10-01,3,Cyanobacteria,3.2632625,2.3724046
2023-10-02,3,Cyanobacteria,2.1856651,2.2783768
2023-10-03,3,Cyanobacteria,3.234886,2.4009244
2023-10-04,3,Cyanobacteria,3.1014996,2.2772787
2023-10-05,3,Cyanobacteria,2.354695,1.9632977
2023-10-06,3,Cyanobacteria,1.8833472,2.5131102
2023-10-07,3,Cyanobacteria,1.6806661,2.3619008
2023-10-08,3,Cyanobacteria,1.6510261,2.0885456
2023-10-09,3,Cyanobacteria,1.65687,2.03511
2023-10-10,3,Cyanobacteria,2.0349479,2.0492811
2023-10-11,3,Cyanobacteria,1.9036157,2.092039
2023-10-12,3,Cyanobacteria,1.5963961,2.117411
2023-10-13,3,Cyanobacteria,2.2419574,2.4308102
2023-10-14,3,Cyanobacteria,3.478502,2.4384065
2023-10-15,3,Cyanobacteria,3.9786897,2.3281837
2023-10-16,3,Cyanobacteria,2.291187,2.6255496
2023-10-17,3,Cyanobacteria,2.2361436,3.0549219
2023-10-18,3,Cyanobacteria,3.1238363,3.0622187
2023-10-19,3,Cyanobacteria,3.5173097,2.4564655
2023-10-20,3,Cyanobacteria,3.7166374,2.3437414
2023-10-21,3,Cyanobacteria,2.9234288,2.7196016
2023-10-22,3,Cyanobacteria,3.0309916,2.725715
2023-10-23,3,Cyanobacteria,2.8510609,2.712451
2023-10-24,3,Cyanobacteria,3.768123,2.639296
2023-10-25,3,Cyanobacteria,5.941194,2.5609357
2023-10-26,3,Cyanobacteria,4.4449563,2.6026978
2023-10-27,3,Cyanobacteria,4.763434,2.924018
2023-10-28,3,Cyanobacteria,2.8690472,3.3054688
2023-10-29,3,Cyanobacteria,2.7990034,2.9516602
2023-10-30,3,Cyanobacteria,2.6598368,2.9958606
2023-10-31,3,Cyanobacteria,3.064641,2.4511304
2023-11-01,3,Cyanobacteria,3.5453944,2.4154127
2023-11-02,3,Cyanobacteria,3.0826712,2.404477
2023-11-03,3,Cyanobacteria,3.453603,2.5325968
2023-11-04,3,Cyanobacteria,2.4549444,2.6726036
2023-11-05,3,Cyanobacteria,3.4141028,2.5024636
2023-11-06,3,Cyanobacteria,3.7630842,2.6417027
2023-11-07,3,Cyanobacteria,2.8241215,2.2556722
2023-11-08,3,Cyanobacteria,1.6250529,2.4388387
2023-11-09,3,Cyanobacteria,1.9600605,2.5775228
2023-11-10,3,Cyanobacteria,2.4557483,2.1795871
2023-11-11,3,Cyanobacteria,1.7682997,1.7392572
2023-11-12,3,Cyanobacteria,1.8357332,2.0145981
2023-11-13,3,Cyanobacteria,1.5355757,2.300142
2023-11-14,3,Cyanobacteria,1.4568228,2.0606592
2023-11-15,3,Cyanobacteria,1.3942672,2.0956938
2023-11-16,3,Cyanobacteria,1.4696076,2.0115407
2023-11-17,3,Cyanobacteria,1.5879126,2.0146077
2023-11-18,3,Cyanobacteria,1.8608291,1.9570868
2023-11-19,3,Cyanobacteria,1.7472198,1.9749194
2023-11-20,3,Cyanobacteria,2.048946,2.0102806
2023-11-21,3,Cyanobacteria,2.0148678,2.1722922
2023-11-22,3,Cyanobacteria,2.2934241,2.098545
2023-11-23,3,Cyanobacteria,3.542967,2.244276
2023-11-24,3,Cyanobacteria,2.294738,2.2482631
2023-11-25,3,Cyanobacteria,1.8379765,2.3147163
2023-11-26,3,Cyanobacteria,1.510859,2.588303
2023-11-27,3,Cyanobacteria,1.4485191,2.084873
2023-11-28,3,Cyanobacteria,1.7754028,1.8996524
2023-11-29,3,Cyanobacteria,1.1889424,1.8121716
2023-11-30,3,Cyanobacteria,4.1997676,1.8604633
2023-12-01,3,Cyanobacteria,2.7477224,2.0465963
2023-12-02,3,Cyanobacteria,2.1429226,1.8719352
2023-12-03,3,Cyanobacteria,2.1683147,2.8710115
2023-12-04,3,Cyanobacteria,1.8719982,2.4470465
2023-12-05,3,Cyanobacteria,2.7758234,2.0472522
2023-12-06,3,Cyanobacteria,2.8993187,2.001953
2023-12-07,3,Cyanobacteria,2.0482368,1.7795823
2023-12-08,3,Cyanobacteria,1.585169,2.1966445
2023-12-09,3,Cyanobacteria,2.0673146,2.3643541
2023-12-10,3,Cyanobacteria,1.7040033,2.0294595
2023-12-11,3,Cyanobacteria,2.2543254,1.8226354
2023-12-12,3,Cyanobacteria,2.8514695,2.075505
2023-12-13,3,Cyanobacteria,2.631844,1.9570298
2023-12-14,3,Cyanobacteria,2.930671,2.1794112
2023-12-15,3,Cyanobacteria,4.081218,2.4309473
2023-12-16,3,Cyanobacteria,2.122142,2.1938362
2023-12-17,3,Cyanobacteria,1.3384718,2.0895596
2023-12-18,3,Cyanobacteria,1.4121481,2.3099177
2023-12-19,3,Cyanobacteria,1.8288468,1.7690011
2023-12-20,3,Cyanobacteria,1.4450092,1.4466431
2023-12-21,3,Cyanobacteria,1.3191619,1.5147189
2023-12-22,3,Cyanobacteria,1.6237926,1.7763367
2023-12-23,3,Cyanobacteria,1.574842,1.6598395
2023-12-24,3,Cyanobacteria,1.5136062,1.6131735
2023-12-25,3,Cyanobacteria,1.7450206,1.7603236
2023-12-26,3,Cyanobacteria,3.017767,1.7630703
2023-12-27,3,Cyanobacteria,3.659146,1.7319314
2023-12-28,3,Cyanobacteria,2.284695,1.8276694
2023-12-29,3,Cyanobacteria,1.6734831,2.2619207
