date,horizon,target,true_value,pred_value
2020-10-28,1,Cyanobacteria,2.785,2.2520485
2020-10-29,1,Cyanobacteria,1.9198873,2.429269
2020-10-30,1,Cyanobacteria,0.9165894,1.7080857
2020-10-31,1,Cyanobacteria,1.3927351,1.1308103
2020-11-01,1,Cyanobacteria,1.3244635,1.4237826
2020-11-02,1,Cyanobacteria,1.4207313,1.3421732
2020-11-03,1,Cyanobacteria,1.6778421,1.4363928
2020-11-04,1,Cyanobacteria,1.990452,1.6966755
2020-11-05,1,Cyanobacteria,2.022165,2.0366948
2020-11-06,1,Cyanobacteria,2.008798,1.948486
2020-11-07,1,Cyanobacteria,1.885076,1.8876694
2020-11-08,1,Cyanobacteria,1.9127102,1.6055584
2020-11-09,1,Cyanobacteria,1.7077882,1.533666
2020-11-10,1,Cyanobacteria,1.6468678,1.4720001
2020-11-11,1,Cyanobacteria,1.6813062,1.3951604
2020-11-12,1,Cyanobacteria,1.9224818,1.4067271
2020-11-13,1,Cyanobacteria,1.6967794,1.6038609
2020-11-14,1,Cyanobacteria,2.2499926,1.4488623
2020-11-15,1,Cyanobacteria,2.0681548,2.0411742
2020-11-16,1,Cyanobacteria,1.7629341,1.5540564
2020-11-17,1,Cyanobacteria,1.6316327,1.449208
2020-11-18,1,Cyanobacteria,1.4976882,1.3040105
2020-11-19,1,Cyanobacteria,1.2110482,1.3270297
2020-11-20,1,Cyanobacteria,1.6200837,1.0897473
2020-11-21,1,Cyanobacteria,1.108683,1.3195195
2020-11-22,1,Cyanobacteria,1.0693725,0.944119
2020-11-23,1,Cyanobacteria,1.2781522,0.83082247
2020-11-24,1,Cyanobacteria,1.5949926,1.0299281
2020-11-25,1,Cyanobacteria,1.621545,1.263355
2020-11-26,1,Cyanobacteria,0.6157164,1.2689122
2020-11-27,1,Cyanobacteria,1.1531911,0.7817747
2020-11-28,1,Cyanobacteria,1.334508,1.0346271
2020-11-29,1,Cyanobacteria,1.2755716,1.1158333
2020-11-30,1,Cyanobacteria,1.4539436,1.1268522
2020-12-01,1,Cyanobacteria,1.416155,1.2741164
2020-12-02,1,Cyanobacteria,1.3794355,1.2870079
2020-12-03,1,Cyanobacteria,1.5929089,1.2245195
2020-12-04,1,Cyanobacteria,1.6844646,1.378332
2020-12-05,1,Cyanobacteria,1.6305789,1.5159665
2020-12-06,1,Cyanobacteria,1.537851,1.37078
2020-12-07,1,Cyanobacteria,1.4415424,1.3214697
2020-12-08,1,Cyanobacteria,1.3017017,1.1973429
2020-12-09,1,Cyanobacteria,1.1760101,1.1006726
2020-12-10,1,Cyanobacteria,1.2858943,0.9732411
2020-12-11,1,Cyanobacteria,1.2478929,1.106384
2020-12-12,1,Cyanobacteria,1.1700652,1.0714538
2020-12-13,1,Cyanobacteria,0.7562853,0.9909475
2020-12-14,1,Cyanobacteria,1.4720767,0.8006074
2020-12-15,1,Cyanobacteria,1.6189508,1.3388407
2020-12-16,1,Cyanobacteria,1.7228365,1.3808175
2020-12-17,1,Cyanobacteria,1.7015278,1.4793895
2020-12-18,1,Cyanobacteria,1.5606419,1.3181174
2020-12-19,1,Cyanobacteria,1.410767,1.1974376
2020-12-20,1,Cyanobacteria,1.231288,1.085856
2020-12-21,1,Cyanobacteria,1.0281318,0.92764354
2020-12-22,1,Cyanobacteria,0.94908035,0.8202721
2020-12-23,1,Cyanobacteria,0.5109782,0.7963045
2020-12-24,1,Cyanobacteria,0.7968573,0.6258596
2020-12-25,1,Cyanobacteria,0.9004562,0.7216236
2020-12-26,1,Cyanobacteria,1.0766836,0.8330827
2020-12-27,1,Cyanobacteria,0.95042,0.8980039
2020-12-28,1,Cyanobacteria,0.5107458,0.7858754
2020-12-29,1,Cyanobacteria,0.2183068,0.5644522
2020-12-30,1,Cyanobacteria,1.2127858,0.38761878
2020-12-31,1,Cyanobacteria,0.92782927,0.7794023
2021-01-01,1,Cyanobacteria,1.2508177,0.73629093
2021-01-02,1,Cyanobacteria,1.2944026,0.96114635
2021-01-03,1,Cyanobacteria,1.232453,1.0035844
2021-01-04,1,Cyanobacteria,1.0558363,0.93901044
2021-01-05,1,Cyanobacteria,1.1140188,0.80978215
2021-01-06,1,Cyanobacteria,1.0396379,0.8077055
2021-01-07,1,Cyanobacteria,1.0007603,0.7562215
2021-01-08,1,Cyanobacteria,1.133749,0.7411734
2021-01-09,1,Cyanobacteria,1.1601809,0.7934812
2021-01-10,1,Cyanobacteria,1.2568814,0.80615383
2021-01-11,1,Cyanobacteria,1.1985952,0.82648754
2021-01-12,1,Cyanobacteria,1.1570984,0.8022615
2021-01-13,1,Cyanobacteria,1.1095513,0.793726
2021-01-14,1,Cyanobacteria,1.023268,0.7409727
2021-01-15,1,Cyanobacteria,0.7892397,0.7062888
2021-01-16,1,Cyanobacteria,0.5160029,0.5795862
2021-01-17,1,Cyanobacteria,0.6644501,0.51101965
2021-01-18,1,Cyanobacteria,0.72609264,0.5422375
2021-01-19,1,Cyanobacteria,0.80248195,0.632851
2021-01-20,1,Cyanobacteria,0.5337771,0.67260396
2021-01-21,1,Cyanobacteria,0.47094068,0.669443
2021-01-22,1,Cyanobacteria,0.73403335,0.47866592
2021-01-23,1,Cyanobacteria,0.5746165,0.61061966
2021-01-24,1,Cyanobacteria,0.9917221,0.5823166
2021-01-25,1,Cyanobacteria,0.90726936,1.0207412
2021-01-26,1,Cyanobacteria,1.368466,1.0573647
2021-01-27,1,Cyanobacteria,1.1996093,1.0482339
2021-01-28,1,Cyanobacteria,1.1409117,0.8033435
2021-01-29,1,Cyanobacteria,1.1614038,0.8319332
2021-01-30,1,Cyanobacteria,0.9247902,0.93731356
2021-01-31,1,Cyanobacteria,0.8163143,0.7703107
2021-02-01,1,Cyanobacteria,0.68247646,0.639632
2021-02-02,1,Cyanobacteria,0.7478566,0.517165
2021-02-03,1,Cyanobacteria,0.9111803,0.4835273
2021-02-04,1,Cyanobacteria,0.80073136,0.61131036
2021-02-05,1,Cyanobacteria,0.7012689,0.61788046
2021-02-06,1,Cyanobacteria,0.6910789,0.54637915
2021-02-07,1,Cyanobacteria,0.677118,0.5060042
2021-02-08,1,Cyanobacteria,0.8998841,0.43736714
2021-02-09,1,Cyanobacteria,0.6313663,0.52592236
2021-02-10,1,Cyanobacteria,0.74432606,0.45819584
2021-02-11,1,Cyanobacteria,0.8625417,0.5179704
2021-02-12,1,Cyanobacteria,0.97663283,0.5407127
2021-02-13,1,Cyanobacteria,0.55862415,0.5471912
2021-02-14,1,Cyanobacteria,0.37615052,0.45080364
2021-02-15,1,Cyanobacteria,0.6475181,0.36862713
2021-02-16,1,Cyanobacteria,0.53772795,0.4251656
2021-02-17,1,Cyanobacteria,0.71482635,0.44405958
2021-02-18,1,Cyanobacteria,0.59031117,0.57939965
2021-02-19,1,Cyanobacteria,0.70318836,0.600806
2021-02-20,1,Cyanobacteria,0.69292545,0.64738744
2021-02-21,1,Cyanobacteria,0.635275,0.5985423
2021-02-22,1,Cyanobacteria,0.7406807,0.5066494
2021-02-23,1,Cyanobacteria,0.875916,0.5252453
2021-02-24,1,Cyanobacteria,0.83096313,0.60740703
2021-02-25,1,Cyanobacteria,0.85622466,0.58898675
2021-02-26,1,Cyanobacteria,1.0751342,0.5974837
2021-02-27,1,Cyanobacteria,1.2290095,0.7376014
2021-02-28,1,Cyanobacteria,1.2229925,0.8111109
2021-03-01,1,Cyanobacteria,1.253146,0.81914824
2021-03-02,1,Cyanobacteria,1.3632498,0.92406774
2021-03-03,1,Cyanobacteria,0.8552822,1.0213745
2021-03-04,1,Cyanobacteria,1.1125977,0.75377685
2021-03-05,1,Cyanobacteria,0.81280756,0.8908352
2021-03-06,1,Cyanobacteria,0.8352894,0.7843094
2021-03-07,1,Cyanobacteria,0.7107815,0.6715685
2021-03-08,1,Cyanobacteria,0.8574656,0.6123778
2021-03-09,1,Cyanobacteria,0.77764106,0.65148246
2021-03-10,1,Cyanobacteria,0.89971054,0.6042681
2021-03-11,1,Cyanobacteria,0.7533502,0.6291747
2021-03-12,1,Cyanobacteria,0.3883647,0.5725226
2021-03-13,1,Cyanobacteria,0.3952388,0.39667648
2021-03-14,1,Cyanobacteria,1.1506295,0.38849083
2021-03-15,1,Cyanobacteria,1.0597106,1.0751823
2021-03-16,1,Cyanobacteria,1.0960565,1.002162
2021-03-17,1,Cyanobacteria,1.274508,0.98690194
2021-03-18,1,Cyanobacteria,1.3935528,1.136995
2021-03-19,1,Cyanobacteria,1.3325905,1.1183167
2021-03-20,1,Cyanobacteria,1.3198698,1.0604295
2021-03-21,1,Cyanobacteria,1.3761505,1.0965623
2021-03-22,1,Cyanobacteria,1.1251593,1.2367483
2021-03-23,1,Cyanobacteria,0.9094642,0.8762313
2021-03-24,1,Cyanobacteria,1.1613843,0.7899944
2021-03-25,1,Cyanobacteria,1.0459361,1.0357993
2021-03-26,1,Cyanobacteria,0.8975687,0.93120503
2021-03-27,1,Cyanobacteria,0.6828747,0.78657776
2021-03-28,1,Cyanobacteria,0.7303548,0.623892
2021-03-29,1,Cyanobacteria,0.41225198,0.68178904
2021-03-30,1,Cyanobacteria,0.111810274,0.52207315
2021-03-31,1,Cyanobacteria,0.5293086,0.3842508
2021-04-01,1,Cyanobacteria,1.298798,0.6817196
2021-04-02,1,Cyanobacteria,1.4947647,1.2862629
2021-04-03,1,Cyanobacteria,1.5875887,1.2793097
2021-04-04,1,Cyanobacteria,1.6624764,1.2862053
2021-04-05,1,Cyanobacteria,1.5121635,1.2488608
2021-04-06,1,Cyanobacteria,1.4354631,1.1322933
2021-04-07,1,Cyanobacteria,1.4178132,1.0484091
2021-04-08,1,Cyanobacteria,1.4679812,1.0423166
2021-04-09,1,Cyanobacteria,1.3545152,1.1762632
2021-04-10,1,Cyanobacteria,1.2440883,1.034971
2021-04-11,1,Cyanobacteria,1.0756367,0.9359708
2021-04-12,1,Cyanobacteria,0.7194786,0.8477078
2021-04-13,1,Cyanobacteria,0.7790297,0.71136475
2021-04-14,1,Cyanobacteria,0.8630123,0.7515086
2021-04-15,1,Cyanobacteria,0.56722665,0.7902678
2021-04-16,1,Cyanobacteria,1.0409226,0.6902444
2021-04-17,1,Cyanobacteria,0.69225204,0.9215365
2021-04-18,1,Cyanobacteria,1.2849385,0.7486572
2021-04-19,1,Cyanobacteria,1.2466329,1.0178978
2021-04-20,1,Cyanobacteria,1.3180811,0.98933566
2021-04-21,1,Cyanobacteria,1.1071904,1.0381907
2021-04-22,1,Cyanobacteria,0.6878566,0.87493753
2021-04-23,1,Cyanobacteria,0.5611079,0.63244134
2021-04-24,1,Cyanobacteria,0.8025344,0.5315061
2021-04-25,1,Cyanobacteria,0.78728455,0.78181183
2021-04-26,1,Cyanobacteria,1.6280825,0.9563008
2021-04-27,1,Cyanobacteria,1.9490377,1.3057302
2021-04-28,1,Cyanobacteria,1.6121202,1.3907847
2021-04-29,1,Cyanobacteria,1.4643126,1.3313464
2021-04-30,1,Cyanobacteria,1.5555934,1.104028
2021-05-01,1,Cyanobacteria,1.5656585,1.18493
2021-05-02,1,Cyanobacteria,1.2381549,1.2635959
2021-05-03,1,Cyanobacteria,1.0236812,1.0479403
2021-05-04,1,Cyanobacteria,1.7144799,0.91578096
2021-05-05,1,Cyanobacteria,1.3347807,1.1736636
2021-05-06,1,Cyanobacteria,1.2243872,1.03778
2021-05-07,1,Cyanobacteria,1.3597454,1.1147928
2021-05-08,1,Cyanobacteria,1.0678822,1.2323961
2021-05-09,1,Cyanobacteria,1.0264472,1.1387657
2021-05-10,1,Cyanobacteria,0.76781476,1.1745461
2021-05-11,1,Cyanobacteria,0.6906947,0.99834293
2021-05-12,1,Cyanobacteria,1.008741,1.0035037
2021-05-13,1,Cyanobacteria,1.2948915,1.3243804
2021-05-14,1,Cyanobacteria,2.0710855,1.3114434
2021-05-15,1,Cyanobacteria,2.2474167,2.002749
2021-05-16,1,Cyanobacteria,1.9920912,2.0643332
2021-05-17,1,Cyanobacteria,1.6489002,1.8176042
2021-05-18,1,Cyanobacteria,1.794537,1.5324326
2021-05-19,1,Cyanobacteria,2.0734396,1.722866
2021-05-20,1,Cyanobacteria,2.1479883,2.0630145
2021-05-21,1,Cyanobacteria,2.0209045,2.2622526
2021-05-22,1,Cyanobacteria,2.2535193,2.1861567
2021-05-23,1,Cyanobacteria,2.2723534,2.5645313
2021-05-24,1,Cyanobacteria,2.63233,2.5206754
2021-05-25,1,Cyanobacteria,2.3065703,2.9240077
2021-05-26,1,Cyanobacteria,1.9421636,2.2278042
2021-05-27,1,Cyanobacteria,2.2319682,2.0385237
2021-05-28,1,Cyanobacteria,4.1579432,2.9058094
2021-05-29,1,Cyanobacteria,4.3492618,3.7808254
2021-05-30,1,Cyanobacteria,2.6183937,3.8990707
2021-05-31,1,Cyanobacteria,2.6154816,2.907333
2021-06-01,1,Cyanobacteria,5.352636,3.1722584
2021-06-02,1,Cyanobacteria,4.717726,4.174804
2021-06-03,1,Cyanobacteria,2.962998,3.722709
2021-06-04,1,Cyanobacteria,3.0213976,2.7868898
2021-06-05,1,Cyanobacteria,2.9233599,3.2369797
2021-06-06,1,Cyanobacteria,2.5688848,2.745427
2021-06-07,1,Cyanobacteria,2.928039,2.6085188
2021-06-08,1,Cyanobacteria,2.7149856,3.026268
2021-06-09,1,Cyanobacteria,2.3156078,2.8826146
2021-06-10,1,Cyanobacteria,2.2857888,2.4062598
2021-06-11,1,Cyanobacteria,2.4744864,2.5188751
2021-06-12,1,Cyanobacteria,3.0040839,2.6366603
2021-06-13,1,Cyanobacteria,4.336705,2.9791725
2021-06-14,1,Cyanobacteria,3.6870964,3.4743075
2021-06-15,1,Cyanobacteria,1.1724981,2.98919
2021-06-16,1,Cyanobacteria,0.89654595,1.5872065
2021-06-17,1,Cyanobacteria,1.6896162,1.49955
2021-06-18,1,Cyanobacteria,3.3528886,2.3944898
2021-06-19,1,Cyanobacteria,3.2436857,3.2636693
2021-06-20,1,Cyanobacteria,3.6387465,3.5214672
2021-06-21,1,Cyanobacteria,2.835984,3.824221
2021-06-22,1,Cyanobacteria,1.9431771,3.1092641
2021-06-23,1,Cyanobacteria,2.2497613,2.3069522
2021-06-24,1,Cyanobacteria,2.3033574,3.105753
2021-06-25,1,Cyanobacteria,1.9838712,2.2835767
2021-06-26,1,Cyanobacteria,2.2046309,2.3158362
2021-06-27,1,Cyanobacteria,4.0340667,2.8626685
2021-06-28,1,Cyanobacteria,5.868067,3.9306674
2021-06-29,1,Cyanobacteria,5.3050866,4.3522334
2021-06-30,1,Cyanobacteria,4.742106,4.0371394
2021-07-01,1,Cyanobacteria,3.2076483,3.972583
2021-07-02,1,Cyanobacteria,3.4847536,2.7544892
2021-07-03,1,Cyanobacteria,4.0390015,3.7071776
2021-07-04,1,Cyanobacteria,3.948705,3.7744503
2021-07-05,1,Cyanobacteria,4.7784224,3.5573266
2021-07-06,1,Cyanobacteria,4.2812166,3.953809
2021-07-07,1,Cyanobacteria,3.7561839,3.4471004
2021-07-08,1,Cyanobacteria,3.5484276,2.921658
2021-07-09,1,Cyanobacteria,2.1638117,2.9346452
2021-07-10,1,Cyanobacteria,1.9270601,1.7251822
2021-07-11,1,Cyanobacteria,1.9104345,2.0073652
2021-07-12,1,Cyanobacteria,2.2324965,1.907538
2021-07-13,1,Cyanobacteria,2.087728,2.3895545
2021-07-14,1,Cyanobacteria,1.2980666,2.1314282
2021-07-15,1,Cyanobacteria,1.3932489,1.5419376
2021-07-16,1,Cyanobacteria,1.2500651,1.8121626
2021-07-17,1,Cyanobacteria,0.43407384,1.5484424
2021-07-18,1,Cyanobacteria,1.2796165,1.0726277
2021-07-19,1,Cyanobacteria,1.8222448,1.7063253
2021-07-20,1,Cyanobacteria,2.0859232,2.2449493
2021-07-21,1,Cyanobacteria,1.8950905,2.5929759
2021-07-22,1,Cyanobacteria,2.1339176,2.29921
2021-07-23,1,Cyanobacteria,2.1493194,2.547095
2021-07-24,1,Cyanobacteria,4.662006,2.5841436
2021-07-25,1,Cyanobacteria,3.9590297,3.739408
2021-07-26,1,Cyanobacteria,4.2673516,3.3667789
2021-07-27,1,Cyanobacteria,4.232916,4.043269
2021-07-28,1,Cyanobacteria,2.8703907,3.9451904
2021-07-29,1,Cyanobacteria,2.1993053,2.6295786
2021-07-30,1,Cyanobacteria,2.0899277,2.3677204
2021-07-31,1,Cyanobacteria,2.1685455,2.1636736
2021-08-01,1,Cyanobacteria,3.3460565,2.8694715
2021-08-02,1,Cyanobacteria,5.6828313,3.7053971
2021-08-03,1,Cyanobacteria,4.7732515,4.3455563
2021-08-04,1,Cyanobacteria,4.0578346,4.363221
2021-08-05,1,Cyanobacteria,5.5061984,4.413217
2021-08-06,1,Cyanobacteria,5.3274107,4.486825
2021-08-07,1,Cyanobacteria,5.148622,4.081977
2021-08-08,1,Cyanobacteria,3.2820683,4.118364
2021-08-09,1,Cyanobacteria,2.7275743,2.3716674
2021-08-10,1,Cyanobacteria,2.468589,2.607217
2021-08-11,1,Cyanobacteria,2.8743272,2.2863567
2021-08-12,1,Cyanobacteria,2.9775615,3.046602
2021-08-13,1,Cyanobacteria,2.9190001,2.6676648
2021-08-14,1,Cyanobacteria,2.5640225,2.7644353
2021-08-15,1,Cyanobacteria,2.6541495,2.2060964
2021-08-16,1,Cyanobacteria,2.9796264,2.5728471
2021-08-17,1,Cyanobacteria,3.3871398,2.5235775
2021-08-18,1,Cyanobacteria,2.8336039,2.9138145
2021-08-19,1,Cyanobacteria,1.4002497,2.8625584
2021-08-20,1,Cyanobacteria,2.1858518,1.9676803
2021-08-21,1,Cyanobacteria,3.8102813,2.8660834
2021-08-22,1,Cyanobacteria,4.623089,3.3885605
2021-08-23,1,Cyanobacteria,3.8476396,3.9715862
2021-08-24,1,Cyanobacteria,3.6913338,3.7462485
2021-08-25,1,Cyanobacteria,5.2736855,3.7057934
2021-08-26,1,Cyanobacteria,5.886749,4.1362457
2021-08-27,1,Cyanobacteria,6.328652,4.1108212
2021-08-28,1,Cyanobacteria,5.913598,4.147016
2021-08-29,1,Cyanobacteria,5.4985447,3.9917574
2021-08-30,1,Cyanobacteria,4.998421,3.7026956
2021-08-31,1,Cyanobacteria,3.173958,3.7901344
2021-09-01,1,Cyanobacteria,2.4867873,2.0645385
2021-09-02,1,Cyanobacteria,2.2553763,2.4788213
2021-09-03,1,Cyanobacteria,2.089725,2.2377915
2021-09-04,1,Cyanobacteria,2.1701736,2.2359467
2021-09-05,1,Cyanobacteria,2.752026,2.519458
2021-09-06,1,Cyanobacteria,2.4418018,3.030325
2021-09-07,1,Cyanobacteria,2.3925562,2.379169
2021-09-08,1,Cyanobacteria,2.2696092,2.8776217
2021-09-09,1,Cyanobacteria,3.9620116,2.467785
2021-09-10,1,Cyanobacteria,3.368864,3.5527217
2021-09-11,1,Cyanobacteria,3.444725,3.3675427
2021-09-12,1,Cyanobacteria,4.387453,3.5739982
2021-09-13,1,Cyanobacteria,3.7823026,3.8019788
2021-09-14,1,Cyanobacteria,3.6403475,3.5566263
2021-09-15,1,Cyanobacteria,3.4074223,3.6987329
2021-09-16,1,Cyanobacteria,2.904714,2.7856085
2021-09-17,1,Cyanobacteria,2.246401,2.4237232
2021-09-18,1,Cyanobacteria,1.8525054,1.8358576
2021-09-19,1,Cyanobacteria,1.9603258,1.5967383
2021-09-20,1,Cyanobacteria,1.8784577,1.6044751
2021-09-21,1,Cyanobacteria,1.6022085,1.582647
2021-09-22,1,Cyanobacteria,1.6334975,1.4994154
2021-09-23,1,Cyanobacteria,1.6335725,2.0178528
2021-09-24,1,Cyanobacteria,1.7263433,1.9279265
2021-09-25,1,Cyanobacteria,1.7499204,1.9470541
2021-09-26,1,Cyanobacteria,1.902614,1.8206115
2021-09-27,1,Cyanobacteria,1.9976249,1.9726988
2021-09-28,1,Cyanobacteria,2.0052354,1.8282461
2021-09-29,1,Cyanobacteria,1.9031209,1.9030166
2021-09-30,1,Cyanobacteria,2.1214771,1.72264
2021-10-01,1,Cyanobacteria,1.6440406,1.9288462
2021-10-02,1,Cyanobacteria,1.4304897,1.4405442
2021-10-03,1,Cyanobacteria,1.5464485,1.3169044
2021-10-04,1,Cyanobacteria,1.6624073,1.4034554
2021-10-05,1,Cyanobacteria,1.7783661,1.5444119
2021-10-06,1,Cyanobacteria,1.8943249,1.8205907
2021-10-07,1,Cyanobacteria,2.0102837,1.9984488
2021-10-08,1,Cyanobacteria,2.1262426,1.8467393
2021-10-09,1,Cyanobacteria,2.2422013,1.8681052
2021-10-10,1,Cyanobacteria,2.3581603,2.0734322
2021-10-11,1,Cyanobacteria,2.474119,2.2910898
2021-10-12,1,Cyanobacteria,2.5900779,2.3187726
2021-10-13,1,Cyanobacteria,2.376394,2.5628507
2021-10-14,1,Cyanobacteria,2.2953513,2.1787446
2021-10-15,1,Cyanobacteria,4.095699,2.224044
2021-10-16,1,Cyanobacteria,5.2911153,3.4709046
2021-10-17,1,Cyanobacteria,3.2535,3.6291182
2021-10-18,1,Cyanobacteria,3.1076484,2.4057453
2021-10-19,1,Cyanobacteria,2.6348336,2.8638012
2021-10-20,1,Cyanobacteria,2.2041533,2.0838623
2021-10-21,1,Cyanobacteria,2.0151665,1.9733354
2021-10-22,1,Cyanobacteria,1.8319536,1.849239
2021-10-23,1,Cyanobacteria,1.7161505,1.4198015
2021-10-24,1,Cyanobacteria,1.7125037,1.4151131
2021-10-25,1,Cyanobacteria,1.5120782,1.4252828
2021-10-26,1,Cyanobacteria,1.6121708,1.2200713
2021-10-27,1,Cyanobacteria,1.3440738,1.3039225
2021-10-28,1,Cyanobacteria,1.1399204,1.1665335
2021-10-29,1,Cyanobacteria,1.698126,1.0731311
2021-10-30,1,Cyanobacteria,2.3341606,1.46293
2021-10-31,1,Cyanobacteria,1.9348481,1.9787388
2021-11-01,1,Cyanobacteria,1.7935673,1.5647136
2021-11-02,1,Cyanobacteria,1.2920767,1.3353025
2021-11-03,1,Cyanobacteria,1.3757019,1.0340585
2021-11-04,1,Cyanobacteria,1.350919,1.1334078
2021-11-05,1,Cyanobacteria,1.281809,1.120206
2021-11-06,1,Cyanobacteria,1.0622793,1.0257863
2021-11-07,1,Cyanobacteria,0.91401154,0.8749324
2021-11-08,1,Cyanobacteria,1.5847178,0.7704121
2021-11-09,1,Cyanobacteria,1.2513965,1.2671826
2021-11-10,1,Cyanobacteria,1.065916,1.0698956
2021-11-11,1,Cyanobacteria,1.2520332,0.9335134
2021-11-12,1,Cyanobacteria,1.2013613,1.0036744
2021-11-13,1,Cyanobacteria,1.2783864,0.949763
2021-11-14,1,Cyanobacteria,1.3271418,0.96869975
2021-11-15,1,Cyanobacteria,1.343092,1.0105039
2021-11-16,1,Cyanobacteria,1.420963,1.0243076
2021-11-17,1,Cyanobacteria,1.2887958,1.0907193
2021-11-18,1,Cyanobacteria,1.3203533,0.9603608
2021-11-19,1,Cyanobacteria,1.3825127,0.9766397
2021-11-20,1,Cyanobacteria,1.2764591,1.0948534
2021-11-21,1,Cyanobacteria,1.1090586,1.0332534
2021-11-22,1,Cyanobacteria,1.129356,0.92217016
2021-11-23,1,Cyanobacteria,1.2800362,1.155379
2021-11-24,1,Cyanobacteria,1.1554124,1.2793704
2021-11-25,1,Cyanobacteria,1.1848153,1.0999951
2021-11-26,1,Cyanobacteria,1.2934299,1.077404
2021-11-27,1,Cyanobacteria,1.2571418,1.1673386
2021-11-28,1,Cyanobacteria,1.2306077,1.135327
2021-11-29,1,Cyanobacteria,1.0336133,1.0946518
2021-11-30,1,Cyanobacteria,0.86162925,0.9024593
2021-12-01,1,Cyanobacteria,1.5704707,0.7411341
2021-12-02,1,Cyanobacteria,1.5914989,1.5599585
2021-12-03,1,Cyanobacteria,1.3629906,1.4354489
2021-12-04,1,Cyanobacteria,1.3497757,1.1630234
2021-12-05,1,Cyanobacteria,1.1732706,0.9938229
2021-12-06,1,Cyanobacteria,1.1404066,0.83560693
2021-12-07,1,Cyanobacteria,1.1583865,0.8030997
2021-12-08,1,Cyanobacteria,1.128018,0.8252998
2021-12-09,1,Cyanobacteria,0.9754814,0.81931376
2021-12-10,1,Cyanobacteria,1.0479378,0.72858274
2021-12-11,1,Cyanobacteria,0.8021346,0.7746488
2021-12-12,1,Cyanobacteria,0.8941274,0.6113417
2021-12-13,1,Cyanobacteria,0.6927569,0.634749
2021-12-14,1,Cyanobacteria,0.43221417,0.5226493
2021-12-15,1,Cyanobacteria,0.36057928,0.3806433
2021-12-16,1,Cyanobacteria,0.40863866,0.31824923
2021-12-17,1,Cyanobacteria,0.9727516,0.35300493
2021-12-18,1,Cyanobacteria,0.9826068,0.83492404
2021-12-19,1,Cyanobacteria,0.9490369,0.8060979
2021-12-20,1,Cyanobacteria,1.178531,0.74710184
2021-12-21,1,Cyanobacteria,1.2478871,0.9116056
2021-12-22,1,Cyanobacteria,1.3445659,0.92882836
2021-12-23,1,Cyanobacteria,0.59661365,1.0711731
2021-12-24,1,Cyanobacteria,0.46170765,0.62472105
2021-12-25,1,Cyanobacteria,0.85164493,0.41181475
2021-12-26,1,Cyanobacteria,0.97535455,0.64058834
2021-12-27,1,Cyanobacteria,0.95947784,0.81088203
2021-12-28,1,Cyanobacteria,0.76329446,0.84554225
2021-12-29,1,Cyanobacteria,0.85634834,0.6880798
2021-12-30,1,Cyanobacteria,0.6464471,0.712158
2021-12-31,1,Cyanobacteria,0.90151423,0.5505046
2022-01-01,1,Cyanobacteria,0.776013,0.7791758
2022-01-02,1,Cyanobacteria,0.83620113,0.7426181
2022-01-03,1,Cyanobacteria,0.80412745,0.78851473
2022-01-04,1,Cyanobacteria,0.6765098,0.7599881
2022-01-05,1,Cyanobacteria,0.4595076,0.6582556
2022-01-06,1,Cyanobacteria,0.19878344,0.50967
2022-01-07,1,Cyanobacteria,0.67120206,0.38289902
2022-01-08,1,Cyanobacteria,0.95592326,0.77002573
2022-01-09,1,Cyanobacteria,0.9327444,1.0006733
2022-01-10,1,Cyanobacteria,1.0224385,0.8589704
2022-01-11,1,Cyanobacteria,2.1481042,0.9769974
2022-01-12,1,Cyanobacteria,1.6652243,1.8678957
2022-01-13,1,Cyanobacteria,1.291042,1.341433
2022-01-14,1,Cyanobacteria,1.2574656,1.1453931
2022-01-15,1,Cyanobacteria,1.032084,1.0631336
2022-01-16,1,Cyanobacteria,0.9674892,0.89281386
2022-01-17,1,Cyanobacteria,0.94616944,0.8071927
2022-01-18,1,Cyanobacteria,0.92269367,0.81930256
2022-01-19,1,Cyanobacteria,0.8611079,0.7868728
2022-01-20,1,Cyanobacteria,0.82545257,0.7206563
2022-01-21,1,Cyanobacteria,0.8182259,0.6789428
2022-01-22,1,Cyanobacteria,1.1027879,0.64954513
2022-01-23,1,Cyanobacteria,0.7645185,0.8809789
2022-01-24,1,Cyanobacteria,1.7065123,0.6057852
2022-01-25,1,Cyanobacteria,0.64539075,1.2522407
2022-01-26,1,Cyanobacteria,0.76089376,0.8345494
2022-01-27,1,Cyanobacteria,0.5794614,0.8077416
2022-01-28,1,Cyanobacteria,0.7816709,0.7580847
2022-01-29,1,Cyanobacteria,0.8387186,0.8156486
2022-01-30,1,Cyanobacteria,1.1281649,1.0050881
2022-01-31,1,Cyanobacteria,1.231159,1.269547
2022-02-01,1,Cyanobacteria,1.4238236,1.3071173
2022-02-02,1,Cyanobacteria,1.3295317,1.4287093
2022-02-03,1,Cyanobacteria,1.784645,1.3686247
2022-02-04,1,Cyanobacteria,1.5408581,1.8212087
2022-02-05,1,Cyanobacteria,1.3269008,1.5090455
2022-02-06,1,Cyanobacteria,1.6413742,1.3138388
2022-02-07,1,Cyanobacteria,1.3831661,1.6215469
2022-02-08,1,Cyanobacteria,1.1718699,1.3924147
2022-02-09,1,Cyanobacteria,1.0272319,1.1199809
2022-02-10,1,Cyanobacteria,0.8104344,0.8526483
2022-02-11,1,Cyanobacteria,1.0283359,0.6027915
2022-02-12,1,Cyanobacteria,0.6661383,0.9609849
2022-02-13,1,Cyanobacteria,0.37995383,0.7867159
2022-02-14,1,Cyanobacteria,0.6274094,0.5737474
2022-02-15,1,Cyanobacteria,0.6364919,0.49010083
2022-02-16,1,Cyanobacteria,0.35820666,0.56351477
2022-02-17,1,Cyanobacteria,0.08358897,0.4974345
2022-02-18,1,Cyanobacteria,0.010000016,0.33881214
2022-02-19,1,Cyanobacteria,0.3175398,0.48626527
2022-02-20,1,Cyanobacteria,1.462207,0.9333662
2022-02-21,1,Cyanobacteria,1.7990876,2.2937896
2022-02-22,1,Cyanobacteria,1.8775308,2.0963016
2022-02-23,1,Cyanobacteria,2.0480778,2.1054568
2022-02-24,1,Cyanobacteria,1.9205097,1.9157461
2022-02-25,1,Cyanobacteria,1.7929416,1.631818
2022-02-26,1,Cyanobacteria,1.6653734,1.5165462
2022-02-27,1,Cyanobacteria,1.5378052,1.392774
2022-02-28,1,Cyanobacteria,1.4102371,1.2783381
2022-03-01,1,Cyanobacteria,1.1535721,1.1820914
2022-03-02,1,Cyanobacteria,0.7581607,0.9410833
2022-03-03,1,Cyanobacteria,0.4490297,0.5602245
2022-03-04,1,Cyanobacteria,0.2850868,0.31316707
2022-03-05,1,Cyanobacteria,0.06812587,0.19809628
2022-03-06,1,Cyanobacteria,0.120933406,0.114086814
2022-03-07,1,Cyanobacteria,0.05522464,0.08356113
2022-03-08,1,Cyanobacteria,0.50354815,0.07598112
2022-03-09,1,Cyanobacteria,0.66335267,0.25587443
2022-03-10,1,Cyanobacteria,0.40285924,0.28676522
2022-03-11,1,Cyanobacteria,0.014387229,0.21543804
2022-03-12,1,Cyanobacteria,0.015565208,0.112271935
2022-03-13,1,Cyanobacteria,0.010000016,0.09019903
2022-03-14,1,Cyanobacteria,0.010050719,0.118100606
2022-03-15,1,Cyanobacteria,0.010246022,0.17236118
2022-03-16,1,Cyanobacteria,0.036085412,0.21324939
2022-03-17,1,Cyanobacteria,0.21737875,0.4171822
2022-03-18,1,Cyanobacteria,0.42973912,0.4395657
2022-03-19,1,Cyanobacteria,0.7636884,0.7851302
2022-03-20,1,Cyanobacteria,1.1165409,1.1369683
2022-03-21,1,Cyanobacteria,1.9101883,1.4503505
2022-03-22,1,Cyanobacteria,2.1433985,2.155356
2022-03-23,1,Cyanobacteria,2.1262445,2.253762
2022-03-24,1,Cyanobacteria,1.9198624,2.3281384
2022-03-25,1,Cyanobacteria,1.8753512,2.3717308
2022-03-26,1,Cyanobacteria,1.8713034,3.0262759
2022-03-27,1,Cyanobacteria,4.2593026,2.6184492
2022-03-28,1,Cyanobacteria,4.0173755,3.5458517
2022-03-29,1,Cyanobacteria,3.7754486,3.042516
2022-03-30,1,Cyanobacteria,2.644808,3.0989022
2022-03-31,1,Cyanobacteria,2.3579507,1.9731603
2022-04-01,1,Cyanobacteria,2.3900943,1.9380531
2022-04-02,1,Cyanobacteria,2.480131,1.8340236
2022-04-03,1,Cyanobacteria,2.149906,2.4914978
2022-04-04,1,Cyanobacteria,1.8740696,1.8259196
2022-04-05,1,Cyanobacteria,1.7214473,1.3627611
2022-04-06,1,Cyanobacteria,1.5688252,1.1430738
2022-04-07,1,Cyanobacteria,1.2899711,1.082383
2022-04-08,1,Cyanobacteria,1.008827,0.8523401
2022-04-09,1,Cyanobacteria,1.0090086,0.6369033
2022-04-10,1,Cyanobacteria,0.6801231,0.5168052
2022-04-11,1,Cyanobacteria,0.4421845,0.35703298
2022-04-12,1,Cyanobacteria,0.20424601,0.28828514
2022-04-13,1,Cyanobacteria,0.16290368,0.24779427
2022-04-14,1,Cyanobacteria,0.13675833,0.23739812
2022-04-15,1,Cyanobacteria,0.0103894295,0.27265722
2022-04-16,1,Cyanobacteria,0.47120208,0.2857777
2022-04-17,1,Cyanobacteria,0.9320147,0.52859795
2022-04-18,1,Cyanobacteria,1.3928274,1.868833
2022-04-19,1,Cyanobacteria,2.2509274,1.319925
2022-04-20,1,Cyanobacteria,2.0586097,2.1949701
2022-04-21,1,Cyanobacteria,1.6260804,1.4453406
2022-04-22,1,Cyanobacteria,1.0518768,1.5876381
2022-04-23,1,Cyanobacteria,0.91195065,1.1676216
2022-04-24,1,Cyanobacteria,1.1896162,1.0315835
2022-04-25,1,Cyanobacteria,1.9769739,1.2135992
2022-04-26,1,Cyanobacteria,1.4171904,2.5612347
2022-04-27,1,Cyanobacteria,2.58336,1.7149712
2022-04-28,1,Cyanobacteria,2.152193,2.9293609
2022-04-29,1,Cyanobacteria,2.1626146,2.1191902
2022-04-30,1,Cyanobacteria,2.1730363,2.6043272
2022-05-01,1,Cyanobacteria,2.1815941,2.4457405
2022-05-02,1,Cyanobacteria,2.0878696,2.7276065
2022-05-03,1,Cyanobacteria,1.9130652,2.1057673
2022-05-04,1,Cyanobacteria,1.6117319,2.3535583
2022-05-05,1,Cyanobacteria,1.836971,1.6212807
2022-05-06,1,Cyanobacteria,2.0369325,1.5425256
2022-05-07,1,Cyanobacteria,1.9392464,1.5998183
2022-05-08,1,Cyanobacteria,1.3235699,1.4834225
2022-05-09,1,Cyanobacteria,2.890058,1.5475451
2022-05-10,1,Cyanobacteria,2.2893047,2.584251
2022-05-11,1,Cyanobacteria,2.080232,2.406929
2022-05-12,1,Cyanobacteria,2.0300615,2.5006876
2022-05-13,1,Cyanobacteria,2.7703042,2.5217597
2022-05-14,1,Cyanobacteria,3.278558,3.3844407
2022-05-15,1,Cyanobacteria,3.915648,3.3966405
2022-05-16,1,Cyanobacteria,4.275109,3.6740212
2022-05-17,1,Cyanobacteria,2.8151412,3.193078
2022-05-18,1,Cyanobacteria,2.0774837,1.9912866
2022-05-19,1,Cyanobacteria,1.9749783,1.7411431
2022-05-20,1,Cyanobacteria,1.7361549,2.2493126
2022-05-21,1,Cyanobacteria,1.4398187,1.93713
2022-05-22,1,Cyanobacteria,2.053594,1.6420162
2022-05-23,1,Cyanobacteria,1.9373734,2.5923707
2022-05-24,1,Cyanobacteria,1.7527878,2.2160072
2022-05-25,1,Cyanobacteria,1.9877247,2.171901
2022-05-26,1,Cyanobacteria,1.7746773,2.0685065
2022-05-27,1,Cyanobacteria,2.4411938,2.5651057
2022-05-28,1,Cyanobacteria,3.1183374,3.2132065
2022-05-29,1,Cyanobacteria,3.795481,3.537598
2022-05-30,1,Cyanobacteria,4.472625,3.5135448
2022-05-31,1,Cyanobacteria,5.1497684,3.9982002
2022-06-01,1,Cyanobacteria,4.1820073,3.9553685
2022-06-02,1,Cyanobacteria,3.2975852,3.2060142
2022-06-03,1,Cyanobacteria,4.2176213,3.5675924
2022-06-04,1,Cyanobacteria,6.272964,3.9777837
2022-06-05,1,Cyanobacteria,4.386336,4.437377
2022-06-06,1,Cyanobacteria,3.5452392,3.728648
2022-06-07,1,Cyanobacteria,3.8714397,3.5251627
2022-06-08,1,Cyanobacteria,4.1976404,3.8216224
2022-06-09,1,Cyanobacteria,4.523841,3.8901172
2022-06-10,1,Cyanobacteria,4.8500414,4.023022
2022-06-11,1,Cyanobacteria,5.176242,4.0525894
2022-06-12,1,Cyanobacteria,5.1198487,4.107429
2022-06-13,1,Cyanobacteria,5.0634556,3.5448186
2022-06-14,1,Cyanobacteria,5.0070624,3.8656905
2022-06-15,1,Cyanobacteria,4.9506693,3.7709672
2022-06-16,1,Cyanobacteria,4.894276,3.8881767
2022-06-17,1,Cyanobacteria,2.3731694,3.823434
2022-06-18,1,Cyanobacteria,1.219232,1.6330522
2022-06-19,1,Cyanobacteria,0.9798187,1.0469035
2022-06-20,1,Cyanobacteria,0.78918177,1.0100962
2022-06-21,1,Cyanobacteria,0.83319336,1.0590174
2022-06-22,1,Cyanobacteria,1.5494641,1.2318739
2022-06-23,1,Cyanobacteria,4.7543416,2.3269603
2022-06-24,1,Cyanobacteria,3.66243,3.6647177
2022-06-25,1,Cyanobacteria,1.9184504,3.203808
2022-06-26,1,Cyanobacteria,2.8912816,1.6036376
2022-06-27,1,Cyanobacteria,2.743483,2.9216943
2022-06-28,1,Cyanobacteria,2.3900073,2.072012
2022-06-29,1,Cyanobacteria,2.7020102,2.3510797
2022-06-30,1,Cyanobacteria,2.2068284,3.0800996
2022-07-01,1,Cyanobacteria,2.0284288,2.3817852
2022-07-02,1,Cyanobacteria,2.504562,2.490235
2022-07-03,1,Cyanobacteria,2.6843994,3.1548393
2022-07-04,1,Cyanobacteria,3.274656,3.174267
2022-07-05,1,Cyanobacteria,3.1509414,3.7851071
2022-07-06,1,Cyanobacteria,3.4092262,3.283703
2022-07-07,1,Cyanobacteria,2.602117,3.5562375
2022-07-08,1,Cyanobacteria,2.0531843,2.2625535
2022-07-09,1,Cyanobacteria,1.7956238,2.0414214
2022-07-10,1,Cyanobacteria,2.0568504,2.1250575
2022-07-11,1,Cyanobacteria,2.372128,2.5174227
2022-07-12,1,Cyanobacteria,2.6012175,2.921149
2022-07-13,1,Cyanobacteria,2.828348,3.2094805
2022-07-14,1,Cyanobacteria,3.8188338,3.360328
2022-07-15,1,Cyanobacteria,6.297978,4.208814
2022-07-16,1,Cyanobacteria,5.4864035,4.5736675
2022-07-17,1,Cyanobacteria,6.516273,4.431997
2022-07-18,1,Cyanobacteria,4.57671,4.628157
2022-07-19,1,Cyanobacteria,3.2610588,3.7908642
2022-07-20,1,Cyanobacteria,3.2007184,2.3904052
2022-07-21,1,Cyanobacteria,3.3733938,3.0500588
2022-07-22,1,Cyanobacteria,3.3644865,2.7725139
2022-07-23,1,Cyanobacteria,3.8821256,3.244194
2022-07-24,1,Cyanobacteria,4.914276,3.7316678
2022-07-25,1,Cyanobacteria,3.6174076,3.9954295
2022-07-26,1,Cyanobacteria,2.4253619,2.9263647
2022-07-27,1,Cyanobacteria,3.0902102,2.5595217
2022-07-28,1,Cyanobacteria,3.2870235,3.5290806
2022-07-29,1,Cyanobacteria,3.320978,3.3698406
2022-07-30,1,Cyanobacteria,3.3549325,3.375055
2022-07-31,1,Cyanobacteria,3.3888872,3.426008
2022-08-01,1,Cyanobacteria,3.4228415,3.4873266
2022-08-02,1,Cyanobacteria,3.4567962,3.4760053
2022-08-03,1,Cyanobacteria,3.4907506,3.4863071
2022-08-04,1,Cyanobacteria,3.5247052,3.3973935
2022-08-05,1,Cyanobacteria,3.5586596,3.777143
2022-08-06,1,Cyanobacteria,3.592614,3.7638345
2022-08-07,1,Cyanobacteria,3.6265686,3.7733657
2022-08-08,1,Cyanobacteria,3.6605232,3.7617862
2022-08-09,1,Cyanobacteria,3.6944776,3.7848475
2022-08-10,1,Cyanobacteria,3.728432,3.8535082
2022-08-11,1,Cyanobacteria,3.7623866,3.8785596
2022-08-12,1,Cyanobacteria,3.796341,3.9259067
2022-08-13,1,Cyanobacteria,3.8302956,3.9558105
2022-08-14,1,Cyanobacteria,3.8642502,3.960476
2022-08-15,1,Cyanobacteria,3.8982048,3.9878933
2022-08-16,1,Cyanobacteria,3.9321592,3.8933704
2022-08-17,1,Cyanobacteria,3.9661138,3.9401102
2022-08-18,1,Cyanobacteria,4.000068,3.9176512
2022-08-19,1,Cyanobacteria,4.0340223,3.8594363
2022-08-20,1,Cyanobacteria,4.0679774,3.879015
2022-08-21,1,Cyanobacteria,4.1019316,3.8821862
2022-08-22,1,Cyanobacteria,4.135886,3.9374175
2022-08-23,1,Cyanobacteria,4.169841,3.8921874
2022-08-24,1,Cyanobacteria,4.203795,3.945345
2022-08-25,1,Cyanobacteria,4.2377496,3.9833605
2022-08-26,1,Cyanobacteria,4.271704,4.102132
2022-08-27,1,Cyanobacteria,4.305659,4.0930095
2022-08-28,1,Cyanobacteria,4.339613,4.145546
2022-08-29,1,Cyanobacteria,4.3735676,4.011286
2022-08-30,1,Cyanobacteria,4.407522,3.8744426
2022-08-31,1,Cyanobacteria,4.441477,3.9569871
2022-09-01,1,Cyanobacteria,4.475431,4.02276
2022-09-02,1,Cyanobacteria,4.5093856,4.1568933
2022-09-03,1,Cyanobacteria,4.54334,4.1744003
2022-09-04,1,Cyanobacteria,4.577295,4.096249
2022-09-05,1,Cyanobacteria,4.6112494,4.13145
2022-09-06,1,Cyanobacteria,4.6452036,4.0926557
2022-09-07,1,Cyanobacteria,4.679158,4.008609
2022-09-08,1,Cyanobacteria,4.713113,4.179852
2022-09-09,1,Cyanobacteria,4.7470675,4.208148
2022-09-10,1,Cyanobacteria,4.781022,4.327512
2022-09-11,1,Cyanobacteria,6.1217318,4.2625585
2022-09-12,1,Cyanobacteria,6.153777,4.640156
2022-09-13,1,Cyanobacteria,5.5154853,4.5683885
2022-09-14,1,Cyanobacteria,4.42329,4.435224
2022-09-15,1,Cyanobacteria,3.8892832,3.923306
2022-09-16,1,Cyanobacteria,3.7135918,3.7177675
2022-09-17,1,Cyanobacteria,2.9347034,3.7298505
2022-09-18,1,Cyanobacteria,4.431348,2.794036
2022-09-19,1,Cyanobacteria,4.227647,4.0920453
2022-09-20,1,Cyanobacteria,2.5538044,3.1142704
2022-09-21,1,Cyanobacteria,2.390876,2.081006
2022-09-22,1,Cyanobacteria,2.1660202,2.3150003
2022-09-23,1,Cyanobacteria,2.1745803,2.0001352
2022-09-24,1,Cyanobacteria,2.6702752,2.2812543
2022-09-25,1,Cyanobacteria,2.3401449,2.8194437
2022-09-26,1,Cyanobacteria,2.3833406,2.338319
2022-09-27,1,Cyanobacteria,2.510181,2.9094226
2022-09-28,1,Cyanobacteria,4.2074294,2.971502
2022-09-29,1,Cyanobacteria,4.753896,3.870523
2022-09-30,1,Cyanobacteria,6.1951814,4.0283394
2022-10-01,1,Cyanobacteria,3.065192,4.59225
2022-10-02,1,Cyanobacteria,3.7090797,4.109502
2022-10-03,1,Cyanobacteria,4.398922,4.0249987
2022-10-04,1,Cyanobacteria,5.0918016,3.6653378
2022-10-05,1,Cyanobacteria,4.849297,3.544473
2022-10-06,1,Cyanobacteria,4.0219636,3.2606955
2022-10-07,1,Cyanobacteria,2.7237463,2.4371004
2022-10-08,1,Cyanobacteria,2.32,1.6959863
2022-10-09,1,Cyanobacteria,3.2219276,1.4265683
2022-10-10,1,Cyanobacteria,3.2224002,2.6424792
2022-10-11,1,Cyanobacteria,2.4283636,2.3175113
2022-10-12,1,Cyanobacteria,2.2486668,1.931929
2022-10-13,1,Cyanobacteria,2.2341595,2.1108916
2022-10-14,1,Cyanobacteria,2.4454308,2.2181158
2022-10-15,1,Cyanobacteria,2.189485,2.3817286
2022-10-16,1,Cyanobacteria,2.4336784,1.9278462
2022-10-17,1,Cyanobacteria,2.1963432,2.4168856
2022-10-18,1,Cyanobacteria,1.77874,1.8856353
2022-10-19,1,Cyanobacteria,1.6230702,1.5075734
2022-10-20,1,Cyanobacteria,1.579081,1.7061033
2022-10-21,1,Cyanobacteria,1.7665725,1.6677731
2022-10-22,1,Cyanobacteria,2.6929433,2.0762696
2022-10-23,1,Cyanobacteria,2.4712858,2.6408398
2022-10-24,1,Cyanobacteria,2.1828291,1.994173
2022-10-25,1,Cyanobacteria,1.9161577,1.984277
2022-10-26,1,Cyanobacteria,1.6670797,1.5869973
2022-10-27,1,Cyanobacteria,1.6202025,1.4057811
2022-10-28,1,Cyanobacteria,1.552974,1.3198488
2022-10-29,1,Cyanobacteria,1.5037726,1.2777545
2022-10-30,1,Cyanobacteria,1.6090738,1.2649295
2022-10-31,1,Cyanobacteria,1.5013676,1.3067163
2022-11-01,1,Cyanobacteria,1.3019855,1.129303
2022-11-02,1,Cyanobacteria,1.1026033,1.0374005
2022-11-03,1,Cyanobacteria,1.1929109,0.9159898
2022-11-04,1,Cyanobacteria,1.2192972,1.0959059
2022-11-05,1,Cyanobacteria,1.2108177,1.14585
2022-11-06,1,Cyanobacteria,1.1931765,1.2397296
2022-11-07,1,Cyanobacteria,1.1273862,1.2206131
2022-11-08,1,Cyanobacteria,1.5220854,1.2489852
2022-11-09,1,Cyanobacteria,1.8338467,1.7491411
2022-11-10,1,Cyanobacteria,2.1456077,1.9123096
2022-11-11,1,Cyanobacteria,3.645496,2.2972991
2022-11-12,1,Cyanobacteria,3.7778358,3.0218124
2022-11-13,1,Cyanobacteria,3.9101756,2.9760525
2022-11-14,1,Cyanobacteria,4.0425153,2.8750758
2022-11-15,1,Cyanobacteria,4.174855,2.5576243
2022-11-16,1,Cyanobacteria,2.4362636,2.3633585
2022-11-17,1,Cyanobacteria,1.8813034,1.615013
2022-11-18,1,Cyanobacteria,1.7065123,1.47454
2022-11-19,1,Cyanobacteria,1.7963116,1.375619
2022-11-20,1,Cyanobacteria,1.7562879,1.5370042
2022-11-21,1,Cyanobacteria,1.716068,1.7887714
2022-11-22,1,Cyanobacteria,1.8579218,1.6523324
2022-11-23,1,Cyanobacteria,2.309513,1.862029
2022-11-24,1,Cyanobacteria,2.2426267,2.068941
2022-11-25,1,Cyanobacteria,1.6817813,2.1045702
2022-11-26,1,Cyanobacteria,2.334812,1.7372386
2022-11-27,1,Cyanobacteria,2.538623,2.3476357
2022-11-28,1,Cyanobacteria,2.067699,2.313576
2022-11-29,1,Cyanobacteria,1.609312,1.6266776
2022-11-30,1,Cyanobacteria,1.4803835,1.3483748
2022-12-01,1,Cyanobacteria,1.5265702,1.2330956
2022-12-02,1,Cyanobacteria,1.5021827,1.3788925
2022-12-03,1,Cyanobacteria,1.3033888,1.5899742
2022-12-04,1,Cyanobacteria,1.2186893,1.4607216
2022-12-05,1,Cyanobacteria,1.2566932,1.4412034
2022-12-06,1,Cyanobacteria,1.2839594,1.3983392
2022-12-07,1,Cyanobacteria,1.2833816,1.5770165
2022-12-08,1,Cyanobacteria,1.264826,1.483667
2022-12-09,1,Cyanobacteria,1.1665274,1.3984998
2022-12-10,1,Cyanobacteria,1.1783273,1.3117553
2022-12-11,1,Cyanobacteria,1.162433,1.3339432
2022-12-12,1,Cyanobacteria,1.0775615,1.2801671
2022-12-13,1,Cyanobacteria,1.0522738,1.2551458
2022-12-14,1,Cyanobacteria,1.0630385,1.207414
2022-12-15,1,Cyanobacteria,0.9643116,1.0991529
2022-12-16,1,Cyanobacteria,0.9429254,1.0052255
2022-12-17,1,Cyanobacteria,0.9599493,0.7993242
2022-12-18,1,Cyanobacteria,1.066546,0.8776042
2022-12-19,1,Cyanobacteria,1.2629783,0.9985361
2022-12-20,1,Cyanobacteria,0.976756,1.2674896
2022-12-21,1,Cyanobacteria,0.92862743,0.96973944
2022-12-22,1,Cyanobacteria,0.971029,0.8266355
2022-12-23,1,Cyanobacteria,1.0265797,0.73592114
2022-12-24,1,Cyanobacteria,1.063063,0.81065106
2022-12-25,1,Cyanobacteria,1.0813106,0.8884322
2022-12-26,1,Cyanobacteria,1.0943778,0.87963134
2022-12-27,1,Cyanobacteria,1.0884805,0.8314272
2022-12-28,1,Cyanobacteria,1.1312981,0.8121168
2022-12-29,1,Cyanobacteria,1.1201302,0.8741121
2022-12-30,1,Cyanobacteria,1.0986956,0.86412114
2022-12-31,1,Cyanobacteria,1.1218044,0.7974772
2023-01-01,1,Cyanobacteria,1.1762229,0.79804325
2023-01-02,1,Cyanobacteria,1.3408847,0.8471402
2023-01-03,1,Cyanobacteria,1.5967512,0.9982094
2023-01-04,1,Cyanobacteria,1.1869442,1.1677744
2023-01-05,1,Cyanobacteria,0.5527029,0.88309324
2023-01-06,1,Cyanobacteria,0.5547719,0.54541165
2023-01-07,1,Cyanobacteria,0.25931886,0.5027668
2023-01-08,1,Cyanobacteria,0.8177391,0.38946494
2023-01-09,1,Cyanobacteria,0.1614521,0.9503283
2023-01-10,1,Cyanobacteria,0.992042,0.64037526
2023-01-11,1,Cyanobacteria,1.275152,1.1709716
2023-01-12,1,Cyanobacteria,1.3251085,1.1556029
2023-01-13,1,Cyanobacteria,1.0189146,1.25002
2023-01-14,1,Cyanobacteria,1.2738205,1.134173
2023-01-15,1,Cyanobacteria,1.3461332,1.2054756
2023-01-16,1,Cyanobacteria,1.4476104,1.5404333
2023-01-17,1,Cyanobacteria,1.2679595,1.4141189
2023-01-18,1,Cyanobacteria,1.4467247,1.2565631
2023-01-19,1,Cyanobacteria,1.4130435,1.2863694
2023-01-20,1,Cyanobacteria,1.1790079,1.1598028
2023-01-21,1,Cyanobacteria,1.253741,0.8833209
2023-01-22,1,Cyanobacteria,0.74572355,1.0524747
2023-01-23,1,Cyanobacteria,0.6302901,0.7774197
2023-01-24,1,Cyanobacteria,1.5968212,0.5552105
2023-01-25,1,Cyanobacteria,1.5914844,1.7229038
2023-01-26,1,Cyanobacteria,1.4528313,1.4723457
2023-01-27,1,Cyanobacteria,1.3141781,1.3375278
2023-01-28,1,Cyanobacteria,1.4395945,1.1638173
2023-01-29,1,Cyanobacteria,1.4727279,1.2439282
2023-01-30,1,Cyanobacteria,1.3791581,1.229014
2023-01-31,1,Cyanobacteria,1.1787742,1.1864606
2023-02-01,1,Cyanobacteria,0.9783902,1.0442722
2023-02-02,1,Cyanobacteria,1.3512114,0.963697
2023-02-03,1,Cyanobacteria,1.5657766,1.2886453
2023-02-04,1,Cyanobacteria,1.615985,1.5763062
2023-02-05,1,Cyanobacteria,2.4904246,1.5191151
2023-02-06,1,Cyanobacteria,2.262368,2.109255
2023-02-07,1,Cyanobacteria,2.1824055,1.9093955
2023-02-08,1,Cyanobacteria,1.5520464,2.0167346
2023-02-09,1,Cyanobacteria,1.8653886,1.6604211
2023-02-10,1,Cyanobacteria,2.283535,1.9144013
2023-02-11,1,Cyanobacteria,2.7620409,2.2223148
2023-02-12,1,Cyanobacteria,2.2324486,2.378049
2023-02-13,1,Cyanobacteria,1.8255773,2.1621697
2023-02-14,1,Cyanobacteria,2.4639304,2.1372912
2023-02-15,1,Cyanobacteria,1.9916799,2.3915381
2023-02-16,1,Cyanobacteria,1.7593039,2.0272577
2023-02-17,1,Cyanobacteria,1.7566204,1.9293823
2023-02-18,1,Cyanobacteria,1.8478105,1.860798
2023-02-19,1,Cyanobacteria,1.577091,1.9770437
2023-02-20,1,Cyanobacteria,1.5175421,1.6605966
2023-02-21,1,Cyanobacteria,1.2222602,1.6426659
2023-02-22,1,Cyanobacteria,1.1143904,1.3780258
2023-02-23,1,Cyanobacteria,1.5166937,1.2568957
2023-02-24,1,Cyanobacteria,1.4491328,1.5569655
2023-02-25,1,Cyanobacteria,1.4799918,1.5007961
2023-02-26,1,Cyanobacteria,1.5221559,1.4857233
2023-02-27,1,Cyanobacteria,1.712296,1.5347525
2023-02-28,1,Cyanobacteria,2.1366403,1.7551589
2023-03-01,1,Cyanobacteria,1.7858219,2.1757493
2023-03-02,1,Cyanobacteria,1.3755527,1.8066142
2023-03-03,1,Cyanobacteria,1.2984917,1.4539874
2023-03-04,1,Cyanobacteria,1.2888846,1.331839
2023-03-05,1,Cyanobacteria,1.2217515,1.3256493
2023-03-06,1,Cyanobacteria,1.191564,1.2810616
2023-03-07,1,Cyanobacteria,1.3979748,1.2375524
2023-03-08,1,Cyanobacteria,1.3001692,1.3939553
2023-03-09,1,Cyanobacteria,1.2327971,1.3196328
2023-03-10,1,Cyanobacteria,1.1577052,1.2192863
2023-03-11,1,Cyanobacteria,1.0726924,1.1340816
2023-03-12,1,Cyanobacteria,1.0191824,1.045643
2023-03-13,1,Cyanobacteria,0.8894389,1.0084542
2023-03-14,1,Cyanobacteria,0.90746105,1.0187845
2023-03-15,1,Cyanobacteria,0.87925994,0.8792324
2023-03-16,1,Cyanobacteria,0.83830166,0.8193717
2023-03-17,1,Cyanobacteria,1.0444053,0.8413574
2023-03-18,1,Cyanobacteria,1.0910829,1.1224421
2023-03-19,1,Cyanobacteria,0.9658961,1.2062217
2023-03-20,1,Cyanobacteria,0.92234516,1.063641
2023-03-21,1,Cyanobacteria,0.9250495,1.0669886
2023-03-22,1,Cyanobacteria,0.80815005,1.0393203
2023-03-23,1,Cyanobacteria,0.27196577,1.0971835
2023-03-24,1,Cyanobacteria,0.7134048,0.70187783
2023-03-25,1,Cyanobacteria,2.8818572,1.1897172
2023-03-26,1,Cyanobacteria,3.2467968,2.9377
2023-03-27,1,Cyanobacteria,3.6117365,2.9700634
2023-03-28,1,Cyanobacteria,2.6727736,3.1192932
2023-03-29,1,Cyanobacteria,1.9372687,1.9315301
2023-03-30,1,Cyanobacteria,1.7760023,1.5863076
2023-03-31,1,Cyanobacteria,1.5423425,1.2960118
2023-04-01,1,Cyanobacteria,1.2678039,1.0806012
2023-04-02,1,Cyanobacteria,1.108106,0.9681211
2023-04-03,1,Cyanobacteria,1.0268787,0.97183394
2023-04-04,1,Cyanobacteria,1.0073328,1.0554428
2023-04-05,1,Cyanobacteria,1.5883657,1.5918427
2023-04-06,1,Cyanobacteria,2.1693985,2.4453266
2023-04-07,1,Cyanobacteria,2.7504315,2.8146012
2023-04-08,1,Cyanobacteria,3.3314643,2.6113825
2023-04-09,1,Cyanobacteria,2.7729766,2.5685077
2023-04-10,1,Cyanobacteria,2.417534,1.8846806
2023-04-11,1,Cyanobacteria,1.7742348,1.6211512
2023-04-12,1,Cyanobacteria,1.4090321,1.3636626
2023-04-13,1,Cyanobacteria,1.2431421,1.0778321
2023-04-14,1,Cyanobacteria,1.120989,1.1533494
2023-04-15,1,Cyanobacteria,1.1054552,1.1213067
2023-04-16,1,Cyanobacteria,1.0206532,1.1440375
2023-04-17,1,Cyanobacteria,0.772153,1.3692118
2023-04-18,1,Cyanobacteria,1.0562845,1.2041277
2023-04-19,1,Cyanobacteria,1.5799931,1.6771879
2023-04-20,1,Cyanobacteria,1.3164134,2.0591915
2023-04-21,1,Cyanobacteria,1.2170826,1.3705612
2023-04-22,1,Cyanobacteria,1.2514278,1.1217946
2023-04-23,1,Cyanobacteria,1.1737871,1.3332441
2023-04-24,1,Cyanobacteria,1.1448725,1.361667
2023-04-25,1,Cyanobacteria,1.0627111,1.3973953
2023-04-26,1,Cyanobacteria,1.4576253,1.2948105
2023-04-27,1,Cyanobacteria,1.7456878,1.3486085
2023-04-28,1,Cyanobacteria,1.8548379,2.0266495
2023-04-29,1,Cyanobacteria,2.6361527,1.9486198
2023-04-30,1,Cyanobacteria,3.1612911,2.7651238
2023-05-01,1,Cyanobacteria,1.9083881,2.607278
2023-05-02,1,Cyanobacteria,1.5850003,1.8082438
2023-05-03,1,Cyanobacteria,0.7557995,1.4029582
2023-05-04,1,Cyanobacteria,0.83305645,0.9198377
2023-05-05,1,Cyanobacteria,0.64165354,0.9065976
2023-05-06,1,Cyanobacteria,0.42700356,0.75035393
2023-05-07,1,Cyanobacteria,1.1629804,0.73965544
2023-05-08,1,Cyanobacteria,1.8989573,1.939939
2023-05-09,1,Cyanobacteria,2.634934,2.2921169
2023-05-10,1,Cyanobacteria,3.370911,2.7081258
2023-05-11,1,Cyanobacteria,4.106888,3.0928862
2023-05-12,1,Cyanobacteria,4.8428645,3.4923382
2023-05-13,1,Cyanobacteria,5.5788417,2.7616231
2023-05-14,1,Cyanobacteria,3.4932373,2.9300811
2023-05-15,1,Cyanobacteria,2.3829908,1.7558903
2023-05-16,1,Cyanobacteria,1.6760406,1.522309
2023-05-17,1,Cyanobacteria,1.5048957,1.225284
2023-05-18,1,Cyanobacteria,1.3905042,1.5164628
2023-05-19,1,Cyanobacteria,1.3446171,1.4842035
2023-05-20,1,Cyanobacteria,1.3385532,1.4998591
2023-05-21,1,Cyanobacteria,1.2489344,1.983897
2023-05-22,1,Cyanobacteria,1.2775736,1.573079
2023-05-23,1,Cyanobacteria,1.7400788,1.4580685
2023-05-24,1,Cyanobacteria,2.1723888,2.0082505
2023-05-25,1,Cyanobacteria,2.054791,2.3839555
2023-05-26,1,Cyanobacteria,2.0169272,2.2631428
2023-05-27,1,Cyanobacteria,2.1836193,2.1843545
2023-05-28,1,Cyanobacteria,2.1190135,2.3582802
2023-05-29,1,Cyanobacteria,2.2845416,2.2211545
2023-05-30,1,Cyanobacteria,2.8546731,2.4904509
2023-05-31,1,Cyanobacteria,3.6820343,2.9212666
2023-06-01,1,Cyanobacteria,4.2432837,2.9415536
2023-06-02,1,Cyanobacteria,3.1228824,2.9868386
2023-06-03,1,Cyanobacteria,3.9125252,2.2686198
2023-06-04,1,Cyanobacteria,3.0990682,3.162334
2023-06-05,1,Cyanobacteria,2.2573907,2.393475
2023-06-06,1,Cyanobacteria,3.5290446,2.1204493
2023-06-07,1,Cyanobacteria,4.5944915,3.0957065
2023-06-08,1,Cyanobacteria,3.974097,3.46261
2023-06-09,1,Cyanobacteria,2.817865,3.1562498
2023-06-10,1,Cyanobacteria,2.1575139,2.2239249
2023-06-11,1,Cyanobacteria,2.202399,2.1411626
2023-06-12,1,Cyanobacteria,2.613506,2.5655634
2023-06-13,1,Cyanobacteria,3.0178857,2.9714606
2023-06-14,1,Cyanobacteria,3.2518442,3.0411277
2023-06-15,1,Cyanobacteria,2.6697867,2.5374846
2023-06-16,1,Cyanobacteria,1.9534781,2.3001745
2023-06-17,1,Cyanobacteria,2.036473,1.853424
2023-06-18,1,Cyanobacteria,2.074111,2.3706748
2023-06-19,1,Cyanobacteria,1.7520274,2.14561
2023-06-20,1,Cyanobacteria,1.9095271,2.2964048
2023-06-21,1,Cyanobacteria,2.6224213,2.4601078
2023-06-22,1,Cyanobacteria,2.9754727,3.0880506
2023-06-23,1,Cyanobacteria,3.7797623,2.9605432
2023-06-24,1,Cyanobacteria,3.8032756,3.36327
2023-06-25,1,Cyanobacteria,3.9180677,2.9373353
2023-06-26,1,Cyanobacteria,4.7419147,2.6553106
2023-06-27,1,Cyanobacteria,5.532881,3.4538417
2023-06-28,1,Cyanobacteria,3.5055287,3.3252246
2023-06-29,1,Cyanobacteria,3.4548762,2.0901103
2023-06-30,1,Cyanobacteria,2.7937806,2.2505724
2023-07-01,1,Cyanobacteria,1.5995938,1.588747
2023-07-02,1,Cyanobacteria,1.5965191,1.1596671
2023-07-03,1,Cyanobacteria,1.7737297,1.4041758
2023-07-04,1,Cyanobacteria,2.776571,1.6071141
2023-07-05,1,Cyanobacteria,3.2304816,2.3626797
2023-07-06,1,Cyanobacteria,1.984966,2.3689754
2023-07-07,1,Cyanobacteria,1.9826539,1.4405107
2023-07-08,1,Cyanobacteria,2.2500691,1.335514
2023-07-09,1,Cyanobacteria,2.3913074,1.5915523
2023-07-10,1,Cyanobacteria,2.655939,1.56085
2023-07-11,1,Cyanobacteria,1.9692372,1.8193756
2023-07-12,1,Cyanobacteria,1.2298373,1.222187
2023-07-13,1,Cyanobacteria,1.0929966,0.83563936
2023-07-14,1,Cyanobacteria,0.5992144,0.7499309
2023-07-15,1,Cyanobacteria,0.6014617,0.59671783
2023-07-16,1,Cyanobacteria,0.609786,0.63901067
2023-07-17,1,Cyanobacteria,0.70679635,0.895827
2023-07-18,1,Cyanobacteria,0.8659262,0.9488217
2023-07-19,1,Cyanobacteria,0.9241884,1.0706811
2023-07-20,1,Cyanobacteria,1.0990573,1.2010423
2023-07-21,1,Cyanobacteria,2.9751103,1.4125146
2023-07-22,1,Cyanobacteria,4.6228127,2.9985511
2023-07-23,1,Cyanobacteria,2.8313358,3.3484442
2023-07-24,1,Cyanobacteria,4.548409,2.0766468
2023-07-25,1,Cyanobacteria,5.784873,3.0465047
2023-07-26,1,Cyanobacteria,3.7234683,2.4911504
2023-07-27,1,Cyanobacteria,1.6620638,1.5791622
2023-07-28,1,Cyanobacteria,0.8556233,1.0972608
2023-07-29,1,Cyanobacteria,0.89116377,0.7935747
2023-07-30,1,Cyanobacteria,1.1886462,1.0442045
2023-07-31,1,Cyanobacteria,2.471676,1.8399621
2023-08-01,1,Cyanobacteria,1.6940145,2.588714
2023-08-02,1,Cyanobacteria,1.9481753,1.5766804
2023-08-03,1,Cyanobacteria,1.7617489,1.7345256
2023-08-04,1,Cyanobacteria,1.0801963,1.3342086
2023-08-05,1,Cyanobacteria,1.292281,0.991394
2023-08-06,1,Cyanobacteria,1.7215066,1.4642974
2023-08-07,1,Cyanobacteria,3.3288689,1.8660681
2023-08-08,1,Cyanobacteria,3.0218735,2.8080623
2023-08-09,1,Cyanobacteria,1.651122,1.78608
2023-08-10,1,Cyanobacteria,1.442921,1.1458118
2023-08-11,1,Cyanobacteria,0.7765467,0.9969254
2023-08-12,1,Cyanobacteria,0.9314234,0.691297
2023-08-13,1,Cyanobacteria,1.5715406,0.9433334
2023-08-14,1,Cyanobacteria,4.173333,1.7883314
2023-08-15,1,Cyanobacteria,1.9116304,3.0788255
2023-08-16,1,Cyanobacteria,3.6171675,1.607873
2023-08-17,1,Cyanobacteria,2.3501623,2.515005
2023-08-18,1,Cyanobacteria,2.9149249,1.6606532
2023-08-19,1,Cyanobacteria,3.0159187,2.661863
2023-08-20,1,Cyanobacteria,2.285934,2.359026
2023-08-21,1,Cyanobacteria,2.103505,1.6863351
2023-08-22,1,Cyanobacteria,2.0100663,2.0485694
2023-08-23,1,Cyanobacteria,2.030845,2.2405028
2023-08-24,1,Cyanobacteria,1.9803014,2.2856479
2023-08-25,1,Cyanobacteria,1.8590924,2.088615
2023-08-26,1,Cyanobacteria,2.186416,2.5161994
2023-08-27,1,Cyanobacteria,2.1218035,2.9519076
2023-08-28,1,Cyanobacteria,2.2880745,2.58515
2023-08-29,1,Cyanobacteria,4.906969,2.8908262
2023-08-30,1,Cyanobacteria,2.747103,4.037016
2023-08-31,1,Cyanobacteria,4.8251433,1.9888873
2023-09-01,1,Cyanobacteria,3.1461823,3.74231
2023-09-02,1,Cyanobacteria,2.997252,1.9969132
2023-09-03,1,Cyanobacteria,2.551028,2.451876
2023-09-04,1,Cyanobacteria,2.49856,2.4221656
2023-09-05,1,Cyanobacteria,5.2166624,2.6912384
2023-09-06,1,Cyanobacteria,5.1275606,3.9290376
2023-09-07,1,Cyanobacteria,5.0384583,4.017237
2023-09-08,1,Cyanobacteria,4.9493566,3.6621413
2023-09-09,1,Cyanobacteria,2.5999234,2.4747746
2023-09-10,1,Cyanobacteria,2.1791236,1.3931099
2023-09-11,1,Cyanobacteria,1.9352801,1.8562402
2023-09-12,1,Cyanobacteria,1.8269101,1.6304433
2023-09-13,1,Cyanobacteria,1.9009577,2.108329
2023-09-14,1,Cyanobacteria,2.1442535,2.127831
2023-09-15,1,Cyanobacteria,2.3835835,2.4727607
2023-09-16,1,Cyanobacteria,2.215428,2.3430557
2023-09-17,1,Cyanobacteria,1.9896855,2.1565568
2023-09-18,1,Cyanobacteria,2.0334396,2.1984832
2023-09-19,1,Cyanobacteria,2.1670406,2.1955128
2023-09-20,1,Cyanobacteria,2.404295,2.2517571
2023-09-21,1,Cyanobacteria,2.4283464,2.397018
2023-09-22,1,Cyanobacteria,2.1776288,2.3159122
2023-09-23,1,Cyanobacteria,2.2079122,1.9778448
2023-09-24,1,Cyanobacteria,2.0656526,1.9974279
2023-09-25,1,Cyanobacteria,1.8197497,1.9972044
2023-09-26,1,Cyanobacteria,2.788784,1.868931
2023-09-27,1,Cyanobacteria,2.862572,2.5387437
2023-09-28,1,Cyanobacteria,2.8470044,2.4090185
2023-09-29,1,Cyanobacteria,2.7773497,2.3275363
2023-09-30,1,Cyanobacteria,3.3597028,2.3700702
2023-10-01,1,Cyanobacteria,3.2632625,2.5848536
2023-10-02,1,Cyanobacteria,2.1856651,2.174169
2023-10-03,1,Cyanobacteria,3.234886,1.7866309
2023-10-04,1,Cyanobacteria,3.1014996,2.8768928
2023-10-05,1,Cyanobacteria,2.354695,2.1189053
2023-10-06,1,Cyanobacteria,1.8833472,2.0374064
2023-10-07,1,Cyanobacteria,1.6806661,1.770691
2023-10-08,1,Cyanobacteria,1.6510261,1.7513436
2023-10-09,1,Cyanobacteria,1.65687,1.8062222
2023-10-10,1,Cyanobacteria,2.0349479,1.6705914
2023-10-11,1,Cyanobacteria,1.9036157,2.3324785
2023-10-12,1,Cyanobacteria,1.5963961,2.1130204
2023-10-13,1,Cyanobacteria,2.2419574,2.00611
2023-10-14,1,Cyanobacteria,3.478502,2.56008
2023-10-15,1,Cyanobacteria,3.9786897,3.2175887
2023-10-16,1,Cyanobacteria,2.291187,3.431702
2023-10-17,1,Cyanobacteria,2.2361436,2.460433
2023-10-18,1,Cyanobacteria,3.1238363,2.6745634
2023-10-19,1,Cyanobacteria,3.5173097,3.2006228
2023-10-20,1,Cyanobacteria,3.7166374,3.117387
2023-10-21,1,Cyanobacteria,2.9234288,3.2418394
2023-10-22,1,Cyanobacteria,3.0309916,3.163514
2023-10-23,1,Cyanobacteria,2.8510609,3.0392087
2023-10-24,1,Cyanobacteria,3.768123,3.1084328
2023-10-25,1,Cyanobacteria,5.941194,3.590483
2023-10-26,1,Cyanobacteria,4.4449563,3.9422379
2023-10-27,1,Cyanobacteria,4.763434,3.5126212
2023-10-28,1,Cyanobacteria,2.8690472,3.745527
2023-10-29,1,Cyanobacteria,2.7990034,2.5876184
2023-10-30,1,Cyanobacteria,2.6598368,2.7658324
2023-10-31,1,Cyanobacteria,3.064641,2.4713008
2023-11-01,1,Cyanobacteria,3.5453944,2.9062865
2023-11-02,1,Cyanobacteria,3.0826712,2.9868248
2023-11-03,1,Cyanobacteria,3.453603,2.732997
2023-11-04,1,Cyanobacteria,2.4549444,3.2241173
2023-11-05,1,Cyanobacteria,3.4141028,2.1019404
2023-11-06,1,Cyanobacteria,3.7630842,2.875244
2023-11-07,1,Cyanobacteria,2.8241215,2.9998133
2023-11-08,1,Cyanobacteria,1.6250529,2.1080809
2023-11-09,1,Cyanobacteria,1.9600605,1.4556253
2023-11-10,1,Cyanobacteria,2.4557483,2.108672
2023-11-11,1,Cyanobacteria,1.7682997,2.3938243
2023-11-12,1,Cyanobacteria,1.8357332,1.8478564
2023-11-13,1,Cyanobacteria,1.5355757,1.9864274
2023-11-14,1,Cyanobacteria,1.4568228,1.6786606
2023-11-15,1,Cyanobacteria,1.3942672,1.7436919
2023-11-16,1,Cyanobacteria,1.4696076,1.5598248
2023-11-17,1,Cyanobacteria,1.5879126,1.7375998
2023-11-18,1,Cyanobacteria,1.8608291,1.8414737
2023-11-19,1,Cyanobacteria,1.7472198,2.176026
2023-11-20,1,Cyanobacteria,2.048946,1.914904
2023-11-21,1,Cyanobacteria,2.0148678,2.3242526
2023-11-22,1,Cyanobacteria,2.2934241,2.3116536
2023-11-23,1,Cyanobacteria,3.542967,2.356566
2023-11-24,1,Cyanobacteria,2.294738,2.7464254
2023-11-25,1,Cyanobacteria,1.8379765,1.8179336
2023-11-26,1,Cyanobacteria,1.510859,1.6321368
2023-11-27,1,Cyanobacteria,1.4485191,1.4710723
2023-11-28,1,Cyanobacteria,1.7754028,1.5323765
2023-11-29,1,Cyanobacteria,1.1889424,1.9302726
2023-11-30,1,Cyanobacteria,4.1997676,1.5069996
2023-12-01,1,Cyanobacteria,2.7477224,2.8548372
2023-12-02,1,Cyanobacteria,2.1429226,2.3451068
2023-12-03,1,Cyanobacteria,2.1683147,2.1055446
2023-12-04,1,Cyanobacteria,1.8719982,1.9340737
2023-12-05,1,Cyanobacteria,2.7758234,1.5267848
2023-12-06,1,Cyanobacteria,2.8993187,2.2999432
2023-12-07,1,Cyanobacteria,2.0482368,2.3909607
2023-12-08,1,Cyanobacteria,1.585169,2.0413399
2023-12-09,1,Cyanobacteria,2.0673146,1.5798646
2023-12-10,1,Cyanobacteria,1.7040033,2.1285136
2023-12-11,1,Cyanobacteria,2.2543254,1.7160985
2023-12-12,1,Cyanobacteria,2.8514695,2.2405982
2023-12-13,1,Cyanobacteria,2.631844,2.6316423
2023-12-14,1,Cyanobacteria,2.930671,2.317194
2023-12-15,1,Cyanobacteria,4.081218,2.3103647
2023-12-16,1,Cyanobacteria,2.122142,2.9909825
2023-12-17,1,Cyanobacteria,1.3384718,1.672019
2023-12-18,1,Cyanobacteria,1.4121481,1.2394772
2023-12-19,1,Cyanobacteria,1.8288468,1.251447
2023-12-20,1,Cyanobacteria,1.4450092,1.7991002
2023-12-21,1,Cyanobacteria,1.3191619,1.4294161
2023-12-22,1,Cyanobacteria,1.6237926,1.35089
2023-12-23,1,Cyanobacteria,1.574842,1.5299335
2023-12-24,1,Cyanobacteria,1.5136062,1.4663513
2023-12-25,1,Cyanobacteria,1.7450206,1.4182794
2023-12-26,1,Cyanobacteria,3.017767,1.6231863
2023-12-27,1,Cyanobacteria,3.659146,2.4614964
2020-10-29,2,Cyanobacteria,1.9198873,2.1769588
2020-10-30,2,Cyanobacteria,0.9165894,2.3589385
2020-10-31,2,Cyanobacteria,1.3927351,1.7228531
2020-11-01,2,Cyanobacteria,1.3244635,1.2161596
2020-11-02,2,Cyanobacteria,1.4207313,1.4971603
2020-11-03,2,Cyanobacteria,1.6778421,1.4010379
2020-11-04,2,Cyanobacteria,1.990452,1.4749248
2020-11-05,2,Cyanobacteria,2.022165,1.7149608
2020-11-06,2,Cyanobacteria,2.008798,1.975569
2020-11-07,2,Cyanobacteria,1.885076,1.9151704
2020-11-08,2,Cyanobacteria,1.9127102,1.8667896
2020-11-09,2,Cyanobacteria,1.7077882,1.6389525
2020-11-10,2,Cyanobacteria,1.6468678,1.5769477
2020-11-11,2,Cyanobacteria,1.6813062,1.5174456
2020-11-12,2,Cyanobacteria,1.9224818,1.4405154
2020-11-13,2,Cyanobacteria,1.6967794,1.4423696
2020-11-14,2,Cyanobacteria,2.2499926,1.6235889
2020-11-15,2,Cyanobacteria,2.0681548,1.4679465
2020-11-16,2,Cyanobacteria,1.7629341,1.9705052
2020-11-17,2,Cyanobacteria,1.6316327,1.5668526
2020-11-18,2,Cyanobacteria,1.4976882,1.4752498
2020-11-19,2,Cyanobacteria,1.2110482,1.3393804
2020-11-20,2,Cyanobacteria,1.6200837,1.353468
2020-11-21,2,Cyanobacteria,1.108683,1.1270798
2020-11-22,2,Cyanobacteria,1.0693725,1.3286558
2020-11-23,2,Cyanobacteria,1.2781522,0.97714007
2020-11-24,2,Cyanobacteria,1.5949926,0.86935645
2020-11-25,2,Cyanobacteria,1.621545,1.0469531
2020-11-26,2,Cyanobacteria,0.6157164,1.2546098
2020-11-27,2,Cyanobacteria,1.1531911,1.2523963
2020-11-28,2,Cyanobacteria,1.334508,0.81246066
2020-11-29,2,Cyanobacteria,1.2755716,1.0443248
2020-11-30,2,Cyanobacteria,1.4539436,1.1140277
2020-12-01,2,Cyanobacteria,1.416155,1.1218278
2020-12-02,2,Cyanobacteria,1.3794355,1.2547011
2020-12-03,2,Cyanobacteria,1.5929089,1.2649001
2020-12-04,2,Cyanobacteria,1.6844646,1.210733
2020-12-05,2,Cyanobacteria,1.6305789,1.3566366
2020-12-06,2,Cyanobacteria,1.537851,1.4970598
2020-12-07,2,Cyanobacteria,1.4415424,1.3551826
2020-12-08,2,Cyanobacteria,1.3017017,1.3153789
2020-12-09,2,Cyanobacteria,1.1760101,1.2043089
2020-12-10,2,Cyanobacteria,1.2858943,1.1152848
2020-12-11,2,Cyanobacteria,1.2478929,0.9966524
2020-12-12,2,Cyanobacteria,1.1700652,1.1146146
2020-12-13,2,Cyanobacteria,0.7562853,1.078838
2020-12-14,2,Cyanobacteria,1.4720767,1.0041144
2020-12-15,2,Cyanobacteria,1.6189508,0.8313341
2020-12-16,2,Cyanobacteria,1.7228365,1.3333586
2020-12-17,2,Cyanobacteria,1.7015278,1.3606858
2020-12-18,2,Cyanobacteria,1.5606419,1.4590963
2020-12-19,2,Cyanobacteria,1.410767,1.3017439
2020-12-20,2,Cyanobacteria,1.231288,1.1964508
2020-12-21,2,Cyanobacteria,1.0281318,1.0959188
2020-12-22,2,Cyanobacteria,0.94908035,0.95123607
2020-12-23,2,Cyanobacteria,0.5109782,0.8528909
2020-12-24,2,Cyanobacteria,0.7968573,0.8310894
2020-12-25,2,Cyanobacteria,0.9004562,0.6755581
2020-12-26,2,Cyanobacteria,1.0766836,0.7665997
2020-12-27,2,Cyanobacteria,0.95042,0.8668252
2020-12-28,2,Cyanobacteria,0.5107458,0.92197937
2020-12-29,2,Cyanobacteria,0.2183068,0.81721747
2020-12-30,2,Cyanobacteria,1.2127858,0.61701286
2020-12-31,2,Cyanobacteria,0.92782927,0.45912144
2021-01-01,2,Cyanobacteria,1.2508177,0.8293706
2021-01-02,2,Cyanobacteria,1.2944026,0.7815805
2021-01-03,2,Cyanobacteria,1.232453,0.9844348
2021-01-04,2,Cyanobacteria,1.0558363,1.0151323
2021-01-05,2,Cyanobacteria,1.1140188,0.95291495
2021-01-06,2,Cyanobacteria,1.0396379,0.8359615
2021-01-07,2,Cyanobacteria,1.0007603,0.8363176
2021-01-08,2,Cyanobacteria,1.133749,0.7907119
2021-01-09,2,Cyanobacteria,1.1601809,0.7787437
2021-01-10,2,Cyanobacteria,1.2568814,0.82733876
2021-01-11,2,Cyanobacteria,1.1985952,0.83796936
2021-01-12,2,Cyanobacteria,1.1570984,0.8556477
2021-01-13,2,Cyanobacteria,1.1095513,0.8327894
2021-01-14,2,Cyanobacteria,1.023268,0.8251861
2021-01-15,2,Cyanobacteria,0.7892397,0.77757317
2021-01-16,2,Cyanobacteria,0.5160029,0.7473871
2021-01-17,2,Cyanobacteria,0.6644501,0.63306665
2021-01-18,2,Cyanobacteria,0.72609264,0.57357794
2021-01-19,2,Cyanobacteria,0.80248195,0.606038
2021-01-20,2,Cyanobacteria,0.5337771,0.6906963
2021-01-21,2,Cyanobacteria,0.47094068,0.72483444
2021-01-22,2,Cyanobacteria,0.73403335,0.7193984
2021-01-23,2,Cyanobacteria,0.5746165,0.5426863
2021-01-24,2,Cyanobacteria,0.9917221,0.6692931
2021-01-25,2,Cyanobacteria,0.90726936,0.6411311
2021-01-26,2,Cyanobacteria,1.368466,1.0413822
2021-01-27,2,Cyanobacteria,1.1996093,1.0614622
2021-01-28,2,Cyanobacteria,1.1409117,1.047206
2021-01-29,2,Cyanobacteria,1.1614038,0.8254801
2021-01-30,2,Cyanobacteria,0.9247902,0.854425
2021-01-31,2,Cyanobacteria,0.8163143,0.94991684
2021-02-01,2,Cyanobacteria,0.68247646,0.7984007
2021-02-02,2,Cyanobacteria,0.7478566,0.6831439
2021-02-03,2,Cyanobacteria,0.9111803,0.5755212
2021-02-04,2,Cyanobacteria,0.80073136,0.54943824
2021-02-05,2,Cyanobacteria,0.7012689,0.6713472
2021-02-06,2,Cyanobacteria,0.6910789,0.6750737
2021-02-07,2,Cyanobacteria,0.677118,0.6078233
2021-02-08,2,Cyanobacteria,0.8998841,0.57171386
2021-02-09,2,Cyanobacteria,0.6313663,0.50943536
2021-02-10,2,Cyanobacteria,0.74432606,0.59503067
2021-02-11,2,Cyanobacteria,0.8625417,0.5303118
2021-02-12,2,Cyanobacteria,0.97663283,0.58777
2021-02-13,2,Cyanobacteria,0.55862415,0.6078038
2021-02-14,2,Cyanobacteria,0.37615052,0.6127724
2021-02-15,2,Cyanobacteria,0.6475181,0.522294
2021-02-16,2,Cyanobacteria,0.53772795,0.4475412
2021-02-17,2,Cyanobacteria,0.71482635,0.5043864
2021-02-18,2,Cyanobacteria,0.59031117,0.5221565
2021-02-19,2,Cyanobacteria,0.70318836,0.6490197
2021-02-20,2,Cyanobacteria,0.69292545,0.6642297
2021-02-21,2,Cyanobacteria,0.635275,0.7046186
2021-02-22,2,Cyanobacteria,0.7406807,0.65653497
2021-02-23,2,Cyanobacteria,0.875916,0.57153404
2021-02-24,2,Cyanobacteria,0.83096313,0.59136635
2021-02-25,2,Cyanobacteria,0.85622466,0.6683239
2021-02-26,2,Cyanobacteria,1.0751342,0.6490981
2021-02-27,2,Cyanobacteria,1.2290095,0.6565963
2021-02-28,2,Cyanobacteria,1.2229925,0.785145
2021-03-01,2,Cyanobacteria,1.253146,0.8477791
2021-03-02,2,Cyanobacteria,1.3632498,0.8510508
2021-03-03,2,Cyanobacteria,0.8552822,0.94378924
2021-03-04,2,Cyanobacteria,1.1125977,1.027639
2021-03-05,2,Cyanobacteria,0.81280756,0.78388196
2021-03-06,2,Cyanobacteria,0.8352894,0.9117946
2021-03-07,2,Cyanobacteria,0.7107815,0.8144171
2021-03-08,2,Cyanobacteria,0.8574656,0.7143151
2021-03-09,2,Cyanobacteria,0.77764106,0.6638274
2021-03-10,2,Cyanobacteria,0.89971054,0.70296806
2021-03-11,2,Cyanobacteria,0.7533502,0.65994674
2021-03-12,2,Cyanobacteria,0.3883647,0.6844666
2021-03-13,2,Cyanobacteria,0.3952388,0.6320939
2021-03-14,2,Cyanobacteria,1.1506295,0.47025412
2021-03-15,2,Cyanobacteria,1.0597106,0.4676069
2021-03-16,2,Cyanobacteria,1.0960565,1.1096033
2021-03-17,2,Cyanobacteria,1.274508,1.0194902
2021-03-18,2,Cyanobacteria,1.3935528,1.0002933
2021-03-19,2,Cyanobacteria,1.3325905,1.1315222
2021-03-20,2,Cyanobacteria,1.3198698,1.1103722
2021-03-21,2,Cyanobacteria,1.3761505,1.0574564
2021-03-22,2,Cyanobacteria,1.1251593,1.0901647
2021-03-23,2,Cyanobacteria,0.9094642,1.2153813
2021-03-24,2,Cyanobacteria,1.1613843,0.892345
2021-03-25,2,Cyanobacteria,1.0459361,0.8187983
2021-03-26,2,Cyanobacteria,0.8975687,1.0431184
2021-03-27,2,Cyanobacteria,0.6828747,0.9456461
2021-03-28,2,Cyanobacteria,0.7303548,0.81590784
2021-03-29,2,Cyanobacteria,0.41225198,0.6711328
2021-03-30,2,Cyanobacteria,0.111810274,0.7290896
2021-03-31,2,Cyanobacteria,0.5293086,0.58309555
2021-04-01,2,Cyanobacteria,1.298798,0.45911667
2021-04-02,2,Cyanobacteria,1.4947647,0.74274814
2021-04-03,2,Cyanobacteria,1.5875887,1.3066304
2021-04-04,2,Cyanobacteria,1.6624764,1.2727997
2021-04-05,2,Cyanobacteria,1.5121635,1.2680069
2021-04-06,2,Cyanobacteria,1.4354631,1.2290988
2021-04-07,2,Cyanobacteria,1.4178132,1.1251578
2021-04-08,2,Cyanobacteria,1.4679812,1.0512534
2021-04-09,2,Cyanobacteria,1.3545152,1.046733
2021-04-10,2,Cyanobacteria,1.2440883,1.166965
2021-04-11,2,Cyanobacteria,1.0756367,1.0387414
2021-04-12,2,Cyanobacteria,0.7194786,0.9506664
2021-04-13,2,Cyanobacteria,0.7790297,0.87232804
2021-04-14,2,Cyanobacteria,0.8630123,0.75064754
2021-04-15,2,Cyanobacteria,0.56722665,0.7906003
2021-04-16,2,Cyanobacteria,1.0409226,0.8263188
2021-04-17,2,Cyanobacteria,0.69225204,0.734473
2021-04-18,2,Cyanobacteria,1.2849385,0.9470724
2021-04-19,2,Cyanobacteria,1.2466329,0.78533995
2021-04-20,2,Cyanobacteria,1.3180811,1.0312557
2021-04-21,2,Cyanobacteria,1.1071904,0.99983084
2021-04-22,2,Cyanobacteria,0.6878566,1.0421574
2021-04-23,2,Cyanobacteria,0.5611079,0.8937518
2021-04-24,2,Cyanobacteria,0.8025344,0.67696965
2021-04-25,2,Cyanobacteria,0.78728455,0.590347
2021-04-26,2,Cyanobacteria,1.6280825,0.8257618
2021-04-27,2,Cyanobacteria,1.9490377,0.9797272
2021-04-28,2,Cyanobacteria,1.6121202,1.3043653
2021-04-29,2,Cyanobacteria,1.4643126,1.3720112
2021-04-30,2,Cyanobacteria,1.5555934,1.3044697
2021-05-01,2,Cyanobacteria,1.5656585,1.1001189
2021-05-02,2,Cyanobacteria,1.2381549,1.1746457
2021-05-03,2,Cyanobacteria,1.0236812,1.2454262
2021-05-04,2,Cyanobacteria,1.7144799,1.052184
2021-05-05,2,Cyanobacteria,1.3347807,0.9346647
2021-05-06,2,Cyanobacteria,1.2243872,1.1676826
2021-05-07,2,Cyanobacteria,1.3597454,1.0425372
2021-05-08,2,Cyanobacteria,1.0678822,1.1122358
2021-05-09,2,Cyanobacteria,1.0264472,1.2169929
2021-05-10,2,Cyanobacteria,0.76781476,1.1325754
2021-05-11,2,Cyanobacteria,0.6906947,1.166114
2021-05-12,2,Cyanobacteria,1.008741,1.0081589
2021-05-13,2,Cyanobacteria,1.2948915,1.0146003
2021-05-14,2,Cyanobacteria,2.0710855,1.3105425
2021-05-15,2,Cyanobacteria,2.2474167,1.290532
2021-05-16,2,Cyanobacteria,1.9920912,1.9309735
2021-05-17,2,Cyanobacteria,1.6489002,2.0023673
2021-05-18,2,Cyanobacteria,1.794537,1.8042154
2021-05-19,2,Cyanobacteria,2.0734396,1.5493623
2021-05-20,2,Cyanobacteria,2.1479883,1.7367716
2021-05-21,2,Cyanobacteria,2.0209045,2.0042255
2021-05-22,2,Cyanobacteria,2.2535193,2.197792
2021-05-23,2,Cyanobacteria,2.2723534,2.1520195
2021-05-24,2,Cyanobacteria,2.63233,2.5010102
2021-05-25,2,Cyanobacteria,2.3065703,2.4885185
2021-05-26,2,Cyanobacteria,1.9421636,2.8588326
2021-05-27,2,Cyanobacteria,2.2319682,2.2671218
2021-05-28,2,Cyanobacteria,4.1579432,2.092066
2021-05-29,2,Cyanobacteria,4.3492618,2.8435607
2021-05-30,2,Cyanobacteria,2.6183937,3.6166286
2021-05-31,2,Cyanobacteria,2.6154816,3.7318811
2021-06-01,2,Cyanobacteria,5.352636,2.9101782
2021-06-02,2,Cyanobacteria,4.717726,3.1468036
2021-06-03,2,Cyanobacteria,2.962998,4.0018897
2021-06-04,2,Cyanobacteria,3.0213976,3.5990002
2021-06-05,2,Cyanobacteria,2.9233599,2.8267012
2021-06-06,2,Cyanobacteria,2.5688848,3.207803
2021-06-07,2,Cyanobacteria,2.928039,2.7865841
2021-06-08,2,Cyanobacteria,2.7149856,2.6689446
2021-06-09,2,Cyanobacteria,2.3156078,3.0088005
2021-06-10,2,Cyanobacteria,2.2857888,2.8805852
2021-06-11,2,Cyanobacteria,2.4744864,2.4767487
2021-06-12,2,Cyanobacteria,3.0040839,2.564822
2021-06-13,2,Cyanobacteria,4.336705,2.6491704
2021-06-14,2,Cyanobacteria,3.6870964,2.9423032
2021-06-15,2,Cyanobacteria,1.1724981,3.3709173
2021-06-16,2,Cyanobacteria,0.89654595,2.96763
2021-06-17,2,Cyanobacteria,1.6896162,1.6829097
2021-06-18,2,Cyanobacteria,3.3528886,1.6342913
2021-06-19,2,Cyanobacteria,3.2436857,2.3643167
2021-06-20,2,Cyanobacteria,3.6387465,3.134503
2021-06-21,2,Cyanobacteria,2.835984,3.3869524
2021-06-22,2,Cyanobacteria,1.9431771,3.6702535
2021-06-23,2,Cyanobacteria,2.2497613,3.080508
2021-06-24,2,Cyanobacteria,2.3033574,2.397244
2021-06-25,2,Cyanobacteria,1.9838712,3.0820396
2021-06-26,2,Cyanobacteria,2.2046309,2.3612723
2021-06-27,2,Cyanobacteria,4.0340667,2.3874416
2021-06-28,2,Cyanobacteria,5.868067,2.8418095
2021-06-29,2,Cyanobacteria,5.3050866,3.7690125
2021-06-30,2,Cyanobacteria,4.742106,4.1343794
2021-07-01,2,Cyanobacteria,3.2076483,3.861522
2021-07-02,2,Cyanobacteria,3.4847536,3.8151188
2021-07-03,2,Cyanobacteria,4.0390015,2.804883
2021-07-04,2,Cyanobacteria,3.948705,3.6132388
2021-07-05,2,Cyanobacteria,4.7784224,3.6513033
2021-07-06,2,Cyanobacteria,4.2812166,3.468758
2021-07-07,2,Cyanobacteria,3.7561839,3.8078659
2021-07-08,2,Cyanobacteria,3.5484276,3.3762636
2021-07-09,2,Cyanobacteria,2.1638117,2.942741
2021-07-10,2,Cyanobacteria,1.9270601,2.9532008
2021-07-11,2,Cyanobacteria,1.9104345,1.841816
2021-07-12,2,Cyanobacteria,2.2324965,2.1037092
2021-07-13,2,Cyanobacteria,2.087728,1.9779916
2021-07-14,2,Cyanobacteria,1.2980666,2.3868043
2021-07-15,2,Cyanobacteria,1.3932489,2.158077
2021-07-16,2,Cyanobacteria,1.2500651,1.6324046
2021-07-17,2,Cyanobacteria,0.43407384,1.8291026
2021-07-18,2,Cyanobacteria,1.2796165,1.6248134
2021-07-19,2,Cyanobacteria,1.8222448,1.1730341
2021-07-20,2,Cyanobacteria,2.0859232,1.7432178
2021-07-21,2,Cyanobacteria,1.8950905,2.1641605
2021-07-22,2,Cyanobacteria,2.1339176,2.5006936
2021-07-23,2,Cyanobacteria,2.1493194,2.278437
2021-07-24,2,Cyanobacteria,4.662006,2.5119596
2021-07-25,2,Cyanobacteria,3.9590297,2.561328
2021-07-26,2,Cyanobacteria,4.2673516,3.5844328
2021-07-27,2,Cyanobacteria,4.232916,3.278432
2021-07-28,2,Cyanobacteria,2.8703907,3.874292
2021-07-29,2,Cyanobacteria,2.1993053,3.78706
2021-07-30,2,Cyanobacteria,2.0899277,2.6948268
2021-07-31,2,Cyanobacteria,2.1685455,2.467933
2021-08-01,2,Cyanobacteria,3.3460565,2.2681105
2021-08-02,2,Cyanobacteria,5.6828313,2.860348
2021-08-03,2,Cyanobacteria,4.7732515,3.5743778
2021-08-04,2,Cyanobacteria,4.0578346,4.1332545
2021-08-05,2,Cyanobacteria,5.5061984,4.1452622
2021-08-06,2,Cyanobacteria,5.3274107,4.1928377
2021-08-07,2,Cyanobacteria,5.148622,4.2590876
2021-08-08,2,Cyanobacteria,3.2820683,3.90681
2021-08-09,2,Cyanobacteria,2.7275743,3.9437451
2021-08-10,2,Cyanobacteria,2.468589,2.4626129
2021-08-11,2,Cyanobacteria,2.8743272,2.692375
2021-08-12,2,Cyanobacteria,2.9775615,2.3875186
2021-08-13,2,Cyanobacteria,2.9190001,3.02764
2021-08-14,2,Cyanobacteria,2.5640225,2.698873
2021-08-15,2,Cyanobacteria,2.6541495,2.7787602
2021-08-16,2,Cyanobacteria,2.9796264,2.283967
2021-08-17,2,Cyanobacteria,3.3871398,2.5966482
2021-08-18,2,Cyanobacteria,2.8336039,2.546162
2021-08-19,2,Cyanobacteria,1.4002497,2.881432
2021-08-20,2,Cyanobacteria,2.1858518,2.8442173
2021-08-21,2,Cyanobacteria,3.8102813,2.0468433
2021-08-22,2,Cyanobacteria,4.623089,2.8349848
2021-08-23,2,Cyanobacteria,3.8476396,3.2851887
2021-08-24,2,Cyanobacteria,3.6913338,3.8007703
2021-08-25,2,Cyanobacteria,5.2736855,3.6135085
2021-08-26,2,Cyanobacteria,5.886749,3.5893385
2021-08-27,2,Cyanobacteria,6.328652,3.9609275
2021-08-28,2,Cyanobacteria,5.913598,3.9332976
2021-08-29,2,Cyanobacteria,5.4985447,3.965818
2021-08-30,2,Cyanobacteria,4.998421,3.832992
2021-08-31,2,Cyanobacteria,3.173958,3.5919232
2021-09-01,2,Cyanobacteria,2.4867873,3.6693146
2021-09-02,2,Cyanobacteria,2.2553763,2.17228
2021-09-03,2,Cyanobacteria,2.089725,2.566934
2021-09-04,2,Cyanobacteria,2.1701736,2.32662
2021-09-05,2,Cyanobacteria,2.752026,2.3102345
2021-09-06,2,Cyanobacteria,2.4418018,2.5412028
2021-09-07,2,Cyanobacteria,2.3925562,2.9771361
2021-09-08,2,Cyanobacteria,2.2696092,2.429972
2021-09-09,2,Cyanobacteria,3.9620116,2.8562946
2021-09-10,2,Cyanobacteria,3.368864,2.5085201
2021-09-11,2,Cyanobacteria,3.444725,3.443754
2021-09-12,2,Cyanobacteria,4.387453,3.2844148
2021-09-13,2,Cyanobacteria,3.7823026,3.4714162
2021-09-14,2,Cyanobacteria,3.6403475,3.6686008
2021-09-15,2,Cyanobacteria,3.4074223,3.4629266
2021-09-16,2,Cyanobacteria,2.904714,3.587835
2021-09-17,2,Cyanobacteria,2.246401,2.8254428
2021-09-18,2,Cyanobacteria,1.8525054,2.5171995
2021-09-19,2,Cyanobacteria,1.9603258,1.9487029
2021-09-20,2,Cyanobacteria,1.8784577,1.7289253
2021-09-21,2,Cyanobacteria,1.6022085,1.7098594
2021-09-22,2,Cyanobacteria,1.6334975,1.6708553
2021-09-23,2,Cyanobacteria,1.6335725,1.6019536
2021-09-24,2,Cyanobacteria,1.7263433,1.982728
2021-09-25,2,Cyanobacteria,1.7499204,1.9069755
2021-09-26,2,Cyanobacteria,1.902614,1.9244382
2021-09-27,2,Cyanobacteria,1.9976249,1.8144051
2021-09-28,2,Cyanobacteria,2.0052354,1.9444281
2021-09-29,2,Cyanobacteria,1.9031209,1.8201216
2021-09-30,2,Cyanobacteria,2.1214771,1.8829877
2021-10-01,2,Cyanobacteria,1.6440406,1.7379642
2021-10-02,2,Cyanobacteria,1.4304897,1.9013513
2021-10-03,2,Cyanobacteria,1.5464485,1.4902986
2021-10-04,2,Cyanobacteria,1.6624073,1.3772987
2021-10-05,2,Cyanobacteria,1.7783661,1.4528581
2021-10-06,2,Cyanobacteria,1.8943249,1.5733624
2021-10-07,2,Cyanobacteria,2.0102837,1.8148623
2021-10-08,2,Cyanobacteria,2.1262426,1.9463463
2021-10-09,2,Cyanobacteria,2.2422013,1.831443
2021-10-10,2,Cyanobacteria,2.3581603,1.8487226
2021-10-11,2,Cyanobacteria,2.474119,2.0255015
2021-10-12,2,Cyanobacteria,2.5900779,2.232108
2021-10-13,2,Cyanobacteria,2.376394,2.2779496
2021-10-14,2,Cyanobacteria,2.2953513,2.5112898
2021-10-15,2,Cyanobacteria,4.095699,2.1897924
2021-10-16,2,Cyanobacteria,5.2911153,2.2326713
2021-10-17,2,Cyanobacteria,3.2535,3.3320875
2021-10-18,2,Cyanobacteria,3.1076484,3.4858644
2021-10-19,2,Cyanobacteria,2.6348336,2.4681711
2021-10-20,2,Cyanobacteria,2.2041533,2.8645535
2021-10-21,2,Cyanobacteria,2.0151665,2.169478
2021-10-22,2,Cyanobacteria,1.8319536,2.0532184
2021-10-23,2,Cyanobacteria,1.7161505,1.9052277
2021-10-24,2,Cyanobacteria,1.7125037,1.5456424
2021-10-25,2,Cyanobacteria,1.5120782,1.5322558
2021-10-26,2,Cyanobacteria,1.6121708,1.5238175
2021-10-27,2,Cyanobacteria,1.3440738,1.3077338
2021-10-28,2,Cyanobacteria,1.1399204,1.3718512
2021-10-29,2,Cyanobacteria,1.698126,1.2203552
2021-10-30,2,Cyanobacteria,2.3341606,1.1192486
2021-10-31,2,Cyanobacteria,1.9348481,1.475884
2021-11-01,2,Cyanobacteria,1.7935673,1.9224026
2021-11-02,2,Cyanobacteria,1.2920767,1.5650269
2021-11-03,2,Cyanobacteria,1.3757019,1.3540862
2021-11-04,2,Cyanobacteria,1.350919,1.0773958
2021-11-05,2,Cyanobacteria,1.281809,1.1610148
2021-11-06,2,Cyanobacteria,1.0622793,1.1397765
2021-11-07,2,Cyanobacteria,0.91401154,1.0470994
2021-11-08,2,Cyanobacteria,1.5847178,0.90559596
2021-11-09,2,Cyanobacteria,1.2513965,0.80903774
2021-11-10,2,Cyanobacteria,1.065916,1.2660799
2021-11-11,2,Cyanobacteria,1.2520332,1.072649
2021-11-12,2,Cyanobacteria,1.2013613,0.94986594
2021-11-13,2,Cyanobacteria,1.2783864,1.0140364
2021-11-14,2,Cyanobacteria,1.3271418,0.96435755
2021-11-15,2,Cyanobacteria,1.343092,0.98162174
2021-11-16,2,Cyanobacteria,1.420963,1.0186362
2021-11-17,2,Cyanobacteria,1.2887958,1.0299817
2021-11-18,2,Cyanobacteria,1.3203533,1.0889359
2021-11-19,2,Cyanobacteria,1.3825127,0.9707945
2021-11-20,2,Cyanobacteria,1.2764591,0.9868894
2021-11-21,2,Cyanobacteria,1.1090586,1.0931336
2021-11-22,2,Cyanobacteria,1.129356,1.0363157
2021-11-23,2,Cyanobacteria,1.2800362,0.93697214
2021-11-24,2,Cyanobacteria,1.1554124,1.147968
2021-11-25,2,Cyanobacteria,1.1848153,1.2602005
2021-11-26,2,Cyanobacteria,1.2934299,1.0953691
2021-11-27,2,Cyanobacteria,1.2571418,1.0768124
2021-11-28,2,Cyanobacteria,1.2306077,1.1580902
2021-11-29,2,Cyanobacteria,1.0336133,1.1289359
2021-11-30,2,Cyanobacteria,0.86162925,1.0927794
2021-12-01,2,Cyanobacteria,1.5704707,0.9202475
2021-12-02,2,Cyanobacteria,1.5914989,0.77656657
2021-12-03,2,Cyanobacteria,1.3629906,1.5362895
2021-12-04,2,Cyanobacteria,1.3497757,1.4146003
2021-12-05,2,Cyanobacteria,1.1732706,1.1574836
2021-12-06,2,Cyanobacteria,1.1404066,1.0068613
2021-12-07,2,Cyanobacteria,1.1583865,0.8642902
2021-12-08,2,Cyanobacteria,1.128018,0.8358503
2021-12-09,2,Cyanobacteria,0.9754814,0.8561231
2021-12-10,2,Cyanobacteria,1.0479378,0.8496867
2021-12-11,2,Cyanobacteria,0.8021346,0.7666765
2021-12-12,2,Cyanobacteria,0.8941274,0.80998623
2021-12-13,2,Cyanobacteria,0.6927569,0.6606853
2021-12-14,2,Cyanobacteria,0.43221417,0.6858043
2021-12-15,2,Cyanobacteria,0.36057928,0.58366466
2021-12-16,2,Cyanobacteria,0.40863866,0.4550759
2021-12-17,2,Cyanobacteria,0.9727516,0.40114865
2021-12-18,2,Cyanobacteria,0.9826068,0.43820718
2021-12-19,2,Cyanobacteria,0.9490369,0.89115626
2021-12-20,2,Cyanobacteria,1.178531,0.8488616
2021-12-21,2,Cyanobacteria,1.2478871,0.78941274
2021-12-22,2,Cyanobacteria,1.3445659,0.93707734
2021-12-23,2,Cyanobacteria,0.59661365,0.94684803
2021-12-24,2,Cyanobacteria,0.46170765,1.071745
2021-12-25,2,Cyanobacteria,0.85164493,0.6669734
2021-12-26,2,Cyanobacteria,0.97535455,0.47837496
2021-12-27,2,Cyanobacteria,0.95947784,0.69871145
2021-12-28,2,Cyanobacteria,0.76329446,0.85261256
2021-12-29,2,Cyanobacteria,0.85634834,0.878239
2021-12-30,2,Cyanobacteria,0.6464471,0.7313444
2021-12-31,2,Cyanobacteria,0.90151423,0.7556225
2022-01-01,2,Cyanobacteria,0.776013,0.607879
2022-01-02,2,Cyanobacteria,0.83620113,0.8227548
2022-01-03,2,Cyanobacteria,0.80412745,0.7848465
2022-01-04,2,Cyanobacteria,0.6765098,0.826102
2022-01-05,2,Cyanobacteria,0.4595076,0.79832083
2022-01-06,2,Cyanobacteria,0.19878344,0.7054559
2022-01-07,2,Cyanobacteria,0.67120206,0.57135254
2022-01-08,2,Cyanobacteria,0.95592326,0.45797926
2022-01-09,2,Cyanobacteria,0.9327444,0.824456
2022-01-10,2,Cyanobacteria,1.0224385,1.0259296
2022-01-11,2,Cyanobacteria,2.1481042,0.8868049
2022-01-12,2,Cyanobacteria,1.6652243,0.9917651
2022-01-13,2,Cyanobacteria,1.291042,1.8131654
2022-01-14,2,Cyanobacteria,1.2574656,1.3112768
2022-01-15,2,Cyanobacteria,1.032084,1.1366576
2022-01-16,2,Cyanobacteria,0.9674892,1.0645869
2022-01-17,2,Cyanobacteria,0.94616944,0.9121912
2022-01-18,2,Cyanobacteria,0.92269367,0.83645624
2022-01-19,2,Cyanobacteria,0.8611079,0.8487402
2022-01-20,2,Cyanobacteria,0.82545257,0.81916004
2022-01-21,2,Cyanobacteria,0.8182259,0.7593826
2022-01-22,2,Cyanobacteria,1.1027879,0.72286874
2022-01-23,2,Cyanobacteria,0.7645185,0.6976301
2022-01-24,2,Cyanobacteria,1.7065123,0.9098444
2022-01-25,2,Cyanobacteria,0.64539075,0.65463936
2022-01-26,2,Cyanobacteria,0.76089376,1.2590973
2022-01-27,2,Cyanobacteria,0.5794614,0.8559022
2022-01-28,2,Cyanobacteria,0.7816709,0.8348463
2022-01-29,2,Cyanobacteria,0.8387186,0.791268
2022-01-30,2,Cyanobacteria,1.1281649,0.8452339
2022-01-31,2,Cyanobacteria,1.231159,1.0154604
2022-02-01,2,Cyanobacteria,1.4238236,1.257094
2022-02-02,2,Cyanobacteria,1.3295317,1.2826804
2022-02-03,2,Cyanobacteria,1.784645,1.4000192
2022-02-04,2,Cyanobacteria,1.5408581,1.3367802
2022-02-05,2,Cyanobacteria,1.3269008,1.7655301
2022-02-06,2,Cyanobacteria,1.6413742,1.4833574
2022-02-07,2,Cyanobacteria,1.3831661,1.3111817
2022-02-08,2,Cyanobacteria,1.1718699,1.6064668
2022-02-09,2,Cyanobacteria,1.0272319,1.3886415
2022-02-10,2,Cyanobacteria,0.8104344,1.141519
2022-02-11,2,Cyanobacteria,1.0283359,0.89302444
2022-02-12,2,Cyanobacteria,0.6661383,0.6602315
2022-02-13,2,Cyanobacteria,0.37995383,0.98861104
2022-02-14,2,Cyanobacteria,0.6274094,0.8222567
2022-02-15,2,Cyanobacteria,0.6364919,0.6279917
2022-02-16,2,Cyanobacteria,0.35820666,0.5552339
2022-02-17,2,Cyanobacteria,0.08358897,0.6280017
2022-02-18,2,Cyanobacteria,0.010000016,0.5664527
2022-02-19,2,Cyanobacteria,0.3175398,0.41950527
2022-02-20,2,Cyanobacteria,1.462207,0.5646657
2022-02-21,2,Cyanobacteria,1.7990876,0.9784419
2022-02-22,2,Cyanobacteria,1.8775308,2.2023559
2022-02-23,2,Cyanobacteria,2.0480778,2.0496538
2022-02-24,2,Cyanobacteria,1.9205097,2.0690088
2022-02-25,2,Cyanobacteria,1.7929416,1.905904
2022-02-26,2,Cyanobacteria,1.6653734,1.6628492
2022-02-27,2,Cyanobacteria,1.5378052,1.5585382
2022-02-28,2,Cyanobacteria,1.4102371,1.4405683
2022-03-01,2,Cyanobacteria,1.1535721,1.3274257
2022-03-02,2,Cyanobacteria,0.7581607,1.2245257
2022-03-03,2,Cyanobacteria,0.4490297,0.9894023
2022-03-04,2,Cyanobacteria,0.2850868,0.6272206
2022-03-05,2,Cyanobacteria,0.06812587,0.39544797
2022-03-06,2,Cyanobacteria,0.120933406,0.29002926
2022-03-07,2,Cyanobacteria,0.05522464,0.21305002
2022-03-08,2,Cyanobacteria,0.50354815,0.18608661
2022-03-09,2,Cyanobacteria,0.66335267,0.18045467
2022-03-10,2,Cyanobacteria,0.40285924,0.35988304
2022-03-11,2,Cyanobacteria,0.014387229,0.385209
2022-03-12,2,Cyanobacteria,0.015565208,0.31305
2022-03-13,2,Cyanobacteria,0.010000016,0.21344094
2022-03-14,2,Cyanobacteria,0.010050719,0.19354066
2022-03-15,2,Cyanobacteria,0.010246022,0.22259177
2022-03-16,2,Cyanobacteria,0.036085412,0.2766094
2022-03-17,2,Cyanobacteria,0.21737875,0.31574744
2022-03-18,2,Cyanobacteria,0.42973912,0.5135404
2022-03-19,2,Cyanobacteria,0.7636884,0.52687335
2022-03-20,2,Cyanobacteria,1.1165409,0.8486974
2022-03-21,2,Cyanobacteria,1.9101883,1.1643901
2022-03-22,2,Cyanobacteria,2.1433985,1.4507905
2022-03-23,2,Cyanobacteria,2.1262445,2.0847535
2022-03-24,2,Cyanobacteria,1.9198624,2.1828318
2022-03-25,2,Cyanobacteria,1.8753512,2.2702196
2022-03-26,2,Cyanobacteria,1.8713034,2.3293579
2022-03-27,2,Cyanobacteria,4.2593026,2.9218576
2022-03-28,2,Cyanobacteria,4.0173755,2.6003385
2022-03-29,2,Cyanobacteria,3.7754486,3.4199584
2022-03-30,2,Cyanobacteria,2.644808,3.0028527
2022-03-31,2,Cyanobacteria,2.3579507,3.064362
2022-04-01,2,Cyanobacteria,2.3900943,2.0634234
2022-04-02,2,Cyanobacteria,2.480131,2.0207918
2022-04-03,2,Cyanobacteria,2.149906,1.8925602
2022-04-04,2,Cyanobacteria,1.8740696,2.4592056
2022-04-05,2,Cyanobacteria,1.7214473,1.8472061
2022-04-06,2,Cyanobacteria,1.5688252,1.4592632
2022-04-07,2,Cyanobacteria,1.2899711,1.2465731
2022-04-08,2,Cyanobacteria,1.008827,1.176243
2022-04-09,2,Cyanobacteria,1.0090086,0.9318264
2022-04-10,2,Cyanobacteria,0.6801231,0.7116361
2022-04-11,2,Cyanobacteria,0.4421845,0.5904637
2022-04-12,2,Cyanobacteria,0.20424601,0.43851978
2022-04-13,2,Cyanobacteria,0.16290368,0.37606356
2022-04-14,2,Cyanobacteria,0.13675833,0.34015813
2022-04-15,2,Cyanobacteria,0.0103894295,0.3324738
2022-04-16,2,Cyanobacteria,0.47120208,0.3681965
2022-04-17,2,Cyanobacteria,0.9320147,0.38063097
2022-04-18,2,Cyanobacteria,1.3928274,0.6140409
2022-04-19,2,Cyanobacteria,2.2509274,1.8667493
2022-04-20,2,Cyanobacteria,2.0586097,1.3161912
2022-04-21,2,Cyanobacteria,1.6260804,2.1202223
2022-04-22,2,Cyanobacteria,1.0518768,1.4227483
2022-04-23,2,Cyanobacteria,0.91195065,1.5803047
2022-04-24,2,Cyanobacteria,1.1896162,1.1873342
2022-04-25,2,Cyanobacteria,1.9769739,1.0627887
2022-04-26,2,Cyanobacteria,1.4171904,1.2232883
2022-04-27,2,Cyanobacteria,2.58336,2.4269354
2022-04-28,2,Cyanobacteria,2.152193,1.7076911
2022-04-29,2,Cyanobacteria,2.1626146,2.7959673
2022-04-30,2,Cyanobacteria,2.1730363,2.1143906
2022-05-01,2,Cyanobacteria,2.1815941,2.5585015
2022-05-02,2,Cyanobacteria,2.0878696,2.4355974
2022-05-03,2,Cyanobacteria,1.9130652,2.6922483
2022-05-04,2,Cyanobacteria,1.6117319,2.1475275
2022-05-05,2,Cyanobacteria,1.836971,2.3633723
2022-05-06,2,Cyanobacteria,2.0369325,1.68332
2022-05-07,2,Cyanobacteria,1.9392464,1.6313096
2022-05-08,2,Cyanobacteria,1.3235699,1.6640905
2022-05-09,2,Cyanobacteria,2.890058,1.5629991
2022-05-10,2,Cyanobacteria,2.2893047,1.6145412
2022-05-11,2,Cyanobacteria,2.080232,2.4695473
2022-05-12,2,Cyanobacteria,2.0300615,2.3547862
2022-05-13,2,Cyanobacteria,2.7703042,2.4625492
2022-05-14,2,Cyanobacteria,3.278558,2.498744
2022-05-15,2,Cyanobacteria,3.915648,3.2639816
2022-05-16,2,Cyanobacteria,4.275109,3.2935452
2022-05-17,2,Cyanobacteria,2.8151412,3.547693
2022-05-18,2,Cyanobacteria,2.0774837,3.151211
2022-05-19,2,Cyanobacteria,1.9749783,2.0931773
2022-05-20,2,Cyanobacteria,1.7361549,1.8574153
2022-05-21,2,Cyanobacteria,1.4398187,2.2893581
2022-05-22,2,Cyanobacteria,2.053594,1.9839121
2022-05-23,2,Cyanobacteria,1.9373734,1.7088535
2022-05-24,2,Cyanobacteria,1.7527878,2.5271893
2022-05-25,2,Cyanobacteria,1.9877247,2.2141776
2022-05-26,2,Cyanobacteria,1.7746773,2.182582
2022-05-27,2,Cyanobacteria,2.4411938,2.0839758
2022-05-28,2,Cyanobacteria,3.1183374,2.5214794
2022-05-29,2,Cyanobacteria,3.795481,3.1034024
2022-05-30,2,Cyanobacteria,4.472625,3.409049
2022-05-31,2,Cyanobacteria,5.1497684,3.4086096
2022-06-01,2,Cyanobacteria,4.1820073,3.8342812
2022-06-02,2,Cyanobacteria,3.2975852,3.7960923
2022-06-03,2,Cyanobacteria,4.2176213,3.171813
2022-06-04,2,Cyanobacteria,6.272964,3.4839165
2022-06-05,2,Cyanobacteria,4.386336,3.8261404
2022-06-06,2,Cyanobacteria,3.5452392,4.2213755
2022-06-07,2,Cyanobacteria,3.8714397,3.6064653
2022-06-08,2,Cyanobacteria,4.1976404,3.4463682
2022-06-09,2,Cyanobacteria,4.523841,3.6983283
2022-06-10,2,Cyanobacteria,4.8500414,3.7510512
2022-06-11,2,Cyanobacteria,5.176242,3.8632202
2022-06-12,2,Cyanobacteria,5.1198487,3.8866937
2022-06-13,2,Cyanobacteria,5.0634556,3.9336367
2022-06-14,2,Cyanobacteria,5.0070624,3.4591825
2022-06-15,2,Cyanobacteria,4.9506693,3.7358372
2022-06-16,2,Cyanobacteria,4.894276,3.6499968
2022-06-17,2,Cyanobacteria,2.3731694,3.7498803
2022-06-18,2,Cyanobacteria,1.219232,3.6931355
2022-06-19,2,Cyanobacteria,0.9798187,1.7196767
2022-06-20,2,Cyanobacteria,0.78918177,1.2373646
2022-06-21,2,Cyanobacteria,0.83319336,1.2184563
2022-06-22,2,Cyanobacteria,1.5494641,1.2393489
2022-06-23,2,Cyanobacteria,4.7543416,1.3799217
2022-06-24,2,Cyanobacteria,3.66243,2.2574441
2022-06-25,2,Cyanobacteria,1.9184504,3.466505
2022-06-26,2,Cyanobacteria,2.8912816,3.1116624
2022-06-27,2,Cyanobacteria,2.743483,1.6757189
2022-06-28,2,Cyanobacteria,2.3900073,2.8564007
2022-06-29,2,Cyanobacteria,2.7020102,2.111732
2022-06-30,2,Cyanobacteria,2.2068284,2.3603678
2022-07-01,2,Cyanobacteria,2.0284288,2.9969437
2022-07-02,2,Cyanobacteria,2.504562,2.4154704
2022-07-03,2,Cyanobacteria,2.6843994,2.5110064
2022-07-04,2,Cyanobacteria,3.274656,3.0849361
2022-07-05,2,Cyanobacteria,3.1509414,3.1125093
2022-07-06,2,Cyanobacteria,3.4092262,3.6471412
2022-07-07,2,Cyanobacteria,2.602117,3.2278943
2022-07-08,2,Cyanobacteria,2.0531843,3.4674172
2022-07-09,2,Cyanobacteria,1.7956238,2.352938
2022-07-10,2,Cyanobacteria,2.0568504,2.1561604
2022-07-11,2,Cyanobacteria,2.372128,2.2076046
2022-07-12,2,Cyanobacteria,2.6012175,2.5276299
2022-07-13,2,Cyanobacteria,2.828348,2.8762069
2022-07-14,2,Cyanobacteria,3.8188338,3.1361897
2022-07-15,2,Cyanobacteria,6.297978,3.2790434
2022-07-16,2,Cyanobacteria,5.4864035,4.020397
2022-07-17,2,Cyanobacteria,6.516273,4.335714
2022-07-18,2,Cyanobacteria,4.57671,4.207013
2022-07-19,2,Cyanobacteria,3.2610588,4.3854156
2022-07-20,2,Cyanobacteria,3.2007184,3.6610982
2022-07-21,2,Cyanobacteria,3.3733938,2.486813
2022-07-22,2,Cyanobacteria,3.3644865,3.0603218
2022-07-23,2,Cyanobacteria,3.8821256,2.8148582
2022-07-24,2,Cyanobacteria,4.914276,3.2069292
2022-07-25,2,Cyanobacteria,3.6174076,3.6135585
2022-07-26,2,Cyanobacteria,2.4253619,3.8350058
2022-07-27,2,Cyanobacteria,3.0902102,2.9389474
2022-07-28,2,Cyanobacteria,3.2870235,2.6459076
2022-07-29,2,Cyanobacteria,3.320978,3.454906
2022-07-30,2,Cyanobacteria,3.3549325,3.3060467
2022-07-31,2,Cyanobacteria,3.3888872,3.3163128
2022-08-01,2,Cyanobacteria,3.4228415,3.3615828
2022-08-02,2,Cyanobacteria,3.4567962,3.41389
2022-08-03,2,Cyanobacteria,3.4907506,3.404969
2022-08-04,2,Cyanobacteria,3.5247052,3.4147744
2022-08-05,2,Cyanobacteria,3.5586596,3.3410919
2022-08-06,2,Cyanobacteria,3.592614,3.6611998
2022-08-07,2,Cyanobacteria,3.6265686,3.6444926
2022-08-08,2,Cyanobacteria,3.6605232,3.653759
2022-08-09,2,Cyanobacteria,3.6944776,3.6448176
2022-08-10,2,Cyanobacteria,3.728432,3.664932
2022-08-11,2,Cyanobacteria,3.7623866,3.7228022
2022-08-12,2,Cyanobacteria,3.796341,3.7431793
2022-08-13,2,Cyanobacteria,3.8302956,3.7830667
2022-08-14,2,Cyanobacteria,3.8642502,3.8079348
2022-08-15,2,Cyanobacteria,3.8982048,3.811831
2022-08-16,2,Cyanobacteria,3.9321592,3.8353605
2022-08-17,2,Cyanobacteria,3.9661138,3.755065
2022-08-18,2,Cyanobacteria,4.000068,3.7960825
2022-08-19,2,Cyanobacteria,4.0340223,3.7762818
2022-08-20,2,Cyanobacteria,4.0679774,3.7274108
2022-08-21,2,Cyanobacteria,4.1019316,3.7447472
2022-08-22,2,Cyanobacteria,4.135886,3.746988
2022-08-23,2,Cyanobacteria,4.169841,3.7935097
2022-08-24,2,Cyanobacteria,4.203795,3.7543633
2022-08-25,2,Cyanobacteria,4.2377496,3.8001666
2022-08-26,2,Cyanobacteria,4.271704,3.8317742
2022-08-27,2,Cyanobacteria,4.305659,3.9326553
2022-08-28,2,Cyanobacteria,4.339613,3.9230165
2022-08-29,2,Cyanobacteria,4.3735676,3.9684145
2022-08-30,2,Cyanobacteria,4.407522,3.853089
2022-08-31,2,Cyanobacteria,4.441477,3.739567
2022-09-01,2,Cyanobacteria,4.475431,3.8115873
2022-09-02,2,Cyanobacteria,4.5093856,3.8661067
2022-09-03,2,Cyanobacteria,4.54334,3.9797127
2022-09-04,2,Cyanobacteria,4.577295,3.9924104
2022-09-05,2,Cyanobacteria,4.6112494,3.9249732
2022-09-06,2,Cyanobacteria,4.6452036,3.9563751
2022-09-07,2,Cyanobacteria,4.679158,3.9225383
2022-09-08,2,Cyanobacteria,4.713113,3.8514538
2022-09-09,2,Cyanobacteria,4.7470675,3.9995615
2022-09-10,2,Cyanobacteria,4.781022,4.0211973
2022-09-11,2,Cyanobacteria,6.1217318,4.124466
2022-09-12,2,Cyanobacteria,6.153777,4.0661864
2022-09-13,2,Cyanobacteria,5.5154853,4.4009976
2022-09-14,2,Cyanobacteria,4.42329,4.330606
2022-09-15,2,Cyanobacteria,3.8892832,4.213651
2022-09-16,2,Cyanobacteria,3.7135918,3.7759483
2022-09-17,2,Cyanobacteria,2.9347034,3.6110847
2022-09-18,2,Cyanobacteria,4.431348,3.623669
2022-09-19,2,Cyanobacteria,4.227647,2.8468342
2022-09-20,2,Cyanobacteria,2.5538044,3.9507816
2022-09-21,2,Cyanobacteria,2.390876,3.1001918
2022-09-22,2,Cyanobacteria,2.1660202,2.2020044
2022-09-23,2,Cyanobacteria,2.1745803,2.416435
2022-09-24,2,Cyanobacteria,2.6702752,2.1055415
2022-09-25,2,Cyanobacteria,2.3401449,2.3424983
2022-09-26,2,Cyanobacteria,2.3833406,2.7910411
2022-09-27,2,Cyanobacteria,2.510181,2.3854828
2022-09-28,2,Cyanobacteria,4.2074294,2.8757453
2022-09-29,2,Cyanobacteria,4.753896,2.9350238
2022-09-30,2,Cyanobacteria,6.1951814,3.7191393
2022-10-01,2,Cyanobacteria,3.065192,3.8527942
2022-10-02,2,Cyanobacteria,3.7090797,4.3551893
2022-10-03,2,Cyanobacteria,4.398922,3.9254603
2022-10-04,2,Cyanobacteria,5.0918016,3.8606455
2022-10-05,2,Cyanobacteria,4.849297,3.5591745
2022-10-06,2,Cyanobacteria,4.0219636,3.4621892
2022-10-07,2,Cyanobacteria,2.7237463,3.224862
2022-10-08,2,Cyanobacteria,2.32,2.528349
2022-10-09,2,Cyanobacteria,3.2219276,1.8296756
2022-10-10,2,Cyanobacteria,3.2224002,1.6082635
2022-10-11,2,Cyanobacteria,2.4283636,2.6107194
2022-10-12,2,Cyanobacteria,2.2486668,2.3285286
2022-10-13,2,Cyanobacteria,2.2341595,1.9742703
2022-10-14,2,Cyanobacteria,2.4454308,2.1257977
2022-10-15,2,Cyanobacteria,2.189485,2.2120433
2022-10-16,2,Cyanobacteria,2.4336784,2.3587363
2022-10-17,2,Cyanobacteria,2.1963432,1.9520502
2022-10-18,2,Cyanobacteria,1.77874,2.3830569
2022-10-19,2,Cyanobacteria,1.6230702,1.903388
2022-10-20,2,Cyanobacteria,1.579081,1.5951606
2022-10-21,2,Cyanobacteria,1.7665725,1.7421579
2022-10-22,2,Cyanobacteria,2.6929433,1.7063285
2022-10-23,2,Cyanobacteria,2.4712858,2.0273867
2022-10-24,2,Cyanobacteria,2.1828291,2.5427558
2022-10-25,2,Cyanobacteria,1.9161577,1.9941652
2022-10-26,2,Cyanobacteria,1.6670797,1.9866827
2022-10-27,2,Cyanobacteria,1.6202025,1.6469206
2022-10-28,2,Cyanobacteria,1.552974,1.484591
2022-10-29,2,Cyanobacteria,1.5037726,1.398137
2022-10-30,2,Cyanobacteria,1.6090738,1.3462397
2022-10-31,2,Cyanobacteria,1.5013676,1.3160672
2022-11-01,2,Cyanobacteria,1.3019855,1.3381392
2022-11-02,2,Cyanobacteria,1.1026033,1.1632977
2022-11-03,2,Cyanobacteria,1.1929109,1.0699322
2022-11-04,2,Cyanobacteria,1.2192972,0.95115805
2022-11-05,2,Cyanobacteria,1.2108177,1.1101084
2022-11-06,2,Cyanobacteria,1.1931765,1.1493483
2022-11-07,2,Cyanobacteria,1.1273862,1.2313014
2022-11-08,2,Cyanobacteria,1.5220854,1.212819
2022-11-09,2,Cyanobacteria,1.8338467,1.2390513
2022-11-10,2,Cyanobacteria,2.1456077,1.7149438
2022-11-11,2,Cyanobacteria,3.645496,1.8651769
2022-11-12,2,Cyanobacteria,3.7778358,2.2162278
2022-11-13,2,Cyanobacteria,3.9101756,2.8848033
2022-11-14,2,Cyanobacteria,4.0425153,2.8931265
2022-11-15,2,Cyanobacteria,4.174855,2.8376966
2022-11-16,2,Cyanobacteria,2.4362636,2.5763972
2022-11-17,2,Cyanobacteria,1.8813034,2.4094265
2022-11-18,2,Cyanobacteria,1.7065123,1.6962938
2022-11-19,2,Cyanobacteria,1.7963116,1.5934938
2022-11-20,2,Cyanobacteria,1.7562879,1.48687
2022-11-21,2,Cyanobacteria,1.716068,1.6226332
2022-11-22,2,Cyanobacteria,1.8579218,1.7971253
2022-11-23,2,Cyanobacteria,2.309513,1.6843449
2022-11-24,2,Cyanobacteria,2.2426267,1.8405375
2022-11-25,2,Cyanobacteria,1.6817813,2.0139592
2022-11-26,2,Cyanobacteria,2.334812,2.0584466
2022-11-27,2,Cyanobacteria,2.538623,1.7423397
2022-11-28,2,Cyanobacteria,2.067699,2.2749736
2022-11-29,2,Cyanobacteria,1.609312,2.2688742
2022-11-30,2,Cyanobacteria,1.4803835,1.6673387
2022-12-01,2,Cyanobacteria,1.5265702,1.4236889
2022-12-02,2,Cyanobacteria,1.5021827,1.3167232
2022-12-03,2,Cyanobacteria,1.3033888,1.444762
2022-12-04,2,Cyanobacteria,1.2186893,1.6312704
2022-12-05,2,Cyanobacteria,1.2566932,1.4937851
2022-12-06,2,Cyanobacteria,1.2839594,1.4702232
2022-12-07,2,Cyanobacteria,1.2833816,1.424378
2022-12-08,2,Cyanobacteria,1.264826,1.5934451
2022-12-09,2,Cyanobacteria,1.1665274,1.4969866
2022-12-10,2,Cyanobacteria,1.1783273,1.4169453
2022-12-11,2,Cyanobacteria,1.162433,1.3346044
2022-12-12,2,Cyanobacteria,1.0775615,1.3501127
2022-12-13,2,Cyanobacteria,1.0522738,1.2956839
2022-12-14,2,Cyanobacteria,1.0630385,1.2679625
2022-12-15,2,Cyanobacteria,0.9643116,1.219625
2022-12-16,2,Cyanobacteria,0.9429254,1.1164185
2022-12-17,2,Cyanobacteria,0.9599493,1.0267775
2022-12-18,2,Cyanobacteria,1.066546,0.8362205
2022-12-19,2,Cyanobacteria,1.2629783,0.90751356
2022-12-20,2,Cyanobacteria,0.976756,1.0146127
2022-12-21,2,Cyanobacteria,0.92862743,1.2593297
2022-12-22,2,Cyanobacteria,0.971029,0.98057926
2022-12-23,2,Cyanobacteria,1.0265797,0.85323817
2022-12-24,2,Cyanobacteria,1.063063,0.77349585
2022-12-25,2,Cyanobacteria,1.0813106,0.8442451
2022-12-26,2,Cyanobacteria,1.0943778,0.9140339
2022-12-27,2,Cyanobacteria,1.0884805,0.9037412
2022-12-28,2,Cyanobacteria,1.1312981,0.859099
2022-12-29,2,Cyanobacteria,1.1201302,0.8420537
2022-12-30,2,Cyanobacteria,1.0986956,0.89864945
2022-12-31,2,Cyanobacteria,1.1218044,0.8883229
2023-01-01,2,Cyanobacteria,1.1762229,0.82772803
2023-01-02,2,Cyanobacteria,1.3408847,0.8295266
2023-01-03,2,Cyanobacteria,1.5967512,0.8744501
2023-01-04,2,Cyanobacteria,1.1869442,1.009745
2023-01-05,2,Cyanobacteria,0.5527029,1.158201
2023-01-06,2,Cyanobacteria,0.5547719,0.8989263
2023-01-07,2,Cyanobacteria,0.25931886,0.59696865
2023-01-08,2,Cyanobacteria,0.8177391,0.5653765
2023-01-09,2,Cyanobacteria,0.1614521,0.46453598
2023-01-10,2,Cyanobacteria,0.992042,0.9888493
2023-01-11,2,Cyanobacteria,1.275152,0.6911979
2023-01-12,2,Cyanobacteria,1.3251085,1.1832944
2023-01-13,2,Cyanobacteria,1.0189146,1.1499504
2023-01-14,2,Cyanobacteria,1.2738205,1.2335997
2023-01-15,2,Cyanobacteria,1.3461332,1.1251827
2023-01-16,2,Cyanobacteria,1.4476104,1.1899573
2023-01-17,2,Cyanobacteria,1.2679595,1.5148
2023-01-18,2,Cyanobacteria,1.4467247,1.3865795
2023-01-19,2,Cyanobacteria,1.4130435,1.2458122
2023-01-20,2,Cyanobacteria,1.1790079,1.2760007
2023-01-21,2,Cyanobacteria,1.253741,1.1626462
2023-01-22,2,Cyanobacteria,0.74572355,0.9117759
2023-01-23,2,Cyanobacteria,0.6302901,1.0649664
2023-01-24,2,Cyanobacteria,1.5968212,0.8121923
2023-01-25,2,Cyanobacteria,1.5914844,0.6115695
2023-01-26,2,Cyanobacteria,1.4528313,1.6910542
2023-01-27,2,Cyanobacteria,1.3141781,1.4596227
2023-01-28,2,Cyanobacteria,1.4395945,1.3213733
2023-01-29,2,Cyanobacteria,1.4727279,1.1675375
2023-01-30,2,Cyanobacteria,1.3791581,1.2407658
2023-01-31,2,Cyanobacteria,1.1787742,1.2261271
2023-02-01,2,Cyanobacteria,0.9783902,1.1866633
2023-02-02,2,Cyanobacteria,1.3512114,1.0567167
2023-02-03,2,Cyanobacteria,1.5657766,0.9827299
2023-02-04,2,Cyanobacteria,1.615985,1.2775576
2023-02-05,2,Cyanobacteria,2.4904246,1.554274
2023-02-06,2,Cyanobacteria,2.262368,1.5002736
2023-02-07,2,Cyanobacteria,2.1824055,2.0321987
2023-02-08,2,Cyanobacteria,1.5520464,1.8760834
2023-02-09,2,Cyanobacteria,1.8653886,1.9707986
2023-02-10,2,Cyanobacteria,2.283535,1.6740623
2023-02-11,2,Cyanobacteria,2.7620409,1.8819551
2023-02-12,2,Cyanobacteria,2.2324486,2.155073
2023-02-13,2,Cyanobacteria,1.8255773,2.3138504
2023-02-14,2,Cyanobacteria,2.4639304,2.1429784
2023-02-15,2,Cyanobacteria,1.9916799,2.1254132
2023-02-16,2,Cyanobacteria,1.7593039,2.352705
2023-02-17,2,Cyanobacteria,1.7566204,2.0331757
2023-02-18,2,Cyanobacteria,1.8478105,1.939574
2023-02-19,2,Cyanobacteria,1.577091,1.8658606
2023-02-20,2,Cyanobacteria,1.5175421,1.9626098
2023-02-21,2,Cyanobacteria,1.2222602,1.6917282
2023-02-22,2,Cyanobacteria,1.1143904,1.6795177
2023-02-23,2,Cyanobacteria,1.5166937,1.4401855
2023-02-24,2,Cyanobacteria,1.4491328,1.3226984
2023-02-25,2,Cyanobacteria,1.4799918,1.5934266
2023-02-26,2,Cyanobacteria,1.5221559,1.5255125
2023-02-27,2,Cyanobacteria,1.712296,1.505696
2023-02-28,2,Cyanobacteria,2.1366403,1.5481479
2023-03-01,2,Cyanobacteria,1.7858219,1.7558597
2023-03-02,2,Cyanobacteria,1.3755527,2.1002734
2023-03-03,2,Cyanobacteria,1.2984917,1.7959174
2023-03-04,2,Cyanobacteria,1.2888846,1.4895698
2023-03-05,2,Cyanobacteria,1.2217515,1.3805956
2023-03-06,2,Cyanobacteria,1.191564,1.3696407
2023-03-07,2,Cyanobacteria,1.3979748,1.31538
2023-03-08,2,Cyanobacteria,1.3001692,1.2652934
2023-03-09,2,Cyanobacteria,1.2327971,1.3998854
2023-03-10,2,Cyanobacteria,1.1577052,1.3264319
2023-03-11,2,Cyanobacteria,1.0726924,1.2316587
2023-03-12,2,Cyanobacteria,1.0191824,1.1501586
2023-03-13,2,Cyanobacteria,0.8894389,1.0653695
2023-03-14,2,Cyanobacteria,0.90746105,1.0278647
2023-03-15,2,Cyanobacteria,0.87925994,1.0339228
2023-03-16,2,Cyanobacteria,0.83830166,0.9046507
2023-03-17,2,Cyanobacteria,1.0444053,0.85046375
2023-03-18,2,Cyanobacteria,1.0910829,0.8710082
2023-03-19,2,Cyanobacteria,0.9658961,1.1243908
2023-03-20,2,Cyanobacteria,0.92234516,1.1948092
2023-03-21,2,Cyanobacteria,0.9250495,1.0648005
2023-03-22,2,Cyanobacteria,0.80815005,1.0691059
2023-03-23,2,Cyanobacteria,0.27196577,1.0446525
2023-03-24,2,Cyanobacteria,0.7134048,1.0974256
2023-03-25,2,Cyanobacteria,2.8818572,0.7403004
2023-03-26,2,Cyanobacteria,3.2467968,1.1886483
2023-03-27,2,Cyanobacteria,3.6117365,2.7679014
2023-03-28,2,Cyanobacteria,2.6727736,2.855251
2023-03-29,2,Cyanobacteria,1.9372687,3.0311925
2023-03-30,2,Cyanobacteria,1.7760023,1.9865489
2023-03-31,2,Cyanobacteria,1.5423425,1.6738757
2023-04-01,2,Cyanobacteria,1.2678039,1.414925
2023-04-02,2,Cyanobacteria,1.108106,1.2011143
2023-04-03,2,Cyanobacteria,1.0268787,1.0751842
2023-04-04,2,Cyanobacteria,1.0073328,1.0519615
2023-04-05,2,Cyanobacteria,1.5883657,1.1069705
2023-04-06,2,Cyanobacteria,2.1693985,1.6032848
2023-04-07,2,Cyanobacteria,2.7504315,2.3383138
2023-04-08,2,Cyanobacteria,3.3314643,2.7009857
2023-04-09,2,Cyanobacteria,2.7729766,2.5688467
2023-04-10,2,Cyanobacteria,2.417534,2.5540853
2023-04-11,2,Cyanobacteria,1.7742348,1.9303288
2023-04-12,2,Cyanobacteria,1.4090321,1.6902454
2023-04-13,2,Cyanobacteria,1.2431421,1.4679263
2023-04-14,2,Cyanobacteria,1.120989,1.1877466
2023-04-15,2,Cyanobacteria,1.1054552,1.2475346
2023-04-16,2,Cyanobacteria,1.0206532,1.1903195
2023-04-17,2,Cyanobacteria,0.772153,1.1904639
2023-04-18,2,Cyanobacteria,1.0562845,1.3846169
2023-04-19,2,Cyanobacteria,1.5799931,1.2225716
2023-04-20,2,Cyanobacteria,1.3164134,1.6696749
2023-04-21,2,Cyanobacteria,1.2170826,1.9936459
2023-04-22,2,Cyanobacteria,1.2514278,1.3836366
2023-04-23,2,Cyanobacteria,1.1737871,1.1636223
2023-04-24,2,Cyanobacteria,1.1448725,1.353117
2023-04-25,2,Cyanobacteria,1.0627111,1.3729773
2023-04-26,2,Cyanobacteria,1.4576253,1.4028528
2023-04-27,2,Cyanobacteria,1.7456878,1.3074458
2023-04-28,2,Cyanobacteria,1.8548379,1.3550308
2023-04-29,2,Cyanobacteria,2.6361527,1.9561373
2023-04-30,2,Cyanobacteria,3.1612911,1.9088122
2023-05-01,2,Cyanobacteria,1.9083881,2.6414323
2023-05-02,2,Cyanobacteria,1.5850003,2.5498016
2023-05-03,2,Cyanobacteria,0.7557995,1.8320808
2023-05-04,2,Cyanobacteria,0.83305645,1.4915477
2023-05-05,2,Cyanobacteria,0.64165354,1.0325693
2023-05-06,2,Cyanobacteria,0.42700356,1.0076677
2023-05-07,2,Cyanobacteria,1.1629804,0.8348064
2023-05-08,2,Cyanobacteria,1.8989573,0.80972284
2023-05-09,2,Cyanobacteria,2.634934,1.9051427
2023-05-10,2,Cyanobacteria,3.370911,2.2112482
2023-05-11,2,Cyanobacteria,4.106888,2.606779
2023-05-12,2,Cyanobacteria,4.8428645,2.981592
2023-05-13,2,Cyanobacteria,5.5788417,3.3606734
2023-05-14,2,Cyanobacteria,3.4932373,2.7613113
2023-05-15,2,Cyanobacteria,2.3829908,2.9152448
2023-05-16,2,Cyanobacteria,1.6760406,1.8347917
2023-05-17,2,Cyanobacteria,1.5048957,1.6419535
2023-05-18,2,Cyanobacteria,1.3905042,1.3596117
2023-05-19,2,Cyanobacteria,1.3446171,1.6219941
2023-05-20,2,Cyanobacteria,1.3385532,1.5742716
2023-05-21,2,Cyanobacteria,1.2489344,1.5722992
2023-05-22,2,Cyanobacteria,1.2775736,1.9366002
2023-05-23,2,Cyanobacteria,1.7400788,1.612828
2023-05-24,2,Cyanobacteria,2.1723888,1.5048138
2023-05-25,2,Cyanobacteria,2.054791,1.9503528
2023-05-26,2,Cyanobacteria,2.0169272,2.299096
2023-05-27,2,Cyanobacteria,2.1836193,2.2238379
2023-05-28,2,Cyanobacteria,2.1190135,2.1696527
2023-05-29,2,Cyanobacteria,2.2845416,2.330751
2023-05-30,2,Cyanobacteria,2.8546731,2.2200363
2023-05-31,2,Cyanobacteria,3.6820343,2.4610865
2023-06-01,2,Cyanobacteria,4.2432837,2.8499346
2023-06-02,2,Cyanobacteria,3.1228824,2.890282
2023-06-03,2,Cyanobacteria,3.9125252,2.9467893
2023-06-04,2,Cyanobacteria,3.0990682,2.329927
2023-06-05,2,Cyanobacteria,2.2573907,3.1026342
2023-06-06,2,Cyanobacteria,3.5290446,2.4465494
2023-06-07,2,Cyanobacteria,4.5944915,2.1915722
2023-06-08,2,Cyanobacteria,3.974097,3.031777
2023-06-09,2,Cyanobacteria,2.817865,3.3498578
2023-06-10,2,Cyanobacteria,2.1575139,3.1057005
2023-06-11,2,Cyanobacteria,2.202399,2.3036017
2023-06-12,2,Cyanobacteria,2.613506,2.2253892
2023-06-13,2,Cyanobacteria,3.0178857,2.5748315
2023-06-14,2,Cyanobacteria,3.2518442,2.9225492
2023-06-15,2,Cyanobacteria,2.6697867,2.993024
2023-06-16,2,Cyanobacteria,1.9534781,2.5760856
2023-06-17,2,Cyanobacteria,2.036473,2.3656256
2023-06-18,2,Cyanobacteria,2.074111,1.9267994
2023-06-19,2,Cyanobacteria,1.7520274,2.3769658
2023-06-20,2,Cyanobacteria,1.9095271,2.1716619
2023-06-21,2,Cyanobacteria,2.6224213,2.2980895
2023-06-22,2,Cyanobacteria,2.9754727,2.4431555
2023-06-23,2,Cyanobacteria,3.7797623,3.000332
2023-06-24,2,Cyanobacteria,3.8032756,2.9135656
2023-06-25,2,Cyanobacteria,3.9180677,3.275161
2023-06-26,2,Cyanobacteria,4.7419147,2.9241993
2023-06-27,2,Cyanobacteria,5.532881,2.692844
2023-06-28,2,Cyanobacteria,3.5055287,3.3699174
2023-06-29,2,Cyanobacteria,3.4548762,3.2553384
2023-06-30,2,Cyanobacteria,2.7937806,2.1815245
2023-07-01,2,Cyanobacteria,1.5995938,2.3236935
2023-07-02,2,Cyanobacteria,1.5965191,1.6916103
2023-07-03,2,Cyanobacteria,1.7737297,1.3033904
2023-07-04,2,Cyanobacteria,2.776571,1.5377538
2023-07-05,2,Cyanobacteria,3.2304816,1.6761523
2023-07-06,2,Cyanobacteria,1.984966,2.2807002
2023-07-07,2,Cyanobacteria,1.9826539,2.3131208
2023-07-08,2,Cyanobacteria,2.2500691,1.502456
2023-07-09,2,Cyanobacteria,2.3913074,1.4102542
2023-07-10,2,Cyanobacteria,2.655939,1.6459694
2023-07-11,2,Cyanobacteria,1.9692372,1.607669
2023-07-12,2,Cyanobacteria,1.2298373,1.8121556
2023-07-13,2,Cyanobacteria,1.0929966,1.2713935
2023-07-14,2,Cyanobacteria,0.5992144,0.90716606
2023-07-15,2,Cyanobacteria,0.6014617,0.8165057
2023-07-16,2,Cyanobacteria,0.609786,0.66501194
2023-07-17,2,Cyanobacteria,0.70679635,0.70258576
2023-07-18,2,Cyanobacteria,0.8659262,0.9366022
2023-07-19,2,Cyanobacteria,0.9241884,0.97615564
2023-07-20,2,Cyanobacteria,1.0990573,1.0816165
2023-07-21,2,Cyanobacteria,2.9751103,1.1945094
2023-07-22,2,Cyanobacteria,4.6228127,1.4023824
2023-07-23,2,Cyanobacteria,2.8313358,2.8323333
2023-07-24,2,Cyanobacteria,4.548409,3.192683
2023-07-25,2,Cyanobacteria,5.784873,2.1129363
2023-07-26,2,Cyanobacteria,3.7234683,2.9799097
2023-07-27,2,Cyanobacteria,1.6620638,2.5092227
2023-07-28,2,Cyanobacteria,0.8556233,1.6656631
2023-07-29,2,Cyanobacteria,0.89116377,1.2258811
2023-07-30,2,Cyanobacteria,1.1886462,0.92788655
2023-07-31,2,Cyanobacteria,2.471676,1.1534246
2023-08-01,2,Cyanobacteria,1.6940145,1.8530908
2023-08-02,2,Cyanobacteria,1.9481753,2.4774404
2023-08-03,2,Cyanobacteria,1.7617489,1.6087555
2023-08-04,2,Cyanobacteria,1.0801963,1.7488816
2023-08-05,2,Cyanobacteria,1.292281,1.3894161
2023-08-06,2,Cyanobacteria,1.7215066,1.0665228
2023-08-07,2,Cyanobacteria,3.3288689,1.499911
2023-08-08,2,Cyanobacteria,3.0218735,1.8479908
2023-08-09,2,Cyanobacteria,1.651122,2.668531
2023-08-10,2,Cyanobacteria,1.442921,1.778336
2023-08-11,2,Cyanobacteria,0.7765467,1.2213789
2023-08-12,2,Cyanobacteria,0.9314234,1.0831549
2023-08-13,2,Cyanobacteria,1.5715406,0.77758974
2023-08-14,2,Cyanobacteria,4.173333,1.0011696
2023-08-15,2,Cyanobacteria,1.9116304,1.7778822
2023-08-16,2,Cyanobacteria,3.6171675,2.908529
2023-08-17,2,Cyanobacteria,2.3501623,1.6266065
2023-08-18,2,Cyanobacteria,2.9149249,2.4263113
2023-08-19,2,Cyanobacteria,3.0159187,1.6814481
2023-08-20,2,Cyanobacteria,2.285934,2.5621524
2023-08-21,2,Cyanobacteria,2.103505,2.329444
2023-08-22,2,Cyanobacteria,2.0100663,1.7182751
2023-08-23,2,Cyanobacteria,2.030845,2.037609
2023-08-24,2,Cyanobacteria,1.9803014,2.2070727
2023-08-25,2,Cyanobacteria,1.8590924,2.2584724
2023-08-26,2,Cyanobacteria,2.186416,2.0904481
2023-08-27,2,Cyanobacteria,2.1218035,2.4712303
2023-08-28,2,Cyanobacteria,2.2880745,2.8696074
2023-08-29,2,Cyanobacteria,4.906969,2.5798402
2023-08-30,2,Cyanobacteria,2.747103,2.8572607
2023-08-31,2,Cyanobacteria,4.8251433,3.861295
2023-09-01,2,Cyanobacteria,3.1461823,2.0682797
2023-09-02,2,Cyanobacteria,2.997252,3.6359932
2023-09-03,2,Cyanobacteria,2.551028,2.0832736
2023-09-04,2,Cyanobacteria,2.49856,2.499115
2023-09-05,2,Cyanobacteria,5.2166624,2.4596338
2023-09-06,2,Cyanobacteria,5.1275606,2.6836839
2023-09-07,2,Cyanobacteria,5.0384583,3.7662094
2023-09-08,2,Cyanobacteria,4.9493566,3.8362994
2023-09-09,2,Cyanobacteria,2.5999234,3.5427613
2023-09-10,2,Cyanobacteria,2.1791236,2.553183
2023-09-11,2,Cyanobacteria,1.9352801,1.5597304
2023-09-12,2,Cyanobacteria,1.8269101,1.9358894
2023-09-13,2,Cyanobacteria,1.9009577,1.7127415
2023-09-14,2,Cyanobacteria,2.1442535,2.1002617
2023-09-15,2,Cyanobacteria,2.3835835,2.1143608
2023-09-16,2,Cyanobacteria,2.215428,2.4235306
2023-09-17,2,Cyanobacteria,1.9896855,2.3270524
2023-09-18,2,Cyanobacteria,2.0334396,2.1690207
2023-09-19,2,Cyanobacteria,2.1670406,2.2054293
2023-09-20,2,Cyanobacteria,2.404295,2.1995287
2023-09-21,2,Cyanobacteria,2.4283464,2.245821
2023-09-22,2,Cyanobacteria,2.1776288,2.3767843
2023-09-23,2,Cyanobacteria,2.2079122,2.3127275
2023-09-24,2,Cyanobacteria,2.0656526,2.0070746
2023-09-25,2,Cyanobacteria,1.8197497,2.0131485
2023-09-26,2,Cyanobacteria,2.788784,2.0018437
2023-09-27,2,Cyanobacteria,2.862572,1.8748066
2023-09-28,2,Cyanobacteria,2.8470044,2.467685
2023-09-29,2,Cyanobacteria,2.7773497,2.3778157
2023-09-30,2,Cyanobacteria,3.3597028,2.321202
2023-10-01,2,Cyanobacteria,3.2632625,2.363864
2023-10-02,2,Cyanobacteria,2.1856651,2.5572762
2023-10-03,2,Cyanobacteria,3.234886,2.2012925
2023-10-04,2,Cyanobacteria,3.1014996,1.8276029
2023-10-05,2,Cyanobacteria,2.354695,2.7934418
2023-10-06,2,Cyanobacteria,1.8833472,2.1380975
2023-10-07,2,Cyanobacteria,1.6806661,2.063984
2023-10-08,2,Cyanobacteria,1.6510261,1.8024198
2023-10-09,2,Cyanobacteria,1.65687,1.7785753
2023-10-10,2,Cyanobacteria,2.0349479,1.8154746
2023-10-11,2,Cyanobacteria,1.9036157,1.7063864
2023-10-12,2,Cyanobacteria,1.5963961,2.2613523
2023-10-13,2,Cyanobacteria,2.2419574,2.088639
2023-10-14,2,Cyanobacteria,3.478502,1.9976875
2023-10-15,2,Cyanobacteria,3.9786897,2.4932253
2023-10-16,2,Cyanobacteria,2.291187,3.0935533
2023-10-17,2,Cyanobacteria,2.2361436,3.3111405
2023-10-18,2,Cyanobacteria,3.1238363,2.510292
2023-10-19,2,Cyanobacteria,3.5173097,2.6925406
2023-10-20,2,Cyanobacteria,3.7166374,3.1389008
2023-10-21,2,Cyanobacteria,2.9234288,3.0714536
2023-10-22,2,Cyanobacteria,3.0309916,3.1850622
2023-10-23,2,Cyanobacteria,2.8510609,3.1230462
2023-10-24,2,Cyanobacteria,3.768123,3.0215745
2023-10-25,2,Cyanobacteria,5.941194,3.0812945
2023-10-26,2,Cyanobacteria,4.4449563,3.4892597
2023-10-27,2,Cyanobacteria,4.763434,3.786608
2023-10-28,2,Cyanobacteria,2.8690472,3.4222121
2023-10-29,2,Cyanobacteria,2.7990034,3.626441
2023-10-30,2,Cyanobacteria,2.6598368,2.6583142
2023-10-31,2,Cyanobacteria,3.064641,2.808424
2023-11-01,2,Cyanobacteria,3.5453944,2.5485358
2023-11-02,2,Cyanobacteria,3.0826712,2.9014812
2023-11-03,2,Cyanobacteria,3.453603,2.963643
2023-11-04,2,Cyanobacteria,2.4549444,2.748778
2023-11-05,2,Cyanobacteria,3.4141028,3.169183
2023-11-06,2,Cyanobacteria,3.7630842,2.1851254
2023-11-07,2,Cyanobacteria,2.8241215,2.8592308
2023-11-08,2,Cyanobacteria,1.6250529,2.9598813
2023-11-09,2,Cyanobacteria,1.9600605,2.1814382
2023-11-10,2,Cyanobacteria,2.4557483,1.5959321
2023-11-11,2,Cyanobacteria,1.7682997,2.1210291
2023-11-12,2,Cyanobacteria,1.8357332,2.361391
2023-11-13,2,Cyanobacteria,1.5355757,1.8650156
2023-11-14,2,Cyanobacteria,1.4568228,1.989667
2023-11-15,2,Cyanobacteria,1.3942672,1.7147083
2023-11-16,2,Cyanobacteria,1.4696076,1.7643349
2023-11-17,2,Cyanobacteria,1.5879126,1.6272724
2023-11-18,2,Cyanobacteria,1.8608291,1.7611642
2023-11-19,2,Cyanobacteria,1.7472198,1.8358717
2023-11-20,2,Cyanobacteria,2.048946,2.1173863
2023-11-21,2,Cyanobacteria,2.0148678,1.9002087
2023-11-22,2,Cyanobacteria,2.2934241,2.2656493
2023-11-23,2,Cyanobacteria,3.542967,2.2744637
2023-11-24,2,Cyanobacteria,2.294738,2.3296173
2023-11-25,2,Cyanobacteria,1.8379765,2.6850114
2023-11-26,2,Cyanobacteria,1.510859,1.8470292
2023-11-27,2,Cyanobacteria,1.4485191,1.6914434
2023-11-28,2,Cyanobacteria,1.7754028,1.5659717
2023-11-29,2,Cyanobacteria,1.1889424,1.6153036
2023-11-30,2,Cyanobacteria,4.1997676,1.9026372
2023-12-01,2,Cyanobacteria,2.7477224,1.5595351
2023-12-02,2,Cyanobacteria,2.1429226,2.7190528
2023-12-03,2,Cyanobacteria,2.1683147,2.3172772
2023-12-04,2,Cyanobacteria,1.8719982,2.1155083
2023-12-05,2,Cyanobacteria,2.7758234,1.9568795
2023-12-06,2,Cyanobacteria,2.8993187,1.6103485
2023-12-07,2,Cyanobacteria,2.0482368,2.2422605
2023-12-08,2,Cyanobacteria,1.585169,2.340016
2023-12-09,2,Cyanobacteria,2.0673146,2.0411677
2023-12-10,2,Cyanobacteria,1.7040033,1.6427565
2023-12-11,2,Cyanobacteria,2.2543254,2.090042
2023-12-12,2,Cyanobacteria,2.8514695,1.7332686
2023-12-13,2,Cyanobacteria,2.631844,2.1841857
2023-12-14,2,Cyanobacteria,2.930671,2.5476716
2023-12-15,2,Cyanobacteria,4.081218,2.30178
2023-12-16,2,Cyanobacteria,2.122142,2.3050444
2023-12-17,2,Cyanobacteria,1.3384718,2.9064667
2023-12-18,2,Cyanobacteria,1.4121481,1.7104315
2023-12-19,2,Cyanobacteria,1.8288468,1.3440204
2023-12-20,2,Cyanobacteria,1.4450092,1.3600899
2023-12-21,2,Cyanobacteria,1.3191619,1.8141903
2023-12-22,2,Cyanobacteria,1.6237926,1.488396
2023-12-23,2,Cyanobacteria,1.574842,1.4079316
2023-12-24,2,Cyanobacteria,1.5136062,1.5643055
2023-12-25,2,Cyanobacteria,1.7450206,1.494005
2023-12-26,2,Cyanobacteria,3.017767,1.4433771
2023-12-27,2,Cyanobacteria,3.659146,1.6383145
2023-12-28,2,Cyanobacteria,2.284695,2.351963
2020-10-30,3,Cyanobacteria,0.9165894,2.155672
2020-10-31,3,Cyanobacteria,1.3927351,2.3166552
2020-11-01,3,Cyanobacteria,1.3244635,1.7490257
2020-11-02,3,Cyanobacteria,1.4207313,1.2405655
2020-11-03,3,Cyanobacteria,1.6778421,1.5234033
2020-11-04,3,Cyanobacteria,1.990452,1.4185069
2020-11-05,3,Cyanobacteria,2.022165,1.4873441
2020-11-06,3,Cyanobacteria,2.008798,1.7128992
2020-11-07,3,Cyanobacteria,1.885076,1.9542044
2020-11-08,3,Cyanobacteria,1.9127102,1.9016147
2020-11-09,3,Cyanobacteria,1.7077882,1.8588929
2020-11-10,3,Cyanobacteria,1.6468678,1.6500843
2020-11-11,3,Cyanobacteria,1.6813062,1.5892861
2020-11-12,3,Cyanobacteria,1.9224818,1.5300004
2020-11-13,3,Cyanobacteria,1.6967794,1.452064
2020-11-14,3,Cyanobacteria,2.2499926,1.4530188
2020-11-15,3,Cyanobacteria,2.0681548,1.6233196
2020-11-16,3,Cyanobacteria,1.7629341,1.4729471
2020-11-17,3,Cyanobacteria,1.6316327,1.9484183
2020-11-18,3,Cyanobacteria,1.4976882,1.5693775
2020-11-19,3,Cyanobacteria,1.2110482,1.4804369
2020-11-20,3,Cyanobacteria,1.6200837,1.3473027
2020-11-21,3,Cyanobacteria,1.108683,1.3624383
2020-11-22,3,Cyanobacteria,1.0693725,1.1396772
2020-11-23,3,Cyanobacteria,1.2781522,1.3375694
2020-11-24,3,Cyanobacteria,1.5949926,0.99188805
2020-11-25,3,Cyanobacteria,1.621545,0.8872818
2020-11-26,3,Cyanobacteria,0.6157164,1.0599588
2020-11-27,3,Cyanobacteria,1.1531911,1.2560971
2020-11-28,3,Cyanobacteria,1.334508,1.2518146
2020-11-29,3,Cyanobacteria,1.2755716,0.8285491
2020-11-30,3,Cyanobacteria,1.4539436,1.0542434
2020-12-01,3,Cyanobacteria,1.416155,1.1197342
2020-12-02,3,Cyanobacteria,1.3794355,1.1248606
2020-12-03,3,Cyanobacteria,1.5929089,1.2523166
2020-12-04,3,Cyanobacteria,1.6844646,1.2620937
2020-12-05,3,Cyanobacteria,1.6305789,1.209145
2020-12-06,3,Cyanobacteria,1.537851,1.348583
2020-12-07,3,Cyanobacteria,1.4415424,1.4711524
2020-12-08,3,Cyanobacteria,1.3017017,1.3508345
2020-12-09,3,Cyanobacteria,1.1760101,1.3136829
2020-12-10,3,Cyanobacteria,1.2858943,1.2070104
2020-12-11,3,Cyanobacteria,1.2478929,1.1219662
2020-12-12,3,Cyanobacteria,1.1700652,1.0078062
2020-12-13,3,Cyanobacteria,0.7562853,1.122889
2020-12-14,3,Cyanobacteria,1.4720767,1.085778
2020-12-15,3,Cyanobacteria,1.6189508,1.012193
2020-12-16,3,Cyanobacteria,1.7228365,0.84619504
2020-12-17,3,Cyanobacteria,1.7015278,1.3214202
2020-12-18,3,Cyanobacteria,1.5606419,1.3488892
2020-12-19,3,Cyanobacteria,1.410767,1.4338573
2020-12-20,3,Cyanobacteria,1.231288,1.2967726
2020-12-21,3,Cyanobacteria,1.0281318,1.1961737
2020-12-22,3,Cyanobacteria,0.94908035,1.1009535
2020-12-23,3,Cyanobacteria,0.5109782,0.96263945
2020-12-24,3,Cyanobacteria,0.7968573,0.86886865
2020-12-25,3,Cyanobacteria,0.9004562,0.84813946
2020-12-26,3,Cyanobacteria,1.0766836,0.69890815
2020-12-27,3,Cyanobacteria,0.95042,0.7861678
2020-12-28,3,Cyanobacteria,0.5107458,0.8813101
2020-12-29,3,Cyanobacteria,0.2183068,0.93221676
2020-12-30,3,Cyanobacteria,1.2127858,0.8306033
2020-12-31,3,Cyanobacteria,0.92782927,0.6408265
2021-01-01,3,Cyanobacteria,1.2508177,0.49234766
2021-01-02,3,Cyanobacteria,1.2944026,0.85113025
2021-01-03,3,Cyanobacteria,1.232453,0.8001541
2021-01-04,3,Cyanobacteria,1.0558363,0.99328864
2021-01-05,3,Cyanobacteria,1.1140188,1.0204517
2021-01-06,3,Cyanobacteria,1.0396379,0.9593967
2021-01-07,3,Cyanobacteria,1.0007603,0.84776056
2021-01-08,3,Cyanobacteria,1.133749,0.8492578
2021-01-09,3,Cyanobacteria,1.1601809,0.80624044
2021-01-10,3,Cyanobacteria,1.2568814,0.795085
2021-01-11,3,Cyanobacteria,1.1985952,0.8418457
2021-01-12,3,Cyanobacteria,1.1570984,0.85156214
2021-01-13,3,Cyanobacteria,1.1095513,0.86812055
2021-01-14,3,Cyanobacteria,1.023268,0.8459864
2021-01-15,3,Cyanobacteria,0.7892397,0.8387984
2021-01-16,3,Cyanobacteria,0.5160029,0.7934404
2021-01-17,3,Cyanobacteria,0.6644501,0.76494074
2021-01-18,3,Cyanobacteria,0.72609264,0.6565614
2021-01-19,3,Cyanobacteria,0.80248195,0.600524
2021-01-20,3,Cyanobacteria,0.5337771,0.6321776
2021-01-21,3,Cyanobacteria,0.47094068,0.7130507
2021-01-22,3,Cyanobacteria,0.73403335,0.74456596
2021-01-23,3,Cyanobacteria,0.5746165,0.7384333
2021-01-24,3,Cyanobacteria,0.9917221,0.5709208
2021-01-25,3,Cyanobacteria,0.90726936,0.6922718
2021-01-26,3,Cyanobacteria,1.368466,0.6650061
2021-01-27,3,Cyanobacteria,1.1996093,1.0520654
2021-01-28,3,Cyanobacteria,1.1409117,1.0662394
2021-01-29,3,Cyanobacteria,1.1614038,1.0500361
2021-01-30,3,Cyanobacteria,0.9247902,0.8375292
2021-01-31,3,Cyanobacteria,0.8163143,0.86635685
2021-02-01,3,Cyanobacteria,0.68247646,0.95903647
2021-02-02,3,Cyanobacteria,0.7478566,0.8130427
2021-02-03,3,Cyanobacteria,0.9111803,0.70335996
2021-02-04,3,Cyanobacteria,0.80073136,0.6021635
2021-02-05,3,Cyanobacteria,0.7012689,0.5782084
2021-02-06,3,Cyanobacteria,0.6910789,0.6953078
2021-02-07,3,Cyanobacteria,0.677118,0.6975736
2021-02-08,3,Cyanobacteria,0.8998841,0.63270473
2021-02-09,3,Cyanobacteria,0.6313663,0.5984228
2021-02-10,3,Cyanobacteria,0.74432606,0.5398397
2021-02-11,3,Cyanobacteria,0.8625417,0.6218301
2021-02-12,3,Cyanobacteria,0.97663283,0.56013644
2021-02-13,3,Cyanobacteria,0.55862415,0.614539
2021-02-14,3,Cyanobacteria,0.37615052,0.63339084
2021-02-15,3,Cyanobacteria,0.6475181,0.637672
2021-02-16,3,Cyanobacteria,0.53772795,0.55186844
2021-02-17,3,Cyanobacteria,0.71482635,0.48137575
2021-02-18,3,Cyanobacteria,0.59031117,0.53606695
2021-02-19,3,Cyanobacteria,0.70318836,0.55309355
2021-02-20,3,Cyanobacteria,0.69292545,0.6738809
2021-02-21,3,Cyanobacteria,0.635275,0.6870188
2021-02-22,3,Cyanobacteria,0.7406807,0.72458035
2021-02-23,3,Cyanobacteria,0.875916,0.6783815
2021-02-24,3,Cyanobacteria,0.83096313,0.5978825
2021-02-25,3,Cyanobacteria,0.85622466,0.61732477
2021-02-26,3,Cyanobacteria,1.0751342,0.69112635
2021-02-27,3,Cyanobacteria,1.2290095,0.67217565
2021-02-28,3,Cyanobacteria,1.2229925,0.6789669
2021-03-01,3,Cyanobacteria,1.253146,0.8020665
2021-03-02,3,Cyanobacteria,1.3632498,0.8609562
2021-03-03,3,Cyanobacteria,0.8552822,0.8630482
2021-03-04,3,Cyanobacteria,1.1125977,0.9520642
2021-03-05,3,Cyanobacteria,0.81280756,1.0324807
2021-03-06,3,Cyanobacteria,0.8352894,0.7988218
2021-03-07,3,Cyanobacteria,0.7107815,0.9225959
2021-03-08,3,Cyanobacteria,0.8574656,0.82902277
2021-03-09,3,Cyanobacteria,0.77764106,0.7334339
2021-03-10,3,Cyanobacteria,0.89971054,0.6860465
2021-03-11,3,Cyanobacteria,0.7533502,0.72407156
2021-03-12,3,Cyanobacteria,0.3883647,0.68280697
2021-03-13,3,Cyanobacteria,0.3952388,0.7060321
2021-03-14,3,Cyanobacteria,1.1506295,0.65603435
2021-03-15,3,Cyanobacteria,1.0597106,0.50318235
2021-03-16,3,Cyanobacteria,1.0960565,0.50086415
2021-03-17,3,Cyanobacteria,1.274508,1.1207938
2021-03-18,3,Cyanobacteria,1.3935528,1.0290234
2021-03-19,3,Cyanobacteria,1.3325905,1.0064373
2021-03-20,3,Cyanobacteria,1.3198698,1.1330134
2021-03-21,3,Cyanobacteria,1.3761505,1.1113003
2021-03-22,3,Cyanobacteria,1.1251593,1.0598289
2021-03-23,3,Cyanobacteria,0.9094642,1.0921782
2021-03-24,3,Cyanobacteria,1.1613843,1.214148
2021-03-25,3,Cyanobacteria,1.0459361,0.902644
2021-03-26,3,Cyanobacteria,0.8975687,0.83304846
2021-03-27,3,Cyanobacteria,0.6828747,1.0519531
2021-03-28,3,Cyanobacteria,0.7303548,0.95515734
2021-03-29,3,Cyanobacteria,0.41225198,0.82997566
2021-03-30,3,Cyanobacteria,0.111810274,0.69275385
2021-03-31,3,Cyanobacteria,0.5293086,0.7493089
2021-04-01,3,Cyanobacteria,1.298798,0.6104862
2021-04-02,3,Cyanobacteria,1.4947647,0.4929304
2021-04-03,3,Cyanobacteria,1.5875887,0.766656
2021-04-04,3,Cyanobacteria,1.6624764,1.2914311
2021-04-05,3,Cyanobacteria,1.5121635,1.2642725
2021-04-06,3,Cyanobacteria,1.4354631,1.2606266
2021-04-07,3,Cyanobacteria,1.4178132,1.2249141
2021-04-08,3,Cyanobacteria,1.4679812,1.124713
2021-04-09,3,Cyanobacteria,1.3545152,1.0548999
2021-04-10,3,Cyanobacteria,1.2440883,1.0520861
2021-04-11,3,Cyanobacteria,1.0756367,1.1693207
2021-04-12,3,Cyanobacteria,0.7194786,1.0438164
2021-04-13,3,Cyanobacteria,0.7790297,0.9592306
2021-04-14,3,Cyanobacteria,0.8630123,0.8849251
2021-04-15,3,Cyanobacteria,0.56722665,0.76914716
2021-04-16,3,Cyanobacteria,1.0409226,0.80811286
2021-04-17,3,Cyanobacteria,0.69225204,0.84196615
2021-04-18,3,Cyanobacteria,1.2849385,0.75330746
2021-04-19,3,Cyanobacteria,1.2466329,0.95822316
2021-04-20,3,Cyanobacteria,1.3180811,0.80151427
2021-04-21,3,Cyanobacteria,1.1071904,1.0387539
2021-04-22,3,Cyanobacteria,0.6878566,1.0061969
2021-04-23,3,Cyanobacteria,0.5611079,1.0461311
2021-04-24,3,Cyanobacteria,0.8025344,0.9034203
2021-04-25,3,Cyanobacteria,0.78728455,0.69785
2021-04-26,3,Cyanobacteria,1.6280825,0.61670655
2021-04-27,3,Cyanobacteria,1.9490377,0.8447393
2021-04-28,3,Cyanobacteria,1.6121202,0.9902497
2021-04-29,3,Cyanobacteria,1.4643126,1.2893697
2021-04-30,3,Cyanobacteria,1.5555934,1.3509063
2021-05-01,3,Cyanobacteria,1.5656585,1.2954081
2021-05-02,3,Cyanobacteria,1.2381549,1.0998908
2021-05-03,3,Cyanobacteria,1.0236812,1.1748451
2021-05-04,3,Cyanobacteria,1.7144799,1.2443713
2021-05-05,3,Cyanobacteria,1.3347807,1.0564847
2021-05-06,3,Cyanobacteria,1.2243872,0.9443968
2021-05-07,3,Cyanobacteria,1.3597454,1.1723889
2021-05-08,3,Cyanobacteria,1.0678822,1.0483367
2021-05-09,3,Cyanobacteria,1.0264472,1.1153421
2021-05-10,3,Cyanobacteria,0.76781476,1.21665
2021-05-11,3,Cyanobacteria,0.6906947,1.1333952
2021-05-12,3,Cyanobacteria,1.008741,1.1663353
2021-05-13,3,Cyanobacteria,1.2948915,1.014029
2021-05-14,3,Cyanobacteria,2.0710855,1.0214518
2021-05-15,3,Cyanobacteria,2.2474167,1.3042305
2021-05-16,3,Cyanobacteria,1.9920912,1.2871366
2021-05-17,3,Cyanobacteria,1.6489002,1.8888477
2021-05-18,3,Cyanobacteria,1.794537,1.9624633
2021-05-19,3,Cyanobacteria,2.0734396,1.7837965
2021-05-20,3,Cyanobacteria,2.1479883,1.5493109
2021-05-21,3,Cyanobacteria,2.0209045,1.7375156
2021-05-22,3,Cyanobacteria,2.2535193,1.9841617
2021-05-23,3,Cyanobacteria,2.2723534,2.1612456
2021-05-24,3,Cyanobacteria,2.63233,2.1223052
2021-05-25,3,Cyanobacteria,2.3065703,2.443561
2021-05-26,3,Cyanobacteria,1.9421636,2.4382331
2021-05-27,3,Cyanobacteria,2.2319682,2.7811742
2021-05-28,3,Cyanobacteria,4.1579432,2.2530942
2021-05-29,3,Cyanobacteria,4.3492618,2.0942152
2021-05-30,3,Cyanobacteria,2.6183937,2.7739062
2021-05-31,3,Cyanobacteria,2.6154816,3.490584
2021-06-01,3,Cyanobacteria,5.352636,3.6105964
2021-06-02,3,Cyanobacteria,4.717726,2.8615065
2021-06-03,3,Cyanobacteria,2.962998,3.0713751
2021-06-04,3,Cyanobacteria,3.0213976,3.8583236
2021-06-05,3,Cyanobacteria,2.9233599,3.500305
2021-06-06,3,Cyanobacteria,2.5688848,2.7922099
2021-06-07,3,Cyanobacteria,2.928039,3.130226
2021-06-08,3,Cyanobacteria,2.7149856,2.7507842
2021-06-09,3,Cyanobacteria,2.3156078,2.6425426
2021-06-10,3,Cyanobacteria,2.2857888,2.9447203
2021-06-11,3,Cyanobacteria,2.4744864,2.8276653
2021-06-12,3,Cyanobacteria,3.0040839,2.4658558
2021-06-13,3,Cyanobacteria,4.336705,2.5399237
2021-06-14,3,Cyanobacteria,3.6870964,2.6101131
2021-06-15,3,Cyanobacteria,1.1724981,2.8761735
2021-06-16,3,Cyanobacteria,0.89654595,3.2709363
2021-06-17,3,Cyanobacteria,1.6896162,2.907111
2021-06-18,3,Cyanobacteria,3.3528886,1.738555
2021-06-19,3,Cyanobacteria,3.2436857,1.7026101
2021-06-20,3,Cyanobacteria,3.6387465,2.3480828
2021-06-21,3,Cyanobacteria,2.835984,3.044794
2021-06-22,3,Cyanobacteria,1.9431771,3.2843971
2021-06-23,3,Cyanobacteria,2.2497613,3.5504603
2021-06-24,3,Cyanobacteria,2.3033574,3.016547
2021-06-25,3,Cyanobacteria,1.9838712,2.4016962
2021-06-26,3,Cyanobacteria,2.2046309,3.0102336
2021-06-27,3,Cyanobacteria,4.0340667,2.3658683
2021-06-28,3,Cyanobacteria,5.868067,2.386137
2021-06-29,3,Cyanobacteria,5.3050866,2.7862256
2021-06-30,3,Cyanobacteria,4.742106,3.6379373
2021-07-01,3,Cyanobacteria,3.2076483,3.9860861
2021-07-02,3,Cyanobacteria,3.4847536,3.7429981
2021-07-03,3,Cyanobacteria,4.0390015,3.6984158
2021-07-04,3,Cyanobacteria,3.948705,2.7782242
2021-07-05,3,Cyanobacteria,4.7784224,3.502644
2021-07-06,3,Cyanobacteria,4.2812166,3.5445411
2021-07-07,3,Cyanobacteria,3.7561839,3.3772902
2021-07-08,3,Cyanobacteria,3.5484276,3.6857677
2021-07-09,3,Cyanobacteria,2.1638117,3.2948925
2021-07-10,3,Cyanobacteria,1.9270601,2.8936672
2021-07-11,3,Cyanobacteria,1.9104345,2.8988073
2021-07-12,3,Cyanobacteria,2.2324965,1.9031783
2021-07-13,3,Cyanobacteria,2.087728,2.1485124
2021-07-14,3,Cyanobacteria,1.2980666,2.028932
2021-07-15,3,Cyanobacteria,1.3932489,2.370532
2021-07-16,3,Cyanobacteria,1.2500651,2.1591072
2021-07-17,3,Cyanobacteria,0.43407384,1.675479
2021-07-18,3,Cyanobacteria,1.2796165,1.8674049
2021-07-19,3,Cyanobacteria,1.8222448,1.6599259
2021-07-20,3,Cyanobacteria,2.0859232,1.2044613
2021-07-21,3,Cyanobacteria,1.8950905,1.7798002
2021-07-22,3,Cyanobacteria,2.1339176,2.1368663
2021-07-23,3,Cyanobacteria,2.1493194,2.4422095
2021-07-24,3,Cyanobacteria,4.662006,2.2428722
2021-07-25,3,Cyanobacteria,3.9590297,2.4586802
2021-07-26,3,Cyanobacteria,4.2673516,2.50905
2021-07-27,3,Cyanobacteria,4.232916,3.4520807
2021-07-28,3,Cyanobacteria,2.8703907,3.1915371
2021-07-29,3,Cyanobacteria,2.1993053,3.7379642
2021-07-30,3,Cyanobacteria,2.0899277,3.6689668
2021-07-31,3,Cyanobacteria,2.1685455,2.6759348
2021-08-01,3,Cyanobacteria,3.3460565,2.4714813
2021-08-02,3,Cyanobacteria,5.6828313,2.2905755
2021-08-03,3,Cyanobacteria,4.7732515,2.8102643
2021-08-04,3,Cyanobacteria,4.0578346,3.4624355
2021-08-05,3,Cyanobacteria,5.5061984,3.9837132
2021-08-06,3,Cyanobacteria,5.3274107,4.0033054
2021-08-07,3,Cyanobacteria,5.148622,4.049206
2021-08-08,3,Cyanobacteria,3.2820683,4.111942
2021-08-09,3,Cyanobacteria,2.7275743,3.791227
2021-08-10,3,Cyanobacteria,2.468589,3.820516
2021-08-11,3,Cyanobacteria,2.8743272,2.4769528
2021-08-12,3,Cyanobacteria,2.9775615,2.676745
2021-08-13,3,Cyanobacteria,2.9190001,2.4060462
2021-08-14,3,Cyanobacteria,2.5640225,2.9671426
2021-08-15,3,Cyanobacteria,2.6541495,2.667569
2021-08-16,3,Cyanobacteria,2.9796264,2.7333705
2021-08-17,3,Cyanobacteria,3.3871398,2.2942214
2021-08-18,3,Cyanobacteria,2.8336039,2.5652933
2021-08-19,3,Cyanobacteria,1.4002497,2.516446
2021-08-20,3,Cyanobacteria,2.1858518,2.8184943
2021-08-21,3,Cyanobacteria,3.8102813,2.7861676
2021-08-22,3,Cyanobacteria,4.623089,2.061956
2021-08-23,3,Cyanobacteria,3.8476396,2.7749562
2021-08-24,3,Cyanobacteria,3.6913338,3.1900377
2021-08-25,3,Cyanobacteria,5.2736855,3.6700895
2021-08-26,3,Cyanobacteria,5.886749,3.507746
2021-08-27,3,Cyanobacteria,6.328652,3.4849105
2021-08-28,3,Cyanobacteria,5.913598,3.8264866
2021-08-29,3,Cyanobacteria,5.4985447,3.8070662
2021-08-30,3,Cyanobacteria,4.998421,3.8376606
2021-08-31,3,Cyanobacteria,3.173958,3.7170708
2021-09-01,3,Cyanobacteria,2.4867873,3.4948506
2021-09-02,3,Cyanobacteria,2.2553763,3.562174
2021-09-03,3,Cyanobacteria,2.089725,2.1968436
2021-09-04,3,Cyanobacteria,2.1701736,2.5644715
2021-09-05,3,Cyanobacteria,2.752026,2.3483183
2021-09-06,3,Cyanobacteria,2.4418018,2.3275187
2021-09-07,3,Cyanobacteria,2.3925562,2.5175438
2021-09-08,3,Cyanobacteria,2.2696092,2.908747
2021-09-09,3,Cyanobacteria,3.9620116,2.4143677
2021-09-10,3,Cyanobacteria,3.368864,2.7951276
2021-09-11,3,Cyanobacteria,3.444725,2.4831278
2021-09-12,3,Cyanobacteria,4.387453,3.3332791
2021-09-13,3,Cyanobacteria,3.7823026,3.1989837
2021-09-14,3,Cyanobacteria,3.6403475,3.3697789
2021-09-15,3,Cyanobacteria,3.4074223,3.5543673
2021-09-16,3,Cyanobacteria,2.904714,3.3698459
2021-09-17,3,Cyanobacteria,2.246401,3.4824367
2021-09-18,3,Cyanobacteria,1.8525054,2.7898536
2021-09-19,3,Cyanobacteria,1.9603258,2.5130086
2021-09-20,3,Cyanobacteria,1.8784577,2.0045023
2021-09-21,3,Cyanobacteria,1.6022085,1.814987
2021-09-22,3,Cyanobacteria,1.6334975,1.7905325
2021-09-23,3,Cyanobacteria,1.6335725,1.7357072
2021-09-24,3,Cyanobacteria,1.7263433,1.6446246
2021-09-25,3,Cyanobacteria,1.7499204,1.9894198
2021-09-26,3,Cyanobacteria,1.902614,1.9131992
2021-09-27,3,Cyanobacteria,1.9976249,1.9258654
2021-09-28,3,Cyanobacteria,2.0052354,1.8263223
2021-09-29,3,Cyanobacteria,1.9031209,1.9433852
2021-09-30,3,Cyanobacteria,2.1214771,1.8295342
2021-10-01,3,Cyanobacteria,1.6440406,1.8854132
2021-10-02,3,Cyanobacteria,1.4304897,1.7615167
2021-10-03,3,Cyanobacteria,1.5464485,1.9031316
2021-10-04,3,Cyanobacteria,1.6624073,1.5047277
2021-10-05,3,Cyanobacteria,1.7783661,1.3950329
2021-10-06,3,Cyanobacteria,1.8943249,1.4678923
2021-10-07,3,Cyanobacteria,2.0102837,1.5832114
2021-10-08,3,Cyanobacteria,2.1262426,1.8129807
2021-10-09,3,Cyanobacteria,2.2422013,1.9290699
2021-10-10,3,Cyanobacteria,2.3581603,1.825237
2021-10-11,3,Cyanobacteria,2.474119,1.8445057
2021-10-12,3,Cyanobacteria,2.5900779,2.0059526
2021-10-13,3,Cyanobacteria,2.376394,2.1950822
2021-10-14,3,Cyanobacteria,2.2953513,2.2395122
2021-10-15,3,Cyanobacteria,4.095699,2.4558055
2021-10-16,3,Cyanobacteria,5.2911153,2.1693354
2021-10-17,3,Cyanobacteria,3.2535,2.2098196
2021-10-18,3,Cyanobacteria,3.1076484,3.2164087
2021-10-19,3,Cyanobacteria,2.6348336,3.37642
2021-10-20,3,Cyanobacteria,2.2041533,2.455666
2021-10-21,3,Cyanobacteria,2.0151665,2.8061855
2021-10-22,3,Cyanobacteria,1.8319536,2.1798604
2021-10-23,3,Cyanobacteria,1.7161505,2.074885
2021-10-24,3,Cyanobacteria,1.7125037,1.9452485
2021-10-25,3,Cyanobacteria,1.5120782,1.5846833
2021-10-26,3,Cyanobacteria,1.6121708,1.5703567
2021-10-27,3,Cyanobacteria,1.3440738,1.5553203
2021-10-28,3,Cyanobacteria,1.1399204,1.3339189
2021-10-29,3,Cyanobacteria,1.698126,1.3928454
2021-10-30,3,Cyanobacteria,2.3341606,1.2363806
2021-10-31,3,Cyanobacteria,1.9348481,1.1354587
2021-11-01,3,Cyanobacteria,1.7935673,1.4700552
2021-11-02,3,Cyanobacteria,1.2920767,1.8975886
2021-11-03,3,Cyanobacteria,1.3757019,1.558103
2021-11-04,3,Cyanobacteria,1.350919,1.354723
2021-11-05,3,Cyanobacteria,1.281809,1.0885681
2021-11-06,3,Cyanobacteria,1.0622793,1.1733364
2021-11-07,3,Cyanobacteria,0.91401154,1.1504121
2021-11-08,3,Cyanobacteria,1.5847178,1.0578637
2021-11-09,3,Cyanobacteria,1.2513965,0.9201228
2021-11-10,3,Cyanobacteria,1.065916,0.8271492
2021-11-11,3,Cyanobacteria,1.2520332,1.2656597
2021-11-12,3,Cyanobacteria,1.2013613,1.0782475
2021-11-13,3,Cyanobacteria,1.2783864,0.9582112
2021-11-14,3,Cyanobacteria,1.3271418,1.0212611
2021-11-15,3,Cyanobacteria,1.343092,0.9730013
2021-11-16,3,Cyanobacteria,1.420963,0.98950315
2021-11-17,3,Cyanobacteria,1.2887958,1.0249901
2021-11-18,3,Cyanobacteria,1.3203533,1.035348
2021-11-19,3,Cyanobacteria,1.3825127,1.0920665
2021-11-20,3,Cyanobacteria,1.2764591,0.9776435
2021-11-21,3,Cyanobacteria,1.1090586,0.99384606
2021-11-22,3,Cyanobacteria,1.129356,1.0971425
2021-11-23,3,Cyanobacteria,1.2800362,1.0411291
2021-11-24,3,Cyanobacteria,1.1554124,0.94547987
2021-11-25,3,Cyanobacteria,1.1848153,1.1513667
2021-11-26,3,Cyanobacteria,1.2934299,1.2559037
2021-11-27,3,Cyanobacteria,1.2571418,1.0970087
2021-11-28,3,Cyanobacteria,1.2306077,1.0798512
2021-11-29,3,Cyanobacteria,1.0336133,1.1598407
2021-11-30,3,Cyanobacteria,0.86162925,1.1309192
2021-12-01,3,Cyanobacteria,1.5704707,1.0958307
2021-12-02,3,Cyanobacteria,1.5914989,0.9300981
2021-12-03,3,Cyanobacteria,1.3629906,0.79358107
2021-12-04,3,Cyanobacteria,1.3497757,1.504265
2021-12-05,3,Cyanobacteria,1.1732706,1.3954612
2021-12-06,3,Cyanobacteria,1.1404066,1.1570301
2021-12-07,3,Cyanobacteria,1.1583865,1.012851
2021-12-08,3,Cyanobacteria,1.128018,0.87798166
2021-12-09,3,Cyanobacteria,0.9754814,0.8520073
2021-12-10,3,Cyanobacteria,1.0479378,0.87141293
2021-12-11,3,Cyanobacteria,0.8021346,0.86411333
2021-12-12,3,Cyanobacteria,0.8941274,0.7838259
2021-12-13,3,Cyanobacteria,0.6927569,0.825351
2021-12-14,3,Cyanobacteria,0.43221417,0.6828996
2021-12-15,3,Cyanobacteria,0.36057928,0.7070336
2021-12-16,3,Cyanobacteria,0.40863866,0.61024123
2021-12-17,3,Cyanobacteria,0.9727516,0.4887298
2021-12-18,3,Cyanobacteria,0.9826068,0.43803012
2021-12-19,3,Cyanobacteria,0.9490369,0.47395048
2021-12-20,3,Cyanobacteria,1.178531,0.9128504
2021-12-21,3,Cyanobacteria,1.2478871,0.8644631
2021-12-22,3,Cyanobacteria,1.3445659,0.80439234
2021-12-23,3,Cyanobacteria,0.59661365,0.94624245
2021-12-24,3,Cyanobacteria,0.46170765,0.954537
2021-12-25,3,Cyanobacteria,0.85164493,1.0746456
2021-12-26,3,Cyanobacteria,0.97535455,0.6895078
2021-12-27,3,Cyanobacteria,0.95947784,0.5099373
2021-12-28,3,Cyanobacteria,0.76329446,0.7235304
2021-12-29,3,Cyanobacteria,0.85634834,0.8694306
2021-12-30,3,Cyanobacteria,0.6464471,0.8906336
2021-12-31,3,Cyanobacteria,0.90151423,0.7490792
2022-01-01,3,Cyanobacteria,0.776013,0.7725705
2022-01-02,3,Cyanobacteria,0.83620113,0.6328148
2022-01-03,3,Cyanobacteria,0.80412745,0.8399111
2022-01-04,3,Cyanobacteria,0.6765098,0.80171597
2022-01-05,3,Cyanobacteria,0.4595076,0.8402496
2022-01-06,3,Cyanobacteria,0.19878344,0.81330997
2022-01-07,3,Cyanobacteria,0.67120206,0.72478825
2022-01-08,3,Cyanobacteria,0.95592326,0.59811455
2022-01-09,3,Cyanobacteria,0.9327444,0.49152505
2022-01-10,3,Cyanobacteria,1.0224385,0.8465185
2022-01-11,3,Cyanobacteria,2.1481042,1.036219
2022-01-12,3,Cyanobacteria,1.6652243,0.89797753
2022-01-13,3,Cyanobacteria,1.291042,0.9981377
2022-01-14,3,Cyanobacteria,1.2574656,1.7674881
2022-01-15,3,Cyanobacteria,1.032084,1.3046893
2022-01-16,3,Cyanobacteria,0.9674892,1.1351805
2022-01-17,3,Cyanobacteria,0.94616944,1.0677457
2022-01-18,3,Cyanobacteria,0.92269367,0.92282736
2022-01-19,3,Cyanobacteria,0.8611079,0.85142636
2022-01-20,3,Cyanobacteria,0.82545257,0.86383283
2022-01-21,3,Cyanobacteria,0.8182259,0.8347932
2022-01-22,3,Cyanobacteria,1.1027879,0.7770063
2022-01-23,3,Cyanobacteria,0.7645185,0.7420733
2022-01-24,3,Cyanobacteria,1.7065123,0.71811193
2022-01-25,3,Cyanobacteria,0.64539075,0.9224484
2022-01-26,3,Cyanobacteria,0.76089376,0.677706
2022-01-27,3,Cyanobacteria,0.5794614,1.2520506
2022-01-28,3,Cyanobacteria,0.7816709,0.8708112
2022-01-29,3,Cyanobacteria,0.8387186,0.8480211
2022-01-30,3,Cyanobacteria,1.1281649,0.807123
2022-01-31,3,Cyanobacteria,1.231159,0.85919625
2022-02-01,3,Cyanobacteria,1.4238236,1.0230293
2022-02-02,3,Cyanobacteria,1.3295317,1.2484605
2022-02-03,3,Cyanobacteria,1.784645,1.2730477
2022-02-04,3,Cyanobacteria,1.5408581,1.3779669
2022-02-05,3,Cyanobacteria,1.3269008,1.3274901
2022-02-06,3,Cyanobacteria,1.6413742,1.7227987
2022-02-07,3,Cyanobacteria,1.3831661,1.4708925
2022-02-08,3,Cyanobacteria,1.1718699,1.3084046
2022-02-09,3,Cyanobacteria,1.0272319,1.5823071
2022-02-10,3,Cyanobacteria,0.8104344,1.3875968
2022-02-11,3,Cyanobacteria,1.0283359,1.1478919
2022-02-12,3,Cyanobacteria,0.6661383,0.909934
2022-02-13,3,Cyanobacteria,0.37995383,0.6877238
2022-02-14,3,Cyanobacteria,0.6274094,1.0077885
2022-02-15,3,Cyanobacteria,0.6364919,0.8410228
2022-02-16,3,Cyanobacteria,0.35820666,0.6533288
2022-02-17,3,Cyanobacteria,0.08358897,0.5841289
2022-02-18,3,Cyanobacteria,0.010000016,0.6544099
2022-02-19,3,Cyanobacteria,0.3175398,0.5952055
2022-02-20,3,Cyanobacteria,1.462207,0.455879
2022-02-21,3,Cyanobacteria,1.7990876,0.5948485
2022-02-22,3,Cyanobacteria,1.8775308,0.9948052
2022-02-23,3,Cyanobacteria,2.0480778,2.1342192
2022-02-24,3,Cyanobacteria,1.9205097,1.995183
2022-02-25,3,Cyanobacteria,1.7929416,2.0228534
2022-02-26,3,Cyanobacteria,1.6653734,1.8821456
2022-02-27,3,Cyanobacteria,1.5378052,1.6637745
2022-02-28,3,Cyanobacteria,1.4102371,1.5650941
2022-03-01,3,Cyanobacteria,1.1535721,1.4505453
2022-03-02,3,Cyanobacteria,0.7581607,1.3388938
2022-03-03,3,Cyanobacteria,0.4490297,1.2377603
2022-03-04,3,Cyanobacteria,0.2850868,1.007983
2022-03-05,3,Cyanobacteria,0.06812587,0.6589365
2022-03-06,3,Cyanobacteria,0.120933406,0.43638647
2022-03-07,3,Cyanobacteria,0.05522464,0.33509347
2022-03-08,3,Cyanobacteria,0.50354815,0.26181853
2022-03-09,3,Cyanobacteria,0.66335267,0.23572925
2022-03-10,3,Cyanobacteria,0.40285924,0.23031424
2022-03-11,3,Cyanobacteria,0.014387229,0.4033367
2022-03-12,3,Cyanobacteria,0.015565208,0.42597297
2022-03-13,3,Cyanobacteria,0.010000016,0.35603118
2022-03-14,3,Cyanobacteria,0.010050719,0.2615295
2022-03-15,3,Cyanobacteria,0.010246022,0.24194986
2022-03-16,3,Cyanobacteria,0.036085412,0.26992854
2022-03-17,3,Cyanobacteria,0.21737875,0.32193232
2022-03-18,3,Cyanobacteria,0.42973912,0.35916054
2022-03-19,3,Cyanobacteria,0.7636884,0.5485244
2022-03-20,3,Cyanobacteria,1.1165409,0.55891
2022-03-21,3,Cyanobacteria,1.9101883,0.86748624
2022-03-22,3,Cyanobacteria,2.1433985,1.1627214
2022-03-23,3,Cyanobacteria,2.1262445,1.4150964
2022-03-24,3,Cyanobacteria,1.9198624,2.0203133
2022-03-25,3,Cyanobacteria,1.8753512,2.114415
2022-03-26,3,Cyanobacteria,1.8713034,2.2115138
2022-03-27,3,Cyanobacteria,4.2593026,2.279429
2022-03-28,3,Cyanobacteria,4.0173755,2.8295705
2022-03-29,3,Cyanobacteria,3.7754486,2.5487342
2022-03-30,3,Cyanobacteria,2.644808,3.30193
2022-03-31,3,Cyanobacteria,2.3579507,2.935714
2022-04-01,3,Cyanobacteria,2.3900943,2.9902277
2022-04-02,3,Cyanobacteria,2.480131,2.0814602
2022-04-03,3,Cyanobacteria,2.149906,2.0504882
2022-04-04,3,Cyanobacteria,1.8740696,1.9381273
2022-04-05,3,Cyanobacteria,1.7214473,2.4293418
2022-04-06,3,Cyanobacteria,1.5688252,1.8717146
2022-04-07,3,Cyanobacteria,1.2899711,1.4894043
2022-04-08,3,Cyanobacteria,1.008827,1.2816206
2022-04-09,3,Cyanobacteria,1.0090086,1.2093476
2022-04-10,3,Cyanobacteria,0.6801231,0.9618733
2022-04-11,3,Cyanobacteria,0.4421845,0.74396753
2022-04-12,3,Cyanobacteria,0.20424601,0.6244323
2022-04-13,3,Cyanobacteria,0.16290368,0.47722298
2022-04-14,3,Cyanobacteria,0.13675833,0.41644102
2022-04-15,3,Cyanobacteria,0.0103894295,0.38201445
2022-04-16,3,Cyanobacteria,0.47120208,0.37458795
2022-04-17,3,Cyanobacteria,0.9320147,0.4085889
2022-04-18,3,Cyanobacteria,1.3928274,0.4202157
2022-04-19,3,Cyanobacteria,2.2509274,0.6439938
2022-04-20,3,Cyanobacteria,2.0586097,1.8342534
2022-04-21,3,Cyanobacteria,1.6260804,1.3116037
2022-04-22,3,Cyanobacteria,1.0518768,2.0542018
2022-04-23,3,Cyanobacteria,0.91195065,1.4138937
2022-04-24,3,Cyanobacteria,1.1896162,1.5531309
2022-04-25,3,Cyanobacteria,1.9769739,1.1886902
2022-04-26,3,Cyanobacteria,1.4171904,1.0716387
2022-04-27,3,Cyanobacteria,2.58336,1.2309037
2022-04-28,3,Cyanobacteria,2.152193,2.3515234
2022-04-29,3,Cyanobacteria,2.1626146,1.7010496
2022-04-30,3,Cyanobacteria,2.1730363,2.707461
2022-05-01,3,Cyanobacteria,2.1815941,2.095787
2022-05-02,3,Cyanobacteria,2.0878696,2.5023549
2022-05-03,3,Cyanobacteria,1.9130652,2.3952727
2022-05-04,3,Cyanobacteria,1.6117319,2.6318414
2022-05-05,3,Cyanobacteria,1.836971,2.1439352
2022-05-06,3,Cyanobacteria,2.0369325,2.3357356
2022-05-07,3,Cyanobacteria,1.9392464,1.7252525
2022-05-08,3,Cyanobacteria,1.3235699,1.6743164
2022-05-09,3,Cyanobacteria,2.890058,1.711773
2022-05-10,3,Cyanobacteria,2.2893047,1.5882102
2022-05-11,3,Cyanobacteria,2.080232,1.6370623
2022-05-12,3,Cyanobacteria,2.0300615,2.4170918
2022-05-13,3,Cyanobacteria,2.7703042,2.3136168
2022-05-14,3,Cyanobacteria,3.278558,2.4129875
2022-05-15,3,Cyanobacteria,3.915648,2.45001
2022-05-16,3,Cyanobacteria,4.275109,3.1550398
2022-05-17,3,Cyanobacteria,2.8151412,3.1979551
2022-05-18,3,Cyanobacteria,2.0774837,3.4358263
2022-05-19,3,Cyanobacteria,1.9749783,3.079211
2022-05-20,3,Cyanobacteria,1.7361549,2.114406
2022-05-21,3,Cyanobacteria,1.4398187,1.9214407
2022-05-22,3,Cyanobacteria,2.053594,2.2981396
2022-05-23,3,Cyanobacteria,1.9373734,2.0071175
2022-05-24,3,Cyanobacteria,1.7527878,1.7648268
2022-05-25,3,Cyanobacteria,1.9877247,2.4851756
2022-05-26,3,Cyanobacteria,1.7746773,2.1954105
2022-05-27,3,Cyanobacteria,2.4411938,2.1666927
2022-05-28,3,Cyanobacteria,3.1183374,2.0804641
2022-05-29,3,Cyanobacteria,3.795481,2.4733572
2022-05-30,3,Cyanobacteria,4.472625,3.0094836
2022-05-31,3,Cyanobacteria,5.1497684,3.301399
2022-06-01,3,Cyanobacteria,4.1820073,3.3098128
2022-06-02,3,Cyanobacteria,3.2975852,3.7037804
2022-06-03,3,Cyanobacteria,4.2176213,3.6772227
2022-06-04,3,Cyanobacteria,6.272964,3.1066933
2022-06-05,3,Cyanobacteria,4.386336,3.3853815
2022-06-06,3,Cyanobacteria,3.5452392,3.7025092
2022-06-07,3,Cyanobacteria,3.8714397,4.0702853
2022-06-08,3,Cyanobacteria,4.1976404,3.5132318
2022-06-09,3,Cyanobacteria,4.523841,3.3590744
2022-06-10,3,Cyanobacteria,4.8500414,3.5869262
2022-06-11,3,Cyanobacteria,5.176242,3.6378396
2022-06-12,3,Cyanobacteria,5.1198487,3.7413504
2022-06-13,3,Cyanobacteria,5.0634556,3.7645838
2022-06-14,3,Cyanobacteria,5.0070624,3.8083334
2022-06-15,3,Cyanobacteria,4.9506693,3.3749492
2022-06-16,3,Cyanobacteria,4.894276,3.621852
2022-06-17,3,Cyanobacteria,2.3731694,3.5460641
2022-06-18,3,Cyanobacteria,1.219232,3.6362267
2022-06-19,3,Cyanobacteria,0.9798187,3.585368
2022-06-20,3,Cyanobacteria,0.78918177,1.778444
2022-06-21,3,Cyanobacteria,0.83319336,1.3245358
2022-06-22,3,Cyanobacteria,1.5494641,1.3176869
2022-06-23,3,Cyanobacteria,4.7543416,1.3197469
2022-06-24,3,Cyanobacteria,3.66243,1.4391304
2022-06-25,3,Cyanobacteria,1.9184504,2.234969
2022-06-26,3,Cyanobacteria,2.8912816,3.3430674
2022-06-27,3,Cyanobacteria,2.743483,3.0356052
2022-06-28,3,Cyanobacteria,2.3900073,1.7157894
2022-06-29,3,Cyanobacteria,2.7020102,2.794026
2022-06-30,3,Cyanobacteria,2.2068284,2.1160498
2022-07-01,3,Cyanobacteria,2.0284288,2.337707
2022-07-02,3,Cyanobacteria,2.504562,2.9175112
2022-07-03,3,Cyanobacteria,2.6843994,2.393342
2022-07-04,3,Cyanobacteria,3.274656,2.476236
2022-07-05,3,Cyanobacteria,3.1509414,3.0010197
2022-07-06,3,Cyanobacteria,3.4092262,3.0336192
2022-07-07,3,Cyanobacteria,2.602117,3.5265853
2022-07-08,3,Cyanobacteria,2.0531843,3.1518314
2022-07-09,3,Cyanobacteria,1.7956238,3.367673
2022-07-10,3,Cyanobacteria,2.0568504,2.3667362
2022-07-11,3,Cyanobacteria,2.372128,2.1825998
2022-07-12,3,Cyanobacteria,2.6012175,2.2332587
2022-07-13,3,Cyanobacteria,2.828348,2.5020356
2022-07-14,3,Cyanobacteria,3.8188338,2.814656
2022-07-15,3,Cyanobacteria,6.297978,3.0538025
2022-07-16,3,Cyanobacteria,5.4864035,3.1886938
2022-07-17,3,Cyanobacteria,6.516273,3.8736372
2022-07-18,3,Cyanobacteria,4.57671,4.175518
2022-07-19,3,Cyanobacteria,3.2610588,4.0642653
2022-07-20,3,Cyanobacteria,3.2007184,4.2283664
2022-07-21,3,Cyanobacteria,3.3733938,3.5692947
2022-07-22,3,Cyanobacteria,3.3644865,2.49912
2022-07-23,3,Cyanobacteria,3.8821256,3.002478
2022-07-24,3,Cyanobacteria,4.914276,2.781138
2022-07-25,3,Cyanobacteria,3.6174076,3.130755
2022-07-26,3,Cyanobacteria,2.4253619,3.5043762
2022-07-27,3,Cyanobacteria,3.0902102,3.7117307
2022-07-28,3,Cyanobacteria,3.2870235,2.8949564
2022-07-29,3,Cyanobacteria,3.320978,2.6282098
2022-07-30,3,Cyanobacteria,3.3549325,3.355266
2022-07-31,3,Cyanobacteria,3.3888872,3.2249486
2022-08-01,3,Cyanobacteria,3.4228415,3.2321374
2022-08-02,3,Cyanobacteria,3.4567962,3.2736619
2022-08-03,3,Cyanobacteria,3.4907506,3.3222182
2022-08-04,3,Cyanobacteria,3.5247052,3.3149066
2022-08-05,3,Cyanobacteria,3.5586596,3.3240209
2022-08-06,3,Cyanobacteria,3.592614,3.256903
2022-08-07,3,Cyanobacteria,3.6265686,3.5492902
2022-08-08,3,Cyanobacteria,3.6605232,3.5381708
2022-08-09,3,Cyanobacteria,3.6944776,3.5469124
2022-08-10,3,Cyanobacteria,3.728432,3.5391984
2022-08-11,3,Cyanobacteria,3.7623866,3.5577483
2022-08-12,3,Cyanobacteria,3.796341,3.611201
2022-08-13,3,Cyanobacteria,3.8302956,3.6308298
2022-08-14,3,Cyanobacteria,3.8642502,3.6678681
2022-08-15,3,Cyanobacteria,3.8982048,3.691406
2022-08-16,3,Cyanobacteria,3.9321592,3.6955476
2022-08-17,3,Cyanobacteria,3.9661138,3.7173715
2022-08-18,3,Cyanobacteria,4.000068,3.6442971
2022-08-19,3,Cyanobacteria,4.0340223,3.6808522
2022-08-20,3,Cyanobacteria,4.0679774,3.6631863
2022-08-21,3,Cyanobacteria,4.1019316,3.618167
2022-08-22,3,Cyanobacteria,4.135886,3.633323
2022-08-23,3,Cyanobacteria,4.169841,3.6354856
2022-08-24,3,Cyanobacteria,4.203795,3.6780853
2022-08-25,3,Cyanobacteria,4.2377496,3.6428583
2022-08-26,3,Cyanobacteria,4.271704,3.684372
2022-08-27,3,Cyanobacteria,4.305659,3.713989
2022-08-28,3,Cyanobacteria,4.339613,3.8070178
2022-08-29,3,Cyanobacteria,4.3735676,3.7997494
2022-08-30,3,Cyanobacteria,4.407522,3.8415544
2022-08-31,3,Cyanobacteria,4.441477,3.7367382
2022-09-01,3,Cyanobacteria,4.475431,3.6313672
2022-09-02,3,Cyanobacteria,4.5093856,3.6955767
2022-09-03,3,Cyanobacteria,4.54334,3.7462094
2022-09-04,3,Cyanobacteria,4.577295,3.8510628
2022-09-05,3,Cyanobacteria,4.6112494,3.864378
2022-09-06,3,Cyanobacteria,4.6452036,3.8030715
2022-09-07,3,Cyanobacteria,4.679158,3.8310704
2022-09-08,3,Cyanobacteria,4.713113,3.800428
2022-09-09,3,Cyanobacteria,4.7470675,3.7348456
2022-09-10,3,Cyanobacteria,4.781022,3.8695326
2022-09-11,3,Cyanobacteria,6.1217318,3.8912463
2022-09-12,3,Cyanobacteria,6.153777,3.9865143
2022-09-13,3,Cyanobacteria,5.5154853,3.934768
2022-09-14,3,Cyanobacteria,4.42329,4.2416277
2022-09-15,3,Cyanobacteria,3.8892832,4.1814237
2022-09-16,3,Cyanobacteria,3.7135918,4.0743885
2022-09-17,3,Cyanobacteria,2.9347034,3.6728072
2022-09-18,3,Cyanobacteria,4.431348,3.515426
2022-09-19,3,Cyanobacteria,4.227647,3.52318
2022-09-20,3,Cyanobacteria,2.5538044,2.816139
2022-09-21,3,Cyanobacteria,2.390876,3.8142893
2022-09-22,3,Cyanobacteria,2.1660202,3.045327
2022-09-23,3,Cyanobacteria,2.1745803,2.2249844
2022-09-24,3,Cyanobacteria,2.6702752,2.4355445
2022-09-25,3,Cyanobacteria,2.3401449,2.1457255
2022-09-26,3,Cyanobacteria,2.3833406,2.3573897
2022-09-27,3,Cyanobacteria,2.510181,2.7423024
2022-09-28,3,Cyanobacteria,4.2074294,2.373856
2022-09-29,3,Cyanobacteria,4.753896,2.8121903
2022-09-30,3,Cyanobacteria,6.1951814,2.8690774
2022-10-01,3,Cyanobacteria,3.065192,3.5902147
2022-10-02,3,Cyanobacteria,3.7090797,3.725604
2022-10-03,3,Cyanobacteria,4.398922,4.1915174
2022-10-04,3,Cyanobacteria,5.0918016,3.8064535
2022-10-05,3,Cyanobacteria,4.849297,3.7428067
2022-10-06,3,Cyanobacteria,4.0219636,3.4659195
2022-10-07,3,Cyanobacteria,2.7237463,3.3725939
2022-10-08,3,Cyanobacteria,2.32,3.1532955
2022-10-09,3,Cyanobacteria,3.2219276,2.5256238
2022-10-10,3,Cyanobacteria,3.2224002,1.8981895
2022-10-11,3,Cyanobacteria,2.4283636,1.69073
2022-10-12,3,Cyanobacteria,2.2486668,2.5861201
2022-10-13,3,Cyanobacteria,2.2341595,2.3164113
2022-10-14,3,Cyanobacteria,2.4454308,1.9902009
2022-10-15,3,Cyanobacteria,2.189485,2.1266909
2022-10-16,3,Cyanobacteria,2.4336784,2.1947255
2022-10-17,3,Cyanobacteria,2.1963432,2.3258834
2022-10-18,3,Cyanobacteria,1.77874,1.955484
2022-10-19,3,Cyanobacteria,1.6230702,2.3468287
2022-10-20,3,Cyanobacteria,1.579081,1.9109204
2022-10-21,3,Cyanobacteria,1.7665725,1.6248583
2022-10-22,3,Cyanobacteria,2.6929433,1.7852571
2022-10-23,3,Cyanobacteria,2.4712858,1.746329
2022-10-24,3,Cyanobacteria,2.1828291,2.01777
2022-10-25,3,Cyanobacteria,1.9161577,2.4837313
2022-10-26,3,Cyanobacteria,1.6670797,1.987228
2022-10-27,3,Cyanobacteria,1.6202025,1.9838744
2022-10-28,3,Cyanobacteria,1.552974,1.6761093
2022-10-29,3,Cyanobacteria,1.5037726,1.5093819
2022-10-30,3,Cyanobacteria,1.6090738,1.4227002
2022-10-31,3,Cyanobacteria,1.5013676,1.3668811
2022-11-01,3,Cyanobacteria,1.3019855,1.3317616
2022-11-02,3,Cyanobacteria,1.1026033,1.3498197
2022-11-03,3,Cyanobacteria,1.1929109,1.1752726
2022-11-04,3,Cyanobacteria,1.2192972,1.0833371
2022-11-05,3,Cyanobacteria,1.2108177,0.96723086
2022-11-06,3,Cyanobacteria,1.1931765,1.1211499
2022-11-07,3,Cyanobacteria,1.1273862,1.1556128
2022-11-08,3,Cyanobacteria,1.5220854,1.233014
2022-11-09,3,Cyanobacteria,1.8338467,1.213339
2022-11-10,3,Cyanobacteria,2.1456077,1.2387443
2022-11-11,3,Cyanobacteria,3.645496,1.6733404
2022-11-12,3,Cyanobacteria,3.7778358,1.8321149
2022-11-13,3,Cyanobacteria,3.9101756,2.1636078
2022-11-14,3,Cyanobacteria,4.0425153,2.7868829
2022-11-15,3,Cyanobacteria,4.174855,2.812321
2022-11-16,3,Cyanobacteria,2.4362636,2.768481
2022-11-17,3,Cyanobacteria,1.8813034,2.5339344
2022-11-18,3,Cyanobacteria,1.7065123,2.387793
2022-11-19,3,Cyanobacteria,1.7963116,1.7467492
2022-11-20,3,Cyanobacteria,1.7562879,1.6392221
2022-11-21,3,Cyanobacteria,1.716068,1.5243231
2022-11-22,3,Cyanobacteria,1.8579218,1.6589493
2022-11-23,3,Cyanobacteria,2.309513,1.8241562
2022-11-24,3,Cyanobacteria,2.2426267,1.708955
2022-11-25,3,Cyanobacteria,1.6817813,1.8463088
2022-11-26,3,Cyanobacteria,2.334812,1.9966695
2022-11-27,3,Cyanobacteria,2.538623,2.036536
2022-11-28,3,Cyanobacteria,2.067699,1.7596973
2022-11-29,3,Cyanobacteria,1.609312,2.2368977
2022-11-30,3,Cyanobacteria,1.4803835,2.2330093
2022-12-01,3,Cyanobacteria,1.5265702,1.6914697
2022-12-02,3,Cyanobacteria,1.5021827,1.4479579
2022-12-03,3,Cyanobacteria,1.3033888,1.3437662
2022-12-04,3,Cyanobacteria,1.2186893,1.4669142
2022-12-05,3,Cyanobacteria,1.2566932,1.6424885
2022-12-06,3,Cyanobacteria,1.2839594,1.5029804
2022-12-07,3,Cyanobacteria,1.2833816,1.4780486
2022-12-08,3,Cyanobacteria,1.264826,1.4313575
2022-12-09,3,Cyanobacteria,1.1665274,1.589335
2022-12-10,3,Cyanobacteria,1.1783273,1.5006863
2022-12-11,3,Cyanobacteria,1.162433,1.4210528
2022-12-12,3,Cyanobacteria,1.0775615,1.3406602
2022-12-13,3,Cyanobacteria,1.0522738,1.3563286
2022-12-14,3,Cyanobacteria,1.0630385,1.3017906
2022-12-15,3,Cyanobacteria,0.9643116,1.2738217
2022-12-16,3,Cyanobacteria,0.9429254,1.2256657
2022-12-17,3,Cyanobacteria,0.9599493,1.1244533
2022-12-18,3,Cyanobacteria,1.066546,1.0373496
2022-12-19,3,Cyanobacteria,1.2629783,0.85361904
2022-12-20,3,Cyanobacteria,0.976756,0.9227774
2022-12-21,3,Cyanobacteria,0.92862743,1.0247872
2022-12-22,3,Cyanobacteria,0.971029,1.2553948
2022-12-23,3,Cyanobacteria,1.0265797,0.98771214
2022-12-24,3,Cyanobacteria,1.063063,0.8654475
2022-12-25,3,Cyanobacteria,1.0813106,0.7907401
2022-12-26,3,Cyanobacteria,1.0943778,0.8596161
2022-12-27,3,Cyanobacteria,1.0884805,0.9258939
2022-12-28,3,Cyanobacteria,1.1312981,0.91449815
2022-12-29,3,Cyanobacteria,1.1201302,0.87107486
2022-12-30,3,Cyanobacteria,1.0986956,0.85494936
2022-12-31,3,Cyanobacteria,1.1218044,0.9096617
2023-01-01,3,Cyanobacteria,1.1762229,0.89930993
2023-01-02,3,Cyanobacteria,1.3408847,0.8410384
2023-01-03,3,Cyanobacteria,1.5967512,0.8431804
2023-01-04,3,Cyanobacteria,1.1869442,0.88658315
2023-01-05,3,Cyanobacteria,0.5527029,1.0168178
2023-01-06,3,Cyanobacteria,0.5547719,1.1594748
2023-01-07,3,Cyanobacteria,0.25931886,0.908467
2023-01-08,3,Cyanobacteria,0.8177391,0.6222972
2023-01-09,3,Cyanobacteria,0.1614521,0.5933803
2023-01-10,3,Cyanobacteria,0.992042,0.49887863
2023-01-11,3,Cyanobacteria,1.275152,1.0090817
2023-01-12,3,Cyanobacteria,1.3251085,0.715846
2023-01-13,3,Cyanobacteria,1.0189146,1.1856555
2023-01-14,3,Cyanobacteria,1.2738205,1.152862
2023-01-15,3,Cyanobacteria,1.3461332,1.2295318
2023-01-16,3,Cyanobacteria,1.4476104,1.1251545
2023-01-17,3,Cyanobacteria,1.2679595,1.1887443
2023-01-18,3,Cyanobacteria,1.4467247,1.4751796
2023-01-19,3,Cyanobacteria,1.4130435,1.3752015
2023-01-20,3,Cyanobacteria,1.1790079,1.2425498
2023-01-21,3,Cyanobacteria,1.253741,1.2746359
2023-01-22,3,Cyanobacteria,0.74572355,1.1653795
2023-01-23,3,Cyanobacteria,0.6302901,0.9245333
2023-01-24,3,Cyanobacteria,1.5968212,1.0753211
2023-01-25,3,Cyanobacteria,1.5914844,0.83027345
2023-01-26,3,Cyanobacteria,1.4528313,0.6382966
2023-01-27,3,Cyanobacteria,1.3141781,1.6636739
2023-01-28,3,Cyanobacteria,1.4395945,1.4355842
2023-01-29,3,Cyanobacteria,1.4727279,1.3174334
2023-01-30,3,Cyanobacteria,1.3791581,1.1678565
2023-01-31,3,Cyanobacteria,1.1787742,1.2414877
2023-02-01,3,Cyanobacteria,0.9783902,1.2273394
2023-02-02,3,Cyanobacteria,1.3512114,1.1888524
2023-02-03,3,Cyanobacteria,1.5657766,1.0631667
2023-02-04,3,Cyanobacteria,1.615985,0.99259585
2023-02-05,3,Cyanobacteria,2.4904246,1.2781944
2023-02-06,3,Cyanobacteria,2.262368,1.5173224
2023-02-07,3,Cyanobacteria,2.1824055,1.4762126
2023-02-08,3,Cyanobacteria,1.5520464,1.9883066
2023-02-09,3,Cyanobacteria,1.8653886,1.8497266
2023-02-10,3,Cyanobacteria,2.283535,1.9469107
2023-02-11,3,Cyanobacteria,2.7620409,1.6778699
2023-02-12,3,Cyanobacteria,2.2324486,1.8745587
2023-02-13,3,Cyanobacteria,1.8255773,2.1231284
2023-02-14,3,Cyanobacteria,2.4639304,2.2692173
2023-02-15,3,Cyanobacteria,1.9916799,2.1161256
2023-02-16,3,Cyanobacteria,1.7593039,2.1030176
2023-02-17,3,Cyanobacteria,1.7566204,2.3119423
2023-02-18,3,Cyanobacteria,1.8478105,2.025582
2023-02-19,3,Cyanobacteria,1.577091,1.9415487
2023-02-20,3,Cyanobacteria,1.5175421,1.8767738
2023-02-21,3,Cyanobacteria,1.2222602,1.9655967
2023-02-22,3,Cyanobacteria,1.1143904,1.7258202
2023-02-23,3,Cyanobacteria,1.5166937,1.715584
2023-02-24,3,Cyanobacteria,1.4491328,1.45989
2023-02-25,3,Cyanobacteria,1.4799918,1.3430076
2023-02-26,3,Cyanobacteria,1.5221559,1.6078643
2023-02-27,3,Cyanobacteria,1.712296,1.5349493
2023-02-28,3,Cyanobacteria,2.1366403,1.5126171
2023-03-01,3,Cyanobacteria,1.7858219,1.5529728
2023-03-02,3,Cyanobacteria,1.3755527,1.747483
2023-03-03,3,Cyanobacteria,1.2984917,2.0662081
2023-03-04,3,Cyanobacteria,1.2888846,1.7928195
2023-03-05,3,Cyanobacteria,1.2217515,1.4984847
2023-03-06,3,Cyanobacteria,1.191564,1.3938925
2023-03-07,3,Cyanobacteria,1.3979748,1.3827472
2023-03-08,3,Cyanobacteria,1.3001692,1.3271302
2023-03-09,3,Cyanobacteria,1.2327971,1.2762479
2023-03-10,3,Cyanobacteria,1.1577052,1.4068681
2023-03-11,3,Cyanobacteria,1.0726924,1.3310494
2023-03-12,3,Cyanobacteria,1.0191824,1.2371815
2023-03-13,3,Cyanobacteria,0.8894389,1.15783
2023-03-14,3,Cyanobacteria,0.90746105,1.075477
2023-03-15,3,Cyanobacteria,0.87925994,1.0389132
2023-03-16,3,Cyanobacteria,0.83830166,1.0440005
2023-03-17,3,Cyanobacteria,1.0444053,0.91796494
2023-03-18,3,Cyanobacteria,1.0910829,0.86564505
2023-03-19,3,Cyanobacteria,0.9658961,0.88546985
2023-03-20,3,Cyanobacteria,0.92234516,1.130783
2023-03-21,3,Cyanobacteria,0.9250495,1.1957769
2023-03-22,3,Cyanobacteria,0.80815005,1.0679522
2023-03-23,3,Cyanobacteria,0.27196577,1.0728163
2023-03-24,3,Cyanobacteria,0.7134048,1.049967
2023-03-25,3,Cyanobacteria,2.8818572,1.1016407
2023-03-26,3,Cyanobacteria,3.2467968,0.7598435
2023-03-27,3,Cyanobacteria,3.6117365,1.1956415
2023-03-28,3,Cyanobacteria,2.6727736,2.657017
2023-03-29,3,Cyanobacteria,1.9372687,2.7711923
2023-03-30,3,Cyanobacteria,1.7760023,2.9422495
2023-03-31,3,Cyanobacteria,1.5423425,1.9933553
2023-04-01,3,Cyanobacteria,1.2678039,1.7229004
2023-04-02,3,Cyanobacteria,1.108106,1.4532222
2023-04-03,3,Cyanobacteria,1.0268787,1.2410494
2023-04-04,3,Cyanobacteria,1.0073328,1.1130879
2023-04-05,3,Cyanobacteria,1.5883657,1.0814081
2023-04-06,3,Cyanobacteria,2.1693985,1.1283672
2023-04-07,3,Cyanobacteria,2.7504315,1.5881512
2023-04-08,3,Cyanobacteria,3.3314643,2.2735782
2023-04-09,3,Cyanobacteria,2.7729766,2.619955
2023-04-10,3,Cyanobacteria,2.417534,2.5104403
2023-04-11,3,Cyanobacteria,1.7742348,2.5016186
2023-04-12,3,Cyanobacteria,1.4090321,1.9387584
2023-04-13,3,Cyanobacteria,1.2431421,1.7367588
2023-04-14,3,Cyanobacteria,1.120989,1.5006433
2023-04-15,3,Cyanobacteria,1.1054552,1.2228267
2023-04-16,3,Cyanobacteria,1.0206532,1.2800257
2023-04-17,3,Cyanobacteria,0.772153,1.2133205
2023-04-18,3,Cyanobacteria,1.0562845,1.2080584
2023-04-19,3,Cyanobacteria,1.5799931,1.3933314
2023-04-20,3,Cyanobacteria,1.3164134,1.2298177
2023-04-21,3,Cyanobacteria,1.2170826,1.6442374
2023-04-22,3,Cyanobacteria,1.2514278,1.9590505
2023-04-23,3,Cyanobacteria,1.1737871,1.3814324
2023-04-24,3,Cyanobacteria,1.1448725,1.171532
2023-04-25,3,Cyanobacteria,1.0627111,1.3619518
2023-04-26,3,Cyanobacteria,1.4576253,1.378743
2023-04-27,3,Cyanobacteria,1.7456878,1.405925
2023-04-28,3,Cyanobacteria,1.8548379,1.3109529
2023-04-29,3,Cyanobacteria,2.6361527,1.3580849
2023-04-30,3,Cyanobacteria,3.1612911,1.9263972
2023-05-01,3,Cyanobacteria,1.9083881,1.8863186
2023-05-02,3,Cyanobacteria,1.5850003,2.5602963
2023-05-03,3,Cyanobacteria,0.7557995,2.4900713
2023-05-04,3,Cyanobacteria,0.83305645,1.8430976
2023-05-05,3,Cyanobacteria,0.64165354,1.5190372
2023-05-06,3,Cyanobacteria,0.42700356,1.0691332
2023-05-07,3,Cyanobacteria,1.1629804,1.0453418
2023-05-08,3,Cyanobacteria,1.8989573,0.8674403
2023-05-09,3,Cyanobacteria,2.634934,0.838879
2023-05-10,3,Cyanobacteria,3.370911,1.8770717
2023-05-11,3,Cyanobacteria,4.106888,2.1549659
2023-05-12,3,Cyanobacteria,4.8428645,2.5295343
2023-05-13,3,Cyanobacteria,5.5788417,2.8868413
2023-05-14,3,Cyanobacteria,3.4932373,3.2483487
2023-05-15,3,Cyanobacteria,2.3829908,2.7103398
2023-05-16,3,Cyanobacteria,1.6760406,2.8492231
2023-05-17,3,Cyanobacteria,1.5048957,1.8781555
2023-05-18,3,Cyanobacteria,1.3905042,1.7009317
2023-05-19,3,Cyanobacteria,1.3446171,1.4059606
2023-05-20,3,Cyanobacteria,1.3385532,1.6760832
2023-05-21,3,Cyanobacteria,1.2489344,1.6042912
2023-05-22,3,Cyanobacteria,1.2775736,1.5944958
2023-05-23,3,Cyanobacteria,1.7400788,1.9359297
2023-05-24,3,Cyanobacteria,2.1723888,1.624014
2023-05-25,3,Cyanobacteria,2.054791,1.517092
2023-05-26,3,Cyanobacteria,2.0169272,1.94148
2023-05-27,3,Cyanobacteria,2.1836193,2.254601
2023-05-28,3,Cyanobacteria,2.1190135,2.1886103
2023-05-29,3,Cyanobacteria,2.2845416,2.1419554
2023-05-30,3,Cyanobacteria,2.8546731,2.2918174
2023-05-31,3,Cyanobacteria,3.6820343,2.1941018
2023-06-01,3,Cyanobacteria,4.2432837,2.4152608
2023-06-02,3,Cyanobacteria,3.1228824,2.7742822
2023-06-03,3,Cyanobacteria,3.9125252,2.8187225
2023-06-04,3,Cyanobacteria,3.0990682,2.8744955
2023-06-05,3,Cyanobacteria,2.2573907,2.3222728
2023-06-06,3,Cyanobacteria,3.5290446,3.0176477
2023-06-07,3,Cyanobacteria,4.5944915,2.429594
2023-06-08,3,Cyanobacteria,3.974097,2.1966755
2023-06-09,3,Cyanobacteria,2.817865,2.953334
2023-06-10,3,Cyanobacteria,2.1575139,3.2513733
2023-06-11,3,Cyanobacteria,2.202399,3.0325983
2023-06-12,3,Cyanobacteria,2.613506,2.3112974
2023-06-13,3,Cyanobacteria,3.0178857,2.237833
2023-06-14,3,Cyanobacteria,3.2518442,2.5414531
2023-06-15,3,Cyanobacteria,2.6697867,2.8561134
2023-06-16,3,Cyanobacteria,1.9534781,2.9224067
2023-06-17,3,Cyanobacteria,2.036473,2.5447576
2023-06-18,3,Cyanobacteria,2.074111,2.357602
2023-06-19,3,Cyanobacteria,1.7520274,1.9618331
2023-06-20,3,Cyanobacteria,1.9095271,2.3562424
2023-06-21,3,Cyanobacteria,2.6224213,2.167991
2023-06-22,3,Cyanobacteria,2.9754727,2.274549
2023-06-23,3,Cyanobacteria,3.7797623,2.405084
2023-06-24,3,Cyanobacteria,3.8032756,2.9155662
2023-06-25,3,Cyanobacteria,3.9180677,2.8445501
2023-06-26,3,Cyanobacteria,4.7419147,3.1780431
2023-06-27,3,Cyanobacteria,5.532881,2.863683
2023-06-28,3,Cyanobacteria,3.5055287,2.6531258
2023-06-29,3,Cyanobacteria,3.4548762,3.2691782
2023-06-30,3,Cyanobacteria,2.7937806,3.1723275
2023-07-01,3,Cyanobacteria,1.5995938,2.1950455
2023-07-02,3,Cyanobacteria,1.5965191,2.3317602
2023-07-03,3,Cyanobacteria,1.7737297,1.7568023
2023-07-04,3,Cyanobacteria,2.776571,1.3543534
2023-07-05,3,Cyanobacteria,3.2304816,1.5925554
2023-07-06,3,Cyanobacteria,1.984966,1.7316078
2023-07-07,3,Cyanobacteria,1.9826539,2.2504401
2023-07-08,3,Cyanobacteria,2.2500691,2.2750435
2023-07-09,3,Cyanobacteria,2.3913074,1.5158576
2023-07-10,3,Cyanobacteria,2.655939,1.4347907
2023-07-11,3,Cyanobacteria,1.9692372,1.6745661
2023-07-12,3,Cyanobacteria,1.2298373,1.6224992
2023-07-13,3,Cyanobacteria,1.0929966,1.8206826
2023-07-14,3,Cyanobacteria,0.5992144,1.2824663
2023-07-15,3,Cyanobacteria,0.6014617,0.9307242
2023-07-16,3,Cyanobacteria,0.609786,0.8448879
2023-07-17,3,Cyanobacteria,0.70679635,0.6969271
2023-07-18,3,Cyanobacteria,0.8659262,0.731119
2023-07-19,3,Cyanobacteria,0.9241884,0.9550493
2023-07-20,3,Cyanobacteria,1.0990573,0.98788816
2023-07-21,3,Cyanobacteria,2.9751103,1.0872365
2023-07-22,3,Cyanobacteria,4.6228127,1.1952578
2023-07-23,3,Cyanobacteria,2.8313358,1.3787707
2023-07-24,3,Cyanobacteria,4.548409,2.720232
2023-07-25,3,Cyanobacteria,5.784873,3.0844133
2023-07-26,3,Cyanobacteria,3.7234683,2.1087353
2023-07-27,3,Cyanobacteria,1.6620638,2.8964005
2023-07-28,3,Cyanobacteria,0.8556233,2.4751866
2023-07-29,3,Cyanobacteria,0.89116377,1.7082815
2023-07-30,3,Cyanobacteria,1.1886462,1.2704965
2023-07-31,3,Cyanobacteria,2.471676,0.97828615
2023-08-01,3,Cyanobacteria,1.6940145,1.1972383
2023-08-02,3,Cyanobacteria,1.9481753,1.8693519
2023-08-03,3,Cyanobacteria,1.7617489,2.4161518
2023-08-04,3,Cyanobacteria,1.0801963,1.6139449
2023-08-05,3,Cyanobacteria,1.292281,1.7658238
2023-08-06,3,Cyanobacteria,1.7215066,1.4034837
2023-08-07,3,Cyanobacteria,3.3288689,1.088343
2023-08-08,3,Cyanobacteria,3.0218735,1.5146968
2023-08-09,3,Cyanobacteria,1.651122,1.8418847
2023-08-10,3,Cyanobacteria,1.442921,2.5870833
2023-08-11,3,Cyanobacteria,0.7765467,1.7829024
2023-08-12,3,Cyanobacteria,0.9314234,1.2406273
2023-08-13,3,Cyanobacteria,1.5715406,1.1113201
2023-08-14,3,Cyanobacteria,4.173333,0.81159663
2023-08-15,3,Cyanobacteria,1.9116304,1.0283192
2023-08-16,3,Cyanobacteria,3.6171675,1.7541771
2023-08-17,3,Cyanobacteria,2.3501623,2.8023467
2023-08-18,3,Cyanobacteria,2.9149249,1.6296984
2023-08-19,3,Cyanobacteria,3.0159187,2.376424
2023-08-20,3,Cyanobacteria,2.285934,1.6970973
2023-08-21,3,Cyanobacteria,2.103505,2.5039876
2023-08-22,3,Cyanobacteria,2.0100663,2.294517
2023-08-23,3,Cyanobacteria,2.030845,1.7496387
2023-08-24,3,Cyanobacteria,1.9803014,2.0366814
2023-08-25,3,Cyanobacteria,1.8590924,2.1836672
2023-08-26,3,Cyanobacteria,2.186416,2.2287865
2023-08-27,3,Cyanobacteria,2.1218035,2.078532
2023-08-28,3,Cyanobacteria,2.2880745,2.423448
2023-08-29,3,Cyanobacteria,4.906969,2.7914705
2023-08-30,3,Cyanobacteria,2.747103,2.5330625
2023-08-31,3,Cyanobacteria,4.8251433,2.787982
2023-09-01,3,Cyanobacteria,3.1461823,3.7163565
2023-09-02,3,Cyanobacteria,2.997252,2.0866253
2023-09-03,3,Cyanobacteria,2.551028,3.515747
2023-09-04,3,Cyanobacteria,2.49856,2.1008914
2023-09-05,3,Cyanobacteria,5.2166624,2.482793
2023-09-06,3,Cyanobacteria,5.1275606,2.441518
2023-09-07,3,Cyanobacteria,5.0384583,2.6380568
2023-09-08,3,Cyanobacteria,4.9493566,3.631819
2023-09-09,3,Cyanobacteria,2.5999234,3.7113123
2023-09-10,3,Cyanobacteria,2.1791236,3.4453986
2023-09-11,3,Cyanobacteria,1.9352801,2.545394
2023-09-12,3,Cyanobacteria,1.8269101,1.6130425
2023-09-13,3,Cyanobacteria,1.9009577,2.0054994
2023-09-14,3,Cyanobacteria,2.1442535,1.7863854
2023-09-15,3,Cyanobacteria,2.3835835,2.1087506
2023-09-16,3,Cyanobacteria,2.215428,2.1056998
2023-09-17,3,Cyanobacteria,1.9896855,2.3827255
2023-09-18,3,Cyanobacteria,2.0334396,2.2940361
2023-09-19,3,Cyanobacteria,2.1670406,2.1529677
2023-09-20,3,Cyanobacteria,2.404295,2.1857474
2023-09-21,3,Cyanobacteria,2.4283464,2.1802735
2023-09-22,3,Cyanobacteria,2.1776288,2.2207994
2023-09-23,3,Cyanobacteria,2.2079122,2.3401437
2023-09-24,3,Cyanobacteria,2.0656526,2.282161
2023-09-25,3,Cyanobacteria,1.8197497,2.006306
2023-09-26,3,Cyanobacteria,2.788784,2.0155327
2023-09-27,3,Cyanobacteria,2.862572,2.004439
2023-09-28,3,Cyanobacteria,2.8470044,1.885483
2023-09-29,3,Cyanobacteria,2.7773497,2.419858
2023-09-30,3,Cyanobacteria,3.3597028,2.3386276
2023-10-01,3,Cyanobacteria,3.2632625,2.2872794
2023-10-02,3,Cyanobacteria,2.1856651,2.3278427
2023-10-03,3,Cyanobacteria,3.234886,2.5062306
2023-10-04,3,Cyanobacteria,3.1014996,2.1880932
2023-10-05,3,Cyanobacteria,2.354695,1.8556042
2023-10-06,3,Cyanobacteria,1.8833472,2.7237177
2023-10-07,3,Cyanobacteria,1.6806661,2.13141
2023-10-08,3,Cyanobacteria,1.6510261,2.062169
2023-10-09,3,Cyanobacteria,1.65687,1.8324753
2023-10-10,3,Cyanobacteria,2.0349479,1.8150108
2023-10-11,3,Cyanobacteria,1.9036157,1.841844
2023-10-12,3,Cyanobacteria,1.5963961,1.7453177
2023-10-13,3,Cyanobacteria,2.2419574,2.2300131
2023-10-14,3,Cyanobacteria,3.478502,2.0699787
2023-10-15,3,Cyanobacteria,3.9786897,1.9924563
2023-10-16,3,Cyanobacteria,2.291187,2.4398057
2023-10-17,3,Cyanobacteria,2.2361436,2.994996
2023-10-18,3,Cyanobacteria,3.1238363,3.2082236
2023-10-19,3,Cyanobacteria,3.5173097,2.4858387
2023-10-20,3,Cyanobacteria,3.7166374,2.64508
2023-10-21,3,Cyanobacteria,2.9234288,3.0548215
2023-10-22,3,Cyanobacteria,3.0309916,2.9984732
2023-10-23,3,Cyanobacteria,2.8510609,3.1028926
2023-10-24,3,Cyanobacteria,3.768123,3.0484526
2023-10-25,3,Cyanobacteria,5.941194,2.955738
2023-10-26,3,Cyanobacteria,4.4449563,3.0099814
2023-10-27,3,Cyanobacteria,4.763434,3.3845649
2023-10-28,3,Cyanobacteria,2.8690472,3.663202
2023-10-29,3,Cyanobacteria,2.7990034,3.3343248
2023-10-30,3,Cyanobacteria,2.6598368,3.5173583
2023-10-31,3,Cyanobacteria,3.064641,2.6410618
2023-11-01,3,Cyanobacteria,3.5453944,2.7679365
2023-11-02,3,Cyanobacteria,3.0826712,2.5370717
2023-11-03,3,Cyanobacteria,3.453603,2.846401
2023-11-04,3,Cyanobacteria,2.4549444,2.90235
2023-11-05,3,Cyanobacteria,3.4141028,2.7050164
2023-11-06,3,Cyanobacteria,3.7630842,3.0869792
2023-11-07,3,Cyanobacteria,2.8241215,2.1965115
2023-11-08,3,Cyanobacteria,1.6250529,2.8023138
2023-11-09,3,Cyanobacteria,1.9600605,2.895071
2023-11-10,3,Cyanobacteria,2.4557483,2.1889377
2023-11-11,3,Cyanobacteria,1.7682997,1.6435297
2023-11-12,3,Cyanobacteria,1.8357332,2.1381125
2023-11-13,3,Cyanobacteria,1.5355757,2.3347702
2023-11-14,3,Cyanobacteria,1.4568228,1.8827281
2023-11-15,3,Cyanobacteria,1.3942672,1.995807
2023-11-16,3,Cyanobacteria,1.4696076,1.7555888
2023-11-17,3,Cyanobacteria,1.5879126,1.7996308
2023-11-18,3,Cyanobacteria,1.8608291,1.6538295
2023-11-19,3,Cyanobacteria,1.7472198,1.7922895
2023-11-20,3,Cyanobacteria,2.048946,1.848566
2023-11-21,3,Cyanobacteria,2.0148678,2.0933657
2023-11-22,3,Cyanobacteria,2.2934241,1.8973668
2023-11-23,3,Cyanobacteria,3.542967,2.2283638
2023-11-24,3,Cyanobacteria,2.294738,2.2382762
2023-11-25,3,Cyanobacteria,1.8379765,2.2907197
2023-11-26,3,Cyanobacteria,1.510859,2.6184373
2023-11-27,3,Cyanobacteria,1.4485191,1.863724
2023-11-28,3,Cyanobacteria,1.7754028,1.7363642
2023-11-29,3,Cyanobacteria,1.1889424,1.5973198
2023-11-30,3,Cyanobacteria,4.1997676,1.6472272
2023-12-01,3,Cyanobacteria,2.7477224,1.9141676
2023-12-02,3,Cyanobacteria,2.1429226,1.5759901
2023-12-03,3,Cyanobacteria,2.1683147,2.6450183
2023-12-04,3,Cyanobacteria,1.8719982,2.2835982
2023-12-05,3,Cyanobacteria,2.7758234,2.1023326
2023-12-06,3,Cyanobacteria,2.8993187,1.958715
2023-12-07,3,Cyanobacteria,2.0482368,1.6404407
2023-12-08,3,Cyanobacteria,1.585169,2.2188618
2023-12-09,3,Cyanobacteria,2.0673146,2.303675
2023-12-10,3,Cyanobacteria,1.7040033,2.0331821
2023-12-11,3,Cyanobacteria,2.2543254,1.6727763
2023-12-12,3,Cyanobacteria,2.8514695,2.0784338
2023-12-13,3,Cyanobacteria,2.631844,1.763764
2023-12-14,3,Cyanobacteria,2.930671,2.1594956
2023-12-15,3,Cyanobacteria,4.081218,2.4896219
2023-12-16,3,Cyanobacteria,2.122142,2.2678187
2023-12-17,3,Cyanobacteria,1.3384718,2.2721229
2023-12-18,3,Cyanobacteria,1.4121481,2.8241525
2023-12-19,3,Cyanobacteria,1.8288468,1.7445483
2023-12-20,3,Cyanobacteria,1.4450092,1.3785592
2023-12-21,3,Cyanobacteria,1.3191619,1.3989102
2023-12-22,3,Cyanobacteria,1.6237926,1.8500456
2023-12-23,3,Cyanobacteria,1.574842,1.5057386
2023-12-24,3,Cyanobacteria,1.5136062,1.4233745
2023-12-25,3,Cyanobacteria,1.7450206,1.5766551
2023-12-26,3,Cyanobacteria,3.017767,1.5030172
2023-12-27,3,Cyanobacteria,3.659146,1.4510756
2023-12-28,3,Cyanobacteria,2.284695,1.6332855
2023-12-29,3,Cyanobacteria,1.6734831,2.2950442
