date,horizon,target,true_value,pred_value
2020-10-28,1,Cyanobacteria,2.785,2.0519748
2020-10-29,1,Cyanobacteria,1.9198873,2.308549
2020-10-30,1,Cyanobacteria,0.9165894,1.7567248
2020-10-31,1,Cyanobacteria,1.3927351,1.0037652
2020-11-01,1,Cyanobacteria,1.3244635,1.3957251
2020-11-02,1,Cyanobacteria,1.4207313,1.3620493
2020-11-03,1,Cyanobacteria,1.6778421,1.4035128
2020-11-04,1,Cyanobacteria,1.990452,1.5650183
2020-11-05,1,Cyanobacteria,2.022165,1.7600118
2020-11-06,1,Cyanobacteria,2.008798,1.7310473
2020-11-07,1,Cyanobacteria,1.885076,1.7463607
2020-11-08,1,Cyanobacteria,1.9127102,1.627333
2020-11-09,1,Cyanobacteria,1.7077882,1.5178205
2020-11-10,1,Cyanobacteria,1.6468678,1.4506732
2020-11-11,1,Cyanobacteria,1.6813062,1.3919528
2020-11-12,1,Cyanobacteria,1.9224818,1.4264103
2020-11-13,1,Cyanobacteria,1.6967794,1.5846567
2020-11-14,1,Cyanobacteria,2.2499926,1.4788197
2020-11-15,1,Cyanobacteria,2.0681548,1.8410213
2020-11-16,1,Cyanobacteria,1.7629341,1.576129
2020-11-17,1,Cyanobacteria,1.6316327,1.4729762
2020-11-18,1,Cyanobacteria,1.4976882,1.3601174
2020-11-19,1,Cyanobacteria,1.2110482,1.365172
2020-11-20,1,Cyanobacteria,1.6200837,1.1554341
2020-11-21,1,Cyanobacteria,1.108683,1.4276742
2020-11-22,1,Cyanobacteria,1.0693725,1.0412865
2020-11-23,1,Cyanobacteria,1.2781522,0.9857228
2020-11-24,1,Cyanobacteria,1.5949926,1.2173939
2020-11-25,1,Cyanobacteria,1.621545,1.4533988
2020-11-26,1,Cyanobacteria,0.6157164,1.4537159
2020-11-27,1,Cyanobacteria,1.1531911,0.7653071
2020-11-28,1,Cyanobacteria,1.334508,1.133141
2020-11-29,1,Cyanobacteria,1.2755716,1.2855445
2020-11-30,1,Cyanobacteria,1.4539436,1.2679349
2020-12-01,1,Cyanobacteria,1.416155,1.3815006
2020-12-02,1,Cyanobacteria,1.3794355,1.4106126
2020-12-03,1,Cyanobacteria,1.5929089,1.3781402
2020-12-04,1,Cyanobacteria,1.6844646,1.5529197
2020-12-05,1,Cyanobacteria,1.6305789,1.6876038
2020-12-06,1,Cyanobacteria,1.537851,1.5363027
2020-12-07,1,Cyanobacteria,1.4415424,1.5211545
2020-12-08,1,Cyanobacteria,1.3017017,1.3587028
2020-12-09,1,Cyanobacteria,1.1760101,1.2942636
2020-12-10,1,Cyanobacteria,1.2858943,1.1693327
2020-12-11,1,Cyanobacteria,1.2478929,1.2610965
2020-12-12,1,Cyanobacteria,1.1700652,1.2249227
2020-12-13,1,Cyanobacteria,0.7562853,1.1269183
2020-12-14,1,Cyanobacteria,1.4720767,0.87793744
2020-12-15,1,Cyanobacteria,1.6189508,1.468996
2020-12-16,1,Cyanobacteria,1.7228365,1.4876302
2020-12-17,1,Cyanobacteria,1.7015278,1.5419567
2020-12-18,1,Cyanobacteria,1.5606419,1.4188333
2020-12-19,1,Cyanobacteria,1.410767,1.3596482
2020-12-20,1,Cyanobacteria,1.231288,1.2766064
2020-12-21,1,Cyanobacteria,1.0281318,1.1063718
2020-12-22,1,Cyanobacteria,0.94908035,0.98709524
2020-12-23,1,Cyanobacteria,0.5109782,0.95460975
2020-12-24,1,Cyanobacteria,0.7968573,0.7212387
2020-12-25,1,Cyanobacteria,0.9004562,0.8848136
2020-12-26,1,Cyanobacteria,1.0766836,1.0097396
2020-12-27,1,Cyanobacteria,0.95042,1.0758349
2020-12-28,1,Cyanobacteria,0.5107458,0.9474926
2020-12-29,1,Cyanobacteria,0.2183068,0.6660232
2020-12-30,1,Cyanobacteria,1.2127858,0.45456022
2020-12-31,1,Cyanobacteria,0.92782927,1.0535699
2021-01-01,1,Cyanobacteria,1.2508177,0.9874995
2021-01-02,1,Cyanobacteria,1.2944026,1.161858
2021-01-03,1,Cyanobacteria,1.232453,1.2010976
2021-01-04,1,Cyanobacteria,1.0558363,1.112201
2021-01-05,1,Cyanobacteria,1.1140188,0.9635037
2021-01-06,1,Cyanobacteria,1.0396379,0.98792243
2021-01-07,1,Cyanobacteria,1.0007603,0.9255378
2021-01-08,1,Cyanobacteria,1.133749,0.89651847
2021-01-09,1,Cyanobacteria,1.1601809,0.97603005
2021-01-10,1,Cyanobacteria,1.2568814,0.97738516
2021-01-11,1,Cyanobacteria,1.1985952,1.0221761
2021-01-12,1,Cyanobacteria,1.1570984,1.0058365
2021-01-13,1,Cyanobacteria,1.1095513,0.99276346
2021-01-14,1,Cyanobacteria,1.023268,0.9315349
2021-01-15,1,Cyanobacteria,0.7892397,0.8859172
2021-01-16,1,Cyanobacteria,0.5160029,0.70155454
2021-01-17,1,Cyanobacteria,0.6644501,0.59378844
2021-01-18,1,Cyanobacteria,0.72609264,0.66249204
2021-01-19,1,Cyanobacteria,0.80248195,0.7669095
2021-01-20,1,Cyanobacteria,0.5337771,0.8105451
2021-01-21,1,Cyanobacteria,0.47094068,0.7296236
2021-01-22,1,Cyanobacteria,0.73403335,0.47694692
2021-01-23,1,Cyanobacteria,0.5746165,0.7683049
2021-01-24,1,Cyanobacteria,0.9917221,0.7236008
2021-01-25,1,Cyanobacteria,0.90726936,1.2088598
2021-01-26,1,Cyanobacteria,1.368466,1.2489635
2021-01-27,1,Cyanobacteria,1.1996093,1.3204263
2021-01-28,1,Cyanobacteria,1.1409117,1.0693648
2021-01-29,1,Cyanobacteria,1.1614038,1.1083075
2021-01-30,1,Cyanobacteria,0.9247902,1.1865188
2021-01-31,1,Cyanobacteria,0.8163143,0.9545849
2021-02-01,1,Cyanobacteria,0.68247646,0.79695266
2021-02-02,1,Cyanobacteria,0.7478566,0.63206893
2021-02-03,1,Cyanobacteria,0.9111803,0.6340557
2021-02-04,1,Cyanobacteria,0.80073136,0.78534424
2021-02-05,1,Cyanobacteria,0.7012689,0.76522976
2021-02-06,1,Cyanobacteria,0.6910789,0.6665412
2021-02-07,1,Cyanobacteria,0.677118,0.6208865
2021-02-08,1,Cyanobacteria,0.8998841,0.5550762
2021-02-09,1,Cyanobacteria,0.6313663,0.6797914
2021-02-10,1,Cyanobacteria,0.74432606,0.59518784
2021-02-11,1,Cyanobacteria,0.8625417,0.6915247
2021-02-12,1,Cyanobacteria,0.97663283,0.7130218
2021-02-13,1,Cyanobacteria,0.55862415,0.6994398
2021-02-14,1,Cyanobacteria,0.37615052,0.52294314
2021-02-15,1,Cyanobacteria,0.6475181,0.40654764
2021-02-16,1,Cyanobacteria,0.53772795,0.52287495
2021-02-17,1,Cyanobacteria,0.71482635,0.5290324
2021-02-18,1,Cyanobacteria,0.59031117,0.7117943
2021-02-19,1,Cyanobacteria,0.70318836,0.713106
2021-02-20,1,Cyanobacteria,0.69292545,0.7643679
2021-02-21,1,Cyanobacteria,0.635275,0.7318498
2021-02-22,1,Cyanobacteria,0.7406807,0.6225414
2021-02-23,1,Cyanobacteria,0.875916,0.6686268
2021-02-24,1,Cyanobacteria,0.83096313,0.7756293
2021-02-25,1,Cyanobacteria,0.85622466,0.73665774
2021-02-26,1,Cyanobacteria,1.0751342,0.73571706
2021-02-27,1,Cyanobacteria,1.2290095,0.89387226
2021-02-28,1,Cyanobacteria,1.2229925,0.97873545
2021-03-01,1,Cyanobacteria,1.253146,0.9733459
2021-03-02,1,Cyanobacteria,1.3632498,1.0851861
2021-03-03,1,Cyanobacteria,0.8552822,1.1927837
2021-03-04,1,Cyanobacteria,1.1125977,0.82247245
2021-03-05,1,Cyanobacteria,0.81280756,1.0474164
2021-03-06,1,Cyanobacteria,0.8352894,0.92284757
2021-03-07,1,Cyanobacteria,0.7107815,0.7823598
2021-03-08,1,Cyanobacteria,0.8574656,0.7856135
2021-03-09,1,Cyanobacteria,0.77764106,0.8395255
2021-03-10,1,Cyanobacteria,0.89971054,0.7526205
2021-03-11,1,Cyanobacteria,0.7533502,0.78736496
2021-03-12,1,Cyanobacteria,0.3883647,0.70650685
2021-03-13,1,Cyanobacteria,0.3952388,0.3975181
2021-03-14,1,Cyanobacteria,1.1506295,0.41943648
2021-03-15,1,Cyanobacteria,1.0597106,1.2181228
2021-03-16,1,Cyanobacteria,1.0960565,1.1532477
2021-03-17,1,Cyanobacteria,1.274508,1.121509
2021-03-18,1,Cyanobacteria,1.3935528,1.2690977
2021-03-19,1,Cyanobacteria,1.3325905,1.282716
2021-03-20,1,Cyanobacteria,1.3198698,1.2307004
2021-03-21,1,Cyanobacteria,1.3761505,1.2663815
2021-03-22,1,Cyanobacteria,1.1251593,1.3896374
2021-03-23,1,Cyanobacteria,0.9094642,1.0060983
2021-03-24,1,Cyanobacteria,1.1613843,0.99101216
2021-03-25,1,Cyanobacteria,1.0459361,1.2259828
2021-03-26,1,Cyanobacteria,0.8975687,1.0825312
2021-03-27,1,Cyanobacteria,0.6828747,0.9325623
2021-03-28,1,Cyanobacteria,0.7303548,0.74019784
2021-03-29,1,Cyanobacteria,0.41225198,0.78776383
2021-03-30,1,Cyanobacteria,0.111810274,0.5612662
2021-03-31,1,Cyanobacteria,0.5293086,0.39295664
2021-04-01,1,Cyanobacteria,1.298798,0.7712027
2021-04-02,1,Cyanobacteria,1.4947647,1.3415136
2021-04-03,1,Cyanobacteria,1.5875887,1.3926278
2021-04-04,1,Cyanobacteria,1.6624764,1.3919454
2021-04-05,1,Cyanobacteria,1.5121635,1.4128293
2021-04-06,1,Cyanobacteria,1.4354631,1.3122765
2021-04-07,1,Cyanobacteria,1.4178132,1.2558777
2021-04-08,1,Cyanobacteria,1.4679812,1.2565123
2021-04-09,1,Cyanobacteria,1.3545152,1.3896813
2021-04-10,1,Cyanobacteria,1.2440883,1.1979263
2021-04-11,1,Cyanobacteria,1.0756367,1.1079388
2021-04-12,1,Cyanobacteria,0.7194786,1.0183055
2021-04-13,1,Cyanobacteria,0.7790297,0.81586593
2021-04-14,1,Cyanobacteria,0.8630123,0.85616994
2021-04-15,1,Cyanobacteria,0.56722665,0.9210325
2021-04-16,1,Cyanobacteria,1.0409226,0.792659
2021-04-17,1,Cyanobacteria,0.69225204,1.0221016
2021-04-18,1,Cyanobacteria,1.2849385,0.8078675
2021-04-19,1,Cyanobacteria,1.2466329,1.1670645
2021-04-20,1,Cyanobacteria,1.3180811,1.1642121
2021-04-21,1,Cyanobacteria,1.1071904,1.2267867
2021-04-22,1,Cyanobacteria,0.6878566,1.0550708
2021-04-23,1,Cyanobacteria,0.5611079,0.7337173
2021-04-24,1,Cyanobacteria,0.8025344,0.62077945
2021-04-25,1,Cyanobacteria,0.78728455,0.89784825
2021-04-26,1,Cyanobacteria,1.6280825,1.0909988
2021-04-27,1,Cyanobacteria,1.9490377,1.5285633
2021-04-28,1,Cyanobacteria,1.6121202,1.6369137
2021-04-29,1,Cyanobacteria,1.4643126,1.5366533
2021-04-30,1,Cyanobacteria,1.5555934,1.2671185
2021-05-01,1,Cyanobacteria,1.5656585,1.4015366
2021-05-02,1,Cyanobacteria,1.2381549,1.468462
2021-05-03,1,Cyanobacteria,1.0236812,1.1963968
2021-05-04,1,Cyanobacteria,1.7144799,1.0478578
2021-05-05,1,Cyanobacteria,1.3347807,1.2929024
2021-05-06,1,Cyanobacteria,1.2243872,1.1693126
2021-05-07,1,Cyanobacteria,1.3597454,1.2468628
2021-05-08,1,Cyanobacteria,1.0678822,1.3413985
2021-05-09,1,Cyanobacteria,1.0264472,1.2144221
2021-05-10,1,Cyanobacteria,0.76781476,1.2493392
2021-05-11,1,Cyanobacteria,0.6906947,1.1035482
2021-05-12,1,Cyanobacteria,1.008741,1.0929943
2021-05-13,1,Cyanobacteria,1.2948915,1.4179024
2021-05-14,1,Cyanobacteria,2.0710855,1.3700515
2021-05-15,1,Cyanobacteria,2.2474167,1.9205248
2021-05-16,1,Cyanobacteria,1.9920912,1.9943149
2021-05-17,1,Cyanobacteria,1.6489002,1.8103719
2021-05-18,1,Cyanobacteria,1.794537,1.5924538
2021-05-19,1,Cyanobacteria,2.0734396,1.7448469
2021-05-20,1,Cyanobacteria,2.1479883,1.9965084
2021-05-21,1,Cyanobacteria,2.0209045,2.1428149
2021-05-22,1,Cyanobacteria,2.2535193,2.05894
2021-05-23,1,Cyanobacteria,2.2723534,2.30741
2021-05-24,1,Cyanobacteria,2.63233,2.289485
2021-05-25,1,Cyanobacteria,2.3065703,2.5943148
2021-05-26,1,Cyanobacteria,1.9421636,2.188317
2021-05-27,1,Cyanobacteria,2.2319682,1.9668123
2021-05-28,1,Cyanobacteria,4.1579432,2.63377
2021-05-29,1,Cyanobacteria,4.3492618,3.7056863
2021-05-30,1,Cyanobacteria,2.6183937,3.6680753
2021-05-31,1,Cyanobacteria,2.6154816,2.6884212
2021-06-01,1,Cyanobacteria,5.352636,2.635432
2021-06-02,1,Cyanobacteria,4.717726,3.987306
2021-06-03,1,Cyanobacteria,2.962998,3.575482
2021-06-04,1,Cyanobacteria,3.0213976,2.8281653
2021-06-05,1,Cyanobacteria,2.9233599,2.931744
2021-06-06,1,Cyanobacteria,2.5688848,2.6928117
2021-06-07,1,Cyanobacteria,2.928039,2.5162475
2021-06-08,1,Cyanobacteria,2.7149856,2.7824266
2021-06-09,1,Cyanobacteria,2.3156078,2.7555363
2021-06-10,1,Cyanobacteria,2.2857888,2.269216
2021-06-11,1,Cyanobacteria,2.4744864,2.288466
2021-06-12,1,Cyanobacteria,3.0040839,2.408584
2021-06-13,1,Cyanobacteria,4.336705,2.7113218
2021-06-14,1,Cyanobacteria,3.6870964,3.3016443
2021-06-15,1,Cyanobacteria,1.1724981,3.000556
2021-06-16,1,Cyanobacteria,0.89654595,1.6374775
2021-06-17,1,Cyanobacteria,1.6896162,1.4433374
2021-06-18,1,Cyanobacteria,3.3528886,2.1874802
2021-06-19,1,Cyanobacteria,3.2436857,3.056943
2021-06-20,1,Cyanobacteria,3.6387465,3.1009822
2021-06-21,1,Cyanobacteria,2.835984,3.388828
2021-06-22,1,Cyanobacteria,1.9431771,2.8536246
2021-06-23,1,Cyanobacteria,2.2497613,2.2532883
2021-06-24,1,Cyanobacteria,2.3033574,2.5701258
2021-06-25,1,Cyanobacteria,1.9838712,2.2119455
2021-06-26,1,Cyanobacteria,2.2046309,2.1154108
2021-06-27,1,Cyanobacteria,4.0340667,2.5147066
2021-06-28,1,Cyanobacteria,5.868067,3.879976
2021-06-29,1,Cyanobacteria,5.3050866,4.660106
2021-06-30,1,Cyanobacteria,4.742106,4.1315703
2021-07-01,1,Cyanobacteria,3.2076483,3.8072646
2021-07-02,1,Cyanobacteria,3.4847536,2.7762477
2021-07-03,1,Cyanobacteria,4.0390015,3.1894484
2021-07-04,1,Cyanobacteria,3.948705,3.4734142
2021-07-05,1,Cyanobacteria,4.7784224,3.2178252
2021-07-06,1,Cyanobacteria,4.2812166,3.5672717
2021-07-07,1,Cyanobacteria,3.7561839,3.2172396
2021-07-08,1,Cyanobacteria,3.5484276,2.6943352
2021-07-09,1,Cyanobacteria,2.1638117,2.571886
2021-07-10,1,Cyanobacteria,1.9270601,1.6797581
2021-07-11,1,Cyanobacteria,1.9104345,1.6265142
2021-07-12,1,Cyanobacteria,2.2324965,1.663168
2021-07-13,1,Cyanobacteria,2.087728,1.9389007
2021-07-14,1,Cyanobacteria,1.2980666,1.8594663
2021-07-15,1,Cyanobacteria,1.3932489,1.3409501
2021-07-16,1,Cyanobacteria,1.2500651,1.537244
2021-07-17,1,Cyanobacteria,0.43407384,1.4176525
2021-07-18,1,Cyanobacteria,1.2796165,0.85334283
2021-07-19,1,Cyanobacteria,1.8222448,1.5096456
2021-07-20,1,Cyanobacteria,2.0859232,2.058106
2021-07-21,1,Cyanobacteria,1.8950905,2.2954736
2021-07-22,1,Cyanobacteria,2.1339176,2.07376
2021-07-23,1,Cyanobacteria,2.1493194,2.1816797
2021-07-24,1,Cyanobacteria,4.662006,2.2519042
2021-07-25,1,Cyanobacteria,3.9590297,3.6203754
2021-07-26,1,Cyanobacteria,4.2673516,3.2035942
2021-07-27,1,Cyanobacteria,4.232916,3.7294168
2021-07-28,1,Cyanobacteria,2.8703907,3.687734
2021-07-29,1,Cyanobacteria,2.1993053,2.7049432
2021-07-30,1,Cyanobacteria,2.0899277,2.2664511
2021-07-31,1,Cyanobacteria,2.1685455,2.071396
2021-08-01,1,Cyanobacteria,3.3460565,2.4779954
2021-08-02,1,Cyanobacteria,5.6828313,3.395818
2021-08-03,1,Cyanobacteria,4.7732515,4.313876
2021-08-04,1,Cyanobacteria,4.0578346,4.0526347
2021-08-05,1,Cyanobacteria,5.5061984,3.8956997
2021-08-06,1,Cyanobacteria,5.3274107,4.262297
2021-08-07,1,Cyanobacteria,5.148622,3.9851956
2021-08-08,1,Cyanobacteria,3.2820683,4.077336
2021-08-09,1,Cyanobacteria,2.7275743,2.9392319
2021-08-10,1,Cyanobacteria,2.468589,2.5766685
2021-08-11,1,Cyanobacteria,2.8743272,2.2534454
2021-08-12,1,Cyanobacteria,2.9775615,2.7204058
2021-08-13,1,Cyanobacteria,2.9190001,2.6430979
2021-08-14,1,Cyanobacteria,2.5640225,2.6254342
2021-08-15,1,Cyanobacteria,2.6541495,2.3956256
2021-08-16,1,Cyanobacteria,2.9796264,2.518012
2021-08-17,1,Cyanobacteria,3.3871398,2.4538352
2021-08-18,1,Cyanobacteria,2.8336039,2.7465153
2021-08-19,1,Cyanobacteria,1.4002497,2.6941829
2021-08-20,1,Cyanobacteria,2.1858518,1.9042244
2021-08-21,1,Cyanobacteria,3.8102813,2.495537
2021-08-22,1,Cyanobacteria,4.623089,3.1841238
2021-08-23,1,Cyanobacteria,3.8476396,3.905099
2021-08-24,1,Cyanobacteria,3.6913338,3.5726953
2021-08-25,1,Cyanobacteria,5.2736855,3.3608203
2021-08-26,1,Cyanobacteria,5.886749,4.17861
2021-08-27,1,Cyanobacteria,6.328652,4.0274515
2021-08-28,1,Cyanobacteria,5.913598,4.029535
2021-08-29,1,Cyanobacteria,5.4985447,3.7927651
2021-08-30,1,Cyanobacteria,4.998421,3.4358933
2021-08-31,1,Cyanobacteria,3.173958,3.3760343
2021-09-01,1,Cyanobacteria,2.4867873,2.2387185
2021-09-02,1,Cyanobacteria,2.2553763,2.0506923
2021-09-03,1,Cyanobacteria,2.089725,2.0408974
2021-09-04,1,Cyanobacteria,2.1701736,1.9560108
2021-09-05,1,Cyanobacteria,2.752026,2.1174335
2021-09-06,1,Cyanobacteria,2.4418018,2.5708835
2021-09-07,1,Cyanobacteria,2.3925562,2.2118711
2021-09-08,1,Cyanobacteria,2.2696092,2.3752887
2021-09-09,1,Cyanobacteria,3.9620116,2.2884996
2021-09-10,1,Cyanobacteria,3.368864,3.3020437
2021-09-11,1,Cyanobacteria,3.444725,3.2327378
2021-09-12,1,Cyanobacteria,4.387453,3.3036582
2021-09-13,1,Cyanobacteria,3.7823026,3.6360958
2021-09-14,1,Cyanobacteria,3.6403475,3.42195
2021-09-15,1,Cyanobacteria,3.4074223,3.303548
2021-09-16,1,Cyanobacteria,2.904714,2.8665578
2021-09-17,1,Cyanobacteria,2.246401,2.4302187
2021-09-18,1,Cyanobacteria,1.8525054,2.011507
2021-09-19,1,Cyanobacteria,1.9603258,1.7704616
2021-09-20,1,Cyanobacteria,1.8784577,1.7494162
2021-09-21,1,Cyanobacteria,1.6022085,1.7591
2021-09-22,1,Cyanobacteria,1.6334975,1.6323426
2021-09-23,1,Cyanobacteria,1.6335725,1.9941248
2021-09-24,1,Cyanobacteria,1.7263433,1.9265941
2021-09-25,1,Cyanobacteria,1.7499204,1.913429
2021-09-26,1,Cyanobacteria,1.902614,1.8574421
2021-09-27,1,Cyanobacteria,1.9976249,1.980556
2021-09-28,1,Cyanobacteria,2.0052354,1.8669826
2021-09-29,1,Cyanobacteria,1.9031209,1.9273195
2021-09-30,1,Cyanobacteria,2.1214771,1.8193395
2021-10-01,1,Cyanobacteria,1.6440406,1.9241197
2021-10-02,1,Cyanobacteria,1.4304897,1.5037453
2021-10-03,1,Cyanobacteria,1.5464485,1.3692338
2021-10-04,1,Cyanobacteria,1.6624073,1.5324131
2021-10-05,1,Cyanobacteria,1.7783661,1.6590602
2021-10-06,1,Cyanobacteria,1.8943249,1.8257196
2021-10-07,1,Cyanobacteria,2.0102837,1.9805621
2021-10-08,1,Cyanobacteria,2.1262426,1.8826046
2021-10-09,1,Cyanobacteria,2.2422013,1.9018873
2021-10-10,1,Cyanobacteria,2.3581603,2.087271
2021-10-11,1,Cyanobacteria,2.474119,2.2971551
2021-10-12,1,Cyanobacteria,2.5900779,2.3260155
2021-10-13,1,Cyanobacteria,2.376394,2.4818501
2021-10-14,1,Cyanobacteria,2.2953513,2.2300754
2021-10-15,1,Cyanobacteria,4.095699,2.234127
2021-10-16,1,Cyanobacteria,5.2911153,3.7417116
2021-10-17,1,Cyanobacteria,3.2535,3.8082242
2021-10-18,1,Cyanobacteria,3.1076484,2.5822983
2021-10-19,1,Cyanobacteria,2.6348336,2.5376067
2021-10-20,1,Cyanobacteria,2.2041533,2.2019515
2021-10-21,1,Cyanobacteria,2.0151665,1.9853795
2021-10-22,1,Cyanobacteria,1.8319536,1.8814166
2021-10-23,1,Cyanobacteria,1.7161505,1.491869
2021-10-24,1,Cyanobacteria,1.7125037,1.4959948
2021-10-25,1,Cyanobacteria,1.5120782,1.5355043
2021-10-26,1,Cyanobacteria,1.6121708,1.3433448
2021-10-27,1,Cyanobacteria,1.3440738,1.4266334
2021-10-28,1,Cyanobacteria,1.1399204,1.2577212
2021-10-29,1,Cyanobacteria,1.698126,1.1691266
2021-10-30,1,Cyanobacteria,2.3341606,1.5774169
2021-10-31,1,Cyanobacteria,1.9348481,1.8806455
2021-11-01,1,Cyanobacteria,1.7935673,1.6329578
2021-11-02,1,Cyanobacteria,1.2920767,1.4470451
2021-11-03,1,Cyanobacteria,1.3757019,1.1584585
2021-11-04,1,Cyanobacteria,1.350919,1.3356322
2021-11-05,1,Cyanobacteria,1.281809,1.3056839
2021-11-06,1,Cyanobacteria,1.0622793,1.1790029
2021-11-07,1,Cyanobacteria,0.91401154,1.0012041
2021-11-08,1,Cyanobacteria,1.5847178,0.90215755
2021-11-09,1,Cyanobacteria,1.2513965,1.4146178
2021-11-10,1,Cyanobacteria,1.065916,1.1969777
2021-11-11,1,Cyanobacteria,1.2520332,1.0522133
2021-11-12,1,Cyanobacteria,1.2013613,1.1575862
2021-11-13,1,Cyanobacteria,1.2783864,1.1040512
2021-11-14,1,Cyanobacteria,1.3271418,1.1339569
2021-11-15,1,Cyanobacteria,1.343092,1.1894776
2021-11-16,1,Cyanobacteria,1.420963,1.2077073
2021-11-17,1,Cyanobacteria,1.2887958,1.273465
2021-11-18,1,Cyanobacteria,1.3203533,1.1497862
2021-11-19,1,Cyanobacteria,1.3825127,1.174842
2021-11-20,1,Cyanobacteria,1.2764591,1.2960814
2021-11-21,1,Cyanobacteria,1.1090586,1.2388477
2021-11-22,1,Cyanobacteria,1.129356,1.1058
2021-11-23,1,Cyanobacteria,1.2800362,1.289431
2021-11-24,1,Cyanobacteria,1.1554124,1.4011403
2021-11-25,1,Cyanobacteria,1.1848153,1.2338744
2021-11-26,1,Cyanobacteria,1.2934299,1.2321495
2021-11-27,1,Cyanobacteria,1.2571418,1.3183224
2021-11-28,1,Cyanobacteria,1.2306077,1.2958901
2021-11-29,1,Cyanobacteria,1.0336133,1.2621307
2021-11-30,1,Cyanobacteria,0.86162925,1.0588824
2021-12-01,1,Cyanobacteria,1.5704707,0.9153655
2021-12-02,1,Cyanobacteria,1.5914989,1.5493255
2021-12-03,1,Cyanobacteria,1.3629906,1.5396752
2021-12-04,1,Cyanobacteria,1.3497757,1.2729951
2021-12-05,1,Cyanobacteria,1.1732706,1.1480802
2021-12-06,1,Cyanobacteria,1.1404066,1.0288054
2021-12-07,1,Cyanobacteria,1.1583865,1.0195535
2021-12-08,1,Cyanobacteria,1.128018,1.0289252
2021-12-09,1,Cyanobacteria,0.9754814,1.0204606
2021-12-10,1,Cyanobacteria,1.0479378,0.9338997
2021-12-11,1,Cyanobacteria,0.8021346,0.9785499
2021-12-12,1,Cyanobacteria,0.8941274,0.7863539
2021-12-13,1,Cyanobacteria,0.6927569,0.8476636
2021-12-14,1,Cyanobacteria,0.43221417,0.6953378
2021-12-15,1,Cyanobacteria,0.36057928,0.46448252
2021-12-16,1,Cyanobacteria,0.40863866,0.3933433
2021-12-17,1,Cyanobacteria,0.9727516,0.46879578
2021-12-18,1,Cyanobacteria,0.9826068,0.94974566
2021-12-19,1,Cyanobacteria,0.9490369,0.9514326
2021-12-20,1,Cyanobacteria,1.178531,0.91409695
2021-12-21,1,Cyanobacteria,1.2478871,1.0984187
2021-12-22,1,Cyanobacteria,1.3445659,1.096106
2021-12-23,1,Cyanobacteria,0.59661365,1.2673104
2021-12-24,1,Cyanobacteria,0.46170765,0.67077136
2021-12-25,1,Cyanobacteria,0.85164493,0.47687045
2021-12-26,1,Cyanobacteria,0.97535455,0.77304655
2021-12-27,1,Cyanobacteria,0.95947784,0.92962795
2021-12-28,1,Cyanobacteria,0.76329446,0.9235752
2021-12-29,1,Cyanobacteria,0.85634834,0.7366473
2021-12-30,1,Cyanobacteria,0.6464471,0.80125946
2021-12-31,1,Cyanobacteria,0.90151423,0.59469515
2022-01-01,1,Cyanobacteria,0.776013,0.8732669
2022-01-02,1,Cyanobacteria,0.83620113,0.83408666
2022-01-03,1,Cyanobacteria,0.80412745,0.8827154
2022-01-04,1,Cyanobacteria,0.6765098,0.88627005
2022-01-05,1,Cyanobacteria,0.4595076,0.7819861
2022-01-06,1,Cyanobacteria,0.19878344,0.6155798
2022-01-07,1,Cyanobacteria,0.67120206,0.46687216
2022-01-08,1,Cyanobacteria,0.95592326,0.9614096
2022-01-09,1,Cyanobacteria,0.9327444,1.2258115
2022-01-10,1,Cyanobacteria,1.0224385,1.0812529
2022-01-11,1,Cyanobacteria,2.1481042,1.2460651
2022-01-12,1,Cyanobacteria,1.6652243,1.9363071
2022-01-13,1,Cyanobacteria,1.291042,1.5468167
2022-01-14,1,Cyanobacteria,1.2574656,1.3230877
2022-01-15,1,Cyanobacteria,1.032084,1.2685274
2022-01-16,1,Cyanobacteria,0.9674892,1.067935
2022-01-17,1,Cyanobacteria,0.94616944,1.0033985
2022-01-18,1,Cyanobacteria,0.92269367,1.0648137
2022-01-19,1,Cyanobacteria,0.8611079,0.98465186
2022-01-20,1,Cyanobacteria,0.82545257,0.9310478
2022-01-21,1,Cyanobacteria,0.8182259,0.87611455
2022-01-22,1,Cyanobacteria,1.1027879,0.85292685
2022-01-23,1,Cyanobacteria,0.7645185,1.0936296
2022-01-24,1,Cyanobacteria,1.7065123,0.7365558
2022-01-25,1,Cyanobacteria,0.64539075,1.3379949
2022-01-26,1,Cyanobacteria,0.76089376,0.83969736
2022-01-27,1,Cyanobacteria,0.5794614,0.8669417
2022-01-28,1,Cyanobacteria,0.7816709,0.8296199
2022-01-29,1,Cyanobacteria,0.8387186,0.918117
2022-01-30,1,Cyanobacteria,1.1281649,1.0820252
2022-01-31,1,Cyanobacteria,1.231159,1.3262708
2022-02-01,1,Cyanobacteria,1.4238236,1.3653547
2022-02-02,1,Cyanobacteria,1.3295317,1.477392
2022-02-03,1,Cyanobacteria,1.784645,1.4193194
2022-02-04,1,Cyanobacteria,1.5408581,1.7747635
2022-02-05,1,Cyanobacteria,1.3269008,1.6004121
2022-02-06,1,Cyanobacteria,1.6413742,1.4095575
2022-02-07,1,Cyanobacteria,1.3831661,1.7184278
2022-02-08,1,Cyanobacteria,1.1718699,1.5050703
2022-02-09,1,Cyanobacteria,1.0272319,1.3079083
2022-02-10,1,Cyanobacteria,0.8104344,1.0491444
2022-02-11,1,Cyanobacteria,1.0283359,0.81092334
2022-02-12,1,Cyanobacteria,0.6661383,1.2229139
2022-02-13,1,Cyanobacteria,0.37995383,0.8814048
2022-02-14,1,Cyanobacteria,0.6274094,0.6505664
2022-02-15,1,Cyanobacteria,0.6364919,0.6638843
2022-02-16,1,Cyanobacteria,0.35820666,0.81054926
2022-02-17,1,Cyanobacteria,0.08358897,0.5673347
2022-02-18,1,Cyanobacteria,0.010000016,0.31539288
2022-02-19,1,Cyanobacteria,0.3175398,0.5873841
2022-02-20,1,Cyanobacteria,1.462207,0.982681
2022-02-21,1,Cyanobacteria,1.7990876,2.1715913
2022-02-22,1,Cyanobacteria,1.8775308,2.0291612
2022-02-23,1,Cyanobacteria,2.0480778,1.9579848
2022-02-24,1,Cyanobacteria,1.9205097,1.9193653
2022-02-25,1,Cyanobacteria,1.7929416,1.9481397
2022-02-26,1,Cyanobacteria,1.6653734,1.8226019
2022-02-27,1,Cyanobacteria,1.5378052,1.6520158
2022-02-28,1,Cyanobacteria,1.4102371,1.5349903
2022-03-01,1,Cyanobacteria,1.1535721,1.4441452
2022-03-02,1,Cyanobacteria,0.7581607,1.2114747
2022-03-03,1,Cyanobacteria,0.4490297,0.7079971
2022-03-04,1,Cyanobacteria,0.2850868,0.40651202
2022-03-05,1,Cyanobacteria,0.06812587,0.31839064
2022-03-06,1,Cyanobacteria,0.120933406,0.06674316
2022-03-07,1,Cyanobacteria,0.05522464,0.07445868
2022-03-08,1,Cyanobacteria,0.50354815,0.13442376
2022-03-09,1,Cyanobacteria,0.66335267,0.6305164
2022-03-10,1,Cyanobacteria,0.40285924,0.57247233
2022-03-11,1,Cyanobacteria,0.014387229,0.28367934
2022-03-12,1,Cyanobacteria,0.015565208,-0.12772004
2022-03-13,1,Cyanobacteria,0.010000016,-0.056487232
2022-03-14,1,Cyanobacteria,0.010050719,0.13074833
2022-03-15,1,Cyanobacteria,0.010246022,0.23977719
2022-03-16,1,Cyanobacteria,0.036085412,0.2875673
2022-03-17,1,Cyanobacteria,0.21737875,0.5586848
2022-03-18,1,Cyanobacteria,0.42973912,0.60739964
2022-03-19,1,Cyanobacteria,0.7636884,0.9813624
2022-03-20,1,Cyanobacteria,1.1165409,1.3924398
2022-03-21,1,Cyanobacteria,1.9101883,1.7052559
2022-03-22,1,Cyanobacteria,2.1433985,2.2871091
2022-03-23,1,Cyanobacteria,2.1262445,2.3933969
2022-03-24,1,Cyanobacteria,1.9198624,2.3836923
2022-03-25,1,Cyanobacteria,1.8753512,2.3670669
2022-03-26,1,Cyanobacteria,1.8713034,2.904943
2022-03-27,1,Cyanobacteria,4.2593026,2.7255116
2022-03-28,1,Cyanobacteria,4.0173755,3.7449548
2022-03-29,1,Cyanobacteria,3.7754486,3.3986816
2022-03-30,1,Cyanobacteria,2.644808,3.2207506
2022-03-31,1,Cyanobacteria,2.3579507,2.3706195
2022-04-01,1,Cyanobacteria,2.3900943,2.2312312
2022-04-02,1,Cyanobacteria,2.480131,2.2270048
2022-04-03,1,Cyanobacteria,2.149906,2.6434975
2022-04-04,1,Cyanobacteria,1.8740696,2.1722126
2022-04-05,1,Cyanobacteria,1.7214473,1.7198083
2022-04-06,1,Cyanobacteria,1.5688252,1.5357791
2022-04-07,1,Cyanobacteria,1.2899711,1.5059252
2022-04-08,1,Cyanobacteria,1.008827,1.175448
2022-04-09,1,Cyanobacteria,1.0090086,0.9137179
2022-04-10,1,Cyanobacteria,0.6801231,0.7427504
2022-04-11,1,Cyanobacteria,0.4421845,0.42173254
2022-04-12,1,Cyanobacteria,0.20424601,0.27044404
2022-04-13,1,Cyanobacteria,0.16290368,0.16083294
2022-04-14,1,Cyanobacteria,0.13675833,0.16704357
2022-04-15,1,Cyanobacteria,0.0103894295,0.2542898
2022-04-16,1,Cyanobacteria,0.47120208,0.30903396
2022-04-17,1,Cyanobacteria,0.9320147,0.72422117
2022-04-18,1,Cyanobacteria,1.3928274,1.6633695
2022-04-19,1,Cyanobacteria,2.2509274,1.6861672
2022-04-20,1,Cyanobacteria,2.0586097,2.2010217
2022-04-21,1,Cyanobacteria,1.6260804,1.6376272
2022-04-22,1,Cyanobacteria,1.0518768,1.7168043
2022-04-23,1,Cyanobacteria,0.91195065,1.271848
2022-04-24,1,Cyanobacteria,1.1896162,1.210259
2022-04-25,1,Cyanobacteria,1.9769739,1.449039
2022-04-26,1,Cyanobacteria,1.4171904,2.571683
2022-04-27,1,Cyanobacteria,2.58336,1.8621998
2022-04-28,1,Cyanobacteria,2.152193,3.0405474
2022-04-29,1,Cyanobacteria,2.1626146,2.3985107
2022-04-30,1,Cyanobacteria,2.1730363,2.4344928
2022-05-01,1,Cyanobacteria,2.1815941,2.3009124
2022-05-02,1,Cyanobacteria,2.0878696,2.6082633
2022-05-03,1,Cyanobacteria,1.9130652,2.1956565
2022-05-04,1,Cyanobacteria,1.6117319,2.3056595
2022-05-05,1,Cyanobacteria,1.836971,1.7976481
2022-05-06,1,Cyanobacteria,2.0369325,1.7244691
2022-05-07,1,Cyanobacteria,1.9392464,1.7846171
2022-05-08,1,Cyanobacteria,1.3235699,1.6176289
2022-05-09,1,Cyanobacteria,2.890058,1.5729369
2022-05-10,1,Cyanobacteria,2.2893047,2.6715524
2022-05-11,1,Cyanobacteria,2.080232,2.3908737
2022-05-12,1,Cyanobacteria,2.0300615,2.3173485
2022-05-13,1,Cyanobacteria,2.7703042,2.3833542
2022-05-14,1,Cyanobacteria,3.278558,3.180995
2022-05-15,1,Cyanobacteria,3.915648,3.2952862
2022-05-16,1,Cyanobacteria,4.275109,3.5779364
2022-05-17,1,Cyanobacteria,2.8151412,3.2988808
2022-05-18,1,Cyanobacteria,2.0774837,2.3516638
2022-05-19,1,Cyanobacteria,1.9749783,1.8506415
2022-05-20,1,Cyanobacteria,1.7361549,2.123942
2022-05-21,1,Cyanobacteria,1.4398187,1.9232404
2022-05-22,1,Cyanobacteria,2.053594,1.637266
2022-05-23,1,Cyanobacteria,1.9373734,2.361449
2022-05-24,1,Cyanobacteria,1.7527878,2.1526532
2022-05-25,1,Cyanobacteria,1.9877247,2.0330997
2022-05-26,1,Cyanobacteria,1.7746773,1.9027549
2022-05-27,1,Cyanobacteria,2.4411938,2.2365208
2022-05-28,1,Cyanobacteria,3.1183374,2.8856223
2022-05-29,1,Cyanobacteria,3.795481,3.164588
2022-05-30,1,Cyanobacteria,4.472625,3.269984
2022-05-31,1,Cyanobacteria,5.1497684,4.013015
2022-06-01,1,Cyanobacteria,4.1820073,4.1146827
2022-06-02,1,Cyanobacteria,3.2975852,3.4935386
2022-06-03,1,Cyanobacteria,4.2176213,3.343575
2022-06-04,1,Cyanobacteria,6.272964,3.859467
2022-06-05,1,Cyanobacteria,4.386336,4.6316776
2022-06-06,1,Cyanobacteria,3.5452392,3.7447639
2022-06-07,1,Cyanobacteria,3.8714397,3.2486627
2022-06-08,1,Cyanobacteria,4.1976404,3.5143638
2022-06-09,1,Cyanobacteria,4.523841,3.6308126
2022-06-10,1,Cyanobacteria,4.8500414,3.8485966
2022-06-11,1,Cyanobacteria,5.176242,3.9779565
2022-06-12,1,Cyanobacteria,5.1198487,4.0829206
2022-06-13,1,Cyanobacteria,5.0634556,3.7713904
2022-06-14,1,Cyanobacteria,5.0070624,3.8288724
2022-06-15,1,Cyanobacteria,4.9506693,3.8531168
2022-06-16,1,Cyanobacteria,4.894276,3.956257
2022-06-17,1,Cyanobacteria,2.3731694,3.9725642
2022-06-18,1,Cyanobacteria,1.219232,1.9609174
2022-06-19,1,Cyanobacteria,0.9798187,0.9344532
2022-06-20,1,Cyanobacteria,0.78918177,0.90687543
2022-06-21,1,Cyanobacteria,0.83319336,1.0084283
2022-06-22,1,Cyanobacteria,1.5494641,1.1829659
2022-06-23,1,Cyanobacteria,4.7543416,2.129199
2022-06-24,1,Cyanobacteria,3.66243,4.252341
2022-06-25,1,Cyanobacteria,1.9184504,3.395335
2022-06-26,1,Cyanobacteria,2.8912816,1.9248711
2022-06-27,1,Cyanobacteria,2.743483,2.959972
2022-06-28,1,Cyanobacteria,2.3900073,2.4896479
2022-06-29,1,Cyanobacteria,2.7020102,2.316242
2022-06-30,1,Cyanobacteria,2.2068284,2.8754246
2022-07-01,1,Cyanobacteria,2.0284288,2.4041057
2022-07-02,1,Cyanobacteria,2.504562,2.1895738
2022-07-03,1,Cyanobacteria,2.6843994,2.654686
2022-07-04,1,Cyanobacteria,3.274656,2.7615693
2022-07-05,1,Cyanobacteria,3.1509414,3.2184145
2022-07-06,1,Cyanobacteria,3.4092262,3.0308483
2022-07-07,1,Cyanobacteria,2.602117,3.1522474
2022-07-08,1,Cyanobacteria,2.0531843,2.5071921
2022-07-09,1,Cyanobacteria,1.7956238,2.0068674
2022-07-10,1,Cyanobacteria,2.0568504,1.9210836
2022-07-11,1,Cyanobacteria,2.372128,2.2114964
2022-07-12,1,Cyanobacteria,2.6012175,2.595837
2022-07-13,1,Cyanobacteria,2.828348,2.8005679
2022-07-14,1,Cyanobacteria,3.8188338,2.920331
2022-07-15,1,Cyanobacteria,6.297978,4.0084777
2022-07-16,1,Cyanobacteria,5.4864035,4.872618
2022-07-17,1,Cyanobacteria,6.516273,4.45564
2022-07-18,1,Cyanobacteria,4.57671,4.768583
2022-07-19,1,Cyanobacteria,3.2610588,3.790907
2022-07-20,1,Cyanobacteria,3.2007184,2.7335224
2022-07-21,1,Cyanobacteria,3.3733938,2.8202074
2022-07-22,1,Cyanobacteria,3.3644865,2.7321262
2022-07-23,1,Cyanobacteria,3.8821256,3.0123587
2022-07-24,1,Cyanobacteria,4.914276,3.5299108
2022-07-25,1,Cyanobacteria,3.6174076,3.9253528
2022-07-26,1,Cyanobacteria,2.4253619,2.9714704
2022-07-27,1,Cyanobacteria,3.0902102,2.4704187
2022-07-28,1,Cyanobacteria,3.2870235,3.1134672
2022-07-29,1,Cyanobacteria,3.320978,3.292437
2022-07-30,1,Cyanobacteria,3.3549325,3.0658631
2022-07-31,1,Cyanobacteria,3.3888872,3.176701
2022-08-01,1,Cyanobacteria,3.4228415,3.1918137
2022-08-02,1,Cyanobacteria,3.4567962,3.2729006
2022-08-03,1,Cyanobacteria,3.4907506,3.292117
2022-08-04,1,Cyanobacteria,3.5247052,3.2153525
2022-08-05,1,Cyanobacteria,3.5586596,3.5472922
2022-08-06,1,Cyanobacteria,3.592614,3.5397205
2022-08-07,1,Cyanobacteria,3.6265686,3.4581828
2022-08-08,1,Cyanobacteria,3.6605232,3.4822598
2022-08-09,1,Cyanobacteria,3.6944776,3.5070972
2022-08-10,1,Cyanobacteria,3.728432,3.545095
2022-08-11,1,Cyanobacteria,3.7623866,3.5925813
2022-08-12,1,Cyanobacteria,3.796341,3.666051
2022-08-13,1,Cyanobacteria,3.8302956,3.694954
2022-08-14,1,Cyanobacteria,3.8642502,3.7494552
2022-08-15,1,Cyanobacteria,3.8982048,3.6668987
2022-08-16,1,Cyanobacteria,3.9321592,3.6627092
2022-08-17,1,Cyanobacteria,3.9661138,3.6942518
2022-08-18,1,Cyanobacteria,4.000068,3.702732
2022-08-19,1,Cyanobacteria,4.0340223,3.6572564
2022-08-20,1,Cyanobacteria,4.0679774,3.712489
2022-08-21,1,Cyanobacteria,4.1019316,3.7055025
2022-08-22,1,Cyanobacteria,4.135886,3.7470143
2022-08-23,1,Cyanobacteria,4.169841,3.7467842
2022-08-24,1,Cyanobacteria,4.203795,3.7489455
2022-08-25,1,Cyanobacteria,4.2377496,3.793527
2022-08-26,1,Cyanobacteria,4.271704,3.8972268
2022-08-27,1,Cyanobacteria,4.305659,3.9280689
2022-08-28,1,Cyanobacteria,4.339613,3.922
2022-08-29,1,Cyanobacteria,4.3735676,3.7874708
2022-08-30,1,Cyanobacteria,4.407522,3.67254
2022-08-31,1,Cyanobacteria,4.441477,3.7956238
2022-09-01,1,Cyanobacteria,4.475431,3.8683858
2022-09-02,1,Cyanobacteria,4.5093856,3.956581
2022-09-03,1,Cyanobacteria,4.54334,4.053918
2022-09-04,1,Cyanobacteria,4.577295,3.9524236
2022-09-05,1,Cyanobacteria,4.6112494,3.953656
2022-09-06,1,Cyanobacteria,4.6452036,3.8923855
2022-09-07,1,Cyanobacteria,4.679158,3.8164737
2022-09-08,1,Cyanobacteria,4.713113,3.9616575
2022-09-09,1,Cyanobacteria,4.7470675,3.9934072
2022-09-10,1,Cyanobacteria,4.781022,4.107018
2022-09-11,1,Cyanobacteria,6.1217318,4.0538354
2022-09-12,1,Cyanobacteria,6.153777,4.724452
2022-09-13,1,Cyanobacteria,5.5154853,4.6000433
2022-09-14,1,Cyanobacteria,4.42329,4.4073033
2022-09-15,1,Cyanobacteria,3.8892832,3.7913847
2022-09-16,1,Cyanobacteria,3.7135918,3.4875476
2022-09-17,1,Cyanobacteria,2.9347034,3.292356
2022-09-18,1,Cyanobacteria,4.431348,2.7187166
2022-09-19,1,Cyanobacteria,4.227647,3.7064388
2022-09-20,1,Cyanobacteria,2.5538044,3.166952
2022-09-21,1,Cyanobacteria,2.390876,2.2476368
2022-09-22,1,Cyanobacteria,2.1660202,2.1986907
2022-09-23,1,Cyanobacteria,2.1745803,2.0764067
2022-09-24,1,Cyanobacteria,2.6702752,2.1962304
2022-09-25,1,Cyanobacteria,2.3401449,2.679833
2022-09-26,1,Cyanobacteria,2.3833406,2.3683817
2022-09-27,1,Cyanobacteria,2.510181,2.6658885
2022-09-28,1,Cyanobacteria,4.2074294,2.762986
2022-09-29,1,Cyanobacteria,4.753896,3.9515145
2022-09-30,1,Cyanobacteria,6.1951814,4.0964246
2022-10-01,1,Cyanobacteria,3.065192,5.0355997
2022-10-02,1,Cyanobacteria,3.7090797,3.3637483
2022-10-03,1,Cyanobacteria,4.398922,3.8418744
2022-10-04,1,Cyanobacteria,5.0918016,4.1425953
2022-10-05,1,Cyanobacteria,4.849297,4.3320956
2022-10-06,1,Cyanobacteria,4.0219636,4.070839
2022-10-07,1,Cyanobacteria,2.7237463,3.460012
2022-10-08,1,Cyanobacteria,2.32,2.2986245
2022-10-09,1,Cyanobacteria,3.2219276,1.8590059
2022-10-10,1,Cyanobacteria,3.2224002,2.9028425
2022-10-11,1,Cyanobacteria,2.4283636,2.7098007
2022-10-12,1,Cyanobacteria,2.2486668,2.114816
2022-10-13,1,Cyanobacteria,2.2341595,2.1084936
2022-10-14,1,Cyanobacteria,2.4454308,2.212407
2022-10-15,1,Cyanobacteria,2.189485,2.3289773
2022-10-16,1,Cyanobacteria,2.4336784,2.0255222
2022-10-17,1,Cyanobacteria,2.1963432,2.338378
2022-10-18,1,Cyanobacteria,1.77874,1.9940428
2022-10-19,1,Cyanobacteria,1.6230702,1.6464627
2022-10-20,1,Cyanobacteria,1.579081,1.7610843
2022-10-21,1,Cyanobacteria,1.7665725,1.7455206
2022-10-22,1,Cyanobacteria,2.6929433,2.0035515
2022-10-23,1,Cyanobacteria,2.4712858,2.6573327
2022-10-24,1,Cyanobacteria,2.1828291,2.1159396
2022-10-25,1,Cyanobacteria,1.9161577,2.0129213
2022-10-26,1,Cyanobacteria,1.6670797,1.7063308
2022-10-27,1,Cyanobacteria,1.6202025,1.5147445
2022-10-28,1,Cyanobacteria,1.552974,1.4291668
2022-10-29,1,Cyanobacteria,1.5037726,1.3934796
2022-10-30,1,Cyanobacteria,1.6090738,1.3979899
2022-10-31,1,Cyanobacteria,1.5013676,1.494048
2022-11-01,1,Cyanobacteria,1.3019855,1.3226489
2022-11-02,1,Cyanobacteria,1.1026033,1.2727054
2022-11-03,1,Cyanobacteria,1.1929109,1.1035455
2022-11-04,1,Cyanobacteria,1.2192972,1.3081112
2022-11-05,1,Cyanobacteria,1.2108177,1.4457918
2022-11-06,1,Cyanobacteria,1.1931765,1.5303909
2022-11-07,1,Cyanobacteria,1.1273862,1.493211
2022-11-08,1,Cyanobacteria,1.5220854,1.5039592
2022-11-09,1,Cyanobacteria,1.8338467,1.7882485
2022-11-10,1,Cyanobacteria,2.1456077,1.9329706
2022-11-11,1,Cyanobacteria,3.645496,2.2168581
2022-11-12,1,Cyanobacteria,3.7778358,3.0820227
2022-11-13,1,Cyanobacteria,3.9101756,2.9827268
2022-11-14,1,Cyanobacteria,4.0425153,2.8986082
2022-11-15,1,Cyanobacteria,4.174855,2.7116296
2022-11-16,1,Cyanobacteria,2.4362636,2.643221
2022-11-17,1,Cyanobacteria,1.8813034,1.9627769
2022-11-18,1,Cyanobacteria,1.7065123,1.7612725
2022-11-19,1,Cyanobacteria,1.7963116,1.7205815
2022-11-20,1,Cyanobacteria,1.7562879,1.8255246
2022-11-21,1,Cyanobacteria,1.716068,1.9067718
2022-11-22,1,Cyanobacteria,1.8579218,1.7902144
2022-11-23,1,Cyanobacteria,2.309513,1.8954281
2022-11-24,1,Cyanobacteria,2.2426267,2.091485
2022-11-25,1,Cyanobacteria,1.6817813,2.1140344
2022-11-26,1,Cyanobacteria,2.334812,1.8164471
2022-11-27,1,Cyanobacteria,2.538623,2.3207524
2022-11-28,1,Cyanobacteria,2.067699,2.3853955
2022-11-29,1,Cyanobacteria,1.609312,1.8937749
2022-11-30,1,Cyanobacteria,1.4803835,1.5457236
2022-12-01,1,Cyanobacteria,1.5265702,1.4752213
2022-12-02,1,Cyanobacteria,1.5021827,1.6302787
2022-12-03,1,Cyanobacteria,1.3033888,1.6610415
2022-12-04,1,Cyanobacteria,1.2186893,1.5136077
2022-12-05,1,Cyanobacteria,1.2566932,1.5131389
2022-12-06,1,Cyanobacteria,1.2839594,1.5330964
2022-12-07,1,Cyanobacteria,1.2833816,1.6713114
2022-12-08,1,Cyanobacteria,1.264826,1.5889336
2022-12-09,1,Cyanobacteria,1.1665274,1.5405171
2022-12-10,1,Cyanobacteria,1.1783273,1.4783205
2022-12-11,1,Cyanobacteria,1.162433,1.513136
2022-12-12,1,Cyanobacteria,1.0775615,1.482035
2022-12-13,1,Cyanobacteria,1.0522738,1.4580574
2022-12-14,1,Cyanobacteria,1.0630385,1.4408811
2022-12-15,1,Cyanobacteria,0.9643116,1.340891
2022-12-16,1,Cyanobacteria,0.9429254,1.259347
2022-12-17,1,Cyanobacteria,0.9599493,1.0007781
2022-12-18,1,Cyanobacteria,1.066546,1.1753047
2022-12-19,1,Cyanobacteria,1.2629783,1.2526051
2022-12-20,1,Cyanobacteria,0.976756,1.477492
2022-12-21,1,Cyanobacteria,0.92862743,1.1170082
2022-12-22,1,Cyanobacteria,0.971029,1.0191009
2022-12-23,1,Cyanobacteria,1.0265797,0.9807486
2022-12-24,1,Cyanobacteria,1.063063,1.0470119
2022-12-25,1,Cyanobacteria,1.0813106,1.1253093
2022-12-26,1,Cyanobacteria,1.0943778,1.115143
2022-12-27,1,Cyanobacteria,1.0884805,1.0883029
2022-12-28,1,Cyanobacteria,1.1312981,1.1007702
2022-12-29,1,Cyanobacteria,1.1201302,1.1464121
2022-12-30,1,Cyanobacteria,1.0986956,1.10118
2022-12-31,1,Cyanobacteria,1.1218044,1.0546279
2023-01-01,1,Cyanobacteria,1.1762229,1.089194
2023-01-02,1,Cyanobacteria,1.3408847,1.1587776
2023-01-03,1,Cyanobacteria,1.5967512,1.2749412
2023-01-04,1,Cyanobacteria,1.1869442,1.4551045
2023-01-05,1,Cyanobacteria,0.5527029,1.1332645
2023-01-06,1,Cyanobacteria,0.5547719,0.6052754
2023-01-07,1,Cyanobacteria,0.25931886,0.635134
2023-01-08,1,Cyanobacteria,0.8177391,0.4567082
2023-01-09,1,Cyanobacteria,0.1614521,1.0718045
2023-01-10,1,Cyanobacteria,0.992042,0.66761726
2023-01-11,1,Cyanobacteria,1.275152,1.3284882
2023-01-12,1,Cyanobacteria,1.3251085,1.3934593
2023-01-13,1,Cyanobacteria,1.0189146,1.4197996
2023-01-14,1,Cyanobacteria,1.2738205,1.3159714
2023-01-15,1,Cyanobacteria,1.3461332,1.3751482
2023-01-16,1,Cyanobacteria,1.4476104,1.7361044
2023-01-17,1,Cyanobacteria,1.2679595,1.6347355
2023-01-18,1,Cyanobacteria,1.4467247,1.4995285
2023-01-19,1,Cyanobacteria,1.4130435,1.556409
2023-01-20,1,Cyanobacteria,1.1790079,1.3795751
2023-01-21,1,Cyanobacteria,1.253741,1.0557011
2023-01-22,1,Cyanobacteria,0.74572355,1.2932173
2023-01-23,1,Cyanobacteria,0.6302901,0.96140367
2023-01-24,1,Cyanobacteria,1.5968212,0.62577766
2023-01-25,1,Cyanobacteria,1.5914844,1.7812275
2023-01-26,1,Cyanobacteria,1.4528313,1.6404718
2023-01-27,1,Cyanobacteria,1.3141781,1.4630021
2023-01-28,1,Cyanobacteria,1.4395945,1.3154367
2023-01-29,1,Cyanobacteria,1.4727279,1.4639151
2023-01-30,1,Cyanobacteria,1.3791581,1.4999889
2023-01-31,1,Cyanobacteria,1.1787742,1.4426354
2023-02-01,1,Cyanobacteria,0.9783902,1.2633084
2023-02-02,1,Cyanobacteria,1.3512114,1.1422409
2023-02-03,1,Cyanobacteria,1.5657766,1.5113333
2023-02-04,1,Cyanobacteria,1.615985,1.7685328
2023-02-05,1,Cyanobacteria,2.4904246,1.7596328
2023-02-06,1,Cyanobacteria,2.262368,2.261549
2023-02-07,1,Cyanobacteria,2.1824055,1.9881457
2023-02-08,1,Cyanobacteria,1.5520464,2.0304754
2023-02-09,1,Cyanobacteria,1.8653886,1.6569222
2023-02-10,1,Cyanobacteria,2.283535,1.7931097
2023-02-11,1,Cyanobacteria,2.7620409,2.1707146
2023-02-12,1,Cyanobacteria,2.2324486,2.2808397
2023-02-13,1,Cyanobacteria,1.8255773,2.0422893
2023-02-14,1,Cyanobacteria,2.4639304,1.8804774
2023-02-15,1,Cyanobacteria,1.9916799,2.2616472
2023-02-16,1,Cyanobacteria,1.7593039,1.950012
2023-02-17,1,Cyanobacteria,1.7566204,1.8418826
2023-02-18,1,Cyanobacteria,1.8478105,1.7979865
2023-02-19,1,Cyanobacteria,1.577091,1.9276155
2023-02-20,1,Cyanobacteria,1.5175421,1.6561987
2023-02-21,1,Cyanobacteria,1.2222602,1.651366
2023-02-22,1,Cyanobacteria,1.1143904,1.3729297
2023-02-23,1,Cyanobacteria,1.5166937,1.2895025
2023-02-24,1,Cyanobacteria,1.4491328,1.6653763
2023-02-25,1,Cyanobacteria,1.4799918,1.6044947
2023-02-26,1,Cyanobacteria,1.5221559,1.5799799
2023-02-27,1,Cyanobacteria,1.712296,1.6673933
2023-02-28,1,Cyanobacteria,2.1366403,1.7852024
2023-03-01,1,Cyanobacteria,1.7858219,2.1769385
2023-03-02,1,Cyanobacteria,1.3755527,1.8315938
2023-03-03,1,Cyanobacteria,1.2984917,1.4176843
2023-03-04,1,Cyanobacteria,1.2888846,1.3391873
2023-03-05,1,Cyanobacteria,1.2217515,1.3934627
2023-03-06,1,Cyanobacteria,1.191564,1.3807666
2023-03-07,1,Cyanobacteria,1.3979748,1.3501525
2023-03-08,1,Cyanobacteria,1.3001692,1.5220519
2023-03-09,1,Cyanobacteria,1.2327971,1.4460864
2023-03-10,1,Cyanobacteria,1.1577052,1.3456829
2023-03-11,1,Cyanobacteria,1.0726924,1.2830744
2023-03-12,1,Cyanobacteria,1.0191824,1.2013974
2023-03-13,1,Cyanobacteria,0.8894389,1.162102
2023-03-14,1,Cyanobacteria,0.90746105,1.1778181
2023-03-15,1,Cyanobacteria,0.87925994,1.0504756
2023-03-16,1,Cyanobacteria,0.83830166,1.0057697
2023-03-17,1,Cyanobacteria,1.0444053,1.0432643
2023-03-18,1,Cyanobacteria,1.0910829,1.3162574
2023-03-19,1,Cyanobacteria,0.9658961,1.3616885
2023-03-20,1,Cyanobacteria,0.92234516,1.1992966
2023-03-21,1,Cyanobacteria,0.9250495,1.1980302
2023-03-22,1,Cyanobacteria,0.80815005,1.1697513
2023-03-23,1,Cyanobacteria,0.27196577,1.1726991
2023-03-24,1,Cyanobacteria,0.7134048,0.6392265
2023-03-25,1,Cyanobacteria,2.8818572,1.1222351
2023-03-26,1,Cyanobacteria,3.2467968,3.411284
2023-03-27,1,Cyanobacteria,3.6117365,2.954751
2023-03-28,1,Cyanobacteria,2.6727736,3.0985513
2023-03-29,1,Cyanobacteria,1.9372687,2.3522687
2023-03-30,1,Cyanobacteria,1.7760023,2.146544
2023-03-31,1,Cyanobacteria,1.5423425,1.7976247
2023-04-01,1,Cyanobacteria,1.2678039,1.5284126
2023-04-02,1,Cyanobacteria,1.108106,1.2326405
2023-04-03,1,Cyanobacteria,1.0268787,1.1926548
2023-04-04,1,Cyanobacteria,1.0073328,1.2474688
2023-04-05,1,Cyanobacteria,1.5883657,1.4075472
2023-04-06,1,Cyanobacteria,2.1693985,2.0710669
2023-04-07,1,Cyanobacteria,2.7504315,2.5967755
2023-04-08,1,Cyanobacteria,3.3314643,2.6884344
2023-04-09,1,Cyanobacteria,2.7729766,2.9205105
2023-04-10,1,Cyanobacteria,2.417534,2.373432
2023-04-11,1,Cyanobacteria,1.7742348,2.0868056
2023-04-12,1,Cyanobacteria,1.4090321,1.6197937
2023-04-13,1,Cyanobacteria,1.2431421,1.2354856
2023-04-14,1,Cyanobacteria,1.120989,1.2695532
2023-04-15,1,Cyanobacteria,1.1054552,1.3005673
2023-04-16,1,Cyanobacteria,1.0206532,1.2505618
2023-04-17,1,Cyanobacteria,0.772153,1.339764
2023-04-18,1,Cyanobacteria,1.0562845,1.1527219
2023-04-19,1,Cyanobacteria,1.5799931,1.5636146
2023-04-20,1,Cyanobacteria,1.3164134,2.023893
2023-04-21,1,Cyanobacteria,1.2170826,1.3907077
2023-04-22,1,Cyanobacteria,1.2514278,1.2099782
2023-04-23,1,Cyanobacteria,1.1737871,1.4857707
2023-04-24,1,Cyanobacteria,1.1448725,1.4951489
2023-04-25,1,Cyanobacteria,1.0627111,1.4923018
2023-04-26,1,Cyanobacteria,1.4576253,1.3576977
2023-04-27,1,Cyanobacteria,1.7456878,1.5073863
2023-04-28,1,Cyanobacteria,1.8548379,1.9708018
2023-04-29,1,Cyanobacteria,2.6361527,1.9911981
2023-04-30,1,Cyanobacteria,3.1612911,2.8705866
2023-05-01,1,Cyanobacteria,1.9083881,2.8777902
2023-05-02,1,Cyanobacteria,1.5850003,1.9649578
2023-05-03,1,Cyanobacteria,0.7557995,1.609601
2023-05-04,1,Cyanobacteria,0.83305645,0.8152557
2023-05-05,1,Cyanobacteria,0.64165354,0.92078865
2023-05-06,1,Cyanobacteria,0.42700356,0.7834641
2023-05-07,1,Cyanobacteria,1.1629804,0.7763292
2023-05-08,1,Cyanobacteria,1.8989573,1.8247246
2023-05-09,1,Cyanobacteria,2.634934,2.1841593
2023-05-10,1,Cyanobacteria,3.370911,2.7042081
2023-05-11,1,Cyanobacteria,4.106888,3.139864
2023-05-12,1,Cyanobacteria,4.8428645,3.5127096
2023-05-13,1,Cyanobacteria,5.5788417,3.2685604
2023-05-14,1,Cyanobacteria,3.4932373,3.2075438
2023-05-15,1,Cyanobacteria,2.3829908,2.26361
2023-05-16,1,Cyanobacteria,1.6760406,1.8228631
2023-05-17,1,Cyanobacteria,1.5048957,1.3673195
2023-05-18,1,Cyanobacteria,1.3905042,1.5255692
2023-05-19,1,Cyanobacteria,1.3446171,1.5098675
2023-05-20,1,Cyanobacteria,1.3385532,1.4742043
2023-05-21,1,Cyanobacteria,1.2489344,1.7299802
2023-05-22,1,Cyanobacteria,1.2775736,1.5682651
2023-05-23,1,Cyanobacteria,1.7400788,1.5115348
2023-05-24,1,Cyanobacteria,2.1723888,1.9811376
2023-05-25,1,Cyanobacteria,2.054791,2.3575842
2023-05-26,1,Cyanobacteria,2.0169272,2.2530744
2023-05-27,1,Cyanobacteria,2.1836193,2.143284
2023-05-28,1,Cyanobacteria,2.1190135,2.2398093
2023-05-29,1,Cyanobacteria,2.2845416,2.184419
2023-05-30,1,Cyanobacteria,2.8546731,2.306842
2023-05-31,1,Cyanobacteria,3.6820343,2.7156088
2023-06-01,1,Cyanobacteria,4.2432837,2.9553356
2023-06-02,1,Cyanobacteria,3.1228824,2.998678
2023-06-03,1,Cyanobacteria,3.9125252,2.4652562
2023-06-04,1,Cyanobacteria,3.0990682,2.983088
2023-06-05,1,Cyanobacteria,2.2573907,2.568908
2023-06-06,1,Cyanobacteria,3.5290446,2.1069386
2023-06-07,1,Cyanobacteria,4.5944915,3.0047927
2023-06-08,1,Cyanobacteria,3.974097,3.5704975
2023-06-09,1,Cyanobacteria,2.817865,3.2170997
2023-06-10,1,Cyanobacteria,2.1575139,2.4577036
2023-06-11,1,Cyanobacteria,2.202399,2.1335778
2023-06-12,1,Cyanobacteria,2.613506,2.401706
2023-06-13,1,Cyanobacteria,3.0178857,2.80829
2023-06-14,1,Cyanobacteria,3.2518442,2.9515486
2023-06-15,1,Cyanobacteria,2.6697867,2.6855767
2023-06-16,1,Cyanobacteria,1.9534781,2.3355799
2023-06-17,1,Cyanobacteria,2.036473,1.9084648
2023-06-18,1,Cyanobacteria,2.074111,2.1528718
2023-06-19,1,Cyanobacteria,1.7520274,2.0681655
2023-06-20,1,Cyanobacteria,1.9095271,2.0374446
2023-06-21,1,Cyanobacteria,2.6224213,2.221187
2023-06-22,1,Cyanobacteria,2.9754727,2.8197293
2023-06-23,1,Cyanobacteria,3.7797623,2.8772821
2023-06-24,1,Cyanobacteria,3.8032756,3.2585974
2023-06-25,1,Cyanobacteria,3.9180677,2.9444268
2023-06-26,1,Cyanobacteria,4.7419147,2.7197313
2023-06-27,1,Cyanobacteria,5.532881,3.3076897
2023-06-28,1,Cyanobacteria,3.5055287,3.329026
2023-06-29,1,Cyanobacteria,3.4548762,2.2956488
2023-06-30,1,Cyanobacteria,2.7937806,2.150132
2023-07-01,1,Cyanobacteria,1.5995938,1.7366651
2023-07-02,1,Cyanobacteria,1.5965191,1.0955058
2023-07-03,1,Cyanobacteria,1.7737297,1.3529323
2023-07-04,1,Cyanobacteria,2.776571,1.5281214
2023-07-05,1,Cyanobacteria,3.2304816,2.1751745
2023-07-06,1,Cyanobacteria,1.984966,2.315682
2023-07-07,1,Cyanobacteria,1.9826539,1.2803307
2023-07-08,1,Cyanobacteria,2.2500691,1.2641788
2023-07-09,1,Cyanobacteria,2.3913074,1.6163411
2023-07-10,1,Cyanobacteria,2.655939,1.6391673
2023-07-11,1,Cyanobacteria,1.9692372,1.7076129
2023-07-12,1,Cyanobacteria,1.2298373,1.2272928
2023-07-13,1,Cyanobacteria,1.0929966,0.8383544
2023-07-14,1,Cyanobacteria,0.5992144,0.8030858
2023-07-15,1,Cyanobacteria,0.6014617,0.60266167
2023-07-16,1,Cyanobacteria,0.609786,0.63747555
2023-07-17,1,Cyanobacteria,0.70679635,0.87498903
2023-07-18,1,Cyanobacteria,0.8659262,0.93434435
2023-07-19,1,Cyanobacteria,0.9241884,1.0369967
2023-07-20,1,Cyanobacteria,1.0990573,1.1433532
2023-07-21,1,Cyanobacteria,2.9751103,1.2967962
2023-07-22,1,Cyanobacteria,4.6228127,3.1207223
2023-07-23,1,Cyanobacteria,2.8313358,3.3763447
2023-07-24,1,Cyanobacteria,4.548409,2.1410203
2023-07-25,1,Cyanobacteria,5.784873,2.8975701
2023-07-26,1,Cyanobacteria,3.7234683,3.0066218
2023-07-27,1,Cyanobacteria,1.6620638,2.0339696
2023-07-28,1,Cyanobacteria,0.8556233,1.1337245
2023-07-29,1,Cyanobacteria,0.89116377,0.733124
2023-07-30,1,Cyanobacteria,1.1886462,1.0026342
2023-07-31,1,Cyanobacteria,2.471676,1.6627365
2023-08-01,1,Cyanobacteria,1.6940145,2.3951492
2023-08-02,1,Cyanobacteria,1.9481753,1.4636562
2023-08-03,1,Cyanobacteria,1.7617489,1.5726017
2023-08-04,1,Cyanobacteria,1.0801963,1.338399
2023-08-05,1,Cyanobacteria,1.292281,0.9000235
2023-08-06,1,Cyanobacteria,1.7215066,1.267853
2023-08-07,1,Cyanobacteria,3.3288689,1.6905837
2023-08-08,1,Cyanobacteria,3.0218735,2.6212723
2023-08-09,1,Cyanobacteria,1.651122,2.0397453
2023-08-10,1,Cyanobacteria,1.442921,1.0600994
2023-08-11,1,Cyanobacteria,0.7765467,1.0428389
2023-08-12,1,Cyanobacteria,0.9314234,0.69266164
2023-08-13,1,Cyanobacteria,1.5715406,0.8995338
2023-08-14,1,Cyanobacteria,4.173333,1.5220017
2023-08-15,1,Cyanobacteria,1.9116304,3.0380409
2023-08-16,1,Cyanobacteria,3.6171675,1.5249418
2023-08-17,1,Cyanobacteria,2.3501623,2.4776037
2023-08-18,1,Cyanobacteria,2.9149249,1.7963732
2023-08-19,1,Cyanobacteria,3.0159187,2.6798508
2023-08-20,1,Cyanobacteria,2.285934,2.6635482
2023-08-21,1,Cyanobacteria,2.103505,1.918769
2023-08-22,1,Cyanobacteria,2.0100663,1.9546686
2023-08-23,1,Cyanobacteria,2.030845,2.0805688
2023-08-24,1,Cyanobacteria,1.9803014,2.0632718
2023-08-25,1,Cyanobacteria,1.8590924,1.9556777
2023-08-26,1,Cyanobacteria,2.186416,2.1435094
2023-08-27,1,Cyanobacteria,2.1218035,2.5735495
2023-08-28,1,Cyanobacteria,2.2880745,2.4203556
2023-08-29,1,Cyanobacteria,4.906969,2.514881
2023-08-30,1,Cyanobacteria,2.747103,4.1346836
2023-08-31,1,Cyanobacteria,4.8251433,2.3836093
2023-09-01,1,Cyanobacteria,3.1461823,4.047954
2023-09-02,1,Cyanobacteria,2.997252,2.6124148
2023-09-03,1,Cyanobacteria,2.551028,2.4460778
2023-09-04,1,Cyanobacteria,2.49856,2.3880966
2023-09-05,1,Cyanobacteria,5.2166624,2.5671136
2023-09-06,1,Cyanobacteria,5.1275606,4.1249466
2023-09-07,1,Cyanobacteria,5.0384583,4.067991
2023-09-08,1,Cyanobacteria,4.9493566,3.6757672
2023-09-09,1,Cyanobacteria,2.5999234,3.163952
2023-09-10,1,Cyanobacteria,2.1791236,1.8354504
2023-09-11,1,Cyanobacteria,1.9352801,1.9672722
2023-09-12,1,Cyanobacteria,1.8269101,1.7695731
2023-09-13,1,Cyanobacteria,1.9009577,2.0469093
2023-09-14,1,Cyanobacteria,2.1442535,2.0311027
2023-09-15,1,Cyanobacteria,2.3835835,2.2799585
2023-09-16,1,Cyanobacteria,2.215428,2.2576592
2023-09-17,1,Cyanobacteria,1.9896855,2.0659785
2023-09-18,1,Cyanobacteria,2.0334396,2.0866382
2023-09-19,1,Cyanobacteria,2.1670406,2.0824966
2023-09-20,1,Cyanobacteria,2.404295,2.145194
2023-09-21,1,Cyanobacteria,2.4283464,2.3237517
2023-09-22,1,Cyanobacteria,2.1776288,2.278011
2023-09-23,1,Cyanobacteria,2.2079122,2.0150673
2023-09-24,1,Cyanobacteria,2.0656526,1.9632785
2023-09-25,1,Cyanobacteria,1.8197497,1.9806411
2023-09-26,1,Cyanobacteria,2.788784,1.8200898
2023-09-27,1,Cyanobacteria,2.862572,2.5264654
2023-09-28,1,Cyanobacteria,2.8470044,2.4231722
2023-09-29,1,Cyanobacteria,2.7773497,2.3472097
2023-09-30,1,Cyanobacteria,3.3597028,2.325434
2023-10-01,1,Cyanobacteria,3.2632625,2.6324954
2023-10-02,1,Cyanobacteria,2.1856651,2.417339
2023-10-03,1,Cyanobacteria,3.234886,1.824695
2023-10-04,1,Cyanobacteria,3.1014996,2.9829667
2023-10-05,1,Cyanobacteria,2.354695,2.5243425
2023-10-06,1,Cyanobacteria,1.8833472,2.0374022
2023-10-07,1,Cyanobacteria,1.6806661,1.8455231
2023-10-08,1,Cyanobacteria,1.6510261,1.8199258
2023-10-09,1,Cyanobacteria,1.65687,1.8257089
2023-10-10,1,Cyanobacteria,2.0349479,1.7320045
2023-10-11,1,Cyanobacteria,1.9036157,2.2458804
2023-10-12,1,Cyanobacteria,1.5963961,2.1152847
2023-10-13,1,Cyanobacteria,2.2419574,1.8738995
2023-10-14,1,Cyanobacteria,3.478502,2.4093792
2023-10-15,1,Cyanobacteria,3.9786897,3.2422035
2023-10-16,1,Cyanobacteria,2.291187,3.3902586
2023-10-17,1,Cyanobacteria,2.2361436,2.3316271
2023-10-18,1,Cyanobacteria,3.1238363,2.2108657
2023-10-19,1,Cyanobacteria,3.5173097,2.9645324
2023-10-20,1,Cyanobacteria,3.7166374,2.975656
2023-10-21,1,Cyanobacteria,2.9234288,2.9878895
2023-10-22,1,Cyanobacteria,3.0309916,2.8312466
2023-10-23,1,Cyanobacteria,2.8510609,2.6712997
2023-10-24,1,Cyanobacteria,3.768123,2.7369225
2023-10-25,1,Cyanobacteria,5.941194,3.3291082
2023-10-26,1,Cyanobacteria,4.4449563,4.057383
2023-10-27,1,Cyanobacteria,4.763434,3.3747861
2023-10-28,1,Cyanobacteria,2.8690472,3.4966142
2023-10-29,1,Cyanobacteria,2.7990034,2.500041
2023-10-30,1,Cyanobacteria,2.6598368,2.4412546
2023-10-31,1,Cyanobacteria,3.064641,2.3668382
2023-11-01,1,Cyanobacteria,3.5453944,2.6784937
2023-11-02,1,Cyanobacteria,3.0826712,2.9237266
2023-11-03,1,Cyanobacteria,3.453603,2.625021
2023-11-04,1,Cyanobacteria,2.4549444,2.9549525
2023-11-05,1,Cyanobacteria,3.4141028,2.1776454
2023-11-06,1,Cyanobacteria,3.7630842,2.677118
2023-11-07,1,Cyanobacteria,2.8241215,2.9111211
2023-11-08,1,Cyanobacteria,1.6250529,2.1849422
2023-11-09,1,Cyanobacteria,1.9600605,1.3668927
2023-11-10,1,Cyanobacteria,2.4557483,1.8560058
2023-11-11,1,Cyanobacteria,1.7682997,2.283151
2023-11-12,1,Cyanobacteria,1.8357332,1.7144846
2023-11-13,1,Cyanobacteria,1.5355757,1.7811079
2023-11-14,1,Cyanobacteria,1.4568228,1.5865624
2023-11-15,1,Cyanobacteria,1.3942672,1.6152235
2023-11-16,1,Cyanobacteria,1.4696076,1.5438794
2023-11-17,1,Cyanobacteria,1.5879126,1.6491473
2023-11-18,1,Cyanobacteria,1.8608291,1.7203859
2023-11-19,1,Cyanobacteria,1.7472198,2.0024962
2023-11-20,1,Cyanobacteria,2.048946,1.8816203
2023-11-21,1,Cyanobacteria,2.0148678,2.2168155
2023-11-22,1,Cyanobacteria,2.2934241,2.300532
2023-11-23,1,Cyanobacteria,3.542967,2.3810697
2023-11-24,1,Cyanobacteria,2.294738,2.8353925
2023-11-25,1,Cyanobacteria,1.8379765,1.962927
2023-11-26,1,Cyanobacteria,1.510859,1.6997848
2023-11-27,1,Cyanobacteria,1.4485191,1.5076511
2023-11-28,1,Cyanobacteria,1.7754028,1.5682774
2023-11-29,1,Cyanobacteria,1.1889424,1.8939272
2023-11-30,1,Cyanobacteria,4.1997676,1.5009013
2023-12-01,1,Cyanobacteria,2.7477224,3.5404394
2023-12-02,1,Cyanobacteria,2.1429226,2.5172408
2023-12-03,1,Cyanobacteria,2.1683147,2.1020179
2023-12-04,1,Cyanobacteria,1.8719982,2.002949
2023-12-05,1,Cyanobacteria,2.7758234,1.6303445
2023-12-06,1,Cyanobacteria,2.8993187,2.4259462
2023-12-07,1,Cyanobacteria,2.0482368,2.5499282
2023-12-08,1,Cyanobacteria,1.585169,2.0171387
2023-12-09,1,Cyanobacteria,2.0673146,1.5540363
2023-12-10,1,Cyanobacteria,1.7040033,1.9903024
2023-12-11,1,Cyanobacteria,2.2543254,1.6954353
2023-12-12,1,Cyanobacteria,2.8514695,2.1583405
2023-12-13,1,Cyanobacteria,2.631844,2.64063
2023-12-14,1,Cyanobacteria,2.930671,2.2598002
2023-12-15,1,Cyanobacteria,4.081218,2.2453756
2023-12-16,1,Cyanobacteria,2.122142,2.9284046
2023-12-17,1,Cyanobacteria,1.3384718,1.6725107
2023-12-18,1,Cyanobacteria,1.4121481,1.1007404
2023-12-19,1,Cyanobacteria,1.8288468,1.2835659
2023-12-20,1,Cyanobacteria,1.4450092,1.8106304
2023-12-21,1,Cyanobacteria,1.3191619,1.4490854
2023-12-22,1,Cyanobacteria,1.6237926,1.366568
2023-12-23,1,Cyanobacteria,1.574842,1.633554
2023-12-24,1,Cyanobacteria,1.5136062,1.5819654
2023-12-25,1,Cyanobacteria,1.7450206,1.5311649
2023-12-26,1,Cyanobacteria,3.017767,1.7258047
2023-12-27,1,Cyanobacteria,3.659146,2.5587971
2020-10-29,2,Cyanobacteria,1.9198873,1.9892303
2020-10-30,2,Cyanobacteria,0.9165894,2.1750124
2020-10-31,2,Cyanobacteria,1.3927351,1.7623057
2020-11-01,2,Cyanobacteria,1.3244635,1.1535832
2020-11-02,2,Cyanobacteria,1.4207313,1.4574847
2020-11-03,2,Cyanobacteria,1.6778421,1.4259554
2020-11-04,2,Cyanobacteria,1.990452,1.4513443
2020-11-05,2,Cyanobacteria,2.022165,1.5618759
2020-11-06,2,Cyanobacteria,2.008798,1.6969976
2020-11-07,2,Cyanobacteria,1.885076,1.6584957
2020-11-08,2,Cyanobacteria,1.9127102,1.6641427
2020-11-09,2,Cyanobacteria,1.7077882,1.5788856
2020-11-10,2,Cyanobacteria,1.6468678,1.4748815
2020-11-11,2,Cyanobacteria,1.6813062,1.4050013
2020-11-12,2,Cyanobacteria,1.9224818,1.3441337
2020-11-13,2,Cyanobacteria,1.6967794,1.36181
2020-11-14,2,Cyanobacteria,2.2499926,1.4773312
2020-11-15,2,Cyanobacteria,2.0681548,1.3973713
2020-11-16,2,Cyanobacteria,1.7629341,1.6643828
2020-11-17,2,Cyanobacteria,1.6316327,1.4667007
2020-11-18,2,Cyanobacteria,1.4976882,1.3982178
2020-11-19,2,Cyanobacteria,1.2110482,1.3318514
2020-11-20,2,Cyanobacteria,1.6200837,1.3525038
2020-11-21,2,Cyanobacteria,1.108683,1.2080225
2020-11-22,2,Cyanobacteria,1.0693725,1.4234705
2020-11-23,2,Cyanobacteria,1.2781522,1.1135713
2020-11-24,2,Cyanobacteria,1.5949926,1.064514
2020-11-25,2,Cyanobacteria,1.621545,1.2461991
2020-11-26,2,Cyanobacteria,0.6157164,1.4311693
2020-11-27,2,Cyanobacteria,1.1531911,1.4319514
2020-11-28,2,Cyanobacteria,1.334508,0.8903865
2020-11-29,2,Cyanobacteria,1.2755716,1.1929182
2020-11-30,2,Cyanobacteria,1.4539436,1.3099427
2020-12-01,2,Cyanobacteria,1.416155,1.3022485
2020-12-02,2,Cyanobacteria,1.3794355,1.3811399
2020-12-03,2,Cyanobacteria,1.5929089,1.3990349
2020-12-04,2,Cyanobacteria,1.6844646,1.3741261
2020-12-05,2,Cyanobacteria,1.6305789,1.5088246
2020-12-06,2,Cyanobacteria,1.537851,1.6157311
2020-12-07,2,Cyanobacteria,1.4415424,1.5007656
2020-12-08,2,Cyanobacteria,1.3017017,1.4861253
2020-12-09,2,Cyanobacteria,1.1760101,1.352852
2020-12-10,2,Cyanobacteria,1.2858943,1.2905122
2020-12-11,2,Cyanobacteria,1.2478929,1.1887221
2020-12-12,2,Cyanobacteria,1.1700652,1.2476017
2020-12-13,2,Cyanobacteria,0.7562853,1.2065446
2020-12-14,2,Cyanobacteria,1.4720767,1.1231468
2020-12-15,2,Cyanobacteria,1.6189508,0.9373083
2020-12-16,2,Cyanobacteria,1.7228365,1.3925408
2020-12-17,2,Cyanobacteria,1.7015278,1.4021859
2020-12-18,2,Cyanobacteria,1.5606419,1.4279824
2020-12-19,2,Cyanobacteria,1.410767,1.3145372
2020-12-20,2,Cyanobacteria,1.231288,1.2581192
2020-12-21,2,Cyanobacteria,1.0281318,1.1918101
2020-12-22,2,Cyanobacteria,0.94908035,1.0590436
2020-12-23,2,Cyanobacteria,0.5109782,0.9662416
2020-12-24,2,Cyanobacteria,0.7968573,0.9428111
2020-12-25,2,Cyanobacteria,0.9004562,0.76967084
2020-12-26,2,Cyanobacteria,1.0766836,0.9022127
2020-12-27,2,Cyanobacteria,0.95042,1.0044585
2020-12-28,2,Cyanobacteria,0.5107458,1.0547593
2020-12-29,2,Cyanobacteria,0.2183068,0.94945186
2020-12-30,2,Cyanobacteria,1.2127858,0.7393328
2020-12-31,2,Cyanobacteria,0.92782927,0.57698137
2021-01-01,2,Cyanobacteria,1.2508177,1.0806468
2021-01-02,2,Cyanobacteria,1.2944026,1.0506047
2021-01-03,2,Cyanobacteria,1.232453,1.1826371
2021-01-04,2,Cyanobacteria,1.0558363,1.1890852
2021-01-05,2,Cyanobacteria,1.1140188,1.095733
2021-01-06,2,Cyanobacteria,1.0396379,0.95863885
2021-01-07,2,Cyanobacteria,1.0007603,0.95954573
2021-01-08,2,Cyanobacteria,1.133749,0.9051136
2021-01-09,2,Cyanobacteria,1.1601809,0.881074
2021-01-10,2,Cyanobacteria,1.2568814,0.9344382
2021-01-11,2,Cyanobacteria,1.1985952,0.9253128
2021-01-12,2,Cyanobacteria,1.1570984,0.95174956
2021-01-13,2,Cyanobacteria,1.1095513,0.93716323
2021-01-14,2,Cyanobacteria,1.023268,0.93024445
2021-01-15,2,Cyanobacteria,0.7892397,0.8894225
2021-01-16,2,Cyanobacteria,0.5160029,0.8611978
2021-01-17,2,Cyanobacteria,0.6644501,0.72254455
2021-01-18,2,Cyanobacteria,0.72609264,0.6397918
2021-01-19,2,Cyanobacteria,0.80248195,0.6965362
2021-01-20,2,Cyanobacteria,0.5337771,0.7824787
2021-01-21,2,Cyanobacteria,0.47094068,0.81924564
2021-01-22,2,Cyanobacteria,0.73403335,0.76142746
2021-01-23,2,Cyanobacteria,0.5746165,0.55661285
2021-01-24,2,Cyanobacteria,0.9917221,0.8017581
2021-01-25,2,Cyanobacteria,0.90726936,0.78683084
2021-01-26,2,Cyanobacteria,1.368466,1.1848837
2021-01-27,2,Cyanobacteria,1.1996093,1.2312049
2021-01-28,2,Cyanobacteria,1.1409117,1.2622323
2021-01-29,2,Cyanobacteria,1.1614038,1.0631251
2021-01-30,2,Cyanobacteria,0.9247902,1.0899662
2021-01-31,2,Cyanobacteria,0.8163143,1.1526276
2021-02-01,2,Cyanobacteria,0.68247646,0.96284515
2021-02-02,2,Cyanobacteria,0.7478566,0.82307184
2021-02-03,2,Cyanobacteria,0.9111803,0.67919856
2021-02-04,2,Cyanobacteria,0.80073136,0.6656546
2021-02-05,2,Cyanobacteria,0.7012689,0.7793178
2021-02-06,2,Cyanobacteria,0.6910789,0.76225156
2021-02-07,2,Cyanobacteria,0.677118,0.6788299
2021-02-08,2,Cyanobacteria,0.8998841,0.63538235
2021-02-09,2,Cyanobacteria,0.6313663,0.5743927
2021-02-10,2,Cyanobacteria,0.74432606,0.6692817
2021-02-11,2,Cyanobacteria,0.8625417,0.6049214
2021-02-12,2,Cyanobacteria,0.97663283,0.68138856
2021-02-13,2,Cyanobacteria,0.55862415,0.6957444
2021-02-14,2,Cyanobacteria,0.37615052,0.6831383
2021-02-15,2,Cyanobacteria,0.6475181,0.555164
2021-02-16,2,Cyanobacteria,0.53772795,0.4706984
2021-02-17,2,Cyanobacteria,0.71482635,0.5745211
2021-02-18,2,Cyanobacteria,0.59031117,0.58934313
2021-02-19,2,Cyanobacteria,0.70318836,0.751706
2021-02-20,2,Cyanobacteria,0.69292545,0.7614244
2021-02-21,2,Cyanobacteria,0.635275,0.80696154
2021-02-22,2,Cyanobacteria,0.7406807,0.77319133
2021-02-23,2,Cyanobacteria,0.875916,0.67331463
2021-02-24,2,Cyanobacteria,0.83096313,0.70195377
2021-02-25,2,Cyanobacteria,0.85622466,0.78153753
2021-02-26,2,Cyanobacteria,1.0751342,0.74508923
2021-02-27,2,Cyanobacteria,1.2290095,0.7412606
2021-02-28,2,Cyanobacteria,1.2229925,0.86661077
2021-03-01,2,Cyanobacteria,1.253146,0.9355582
2021-03-02,2,Cyanobacteria,1.3632498,0.9383723
2021-03-03,2,Cyanobacteria,0.8552822,1.0329939
2021-03-04,2,Cyanobacteria,1.1125977,1.1263188
2021-03-05,2,Cyanobacteria,0.81280756,0.85035163
2021-03-06,2,Cyanobacteria,0.8352894,1.0358995
2021-03-07,2,Cyanobacteria,0.7107815,0.9499871
2021-03-08,2,Cyanobacteria,0.8574656,0.82442296
2021-03-09,2,Cyanobacteria,0.77764106,0.8144061
2021-03-10,2,Cyanobacteria,0.89971054,0.8485818
2021-03-11,2,Cyanobacteria,0.7533502,0.77276367
2021-03-12,2,Cyanobacteria,0.3883647,0.7938018
2021-03-13,2,Cyanobacteria,0.3952388,0.73513377
2021-03-14,2,Cyanobacteria,1.1506295,0.49146926
2021-03-15,2,Cyanobacteria,1.0597106,0.5374052
2021-03-16,2,Cyanobacteria,1.0960565,1.2133768
2021-03-17,2,Cyanobacteria,1.274508,1.1797429
2021-03-18,2,Cyanobacteria,1.3935528,1.1502734
2021-03-19,2,Cyanobacteria,1.3325905,1.2599783
2021-03-20,2,Cyanobacteria,1.3198698,1.2663609
2021-03-21,2,Cyanobacteria,1.3761505,1.2194173
2021-03-22,2,Cyanobacteria,1.1251593,1.2427993
2021-03-23,2,Cyanobacteria,0.9094642,1.3287395
2021-03-24,2,Cyanobacteria,1.1613843,1.0155071
2021-03-25,2,Cyanobacteria,1.0459361,0.9903149
2021-03-26,2,Cyanobacteria,0.8975687,1.1672418
2021-03-27,2,Cyanobacteria,0.6828747,1.0539122
2021-03-28,2,Cyanobacteria,0.7303548,0.9303023
2021-03-29,2,Cyanobacteria,0.41225198,0.77560145
2021-03-30,2,Cyanobacteria,0.111810274,0.82504016
2021-03-31,2,Cyanobacteria,0.5293086,0.6660755
2021-04-01,2,Cyanobacteria,1.298798,0.5518775
2021-04-02,2,Cyanobacteria,1.4947647,0.906896
2021-04-03,2,Cyanobacteria,1.5875887,1.3757745
2021-04-04,2,Cyanobacteria,1.6624764,1.3899182
2021-04-05,2,Cyanobacteria,1.5121635,1.3596624
2021-04-06,2,Cyanobacteria,1.4354631,1.3579338
2021-04-07,2,Cyanobacteria,1.4178132,1.2706386
2021-04-08,2,Cyanobacteria,1.4679812,1.2208111
2021-04-09,2,Cyanobacteria,1.3545152,1.21872
2021-04-10,2,Cyanobacteria,1.2440883,1.3240999
2021-04-11,2,Cyanobacteria,1.0756367,1.175355
2021-04-12,2,Cyanobacteria,0.7194786,1.0964191
2021-04-13,2,Cyanobacteria,0.7790297,1.0258234
2021-04-14,2,Cyanobacteria,0.8630123,0.8787199
2021-04-15,2,Cyanobacteria,0.56722665,0.9282834
2021-04-16,2,Cyanobacteria,1.0409226,1.0058045
2021-04-17,2,Cyanobacteria,0.69225204,0.917294
2021-04-18,2,Cyanobacteria,1.2849385,1.1042877
2021-04-19,2,Cyanobacteria,1.2466329,0.9406393
2021-04-20,2,Cyanobacteria,1.3180811,1.2399617
2021-04-21,2,Cyanobacteria,1.1071904,1.2339207
2021-04-22,2,Cyanobacteria,0.6878566,1.2734077
2021-04-23,2,Cyanobacteria,0.5611079,1.1219542
2021-04-24,2,Cyanobacteria,0.8025344,0.8542714
2021-04-25,2,Cyanobacteria,0.78728455,0.7706188
2021-04-26,2,Cyanobacteria,1.6280825,1.0212176
2021-04-27,2,Cyanobacteria,1.9490377,1.2115386
2021-04-28,2,Cyanobacteria,1.6121202,1.5640165
2021-04-29,2,Cyanobacteria,1.4643126,1.6316137
2021-04-30,2,Cyanobacteria,1.5555934,1.5370449
2021-05-01,2,Cyanobacteria,1.5656585,1.2845823
2021-05-02,2,Cyanobacteria,1.2381549,1.3620846
2021-05-03,2,Cyanobacteria,1.0236812,1.4179983
2021-05-04,2,Cyanobacteria,1.7144799,1.2209263
2021-05-05,2,Cyanobacteria,1.3347807,1.1217113
2021-05-06,2,Cyanobacteria,1.2243872,1.2929788
2021-05-07,2,Cyanobacteria,1.3597454,1.1921574
2021-05-08,2,Cyanobacteria,1.0678822,1.2566284
2021-05-09,2,Cyanobacteria,1.0264472,1.3418328
2021-05-10,2,Cyanobacteria,0.76781476,1.2702941
2021-05-11,2,Cyanobacteria,0.6906947,1.3374106
2021-05-12,2,Cyanobacteria,1.008741,1.2398953
2021-05-13,2,Cyanobacteria,1.2948915,1.2623453
2021-05-14,2,Cyanobacteria,2.0710855,1.5750397
2021-05-15,2,Cyanobacteria,2.2474167,1.5283029
2021-05-16,2,Cyanobacteria,1.9920912,1.9469064
2021-05-17,2,Cyanobacteria,1.6489002,1.9916687
2021-05-18,2,Cyanobacteria,1.794537,1.8434563
2021-05-19,2,Cyanobacteria,2.0734396,1.6790047
2021-05-20,2,Cyanobacteria,2.1479883,1.8148551
2021-05-21,2,Cyanobacteria,2.0209045,2.0259655
2021-05-22,2,Cyanobacteria,2.2535193,2.1650555
2021-05-23,2,Cyanobacteria,2.2723534,2.123195
2021-05-24,2,Cyanobacteria,2.63233,2.3489797
2021-05-25,2,Cyanobacteria,2.3065703,2.348081
2021-05-26,2,Cyanobacteria,1.9421636,2.602851
2021-05-27,2,Cyanobacteria,2.2319682,2.2894778
2021-05-28,2,Cyanobacteria,4.1579432,2.1155636
2021-05-29,2,Cyanobacteria,4.3492618,2.6797235
2021-05-30,2,Cyanobacteria,2.6183937,3.5174737
2021-05-31,2,Cyanobacteria,2.6154816,3.5278711
2021-06-01,2,Cyanobacteria,5.352636,2.8209622
2021-06-02,2,Cyanobacteria,4.717726,2.7744322
2021-06-03,2,Cyanobacteria,2.962998,3.759086
2021-06-04,2,Cyanobacteria,3.0213976,3.4279478
2021-06-05,2,Cyanobacteria,2.9233599,2.853826
2021-06-06,2,Cyanobacteria,2.5688848,2.9180589
2021-06-07,2,Cyanobacteria,2.928039,2.7030067
2021-06-08,2,Cyanobacteria,2.7149856,2.5387979
2021-06-09,2,Cyanobacteria,2.3156078,2.7270555
2021-06-10,2,Cyanobacteria,2.2857888,2.7190912
2021-06-11,2,Cyanobacteria,2.4744864,2.320581
2021-06-12,2,Cyanobacteria,3.0040839,2.3110015
2021-06-13,2,Cyanobacteria,4.336705,2.3910785
2021-06-14,2,Cyanobacteria,3.6870964,2.6127741
2021-06-15,2,Cyanobacteria,1.1724981,3.0384376
2021-06-16,2,Cyanobacteria,0.89654595,2.8385246
2021-06-17,2,Cyanobacteria,1.6896162,1.8385692
2021-06-18,2,Cyanobacteria,3.3528886,1.7177988
2021-06-19,2,Cyanobacteria,3.2436857,2.3518019
2021-06-20,2,Cyanobacteria,3.6387465,3.0158942
2021-06-21,2,Cyanobacteria,2.835984,3.066457
2021-06-22,2,Cyanobacteria,1.9431771,3.3158634
2021-06-23,2,Cyanobacteria,2.2497613,2.9364045
2021-06-24,2,Cyanobacteria,2.3033574,2.4716787
2021-06-25,2,Cyanobacteria,1.9838712,2.7343538
2021-06-26,2,Cyanobacteria,2.2046309,2.4121702
2021-06-27,2,Cyanobacteria,4.0340667,2.310104
2021-06-28,2,Cyanobacteria,5.868067,2.6166563
2021-06-29,2,Cyanobacteria,5.3050866,3.6323073
2021-06-30,2,Cyanobacteria,4.742106,4.112176
2021-07-01,2,Cyanobacteria,3.2076483,3.740597
2021-07-02,2,Cyanobacteria,3.4847536,3.5513003
2021-07-03,2,Cyanobacteria,4.0390015,2.7925322
2021-07-04,2,Cyanobacteria,3.948705,3.1024551
2021-07-05,2,Cyanobacteria,4.7784224,3.2707639
2021-07-06,2,Cyanobacteria,4.2812166,3.0277312
2021-07-07,2,Cyanobacteria,3.7561839,3.2291126
2021-07-08,2,Cyanobacteria,3.5484276,2.9192498
2021-07-09,2,Cyanobacteria,2.1638117,2.513272
2021-07-10,2,Cyanobacteria,1.9270601,2.4104114
2021-07-11,2,Cyanobacteria,1.9104345,1.7333512
2021-07-12,2,Cyanobacteria,2.2324965,1.6950262
2021-07-13,2,Cyanobacteria,2.087728,1.7432086
2021-07-14,2,Cyanobacteria,1.2980666,1.9822645
2021-07-15,2,Cyanobacteria,1.3932489,1.9327872
2021-07-16,2,Cyanobacteria,1.2500651,1.5220901
2021-07-17,2,Cyanobacteria,0.43407384,1.7021047
2021-07-18,2,Cyanobacteria,1.2796165,1.6088963
2021-07-19,2,Cyanobacteria,1.8222448,1.1177471
2021-07-20,2,Cyanobacteria,2.0859232,1.668791
2021-07-21,2,Cyanobacteria,1.8950905,2.1174872
2021-07-22,2,Cyanobacteria,2.1339176,2.3196104
2021-07-23,2,Cyanobacteria,2.1493194,2.1591454
2021-07-24,2,Cyanobacteria,4.662006,2.267584
2021-07-25,2,Cyanobacteria,3.9590297,2.3527832
2021-07-26,2,Cyanobacteria,4.2673516,3.4138496
2021-07-27,2,Cyanobacteria,4.232916,3.1142488
2021-07-28,2,Cyanobacteria,2.8703907,3.522388
2021-07-29,2,Cyanobacteria,2.1993053,3.5243218
2021-07-30,2,Cyanobacteria,2.0899277,2.8172736
2021-07-31,2,Cyanobacteria,2.1685455,2.4960911
2021-08-01,2,Cyanobacteria,3.3460565,2.3338766
2021-08-02,2,Cyanobacteria,5.6828313,2.6779704
2021-08-03,2,Cyanobacteria,4.7732515,3.4198973
2021-08-04,2,Cyanobacteria,4.0578346,4.078202
2021-08-05,2,Cyanobacteria,5.5061984,3.8927777
2021-08-06,2,Cyanobacteria,5.3274107,3.787929
2021-08-07,2,Cyanobacteria,5.148622,4.022949
2021-08-08,2,Cyanobacteria,3.2820683,3.7894359
2021-08-09,2,Cyanobacteria,2.7275743,3.8182352
2021-08-10,2,Cyanobacteria,2.468589,2.9590816
2021-08-11,2,Cyanobacteria,2.8743272,2.6792831
2021-08-12,2,Cyanobacteria,2.9775615,2.415084
2021-08-13,2,Cyanobacteria,2.9190001,2.7819483
2021-08-14,2,Cyanobacteria,2.5640225,2.7035284
2021-08-15,2,Cyanobacteria,2.6541495,2.661648
2021-08-16,2,Cyanobacteria,2.9796264,2.4496274
2021-08-17,2,Cyanobacteria,3.3871398,2.562954
2021-08-18,2,Cyanobacteria,2.8336039,2.50763
2021-08-19,2,Cyanobacteria,1.4002497,2.7426734
2021-08-20,2,Cyanobacteria,2.1858518,2.715869
2021-08-21,2,Cyanobacteria,3.8102813,2.1197143
2021-08-22,2,Cyanobacteria,4.623089,2.607469
2021-08-23,2,Cyanobacteria,3.8476396,3.0826735
2021-08-24,2,Cyanobacteria,3.6913338,3.597196
2021-08-25,2,Cyanobacteria,5.2736855,3.3463016
2021-08-26,2,Cyanobacteria,5.886749,3.1677423
2021-08-27,2,Cyanobacteria,6.328652,3.6938941
2021-08-28,2,Cyanobacteria,5.913598,3.4991977
2021-08-29,2,Cyanobacteria,5.4985447,3.4307003
2021-08-30,2,Cyanobacteria,4.998421,3.2115545
2021-08-31,2,Cyanobacteria,3.173958,2.959197
2021-09-01,2,Cyanobacteria,2.4867873,2.9119585
2021-09-02,2,Cyanobacteria,2.2553763,2.1359391
2021-09-03,2,Cyanobacteria,2.089725,2.0202906
2021-09-04,2,Cyanobacteria,2.1701736,2.031116
2021-09-05,2,Cyanobacteria,2.752026,1.9816469
2021-09-06,2,Cyanobacteria,2.4418018,2.1221275
2021-09-07,2,Cyanobacteria,2.3925562,2.4833837
2021-09-08,2,Cyanobacteria,2.2696092,2.2301264
2021-09-09,2,Cyanobacteria,3.9620116,2.3919175
2021-09-10,2,Cyanobacteria,3.368864,2.3509412
2021-09-11,2,Cyanobacteria,3.444725,3.1456254
2021-09-12,2,Cyanobacteria,4.387453,3.1053638
2021-09-13,2,Cyanobacteria,3.7823026,3.1524904
2021-09-14,2,Cyanobacteria,3.6403475,3.3822665
2021-09-15,2,Cyanobacteria,3.4074223,3.2391016
2021-09-16,2,Cyanobacteria,2.904714,3.144025
2021-09-17,2,Cyanobacteria,2.246401,2.7974977
2021-09-18,2,Cyanobacteria,1.8525054,2.4370103
2021-09-19,2,Cyanobacteria,1.9603258,2.0969403
2021-09-20,2,Cyanobacteria,1.8784577,1.8986782
2021-09-21,2,Cyanobacteria,1.6022085,1.8756069
2021-09-22,2,Cyanobacteria,1.6334975,1.8668191
2021-09-23,2,Cyanobacteria,1.6335725,1.7530726
2021-09-24,2,Cyanobacteria,1.7263433,2.0496519
2021-09-25,2,Cyanobacteria,1.7499204,2.0033648
2021-09-26,2,Cyanobacteria,1.902614,1.986962
2021-09-27,2,Cyanobacteria,1.9976249,1.9339298
2021-09-28,2,Cyanobacteria,2.0052354,2.0198767
2021-09-29,2,Cyanobacteria,1.9031209,1.9314001
2021-09-30,2,Cyanobacteria,2.1214771,1.975652
2021-10-01,2,Cyanobacteria,1.6440406,1.8842127
2021-10-02,2,Cyanobacteria,1.4304897,1.9581239
2021-10-03,2,Cyanobacteria,1.5464485,1.6193839
2021-10-04,2,Cyanobacteria,1.6624073,1.5042394
2021-10-05,2,Cyanobacteria,1.7783661,1.6211364
2021-10-06,2,Cyanobacteria,1.8943249,1.7077758
2021-10-07,2,Cyanobacteria,2.0102837,1.8249339
2021-10-08,2,Cyanobacteria,2.1262426,1.9404075
2021-10-09,2,Cyanobacteria,2.2422013,1.8622046
2021-10-10,2,Cyanobacteria,2.3581603,1.8900299
2021-10-11,2,Cyanobacteria,2.474119,2.0536368
2021-10-12,2,Cyanobacteria,2.5900779,2.2274876
2021-10-13,2,Cyanobacteria,2.376394,2.278328
2021-10-14,2,Cyanobacteria,2.2953513,2.4150844
2021-10-15,2,Cyanobacteria,4.095699,2.2267714
2021-10-16,2,Cyanobacteria,5.2911153,2.238447
2021-10-17,2,Cyanobacteria,3.2535,3.3507695
2021-10-18,2,Cyanobacteria,3.1076484,3.3949625
2021-10-19,2,Cyanobacteria,2.6348336,2.538814
2021-10-20,2,Cyanobacteria,2.2041533,2.517172
2021-10-21,2,Cyanobacteria,2.0151665,2.2632182
2021-10-22,2,Cyanobacteria,1.8319536,2.0874035
2021-10-23,2,Cyanobacteria,1.7161505,1.9868829
2021-10-24,2,Cyanobacteria,1.7125037,1.6302991
2021-10-25,2,Cyanobacteria,1.5120782,1.6017374
2021-10-26,2,Cyanobacteria,1.6121708,1.5960433
2021-10-27,2,Cyanobacteria,1.3440738,1.4217747
2021-10-28,2,Cyanobacteria,1.1399204,1.4760725
2021-10-29,2,Cyanobacteria,1.698126,1.3385412
2021-10-30,2,Cyanobacteria,2.3341606,1.2684019
2021-10-31,2,Cyanobacteria,1.9348481,1.6001605
2021-11-01,2,Cyanobacteria,1.7935673,1.8306352
2021-11-02,2,Cyanobacteria,1.2920767,1.6272889
2021-11-03,2,Cyanobacteria,1.3757019,1.4665842
2021-11-04,2,Cyanobacteria,1.350919,1.2322309
2021-11-05,2,Cyanobacteria,1.281809,1.3872036
2021-11-06,2,Cyanobacteria,1.0622793,1.3647028
2021-11-07,2,Cyanobacteria,0.91401154,1.2410628
2021-11-08,2,Cyanobacteria,1.5847178,1.0819641
2021-11-09,2,Cyanobacteria,1.2513965,0.99557406
2021-11-10,2,Cyanobacteria,1.065916,1.4041456
2021-11-11,2,Cyanobacteria,1.2520332,1.2332643
2021-11-12,2,Cyanobacteria,1.2013613,1.1132337
2021-11-13,2,Cyanobacteria,1.2783864,1.187956
2021-11-14,2,Cyanobacteria,1.3271418,1.134083
2021-11-15,2,Cyanobacteria,1.343092,1.146664
2021-11-16,2,Cyanobacteria,1.420963,1.1781666
2021-11-17,2,Cyanobacteria,1.2887958,1.1818434
2021-11-18,2,Cyanobacteria,1.3203533,1.2256901
2021-11-19,2,Cyanobacteria,1.3825127,1.1250775
2021-11-20,2,Cyanobacteria,1.2764591,1.1382496
2021-11-21,2,Cyanobacteria,1.1090586,1.2306203
2021-11-22,2,Cyanobacteria,1.129356,1.1910913
2021-11-23,2,Cyanobacteria,1.2800362,1.0947324
2021-11-24,2,Cyanobacteria,1.1554124,1.250794
2021-11-25,2,Cyanobacteria,1.1848153,1.3414613
2021-11-26,2,Cyanobacteria,1.2934299,1.2097335
2021-11-27,2,Cyanobacteria,1.2571418,1.1989076
2021-11-28,2,Cyanobacteria,1.2306077,1.2601483
2021-11-29,2,Cyanobacteria,1.0336133,1.238837
2021-11-30,2,Cyanobacteria,0.86162925,1.2094612
2021-12-01,2,Cyanobacteria,1.5704707,1.042187
2021-12-02,2,Cyanobacteria,1.5914989,0.9244279
2021-12-03,2,Cyanobacteria,1.3629906,1.4072881
2021-12-04,2,Cyanobacteria,1.3497757,1.4065045
2021-12-05,2,Cyanobacteria,1.1732706,1.1966243
2021-12-06,2,Cyanobacteria,1.1404066,1.0744112
2021-12-07,2,Cyanobacteria,1.1583865,0.9664556
2021-12-08,2,Cyanobacteria,1.128018,0.94880944
2021-12-09,2,Cyanobacteria,0.9754814,0.9494854
2021-12-10,2,Cyanobacteria,1.0479378,0.94083834
2021-12-11,2,Cyanobacteria,0.8021346,0.86826307
2021-12-12,2,Cyanobacteria,0.8941274,0.8963671
2021-12-13,2,Cyanobacteria,0.6927569,0.74752015
2021-12-14,2,Cyanobacteria,0.43221417,0.793062
2021-12-15,2,Cyanobacteria,0.36057928,0.67998755
2021-12-16,2,Cyanobacteria,0.40863866,0.49787185
2021-12-17,2,Cyanobacteria,0.9727516,0.44242197
2021-12-18,2,Cyanobacteria,0.9826068,0.5173694
2021-12-19,2,Cyanobacteria,0.9490369,0.91275835
2021-12-20,2,Cyanobacteria,1.178531,0.9197104
2021-12-21,2,Cyanobacteria,1.2478871,0.88685876
2021-12-22,2,Cyanobacteria,1.3445659,1.0224195
2021-12-23,2,Cyanobacteria,0.59661365,1.0073806
2021-12-24,2,Cyanobacteria,0.46170765,1.1294341
2021-12-25,2,Cyanobacteria,0.85164493,0.6786186
2021-12-26,2,Cyanobacteria,0.97535455,0.52070564
2021-12-27,2,Cyanobacteria,0.95947784,0.7588168
2021-12-28,2,Cyanobacteria,0.76329446,0.8933785
2021-12-29,2,Cyanobacteria,0.85634834,0.89506525
2021-12-30,2,Cyanobacteria,0.6464471,0.753228
2021-12-31,2,Cyanobacteria,0.90151423,0.8090641
2022-01-01,2,Cyanobacteria,0.776013,0.6510922
2022-01-02,2,Cyanobacteria,0.83620113,0.88614357
2022-01-03,2,Cyanobacteria,0.80412745,0.86895806
2022-01-04,2,Cyanobacteria,0.6765098,0.9134081
2022-01-05,2,Cyanobacteria,0.4595076,0.9248892
2022-01-06,2,Cyanobacteria,0.19878344,0.8539215
2022-01-07,2,Cyanobacteria,0.67120206,0.7435063
2022-01-08,2,Cyanobacteria,0.95592326,0.6369865
2022-01-09,2,Cyanobacteria,0.9327444,1.0803133
2022-01-10,2,Cyanobacteria,1.0224385,1.3033608
2022-01-11,2,Cyanobacteria,2.1481042,1.1703027
2022-01-12,2,Cyanobacteria,1.6652243,1.3015503
2022-01-13,2,Cyanobacteria,1.291042,1.8341824
2022-01-14,2,Cyanobacteria,1.2574656,1.5145626
2022-01-15,2,Cyanobacteria,1.032084,1.3110583
2022-01-16,2,Cyanobacteria,0.9674892,1.238289
2022-01-17,2,Cyanobacteria,0.94616944,1.057215
2022-01-18,2,Cyanobacteria,0.92269367,0.9835011
2022-01-19,2,Cyanobacteria,0.8611079,1.0156362
2022-01-20,2,Cyanobacteria,0.82545257,0.9423973
2022-01-21,2,Cyanobacteria,0.8182259,0.8888624
2022-01-22,2,Cyanobacteria,1.1027879,0.8373212
2022-01-23,2,Cyanobacteria,0.7645185,0.81309956
2022-01-24,2,Cyanobacteria,1.7065123,0.9976994
2022-01-25,2,Cyanobacteria,0.64539075,0.736263
2022-01-26,2,Cyanobacteria,0.76089376,1.2065003
2022-01-27,2,Cyanobacteria,0.5794614,0.86216193
2022-01-28,2,Cyanobacteria,0.7816709,0.9021093
2022-01-29,2,Cyanobacteria,0.8387186,0.89942193
2022-01-30,2,Cyanobacteria,1.1281649,0.99540937
2022-01-31,2,Cyanobacteria,1.231159,1.1503842
2022-02-01,2,Cyanobacteria,1.4238236,1.3620912
2022-02-02,2,Cyanobacteria,1.3295317,1.3892041
2022-02-03,2,Cyanobacteria,1.784645,1.4622788
2022-02-04,2,Cyanobacteria,1.5408581,1.4053606
2022-02-05,2,Cyanobacteria,1.3269008,1.6629012
2022-02-06,2,Cyanobacteria,1.6413742,1.530487
2022-02-07,2,Cyanobacteria,1.3831661,1.3747993
2022-02-08,2,Cyanobacteria,1.1718699,1.5920458
2022-02-09,2,Cyanobacteria,1.0272319,1.4236622
2022-02-10,2,Cyanobacteria,0.8104344,1.2602372
2022-02-11,2,Cyanobacteria,1.0283359,1.0412664
2022-02-12,2,Cyanobacteria,0.6661383,0.8434497
2022-02-13,2,Cyanobacteria,0.37995383,1.1721854
2022-02-14,2,Cyanobacteria,0.6274094,0.9181311
2022-02-15,2,Cyanobacteria,0.6364919,0.74316335
2022-02-16,2,Cyanobacteria,0.35820666,0.75339794
2022-02-17,2,Cyanobacteria,0.08358897,0.8933621
2022-02-18,2,Cyanobacteria,0.010000016,0.70814264
2022-02-19,2,Cyanobacteria,0.3175398,0.52154946
2022-02-20,2,Cyanobacteria,1.462207,0.8360514
2022-02-21,2,Cyanobacteria,1.7990876,1.230429
2022-02-22,2,Cyanobacteria,1.8775308,2.2065165
2022-02-23,2,Cyanobacteria,2.0480778,2.0205507
2022-02-24,2,Cyanobacteria,1.9205097,1.9005325
2022-02-25,2,Cyanobacteria,1.7929416,1.8182677
2022-02-26,2,Cyanobacteria,1.6653734,1.806394
2022-02-27,2,Cyanobacteria,1.5378052,1.6925635
2022-02-28,2,Cyanobacteria,1.4102371,1.5454687
2022-03-01,2,Cyanobacteria,1.1535721,1.4365971
2022-03-02,2,Cyanobacteria,0.7581607,1.351225
2022-03-03,2,Cyanobacteria,0.4490297,1.1631888
2022-03-04,2,Cyanobacteria,0.2850868,0.73973304
2022-03-05,2,Cyanobacteria,0.06812587,0.4671893
2022-03-06,2,Cyanobacteria,0.120933406,0.37764814
2022-03-07,2,Cyanobacteria,0.05522464,0.16639328
2022-03-08,2,Cyanobacteria,0.50354815,0.1711422
2022-03-09,2,Cyanobacteria,0.66335267,0.23249905
2022-03-10,2,Cyanobacteria,0.40285924,0.6524661
2022-03-11,2,Cyanobacteria,0.014387229,0.60372984
2022-03-12,2,Cyanobacteria,0.015565208,0.3530861
2022-03-13,2,Cyanobacteria,0.010000016,-0.009339106
2022-03-14,2,Cyanobacteria,0.010050719,0.077748105
2022-03-15,2,Cyanobacteria,0.010246022,0.29644558
2022-03-16,2,Cyanobacteria,0.036085412,0.44449195
2022-03-17,2,Cyanobacteria,0.21737875,0.5238824
2022-03-18,2,Cyanobacteria,0.42973912,0.8139684
2022-03-19,2,Cyanobacteria,0.7636884,0.87829477
2022-03-20,2,Cyanobacteria,1.1165409,1.2353193
2022-03-21,2,Cyanobacteria,1.9101883,1.5992345
2022-03-22,2,Cyanobacteria,2.1433985,1.8597085
2022-03-23,2,Cyanobacteria,2.1262445,2.303352
2022-03-24,2,Cyanobacteria,1.9198624,2.3835604
2022-03-25,2,Cyanobacteria,1.8753512,2.3744197
2022-03-26,2,Cyanobacteria,1.8713034,2.3763514
2022-03-27,2,Cyanobacteria,4.2593026,2.8544152
2022-03-28,2,Cyanobacteria,4.0173755,2.7149038
2022-03-29,2,Cyanobacteria,3.7754486,3.4227357
2022-03-30,2,Cyanobacteria,2.644808,3.1508613
2022-03-31,2,Cyanobacteria,2.3579507,3.0007262
2022-04-01,2,Cyanobacteria,2.3900943,2.3605936
2022-04-02,2,Cyanobacteria,2.480131,2.2171535
2022-04-03,2,Cyanobacteria,2.149906,2.1839397
2022-04-04,2,Cyanobacteria,1.8740696,2.4643333
2022-04-05,2,Cyanobacteria,1.7214473,2.076833
2022-04-06,2,Cyanobacteria,1.5688252,1.6909628
2022-04-07,2,Cyanobacteria,1.2899711,1.5068282
2022-04-08,2,Cyanobacteria,1.008827,1.4451256
2022-04-09,2,Cyanobacteria,1.0090086,1.1556277
2022-04-10,2,Cyanobacteria,0.6801231,0.9173976
2022-04-11,2,Cyanobacteria,0.4421845,0.7514625
2022-04-12,2,Cyanobacteria,0.20424601,0.46949255
2022-04-13,2,Cyanobacteria,0.16290368,0.3474609
2022-04-14,2,Cyanobacteria,0.13675833,0.2635827
2022-04-15,2,Cyanobacteria,0.0103894295,0.29966176
2022-04-16,2,Cyanobacteria,0.47120208,0.4245476
2022-04-17,2,Cyanobacteria,0.9320147,0.509497
2022-04-18,2,Cyanobacteria,1.3928274,0.91177183
2022-04-19,2,Cyanobacteria,2.2509274,1.7231908
2022-04-20,2,Cyanobacteria,2.0586097,1.7117832
2022-04-21,2,Cyanobacteria,1.6260804,2.0768876
2022-04-22,2,Cyanobacteria,1.0518768,1.6301491
2022-04-23,2,Cyanobacteria,0.91195065,1.7109574
2022-04-24,2,Cyanobacteria,1.1896162,1.3890262
2022-04-25,2,Cyanobacteria,1.9769739,1.3717135
2022-04-26,2,Cyanobacteria,1.4171904,1.5818758
2022-04-27,2,Cyanobacteria,2.58336,2.5113857
2022-04-28,2,Cyanobacteria,2.152193,1.9597657
2022-04-29,2,Cyanobacteria,2.1626146,2.912285
2022-04-30,2,Cyanobacteria,2.1730363,2.4237194
2022-05-01,2,Cyanobacteria,2.1815941,2.4500291
2022-05-02,2,Cyanobacteria,2.0878696,2.360899
2022-05-03,2,Cyanobacteria,1.9130652,2.613393
2022-05-04,2,Cyanobacteria,1.6117319,2.2781715
2022-05-05,2,Cyanobacteria,1.836971,2.3710644
2022-05-06,2,Cyanobacteria,2.0369325,1.9462124
2022-05-07,2,Cyanobacteria,1.9392464,1.8558209
2022-05-08,2,Cyanobacteria,1.3235699,1.8887526
2022-05-09,2,Cyanobacteria,2.890058,1.7430876
2022-05-10,2,Cyanobacteria,2.2893047,1.7138249
2022-05-11,2,Cyanobacteria,2.080232,2.5622447
2022-05-12,2,Cyanobacteria,2.0300615,2.34543
2022-05-13,2,Cyanobacteria,2.7703042,2.2864854
2022-05-14,2,Cyanobacteria,3.278558,2.3498766
2022-05-15,2,Cyanobacteria,3.915648,2.969947
2022-05-16,2,Cyanobacteria,4.275109,3.0575461
2022-05-17,2,Cyanobacteria,2.8151412,3.2860868
2022-05-18,2,Cyanobacteria,2.0774837,3.075281
2022-05-19,2,Cyanobacteria,1.9749783,2.3672783
2022-05-20,2,Cyanobacteria,1.7361549,1.9841245
2022-05-21,2,Cyanobacteria,1.4398187,2.2291033
2022-05-22,2,Cyanobacteria,2.053594,2.0855854
2022-05-23,2,Cyanobacteria,1.9373734,1.8587437
2022-05-24,2,Cyanobacteria,1.7527878,2.463427
2022-05-25,2,Cyanobacteria,1.9877247,2.316144
2022-05-26,2,Cyanobacteria,1.7746773,2.2219503
2022-05-27,2,Cyanobacteria,2.4411938,2.0851254
2022-05-28,2,Cyanobacteria,3.1183374,2.379445
2022-05-29,2,Cyanobacteria,3.795481,2.8986268
2022-05-30,2,Cyanobacteria,4.472625,3.0907829
2022-05-31,2,Cyanobacteria,5.1497684,3.1146538
2022-06-01,2,Cyanobacteria,4.1820073,3.6251583
2022-06-02,2,Cyanobacteria,3.2975852,3.67724
2022-06-03,2,Cyanobacteria,4.2176213,3.2386525
2022-06-04,2,Cyanobacteria,6.272964,3.170201
2022-06-05,2,Cyanobacteria,4.386336,3.5704322
2022-06-06,2,Cyanobacteria,3.5452392,4.1166234
2022-06-07,2,Cyanobacteria,3.8714397,3.5023284
2022-06-08,2,Cyanobacteria,4.1976404,3.1595004
2022-06-09,2,Cyanobacteria,4.523841,3.384024
2022-06-10,2,Cyanobacteria,4.8500414,3.4718244
2022-06-11,2,Cyanobacteria,5.176242,3.6096475
2022-06-12,2,Cyanobacteria,5.1198487,3.67312
2022-06-13,2,Cyanobacteria,5.0634556,3.7121418
2022-06-14,2,Cyanobacteria,5.0070624,3.4484334
2022-06-15,2,Cyanobacteria,4.9506693,3.455053
2022-06-16,2,Cyanobacteria,4.894276,3.4812095
2022-06-17,2,Cyanobacteria,2.3731694,3.5584154
2022-06-18,2,Cyanobacteria,1.219232,3.5696888
2022-06-19,2,Cyanobacteria,0.9798187,2.0695376
2022-06-20,2,Cyanobacteria,0.78918177,1.1947329
2022-06-21,2,Cyanobacteria,0.83319336,1.1697941
2022-06-22,2,Cyanobacteria,1.5494641,1.2782372
2022-06-23,2,Cyanobacteria,4.7543416,1.4524838
2022-06-24,2,Cyanobacteria,3.66243,2.272221
2022-06-25,2,Cyanobacteria,1.9184504,3.8256195
2022-06-26,2,Cyanobacteria,2.8912816,3.147608
2022-06-27,2,Cyanobacteria,2.743483,2.0122173
2022-06-28,2,Cyanobacteria,2.3900073,2.8170505
2022-06-29,2,Cyanobacteria,2.7020102,2.469325
2022-06-30,2,Cyanobacteria,2.2068284,2.3490047
2022-07-01,2,Cyanobacteria,2.0284288,2.815602
2022-07-02,2,Cyanobacteria,2.504562,2.4920127
2022-07-03,2,Cyanobacteria,2.6843994,2.3545916
2022-07-04,2,Cyanobacteria,3.274656,2.7454414
2022-07-05,2,Cyanobacteria,3.1509414,2.8449614
2022-07-06,2,Cyanobacteria,3.4092262,3.2049997
2022-07-07,2,Cyanobacteria,2.602117,3.0476758
2022-07-08,2,Cyanobacteria,2.0531843,3.1212199
2022-07-09,2,Cyanobacteria,1.7956238,2.6149933
2022-07-10,2,Cyanobacteria,2.0568504,2.224601
2022-07-11,2,Cyanobacteria,2.372128,2.1501012
2022-07-12,2,Cyanobacteria,2.6012175,2.4071968
2022-07-13,2,Cyanobacteria,2.828348,2.7476225
2022-07-14,2,Cyanobacteria,3.8188338,2.9370327
2022-07-15,2,Cyanobacteria,6.297978,3.0573337
2022-07-16,2,Cyanobacteria,5.4864035,3.940573
2022-07-17,2,Cyanobacteria,6.516273,4.518805
2022-07-18,2,Cyanobacteria,4.57671,4.212905
2022-07-19,2,Cyanobacteria,3.2610588,4.4323955
2022-07-20,2,Cyanobacteria,3.2007184,3.7412312
2022-07-21,2,Cyanobacteria,3.3733938,2.9340193
2022-07-22,2,Cyanobacteria,3.3644865,3.0018907
2022-07-23,2,Cyanobacteria,3.8821256,2.91408
2022-07-24,2,Cyanobacteria,4.914276,3.1378438
2022-07-25,2,Cyanobacteria,3.6174076,3.5429466
2022-07-26,2,Cyanobacteria,2.4253619,3.8355227
2022-07-27,2,Cyanobacteria,3.0902102,3.1173613
2022-07-28,2,Cyanobacteria,3.2870235,2.7341077
2022-07-29,2,Cyanobacteria,3.320978,3.288525
2022-07-30,2,Cyanobacteria,3.3549325,3.4334946
2022-07-31,2,Cyanobacteria,3.3888872,3.2529392
2022-08-01,2,Cyanobacteria,3.4228415,3.3704095
2022-08-02,2,Cyanobacteria,3.4567962,3.3871074
2022-08-03,2,Cyanobacteria,3.4907506,3.4476078
2022-08-04,2,Cyanobacteria,3.5247052,3.4575925
2022-08-05,2,Cyanobacteria,3.5586596,3.3863857
2022-08-06,2,Cyanobacteria,3.592614,3.6577911
2022-08-07,2,Cyanobacteria,3.6265686,3.6554363
2022-08-08,2,Cyanobacteria,3.6605232,3.5845394
2022-08-09,2,Cyanobacteria,3.6944776,3.5910127
2022-08-10,2,Cyanobacteria,3.728432,3.6057277
2022-08-11,2,Cyanobacteria,3.7623866,3.6352463
2022-08-12,2,Cyanobacteria,3.796341,3.673168
2022-08-13,2,Cyanobacteria,3.8302956,3.7157373
2022-08-14,2,Cyanobacteria,3.8642502,3.7370017
2022-08-15,2,Cyanobacteria,3.8982048,3.8016765
2022-08-16,2,Cyanobacteria,3.9321592,3.7244873
2022-08-17,2,Cyanobacteria,3.9661138,3.7097108
2022-08-18,2,Cyanobacteria,4.000068,3.7272327
2022-08-19,2,Cyanobacteria,4.0340223,3.7214682
2022-08-20,2,Cyanobacteria,4.0679774,3.679902
2022-08-21,2,Cyanobacteria,4.1019316,3.7241445
2022-08-22,2,Cyanobacteria,4.135886,3.718389
2022-08-23,2,Cyanobacteria,4.169841,3.7424362
2022-08-24,2,Cyanobacteria,4.203795,3.7488458
2022-08-25,2,Cyanobacteria,4.2377496,3.7548594
2022-08-26,2,Cyanobacteria,4.271704,3.811074
2022-08-27,2,Cyanobacteria,4.305659,3.8774905
2022-08-28,2,Cyanobacteria,4.339613,3.9080732
2022-08-29,2,Cyanobacteria,4.3735676,3.9080782
2022-08-30,2,Cyanobacteria,4.407522,3.7971234
2022-08-31,2,Cyanobacteria,4.441477,3.688407
2022-09-01,2,Cyanobacteria,4.475431,3.7898996
2022-09-02,2,Cyanobacteria,4.5093856,3.8542206
2022-09-03,2,Cyanobacteria,4.54334,3.9139915
2022-09-04,2,Cyanobacteria,4.577295,3.9670205
2022-09-05,2,Cyanobacteria,4.6112494,3.8841853
2022-09-06,2,Cyanobacteria,4.6452036,3.8795905
2022-09-07,2,Cyanobacteria,4.679158,3.8186922
2022-09-08,2,Cyanobacteria,4.713113,3.7470658
2022-09-09,2,Cyanobacteria,4.7470675,3.8640258
2022-09-10,2,Cyanobacteria,4.781022,3.9060483
2022-09-11,2,Cyanobacteria,6.1217318,3.9958098
2022-09-12,2,Cyanobacteria,6.153777,3.9741764
2022-09-13,2,Cyanobacteria,5.5154853,4.439323
2022-09-14,2,Cyanobacteria,4.42329,4.3134933
2022-09-15,2,Cyanobacteria,3.8892832,4.1877446
2022-09-16,2,Cyanobacteria,3.7135918,3.738269
2022-09-17,2,Cyanobacteria,2.9347034,3.52514
2022-09-18,2,Cyanobacteria,4.431348,3.3699667
2022-09-19,2,Cyanobacteria,4.227647,2.913328
2022-09-20,2,Cyanobacteria,2.5538044,3.6556435
2022-09-21,2,Cyanobacteria,2.390876,3.2253754
2022-09-22,2,Cyanobacteria,2.1660202,2.47615
2022-09-23,2,Cyanobacteria,2.1745803,2.4225805
2022-09-24,2,Cyanobacteria,2.6702752,2.3183212
2022-09-25,2,Cyanobacteria,2.3401449,2.4129906
2022-09-26,2,Cyanobacteria,2.3833406,2.8065052
2022-09-27,2,Cyanobacteria,2.510181,2.5851164
2022-09-28,2,Cyanobacteria,4.2074294,2.8450003
2022-09-29,2,Cyanobacteria,4.753896,2.9221332
2022-09-30,2,Cyanobacteria,6.1951814,3.812331
2022-10-01,2,Cyanobacteria,3.065192,3.874594
2022-10-02,2,Cyanobacteria,3.7090797,4.509331
2022-10-03,2,Cyanobacteria,4.398922,3.3158846
2022-10-04,2,Cyanobacteria,5.0918016,3.6634812
2022-10-05,2,Cyanobacteria,4.849297,3.8447945
2022-10-06,2,Cyanobacteria,4.0219636,3.916133
2022-10-07,2,Cyanobacteria,2.7237463,3.6707346
2022-10-08,2,Cyanobacteria,2.32,3.1940715
2022-10-09,2,Cyanobacteria,3.2219276,2.301165
2022-10-10,2,Cyanobacteria,3.2224002,1.9589086
2022-10-11,2,Cyanobacteria,2.4283636,2.755321
2022-10-12,2,Cyanobacteria,2.2486668,2.5823374
2022-10-13,2,Cyanobacteria,2.2341595,2.110072
2022-10-14,2,Cyanobacteria,2.4454308,2.1005683
2022-10-15,2,Cyanobacteria,2.189485,2.1841493
2022-10-16,2,Cyanobacteria,2.4336784,2.272571
2022-10-17,2,Cyanobacteria,2.1963432,2.0421455
2022-10-18,2,Cyanobacteria,1.77874,2.2834687
2022-10-19,2,Cyanobacteria,1.6230702,2.0265245
2022-10-20,2,Cyanobacteria,1.579081,1.7502973
2022-10-21,2,Cyanobacteria,1.7665725,1.8608289
2022-10-22,2,Cyanobacteria,2.6929433,1.8750552
2022-10-23,2,Cyanobacteria,2.4712858,2.0980408
2022-10-24,2,Cyanobacteria,2.1828291,2.6134665
2022-10-25,2,Cyanobacteria,1.9161577,2.18368
2022-10-26,2,Cyanobacteria,1.6670797,2.0704157
2022-10-27,2,Cyanobacteria,1.6202025,1.785744
2022-10-28,2,Cyanobacteria,1.552974,1.5936023
2022-10-29,2,Cyanobacteria,1.5037726,1.4941924
2022-10-30,2,Cyanobacteria,1.6090738,1.4420215
2022-10-31,2,Cyanobacteria,1.5013676,1.429944
2022-11-01,2,Cyanobacteria,1.3019855,1.4875712
2022-11-02,2,Cyanobacteria,1.1026033,1.3407757
2022-11-03,2,Cyanobacteria,1.1929109,1.3020979
2022-11-04,2,Cyanobacteria,1.2192972,1.1736509
2022-11-05,2,Cyanobacteria,1.2108177,1.3443367
2022-11-06,2,Cyanobacteria,1.1931765,1.4749955
2022-11-07,2,Cyanobacteria,1.1273862,1.5803442
2022-11-08,2,Cyanobacteria,1.5220854,1.5864317
2022-11-09,2,Cyanobacteria,1.8338467,1.6129079
2022-11-10,2,Cyanobacteria,2.1456077,1.8494642
2022-11-11,2,Cyanobacteria,3.645496,1.97213
2022-11-12,2,Cyanobacteria,3.7778358,2.1720831
2022-11-13,2,Cyanobacteria,3.9101756,2.7748134
2022-11-14,2,Cyanobacteria,4.0425153,2.665432
2022-11-15,2,Cyanobacteria,4.174855,2.557859
2022-11-16,2,Cyanobacteria,2.4362636,2.387015
2022-11-17,2,Cyanobacteria,1.8813034,2.3243084
2022-11-18,2,Cyanobacteria,1.7065123,1.8525064
2022-11-19,2,Cyanobacteria,1.7963116,1.7179482
2022-11-20,2,Cyanobacteria,1.7562879,1.7082419
2022-11-21,2,Cyanobacteria,1.716068,1.8017163
2022-11-22,2,Cyanobacteria,1.8579218,1.8623563
2022-11-23,2,Cyanobacteria,2.309513,1.763558
2022-11-24,2,Cyanobacteria,2.2426267,1.8309209
2022-11-25,2,Cyanobacteria,1.6817813,1.9584442
2022-11-26,2,Cyanobacteria,2.334812,1.9674113
2022-11-27,2,Cyanobacteria,2.538623,1.7369705
2022-11-28,2,Cyanobacteria,2.067699,2.0997849
2022-11-29,2,Cyanobacteria,1.609312,2.1461017
2022-11-30,2,Cyanobacteria,1.4803835,1.802441
2022-12-01,2,Cyanobacteria,1.5265702,1.5392128
2022-12-02,2,Cyanobacteria,1.5021827,1.483381
2022-12-03,2,Cyanobacteria,1.3033888,1.6331537
2022-12-04,2,Cyanobacteria,1.2186893,1.694116
2022-12-05,2,Cyanobacteria,1.2566932,1.5929679
2022-12-06,2,Cyanobacteria,1.2839594,1.587126
2022-12-07,2,Cyanobacteria,1.2833816,1.6060605
2022-12-08,2,Cyanobacteria,1.264826,1.7121725
2022-12-09,2,Cyanobacteria,1.1665274,1.6327742
2022-12-10,2,Cyanobacteria,1.1783273,1.5818284
2022-12-11,2,Cyanobacteria,1.162433,1.5272276
2022-12-12,2,Cyanobacteria,1.0775615,1.5450448
2022-12-13,2,Cyanobacteria,1.0522738,1.5070161
2022-12-14,2,Cyanobacteria,1.0630385,1.471323
2022-12-15,2,Cyanobacteria,0.9643116,1.4403055
2022-12-16,2,Cyanobacteria,0.9429254,1.3383986
2022-12-17,2,Cyanobacteria,0.9599493,1.2550864
2022-12-18,2,Cyanobacteria,1.066546,1.0283864
2022-12-19,2,Cyanobacteria,1.2629783,1.1556457
2022-12-20,2,Cyanobacteria,0.976756,1.2144318
2022-12-21,2,Cyanobacteria,0.92862743,1.3788228
2022-12-22,2,Cyanobacteria,0.971029,1.0910795
2022-12-23,2,Cyanobacteria,1.0265797,0.9948285
2022-12-24,2,Cyanobacteria,1.063063,0.967447
2022-12-25,2,Cyanobacteria,1.0813106,1.0143461
2022-12-26,2,Cyanobacteria,1.0943778,1.0689508
2022-12-27,2,Cyanobacteria,1.0884805,1.0555378
2022-12-28,2,Cyanobacteria,1.1312981,1.0234563
2022-12-29,2,Cyanobacteria,1.1201302,1.0316042
2022-12-30,2,Cyanobacteria,1.0986956,1.068398
2022-12-31,2,Cyanobacteria,1.1218044,1.0333894
2023-01-01,2,Cyanobacteria,1.1762229,0.99238235
2023-01-02,2,Cyanobacteria,1.3408847,1.015958
2023-01-03,2,Cyanobacteria,1.5967512,1.0762302
2023-01-04,2,Cyanobacteria,1.1869442,1.1612793
2023-01-05,2,Cyanobacteria,0.5527029,1.2925695
2023-01-06,2,Cyanobacteria,0.5547719,1.072332
2023-01-07,2,Cyanobacteria,0.25931886,0.68158233
2023-01-08,2,Cyanobacteria,0.8177391,0.7366987
2023-01-09,2,Cyanobacteria,0.1614521,0.621373
2023-01-10,2,Cyanobacteria,0.992042,1.1821142
2023-01-11,2,Cyanobacteria,1.275152,0.87846
2023-01-12,2,Cyanobacteria,1.3251085,1.4483153
2023-01-13,2,Cyanobacteria,1.0189146,1.4819129
2023-01-14,2,Cyanobacteria,1.2738205,1.480989
2023-01-15,2,Cyanobacteria,1.3461332,1.4048988
2023-01-16,2,Cyanobacteria,1.4476104,1.4421504
2023-01-17,2,Cyanobacteria,1.2679595,1.7332116
2023-01-18,2,Cyanobacteria,1.4467247,1.6558186
2023-01-19,2,Cyanobacteria,1.4130435,1.5537881
2023-01-20,2,Cyanobacteria,1.1790079,1.5821584
2023-01-21,2,Cyanobacteria,1.253741,1.416753
2023-01-22,2,Cyanobacteria,0.74572355,1.1297989
2023-01-23,2,Cyanobacteria,0.6302901,1.3121176
2023-01-24,2,Cyanobacteria,1.5968212,1.0712838
2023-01-25,2,Cyanobacteria,1.5914844,0.79549074
2023-01-26,2,Cyanobacteria,1.4528313,1.7352968
2023-01-27,2,Cyanobacteria,1.3141781,1.6179593
2023-01-28,2,Cyanobacteria,1.4395945,1.4731365
2023-01-29,2,Cyanobacteria,1.4727279,1.3544415
2023-01-30,2,Cyanobacteria,1.3791581,1.4688236
2023-01-31,2,Cyanobacteria,1.1787742,1.4963847
2023-02-01,2,Cyanobacteria,0.9783902,1.4391937
2023-02-02,2,Cyanobacteria,1.3512114,1.3067405
2023-02-03,2,Cyanobacteria,1.5657766,1.222774
2023-02-04,2,Cyanobacteria,1.615985,1.5324428
2023-02-05,2,Cyanobacteria,2.4904246,1.7504394
2023-02-06,2,Cyanobacteria,2.262368,1.7475163
2023-02-07,2,Cyanobacteria,2.1824055,2.1189628
2023-02-08,2,Cyanobacteria,1.5520464,1.8974456
2023-02-09,2,Cyanobacteria,1.8653886,1.9213209
2023-02-10,2,Cyanobacteria,2.283535,1.6429677
2023-02-11,2,Cyanobacteria,2.7620409,1.7294636
2023-02-12,2,Cyanobacteria,2.2324486,1.9952962
2023-02-13,2,Cyanobacteria,1.8255773,2.0275388
2023-02-14,2,Cyanobacteria,2.4639304,1.8436674
2023-02-15,2,Cyanobacteria,1.9916799,1.7301378
2023-02-16,2,Cyanobacteria,1.7593039,2.015961
2023-02-17,2,Cyanobacteria,1.7566204,1.8037328
2023-02-18,2,Cyanobacteria,1.8478105,1.7304133
2023-02-19,2,Cyanobacteria,1.577091,1.7099558
2023-02-20,2,Cyanobacteria,1.5175421,1.8190391
2023-02-21,2,Cyanobacteria,1.2222602,1.6277097
2023-02-22,2,Cyanobacteria,1.1143904,1.6297066
2023-02-23,2,Cyanobacteria,1.5166937,1.4206004
2023-02-24,2,Cyanobacteria,1.4491328,1.3528364
2023-02-25,2,Cyanobacteria,1.4799918,1.6504883
2023-02-26,2,Cyanobacteria,1.5221559,1.6025153
2023-02-27,2,Cyanobacteria,1.712296,1.5737374
2023-02-28,2,Cyanobacteria,2.1366403,1.6360352
2023-03-01,2,Cyanobacteria,1.7858219,1.7192911
2023-03-02,2,Cyanobacteria,1.3755527,2.0128338
2023-03-03,2,Cyanobacteria,1.2984917,1.7625598
2023-03-04,2,Cyanobacteria,1.2888846,1.4420879
2023-03-05,2,Cyanobacteria,1.2217515,1.3748997
2023-03-06,2,Cyanobacteria,1.191564,1.4185508
2023-03-07,2,Cyanobacteria,1.3979748,1.4088894
2023-03-08,2,Cyanobacteria,1.3001692,1.3812773
2023-03-09,2,Cyanobacteria,1.2327971,1.5136707
2023-03-10,2,Cyanobacteria,1.1577052,1.451043
2023-03-11,2,Cyanobacteria,1.0726924,1.3681965
2023-03-12,2,Cyanobacteria,1.0191824,1.3157698
2023-03-13,2,Cyanobacteria,0.8894389,1.2519877
2023-03-14,2,Cyanobacteria,0.90746105,1.226329
2023-03-15,2,Cyanobacteria,0.87925994,1.2366508
2023-03-16,2,Cyanobacteria,0.83830166,1.1262888
2023-03-17,2,Cyanobacteria,1.0444053,1.0882689
2023-03-18,2,Cyanobacteria,1.0910829,1.1234957
2023-03-19,2,Cyanobacteria,0.9658961,1.364033
2023-03-20,2,Cyanobacteria,0.92234516,1.4140127
2023-03-21,2,Cyanobacteria,0.9250495,1.2904471
2023-03-22,2,Cyanobacteria,0.80815005,1.2923634
2023-03-23,2,Cyanobacteria,0.27196577,1.2807885
2023-03-24,2,Cyanobacteria,0.7134048,1.3065592
2023-03-25,2,Cyanobacteria,2.8818572,0.8721846
2023-03-26,2,Cyanobacteria,3.2467968,1.3182939
2023-03-27,2,Cyanobacteria,3.6117365,3.091987
2023-03-28,2,Cyanobacteria,2.6727736,2.707473
2023-03-29,2,Cyanobacteria,1.9372687,2.7625382
2023-03-30,2,Cyanobacteria,1.7760023,2.1896777
2023-03-31,2,Cyanobacteria,1.5423425,2.015641
2023-04-01,2,Cyanobacteria,1.2678039,1.7334336
2023-04-02,2,Cyanobacteria,1.108106,1.5219613
2023-04-03,2,Cyanobacteria,1.0268787,1.2832956
2023-04-04,2,Cyanobacteria,1.0073328,1.2520714
2023-04-05,2,Cyanobacteria,1.5883657,1.2893275
2023-04-06,2,Cyanobacteria,2.1693985,1.4349698
2023-04-07,2,Cyanobacteria,2.7504315,1.950242
2023-04-08,2,Cyanobacteria,3.3314643,2.331396
2023-04-09,2,Cyanobacteria,2.7729766,2.3855364
2023-04-10,2,Cyanobacteria,2.417534,2.5364575
2023-04-11,2,Cyanobacteria,1.7742348,2.1561823
2023-04-12,2,Cyanobacteria,1.4090321,1.9644742
2023-04-13,2,Cyanobacteria,1.2431421,1.6283708
2023-04-14,2,Cyanobacteria,1.120989,1.3214298
2023-04-15,2,Cyanobacteria,1.1054552,1.3325063
2023-04-16,2,Cyanobacteria,1.0206532,1.3635716
2023-04-17,2,Cyanobacteria,0.772153,1.3469605
2023-04-18,2,Cyanobacteria,1.0562845,1.4682882
2023-04-19,2,Cyanobacteria,1.5799931,1.3485311
2023-04-20,2,Cyanobacteria,1.3164134,1.708151
2023-04-21,2,Cyanobacteria,1.2170826,2.086929
2023-04-22,2,Cyanobacteria,1.2514278,1.5645334
2023-04-23,2,Cyanobacteria,1.1737871,1.3961116
2023-04-24,2,Cyanobacteria,1.1448725,1.6402222
2023-04-25,2,Cyanobacteria,1.0627111,1.6657281
2023-04-26,2,Cyanobacteria,1.4576253,1.6817498
2023-04-27,2,Cyanobacteria,1.7456878,1.5615116
2023-04-28,2,Cyanobacteria,1.8548379,1.6644845
2023-04-29,2,Cyanobacteria,2.6361527,2.0278344
2023-04-30,2,Cyanobacteria,3.1612911,2.0433536
2023-05-01,2,Cyanobacteria,1.9083881,2.7442374
2023-05-02,2,Cyanobacteria,1.5850003,2.764859
2023-05-03,2,Cyanobacteria,0.7557995,2.0546882
2023-05-04,2,Cyanobacteria,0.83305645,1.7504051
2023-05-05,2,Cyanobacteria,0.64165354,1.0720818
2023-05-06,2,Cyanobacteria,0.42700356,1.17195
2023-05-07,2,Cyanobacteria,1.1629804,1.0571318
2023-05-08,2,Cyanobacteria,1.8989573,1.0702944
2023-05-09,2,Cyanobacteria,2.634934,1.9698756
2023-05-10,2,Cyanobacteria,3.370911,2.2066193
2023-05-11,2,Cyanobacteria,4.106888,2.5105922
2023-05-12,2,Cyanobacteria,4.8428645,2.7494576
2023-05-13,2,Cyanobacteria,5.5788417,2.8804603
2023-05-14,2,Cyanobacteria,3.4932373,2.6416237
2023-05-15,2,Cyanobacteria,2.3829908,2.5774713
2023-05-16,2,Cyanobacteria,1.6760406,1.9599376
2023-05-17,2,Cyanobacteria,1.5048957,1.6649475
2023-05-18,2,Cyanobacteria,1.3905042,1.3627067
2023-05-19,2,Cyanobacteria,1.3446171,1.5340042
2023-05-20,2,Cyanobacteria,1.3385532,1.5667199
2023-05-21,2,Cyanobacteria,1.2489344,1.568213
2023-05-22,2,Cyanobacteria,1.2775736,1.8167366
2023-05-23,2,Cyanobacteria,1.7400788,1.711496
2023-05-24,2,Cyanobacteria,2.1723888,1.6762131
2023-05-25,2,Cyanobacteria,2.054791,2.0538802
2023-05-26,2,Cyanobacteria,2.0169272,2.3507276
2023-05-27,2,Cyanobacteria,2.1836193,2.2651136
2023-05-28,2,Cyanobacteria,2.1190135,2.1830032
2023-05-29,2,Cyanobacteria,2.2845416,2.259575
2023-05-30,2,Cyanobacteria,2.8546731,2.215277
2023-05-31,2,Cyanobacteria,3.6820343,2.2986193
2023-06-01,2,Cyanobacteria,4.2432837,2.577785
2023-06-02,2,Cyanobacteria,3.1228824,2.7022207
2023-06-03,2,Cyanobacteria,3.9125252,2.673958
2023-06-04,2,Cyanobacteria,3.0990682,2.304189
2023-06-05,2,Cyanobacteria,2.2573907,2.7117321
2023-06-06,2,Cyanobacteria,3.5290446,2.4487839
2023-06-07,2,Cyanobacteria,4.5944915,2.1341174
2023-06-08,2,Cyanobacteria,3.974097,2.8193586
2023-06-09,2,Cyanobacteria,2.817865,3.2145426
2023-06-10,2,Cyanobacteria,2.1575139,2.9232574
2023-06-11,2,Cyanobacteria,2.202399,2.3649526
2023-06-12,2,Cyanobacteria,2.613506,2.136024
2023-06-13,2,Cyanobacteria,3.0178857,2.3654819
2023-06-14,2,Cyanobacteria,3.2518442,2.670924
2023-06-15,2,Cyanobacteria,2.6697867,2.729003
2023-06-16,2,Cyanobacteria,1.9534781,2.5024614
2023-06-17,2,Cyanobacteria,2.036473,2.2076967
2023-06-18,2,Cyanobacteria,2.074111,1.8850111
2023-06-19,2,Cyanobacteria,1.7520274,2.085219
2023-06-20,2,Cyanobacteria,1.9095271,2.0453968
2023-06-21,2,Cyanobacteria,2.6224213,2.0375452
2023-06-22,2,Cyanobacteria,2.9754727,2.1954372
2023-06-23,2,Cyanobacteria,3.7797623,2.6424165
2023-06-24,2,Cyanobacteria,3.8032756,2.675319
2023-06-25,2,Cyanobacteria,3.9180677,2.941115
2023-06-26,2,Cyanobacteria,4.7419147,2.6475608
2023-06-27,2,Cyanobacteria,5.532881,2.4148479
2023-06-28,2,Cyanobacteria,3.5055287,2.8031197
2023-06-29,2,Cyanobacteria,3.4548762,2.771327
2023-06-30,2,Cyanobacteria,2.7937806,2.021338
2023-07-01,2,Cyanobacteria,1.5995938,1.8898845
2023-07-02,2,Cyanobacteria,1.5965191,1.595546
2023-07-03,2,Cyanobacteria,1.7737297,1.1219878
2023-07-04,2,Cyanobacteria,2.776571,1.3499827
2023-07-05,2,Cyanobacteria,3.2304816,1.5024383
2023-07-06,2,Cyanobacteria,1.984966,1.9687145
2023-07-07,2,Cyanobacteria,1.9826539,2.0268931
2023-07-08,2,Cyanobacteria,2.2500691,1.257402
2023-07-09,2,Cyanobacteria,2.3913074,1.2415564
2023-07-10,2,Cyanobacteria,2.655939,1.5146377
2023-07-11,2,Cyanobacteria,1.9692372,1.5262829
2023-07-12,2,Cyanobacteria,1.2298373,1.5616727
2023-07-13,2,Cyanobacteria,1.0929966,1.1994761
2023-07-14,2,Cyanobacteria,0.5992144,0.90689003
2023-07-15,2,Cyanobacteria,0.6014617,0.90271777
2023-07-16,2,Cyanobacteria,0.609786,0.76584125
2023-07-17,2,Cyanobacteria,0.70679635,0.820867
2023-07-18,2,Cyanobacteria,0.8659262,1.0600864
2023-07-19,2,Cyanobacteria,0.9241884,1.1271356
2023-07-20,2,Cyanobacteria,1.0990573,1.2210224
2023-07-21,2,Cyanobacteria,2.9751103,1.3121471
2023-07-22,2,Cyanobacteria,4.6228127,1.4373688
2023-07-23,2,Cyanobacteria,2.8313358,2.8178134
2023-07-24,2,Cyanobacteria,4.548409,2.918859
2023-07-25,2,Cyanobacteria,5.784873,2.0017717
2023-07-26,2,Cyanobacteria,3.7234683,2.4772623
2023-07-27,2,Cyanobacteria,1.6620638,2.4739542
2023-07-28,2,Cyanobacteria,0.8556233,1.7932616
2023-07-29,2,Cyanobacteria,0.89116377,1.148801
2023-07-30,2,Cyanobacteria,1.1886462,0.8676757
2023-07-31,2,Cyanobacteria,2.471676,1.142802
2023-08-01,2,Cyanobacteria,1.6940145,1.7166355
2023-08-02,2,Cyanobacteria,1.9481753,2.239283
2023-08-03,2,Cyanobacteria,1.7617489,1.4848186
2023-08-04,2,Cyanobacteria,1.0801963,1.5209285
2023-08-05,2,Cyanobacteria,1.292281,1.3382382
2023-08-06,2,Cyanobacteria,1.7215066,1.006755
2023-08-07,2,Cyanobacteria,3.3288689,1.3296525
2023-08-08,2,Cyanobacteria,3.0218735,1.6643056
2023-08-09,2,Cyanobacteria,1.651122,2.3098257
2023-08-10,2,Cyanobacteria,1.442921,1.8580996
2023-08-11,2,Cyanobacteria,0.7765467,1.0933977
2023-08-12,2,Cyanobacteria,0.9314234,1.1056641
2023-08-13,2,Cyanobacteria,1.5715406,0.84390414
2023-08-14,2,Cyanobacteria,4.173333,1.0404497
2023-08-15,2,Cyanobacteria,1.9116304,1.5431228
2023-08-16,2,Cyanobacteria,3.6171675,2.5783277
2023-08-17,2,Cyanobacteria,2.3501623,1.4773468
2023-08-18,2,Cyanobacteria,2.9149249,2.166094
2023-08-19,2,Cyanobacteria,3.0159187,1.6883967
2023-08-20,2,Cyanobacteria,2.285934,2.3279414
2023-08-21,2,Cyanobacteria,2.103505,2.3376944
2023-08-22,2,Cyanobacteria,2.0100663,1.8073155
2023-08-23,2,Cyanobacteria,2.030845,1.8648044
2023-08-24,2,Cyanobacteria,1.9803014,1.9977804
2023-08-25,2,Cyanobacteria,1.8590924,2.0034113
2023-08-26,2,Cyanobacteria,2.186416,1.9289005
2023-08-27,2,Cyanobacteria,2.1218035,2.101605
2023-08-28,2,Cyanobacteria,2.2880745,2.4416146
2023-08-29,2,Cyanobacteria,4.906969,2.3462615
2023-08-30,2,Cyanobacteria,2.747103,2.4323041
2023-08-31,2,Cyanobacteria,4.8251433,3.5382204
2023-09-01,2,Cyanobacteria,3.1461823,2.259483
2023-09-02,2,Cyanobacteria,2.997252,3.4034793
2023-09-03,2,Cyanobacteria,2.551028,2.3909495
2023-09-04,2,Cyanobacteria,2.49856,2.255972
2023-09-05,2,Cyanobacteria,5.2166624,2.2164097
2023-09-06,2,Cyanobacteria,5.1275606,2.37334
2023-09-07,2,Cyanobacteria,5.0384583,3.4414623
2023-09-08,2,Cyanobacteria,4.9493566,3.3496122
2023-09-09,2,Cyanobacteria,2.5999234,3.0196676
2023-09-10,2,Cyanobacteria,2.1791236,2.6416266
2023-09-11,2,Cyanobacteria,1.9352801,1.722942
2023-09-12,2,Cyanobacteria,1.8269101,1.856296
2023-09-13,2,Cyanobacteria,1.9009577,1.7405505
2023-09-14,2,Cyanobacteria,2.1442535,1.9907434
2023-09-15,2,Cyanobacteria,2.3835835,2.0050235
2023-09-16,2,Cyanobacteria,2.215428,2.202765
2023-09-17,2,Cyanobacteria,1.9896855,2.1760848
2023-09-18,2,Cyanobacteria,2.0334396,2.01267
2023-09-19,2,Cyanobacteria,2.1670406,2.0383196
2023-09-20,2,Cyanobacteria,2.404295,2.0429506
2023-09-21,2,Cyanobacteria,2.4283464,2.1051314
2023-09-22,2,Cyanobacteria,2.1776288,2.249523
2023-09-23,2,Cyanobacteria,2.2079122,2.2372231
2023-09-24,2,Cyanobacteria,2.0656526,2.0460997
2023-09-25,2,Cyanobacteria,1.8197497,1.992438
2023-09-26,2,Cyanobacteria,2.788784,2.003868
2023-09-27,2,Cyanobacteria,2.862572,1.872858
2023-09-28,2,Cyanobacteria,2.8470044,2.3936481
2023-09-29,2,Cyanobacteria,2.7773497,2.2986286
2023-09-30,2,Cyanobacteria,3.3597028,2.2269442
2023-10-01,2,Cyanobacteria,3.2632625,2.191644
2023-10-02,2,Cyanobacteria,2.1856651,2.400186
2023-10-03,2,Cyanobacteria,3.234886,2.2295258
2023-10-04,2,Cyanobacteria,3.1014996,1.7931565
2023-10-05,2,Cyanobacteria,2.354695,2.6803951
2023-10-06,2,Cyanobacteria,1.8833472,2.3632061
2023-10-07,2,Cyanobacteria,1.6806661,2.0128942
2023-10-08,2,Cyanobacteria,1.6510261,1.8985121
2023-10-09,2,Cyanobacteria,1.65687,1.9164182
2023-10-10,2,Cyanobacteria,2.0349479,1.9431554
2023-10-11,2,Cyanobacteria,1.9036157,1.8791927
2023-10-12,2,Cyanobacteria,1.5963961,2.2970846
2023-10-13,2,Cyanobacteria,2.2419574,2.2044673
2023-10-14,2,Cyanobacteria,3.478502,2.0164204
2023-10-15,2,Cyanobacteria,3.9786897,2.4516354
2023-10-16,2,Cyanobacteria,2.291187,3.06698
2023-10-17,2,Cyanobacteria,2.2361436,3.1264458
2023-10-18,2,Cyanobacteria,3.1238363,2.3267522
2023-10-19,2,Cyanobacteria,3.5173097,2.2080157
2023-10-20,2,Cyanobacteria,3.7166374,2.769486
2023-10-21,2,Cyanobacteria,2.9234288,2.7575998
2023-10-22,2,Cyanobacteria,3.0309916,2.7453768
2023-10-23,2,Cyanobacteria,2.8510609,2.6544187
2023-10-24,2,Cyanobacteria,3.768123,2.5240085
2023-10-25,2,Cyanobacteria,5.941194,2.57898
2023-10-26,2,Cyanobacteria,4.4449563,3.0168164
2023-10-27,2,Cyanobacteria,4.763434,3.515651
2023-10-28,2,Cyanobacteria,2.8690472,3.051461
2023-10-29,2,Cyanobacteria,2.7990034,3.1371264
2023-10-30,2,Cyanobacteria,2.6598368,2.4150312
2023-10-31,2,Cyanobacteria,3.064641,2.362469
2023-11-01,2,Cyanobacteria,3.5453944,2.3138556
2023-11-02,2,Cyanobacteria,3.0826712,2.539127
2023-11-03,2,Cyanobacteria,3.453603,2.706726
2023-11-04,2,Cyanobacteria,2.4549444,2.4818587
2023-11-05,2,Cyanobacteria,3.4141028,2.7051196
2023-11-06,2,Cyanobacteria,3.7630842,2.1181889
2023-11-07,2,Cyanobacteria,2.8241215,2.4517407
2023-11-08,2,Cyanobacteria,1.6250529,2.5875123
2023-11-09,2,Cyanobacteria,1.9600605,2.0420387
2023-11-10,2,Cyanobacteria,2.4557483,1.4168477
2023-11-11,2,Cyanobacteria,1.7682997,1.8154587
2023-11-12,2,Cyanobacteria,1.8357332,2.166193
2023-11-13,2,Cyanobacteria,1.5355757,1.7455103
2023-11-14,2,Cyanobacteria,1.4568228,1.8014196
2023-11-15,2,Cyanobacteria,1.3942672,1.6595181
2023-11-16,2,Cyanobacteria,1.4696076,1.6896842
2023-11-17,2,Cyanobacteria,1.5879126,1.6435479
2023-11-18,2,Cyanobacteria,1.8608291,1.729342
2023-11-19,2,Cyanobacteria,1.7472198,1.7796233
2023-11-20,2,Cyanobacteria,2.048946,1.9967495
2023-11-21,2,Cyanobacteria,2.0148678,1.9122581
2023-11-22,2,Cyanobacteria,2.2934241,2.1745293
2023-11-23,2,Cyanobacteria,3.542967,2.249587
2023-11-24,2,Cyanobacteria,2.294738,2.3218818
2023-11-25,2,Cyanobacteria,1.8379765,2.6541016
2023-11-26,2,Cyanobacteria,1.510859,1.9761647
2023-11-27,2,Cyanobacteria,1.4485191,1.7469002
2023-11-28,2,Cyanobacteria,1.7754028,1.5899715
2023-11-29,2,Cyanobacteria,1.1889424,1.6407624
2023-11-30,2,Cyanobacteria,4.1997676,1.9100858
2023-12-01,2,Cyanobacteria,2.7477224,1.6101737
2023-12-02,2,Cyanobacteria,2.1429226,3.1530144
2023-12-03,2,Cyanobacteria,2.1683147,2.4124248
2023-12-04,2,Cyanobacteria,1.8719982,2.0938137
2023-12-05,2,Cyanobacteria,2.7758234,2.0150752
2023-12-06,2,Cyanobacteria,2.8993187,1.7024366
2023-12-07,2,Cyanobacteria,2.0482368,2.3030152
2023-12-08,2,Cyanobacteria,1.585169,2.4078999
2023-12-09,2,Cyanobacteria,2.0673146,1.9866109
2023-12-10,2,Cyanobacteria,1.7040033,1.6186297
2023-12-11,2,Cyanobacteria,2.2543254,1.9598093
2023-12-12,2,Cyanobacteria,2.8514695,1.7384149
2023-12-13,2,Cyanobacteria,2.631844,2.0973122
2023-12-14,2,Cyanobacteria,2.930671,2.455547
2023-12-15,2,Cyanobacteria,4.081218,2.1490128
2023-12-16,2,Cyanobacteria,2.122142,2.1010034
2023-12-17,2,Cyanobacteria,1.3384718,2.5492227
2023-12-18,2,Cyanobacteria,1.4121481,1.6269554
2023-12-19,2,Cyanobacteria,1.8288468,1.1723053
2023-12-20,2,Cyanobacteria,1.4450092,1.3326654
2023-12-21,2,Cyanobacteria,1.3191619,1.7683946
2023-12-22,2,Cyanobacteria,1.6237926,1.5021852
2023-12-23,2,Cyanobacteria,1.574842,1.4381341
2023-12-24,2,Cyanobacteria,1.5136062,1.6568434
2023-12-25,2,Cyanobacteria,1.7450206,1.6212517
2023-12-26,2,Cyanobacteria,3.017767,1.5823202
2023-12-27,2,Cyanobacteria,3.659146,1.734789
2023-12-28,2,Cyanobacteria,2.284695,2.3628154
2020-10-30,3,Cyanobacteria,0.9165894,1.8572017
2020-10-31,3,Cyanobacteria,1.3927351,1.997075
2020-11-01,3,Cyanobacteria,1.3244635,1.7134594
2020-11-02,3,Cyanobacteria,1.4207313,1.2490671
2020-11-03,3,Cyanobacteria,1.6778421,1.4375874
2020-11-04,3,Cyanobacteria,1.990452,1.4187493
2020-11-05,3,Cyanobacteria,2.022165,1.4281796
2020-11-06,3,Cyanobacteria,2.008798,1.4927231
2020-11-07,3,Cyanobacteria,1.885076,1.5777881
2020-11-08,3,Cyanobacteria,1.9127102,1.5320917
2020-11-09,3,Cyanobacteria,1.7077882,1.5266886
2020-11-10,3,Cyanobacteria,1.6468678,1.472421
2020-11-11,3,Cyanobacteria,1.6813062,1.3820614
2020-11-12,3,Cyanobacteria,1.9224818,1.3133597
2020-11-13,3,Cyanobacteria,1.6967794,1.2537893
2020-11-14,3,Cyanobacteria,2.2499926,1.2548795
2020-11-15,3,Cyanobacteria,2.0681548,1.329706
2020-11-16,3,Cyanobacteria,1.7629341,1.2767568
2020-11-17,3,Cyanobacteria,1.6316327,1.4592059
2020-11-18,3,Cyanobacteria,1.4976882,1.3418907
2020-11-19,3,Cyanobacteria,1.2110482,1.3076459
2020-11-20,3,Cyanobacteria,1.6200837,1.2838749
2020-11-21,3,Cyanobacteria,1.108683,1.3106809
2020-11-22,3,Cyanobacteria,1.0693725,1.2241595
2020-11-23,3,Cyanobacteria,1.2781522,1.3685945
2020-11-24,3,Cyanobacteria,1.5949926,1.155849
2020-11-25,3,Cyanobacteria,1.621545,1.1111538
2020-11-26,3,Cyanobacteria,0.6157164,1.2302322
2020-11-27,3,Cyanobacteria,1.1531911,1.3718036
2020-11-28,3,Cyanobacteria,1.334508,1.382204
2020-11-29,3,Cyanobacteria,1.2755716,1.002028
2020-11-30,3,Cyanobacteria,1.4539436,1.2185322
2020-12-01,3,Cyanobacteria,1.416155,1.3149376
2020-12-02,3,Cyanobacteria,1.3794355,1.3223594
2020-12-03,3,Cyanobacteria,1.5929089,1.3702292
2020-12-04,3,Cyanobacteria,1.6844646,1.3783469
2020-12-05,3,Cyanobacteria,1.6305789,1.3609878
2020-12-06,3,Cyanobacteria,1.537851,1.455259
2020-12-07,3,Cyanobacteria,1.4415424,1.5424461
2020-12-08,3,Cyanobacteria,1.3017017,1.4642223
2020-12-09,3,Cyanobacteria,1.1760101,1.4512514
2020-12-10,3,Cyanobacteria,1.2858943,1.3462107
2020-12-11,3,Cyanobacteria,1.2478929,1.2876897
2020-12-12,3,Cyanobacteria,1.1700652,1.2099217
2020-12-13,3,Cyanobacteria,0.7562853,1.23502
2020-12-14,3,Cyanobacteria,1.4720767,1.1954741
2020-12-15,3,Cyanobacteria,1.6189508,1.130359
2020-12-16,3,Cyanobacteria,1.7228365,1.0002666
2020-12-17,3,Cyanobacteria,1.7015278,1.3134149
2020-12-18,3,Cyanobacteria,1.5606419,1.3279971
2020-12-19,3,Cyanobacteria,1.410767,1.3313363
2020-12-20,3,Cyanobacteria,1.231288,1.2356821
2020-12-21,3,Cyanobacteria,1.0281318,1.1812047
2020-12-22,3,Cyanobacteria,0.94908035,1.1271191
2020-12-23,3,Cyanobacteria,0.5109782,1.0282761
2020-12-24,3,Cyanobacteria,0.7968573,0.95611614
2020-12-25,3,Cyanobacteria,0.9004562,0.9349884
2020-12-26,3,Cyanobacteria,1.0766836,0.8072525
2020-12-27,3,Cyanobacteria,0.95042,0.8926674
2020-12-28,3,Cyanobacteria,0.5107458,0.96825105
2020-12-29,3,Cyanobacteria,0.2183068,1.0035312
2020-12-30,3,Cyanobacteria,1.2127858,0.924906
2020-12-31,3,Cyanobacteria,0.92782927,0.7819262
2021-01-01,3,Cyanobacteria,1.2508177,0.67237914
2021-01-02,3,Cyanobacteria,1.2944026,1.055981
2021-01-03,3,Cyanobacteria,1.232453,1.089644
2021-01-04,3,Cyanobacteria,1.0558363,1.177199
2021-01-05,3,Cyanobacteria,1.1140188,1.1579322
2021-01-06,3,Cyanobacteria,1.0396379,1.0661271
2021-01-07,3,Cyanobacteria,1.0007603,0.9435446
2021-01-08,3,Cyanobacteria,1.133749,0.91995984
2021-01-09,3,Cyanobacteria,1.1601809,0.876542
2021-01-10,3,Cyanobacteria,1.2568814,0.8633244
2021-01-11,3,Cyanobacteria,1.1985952,0.89616126
2021-01-12,3,Cyanobacteria,1.1570984,0.8846231
2021-01-13,3,Cyanobacteria,1.1095513,0.8938709
2021-01-14,3,Cyanobacteria,1.023268,0.88232493
2021-01-15,3,Cyanobacteria,0.7892397,0.87975055
2021-01-16,3,Cyanobacteria,0.5160029,0.85750425
2021-01-17,3,Cyanobacteria,0.6644501,0.841806
2021-01-18,3,Cyanobacteria,0.72609264,0.75018585
2021-01-19,3,Cyanobacteria,0.80248195,0.683971
2021-01-20,3,Cyanobacteria,0.5337771,0.7286689
2021-01-21,3,Cyanobacteria,0.47094068,0.7912719
2021-01-22,3,Cyanobacteria,0.73403335,0.8157496
2021-01-23,3,Cyanobacteria,0.5746165,0.75948596
2021-01-24,3,Cyanobacteria,0.9917221,0.6171609
2021-01-25,3,Cyanobacteria,0.90726936,0.78872985
2021-01-26,3,Cyanobacteria,1.368466,0.80721706
2021-01-27,3,Cyanobacteria,1.1996093,1.0706898
2021-01-28,3,Cyanobacteria,1.1409117,1.1085895
2021-01-29,3,Cyanobacteria,1.1614038,1.121468
2021-01-30,3,Cyanobacteria,0.9247902,0.99315953
2021-01-31,3,Cyanobacteria,0.8163143,1.0032758
2021-02-01,3,Cyanobacteria,0.68247646,1.0473095
2021-02-02,3,Cyanobacteria,0.7478566,0.9103918
2021-02-03,3,Cyanobacteria,0.9111803,0.7910165
2021-02-04,3,Cyanobacteria,0.80073136,0.6695605
2021-02-05,3,Cyanobacteria,0.7012689,0.6416216
2021-02-06,3,Cyanobacteria,0.6910789,0.7112538
2021-02-07,3,Cyanobacteria,0.677118,0.6941003
2021-02-08,3,Cyanobacteria,0.8998841,0.6257131
2021-02-09,3,Cyanobacteria,0.6313663,0.58355415
2021-02-10,3,Cyanobacteria,0.74432606,0.5355905
2021-02-11,3,Cyanobacteria,0.8625417,0.5938211
2021-02-12,3,Cyanobacteria,0.97663283,0.5564136
2021-02-13,3,Cyanobacteria,0.55862415,0.6094609
2021-02-14,3,Cyanobacteria,0.37615052,0.625832
2021-02-15,3,Cyanobacteria,0.6475181,0.619407
2021-02-16,3,Cyanobacteria,0.53772795,0.5442882
2021-02-17,3,Cyanobacteria,0.71482635,0.49684158
2021-02-18,3,Cyanobacteria,0.59031117,0.5802285
2021-02-19,3,Cyanobacteria,0.70318836,0.61168724
2021-02-20,3,Cyanobacteria,0.69292545,0.7442508
2021-02-21,3,Cyanobacteria,0.635275,0.7623716
2021-02-22,3,Cyanobacteria,0.7406807,0.7941064
2021-02-23,3,Cyanobacteria,0.875916,0.7593766
2021-02-24,3,Cyanobacteria,0.83096313,0.68253106
2021-02-25,3,Cyanobacteria,0.85622466,0.69693065
2021-02-26,3,Cyanobacteria,1.0751342,0.74905217
2021-02-27,3,Cyanobacteria,1.2290095,0.72222775
2021-02-28,3,Cyanobacteria,1.2229925,0.71662915
2021-03-01,3,Cyanobacteria,1.253146,0.8145946
2021-03-02,3,Cyanobacteria,1.3632498,0.879551
2021-03-03,3,Cyanobacteria,0.8552822,0.89673847
2021-03-04,3,Cyanobacteria,1.1125977,0.97186047
2021-03-05,3,Cyanobacteria,0.81280756,1.0483353
2021-03-06,3,Cyanobacteria,0.8352894,0.87516695
2021-03-07,3,Cyanobacteria,0.7107815,1.0074033
2021-03-08,3,Cyanobacteria,0.8574656,0.94981503
2021-03-09,3,Cyanobacteria,0.77764106,0.8342767
2021-03-10,3,Cyanobacteria,0.89971054,0.80923307
2021-03-11,3,Cyanobacteria,0.7533502,0.8272867
2021-03-12,3,Cyanobacteria,0.3883647,0.77032673
2021-03-13,3,Cyanobacteria,0.3952388,0.77825356
2021-03-14,3,Cyanobacteria,1.1506295,0.7505305
2021-03-15,3,Cyanobacteria,1.0597106,0.5870202
2021-03-16,3,Cyanobacteria,1.0960565,0.6505421
2021-03-17,3,Cyanobacteria,1.274508,1.1650043
2021-03-18,3,Cyanobacteria,1.3935528,1.1737292
2021-03-19,3,Cyanobacteria,1.3325905,1.146829
2021-03-20,3,Cyanobacteria,1.3198698,1.2151622
2021-03-21,3,Cyanobacteria,1.3761505,1.2157131
2021-03-22,3,Cyanobacteria,1.1251593,1.1738144
2021-03-23,3,Cyanobacteria,0.9094642,1.1860362
2021-03-24,3,Cyanobacteria,1.1613843,1.2306165
2021-03-25,3,Cyanobacteria,1.0459361,0.9990725
2021-03-26,3,Cyanobacteria,0.8975687,0.95484143
2021-03-27,3,Cyanobacteria,0.6828747,1.0696929
2021-03-28,3,Cyanobacteria,0.7303548,0.9906643
2021-03-29,3,Cyanobacteria,0.41225198,0.89341617
2021-03-30,3,Cyanobacteria,0.111810274,0.7812294
2021-03-31,3,Cyanobacteria,0.5293086,0.8274113
2021-04-01,3,Cyanobacteria,1.298798,0.74348986
2021-04-02,3,Cyanobacteria,1.4947647,0.6916598
2021-04-03,3,Cyanobacteria,1.5875887,0.9900346
2021-04-04,3,Cyanobacteria,1.6624764,1.3337317
2021-04-05,3,Cyanobacteria,1.5121635,1.3341277
2021-04-06,3,Cyanobacteria,1.4354631,1.2910709
2021-04-07,3,Cyanobacteria,1.4178132,1.2746009
2021-04-08,3,Cyanobacteria,1.4679812,1.2041836
2021-04-09,3,Cyanobacteria,1.3545152,1.1586323
2021-04-10,3,Cyanobacteria,1.2440883,1.1486461
2021-04-11,3,Cyanobacteria,1.0756367,1.2273073
2021-04-12,3,Cyanobacteria,0.7194786,1.1223146
2021-04-13,3,Cyanobacteria,0.7790297,1.0527775
2021-04-14,3,Cyanobacteria,0.8630123,1.0005295
2021-04-15,3,Cyanobacteria,0.56722665,0.9093756
2021-04-16,3,Cyanobacteria,1.0409226,0.960586
2021-04-17,3,Cyanobacteria,0.69225204,1.0525602
2021-04-18,3,Cyanobacteria,1.2849385,1.0165277
2021-04-19,3,Cyanobacteria,1.2466329,1.159344
2021-04-20,3,Cyanobacteria,1.3180811,1.0677395
2021-04-21,3,Cyanobacteria,1.1071904,1.2860379
2021-04-22,3,Cyanobacteria,0.6878566,1.2780849
2021-04-23,3,Cyanobacteria,0.5611079,1.2836007
2021-04-24,3,Cyanobacteria,0.8025344,1.1574036
2021-04-25,3,Cyanobacteria,0.78728455,0.9573506
2021-04-26,3,Cyanobacteria,1.6280825,0.9021093
2021-04-27,3,Cyanobacteria,1.9490377,1.1094024
2021-04-28,3,Cyanobacteria,1.6121202,1.2700149
2021-04-29,3,Cyanobacteria,1.4643126,1.5228367
2021-04-30,3,Cyanobacteria,1.5555934,1.5595981
2021-05-01,3,Cyanobacteria,1.5656585,1.4736599
2021-05-02,3,Cyanobacteria,1.2381549,1.245153
2021-05-03,3,Cyanobacteria,1.0236812,1.2622783
2021-05-04,3,Cyanobacteria,1.7144799,1.3105845
2021-05-05,3,Cyanobacteria,1.3347807,1.1899182
2021-05-06,3,Cyanobacteria,1.2243872,1.1318951
2021-05-07,3,Cyanobacteria,1.3597454,1.2303832
2021-05-08,3,Cyanobacteria,1.0678822,1.1666121
2021-05-09,3,Cyanobacteria,1.0264472,1.2157369
2021-05-10,3,Cyanobacteria,0.76781476,1.294307
2021-05-11,3,Cyanobacteria,0.6906947,1.2837166
2021-05-12,3,Cyanobacteria,1.008741,1.3732331
2021-05-13,3,Cyanobacteria,1.2948915,1.3276399
2021-05-14,3,Cyanobacteria,2.0710855,1.3734387
2021-05-15,3,Cyanobacteria,2.2474167,1.6467491
2021-05-16,3,Cyanobacteria,1.9920912,1.6312345
2021-05-17,3,Cyanobacteria,1.6489002,1.9194956
2021-05-18,3,Cyanobacteria,1.794537,1.9682564
2021-05-19,3,Cyanobacteria,2.0734396,1.8628379
2021-05-20,3,Cyanobacteria,2.1479883,1.7449224
2021-05-21,3,Cyanobacteria,2.0209045,1.8534998
2021-05-22,3,Cyanobacteria,2.2535193,2.0235138
2021-05-23,3,Cyanobacteria,2.2723534,2.1591759
2021-05-24,3,Cyanobacteria,2.63233,2.1594718
2021-05-25,3,Cyanobacteria,2.3065703,2.3620892
2021-05-26,3,Cyanobacteria,1.9421636,2.3865094
2021-05-27,3,Cyanobacteria,2.2319682,2.6048982
2021-05-28,3,Cyanobacteria,4.1579432,2.3934162
2021-05-29,3,Cyanobacteria,4.3492618,2.266119
2021-05-30,3,Cyanobacteria,2.6183937,2.7168312
2021-05-31,3,Cyanobacteria,2.6154816,3.3746843
2021-06-01,3,Cyanobacteria,5.352636,3.4510105
2021-06-02,3,Cyanobacteria,4.717726,2.9575646
2021-06-03,3,Cyanobacteria,2.962998,2.879008
2021-06-04,3,Cyanobacteria,3.0213976,3.5513473
2021-06-05,3,Cyanobacteria,2.9233599,3.3040302
2021-06-06,3,Cyanobacteria,2.5688848,2.861543
2021-06-07,3,Cyanobacteria,2.928039,2.8689516
2021-06-08,3,Cyanobacteria,2.7149856,2.6709018
2021-06-09,3,Cyanobacteria,2.3156078,2.5080168
2021-06-10,3,Cyanobacteria,2.2857888,2.6214764
2021-06-11,3,Cyanobacteria,2.4744864,2.6262443
2021-06-12,3,Cyanobacteria,3.0040839,2.3134518
2021-06-13,3,Cyanobacteria,4.336705,2.2772198
2021-06-14,3,Cyanobacteria,3.6870964,2.3262315
2021-06-15,3,Cyanobacteria,1.1724981,2.4859204
2021-06-16,3,Cyanobacteria,0.89654595,2.8017614
2021-06-17,3,Cyanobacteria,1.6896162,2.7028346
2021-06-18,3,Cyanobacteria,3.3528886,2.0200133
2021-06-19,3,Cyanobacteria,3.2436857,1.9401194
2021-06-20,3,Cyanobacteria,3.6387465,2.4213812
2021-06-21,3,Cyanobacteria,2.835984,2.9179049
2021-06-22,3,Cyanobacteria,1.9431771,3.0120306
2021-06-23,3,Cyanobacteria,2.2497613,3.244231
2021-06-24,3,Cyanobacteria,2.3033574,3.0110168
2021-06-25,3,Cyanobacteria,1.9838712,2.6637037
2021-06-26,3,Cyanobacteria,2.2046309,2.858487
2021-06-27,3,Cyanobacteria,4.0340667,2.5921686
2021-06-28,3,Cyanobacteria,5.868067,2.4903095
2021-06-29,3,Cyanobacteria,5.3050866,2.7074096
2021-06-30,3,Cyanobacteria,4.742106,3.4432237
2021-07-01,3,Cyanobacteria,3.2076483,3.7360525
2021-07-02,3,Cyanobacteria,3.4847536,3.5006866
2021-07-03,3,Cyanobacteria,4.0390015,3.4131482
2021-07-04,3,Cyanobacteria,3.948705,2.8809202
2021-07-05,3,Cyanobacteria,4.7784224,3.0874164
2021-07-06,3,Cyanobacteria,4.2812166,3.160855
2021-07-07,3,Cyanobacteria,3.7561839,2.9248424
2021-07-08,3,Cyanobacteria,3.5484276,2.99844
2021-07-09,3,Cyanobacteria,2.1638117,2.7165084
2021-07-10,3,Cyanobacteria,1.9270601,2.3926737
2021-07-11,3,Cyanobacteria,1.9104345,2.2847872
2021-07-12,3,Cyanobacteria,2.2324965,1.7966052
2021-07-13,3,Cyanobacteria,2.087728,1.7449619
2021-07-14,3,Cyanobacteria,1.2980666,1.7852937
2021-07-15,3,Cyanobacteria,1.3932489,1.9769387
2021-07-16,3,Cyanobacteria,1.2500651,1.9595122
2021-07-17,3,Cyanobacteria,0.43407384,1.6615454
2021-07-18,3,Cyanobacteria,1.2796165,1.812449
2021-07-19,3,Cyanobacteria,1.8222448,1.7607385
2021-07-20,3,Cyanobacteria,2.0859232,1.3537533
2021-07-21,3,Cyanobacteria,1.8950905,1.7574826
2021-07-22,3,Cyanobacteria,2.1339176,2.1130946
2021-07-23,3,Cyanobacteria,2.1493194,2.2716017
2021-07-24,3,Cyanobacteria,4.662006,2.183229
2021-07-25,3,Cyanobacteria,3.9590297,2.2950268
2021-07-26,3,Cyanobacteria,4.2673516,2.4075398
2021-07-27,3,Cyanobacteria,4.232916,3.2364976
2021-07-28,3,Cyanobacteria,2.8703907,3.0837653
2021-07-29,3,Cyanobacteria,2.1993053,3.3943112
2021-07-30,3,Cyanobacteria,2.0899277,3.4242053
2021-07-31,3,Cyanobacteria,2.1685455,2.9303138
2021-08-01,3,Cyanobacteria,3.3460565,2.6943035
2021-08-02,3,Cyanobacteria,5.6828313,2.5461466
2021-08-03,3,Cyanobacteria,4.7732515,2.8071723
2021-08-04,3,Cyanobacteria,4.0578346,3.407181
2021-08-05,3,Cyanobacteria,5.5061984,3.9064198
2021-08-06,3,Cyanobacteria,5.3274107,3.7967143
2021-08-07,3,Cyanobacteria,5.148622,3.707723
2021-08-08,3,Cyanobacteria,3.2820683,3.8223302
2021-08-09,3,Cyanobacteria,2.7275743,3.6112654
2021-08-10,3,Cyanobacteria,2.468589,3.599567
2021-08-11,3,Cyanobacteria,2.8743272,2.982745
2021-08-12,3,Cyanobacteria,2.9775615,2.7777088
2021-08-13,3,Cyanobacteria,2.9190001,2.56525
2021-08-14,3,Cyanobacteria,2.5640225,2.8339922
2021-08-15,3,Cyanobacteria,2.6541495,2.7617378
2021-08-16,3,Cyanobacteria,2.9796264,2.6736479
2021-08-17,3,Cyanobacteria,3.3871398,2.4962375
2021-08-18,3,Cyanobacteria,2.8336039,2.6047838
2021-08-19,3,Cyanobacteria,1.4002497,2.567278
2021-08-20,3,Cyanobacteria,2.1858518,2.7485235
2021-08-21,3,Cyanobacteria,3.8102813,2.7523613
2021-08-22,3,Cyanobacteria,4.623089,2.33928
2021-08-23,3,Cyanobacteria,3.8476396,2.7150877
2021-08-24,3,Cyanobacteria,3.6913338,3.0241654
2021-08-25,3,Cyanobacteria,5.2736855,3.3888872
2021-08-26,3,Cyanobacteria,5.886749,3.2117424
2021-08-27,3,Cyanobacteria,6.328652,3.030205
2021-08-28,3,Cyanobacteria,5.913598,3.3121219
2021-08-29,3,Cyanobacteria,5.4985447,3.1038022
2021-08-30,3,Cyanobacteria,4.998421,2.991903
2021-08-31,3,Cyanobacteria,3.173958,2.7814906
2021-09-01,3,Cyanobacteria,2.4867873,2.593454
2021-09-02,3,Cyanobacteria,2.2553763,2.5444407
2021-09-03,3,Cyanobacteria,2.089725,2.0453143
2021-09-04,3,Cyanobacteria,2.1701736,1.9560881
2021-09-05,3,Cyanobacteria,2.752026,1.9665687
2021-09-06,3,Cyanobacteria,2.4418018,1.9462296
2021-09-07,3,Cyanobacteria,2.3925562,2.0605297
2021-09-08,3,Cyanobacteria,2.2696092,2.3348517
2021-09-09,3,Cyanobacteria,3.9620116,2.1920967
2021-09-10,3,Cyanobacteria,3.368864,2.3384812
2021-09-11,3,Cyanobacteria,3.444725,2.3355975
2021-09-12,3,Cyanobacteria,4.387453,2.9269774
2021-09-13,3,Cyanobacteria,3.7823026,2.931395
2021-09-14,3,Cyanobacteria,3.6403475,2.9790154
2021-09-15,3,Cyanobacteria,3.4074223,3.152326
2021-09-16,3,Cyanobacteria,2.904714,3.0512445
2021-09-17,3,Cyanobacteria,2.246401,2.974878
2021-09-18,3,Cyanobacteria,1.8525054,2.71381
2021-09-19,3,Cyanobacteria,1.9603258,2.427362
2021-09-20,3,Cyanobacteria,1.8784577,2.1640375
2021-09-21,3,Cyanobacteria,1.6022085,1.9915631
2021-09-22,3,Cyanobacteria,1.6334975,1.9664268
2021-09-23,3,Cyanobacteria,1.6335725,1.9237827
2021-09-24,3,Cyanobacteria,1.7263433,1.820845
2021-09-25,3,Cyanobacteria,1.7499204,2.0310428
2021-09-26,3,Cyanobacteria,1.902614,1.997799
2021-09-27,3,Cyanobacteria,1.9976249,1.9755261
2021-09-28,3,Cyanobacteria,2.0052354,1.9244871
2021-09-29,3,Cyanobacteria,1.9031209,1.9744303
2021-09-30,3,Cyanobacteria,2.1214771,1.926362
2021-10-01,3,Cyanobacteria,1.6440406,1.949186
2021-10-02,3,Cyanobacteria,1.4304897,1.8777149
2021-10-03,3,Cyanobacteria,1.5464485,1.9346414
2021-10-04,3,Cyanobacteria,1.6624073,1.685795
2021-10-05,3,Cyanobacteria,1.7783661,1.5950714
2021-10-06,3,Cyanobacteria,1.8943249,1.661047
2021-10-07,3,Cyanobacteria,2.0102837,1.7133493
2021-10-08,3,Cyanobacteria,2.1262426,1.7915255
2021-10-09,3,Cyanobacteria,2.2422013,1.8644189
2021-10-10,3,Cyanobacteria,2.3581603,1.8232578
2021-10-11,3,Cyanobacteria,2.474119,1.8542157
2021-10-12,3,Cyanobacteria,2.5900779,1.9871716
2021-10-13,3,Cyanobacteria,2.376394,2.137407
2021-10-14,3,Cyanobacteria,2.2953513,2.211531
2021-10-15,3,Cyanobacteria,4.095699,2.3202367
2021-10-16,3,Cyanobacteria,5.2911153,2.1914792
2021-10-17,3,Cyanobacteria,3.2535,2.194771
2021-10-18,3,Cyanobacteria,3.1076484,2.9751155
2021-10-19,3,Cyanobacteria,2.6348336,3.0450573
2021-10-20,3,Cyanobacteria,2.2041533,2.490039
2021-10-21,3,Cyanobacteria,2.0151665,2.4707122
2021-10-22,3,Cyanobacteria,1.8319536,2.2860398
2021-10-23,3,Cyanobacteria,1.7161505,2.1355264
2021-10-24,3,Cyanobacteria,1.7125037,2.0288622
2021-10-25,3,Cyanobacteria,1.5120782,1.724826
2021-10-26,3,Cyanobacteria,1.6121708,1.6684479
2021-10-27,3,Cyanobacteria,1.3440738,1.6252646
2021-10-28,3,Cyanobacteria,1.1399204,1.4785744
2021-10-29,3,Cyanobacteria,1.698126,1.505797
2021-10-30,3,Cyanobacteria,2.3341606,1.4024712
2021-10-31,3,Cyanobacteria,1.9348481,1.3431705
2021-11-01,3,Cyanobacteria,1.7935673,1.5935354
2021-11-02,3,Cyanobacteria,1.2920767,1.77214
2021-11-03,3,Cyanobacteria,1.3757019,1.6178746
2021-11-04,3,Cyanobacteria,1.350919,1.478234
2021-11-05,3,Cyanobacteria,1.281809,1.2939495
2021-11-06,3,Cyanobacteria,1.0622793,1.4058851
2021-11-07,3,Cyanobacteria,0.91401154,1.3920443
2021-11-08,3,Cyanobacteria,1.5847178,1.2773824
2021-11-09,3,Cyanobacteria,1.2513965,1.1416303
2021-11-10,3,Cyanobacteria,1.065916,1.0719713
2021-11-11,3,Cyanobacteria,1.2520332,1.3663071
2021-11-12,3,Cyanobacteria,1.2013613,1.2564862
2021-11-13,3,Cyanobacteria,1.2783864,1.1600087
2021-11-14,3,Cyanobacteria,1.3271418,1.2003398
2021-11-15,3,Cyanobacteria,1.343092,1.1510177
2021-11-16,3,Cyanobacteria,1.420963,1.1458213
2021-11-17,3,Cyanobacteria,1.2887958,1.1554049
2021-11-18,3,Cyanobacteria,1.3203533,1.1468418
2021-11-19,3,Cyanobacteria,1.3825127,1.1694856
2021-11-20,3,Cyanobacteria,1.2764591,1.0944892
2021-11-21,3,Cyanobacteria,1.1090586,1.095638
2021-11-22,3,Cyanobacteria,1.129356,1.1622043
2021-11-23,3,Cyanobacteria,1.2800362,1.1435257
2021-11-24,3,Cyanobacteria,1.1554124,1.082034
2021-11-25,3,Cyanobacteria,1.1848153,1.194446
2021-11-26,3,Cyanobacteria,1.2934299,1.257963
2021-11-27,3,Cyanobacteria,1.2571418,1.1575053
2021-11-28,3,Cyanobacteria,1.2306077,1.1322399
2021-11-29,3,Cyanobacteria,1.0336133,1.1647425
2021-11-30,3,Cyanobacteria,0.86162925,1.1428549
2021-12-01,3,Cyanobacteria,1.5704707,1.1161162
2021-12-02,3,Cyanobacteria,1.5914989,0.9869783
2021-12-03,3,Cyanobacteria,1.3629906,0.8933252
2021-12-04,3,Cyanobacteria,1.3497757,1.2171668
2021-12-05,3,Cyanobacteria,1.1732706,1.2350094
2021-12-06,3,Cyanobacteria,1.1404066,1.0793953
2021-12-07,3,Cyanobacteria,1.1583865,0.9599954
2021-12-08,3,Cyanobacteria,1.128018,0.8663627
2021-12-09,3,Cyanobacteria,0.9754814,0.8411715
2021-12-10,3,Cyanobacteria,1.0479378,0.8357797
2021-12-11,3,Cyanobacteria,0.8021346,0.8275149
2021-12-12,3,Cyanobacteria,0.8941274,0.7689958
2021-12-13,3,Cyanobacteria,0.6927569,0.7765852
2021-12-14,3,Cyanobacteria,0.43221417,0.6710726
2021-12-15,3,Cyanobacteria,0.36057928,0.697609
2021-12-16,3,Cyanobacteria,0.40863866,0.63030165
2021-12-17,3,Cyanobacteria,0.9727516,0.5053284
2021-12-18,3,Cyanobacteria,0.9826068,0.46513608
2021-12-19,3,Cyanobacteria,0.9490369,0.5351087
2021-12-20,3,Cyanobacteria,1.178531,0.83129454
2021-12-21,3,Cyanobacteria,1.2478871,0.8538978
2021-12-22,3,Cyanobacteria,1.3445659,0.8235767
2021-12-23,3,Cyanobacteria,0.59661365,0.9075037
2021-12-24,3,Cyanobacteria,0.46170765,0.8793565
2021-12-25,3,Cyanobacteria,0.85164493,0.94925296
2021-12-26,3,Cyanobacteria,0.97535455,0.6484043
2021-12-27,3,Cyanobacteria,0.95947784,0.52493626
2021-12-28,3,Cyanobacteria,0.76329446,0.6964409
2021-12-29,3,Cyanobacteria,0.85634834,0.81510174
2021-12-30,3,Cyanobacteria,0.6464471,0.82924694
2021-12-31,3,Cyanobacteria,0.90151423,0.74180084
2022-01-01,3,Cyanobacteria,0.776013,0.79331696
2022-01-02,3,Cyanobacteria,0.83620113,0.70487
2022-01-03,3,Cyanobacteria,0.80412745,0.8931399
2022-01-04,3,Cyanobacteria,0.6765098,0.91012806
2022-01-05,3,Cyanobacteria,0.4595076,0.950327
2022-01-06,3,Cyanobacteria,0.19878344,0.9698881
2022-01-07,3,Cyanobacteria,0.67120206,0.93025887
2022-01-08,3,Cyanobacteria,0.95592326,0.8737955
2022-01-09,3,Cyanobacteria,0.9327444,0.81279486
2022-01-10,3,Cyanobacteria,1.0224385,1.1670984
2022-01-11,3,Cyanobacteria,2.1481042,1.3389331
2022-01-12,3,Cyanobacteria,1.6652243,1.2275611
2022-01-13,3,Cyanobacteria,1.291042,1.3145684
2022-01-14,3,Cyanobacteria,1.2574656,1.6916322
2022-01-15,3,Cyanobacteria,1.032084,1.4580855
2022-01-16,3,Cyanobacteria,0.9674892,1.2675362
2022-01-17,3,Cyanobacteria,0.94616944,1.1715208
2022-01-18,3,Cyanobacteria,0.92269367,1.0066724
2022-01-19,3,Cyanobacteria,0.8611079,0.9183269
2022-01-20,3,Cyanobacteria,0.82545257,0.9209512
2022-01-21,3,Cyanobacteria,0.8182259,0.85486704
2022-01-22,3,Cyanobacteria,1.1027879,0.8017582
2022-01-23,3,Cyanobacteria,0.7645185,0.7539422
2022-01-24,3,Cyanobacteria,1.7065123,0.7278451
2022-01-25,3,Cyanobacteria,0.64539075,0.85247153
2022-01-26,3,Cyanobacteria,0.76089376,0.7055727
2022-01-27,3,Cyanobacteria,0.5794614,1.0360879
2022-01-28,3,Cyanobacteria,0.7816709,0.86169356
2022-01-29,3,Cyanobacteria,0.8387186,0.8970643
2022-01-30,3,Cyanobacteria,1.1281649,0.9343143
2022-01-31,3,Cyanobacteria,1.231159,1.0325752
2022-02-01,3,Cyanobacteria,1.4238236,1.1816666
2022-02-02,3,Cyanobacteria,1.3295317,1.3584435
2022-02-03,3,Cyanobacteria,1.784645,1.3819009
2022-02-04,3,Cyanobacteria,1.5408581,1.4192318
2022-02-05,3,Cyanobacteria,1.3269008,1.3663327
2022-02-06,3,Cyanobacteria,1.6413742,1.5237483
2022-02-07,3,Cyanobacteria,1.3831661,1.4300283
2022-02-08,3,Cyanobacteria,1.1718699,1.2974112
2022-02-09,3,Cyanobacteria,1.0272319,1.416801
2022-02-10,3,Cyanobacteria,0.8104344,1.288849
2022-02-11,3,Cyanobacteria,1.0283359,1.1509913
2022-02-12,3,Cyanobacteria,0.6661383,0.97691673
2022-02-13,3,Cyanobacteria,0.37995383,0.832734
2022-02-14,3,Cyanobacteria,0.6274094,1.063685
2022-02-15,3,Cyanobacteria,0.6364919,0.91271293
2022-02-16,3,Cyanobacteria,0.35820666,0.7928619
2022-02-17,3,Cyanobacteria,0.08358897,0.81413007
2022-02-18,3,Cyanobacteria,0.010000016,0.95378906
2022-02-19,3,Cyanobacteria,0.3175398,0.8555866
2022-02-20,3,Cyanobacteria,1.462207,0.7570818
2022-02-21,3,Cyanobacteria,1.7990876,1.082279
2022-02-22,3,Cyanobacteria,1.8775308,1.439122
2022-02-23,3,Cyanobacteria,2.0480778,2.147349
2022-02-24,3,Cyanobacteria,1.9205097,1.9895729
2022-02-25,3,Cyanobacteria,1.7929416,1.8445405
2022-02-26,3,Cyanobacteria,1.6653734,1.7267078
2022-02-27,3,Cyanobacteria,1.5378052,1.6713818
2022-02-28,3,Cyanobacteria,1.4102371,1.5560036
2022-03-01,3,Cyanobacteria,1.1535721,1.4169735
2022-03-02,3,Cyanobacteria,0.7581607,1.3055103
2022-03-03,3,Cyanobacteria,0.4490297,1.218071
2022-03-04,3,Cyanobacteria,0.2850868,1.0711058
2022-03-05,3,Cyanobacteria,0.06812587,0.7333429
2022-03-06,3,Cyanobacteria,0.120933406,0.49726492
2022-03-07,3,Cyanobacteria,0.05522464,0.40134075
2022-03-08,3,Cyanobacteria,0.50354815,0.25618055
2022-03-09,3,Cyanobacteria,0.66335267,0.2520306
2022-03-10,3,Cyanobacteria,0.40285924,0.3111124
2022-03-11,3,Cyanobacteria,0.014387229,0.6187289
2022-03-12,3,Cyanobacteria,0.015565208,0.61304533
2022-03-13,3,Cyanobacteria,0.010000016,0.42424586
2022-03-14,3,Cyanobacteria,0.010050719,0.14592572
2022-03-15,3,Cyanobacteria,0.010246022,0.24631616
2022-03-16,3,Cyanobacteria,0.036085412,0.50251526
2022-03-17,3,Cyanobacteria,0.21737875,0.69496644
2022-03-18,3,Cyanobacteria,0.42973912,0.8070326
2022-03-19,3,Cyanobacteria,0.7636884,1.0793602
2022-03-20,3,Cyanobacteria,1.1165409,1.1694459
2022-03-21,3,Cyanobacteria,1.9101883,1.4755758
2022-03-22,3,Cyanobacteria,2.1433985,1.7641034
2022-03-23,3,Cyanobacteria,2.1262445,1.960971
2022-03-24,3,Cyanobacteria,1.9198624,2.2580967
2022-03-25,3,Cyanobacteria,1.8753512,2.3152246
2022-03-26,3,Cyanobacteria,1.8713034,2.2956748
2022-03-27,3,Cyanobacteria,4.2593026,2.283279
2022-03-28,3,Cyanobacteria,4.0173755,2.6216378
2022-03-29,3,Cyanobacteria,3.7754486,2.5125573
2022-03-30,3,Cyanobacteria,2.644808,2.984838
2022-03-31,3,Cyanobacteria,2.3579507,2.8129532
2022-04-01,3,Cyanobacteria,2.3900943,2.7059407
2022-04-02,3,Cyanobacteria,2.480131,2.258347
2022-04-03,3,Cyanobacteria,2.149906,2.1122317
2022-04-04,3,Cyanobacteria,1.8740696,2.0659807
2022-04-05,3,Cyanobacteria,1.7214473,2.2225053
2022-04-06,3,Cyanobacteria,1.5688252,1.9145195
2022-04-07,3,Cyanobacteria,1.2899711,1.5898715
2022-04-08,3,Cyanobacteria,1.008827,1.4017997
2022-04-09,3,Cyanobacteria,1.0090086,1.3095831
2022-04-10,3,Cyanobacteria,0.6801231,1.0687433
2022-04-11,3,Cyanobacteria,0.4421845,0.85875624
2022-04-12,3,Cyanobacteria,0.20424601,0.7092801
2022-04-13,3,Cyanobacteria,0.16290368,0.4930616
2022-04-14,3,Cyanobacteria,0.13675833,0.41793633
2022-04-15,3,Cyanobacteria,0.0103894295,0.36740044
2022-04-16,3,Cyanobacteria,0.47120208,0.44055128
2022-04-17,3,Cyanobacteria,0.9320147,0.60742867
2022-04-18,3,Cyanobacteria,1.3928274,0.72126114
2022-04-19,3,Cyanobacteria,2.2509274,1.093648
2022-04-20,3,Cyanobacteria,2.0586097,1.708186
2022-04-21,3,Cyanobacteria,1.6260804,1.7016295
2022-04-22,3,Cyanobacteria,1.0518768,1.9499534
2022-04-23,3,Cyanobacteria,0.91195065,1.6548934
2022-04-24,3,Cyanobacteria,1.1896162,1.7228155
2022-04-25,3,Cyanobacteria,1.9769739,1.4960024
2022-04-26,3,Cyanobacteria,1.4171904,1.4815584
2022-04-27,3,Cyanobacteria,2.58336,1.6335727
2022-04-28,3,Cyanobacteria,2.152193,2.3044817
2022-04-29,3,Cyanobacteria,2.1626146,1.9392928
2022-04-30,3,Cyanobacteria,2.1730363,2.61899
2022-05-01,3,Cyanobacteria,2.1815941,2.3223193
2022-05-02,3,Cyanobacteria,2.0878696,2.34701
2022-05-03,3,Cyanobacteria,1.9130652,2.282048
2022-05-04,3,Cyanobacteria,1.6117319,2.4712107
2022-05-05,3,Cyanobacteria,1.836971,2.244673
2022-05-06,3,Cyanobacteria,2.0369325,2.3016768
2022-05-07,3,Cyanobacteria,1.9392464,1.9768976
2022-05-08,3,Cyanobacteria,1.3235699,1.8917773
2022-05-09,3,Cyanobacteria,2.890058,1.9259045
2022-05-10,3,Cyanobacteria,2.2893047,1.8238006
2022-05-11,3,Cyanobacteria,2.080232,1.7892202
2022-05-12,3,Cyanobacteria,2.0300615,2.398584
2022-05-13,3,Cyanobacteria,2.7703042,2.2666774
2022-05-14,3,Cyanobacteria,3.278558,2.2075896
2022-05-15,3,Cyanobacteria,3.915648,2.2471764
2022-05-16,3,Cyanobacteria,4.275109,2.704461
2022-05-17,3,Cyanobacteria,2.8151412,2.7852395
2022-05-18,3,Cyanobacteria,2.0774837,2.9715815
2022-05-19,3,Cyanobacteria,1.9749783,2.836334
2022-05-20,3,Cyanobacteria,1.7361549,2.3448038
2022-05-21,3,Cyanobacteria,1.4398187,2.067934
2022-05-22,3,Cyanobacteria,2.053594,2.2670882
2022-05-23,3,Cyanobacteria,1.9373734,2.1867754
2022-05-24,3,Cyanobacteria,1.7527878,2.0336783
2022-05-25,3,Cyanobacteria,1.9877247,2.5009334
2022-05-26,3,Cyanobacteria,1.7746773,2.4291775
2022-05-27,3,Cyanobacteria,2.4411938,2.360337
2022-05-28,3,Cyanobacteria,3.1183374,2.2345655
2022-05-29,3,Cyanobacteria,3.795481,2.4708333
2022-05-30,3,Cyanobacteria,4.472625,2.866607
2022-05-31,3,Cyanobacteria,5.1497684,2.9883578
2022-06-01,3,Cyanobacteria,4.1820073,2.9570007
2022-06-02,3,Cyanobacteria,3.2975852,3.2655344
2022-06-03,3,Cyanobacteria,4.2176213,3.2856514
2022-06-04,3,Cyanobacteria,6.272964,2.9908612
2022-06-05,3,Cyanobacteria,4.386336,2.9620984
2022-06-06,3,Cyanobacteria,3.5452392,3.2576976
2022-06-07,3,Cyanobacteria,3.8714397,3.6489587
2022-06-08,3,Cyanobacteria,4.1976404,3.264728
2022-06-09,3,Cyanobacteria,4.523841,3.0416563
2022-06-10,3,Cyanobacteria,4.8500414,3.2108555
2022-06-11,3,Cyanobacteria,5.176242,3.2699351
2022-06-12,3,Cyanobacteria,5.1198487,3.3384469
2022-06-13,3,Cyanobacteria,5.0634556,3.3467577
2022-06-14,3,Cyanobacteria,5.0070624,3.338703
2022-06-15,3,Cyanobacteria,4.9506693,3.133412
2022-06-16,3,Cyanobacteria,4.894276,3.1052694
2022-06-17,3,Cyanobacteria,2.3731694,3.1258125
2022-06-18,3,Cyanobacteria,1.219232,3.1748445
2022-06-19,3,Cyanobacteria,0.9798187,3.1830354
2022-06-20,3,Cyanobacteria,0.78918177,2.1374667
2022-06-21,3,Cyanobacteria,0.83319336,1.447527
2022-06-22,3,Cyanobacteria,1.5494641,1.4359218
2022-06-23,3,Cyanobacteria,4.7543416,1.5627941
2022-06-24,3,Cyanobacteria,3.66243,1.7393743
2022-06-25,3,Cyanobacteria,1.9184504,2.4030147
2022-06-26,3,Cyanobacteria,2.8912816,3.4598732
2022-06-27,3,Cyanobacteria,2.743483,2.948771
2022-06-28,3,Cyanobacteria,2.3900073,2.1124754
2022-06-29,3,Cyanobacteria,2.7020102,2.6575367
2022-06-30,3,Cyanobacteria,2.2068284,2.4272032
2022-07-01,3,Cyanobacteria,2.0284288,2.3449578
2022-07-02,3,Cyanobacteria,2.504562,2.6931958
2022-07-03,3,Cyanobacteria,2.6843994,2.505001
2022-07-04,3,Cyanobacteria,3.274656,2.4330592
2022-07-05,3,Cyanobacteria,3.1509414,2.7293386
2022-07-06,3,Cyanobacteria,3.4092262,2.8297505
2022-07-07,3,Cyanobacteria,2.602117,3.1094866
2022-07-08,3,Cyanobacteria,2.0531843,3.0038762
2022-07-09,3,Cyanobacteria,1.7956238,3.0476966
2022-07-10,3,Cyanobacteria,2.0568504,2.6729343
2022-07-11,3,Cyanobacteria,2.372128,2.3855915
2022-07-12,3,Cyanobacteria,2.6012175,2.3167708
2022-07-13,3,Cyanobacteria,2.828348,2.5371652
2022-07-14,3,Cyanobacteria,3.8188338,2.8426516
2022-07-15,3,Cyanobacteria,6.297978,3.032979
2022-07-16,3,Cyanobacteria,5.4864035,3.1636465
2022-07-17,3,Cyanobacteria,6.516273,3.8908086
2022-07-18,3,Cyanobacteria,4.57671,4.2924657
2022-07-19,3,Cyanobacteria,3.2610588,4.0908995
2022-07-20,3,Cyanobacteria,3.2007184,4.242992
2022-07-21,3,Cyanobacteria,3.3733938,3.7751231
2022-07-22,3,Cyanobacteria,3.3644865,3.1622553
2022-07-23,3,Cyanobacteria,3.8821256,3.2039309
2022-07-24,3,Cyanobacteria,4.914276,3.10132
2022-07-25,3,Cyanobacteria,3.6174076,3.2644048
2022-07-26,3,Cyanobacteria,2.4253619,3.5615132
2022-07-27,3,Cyanobacteria,3.0902102,3.7901683
2022-07-28,3,Cyanobacteria,3.2870235,3.292205
2022-07-29,3,Cyanobacteria,3.320978,3.0302029
2022-07-30,3,Cyanobacteria,3.3549325,3.4728816
2022-07-31,3,Cyanobacteria,3.3888872,3.6053054
2022-08-01,3,Cyanobacteria,3.4228415,3.4598598
2022-08-02,3,Cyanobacteria,3.4567962,3.5879982
2022-08-03,3,Cyanobacteria,3.4907506,3.6019402
2022-08-04,3,Cyanobacteria,3.5247052,3.6421428
2022-08-05,3,Cyanobacteria,3.5586596,3.6519322
2022-08-06,3,Cyanobacteria,3.592614,3.5958054
2022-08-07,3,Cyanobacteria,3.6265686,3.7995746
2022-08-08,3,Cyanobacteria,3.6605232,3.8092177
2022-08-09,3,Cyanobacteria,3.6944776,3.7476985
2022-08-10,3,Cyanobacteria,3.728432,3.749357
2022-08-11,3,Cyanobacteria,3.7623866,3.766775
2022-08-12,3,Cyanobacteria,3.796341,3.7939909
2022-08-13,3,Cyanobacteria,3.8302956,3.8282466
2022-08-14,3,Cyanobacteria,3.8642502,3.8456943
2022-08-15,3,Cyanobacteria,3.8982048,3.872258
2022-08-16,3,Cyanobacteria,3.9321592,3.9557965
2022-08-17,3,Cyanobacteria,3.9661138,3.8806243
2022-08-18,3,Cyanobacteria,4.000068,3.8522565
2022-08-19,3,Cyanobacteria,4.0340223,3.8536117
2022-08-20,3,Cyanobacteria,4.0679774,3.8266366
2022-08-21,3,Cyanobacteria,4.1019316,3.7807064
2022-08-22,3,Cyanobacteria,4.135886,3.8106136
2022-08-23,3,Cyanobacteria,4.169841,3.8037872
2022-08-24,3,Cyanobacteria,4.203795,3.8124156
2022-08-25,3,Cyanobacteria,4.2377496,3.8242524
2022-08-26,3,Cyanobacteria,4.271704,3.8306646
2022-08-27,3,Cyanobacteria,4.305659,3.905659
2022-08-28,3,Cyanobacteria,4.339613,3.927086
2022-08-29,3,Cyanobacteria,4.3735676,3.9456444
2022-08-30,3,Cyanobacteria,4.407522,3.9310188
2022-08-31,3,Cyanobacteria,4.441477,3.839467
2022-09-01,3,Cyanobacteria,4.475431,3.7419853
2022-09-02,3,Cyanobacteria,4.5093856,3.813898
2022-09-03,3,Cyanobacteria,4.54334,3.8575702
2022-09-04,3,Cyanobacteria,4.577295,3.8956068
2022-09-05,3,Cyanobacteria,4.6112494,3.919203
2022-09-06,3,Cyanobacteria,4.6452036,3.8691807
2022-09-07,3,Cyanobacteria,4.679158,3.878555
2022-09-08,3,Cyanobacteria,4.713113,3.8335342
2022-09-09,3,Cyanobacteria,4.7470675,3.7672126
2022-09-10,3,Cyanobacteria,4.781022,3.8459291
2022-09-11,3,Cyanobacteria,6.1217318,3.8844335
2022-09-12,3,Cyanobacteria,6.153777,3.9429731
2022-09-13,3,Cyanobacteria,5.5154853,3.944357
2022-09-14,3,Cyanobacteria,4.42329,4.248494
2022-09-15,3,Cyanobacteria,3.8892832,4.1334014
2022-09-16,3,Cyanobacteria,3.7135918,4.0691323
2022-09-17,3,Cyanobacteria,2.9347034,3.764532
2022-09-18,3,Cyanobacteria,4.431348,3.609786
2022-09-19,3,Cyanobacteria,4.227647,3.4677284
2022-09-20,3,Cyanobacteria,2.5538044,3.0950565
2022-09-21,3,Cyanobacteria,2.390876,3.5961232
2022-09-22,3,Cyanobacteria,2.1660202,3.2785308
2022-09-23,3,Cyanobacteria,2.1745803,2.6722977
2022-09-24,3,Cyanobacteria,2.6702752,2.61436
2022-09-25,3,Cyanobacteria,2.3401449,2.5498722
2022-09-26,3,Cyanobacteria,2.3833406,2.6529014
2022-09-27,3,Cyanobacteria,2.510181,2.9840539
2022-09-28,3,Cyanobacteria,4.2074294,2.8743267
2022-09-29,3,Cyanobacteria,4.753896,3.1156871
2022-09-30,3,Cyanobacteria,6.1951814,3.1742017
2022-10-01,3,Cyanobacteria,3.065192,3.817632
2022-10-02,3,Cyanobacteria,3.7090797,3.8502445
2022-10-03,3,Cyanobacteria,4.398922,4.2413864
2022-10-04,3,Cyanobacteria,5.0918016,3.3867376
2022-10-05,3,Cyanobacteria,4.849297,3.584189
2022-10-06,3,Cyanobacteria,4.0219636,3.644646
2022-10-07,3,Cyanobacteria,2.7237463,3.609815
2022-10-08,3,Cyanobacteria,2.32,3.349938
2022-10-09,3,Cyanobacteria,3.2219276,2.9365063
2022-10-10,3,Cyanobacteria,3.2224002,2.2676857
2022-10-11,3,Cyanobacteria,2.4283636,2.0118675
2022-10-12,3,Cyanobacteria,2.2486668,2.5440433
2022-10-13,3,Cyanobacteria,2.2341595,2.4112322
2022-10-14,3,Cyanobacteria,2.4454308,2.0571296
2022-10-15,3,Cyanobacteria,2.189485,2.033381
2022-10-16,3,Cyanobacteria,2.4336784,2.0910518
2022-10-17,3,Cyanobacteria,2.1963432,2.1533344
2022-10-18,3,Cyanobacteria,1.77874,1.9980173
2022-10-19,3,Cyanobacteria,1.6230702,2.163343
2022-10-20,3,Cyanobacteria,1.579081,2.0024316
2022-10-21,3,Cyanobacteria,1.7665725,1.805504
2022-10-22,3,Cyanobacteria,2.6929433,1.8932233
2022-10-23,3,Cyanobacteria,2.4712858,1.9280987
2022-10-24,3,Cyanobacteria,2.1828291,2.106274
2022-10-25,3,Cyanobacteria,1.9161577,2.4996183
2022-10-26,3,Cyanobacteria,1.6670797,2.1898632
2022-10-27,3,Cyanobacteria,1.6202025,2.0488808
2022-10-28,3,Cyanobacteria,1.552974,1.783883
2022-10-29,3,Cyanobacteria,1.5037726,1.6036332
2022-10-30,3,Cyanobacteria,1.6090738,1.5020918
2022-10-31,3,Cyanobacteria,1.5013676,1.4453759
2022-11-01,3,Cyanobacteria,1.3019855,1.4283828
2022-11-02,3,Cyanobacteria,1.1026033,1.4536029
2022-11-03,3,Cyanobacteria,1.1929109,1.3513702
2022-11-04,3,Cyanobacteria,1.2192972,1.3405826
2022-11-05,3,Cyanobacteria,1.2108177,1.2762032
2022-11-06,3,Cyanobacteria,1.1931765,1.4137654
2022-11-07,3,Cyanobacteria,1.1273862,1.5395793
2022-11-08,3,Cyanobacteria,1.5220854,1.6615295
2022-11-09,3,Cyanobacteria,1.8338467,1.7072023
2022-11-10,3,Cyanobacteria,2.1456077,1.7447759
2022-11-11,3,Cyanobacteria,3.645496,1.9344602
2022-11-12,3,Cyanobacteria,3.7778358,2.0415225
2022-11-13,3,Cyanobacteria,3.9101756,2.1564775
2022-11-14,3,Cyanobacteria,4.0425153,2.5393445
2022-11-15,3,Cyanobacteria,4.174855,2.4295135
2022-11-16,3,Cyanobacteria,2.4362636,2.2895532
2022-11-17,3,Cyanobacteria,1.8813034,2.123746
2022-11-18,3,Cyanobacteria,1.7065123,2.0468454
2022-11-19,3,Cyanobacteria,1.7963116,1.7278585
2022-11-20,3,Cyanobacteria,1.7562879,1.6275052
2022-11-21,3,Cyanobacteria,1.716068,1.6276628
2022-11-22,3,Cyanobacteria,1.8579218,1.7065719
2022-11-23,3,Cyanobacteria,2.309513,1.7427049
2022-11-24,3,Cyanobacteria,2.2426267,1.6635107
2022-11-25,3,Cyanobacteria,1.6817813,1.6948673
2022-11-26,3,Cyanobacteria,2.334812,1.7691107
2022-11-27,3,Cyanobacteria,2.538623,1.7718236
2022-11-28,3,Cyanobacteria,2.067699,1.5968701
2022-11-29,3,Cyanobacteria,1.609312,1.8320298
2022-11-30,3,Cyanobacteria,1.4803835,1.8859131
2022-12-01,3,Cyanobacteria,1.5265702,1.6846194
2022-12-02,3,Cyanobacteria,1.5021827,1.51516
2022-12-03,3,Cyanobacteria,1.3033888,1.4897499
2022-12-04,3,Cyanobacteria,1.2186893,1.6366982
2022-12-05,3,Cyanobacteria,1.2566932,1.7251338
2022-12-06,3,Cyanobacteria,1.2839594,1.6671526
2022-12-07,3,Cyanobacteria,1.2833816,1.6476816
2022-12-08,3,Cyanobacteria,1.264826,1.6577902
2022-12-09,3,Cyanobacteria,1.1665274,1.7233827
2022-12-10,3,Cyanobacteria,1.1783273,1.64911
2022-12-11,3,Cyanobacteria,1.162433,1.5922794
2022-12-12,3,Cyanobacteria,1.0775615,1.5410682
2022-12-13,3,Cyanobacteria,1.0522738,1.5412407
2022-12-14,3,Cyanobacteria,1.0630385,1.4973933
2022-12-15,3,Cyanobacteria,0.9643116,1.446614
2022-12-16,3,Cyanobacteria,0.9429254,1.4000841
2022-12-17,3,Cyanobacteria,0.9599493,1.3001343
2022-12-18,3,Cyanobacteria,1.066546,1.2144877
2022-12-19,3,Cyanobacteria,1.2629783,1.0335326
2022-12-20,3,Cyanobacteria,0.976756,1.1086661
2022-12-21,3,Cyanobacteria,0.92862743,1.1561635
2022-12-22,3,Cyanobacteria,0.971029,1.26133
2022-12-23,3,Cyanobacteria,1.0265797,1.0537176
2022-12-24,3,Cyanobacteria,1.063063,0.95633185
2022-12-25,3,Cyanobacteria,1.0813106,0.9415736
2022-12-26,3,Cyanobacteria,1.0943778,0.975755
2022-12-27,3,Cyanobacteria,1.0884805,1.0106226
2022-12-28,3,Cyanobacteria,1.1312981,0.9963386
2022-12-29,3,Cyanobacteria,1.1201302,0.96307933
2022-12-30,3,Cyanobacteria,1.0986956,0.97084
2022-12-31,3,Cyanobacteria,1.1218044,0.99918556
2023-01-01,3,Cyanobacteria,1.1762229,0.97615147
2023-01-02,3,Cyanobacteria,1.3408847,0.9446463
2023-01-03,3,Cyanobacteria,1.5967512,0.962713
2023-01-04,3,Cyanobacteria,1.1869442,1.0140011
2023-01-05,3,Cyanobacteria,0.5527029,1.0756538
2023-01-06,3,Cyanobacteria,0.5547719,1.1645131
2023-01-07,3,Cyanobacteria,0.25931886,1.0364903
2023-01-08,3,Cyanobacteria,0.8177391,0.7774001
2023-01-09,3,Cyanobacteria,0.1614521,0.8523412
2023-01-10,3,Cyanobacteria,0.992042,0.82274795
2023-01-11,3,Cyanobacteria,1.275152,1.2946961
2023-01-12,3,Cyanobacteria,1.3251085,1.1214778
2023-01-13,3,Cyanobacteria,1.0189146,1.550365
2023-01-14,3,Cyanobacteria,1.2738205,1.5835606
2023-01-15,3,Cyanobacteria,1.3461332,1.5753552
2023-01-16,3,Cyanobacteria,1.4476104,1.5281543
2023-01-17,3,Cyanobacteria,1.2679595,1.5469015
2023-01-18,3,Cyanobacteria,1.4467247,1.7528921
2023-01-19,3,Cyanobacteria,1.4130435,1.6895854
2023-01-20,3,Cyanobacteria,1.1790079,1.6134709
2023-01-21,3,Cyanobacteria,1.253741,1.6086028
2023-01-22,3,Cyanobacteria,0.74572355,1.4592328
2023-01-23,3,Cyanobacteria,0.6302901,1.224648
2023-01-24,3,Cyanobacteria,1.5968212,1.338491
2023-01-25,3,Cyanobacteria,1.5914844,1.1937188
2023-01-26,3,Cyanobacteria,1.4528313,0.99592894
2023-01-27,3,Cyanobacteria,1.3141781,1.6806974
2023-01-28,3,Cyanobacteria,1.4395945,1.6173617
2023-01-29,3,Cyanobacteria,1.4727279,1.5055796
2023-01-30,3,Cyanobacteria,1.3791581,1.4112034
2023-01-31,3,Cyanobacteria,1.1787742,1.4823229
2023-02-01,3,Cyanobacteria,0.9783902,1.4978485
2023-02-02,3,Cyanobacteria,1.3512114,1.4412174
2023-02-03,3,Cyanobacteria,1.5657766,1.3495203
2023-02-04,3,Cyanobacteria,1.615985,1.2998172
2023-02-05,3,Cyanobacteria,2.4904246,1.533812
2023-02-06,3,Cyanobacteria,2.262368,1.7130736
2023-02-07,3,Cyanobacteria,2.1824055,1.7242534
2023-02-08,3,Cyanobacteria,1.5520464,1.9846138
2023-02-09,3,Cyanobacteria,1.8653886,1.8407238
2023-02-10,3,Cyanobacteria,2.283535,1.8541287
2023-02-11,3,Cyanobacteria,2.7620409,1.668179
2023-02-12,3,Cyanobacteria,2.2324486,1.7083998
2023-02-13,3,Cyanobacteria,1.8255773,1.8699027
2023-02-14,3,Cyanobacteria,2.4639304,1.854591
2023-02-15,3,Cyanobacteria,1.9916799,1.7144781
2023-02-16,3,Cyanobacteria,1.7593039,1.6267312
2023-02-17,3,Cyanobacteria,1.7566204,1.8087921
2023-02-18,3,Cyanobacteria,1.8478105,1.6793437
2023-02-19,3,Cyanobacteria,1.577091,1.6270373
2023-02-20,3,Cyanobacteria,1.5175421,1.618237
2023-02-21,3,Cyanobacteria,1.2222602,1.7033769
2023-02-22,3,Cyanobacteria,1.1143904,1.5860679
2023-02-23,3,Cyanobacteria,1.5166937,1.5897368
2023-02-24,3,Cyanobacteria,1.4491328,1.4479681
2023-02-25,3,Cyanobacteria,1.4799918,1.3931652
2023-02-26,3,Cyanobacteria,1.5221559,1.6127437
2023-02-27,3,Cyanobacteria,1.712296,1.5923282
2023-02-28,3,Cyanobacteria,2.1366403,1.5666425
2023-03-01,3,Cyanobacteria,1.7858219,1.608616
2023-03-02,3,Cyanobacteria,1.3755527,1.6656891
2023-03-03,3,Cyanobacteria,1.2984917,1.88053
2023-03-04,3,Cyanobacteria,1.2888846,1.7239772
2023-03-05,3,Cyanobacteria,1.2217515,1.4870099
2023-03-06,3,Cyanobacteria,1.191564,1.4241905
2023-03-07,3,Cyanobacteria,1.3979748,1.4520612
2023-03-08,3,Cyanobacteria,1.3001692,1.4441803
2023-03-09,3,Cyanobacteria,1.2327971,1.417995
2023-03-10,3,Cyanobacteria,1.1577052,1.5120442
2023-03-11,3,Cyanobacteria,1.0726924,1.4684658
2023-03-12,3,Cyanobacteria,1.0191824,1.4061521
2023-03-13,3,Cyanobacteria,0.8894389,1.3657249
2023-03-14,3,Cyanobacteria,0.90746105,1.3206953
2023-03-15,3,Cyanobacteria,0.87925994,1.3127993
2023-03-16,3,Cyanobacteria,0.83830166,1.2975584
2023-03-17,3,Cyanobacteria,1.0444053,1.2085065
2023-03-18,3,Cyanobacteria,1.0910829,1.1888865
2023-03-19,3,Cyanobacteria,0.9658961,1.2303172
2023-03-20,3,Cyanobacteria,0.92234516,1.4449618
2023-03-21,3,Cyanobacteria,0.9250495,1.5093421
2023-03-22,3,Cyanobacteria,0.80815005,1.4329365
2023-03-23,3,Cyanobacteria,0.27196577,1.4392644
2023-03-24,3,Cyanobacteria,0.7134048,1.4524667
2023-03-25,3,Cyanobacteria,2.8818572,1.4957436
2023-03-26,3,Cyanobacteria,3.2467968,1.1698903
2023-03-27,3,Cyanobacteria,3.6117365,1.5461245
2023-03-28,3,Cyanobacteria,2.6727736,2.8063056
2023-03-29,3,Cyanobacteria,1.9372687,2.5091982
2023-03-30,3,Cyanobacteria,1.7760023,2.4777496
2023-03-31,3,Cyanobacteria,1.5423425,2.0442228
2023-04-01,3,Cyanobacteria,1.2678039,1.8757107
2023-04-02,3,Cyanobacteria,1.108106,1.6513414
2023-04-03,3,Cyanobacteria,1.0268787,1.4888947
2023-04-04,3,Cyanobacteria,1.0073328,1.3068897
2023-04-05,3,Cyanobacteria,1.5883657,1.2796985
2023-04-06,3,Cyanobacteria,2.1693985,1.3045988
2023-04-07,3,Cyanobacteria,2.7504315,1.4088018
2023-04-08,3,Cyanobacteria,3.3314643,1.7524412
2023-04-09,3,Cyanobacteria,2.7729766,2.007387
2023-04-10,3,Cyanobacteria,2.417534,2.0447304
2023-04-11,3,Cyanobacteria,1.7742348,2.1460235
2023-04-12,3,Cyanobacteria,1.4090321,1.9092981
2023-04-13,3,Cyanobacteria,1.2431421,1.7924827
2023-04-14,3,Cyanobacteria,1.120989,1.5779111
2023-04-15,3,Cyanobacteria,1.1054552,1.3706433
2023-04-16,3,Cyanobacteria,1.0206532,1.3830194
2023-04-17,3,Cyanobacteria,0.772153,1.422148
2023-04-18,3,Cyanobacteria,1.0562845,1.4479246
2023-04-19,3,Cyanobacteria,1.5799931,1.585244
2023-04-20,3,Cyanobacteria,1.3164134,1.5309426
2023-04-21,3,Cyanobacteria,1.2170826,1.8259501
2023-04-22,3,Cyanobacteria,1.2514278,2.124566
2023-04-23,3,Cyanobacteria,1.1737871,1.7428274
2023-04-24,3,Cyanobacteria,1.1448725,1.6069708
2023-04-25,3,Cyanobacteria,1.0627111,1.812069
2023-04-26,3,Cyanobacteria,1.4576253,1.8508483
2023-04-27,3,Cyanobacteria,1.7456878,1.8673738
2023-04-28,3,Cyanobacteria,1.8548379,1.7654326
2023-04-29,3,Cyanobacteria,2.6361527,1.8390166
2023-04-30,3,Cyanobacteria,3.1612911,2.1167843
2023-05-01,3,Cyanobacteria,1.9083881,2.140429
2023-05-02,3,Cyanobacteria,1.5850003,2.6552317
2023-05-03,3,Cyanobacteria,0.7557995,2.6870065
2023-05-04,3,Cyanobacteria,0.83305645,2.1587493
2023-05-05,3,Cyanobacteria,0.64165354,1.9003614
2023-05-06,3,Cyanobacteria,0.42700356,1.3647876
2023-05-07,3,Cyanobacteria,1.1629804,1.4606128
2023-05-08,3,Cyanobacteria,1.8989573,1.4101689
2023-05-09,3,Cyanobacteria,2.634934,1.4586794
2023-05-10,3,Cyanobacteria,3.370911,2.143825
2023-05-11,3,Cyanobacteria,4.106888,2.270439
2023-05-12,3,Cyanobacteria,4.8428645,2.3975658
2023-05-13,3,Cyanobacteria,5.5788417,2.467988
2023-05-14,3,Cyanobacteria,3.4932373,2.4155366
2023-05-15,3,Cyanobacteria,2.3829908,2.1745915
2023-05-16,3,Cyanobacteria,1.6760406,2.0906496
2023-05-17,3,Cyanobacteria,1.5048957,1.7142819
2023-05-18,3,Cyanobacteria,1.3905042,1.5280432
2023-05-19,3,Cyanobacteria,1.3446171,1.352131
2023-05-20,3,Cyanobacteria,1.3385532,1.5050614
2023-05-21,3,Cyanobacteria,1.2489344,1.5772865
2023-05-22,3,Cyanobacteria,1.2775736,1.6174695
2023-05-23,3,Cyanobacteria,1.7400788,1.8305311
2023-05-24,3,Cyanobacteria,2.1723888,1.7804897
2023-05-25,3,Cyanobacteria,2.054791,1.7835058
2023-05-26,3,Cyanobacteria,2.0169272,2.0953243
2023-05-27,3,Cyanobacteria,2.1836193,2.3473477
2023-05-28,3,Cyanobacteria,2.1190135,2.299732
2023-05-29,3,Cyanobacteria,2.2845416,2.2517715
2023-05-30,3,Cyanobacteria,2.8546731,2.3146312
2023-05-31,3,Cyanobacteria,3.6820343,2.2802472
2023-06-01,3,Cyanobacteria,4.2432837,2.323239
2023-06-02,3,Cyanobacteria,3.1228824,2.48204
2023-06-03,3,Cyanobacteria,3.9125252,2.5156832
2023-06-04,3,Cyanobacteria,3.0990682,2.4348457
2023-06-05,3,Cyanobacteria,2.2573907,2.17924
2023-06-06,3,Cyanobacteria,3.5290446,2.4577785
2023-06-07,3,Cyanobacteria,4.5944915,2.316259
2023-06-08,3,Cyanobacteria,3.974097,2.1304057
2023-06-09,3,Cyanobacteria,2.817865,2.6220095
2023-06-10,3,Cyanobacteria,2.1575139,2.899
2023-06-11,3,Cyanobacteria,2.202399,2.6779351
2023-06-12,3,Cyanobacteria,2.613506,2.2894313
2023-06-13,3,Cyanobacteria,3.0178857,2.1314623
2023-06-14,3,Cyanobacteria,3.2518442,2.306543
2023-06-15,3,Cyanobacteria,2.6697867,2.5186558
2023-06-16,3,Cyanobacteria,1.9534781,2.5267696
2023-06-17,3,Cyanobacteria,2.036473,2.3497312
2023-06-18,3,Cyanobacteria,2.074111,2.1161518
2023-06-19,3,Cyanobacteria,1.7520274,1.8848044
2023-06-20,3,Cyanobacteria,1.9095271,2.0215473
2023-06-21,3,Cyanobacteria,2.6224213,2.0148463
2023-06-22,3,Cyanobacteria,2.9754727,2.0178063
2023-06-23,3,Cyanobacteria,3.7797623,2.1425629
2023-06-24,3,Cyanobacteria,3.8032756,2.450781
2023-06-25,3,Cyanobacteria,3.9180677,2.477047
2023-06-26,3,Cyanobacteria,4.7419147,2.6511743
2023-06-27,3,Cyanobacteria,5.532881,2.4101453
2023-06-28,3,Cyanobacteria,3.5055287,2.1925511
2023-06-29,3,Cyanobacteria,3.4548762,2.4040635
2023-06-30,3,Cyanobacteria,2.7937806,2.341759
2023-07-01,3,Cyanobacteria,1.5995938,1.8335975
2023-07-02,3,Cyanobacteria,1.5965191,1.7066219
2023-07-03,3,Cyanobacteria,1.7737297,1.512417
2023-07-04,3,Cyanobacteria,2.776571,1.2026967
2023-07-05,3,Cyanobacteria,3.2304816,1.3577852
2023-07-06,3,Cyanobacteria,1.984966,1.4792863
2023-07-07,3,Cyanobacteria,1.9826539,1.7689773
2023-07-08,3,Cyanobacteria,2.2500691,1.7767864
2023-07-09,3,Cyanobacteria,2.3913074,1.2854928
2023-07-10,3,Cyanobacteria,2.655939,1.2552782
2023-07-11,3,Cyanobacteria,1.9692372,1.4296017
2023-07-12,3,Cyanobacteria,1.2298373,1.4374293
2023-07-13,3,Cyanobacteria,1.0929966,1.4444363
2023-07-14,3,Cyanobacteria,0.5992144,1.2121058
2023-07-15,3,Cyanobacteria,0.6014617,1.0206039
2023-07-16,3,Cyanobacteria,0.609786,1.0317265
2023-07-17,3,Cyanobacteria,0.70679635,0.9694268
2023-07-18,3,Cyanobacteria,0.8659262,1.0361782
2023-07-19,3,Cyanobacteria,0.9241884,1.2406068
2023-07-20,3,Cyanobacteria,1.0990573,1.313527
2023-07-21,3,Cyanobacteria,2.9751103,1.3968157
2023-07-22,3,Cyanobacteria,4.6228127,1.4775016
2023-07-23,3,Cyanobacteria,2.8313358,1.5751641
2023-07-24,3,Cyanobacteria,4.548409,2.4926867
2023-07-25,3,Cyanobacteria,5.784873,2.512105
2023-07-26,3,Cyanobacteria,3.7234683,1.8971419
2023-07-27,3,Cyanobacteria,1.6620638,2.1265953
2023-07-28,3,Cyanobacteria,0.8556233,2.06034
2023-07-29,3,Cyanobacteria,0.89116377,1.6300222
2023-07-30,3,Cyanobacteria,1.1886462,1.2164052
2023-07-31,3,Cyanobacteria,2.471676,1.0377303
2023-08-01,3,Cyanobacteria,1.6940145,1.2661266
2023-08-02,3,Cyanobacteria,1.9481753,1.694242
2023-08-03,3,Cyanobacteria,1.7617489,2.0310285
2023-08-04,3,Cyanobacteria,1.0801963,1.5230778
2023-08-05,3,Cyanobacteria,1.292281,1.5054523
2023-08-06,3,Cyanobacteria,1.7215066,1.3863922
2023-08-07,3,Cyanobacteria,3.3288689,1.1760823
2023-08-08,3,Cyanobacteria,3.0218735,1.4153123
2023-08-09,3,Cyanobacteria,1.651122,1.6408525
2023-08-10,3,Cyanobacteria,1.442921,2.012224
2023-08-11,3,Cyanobacteria,0.7765467,1.71084
2023-08-12,3,Cyanobacteria,0.9314234,1.1904355
2023-08-13,3,Cyanobacteria,1.5715406,1.1973827
2023-08-14,3,Cyanobacteria,4.173333,1.0383866
2023-08-15,3,Cyanobacteria,1.9116304,1.2003683
2023-08-16,3,Cyanobacteria,3.6171675,1.558433
2023-08-17,3,Cyanobacteria,2.3501623,2.1600275
2023-08-18,3,Cyanobacteria,2.9149249,1.4781004
2023-08-19,3,Cyanobacteria,3.0159187,1.8782458
2023-08-20,3,Cyanobacteria,2.285934,1.5942581
2023-08-21,3,Cyanobacteria,2.103505,1.9848952
2023-08-22,3,Cyanobacteria,2.0100663,2.0213447
2023-08-23,3,Cyanobacteria,2.030845,1.7033665
2023-08-24,3,Cyanobacteria,1.9803014,1.7640896
2023-08-25,3,Cyanobacteria,1.8590924,1.8904953
2023-08-26,3,Cyanobacteria,2.186416,1.922841
2023-08-27,3,Cyanobacteria,2.1218035,1.8990542
2023-08-28,3,Cyanobacteria,2.2880745,2.0464363
2023-08-29,3,Cyanobacteria,4.906969,2.3007562
2023-08-30,3,Cyanobacteria,2.747103,2.2649267
2023-08-31,3,Cyanobacteria,4.8251433,2.342671
2023-09-01,3,Cyanobacteria,3.1461823,3.039967
2023-09-02,3,Cyanobacteria,2.997252,2.18271
2023-09-03,3,Cyanobacteria,2.551028,2.8849883
2023-09-04,3,Cyanobacteria,2.49856,2.2210479
2023-09-05,3,Cyanobacteria,5.2166624,2.1035933
2023-09-06,3,Cyanobacteria,5.1275606,2.0756016
2023-09-07,3,Cyanobacteria,5.0384583,2.2005153
2023-09-08,3,Cyanobacteria,4.9493566,2.8749866
2023-09-09,3,Cyanobacteria,2.5999234,2.7766495
2023-09-10,3,Cyanobacteria,2.1791236,2.5004704
2023-09-11,3,Cyanobacteria,1.9352801,2.2278223
2023-09-12,3,Cyanobacteria,1.8269101,1.6478658
2023-09-13,3,Cyanobacteria,1.9009577,1.74157
2023-09-14,3,Cyanobacteria,2.1442535,1.70223
2023-09-15,3,Cyanobacteria,2.3835835,1.9042753
2023-09-16,3,Cyanobacteria,2.215428,1.949866
2023-09-17,3,Cyanobacteria,1.9896855,2.0998259
2023-09-18,3,Cyanobacteria,2.0334396,2.0904012
2023-09-19,3,Cyanobacteria,2.1670406,1.973127
2023-09-20,3,Cyanobacteria,2.404295,1.9918028
2023-09-21,3,Cyanobacteria,2.4283464,1.9988276
2023-09-22,3,Cyanobacteria,2.1776288,2.0544913
2023-09-23,3,Cyanobacteria,2.2079122,2.1632648
2023-09-24,3,Cyanobacteria,2.0656526,2.1865575
2023-09-25,3,Cyanobacteria,1.8197497,2.0712662
2023-09-26,3,Cyanobacteria,2.788784,2.0368989
2023-09-27,3,Cyanobacteria,2.862572,2.0620072
2023-09-28,3,Cyanobacteria,2.8470044,1.9701062
2023-09-29,3,Cyanobacteria,2.7773497,2.31301
2023-09-30,3,Cyanobacteria,3.3597028,2.23511
2023-10-01,3,Cyanobacteria,3.2632625,2.1607432
2023-10-02,3,Cyanobacteria,2.1856651,2.11118
2023-10-03,3,Cyanobacteria,3.234886,2.2278328
2023-10-04,3,Cyanobacteria,3.1014996,2.089576
2023-10-05,3,Cyanobacteria,2.354695,1.7915297
2023-10-06,3,Cyanobacteria,1.8833472,2.3813827
2023-10-07,3,Cyanobacteria,1.6806661,2.1864226
2023-10-08,3,Cyanobacteria,1.6510261,1.9647164
2023-10-09,3,Cyanobacteria,1.65687,1.9191082
2023-10-10,3,Cyanobacteria,2.0349479,1.973041
2023-10-11,3,Cyanobacteria,1.9036157,2.030991
2023-10-12,3,Cyanobacteria,1.5963961,2.0253162
2023-10-13,3,Cyanobacteria,2.2419574,2.3596106
2023-10-14,3,Cyanobacteria,3.478502,2.3261728
2023-10-15,3,Cyanobacteria,3.9786897,2.198178
2023-10-16,3,Cyanobacteria,2.291187,2.543292
2023-10-17,3,Cyanobacteria,2.2361436,2.9832153
2023-10-18,3,Cyanobacteria,3.1238363,2.990122
2023-10-19,3,Cyanobacteria,3.5173097,2.3988395
2023-10-20,3,Cyanobacteria,3.7166374,2.2732472
2023-10-21,3,Cyanobacteria,2.9234288,2.6359959
2023-10-22,3,Cyanobacteria,3.0309916,2.6090128
2023-10-23,3,Cyanobacteria,2.8510609,2.5828907
2023-10-24,3,Cyanobacteria,3.768123,2.5287604
2023-10-25,3,Cyanobacteria,5.941194,2.4295285
2023-10-26,3,Cyanobacteria,4.4449563,2.4701865
2023-10-27,3,Cyanobacteria,4.763434,2.7776928
2023-10-28,3,Cyanobacteria,2.8690472,3.1103003
2023-10-29,3,Cyanobacteria,2.7990034,2.813605
2023-10-30,3,Cyanobacteria,2.6598368,2.8674512
2023-10-31,3,Cyanobacteria,3.064641,2.3635948
2023-11-01,3,Cyanobacteria,3.5453944,2.3083506
2023-11-02,3,Cyanobacteria,3.0826712,2.2734919
2023-11-03,3,Cyanobacteria,3.453603,2.4182553
2023-11-04,3,Cyanobacteria,2.4549444,2.5148237
2023-11-05,3,Cyanobacteria,3.4141028,2.3573556
2023-11-06,3,Cyanobacteria,3.7630842,2.4938743
2023-11-07,3,Cyanobacteria,2.8241215,2.0791535
2023-11-08,3,Cyanobacteria,1.6250529,2.2675607
2023-11-09,3,Cyanobacteria,1.9600605,2.3334622
2023-11-10,3,Cyanobacteria,2.4557483,1.9543375
2023-11-11,3,Cyanobacteria,1.7682997,1.5153362
2023-11-12,3,Cyanobacteria,1.8357332,1.7998184
2023-11-13,3,Cyanobacteria,1.5355757,2.0648618
2023-11-14,3,Cyanobacteria,1.4568228,1.7885436
2023-11-15,3,Cyanobacteria,1.3942672,1.8298253
2023-11-16,3,Cyanobacteria,1.4696076,1.7446772
2023-11-17,3,Cyanobacteria,1.5879126,1.7757907
2023-11-18,3,Cyanobacteria,1.8608291,1.761616
2023-11-19,3,Cyanobacteria,1.7472198,1.832432
2023-11-20,3,Cyanobacteria,2.048946,1.8675898
2023-11-21,3,Cyanobacteria,2.0148678,2.0108435
2023-11-22,3,Cyanobacteria,2.2934241,1.9546068
2023-11-23,3,Cyanobacteria,3.542967,2.1324325
2023-11-24,3,Cyanobacteria,2.294738,2.1828425
2023-11-25,3,Cyanobacteria,1.8379765,2.2394595
2023-11-26,3,Cyanobacteria,1.510859,2.4812896
2023-11-27,3,Cyanobacteria,1.4485191,2.0014262
2023-11-28,3,Cyanobacteria,1.7754028,1.8170527
2023-11-29,3,Cyanobacteria,1.1889424,1.7047983
2023-11-30,3,Cyanobacteria,4.1997676,1.7528871
2023-12-01,3,Cyanobacteria,2.7477224,1.9733936
2023-12-02,3,Cyanobacteria,2.1429226,1.7500484
2023-12-03,3,Cyanobacteria,2.1683147,2.8423421
2023-12-04,3,Cyanobacteria,1.8719982,2.3376591
2023-12-05,3,Cyanobacteria,2.7758234,2.0855176
2023-12-06,3,Cyanobacteria,2.8993187,2.012502
2023-12-07,3,Cyanobacteria,2.0482368,1.7752148
2023-12-08,3,Cyanobacteria,1.585169,2.2112777
2023-12-09,3,Cyanobacteria,2.0673146,2.3108904
2023-12-10,3,Cyanobacteria,1.7040033,2.0056252
2023-12-11,3,Cyanobacteria,2.2543254,1.73002
2023-12-12,3,Cyanobacteria,2.8514695,1.9750316
2023-12-13,3,Cyanobacteria,2.631844,1.824808
2023-12-14,3,Cyanobacteria,2.930671,2.084471
2023-12-15,3,Cyanobacteria,4.081218,2.321625
2023-12-16,3,Cyanobacteria,2.122142,2.088335
2023-12-17,3,Cyanobacteria,1.3384718,2.0122993
2023-12-18,3,Cyanobacteria,1.4121481,2.2679527
2023-12-19,3,Cyanobacteria,1.8288468,1.6406066
2023-12-20,3,Cyanobacteria,1.4450092,1.297453
2023-12-21,3,Cyanobacteria,1.3191619,1.4166713
2023-12-22,3,Cyanobacteria,1.6237926,1.7473865
2023-12-23,3,Cyanobacteria,1.574842,1.576057
2023-12-24,3,Cyanobacteria,1.5136062,1.5248506
2023-12-25,3,Cyanobacteria,1.7450206,1.6902878
2023-12-26,3,Cyanobacteria,3.017767,1.6763909
2023-12-27,3,Cyanobacteria,3.659146,1.6530612
2023-12-28,3,Cyanobacteria,2.284695,1.7689563
2023-12-29,3,Cyanobacteria,1.6734831,2.2251246
