date,horizon,target,true_value,pred_value
2020-10-28,1,Diatoms,1.6328437,1.5920237
2020-10-29,1,Diatoms,2.244111,1.9101652
2020-10-30,1,Diatoms,2.375431,2.4162698
2020-10-31,1,Diatoms,2.506751,2.6576445
2020-11-01,1,Diatoms,3.0380814,2.2358437
2020-11-02,1,Diatoms,2.8482478,2.400847
2020-11-03,1,Diatoms,2.2271326,2.3632612
2020-11-04,1,Diatoms,2.085131,1.7846375
2020-11-05,1,Diatoms,2.0708182,1.6931291
2020-11-06,1,Diatoms,1.713693,1.6254337
2020-11-07,1,Diatoms,2.1728096,1.6921587
2020-11-08,1,Diatoms,1.2744782,2.2509115
2020-11-09,1,Diatoms,1.0231327,1.2354267
2020-11-10,1,Diatoms,0.7810465,1.0617683
2020-11-11,1,Diatoms,0.89373004,0.944643
2020-11-12,1,Diatoms,1.3485912,1.0503689
2020-11-13,1,Diatoms,1.0144191,1.3036361
2020-11-14,1,Diatoms,0.7676627,1.0865892
2020-11-15,1,Diatoms,1.5220684,1.0424
2020-11-16,1,Diatoms,1.7528968,1.461939
2020-11-17,1,Diatoms,2.7005594,1.8231378
2020-11-18,1,Diatoms,3.551749,2.2465339
2020-11-19,1,Diatoms,3.5550296,2.56338
2020-11-20,1,Diatoms,3.5583103,2.7243605
2020-11-21,1,Diatoms,3.561591,2.7355974
2020-11-22,1,Diatoms,3.5648715,2.5693536
2020-11-23,1,Diatoms,3.5681524,2.6716995
2020-11-24,1,Diatoms,2.877584,2.3794055
2020-11-25,1,Diatoms,2.570984,1.792223
2020-11-26,1,Diatoms,2.99432,1.8272221
2020-11-27,1,Diatoms,2.3000507,2.4756262
2020-11-28,1,Diatoms,1.9902606,1.8582886
2020-11-29,1,Diatoms,2.121932,1.5351405
2020-11-30,1,Diatoms,1.2250868,1.5806732
2020-12-01,1,Diatoms,0.79758143,1.0184349
2020-12-02,1,Diatoms,0.55146164,0.9019182
2020-12-03,1,Diatoms,0.69141823,0.80646986
2020-12-04,1,Diatoms,0.4592113,0.78167295
2020-12-05,1,Diatoms,0.6877279,0.68960756
2020-12-06,1,Diatoms,0.72069466,0.73614955
2020-12-07,1,Diatoms,0.6629616,0.7540643
2020-12-08,1,Diatoms,0.32433745,0.74915755
2020-12-09,1,Diatoms,0.891803,0.6704916
2020-12-10,1,Diatoms,1.0413541,0.8773833
2020-12-11,1,Diatoms,0.50121653,0.8715757
2020-12-12,1,Diatoms,0.45125997,0.7223774
2020-12-13,1,Diatoms,1.5000796,0.788726
2020-12-14,1,Diatoms,0.68109983,1.3029078
2020-12-15,1,Diatoms,1.1050941,0.6336865
2020-12-16,1,Diatoms,1.0165268,0.86460346
2020-12-17,1,Diatoms,0.82747287,0.8301874
2020-12-18,1,Diatoms,0.79755604,0.74147165
2020-12-19,1,Diatoms,0.92849493,0.81928355
2020-12-20,1,Diatoms,0.91774964,0.89335144
2020-12-21,1,Diatoms,1.0702823,0.90785515
2020-12-22,1,Diatoms,1.129609,0.9572914
2020-12-23,1,Diatoms,1.5725508,0.97526264
2020-12-24,1,Diatoms,1.0803404,1.0758327
2020-12-25,1,Diatoms,1.1264446,0.96165526
2020-12-26,1,Diatoms,1.3128096,1.0903832
2020-12-27,1,Diatoms,1.272882,1.3139161
2020-12-28,1,Diatoms,3.3631935,1.4816488
2020-12-29,1,Diatoms,3.1568608,2.6919234
2020-12-30,1,Diatoms,2.9505284,2.842613
2020-12-31,1,Diatoms,3.1884804,2.4011526
2021-01-01,1,Diatoms,1.9716499,1.8814783
2021-01-02,1,Diatoms,1.4403403,1.0998862
2021-01-03,1,Diatoms,1.1570333,0.8403697
2021-01-04,1,Diatoms,0.9809848,0.7828523
2021-01-05,1,Diatoms,0.84870386,0.6779785
2021-01-06,1,Diatoms,0.7281101,0.58183146
2021-01-07,1,Diatoms,0.2832947,0.54153776
2021-01-08,1,Diatoms,0.31892332,0.41275457
2021-01-09,1,Diatoms,0.18934155,0.34133345
2021-01-10,1,Diatoms,0.38280752,0.31356812
2021-01-11,1,Diatoms,0.20098482,0.35326546
2021-01-12,1,Diatoms,0.08154123,0.28981075
2021-01-13,1,Diatoms,0.30706948,0.30888352
2021-01-14,1,Diatoms,0.6084967,0.349042
2021-01-15,1,Diatoms,0.8928965,0.43679735
2021-01-16,1,Diatoms,0.62818974,0.5017307
2021-01-17,1,Diatoms,0.10378436,0.40244782
2021-01-18,1,Diatoms,0.0969537,0.28224057
2021-01-19,1,Diatoms,0.4372576,0.33733496
2021-01-20,1,Diatoms,1.0428437,0.48426855
2021-01-21,1,Diatoms,2.229479,1.5553787
2021-01-22,1,Diatoms,2.2929904,2.0967724
2021-01-23,1,Diatoms,2.4667873,2.3107455
2021-01-24,1,Diatoms,2.4707308,2.5648537
2021-01-25,1,Diatoms,2.4139535,1.9979464
2021-01-26,1,Diatoms,2.5623229,2.1828666
2021-01-27,1,Diatoms,2.6734154,2.0542214
2021-01-28,1,Diatoms,2.784508,2.1760361
2021-01-29,1,Diatoms,1.4483068,1.8889109
2021-01-30,1,Diatoms,1.1406006,1.1905152
2021-01-31,1,Diatoms,1.6360753,1.48865
2021-02-01,1,Diatoms,2.0243301,1.6540911
2021-02-02,1,Diatoms,1.9407675,1.8979958
2021-02-03,1,Diatoms,1.9504924,1.6439406
2021-02-04,1,Diatoms,1.640601,1.5072594
2021-02-05,1,Diatoms,1.878074,1.4571387
2021-02-06,1,Diatoms,1.893273,1.7535691
2021-02-07,1,Diatoms,1.6942288,1.6673249
2021-02-08,1,Diatoms,2.2493556,1.5934526
2021-02-09,1,Diatoms,1.7770494,1.9805895
2021-02-10,1,Diatoms,0.68595654,1.718537
2021-02-11,1,Diatoms,0.9005503,1.329531
2021-02-12,1,Diatoms,1.81,1.3565477
2021-02-13,1,Diatoms,2.2021346,1.8534595
2021-02-14,1,Diatoms,2.594269,2.4385264
2021-02-15,1,Diatoms,2.9864037,2.2885327
2021-02-16,1,Diatoms,2.702113,2.1624334
2021-02-17,1,Diatoms,2.0566425,1.9025545
2021-02-18,1,Diatoms,1.8688567,1.3039833
2021-02-19,1,Diatoms,1.7543334,1.1316776
2021-02-20,1,Diatoms,0.9000724,1.1230278
2021-02-21,1,Diatoms,0.7629161,0.5985275
2021-02-22,1,Diatoms,0.6538233,0.58660704
2021-02-23,1,Diatoms,0.2735771,0.4163015
2021-02-24,1,Diatoms,0.29733527,0.30257753
2021-02-25,1,Diatoms,0.122311585,0.31916818
2021-02-26,1,Diatoms,0.111385085,0.30626118
2021-02-27,1,Diatoms,0.23341587,0.31892562
2021-02-28,1,Diatoms,0.3779776,0.277523
2021-03-01,1,Diatoms,0.26025468,0.32356519
2021-03-02,1,Diatoms,0.5074762,0.2561341
2021-03-03,1,Diatoms,0.5803401,0.3540482
2021-03-04,1,Diatoms,0.4486614,0.33333927
2021-03-05,1,Diatoms,0.29125902,0.2444864
2021-03-06,1,Diatoms,0.09789437,0.22577439
2021-03-07,1,Diatoms,0.10636036,0.20913878
2021-03-08,1,Diatoms,0.42757422,0.21230003
2021-03-09,1,Diatoms,0.41371924,0.43115354
2021-03-10,1,Diatoms,0.97834295,0.5540603
2021-03-11,1,Diatoms,1.090767,1.2146758
2021-03-12,1,Diatoms,1.6602533,1.5149343
2021-03-13,1,Diatoms,2.7790158,2.2053258
2021-03-14,1,Diatoms,1.716657,2.7596176
2021-03-15,1,Diatoms,2.1587698,1.3894377
2021-03-16,1,Diatoms,1.5231838,1.45921
2021-03-17,1,Diatoms,0.7664399,1.00792
2021-03-18,1,Diatoms,0.9175977,0.7000144
2021-03-19,1,Diatoms,0.9093126,0.96729124
2021-03-20,1,Diatoms,0.82787263,0.82588655
2021-03-21,1,Diatoms,0.6657453,0.8859395
2021-03-22,1,Diatoms,0.7944718,0.67460394
2021-03-23,1,Diatoms,0.56832004,0.76023585
2021-03-24,1,Diatoms,0.48747098,0.6033547
2021-03-25,1,Diatoms,0.60059506,0.653825
2021-03-26,1,Diatoms,0.71678,0.7241252
2021-03-27,1,Diatoms,0.9423606,0.9142735
2021-03-28,1,Diatoms,1.3365387,1.2139853
2021-03-29,1,Diatoms,3.3529541,1.7760437
2021-03-30,1,Diatoms,3.1136181,2.6984253
2021-03-31,1,Diatoms,2.874282,2.8885908
2021-04-01,1,Diatoms,2.6349456,2.6989205
2021-04-02,1,Diatoms,1.4991021,2.241917
2021-04-03,1,Diatoms,1.4968718,1.5706047
2021-04-04,1,Diatoms,1.2935481,1.5845804
2021-04-05,1,Diatoms,0.9018379,1.2718365
2021-04-06,1,Diatoms,0.85719246,1.0234153
2021-04-07,1,Diatoms,1.0202751,1.0672826
2021-04-08,1,Diatoms,1.0912663,1.1788146
2021-04-09,1,Diatoms,1.2612445,1.1288419
2021-04-10,1,Diatoms,1.278191,1.1884199
2021-04-11,1,Diatoms,1.2684226,1.2023448
2021-04-12,1,Diatoms,0.7582549,1.26548
2021-04-13,1,Diatoms,1.1454453,1.3638384
2021-04-14,1,Diatoms,2.0011659,1.5663491
2021-04-15,1,Diatoms,1.1257857,1.8911107
2021-04-16,1,Diatoms,0.57763094,1.3541974
2021-04-17,1,Diatoms,0.7711369,1.1549734
2021-04-18,1,Diatoms,2.797393,1.6523288
2021-04-19,1,Diatoms,2.7909703,2.4461539
2021-04-20,1,Diatoms,2.257118,2.3259735
2021-04-21,1,Diatoms,1.574142,1.966971
2021-04-22,1,Diatoms,1.2624112,1.6637186
2021-04-23,1,Diatoms,2.9326358,1.8107407
2021-04-24,1,Diatoms,2.0435264,2.605067
2021-04-25,1,Diatoms,3.5338886,2.2664316
2021-04-26,1,Diatoms,3.7416282,2.9180958
2021-04-27,1,Diatoms,3.7256298,2.9889174
2021-04-28,1,Diatoms,2.3611505,2.4929595
2021-04-29,1,Diatoms,1.3832923,1.5804235
2021-04-30,1,Diatoms,0.93366134,1.0167737
2021-05-01,1,Diatoms,0.55839366,1.0174215
2021-05-02,1,Diatoms,1.066165,1.3953879
2021-05-03,1,Diatoms,2.7655473,1.7140913
2021-05-04,1,Diatoms,2.1014047,2.4358966
2021-05-05,1,Diatoms,1.7055371,1.7396245
2021-05-06,1,Diatoms,1.1249028,1.4911505
2021-05-07,1,Diatoms,1.056713,1.3697222
2021-05-08,1,Diatoms,0.9630414,1.3760555
2021-05-09,1,Diatoms,1.7809696,1.6795423
2021-05-10,1,Diatoms,0.9654414,2.3213983
2021-05-11,1,Diatoms,1.2358177,1.7646832
2021-05-12,1,Diatoms,3.711635,2.2160387
2021-05-13,1,Diatoms,3.3949533,2.9354517
2021-05-14,1,Diatoms,3.0782707,3.051248
2021-05-15,1,Diatoms,2.789964,2.5268395
2021-05-16,1,Diatoms,2.2519102,2.098199
2021-05-17,1,Diatoms,1.8629305,1.8028679
2021-05-18,1,Diatoms,2.183372,1.7750255
2021-05-19,1,Diatoms,2.1150978,1.9962965
2021-05-20,1,Diatoms,1.7254342,1.7426026
2021-05-21,1,Diatoms,1.5535529,1.6148068
2021-05-22,1,Diatoms,1.9609051,1.5414944
2021-05-23,1,Diatoms,2.031506,1.914545
2021-05-24,1,Diatoms,2.072858,1.8837088
2021-05-25,1,Diatoms,2.2005935,2.1445544
2021-05-26,1,Diatoms,1.9350218,1.8969438
2021-05-27,1,Diatoms,1.0838495,1.7864602
2021-05-28,1,Diatoms,1.3800538,1.8540584
2021-05-29,1,Diatoms,3.183799,1.8981862
2021-05-30,1,Diatoms,2.7268162,2.4155548
2021-05-31,1,Diatoms,1.4334034,2.055924
2021-06-01,1,Diatoms,1.6658363,1.4337685
2021-06-02,1,Diatoms,1.4438957,1.5186647
2021-06-03,1,Diatoms,1.0112599,1.3457505
2021-06-04,1,Diatoms,1.4206372,1.2630364
2021-06-05,1,Diatoms,1.228291,1.50631
2021-06-06,1,Diatoms,1.7269298,1.4434232
2021-06-07,1,Diatoms,1.7005137,1.6751149
2021-06-08,1,Diatoms,2.6476555,1.720169
2021-06-09,1,Diatoms,2.045398,2.0925362
2021-06-10,1,Diatoms,1.8383286,1.982871
2021-06-11,1,Diatoms,1.9921997,1.9212105
2021-06-12,1,Diatoms,2.0134249,2.04399
2021-06-13,1,Diatoms,1.6290804,2.2797413
2021-06-14,1,Diatoms,3.1700435,2.1626577
2021-06-15,1,Diatoms,3.3024917,2.4975402
2021-06-16,1,Diatoms,3.4349394,2.8591914
2021-06-17,1,Diatoms,3.5673878,3.0888197
2021-06-18,1,Diatoms,3.699836,3.137192
2021-06-19,1,Diatoms,3.8322835,2.9711976
2021-06-20,1,Diatoms,3.964732,2.7716475
2021-06-21,1,Diatoms,2.9807816,2.698705
2021-06-22,1,Diatoms,1.9287239,2.2225704
2021-06-23,1,Diatoms,1.7428799,1.7785301
2021-06-24,1,Diatoms,1.6203545,1.6466908
2021-06-25,1,Diatoms,1.6847974,1.4537126
2021-06-26,1,Diatoms,1.3992257,1.4797664
2021-06-27,1,Diatoms,0.4449783,1.273672
2021-06-28,1,Diatoms,0.6800145,1.2577211
2021-06-29,1,Diatoms,1.0097902,1.5758753
2021-06-30,1,Diatoms,1.7874533,1.6942434
2021-07-01,1,Diatoms,1.6671201,1.8995147
2021-07-02,1,Diatoms,2.0350435,1.9699334
2021-07-03,1,Diatoms,2.1230752,2.2250733
2021-07-04,1,Diatoms,2.6323733,2.423686
2021-07-05,1,Diatoms,3.4875107,2.2519221
2021-07-06,1,Diatoms,3.787234,2.6137779
2021-07-07,1,Diatoms,3.39538,2.6977623
2021-07-08,1,Diatoms,2.5858839,2.3688219
2021-07-09,1,Diatoms,1.502587,2.2133775
2021-07-10,1,Diatoms,1.4255829,1.4572213
2021-07-11,1,Diatoms,1.7508472,1.6033123
2021-07-12,1,Diatoms,1.8505718,1.6757342
2021-07-13,1,Diatoms,1.9810565,1.7789185
2021-07-14,1,Diatoms,1.2432224,1.7154062
2021-07-15,1,Diatoms,1.0958611,1.42685
2021-07-16,1,Diatoms,1.8101519,1.3096043
2021-07-17,1,Diatoms,1.3462229,1.528841
2021-07-18,1,Diatoms,1.037178,1.2473012
2021-07-19,1,Diatoms,1.2159377,1.0624462
2021-07-20,1,Diatoms,1.6290152,1.205596
2021-07-21,1,Diatoms,1.2851557,1.3875448
2021-07-22,1,Diatoms,1.1834251,1.0586269
2021-07-23,1,Diatoms,1.1390948,1.3997784
2021-07-24,1,Diatoms,3.5395947,2.039438
2021-07-25,1,Diatoms,2.8445039,2.7728283
2021-07-26,1,Diatoms,2.449595,2.5815818
2021-07-27,1,Diatoms,1.6523589,2.0912488
2021-07-28,1,Diatoms,1.1892546,1.5960053
2021-07-29,1,Diatoms,1.4342402,1.3136165
2021-07-30,1,Diatoms,2.093664,1.6486676
2021-07-31,1,Diatoms,1.7546382,1.864069
2021-08-01,1,Diatoms,1.878647,1.8009325
2021-08-02,1,Diatoms,1.6647502,1.9717394
2021-08-03,1,Diatoms,1.9846995,1.8843602
2021-08-04,1,Diatoms,1.5800145,1.8186255
2021-08-05,1,Diatoms,1.7049167,1.5312929
2021-08-06,1,Diatoms,1.9504126,1.421011
2021-08-07,1,Diatoms,1.6051414,1.3574213
2021-08-08,1,Diatoms,1.2363642,1.3088127
2021-08-09,1,Diatoms,1.4518682,1.2387518
2021-08-10,1,Diatoms,1.1323589,1.3474272
2021-08-11,1,Diatoms,1.3369826,1.2876655
2021-08-12,1,Diatoms,1.7825832,1.3396828
2021-08-13,1,Diatoms,1.5437394,1.5185634
2021-08-14,1,Diatoms,1.2472893,1.3294572
2021-08-15,1,Diatoms,1.7801247,1.3238547
2021-08-16,1,Diatoms,2.076942,1.4604763
2021-08-17,1,Diatoms,2.3432388,1.3831583
2021-08-18,1,Diatoms,0.89847255,1.3118969
2021-08-19,1,Diatoms,0.07596541,0.9356778
2021-08-20,1,Diatoms,0.40249383,0.71059304
2021-08-21,1,Diatoms,0.8349361,0.759778
2021-08-22,1,Diatoms,0.25167596,0.81606424
2021-08-23,1,Diatoms,0.27531648,0.9090223
2021-08-24,1,Diatoms,0.63730323,0.82393324
2021-08-25,1,Diatoms,0.6758798,0.9908337
2021-08-26,1,Diatoms,0.8884359,1.1855963
2021-08-27,1,Diatoms,1.1485218,1.1454062
2021-08-28,1,Diatoms,1.5655612,1.3113806
2021-08-29,1,Diatoms,1.4311731,1.3968678
2021-08-30,1,Diatoms,1.4924402,1.3706346
2021-08-31,1,Diatoms,1.661136,1.3358217
2021-09-01,1,Diatoms,1.5644573,1.4315264
2021-09-02,1,Diatoms,1.5042185,1.3711681
2021-09-03,1,Diatoms,1.3365774,1.2970195
2021-09-04,1,Diatoms,1.3967222,1.1586963
2021-09-05,1,Diatoms,1.4928075,1.2939614
2021-09-06,1,Diatoms,1.3566715,1.3210689
2021-09-07,1,Diatoms,1.2968574,1.1677371
2021-09-08,1,Diatoms,1.142301,1.112869
2021-09-09,1,Diatoms,1.7800651,1.0115905
2021-09-10,1,Diatoms,1.6764327,1.4025208
2021-09-11,1,Diatoms,1.0366064,1.3193399
2021-09-12,1,Diatoms,1.1923878,1.2019321
2021-09-13,1,Diatoms,1.3866836,1.3100146
2021-09-14,1,Diatoms,1.4921072,1.3041017
2021-09-15,1,Diatoms,1.5616583,1.5056494
2021-09-16,1,Diatoms,1.3013107,1.2895737
2021-09-17,1,Diatoms,1.0375091,1.1843275
2021-09-18,1,Diatoms,0.8898914,1.016981
2021-09-19,1,Diatoms,1.0559305,0.9294416
2021-09-20,1,Diatoms,0.92435914,1.0946114
2021-09-21,1,Diatoms,0.7065894,0.786492
2021-09-22,1,Diatoms,0.8529471,0.705608
2021-09-23,1,Diatoms,0.8713406,0.753894
2021-09-24,1,Diatoms,0.75830555,0.708207
2021-09-25,1,Diatoms,0.64507604,0.5985172
2021-09-26,1,Diatoms,0.56325126,0.51988035
2021-09-27,1,Diatoms,0.5061839,0.48480448
2021-09-28,1,Diatoms,0.44725558,0.500101
2021-09-29,1,Diatoms,0.46624187,0.41821215
2021-09-30,1,Diatoms,0.47655323,0.48342213
2021-10-01,1,Diatoms,0.48111513,0.50732553
2021-10-02,1,Diatoms,0.5479639,0.54342204
2021-10-03,1,Diatoms,0.57537013,0.5014444
2021-10-04,1,Diatoms,0.6069845,0.52718914
2021-10-05,1,Diatoms,0.6385989,0.49873728
2021-10-06,1,Diatoms,0.67021334,0.4518368
2021-10-07,1,Diatoms,0.7018277,0.50080174
2021-10-08,1,Diatoms,0.7334421,0.60975057
2021-10-09,1,Diatoms,0.76505655,0.6744952
2021-10-10,1,Diatoms,0.796671,0.691461
2021-10-11,1,Diatoms,0.82828534,0.6563301
2021-10-12,1,Diatoms,0.89406615,0.77549034
2021-10-13,1,Diatoms,0.68187547,0.7433867
2021-10-14,1,Diatoms,0.68567705,0.6336322
2021-10-15,1,Diatoms,0.39866763,0.6729064
2021-10-16,1,Diatoms,0.69015205,0.8216827
2021-10-17,1,Diatoms,1.0050942,0.92229897
2021-10-18,1,Diatoms,0.83579594,0.77392685
2021-10-19,1,Diatoms,0.79785097,0.7874169
2021-10-20,1,Diatoms,0.7915702,0.7500861
2021-10-21,1,Diatoms,0.66277134,0.8282577
2021-10-22,1,Diatoms,0.8927352,0.78794974
2021-10-23,1,Diatoms,0.8913893,0.95941174
2021-10-24,1,Diatoms,1.0786686,0.93268305
2021-10-25,1,Diatoms,1.084113,0.97757024
2021-10-26,1,Diatoms,1.3010275,1.0638385
2021-10-27,1,Diatoms,1.9733285,1.2890798
2021-10-28,1,Diatoms,2.4602606,1.9403247
2021-10-29,1,Diatoms,2.9471924,2.3123705
2021-10-30,1,Diatoms,3.4341245,2.4536467
2021-10-31,1,Diatoms,2.537547,2.271891
2021-11-01,1,Diatoms,2.7887626,1.7861933
2021-11-02,1,Diatoms,2.4122794,1.9631946
2021-11-03,1,Diatoms,2.988835,1.9625067
2021-11-04,1,Diatoms,2.222851,2.3196747
2021-11-05,1,Diatoms,1.5125543,1.7675189
2021-11-06,1,Diatoms,1.3082923,1.1571941
2021-11-07,1,Diatoms,1.3879508,1.3155494
2021-11-08,1,Diatoms,2.011172,1.3949344
2021-11-09,1,Diatoms,1.544508,1.5958238
2021-11-10,1,Diatoms,1.2806373,1.2121563
2021-11-11,1,Diatoms,1.221353,1.2184403
2021-11-12,1,Diatoms,0.9996886,1.015007
2021-11-13,1,Diatoms,1.166809,0.89216
2021-11-14,1,Diatoms,0.9016932,1.008028
2021-11-15,1,Diatoms,0.82410574,0.79549944
2021-11-16,1,Diatoms,0.9349819,0.8037533
2021-11-17,1,Diatoms,0.94172025,0.8721288
2021-11-18,1,Diatoms,0.92100614,0.8689504
2021-11-19,1,Diatoms,0.8363867,0.8519982
2021-11-20,1,Diatoms,0.9385735,0.7678061
2021-11-21,1,Diatoms,1.2261478,0.846103
2021-11-22,1,Diatoms,1.0900145,1.0920831
2021-11-23,1,Diatoms,0.8594718,0.96906036
2021-11-24,1,Diatoms,0.8197829,0.76304215
2021-11-25,1,Diatoms,0.8982766,0.777127
2021-11-26,1,Diatoms,0.93438494,0.76710206
2021-11-27,1,Diatoms,1.194602,0.8018453
2021-11-28,1,Diatoms,1.164385,0.96895105
2021-11-29,1,Diatoms,1.408407,1.0038129
2021-11-30,1,Diatoms,1.8194569,1.3323939
2021-12-01,1,Diatoms,2.0956626,1.665893
2021-12-02,1,Diatoms,1.9123534,1.6898285
2021-12-03,1,Diatoms,1.8349311,1.6168858
2021-12-04,1,Diatoms,1.4541534,1.687397
2021-12-05,1,Diatoms,1.6142619,1.3964373
2021-12-06,1,Diatoms,1.6233261,1.5125648
2021-12-07,1,Diatoms,1.421165,1.5234591
2021-12-08,1,Diatoms,1.4636773,1.3775821
2021-12-09,1,Diatoms,1.4945264,1.4452959
2021-12-10,1,Diatoms,1.54445,1.4207257
2021-12-11,1,Diatoms,1.5230969,1.4507865
2021-12-12,1,Diatoms,1.6827589,1.634909
2021-12-13,1,Diatoms,1.7116281,1.5840375
2021-12-14,1,Diatoms,1.9158539,1.7356838
2021-12-15,1,Diatoms,2.0881534,1.8976016
2021-12-16,1,Diatoms,2.3040404,1.9858385
2021-12-17,1,Diatoms,1.8070529,2.0625875
2021-12-18,1,Diatoms,1.6679001,1.7045507
2021-12-19,1,Diatoms,2.2340477,1.5440705
2021-12-20,1,Diatoms,2.1134007,1.8573453
2021-12-21,1,Diatoms,1.8318379,1.7097127
2021-12-22,1,Diatoms,1.6743126,1.6349647
2021-12-23,1,Diatoms,2.6385167,1.6626043
2021-12-24,1,Diatoms,2.2485156,2.207631
2021-12-25,1,Diatoms,1.8585145,2.0331087
2021-12-26,1,Diatoms,1.891042,1.6576947
2021-12-27,1,Diatoms,1.4258013,1.5259659
2021-12-28,1,Diatoms,1.448659,1.2378833
2021-12-29,1,Diatoms,1.2661808,1.2107604
2021-12-30,1,Diatoms,1.6195441,0.99965525
2021-12-31,1,Diatoms,1.2491754,1.2414819
2022-01-01,1,Diatoms,1.1136975,1.026495
2022-01-02,1,Diatoms,0.998314,1.0663146
2022-01-03,1,Diatoms,1.1921651,1.0279557
2022-01-04,1,Diatoms,1.7091818,1.2295591
2022-01-05,1,Diatoms,3.6088486,1.8522882
2022-01-06,1,Diatoms,3.1050832,2.9475198
2022-01-07,1,Diatoms,2.601318,2.5965662
2022-01-08,1,Diatoms,3.0840986,1.9175007
2022-01-09,1,Diatoms,2.192433,2.1268477
2022-01-10,1,Diatoms,1.8787844,1.7453748
2022-01-11,1,Diatoms,2.3994572,1.5388654
2022-01-12,1,Diatoms,1.2720188,1.7224478
2022-01-13,1,Diatoms,1.0562301,1.0189937
2022-01-14,1,Diatoms,0.9689428,0.9620838
2022-01-15,1,Diatoms,0.7713965,0.91008544
2022-01-16,1,Diatoms,0.7500796,0.8733214
2022-01-17,1,Diatoms,0.88829833,0.8761136
2022-01-18,1,Diatoms,0.82818246,0.94861853
2022-01-19,1,Diatoms,0.77960896,1.0075294
2022-01-20,1,Diatoms,0.81703836,1.0433558
2022-01-21,1,Diatoms,0.77738595,1.110905
2022-01-22,1,Diatoms,1.0765026,1.2013164
2022-01-23,1,Diatoms,1.4015352,1.45415
2022-01-24,1,Diatoms,2.5588784,2.033331
2022-01-25,1,Diatoms,3.0085673,2.4625592
2022-01-26,1,Diatoms,2.7863743,2.5441375
2022-01-27,1,Diatoms,1.4635597,2.389635
2022-01-28,1,Diatoms,2.8025064,1.7026744
2022-01-29,1,Diatoms,1.1110301,2.021166
2022-01-30,1,Diatoms,1.3425798,1.3361924
2022-01-31,1,Diatoms,1.4695957,1.3531836
2022-02-01,1,Diatoms,1.4192059,1.3245925
2022-02-02,1,Diatoms,0.7558678,1.3065875
2022-02-03,1,Diatoms,1.2968768,1.1570579
2022-02-04,1,Diatoms,2.18072,1.2991244
2022-02-05,1,Diatoms,1.774446,1.6699128
2022-02-06,1,Diatoms,1.6449122,1.5271881
2022-02-07,1,Diatoms,1.4180886,1.4294382
2022-02-08,1,Diatoms,2.0166342,1.4355116
2022-02-09,1,Diatoms,1.566981,1.6570243
2022-02-10,1,Diatoms,1.6986585,1.5113968
2022-02-11,1,Diatoms,1.348436,1.3990484
2022-02-12,1,Diatoms,1.4852914,1.1162318
2022-02-13,1,Diatoms,1.1732615,1.2583903
2022-02-14,1,Diatoms,0.8223747,1.1489781
2022-02-15,1,Diatoms,0.9416731,0.8615973
2022-02-16,1,Diatoms,0.8257638,0.8718219
2022-02-17,1,Diatoms,2.2344718,0.8671477
2022-02-18,1,Diatoms,2.3571997,1.4125563
2022-02-19,1,Diatoms,2.4799278,1.6000727
2022-02-20,1,Diatoms,1.8584225,1.7683765
2022-02-21,1,Diatoms,1.3062419,1.231858
2022-02-22,1,Diatoms,1.1708182,0.94884825
2022-02-23,1,Diatoms,1.2594694,0.7971735
2022-02-24,1,Diatoms,1.2043629,0.74045265
2022-02-25,1,Diatoms,1.1634104,0.7200017
2022-02-26,1,Diatoms,1.1224579,0.71815205
2022-02-27,1,Diatoms,1.0815053,0.7647107
2022-02-28,1,Diatoms,1.0194421,0.76569724
2022-03-01,1,Diatoms,1.0779487,0.72905916
2022-03-02,1,Diatoms,1.3165268,0.76838666
2022-03-03,1,Diatoms,2.2054887,1.1407918
2022-03-04,1,Diatoms,2.7340302,2.0197577
2022-03-05,1,Diatoms,4.0151806,2.566777
2022-03-06,1,Diatoms,3.2142246,2.8039594
2022-03-07,1,Diatoms,2.413268,2.264014
2022-03-08,1,Diatoms,1.1411803,1.1592324
2022-03-09,1,Diatoms,0.93422884,0.54721797
2022-03-10,1,Diatoms,0.7968505,0.45947212
2022-03-11,1,Diatoms,1.9635824,0.86012214
2022-03-12,1,Diatoms,3.8723621,2.613653
2022-03-13,1,Diatoms,3.7886758,3.336066
2022-03-14,1,Diatoms,3.7049897,3.2541301
2022-03-15,1,Diatoms,3.6213036,3.103613
2022-03-16,1,Diatoms,3.5376167,3.12075
2022-03-17,1,Diatoms,3.4539306,3.0464306
2022-03-18,1,Diatoms,3.3702443,2.8483388
2022-03-19,1,Diatoms,3.286558,2.7017264
2022-03-20,1,Diatoms,3.8933792,2.5414858
2022-03-21,1,Diatoms,3.6404781,2.7014465
2022-03-22,1,Diatoms,2.820116,1.9913235
2022-03-23,1,Diatoms,1.9487193,1.3384186
2022-03-24,1,Diatoms,1.2148008,1.074486
2022-03-25,1,Diatoms,0.802643,0.8738395
2022-03-26,1,Diatoms,0.9294931,0.7800672
2022-03-27,1,Diatoms,1.1773057,0.77507406
2022-03-28,1,Diatoms,1.2790086,0.9682646
2022-03-29,1,Diatoms,0.85883504,1.2387054
2022-03-30,1,Diatoms,0.7176298,0.8912895
2022-03-31,1,Diatoms,0.7616727,0.8139364
2022-04-01,1,Diatoms,0.97343975,0.8495202
2022-04-02,1,Diatoms,0.60815275,0.8586593
2022-04-03,1,Diatoms,0.5334395,0.6235589
2022-04-04,1,Diatoms,0.59590155,0.62403876
2022-04-05,1,Diatoms,0.6571332,0.65420103
2022-04-06,1,Diatoms,0.7156345,0.69181794
2022-04-07,1,Diatoms,0.74620116,0.6229448
2022-04-08,1,Diatoms,0.95508325,0.63510674
2022-04-09,1,Diatoms,1.3922431,0.7975519
2022-04-10,1,Diatoms,1.1859667,1.0889595
2022-04-11,1,Diatoms,1.46389,0.81122416
2022-04-12,1,Diatoms,1.5720646,1.2677888
2022-04-13,1,Diatoms,2.5351775,1.9483122
2022-04-14,1,Diatoms,3.772026,2.6319523
2022-04-15,1,Diatoms,2.910514,2.9932342
2022-04-16,1,Diatoms,2.0152194,1.8189149
2022-04-17,1,Diatoms,1.1619052,0.9112167
2022-04-18,1,Diatoms,0.07279764,0.5061159
2022-04-19,1,Diatoms,0.86195654,0.3183133
2022-04-20,1,Diatoms,0.60821867,0.31449038
2022-04-21,1,Diatoms,0.63115996,0.52337754
2022-04-22,1,Diatoms,0.9451232,0.9272761
2022-04-23,1,Diatoms,3.9995506,2.0263128
2022-04-24,1,Diatoms,1.921622,3.3210235
2022-04-25,1,Diatoms,2.3708055,2.695134
2022-04-26,1,Diatoms,2.9904463,2.4571662
2022-04-27,1,Diatoms,3.6100872,2.5185437
2022-04-28,1,Diatoms,2.1844156,2.4975436
2022-04-29,1,Diatoms,1.9158579,1.62452
2022-04-30,1,Diatoms,1.5144131,1.1815768
2022-05-01,1,Diatoms,1.066942,0.6626835
2022-05-02,1,Diatoms,0.9111449,0.48408034
2022-05-03,1,Diatoms,0.7083406,0.43183175
2022-05-04,1,Diatoms,0.7547319,0.49212152
2022-05-05,1,Diatoms,1.0172391,0.9831078
2022-05-06,1,Diatoms,2.4381146,1.8834194
2022-05-07,1,Diatoms,3.9056737,3.0630229
2022-05-08,1,Diatoms,3.2241905,3.0180433
2022-05-09,1,Diatoms,2.5427072,2.3617673
2022-05-10,1,Diatoms,1.8612238,1.5142226
2022-05-11,1,Diatoms,1.4573841,1.1506549
2022-05-12,1,Diatoms,1.2311223,1.0553817
2022-05-13,1,Diatoms,1.3280072,1.0061325
2022-05-14,1,Diatoms,1.0765942,0.93121177
2022-05-15,1,Diatoms,0.78812456,0.8043684
2022-05-16,1,Diatoms,0.68083215,0.7234754
2022-05-17,1,Diatoms,0.70321506,0.6209605
2022-05-18,1,Diatoms,0.6518202,0.6657963
2022-05-19,1,Diatoms,0.7445803,0.7225204
2022-05-20,1,Diatoms,1.0043664,0.76496285
2022-05-21,1,Diatoms,0.6750544,1.1141918
2022-05-22,1,Diatoms,1.1354203,1.1527861
2022-05-23,1,Diatoms,1.1735673,1.0937616
2022-05-24,1,Diatoms,1.1492542,0.9909154
2022-05-25,1,Diatoms,1.212029,1.0027415
2022-05-26,1,Diatoms,0.94941264,0.87020046
2022-05-27,1,Diatoms,1.0213025,0.7428684
2022-05-28,1,Diatoms,0.78524256,0.50857663
2022-05-29,1,Diatoms,0.26985496,0.49130177
2022-05-30,1,Diatoms,0.67634517,0.4387241
2022-05-31,1,Diatoms,0.9414565,0.7056876
2022-06-01,1,Diatoms,0.94965315,0.9351926
2022-06-02,1,Diatoms,0.61305296,0.9380996
2022-06-03,1,Diatoms,1.0904568,0.7659098
2022-06-04,1,Diatoms,1.3537029,0.7402585
2022-06-05,1,Diatoms,1.0299783,0.72077614
2022-06-06,1,Diatoms,0.5943043,0.6170535
2022-06-07,1,Diatoms,0.4943406,0.54484963
2022-06-08,1,Diatoms,0.04067393,0.5039683
2022-06-09,1,Diatoms,0.07032608,0.4355212
2022-06-10,1,Diatoms,0.16366135,0.41479278
2022-06-11,1,Diatoms,0.18317887,0.38952687
2022-06-12,1,Diatoms,0.6201881,0.3639554
2022-06-13,1,Diatoms,0.32491675,0.39192486
2022-06-14,1,Diatoms,0.0875361,0.3729749
2022-06-15,1,Diatoms,0.00999999,0.3513114
2022-06-16,1,Diatoms,0.070499286,0.36721995
2022-06-17,1,Diatoms,0.31225038,0.3786284
2022-06-18,1,Diatoms,0.2925797,0.34567854
2022-06-19,1,Diatoms,0.31209573,0.33779046
2022-06-20,1,Diatoms,0.18069513,0.34790552
2022-06-21,1,Diatoms,0.2057929,0.33379045
2022-06-22,1,Diatoms,0.41216508,0.35410377
2022-06-23,1,Diatoms,0.12479742,0.3964154
2022-06-24,1,Diatoms,0.16134341,0.387716
2022-06-25,1,Diatoms,0.5027806,0.45159194
2022-06-26,1,Diatoms,0.67503256,0.62601876
2022-06-27,1,Diatoms,0.65611875,0.6511099
2022-06-28,1,Diatoms,0.6393343,0.67446756
2022-06-29,1,Diatoms,0.77931786,0.72874516
2022-06-30,1,Diatoms,0.70635045,0.7177243
2022-07-01,1,Diatoms,0.6432875,0.70521003
2022-07-02,1,Diatoms,0.84127444,0.659907
2022-07-03,1,Diatoms,0.65773517,0.68119365
2022-07-04,1,Diatoms,0.673903,0.6138161
2022-07-05,1,Diatoms,0.49931207,0.56762123
2022-07-06,1,Diatoms,0.48018092,0.46557647
2022-07-07,1,Diatoms,0.36509007,0.47872004
2022-07-08,1,Diatoms,0.4210155,0.5131867
2022-07-09,1,Diatoms,0.43833014,0.6066348
2022-07-10,1,Diatoms,0.68257874,0.6066321
2022-07-11,1,Diatoms,0.8123347,0.7912319
2022-07-12,1,Diatoms,0.9596522,0.94152874
2022-07-13,1,Diatoms,1.1758261,1.0214415
2022-07-14,1,Diatoms,1.001128,1.1535804
2022-07-15,1,Diatoms,0.636442,1.2720647
2022-07-16,1,Diatoms,2.5314977,1.0420895
2022-07-17,1,Diatoms,2.491003,1.5889313
2022-07-18,1,Diatoms,2.4505084,1.4463396
2022-07-19,1,Diatoms,1.1627918,1.4256585
2022-07-20,1,Diatoms,1.0163498,0.897521
2022-07-21,1,Diatoms,0.6194271,0.85443604
2022-07-22,1,Diatoms,0.48063365,0.7226917
2022-07-23,1,Diatoms,0.6871731,0.61199075
2022-07-24,1,Diatoms,1.1602412,0.6861831
2022-07-25,1,Diatoms,0.6668863,0.9204013
2022-07-26,1,Diatoms,0.3436324,0.56105226
2022-07-27,1,Diatoms,0.35722464,0.48718643
2022-07-28,1,Diatoms,0.43895075,0.5503213
2022-07-29,1,Diatoms,0.43487385,0.4749935
2022-07-30,1,Diatoms,0.44030568,0.5641833
2022-07-31,1,Diatoms,0.4457375,0.51209974
2022-08-01,1,Diatoms,0.45116934,0.5536818
2022-08-02,1,Diatoms,0.45660123,0.5730798
2022-08-03,1,Diatoms,0.46203306,0.57017225
2022-08-04,1,Diatoms,0.4674649,0.56428325
2022-08-05,1,Diatoms,0.47289675,0.58726746
2022-08-06,1,Diatoms,0.47832856,0.56065845
2022-08-07,1,Diatoms,0.48376042,0.60986346
2022-08-08,1,Diatoms,0.48919225,0.60477054
2022-08-09,1,Diatoms,0.4946241,0.62602204
2022-08-10,1,Diatoms,0.50005597,0.6271788
2022-08-11,1,Diatoms,0.5054878,0.6457455
2022-08-12,1,Diatoms,0.51091963,0.6841581
2022-08-13,1,Diatoms,0.51635146,0.6336623
2022-08-14,1,Diatoms,0.5217833,0.6676254
2022-08-15,1,Diatoms,0.5272152,0.6845443
2022-08-16,1,Diatoms,0.532647,0.6868665
2022-08-17,1,Diatoms,0.53807884,0.68472075
2022-08-18,1,Diatoms,0.5435107,0.67710805
2022-08-19,1,Diatoms,0.5489425,0.65497684
2022-08-20,1,Diatoms,0.5543744,0.69064516
2022-08-21,1,Diatoms,0.5598062,0.68718076
2022-08-22,1,Diatoms,0.56523806,0.6838229
2022-08-23,1,Diatoms,0.5706699,0.7133785
2022-08-24,1,Diatoms,0.5761018,0.7077158
2022-08-25,1,Diatoms,0.58153355,0.7438107
2022-08-26,1,Diatoms,0.58696544,0.7498564
2022-08-27,1,Diatoms,0.5923973,0.74723315
2022-08-28,1,Diatoms,0.5978291,0.75652415
2022-08-29,1,Diatoms,0.60326093,0.7824425
2022-08-30,1,Diatoms,0.6086928,0.7732319
2022-08-31,1,Diatoms,0.61412466,0.7690925
2022-09-01,1,Diatoms,0.6195565,0.7857886
2022-09-02,1,Diatoms,0.6249883,0.7925328
2022-09-03,1,Diatoms,0.63042015,0.783205
2022-09-04,1,Diatoms,0.63585204,0.83198804
2022-09-05,1,Diatoms,0.64128387,0.8551472
2022-09-06,1,Diatoms,0.6467157,0.8618067
2022-09-07,1,Diatoms,0.65214753,0.888063
2022-09-08,1,Diatoms,0.65757936,0.88034374
2022-09-09,1,Diatoms,0.66301125,0.8853145
2022-09-10,1,Diatoms,0.6463696,0.8501557
2022-09-11,1,Diatoms,0.7992899,0.8879236
2022-09-12,1,Diatoms,0.9156512,1.0009316
2022-09-13,1,Diatoms,0.9179058,0.97476774
2022-09-14,1,Diatoms,1.2582536,0.98726875
2022-09-15,1,Diatoms,1.2465967,1.1725837
2022-09-16,1,Diatoms,0.8933671,1.153289
2022-09-17,1,Diatoms,0.69211286,0.9473001
2022-09-18,1,Diatoms,1.4530001,0.85710675
2022-09-19,1,Diatoms,1.5097682,1.3294158
2022-09-20,1,Diatoms,0.7957029,1.0289136
2022-09-21,1,Diatoms,0.50666904,0.714128
2022-09-22,1,Diatoms,0.5787265,0.68248713
2022-09-23,1,Diatoms,0.64563674,0.6521766
2022-09-24,1,Diatoms,1.1064084,0.6200635
2022-09-25,1,Diatoms,0.5949674,0.8141839
2022-09-26,1,Diatoms,0.49298552,0.5474224
2022-09-27,1,Diatoms,0.72891384,0.5645349
2022-09-28,1,Diatoms,0.44895002,0.6268723
2022-09-29,1,Diatoms,0.8703324,0.68266183
2022-09-30,1,Diatoms,1.7480268,0.8194607
2022-10-01,1,Diatoms,0.6184287,1.0405768
2022-10-02,1,Diatoms,0.47368115,0.51533204
2022-10-03,1,Diatoms,0.8446382,0.63038856
2022-10-04,1,Diatoms,0.74377716,0.7629874
2022-10-05,1,Diatoms,0.5391014,0.7155226
2022-10-06,1,Diatoms,0.45168117,0.6585643
2022-10-07,1,Diatoms,0.39461592,0.61787045
2022-10-08,1,Diatoms,0.33,0.6508452
2022-10-09,1,Diatoms,0.4629638,0.63347435
2022-10-10,1,Diatoms,0.6053952,0.80191386
2022-10-11,1,Diatoms,0.75984794,0.7786333
2022-10-12,1,Diatoms,0.66441303,0.7994237
2022-10-13,1,Diatoms,0.686058,0.74073565
2022-10-14,1,Diatoms,0.80112964,0.73915184
2022-10-15,1,Diatoms,0.98522115,0.8142395
2022-10-16,1,Diatoms,1.3000796,0.9028442
2022-10-17,1,Diatoms,0.6061405,1.0312604
2022-10-18,1,Diatoms,0.56499636,0.74323153
2022-10-19,1,Diatoms,0.4368863,0.72774386
2022-10-20,1,Diatoms,0.2988061,0.6358075
2022-10-21,1,Diatoms,0.21184783,0.5599046
2022-10-22,1,Diatoms,0.35266715,0.49268225
2022-10-23,1,Diatoms,0.5553931,0.64863974
2022-10-24,1,Diatoms,0.49552098,0.56379575
2022-10-25,1,Diatoms,0.5343777,0.4868859
2022-10-26,1,Diatoms,0.35753626,0.46119037
2022-10-27,1,Diatoms,0.34656295,0.39488626
2022-10-28,1,Diatoms,0.30460203,0.3970412
2022-10-29,1,Diatoms,0.42416367,0.3677944
2022-10-30,1,Diatoms,0.5319609,0.37622607
2022-10-31,1,Diatoms,0.47380608,0.4093294
2022-11-01,1,Diatoms,0.3335658,0.34274596
2022-11-02,1,Diatoms,0.19973171,0.3055238
2022-11-03,1,Diatoms,0.10726287,0.21224658
2022-11-04,1,Diatoms,0.12773186,0.19568633
2022-11-05,1,Diatoms,0.14397249,0.16295412
2022-11-06,1,Diatoms,0.3727062,0.16804217
2022-11-07,1,Diatoms,0.24949883,0.31429973
2022-11-08,1,Diatoms,0.17052859,0.25122356
2022-11-09,1,Diatoms,0.4395582,0.56075084
2022-11-10,1,Diatoms,0.5821635,0.53229725
2022-11-11,1,Diatoms,1.1037074,0.6571806
2022-11-12,1,Diatoms,1.3362005,1.1149857
2022-11-13,1,Diatoms,1.5686936,1.3346932
2022-11-14,1,Diatoms,1.8011867,1.3139219
2022-11-15,1,Diatoms,1.0413604,1.241609
2022-11-16,1,Diatoms,0.6664446,0.7009582
2022-11-17,1,Diatoms,0.56459814,0.61330605
2022-11-18,1,Diatoms,0.5269682,0.5836027
2022-11-19,1,Diatoms,0.56615216,0.49847224
2022-11-20,1,Diatoms,0.50482637,0.54114765
2022-11-21,1,Diatoms,0.48349023,0.5000902
2022-11-22,1,Diatoms,0.5621144,0.47850448
2022-11-23,1,Diatoms,0.6525436,0.5013801
2022-11-24,1,Diatoms,0.64795226,0.5495065
2022-11-25,1,Diatoms,0.4058798,0.52481014
2022-11-26,1,Diatoms,0.57193923,0.4190879
2022-11-27,1,Diatoms,0.5968768,0.41324738
2022-11-28,1,Diatoms,0.6506368,0.35222742
2022-11-29,1,Diatoms,0.3529761,0.33250222
2022-11-30,1,Diatoms,0.2664327,0.25297582
2022-12-01,1,Diatoms,0.48696816,0.20056355
2022-12-02,1,Diatoms,0.37245104,0.20239532
2022-12-03,1,Diatoms,0.22664014,0.21365187
2022-12-04,1,Diatoms,0.24682838,0.23463324
2022-12-05,1,Diatoms,0.49799857,0.26745418
2022-12-06,1,Diatoms,0.2150834,0.30028975
2022-12-07,1,Diatoms,0.3077118,0.25592175
2022-12-08,1,Diatoms,0.46886232,0.27108014
2022-12-09,1,Diatoms,0.34040272,0.27951512
2022-12-10,1,Diatoms,0.23150615,0.27039593
2022-12-11,1,Diatoms,0.2485228,0.22836433
2022-12-12,1,Diatoms,0.100224294,0.19111907
2022-12-13,1,Diatoms,0.097241126,0.16405977
2022-12-14,1,Diatoms,0.18076141,0.14296885
2022-12-15,1,Diatoms,0.1364058,0.13801056
2022-12-16,1,Diatoms,0.1688921,0.1280292
2022-12-17,1,Diatoms,0.07955106,0.11378951
2022-12-18,1,Diatoms,0.044279505,0.108197056
2022-12-19,1,Diatoms,0.059782602,0.09040987
2022-12-20,1,Diatoms,0.025749467,0.10475629
2022-12-21,1,Diatoms,0.041604955,0.10782281
2022-12-22,1,Diatoms,0.036862336,0.12807749
2022-12-23,1,Diatoms,0.03179711,0.09817752
2022-12-24,1,Diatoms,0.05029688,0.09765857
2022-12-25,1,Diatoms,0.027907314,0.10062525
2022-12-26,1,Diatoms,0.03900145,0.104140006
2022-12-27,1,Diatoms,0.016070925,0.107451625
2022-12-28,1,Diatoms,0.035910055,0.06429727
2022-12-29,1,Diatoms,0.040795974,0.0949609
2022-12-30,1,Diatoms,0.08236955,0.101661384
2022-12-31,1,Diatoms,0.041826066,0.11323403
2023-01-01,1,Diatoms,0.023299549,0.10770502
2023-01-02,1,Diatoms,0.03492386,0.17575164
2023-01-03,1,Diatoms,0.011443076,0.16712336
2023-01-04,1,Diatoms,1.25147,0.22018558
2023-01-05,1,Diatoms,2.2523189,1.1745183
2023-01-06,1,Diatoms,1.7352643,2.071851
2023-01-07,1,Diatoms,2.1625798,1.8667979
2023-01-08,1,Diatoms,2.1771433,2.1054828
2023-01-09,1,Diatoms,2.191707,1.9599768
2023-01-10,1,Diatoms,2.2062707,2.0224996
2023-01-11,1,Diatoms,2.2208343,1.9324858
2023-01-12,1,Diatoms,2.2353978,1.7190924
2023-01-13,1,Diatoms,2.3978655,1.5999564
2023-01-14,1,Diatoms,1.806136,1.8755959
2023-01-15,1,Diatoms,1.301289,1.2301491
2023-01-16,1,Diatoms,1.0665315,1.0505185
2023-01-17,1,Diatoms,1.3206512,1.0261973
2023-01-18,1,Diatoms,0.77586955,1.1947881
2023-01-19,1,Diatoms,0.52627534,0.8456422
2023-01-20,1,Diatoms,0.7003838,0.74313456
2023-01-21,1,Diatoms,0.82269174,0.7956529
2023-01-22,1,Diatoms,1.4449638,0.7994799
2023-01-23,1,Diatoms,1.8569906,1.2827088
2023-01-24,1,Diatoms,0.7206517,1.1292069
2023-01-25,1,Diatoms,0.3520275,0.57951707
2023-01-26,1,Diatoms,0.39130428,0.5416027
2023-01-27,1,Diatoms,0.3816727,0.53847915
2023-01-28,1,Diatoms,0.17257783,0.50613683
2023-01-29,1,Diatoms,0.62386763,0.38130665
2023-01-30,1,Diatoms,0.45021045,0.5341679
2023-01-31,1,Diatoms,0.3675629,0.4032762
2023-02-01,1,Diatoms,0.26353857,0.51500076
2023-02-02,1,Diatoms,0.23525697,0.5691297
2023-02-03,1,Diatoms,0.72841716,0.76484776
2023-02-04,1,Diatoms,0.77529854,0.9765757
2023-02-05,1,Diatoms,1.6153374,1.1717063
2023-02-06,1,Diatoms,2.327632,1.7736701
2023-02-07,1,Diatoms,2.7446294,1.9587425
2023-02-08,1,Diatoms,2.4849129,2.1131697
2023-02-09,1,Diatoms,1.6499403,1.7425784
2023-02-10,1,Diatoms,1.1325558,1.232431
2023-02-11,1,Diatoms,1.4423522,1.0161829
2023-02-12,1,Diatoms,1.211661,1.100108
2023-02-13,1,Diatoms,0.8997852,1.0680499
2023-02-14,1,Diatoms,1.3638128,1.0543255
2023-02-15,1,Diatoms,1.0748056,1.1687171
2023-02-16,1,Diatoms,1.0081502,1.0806714
2023-02-17,1,Diatoms,1.0325986,1.0720097
2023-02-18,1,Diatoms,1.1148239,1.0635648
2023-02-19,1,Diatoms,1.0561261,1.0691206
2023-02-20,1,Diatoms,0.93481565,1.0278591
2023-02-21,1,Diatoms,0.6247198,0.96788895
2023-02-22,1,Diatoms,0.54212743,0.80514497
2023-02-23,1,Diatoms,0.6839636,0.73991776
2023-02-24,1,Diatoms,0.4634569,0.7543792
2023-02-25,1,Diatoms,0.56888413,0.65915936
2023-02-26,1,Diatoms,0.58474815,0.6649085
2023-02-27,1,Diatoms,0.5983531,0.663468
2023-02-28,1,Diatoms,0.780646,0.6477071
2023-03-01,1,Diatoms,0.6908178,0.750787
2023-03-02,1,Diatoms,0.48339912,0.68932194
2023-03-03,1,Diatoms,0.6615258,0.62578636
2023-03-04,1,Diatoms,0.6948343,0.65474933
2023-03-05,1,Diatoms,0.67758507,0.62594366
2023-03-06,1,Diatoms,0.63678294,0.58983684
2023-03-07,1,Diatoms,0.52899224,0.53928566
2023-03-08,1,Diatoms,0.2782095,0.48416921
2023-03-09,1,Diatoms,0.2379022,0.3840869
2023-03-10,1,Diatoms,0.24600475,0.34395635
2023-03-11,1,Diatoms,0.22746606,0.31467122
2023-03-12,1,Diatoms,0.148354,0.28186682
2023-03-13,1,Diatoms,0.20024918,0.22172071
2023-03-14,1,Diatoms,0.21559194,0.20375992
2023-03-15,1,Diatoms,0.12942213,0.16270411
2023-03-16,1,Diatoms,0.0686136,0.11660229
2023-03-17,1,Diatoms,0.046203956,0.105590075
2023-03-18,1,Diatoms,0.06911584,0.07145612
2023-03-19,1,Diatoms,0.06594145,0.072574645
2023-03-20,1,Diatoms,0.08989181,0.05624499
2023-03-21,1,Diatoms,0.085748605,0.08494914
2023-03-22,1,Diatoms,0.28884763,0.06889421
2023-03-23,1,Diatoms,0.2221187,0.11551607
2023-03-24,1,Diatoms,0.21892524,0.12971388
2023-03-25,1,Diatoms,0.21573174,0.12623695
2023-03-26,1,Diatoms,0.21253829,0.14304139
2023-03-27,1,Diatoms,0.2093448,0.20234098
2023-03-28,1,Diatoms,0.20615135,0.21059176
2023-03-29,1,Diatoms,0.20295787,0.18920179
2023-03-30,1,Diatoms,0.19976442,0.16699553
2023-03-31,1,Diatoms,0.19657092,0.12831041
2023-04-01,1,Diatoms,0.19337748,0.12333187
2023-04-02,1,Diatoms,0.19018398,0.14417756
2023-04-03,1,Diatoms,0.18699051,0.15862761
2023-04-04,1,Diatoms,0.18379708,0.18062279
2023-04-05,1,Diatoms,0.18060356,0.18807195
2023-04-06,1,Diatoms,0.17741013,0.21393172
2023-04-07,1,Diatoms,0.17421666,0.21267411
2023-04-08,1,Diatoms,0.17102316,0.20460331
2023-04-09,1,Diatoms,0.16782972,0.2219241
2023-04-10,1,Diatoms,0.16463624,0.21283908
2023-04-11,1,Diatoms,0.16144276,0.2031428
2023-04-12,1,Diatoms,0.1582493,0.17403054
2023-04-13,1,Diatoms,0.15505582,0.15733543
2023-04-14,1,Diatoms,0.15186235,0.1275178
2023-04-15,1,Diatoms,0.1486689,0.16281445
2023-04-16,1,Diatoms,0.14547545,0.16334635
2023-04-17,1,Diatoms,0.14228193,0.14281517
2023-04-18,1,Diatoms,0.13908851,0.16681318
2023-04-19,1,Diatoms,0.135895,0.11018826
2023-04-20,1,Diatoms,0.13270152,0.10061159
2023-04-21,1,Diatoms,0.12950805,0.09409639
2023-04-22,1,Diatoms,0.1263146,0.091479406
2023-04-23,1,Diatoms,0.12312116,0.08406146
2023-04-24,1,Diatoms,0.11992765,0.08423137
2023-04-25,1,Diatoms,0.11673419,0.082423
2023-04-26,1,Diatoms,0.11354073,0.09570053
2023-04-27,1,Diatoms,0.19252734,0.0977936
2023-04-28,1,Diatoms,0.20898043,0.10187025
2023-04-29,1,Diatoms,0.31545156,0.14385143
2023-04-30,1,Diatoms,0.7253979,0.19694026
2023-05-01,1,Diatoms,0.17739198,0.2618603
2023-05-02,1,Diatoms,0.06145501,0.17798823
2023-05-03,1,Diatoms,0.0011290128,0.17990747
2023-05-04,1,Diatoms,0.013037348,0.13614728
2023-05-05,1,Diatoms,0.001333334,0.12567547
2023-05-06,1,Diatoms,0.0025992414,0.10529366
2023-05-07,1,Diatoms,0.0024023082,0.08457282
2023-05-08,1,Diatoms,0.0022054135,0.07392674
2023-05-09,1,Diatoms,0.0020085066,0.04894141
2023-05-10,1,Diatoms,0.0018115873,0.035785586
2023-05-11,1,Diatoms,0.0016146557,0.03364442
2023-05-12,1,Diatoms,0.0014177121,0.034187593
2023-05-13,1,Diatoms,0.0012208071,0.05679155
2023-05-14,1,Diatoms,0.00102389,0.10177243
2023-05-15,1,Diatoms,0.0008269606,0.12174905
2023-05-16,1,Diatoms,0.00063007005,0.11575122
2023-05-17,1,Diatoms,0.00043311645,0.12936693
2023-05-18,1,Diatoms,0.00023620162,0.10669623
2023-05-19,1,Diatoms,3.9274695e-05,0.111968316
2023-05-20,1,Diatoms,0.014928947,0.09905296
2023-05-21,1,Diatoms,0.00067082915,0.11954222
2023-05-22,1,Diatoms,0.0005596996,0.14770767
2023-05-23,1,Diatoms,0.00044858234,0.10017579
2023-05-24,1,Diatoms,0.00033747742,0.085761525
2023-05-25,1,Diatoms,0.00022638487,0.0769118
2023-05-26,1,Diatoms,0.00011525379,0.09281838
2023-05-27,1,Diatoms,0.058466077,0.120330706
2023-05-28,1,Diatoms,0.19238804,0.15608206
2023-05-29,1,Diatoms,0.20135932,0.2688771
2023-05-30,1,Diatoms,0.16988994,0.32672536
2023-05-31,1,Diatoms,0.45917562,0.32338098
2023-06-01,1,Diatoms,0.64845806,0.40797353
2023-06-02,1,Diatoms,0.4172468,0.42340702
2023-06-03,1,Diatoms,0.54917574,0.36198086
2023-06-04,1,Diatoms,0.28157726,0.38025552
2023-06-05,1,Diatoms,0.16293786,0.32747868
2023-06-06,1,Diatoms,0.26643953,0.27120817
2023-06-07,1,Diatoms,0.45171347,0.26734257
2023-06-08,1,Diatoms,0.33858457,0.3222717
2023-06-09,1,Diatoms,0.10163539,0.28668335
2023-06-10,1,Diatoms,0.0039979536,0.23636311
2023-06-11,1,Diatoms,0.0020153343,0.18318681
2023-06-12,1,Diatoms,3.2714524e-05,0.13712405
2023-06-13,1,Diatoms,0.00047412192,0.088448934
2023-06-14,1,Diatoms,0.02020927,0.054351505
2023-06-15,1,Diatoms,0.046250667,0.06860997
2023-06-16,1,Diatoms,1.0186506e-05,0.08035248
2023-06-17,1,Diatoms,0.04055767,0.10273624
2023-06-18,1,Diatoms,0.18069921,0.15204448
2023-06-19,1,Diatoms,0.08742085,0.25239974
2023-06-20,1,Diatoms,0.1564024,0.3182594
2023-06-21,1,Diatoms,0.27892652,0.37965426
2023-06-22,1,Diatoms,0.46939066,0.43815106
2023-06-23,1,Diatoms,0.71619415,0.4992077
2023-06-24,1,Diatoms,0.55189675,0.5653571
2023-06-25,1,Diatoms,0.38463646,0.49002516
2023-06-26,1,Diatoms,0.504574,0.45028195
2023-06-27,1,Diatoms,0.6774582,0.51409894
2023-06-28,1,Diatoms,0.32230452,0.5244956
2023-06-29,1,Diatoms,0.30768082,0.47144455
2023-06-30,1,Diatoms,0.2930571,0.462062
2023-07-01,1,Diatoms,0.2784334,0.3933946
2023-07-02,1,Diatoms,0.26380974,0.34945118
2023-07-03,1,Diatoms,0.24918607,0.31524232
2023-07-04,1,Diatoms,0.23456237,0.29314837
2023-07-05,1,Diatoms,0.21993868,0.30484375
2023-07-06,1,Diatoms,0.20531496,0.2991466
2023-07-07,1,Diatoms,0.19069128,0.24703218
2023-07-08,1,Diatoms,0.17606762,0.24195452
2023-07-09,1,Diatoms,0.16144393,0.23356365
2023-07-10,1,Diatoms,0.14682025,0.2160763
2023-07-11,1,Diatoms,0.13219653,0.19714108
2023-07-12,1,Diatoms,0.117572874,0.16889329
2023-07-13,1,Diatoms,0.10294919,0.14555398
2023-07-14,1,Diatoms,0.088325456,0.12940893
2023-07-15,1,Diatoms,0.07370176,0.103066586
2023-07-16,1,Diatoms,0.059078086,0.07298614
2023-07-17,1,Diatoms,0.04445439,0.05942401
2023-07-18,1,Diatoms,0.029830711,0.045458492
2023-07-19,1,Diatoms,0.015207016,0.03302294
2023-07-20,1,Diatoms,0.0005833085,0.022152204
2023-07-21,1,Diatoms,0.0006266608,0.023745134
2023-07-22,1,Diatoms,0.000670015,0.037552655
2023-07-23,1,Diatoms,0.00071332016,0.0896656
2023-07-24,1,Diatoms,0.0007566781,0.088433154
2023-07-25,1,Diatoms,0.000799987,0.097426444
2023-07-26,1,Diatoms,0.0008432978,0.10700215
2023-07-27,1,Diatoms,0.00088666135,0.08108418
2023-07-28,1,Diatoms,0.00092997594,0.059791654
2023-07-29,1,Diatoms,0.00097329234,0.049378578
2023-07-30,1,Diatoms,0.0010166107,0.04990514
2023-07-31,1,Diatoms,0.0010599818,0.047836766
2023-08-01,1,Diatoms,0.0011033037,0.03764853
2023-08-02,1,Diatoms,0.0011466277,0.034167606
2023-08-03,1,Diatoms,0.0011899535,0.03068505
2023-08-04,1,Diatoms,0.0012332812,0.03544401
2023-08-05,1,Diatoms,0.0012766108,0.039800208
2023-08-06,1,Diatoms,0.0013199422,0.050487947
2023-08-07,1,Diatoms,0.0013632755,0.058954064
2023-08-08,1,Diatoms,0.0014066106,0.059984285
2023-08-09,1,Diatoms,0.0014499477,0.066132925
2023-08-10,1,Diatoms,0.0014932866,0.057542298
2023-08-11,1,Diatoms,0.0015365764,0.054476865
2023-08-12,1,Diatoms,0.0015799191,0.04648953
2023-08-13,1,Diatoms,0.0016232637,0.041598495
2023-08-14,1,Diatoms,0.0016666101,0.041944217
2023-08-15,1,Diatoms,0.0017099074,0.04766371
2023-08-16,1,Diatoms,0.0017532577,0.04672775
2023-08-17,1,Diatoms,0.0009180655,0.05264018
2023-08-18,1,Diatoms,0.00088487996,0.042371154
2023-08-19,1,Diatoms,0.00085169554,0.03435053
2023-08-20,1,Diatoms,0.0008184613,0.03344044
2023-08-21,1,Diatoms,0.0007852791,0.029917018
2023-08-22,1,Diatoms,0.0007520979,0.029204829
2023-08-23,1,Diatoms,0.00071891793,0.031039158
2023-08-24,1,Diatoms,0.0006856881,0.03148177
2023-08-25,1,Diatoms,0.00065251027,0.032437906
2023-08-26,1,Diatoms,0.0006193335,0.038778193
2023-08-27,1,Diatoms,0.000586107,0.037306074
2023-08-28,1,Diatoms,0.00055293244,0.044550423
2023-08-29,1,Diatoms,0.00051970815,0.047955066
2023-08-30,1,Diatoms,0.00048653584,0.064632766
2023-08-31,1,Diatoms,0.0004533646,0.062118493
2023-09-01,1,Diatoms,0.0004201436,0.079577416
2023-09-02,1,Diatoms,0.00038697457,0.06936362
2023-09-03,1,Diatoms,0.00035375578,0.07518485
2023-09-04,1,Diatoms,0.00032053806,0.056936927
2023-09-05,1,Diatoms,0.00028737236,0.05400445
2023-09-06,1,Diatoms,0.00025415685,0.077852055
2023-09-07,1,Diatoms,0.00022099333,0.09608657
2023-09-08,1,Diatoms,0.00018778004,0.10423035
2023-09-09,1,Diatoms,0.00015456785,0.115975365
2023-09-10,1,Diatoms,0.00012140763,0.11834662
2023-09-11,1,Diatoms,8.819765e-05,0.13692445
2023-09-12,1,Diatoms,5.4988774e-05,0.155982
2023-09-13,1,Diatoms,0.006004396,0.1797783
2023-09-14,1,Diatoms,0.058510374,0.17701149
2023-09-15,1,Diatoms,0.08269159,0.17375715
2023-09-16,1,Diatoms,0.08045972,0.1760337
2023-09-17,1,Diatoms,0.063173585,0.14627433
2023-09-18,1,Diatoms,0.051945228,0.12290329
2023-09-19,1,Diatoms,0.032293275,0.10033558
2023-09-20,1,Diatoms,0.027173372,0.095211096
2023-09-21,1,Diatoms,0.0074045286,0.102659754
2023-09-22,1,Diatoms,0.0032023643,0.10805133
2023-09-23,1,Diatoms,0.021175211,0.103356905
2023-09-24,1,Diatoms,0.014343121,0.09029077
2023-09-25,1,Diatoms,0.00751109,0.0793142
2023-09-26,1,Diatoms,0.0006790219,0.0683723
2023-09-27,1,Diatoms,0.00043560928,0.071964815
2023-09-28,1,Diatoms,0.00037298488,0.07114663
2023-09-29,1,Diatoms,0.0003104153,0.075497866
2023-09-30,1,Diatoms,0.00024779874,0.063905925
2023-10-01,1,Diatoms,0.00018518609,0.07307405
2023-10-02,1,Diatoms,0.0006172982,0.093997255
2023-10-03,1,Diatoms,9.26222e-05,0.088044845
2023-10-04,1,Diatoms,7.3500174e-05,0.10634522
2023-10-05,1,Diatoms,0.0038750195,0.11567639
2023-10-06,1,Diatoms,0.0032905224,0.091641046
2023-10-07,1,Diatoms,0.03362907,0.08090822
2023-10-08,1,Diatoms,0.004810269,0.07763771
2023-10-09,1,Diatoms,0.09438458,0.07117588
2023-10-10,1,Diatoms,0.07221674,0.07587273
2023-10-11,1,Diatoms,0.26860738,0.12936993
2023-10-12,1,Diatoms,0.20792258,0.21047643
2023-10-13,1,Diatoms,0.324627,0.27359647
2023-10-14,1,Diatoms,0.7646221,0.39439723
2023-10-15,1,Diatoms,1.1357886,0.65164536
2023-10-16,1,Diatoms,0.80728596,0.75744826
2023-10-17,1,Diatoms,0.6686876,0.63918203
2023-10-18,1,Diatoms,0.8290776,0.62726504
2023-10-19,1,Diatoms,0.831133,0.6859923
2023-10-20,1,Diatoms,0.9008971,0.6406937
2023-10-21,1,Diatoms,0.52625555,0.6578797
2023-10-22,1,Diatoms,0.4897043,0.5635644
2023-10-23,1,Diatoms,0.39428222,0.5579107
2023-10-24,1,Diatoms,0.4919137,0.5472737
2023-10-25,1,Diatoms,1.2589972,0.5970175
2023-10-26,1,Diatoms,1.105689,0.7528439
2023-10-27,1,Diatoms,1.0713496,0.6368937
2023-10-28,1,Diatoms,0.5257695,0.65290016
2023-10-29,1,Diatoms,0.43992317,0.4935329
2023-10-30,1,Diatoms,0.5266566,0.4753902
2023-10-31,1,Diatoms,0.6161855,0.4800653
2023-11-01,1,Diatoms,0.81251514,0.46060312
2023-11-02,1,Diatoms,0.6718127,0.4956705
2023-11-03,1,Diatoms,0.5765434,0.4679951
2023-11-04,1,Diatoms,0.22319983,0.48499376
2023-11-05,1,Diatoms,0.42413625,0.3260318
2023-11-06,1,Diatoms,0.2567922,0.38258344
2023-11-07,1,Diatoms,0.2520239,0.38713494
2023-11-08,1,Diatoms,0.00043097974,0.351617
2023-11-09,1,Diatoms,0.10984439,0.27146205
2023-11-10,1,Diatoms,0.5124347,0.30587092
2023-11-11,1,Diatoms,0.33647197,0.36826205
2023-11-12,1,Diatoms,0.66706467,0.31865427
2023-11-13,1,Diatoms,0.15867805,0.4147031
2023-11-14,1,Diatoms,0.10581617,0.23828638
2023-11-15,1,Diatoms,0.052954283,0.22929884
2023-11-16,1,Diatoms,9.241877e-05,0.18438669
2023-11-17,1,Diatoms,0.009337859,0.1287026
2023-11-18,1,Diatoms,0.19977601,0.11331946
2023-11-19,1,Diatoms,0.12343549,0.19160599
2023-11-20,1,Diatoms,0.3071771,0.18707846
2023-11-21,1,Diatoms,0.13698463,0.3082771
2023-11-22,1,Diatoms,0.2949094,0.24152103
2023-11-23,1,Diatoms,1.0000529,0.30438703
2023-11-24,1,Diatoms,0.5650807,0.5976607
2023-11-25,1,Diatoms,0.28637102,0.43318638
2023-11-26,1,Diatoms,0.13317768,0.36749333
2023-11-27,1,Diatoms,0.15024103,0.32417807
2023-11-28,1,Diatoms,0.118733004,0.314425
2023-11-29,1,Diatoms,0.313295,0.3027735
2023-11-30,1,Diatoms,1.2121061,0.33118686
2023-12-01,1,Diatoms,0.71811897,0.7374104
2023-12-02,1,Diatoms,0.42667028,0.4047885
2023-12-03,1,Diatoms,0.36823797,0.39122236
2023-12-04,1,Diatoms,0.28726888,0.3698792
2023-12-05,1,Diatoms,0.40296897,0.30937004
2023-12-06,1,Diatoms,0.48180538,0.36921656
2023-12-07,1,Diatoms,0.4798209,0.38683623
2023-12-08,1,Diatoms,0.22574307,0.35646048
2023-12-09,1,Diatoms,0.6053398,0.32505643
2023-12-10,1,Diatoms,0.51656085,0.53113174
2023-12-11,1,Diatoms,1.0550815,0.44350258
2023-12-12,1,Diatoms,1.6915069,0.7547723
2023-12-13,1,Diatoms,1.3574413,0.9956811
2023-12-14,1,Diatoms,0.80911356,0.62206453
2023-12-15,1,Diatoms,0.470075,0.46334386
2023-12-16,1,Diatoms,0.33258235,0.47650748
2023-12-17,1,Diatoms,0.0006089024,0.35061386
2023-12-18,1,Diatoms,0.014664732,0.25767267
2023-12-19,1,Diatoms,0.17325234,0.21762769
2023-12-20,1,Diatoms,0.022111505,0.23307753
2023-12-21,1,Diatoms,0.01028164,0.17162237
2023-12-22,1,Diatoms,0.19714954,0.16284278
2023-12-23,1,Diatoms,0.18888706,0.20321672
2023-12-24,1,Diatoms,0.17901944,0.19846973
2023-12-25,1,Diatoms,0.24054842,0.21620247
2023-12-26,1,Diatoms,0.7410379,0.24938188
2023-12-27,1,Diatoms,1.1543852,0.5122497
2020-10-29,2,Diatoms,2.244111,1.6810887
2020-10-30,2,Diatoms,2.375431,2.0268712
2020-10-31,2,Diatoms,2.506751,2.564053
2020-11-01,2,Diatoms,3.0380814,2.7626374
2020-11-02,2,Diatoms,2.8482478,2.1980734
2020-11-03,2,Diatoms,2.2271326,2.416748
2020-11-04,2,Diatoms,2.085131,2.337788
2020-11-05,2,Diatoms,2.0708182,1.7135808
2020-11-06,2,Diatoms,1.713693,1.6912811
2020-11-07,2,Diatoms,2.1728096,1.6640207
2020-11-08,2,Diatoms,1.2744782,1.7665715
2020-11-09,2,Diatoms,1.0231327,2.3766313
2020-11-10,2,Diatoms,0.7810465,1.2524707
2020-11-11,2,Diatoms,0.89373004,1.1372855
2020-11-12,2,Diatoms,1.3485912,1.0450478
2020-11-13,2,Diatoms,1.0144191,1.16608
2020-11-14,2,Diatoms,0.7676627,1.440245
2020-11-15,2,Diatoms,1.5220684,1.2266033
2020-11-16,2,Diatoms,1.7528968,1.1777241
2020-11-17,2,Diatoms,2.7005594,1.6023082
2020-11-18,2,Diatoms,3.551749,1.9673427
2020-11-19,2,Diatoms,3.5550296,2.3659704
2020-11-20,2,Diatoms,3.5583103,2.617393
2020-11-21,2,Diatoms,3.561591,2.7020738
2020-11-22,2,Diatoms,3.5648715,2.6481535
2020-11-23,2,Diatoms,3.5681524,2.4398024
2020-11-24,2,Diatoms,2.877584,2.5705853
2020-11-25,2,Diatoms,2.570984,2.227828
2020-11-26,2,Diatoms,2.99432,1.6687322
2020-11-27,2,Diatoms,2.3000507,1.7703656
2020-11-28,2,Diatoms,1.9902606,2.477902
2020-11-29,2,Diatoms,2.121932,1.7742794
2020-11-30,2,Diatoms,1.2250868,1.4906639
2020-12-01,2,Diatoms,0.79758143,1.562021
2020-12-02,2,Diatoms,0.55146164,1.0276277
2020-12-03,2,Diatoms,0.69141823,0.9088071
2020-12-04,2,Diatoms,0.4592113,0.80775005
2020-12-05,2,Diatoms,0.6877279,0.7730641
2020-12-06,2,Diatoms,0.72069466,0.68892616
2020-12-07,2,Diatoms,0.6629616,0.723695
2020-12-08,2,Diatoms,0.32433745,0.7465999
2020-12-09,2,Diatoms,0.891803,0.7508963
2020-12-10,2,Diatoms,1.0413541,0.6891937
2020-12-11,2,Diatoms,0.50121653,0.8725566
2020-12-12,2,Diatoms,0.45125997,0.8888505
2020-12-13,2,Diatoms,1.5000796,0.76103914
2020-12-14,2,Diatoms,0.68109983,0.8139822
2020-12-15,2,Diatoms,1.1050941,1.2972611
2020-12-16,2,Diatoms,1.0165268,0.7037872
2020-12-17,2,Diatoms,0.82747287,0.893552
2020-12-18,2,Diatoms,0.79755604,0.8771472
2020-12-19,2,Diatoms,0.92849493,0.79645157
2020-12-20,2,Diatoms,0.91774964,0.8627154
2020-12-21,2,Diatoms,1.0702823,0.9355792
2020-12-22,2,Diatoms,1.129609,0.9545928
2020-12-23,2,Diatoms,1.5725508,1.0039116
2020-12-24,2,Diatoms,1.0803404,1.0292631
2020-12-25,2,Diatoms,1.1264446,1.1474713
2020-12-26,2,Diatoms,1.3128096,1.0722234
2020-12-27,2,Diatoms,1.272882,1.2459904
2020-12-28,2,Diatoms,3.3631935,1.5401893
2020-12-29,2,Diatoms,3.1568608,1.7644565
2020-12-30,2,Diatoms,2.9505284,3.066197
2020-12-31,2,Diatoms,3.1884804,2.937938
2021-01-01,2,Diatoms,1.9716499,2.2466624
2021-01-02,2,Diatoms,1.4403403,1.7288636
2021-01-03,2,Diatoms,1.1570333,1.0239152
2021-01-04,2,Diatoms,0.9809848,0.82522
2021-01-05,2,Diatoms,0.84870386,0.7696293
2021-01-06,2,Diatoms,0.7281101,0.6619901
2021-01-07,2,Diatoms,0.2832947,0.5617292
2021-01-08,2,Diatoms,0.31892332,0.5138846
2021-01-09,2,Diatoms,0.18934155,0.40616164
2021-01-10,2,Diatoms,0.38280752,0.33945933
2021-01-11,2,Diatoms,0.20098482,0.31026748
2021-01-12,2,Diatoms,0.08154123,0.33981603
2021-01-13,2,Diatoms,0.30706948,0.29850793
2021-01-14,2,Diatoms,0.6084967,0.31416765
2021-01-15,2,Diatoms,0.8928965,0.35584375
2021-01-16,2,Diatoms,0.62818974,0.4464919
2021-01-17,2,Diatoms,0.10378436,0.5316865
2021-01-18,2,Diatoms,0.0969537,0.46962896
2021-01-19,2,Diatoms,0.4372576,0.36535633
2021-01-20,2,Diatoms,1.0428437,0.4198244
2021-01-21,2,Diatoms,2.229479,0.5954295
2021-01-22,2,Diatoms,2.2929904,1.7791301
2021-01-23,2,Diatoms,2.4667873,2.463914
2021-01-24,2,Diatoms,2.4707308,2.6126869
2021-01-25,2,Diatoms,2.4139535,2.8019078
2021-01-26,2,Diatoms,2.5623229,2.088656
2021-01-27,2,Diatoms,2.6734154,2.3758805
2021-01-28,2,Diatoms,2.784508,2.1863458
2021-01-29,2,Diatoms,1.4483068,2.2996206
2021-01-30,2,Diatoms,1.1406006,1.9330876
2021-01-31,2,Diatoms,1.6360753,1.233165
2021-02-01,2,Diatoms,2.0243301,1.6306363
2021-02-02,2,Diatoms,1.9407675,1.8378395
2021-02-03,2,Diatoms,1.9504924,2.082298
2021-02-04,2,Diatoms,1.640601,1.7602822
2021-02-05,2,Diatoms,1.878074,1.6166339
2021-02-06,2,Diatoms,1.893273,1.586862
2021-02-07,2,Diatoms,1.6942288,1.9197558
2021-02-08,2,Diatoms,2.2493556,1.8137981
2021-02-09,2,Diatoms,1.7770494,1.7296258
2021-02-10,2,Diatoms,0.68595654,2.1387458
2021-02-11,2,Diatoms,0.9005503,1.8185593
2021-02-12,2,Diatoms,1.81,1.4362172
2021-02-13,2,Diatoms,2.2021346,1.5120949
2021-02-14,2,Diatoms,2.594269,2.0601892
2021-02-15,2,Diatoms,2.9864037,2.6480083
2021-02-16,2,Diatoms,2.702113,2.3073502
2021-02-17,2,Diatoms,2.0566425,2.1095574
2021-02-18,2,Diatoms,1.8688567,1.8065348
2021-02-19,2,Diatoms,1.7543334,1.234898
2021-02-20,2,Diatoms,0.9000724,1.1049709
2021-02-21,2,Diatoms,0.7629161,1.1095325
2021-02-22,2,Diatoms,0.6538233,0.62602085
2021-02-23,2,Diatoms,0.2735771,0.5761184
2021-02-24,2,Diatoms,0.29733527,0.4151606
2021-02-25,2,Diatoms,0.122311585,0.3041302
2021-02-26,2,Diatoms,0.111385085,0.3024168
2021-02-27,2,Diatoms,0.23341587,0.293451
2021-02-28,2,Diatoms,0.3779776,0.3056299
2021-03-01,2,Diatoms,0.26025468,0.27804086
2021-03-02,2,Diatoms,0.5074762,0.3149461
2021-03-03,2,Diatoms,0.5803401,0.27015913
2021-03-04,2,Diatoms,0.4486614,0.3513533
2021-03-05,2,Diatoms,0.29125902,0.35229364
2021-03-06,2,Diatoms,0.09789437,0.28561968
2021-03-07,2,Diatoms,0.10636036,0.26959428
2021-03-08,2,Diatoms,0.42757422,0.266724
2021-03-09,2,Diatoms,0.41371924,0.29097462
2021-03-10,2,Diatoms,0.97834295,0.5448599
2021-03-11,2,Diatoms,1.090767,0.74913526
2021-03-12,2,Diatoms,1.6602533,1.5195068
2021-03-13,2,Diatoms,2.7790158,1.8344291
2021-03-14,2,Diatoms,1.716657,2.4753592
2021-03-15,2,Diatoms,2.1587698,2.9211051
2021-03-16,2,Diatoms,1.5231838,1.2994046
2021-03-17,2,Diatoms,0.7664399,1.4957036
2021-03-18,2,Diatoms,0.9175977,1.090539
2021-03-19,2,Diatoms,0.9093126,0.79643625
2021-03-20,2,Diatoms,0.82787263,1.0470237
2021-03-21,2,Diatoms,0.6657453,0.9132442
2021-03-22,2,Diatoms,0.7944718,0.9535059
2021-03-23,2,Diatoms,0.56832004,0.74468964
2021-03-24,2,Diatoms,0.48747098,0.81606585
2021-03-25,2,Diatoms,0.60059506,0.6807561
2021-03-26,2,Diatoms,0.71678,0.7355662
2021-03-27,2,Diatoms,0.9423606,0.832719
2021-03-28,2,Diatoms,1.3365387,1.066116
2021-03-29,2,Diatoms,3.3529541,1.4251207
2021-03-30,2,Diatoms,3.1136181,2.036894
2021-03-31,2,Diatoms,2.874282,2.9593346
2021-04-01,2,Diatoms,2.6349456,2.9343069
2021-04-02,2,Diatoms,1.4991021,2.584805
2021-04-03,2,Diatoms,1.4968718,2.0940921
2021-04-04,2,Diatoms,1.2935481,1.4921818
2021-04-05,2,Diatoms,0.9018379,1.5997969
2021-04-06,2,Diatoms,0.85719246,1.3208201
2021-04-07,2,Diatoms,1.0202751,1.0939121
2021-04-08,2,Diatoms,1.0912663,1.1360016
2021-04-09,2,Diatoms,1.2612445,1.2430449
2021-04-10,2,Diatoms,1.278191,1.1953192
2021-04-11,2,Diatoms,1.2684226,1.2521389
2021-04-12,2,Diatoms,0.7582549,1.269478
2021-04-13,2,Diatoms,1.1454453,1.3380823
2021-04-14,2,Diatoms,2.0011659,1.4561448
2021-04-15,2,Diatoms,1.1257857,1.6884067
2021-04-16,2,Diatoms,0.57763094,2.03982
2021-04-17,2,Diatoms,0.7711369,1.4774929
2021-04-18,2,Diatoms,2.797393,1.3131328
2021-04-19,2,Diatoms,2.7909703,1.8847215
2021-04-20,2,Diatoms,2.257118,2.7237306
2021-04-21,2,Diatoms,1.574142,2.4184
2021-04-22,2,Diatoms,1.2624112,1.985028
2021-04-23,2,Diatoms,2.9326358,1.7063783
2021-04-24,2,Diatoms,2.0435264,1.9141988
2021-04-25,2,Diatoms,3.5338886,2.7743082
2021-04-26,2,Diatoms,3.7416282,2.261916
2021-04-27,2,Diatoms,3.7256298,3.0120673
2021-04-28,2,Diatoms,2.3611505,2.9267185
2021-04-29,2,Diatoms,1.3832923,2.2991173
2021-04-30,2,Diatoms,0.93366134,1.4395477
2021-05-01,2,Diatoms,0.55839366,0.9920802
2021-05-02,2,Diatoms,1.066165,1.0437425
2021-05-03,2,Diatoms,2.7655473,1.4493276
2021-05-04,2,Diatoms,2.1014047,1.8186196
2021-05-05,2,Diatoms,1.7055371,2.6027524
2021-05-06,2,Diatoms,1.1249028,1.7562488
2021-05-07,2,Diatoms,1.056713,1.5456464
2021-05-08,2,Diatoms,0.9630414,1.4674735
2021-05-09,2,Diatoms,1.7809696,1.5032457
2021-05-10,2,Diatoms,0.9654414,1.8495247
2021-05-11,2,Diatoms,1.2358177,2.5553913
2021-05-12,2,Diatoms,3.711635,1.8877404
2021-05-13,2,Diatoms,3.3949533,2.4302645
2021-05-14,2,Diatoms,3.0782707,3.1691077
2021-05-15,2,Diatoms,2.789964,3.0567565
2021-05-16,2,Diatoms,2.2519102,2.330383
2021-05-17,2,Diatoms,1.8629305,1.9573091
2021-05-18,2,Diatoms,2.183372,1.7259843
2021-05-19,2,Diatoms,2.1150978,1.7573006
2021-05-20,2,Diatoms,1.7254342,2.0141497
2021-05-21,2,Diatoms,1.5535529,1.7397057
2021-05-22,2,Diatoms,1.9609051,1.629689
2021-05-23,2,Diatoms,2.031506,1.5751587
2021-05-24,2,Diatoms,2.072858,1.9713744
2021-05-25,2,Diatoms,2.2005935,1.9281151
2021-05-26,2,Diatoms,1.9350218,2.1983624
2021-05-27,2,Diatoms,1.0838495,1.9118391
2021-05-28,2,Diatoms,1.3800538,1.8099786
2021-05-29,2,Diatoms,3.183799,1.913084
2021-05-30,2,Diatoms,2.7268162,1.9769585
2021-05-31,2,Diatoms,1.4334034,2.5291343
2021-06-01,2,Diatoms,1.6658363,2.057991
2021-06-02,2,Diatoms,1.4438957,1.435308
2021-06-03,2,Diatoms,1.0112599,1.5695103
2021-06-04,2,Diatoms,1.4206372,1.4096655
2021-06-05,2,Diatoms,1.228291,1.3482071
2021-06-06,2,Diatoms,1.7269298,1.6239243
2021-06-07,2,Diatoms,1.7005137,1.5766071
2021-06-08,2,Diatoms,2.6476555,1.8291879
2021-06-09,2,Diatoms,2.045398,1.8665541
2021-06-10,2,Diatoms,1.8383286,2.251973
2021-06-11,2,Diatoms,1.9921997,2.0792177
2021-06-12,2,Diatoms,2.0134249,1.9998255
2021-06-13,2,Diatoms,1.6290804,2.132826
2021-06-14,2,Diatoms,3.1700435,2.3709283
2021-06-15,2,Diatoms,3.3024917,2.1945176
2021-06-16,2,Diatoms,3.4349394,2.5577044
2021-06-17,2,Diatoms,3.5673878,2.9206111
2021-06-18,2,Diatoms,3.699836,3.0983813
2021-06-19,2,Diatoms,3.8322835,3.0529754
2021-06-20,2,Diatoms,3.964732,2.78851
2021-06-21,2,Diatoms,2.9807816,2.5659044
2021-06-22,2,Diatoms,1.9287239,2.509311
2021-06-23,2,Diatoms,1.7428799,1.9915862
2021-06-24,2,Diatoms,1.6203545,1.6150566
2021-06-25,2,Diatoms,1.6847974,1.5569183
2021-06-26,2,Diatoms,1.3992257,1.4159716
2021-06-27,2,Diatoms,0.4449783,1.4870945
2021-06-28,2,Diatoms,0.6800145,1.3081847
2021-06-29,2,Diatoms,1.0097902,1.3158706
2021-06-30,2,Diatoms,1.7874533,1.6498065
2021-07-01,2,Diatoms,1.6671201,1.7922496
2021-07-02,2,Diatoms,2.0350435,2.0084865
2021-07-03,2,Diatoms,2.1230752,2.0757763
2021-07-04,2,Diatoms,2.6323733,2.3350194
2021-07-05,2,Diatoms,3.4875107,2.5076847
2021-07-06,2,Diatoms,3.787234,2.2396667
2021-07-07,2,Diatoms,3.39538,2.6223505
2021-07-08,2,Diatoms,2.5858839,2.6219957
2021-07-09,2,Diatoms,1.502587,2.2201295
2021-07-10,2,Diatoms,1.4255829,2.100781
2021-07-11,2,Diatoms,1.7508472,1.3779354
2021-07-12,2,Diatoms,1.8505718,1.583996
2021-07-13,2,Diatoms,1.9810565,1.682388
2021-07-14,2,Diatoms,1.2432224,1.7901323
2021-07-15,2,Diatoms,1.0958611,1.7215954
2021-07-16,2,Diatoms,1.8101519,1.4416295
2021-07-17,2,Diatoms,1.3462229,1.3405094
2021-07-18,2,Diatoms,1.037178,1.5586659
2021-07-19,2,Diatoms,1.2159377,1.3026052
2021-07-20,2,Diatoms,1.6290152,1.135248
2021-07-21,2,Diatoms,1.2851557,1.2897873
2021-07-22,2,Diatoms,1.1834251,1.5060247
2021-07-23,2,Diatoms,1.1390948,1.182402
2021-07-24,2,Diatoms,3.5395947,1.5533348
2021-07-25,2,Diatoms,2.8445039,2.2510645
2021-07-26,2,Diatoms,2.449595,2.9618418
2021-07-27,2,Diatoms,1.6523589,2.5327814
2021-07-28,2,Diatoms,1.1892546,1.9907875
2021-07-29,2,Diatoms,1.4342402,1.5505205
2021-07-30,2,Diatoms,2.093664,1.3261645
2021-07-31,2,Diatoms,1.7546382,1.699955
2021-08-01,2,Diatoms,1.878647,1.9360927
2021-08-02,2,Diatoms,1.6647502,1.8705949
2021-08-03,2,Diatoms,1.9846995,2.0591278
2021-08-04,2,Diatoms,1.5800145,1.9497222
2021-08-05,2,Diatoms,1.7049167,1.8722382
2021-08-06,2,Diatoms,1.9504126,1.5861832
2021-08-07,2,Diatoms,1.6051414,1.4902939
2021-08-08,2,Diatoms,1.2363642,1.4304672
2021-08-09,2,Diatoms,1.4518682,1.3767023
2021-08-10,2,Diatoms,1.1323589,1.3043597
2021-08-11,2,Diatoms,1.3369826,1.4064248
2021-08-12,2,Diatoms,1.7825832,1.3423764
2021-08-13,2,Diatoms,1.5437394,1.3747072
2021-08-14,2,Diatoms,1.2472893,1.5205381
2021-08-15,2,Diatoms,1.7801247,1.319103
2021-08-16,2,Diatoms,2.076942,1.2827079
2021-08-17,2,Diatoms,2.3432388,1.39392
2021-08-18,2,Diatoms,0.89847255,1.3238571
2021-08-19,2,Diatoms,0.07596541,1.2605146
2021-08-20,2,Diatoms,0.40249383,0.9218476
2021-08-21,2,Diatoms,0.8349361,0.7136712
2021-08-22,2,Diatoms,0.25167596,0.7529661
2021-08-23,2,Diatoms,0.27531648,0.8233128
2021-08-24,2,Diatoms,0.63730323,0.9366311
2021-08-25,2,Diatoms,0.6758798,0.88235104
2021-08-26,2,Diatoms,0.8884359,1.0725802
2021-08-27,2,Diatoms,1.1485218,1.3042254
2021-08-28,2,Diatoms,1.5655612,1.2752373
2021-08-29,2,Diatoms,1.4311731,1.4328578
2021-08-30,2,Diatoms,1.4924402,1.4988247
2021-08-31,2,Diatoms,1.661136,1.4487848
2021-09-01,2,Diatoms,1.5644573,1.3897835
2021-09-02,2,Diatoms,1.5042185,1.4731361
2021-09-03,2,Diatoms,1.3365774,1.4066908
2021-09-04,2,Diatoms,1.3967222,1.323728
2021-09-05,2,Diatoms,1.4928075,1.1809204
2021-09-06,2,Diatoms,1.3566715,1.2978988
2021-09-07,2,Diatoms,1.2968574,1.3192683
2021-09-08,2,Diatoms,1.142301,1.1715746
2021-09-09,2,Diatoms,1.7800651,1.1151667
2021-09-10,2,Diatoms,1.6764327,1.015217
2021-09-11,2,Diatoms,1.0366064,1.3808454
2021-09-12,2,Diatoms,1.1923878,1.3217806
2021-09-13,2,Diatoms,1.3866836,1.2145377
2021-09-14,2,Diatoms,1.4921072,1.3238713
2021-09-15,2,Diatoms,1.5616583,1.3370178
2021-09-16,2,Diatoms,1.3013107,1.5585669
2021-09-17,2,Diatoms,1.0375091,1.3440634
2021-09-18,2,Diatoms,0.8898914,1.2327058
2021-09-19,2,Diatoms,1.0559305,1.0612159
2021-09-20,2,Diatoms,0.92435914,0.9635635
2021-09-21,2,Diatoms,0.7065894,1.0997734
2021-09-22,2,Diatoms,0.8529471,0.8050149
2021-09-23,2,Diatoms,0.8713406,0.70392704
2021-09-24,2,Diatoms,0.75830555,0.7294243
2021-09-25,2,Diatoms,0.64507604,0.69321495
2021-09-26,2,Diatoms,0.56325126,0.5981746
2021-09-27,2,Diatoms,0.5061839,0.52385235
2021-09-28,2,Diatoms,0.44725558,0.48654523
2021-09-29,2,Diatoms,0.46624187,0.49655476
2021-09-30,2,Diatoms,0.47655323,0.4276628
2021-10-01,2,Diatoms,0.48111513,0.4779646
2021-10-02,2,Diatoms,0.5479639,0.5030439
2021-10-03,2,Diatoms,0.57537013,0.5398449
2021-10-04,2,Diatoms,0.6069845,0.5087752
2021-10-05,2,Diatoms,0.6385989,0.5311939
2021-10-06,2,Diatoms,0.67021334,0.5083194
2021-10-07,2,Diatoms,0.7018277,0.46092236
2021-10-08,2,Diatoms,0.7334421,0.49588606
2021-10-09,2,Diatoms,0.76505655,0.593168
2021-10-10,2,Diatoms,0.796671,0.66339886
2021-10-11,2,Diatoms,0.82828534,0.68935114
2021-10-12,2,Diatoms,0.89406615,0.6580547
2021-10-13,2,Diatoms,0.68187547,0.76047724
2021-10-14,2,Diatoms,0.68567705,0.741256
2021-10-15,2,Diatoms,0.39866763,0.6412448
2021-10-16,2,Diatoms,0.69015205,0.6691827
2021-10-17,2,Diatoms,1.0050942,0.80114096
2021-10-18,2,Diatoms,0.83579594,0.9031989
2021-10-19,2,Diatoms,0.79785097,0.7832825
2021-10-20,2,Diatoms,0.7915702,0.7927817
2021-10-21,2,Diatoms,0.66277134,0.7603829
2021-10-22,2,Diatoms,0.8927352,0.83768356
2021-10-23,2,Diatoms,0.8913893,0.8199022
2021-10-24,2,Diatoms,1.0786686,1.0013968
2021-10-25,2,Diatoms,1.084113,1.0079437
2021-10-26,2,Diatoms,1.3010275,1.0626819
2021-10-27,2,Diatoms,1.9733285,1.1554149
2021-10-28,2,Diatoms,2.4602606,1.3834016
2021-10-29,2,Diatoms,2.9471924,2.038797
2021-10-30,2,Diatoms,3.4341245,2.396097
2021-10-31,2,Diatoms,2.537547,2.477919
2021-11-01,2,Diatoms,2.7887626,2.2229962
2021-11-02,2,Diatoms,2.4122794,1.7268949
2021-11-03,2,Diatoms,2.988835,1.9447321
2021-11-04,2,Diatoms,2.222851,1.946439
2021-11-05,2,Diatoms,1.5125543,2.3184907
2021-11-06,2,Diatoms,1.3082923,1.7122437
2021-11-07,2,Diatoms,1.3879508,1.1484258
2021-11-08,2,Diatoms,2.011172,1.3226093
2021-11-09,2,Diatoms,1.544508,1.4155692
2021-11-10,2,Diatoms,1.2806373,1.6169382
2021-11-11,2,Diatoms,1.221353,1.2424117
2021-11-12,2,Diatoms,0.9996886,1.2495016
2021-11-13,2,Diatoms,1.166809,1.0556009
2021-11-14,2,Diatoms,0.9016932,0.9300311
2021-11-15,2,Diatoms,0.82410574,1.0292116
2021-11-16,2,Diatoms,0.9349819,0.8346054
2021-11-17,2,Diatoms,0.94172025,0.83204865
2021-11-18,2,Diatoms,0.92100614,0.89834785
2021-11-19,2,Diatoms,0.8363867,0.90760666
2021-11-20,2,Diatoms,0.9385735,0.9006791
2021-11-21,2,Diatoms,1.2261478,0.8262482
2021-11-22,2,Diatoms,1.0900145,0.89896965
2021-11-23,2,Diatoms,0.8594718,1.1430885
2021-11-24,2,Diatoms,0.8197829,1.043015
2021-11-25,2,Diatoms,0.8982766,0.8435468
2021-11-26,2,Diatoms,0.93438494,0.8513965
2021-11-27,2,Diatoms,1.194602,0.8477337
2021-11-28,2,Diatoms,1.164385,0.892842
2021-11-29,2,Diatoms,1.408407,1.0792968
2021-11-30,2,Diatoms,1.8194569,1.1428269
2021-12-01,2,Diatoms,2.0956626,1.5026139
2021-12-02,2,Diatoms,1.9123534,1.8644819
2021-12-03,2,Diatoms,1.8349311,1.8617718
2021-12-04,2,Diatoms,1.4541534,1.7658471
2021-12-05,2,Diatoms,1.6142619,1.8432963
2021-12-06,2,Diatoms,1.6233261,1.5376359
2021-12-07,2,Diatoms,1.421165,1.6923686
2021-12-08,2,Diatoms,1.4636773,1.7175634
2021-12-09,2,Diatoms,1.4945264,1.5680915
2021-12-10,2,Diatoms,1.54445,1.6627356
2021-12-11,2,Diatoms,1.5230969,1.650105
2021-12-12,2,Diatoms,1.6827589,1.6969111
2021-12-13,2,Diatoms,1.7116281,1.9120681
2021-12-14,2,Diatoms,1.9158539,1.8356606
2021-12-15,2,Diatoms,2.0881534,1.9897121
2021-12-16,2,Diatoms,2.3040404,2.131333
2021-12-17,2,Diatoms,1.8070529,2.1719043
2021-12-18,2,Diatoms,1.6679001,2.197776
2021-12-19,2,Diatoms,2.2340477,1.76801
2021-12-20,2,Diatoms,2.1134007,1.6400698
2021-12-21,2,Diatoms,1.8318379,2.013963
2021-12-22,2,Diatoms,1.6743126,1.8275155
2021-12-23,2,Diatoms,2.6385167,1.759288
2021-12-24,2,Diatoms,2.2485156,1.8107314
2021-12-25,2,Diatoms,1.8585145,2.4018793
2021-12-26,2,Diatoms,1.891042,2.1004279
2021-12-27,2,Diatoms,1.4258013,1.6825848
2021-12-28,2,Diatoms,1.448659,1.5940633
2021-12-29,2,Diatoms,1.2661808,1.3419766
2021-12-30,2,Diatoms,1.6195441,1.3834671
2021-12-31,2,Diatoms,1.2491754,1.1999279
2022-01-01,2,Diatoms,1.1136975,1.5365248
2022-01-02,2,Diatoms,0.998314,1.2981403
2022-01-03,2,Diatoms,1.1921651,1.3768058
2022-01-04,2,Diatoms,1.7091818,1.3492125
2022-01-05,2,Diatoms,3.6088486,1.6097687
2022-01-06,2,Diatoms,3.1050832,2.317346
2022-01-07,2,Diatoms,2.601318,3.3090863
2022-01-08,2,Diatoms,3.0840986,2.4980416
2022-01-09,2,Diatoms,2.192433,1.7715478
2022-01-10,2,Diatoms,1.8787844,2.0775502
2022-01-11,2,Diatoms,2.3994572,1.6757832
2022-01-12,2,Diatoms,1.2720188,1.5143579
2022-01-13,2,Diatoms,1.0562301,1.7322962
2022-01-14,2,Diatoms,0.9689428,1.0396049
2022-01-15,2,Diatoms,0.7713965,0.9966357
2022-01-16,2,Diatoms,0.7500796,0.94745594
2022-01-17,2,Diatoms,0.88829833,0.9150056
2022-01-18,2,Diatoms,0.82818246,0.92672795
2022-01-19,2,Diatoms,0.77960896,1.0179873
2022-01-20,2,Diatoms,0.81703836,1.1158311
2022-01-21,2,Diatoms,0.77738595,1.2000194
2022-01-22,2,Diatoms,1.0765026,1.3203689
2022-01-23,2,Diatoms,1.4015352,1.4659737
2022-01-24,2,Diatoms,2.5588784,1.7794822
2022-01-25,2,Diatoms,3.0085673,2.4100463
2022-01-26,2,Diatoms,2.7863743,2.7186687
2022-01-27,2,Diatoms,1.4635597,2.609289
2022-01-28,2,Diatoms,2.8025064,2.3380318
2022-01-29,2,Diatoms,1.1110301,1.6164649
2022-01-30,2,Diatoms,1.3425798,2.0421298
2022-01-31,2,Diatoms,1.4695957,1.3254608
2022-02-01,2,Diatoms,1.4192059,1.4119049
2022-02-02,2,Diatoms,0.7558678,1.4176029
2022-02-03,2,Diatoms,1.2968768,1.4111549
2022-02-04,2,Diatoms,2.18072,1.265822
2022-02-05,2,Diatoms,1.774446,1.407396
2022-02-06,2,Diatoms,1.6449122,1.7806867
2022-02-07,2,Diatoms,1.4180886,1.6220251
2022-02-08,2,Diatoms,2.0166342,1.5176581
2022-02-09,2,Diatoms,1.566981,1.5398842
2022-02-10,2,Diatoms,1.6986585,1.7847313
2022-02-11,2,Diatoms,1.348436,1.63752
2022-02-12,2,Diatoms,1.4852914,1.5375968
2022-02-13,2,Diatoms,1.1732615,1.2631911
2022-02-14,2,Diatoms,0.8223747,1.4624183
2022-02-15,2,Diatoms,0.9416731,1.3732276
2022-02-16,2,Diatoms,0.8257638,1.0633955
2022-02-17,2,Diatoms,2.2344718,1.1097115
2022-02-18,2,Diatoms,2.3571997,1.1355546
2022-02-19,2,Diatoms,2.4799278,1.8148298
2022-02-20,2,Diatoms,1.8584225,1.9327675
2022-02-21,2,Diatoms,1.3062419,2.0013278
2022-02-22,2,Diatoms,1.1708182,1.3169528
2022-02-23,2,Diatoms,1.2594694,1.04988
2022-02-24,2,Diatoms,1.2043629,0.9325461
2022-02-25,2,Diatoms,1.1634104,0.91876733
2022-02-26,2,Diatoms,1.1224579,0.9327589
2022-02-27,2,Diatoms,1.0815053,0.95710266
2022-02-28,2,Diatoms,1.0194421,1.0370792
2022-03-01,2,Diatoms,1.0779487,1.0457792
2022-03-02,2,Diatoms,1.3165268,0.99963146
2022-03-03,2,Diatoms,2.2054887,1.0568566
2022-03-04,2,Diatoms,2.7340302,1.553928
2022-03-05,2,Diatoms,4.0151806,2.546105
2022-03-06,2,Diatoms,3.2142246,2.8813584
2022-03-07,2,Diatoms,2.413268,2.835177
2022-03-08,2,Diatoms,1.1411803,2.1027303
2022-03-09,2,Diatoms,0.93422884,1.091327
2022-03-10,2,Diatoms,0.7968505,0.597903
2022-03-11,2,Diatoms,1.9635824,0.58752894
2022-03-12,2,Diatoms,3.8723621,1.1761413
2022-03-13,2,Diatoms,3.7886758,3.3245127
2022-03-14,2,Diatoms,3.7049897,3.7302628
2022-03-15,2,Diatoms,3.6213036,3.216986
2022-03-16,2,Diatoms,3.5376167,2.9942281
2022-03-17,2,Diatoms,3.4539306,3.0568073
2022-03-18,2,Diatoms,3.3702443,2.9853356
2022-03-19,2,Diatoms,3.286558,2.7569733
2022-03-20,2,Diatoms,3.8933792,2.6187487
2022-03-21,2,Diatoms,3.6404781,2.4596083
2022-03-22,2,Diatoms,2.820116,2.65388
2022-03-23,2,Diatoms,1.9487193,1.821272
2022-03-24,2,Diatoms,1.2148008,1.2549158
2022-03-25,2,Diatoms,0.802643,1.0699191
2022-03-26,2,Diatoms,0.9294931,0.9275852
2022-03-27,2,Diatoms,1.1773057,0.8949578
2022-03-28,2,Diatoms,1.2790086,0.9400883
2022-03-29,2,Diatoms,0.85883504,1.1422656
2022-03-30,2,Diatoms,0.7176298,1.3917141
2022-03-31,2,Diatoms,0.7616727,0.99497354
2022-04-01,2,Diatoms,0.97343975,0.87261045
2022-04-02,2,Diatoms,0.60815275,0.8795967
2022-04-03,2,Diatoms,0.5334395,0.8854955
2022-04-04,2,Diatoms,0.59590155,0.66687447
2022-04-05,2,Diatoms,0.6571332,0.6513824
2022-04-06,2,Diatoms,0.7156345,0.679005
2022-04-07,2,Diatoms,0.74620116,0.723638
2022-04-08,2,Diatoms,0.95508325,0.67149967
2022-04-09,2,Diatoms,1.3922431,0.6885628
2022-04-10,2,Diatoms,1.1859667,0.86850476
2022-04-11,2,Diatoms,1.46389,1.2309192
2022-04-12,2,Diatoms,1.5720646,1.0228394
2022-04-13,2,Diatoms,2.5351775,1.6084373
2022-04-14,2,Diatoms,3.772026,2.447187
2022-04-15,2,Diatoms,2.910514,3.075438
2022-04-16,2,Diatoms,2.0152194,3.1859565
2022-04-17,2,Diatoms,1.1619052,1.6752374
2022-04-18,2,Diatoms,0.07279764,0.8972825
2022-04-19,2,Diatoms,0.86195654,0.5783613
2022-04-20,2,Diatoms,0.60821867,0.42607746
2022-04-21,2,Diatoms,0.63115996,0.46915466
2022-04-22,2,Diatoms,0.9451232,0.7909414
2022-04-23,2,Diatoms,3.9995506,1.3478193
2022-04-24,2,Diatoms,1.921622,2.605349
2022-04-25,2,Diatoms,2.3708055,3.7728195
2022-04-26,2,Diatoms,2.9904463,2.599063
2022-04-27,2,Diatoms,3.6100872,2.449842
2022-04-28,2,Diatoms,2.1844156,2.5700035
2022-04-29,2,Diatoms,1.9158579,2.5200624
2022-04-30,2,Diatoms,1.5144131,1.5503911
2022-05-01,2,Diatoms,1.066942,1.1874171
2022-05-02,2,Diatoms,0.9111449,0.72884786
2022-05-03,2,Diatoms,0.7083406,0.6013179
2022-05-04,2,Diatoms,0.7547319,0.59435385
2022-05-05,2,Diatoms,1.0172391,0.7249125
2022-05-06,2,Diatoms,2.4381146,1.3894638
2022-05-07,2,Diatoms,3.9056737,2.43593
2022-05-08,2,Diatoms,3.2241905,3.4189465
2022-05-09,2,Diatoms,2.5427072,2.941651
2022-05-10,2,Diatoms,1.8612238,2.1385715
2022-05-11,2,Diatoms,1.4573841,1.3896798
2022-05-12,2,Diatoms,1.2311223,1.1275129
2022-05-13,2,Diatoms,1.3280072,1.0816835
2022-05-14,2,Diatoms,1.0765942,1.0634198
2022-05-15,2,Diatoms,0.78812456,1.0082287
2022-05-16,2,Diatoms,0.68083215,0.8841463
2022-05-17,2,Diatoms,0.70321506,0.78886986
2022-05-18,2,Diatoms,0.6518202,0.67206204
2022-05-19,2,Diatoms,0.7445803,0.7039051
2022-05-20,2,Diatoms,1.0043664,0.7656609
2022-05-21,2,Diatoms,0.6750544,0.81365526
2022-05-22,2,Diatoms,1.1354203,1.1527872
2022-05-23,2,Diatoms,1.1735673,1.2041905
2022-05-24,2,Diatoms,1.1492542,1.1375128
2022-05-25,2,Diatoms,1.212029,1.0284795
2022-05-26,2,Diatoms,0.94941264,1.0345149
2022-05-27,2,Diatoms,1.0213025,0.91730744
2022-05-28,2,Diatoms,0.78524256,0.7983289
2022-05-29,2,Diatoms,0.26985496,0.57028097
2022-05-30,2,Diatoms,0.67634517,0.5478449
2022-05-31,2,Diatoms,0.9414565,0.49931768
2022-06-01,2,Diatoms,0.94965315,0.7406841
2022-06-02,2,Diatoms,0.61305296,0.95620465
2022-06-03,2,Diatoms,1.0904568,0.94364345
2022-06-04,2,Diatoms,1.3537029,0.75290453
2022-06-05,2,Diatoms,1.0299783,0.68913907
2022-06-06,2,Diatoms,0.5943043,0.6498133
2022-06-07,2,Diatoms,0.4943406,0.5547599
2022-06-08,2,Diatoms,0.04067393,0.4860378
2022-06-09,2,Diatoms,0.07032608,0.4454375
2022-06-10,2,Diatoms,0.16366135,0.3866961
2022-06-11,2,Diatoms,0.18317887,0.36356193
2022-06-12,2,Diatoms,0.6201881,0.3411171
2022-06-13,2,Diatoms,0.32491675,0.32002047
2022-06-14,2,Diatoms,0.0875361,0.34108847
2022-06-15,2,Diatoms,0.00999999,0.33199927
2022-06-16,2,Diatoms,0.070499286,0.3160804
2022-06-17,2,Diatoms,0.31225038,0.3244304
2022-06-18,2,Diatoms,0.2925797,0.33187363
2022-06-19,2,Diatoms,0.31209573,0.3086401
2022-06-20,2,Diatoms,0.18069513,0.3029489
2022-06-21,2,Diatoms,0.2057929,0.31470338
2022-06-22,2,Diatoms,0.41216508,0.31067303
2022-06-23,2,Diatoms,0.12479742,0.3324341
2022-06-24,2,Diatoms,0.16134341,0.3743322
2022-06-25,2,Diatoms,0.5027806,0.3744943
2022-06-26,2,Diatoms,0.67503256,0.4255434
2022-06-27,2,Diatoms,0.65611875,0.57111627
2022-06-28,2,Diatoms,0.6393343,0.6054126
2022-06-29,2,Diatoms,0.77931786,0.6273452
2022-06-30,2,Diatoms,0.70635045,0.6734658
2022-07-01,2,Diatoms,0.6432875,0.66597396
2022-07-02,2,Diatoms,0.84127444,0.6513737
2022-07-03,2,Diatoms,0.65773517,0.60900265
2022-07-04,2,Diatoms,0.673903,0.621512
2022-07-05,2,Diatoms,0.49931207,0.5665547
2022-07-06,2,Diatoms,0.48018092,0.5265605
2022-07-07,2,Diatoms,0.36509007,0.4424674
2022-07-08,2,Diatoms,0.4210155,0.45227966
2022-07-09,2,Diatoms,0.43833014,0.48966756
2022-07-10,2,Diatoms,0.68257874,0.5837045
2022-07-11,2,Diatoms,0.8123347,0.600656
2022-07-12,2,Diatoms,0.9596522,0.77182853
2022-07-13,2,Diatoms,1.1758261,0.9305099
2022-07-14,2,Diatoms,1.001128,1.0233065
2022-07-15,2,Diatoms,0.636442,1.1615051
2022-07-16,2,Diatoms,2.5314977,1.2854718
2022-07-17,2,Diatoms,2.491003,1.058138
2022-07-18,2,Diatoms,2.4505084,1.5642797
2022-07-19,2,Diatoms,1.1627918,1.4287434
2022-07-20,2,Diatoms,1.0163498,1.3992052
2022-07-21,2,Diatoms,0.6194271,0.9002261
2022-07-22,2,Diatoms,0.48063365,0.831919
2022-07-23,2,Diatoms,0.6871731,0.6999182
2022-07-24,2,Diatoms,1.1602412,0.58994913
2022-07-25,2,Diatoms,0.6668863,0.63806814
2022-07-26,2,Diatoms,0.3436324,0.83982354
2022-07-27,2,Diatoms,0.35722464,0.55677724
2022-07-28,2,Diatoms,0.43895075,0.4747579
2022-07-29,2,Diatoms,0.43487385,0.5158673
2022-07-30,2,Diatoms,0.44030568,0.45768133
2022-07-31,2,Diatoms,0.4457375,0.52720815
2022-08-01,2,Diatoms,0.45116934,0.49611676
2022-08-02,2,Diatoms,0.45660123,0.5321918
2022-08-03,2,Diatoms,0.46203306,0.5555269
2022-08-04,2,Diatoms,0.4674649,0.5576742
2022-08-05,2,Diatoms,0.47289675,0.55308235
2022-08-06,2,Diatoms,0.47832856,0.57025635
2022-08-07,2,Diatoms,0.48376042,0.54746217
2022-08-08,2,Diatoms,0.48919225,0.58684593
2022-08-09,2,Diatoms,0.4946241,0.58724684
2022-08-10,2,Diatoms,0.50005597,0.6065054
2022-08-11,2,Diatoms,0.5054878,0.60928375
2022-08-12,2,Diatoms,0.51091963,0.6248868
2022-08-13,2,Diatoms,0.51635146,0.65846884
2022-08-14,2,Diatoms,0.5217833,0.61654025
2022-08-15,2,Diatoms,0.5272152,0.6400136
2022-08-16,2,Diatoms,0.532647,0.6550485
2022-08-17,2,Diatoms,0.53807884,0.658457
2022-08-18,2,Diatoms,0.5435107,0.6569896
2022-08-19,2,Diatoms,0.5489425,0.64982307
2022-08-20,2,Diatoms,0.5543744,0.629321
2022-08-21,2,Diatoms,0.5598062,0.6572914
2022-08-22,2,Diatoms,0.56523806,0.6585434
2022-08-23,2,Diatoms,0.5706699,0.65703106
2022-08-24,2,Diatoms,0.5761018,0.6832784
2022-08-25,2,Diatoms,0.58153355,0.68196785
2022-08-26,2,Diatoms,0.58696544,0.7147567
2022-08-27,2,Diatoms,0.5923973,0.7243261
2022-08-28,2,Diatoms,0.5978291,0.7236635
2022-08-29,2,Diatoms,0.60326093,0.73094
2022-08-30,2,Diatoms,0.6086928,0.7551198
2022-08-31,2,Diatoms,0.61412466,0.75081265
2022-09-01,2,Diatoms,0.6195565,0.74647564
2022-09-02,2,Diatoms,0.6249883,0.7590666
2022-09-03,2,Diatoms,0.63042015,0.764905
2022-09-04,2,Diatoms,0.63585204,0.754745
2022-09-05,2,Diatoms,0.64128387,0.7972335
2022-09-06,2,Diatoms,0.6467157,0.8248664
2022-09-07,2,Diatoms,0.65214753,0.8373976
2022-09-08,2,Diatoms,0.65757936,0.86583984
2022-09-09,2,Diatoms,0.66301125,0.86311895
2022-09-10,2,Diatoms,0.6463696,0.86842847
2022-09-11,2,Diatoms,0.7992899,0.8342094
2022-09-12,2,Diatoms,0.9156512,0.8636697
2022-09-13,2,Diatoms,0.9179058,0.9653428
2022-09-14,2,Diatoms,1.2582536,0.9488376
2022-09-15,2,Diatoms,1.2465967,0.9605959
2022-09-16,2,Diatoms,0.8933671,1.139705
2022-09-17,2,Diatoms,0.69211286,1.1448673
2022-09-18,2,Diatoms,1.4530001,0.9611541
2022-09-19,2,Diatoms,1.5097682,0.8747167
2022-09-20,2,Diatoms,0.7957029,1.3145036
2022-09-21,2,Diatoms,0.50666904,1.0471885
2022-09-22,2,Diatoms,0.5787265,0.74322295
2022-09-23,2,Diatoms,0.64563674,0.6890442
2022-09-24,2,Diatoms,1.1064084,0.6498369
2022-09-25,2,Diatoms,0.5949674,0.6125694
2022-09-26,2,Diatoms,0.49298552,0.769997
2022-09-27,2,Diatoms,0.72891384,0.5526309
2022-09-28,2,Diatoms,0.44895002,0.54744494
2022-09-29,2,Diatoms,0.8703324,0.5935307
2022-09-30,2,Diatoms,1.7480268,0.6405028
2022-10-01,2,Diatoms,0.6184287,0.7568794
2022-10-02,2,Diatoms,0.47368115,0.9571135
2022-10-03,2,Diatoms,0.8446382,0.52625227
2022-10-04,2,Diatoms,0.74377716,0.5920262
2022-10-05,2,Diatoms,0.5391014,0.7021874
2022-10-06,2,Diatoms,0.45168117,0.6719965
2022-10-07,2,Diatoms,0.39461592,0.6236359
2022-10-08,2,Diatoms,0.33,0.5871296
2022-10-09,2,Diatoms,0.4629638,0.6145151
2022-10-10,2,Diatoms,0.6053952,0.6082472
2022-10-11,2,Diatoms,0.75984794,0.7540475
2022-10-12,2,Diatoms,0.66441303,0.74732536
2022-10-13,2,Diatoms,0.686058,0.76667815
2022-10-14,2,Diatoms,0.80112964,0.71894616
2022-10-15,2,Diatoms,0.98522115,0.7147081
2022-10-16,2,Diatoms,1.3000796,0.7773705
2022-10-17,2,Diatoms,0.6061405,0.8577581
2022-10-18,2,Diatoms,0.56499636,0.9733108
2022-10-19,2,Diatoms,0.4368863,0.72902143
2022-10-20,2,Diatoms,0.2988061,0.7013999
2022-10-21,2,Diatoms,0.21184783,0.6196497
2022-10-22,2,Diatoms,0.35266715,0.54946053
2022-10-23,2,Diatoms,0.5553931,0.48489308
2022-10-24,2,Diatoms,0.49552098,0.6078572
2022-10-25,2,Diatoms,0.5343777,0.5476862
2022-10-26,2,Diatoms,0.35753626,0.47900584
2022-10-27,2,Diatoms,0.34656295,0.4520304
2022-10-28,2,Diatoms,0.30460203,0.39421576
2022-10-29,2,Diatoms,0.42416367,0.3939217
2022-10-30,2,Diatoms,0.5319609,0.3743155
2022-10-31,2,Diatoms,0.47380608,0.3859773
2022-11-01,2,Diatoms,0.3335658,0.42383954
2022-11-02,2,Diatoms,0.19973171,0.3760095
2022-11-03,2,Diatoms,0.10726287,0.34118432
2022-11-04,2,Diatoms,0.12773186,0.25473455
2022-11-05,2,Diatoms,0.14397249,0.22922619
2022-11-06,2,Diatoms,0.3727062,0.19856201
2022-11-07,2,Diatoms,0.24949883,0.20282818
2022-11-08,2,Diatoms,0.17052859,0.3399949
2022-11-09,2,Diatoms,0.4395582,0.31374598
2022-11-10,2,Diatoms,0.5821635,0.6014587
2022-11-11,2,Diatoms,1.1037074,0.6078238
2022-11-12,2,Diatoms,1.3362005,0.7159616
2022-11-13,2,Diatoms,1.5686936,1.1315855
2022-11-14,2,Diatoms,1.8011867,1.3488199
2022-11-15,2,Diatoms,1.0413604,1.3240702
2022-11-16,2,Diatoms,0.6664446,1.2490078
2022-11-17,2,Diatoms,0.56459814,0.73216635
2022-11-18,2,Diatoms,0.5269682,0.6209798
2022-11-19,2,Diatoms,0.56615216,0.5758642
2022-11-20,2,Diatoms,0.50482637,0.49908897
2022-11-21,2,Diatoms,0.48349023,0.53116596
2022-11-22,2,Diatoms,0.5621144,0.50375015
2022-11-23,2,Diatoms,0.6525436,0.486755
2022-11-24,2,Diatoms,0.64795226,0.50827336
2022-11-25,2,Diatoms,0.4058798,0.55881506
2022-11-26,2,Diatoms,0.57193923,0.5455401
2022-11-27,2,Diatoms,0.5968768,0.44820225
2022-11-28,2,Diatoms,0.6506368,0.43406096
2022-11-29,2,Diatoms,0.3529761,0.37943172
2022-11-30,2,Diatoms,0.2664327,0.35691798
2022-12-01,2,Diatoms,0.48696816,0.28209114
2022-12-02,2,Diatoms,0.37245104,0.22413689
2022-12-03,2,Diatoms,0.22664014,0.21279915
2022-12-04,2,Diatoms,0.24682838,0.21634023
2022-12-05,2,Diatoms,0.49799857,0.23036781
2022-12-06,2,Diatoms,0.2150834,0.25424737
2022-12-07,2,Diatoms,0.3077118,0.27845365
2022-12-08,2,Diatoms,0.46886232,0.24169742
2022-12-09,2,Diatoms,0.34040272,0.24468748
2022-12-10,2,Diatoms,0.23150615,0.24753398
2022-12-11,2,Diatoms,0.2485228,0.23854566
2022-12-12,2,Diatoms,0.100224294,0.20378827
2022-12-13,2,Diatoms,0.097241126,0.16991487
2022-12-14,2,Diatoms,0.18076141,0.14361727
2022-12-15,2,Diatoms,0.1364058,0.12300248
2022-12-16,2,Diatoms,0.1688921,0.11532985
2022-12-17,2,Diatoms,0.07955106,0.10644121
2022-12-18,2,Diatoms,0.044279505,0.09500912
2022-12-19,2,Diatoms,0.059782602,0.08994469
2022-12-20,2,Diatoms,0.025749467,0.07662816
2022-12-21,2,Diatoms,0.041604955,0.08497546
2022-12-22,2,Diatoms,0.036862336,0.0883705
2022-12-23,2,Diatoms,0.03179711,0.10508757
2022-12-24,2,Diatoms,0.05029688,0.08768194
2022-12-25,2,Diatoms,0.027907314,0.087280564
2022-12-26,2,Diatoms,0.03900145,0.09155123
2022-12-27,2,Diatoms,0.016070925,0.09890459
2022-12-28,2,Diatoms,0.035910055,0.10889607
2022-12-29,2,Diatoms,0.040795974,0.08075993
2022-12-30,2,Diatoms,0.08236955,0.10672487
2022-12-31,2,Diatoms,0.041826066,0.12447384
2023-01-01,2,Diatoms,0.023299549,0.14864951
2023-01-02,2,Diatoms,0.03492386,0.15742117
2023-01-03,2,Diatoms,0.011443076,0.23121181
2023-01-04,2,Diatoms,1.25147,0.24231355
2023-01-05,2,Diatoms,2.2523189,0.29836643
2023-01-06,2,Diatoms,1.7352643,1.2060523
2023-01-07,2,Diatoms,2.1625798,2.1754072
2023-01-08,2,Diatoms,2.1771433,1.9228628
2023-01-09,2,Diatoms,2.191707,2.1776683
2023-01-10,2,Diatoms,2.2062707,2.0037088
2023-01-11,2,Diatoms,2.2208343,2.0786963
2023-01-12,2,Diatoms,2.2353978,1.956726
2023-01-13,2,Diatoms,2.3978655,1.7258298
2023-01-14,2,Diatoms,1.806136,1.6077049
2023-01-15,2,Diatoms,1.301289,1.8908864
2023-01-16,2,Diatoms,1.0665315,1.2201906
2023-01-17,2,Diatoms,1.3206512,1.0541078
2023-01-18,2,Diatoms,0.77586955,1.0247458
2023-01-19,2,Diatoms,0.52627534,1.1691436
2023-01-20,2,Diatoms,0.7003838,0.8439585
2023-01-21,2,Diatoms,0.82269174,0.72345775
2023-01-22,2,Diatoms,1.4449638,0.7417208
2023-01-23,2,Diatoms,1.8569906,0.7378061
2023-01-24,2,Diatoms,0.7206517,1.1440507
2023-01-25,2,Diatoms,0.3520275,1.0567973
2023-01-26,2,Diatoms,0.39130428,0.58724016
2023-01-27,2,Diatoms,0.3816727,0.5255308
2023-01-28,2,Diatoms,0.17257783,0.5125729
2023-01-29,2,Diatoms,0.62386763,0.48702976
2023-01-30,2,Diatoms,0.45021045,0.38456827
2023-01-31,2,Diatoms,0.3675629,0.50353384
2023-02-01,2,Diatoms,0.26353857,0.41021588
2023-02-02,2,Diatoms,0.23525697,0.5043647
2023-02-03,2,Diatoms,0.72841716,0.57568514
2023-02-04,2,Diatoms,0.77529854,0.79243755
2023-02-05,2,Diatoms,1.6153374,1.062773
2023-02-06,2,Diatoms,2.327632,1.3287705
2023-02-07,2,Diatoms,2.7446294,1.9827375
2023-02-08,2,Diatoms,2.4849129,2.0854442
2023-02-09,2,Diatoms,1.6499403,2.1465752
2023-02-10,2,Diatoms,1.1325558,1.6985018
2023-02-11,2,Diatoms,1.4423522,1.2092626
2023-02-12,2,Diatoms,1.211661,1.0185795
2023-02-13,2,Diatoms,0.8997852,1.0922742
2023-02-14,2,Diatoms,1.3638128,1.0594755
2023-02-15,2,Diatoms,1.0748056,1.0410762
2023-02-16,2,Diatoms,1.0081502,1.1367732
2023-02-17,2,Diatoms,1.0325986,1.0520058
2023-02-18,2,Diatoms,1.1148239,1.0339752
2023-02-19,2,Diatoms,1.0561261,1.0177143
2023-02-20,2,Diatoms,0.93481565,1.0155805
2023-02-21,2,Diatoms,0.6247198,0.97381914
2023-02-22,2,Diatoms,0.54212743,0.91472757
2023-02-23,2,Diatoms,0.6839636,0.76832694
2023-02-24,2,Diatoms,0.4634569,0.70137787
2023-02-25,2,Diatoms,0.56888413,0.70595163
2023-02-26,2,Diatoms,0.58474815,0.6257145
2023-02-27,2,Diatoms,0.5983531,0.6236457
2023-02-28,2,Diatoms,0.780646,0.6217766
2023-03-01,2,Diatoms,0.6908178,0.6077055
2023-03-02,2,Diatoms,0.48339912,0.68793213
2023-03-03,2,Diatoms,0.6615258,0.64177597
2023-03-04,2,Diatoms,0.6948343,0.5858916
2023-03-05,2,Diatoms,0.67758507,0.60351604
2023-03-06,2,Diatoms,0.63678294,0.58026326
2023-03-07,2,Diatoms,0.52899224,0.55022955
2023-03-08,2,Diatoms,0.2782095,0.50740373
2023-03-09,2,Diatoms,0.2379022,0.4602039
2023-03-10,2,Diatoms,0.24600475,0.37598857
2023-03-11,2,Diatoms,0.22746606,0.33397695
2023-03-12,2,Diatoms,0.148354,0.30599788
2023-03-13,2,Diatoms,0.20024918,0.27961504
2023-03-14,2,Diatoms,0.21559194,0.23086438
2023-03-15,2,Diatoms,0.12942213,0.21319139
2023-03-16,2,Diatoms,0.0686136,0.182263
2023-03-17,2,Diatoms,0.046203956,0.14405991
2023-03-18,2,Diatoms,0.06911584,0.13268809
2023-03-19,2,Diatoms,0.06594145,0.10335112
2023-03-20,2,Diatoms,0.08989181,0.0996786
2023-03-21,2,Diatoms,0.085748605,0.08441427
2023-03-22,2,Diatoms,0.28884763,0.10566373
2023-03-23,2,Diatoms,0.2221187,0.09451253
2023-03-24,2,Diatoms,0.21892524,0.1281687
2023-03-25,2,Diatoms,0.21573174,0.13963522
2023-03-26,2,Diatoms,0.21253829,0.13266903
2023-03-27,2,Diatoms,0.2093448,0.13997783
2023-03-28,2,Diatoms,0.20615135,0.18269487
2023-03-29,2,Diatoms,0.20295787,0.19149092
2023-03-30,2,Diatoms,0.19976442,0.1736854
2023-03-31,2,Diatoms,0.19657092,0.1515502
2023-04-01,2,Diatoms,0.19337748,0.11746098
2023-04-02,2,Diatoms,0.19018398,0.10735572
2023-04-03,2,Diatoms,0.18699051,0.11906853
2023-04-04,2,Diatoms,0.18379708,0.13048746
2023-04-05,2,Diatoms,0.18060356,0.14800489
2023-04-06,2,Diatoms,0.17741013,0.15556407
2023-04-07,2,Diatoms,0.17421666,0.17457461
2023-04-08,2,Diatoms,0.17102316,0.17491925
2023-04-09,2,Diatoms,0.16782972,0.16867338
2023-04-10,2,Diatoms,0.16463624,0.18008803
2023-04-11,2,Diatoms,0.16144276,0.17566071
2023-04-12,2,Diatoms,0.1582493,0.16934037
2023-04-13,2,Diatoms,0.15505582,0.14833927
2023-04-14,2,Diatoms,0.15186235,0.13417208
2023-04-15,2,Diatoms,0.1486689,0.110598765
2023-04-16,2,Diatoms,0.14547545,0.13321653
2023-04-17,2,Diatoms,0.14228193,0.13797562
2023-04-18,2,Diatoms,0.13908851,0.12459541
2023-04-19,2,Diatoms,0.135895,0.1390859
2023-04-20,2,Diatoms,0.13270152,0.097615145
2023-04-21,2,Diatoms,0.12950805,0.08405765
2023-04-22,2,Diatoms,0.1263146,0.0754505
2023-04-23,2,Diatoms,0.12312116,0.07162826
2023-04-24,2,Diatoms,0.11992765,0.066215985
2023-04-25,2,Diatoms,0.11673419,0.06616307
2023-04-26,2,Diatoms,0.11354073,0.065715715
2023-04-27,2,Diatoms,0.19252734,0.07489626
2023-04-28,2,Diatoms,0.20898043,0.07843952
2023-04-29,2,Diatoms,0.31545156,0.084072374
2023-04-30,2,Diatoms,0.7253979,0.1185177
2023-05-01,2,Diatoms,0.17739198,0.16402717
2023-05-02,2,Diatoms,0.06145501,0.21983205
2023-05-03,2,Diatoms,0.0011290128,0.16306426
2023-05-04,2,Diatoms,0.013037348,0.15646714
2023-05-05,2,Diatoms,0.001333334,0.119725436
2023-05-06,2,Diatoms,0.0025992414,0.10482651
2023-05-07,2,Diatoms,0.0024023082,0.08503196
2023-05-08,2,Diatoms,0.0022054135,0.06525018
2023-05-09,2,Diatoms,0.0020085066,0.053850472
2023-05-10,2,Diatoms,0.0018115873,0.034253437
2023-05-11,2,Diatoms,0.0016146557,0.021947272
2023-05-12,2,Diatoms,0.0014177121,0.018440558
2023-05-13,2,Diatoms,0.0012208071,0.018351587
2023-05-14,2,Diatoms,0.00102389,0.034424644
2023-05-15,2,Diatoms,0.0008269606,0.071556106
2023-05-16,2,Diatoms,0.00063007005,0.09710577
2023-05-17,2,Diatoms,0.00043311645,0.1010979
2023-05-18,2,Diatoms,0.00023620162,0.114507474
2023-05-19,2,Diatoms,3.9274695e-05,0.100513145
2023-05-20,2,Diatoms,0.014928947,0.10296876
2023-05-21,2,Diatoms,0.00067082915,0.093060866
2023-05-22,2,Diatoms,0.0005596996,0.10582578
2023-05-23,2,Diatoms,0.00044858234,0.12819952
2023-05-24,2,Diatoms,0.00033747742,0.096324764
2023-05-25,2,Diatoms,0.00022638487,0.08215899
2023-05-26,2,Diatoms,0.00011525379,0.07349949
2023-05-27,2,Diatoms,0.058466077,0.08514905
2023-05-28,2,Diatoms,0.19238804,0.11015348
2023-05-29,2,Diatoms,0.20135932,0.1441174
2023-05-30,2,Diatoms,0.16988994,0.24079564
2023-05-31,2,Diatoms,0.45917562,0.3018572
2023-06-01,2,Diatoms,0.64845806,0.3061015
2023-06-02,2,Diatoms,0.4172468,0.37066582
2023-06-03,2,Diatoms,0.54917574,0.38489255
2023-06-04,2,Diatoms,0.28157726,0.33408374
2023-06-05,2,Diatoms,0.16293786,0.3374247
2023-06-06,2,Diatoms,0.26643953,0.29223424
2023-06-07,2,Diatoms,0.45171347,0.24277845
2023-06-08,2,Diatoms,0.33858457,0.23393954
2023-06-09,2,Diatoms,0.10163539,0.27570283
2023-06-10,2,Diatoms,0.0039979536,0.25676027
2023-06-11,2,Diatoms,0.0020153343,0.21948081
2023-06-12,2,Diatoms,3.2714524e-05,0.17532387
2023-06-13,2,Diatoms,0.00047412192,0.13352233
2023-06-14,2,Diatoms,0.02020927,0.08919819
2023-06-15,2,Diatoms,0.046250667,0.055423457
2023-06-16,2,Diatoms,1.0186506e-05,0.058611523
2023-06-17,2,Diatoms,0.04055767,0.06574628
2023-06-18,2,Diatoms,0.18069921,0.083374955
2023-06-19,2,Diatoms,0.08742085,0.12271846
2023-06-20,2,Diatoms,0.1564024,0.20397769
2023-06-21,2,Diatoms,0.27892652,0.26767448
2023-06-22,2,Diatoms,0.46939066,0.32332882
2023-06-23,2,Diatoms,0.71619415,0.37137306
2023-06-24,2,Diatoms,0.55189675,0.4193049
2023-06-25,2,Diatoms,0.38463646,0.47235498
2023-06-26,2,Diatoms,0.504574,0.41953808
2023-06-27,2,Diatoms,0.6774582,0.3861676
2023-06-28,2,Diatoms,0.32230452,0.43158787
2023-06-29,2,Diatoms,0.30768082,0.44612867
2023-06-30,2,Diatoms,0.2930571,0.4104215
2023-07-01,2,Diatoms,0.2784334,0.4009884
2023-07-02,2,Diatoms,0.26380974,0.34777027
2023-07-03,2,Diatoms,0.24918607,0.3090179
2023-07-04,2,Diatoms,0.23456237,0.2782373
2023-07-05,2,Diatoms,0.21993868,0.2568112
2023-07-06,2,Diatoms,0.20531496,0.26094267
2023-07-07,2,Diatoms,0.19069128,0.25514275
2023-07-08,2,Diatoms,0.17606762,0.21425113
2023-07-09,2,Diatoms,0.16144393,0.20355555
2023-07-10,2,Diatoms,0.14682025,0.19457948
2023-07-11,2,Diatoms,0.13219653,0.17977853
2023-07-12,2,Diatoms,0.117572874,0.16353028
2023-07-13,2,Diatoms,0.10294919,0.14062972
2023-07-14,2,Diatoms,0.088325456,0.120495535
2023-07-15,2,Diatoms,0.07370176,0.10535729
2023-07-16,2,Diatoms,0.059078086,0.08363623
2023-07-17,2,Diatoms,0.04445439,0.05811331
2023-07-18,2,Diatoms,0.029830711,0.043432627
2023-07-19,2,Diatoms,0.015207016,0.029577224
2023-07-20,2,Diatoms,0.0005833085,0.017613808
2023-07-21,2,Diatoms,0.0006266608,0.007295827
2023-07-22,2,Diatoms,0.000670015,0.00566625
2023-07-23,2,Diatoms,0.00071332016,0.014881621
2023-07-24,2,Diatoms,0.0007566781,0.051558327
2023-07-25,2,Diatoms,0.000799987,0.05730597
2023-07-26,2,Diatoms,0.0008432978,0.066135965
2023-07-27,2,Diatoms,0.00088666135,0.07427364
2023-07-28,2,Diatoms,0.00092997594,0.057747267
2023-07-29,2,Diatoms,0.00097329234,0.040822543
2023-07-30,2,Diatoms,0.0010166107,0.03131671
2023-07-31,2,Diatoms,0.0010599818,0.028931873
2023-08-01,2,Diatoms,0.0011033037,0.024777323
2023-08-02,2,Diatoms,0.0011466277,0.0178202
2023-08-03,2,Diatoms,0.0011899535,0.013949939
2023-08-04,2,Diatoms,0.0012332812,0.009998449
2023-08-05,2,Diatoms,0.0012766108,0.011938971
2023-08-06,2,Diatoms,0.0013199422,0.01404657
2023-08-07,2,Diatoms,0.0013632755,0.021291124
2023-08-08,2,Diatoms,0.0014066106,0.027402235
2023-08-09,2,Diatoms,0.0014499477,0.030301722
2023-08-10,2,Diatoms,0.0014932866,0.035622787
2023-08-11,2,Diatoms,0.0015365764,0.030402794
2023-08-12,2,Diatoms,0.0015799191,0.028244467
2023-08-13,2,Diatoms,0.0016232637,0.02221593
2023-08-14,2,Diatoms,0.0016666101,0.018068308
2023-08-15,2,Diatoms,0.0017099074,0.016746158
2023-08-16,2,Diatoms,0.0017532577,0.01980759
2023-08-17,2,Diatoms,0.0009180655,0.019651815
2023-08-18,2,Diatoms,0.00088487996,0.023862952
2023-08-19,2,Diatoms,0.00085169554,0.01912452
2023-08-20,2,Diatoms,0.0008184613,0.015078425
2023-08-21,2,Diatoms,0.0007852791,0.01443788
2023-08-22,2,Diatoms,0.0007520979,0.011580775
2023-08-23,2,Diatoms,0.00071891793,0.01127958
2023-08-24,2,Diatoms,0.0006856881,0.012757762
2023-08-25,2,Diatoms,0.00065251027,0.012772647
2023-08-26,2,Diatoms,0.0006193335,0.013987683
2023-08-27,2,Diatoms,0.000586107,0.018354798
2023-08-28,2,Diatoms,0.00055293244,0.019140948
2023-08-29,2,Diatoms,0.00051970815,0.024160396
2023-08-30,2,Diatoms,0.00048653584,0.028470222
2023-08-31,2,Diatoms,0.0004533646,0.0416218
2023-09-01,2,Diatoms,0.0004201436,0.042740412
2023-09-02,2,Diatoms,0.00038697457,0.056284793
2023-09-03,2,Diatoms,0.00035375578,0.052424427
2023-09-04,2,Diatoms,0.00032053806,0.05653986
2023-09-05,2,Diatoms,0.00028737236,0.044942662
2023-09-06,2,Diatoms,0.00025415685,0.04126035
2023-09-07,2,Diatoms,0.00022099333,0.05703943
2023-09-08,2,Diatoms,0.00018778004,0.07256952
2023-09-09,2,Diatoms,0.00015456785,0.08288034
2023-09-10,2,Diatoms,0.00012140763,0.09484225
2023-09-11,2,Diatoms,8.819765e-05,0.10013859
2023-09-12,2,Diatoms,5.4988774e-05,0.11532157
2023-09-13,2,Diatoms,0.006004396,0.13324286
2023-09-14,2,Diatoms,0.058510374,0.15443896
2023-09-15,2,Diatoms,0.08269159,0.15623899
2023-09-16,2,Diatoms,0.08045972,0.15308903
2023-09-17,2,Diatoms,0.063173585,0.15251853
2023-09-18,2,Diatoms,0.051945228,0.12905462
2023-09-19,2,Diatoms,0.032293275,0.1071975
2023-09-20,2,Diatoms,0.027173372,0.08574772
2023-09-21,2,Diatoms,0.0074045286,0.07722986
2023-09-22,2,Diatoms,0.0032023643,0.079493254
2023-09-23,2,Diatoms,0.021175211,0.08268663
2023-09-24,2,Diatoms,0.014343121,0.07942717
2023-09-25,2,Diatoms,0.00751109,0.06958785
2023-09-26,2,Diatoms,0.0006790219,0.06000698
2023-09-27,2,Diatoms,0.00043560928,0.050088067
2023-09-28,2,Diatoms,0.00037298488,0.05021303
2023-09-29,2,Diatoms,0.0003104153,0.049359206
2023-09-30,2,Diatoms,0.00024779874,0.05273054
2023-10-01,2,Diatoms,0.00018518609,0.045696426
2023-10-02,2,Diatoms,0.0006172982,0.0523479
2023-10-03,2,Diatoms,9.26222e-05,0.06996691
2023-10-04,2,Diatoms,7.3500174e-05,0.071392424
2023-10-05,2,Diatoms,0.0038750195,0.088723004
2023-10-06,2,Diatoms,0.0032905224,0.102578565
2023-10-07,2,Diatoms,0.03362907,0.08906986
2023-10-08,2,Diatoms,0.004810269,0.07979802
2023-10-09,2,Diatoms,0.09438458,0.07563077
2023-10-10,2,Diatoms,0.07221674,0.07161392
2023-10-11,2,Diatoms,0.26860738,0.081247084
2023-10-12,2,Diatoms,0.20792258,0.13434201
2023-10-13,2,Diatoms,0.324627,0.2131632
2023-10-14,2,Diatoms,0.7646221,0.28626242
2023-10-15,2,Diatoms,1.1357886,0.40157107
2023-10-16,2,Diatoms,0.80728596,0.6246026
2023-10-17,2,Diatoms,0.6686876,0.7183901
2023-10-18,2,Diatoms,0.8290776,0.6191441
2023-10-19,2,Diatoms,0.831133,0.5955208
2023-10-20,2,Diatoms,0.9008971,0.6365675
2023-10-21,2,Diatoms,0.52625555,0.601385
2023-10-22,2,Diatoms,0.4897043,0.61049277
2023-10-23,2,Diatoms,0.39428222,0.534477
2023-10-24,2,Diatoms,0.4919137,0.5216406
2023-10-25,2,Diatoms,1.2589972,0.511231
2023-10-26,2,Diatoms,1.105689,0.54928917
2023-10-27,2,Diatoms,1.0713496,0.67355615
2023-10-28,2,Diatoms,0.5257695,0.59061205
2023-10-29,2,Diatoms,0.43992317,0.59551126
2023-10-30,2,Diatoms,0.5266566,0.46892175
2023-10-31,2,Diatoms,0.6161855,0.44160384
2023-11-01,2,Diatoms,0.81251514,0.44147936
2023-11-02,2,Diatoms,0.6718127,0.42630154
2023-11-03,2,Diatoms,0.5765434,0.45251036
2023-11-04,2,Diatoms,0.22319983,0.43547243
2023-11-05,2,Diatoms,0.42413625,0.4483995
2023-11-06,2,Diatoms,0.2567922,0.32444903
2023-11-07,2,Diatoms,0.2520239,0.3521951
2023-11-08,2,Diatoms,0.00043097974,0.35572022
2023-11-09,2,Diatoms,0.10984439,0.3288645
2023-11-10,2,Diatoms,0.5124347,0.2646026
2023-11-11,2,Diatoms,0.33647197,0.2846717
2023-11-12,2,Diatoms,0.66706467,0.33737683
2023-11-13,2,Diatoms,0.15867805,0.30955586
2023-11-14,2,Diatoms,0.10581617,0.3887398
2023-11-15,2,Diatoms,0.052954283,0.25771627
2023-11-16,2,Diatoms,9.241877e-05,0.23866954
2023-11-17,2,Diatoms,0.009337859,0.20064133
2023-11-18,2,Diatoms,0.19977601,0.15110032
2023-11-19,2,Diatoms,0.12343549,0.1311919
2023-11-20,2,Diatoms,0.3071771,0.19270273
2023-11-21,2,Diatoms,0.13698463,0.2027403
2023-11-22,2,Diatoms,0.2949094,0.30913544
2023-11-23,2,Diatoms,1.0000529,0.2652105
2023-11-24,2,Diatoms,0.5650807,0.30652457
2023-11-25,2,Diatoms,0.28637102,0.5474114
2023-11-26,2,Diatoms,0.13317768,0.43440333
2023-11-27,2,Diatoms,0.15024103,0.37152135
2023-11-28,2,Diatoms,0.118733004,0.3286166
2023-11-29,2,Diatoms,0.313295,0.3160329
2023-11-30,2,Diatoms,1.2121061,0.3053175
2023-12-01,2,Diatoms,0.71811897,0.32868832
2023-12-02,2,Diatoms,0.42667028,0.6668828
2023-12-03,2,Diatoms,0.36823797,0.42004427
2023-12-04,2,Diatoms,0.28726888,0.38707513
2023-12-05,2,Diatoms,0.40296897,0.36142007
2023-12-06,2,Diatoms,0.48180538,0.31093562
2023-12-07,2,Diatoms,0.4798209,0.35737872
2023-12-08,2,Diatoms,0.22574307,0.3787216
2023-12-09,2,Diatoms,0.6053398,0.35483193
2023-12-10,2,Diatoms,0.51656085,0.32749593
2023-12-11,2,Diatoms,1.0550815,0.4955567
2023-12-12,2,Diatoms,1.6915069,0.44606474
2023-12-13,2,Diatoms,1.3574413,0.70362693
2023-12-14,2,Diatoms,0.80911356,0.9332341
2023-12-15,2,Diatoms,0.470075,0.62568146
2023-12-16,2,Diatoms,0.33258235,0.4690645
2023-12-17,2,Diatoms,0.0006089024,0.4563046
2023-12-18,2,Diatoms,0.014664732,0.3493529
2023-12-19,2,Diatoms,0.17325234,0.26312235
2023-12-20,2,Diatoms,0.022111505,0.22017115
2023-12-21,2,Diatoms,0.01028164,0.22752737
2023-12-22,2,Diatoms,0.19714954,0.18194632
2023-12-23,2,Diatoms,0.18888706,0.17287666
2023-12-24,2,Diatoms,0.17901944,0.2096922
2023-12-25,2,Diatoms,0.24054842,0.21849081
2023-12-26,2,Diatoms,0.7410379,0.24253452
2023-12-27,2,Diatoms,1.1543852,0.28007704
2023-12-28,2,Diatoms,0.3860073,0.51330143
2020-10-30,3,Diatoms,2.375431,1.6764656
2020-10-31,3,Diatoms,2.506751,2.0072286
2020-11-01,3,Diatoms,3.0380814,2.4413369
2020-11-02,3,Diatoms,2.8482478,2.50148
2020-11-03,3,Diatoms,2.2271326,1.9746453
2020-11-04,3,Diatoms,2.085131,2.2095783
2020-11-05,3,Diatoms,2.0708182,2.0924122
2020-11-06,3,Diatoms,1.713693,1.5917009
2020-11-07,3,Diatoms,2.1728096,1.6426597
2020-11-08,3,Diatoms,1.2744782,1.6385583
2020-11-09,3,Diatoms,1.0231327,1.7480656
2020-11-10,3,Diatoms,0.7810465,2.2894583
2020-11-11,3,Diatoms,0.89373004,1.248829
2020-11-12,3,Diatoms,1.3485912,1.187616
2020-11-13,3,Diatoms,1.0144191,1.1138196
2020-11-14,3,Diatoms,0.7676627,1.2472669
2020-11-15,3,Diatoms,1.5220684,1.5235192
2020-11-16,3,Diatoms,1.7528968,1.3126186
2020-11-17,3,Diatoms,2.7005594,1.2650945
2020-11-18,3,Diatoms,3.551749,1.6773778
2020-11-19,3,Diatoms,3.5550296,1.9909992
2020-11-20,3,Diatoms,3.5583103,2.297969
2020-11-21,3,Diatoms,3.561591,2.4281428
2020-11-22,3,Diatoms,3.5648715,2.4287438
2020-11-23,3,Diatoms,3.5681524,2.344911
2020-11-24,3,Diatoms,2.877584,2.1701143
2020-11-25,3,Diatoms,2.570984,2.3050065
2020-11-26,3,Diatoms,2.99432,1.9951854
2020-11-27,3,Diatoms,2.3000507,1.5737549
2020-11-28,3,Diatoms,1.9902606,1.7180461
2020-11-29,3,Diatoms,2.121932,2.3587544
2020-11-30,3,Diatoms,1.2250868,1.6598864
2020-12-01,3,Diatoms,0.79758143,1.4571522
2020-12-02,3,Diatoms,0.55146164,1.5344309
2020-12-03,3,Diatoms,0.69141823,1.0144721
2020-12-04,3,Diatoms,0.4592113,0.8865233
2020-12-05,3,Diatoms,0.6877279,0.7803111
2020-12-06,3,Diatoms,0.72069466,0.74562615
2020-12-07,3,Diatoms,0.6629616,0.66839975
2020-12-08,3,Diatoms,0.32433745,0.7087655
2020-12-09,3,Diatoms,0.891803,0.7402289
2020-12-10,3,Diatoms,1.0413541,0.7509241
2020-12-11,3,Diatoms,0.50121653,0.6950271
2020-12-12,3,Diatoms,0.45125997,0.8845484
2020-12-13,3,Diatoms,1.5000796,0.9050053
2020-12-14,3,Diatoms,0.68109983,0.777064
2020-12-15,3,Diatoms,1.1050941,0.8288094
2020-12-16,3,Diatoms,1.0165268,1.3276047
2020-12-17,3,Diatoms,0.82747287,0.7293555
2020-12-18,3,Diatoms,0.79755604,0.9171177
2020-12-19,3,Diatoms,0.92849493,0.9051996
2020-12-20,3,Diatoms,0.91774964,0.82304525
2020-12-21,3,Diatoms,1.0702823,0.8898639
2020-12-22,3,Diatoms,1.129609,0.96407783
2020-12-23,3,Diatoms,1.5725508,0.9812768
2020-12-24,3,Diatoms,1.0803404,1.0311654
2020-12-25,3,Diatoms,1.1264446,1.0601628
2020-12-26,3,Diatoms,1.3128096,1.1957967
2020-12-27,3,Diatoms,1.272882,1.146428
2020-12-28,3,Diatoms,3.3631935,1.3639866
2020-12-29,3,Diatoms,3.1568608,1.6955587
2020-12-30,3,Diatoms,2.9505284,1.9196393
2020-12-31,3,Diatoms,3.1884804,2.9671345
2021-01-01,3,Diatoms,1.9716499,2.4913826
2021-01-02,3,Diatoms,1.4403403,1.8891659
2021-01-03,3,Diatoms,1.1570333,1.5476664
2021-01-04,3,Diatoms,0.9809848,0.9974482
2021-01-05,3,Diatoms,0.84870386,0.8212158
2021-01-06,3,Diatoms,0.7281101,0.7548597
2021-01-07,3,Diatoms,0.2832947,0.63488847
2021-01-08,3,Diatoms,0.31892332,0.5267641
2021-01-09,3,Diatoms,0.18934155,0.47874027
2021-01-10,3,Diatoms,0.38280752,0.38160908
2021-01-11,3,Diatoms,0.20098482,0.32498598
2021-01-12,3,Diatoms,0.08154123,0.30404618
2021-01-13,3,Diatoms,0.30706948,0.33966628
2021-01-14,3,Diatoms,0.6084967,0.3068051
2021-01-15,3,Diatoms,0.8928965,0.32846358
2021-01-16,3,Diatoms,0.62818974,0.3789953
2021-01-17,3,Diatoms,0.10378436,0.48169005
2021-01-18,3,Diatoms,0.0969537,0.5832192
2021-01-19,3,Diatoms,0.4372576,0.5350195
2021-01-20,3,Diatoms,1.0428437,0.43589368
2021-01-21,3,Diatoms,2.229479,0.5100942
2021-01-22,3,Diatoms,2.2929904,0.731572
2021-01-23,3,Diatoms,2.4667873,2.0281847
2021-01-24,3,Diatoms,2.4707308,2.5599775
2021-01-25,3,Diatoms,2.4139535,2.5453556
2021-01-26,3,Diatoms,2.5623229,2.6149955
2021-01-27,3,Diatoms,2.6734154,1.9920734
2021-01-28,3,Diatoms,2.784508,2.3220632
2021-01-29,3,Diatoms,1.4483068,2.0966518
2021-01-30,3,Diatoms,1.1406006,2.1850226
2021-01-31,3,Diatoms,1.6360753,1.8424898
2021-02-01,3,Diatoms,2.0243301,1.2834653
2021-02-02,3,Diatoms,1.9407675,1.7151414
2021-02-03,3,Diatoms,1.9504924,1.8884972
2021-02-04,3,Diatoms,1.640601,2.074173
2021-02-05,3,Diatoms,1.878074,1.7502855
2021-02-06,3,Diatoms,1.893273,1.639532
2021-02-07,3,Diatoms,1.6942288,1.6323079
2021-02-08,3,Diatoms,2.2493556,1.9445502
2021-02-09,3,Diatoms,1.7770494,1.8208784
2021-02-10,3,Diatoms,0.68595654,1.7487764
2021-02-11,3,Diatoms,0.9005503,2.1057196
2021-02-12,3,Diatoms,1.81,1.7786956
2021-02-13,3,Diatoms,2.2021346,1.481689
2021-02-14,3,Diatoms,2.594269,1.5942032
2021-02-15,3,Diatoms,2.9864037,2.0863414
2021-02-16,3,Diatoms,2.702113,2.4908566
2021-02-17,3,Diatoms,2.0566425,2.0573032
2021-02-18,3,Diatoms,1.8688567,1.8962389
2021-02-19,3,Diatoms,1.7543334,1.6432893
2021-02-20,3,Diatoms,0.9000724,1.1838597
2021-02-21,3,Diatoms,0.7629161,1.0837961
2021-02-22,3,Diatoms,0.6538233,1.0906554
2021-02-23,3,Diatoms,0.2735771,0.6218628
2021-02-24,3,Diatoms,0.29733527,0.5549613
2021-02-25,3,Diatoms,0.122311585,0.39665917
2021-02-26,3,Diatoms,0.111385085,0.29081368
2021-02-27,3,Diatoms,0.23341587,0.29397812
2021-02-28,3,Diatoms,0.3779776,0.29049626
2021-03-01,3,Diatoms,0.26025468,0.305942
2021-03-02,3,Diatoms,0.5074762,0.28305528
2021-03-03,3,Diatoms,0.5803401,0.3229949
2021-03-04,3,Diatoms,0.4486614,0.2853531
2021-03-05,3,Diatoms,0.29125902,0.3729357
2021-03-06,3,Diatoms,0.09789437,0.38381025
2021-03-07,3,Diatoms,0.10636036,0.3255006
2021-03-08,3,Diatoms,0.42757422,0.31998003
2021-03-09,3,Diatoms,0.41371924,0.3379209
2021-03-10,3,Diatoms,0.97834295,0.39188415
2021-03-11,3,Diatoms,1.090767,0.7226196
2021-03-12,3,Diatoms,1.6602533,0.998002
2021-03-13,3,Diatoms,2.7790158,1.8265073
2021-03-14,3,Diatoms,1.716657,2.0012476
2021-03-15,3,Diatoms,2.1587698,2.4323688
2021-03-16,3,Diatoms,1.5231838,2.6259458
2021-03-17,3,Diatoms,0.7664399,1.2296445
2021-03-18,3,Diatoms,0.9175977,1.5251827
2021-03-19,3,Diatoms,0.9093126,1.1544654
2021-03-20,3,Diatoms,0.82787263,0.8657995
2021-03-21,3,Diatoms,0.6657453,1.1099007
2021-03-22,3,Diatoms,0.7944718,0.9608208
2021-03-23,3,Diatoms,0.56832004,0.9893255
2021-03-24,3,Diatoms,0.48747098,0.77914315
2021-03-25,3,Diatoms,0.60059506,0.85896814
2021-03-26,3,Diatoms,0.71678,0.737622
2021-03-27,3,Diatoms,0.9423606,0.8124922
2021-03-28,3,Diatoms,1.3365387,0.9401224
2021-03-29,3,Diatoms,3.3529541,1.210817
2021-03-30,3,Diatoms,3.1136181,1.5907044
2021-03-31,3,Diatoms,2.874282,2.141223
2021-04-01,3,Diatoms,2.6349456,2.7895248
2021-04-02,3,Diatoms,1.4991021,2.517663
2021-04-03,3,Diatoms,1.4968718,2.1928341
2021-04-04,3,Diatoms,1.2935481,1.8476086
2021-04-05,3,Diatoms,0.9018379,1.4334763
2021-04-06,3,Diatoms,0.85719246,1.5966499
2021-04-07,3,Diatoms,1.0202751,1.3424729
2021-04-08,3,Diatoms,1.0912663,1.1268321
2021-04-09,3,Diatoms,1.2612445,1.160707
2021-04-10,3,Diatoms,1.278191,1.2610481
2021-04-11,3,Diatoms,1.2684226,1.2144132
2021-04-12,3,Diatoms,0.7582549,1.2736949
2021-04-13,3,Diatoms,1.1454453,1.2935681
2021-04-14,3,Diatoms,2.0011659,1.3665515
2021-04-15,3,Diatoms,1.1257857,1.4928654
2021-04-16,3,Diatoms,0.57763094,1.7279208
2021-04-17,3,Diatoms,0.7711369,2.0492983
2021-04-18,3,Diatoms,2.797393,1.5259831
2021-04-19,3,Diatoms,2.7909703,1.4126045
2021-04-20,3,Diatoms,2.257118,1.987981
2021-04-21,3,Diatoms,1.574142,2.653037
2021-04-22,3,Diatoms,1.2624112,2.2178922
2021-04-23,3,Diatoms,2.9326358,1.8739804
2021-04-24,3,Diatoms,2.0435264,1.6840252
2021-04-25,3,Diatoms,3.5338886,1.9078242
2021-04-26,3,Diatoms,3.7416282,2.627309
2021-04-27,3,Diatoms,3.7256298,2.0502212
2021-04-28,3,Diatoms,2.3611505,2.7258265
2021-04-29,3,Diatoms,1.3832923,2.472139
2021-04-30,3,Diatoms,0.93366134,1.9681917
2021-05-01,3,Diatoms,0.55839366,1.3537852
2021-05-02,3,Diatoms,1.066165,1.0200453
2021-05-03,3,Diatoms,2.7655473,1.0803713
2021-05-04,3,Diatoms,2.1014047,1.481722
2021-05-05,3,Diatoms,1.7055371,1.8370463
2021-05-06,3,Diatoms,1.1249028,2.5201416
2021-05-07,3,Diatoms,1.056713,1.6774098
2021-05-08,3,Diatoms,0.9630414,1.55695
2021-05-09,3,Diatoms,1.7809696,1.5113053
2021-05-10,3,Diatoms,0.9654414,1.5592433
2021-05-11,3,Diatoms,1.2358177,1.8997535
2021-05-12,3,Diatoms,3.711635,2.5087166
2021-05-13,3,Diatoms,3.3949533,1.8496606
2021-05-14,3,Diatoms,3.0782707,2.374503
2021-05-15,3,Diatoms,2.789964,2.8281949
2021-05-16,3,Diatoms,2.2519102,2.518841
2021-05-17,3,Diatoms,1.8629305,1.9355475
2021-05-18,3,Diatoms,2.183372,1.7526568
2021-05-19,3,Diatoms,2.1150978,1.6246287
2021-05-20,3,Diatoms,1.7254342,1.696364
2021-05-21,3,Diatoms,1.5535529,1.9358872
2021-05-22,3,Diatoms,1.9609051,1.6735226
2021-05-23,3,Diatoms,2.031506,1.5994519
2021-05-24,3,Diatoms,2.072858,1.5607324
2021-05-25,3,Diatoms,2.2005935,1.9412408
2021-05-26,3,Diatoms,1.9350218,1.8737965
2021-05-27,3,Diatoms,1.0838495,2.1253266
2021-05-28,3,Diatoms,1.3800538,1.8399817
2021-05-29,3,Diatoms,3.183799,1.7731638
2021-05-30,3,Diatoms,2.7268162,1.8886375
2021-05-31,3,Diatoms,1.4334034,1.9474614
2021-06-01,3,Diatoms,1.6658363,2.4198933
2021-06-02,3,Diatoms,1.4438957,1.9208777
2021-06-03,3,Diatoms,1.0112599,1.4272316
2021-06-04,3,Diatoms,1.4206372,1.584782
2021-06-05,3,Diatoms,1.228291,1.4321829
2021-06-06,3,Diatoms,1.7269298,1.3897618
2021-06-07,3,Diatoms,1.7005137,1.6705183
2021-06-08,3,Diatoms,2.6476555,1.628452
2021-06-09,3,Diatoms,2.045398,1.8715941
2021-06-10,3,Diatoms,1.8383286,1.8854157
2021-06-11,3,Diatoms,1.9921997,2.2156289
2021-06-12,3,Diatoms,2.0134249,2.0013292
2021-06-13,3,Diatoms,1.6290804,1.9381459
2021-06-14,3,Diatoms,3.1700435,2.055692
2021-06-15,3,Diatoms,3.3024917,2.23738
2021-06-16,3,Diatoms,3.4349394,2.052141
2021-06-17,3,Diatoms,3.5673878,2.3784542
2021-06-18,3,Diatoms,3.699836,2.601933
2021-06-19,3,Diatoms,3.8322835,2.6392472
2021-06-20,3,Diatoms,3.964732,2.5213337
2021-06-21,3,Diatoms,2.9807816,2.286465
2021-06-22,3,Diatoms,1.9287239,2.1411653
2021-06-23,3,Diatoms,1.7428799,2.1277115
2021-06-24,3,Diatoms,1.6203545,1.718133
2021-06-25,3,Diatoms,1.6847974,1.4789153
2021-06-26,3,Diatoms,1.3992257,1.4789214
2021-06-27,3,Diatoms,0.4449783,1.377029
2021-06-28,3,Diatoms,0.6800145,1.4664766
2021-06-29,3,Diatoms,1.0097902,1.3105044
2021-06-30,3,Diatoms,1.7874533,1.3355861
2021-07-01,3,Diatoms,1.6671201,1.6674918
2021-07-02,3,Diatoms,2.0350435,1.8020073
2021-07-03,3,Diatoms,2.1230752,1.9939191
2021-07-04,3,Diatoms,2.6323733,2.0350704
2021-07-05,3,Diatoms,3.4875107,2.2454872
2021-07-06,3,Diatoms,3.787234,2.3423576
2021-07-07,3,Diatoms,3.39538,2.061634
2021-07-08,3,Diatoms,2.5858839,2.4081106
2021-07-09,3,Diatoms,1.502587,2.3210547
2021-07-10,3,Diatoms,1.4255829,1.9810334
2021-07-11,3,Diatoms,1.7508472,1.9408371
2021-07-12,3,Diatoms,1.8505718,1.3337729
2021-07-13,3,Diatoms,1.9810565,1.5675272
2021-07-14,3,Diatoms,1.2432224,1.6509402
2021-07-15,3,Diatoms,1.0958611,1.7461582
2021-07-16,3,Diatoms,1.8101519,1.676201
2021-07-17,3,Diatoms,1.3462229,1.4200354
2021-07-18,3,Diatoms,1.037178,1.3349341
2021-07-19,3,Diatoms,1.2159377,1.5481558
2021-07-20,3,Diatoms,1.6290152,1.3110852
2021-07-21,3,Diatoms,1.2851557,1.1652312
2021-07-22,3,Diatoms,1.1834251,1.3339149
2021-07-23,3,Diatoms,1.1390948,1.5671501
2021-07-24,3,Diatoms,3.5395947,1.2658108
2021-07-25,3,Diatoms,2.8445039,1.645869
2021-07-26,3,Diatoms,2.449595,2.2741609
2021-07-27,3,Diatoms,1.6523589,2.741049
2021-07-28,3,Diatoms,1.1892546,2.2200873
2021-07-29,3,Diatoms,1.4342402,1.8263866
2021-07-30,3,Diatoms,2.093664,1.51143
2021-07-31,3,Diatoms,1.7546382,1.3377225
2021-08-01,3,Diatoms,1.878647,1.7070357
2021-08-02,3,Diatoms,1.6647502,1.9079926
2021-08-03,3,Diatoms,1.9846995,1.8378047
2021-08-04,3,Diatoms,1.5800145,2.0133734
2021-08-05,3,Diatoms,1.7049167,1.8923938
2021-08-06,3,Diatoms,1.9504126,1.824185
2021-08-07,3,Diatoms,1.6051414,1.5816034
2021-08-08,3,Diatoms,1.2363642,1.5094333
2021-08-09,3,Diatoms,1.4518682,1.4538597
2021-08-10,3,Diatoms,1.1323589,1.39785
2021-08-11,3,Diatoms,1.3369826,1.3270456
2021-08-12,3,Diatoms,1.7825832,1.4221573
2021-08-13,3,Diatoms,1.5437394,1.3524233
2021-08-14,3,Diatoms,1.2472893,1.371167
2021-08-15,3,Diatoms,1.7801247,1.4941133
2021-08-16,3,Diatoms,2.076942,1.2802202
2021-08-17,3,Diatoms,2.3432388,1.2316815
2021-08-18,3,Diatoms,0.89847255,1.3366519
2021-08-19,3,Diatoms,0.07596541,1.2685181
2021-08-20,3,Diatoms,0.40249383,1.2172916
2021-08-21,3,Diatoms,0.8349361,0.89485794
2021-08-22,3,Diatoms,0.25167596,0.69884443
2021-08-23,3,Diatoms,0.27531648,0.7522353
2021-08-24,3,Diatoms,0.63730323,0.8441734
2021-08-25,3,Diatoms,0.6758798,0.97908896
2021-08-26,3,Diatoms,0.8884359,0.9395252
2021-08-27,3,Diatoms,1.1485218,1.1550598
2021-08-28,3,Diatoms,1.5655612,1.4012039
2021-08-29,3,Diatoms,1.4311731,1.3650519
2021-08-30,3,Diatoms,1.4924402,1.5063252
2021-08-31,3,Diatoms,1.661136,1.5447489
2021-09-01,3,Diatoms,1.5644573,1.4759012
2021-09-02,3,Diatoms,1.5042185,1.4025056
2021-09-03,3,Diatoms,1.3365774,1.4758203
2021-09-04,3,Diatoms,1.3967222,1.4024181
2021-09-05,3,Diatoms,1.4928075,1.3176152
2021-09-06,3,Diatoms,1.3566715,1.1755073
2021-09-07,3,Diatoms,1.2968574,1.2870144
2021-09-08,3,Diatoms,1.142301,1.3021035
2021-09-09,3,Diatoms,1.7800651,1.1582015
2021-09-10,3,Diatoms,1.6764327,1.1051258
2021-09-11,3,Diatoms,1.0366064,1.0073167
2021-09-12,3,Diatoms,1.1923878,1.3744121
2021-09-13,3,Diatoms,1.3866836,1.3150231
2021-09-14,3,Diatoms,1.4921072,1.2181034
2021-09-15,3,Diatoms,1.5616583,1.3299848
2021-09-16,3,Diatoms,1.3013107,1.350761
2021-09-17,3,Diatoms,1.0375091,1.5792366
2021-09-18,3,Diatoms,0.8898914,1.3634816
2021-09-19,3,Diatoms,1.0559305,1.2520839
2021-09-20,3,Diatoms,0.92435914,1.0776104
2021-09-21,3,Diatoms,0.7065894,0.9730006
2021-09-22,3,Diatoms,0.8529471,1.0969515
2021-09-23,3,Diatoms,0.8713406,0.79376805
2021-09-24,3,Diatoms,0.75830555,0.6822192
2021-09-25,3,Diatoms,0.64507604,0.70815575
2021-09-26,3,Diatoms,0.56325126,0.6817482
2021-09-27,3,Diatoms,0.5061839,0.5958764
2021-09-28,3,Diatoms,0.44725558,0.5279588
2021-09-29,3,Diatoms,0.46624187,0.4955229
2021-09-30,3,Diatoms,0.47655323,0.50947076
2021-10-01,3,Diatoms,0.48111513,0.4436214
2021-10-02,3,Diatoms,0.5479639,0.4962705
2021-10-03,3,Diatoms,0.57537013,0.5220252
2021-10-04,3,Diatoms,0.6069845,0.560147
2021-10-05,3,Diatoms,0.6385989,0.52935666
2021-10-06,3,Diatoms,0.67021334,0.55337894
2021-10-07,3,Diatoms,0.7018277,0.5310002
2021-10-08,3,Diatoms,0.7334421,0.4787954
2021-10-09,3,Diatoms,0.76505655,0.5116885
2021-10-10,3,Diatoms,0.796671,0.6078128
2021-10-11,3,Diatoms,0.82828534,0.67656016
2021-10-12,3,Diatoms,0.89406615,0.70056486
2021-10-13,3,Diatoms,0.68187547,0.66432285
2021-10-14,3,Diatoms,0.68567705,0.7664488
2021-10-15,3,Diatoms,0.39866763,0.7489236
2021-10-16,3,Diatoms,0.69015205,0.6477322
2021-10-17,3,Diatoms,1.0050942,0.67787457
2021-10-18,3,Diatoms,0.83579594,0.8102101
2021-10-19,3,Diatoms,0.79785097,0.912021
2021-10-20,3,Diatoms,0.7915702,0.7959517
2021-10-21,3,Diatoms,0.66277134,0.8064634
2021-10-22,3,Diatoms,0.8927352,0.7749341
2021-10-23,3,Diatoms,0.8913893,0.86077756
2021-10-24,3,Diatoms,1.0786686,0.85602576
2021-10-25,3,Diatoms,1.084113,1.0544137
2021-10-26,3,Diatoms,1.3010275,1.0730002
2021-10-27,3,Diatoms,1.9733285,1.1301688
2021-10-28,3,Diatoms,2.4602606,1.2208712
2021-10-29,3,Diatoms,2.9471924,1.4395021
2021-10-30,3,Diatoms,3.4341245,2.0508215
2021-10-31,3,Diatoms,2.537547,2.3000264
2021-11-01,3,Diatoms,2.7887626,2.3084035
2021-11-02,3,Diatoms,2.4122794,2.0587301
2021-11-03,3,Diatoms,2.988835,1.6527618
2021-11-04,3,Diatoms,2.222851,1.8869227
2021-11-05,3,Diatoms,1.5125543,1.86818
2021-11-06,3,Diatoms,1.3082923,2.2001793
2021-11-07,3,Diatoms,1.3879508,1.625354
2021-11-08,3,Diatoms,2.011172,1.146738
2021-11-09,3,Diatoms,1.544508,1.31888
2021-11-10,3,Diatoms,1.2806373,1.4037576
2021-11-11,3,Diatoms,1.221353,1.595957
2021-11-12,3,Diatoms,0.9996886,1.2339861
2021-11-13,3,Diatoms,1.166809,1.2485869
2021-11-14,3,Diatoms,0.9016932,1.0593671
2021-11-15,3,Diatoms,0.82410574,0.93452924
2021-11-16,3,Diatoms,0.9349819,1.0334799
2021-11-17,3,Diatoms,0.94172025,0.8435248
2021-11-18,3,Diatoms,0.92100614,0.8427247
2021-11-19,3,Diatoms,0.8363867,0.9163513
2021-11-20,3,Diatoms,0.9385735,0.9337298
2021-11-21,3,Diatoms,1.2261478,0.9335929
2021-11-22,3,Diatoms,1.0900145,0.863411
2021-11-23,3,Diatoms,0.8594718,0.93975693
2021-11-24,3,Diatoms,0.8197829,1.1891718
2021-11-25,3,Diatoms,0.8982766,1.0899328
2021-11-26,3,Diatoms,0.93438494,0.89251745
2021-11-27,3,Diatoms,1.194602,0.9050367
2021-11-28,3,Diatoms,1.164385,0.9114068
2021-11-29,3,Diatoms,1.408407,0.9701304
2021-11-30,3,Diatoms,1.8194569,1.1762367
2021-12-01,3,Diatoms,2.0956626,1.2530243
2021-12-02,3,Diatoms,1.9123534,1.6187973
2021-12-03,3,Diatoms,1.8349311,1.9425355
2021-12-04,3,Diatoms,1.4541534,1.8949594
2021-12-05,3,Diatoms,1.6142619,1.7964798
2021-12-06,3,Diatoms,1.6233261,1.8676933
2021-12-07,3,Diatoms,1.421165,1.5941019
2021-12-08,3,Diatoms,1.4636773,1.7653326
2021-12-09,3,Diatoms,1.4945264,1.7888355
2021-12-10,3,Diatoms,1.54445,1.6596587
2021-12-11,3,Diatoms,1.5230969,1.7682965
2021-12-12,3,Diatoms,1.6827589,1.7646247
2021-12-13,3,Diatoms,1.7116281,1.8193351
2021-12-14,3,Diatoms,1.9158539,2.0173743
2021-12-15,3,Diatoms,2.0881534,1.9201839
2021-12-16,3,Diatoms,2.3040404,2.043309
2021-12-17,3,Diatoms,1.8070529,2.116642
2021-12-18,3,Diatoms,1.6679001,2.0929747
2021-12-19,3,Diatoms,2.2340477,2.0658681
2021-12-20,3,Diatoms,2.1134007,1.6946405
2021-12-21,3,Diatoms,1.8318379,1.6385567
2021-12-22,3,Diatoms,1.6743126,1.9801925
2021-12-23,3,Diatoms,2.6385167,1.7825588
2021-12-24,3,Diatoms,2.2485156,1.7451247
2021-12-25,3,Diatoms,1.8585145,1.8035628
2021-12-26,3,Diatoms,1.891042,2.2759008
2021-12-27,3,Diatoms,1.4258013,1.9120531
2021-12-28,3,Diatoms,1.448659,1.5914059
2021-12-29,3,Diatoms,1.2661808,1.569149
2021-12-30,3,Diatoms,1.6195441,1.3968858
2021-12-31,3,Diatoms,1.2491754,1.4993565
2022-01-01,3,Diatoms,1.1136975,1.3818642
2022-01-02,3,Diatoms,0.998314,1.7662843
2022-01-03,3,Diatoms,1.1921651,1.5500652
2022-01-04,3,Diatoms,1.7091818,1.6682706
2022-01-05,3,Diatoms,3.6088486,1.6668067
2022-01-06,3,Diatoms,3.1050832,1.9369116
2022-01-07,3,Diatoms,2.601318,2.4869752
2022-01-08,3,Diatoms,3.0840986,2.9626207
2022-01-09,3,Diatoms,2.192433,2.0486557
2022-01-10,3,Diatoms,1.8787844,1.5664952
2022-01-11,3,Diatoms,2.3994572,1.9043431
2022-01-12,3,Diatoms,1.2720188,1.5517102
2022-01-13,3,Diatoms,1.0562301,1.4633839
2022-01-14,3,Diatoms,0.9689428,1.6823453
2022-01-15,3,Diatoms,0.7713965,1.0424765
2022-01-16,3,Diatoms,0.7500796,1.0047002
2022-01-17,3,Diatoms,0.88829833,0.9611459
2022-01-18,3,Diatoms,0.82818246,0.9370072
2022-01-19,3,Diatoms,0.77960896,0.96257204
2022-01-20,3,Diatoms,0.81703836,1.0769796
2022-01-21,3,Diatoms,0.77738595,1.2074387
2022-01-22,3,Diatoms,1.0765026,1.3286889
2022-01-23,3,Diatoms,1.4015352,1.4870105
2022-01-24,3,Diatoms,2.5588784,1.6643071
2022-01-25,3,Diatoms,3.0085673,1.9737022
2022-01-26,3,Diatoms,2.7863743,2.468714
2022-01-27,3,Diatoms,1.4635597,2.5128765
2022-01-28,3,Diatoms,2.8025064,2.27489
2022-01-29,3,Diatoms,1.1110301,2.0253823
2022-01-30,3,Diatoms,1.3425798,1.4893726
2022-01-31,3,Diatoms,1.4695957,1.935772
2022-02-01,3,Diatoms,1.4192059,1.3021659
2022-02-02,3,Diatoms,0.7558678,1.4396094
2022-02-03,3,Diatoms,1.2968768,1.4594141
2022-02-04,3,Diatoms,2.18072,1.4557271
2022-02-05,3,Diatoms,1.774446,1.3188552
2022-02-06,3,Diatoms,1.6449122,1.4558282
2022-02-07,3,Diatoms,1.4180886,1.8082504
2022-02-08,3,Diatoms,2.0166342,1.6358868
2022-02-09,3,Diatoms,1.566981,1.542878
2022-02-10,3,Diatoms,1.6986585,1.5787694
2022-02-11,3,Diatoms,1.348436,1.8156912
2022-02-12,3,Diatoms,1.4852914,1.6712916
2022-02-13,3,Diatoms,1.1732615,1.5978863
2022-02-14,3,Diatoms,0.8223747,1.3697824
2022-02-15,3,Diatoms,0.9416731,1.606774
2022-02-16,3,Diatoms,0.8257638,1.5505555
2022-02-17,3,Diatoms,2.2344718,1.2831863
2022-02-18,3,Diatoms,2.3571997,1.3810021
2022-02-19,3,Diatoms,2.4799278,1.4541992
2022-02-20,3,Diatoms,1.8584225,2.1453614
2022-02-21,3,Diatoms,1.3062419,2.0806258
2022-02-22,3,Diatoms,1.1708182,1.9983356
2022-02-23,3,Diatoms,1.2594694,1.3656517
2022-02-24,3,Diatoms,1.2043629,1.1852334
2022-02-25,3,Diatoms,1.1634104,1.1371567
2022-02-26,3,Diatoms,1.1224579,1.189367
2022-02-27,3,Diatoms,1.0815053,1.2561218
2022-02-28,3,Diatoms,1.0194421,1.3203542
2022-03-01,3,Diatoms,1.0779487,1.4372567
2022-03-02,3,Diatoms,1.3165268,1.4596368
2022-03-03,3,Diatoms,2.2054887,1.4137766
2022-03-04,3,Diatoms,2.7340302,1.4875811
2022-03-05,3,Diatoms,4.0151806,2.0369856
2022-03-06,3,Diatoms,3.2142246,2.7943966
2022-03-07,3,Diatoms,2.413268,2.5731244
2022-03-08,3,Diatoms,1.1411803,2.3337393
2022-03-09,3,Diatoms,0.93422884,1.7552317
2022-03-10,3,Diatoms,0.7968505,1.0763316
2022-03-11,3,Diatoms,1.9635824,0.7153295
2022-03-12,3,Diatoms,3.8723621,0.78553754
2022-03-13,3,Diatoms,3.7886758,1.5884725
2022-03-14,3,Diatoms,3.7049897,3.607094
2022-03-15,3,Diatoms,3.6213036,3.1643832
2022-03-16,3,Diatoms,3.5376167,2.5930843
2022-03-17,3,Diatoms,3.4539306,2.4880178
2022-03-18,3,Diatoms,3.3702443,2.5812085
2022-03-19,3,Diatoms,3.286558,2.5144072
2022-03-20,3,Diatoms,3.8933792,2.3331828
2022-03-21,3,Diatoms,3.6404781,2.2462704
2022-03-22,3,Diatoms,2.820116,2.1339092
2022-03-23,3,Diatoms,1.9487193,2.2981732
2022-03-24,3,Diatoms,1.2148008,1.6017637
2022-03-25,3,Diatoms,0.802643,1.2275068
2022-03-26,3,Diatoms,0.9294931,1.1087009
2022-03-27,3,Diatoms,1.1773057,1.0014026
2022-03-28,3,Diatoms,1.2790086,1.0174011
2022-03-29,3,Diatoms,0.85883504,1.1105099
2022-03-30,3,Diatoms,0.7176298,1.3079612
2022-03-31,3,Diatoms,0.7616727,1.5023491
2022-04-01,3,Diatoms,0.97343975,1.0516723
2022-04-02,3,Diatoms,0.60815275,0.89728075
2022-04-03,3,Diatoms,0.5334395,0.8954196
2022-04-04,3,Diatoms,0.59590155,0.90426916
2022-04-05,3,Diatoms,0.6571332,0.68889153
2022-04-06,3,Diatoms,0.7156345,0.67443097
2022-04-07,3,Diatoms,0.74620116,0.70870614
2022-04-08,3,Diatoms,0.95508325,0.76099753
2022-04-09,3,Diatoms,1.3922431,0.7142917
2022-04-10,3,Diatoms,1.1859667,0.74134964
2022-04-11,3,Diatoms,1.46389,0.9499936
2022-04-12,3,Diatoms,1.5720646,1.3683742
2022-04-13,3,Diatoms,2.5351775,1.2145249
2022-04-14,3,Diatoms,3.772026,1.8915539
2022-04-15,3,Diatoms,2.910514,2.6410656
2022-04-16,3,Diatoms,2.0152194,2.8751876
2022-04-17,3,Diatoms,1.1619052,2.6716135
2022-04-18,3,Diatoms,0.07279764,1.4565761
2022-04-19,3,Diatoms,0.86195654,0.9636529
2022-04-20,3,Diatoms,0.60821867,0.718998
2022-04-21,3,Diatoms,0.63115996,0.6010957
2022-04-22,3,Diatoms,0.9451232,0.7143196
2022-04-23,3,Diatoms,3.9995506,1.2103213
2022-04-24,3,Diatoms,1.921622,1.928381
2022-04-25,3,Diatoms,2.3708055,3.0522382
2022-04-26,3,Diatoms,2.9904463,3.4221597
2022-04-27,3,Diatoms,3.6100872,2.1552312
2022-04-28,3,Diatoms,2.1844156,2.1892061
2022-04-29,3,Diatoms,1.9158579,2.28749
2022-04-30,3,Diatoms,1.5144131,2.1983728
2022-05-01,3,Diatoms,1.066942,1.4374975
2022-05-02,3,Diatoms,0.9111449,1.2240986
2022-05-03,3,Diatoms,0.7083406,0.86554176
2022-05-04,3,Diatoms,0.7547319,0.78995204
2022-05-05,3,Diatoms,1.0172391,0.85318124
2022-05-06,3,Diatoms,2.4381146,1.087644
2022-05-07,3,Diatoms,3.9056737,1.9476238
2022-05-08,3,Diatoms,3.2241905,2.867051
2022-05-09,3,Diatoms,2.5427072,3.1282406
2022-05-10,3,Diatoms,1.8612238,2.446781
2022-05-11,3,Diatoms,1.4573841,1.8455412
2022-05-12,3,Diatoms,1.2311223,1.328704
2022-05-13,3,Diatoms,1.3280072,1.1444912
2022-05-14,3,Diatoms,1.0765942,1.1174942
2022-05-15,3,Diatoms,0.78812456,1.1158409
2022-05-16,3,Diatoms,0.68083215,1.0759919
2022-05-17,3,Diatoms,0.70321506,0.95805836
2022-05-18,3,Diatoms,0.6518202,0.85452855
2022-05-19,3,Diatoms,0.7445803,0.72730964
2022-05-20,3,Diatoms,1.0043664,0.7606568
2022-05-21,3,Diatoms,0.6750544,0.83050215
2022-05-22,3,Diatoms,1.1354203,0.87602675
2022-05-23,3,Diatoms,1.1735673,1.2084662
2022-05-24,3,Diatoms,1.1492542,1.2387688
2022-05-25,3,Diatoms,1.212029,1.1595348
2022-05-26,3,Diatoms,0.94941264,1.0474516
2022-05-27,3,Diatoms,1.0213025,1.053787
2022-05-28,3,Diatoms,0.78524256,0.95309085
2022-05-29,3,Diatoms,0.26985496,0.84763914
2022-05-30,3,Diatoms,0.67634517,0.6292793
2022-05-31,3,Diatoms,0.9414565,0.6197812
2022-06-01,3,Diatoms,0.94965315,0.5794
2022-06-02,3,Diatoms,0.61305296,0.8240015
2022-06-03,3,Diatoms,1.0904568,1.005748
2022-06-04,3,Diatoms,1.3537029,0.9455163
2022-06-05,3,Diatoms,1.0299783,0.72107476
2022-06-06,3,Diatoms,0.5943043,0.63701165
2022-06-07,3,Diatoms,0.4943406,0.5915601
2022-06-08,3,Diatoms,0.04067393,0.49959987
2022-06-09,3,Diatoms,0.07032608,0.4355786
2022-06-10,3,Diatoms,0.16366135,0.39965636
2022-06-11,3,Diatoms,0.18317887,0.34547427
2022-06-12,3,Diatoms,0.6201881,0.32473788
2022-06-13,3,Diatoms,0.32491675,0.30524388
2022-06-14,3,Diatoms,0.0875361,0.28790197
2022-06-15,3,Diatoms,0.00999999,0.3122221
2022-06-16,3,Diatoms,0.070499286,0.30774954
2022-06-17,3,Diatoms,0.31225038,0.29304302
2022-06-18,3,Diatoms,0.2925797,0.29782122
2022-06-19,3,Diatoms,0.31209573,0.30253473
2022-06-20,3,Diatoms,0.18069513,0.28220153
2022-06-21,3,Diatoms,0.2057929,0.28124976
2022-06-22,3,Diatoms,0.41216508,0.29959935
2022-06-23,3,Diatoms,0.12479742,0.30253214
2022-06-24,3,Diatoms,0.16134341,0.33013493
2022-06-25,3,Diatoms,0.5027806,0.37627319
2022-06-26,3,Diatoms,0.67503256,0.37614167
2022-06-27,3,Diatoms,0.65611875,0.42264023
2022-06-28,3,Diatoms,0.6393343,0.5626906
2022-06-29,3,Diatoms,0.77931786,0.5905288
2022-06-30,3,Diatoms,0.70635045,0.6067762
2022-07-01,3,Diatoms,0.6432875,0.64880294
2022-07-02,3,Diatoms,0.84127444,0.6379468
2022-07-03,3,Diatoms,0.65773517,0.6202952
2022-07-04,3,Diatoms,0.673903,0.57745445
2022-07-05,3,Diatoms,0.49931207,0.59043777
2022-07-06,3,Diatoms,0.48018092,0.5387472
2022-07-07,3,Diatoms,0.36509007,0.5035188
2022-07-08,3,Diatoms,0.4210155,0.42744744
2022-07-09,3,Diatoms,0.43833014,0.4456291
2022-07-10,3,Diatoms,0.68257874,0.49220523
2022-07-11,3,Diatoms,0.8123347,0.59479386
2022-07-12,3,Diatoms,0.9596522,0.6154618
2022-07-13,3,Diatoms,1.1758261,0.7872721
2022-07-14,3,Diatoms,1.001128,0.94760877
2022-07-15,3,Diatoms,0.636442,1.0396603
2022-07-16,3,Diatoms,2.5314977,1.1767759
2022-07-17,3,Diatoms,2.491003,1.2941798
2022-07-18,3,Diatoms,2.4505084,1.0583045
2022-07-19,3,Diatoms,1.1627918,1.5502611
2022-07-20,3,Diatoms,1.0163498,1.3936999
2022-07-21,3,Diatoms,0.6194271,1.3664826
2022-07-22,3,Diatoms,0.48063365,0.8836395
2022-07-23,3,Diatoms,0.6871731,0.80040836
2022-07-24,3,Diatoms,1.1602412,0.66661894
2022-07-25,3,Diatoms,0.6668863,0.5592345
2022-07-26,3,Diatoms,0.3436324,0.60822713
2022-07-27,3,Diatoms,0.35722464,0.81153053
2022-07-28,3,Diatoms,0.43895075,0.5398485
2022-07-29,3,Diatoms,0.43487385,0.4546882
2022-07-30,3,Diatoms,0.44030568,0.49848896
2022-07-31,3,Diatoms,0.4457375,0.44423032
2022-08-01,3,Diatoms,0.45116934,0.5150169
2022-08-02,3,Diatoms,0.45660123,0.48914018
2022-08-03,3,Diatoms,0.46203306,0.52720886
2022-08-04,3,Diatoms,0.4674649,0.55293363
2022-08-05,3,Diatoms,0.47289675,0.5549214
2022-08-06,3,Diatoms,0.47832856,0.5483646
2022-08-07,3,Diatoms,0.48376042,0.56462014
2022-08-08,3,Diatoms,0.48919225,0.5421472
2022-08-09,3,Diatoms,0.4946241,0.58251256
2022-08-10,3,Diatoms,0.50005597,0.5841188
2022-08-11,3,Diatoms,0.5054878,0.6024499
2022-08-12,3,Diatoms,0.51091963,0.60343987
2022-08-13,3,Diatoms,0.51635146,0.6168428
2022-08-14,3,Diatoms,0.5217833,0.6488364
2022-08-15,3,Diatoms,0.5272152,0.60425234
2022-08-16,3,Diatoms,0.532647,0.62474877
2022-08-17,3,Diatoms,0.53807884,0.6385393
2022-08-18,3,Diatoms,0.5435107,0.64127743
2022-08-19,3,Diatoms,0.5489425,0.63926166
2022-08-20,3,Diatoms,0.5543744,0.63135165
2022-08-21,3,Diatoms,0.5598062,0.61001843
2022-08-22,3,Diatoms,0.56523806,0.63859826
2022-08-23,3,Diatoms,0.5706699,0.6423759
2022-08-24,3,Diatoms,0.5761018,0.6420114
2022-08-25,3,Diatoms,0.58153355,0.66916806
2022-08-26,3,Diatoms,0.58696544,0.6683087
2022-08-27,3,Diatoms,0.5923973,0.7020845
2022-08-28,3,Diatoms,0.5978291,0.712725
2022-08-29,3,Diatoms,0.60326093,0.7125946
2022-08-30,3,Diatoms,0.6086928,0.72006404
2022-08-31,3,Diatoms,0.61412466,0.74546057
2022-09-01,3,Diatoms,0.6195565,0.74103105
2022-09-02,3,Diatoms,0.6249883,0.73378015
2022-09-03,3,Diatoms,0.63042015,0.7444434
2022-09-04,3,Diatoms,0.63585204,0.7515885
2022-09-05,3,Diatoms,0.64128387,0.7413473
2022-09-06,3,Diatoms,0.6467157,0.78520185
2022-09-07,3,Diatoms,0.65214753,0.8159361
2022-09-08,3,Diatoms,0.65757936,0.8301474
2022-09-09,3,Diatoms,0.66301125,0.85758895
2022-09-10,3,Diatoms,0.6463696,0.85276234
2022-09-11,3,Diatoms,0.7992899,0.85789967
2022-09-12,3,Diatoms,0.9156512,0.8227957
2022-09-13,3,Diatoms,0.9179058,0.85236746
2022-09-14,3,Diatoms,1.2582536,0.9534896
2022-09-15,3,Diatoms,1.2465967,0.9375012
2022-09-16,3,Diatoms,0.8933671,0.9483799
2022-09-17,3,Diatoms,0.69211286,1.132317
2022-09-18,3,Diatoms,1.4530001,1.1428574
2022-09-19,3,Diatoms,1.5097682,0.96656644
2022-09-20,3,Diatoms,0.7957029,0.88186044
2022-09-21,3,Diatoms,0.50666904,1.3220029
2022-09-22,3,Diatoms,0.5787265,1.0459602
2022-09-23,3,Diatoms,0.64563674,0.7421577
2022-09-24,3,Diatoms,1.1064084,0.6802213
2022-09-25,3,Diatoms,0.5949674,0.64133227
2022-09-26,3,Diatoms,0.49298552,0.60416985
2022-09-27,3,Diatoms,0.72891384,0.75744337
2022-09-28,3,Diatoms,0.44895002,0.5441259
2022-09-29,3,Diatoms,0.8703324,0.5333765
2022-09-30,3,Diatoms,1.7480268,0.5780905
2022-10-01,3,Diatoms,0.6184287,0.62127024
2022-10-02,3,Diatoms,0.47368115,0.73280925
2022-10-03,3,Diatoms,0.8446382,0.93103033
2022-10-04,3,Diatoms,0.74377716,0.51416594
2022-10-05,3,Diatoms,0.5391014,0.56931144
2022-10-06,3,Diatoms,0.45168117,0.6786979
2022-10-07,3,Diatoms,0.39461592,0.64830333
2022-10-08,3,Diatoms,0.33,0.6016241
2022-10-09,3,Diatoms,0.4629638,0.56806993
2022-10-10,3,Diatoms,0.6053952,0.59941685
2022-10-11,3,Diatoms,0.75984794,0.59826267
2022-10-12,3,Diatoms,0.66441303,0.7439111
2022-10-13,3,Diatoms,0.686058,0.7344921
2022-10-14,3,Diatoms,0.80112964,0.75191325
2022-10-15,3,Diatoms,0.98522115,0.7048851
2022-10-16,3,Diatoms,1.3000796,0.70140004
2022-10-17,3,Diatoms,0.6061405,0.76274776
2022-10-18,3,Diatoms,0.56499636,0.8406259
2022-10-19,3,Diatoms,0.4368863,0.9509204
2022-10-20,3,Diatoms,0.2988061,0.7081933
2022-10-21,3,Diatoms,0.21184783,0.67784697
2022-10-22,3,Diatoms,0.35266715,0.60055256
2022-10-23,3,Diatoms,0.5553931,0.5361035
2022-10-24,3,Diatoms,0.49552098,0.47677177
2022-10-25,3,Diatoms,0.5343777,0.6009526
2022-10-26,3,Diatoms,0.35753626,0.5455706
2022-10-27,3,Diatoms,0.34656295,0.47990277
2022-10-28,3,Diatoms,0.30460203,0.45658845
2022-10-29,3,Diatoms,0.42416367,0.40254265
2022-10-30,3,Diatoms,0.5319609,0.40717146
2022-10-31,3,Diatoms,0.47380608,0.3943704
2022-11-01,3,Diatoms,0.3335658,0.41253588
2022-11-02,3,Diatoms,0.19973171,0.45891604
2022-11-03,3,Diatoms,0.10726287,0.4141733
2022-11-04,3,Diatoms,0.12773186,0.3779068
2022-11-05,3,Diatoms,0.14397249,0.28661162
2022-11-06,3,Diatoms,0.3727062,0.2596169
2022-11-07,3,Diatoms,0.24949883,0.23089728
2022-11-08,3,Diatoms,0.17052859,0.24112234
2022-11-09,3,Diatoms,0.4395582,0.39932382
2022-11-10,3,Diatoms,0.5821635,0.38073125
2022-11-11,3,Diatoms,1.1037074,0.6863926
2022-11-12,3,Diatoms,1.3362005,0.6847135
2022-11-13,3,Diatoms,1.5686936,0.7771154
2022-11-14,3,Diatoms,1.8011867,1.1757731
2022-11-15,3,Diatoms,1.0413604,1.3650343
2022-11-16,3,Diatoms,0.6664446,1.3251235
2022-11-17,3,Diatoms,0.56459814,1.2460188
2022-11-18,3,Diatoms,0.5269682,0.73073953
2022-11-19,3,Diatoms,0.56615216,0.60525626
2022-11-20,3,Diatoms,0.50482637,0.5611881
2022-11-21,3,Diatoms,0.48349023,0.4933003
2022-11-22,3,Diatoms,0.5621144,0.5335906
2022-11-23,3,Diatoms,0.6525436,0.51669526
2022-11-24,3,Diatoms,0.64795226,0.5059298
2022-11-25,3,Diatoms,0.4058798,0.5327009
2022-11-26,3,Diatoms,0.57193923,0.59113234
2022-11-27,3,Diatoms,0.5968768,0.58020157
2022-11-28,3,Diatoms,0.6506368,0.47724465
2022-11-29,3,Diatoms,0.3529761,0.46227682
2022-11-30,3,Diatoms,0.2664327,0.4091729
2022-12-01,3,Diatoms,0.48696816,0.38565013
2022-12-02,3,Diatoms,0.37245104,0.3038806
2022-12-03,3,Diatoms,0.22664014,0.23592834
2022-12-04,3,Diatoms,0.24682838,0.21691848
2022-12-05,3,Diatoms,0.49799857,0.21565817
2022-12-06,3,Diatoms,0.2150834,0.22514378
2022-12-07,3,Diatoms,0.3077118,0.24415709
2022-12-08,3,Diatoms,0.46886232,0.26306397
2022-12-09,3,Diatoms,0.34040272,0.22267346
2022-12-10,3,Diatoms,0.23150615,0.22234833
2022-12-11,3,Diatoms,0.2485228,0.22426015
2022-12-12,3,Diatoms,0.100224294,0.21519265
2022-12-13,3,Diatoms,0.097241126,0.18151106
2022-12-14,3,Diatoms,0.18076141,0.14820363
2022-12-15,3,Diatoms,0.1364058,0.12198729
2022-12-16,3,Diatoms,0.1688921,0.10142354
2022-12-17,3,Diatoms,0.07955106,0.0939335
2022-12-18,3,Diatoms,0.044279505,0.08599306
2022-12-19,3,Diatoms,0.059782602,0.07687401
2022-12-20,3,Diatoms,0.025749467,0.07281177
2022-12-21,3,Diatoms,0.041604955,0.060988642
2022-12-22,3,Diatoms,0.036862336,0.06842957
2022-12-23,3,Diatoms,0.03179711,0.07289186
2022-12-24,3,Diatoms,0.05029688,0.09082471
2022-12-25,3,Diatoms,0.027907314,0.07676384
2022-12-26,3,Diatoms,0.03900145,0.078080975
2022-12-27,3,Diatoms,0.016070925,0.08550288
2022-12-28,3,Diatoms,0.035910055,0.09784675
2022-12-29,3,Diatoms,0.040795974,0.115104534
2022-12-30,3,Diatoms,0.08236955,0.09101399
2022-12-31,3,Diatoms,0.041826066,0.1231733
2023-01-01,3,Diatoms,0.023299549,0.15283412
2023-01-02,3,Diatoms,0.03492386,0.19075674
2023-01-03,3,Diatoms,0.011443076,0.21025002
2023-01-04,3,Diatoms,1.25147,0.3029185
2023-01-05,3,Diatoms,2.2523189,0.32264036
2023-01-06,3,Diatoms,1.7352643,0.38626972
2023-01-07,3,Diatoms,2.1625798,1.3487623
2023-01-08,3,Diatoms,2.1771433,2.213783
2023-01-09,3,Diatoms,2.191707,1.875366
2023-01-10,3,Diatoms,2.2062707,2.122396
2023-01-11,3,Diatoms,2.2208343,1.9308274
2023-01-12,3,Diatoms,2.2353978,2.002122
2023-01-13,3,Diatoms,2.3978655,1.8668528
2023-01-14,3,Diatoms,1.806136,1.6685061
2023-01-15,3,Diatoms,1.301289,1.5720496
2023-01-16,3,Diatoms,1.0665315,1.8274672
2023-01-17,3,Diatoms,1.3206512,1.1997192
2023-01-18,3,Diatoms,0.77586955,1.0504525
2023-01-19,3,Diatoms,0.52627534,1.0179147
2023-01-20,3,Diatoms,0.7003838,1.1475321
2023-01-21,3,Diatoms,0.82269174,0.8213077
2023-01-22,3,Diatoms,1.4449638,0.6866656
2023-01-23,3,Diatoms,1.8569906,0.6949065
2023-01-24,3,Diatoms,0.7206517,0.68848526
2023-01-25,3,Diatoms,0.3520275,1.0918019
2023-01-26,3,Diatoms,0.39130428,1.0102485
2023-01-27,3,Diatoms,0.3816727,0.5644753
2023-01-28,3,Diatoms,0.17257783,0.49836168
2023-01-29,3,Diatoms,0.62386763,0.49313793
2023-01-30,3,Diatoms,0.45021045,0.4765764
2023-01-31,3,Diatoms,0.3675629,0.38311142
2023-02-01,3,Diatoms,0.26353857,0.5081357
2023-02-02,3,Diatoms,0.23525697,0.42444932
2023-02-03,3,Diatoms,0.72841716,0.52723914
2023-02-04,3,Diatoms,0.77529854,0.61628914
2023-02-05,3,Diatoms,1.6153374,0.8634288
2023-02-06,3,Diatoms,2.327632,1.1764073
2023-02-07,3,Diatoms,2.7446294,1.4751586
2023-02-08,3,Diatoms,2.4849129,2.0694013
2023-02-09,3,Diatoms,1.6499403,2.0275316
2023-02-10,3,Diatoms,1.1325558,2.013144
2023-02-11,3,Diatoms,1.4423522,1.5981109
2023-02-12,3,Diatoms,1.211661,1.1918237
2023-02-13,3,Diatoms,0.8997852,1.0238876
2023-02-14,3,Diatoms,1.3638128,1.0920634
2023-02-15,3,Diatoms,1.0748056,1.0583178
2023-02-16,3,Diatoms,1.0081502,1.0378989
2023-02-17,3,Diatoms,1.0325986,1.1213591
2023-02-18,3,Diatoms,1.1148239,1.0323092
2023-02-19,3,Diatoms,1.0561261,1.0083281
2023-02-20,3,Diatoms,0.93481565,0.9861245
2023-02-21,3,Diatoms,0.6247198,0.9788456
2023-02-22,3,Diatoms,0.54212743,0.93401164
2023-02-23,3,Diatoms,0.6839636,0.8738375
2023-02-24,3,Diatoms,0.4634569,0.73243314
2023-02-25,3,Diatoms,0.56888413,0.669407
2023-02-26,3,Diatoms,0.58474815,0.677427
2023-02-27,3,Diatoms,0.5983531,0.60333943
2023-02-28,3,Diatoms,0.780646,0.60331154
2023-03-01,3,Diatoms,0.6908178,0.60419583
2023-03-02,3,Diatoms,0.48339912,0.5903981
2023-03-03,3,Diatoms,0.6615258,0.66472524
2023-03-04,3,Diatoms,0.6948343,0.61697775
2023-03-05,3,Diatoms,0.67758507,0.5606479
2023-03-06,3,Diatoms,0.63678294,0.5763896
2023-03-07,3,Diatoms,0.52899224,0.55377495
2023-03-08,3,Diatoms,0.2782095,0.5256808
2023-03-09,3,Diatoms,0.2379022,0.4863108
2023-03-10,3,Diatoms,0.24600475,0.44341174
2023-03-11,3,Diatoms,0.22746606,0.36519456
2023-03-12,3,Diatoms,0.148354,0.32741758
2023-03-13,3,Diatoms,0.20024918,0.30533364
2023-03-14,3,Diatoms,0.21559194,0.28521472
2023-03-15,3,Diatoms,0.12942213,0.24078564
2023-03-16,3,Diatoms,0.0686136,0.22842988
2023-03-17,3,Diatoms,0.046203956,0.20401828
2023-03-18,3,Diatoms,0.06911584,0.16800945
2023-03-19,3,Diatoms,0.06594145,0.15907907
2023-03-20,3,Diatoms,0.08989181,0.12773387
2023-03-21,3,Diatoms,0.085748605,0.12209615
2023-03-22,3,Diatoms,0.28884763,0.104289085
2023-03-23,3,Diatoms,0.2221187,0.12655541
2023-03-24,3,Diatoms,0.21892524,0.112418
2023-03-25,3,Diatoms,0.21573174,0.1426878
2023-03-26,3,Diatoms,0.21253829,0.14762864
2023-03-27,3,Diatoms,0.2093448,0.131799
2023-03-28,3,Diatoms,0.20615135,0.13312346
2023-03-29,3,Diatoms,0.20295787,0.17158186
2023-03-30,3,Diatoms,0.19976442,0.176801
2023-03-31,3,Diatoms,0.19657092,0.15560843
2023-04-01,3,Diatoms,0.19337748,0.13106799
2023-04-02,3,Diatoms,0.19018398,0.096691385
2023-04-03,3,Diatoms,0.18699051,0.08577428
2023-04-04,3,Diatoms,0.18379708,0.097017795
2023-04-05,3,Diatoms,0.18060356,0.10833744
2023-04-06,3,Diatoms,0.17741013,0.12493534
2023-04-07,3,Diatoms,0.17421666,0.13167727
2023-04-08,3,Diatoms,0.17102316,0.14841233
2023-04-09,3,Diatoms,0.16782972,0.147124
2023-04-10,3,Diatoms,0.16463624,0.140482
2023-04-11,3,Diatoms,0.16144276,0.1516453
2023-04-12,3,Diatoms,0.1582493,0.1490404
2023-04-13,3,Diatoms,0.15505582,0.1443761
2023-04-14,3,Diatoms,0.15186235,0.12589222
2023-04-15,3,Diatoms,0.1486689,0.113855444
2023-04-16,3,Diatoms,0.14547545,0.09332298
2023-04-17,3,Diatoms,0.14228193,0.11665095
2023-04-18,3,Diatoms,0.13908851,0.123933025
2023-04-19,3,Diatoms,0.135895,0.11047983
2023-04-20,3,Diatoms,0.13270152,0.1216709
2023-04-21,3,Diatoms,0.12950805,0.08112079
2023-04-22,3,Diatoms,0.1263146,0.066279754
2023-04-23,3,Diatoms,0.12312116,0.05845617
2023-04-24,3,Diatoms,0.11992765,0.056191012
2023-04-25,3,Diatoms,0.11673419,0.052603353
2023-04-26,3,Diatoms,0.11354073,0.053375874
2023-04-27,3,Diatoms,0.19252734,0.05263044
2023-04-28,3,Diatoms,0.20898043,0.06094699
2023-04-29,3,Diatoms,0.31545156,0.06576888
2023-04-30,3,Diatoms,0.7253979,0.07305129
2023-05-01,3,Diatoms,0.17739198,0.10825025
2023-05-02,3,Diatoms,0.06145501,0.15069784
2023-05-03,3,Diatoms,0.0011290128,0.20224437
2023-05-04,3,Diatoms,0.013037348,0.14769383
2023-05-05,3,Diatoms,0.001333334,0.13835934
2023-05-06,3,Diatoms,0.0025992414,0.10286674
2023-05-07,3,Diatoms,0.0024023082,0.08786293
2023-05-08,3,Diatoms,0.0022054135,0.069351
2023-05-09,3,Diatoms,0.0020085066,0.050768863
2023-05-10,3,Diatoms,0.0018115873,0.04060667
2023-05-11,3,Diatoms,0.0016146557,0.023143606
2023-05-12,3,Diatoms,0.0014177121,0.011147372
2023-05-13,3,Diatoms,0.0012208071,0.007002463
2023-05-14,3,Diatoms,0.00102389,0.0062067956
2023-05-15,3,Diatoms,0.0008269606,0.02137874
2023-05-16,3,Diatoms,0.00063007005,0.059370082
2023-05-17,3,Diatoms,0.00043311645,0.0870466
2023-05-18,3,Diatoms,0.00023620162,0.09230445
2023-05-19,3,Diatoms,3.9274695e-05,0.10674992
2023-05-20,3,Diatoms,0.014928947,0.09386107
2023-05-21,3,Diatoms,0.00067082915,0.096145704
2023-05-22,3,Diatoms,0.0005596996,0.08693163
2023-05-23,3,Diatoms,0.00044858234,0.09699782
2023-05-24,3,Diatoms,0.00033747742,0.11922623
2023-05-25,3,Diatoms,0.00022638487,0.08903846
2023-05-26,3,Diatoms,0.00011525379,0.07511444
2023-05-27,3,Diatoms,0.058466077,0.06723645
2023-05-28,3,Diatoms,0.19238804,0.080197126
2023-05-29,3,Diatoms,0.20135932,0.107510366
2023-05-30,3,Diatoms,0.16988994,0.14249554
2023-05-31,3,Diatoms,0.45917562,0.24014941
2023-06-01,3,Diatoms,0.64845806,0.29885978
2023-06-02,3,Diatoms,0.4172468,0.2983818
2023-06-03,3,Diatoms,0.54917574,0.35598874
2023-06-04,3,Diatoms,0.28157726,0.366042
2023-06-05,3,Diatoms,0.16293786,0.3143529
2023-06-06,3,Diatoms,0.26643953,0.31219423
2023-06-07,3,Diatoms,0.45171347,0.26634133
2023-06-08,3,Diatoms,0.33858457,0.21864529
2023-06-09,3,Diatoms,0.10163539,0.21188098
2023-06-10,3,Diatoms,0.0039979536,0.25496402
2023-06-11,3,Diatoms,0.0020153343,0.24104133
2023-06-12,3,Diatoms,3.2714524e-05,0.20767169
2023-06-13,3,Diatoms,0.00047412192,0.16593558
2023-06-14,3,Diatoms,0.02020927,0.12504202
2023-06-15,3,Diatoms,0.046250667,0.08006272
2023-06-16,3,Diatoms,1.0186506e-05,0.043274093
2023-06-17,3,Diatoms,0.04055767,0.0433637
2023-06-18,3,Diatoms,0.18069921,0.049902737
2023-06-19,3,Diatoms,0.08742085,0.06757505
2023-06-20,3,Diatoms,0.1564024,0.10637437
2023-06-21,3,Diatoms,0.27892652,0.18577082
2023-06-22,3,Diatoms,0.46939066,0.24660513
2023-06-23,3,Diatoms,0.71619415,0.29609504
2023-06-24,3,Diatoms,0.55189675,0.3356709
2023-06-25,3,Diatoms,0.38463646,0.375805
2023-06-26,3,Diatoms,0.504574,0.42260116
2023-06-27,3,Diatoms,0.6774582,0.37302577
2023-06-28,3,Diatoms,0.32230452,0.34247416
2023-06-29,3,Diatoms,0.30768082,0.38623285
2023-06-30,3,Diatoms,0.2930571,0.40282005
2023-07-01,3,Diatoms,0.2784334,0.37134245
2023-07-02,3,Diatoms,0.26380974,0.36282504
2023-07-03,3,Diatoms,0.24918607,0.31339148
2023-07-04,3,Diatoms,0.23456237,0.27801624
2023-07-05,3,Diatoms,0.21993868,0.25062826
2023-07-06,3,Diatoms,0.20531496,0.23087598
2023-07-07,3,Diatoms,0.19069128,0.23378287
2023-07-08,3,Diatoms,0.17606762,0.22730345
2023-07-09,3,Diatoms,0.16144393,0.18774031
2023-07-10,3,Diatoms,0.14682025,0.1757785
2023-07-11,3,Diatoms,0.13219653,0.16774042
2023-07-12,3,Diatoms,0.117572874,0.15411207
2023-07-13,3,Diatoms,0.10294919,0.13873672
2023-07-14,3,Diatoms,0.088325456,0.11778897
2023-07-15,3,Diatoms,0.07370176,0.09981992
2023-07-16,3,Diatoms,0.059078086,0.08653915
2023-07-17,3,Diatoms,0.04445439,0.067420065
2023-07-18,3,Diatoms,0.029830711,0.044351354
2023-07-19,3,Diatoms,0.015207016,0.030452415
2023-07-20,3,Diatoms,0.0005833085,0.017724399
2023-07-21,3,Diatoms,0.0006266608,0.0068641077
2023-07-22,3,Diatoms,0.000670015,-0.0028144496
2023-07-23,3,Diatoms,0.00071332016,-0.004845256
2023-07-24,3,Diatoms,0.0007566781,0.0027379796
2023-07-25,3,Diatoms,0.000799987,0.036517035
2023-07-26,3,Diatoms,0.0008432978,0.04279922
2023-07-27,3,Diatoms,0.00088666135,0.050648164
2023-07-28,3,Diatoms,0.00092997594,0.05836091
2023-07-29,3,Diatoms,0.00097329234,0.043743927
2023-07-30,3,Diatoms,0.0010166107,0.027830007
2023-07-31,3,Diatoms,0.0010599818,0.018586772
2023-08-01,3,Diatoms,0.0011033037,0.015683012
2023-08-02,3,Diatoms,0.0011466277,0.011691225
2023-08-03,3,Diatoms,0.0011899535,0.0063011535
2023-08-04,3,Diatoms,0.0012332812,0.0028584288
2023-08-05,3,Diatoms,0.0012766108,-0.00055056193
2023-08-06,3,Diatoms,0.0013199422,0.0008801465
2023-08-07,3,Diatoms,0.0013632755,0.0027043258
2023-08-08,3,Diatoms,0.0014066106,0.008992333
2023-08-09,3,Diatoms,0.0014499477,0.014585532
2023-08-10,3,Diatoms,0.0014932866,0.01728314
2023-08-11,3,Diatoms,0.0015365764,0.021622365
2023-08-12,3,Diatoms,0.0015799191,0.017740857
2023-08-13,3,Diatoms,0.0016232637,0.015870828
2023-08-14,3,Diatoms,0.0016666101,0.011039604
2023-08-15,3,Diatoms,0.0017099074,0.0076457937
2023-08-16,3,Diatoms,0.0017532577,0.005987514
2023-08-17,3,Diatoms,0.0009180655,0.0074261473
2023-08-18,3,Diatoms,0.00088487996,0.0073619583
2023-08-19,3,Diatoms,0.00085169554,0.010363587
2023-08-20,3,Diatoms,0.0008184613,0.0070497803
2023-08-21,3,Diatoms,0.0007852791,0.0041098734
2023-08-22,3,Diatoms,0.0007520979,0.003148086
2023-08-23,3,Diatoms,0.00071891793,0.00081642554
2023-08-24,3,Diatoms,0.0006856881,0.0005861579
2023-08-25,3,Diatoms,0.00065251027,0.0012794111
2023-08-26,3,Diatoms,0.0006193335,0.00090030197
2023-08-27,3,Diatoms,0.000586107,0.0020003028
2023-08-28,3,Diatoms,0.00055293244,0.0053442707
2023-08-29,3,Diatoms,0.00051970815,0.006464919
2023-08-30,3,Diatoms,0.00048653584,0.0107685365
2023-08-31,3,Diatoms,0.0004533646,0.015005903
2023-09-01,3,Diatoms,0.0004201436,0.02647216
2023-09-02,3,Diatoms,0.00038697457,0.028186219
2023-09-03,3,Diatoms,0.00035375578,0.04057651
2023-09-04,3,Diatoms,0.00032053806,0.037715226
2023-09-05,3,Diatoms,0.00028737236,0.04179195
2023-09-06,3,Diatoms,0.00025415685,0.03151964
2023-09-07,3,Diatoms,0.00022099333,0.027399048
2023-09-08,3,Diatoms,0.00018778004,0.04129874
2023-09-09,3,Diatoms,0.00015456785,0.056119636
2023-09-10,3,Diatoms,0.00012140763,0.06593604
2023-09-11,3,Diatoms,8.819765e-05,0.07714364
2023-09-12,3,Diatoms,5.4988774e-05,0.08253783
2023-09-13,3,Diatoms,0.006004396,0.09779461
2023-09-14,3,Diatoms,0.058510374,0.11711826
2023-09-15,3,Diatoms,0.08269159,0.13979657
2023-09-16,3,Diatoms,0.08045972,0.14237057
2023-09-17,3,Diatoms,0.063173585,0.13797012
2023-09-18,3,Diatoms,0.051945228,0.13669477
2023-09-19,3,Diatoms,0.032293275,0.11462276
2023-09-20,3,Diatoms,0.027173372,0.09377987
2023-09-21,3,Diatoms,0.0074045286,0.072875924
2023-09-22,3,Diatoms,0.0032023643,0.06362983
2023-09-23,3,Diatoms,0.021175211,0.06502967
2023-09-24,3,Diatoms,0.014343121,0.06727998
2023-09-25,3,Diatoms,0.00751109,0.06459985
2023-09-26,3,Diatoms,0.0006790219,0.055724002
2023-09-27,3,Diatoms,0.00043560928,0.046261147
2023-09-28,3,Diatoms,0.00037298488,0.0368635
2023-09-29,3,Diatoms,0.0003104153,0.036896612
2023-09-30,3,Diatoms,0.00024779874,0.0366232
2023-10-01,3,Diatoms,0.00018518609,0.040819738
2023-10-02,3,Diatoms,0.0006172982,0.03527137
2023-10-03,3,Diatoms,9.26222e-05,0.042007484
2023-10-04,3,Diatoms,7.3500174e-05,0.06115127
2023-10-05,3,Diatoms,0.0038750195,0.065585166
2023-10-06,3,Diatoms,0.0032905224,0.08489794
2023-10-07,3,Diatoms,0.03362907,0.102812566
2023-10-08,3,Diatoms,0.004810269,0.09023832
2023-10-09,3,Diatoms,0.09438458,0.078894086
2023-10-10,3,Diatoms,0.07221674,0.07293207
2023-10-11,3,Diatoms,0.26860738,0.069560274
2023-10-12,3,Diatoms,0.20792258,0.083731405
2023-10-13,3,Diatoms,0.324627,0.1455714
2023-10-14,3,Diatoms,0.7646221,0.23360208
2023-10-15,3,Diatoms,1.1357886,0.31500554
2023-10-16,3,Diatoms,0.80728596,0.4303074
2023-10-17,3,Diatoms,0.6686876,0.638225
2023-10-18,3,Diatoms,0.8290776,0.70636076
2023-10-19,3,Diatoms,0.831133,0.5990543
2023-10-20,3,Diatoms,0.9008971,0.5691045
2023-10-21,3,Diatoms,0.52625555,0.6077006
2023-10-22,3,Diatoms,0.4897043,0.57292664
2023-10-23,3,Diatoms,0.39428222,0.5801732
2023-10-24,3,Diatoms,0.4919137,0.50835216
2023-10-25,3,Diatoms,1.2589972,0.49648663
2023-10-26,3,Diatoms,1.105689,0.48912856
2023-10-27,3,Diatoms,1.0713496,0.5268646
2023-10-28,3,Diatoms,0.5257695,0.6432744
2023-10-29,3,Diatoms,0.43992317,0.55902916
2023-10-30,3,Diatoms,0.5266566,0.55990225
2023-10-31,3,Diatoms,0.6161855,0.4400982
2023-11-01,3,Diatoms,0.81251514,0.4142148
2023-11-02,3,Diatoms,0.6718127,0.41816452
2023-11-03,3,Diatoms,0.5765434,0.4063479
2023-11-04,3,Diatoms,0.22319983,0.43291724
2023-11-05,3,Diatoms,0.42413625,0.4198202
2023-11-06,3,Diatoms,0.2567922,0.43346012
2023-11-07,3,Diatoms,0.2520239,0.31560597
2023-11-08,3,Diatoms,0.00043097974,0.33884087
2023-11-09,3,Diatoms,0.10984439,0.34247223
2023-11-10,3,Diatoms,0.5124347,0.31694296
2023-11-11,3,Diatoms,0.33647197,0.2565481
2023-11-12,3,Diatoms,0.66706467,0.2787538
2023-11-13,3,Diatoms,0.15867805,0.33391097
2023-11-14,3,Diatoms,0.10581617,0.31140968
2023-11-15,3,Diatoms,0.052954283,0.39323655
2023-11-16,3,Diatoms,9.241877e-05,0.26693603
2023-11-17,3,Diatoms,0.009337859,0.24837506
2023-11-18,3,Diatoms,0.19977601,0.21449654
2023-11-19,3,Diatoms,0.12343549,0.16453391
2023-11-20,3,Diatoms,0.3071771,0.1433463
2023-11-21,3,Diatoms,0.13698463,0.21108417
2023-11-22,3,Diatoms,0.2949094,0.22584848
2023-11-23,3,Diatoms,1.0000529,0.33704904
2023-11-24,3,Diatoms,0.5650807,0.2850192
2023-11-25,3,Diatoms,0.28637102,0.31679195
2023-11-26,3,Diatoms,0.13317768,0.5531456
2023-11-27,3,Diatoms,0.15024103,0.43775198
2023-11-28,3,Diatoms,0.118733004,0.37264886
2023-11-29,3,Diatoms,0.313295,0.3323331
2023-11-30,3,Diatoms,1.2121061,0.32340956
2023-12-01,3,Diatoms,0.71811897,0.31481484
2023-12-02,3,Diatoms,0.42667028,0.34125325
2023-12-03,3,Diatoms,0.36823797,0.6772997
2023-12-04,3,Diatoms,0.28726888,0.42860308
2023-12-05,3,Diatoms,0.40296897,0.38668874
2023-12-06,3,Diatoms,0.48180538,0.36248046
2023-12-07,3,Diatoms,0.4798209,0.31803706
2023-12-08,3,Diatoms,0.22574307,0.36953405
2023-12-09,3,Diatoms,0.6053398,0.3924582
2023-12-10,3,Diatoms,0.51656085,0.36488417
2023-12-11,3,Diatoms,1.0550815,0.33798915
2023-12-12,3,Diatoms,1.6915069,0.50847024
2023-12-13,3,Diatoms,1.3574413,0.4599596
2023-12-14,3,Diatoms,0.80911356,0.7088632
2023-12-15,3,Diatoms,0.470075,0.92549497
2023-12-16,3,Diatoms,0.33258235,0.6187754
2023-12-17,3,Diatoms,0.0006089024,0.45535251
2023-12-18,3,Diatoms,0.014664732,0.43887854
2023-12-19,3,Diatoms,0.17325234,0.33860713
2023-12-20,3,Diatoms,0.022111505,0.25810212
2023-12-21,3,Diatoms,0.01028164,0.2198689
2023-12-22,3,Diatoms,0.19714954,0.23263106
2023-12-23,3,Diatoms,0.18888706,0.19178264
2023-12-24,3,Diatoms,0.17901944,0.18708728
2023-12-25,3,Diatoms,0.24054842,0.23275769
2023-12-26,3,Diatoms,0.7410379,0.25002053
2023-12-27,3,Diatoms,1.1543852,0.28118792
2023-12-28,3,Diatoms,0.3860073,0.32514173
2023-12-29,3,Diatoms,0.17713276,0.5644935
